Directorio|Secuencia_p|Secuencia_encuesta|Orden|Fex_c|llave_hogar|P36|P36S1|P6007|P6007S1|P543|P544S1|P544S2|P544S3|P544S4|P544S5|P544S6|P544S7|P544S8|P544S9|P545|P546|P547
3469422|1|1|1|2984.9232373|34694221|2||2||1|1|2|2|2|2|2|2|2||1||800000
3469423|1|1|1|3410.565749|34694231|2||2||1|1|2|2|2|2|2|2|2||1||3000000
3469424|1|1|1|3051.8395807|34694241|2||2||1|1|2|2|2|2|2|2|2||1||1500000
3469425|1|1|1|3223.1809037|34694251|2||2||1|1|2|2|2|2|2|2|2||1||2000000
3469426|1|1|1|4211.4611476|34694261|2||2||1|1|2|2|2|2|2|2|2||1||3500000
3469427|1|1|1|1865.6779697|34694271|2||2||1|1|2|2|2|2|2|2|2||1||1500000
3469428|1|1|1|3608.8716302|34694281|2||2||1|1|2|2|2|2|2|2|2||1||1800000
3469429|1|1|1|2236.2252474|34694291|2||2||1|1|2|2|2|2|2|2|2||1||3000000
3469430|1|1|1|2594.9514157|34694301|2||2||1|1|2|2|2|2|2|2|2||1||3000000
3469431|1|1|1|2874.5877031|34694311|2||2||1|1|2|2|2|2|2|2|2||1||1500000
3469432|1|1|1|5609.747501|34694321|2||2||1|1|2|2|2|2|2|2|1||1||1500000
3469433|1|1|1|3223.1809037|34694331|2||2||1|1|2|2|2|2|2|2|2||1||1500000
3469434|1|1|1|4817.7365586|34694341|2||2||1|1|2|2|2|2|2|2|2||1||2100000
3469436|1|1|1|2048.5699819|34694361|2||2||1|1|2|2|2|2|2|2|2||1||4000000
3469437|1|1|1|2967.4013973|34694371|2||2||1|1|2|2|2|2|2|2|2||1||2500000
3469438|1|1|1|2530.286374|34694381|2||2||1|1|2|2|2|2|2|2|1||1||2000000
3469439|1|1|1|3218.7459559|34694391|2||2||1|2|2|1|2|2|2|2|2||3||3000000
3469440|1|1|1|2734.4401684|34694401|2||2||1|2|2|1|2|2|2|2|2||3||3000000
3469441|1|1|1|2757.5555769|34694411|2||2||1|1|2|2|2|2|2|2|2||1||3000000
3469442|1|1|1|3281.0481693|34694421|2||2||1|1|2|2|2|2|2|2|2||1||3500000
3469443|1|1|1|2805.0238031|34694431|2||2||1|1|2|2|2|2|2|2|2||1||2500000
3469444|1|1|1|2716.6438297|34694441|2||2||1|1|2|2|2|2|2|2|2||1||4500000
3469445|1|1|1|3726.3997609|34694451|2||2||1|1|2|2|2|2|2|2|2||1||3500000
3469446|1|1|1|4077.4950946|34694461|2||2||1|1|2|1|2|2|2|2|2||3||2600000
3469447|1|1|1|2674.6994899|34694471|2||2||1|2|2|1|2|2|2|2|2||3||4000000
3469449|1|1|1|3199.5072601|34694491|2||2||1|1|2|2|2|2|2|2|2||1||4000000
3469450|1|1|1|2810.4189211|34694501|2||2||1|1|2|1|2|2|2|2|2||1||99
3469451|1|1|1|2700.1960711|34694511|2||2||1|1|2|1|2|2|2|2|2||1||99
3469452|1|1|1|2982.4407939|34694521|2||2||1|1|2|2|2|2|2|2|2||1||3000000
3469453|1|1|1|2872.8440039|34694531|2||2||1|1|2|2|2|2|2|2|2||1||3000000
3469454|1|1|1|5639.5843639|34694541|2||2||1|1|2|2|2|2|2|2|2||1||8000000
3469455|1|1|1|3091.2993412|34694551|2||2||1|1|2|2|2|2|2|2|2||1||1000000
3469456|1|1|1|2700.3702665|34694561|2||2||1|1|2|2|2|2|2|2|2||1||1300000
3469457|1|1|1|2261.6534449|34694571|2||2||1|1|2|2|2|2|2|2|2||1||2600000
3469458|1|1|1|2663.3456776|34694581|2||2||1|1|2|2|2|2|2|2|2||1||2300000
3469459|1|1|1|2594.6702512|34694591|2||2||1|1|2|2|2|2|2|2|2||1||1500000
3469460|1|1|1|2891.4696422|34694601|2||2||1|1|2|2|2|2|2|2|2||1||2000000
3469461|1|1|1|3417.8773591|34694611|2||2||1|1|2|2|1|2|2|2|2||1||1400000
3469462|1|1|1|3252.2563416|34694621|2||2||1|1|2|1|2|2|2|2|2||1||3000000
3469463|1|1|1|3252.2563416|34694631|2||2||1|1|2|2|2|2|2|2|2||1||1500000
3469464|1|1|1|2709.8891149|34694641|2||2||2|1|2|2|2|2|2|2|2||1||2800000
3469465|1|1|1|3157.7696108|34694651|2||2||1|1|2|2|2|2|2|2|2||1||1300000
3469466|1|1|1|2841.7072234|34694661|2||2||1|2|2|1|2|2|2|2|2||3||1900000
3469467|1|1|1|3257.3245401|34694671|2||2||1|1|2|2|2|2|2|2|2||1||2000000
3469469|1|1|1|2755.6707994|34694691|2||2||1|1|2|2|2|2|2|2|2||1||3000000
3469470|1|1|1|3295.9694644|34694701|2||2||1|1|2|2|2|2|2|2|2||1||2500000
3469471|1|1|1|2736.6655658|34694711|2||1|1|1|1|2|2|2|2|2|2|2||1||3000000
3469472|1|1|1|3936.331938|34694721|2||2||1|1|2|2|2|2|2|2|2||1||3000000
3469474|1|1|1|2736.6655658|34694741|2||2||1|1|2|2|2|2|2|2|2||1||3000000
3469475|1|1|1|1944.910486|34694751|2||2||1|1|2|2|2|2|2|2|2||1||3000000
3469476|1|1|1|3083.8070925|34694761|2||2||1|1|2|2|2|2|2|2|2||1||2600000
3469477|1|1|1|3578.4107529|34694771|2||2||1|1|2|1|2|2|2|2|2||1||5000000
3469478|1|1|1|2025.1011887|34694781|2||2||1|1|2|2|2|2|2|2|2||1||2500000
3469479|1|1|1|2193.7846116|34694791|2||1|3|1|2|2|2|2|2|2|2|1||8||1800000
3469480|1|1|1|2259.8740898|34694801|2||2||1|1|2|2|2|2|2|2|2||1||2600000
3469481|1|1|1|2442.2099214|34694811|2||2||1|2|2|1|2|2|2|2|2||3||4000000
3469482|1|1|1|2246.7475715|34694821|2||2||1|2|2|1|2|2|2|2|2||3||99
3469483|1|1|1|2887.8843567|34694831|2||2||1|1|2|2|2|2|2|2|2||1||5000000
3469484|1|1|1|1241.9165693|34694841|2||2||1|1|2|2|2|2|2|2|2||1||6000000
3469485|1|1|1|2692.4220068|34694851|1|1|2||1|1|2|2|2|2|2|2|2||1||8000000
3469486|1|1|1|2832.610362|34694861|2||2||1|1|2|2|2|2|2|2|2||1||6000000
3469487|1|1|1|1461.8143267|34694871|2||2||1|1|2|2|2|2|2|2|2||1||3200000
3469488|1|1|1|1461.8143267|34694881|2||2||1|1|2|2|2|2|2|2|2||1||8000000
3469489|1|1|1|2042.1438319|34694891|2||2||1|1|2|2|2|2|2|2|2||1||3900000
3469490|1|1|1|2783.6114076|34694901|2||2||1|1|2|2|2|2|2|2|2||1||3000000
3469492|1|1|1|2774.3996188|34694921|2||2||1|2|2|1|2|2|2|2|1||3||2000000
3469493|1|1|1|2613.2615482|34694931|2||2||1|1|2|2|2|2|2|2|2||1||6000000
3469494|1|1|1|3068.8513184|34694941|2||2||1|1|2|1|2|2|2|2|2||1||8000000
3469495|1|1|1|2203.2819024|34694951|2||2||2|1|2|2|2|2|2|2|2||1||4500000
3469496|1|1|1|2944.7494782|34694961|2||2||1|1|2|2|2|2|2|2|2||1||99
3469497|1|1|1|2782.3784881|34694971|2||2||1|1|1|2|2|2|2|2|2||1||12000000
3469498|1|1|1|2178.2226945|34694981|1|1|2||1|1|2|1|2|2|2|2|2||1||25000000
3469500|1|1|1|2097.9786696|34695001|2||2||1|1|2|2|2|2|2|2|2||1||99
3469501|1|1|1|2170.8532635|34695011|2||2||1|2|2|1|2|2|2|1|2||3||14000000
3469502|1|1|1|2306.4454178|34695021|2||2||1|1|2|2|2|2|2|2|2||1||7000000
3469503|1|1|1|1762.625522|34695031|2||2||1|1|2|2|2|2|2|2|2||1||12000000
3469504|1|1|1|2097.9786696|34695041|2||2||1|1|2|2|2|2|2|1|2||1||15000000
3469505|1|1|1|3220.6254099|34695051|2||2||1|1|2|2|2|2|2|2|2||1||9000000
3469506|1|1|1|1607.2013488|34695061|2||2||1|1|2|2|2|2|2|2|2||1||4000000
3469507|1|1|1|1403.9298841|34695071|2||2||1|1|2|2|2|2|2|2|2||1||3000000
3469508|1|1|1|1427.2100026|34695081|2||1|1|1|1|2|2|2|2|2|2|1||1||3000000
3469509|1|1|1|945.2059175|34695091|2||2||1|1|2|2|2|2|2|2|2||1||3000000
3469510|1|1|1|1598.4970542|34695101|2||2||1|2|2|2|2|2|2|2|1||8||2000000
3469511|1|1|1|1598.4970542|34695111|2||2||1|2|2|1|2|2|2|2|1||3||3000000
3469512|1|1|1|792.22483747|34695121|2||2||1|1|1|2|2|2|2|2|2||1||1600000
3469513|1|1|1|666.37945412|34695131|2||2||1|1|2|2|2|2|2|2|2||1||1100000
3469514|1|1|1|992.64355051|34695141|2||2||1|1|2|2|2|2|2|2|2||1||1300000
3469515|1|1|1|1418.3906406|34695151|2||2||1|1|2|1|2|2|2|2|2||1||3300000
3469516|1|1|1|1764.640151|34695161|2||2||1|1|2|2|2|2|2|2|2||1||2000000
3469517|1|1|1|1511.6585948|34695171|2||2||1|1|2|2|2|2|2|2|2||1||1200000
3469518|1|1|1|2545.5365445|34695181|2||2||1|1|2|2|2|2|2|2|2||1||1000000
3469518|1|2|2|2545.5365445|34695182|2||2||1|1|2|2|2|2|2|2|1||1||1100000
3469519|1|1|1|1764.640151|34695191|2||2||1|1|2|2|2|2|2|2|2||1||98
3469520|1|1|1|1080.7628577|34695201|2||2||1|1|2|2|2|2|2|2|2||1||2600000
3469521|1|1|1|1566.3592047|34695211|2||2||1|1|2|2|2|2|2|2|2||1||3500000
3469522|1|1|1|1612.2108037|34695221|2||2||1|1|2|2|2|2|2|2|2||1||2000000
3469523|1|1|1|1033.7337774|34695231|2||2||1|1|2|2|2|2|2|2|2||1||4000000
3469524|1|1|1|1008.7233775|34695241|2||2||1|1|2|2|2|2|2|2|2||1||1200000
3469525|1|1|1|853.96982508|34695251|2||2||2|1|2|2|2|2|2|2|2||1||1200000
3469526|1|1|1|1113.6618642|34695261|2||2||1|1|2|2|2|2|2|2|2||1||1800000
3469527|1|1|1|869.49177794|34695271|2||2||1|1|1|2|2|2|2|2|2||1||3000000
3469528|1|1|1|1114.6492028|34695281|2||2||1|1|1|2|2|2|2|2|2||1||900000
3469529|1|1|1|1796.1859053|34695291|2||2||1|1|2|2|2|2|2|2|2||1||1800000
3469530|1|1|1|961.81611106|34695301|2||2||1|1|2|2|2|2|2|2|2||1||1100000
3469531|1|1|1|1442.2815111|34695311|2||2||1|2|2|2|2|2|2|2|1||8||900000
3469533|1|1|1|1479.7170939|34695331|2||2||1|1|2|2|2|2|2|2|2||1||600000
3469534|1|1|1|1889.6142348|34695341|2||2||1|1|2|2|2|2|2|2|2||1||1200000
3469535|1|1|1|1479.7170939|34695351|2||2||1|1|2|2|2|2|2|2|2||1||1100000
3469536|1|1|1|1796.1540311|34695361|2||2||1|1|2|2|2|2|2|2|2||1||1600000
3469537|1|1|1|1551.8821192|34695371|2||2||1|2|2|2|2|2|2|2|1||8||900000
3469538|1|1|1|1496.7507616|34695381|2||2||1|1|1|2|2|2|2|2|2||1||1800000
3469539|1|1|1|2221.8491873|34695391|2||2||1|2|2|2|2|2|2|2|1||8||1000000
3469540|1|1|1|953.92045349|34695401|2||2||1|1|2|2|2|2|2|2|2||1||1500000
3469541|1|1|1|2269.615927|34695411|2||2||1|1|2|2|2|2|2|2|2||1||2600000
3469542|1|1|1|666.37945412|34695421|2||2||1|1|2|2|2|2|2|2|2||1||2000000
3469543|1|1|1|2476.5083098|34695431|2||2||1|1|2|2|2|2|2|2|2||1||1300000
3469544|1|1|1|988.54953431|34695441|2||2||1|1|2|2|2|2|2|2|2||1||1000000
3469545|1|1|1|521.51435539|34695451|2||2||1|1|2|1|2|2|2|2|2||1||1800000
3469546|1|1|1|2067.7656629|34695461|2||2||1|1|1|2|2|2|2|2|2||1||2700000
3469547|1|1|1|1452.7123366|34695471|2||2||1|1|2|2|2|2|2|2|1||1||1300000
3469548|1|1|1|1480.9144236|34695481|2||2||2|1|2|2|2|2|2|2|2||1||1300000
3469549|1|1|1|548.56087608|34695491|2||2||1|1|1|2|2|2|2|2|2||1||1800000
3469550|1|1|1|1554.7042013|34695501|2||2||2|1|2|2|2|2|2|2|2||1||1300000
3469551|1|1|1|521.51435539|34695511|2||2||1|1|2|2|2|2|2|2|2||1||1400000
3469552|1|1|1|521.51435539|34695521|2||2||1|1|2|2|2|2|2|2|2||1||1800000
3469553|1|1|1|814.73811256|34695531|2||2||1|1|2|2|2|2|2|2|2||1||1300000
3469554|1|1|1|1239.4631353|34695541|2||2||1|1|2|2|2|2|2|2|2||1||1300000
3469555|1|1|1|856.01283435|34695551|2||2||1|1|1|2|2|2|2|2|2||1||1800000
3469556|1|1|1|2194.7258226|34695561|2||2||1|1|2|2|2|2|2|2|2||1||1000000
3469557|1|1|1|1886.9075984|34695571|2||2||1|1|2|1|2|2|2|2|2||1||1700000
3469558|1|1|1|2192.7964285|34695581|2||2||1|1|2|2|2|2|2|2|2||1||4400000
3469559|1|1|1|680.4005059|34695591|2||2||1|1|1|2|2|2|2|2|2||1||1600000
3469560|1|1|1|1214.9769466|34695601|2||2||2|1|2|2|2|2|2|2|2||1||2600000
3469561|1|1|1|1050.1406444|34695611|2||2||1|1|1|2|2|2|2|2|2||1||1300000
3469562|1|1|1|1450.9199523|34695621|2||2||1|1|2|2|2|2|2|2|2||1||1000000
3469563|1|1|1|1460.2143752|34695631|2||2||1|2|2|1|2|2|2|2|2||3||2000000
3469564|1|1|1|1460.2143752|34695641|2||2||1|2|2|1|2|2|2|2|2||3||1600000
3469565|1|1|1|3010.4377496|34695651|2||2||1|1|2|2|2|2|2|2|1||8||1500000
3469566|1|1|1|1389.5320152|34695661|2||2||1|1|2|2|2|2|2|2|2||1||98
3469567|1|1|1|965.59356152|34695671|2||2||1|1|2|2|2|2|2|2|2||1||98
3469568|1|1|1|1064.5754318|34695681|2||2||1|1|2|2|2|2|2|2|2||1||4000000
3469569|1|1|1|1058.6531355|34695691|2||2||2|1|2|2|2|2|2|2|2||1||3000000
3469570|1|1|1|751.92980696|34695701|2||2||1|1|2|2|2|2|2|2|2||1||1300000
3469571|1|1|1|750.24261453|34695711|2||2||1|1|2|2|2|2|2|2|2||1||1800000
3469572|1|1|1|1062.4578799|34695721|2||2||1|1|2|2|2|2|2|2|2||1||1600000
3469573|1|1|1|844.98938096|34695731|2||2||1|1|2|2|2|2|2|2|2||1||1400000
3469574|1|1|1|843.30218853|34695741|2||2||1|1|2|2|2|2|2|2|2||1||98
3469575|1|1|1|1440.0734873|34695751|2||2||1|1|2|2|2|2|2|2|2||1||98
3469576|1|1|1|969.59742235|34695761|2||2||1|1|2|2|2|2|2|2|2||1||2000000
3469577|1|1|1|1373.1077441|34695771|2||2||1|1|2|2|2|2|2|2|2||1||1000000
3469578|1|1|1|2180.2243484|34695781|2||2||1|1|2|2|2|2|2|2|2||1||1500000
3469579|1|1|1|2404.2226523|34695791|2||2||1|1|2|2|2|2|2|2|2||1||1300000
3469580|1|1|1|1376.548766|34695801|2||2||1|1|2|2|2|2|2|2|2||1||3000000
3469581|1|1|1|2091.0528475|34695811|2||2||2|1|2|2|2|2|2|2|2||1||2600000
3469582|1|1|1|2768.7814451|34695821|2||2||1|1|2|2|2|2|2|2|2||1||2600000
3469583|1|1|1|1810.8149896|34695831|2||2||1|1|2|2|2|2|2|2|2||1||900000
3469584|1|1|1|2850.0195996|34695841|2||2||1|1|2|2|2|2|2|2|2||1||2500000
3469585|1|1|1|2850.0195996|34695851|2||2||1|1|2|2|2|2|2|2|2||1||2600000
3469586|1|1|1|2850.0195996|34695861|1|1|2||1|1|2|2|2|2|2|2|2||1||5000000
3469587|1|1|1|6284.9487069|34695871|2||2||1|2|2|1|2|2|2|2|2||3||1300000
3469588|1|1|1|19759.533702|34695881|2||2||1|1|2|2|2|2|2|2|2||1||1300000
3469589|1|1|1|12112.583298|34695891|2||2||1|1|2|2|2|2|2|2|2||1||1300000
3469590|1|1|1|12112.583298|34695901|2||2||1|1|2|2|2|2|2|2|2||1||800000
3469591|1|1|1|3028.1458246|34695911|2||2||1|1|2|2|2|2|2|2|2||1||1300000
3469592|1|1|1|3420.0235195|34695921|2||2||1|1|2|2|2|2|2|2|2||1||1300000
3469593|1|1|1|3970.9520827|34695931|2||2||1|1|2|2|2|2|2|2|2||1||1900000
3469594|1|1|1|13680.094078|34695941|2||2||1|1|1|2|2|2|2|2|2||1||1300000
3469595|1|1|1|9023.7431642|34695951|2||2||1|1|2|2|2|2|2|2|2||1||800000
3469596|1|1|1|5763.7281888|34695961|2||2||1|1|2|2|2|2|2|2|2||1||1300000
3469597|1|1|1|13680.094078|34695971|2||2||1|1|2|2|2|2|2|2|2||1||1300000
3469598|1|1|1|9597.2901885|34695981|2||2||1|1|2|2|2|2|2|2|2||1||1500000
3469599|1|1|1|3420.0235195|34695991|2||2||1|1|2|2|2|2|2|2|2||1||1000000
3469600|1|1|1|5282.7158932|34696001|2||2||1|1|2|2|2|2|2|2|2||1||1300000
3469601|1|1|1|2983.6142683|34696011|2||2||1|1|2|2|2|2|2|2|2||1||2300000
3469602|1|1|1|6181.4604567|34696021|1|1|2||1|2|2|1|2|2|2|2|2||3||2500000
3469603|1|1|1|2983.6142683|34696031|2||2||1|1|2|2|2|2|2|2|2||1||1300000
3469604|1|1|1|11934.457073|34696041|2||2||1|1|2|2|2|2|2|2|2||1||1300000
3469604|1|2|2|11934.457073|34696042|2||2||1|1|2|2|2|2|2|2|2||1||1000000
3469605|1|1|1|8086.5078576|34696051|2||2||1|1|2|2|2|2|2|2|2||1||1300000
3469606|1|1|1|2983.6142683|34696061|2||2||1|1|2|2|2|2|2|2|2||1||1300000
3469607|1|1|1|6367.5593356|34696071|2||2||1|2|2|1|2|2|2|2|2||3||1300000
3469608|1|1|1|6367.5593356|34696081|2||2||1|2|2|1|2|2|2|2|2||3||10000000
3469609|1|1|1|10555.105225|34696091|2||2||1|1|2|2|2|2|2|2|2||1||6000000
3469610|1|1|1|9691.780162|34696101|2||2||1|1|2|2|2|2|2|2|2||1||98
3469611|1|1|1|5070.2107215|34696111|2||2||1|2|2|1|2|2|2|2|2||3||3000000
3469612|1|1|1|3443.7736828|34696121|2||2||1|1|2|2|2|2|2|2|2||1||2000000
3469613|1|1|1|3443.7736828|34696131|2||2||1|1|2|2|2|2|2|2|2||1||98
3469614|1|1|1|7134.8200296|34696141|2||2||1|1|2|2|2|2|2|2|2||1||1300000
3469615|1|1|1|4482.8807976|34696151|2||2||1|1|2|2|2|2|2|2|2||1||1000000
3469616|1|1|1|6528.2794574|34696161|2||2||1|1|2|2|2|2|2|2|2||1||500000
3469617|1|1|1|3384.3982745|34696171|2||2||1|1|2|2|2|2|2|1|2||1||12000000
3469618|1|1|1|3384.3982745|34696181|2||2||1|1|2|2|2|2|1|2|2||1||1300000
3469618|1|2|2|3384.3982745|34696182|2||2||1|1|1|2|2|2|2|2|2||1||1300000
3469619|1|1|1|3384.3982745|34696191|2||2||1|1|2|2|2|2|2|2|2||1||5000000
3469620|1|1|1|5470.6969449|34696201|2||2||1|2|2|1|2|2|2|2|1||8||1500000
3469621|1|1|1|5470.6969449|34696211|2||2||1|1|2|2|2|2|2|2|2||1||2000000
3469622|1|1|1|8908.6204223|34696221|2||2||1|1|2|2|2|2|2|2|2||1||4500000
3469623|1|1|1|5227.6876027|34696231|2||2||1|2|2|1|2|2|2|2|2||3||98
3469624|1|1|1|10059.494831|34696241|1|1|2||1|1|2|2|2|2|2|2|2||1||8000000
3469625|1|1|1|7917.6372743|34696251|2||2||1|1|2|2|2|2|2|2|2||1||8000000
3469626|1|1|1|5903.0348049|34696261|2||2||1|1|2|1|2|2|2|2|2||1||5000000
3469627|1|1|1|8880.6445933|34696271|2||2||1|1|2|2|2|2|2|2|2||1||5000000
3469628|1|1|1|5343.7867492|34696281|2||2||1|1|2|2|2|2|2|2|2||1||1300000
3469629|1|1|1|5343.7867492|34696291|2||2||1|1|2|2|2|2|2|2|2||1||600000
3469630|1|1|1|8637.9425445|34696301|2||2||1|1|2|2|2|2|2|2|2||1||1300000
3469631|1|1|1|9567.465692|34696311|2||2||1|1|2|1|2|2|2|2|2||3||1300000
3469632|1|1|1|5343.7867492|34696321|2||2||1|1|2|2|2|2|2|2|2||1||1300000
3469633|1|1|1|5343.7867492|34696331|2||2||1|1|2|2|2|2|2|2|2||1||1300000
3469634|1|1|1|6956.1943411|34696341|2||2||1|1|2|1|2|2|2|2|2||3||1300000
3469635|1|1|1|9314.2803494|34696351|2||2||1|1|2|2|2|2|2|2|2||1||1600000
3469636|1|1|1|3530.1379131|34696361|2||2||1|1|2|2|2|2|2|2|2||1||2600000
3469637|1|1|1|5823.8263869|34696371|2||2||1|1|2|2|2|2|2|2|2||1||2500000
3469638|1|1|1|3530.1379131|34696381|2||2||1|1|2|2|2|2|2|2|2||1||900000
3469639|1|1|1|3530.1379131|34696391|2||2||1|1|2|2|2|2|2|2|2||1||2300000
3469640|1|1|1|9429.999717|34696401|2||2||1|1|2|2|2|2|2|2|2||1||2600000
3469641|1|1|1|661.6087566|34696411|2||2||1|2|2|1|2|2|2|2|2||3||2000000
3469643|1|1|1|449.96946511|34696431|2||2||1|1|2|2|2|2|2|2|2||1||98
3469644|1|1|1|554.15103011|34696441|2||2||1|2|2|2|2|2|2|1|1||7||900000
3469645|1|1|1|483.19333232|34696451|2||2||1|1|2|2|2|2|2|2|2||1||1400000
3469646|1|1|1|483.19333232|34696461|2||2||1|1|2|2|2|2|2|2|2||1||1200000
3469647|1|1|1|472.90204449|34696471|2||2||1|1|2|2|2|2|2|2|2||1||2500000
3469648|1|1|1|503.54903391|34696481|2||2||1|1|2|2|2|2|2|2|2||1||2000000
3469649|1|1|1|861.03679607|34696491|2||2||1|1|2|2|2|2|2|2|2||1||700000
3469650|1|1|1|644.14796149|34696501|2||2||1|1|2|2|2|2|2|2|2||1||98
3469651|1|1|1|1005.3829958|34696511|2||2||1|1|2|2|2|2|2|2|2||1||600000
3469652|1|1|1|888.7281805|34696521|2||2||1|1|2|2|2|2|2|2|2||1||98
3469653|1|1|1|604.43659492|34696531|2||2||1|1|2|2|2|2|2|2|2||1||98
3469654|1|1|1|783.32598189|34696541|2||2||1|1|2|2|2|2|2|2|2||1||800000
3469655|1|1|1|773.30883737|34696551|2||2||1|1|2|2|2|2|2|2|2||1||1700000
3469656|1|1|1|607.55016786|34696561|2||2||1|2|2|2|1|2|2|2|1||4||1200000
3469657|1|1|1|526.10112385|34696571|2||2||1|1|1|2|2|2|2|2|2||1||1800000
3469658|1|1|1|773.90267784|34696581|2||2||1|1|1|2|2|2|2|2|1||1||98
3469659|1|1|1|550.33079313|34696591|2||2||1|1|2|2|2|2|2|2|2||1||5000000
3469660|1|1|1|497.53847127|34696601|2||2||1|1|2|2|2|2|2|2|2||1||98
3469661|1|1|1|612.29283276|34696611|2||2||1|1|2|2|2|2|2|2|2||1||1500000
3469662|1|1|1|584.33984808|34696621|2||2||1|1|2|1|2|2|2|2|2||3||1600000
3469663|1|1|1|532.46776511|34696631|2||2||1|1|2|2|2|2|2|2|2||1||1600000
3469664|1|1|1|432.03567492|34696641|2||2||1|1|2|2|2|2|2|2|2||1||3200000
3469665|1|1|1|542.70953803|34696651|2||2||1|1|2|2|2|2|2|2|2||1||1400000
3469666|1|1|1|429.82157861|34696661|2||2||1|1|2|2|2|2|2|2|2||1||1980000
3469667|1|1|1|321.70950606|34696671|2||2||1|1|2|2|2|2|2|2|2||1||99
3469668|1|1|1|572.9353463|34696681|2||2||1|1|2|2|1|2|2|2|2||1||1300000
3469669|1|1|1|443.84162282|34696691|2||2||1|1|2|1|2|2|2|2|2||3||2500000
3469670|1|1|1|883.04310629|34696701|2||2||1|1|2|2|2|2|2|2|2||1||1000000
3469672|1|1|1|641.5512834|34696721|2||2||1|1|2|2|2|2|2|2|2||1||98
3469673|1|1|1|748.78279468|34696731|2||2||1|1|2|2|2|2|2|2|2||1||3200000
3469674|1|1|1|546.23497293|34696741|2||2||1|1|2|2|2|2|2|2|2||1||2600000
3469675|1|1|1|702.77704816|34696751|2||2||1|1|2|2|2|2|2|2|2||1||2000000
3469676|1|1|1|607.55016786|34696761|2||2||1|1|2|2|2|2|2|2|2||1||1500000
3469677|1|1|1|996.58434868|34696771|2||2||1|1|2|2|2|2|2|2|1||1||1000000
3469678|1|1|1|597.90667607|34696781|2||2||1|1|1|2|2|2|2|2|2||1||1000000
3469679|1|1|1|547.09671306|34696791|2||2||1|1|1|2|2|2|2|2|2||1||800000
3469680|1|1|1|592.12275589|34696801|2||2||1|1|2|2|2|2|2|2|2||1||1600000
3469681|1|1|1|789.28372973|34696811|2||2||1|1|2|2|2|2|2|2|2||1||1600000
3469682|1|1|1|736.70619469|34696821|2||2||1|1|2|2|2|2|2|2|2||1||900000
3469683|1|1|1|844.58224633|34696831|2||2||1|1|2|2|2|2|2|2|2||1||900000
3469684|1|1|1|418.72000831|34696841|2||2||1|1|2|2|2|2|2|2|2||1||1200000
3469685|1|1|1|459.80540612|34696851|2||2||1|1|2|2|2|2|2|2|2||1||800000
3469686|1|1|1|497.86128333|34696861|2||2||1|1|2|2|2|2|2|2|2||1||1200000
3469687|1|1|1|556.39904934|34696871|2||2||1|1|2|2|2|2|2|2|2||1||1600000
3469688|1|1|1|512.66205242|34696881|2||2||1|1|2|2|2|2|2|2|2||1||1600000
3469689|1|1|1|569.15274442|34696891|2||2||1|1|2|2|2|2|2|2|2||1||1500000
3469690|1|1|1|533.66200354|34696901|2||2||1|1|2|2|2|2|2|2|2||1||1600000
3469691|1|1|1|474.62416146|34696911|2||2||1|1|2|2|2|2|2|2|2||1||800000
3469692|1|1|1|792.52183918|34696921|2||2||1|1|2|2|2|2|2|2|2||1||1600000
3469693|1|1|1|777.79317729|34696931|2||2||1|1|2|2|2|2|2|1|2||1||2500000
3469694|1|1|1|570.95102919|34696941|2||2||1|1|2|2|2|2|2|2|2||1||3200000
3469695|1|1|1|501.25208934|34696951|2||2||1|1|2|2|2|2|2|2|2||1||1600000
3469696|1|1|1|501.66314382|34696961|2||2||1|1|2|2|2|2|2|2|2||1||1500000
3469697|1|1|1|441.60945239|34696971|2||2||1|1|2|2|2|2|2|2|2||1||2000000
3469698|1|1|1|748.78279468|34696981|2||2||1|1|2|2|2|2|2|2|2||1||1600000
3469699|1|1|1|546.23497293|34696991|2||2||1|1|2|2|2|2|2|2|2||1||1600000
3469700|1|1|1|625.84906467|34697001|2||2||1|1|2|2|2|2|2|2|2||1||1600000
3469701|1|1|1|756.57101128|34697011|2||2||1|1|2|2|2|2|2|2|2||1||1500000
3469702|1|1|1|876.22211994|34697021|2||2||1|1|2|2|1|2|2|2|2||1||98
3469703|1|1|1|487.67688416|34697031|2||2||1|1|1|2|2|2|2|2|2||1||1700000
3469704|1|1|1|440.29070265|34697041|2||2||1|1|2|2|2|2|2|2|2||1||2000000
3469705|1|1|1|649.06567028|34697051|2||2||1|1|2|2|2|2|2|2|2||1||1200000
3469706|1|1|1|859.19499886|34697061|2||2||1|1|2|2|2|2|2|2|2||1||1400000
3469707|1|1|1|702.77704816|34697071|2||2||1|1|2|2|2|2|1|2|2||1||1600000
3469708|1|1|1|148.43389291|34697081|2||2||1|1|2|2|2|2|2|2|2||1||1200000
3469709|1|1|1|144.23860005|34697091|2||2||1|1|2|2|2|2|2|2|2||1||1300000
3469710|1|1|1|105.13934486|34697101|2||2||1|1|2|2|1|2|2|2|2||1||2700000
3469711|1|1|1|382.70933899|34697111|2||2||1|1|2|2|2|2|2|2|2||1||2600000
3469712|1|1|1|142.59776402|34697121|2||2||1|1|2|2|2|2|2|2|2||1||1500000
3469713|1|1|1|111.49890683|34697131|2||2||1|1|2|2|2|2|2|2|2||1||1500000
3469714|1|1|1|174.88321561|34697141|2||2||1|2|2|2|2|2|2|2|1||8||600000
3469715|1|1|1|112.95035012|34697151|2||2||1|1|2|2|2|2|2|2|2||1||3600000
3469716|1|1|1|101.53299498|34697161|2||2||2|1|2|2|2|2|2|1|2||1||1700000
3469717|1|1|1|128.64715758|34697171|2||2||1|2|2|1|2|2|2|1|2||3||1700000
3469718|1|1|1|103.77482967|34697181|2||2||1|1|2|2|2|2|2|2|1||1||1500000
3469719|1|1|1|316.15119308|34697191|2||1|1|1|1|2|2|1|2|2|2|2||1||5000000
3469720|1|1|1|71.573242822|34697201|2||2||1|1|2|1|2|2|2|2|2||1||8000000
3469721|1|1|1|102.23303786|34697211|2||2||1|1|2|2|2|2|2|2|2||1||1200000
3469722|1|1|1|111.72656932|34697221|2||2||1|1|2|2|2|2|2|2|2||1||7000000
3469723|1|1|1|108.12603712|34697231|2||2||1|1|2|2|2|2|2|2|2||1||1200000
3469724|1|1|1|213.40073082|34697241|2||2||1|1|2|2|2|2|2|2|2||1||3600000
3469725|1|1|1|116.74541379|34697251|2||2||1|1|2|2|2|2|2|2|1||1||1700000
3469726|1|1|1|130.75408409|34697261|2||2||1|1|2|2|2|2|2|1|2||1||2900000
3469727|1|1|1|213.40073082|34697271|2||2||1|1|2|2|2|2|2|2|2||1||13000000
3469728|1|1|1|176.4103726|34697281|2||2||1|1|2|2|2|2|2|2|2||1||5000000
3469729|1|1|1|130.75408409|34697291|2||2||1|1|2|1|2|2|2|1|2||3||1700000
3469730|1|1|1|156.61906732|34697301|2||2||1|1|2|2|1|2|2|2|2||1||3000000
3469731|1|1|1|141.02772399|34697311|2||2||1|1|2|1|2|2|2|2|2||1||2500000
3469732|1|1|1|153.64546527|34697321|2||1|2|1|1|2|1|2|2|2|2|2||3||3500000
3469733|1|1|1|185.71767758|34697331|2||2||1|1|2|2|2|2|2|2|2||1||1200000
3469734|1|1|1|187.08988762|34697341|2||2||1|1|2|2|2|2|2|2|2||1||5000000
3469735|1|1|1|187.08988762|34697351|2||2||1|1|2|2|2|2|2|2|2||1||1700000
3469736|1|1|1|128.70681655|34697361|2||2||1|1|2|2|2|2|2|2|2||1||99
3469737|1|1|1|115.67388578|34697371|2||2||1|1|2|2|2|2|2|2|2||1||3900000
3469739|1|1|1|347.58142865|34697391|2||2||1|1|2|2|2|2|2|2|2||1||2000000
3469740|1|1|1|158.34432374|34697401|2||2||1|1|2|2|2|2|2|2|1||1||800000
3469741|1|1|1|130.99930826|34697411|2||2||1|2|2|2|2|2|2|2|1||8||99
3469742|1|1|1|168.78165656|34697421|2||2||1|1|2|2|2|2|2|2|1||8||3300000
3469743|1|1|1|91.043584476|34697431|1|1|2||1|1|2|1|2|2|2|1|2||3||3500000
3469744|1|1|1|130.99930826|34697441|2||2||1|1|2|2|2|2|2|2|2||1||1300000
3469745|1|1|1|107.95126713|34697451|2||2||1|1|1|2|2|2|2|2|1||1||99
3469746|1|1|1|148.5901385|34697461|1|1|2||1|1|2|2|2|2|2|1|2||1||5000000
3469747|1|1|1|252.32415697|34697471|2||2||1|1|2|2|2|2|2|2|2||1||3000000
3469748|1|1|1|174.41594357|34697481|2||2||1|1|2|2|2|2|2|2|2||1||600000
3469749|1|1|1|228.51797728|34697491|2||2||1|1|2|2|2|2|2|1|2||1||1780000
3469750|1|1|1|176.30623291|34697501|2||2||1|1|2|2|2|2|2|2|2||1||2600000
3469751|1|1|1|255.83557625|34697511|2||2||1|1|2|2|2|2|2|2|2||1||1400000
3469752|1|1|1|118.8718731|34697521|2||2||1|1|2|1|2|2|2|2|2||3||2800000
3469753|1|1|1|118.33440642|34697531|2||2||1|1|2|2|2|2|2|2|2||1||1300000
3469754|1|1|1|183.14605287|34697541|2||2||1|1|2|2|2|2|2|2|2||1||7000000
3469755|1|1|1|139.3261626|34697551|2||2||1|1|2|2|2|2|2|2|2||1||2000000
3469756|1|1|1|114.25208263|34697561|2||2||1|1|2|2|2|2|2|2|2||1||1800000
3469757|1|1|1|154.00204188|34697571|2||2||1|2|1|2|2|2|1|2|1||6||600000
3469758|1|1|1|156.34630634|34697581|2||2||1|1|2|2|2|2|2|2|2||1||1700000
3469759|1|1|1|91.151880092|34697591|2||2||1|1|2|1|2|2|2|2|2||3||3200000
3469760|1|1|1|119.33104287|34697601|2||2||1|1|2|2|2|2|2|1|2||1||800000
3469761|1|1|1|160.55818139|34697611|1|1|2||1|1|2|2|2|2|2|2|2||1||9000000
3469762|1|1|1|130.49896948|34697621|2||2||1|1|2|2|2|2|2|2|1||1||1300000
3469763|1|1|1|79.697727444|34697631|2||2||1|1|1|2|2|2|2|2|1||8||1200000
3469764|1|1|1|114.6741665|34697641|2||2||1|1|2|2|2|2|2|2|2||1||850000
3469765|1|1|1|104.59968233|34697651|2||2||1|1|2|2|2|2|2|2|2||1||4000000
3469766|1|1|1|114.6741665|34697661|2||2||1|1|2|2|2|2|2|1|2||7||470000
3469767|1|1|1|136.70896124|34697671|2||2||1|1|2|2|2|2|2|1|2||1||4100000
3469768|1|1|1|304.26580988|34697681|2||2||1|1|2|2|2|2|2|2|2||1||1800000
3469768|1|2|2|304.26580988|34697682|2||2||2|1|2|2|2|2|2|2|2||1||1300000
3469769|1|1|1|118.00955462|34697691|2||2||1|1|1|2|2|2|2|2|2||1||800000
3469770|1|1|1|114.6741665|34697701|2||2||1|2|2|2|2|2|2|1|1||7||800000
3469771|1|1|1|79.697727444|34697711|2||2||1|1|2|2|2|2|2|2|2||1||99
3469772|1|1|1|130.75408409|34697721|1|1|2||1|2|2|1|2|2|2|2|2||3||7000000
3469773|1|1|1|130.75408409|34697731|1|1|2||1|2|2|1|2|2|2|2|2||3||6000000
3469774|1|1|1|130.75408409|34697741|2||2||1|2|2|1|2|2|2|2|2||3||5500000
3469775|1|1|1|213.40073082|34697751|2||2||1|1|2|2|2|2|2|2|2||1||10000000
3469776|1|1|1|139.42001439|34697761|2||2||1|1|2|2|2|2|2|2|2||1||6000000
3469777|1|1|1|163.89176127|34697771|2||2||1|1|2|2|2|2|2|2|2||1||8000000
3469778|1|1|1|131.06898874|34697781|2||2||1|1|2|2|2|2|2|1|2||7||1600000
3469779|1|1|1|141.97905964|34697791|2||2||1|1|2|2|2|2|2|2|2||1||2500000
3469780|1|1|1|129.3135418|34697801|2||2||1|1|2|2|2|2|2|2|2||1||1800000
3469781|1|1|1|150.50984353|34697811|2||2||1|2|2|2|2|2|2|1|2||7||1600000
3469782|1|1|1|171.27989744|34697821|2||2||1|1|2|2|2|2|2|2|2||1||1000000
3469783|1|1|1|75.0239129|34697831|1|2|2||1|1|2|1|1|2|2|1|2||3||10000000
3469784|1|1|1|156.78108701|34697841|2||2||1|2|2|1|2|2|2|2|2||3||2800000
3469785|1|1|1|122.03584298|34697851|2||2||1|1|2|1|2|2|2|2|2||3||3900000
3469786|1|1|1|169.83141106|34697861|2||2||1|1|2|2|2|2|2|2|2||1||4200000
3469787|1|1|1|121.45322549|34697871|1|1|2||1|1|2|1|2|2|2|2|2||3||5000000
3469788|1|1|1|109.77933358|34697881|2||2||1|1|2|2|2|2|2|2|2||1||10000000
3469789|1|1|1|577.31162363|34697891|2||2||1|1|2|2|1|2|2|2|2||4||3500000
3469790|1|1|1|336.17544649|34697901|2||2||1|1|2|2|2|2|2|2|2||1||3000000
3469791|1|1|1|493.14802321|34697911|2||2||1|1|2|2|2|2|2|1|2||1||3500000
3469792|1|1|1|603.48119991|34697921|2||2||1|1|2|2|2|2|2|2|2||1||7000000
3469793|1|1|1|508.83889724|34697931|2||2||1|1|2|2|1|2|2|2|2||1||2060000
3469794|1|1|1|324.53334468|34697941|2||2||1|1|2|1|2|2|2|2|2||3||3500000
3469795|1|1|1|369.19031611|34697951|2||2||1|1|2|2|1|2|2|2|1||1||3850000
3469796|1|1|1|638.03912363|34697961|2||2||1|1|2|2|2|2|2|1|2||1||3000000
3469797|1|1|1|1125.1891808|34697971|2||2||1|1|2|1|2|2|2|2|2||1||9500000
3469798|1|1|1|576.44155525|34697981|2||2||1|1|2|2|2|2|2|2|2||1||1200000
3469799|1|1|1|641.12887157|34697991|2||2||1|2|2|1|2|2|2|2|2||3||98
3469800|1|1|1|537.80134966|34698001|2||2||1|2|1|1|2|2|2|2|2||3||2300000
3469801|1|1|1|518.12684987|34698011|2||2||1|1|2|2|2|2|2|2|2||1||2500000
3469802|1|1|1|576.44155525|34698021|2||2||1|2|2|2|2|2|2|2|1||8||1200000
3469803|1|1|1|483.86094361|34698031|2||2||1|2|2|2|2|2|2|1|2||7||1200000
3469804|1|1|1|477.8342854|34698041|2||2||1|2|2|2|2|2|2|2|2|1||3500000|
3469805|1|1|1|383.81778923|34698051|2||2||1|1|2|2|2|2|2|2|2||1||3000000
3469806|1|1|1|468.82556422|34698061|2||2||1|2|2|2|2|2|2|1|2||7||1800000
3469807|1|1|1|496.94118998|34698071|1|1|2||1|1|2|1|2|2|2|1|2||3||98
3469808|1|1|1|685.62168881|34698081|2||2||1|1|2|2|2|2|2|2|2||1||6000000
3469809|1|1|1|668.24189459|34698091|2||2||1|1|2|2|2|2|2|2|2||1||7500000
3469810|1|1|1|463.63007705|34698101|2||2||1|2|2|1|2|2|2|2|2||3||10000000
3469811|1|1|1|322.85638503|34698111|2||2||1|1|2|2|2|2|2|2|2||1||6000000
3469812|1|1|1|1059.0849091|34698121|1|1|2||1|1|2|2|2|2|2|2|2||1||8000000
3469813|1|1|1|383.81778923|34698131|2||2||1|1|2|2|2|2|2|2|2||1||4000000
3469814|1|1|1|324.72120249|34698141|2||2||1|1|2|1|2|2|2|2|2||3||4500000
3469815|1|1|1|314.81054614|34698151|2||2||1|2|2|1|2|2|2|1|2||3||1800000
3469816|1|1|1|367.19544197|34698161|2||2||1|1|2|2|2|2|2|2|2||1||1460000
3469817|1|1|1|405.06118811|34698171|2||2||2|2|2|1|2|2|2|2|2||3||2600000
3469818|1|1|1|375.29494921|34698181|2||2||1|2|2|2|2|2|2|1|2||7||850000
3469819|1|1|1|369.95851634|34698191|2||2||1|1|2|2|2|2|2|2|2||1||2200000
3469820|1|1|1|314.81054614|34698201|2||2||1|1|2|1|2|2|2|1|2||3||3000000
3469821|1|1|1|282.55093803|34698211|2||2||1|1|2|1|2|2|2|2|2||3||2500000
3469822|1|1|1|406.59863863|34698221|2||2||1|1|2|2|2|2|2|2|2||1||2920000
3469823|1|1|1|345.98889831|34698231|2||2||1|2|2|1|2|2|2|2|2||3||1600000
3469824|1|1|1|470.03659892|34698241|2||2||1|2|2|1|2|2|2|2|2||3||2920000
3469825|1|1|1|358.19028765|34698251|2||2||1|1|2|1|2|2|2|2|2||3||5000000
3469826|1|1|1|598.47603354|34698261|2||2||1|1|2|2|2|2|2|2|2||1||3660000
3469827|1|1|1|482.23798825|34698271|2||2||1|1|2|2|2|2|2|2|2||1||5000000
3469828|1|1|1|410.47582644|34698281|2||2||2|1|2|2|2|2|2|2|2||1||3500000
3469829|1|1|1|406.59863863|34698291|2||2||1|1|2|2|2|2|2|2|2||1||4000000
3469830|1|1|1|358.19028765|34698301|2||2||1|1|2|2|2|2|2|2|2||1||4000000
3469831|1|1|1|535.87853606|34698311|2||2||1|1|2|2|2|2|2|2|2||1||5000000
3469832|1|1|1|543.98322646|34698321|2||2||1|1|2|2|2|2|2|2|2||1||2000000
3469833|1|1|1|417.91100001|34698331|2||2||1|1|2|2|2|2|2|2|2||1||1300000
3469834|1|1|1|884.48491328|34698341|2||2||1|1|2|2|2|2|2|2|2||1||2000000
3469835|1|1|1|567.74499428|34698351|2||2||1|1|2|1|2|2|2|2|2||1||3000000
3469836|1|1|1|462.67500821|34698361|2||2||1|1|2|2|2|2|2|2|2||1||1760000
3469837|1|1|1|417.91100001|34698371|2||2||1|1|2|2|2|2|2|2|2||1||600000
3469838|1|1|1|759.26392778|34698381|2||2||1|1|2|2|2|2|2|2|2||1||2500000
3469839|1|1|1|375.99535764|34698391|2||2||1|1|2|2|2|2|2|2|2||1||2500000
3469840|1|1|1|739.40084432|34698401|2||2||1|1|2|2|2|2|2|2|2||1||1300000
3469841|1|1|1|371.31220324|34698411|2||2||1|1|2|2|2|2|2|2|2||1||2200000
3469842|1|1|1|517.85914783|34698421|2||2||1|1|2|2|2|2|2|2|2||1||1460000
3469843|1|1|1|648.78310125|34698431|2||2||1|1|2|2|2|2|2|2|2||1||1460000
3469844|1|1|1|546.16367625|34698441|2||2||1|1|1|2|2|2|2|2|2||1||230000
3469845|1|1|1|447.83839054|34698451|2||2||1|1|2|2|2|2|2|2|2||1||1500000
3469846|1|1|1|286.77612024|34698461|2||2||1|1|2|2|2|2|2|2|2||1||1460000
3469847|1|1|1|291.64726002|34698471|2||2||1|1|2|2|2|2|2|2|2||1||3000000
3469848|1|1|1|341.64706811|34698481|2||2||1|2|2|2|2|2|2|2|1||8||800000
3469849|1|1|1|674.60713725|34698491|2||2||1|1|2|2|2|2|2|2|2||1||1460000
3469850|1|1|1|589.81529821|34698501|2||2||1|1|1|2|2|2|2|2|2||1||1700000
3469851|1|1|1|333.55822542|34698511|2||2||1|1|2|2|2|2|2|2|2||1||2920000
3469852|1|1|1|283.98690179|34698521|2||2||1|1|2|1|2|2|2|2|2||3||2900000
3469853|1|1|1|334.05491104|34698531|2||2||1|1|2|1|2|2|2|2|2||3||2000000
3469854|1|1|1|401.01057623|34698541|2||2||1|1|2|1|2|2|2|2|2||1||4300000
3469855|1|1|1|311.66244068|34698551|2||2||1|2|2|1|2|2|2|2|2||3||1300000
3469856|1|1|1|196.96723504|34698561|2||2||1|2|2|2|2|2|2|2|1||8||2000000
3469857|1|1|1|334.05491104|34698571|2||2||1|2|2|1|2|2|2|2|2||3||1300000
3469858|1|1|1|433.21459636|34698581|2||2||1|1|2|2|2|2|2|2|2||1||3920000
3469859|1|1|1|434.39390438|34698591|2||2||1|1|2|2|2|2|2|2|2||1||2500000
3469860|1|1|1|567.39412274|34698601|2||2||1|1|2|2|2|2|2|2|2||1||1460000
3469861|1|1|1|427.81217855|34698611|2||2||1|1|2|2|2|2|2|2|2||1||2920000
3469862|1|1|1|311.40015038|34698621|2||2||1|1|2|1|2|2|2|2|2||1||4220000
3469863|1|1|1|482.92903432|34698631|2||2||1|1|2|2|2|2|2|2|2||1||1200000
3469864|1|1|1|367.67844585|34698641|2||2||1|1|2|1|2|2|2|2|2||1||3920000
3469865|1|1|1|213.74288453|34698651|2||2||1|1|2|2|2|2|2|2|1||1||2000000
3469866|1|1|1|475.96014189|34698661|2||2||1|2|2|2|2|2|2|2|1||8||98
3469867|1|1|1|305.17686537|34698671|2||2||1|1|2|2|2|2|2|2|2||1||1460000
3469868|1|1|1|328.99347299|34698681|2||2||1|1|2|2|2|2|2|2|2||1||800000
3469869|1|1|1|442.93711841|34698691|2||2||1|2|2|2|2|2|2|2|2|1||600000|
3469870|1|1|1|176.45336043|34698701|2||2||1|1|2|2|2|2|2|2|2||1||800000
3469871|1|1|1|145.06677652|34698711|2||2||1|1|2|2|2|2|2|2|2||1||1600000
3469872|1|1|1|269.007223|34698721|2||2||1|1|2|2|2|2|2|2|2||1||900000
3469873|1|1|1|74.750618876|34698731|2||1|1|1|1|2|2|2|2|2|2|1||1||3000000
3469874|1|1|1|236.19737427|34698741|2||2||1|1|2|2|2|2|2|2|2||1||900000
3469875|1|1|1|193.20304783|34698751|2||2||1|1|2|2|2|2|2|2|2||1||1300000
3469876|1|1|1|136.20450921|34698761|2||2||1|1|1|1|2|2|2|2|2||3||3000000
3469877|1|1|1|169.74385575|34698771|2||2||1|1|2|2|2|2|2|2|2||1||1300000
3469878|1|1|1|177.81450418|34698781|2||2||1|1|2|2|2|2|2|2|2||1||1600000
3469879|1|1|1|171.45081487|34698791|2||2||1|1|2|2|2|2|2|2|1||1||1200000
3469880|1|1|1|86.272989382|34698801|2||2||1|1|1|2|2|2|2|2|2||1||1800000
3469881|1|1|1|90.609514718|34698811|2||2||1|1|2|1|2|2|2|2|2||1||4000000
3469882|1|1|1|152.97485152|34698821|2||2||1|1|2|2|2|2|2|2|2||1||1300000
3469883|1|1|1|180.74586874|34698831|2||2||1|1|2|2|2|2|2|2|2||1||1700000
3469884|1|1|1|84.231185173|34698841|2||2||1|1|1|2|2|2|2|2|1||1||2000000
3469885|1|1|1|108.51328727|34698851|2||2||1|1|1|2|2|2|2|2|1||1||800000
3469886|1|1|1|191.33222706|34698861|2||2||1|1|2|2|2|2|2|1|1||1||1200000
3469887|1|1|1|282.80882353|34698871|2||2||1|1|2|2|2|2|2|2|2||1||1500000
3469888|1|1|1|84.231185173|34698881|2||2||1|2|1|2|2|2|2|2|1||8||700000
3469889|1|1|1|108.51328727|34698891|2||2||1|2|1|2|2|2|2|2|1||8||500000
3469890|1|1|1|257.16141499|34698901|2||2||1|1|2|2|2|2|2|2|2||1||1600000
3469891|1|1|1|111.86365029|34698911|2||2||1|1|2|2|2|2|2|2|2||1||1800000
3469892|1|1|1|88.07760875|34698921|2||2||1|1|2|2|2|2|2|2|2||1||1200000
3469893|1|1|1|168.68708034|34698931|2||2||1|1|2|2|2|2|2|2|2||1||1200000
3469894|1|1|1|95.072691244|34698941|2||2||1|1|2|2|2|2|2|2|2||1||3000000
3469895|1|1|1|148.95671692|34698951|2||2||1|1|2|2|2|2|2|2|1||1||1300000
3469896|1|1|1|90.931672259|34698961|2||2||1|1|1|2|2|2|2|2|2||1||1600000
3469897|1|1|1|184.90919961|34698971|2||2||1|1|1|2|2|2|2|2|2||1||1600000
3469898|1|1|1|165.17465524|34698981|2||2||1|1|2|2|1|2|2|2|2||1||2000000
3469899|1|1|1|148.59070622|34698991|2||2||1|1|2|2|2|2|2|2|2||1||1200000
3469900|1|1|1|104.67600515|34699001|2||2||1|2|1|2|2|2|2|2|1||8||500000
3469901|1|1|1|104.67600515|34699011|2||2||1|2|2|2|2|2|2|2|1||8||800000
3469902|1|1|1|104.67600515|34699021|2||2||1|1|2|2|2|2|2|2|1||1||700000
3469903|1|1|1|104.67600515|34699031|2||2||1|1|2|2|2|2|2|2|1||1||600000
3469904|1|1|1|196.54293245|34699041|2||2||1|1|2|2|2|2|2|2|2||1||2000000
3469905|1|1|1|175.5142969|34699051|2||1|1|1|1|2|2|1|2|2|2|2||4||1300000
3469906|1|1|1|148.44033811|34699061|2||2||1|1|2|2|2|2|2|2|2||1||1500000
3469907|1|1|1|225.4934722|34699071|2||2||1|1|2|2|2|2|2|2|2||1||2000000
3469908|1|1|1|146.29236096|34699081|2||2||1|1|2|2|2|2|2|2|2||1||1800000
3469910|1|1|1|198.84405389|34699101|2||2||1|1|2|2|2|2|2|2|2||1||3600000
3469911|1|1|1|127.22371312|34699111|2||2||1|1|2|2|2|2|2|2|2||1||1900000
3469912|1|1|1|133.73984786|34699121|2||2||1|1|2|2|2|2|2|2|2||1||2000000
3469913|1|1|1|190.1470802|34699131|2||2||1|1|2|2|2|2|2|2|2||1||1800000
3469914|1|1|1|126.8731406|34699141|2||2||1|1|2|2|2|2|2|2|2||1||2300000
3469915|1|1|1|182.97414866|34699151|2||2||1|1|2|2|2|2|2|2|2||1||2000000
3469916|1|1|1|119.64294265|34699161|2||2||1|1|2|1|2|2|2|1|2||3||4500000
3469917|1|1|1|139.29604808|34699171|2||2||1|1|2|2|2|2|2|2|2||1||1500000
3469918|1|1|1|87.886417705|34699181|2||2||1|1|1|2|2|2|2|2|2||1||1500000
3469919|1|1|1|66.788436278|34699191|2||2||1|1|1|2|2|2|2|2|2||1||700000
3469920|1|1|1|118.52988986|34699201|2||2||1|1|2|2|2|2|2|2|2||1||800000
3469921|1|1|1|61.655276859|34699211|2||2||1|1|1|2|2|2|2|2|1||1||500000
3469922|1|1|1|70.455003466|34699221|2||2||1|2|1|2|2|2|2|2|1||8||600000
3469923|1|1|1|141.34252384|34699231|2||2||1|1|2|2|2|2|2|2|2||1||1800000
3469924|1|1|1|116.71106414|34699241|2||2||1|1|2|2|2|2|2|2|2||1||1200000
3469925|1|1|1|89.362938643|34699251|2||2||1|1|2|2|2|2|2|2|2||1||800000
3469926|1|1|1|100.42545209|34699261|2||1|1|1|1|2|2|2|2|2|2|2||1||1300000
3469927|1|1|1|144.4423787|34699271|2||2||1|1|2|2|2|2|2|2|2||1||800000
3469928|1|1|1|148.5193242|34699281|2||2||1|1|2|2|2|2|2|2|2||1||900000
3469929|1|1|1|88.572004357|34699291|2||2||1|2|1|2|2|2|2|2|1||8||300000
3469930|1|1|1|130.19974668|34699301|2||2||1|1|2|2|2|2|2|2|2||1||1000000
3469931|1|1|1|82.105874564|34699311|2||2||1|1|2|2|2|2|2|2|1||1||1300000
3469932|1|1|1|112.81135308|34699321|2||2||1|1|2|2|2|2|2|2|2||1||1000000
3469933|1|1|1|63.26685888|34699331|2||2||1|1|2|2|2|2|2|2|2||1||900000
3469934|1|1|1|148.5193242|34699341|2||2||1|1|2|2|2|2|2|2|2||1||1300000
3469935|1|1|1|136.94379831|34699351|2||2||1|1|2|2|2|2|2|2|2||1||1300000
3469936|1|1|1|110.52694487|34699361|2||2||1|1|1|2|2|2|2|2|1||1||1800000
3469937|1|1|1|229.66927724|34699371|2||2||1|1|2|2|2|2|2|2|2||1||1300000
3469938|1|1|1|229.66927724|34699381|2||2||1|1|2|2|2|2|2|2|2||1||1300000
3469939|1|1|1|103.10452746|34699391|2||2||1|1|2|2|1|2|2|2|2||1||1000000
3469940|1|1|1|195.16226068|34699401|2||2||1|1|2|2|2|2|2|2|2||1||1800000
3469941|1|1|1|192.26343534|34699411|2||2||1|1|2|2|1|2|2|2|2||1||1300000
3469942|1|1|1|150.13786049|34699421|2||2||1|1|1|2|2|2|2|2|2||1||1800000
3469943|1|1|1|185.07829109|34699431|2||2||1|1|2|2|2|2|2|2|2||1||2000000
3469944|1|1|1|89.24300439|34699441|2||2||1|1|2|2|2|2|2|2|1||1||1500000
3469945|1|1|1|137.65812692|34699451|2||2||1|1|2|2|2|2|2|2|2||1||2000000
3469946|1|1|1|74.628642566|34699461|2||2||1|1|1|2|2|2|2|2|1||1||1500000
3469947|1|1|1|208.97789795|34699471|2||2||1|1|2|2|2|2|2|2|2||1||2500000
3469948|1|1|1|124.64100936|34699481|2||2||1|1|2|2|2|2|2|2|2||1||3000000
3469949|1|1|1|188.1087214|34699491|2||2||1|2|2|1|2|2|2|1|2||3||1600000
3469950|1|1|1|188.27948785|34699501|2||2||1|1|2|2|2|2|2|2|1||1||1000000
3469951|1|1|1|176.68561949|34699511|2||2||1|1|2|2|2|2|2|2|2||1||1500000
3469952|1|1|1|240.4621846|34699521|2||2||1|1|2|2|2|2|2|2|2||1||5000000
3469953|1|1|1|227.22788475|34699531|2||2||1|1|2|2|2|2|2|2|2||1||3000000
3469954|1|1|1|212.21942137|34699541|2||2||1|1|2|2|2|2|2|2|2||1||2000000
3469955|1|1|1|238.82175311|34699551|2||2||1|1|2|2|2|2|2|2|2||1||2000000
3469956|1|1|1|285.4522695|34699561|2||2||1|1|2|2|2|2|2|2|1||1||2000000
3469957|1|1|1|194.16824488|34699571|2||2||1|2|2|1|2|2|2|2|2||3||2500000
3469958|1|1|1|260.50218143|34699581|2||2||1|1|2|2|2|2|2|2|2||1||2500000
3469959|1|1|1|252.82351883|34699591|2||2||1|1|1|2|2|2|2|2|1||1||1200000
3469960|1|1|1|303.58697429|34699601|2||2||1|1|2|2|2|2|2|2|2||1||3000000
3469961|1|1|1|239.12125602|34699611|2||2||1|1|2|2|2|2|2|2|2||1||900000
3469962|1|1|1|214.15883593|34699621|2||2||1|1|2|2|2|2|2|2|2||1||2000000
3469963|1|1|1|208.68913714|34699631|2||2||1|2|2|2|2|2|2|2|1||8||800000
3469964|1|1|1|297.14816559|34699641|2||2||1|1|2|2|2|2|2|2|2||1||900000
3469965|1|1|1|218.09495954|34699651|2||2||1|2|2|1|2|2|2|2|2||3||1300000
3469966|1|1|1|218.71400722|34699661|2||2||1|1|2|2|2|2|2|2|2||1||900000
3469967|1|1|1|252.61005368|34699671|2||2||1|1|2|2|2|2|2|2|2||1||1800000
3469968|1|1|1|297.08157007|34699681|2||2||1|1|2|2|2|2|2|2|2||1||1300000
3469969|1|1|1|434.7918086|34699691|2||2||1|1|2|2|2|2|2|2|2||1||1300000
3469970|1|1|1|275.85919736|34699701|2||2||1|1|2|2|2|2|2|2|2||1||1800000
3469971|1|1|1|284.50841914|34699711|2||2||1|1|2|2|2|2|2|2|2||1||1000000
3469972|1|1|1|204.81837161|34699721|2||2||2|1|2|2|2|2|2|2|2||1||1600000
3469973|1|1|1|148.7865593|34699731|2||2||1|2|2|1|2|2|2|2|2||3||1300000
3469974|1|1|1|148.92162881|34699741|2||2||1|1|2|2|2|2|2|2|2||1||1000000
3469975|1|1|1|129.98608817|34699751|2||2||1|1|2|2|2|2|2|2|2||1||1500000
3469976|1|1|1|177.78631506|34699761|2||2||1|1|2|2|2|2|2|2|2||1||1500000
3469977|1|1|1|199.36636957|34699771|2||2||1|1|2|2|2|2|2|2|2||1||1000000
3469978|1|1|1|152.18992743|34699781|2||2||1|1|2|1|2|2|2|2|2||3||1500000
3469979|1|1|1|234.95174746|34699791|2||2||1|1|2|2|2|2|2|2|2||1||1200000
3469980|1|1|1|109.22588513|34699801|2||2||1|1|2|2|2|2|2|2|2||1||1200000
3469981|1|1|1|148.92162881|34699811|2||2||1|1|2|2|2|2|2|2|2||1||1000000
3469982|1|1|1|139.75133745|34699821|2||2||1|1|2|2|2|2|2|2|1||8||800000
3469983|1|1|1|142.42467815|34699831|2||2||1|1|1|2|2|2|2|2|1||1||1400000
3469984|1|1|1|133.63957202|34699841|2||2||2|1|1|2|2|2|2|2|2||1||1600000
3469985|1|1|1|89.346939709|34699851|2||2||1|1|2|2|2|2|2|2|2||1||2000000
3469986|1|1|1|237.25303775|34699861|2||2||1|1|2|2|2|2|2|2|2||1||98
3469987|1|1|1|224.60036376|34699871|2||2||1|2|2|1|2|2|2|2|2||3||3000000
3469988|1|1|1|208.68913714|34699881|2||2||2|2|2|1|2|2|2|2|2||3||5000000
3469989|1|1|1|299.16686433|34699891|1|1|2||1|1|2|2|2|2|2|2|2||1||10000000
3469990|1|1|1|209.30818482|34699901|2||2||2|1|2|2|2|2|2|2|2||1||1500000
3469991|1|1|1|223.42710539|34699911|2||2||1|1|2|2|2|2|2|2|2||1||6000000
3469992|1|1|1|377.6010227|34699921|2||2||2|1|2|2|2|2|2|2|2||1||6000000
3469993|1|1|1|111.30087314|34699931|2||2||1|1|1|2|2|2|2|2|2||1||1300000
3469994|1|1|1|129.33635229|34699941|2||2||1|1|2|1|2|2|2|2|2||3||1400000
3469994|1|2|2|129.33635229|34699942|2||2||1|1|1|2|2|2|2|2|2||1||900000
3469995|1|1|1|119.78686067|34699951|2||2||1|2|2|2|2|2|2|2|1||8||98
3469996|1|1|1|161.91305296|34699961|2||2||1|1|2|2|2|2|2|2|2||1||2300000
3469997|1|1|1|137.82233982|34699971|2||2||1|1|2|2|2|2|2|2|2||1||1500000
3469998|1|1|1|200.27505517|34699981|2||2||2|1|2|2|2|2|2|2|2||1||1300000
3469999|1|1|1|162.3994721|34699991|2||2||1|1|2|2|2|2|2|2|2||1||1700000
3470000|1|1|1|94.288411563|34700001|2||2||1|1|2|2|2|2|2|2|2||1||1800000
3470001|1|1|1|162.86972246|34700011|2||2||1|1|2|2|2|2|2|1|2||1||98
3470002|1|1|1|111.30087314|34700021|2||2||1|2|2|1|2|2|2|2|2||3||2300000
3470003|1|1|1|143.25183601|34700031|2||2||1|1|2|1|2|2|2|2|2||1||5000000
3470004|1|1|1|119.16112287|34700041|2||2||1|1|2|1|2|2|2|2|2||3||2200000
3470005|1|1|1|95.400568503|34700051|2||2||1|1|2|2|2|2|2|2|2||1||10000000
3470006|1|1|1|119.78686067|34700061|2||2||1|1|2|1|2|2|2|2|2||3||5200000
3470007|1|1|1|158.08213285|34700071|2||2||1|1|2|1|2|2|2|2|2||3||2000000
3470008|1|1|1|152.71619232|34700081|2||2||1|1|2|2|2|2|2|2|1||8||900000
3470009|1|1|1|151.03405494|34700091|2||2||1|1|2|2|2|2|2|2|2||1||1800000
3470010|1|1|1|164.60482004|34700101|2||2||1|1|2|2|2|2|2|2|2||1||2000000
3470011|1|1|1|234.68700225|34700111|2||2||1|2|2|2|2|2|2|2|1||8||1500000
3470012|1|1|1|152.71619232|34700121|2||2||1|2|2|2|2|2|2|2|1||8||1000000
3470013|1|1|1|168.34257063|34700131|2||2||1|1|2|2|2|2|2|1|2||1||98
3470014|1|1|1|188.38207548|34700141|2||2||1|1|2|2|2|2|2|2|2||1||2000000
3470015|1|1|1|168.34257063|34700151|2||2||1|2|2|1|2|2|2|2|2||3||1300000
3470016|1|1|1|229.43930951|34700161|2||2||1|1|2|2|2|2|2|2|2||1||2000000
3470017|1|1|1|241.32793723|34700171|2||2||1|1|2|2|2|2|2|2|2||1||2500000
3470018|1|1|1|269.77045089|34700181|2||2||1|1|2|2|2|2|2|2|2||1||3000000
3470019|1|1|1|305.67226856|34700191|2||2||1|1|2|2|2|2|2|2|2||1||3500000
3470020|1|1|1|290.93430031|34700201|2||2||1|1|2|2|2|2|2|2|2||1||4000000
3470021|1|1|1|269.77045089|34700211|2||2||1|1|2|2|2|2|2|2|2||1||6000000
3470022|1|1|1|224.60036376|34700221|2||1|1|1|2|2|1|2|2|2|2|2||3||98
3470023|1|1|1|269.77045089|34700231|2||2||1|1|2|2|2|2|2|2|2||1||2100000
3470024|1|1|1|190.66805761|34700241|2||2||1|1|1|2|2|2|2|2|2||1||1500000
3470025|1|1|1|165.2830743|34700251|2||2||1|1|2|2|2|2|2|2|2||1||1800000
3470026|1|1|1|129.87663331|34700261|2||2||1|1|1|2|2|2|2|2|1||8||900000
3470027|1|1|1|185.09334497|34700271|2||2||1|1|2|2|2|2|2|2|2||1||900000
3470027|1|2|2|185.09334497|34700272|2||2||1|1|2|2|2|2|2|2|2||1||800000
3470028|1|1|1|178.74168431|34700281|2||2||1|1|2|2|2|2|2|2|2||1||1500000
3470028|1|2|2|178.74168431|34700282|2||2||1|1|1|2|2|2|2|2|2||1||800000
3470029|1|1|1|177.74234784|34700291|2||2||1|1|2|2|2|2|2|2|2||1||1800000
3470030|1|1|1|234.12916809|34700301|2||2||1|1|1|2|2|2|2|2|2||1||1600000
3470031|1|1|1|215.81636071|34700311|2||2||1|1|2|2|2|2|2|2|2||1||1300000
3470032|1|1|1|180.17552916|34700321|2||2||1|1|2|2|2|2|2|2|2||1||1200000
3470033|1|1|1|249.50890707|34700331|2||2||1|1|2|2|2|2|2|2|2||1||1600000
3470034|1|1|1|204.11996427|34700341|2||2||1|1|2|2|2|2|2|2|1||8||900000
3470035|1|1|1|199.52281195|34700351|2||1|1|1|1|2|2|2|2|2|2|2||1||1300000
3470036|1|1|1|159.15505075|34700361|2||2||1|1|2|2|2|2|2|2|2||1||1300000
3470037|1|1|1|183.14047792|34700371|2||2||1|1|2|2|2|2|2|2|2||1||1400000
3470038|1|1|1|157.88848781|34700381|2||2||2|1|2|2|2|2|2|2|2||1||1800000
3470039|1|1|1|144.19926383|34700391|2||2||1|1|2|2|2|2|2|2|2||1||1300000
3470040|1|1|1|221.14416286|34700401|2||2||1|1|2|2|2|2|2|2|2||1||900000
3470041|1|1|1|225.61338515|34700411|2||2||1|1|1|2|2|2|2|2|2||1||900000
3470042|1|1|1|302.44845624|34700421|2||2||2|1|2|2|2|2|2|2|2||1||2600000
3470042|1|2|2|302.44845624|34700422|2||2||1|1|2|2|2|2|2|2|2||1||800000
3470043|1|1|1|236.04588631|34700431|2||2||1|1|2|2|2|2|2|2|2||1||1800000
3470044|1|1|1|292.05843944|34700441|2||2||1|1|2|2|2|2|2|2|2||1||1000000
3470045|1|1|1|175.88374025|34700451|2||2||1|1|1|2|2|2|2|2|2||1||1600000
3470046|1|1|1|308.77384883|34700461|2||2||1|1|1|2|2|2|2|2|2||1||1300000
3470047|1|1|1|227.72184935|34700471|2||2||1|1|2|2|2|2|2|2|2||1||800000
3470048|1|1|1|185.09573|34700481|2||2||1|1|2|2|2|2|2|2|2||1||1300000
3470049|1|1|1|272.76790034|34700491|2||2||1|1|2|2|2|2|2|2|2||1||1300000
3470050|1|1|1|175.55259252|34700501|2||2||1|1|2|2|2|2|2|2|2||1||1000000
3470051|1|1|1|425.65003315|34700511|2||2||2|1|2|2|2|2|2|2|2||1||1300000
3470052|1|1|1|158.28468108|34700521|2||2||1|1|2|2|2|2|2|1|2||1||99
3470053|1|1|1|305.00738592|34700531|2||2||2|1|2|2|2|2|2|2|2||1||2000000
3470054|1|1|1|155.74420317|34700541|2||2||1|1|1|2|2|2|2|2|2||1||1100000
3470055|1|1|1|245.35387775|34700551|2||2||2|1|2|2|2|2|2|2|2||1||1300000
3470056|1|1|1|167.6428115|34700561|2||2||1|1|2|2|2|2|2|2|1||1||900000
3470057|1|1|1|289.98901637|34700571|2||2||2|1|1|2|2|2|2|2|2||1||1300000
3470058|1|1|1|315.03367656|34700581|2||2||1|1|2|2|2|2|2|2|1||1||1700000
3470059|1|1|1|388.15722089|34700591|2||2||1|1|2|2|2|2|2|2|2||1||950000
3470060|1|1|1|333.79181304|34700601|2||2||1|1|1|2|2|2|2|2|2||1||1300000
3470061|1|1|1|138.92312223|34700611|2||2||2|1|2|2|2|2|2|2|2||1||1300000
3470062|1|1|1|152.53038081|34700621|2||2||1|1|2|2|2|2|2|2|2||1||1300000
3470063|1|1|1|132.25554601|34700631|2||2||1|1|2|2|2|2|2|2|2||1||1500000
3470064|1|1|1|132.25554601|34700641|2||2||1|1|2|2|2|2|2|2|1||1||1800000
3470065|1|1|1|259.75116466|34700651|2||2||1|1|1|2|1|2|2|2|1||4||1500000
3470066|1|1|1|171.02468998|34700661|2||2||1|1|1|2|2|2|2|2|2||1||800000
3470067|1|1|1|409.20573661|34700671|2||2||1|1|2|2|2|2|2|2|2||1||1300000
3470067|1|2|2|409.20573661|34700672|2||2||1|1|2|2|2|2|2|2|2||1||900000
3470068|1|1|1|182.19770894|34700681|2||2||1|1|2|2|2|2|2|2|2||1||600000
3470069|1|1|1|171.02010261|34700691|2||2||2|1|2|2|2|2|2|2|2||1||900000
3470070|1|1|1|182.19770894|34700701|2||2||1|1|2|2|2|2|2|2|2||1||700000
3470071|1|1|1|419.5292264|34700711|2||2||1|1|2|2|2|2|2|2|2||1||1500000
3470072|1|1|1|195.46632592|34700721|2||2||1|1|2|2|1|2|2|2|2||1||900000
3470073|1|1|1|200.83689936|34700731|2||2||1|1|2|2|2|2|2|2|2||1||700000
3470074|1|1|1|250.30318366|34700741|2||2||1|1|2|2|2|2|2|2|2||1||400000
3470075|1|1|1|289.76643503|34700751|2||2||1|1|1|2|1|2|2|2|2||1||2000000
3470076|1|1|1|431.62734445|34700761|2||2||2|1|2|2|2|2|2|2|1||8||600000
3470077|1|1|1|182.19770894|34700771|2||2||1|1|2|2|2|2|2|2|2||1||600000
3470078|1|1|1|335.88512671|34700781|2||2||1|2|2|2|1|2|2|2|1||8||1000000
3470079|1|1|1|182.19770894|34700791|2||2||1|2|2|1|2|2|2|2|1||3||1600000
3470080|1|1|1|405.13177797|34700801|2||2||1|1|2|2|2|2|2|1|2||7||900000
3470081|1|1|1|173.10089605|34700811|2||1|1|1|1|2|2|2|2|2|1|1||8||5000000
3470082|1|1|1|376.75337063|34700821|2||2||1|1|2|2|2|2|2|2|2||1||1800000
3470083|1|1|1|379.27887965|34700831|2||2||1|1|2|2|2|2|2|2|2||1||3000000
3470084|1|1|1|357.08005766|34700841|2||2||1|1|2|2|2|2|2|2|2||1||2000000
3470085|1|1|1|227.3172663|34700851|2||2||2|1|2|2|2|2|2|2|2||1||900000
3470086|1|1|1|171.02010261|34700861|2||2||2|1|2|2|2|2|2|1|2||1||1300000
3470087|1|1|1|530.4407884|34700871|2||2||2|1|2|2|2|2|2|2|2||1||1000000
3470088|1|1|1|490.19044165|34700881|2||2||1|1|2|2|2|2|2|2|2||1||1100000
3470089|1|1|1|486.41697652|34700891|2||2||1|1|1|2|2|2|2|2|2||1||600000
3470090|1|1|1|136.81608208|34700901|2||2||1|1|2|2|2|2|2|2|1||8||900000
3470091|1|1|1|247.04538157|34700911|2||2||1|1|2|2|2|2|2|2|2||1||500000
3470092|1|1|1|172.70140145|34700921|2||2||1|1|2|2|2|2|2|2|2||1||700000
3470093|1|1|1|514.79171292|34700931|2||2||2|1|1|2|1|2|2|2|2||1||1300000
3470094|1|1|1|189.65734621|34700941|2||2||1|1|2|2|2|2|2|2|2||1||700000
3470095|1|1|1|352.57932588|34700951|2||2||1|1|2|2|2|2|2|2|2||1||1400000
3470096|1|1|1|425.57000045|34700961|2||2||2|1|1|2|2|2|2|2|2||1||1600000
3470097|1|1|1|465.00927548|34700971|2||2||1|1|2|2|2|2|2|2|2||1||4000000
3470098|1|1|1|324.01708936|34700981|2||2||1|1|2|2|2|2|2|2|1||8||300000
3470099|1|1|1|155.18490792|34700991|2||2||1|1|2|2|2|2|2|2|1||1||700000
3470100|1|1|1|375.87409171|34701001|2||2||1|2|1|2|2|2|2|2|1||8||400000
3470101|1|1|1|431.62734445|34701011|2||2||1|1|1|2|2|2|2|2|2||1||900000
3470102|1|1|1|503.36238865|34701021|2||2||2|1|2|2|2|2|2|2|2||1||1300000
3470103|1|1|1|171.02010261|34701031|2||2||1|1|1|2|1|2|2|2|2||1||1300000
3470103|1|2|2|171.02010261|34701032|2||2||2|1|1|2|1|2|2|2|2||1||900000
3470104|1|1|1|247.81479072|34701041|2||2||1|1|2|2|2|2|2|2|2||1||500000
3470105|1|1|1|551.63571935|34701051|2||2||2|1|2|2|2|2|2|2|2||1||500000
3470106|1|1|1|684.08041042|34701061|2||2||1|1|1|2|2|2|2|2|2||1||1000000
3470107|1|1|1|410.4324135|34701071|2||2||2|1|1|2|2|2|2|2|2||1||500000
3470108|1|1|1|171.02010261|34701081|2||2||1|1|1|2|2|2|2|2|2||1||600000
3470109|1|1|1|335.7556349|34701091|2||2||2|1|1|2|2|2|2|2|2||1||800000
3470110|1|1|1|254.3860946|34701101|2||2||1|2|1|2|2|2|2|2|1||8||600000
3470111|1|1|1|171.02010261|34701111|2||2||1|1|2|2|2|2|2|2|2||1||700000
3470112|1|1|1|444.85884535|34701121|2||2||1|1|2|2|2|2|2|2|2||1||1200000
3470113|1|1|1|551.63571935|34701131|2||2||1|1|1|2|2|2|2|2|2||1||1000000
3470114|1|1|1|440.72415735|34701141|2||2||1|1|2|2|2|2|2|2|2||1||1500000
3470115|1|1|1|363.78377548|34701151|2||2||1|1|2|2|2|2|2|2|2||1||1800000
3470116|1|1|1|363.78377548|34701161|2||2||2|1|1|1|2|2|2|2|1||1||1600000
3470117|1|1|1|468.05454975|34701171|2||2||1|1|2|2|2|2|2|2|2||1||1300000
3470118|1|1|1|145.10796585|34701181|2||2||1|1|2|1|2|2|2|2|2||3||2000000
3470119|1|1|1|159.63457448|34701191|2||2||1|1|2|2|2|2|2|2|2||1||1300000
3470121|1|1|1|580.43186339|34701211|2||2||2|1|2|2|2|2|2|2|2||1||1300000
3470122|1|1|1|145.10796585|34701221|2||2||1|1|1|1|1|2|2|2|2||1||2300000
3470123|1|1|1|112.24833567|34701231|2||2||1|1|1|2|2|2|2|2|2||1||99
3470124|1|1|1|280.98818175|34701241|2||2||1|1|2|2|2|2|2|2|2||1||1800000
3470125|1|1|1|338.60238397|34701251|2||2||1|1|2|2|2|2|2|2|2||1||4500000
3470126|1|1|1|318.96962092|34701261|2||2||1|1|2|2|2|2|2|2|2||1||1800000
3470127|1|1|1|232.09881845|34701271|2||2||2|1|2|2|2|2|2|2|2||1||2500000
3470128|1|1|1|127.95328023|34701281|2||2||1|1|2|2|2|2|2|2|2||1||2000000
3470129|1|1|1|112.24833567|34701291|2||1|1|1|1|2|2|2|2|2|2|1||1||3500000
3470130|1|1|1|234.89869943|34701301|2||2||1|1|1|2|2|2|2|2|2||1||800000
3470131|1|1|1|141.47522381|34701311|2||2||1|1|2|2|2|2|2|2|2||1||4000000
3470132|1|1|1|183.20674119|34701321|2||2||1|1|1|2|2|2|2|2|2||1||2300000
3470133|1|1|1|247.15292945|34701331|2||2||1|1|2|2|2|2|2|2|2||1||3800000
3470134|1|1|1|288.44272638|34701341|2||2||1|1|1|2|2|2|2|2|2||1||800000
3470135|1|1|1|112.24833567|34701351|2||2||1|1|2|2|2|2|2|2|1||1||1700000
3470136|1|1|1|112.24833567|34701361|2||2||1|1|1|2|2|2|2|2|2||1||1400000
3470137|1|1|1|372.84317344|34701371|2||2||1|1|1|2|2|2|2|2|2||1||3700000
3470138|1|1|1|177.08014726|34701381|2||2||1|1|2|2|2|2|2|2|2||1||900000
3470139|1|1|1|188.74988889|34701391|2||2||1|1|2|1|2|2|2|2|2||3||2900000
3470140|1|1|1|327.8541535|34701401|2||2||1|1|2|2|2|2|2|2|2||1||1300000
3470141|1|1|1|523.82556647|34701411|2||2||1|1|2|2|2|2|2|2|2||1||2000000
3470142|1|1|1|269.06047616|34701421|2||2||1|1|1|2|2|2|2|2|2||1||1900000
3470143|1|1|1|272.56948352|34701431|2||2||1|1|1|2|2|2|2|1|2||1||1000000
3470144|1|1|1|167.60157154|34701441|2||2||1|1|2|2|2|2|2|2|2||1||4000000
3470145|1|1|1|130.95639162|34701451|2||2||1|1|1|2|2|2|2|1|2||1||3000000
3470146|1|1|1|296.84088238|34701461|2||2||1|1|2|1|2|2|2|2|2||1||3600000
3470147|1|1|1|329.6100849|34701471|2||2||2|1|2|2|2|2|2|2|2||1||3700000
3470148|1|1|1|313.72305398|34701481|2||2||2|1|2|2|2|2|2|2|1||1||3000000
3470149|1|1|1|203.1191059|34701491|2||2||1|1|1|2|2|2|2|2|2||1||1000000
3470150|1|1|1|232.12834933|34701501|2||2||1|1|2|2|2|2|2|2|2||1||5000000
3470151|1|1|1|328.43436995|34701511|2||2||1|2|2|1|2|2|2|2|2||3||3000000
3470152|1|1|1|126.92202825|34701521|2||2||1|1|2|2|2|2|2|2|2||1||5000000
3470153|1|1|1|270.17318839|34701531|2||2||1|1|2|2|2|2|2|2|2||1||5000000
3470154|1|1|1|276.92447062|34701541|2||2||1|1|1|2|2|2|2|2|2||1||2500000
3470155|1|1|1|327.76634139|34701551|2||2||2|1|2|2|2|2|2|2|2||1||2800000
3470156|1|1|1|421.52676879|34701561|2||2||1|1|2|1|2|2|2|2|2||3||2000000
3470157|1|1|1|435.92728216|34701571|2||2||1|1|2|2|2|2|2|2|1||1||2400000
3470158|1|1|1|561.16769388|34701581|2||2||1|1|2|2|2|2|2|2|2||1||1300000
3470159|1|1|1|168.37250351|34701591|2||2||1|1|2|2|2|2|2|2|2||1||600000
3470160|1|1|1|563.0692642|34701601|2||2||2|1|1|2|2|2|2|2|2||1||1500000
3470161|1|1|1|212.52459514|34701611|2||1|1|1|1|2|2|2|2|2|2|2||1||2800000
3470162|1|1|1|348.14822768|34701621|2||2||1|1|2|2|2|2|2|2|2||1||1300000
3470163|1|1|1|425.54406134|34701631|2||2||1|1|2|2|2|2|2|2|2||1||800000
3470164|1|1|1|302.71001969|34701641|2||2||1|1|1|2|2|2|2|2|2||1||1300000
3470165|1|1|1|295.5693275|34701651|2||2||1|1|2|2|2|2|2|2|2||1||1000000
3470167|1|1|1|198.62875924|34701671|2||2||1|1|2|2|2|2|2|2|2||1||900000
3470168|1|1|1|188.41335239|34701681|2||2||1|1|1|2|1|2|2|2|2||1||1200000
3470169|1|1|1|249.20638494|34701691|2||2||1|2|2|2|2|2|2|2|1||8||500000
3470170|1|1|1|304.43250656|34701701|2||2||1|1|1|2|2|2|2|2|1||1||800000
3470171|1|1|1|290.88918985|34701711|2||2||1|1|1|2|2|2|2|2|2||1||1400000
3470172|1|1|1|190.2377182|34701721|2||2||1|1|2|2|2|2|2|2|2||1||1500000
3470173|1|1|1|289.53696207|34701731|2||2||1|1|2|2|2|2|2|2|2||1||2000000
3470175|1|1|1|322.6865698|34701751|2||2||2|1|2|2|2|2|2|2|2||1||1400000
3470176|1|1|1|383.1600665|34701761|2||2||1|1|2|2|2|2|2|2|2||1||900000
3470177|1|1|1|448.9341551|34701771|2||2||1|1|2|2|2|2|2|2|2||1||900000
3470178|1|1|1|263.73432937|34701781|2||2||2|1|2|2|2|2|2|2|2||1||1700000
3470179|1|1|1|218.04508545|34701791|2||2||1|1|2|2|2|2|2|2|2||1||800000
3470180|1|1|1|134.69800281|34701801|2||2||1|1|1|2|1|2|2|2|2||1||1900000
3470182|1|1|1|331.5608295|34701821|2||2||1|1|2|2|2|2|2|2|2||1||1300000
3470183|1|1|1|223.45735415|34701831|2||2||1|1|2|2|2|2|2|2|2||1||1200000
3470184|1|1|1|115.21678054|34701841|2||2||1|1|1|2|2|2|2|2|2||1||900000
3470185|1|1|1|58.239728739|34701851|2||2||1|1|2|2|2|2|2|2|2||1||1500000
3470186|1|1|1|87.889343923|34701861|2||2||1|1|2|2|2|2|2|2|2||1||350000
3470187|1|1|1|108.21635797|34701871|2||2||1|1|1|2|2|2|2|2|2||1||300000
3470188|1|1|1|152.30395958|34701881|2||2||1|1|1|2|2|2|2|2|2||1||1300000
3470189|1|1|1|150.8146641|34701891|2||2||1|1|2|2|2|2|2|2|2||1||1400000
3470190|1|1|1|186.29285408|34701901|2||2||1|1|2|2|2|2|2|2|2||1||800000
3470191|1|1|1|136.23875131|34701911|2||2||1|1|2|2|2|2|2|2|2||1||1200000
3470192|1|1|1|92.051787556|34701921|2||2||1|1|2|2|2|2|2|2|2||1||850000
3470193|1|1|1|149.10996872|34701931|2||2||1|1|2|2|2|2|2|2|2||1||700000
3470194|1|1|1|134.22228629|34701941|2||2||1|2|2|1|2|2|2|2|2||3||3800000
3470195|1|1|1|81.724057908|34701951|2||2||1|1|1|2|2|2|2|2|2||1||500000
3470196|1|1|1|161.32084716|34701961|2||2||1|1|1|2|2|2|2|2|2||1||900000
3470197|1|1|1|104.71059748|34701971|2||2||1|1|2|2|2|2|2|2|2||1||800000
3470198|1|1|1|109.17118811|34701981|2||2||1|1|1|2|2|2|2|2|2||1||950000
3470199|1|1|1|106.46187996|34701991|2||2||1|1|2|2|2|2|2|2|2||1||9000000
3470200|1|1|1|149.02289293|34702001|2||2||1|1|2|2|2|2|2|2|2||1||1500000
3470201|1|1|1|174.06166809|34702011|2||2||1|1|2|2|2|2|2|2|1||8||600000
3470202|1|1|1|99.4158388|34702021|2||2||1|1|2|2|2|2|2|2|2||1||1600000
3470203|1|1|1|147.07466963|34702031|2||2||1|1|1|2|2|2|2|2|2||1||900000
3470204|1|1|1|146.49536694|34702041|2||2||1|1|2|2|2|2|2|2|2||1||2400000
3470205|1|1|1|68.598988671|34702051|2||2||1|1|1|2|2|2|2|2|2||1||1300000
3470206|1|1|1|75.537661535|34702061|2||2||1|1|1|2|2|2|2|2|2||1||400000
3470207|1|1|1|115.95681788|34702071|2||2||1|1|2|2|2|2|2|2|2||1||1300000
3470208|1|1|1|104.84595553|34702081|2||2||1|1|2|2|2|2|2|2|2||1||1300000
3470209|1|1|1|80.016337227|34702091|2||2||1|1|2|2|2|2|2|2|2||1||99
3470210|1|1|1|121.98440453|34702101|2||2||1|1|1|2|2|2|2|2|2||1||1100000
3470211|1|1|1|87.04685993|34702111|2||2||1|1|2|2|2|2|2|2|2||1||400000
3470212|1|1|1|160.71458636|34702121|2||2||1|1|2|2|2|2|2|2|1||1||500000
3470213|1|1|1|171.74401613|34702131|2||2||1|1|1|2|2|2|2|2|2||1||900000
3470214|1|1|1|157.52059549|34702141|2||2||1|1|2|1|2|2|2|2|2||1||1500000
3470215|1|1|1|142.97175754|34702151|2||2||1|1|1|2|2|2|2|2|2||1||800000
3470216|1|1|1|142.97175754|34702161|1|1|2||1|2|2|2|2|2|2|2|1||8||350000
3470217|1|1|1|115.8771195|34702171|2||2||1|1|2|2|2|2|2|2|2||1||1000000
3470218|1|1|1|142.97175754|34702181|2||2||1|2|1|1|2|2|2|1|1||3||1500000
3470219|1|1|1|83.84668903|34702191|2||2||1|1|1|2|2|2|2|2|1||1||500000
3470220|1|1|1|160.71458636|34702201|2||2||1|2|2|1|2|2|2|2|2||3||2000000
3470221|1|1|1|145.25171607|34702211|2||2||1|1|2|2|2|2|2|2|2||1||1300000
3470222|1|1|1|95.197613293|34702221|2||2||1|1|1|2|2|2|2|2|1||1||1300000
3470223|1|1|1|100.51273826|34702231|2||2||1|1|1|2|2|2|2|2|1||1||800000
3470224|1|1|1|73.076578093|34702241|2||2||1|2|2|2|2|2|2|2|1||8||98
3470225|1|1|1|35.805397461|34702251|2||2||1|1|1|2|2|2|2|2|2||1||700000
3470226|1|1|1|57.009103072|34702261|2||2||1|1|1|2|2|2|2|2|1||8||500000
3470227|1|1|1|106.68735029|34702271|2||2||1|1|2|1|2|2|2|2|2||1||2000000
3470228|1|1|1|49.351296878|34702281|2||2||1|1|1|2|2|2|2|2|2||1||1200000
3470229|1|1|1|77.840179106|34702291|2||2||1|1|2|2|2|2|2|2|2||1||500000
3470230|1|1|1|74.175642524|34702301|2||2||1|1|2|2|1|2|2|2|2||1||3500000
3470231|1|1|1|136.23875131|34702311|2||2||1|1|2|2|2|2|2|2|2||1||1200000
3470232|1|1|1|142.97175754|34702321|2||2||1|2|2|2|2|2|2|2|1||8||600000
3470233|1|1|1|108.56885013|34702331|2||2||1|1|1|2|1|2|2|2|2||1||600000
3470234|1|1|1|144.64937809|34702341|2||2||1|1|2|2|2|2|2|1|2||1||1800000
3470235|1|1|1|87.04685993|34702351|2||2||1|2|2|2|2|2|2|2|1||8||300000
3470236|1|1|1|133.48285607|34702361|2||2||1|1|1|2|2|2|2|2|2||1||1400000
3470237|1|1|1|151.41700208|34702371|2||2||2|1|2|2|2|2|2|2|1||8||500000
3470238|1|1|1|104.07733336|34702381|2||2||1|1|2|2|2|2|2|2|2||1||600000
3470239|1|1|1|142.97175754|34702391|2||2||1|1|2|2|2|2|2|2|2||1||900000
3470240|1|1|1|58.239728739|34702401|2||2||1|1|2|2|2|2|2|2|2||1||200000
3470241|1|1|1|78.578232171|34702411|2||1|3|1|1|2|2|2|2|2|2|2||1||900000
3470242|1|1|1|70.827944351|34702421|2||2||1|1|2|2|2|2|2|2|2||1||800000
3470243|1|1|1|134.22228629|34702431|2||2||1|1|2|2|2|2|2|2|2||1||500000
3470244|1|1|1|86.786986514|34702441|2||2||1|1|2|2|2|2|2|2|2||1||700000
3470245|1|1|1|184.01289556|34702451|2||2||1|1|1|2|2|2|2|2|2||1||380000
3470246|1|1|1|118.07358447|34702461|2||2||1|1|2|2|2|2|2|2|2||1||1000000
3470247|1|1|1|139.28597484|34702471|2||2||1|1|1|2|2|2|2|2|2||1||1200000
3470248|1|1|1|85.84841715|34702481|2||2||1|1|1|2|2|2|2|2|2||1||650000
3470249|1|1|1|101.59874636|34702491|2||2||1|1|2|2|2|2|2|2|2||1||2600000
3470250|1|1|1|131.17780095|34702501|2||2||1|1|2|2|2|2|2|2|1||1||1500000
3470251|1|1|1|101.90423957|34702511|2||2||1|1|1|2|2|2|2|2|2||1||500000
3470252|1|1|1|50.474431573|34702521|2||2||1|1|2|2|2|2|2|2|2||1||1300000
3470253|1|1|1|125.36279434|34702531|2||2||1|1|1|2|2|2|2|2|2||1||2000000
3470254|1|1|1|89.271781814|34702541|2||2||1|1|1|2|2|2|2|2|2||1||550000
3470255|1|1|1|515.77543713|34702551|2||2||1|1|2|2|2|2|2|2|2||1||1500000
3470256|1|1|1|366.41976884|34702561|2||2||1|1|2|2|2|2|2|2|2||1||1800000
3470257|1|1|1|426.82808656|34702571|2||2||1|1|2|2|2|2|2|2|2||1||2600000
3470258|1|1|1|437.41004339|34702581|2||2||2|1|1|2|2|2|2|2|2||1||2500000
3470259|1|1|1|397.19864158|34702591|2||2||1|1|2|2|2|2|2|2|2||1||1500000
3470260|1|1|1|361.93438006|34702601|2||2||1|1|2|2|2|2|2|2|2||1||2600000
3470261|1|1|1|524.6343452|34702611|2||2||1|1|2|2|2|2|2|2|2||1||2000000
3470262|1|1|1|386.5148421|34702621|2||2||1|1|2|2|2|2|2|2|2||1||1800000
3470263|1|1|1|453.33189926|34702631|2||2||1|1|2|2|2|2|2|2|2||1||2500000
3470264|1|1|1|397.19864158|34702641|2||2||1|1|2|2|2|2|2|2|2||1||2600000
3470265|1|1|1|190.9499798|34702651|2||2||1|1|2|2|2|2|2|2|2||1||2000000
3470266|1|1|1|156.30091573|34702661|2||2||1|1|1|2|2|2|2|2|2||1||1300000
3470267|1|1|1|345.15670587|34702671|2||2||1|1|2|2|2|2|2|2|2||1||1200000
3470268|1|1|1|142.78717301|34702681|2||2||1|1|2|2|2|2|2|2|2||1||3000000
3470269|1|1|1|277.59120877|34702691|2||2||1|1|2|2|2|2|2|2|2||1||2000000
3470270|1|1|1|199.77172627|34702701|2||2||1|1|2|1|2|2|2|2|2||3||3000000
3470271|1|1|1|428.61835409|34702711|2||2||1|1|2|2|1|2|2|2|2||1||1500000
3470272|1|1|1|292.65049778|34702721|2||2||1|2|2|1|2|2|2|1|2||3||2500000
3470273|1|1|1|172.37829543|34702731|2||2||1|1|2|2|2|2|2|2|2||1||2500000
3470274|1|1|1|243.60898701|34702741|2||2||1|1|2|2|2|2|2|2|1||1||3000000
3470275|1|1|1|195.37614466|34702751|2||2||2|2|2|1|2|2|2|2|2||3||2000000
3470276|1|1|1|170.44167007|34702761|2||2||1|1|2|1|2|2|2|2|2||3||1900000
3470277|1|1|1|394.84636316|34702771|2||2||1|1|2|2|2|2|2|2|1||8||1000000
3470278|1|1|1|243.60898701|34702781|2||2||1|1|2|2|2|2|2|2|2||1||5000000
3470279|1|1|1|166.47643856|34702791|2||2||1|1|2|2|2|2|2|2|2||1||3000000
3470280|1|1|1|258.13725909|34702801|2||2||1|1|2|2|2|2|2|2|2||1||5000000
3470281|1|1|1|149.90343657|34702811|2||2||1|1|2|2|2|2|2|2|2||1||9000000
3470282|1|1|1|394.87363501|34702821|2||1|1|1|1|2|2|1|2|2|2|2||1||3000000
3470283|1|1|1|291.03646684|34702831|2||2||1|1|2|2|2|2|2|2|2||1||8000000
3470284|1|1|1|166.47643856|34702841|2||2||1|1|2|2|2|2|2|2|2||1||7000000
3470285|1|1|1|172.37829543|34702851|2||2||1|1|2|2|2|2|2|2|2||1||1800000
3470286|1|1|1|403.52652086|34702861|2||2||1|1|2|2|1|2|2|2|2||1||1200000
3470287|1|1|1|297.57201003|34702871|2||2||1|1|2|2|2|2|2|2|2||1||1650000
3470288|1|1|1|364.01051974|34702881|2||2||1|1|2|2|2|2|2|2|2||1||1600000
3470289|1|1|1|170.44167007|34702891|2||2||1|1|2|2|2|2|2|2|2||1||1400000
3470290|1|1|1|369.98686018|34702901|2||2||1|1|2|2|2|2|2|2|2||1||1500000
3470291|1|1|1|394.84636316|34702911|2||2||1|2|2|2|2|2|2|2|1||8||600000
3470292|1|1|1|243.60898701|34702921|2||2||1|1|2|2|2|2|2|2|2||1||1600000
3470293|1|1|1|379.99415175|34702931|2||2||1|1|2|1|2|2|2|2|2||3||2000000
3470294|1|1|1|159.91430448|34702941|2||2||1|1|2|2|2|2|2|2|2||1||1800000
3470295|1|1|1|236.20351461|34702951|2||1|1|1|1|2|2|2|2|2|2|1||1||3000000
3470296|1|1|1|172.38539843|34702961|2||2||1|1|1|2|2|2|2|2|2||1||900000
3470297|1|1|1|216.90774631|34702971|2||2||1|1|2|2|2|2|2|2|2||1||3000000
3470298|1|1|1|214.91311836|34702981|2||2||1|2|2|1|2|2|2|2|2||3||1300000
3470299|1|1|1|214.91311836|34702991|2||2||1|1|2|2|2|2|2|2|2||1||1500000
3470300|1|1|1|285.16681783|34703001|2||2||1|2|1|2|2|2|2|1|2||7||900000
3470301|1|1|1|430.52084219|34703011|2||2||1|1|2|2|1|2|2|2|2||1||1800000
3470302|1|1|1|219.48787333|34703021|2||2||1|1|2|2|2|2|2|2|2||1||1600000
3470303|1|1|1|269.31675561|34703031|2||2||1|1|2|2|2|2|2|2|2||1||1500000
3470304|1|1|1|273.0078898|34703041|2||2||1|1|2|2|2|2|2|2|2||1||1400000
3470305|1|1|1|393.65631744|34703051|2||2||1|1|2|2|2|2|2|2|2||1||2000000
3470306|1|1|1|310.07064049|34703061|2||2||1|1|2|2|2|2|2|2|2||1||1500000
3470307|1|1|1|228.84448834|34703071|2||2||1|1|2|2|2|2|2|2|2||1||1300000
3470308|1|1|1|219.48787333|34703081|2||2||2|2|2|1|2|2|2|2|2||3||1700000
3470309|1|1|1|336.09115826|34703091|2||2||1|1|2|2|1|2|2|2|2||1||2900000
3470310|1|1|1|243.60898701|34703101|2||1|1|1|1|2|2|2|2|2|2|2||1||4500000
3470311|1|1|1|323.61567158|34703111|2||2||1|1|2|2|2|2|2|2|2||1||2000000
3470312|1|1|1|320.94534941|34703121|2||2||1|1|2|2|2|2|2|2|2||1||3500000
3470313|1|1|1|361.16222709|34703131|2||2||1|1|2|2|2|2|2|2|2||1||4500000
3470314|1|1|1|438.49858949|34703141|2||2||1|1|2|2|2|2|2|2|2||1||3000000
3470315|1|1|1|472.18272556|34703151|2||2||1|1|2|2|2|2|2|2|2||1||2500000
3470316|1|1|1|163.72670502|34703161|2||2||1|1|2|2|2|2|2|2|2||1||3800000
3470317|1|1|1|276.39245421|34703171|2||2||1|2|2|1|2|2|2|2|2||3||1300000
3470318|1|1|1|251.36230524|34703181|2||2||1|1|2|2|2|2|2|2|2||1||3000000
3470319|1|1|1|167.08123233|34703191|2||2||1|1|2|2|2|2|2|2|2||1||1700000
3470320|1|1|1|136.76330126|34703201|2||2||2|1|2|1|2|2|2|2|1||1||4000000
3470321|1|1|1|119.30916905|34703211|2||2||1|1|2|2|2|2|2|2|2||1||2600000
3470322|1|1|1|477.23667619|34703221|2||2||1|1|2|2|2|2|2|2|2||1||4500000
3470323|1|1|1|222.4956279|34703231|2||2||1|1|2|2|2|2|2|2|2||1||3600000
3470324|1|1|1|149.67958025|34703241|2||2||1|1|2|1|2|2|2|2|2||1||2000000
3470325|1|1|1|226.53097011|34703251|2||2||1|1|2|2|2|2|2|2|1||8||1000000
3470326|1|1|1|339.26074857|34703261|2||2||1|1|2|2|2|2|2|2|2||1||2000000
3470327|1|1|1|204.05630236|34703271|2||2||1|1|1|2|2|2|2|2|2||1||1800000
3470328|1|1|1|238.81680514|34703281|2||2||1|1|2|2|2|2|2|2|2||1||2000000
3470329|1|1|1|320.94534941|34703291|2||2||1|1|2|2|2|2|2|2|2||1||2000000
3470330|1|1|1|195.37614466|34703301|2||2||1|1|2|2|2|2|2|2|2||1||1700000
3470331|1|1|1|292.65049778|34703311|2||2||1|1|2|2|2|2|2|2|2||1||1000000
3470332|1|1|1|382.59167724|34703321|2||2||1|1|2|2|2|2|2|2|2||1||2500000
3470333|1|1|1|372.69067744|34703331|2||2||1|1|2|2|2|2|2|2|2||1||1600000
3470334|1|1|1|303.67768086|34703341|2||2||1|1|2|2|2|2|2|2|2||1||1400000
3470335|1|1|1|592.31045252|34703351|2||2||1|1|1|2|1|2|2|2|2||1||1100000
3470336|1|1|1|292.65049778|34703361|2||2||1|1|2|2|2|2|2|2|1||8||1200000
3470337|1|1|1|383.58853014|34703371|2||2||2|2|2|1|2|2|2|2|2||3||2000000
3470338|1|1|1|438.49858949|34703381|2||2||1|1|2|2|2|2|2|2|2||1||1500000
3470339|1|1|1|269.65264856|34703391|2||2||1|1|2|2|2|2|2|2|2||1||1300000
3470340|1|1|1|292.65049778|34703401|2||2||1|1|2|2|2|2|2|2|2||1||2000000
3470341|1|1|1|243.60898701|34703411|2||2||1|1|2|2|2|2|2|2|2||1||5000000
3470342|1|1|1|73.63484619|34703421|2||2||1|1|2|2|2|2|2|2|2||1||1525000
3470343|1|1|1|79.928377193|34703431|2||2||1|1|2|2|2|2|2|2|2||1||1600000
3470344|1|1|1|111.91761534|34703441|2||2||1|1|2|2|2|2|2|1|2||7||4000000
3470345|1|1|1|97.444457334|34703451|2||2||1|2|2|2|2|2|2|2|1||8||2800000
3470346|1|1|1|58.866329222|34703461|2||2||1|1|2|2|2|2|2|2|2||1||2300000
3470347|1|1|1|58.091417306|34703471|2||2||1|1|1|2|2|2|2|2|1||1||1300000
3470348|1|1|1|84.193596469|34703481|2||2||1|1|2|2|2|2|2|2|2||1||99
3470349|1|1|1|67.321652361|34703491|2||2||1|2|2|1|2|2|2|2|2||3||6000000
3470350|1|1|1|139.79179137|34703501|2||2||1|1|2|2|2|2|2|1|2||7||1000000
3470351|1|1|1|100.9506304|34703511|2||2||1|1|2|2|2|2|2|2|2||1||1400000
3470352|1|1|1|100.91982341|34703521|2||2||2|1|2|2|2|2|2|2|2||1||2500000
3470353|1|1|1|117.74842305|34703531|2||2||1|1|2|2|2|2|2|2|2||1||98
3470354|1|1|1|203.2919346|34703541|2||2||1|1|2|2|2|2|2|2|2||1||1500000
3470355|1|1|1|124.35290593|34703551|2||2||1|1|2|2|2|2|2|2|2||1||1400000
3470356|1|1|1|102.63691496|34703561|2||2||1|1|2|2|2|2|2|2|2||1||1500000
3470357|1|1|1|143.8152172|34703571|2||2||1|1|2|2|2|2|2|2|2||1||2500000
3470358|1|1|1|139.79179137|34703581|2||2||1|1|2|2|2|2|2|2|2||1||3000000
3470359|1|1|1|143.8152172|34703591|2||2||1|1|2|2|2|2|2|2|2||1||2600000
3470360|1|1|1|172.4874692|34703601|2||2||1|1|1|2|2|2|2|2|2||1||98
3470361|1|1|1|140.42014474|34703611|2||2||1|1|2|2|2|2|2|2|2||1||1500000
3470362|1|1|1|178.54559901|34703621|2||2||1|1|2|2|2|2|2|2|2||1||1300000
3470363|1|1|1|206.62538682|34703631|2||2||1|1|2|2|2|2|2|2|2||1||3000000
3470364|1|1|1|105.65895594|34703641|2||2||1|1|1|2|2|2|2|2|2||1||1800000
3470365|1|1|1|86.985540475|34703651|2||2||1|1|2|2|2|2|2|2|2||1||1300000
3470366|1|1|1|108.44836101|34703661|2||2||1|1|2|2|2|2|2|2|2||1||2000000
3470367|1|1|1|54.493213777|34703671|2||2||1|1|2|2|2|2|2|2|1||8||1000000
3470368|1|1|1|118.2407124|34703681|2||2||1|1|2|1|2|2|2|2|2||3||1700000
3470369|1|1|1|80.762386836|34703691|2||2||1|1|2|2|2|2|2|2|2||1||98
3470370|1|1|1|135.25132751|34703701|2||2||1|1|1|2|2|2|2|2|2||1||2300000
3470371|1|1|1|99.166102937|34703711|2||2||1|1|1|2|2|2|2|2|2||1||1120000
3470372|1|1|1|149.6947572|34703721|2||2||1|1|2|2|2|2|2|2|2||1||1300000
3470372|1|2|2|149.6947572|34703722|2||2||1|2|1|2|2|2|2|2|1||2||900000
3470373|1|1|1|112.16736712|34703731|2||2||1|1|2|2|2|2|2|2|2||1||1555000
3470374|1|1|1|153.45978941|34703741|2||2||1|1|2|2|2|2|2|2|2||1||1300000
3470375|1|1|1|154.52898296|34703751|2||2||1|1|2|2|2|2|2|2|2||1||1300000
3470376|1|1|1|213.22467564|34703761|2||2||1|1|2|2|2|2|2|2|2||1||1010000
3470377|1|1|1|144.65747238|34703771|2||2||1|1|2|2|1|2|2|2|2||1||1200000
3470378|1|1|1|115.67380914|34703781|2||2||1|1|2|2|2|2|2|2|2||1||1830000
3470379|1|1|1|258.18407691|34703791|2||2||1|1|2|2|2|2|2|2|2||1||1300000
3470380|1|1|1|110.34543389|34703801|2||2||1|1|2|2|2|2|2|2|2||1||1300000
3470381|1|1|1|124.35290593|34703811|2||2||1|1|2|2|2|2|2|2|2||1||1200000
3470382|1|1|1|139.07608467|34703821|2||2||1|1|2|2|2|2|2|2|2||1||1000000
3470383|1|1|1|63.320942296|34703831|2||2||1|1|2|2|2|2|2|1|2||1||98
3470384|1|1|1|74.838752417|34703841|2||2||1|1|2|2|2|2|2|2|2||1||1000000
3470385|1|1|1|59.841468765|34703851|2||2||1|1|2|2|2|2|2|2|1||8||800000
3470386|1|1|1|92.539047315|34703861|2||2||1|1|2|2|2|2|2|2|2||1||1500000
3470387|1|1|1|55.906270691|34703871|2||2||1|1|2|2|2|2|2|1|2||1||1000000
3470388|1|1|1|59.841468765|34703881|2||2||1|1|2|2|2|2|2|2|2||1||600000
3470389|1|1|1|57.465959646|34703891|2||2||1|2|2|2|2|2|2|2|1||8||800000
3470390|1|1|1|120.90779582|34703901|2||2||2|1|2|2|2|2|2|2|2||1||1300000
3470391|1|1|1|74.801835956|34703911|2||2||2|2|2|2|2|2|2|2|1||8||720000
3470392|1|1|1|87.269873727|34703921|2||2||1|1|1|2|2|2|2|2|2||1||1780000
3470393|1|1|1|117.3600937|34703931|2||2||2|1|2|2|2|2|2|2|2||1||720000
3470394|1|1|1|161.14959798|34703941|2||2||1|1|2|2|2|2|2|2|2||1||600000
3470395|1|1|1|67.450040109|34703951|2||2||1|1|2|2|2|2|2|2|2||1||1880000
3470396|1|1|1|212.31370662|34703961|2||2||1|1|2|2|2|2|2|2|2||1||1600000
3470397|1|1|1|139.07608467|34703971|2||2||2|1|2|2|2|2|2|2|2||1||400000
3470398|1|1|1|149.06013088|34703981|2||2||1|1|2|2|2|2|2|2|2||1||1200000
3470399|1|1|1|130.40529154|34703991|2||2||1|1|2|2|2|2|2|2|2||1||900000
3470400|1|1|1|118.56053324|34704001|2||2||1|1|1|2|2|2|2|2|2||1||1750000
3470401|1|1|1|120.3294801|34704011|2||2||2|1|2|2|2|2|2|2|2||1||1470000
3470402|1|1|1|162.88199365|34704021|2||2||2|1|2|2|2|2|2|2|2||1||1300000
3470403|1|1|1|143.8152172|34704031|2||2||1|2|1|2|2|2|2|2|1||2||1190000
3470404|1|1|1|155.87387731|34704041|2||2||1|1|2|2|2|2|2|2|2||1||1200000
3470405|1|1|1|195.20704982|34704051|2||2||1|1|2|2|2|2|2|2|2||1||1100000
3470406|1|1|1|159.25720785|34704061|2||2||1|1|2|2|2|2|2|2|2||1||1200000
3470407|1|1|1|154.55732386|34704071|2||2||1|1|2|2|2|2|2|2|2||1||800000
3470408|1|1|1|258.8731542|34704081|2||2||1|1|2|2|2|2|2|2|2||1||900000
3470409|1|1|1|189.33996781|34704091|2||2||1|1|2|2|2|2|2|2|1||1||1000000
3470410|1|1|1|395.6541832|34704101|2||2||1|1|2|2|2|2|2|2|2||1||8000000
3470411|1|1|1|570.7972626|34704111|2||2||1|1|2|2|2|2|2|2|2||1||1300000
3470412|1|1|1|272.56772021|34704121|2||2||1|1|2|2|2|2|2|2|2||1||2000000
3470413|1|1|1|220.51110379|34704131|2||2||1|1|2|2|2|2|2|2|2||1||4000000
3470414|1|1|1|237.29339583|34704141|2||2||1|1|2|2|2|2|2|2|2||1||2000000
3470415|1|1|1|268.46495779|34704151|2||2||1|1|2|2|2|2|2|2|2||1||1800000
3470416|1|1|1|433.53456795|34704161|2||2||1|1|2|2|2|2|2|2|2||1||2800000
3470417|1|1|1|413.71562747|34704171|2||2||1|1|2|2|2|2|2|2|2||1||98
3470418|1|1|1|404.64383956|34704181|2||2||1|1|2|2|2|2|2|2|2||1||2000000
3470419|1|1|1|184.54201296|34704191|2||2||1|1|2|2|2|2|2|2|2||1||1600000
3470420|1|1|1|309.03804897|34704201|2||2||1|1|2|2|2|2|2|2|2||1||900000
3470421|1|1|1|184.54201296|34704211|2||2||1|1|2|2|2|2|2|2|2||1||2800000
3470422|1|1|1|524.02611801|34704221|2||2||1|1|1|2|2|2|2|2|2||1||98
3470423|1|1|1|167.25900915|34704231|2||2||1|1|2|2|2|2|2|2|2||1||2000000
3470424|1|1|1|458.55202034|34704241|2||2||1|1|2|1|2|2|2|2|2||1||2700000
3470425|1|1|1|378.27422476|34704251|2||2||1|1|2|2|2|2|2|2|2||1||1500000
3470426|1|1|1|808.21490299|34704261|2||1|4|1|1|2|2|1|2|2|2|2||4||880000
3470427|1|1|1|758.73579984|34704271|2||2||1|1|1|2|2|2|2|2|2||1||1500000
3470428|1|1|1|606.66611501|34704281|2||2||2|1|2|2|2|2|2|2|2||1||1500000
3470429|1|1|1|321.19668528|34704291|2||2||1|1|2|2|2|2|2|2|2||1||500000
3470430|1|1|1|397.0256418|34704301|2||2||1|1|2|2|2|2|2|2|2||1||98
3470431|1|1|1|218.16392498|34704311|2||2||1|1|2|2|2|2|2|2|2||1||2600000
3470432|1|1|1|356.99431854|34704321|2||2||1|1|2|2|2|2|2|2|2||1||1000000
3470433|1|1|1|235.79568832|34704331|2||2||1|1|2|2|2|2|2|2|2||1||1300000
3470434|1|1|1|240.70697343|34704341|2||2||1|1|2|2|2|2|2|2|2||1||98
3470435|1|1|1|317.69211039|34704351|2||2||1|1|2|2|2|2|2|2|2||1||5000000
3470436|1|1|1|527.79631247|34704361|2||2||1|1|2|2|2|2|2|2|2||1||98
3470437|1|1|1|357.72343365|34704371|2||2||1|1|2|2|2|2|2|2|2||1||98
3470438|1|1|1|488.49410432|34704381|2||2||1|1|2|2|2|2|2|2|2||1||3000000
3470439|1|1|1|326.1079704|34704391|2||2||1|1|2|2|2|2|2|2|2||1||8000000
3470440|1|1|1|191.15315331|34704401|2||2||1|1|2|2|2|2|2|2|2||1||3000000
3470441|1|1|1|210.90515767|34704411|2||2||1|1|2|2|2|2|2|2|2||1||1000000
3470442|1|1|1|307.4793184|34704421|2||2||1|1|2|2|2|2|2|2|2||1||900000
3470443|1|1|1|347.87008615|34704431|2||2||1|1|2|2|2|2|2|2|2||1||700000
3470444|1|1|1|273.04254595|34704441|2||2||1|1|2|2|2|2|2|2|2||1||700000
3470445|1|1|1|449.75995044|34704451|2||2||2|1|2|2|2|2|2|2|2||1||1300000
3470446|1|1|1|676.70591248|34704461|2||2||1|1|2|2|2|2|2|2|2||1||1300000
3470447|1|1|1|216.14604762|34704471|2||2||1|2|2|2|1|2|2|2|1||8||98
3470448|1|1|1|799.93439158|34704481|2||2||1|1|2|2|2|2|2|2|2||1||5000000
3470449|1|1|1|336.68694045|34704491|2||2||1|1|2|2|2|2|2|2|2||1||3000000
3470450|1|1|1|220.64863645|34704501|2||2||1|1|2|2|2|2|2|2|2||1||98
3470451|1|1|1|643.51394546|34704511|2||2||1|1|2|2|2|2|2|2|2||1||2000000
3470452|1|1|1|285.65650191|34704521|2||2||1|1|2|1|2|2|2|2|2||3||6000000
3470453|1|1|1|458.63296523|34704531|2||2||1|1|2|2|2|2|2|2|2||1||98
3470454|1|1|1|336.68694045|34704541|2||2||1|1|2|2|2|2|2|2|2||1||3000000
3470455|1|1|1|307.70609913|34704551|2||2||1|1|2|2|2|2|2|2|2||1||3000000
3470456|1|1|1|240.70697343|34704561|2||2||1|1|2|2|2|2|2|2|2||1||2000000
3470457|1|1|1|493.5302905|34704571|2||2||1|2|1|2|1|2|2|2|2||2||800000
3470458|1|1|1|350.92748296|34704581|2||2||1|1|2|2|2|2|2|2|2||1||1000000
3470459|1|1|1|406.59705228|34704591|2||2||1|2|2|2|2|2|2|2|1||8||98
3470460|1|1|1|417.57643291|34704601|2||2||1|1|2|2|2|2|2|2|2||1||2000000
3470461|1|1|1|365.41017855|34704611|2||2||1|2|2|2|2|2|2|2|1||8||98
3470462|1|1|1|423.89243011|34704621|2||2||1|1|2|2|2|2|2|2|2||1||1500000
3470463|1|1|1|240.7076034|34704631|2||2||1|1|2|2|2|2|2|2|2||1||2000000
3470464|1|1|1|672.28441556|34704641|2||2||1|1|1|2|2|2|2|2|2||1||2200000
3470465|1|1|1|294.49250714|34704651|2||2||1|1|2|2|2|2|2|2|2||1||2600000
3470466|1|1|1|128.3770525|34704661|1|1|2||1|1|2|2|2|2|2|2|2||1||5000000
3470467|1|1|1|116.35409332|34704671|2||2||1|2|2|1|2|2|2|2|2||3||98
3470468|1|1|1|133.48214073|34704681|2||2||1|1|2|1|2|2|2|2|2||3||98
3470469|1|1|1|195.89058353|34704691|2||2||1|1|2|2|2|2|2|2|2||1||5000000
3470470|1|1|1|173.92425088|34704701|2||2||1|1|2|2|2|2|2|2|2||1||98
3470471|1|1|1|194.88542856|34704711|2||2||1|1|2|2|2|2|2|2|2||1||3000000
3470472|1|1|1|216.85176122|34704721|2||2||1|1|2|2|2|2|2|2|1||8||2000000
3470473|1|1|1|194.88542856|34704731|2||2||1|1|2|2|2|2|2|2|2||1||1500000
3470474|1|1|1|667.99763938|34704741|2||1|1|1|1|2|2|1|2|2|2|2||1||1800000
3470475|1|1|1|277.7388155|34704751|2||2||1|1|2|2|2|2|2|2|2||1||3000000
3470476|1|1|1|323.0882441|34704761|2||2||1|1|2|2|2|2|2|2|1||1||98
3470477|1|1|1|751.01565951|34704771|2||2||1|1|2|2|2|2|1|2|2||1||3400000
3470478|1|1|1|524.10932579|34704781|2||2||1|1|2|2|2|2|2|2|2||1||98
3470479|1|1|1|341.97366083|34704791|2||2||1|1|2|2|2|2|2|2|2||1||2600000
3470480|1|1|1|323.08751721|34704801|2||2||1|1|2|2|2|2|2|2|2||1||2000000
3470481|1|1|1|272.07122117|34704811|2||2||1|1|2|2|2|2|2|2|1||8||98
3470482|1|1|1|465.10743156|34704821|2||2||1|1|2|2|2|2|2|2|2||1||2500000
3470483|1|1|1|869.01944795|34704831|2||2||1|1|2|2|2|2|2|2|2||1||1800000
3470484|1|1|1|563.64704344|34704841|2||2||1|1|2|2|2|2|2|2|2||1||1500000
3470485|1|1|1|793.30675113|34704851|2||2||1|1|2|2|2|2|2|2|2||1||3500000
3470486|1|1|1|335.67938087|34704861|2||2||1|1|2|1|2|2|2|2|2||1||3700000
3470487|1|1|1|403.09310735|34704871|2||2||1|1|2|2|2|2|2|2|2||1||8000000
3470488|1|1|1|406.59705228|34704881|2||2||1|2|2|1|2|2|2|2|2||3||6000000
3470489|1|1|1|252.16367945|34704891|2||2||1|1|2|1|2|2|2|2|2||1||2500000
3470490|1|1|1|406.59705228|34704901|1|1|2||1|2|2|2|2|2|2|1|1||7||4000000
3470491|1|1|1|281.89447713|34704911|2||2||1|1|2|2|2|2|2|2|2||1||10000000
3470492|1|1|1|403.09310735|34704921|2||2||1|1|2|2|2|2|2|2|2||1||98
3470493|1|1|1|406.74247087|34704931|2||2||1|1|2|2|2|2|2|2|2||1||900000
3470494|1|1|1|187.46318807|34704941|2||2||1|1|1|2|2|2|2|2|2||1||1200000
3470495|1|1|1|453.22796883|34704951|2||2||1|1|2|2|2|2|2|2|2||1||300000
3470496|1|1|1|442.27090299|34704961|2||2||1|1|2|2|2|2|2|2|2||1||2000000
3470497|1|1|1|442.27090299|34704971|2||2||1|1|2|2|2|2|2|2|2||1||1200000
3470498|1|1|1|294.27360917|34704981|2||2||1|1|2|2|2|2|2|2|2||1||800000
3470499|1|1|1|1068.7081528|34704991|2||2||1|1|2|2|2|2|2|2|2||1||1300000
3470500|1|1|1|638.49108799|34705001|2||2||1|1|2|2|2|2|2|2|2||1||3000000
3470501|1|1|1|684.8197137|34705011|2||2||1|1|2|2|2|2|2|2|2||1||2000000
3470502|1|1|1|398.04016154|34705021|2||2||1|1|2|2|2|2|2|2|2||1||6500000
3470503|1|1|1|652.39340144|34705031|2||2||1|1|2|2|2|2|2|2|2||1||2000000
3470504|1|1|1|426.32068213|34705041|2||2||1|1|1|2|2|2|2|2|2||1||2000000
3470505|1|1|1|423.23277887|34705051|2||2||1|1|2|2|2|2|2|2|2||1||1400000
3470506|1|1|1|380.89811543|34705061|2||2||1|2|1|2|2|2|2|1|2||7||500000
3470507|1|1|1|784.72962447|34705071|2||2||1|1|2|2|2|2|2|2|2||1||2300000
3470508|1|1|1|380.89811543|34705081|2||2||1|2|2|2|2|2|2|2|1||8||700000
3470509|1|1|1|514.03852062|34705091|2||2||1|2|2|2|2|2|2|2|1||8||1500000
3470510|1|1|1|326.4770783|34705101|2||2||1|1|2|2|2|2|2|2|2||1||6000000
3470511|1|1|1|380.94043204|34705111|2||2||1|1|2|2|2|2|2|2|2||1||3000000
3470512|1|1|1|393.81965156|34705121|2||2||1|1|2|2|2|2|2|2|2||1||15000000
3470513|1|1|1|380.94043204|34705131|2||2||1|1|2|2|2|2|2|2|2||1||5000000
3470514|1|1|1|384.29881846|34705141|2||2||1|2|2|1|2|2|2|2|2||3||4000000
3470515|1|1|1|193.37898972|34705151|2||2||1|1|2|2|2|2|2|2|2||1||4500000
3470516|1|1|1|393.81965156|34705161|2||2||1|2|2|1|2|2|2|2|2||3||3000000
3470517|1|1|1|380.94043204|34705171|2||2||1|1|2|2|2|2|2|1|2||1||4500000
3470518|1|1|1|553.35894292|34705181|2||2||1|1|2|1|2|2|2|2|2||1||3000000
3470519|1|1|1|308.03041738|34705191|2||2||1|1|2|2|2|2|2|2|2||1||2600000
3470520|1|1|1|259.69522484|34705201|2||2||1|1|2|2|2|2|2|2|2||1||3000000
3470521|1|1|1|255.03712795|34705211|2||2||1|1|2|2|2|2|2|2|2||1||2800000
3470522|1|1|1|554.21688677|34705221|2||2||1|1|2|2|2|2|2|2|2||1||1900000
3470523|1|1|1|255.03712795|34705231|2||2||1|1|2|2|2|2|2|2|2||1||640000
3470524|1|1|1|844.09714763|34705241|2||2||1|1|2|2|2|2|2|2|2||1||1800000
3470525|1|1|1|601.69413547|34705251|2||2||1|1|2|2|2|2|2|2|2||1||1300000
3470526|1|1|1|553.35894292|34705261|2||2||1|1|2|2|2|2|2|2|2||1||2000000
3470527|1|1|1|804.82673485|34705271|2||2||1|2|2|2|2|2|2|2|1||8||1800000
3470528|1|1|1|301.68345298|34705281|2||2||1|1|2|2|2|2|2|2|2||1||1300000
3470529|1|1|1|527.63947264|34705291|2||2||1|2|2|1|2|2|2|2|2||3||2000000
3470530|1|1|1|527.63947264|34705301|2||2||1|2|2|1|2|2|2|2|2||3||6000000
3470531|1|1|1|251.48114749|34705311|2||2||1|2|2|1|2|2|2|2|2||3||1300000
3470532|1|1|1|434.22385159|34705321|2||2||1|2|2|2|2|2|2|2|1||8||600000
3470533|1|1|1|264.55318184|34705331|2||2||1|1|2|2|2|2|2|2|2||1||1700000
3470534|1|1|1|527.63947264|34705341|2||2||1|1|2|2|2|2|2|2|2||1||6000000
3470535|1|1|1|227.73273563|34705351|2||2||1|1|2|2|2|2|2|2|2||1||2500000
3470536|1|1|1|616.44405366|34705361|2||2||1|1|2|2|2|2|2|2|2||1||4000000
3470537|1|1|1|435.17861111|34705371|2||2||1|1|1|2|2|2|2|2|2||1||2000000
3470538|1|1|1|383.85782115|34705381|2||2||1|1|2|1|2|2|2|2|2||3||3000000
3470539|1|1|1|648.22139727|34705391|2||2||1|2|2|2|2|2|2|2|1||8||400000
3470540|1|1|1|490.94584469|34705401|2||2||1|1|2|2|2|2|2|2|2||1||1300000
3470542|1|1|1|317.15439929|34705421|2||2||1|1|2|2|2|2|2|1|2||1||1000000
3470543|1|1|1|276.43755406|34705431|2||2||1|2|2|2|2|2|2|2|1||8||2000000
3470544|1|1|1|535.26301583|34705441|2||2||1|1|2|2|2|2|2|2|2||1||3000000
3470545|1|1|1|228.8794738|34705451|2||2||1|1|2|2|2|2|2|2|2||1||3500000
3470546|1|1|1|458.73604068|34705461|2||2||1|1|2|2|2|2|2|2|2||1||2000000
3470547|1|1|1|233.05981716|34705471|2||2||1|1|2|2|2|2|2|2|2||1||7000000
3470548|1|1|1|532.6375551|34705481|2||2||1|1|2|2|2|2|2|2|2||1||4000000
3470549|1|1|1|553.35972938|34705491|2||2||1|1|2|2|2|2|2|2|2||1||1600000
3470550|1|1|1|539.98191645|34705501|2||2||1|1|2|1|2|2|2|2|2||1||6000000
3470551|1|1|1|638.22476067|34705511|2||2||1|1|2|2|1|2|2|2|2||1||4500000
3470552|1|1|1|894.24614212|34705521|2||2||1|1|2|2|2|2|2|2|2||1||3000000
3470553|1|1|1|1177.0944367|34705531|2||2||1|1|2|2|2|2|2|2|2||1||7000000
3470554|1|1|1|330.8962467|34705541|2||2||1|1|2|2|2|2|2|2|2||1||4000000
3470555|1|1|1|293.95763854|34705551|2||2||1|1|2|1|2|2|2|2|2||1||4500000
3470556|1|1|1|484.40585557|34705561|2||2||1|2|2|1|2|2|2|2|2||3||1500000
3470557|1|1|1|635.94086251|34705571|2||2||1|1|2|2|2|2|2|2|2||1||2000000
3470558|1|1|1|205.32272277|34705581|2||1|3|1|1|2|2|2|2|2|2|1||8||2500000
3470559|1|1|1|205.32272277|34705591|2||2||1|2|2|2|2|2|2|2|1||8||1200000
3470560|1|1|1|484.40585557|34705601|2||2||1|2|2|2|2|2|2|2|1||8||600000
3470561|1|1|1|445.49264548|34705611|2||2||1|1|2|2|2|2|2|2|2||1||2500000
3470562|1|1|1|657.60884802|34705621|2||2||1|1|2|2|2|2|2|2|2||1||1600000
3470563|1|1|1|468.34521885|34705631|2||2||1|1|2|2|2|2|2|2|2||1||1300000
3470564|1|1|1|281.1947821|34705641|2||2||1|1|2|2|2|2|2|2|2||1||2500000
3470565|1|1|1|1124.7791284|34705651|2||2||1|1|2|2|2|2|2|2|2||1||1700000
3470566|1|1|1|408.22022242|34705661|2||2||1|1|2|2|2|2|2|2|2||1||1000000
3470567|1|1|1|534.87655189|34705671|2||2||1|1|2|2|2|2|2|2|2||1||1600000
3470568|1|1|1|361.85320966|34705681|2||2||1|2|1|2|2|2|2|2|1||8||300000
3470569|1|1|1|221.2566178|34705691|2||2||1|1|2|2|2|2|2|2|2||1||1300000
3470570|1|1|1|553.88154704|34705701|2||2||1|1|2|2|2|2|2|2|2||1||3000000
3470571|1|1|1|341.41901283|34705711|2||2||1|1|2|2|2|2|2|2|2||1||2000000
3470572|1|1|1|186.37328581|34705721|2||2||1|2|2|2|2|2|2|2|1||8||800000
3470573|1|1|1|402.2398139|34705731|2||2||1|1|2|2|2|2|2|2|2||1||800000
3470574|1|1|1|176.64249649|34705741|2||2||1|1|1|2|2|2|2|2|2||1||500000
3470575|1|1|1|193.63421482|34705751|2||2||1|1|1|2|2|2|2|2|2||1||900000
3470576|1|1|1|193.63421482|34705761|2||2||1|1|2|2|2|2|2|2|2||1||550000
3470577|1|1|1|159.90945652|34705771|2||2||1|1|2|2|1|2|2|2|2||1||2500000
3470578|1|1|1|217.62280099|34705781|2||2||1|1|2|2|2|2|2|2|2||1||850000
3470579|1|1|1|217.62280099|34705791|2||2||1|1|2|2|2|2|2|2|2||1||2500000
3470580|1|1|1|225.89272959|34705801|2||2||1|2|1|2|2|2|2|2|1||8||800000
3470581|1|1|1|163.62564607|34705811|2||2||1|1|1|2|2|2|2|2|1||8||500000
3470582|1|1|1|197.82283039|34705821|2||2||1|1|2|2|2|2|2|2|2||1||1600000
3470583|1|1|1|147.20208041|34705831|2||2||1|1|2|2|2|2|2|2|2||1||3500000
3470584|1|1|1|208.23442981|34705841|2||2||1|1|2|2|2|2|2|2|2||1||1300000
3470585|1|1|1|147.20208041|34705851|2||2||1|1|2|2|2|2|2|2|2||1||98
3470586|1|1|1|232.26773945|34705861|2||2||1|1|2|1|2|2|2|2|2||3||4600000
3470587|1|1|1|207.62226149|34705871|2||2||1|1|2|2|2|2|2|2|2||1||1500000
3470588|1|1|1|183.0157489|34705881|2||2||1|1|2|2|2|2|2|2|2||1||2500000
3470589|1|1|1|227.82620386|34705891|2||2||1|1|2|1|2|2|2|2|2||1||5000000
3470590|1|1|1|181.55869033|34705901|2||2||1|1|2|2|2|2|2|1|2||1||99
3470591|1|1|1|232.16752764|34705911|2||2||1|2|2|1|2|2|2|2|2||3||3000000
3470592|1|1|1|278.2477805|34705921|2||2||1|1|2|2|1|2|2|2|2||1||750000
3470593|1|1|1|395.83703374|34705931|2||2||1|1|2|2|2|2|2|2|2||1||2500000
3470594|1|1|1|303.11273577|34705941|2||1|1|1|1|2|2|1|2|2|2|1||1||4000000
3470595|1|1|1|355.48115421|34705951|2||2||1|1|2|2|2|2|2|2|2||1||1300000
3470596|1|1|1|360.81779194|34705961|2||2||1|1|2|2|2|2|2|2|2||1||2000000
3470597|1|1|1|310.43819038|34705971|2||2||1|1|2|2|2|2|2|2|2||1||2500000
3470598|1|1|1|225.29198658|34705981|2||2||1|1|2|2|2|2|2|2|2||1||1000000
3470599|1|1|1|215.74236853|34705991|2||2||1|2|2|1|2|2|2|1|2||3||1200000
3470600|1|1|1|253.65871094|34706001|2||2||1|1|1|2|2|2|2|2|1||1||600000
3470601|1|1|1|250.47558237|34706011|2||2||1|1|2|2|2|2|2|2|2||1||1800000
3470602|1|1|1|253.65871094|34706021|2||2||1|1|2|2|2|2|2|2|2||1||800000
3470603|1|1|1|226.78476665|34706031|2||2||1|1|2|2|2|2|2|2|2||1||1300000
3470604|1|1|1|258.46513943|34706041|2||2||1|1|2|2|2|2|2|2|2||1||1300000
3470605|1|1|1|272.20212686|34706051|2||2||1|1|1|1|2|2|2|2|2||1||2500000
3470606|1|1|1|259.4630911|34706061|2||2||1|1|2|2|2|2|2|2|2||1||600000
3470607|1|1|1|293.8384593|34706071|2||2||1|1|1|2|2|2|2|2|2||1||3000000
3470608|1|1|1|276.01827922|34706081|2||2||1|1|2|2|2|2|2|2|2||1||2000000
3470609|1|1|1|311.19835898|34706091|2||2||1|1|2|2|2|2|2|2|2||1||1300000
3470610|1|1|1|284.83338752|34706101|2||2||1|1|2|2|2|2|2|2|1||1||1000000
3470611|1|1|1|280.330557|34706111|2||2||1|1|2|2|2|2|2|2|2||1||1300000
3470612|1|1|1|390.43955589|34706121|2||2||1|1|2|2|2|2|2|2|2||1||2000000
3470613|1|1|1|306.81246484|34706131|2||2||1|1|2|2|2|2|2|2|2||1||850000
3470614|1|1|1|311.04600994|34706141|2||2||1|2|2|2|1|2|2|2|2||4||600000
3470615|1|1|1|335.24021009|34706151|2||2||1|1|2|2|1|2|2|2|2||1||2600000
3470616|1|1|1|390.43955589|34706161|2||2||1|1|2|2|2|2|2|2|2||1||700000
3470617|1|1|1|315.5632189|34706171|2||2||1|1|2|2|2|2|2|2|2||1||1300000
3470618|1|1|1|236.38637623|34706181|2||2||1|1|1|2|2|2|2|2|2||1||1000000
3470619|1|1|1|348.54255428|34706191|2||2||1|1|2|2|2|2|2|2|2||1||1300000
3470620|1|1|1|232.08847689|34706201|2||2||1|1|1|2|2|2|2|2|2||1||1800000
3470621|1|1|1|276.00390077|34706211|2||2||1|1|2|2|2|2|2|2|1||1||99
3470622|1|1|1|295.68089195|34706221|2||2||1|1|2|2|2|2|2|2|2||1||1300000
3470623|1|1|1|289.54370241|34706231|2||2||1|1|1|2|1|2|2|2|2||1||900000
3470624|1|1|1|306.79808639|34706241|2||2||2|1|1|2|2|2|2|1|2||7||960000
3470625|1|1|1|239.20313903|34706251|2||2||1|1|2|2|2|2|2|2|2||1||900000
3470626|1|1|1|258.17895309|34706261|2||2||1|1|2|2|2|2|2|2|2||1||2000000
3470627|1|1|1|333.17508769|34706271|2||2||1|1|2|2|2|2|2|2|1||8||400000
3470628|1|1|1|218.62736585|34706281|2||2||1|1|2|2|2|2|2|2|2||1||3600000
3470629|1|1|1|267.50811022|34706291|2||2||1|1|2|2|2|2|2|2|2||1||1300000
3470630|1|1|1|1366.0847085|34706301|2||2||1|1|2|2|2|2|2|2|2||1||900000
3470631|1|1|1|1403.8154799|34706311|2||2||1|2|2|2|2|2|2|2|1||8||300000
3470632|1|1|1|1323.0552817|34706321|2||2||1|1|2|2|2|2|2|2|1||1||1000000
3470633|1|1|1|2272.3719233|34706331|2||2||1|1|1|2|2|2|2|2|2||1||500000
3470634|1|1|1|1177.5962206|34706341|2||2||1|1|2|2|2|2|2|2|2||1||1000000
3470635|1|1|1|1277.5548186|34706351|2||2||1|1|2|2|2|2|2|2|2||1||2600000
3470636|1|1|1|654.04846648|34706361|2||2||1|1|1|2|2|2|2|2|2||1||900000
3470637|1|1|1|271.3089935|34706371|2||2||1|1|2|2|2|2|2|2|2||1||1300000
3470638|1|1|1|377.72799707|34706381|2||2||1|1|1|2|2|2|2|2|2||1||1200000
3470639|1|1|1|966.38654151|34706391|2||2||1|1|2|2|2|2|2|2|2||1||98
3470640|1|1|1|445.28231083|34706401|2||2||1|1|2|2|2|2|2|2|2||1||1600000
3470641|1|1|1|271.3089935|34706411|2||2||1|1|2|2|2|2|2|2|1||1||800000
3470642|1|1|1|792.69166545|34706421|2||2||1|1|2|2|2|2|1|2|2||1||1000000
3470643|1|1|1|449.71086961|34706431|2||2||1|1|2|2|2|2|2|2|2||1||1800000
3470644|1|1|1|1967.2868881|34706441|2||2||1|1|2|2|2|2|2|2|2||1||2000000
3470645|1|1|1|552.30759391|34706451|2||2||1|1|2|2|2|2|2|2|2||1||1300000
3470646|1|1|1|2181.708012|34706461|2||2||1|1|2|2|2|2|2|2|2||1||4000000
3470647|1|1|1|1010.6265683|34706471|2||2||1|1|2|2|2|2|2|2|2||1||2000000
3470648|1|1|1|552.30759391|34706481|2||2||1|1|2|2|2|2|2|2|2||1||1300000
3470649|1|1|1|552.30759391|34706491|2||2||1|1|2|2|2|2|2|2|2||1||1600000
3470650|1|1|1|721.24973546|34706501|2||2||1|2|2|2|2|2|2|2|1||8||400000
3470651|1|1|1|1537.4176298|34706511|2||2||1|1|2|2|2|2|2|2|2||1||1500000
3470652|1|1|1|777.49915318|34706521|2||2||1|1|2|2|2|2|2|1|2||1||2000000
3470653|1|1|1|824.95823264|34706531|2||2||1|1|2|1|2|2|2|2|2||3||1200000
3470654|1|1|1|489.06959688|34706541|2||2||1|1|2|2|2|2|2|2|2||1||2000000
3470655|1|1|1|345.30235536|34706551|2||2||1|1|2|2|2|2|2|2|1||1||1300000
3470656|1|1|1|1381.2094215|34706561|2||2||1|1|2|2|2|2|2|2|2||1||800000
3470657|1|1|1|600.64637902|34706571|2||2||1|1|2|2|2|2|2|2|2||1||1300000
3470658|1|1|1|595.01003148|34706581|2||2||1|1|2|2|2|2|2|2|2||1||2600000
3470659|1|1|1|581.52683486|34706591|2||2||1|1|2|2|2|2|2|2|2||1||1200000
3470660|1|1|1|439.37803356|34706601|2||2||1|1|2|2|2|2|2|2|2||1||600000
3470661|1|1|1|1381.2094215|34706611|2||2||1|1|1|2|2|2|2|2|2||1||700000
3470662|1|1|1|345.30235536|34706621|2||2||1|1|2|2|2|2|2|2|2||1||400000
3470663|1|1|1|1229.9465074|34706631|2||2||1|1|2|2|2|2|2|2|2||1||300000
3470664|1|1|1|345.30235536|34706641|2||2||1|1|1|2|2|2|2|2|2||1||1200000
3470665|1|1|1|621.70736494|34706651|2||2||1|1|2|2|2|2|2|2|2||1||1200000
3470666|1|1|1|701.23949553|34706661|2||2||1|1|2|2|2|2|2|2|2||1||800000
3470667|1|1|1|1630.0673167|34706671|2||2||1|1|2|2|2|2|2|2|2||1||1500000
3470668|1|1|1|905.2041904|34706681|2||2||1|1|2|2|2|2|2|2|1||1||1300000
3470669|1|1|1|1114.7965799|34706691|2||2||1|1|2|2|2|2|2|2|1||8||900000
3470670|1|1|1|1114.7965799|34706701|2||2||1|1|2|2|2|2|2|2|2||1||1200000
3470671|1|1|1|551.09639305|34706711|2||2||1|1|2|2|2|2|2|2|2||1||800000
3470672|1|1|1|1630.0673167|34706721|2||2||1|1|2|2|2|2|2|2|2||1||700000
3470673|1|1|1|1316.1436882|34706731|2||2||1|1|2|2|2|2|2|2|2||1||1300000
3470674|1|1|1|730.04930234|34706741|2||2||1|1|2|2|2|2|2|2|2||1||600000
3470675|1|1|1|1152.0883785|34706751|2||2||1|1|2|1|2|2|2|2|2||1||1200000
3470676|1|1|1|1749.1612778|34706761|2||2||1|1|2|2|2|2|2|2|2||1||1200000
3470677|1|1|1|508.70436281|34706771|2||2||1|1|2|2|2|2|2|2|2||1||600000
3470678|1|1|1|1823.6090366|34706781|2||2||1|1|2|2|2|2|2|2|2||1||1200000
3470679|1|1|1|1504.6775231|34706791|2||2||1|1|2|2|2|2|2|2|2||1||1300000
3470680|1|1|1|584.48450835|34706801|2||2||1|1|2|2|2|2|2|2|2||1||1200000
3470681|1|1|1|713.54014086|34706811|2||2||1|1|2|2|2|2|2|2|2||1||1300000
3470682|1|1|1|508.70436281|34706821|2||2||1|1|2|2|2|2|1|2|2||1||1200000
3470683|1|1|1|1571.7434638|34706831|2||2||1|1|1|2|2|2|2|1|2||1||700000
3470684|1|1|1|1571.7434638|34706841|2||2||1|1|2|2|2|2|2|2|1||1||600000
3470685|1|1|1|2106.016601|34706851|2||2||1|1|2|2|2|2|2|2|2||1||800000
3470686|1|1|1|1022.2159217|34706861|2||2||1|1|2|2|2|2|2|2|2||1||1200000
3470687|1|1|1|1283.7329426|34706871|2||1|4|1|1|1|1|2|2|2|2|2||3||1200000
3470688|1|1|1|732.2874102|34706881|2||2||1|1|2|2|2|2|2|2|2||1||1000000
3470689|1|1|1|802.84606311|34706891|2||2||1|1|1|2|1|2|2|2|2||1||900000
3470690|1|1|1|1305.1937799|34706901|2||2||1|1|2|2|2|2|2|2|2||1||1200000
3470691|1|1|1|2802.2376584|34706911|2||2||1|1|1|2|2|2|2|2|2||1||1300000
3470692|1|1|1|1129.5245061|34706921|2||2||1|1|1|2|2|2|2|2|2||1||1200000
3470693|1|1|1|627.97596921|34706931|2||2||1|1|2|2|2|2|2|2|2||1||900000
3470694|1|1|1|1130.6534085|34706941|2||2||1|1|1|2|2|2|2|2|2||1||1000000
3470695|1|1|1|627.97596921|34706951|2||2||1|1|2|2|2|2|2|2|2||1||1300000
3470696|1|1|1|2209.8904008|34706961|2||2||1|1|1|2|2|2|2|2|2||1||1200000
3470697|1|1|1|747.6208298|34706971|2||2||1|1|1|2|2|2|2|2|1||1||300000
3470698|1|1|1|1753.7977198|34706981|2||2||1|1|2|2|2|2|2|2|2||1||1200000
3470699|1|1|1|627.97596921|34706991|2||2||1|1|2|2|2|2|2|2|2||1||500000
3470700|1|1|1|911.3766199|34707001|2||2||1|1|1|2|1|2|2|2|2||1||100000
3470701|1|1|1|191.49091194|34707011|2||2||1|1|2|2|2|2|2|2|2||1||1500000
3470702|1|1|1|192.81530862|34707021|2||2||1|2|2|2|2|2|2|2|1||8||800000
3470703|1|1|1|275.68105564|34707031|2||2||1|1|2|2|2|2|2|2|2||1||800000
3470704|1|1|1|153.4907939|34707041|2||2||1|1|2|2|2|2|2|2|2||1||3500000
3470705|1|1|1|257.19248406|34707051|2||2||1|1|2|2|2|2|2|2|2||1||3000000
3470706|1|1|1|213.19894347|34707061|2||2||1|1|2|2|2|2|2|2|2||1||1800000
3470707|1|1|1|252.54831372|34707071|2||2||1|1|2|2|2|2|2|2|2||1||1250000
3470708|1|1|1|214.49848461|34707081|2||2||1|1|2|2|2|2|2|2|2||1||1250000
3470709|1|1|1|214.52334015|34707091|2||2||1|1|2|2|2|2|2|2|2||1||1500000
3470710|1|1|1|297.62463763|34707101|2||2||1|2|2|2|2|2|2|2|1||8||2000000
3470711|1|1|1|179.84289652|34707111|2||2||1|1|2|2|2|2|2|2|2||1||18000000
3470712|1|1|1|295.95505514|34707121|2||2||1|1|2|2|2|2|2|2|1||8||900000
3470713|1|1|1|268.5270867|34707131|2||2||1|1|2|2|2|2|2|2|2||1||1250000
3470714|1|1|1|251.54122194|34707141|2||2||1|1|2|2|2|2|2|2|2||1||2500000
3470715|1|1|1|225.95543979|34707151|2||2||1|1|2|2|2|2|2|2|2||1||1300000
3470716|1|1|1|179.84289652|34707161|2||2||1|1|2|2|2|2|2|2|2||1||13000000
3470717|1|1|1|323.06373707|34707171|1|1|2||1|2|2|2|2|2|2|1|2||7||5500000
3470718|1|1|1|268.99305592|34707181|2||2||1|1|2|2|2|2|2|2|1||1||1800000
3470719|1|1|1|314.77740151|34707191|2||2||1|1|2|2|2|2|2|2|2||1||2800000
3470720|1|1|1|347.61862949|34707201|2||2||1|1|2|2|2|2|2|2|2||1||1250000
3470721|1|1|1|311.59383041|34707211|2||2||1|1|2|2|2|2|2|2|2||1||1250000
3470722|1|1|1|156.92159714|34707221|2||2||1|1|2|2|2|2|2|2|2||1||2600000
3470723|1|1|1|391.38532783|34707231|2||2||1|1|2|2|2|2|2|2|2||1||1800000
3470724|1|1|1|236.3038363|34707241|2||2||1|1|2|2|2|2|2|2|2||1||2000000
3470725|1|1|1|284.29608863|34707251|2||2||1|2|2|1|2|2|2|2|2||3||1300000
3470726|1|1|1|182.14302131|34707261|2||2||1|1|2|2|2|2|2|2|2||1||2600000
3470727|1|1|1|260.44044852|34707271|2||2||1|1|2|2|2|2|2|2|2||1||900000
3470728|1|1|1|335.39217937|34707281|2||2||1|1|2|2|2|2|2|2|2||1||1800000
3470729|1|1|1|284.29608863|34707291|2||2||1|1|2|2|2|2|2|2|2||1||1300000
3470730|1|1|1|197.47500294|34707301|2||2||1|1|2|2|2|2|2|2|2||1||1300000
3470731|1|1|1|321.78477018|34707311|2||2||1|1|2|2|2|2|2|2|2||1||1250000
3470732|1|1|1|277.71323624|34707321|2||2||1|1|2|2|2|2|2|2|2||1||1250000
3470733|1|1|1|127.29390982|34707331|2||2||1|2|2|1|2|2|2|2|2||3||2600000
3470734|1|1|1|191.14652675|34707341|2||2||1|1|2|2|2|2|2|2|2||1||1800000
3470735|1|1|1|203.57423641|34707351|2||2||1|1|2|2|2|2|2|2|1||1||2500000
3470736|1|1|1|226.63972909|34707361|2||2||1|1|2|2|2|2|2|2|2||1||1500000
3470737|1|1|1|181.00406825|34707371|2||2||1|1|2|2|2|2|2|2|2||1||1300000
3470738|1|1|1|179.88660855|34707381|2||2||1|2|2|1|2|2|2|2|2||3||4000000
3470739|1|1|1|201.2494375|34707391|2||2||1|2|2|1|2|2|2|2|2||3||2400000
3470740|1|1|1|172.08360277|34707401|2||2||1|1|2|2|2|2|2|2|2||1||1300000
3470741|1|1|1|153.6298923|34707411|2||2||1|1|2|2|2|2|2|2|2||1||2600000
3470742|1|1|1|139.71130826|34707421|2||2||1|1|2|1|2|2|2|2|2||1||6000000
3470743|1|1|1|175.22450436|34707431|2||2||1|1|2|2|2|2|2|2|2||1||2600000
3470744|1|1|1|170.94828668|34707441|2||2||1|2|2|1|2|2|2|2|2||3||1250000
3470745|1|1|1|153.64969905|34707451|2||2||1|1|2|2|2|2|2|2|2||1||1600000
3470746|1|1|1|170.92847993|34707461|2||2||1|1|2|1|2|2|2|2|2||1||3500000
3470747|1|1|1|249.76131761|34707471|2||2||1|1|2|2|2|2|2|2|2||1||2000000
3470748|1|1|1|170.92847993|34707481|2||2||1|1|2|2|2|2|2|2|2||1||1300000
3470749|1|1|1|145.68058326|34707491|2||2||1|1|2|1|2|2|2|2|2||3||4500000
3470750|1|1|1|298.40880558|34707501|2||2||1|1|2|2|2|2|2|2|2||1||1500000
3470751|1|1|1|261.95058412|34707511|2||2||1|1|2|2|2|2|2|2|2||1||2500000
3470752|1|1|1|275.89043229|34707521|2||2||1|1|2|2|2|2|2|2|2||1||2600000
3470753|1|1|1|262.01582989|34707531|2||2||1|1|2|2|2|2|2|2|2||1||2600000
3470754|1|1|1|396.41865048|34707541|2||2||1|1|2|2|2|2|2|2|2||1||2600000
3470755|1|1|1|300.75033711|34707551|2||1|1|1|1|2|2|2|2|2|2|1||1||3000000
3470756|1|1|1|203.12969186|34707561|2||2||1|1|2|2|2|2|2|2|2||1||2000000
3470757|1|1|1|229.91583549|34707571|2||2||1|1|2|1|2|2|2|2|2||1||4000000
3470758|1|1|1|298.37330919|34707581|2||2||1|2|2|1|2|2|2|2|2||3||1250000
3470759|1|1|1|156.9538006|34707591|2||2||1|1|2|2|2|2|2|2|2||1||2600000
3470760|1|1|1|197.19747472|34707601|2||2||1|1|2|2|2|2|2|2|2||1||1300000
3470761|1|1|1|219.37345017|34707611|2||2||1|1|2|2|2|2|2|2|2||1||2500000
3470762|1|1|1|158.28287677|34707621|2||2||1|1|2|2|2|2|2|2|2||1||1500000
3470763|1|1|1|156.9538006|34707631|2||2||1|1|2|2|2|2|2|2|2||1||1300000
3470764|1|1|1|235.80022518|34707641|2||2||1|1|2|2|2|2|2|2|2||1||2500000
3470765|1|1|1|186.96973253|34707651|2||2||1|1|2|2|2|2|2|2|2||1||2500000
3470766|1|1|1|274.6894027|34707661|2||2||1|1|2|2|2|2|2|2|2||1||2500000
3470767|1|1|1|308.15310306|34707671|2||2||1|1|2|2|2|2|2|2|1||1||100000
3470768|1|1|1|326.10672574|34707681|2||2||1|1|2|2|2|2|2|2|2||1||2000000
3470769|1|1|1|239.76393112|34707691|2||2||1|1|2|2|2|2|2|2|2||1||2000000
3470770|1|1|1|283.88811589|34707701|2||2||1|1|2|2|2|2|2|2|1||1||700000
3470771|1|1|1|172.99506724|34707711|2||2||1|1|2|2|2|2|2|2|2||1||1300000
3470772|1|1|1|308.15310306|34707721|2||2||1|1|2|2|2|2|2|2|2||1||2500000
3470773|1|1|1|265.62144312|34707731|2||2||1|1|2|2|2|2|2|2|2||1||1250000
3470774|1|1|1|372.3406905|34707741|2||2||1|1|2|2|2|2|2|2|2||1||3000000
3470775|1|1|1|172.99506724|34707751|2||2||1|1|2|2|2|2|2|2|2||1||2500000
3470776|1|1|1|308.15310306|34707761|2||2||1|1|2|2|2|2|2|2|2||1||3000000
3470777|1|1|1|147.51084766|34707771|2||2||1|1|2|2|2|2|2|2|2||1||7000000
3470778|1|1|1|262.75850615|34707781|2||2||1|1|2|2|2|2|2|2|2||1||7000000
3470779|1|1|1|226.51595322|34707791|2||2||1|2|2|2|2|2|2|2|1||8||5000000
3470780|1|1|1|194.93587106|34707801|2||2||1|1|2|2|2|2|2|2|2||1||8000000
3470781|1|1|1|353.94686903|34707811|2||2||1|1|2|2|2|2|2|2|2||1||4400000
3470782|1|1|1|204.66607465|34707821|2||2||1|1|2|2|1|2|2|1|2||1||2500000
3470783|1|1|1|250.35976989|34707831|2||2||1|1|2|2|2|2|2|2|2||1||4000000
3470784|1|1|1|235.41110672|34707841|2||2||1|2|2|1|2|2|2|2|2||3||3000000
3470785|1|1|1|199.9432303|34707851|2||2||1|2|2|2|2|2|2|2|1||8||2500000
3470787|1|1|1|165.92188913|34707871|2||2||1|1|2|2|2|2|2|2|2||1||4000000
3470788|1|1|1|145.5323117|34707881|1|1|2||1|1|2|2|2|2|2|1|2||1||8000000
3470789|1|1|1|201.72507269|34707891|2||2||1|1|2|1|2|2|2|2|2||1||5000000
3470790|1|1|1|237.48151091|34707901|2||2||1|1|2|2|2|2|2|2|2||1||3000000
3470791|1|1|1|201.70170002|34707911|2||2||1|1|2|2|2|2|2|2|2||1||4000000
3470792|1|1|1|251.25245501|34707921|2||2||1|1|2|2|2|2|2|2|2||1||2700000
3470793|1|1|1|171.90828185|34707931|2||2||1|1|2|2|2|2|2|2|2||1||6000000
3470794|1|1|1|237.48151091|34707941|2||2||1|2|2|2|2|2|2|1|2||7||1700000
3470795|1|1|1|267.59713287|34707951|2||2||1|1|2|1|2|2|2|2|2||3||3000000
3470796|1|1|1|376.98014957|34707961|2||2||1|1|2|1|2|2|2|2|2||3||4500000
3470797|1|1|1|338.57258308|34707971|2||2||1|2|2|1|2|2|2|2|2||3||2500000
3470798|1|1|1|270.3231666|34707981|2||2||1|1|2|2|2|2|2|2|2||1||2500000
3470799|1|1|1|226.1947246|34707991|2||2||1|1|2|2|2|2|2|2|2||1||3600000
3470800|1|1|1|224.92584191|34708001|2||2||1|1|2|2|2|2|2|2|1||8||1700000
3470801|1|1|1|262.63025324|34708011|2||2||1|1|2|2|2|2|2|2|2||1||800000
3470802|1|1|1|419.56510964|34708021|2||2||1|1|2|2|2|2|2|2|2||1||2600000
3470803|1|1|1|444.78271694|34708031|2||2||1|1|2|2|2|2|2|2|2||1||2500000
3470804|1|1|1|507.8653476|34708041|2||2||1|1|2|2|2|2|2|2|2||1||3600000
3470805|1|1|1|415.21610049|34708051|2||2||1|1|2|2|2|2|2|1|2||1||2600000
3470806|1|1|1|335.15896384|34708061|2||2||2|1|2|2|2|2|2|2|2||1||2600000
3470807|1|1|1|408.12913487|34708071|2||2||1|1|2|2|2|2|2|2|2||1||1600000
3470808|1|1|1|404.03045686|34708081|2||2||1|2|2|2|2|2|2|1|1||7||2600000
3470809|1|1|1|426.26583167|34708091|2||2||1|1|2|1|2|2|2|2|2||3||3800000
3470810|1|1|1|442.48214094|34708101|2||2||1|2|2|1|2|2|2|2|1||3||2600000
3470811|1|1|1|536.94412225|34708111|2||2||1|2|2|2|2|2|2|1|1||7||1500000
3470812|1|1|1|575.39580634|34708121|2||2||1|2|2|1|2|2|2|2|2||3||2700000
3470813|1|1|1|394.74277964|34708131|2||2||1|2|2|1|2|2|2|2|2||3||3500000
3470814|1|1|1|480.68542551|34708141|2||2||1|2|2|1|2|2|2|2|2||3||4500000
3470815|1|1|1|271.11679147|34708151|2||2||1|1|2|1|2|2|2|2|2||3||2600000
3470816|1|1|1|404.03045686|34708161|2||2||1|1|2|1|2|2|2|2|2||3||3500000
3470817|1|1|1|569.67522237|34708171|2||2||1|1|2|2|2|2|2|2|2||1||99
3470818|1|1|1|660.16907801|34708181|2||2||2|1|2|2|2|2|2|2|2||1||1600000
3470819|1|1|1|500.39936938|34708191|2||2||1|1|2|2|2|2|2|2|2||1||2600000
3470820|1|1|1|588.50412851|34708201|2||2||1|1|2|2|2|2|2|2|2||1||1800000
3470821|1|1|1|634.65279626|34708211|2||2||1|1|2|2|2|2|2|2|2||1||1500000
3470822|1|1|1|635.6515296|34708221|2||2||1|1|2|2|2|2|2|2|2||1||2300000
3470823|1|1|1|604.84174865|34708231|2||2||1|1|2|2|1|2|2|2|2||1||1600000
3470824|1|1|1|583.69520291|34708241|2||2||1|1|2|2|2|2|2|2|2||1||3900000
3470825|1|1|1|566.52341797|34708251|2||2||1|1|2|2|2|2|2|2|2||1||2000000
3470826|1|1|1|751.7554383|34708261|2||2||2|1|2|2|2|2|2|2|2||1||2600000
3470827|1|1|1|682.79584077|34708271|2||2||1|1|2|2|2|2|2|2|2||1||2600000
3470828|1|1|1|638.46551818|34708281|2||2||1|1|2|2|1|2|2|2|2||1||2000000
3470829|1|1|1|540.54525463|34708291|2||2||1|1|2|1|2|2|2|2|2||3||2600000
3470830|1|1|1|517.55015422|34708301|2||2||1|1|2|2|2|2|2|2|2||1||2600000
3470831|1|1|1|321.11624083|34708311|2||2||1|1|2|1|2|2|2|2|2||3||2800000
3470832|1|1|1|417.65246087|34708321|2||2||1|1|2|1|2|2|2|2|2||1||2600000
3470833|1|1|1|503.52773169|34708331|2||2||1|1|2|2|2|2|2|2|2||1||3400000
3470834|1|1|1|520.53620126|34708341|2||2||1|1|2|2|2|2|2|2|2||1||1300000
3470835|1|1|1|370.86243971|34708351|2||2||1|1|2|2|2|2|2|2|2||1||2500000
3470836|1|1|1|298.99451071|34708361|2||2||1|1|2|2|2|2|2|2|2||1||2600000
3470837|1|1|1|427.5680354|34708371|2||2||2|1|2|2|2|2|2|2|2||1||2500000
3470838|1|1|1|486.5671438|34708381|2||2||1|1|2|2|2|2|2|2|2||1||3200000
3470839|1|1|1|524.28034578|34708391|2||2||1|1|2|2|2|2|2|2|2||1||1500000
3470840|1|1|1|486.5671438|34708401|2||2||2|1|2|2|2|2|2|2|2||1||2700000
3470841|1|1|1|302.02479123|34708411|2||2||1|2|2|1|2|2|2|2|2||3||2000000
3470842|1|1|1|442.49829505|34708421|2||2||1|1|2|2|2|2|2|2|2||1||3800000
3470843|1|1|1|394.50143665|34708431|2||2||1|1|2|1|2|2|2|2|2||3||1500000
3470844|1|1|1|687.4524566|34708441|2||2||1|2|2|1|2|2|2|2|1||3||1300000
3470845|1|1|1|439.72096892|34708451|2||2||1|2|2|1|2|2|2|2|2||3||2600000
3470846|1|1|1|422.05390126|34708461|2||2||2|1|2|2|2|2|2|2|2||1||3000000
3470847|1|1|1|265.30774265|34708471|2||2||1|1|2|2|2|2|2|2|2||1||1500000
3470848|1|1|1|639.13381889|34708481|2||2||1|2|2|1|2|2|2|2|2||3||1600000
3470849|1|1|1|378.49259314|34708491|2||2||1|1|1|2|2|2|2|2|2||1||1600000
3470850|1|1|1|475.28674977|34708501|2||2||2|1|2|2|1|2|2|2|2||1||2900000
3470851|1|1|1|531.10171916|34708511|2||2||1|1|1|2|2|2|2|2|2||1||2000000
3470852|1|1|1|574.26760612|34708521|2||2||1|1|2|2|2|2|2|2|2||1||2600000
3470853|1|1|1|525.71477985|34708531|2||2||1|1|2|2|2|2|2|2|2||1||2500000
3470854|1|1|1|834.91651066|34708541|2||2||1|1|2|2|2|2|2|2|2||1||1000000
3470855|1|1|1|990.97202183|34708551|2||2||1|1|2|2|2|2|2|2|2||1||1800000
3470856|1|1|1|1110.475008|34708561|2||2||1|2|1|1|2|2|2|1|2||3||1950000
3470857|1|1|1|678.56025528|34708571|2||2||1|2|2|2|2|2|2|2|1||8||99
3470858|1|1|1|1015.7171686|34708581|2||2||1|1|2|2|2|2|2|2|2||1||1700000
3470859|1|1|1|769.83905219|34708591|2||2||1|1|2|2|2|2|2|2|2||1||1500000
3470860|1|1|1|476.63464714|34708601|2||2||2|1|2|1|2|2|2|2|2||1||2300000
3470861|1|1|1|714.42020962|34708611|2||2||2|1|2|2|2|2|2|2|2||1||800000
3470862|1|1|1|979.83015573|34708621|2||2||1|1|2|2|2|2|2|2|2||1||850000
3470863|1|1|1|714.42020962|34708631|2||2||1|1|2|2|2|2|2|2|2||1||1500000
3470864|1|1|1|870.77646501|34708641|2||2||2|1|2|2|2|2|2|2|2||1||850000
3470865|1|1|1|397.22542693|34708651|2||2||1|1|2|2|2|2|2|2|2||1||6000000
3470866|1|1|1|874.84835333|34708661|2||2||1|1|2|1|2|2|2|2|2||1||6500000
3470867|1|1|1|777.47898661|34708671|2||2||1|1|2|2|2|2|2|2|2||1||3000000
3470868|1|1|1|637.87518716|34708681|2||2||1|1|1|2|2|2|2|2|2||1||10000000
3470870|1|1|1|313.87162607|34708701|2||2||1|1|1|2|2|2|2|2|2||1||500000
3470871|1|1|1|469.43888971|34708711|2||2||1|1|2|2|2|2|2|2|1||1||850000
3470872|1|1|1|386.04901591|34708721|2||2||2|2|1|1|2|2|2|2|2||3||130000
3470873|1|1|1|313.87162607|34708731|2||2||1|1|2|2|2|2|2|2|1||1||900000
3470874|1|1|1|313.87162607|34708741|2||2||1|1|1|2|2|2|2|2|2||1||500000
3470875|1|1|1|391.65454907|34708751|2||2||1|1|2|2|2|2|2|2|1||8||300000
3470876|1|1|1|391.65454907|34708761|2||2||1|1|1|2|2|2|2|2|2||1||800000
3470877|1|1|1|391.126956|34708771|2||2||1|1|1|2|2|2|2|2|2||1||1500000
3470878|1|1|1|433.71119957|34708781|2||2||1|1|1|2|2|2|2|2|2||1||1300000
3470879|1|1|1|433.0657957|34708791|2||1|1|1|1|2|2|2|2|2|2|1||1||1500000
3470880|1|1|1|874.38644168|34708801|2||2||1|2|1|2|2|2|2|2|1||8||600000
3470881|1|1|1|642.1200571|34708811|2||2||1|1|2|2|2|2|2|2|2||1||1300000
3470882|1|1|1|611.32800539|34708821|2||2||1|1|2|2|2|2|2|2|2||1||1300000
3470883|1|1|1|548.87163927|34708831|2||2||1|1|2|2|2|2|2|2|2||1||2600000
3470884|1|1|1|319.40663302|34708841|2||2||1|1|2|2|2|2|2|2|2||1||2100000
3470885|1|1|1|737.45669104|34708851|2||2||1|1|2|2|2|2|2|2|2||1||1000000
3470886|1|1|1|846.20978602|34708861|2||2||1|1|2|2|2|2|2|2|2||1||2300000
3470887|1|1|1|739.43977949|34708871|2||2||1|1|2|2|2|2|2|2|2||1||1000000
3470888|1|1|1|1570.9378519|34708881|2||2||1|1|2|2|2|2|2|2|2||1||1800000
3470889|1|1|1|705.20280022|34708891|2||2||1|1|2|2|2|2|2|2|2||1||2600000
3470890|1|1|1|463.14852811|34708901|2||2||1|1|2|2|2|2|2|2|2||1||3600000
3470891|1|1|1|310.53422655|34708911|2||2||1|1|2|2|2|2|2|2|2||1||3900000
3470892|1|1|1|703.27479757|34708921|2||2||1|1|2|2|2|2|2|2|2||1||4000000
3470893|1|1|1|826.55996393|34708931|2||2||1|1|2|2|2|2|2|2|2||1||2500000
3470894|1|1|1|836.40094402|34708941|2||2||1|1|2|2|2|2|2|2|2||1||600000
3470895|1|1|1|1932.6950611|34708951|2||2||2|1|2|2|2|2|2|2|2||1||2600000
3470897|1|1|1|876.83297899|34708971|2||2||1|1|2|2|2|2|2|2|1||1||2800000
3470898|1|1|1|653.95956137|34708981|2||2||1|1|2|2|2|2|2|2|2||1||2000000
3470899|1|1|1|2154.4290541|34708991|2||2||1|1|2|2|2|2|2|2|2||1||4000000
3470900|1|1|1|1078.5831839|34709001|2||2||1|1|2|2|2|2|2|2|2||1||2000000
3470901|1|1|1|983.27558806|34709011|2||2||1|1|2|2|2|2|2|2|2||1||3500000
3470902|1|1|1|683.55040097|34709021|2||2||1|1|2|2|2|2|2|1|2||1||11000000
3470903|1|1|1|910.81921008|34709031|2||2||1|1|2|2|2|2|2|2|2||1||7500000
3470904|1|1|1|714.37644782|34709041|2||2||1|1|2|2|2|2|2|2|2||1||7000000
3470905|1|1|1|829.72663888|34709051|2||2||1|1|2|1|2|2|2|2|2||1||5500000
3470906|1|1|1|645.89350098|34709061|2||2||1|1|2|1|2|2|2|2|2||3||99
3470907|1|1|1|409.5311965|34709071|2||2||1|1|2|2|2|2|2|2|2||1||6000000
3470908|1|1|1|1111.1723677|34709081|1|1|2||1|1|2|2|2|2|2|2|2||1||6500000
3470909|1|1|1|401.60378221|34709091|2||2||1|1|2|2|2|2|2|2|2||1||1900000
3470910|1|1|1|478.17250669|34709101|2||2||1|1|2|2|2|2|2|2|2||1||800000
3470911|1|1|1|424.34125375|34709111|2||2||1|1|2|2|2|2|2|2|2||1||1300000
3470912|1|1|1|424.34125375|34709121|2||2||1|1|2|2|2|2|2|2|2||1||1300000
3470913|1|1|1|629.64535734|34709131|2||2||2|1|2|2|2|2|2|2|2||1||2600000
3470914|1|1|1|277.26270228|34709141|2||2||1|1|2|2|2|2|2|2|2||1||1300000
3470915|1|1|1|413.52547152|34709151|2||2||1|1|1|2|2|2|2|2|2||1||1800000
3470916|1|1|1|413.52547152|34709161|2||2||1|1|2|2|2|2|2|2|2||1||3000000
3470917|1|1|1|277.26270228|34709171|2||2||1|1|1|2|2|2|2|2|2||1||1200000
3470918|1|1|1|595.31370651|34709181|2||2||1|1|2|2|2|2|2|2|2||1||900000
3470919|1|1|1|1068.9921118|34709191|2||2||1|1|2|2|2|2|2|2|2||1||2600000
3470920|1|1|1|2701.3825447|34709201|2||2||1|1|2|2|2|2|2|2|2||1||3900000
3470921|1|1|1|841.76083983|34709211|2||2||1|1|2|2|2|2|2|2|2||1||1300000
3470922|1|1|1|845.17810093|34709221|2||2||1|1|2|2|2|2|2|2|2||1||2100000
3470923|1|1|1|1249.9267511|34709231|2||2||1|1|2|2|2|2|2|2|2||1||2800000
3470924|1|1|1|550.40200744|34709241|2||2||1|1|2|2|2|2|2|2|2||1||3900000
3470925|1|1|1|1044.7150833|34709251|2||2||2|1|2|2|2|2|2|2|2||1||2000000
3470926|1|1|1|845.17810093|34709261|2||2||1|1|2|2|2|2|2|2|2||1||99
3470927|1|1|1|1100.4903444|34709271|2||2||2|1|2|2|2|2|2|2|2||1||2000000
3470928|1|1|1|493.9505195|34709281|2||2||1|1|2|2|2|2|2|2|2||1||3900000
3470929|1|1|1|830.08934273|34709291|2||2||1|1|2|2|2|2|2|2|2||1||2000000
3470930|1|1|1|736.70609068|34709301|2||2||1|1|2|2|2|2|2|2|2||1||4000000
3470931|1|1|1|768.92663812|34709311|2||2||1|1|2|2|2|2|2|2|2||1||1800000
3470932|1|1|1|768.92663812|34709321|2||2||1|1|2|2|2|2|2|2|1||1||3000000
3470933|1|1|1|870.5967236|34709331|2||2||1|2|2|1|2|2|2|2|2||3||1500000
3470934|1|1|1|851.87641955|34709341|2||2||1|2|2|2|2|2|2|2|1||8||1800000
3470935|1|1|1|638.10277797|34709351|2||2||1|1|2|1|2|2|2|2|2||1||7000000
3470936|1|1|1|1143.5162124|34709361|2||2||1|1|2|2|2|2|2|2|2||1||3500000
3470937|1|1|1|2427.4139815|34709371|2||2||1|1|2|2|2|2|2|2|2||1||2800000
3470938|1|1|1|964.6430154|34709381|2||2||2|1|2|2|2|2|2|2|2||1||5000000
3470939|1|1|1|1107.8651699|34709391|2||2||1|1|2|2|2|2|2|2|2||1||1800000
3470940|1|1|1|565.52698732|34709401|2||2||1|2|2|2|2|2|2|2|1||8||1800000
3470941|1|1|1|715.65734523|34709411|2||2||1|1|2|2|2|2|2|2|2||1||2600000
3470942|1|1|1|827.53709328|34709421|2||2||1|1|2|2|2|2|2|2|2||1||2600000
3470943|1|1|1|1194.0844795|34709431|2||2||1|1|2|2|2|2|2|2|2||1||4500000
3470944|1|1|1|1219.9834488|34709441|2||2||1|2|2|2|2|2|2|2|1||8||1800000
3470945|1|1|1|1138.7673454|34709451|2||2||1|1|2|2|2|2|2|1|2||1||1300000
3470947|1|1|1|505.34429599|34709471|2||2||1|1|2|2|2|2|2|2|2||1||1300000
3470948|1|1|1|851.01484952|34709481|2||2||1|1|2|2|2|2|2|2|2||1||1800000
3470949|1|1|1|922.23336709|34709491|2||2||1|1|1|2|2|2|2|2|2||1||1800000
3470950|1|1|1|2005.08246|34709501|2||2||1|1|2|2|1|2|2|2|2||1||2000000
3470951|1|1|1|900.09274634|34709511|2||2||1|1|2|2|2|2|2|2|2||1||1500000
3470952|1|1|1|992.02844711|34709521|2||2||1|2|2|2|2|2|2|1|1||7||5100000
3470953|1|1|1|994.3718061|34709531|2||2||1|1|2|2|2|2|2|2|2||1||1800000
3470954|1|1|1|762.08691502|34709541|2||2||1|1|2|2|2|2|2|2|2||1||1800000
3470955|1|1|1|1833.2182492|34709551|2||2||2|1|2|2|1|2|2|2|2||1||1300000
3470956|1|1|1|838.92574405|34709561|2||2||1|1|2|2|2|2|2|2|2||1||1300000
3470957|1|1|1|459.7791728|34709571|2||2||2|1|2|2|2|2|2|2|2||1||1300000
3470958|1|1|1|762.08691502|34709581|2||2||1|1|2|2|2|2|2|2|2||1||3000000
3470959|1|1|1|946.3269313|34709591|2||2||1|1|2|1|2|2|2|2|2||1||3600000
3470960|1|1|1|1833.2182492|34709601|2||2||1|1|2|2|2|2|2|2|2||1||3000000
3470961|1|1|1|2220.4498644|34709611|2||2||1|1|2|2|2|2|2|2|2||1||2600000
3470962|1|1|1|1767.4167216|34709621|2||2||1|1|2|2|2|2|2|2|2||1||2000000
3470963|1|1|1|3056.0556482|34709631|2||2||1|1|2|2|2|2|2|2|2||1||1300000
3470964|1|1|1|2573.5183885|34709641|2||2||1|1|2|2|2|2|2|2|2||1||2000000
3470965|1|1|1|1503.2075276|34709651|2||2||1|1|2|2|2|2|2|2|2||1||5200000
3470966|1|1|1|1272.9191906|34709661|2||2||1|1|2|2|2|2|2|2|2||1||2000000
3470967|1|1|1|192.29052787|34709671|2||2||1|1|2|2|2|2|2|2|2||1||1800000
3470968|1|1|1|143.08886876|34709681|2||2||1|2|1|2|2|2|2|2|1||8||700000
3470969|1|1|1|136.02864786|34709691|2||2||1|2|2|1|2|2|2|2|1||3||2000000
3470970|1|1|1|178.29457927|34709701|2||2||1|1|2|2|2|2|2|2|2||1||1200000
3470971|1|1|1|175.06033195|34709711|2||2||1|1|2|2|2|2|2|2|2||1||3000000
3470972|1|1|1|180.92063537|34709721|2||2||1|1|2|2|2|2|2|2|2||1||1300000
3470973|1|1|1|143.08886876|34709731|2||2||1|2|2|2|2|2|2|1|2||7||600000
3470974|1|1|1|157.15450723|34709741|2||2||1|1|2|2|2|2|2|2|2||1||2000000
3470975|1|1|1|93.993669474|34709751|2||2||1|2|2|2|2|2|2|2|1||8||700000
3470976|1|1|1|215.30409607|34709761|2||2||1|1|2|2|2|2|2|2|2||1||3000000
3470977|1|1|1|215.35022179|34709771|2||2||1|1|2|2|2|2|2|2|2||1||3500000
3470978|1|1|1|263.91555277|34709781|2||2||1|1|2|2|2|2|2|2|2||1||4000000
3470979|1|1|1|230.97798283|34709791|2||2||1|1|2|2|2|2|2|2|2||1||1200000
3470980|1|1|1|123.88839424|34709801|2||2||1|1|2|2|2|2|2|2|2||1||800000
3470981|1|1|1|186.04030045|34709811|2||2||1|1|2|2|2|2|2|2|2||1||800000
3470982|1|1|1|186.04030045|34709821|2||2||1|1|2|2|2|2|2|2|2||1||2000000
3470983|1|1|1|241.32006943|34709831|2||2||1|1|2|2|2|2|2|2|2||1||600000
3470984|1|1|1|123.88839424|34709841|2||2||1|1|2|2|2|2|2|2|2||1||1000000
3470985|1|1|1|186.04030045|34709851|2||2||1|1|2|2|2|2|2|2|2||1||900000
3470986|1|1|1|138.59201536|34709861|2||2||1|1|1|2|2|2|2|2|1||8||1500000
3470987|1|1|1|225.38681856|34709871|2||2||1|1|2|1|2|2|2|2|2||1||4000000
3470988|1|1|1|305.39944715|34709881|2||2||1|1|2|2|2|2|2|2|2||1||2500000
3470989|1|1|1|248.34620842|34709891|2||2||1|1|2|2|2|2|2|2|2||1||4000000
3470990|1|1|1|284.91119092|34709901|2||2||1|1|2|2|2|2|2|2|2||1||6000000
3470991|1|1|1|166.23846283|34709911|2||2||1|1|2|2|2|2|2|2|1||1||1600000
3470992|1|1|1|269.88245165|34709921|2||2||1|1|2|2|2|2|2|1|2||1||5600000
3470993|1|1|1|146.32962689|34709931|2||2||1|1|2|2|2|2|2|2|2||1||3000000
3470994|1|1|1|215.90596132|34709941|2||2||1|1|2|2|2|2|2|2|1||1||1400000
3470995|1|1|1|231.66726665|34709951|2||2||1|2|2|2|2|2|2|2|1||8||800000
3470996|1|1|1|224.21397947|34709961|2||2||1|1|2|2|2|2|2|2|2||1||1400000
3470997|1|1|1|155.53679165|34709971|2||2||1|1|2|2|2|2|2|2|2||1||2500000
3470998|1|1|1|178.59868843|34709981|2||2||1|1|2|2|2|2|2|2|2||1||1300000
3470999|1|1|1|229.79810969|34709991|2||2||1|1|2|2|2|2|2|2|2||1||1600000
3471001|1|1|1|208.60536987|34710011|2||2||1|2|2|2|2|2|2|2|1||8||1000000
3471002|1|1|1|206.3347452|34710021|2||2||1|1|2|2|2|2|2|2|2||1||3000000
3471003|1|1|1|182.58577432|34710031|2||2||1|2|2|2|2|2|2|2|1||8||1000000
3471005|1|1|1|207.296369|34710051|2||2||1|1|2|2|2|2|2|2|2||1||4000000
3471006|1|1|1|152.35863382|34710061|2||2||1|1|2|2|2|2|2|2|2||1||2500000
3471007|1|1|1|207.54514097|34710071|2||2||1|1|2|2|2|2|2|2|2||1||6000000
3471008|1|1|1|148.39488858|34710081|2||2||1|1|2|2|2|2|2|2|2||1||1200000
3471009|1|1|1|178.59868843|34710091|2||2||1|1|2|2|2|2|2|2|2||1||1300000
3471010|1|1|1|178.59868843|34710101|2||2||1|1|2|2|2|2|2|2|2||1||1500000
3471011|1|1|1|178.59868843|34710111|2||2||1|1|2|2|2|2|2|2|2||1||2000000
3471012|1|1|1|282.86668792|34710121|2||2||1|1|2|2|2|2|2|2|2||1||5000000
3471013|1|1|1|68.199081949|34710131|2||2||1|1|2|2|2|2|2|2|2||1||2000000
3471014|1|1|1|106.86169715|34710141|2||2||1|1|2|2|2|2|2|2|2||1||800000
3471015|1|1|1|143.03325487|34710151|2||2||1|1|2|2|2|2|1|2|2||1||1500000
3471016|1|1|1|117.93991606|34710161|2||2||1|2|2|2|2|2|2|2|1||8||1000000
3471017|1|1|1|127.70964575|34710171|2||2||1|1|2|2|2|2|2|2|2||1||1600000
3471018|1|1|1|68.176741592|34710181|2||2||1|1|2|2|2|2|2|2|2||1||3000000
3471019|1|1|1|103.61838475|34710191|2||2||1|1|2|2|2|2|2|2|2||1||2000000
3471020|1|1|1|93.233269513|34710201|2||2||1|1|2|2|2|2|2|2|2||1||4000000
3471021|1|1|1|80.104632291|34710211|2||2||1|1|2|1|2|2|2|2|2||3||2500000
3471022|1|1|1|127.13213721|34710221|2||2||1|1|2|2|2|2|2|2|2||1||1000000
3471023|1|1|1|135.04941444|34710231|2||2||1|1|2|2|2|2|2|2|2||1||3500000
3471024|1|1|1|136.34141864|34710241|2||2||1|1|1|2|2|2|2|2|2||1||4000000
3471025|1|1|1|144.29215239|34710251|2||2||1|1|2|2|2|2|2|2|2||1||2500000
3471026|1|1|1|81.528598913|34710261|2||2||1|1|2|2|2|2|2|2|2||1||2000000
3471027|1|1|1|88.448130031|34710271|2||2||1|1|2|2|2|2|2|2|2||1||3000000
3471028|1|1|1|150.04372067|34710281|2||2||1|2|2|1|2|2|2|2|2||3||2000000
3471029|1|1|1|195.24823141|34710291|2||2||1|1|2|2|1|2|2|2|2||1||3500000
3471030|1|1|1|120.25433468|34710301|2||2||1|1|2|2|2|2|2|2|1||1||2000000
3471031|1|1|1|168.24278766|34710311|2||2||1|1|2|1|2|2|2|2|2||1||10000000
3471032|1|1|1|157.10482779|34710321|2||2||1|1|2|2|2|2|2|2|2||1||3000000
3471033|1|1|1|112.13534259|34710331|2||2||1|1|2|2|2|2|2|2|2||1||800000
3471034|1|1|1|188.13432071|34710341|2||2||1|1|2|2|2|2|2|2|2||1||800000
3471035|1|1|1|189.98043381|34710351|2||2||1|1|2|2|2|2|2|2|2||1||1200000
3471036|1|1|1|150.90569544|34710361|2||2||1|1|2|2|2|2|2|2|2||1||800000
3471037|1|1|1|132.86691743|34710371|2||2||1|1|2|2|2|2|2|2|2||1||1000000
3471038|1|1|1|164.10962545|34710381|2||2||1|1|2|2|2|2|2|2|2||1||700000
3471039|1|1|1|175.54326695|34710391|2||2||1|1|2|2|2|2|2|2|2||1||1200000
3471040|1|1|1|94.155179622|34710401|2||2||1|2|2|1|2|2|2|2|1||3||1500000
3471041|1|1|1|122.09700103|34710411|2||2||1|1|2|2|2|2|2|2|2||1||600000
3471042|1|1|1|165.8617948|34710421|2||2||1|1|2|2|2|2|2|2|2||1||800000
3471043|1|1|1|153.06193011|34710431|2||2||1|1|1|2|2|2|2|2|2||1||1000000
3471044|1|1|1|193.05605554|34710441|2||2||1|1|2|2|2|2|2|2|1||1||700000
3471045|1|1|1|92.39467691|34710451|2||2||1|1|2|2|2|2|2|2|2||1||800000
3471046|1|1|1|165.8617948|34710461|2||2||1|1|2|2|2|2|2|2|2||1||1000000
3471047|1|1|1|155.36994268|34710471|2||2||1|1|2|2|2|2|2|2|2||1||1200000
3471049|1|1|1|254.11865468|34710491|2||2||1|1|2|2|2|2|2|2|2||1||1450000
3471050|1|1|1|475.31150823|34710501|2||2||1|2|2|1|2|2|2|2|2||3||2000000
3471051|1|1|1|391.22715261|34710511|2||2||1|1|2|2|2|2|2|2|2||1||1300000
3471052|1|1|1|406.00377589|34710521|2||2||1|2|2|2|2|2|2|2|1||8||1200000
3471053|1|1|1|391.22715261|34710531|2||2||1|1|2|2|2|2|2|2|2||1||2600000
3471054|1|1|1|390.64261157|34710541|1|1|2||1|1|2|2|2|2|2|2|2||1||10000000
3471055|1|1|1|272.95864258|34710551|2||2||1|1|2|1|2|2|2|1|2||3||4000000
3471056|1|1|1|376.87740269|34710561|2||2||1|1|2|2|2|2|2|2|2||1||7000000
3471057|1|1|1|495.21776349|34710571|2||2||1|2|2|1|2|2|2|2|2||3||3500000
3471058|1|1|1|495.21776349|34710581|2||2||1|1|2|1|2|2|2|2|2||3||7000000
3471059|1|1|1|426.51571212|34710591|2||2||1|1|2|1|2|2|2|2|2||1||12000000
3471060|1|1|1|497.11708976|34710601|2||2||1|1|2|2|2|2|2|2|2||1||6700000
3471061|1|1|1|414.41799804|34710611|2||2||1|1|2|2|2|2|2|2|2||1||4000000
3471063|1|1|1|447.15161645|34710631|2||2||1|2|2|1|2|2|2|2|2||3||3000000
3471064|1|1|1|366.75422497|34710641|2||2||1|1|2|2|2|2|2|2|2||1||5000000
3471065|1|1|1|372.70674108|34710651|2||2||1|2|2|2|2|2|2|2|1||8||2750000
3471066|1|1|1|380.54730805|34710661|2||2||1|2|2|1|2|2|2|2|2||3||99
3471067|1|1|1|365.1711116|34710671|2||2||1|2|2|1|2|2|2|2|2||3||2500000
3471068|1|1|1|437.81136956|34710681|2||2||1|2|2|2|2|2|2|2|1||8||1900000
3471069|1|1|1|454.41738328|34710691|2||2||1|1|2|2|2|2|2|1|2||1||2000000
3471070|1|1|1|475.5968775|34710701|2||2||1|1|2|1|2|2|2|2|2||3||15000000
3471071|1|1|1|433.76174066|34710711|2||2||1|1|2|2|2|2|2|2|2||1||4000000
3471072|1|1|1|319.15520265|34710721|2||2||1|1|2|2|2|2|2|2|2||1||3000000
3471073|1|1|1|533.00986583|34710731|2||2||1|1|2|2|2|2|2|1|2||1||8000000
3471074|1|1|1|433.15966339|34710741|2||2||2|1|2|2|2|2|2|2|2||1||4000000
3471075|1|1|1|277.66283811|34710751|2||2||1|1|2|2|2|2|2|2|2||1||6000000
3471076|1|1|1|418.18388917|34710761|2||2||1|1|2|1|2|2|2|2|2||1||12000000
3471077|1|1|1|344.94890158|34710771|2||2||1|2|2|2|2|2|2|2|1||8||1000000
3471078|1|1|1|349.04980241|34710781|2||2||1|1|2|2|2|2|2|2|2||1||5000000
3471079|1|1|1|336.45535124|34710791|2||2||1|1|2|2|2|2|2|2|2||1||1000000
3471080|1|1|1|443.54529617|34710801|2||2||1|1|2|2|2|2|2|2|2||1||2600000
3471081|1|1|1|186.73693395|34710811|2||2||1|1|2|2|2|2|2|2|1||1||1300000
3471082|1|1|1|336.45535124|34710821|2||2||1|2|2|2|2|2|2|1|2||7||500000
3471083|1|1|1|322.94589616|34710831|2||2||1|1|2|2|2|2|2|2|2||1||2000000
3471084|1|1|1|151.28267362|34710841|2||2||1|1|2|2|2|2|2|2|2||1||1300000
3471085|1|1|1|310.23800014|34710851|2||2||1|1|2|2|2|2|2|2|2||1||1300000
3471086|1|1|1|313.66205326|34710861|2||2||1|1|2|2|2|2|2|2|1||1||1300000
3471087|1|1|1|353.18849726|34710871|2||2||1|1|2|2|2|2|2|2|2||1||1600000
3471088|1|1|1|448.19404336|34710881|2||2||1|1|2|1|2|2|2|2|2||3||1300000
3471089|1|1|1|608.73896151|34710891|2||2||1|1|2|2|2|2|2|2|2||1||1300000
3471090|1|1|1|398.26830955|34710901|2||2||1|1|2|2|2|2|2|2|2||1||1300000
3471091|1|1|1|387.15016769|34710911|2||2||2|1|2|2|2|2|2|2|2||1||1600000
3471092|1|1|1|496.25772238|34710921|2||2||1|1|2|2|2|2|2|2|2||1||2000000
3471093|1|1|1|314.6571615|34710931|2||2||1|1|2|2|2|2|2|2|1||8||800000
3471094|1|1|1|263.86512841|34710941|2||2||1|1|2|2|1|2|2|2|2||4||1300000
3471095|1|1|1|297.44397272|34710951|2||2||1|2|2|2|1|2|2|2|1||8||900000
3471096|1|1|1|324.80302072|34710961|2||2||1|2|2|1|2|2|2|2|2||3||1500000
3471097|1|1|1|287.98372809|34710971|2||2||1|1|2|1|2|2|2|2|1||1||1500000
3471098|1|1|1|383.99362518|34710981|2||2||1|1|2|2|2|2|2|2|1||8||1500000
3471099|1|1|1|473.83389579|34710991|2||2||1|1|1|2|2|2|2|2|2||1||1000000
3471100|1|1|1|312.51408925|34711001|2||2||1|1|2|2|2|2|2|2|2||1||2000000
3471101|1|1|1|312.98172209|34711011|2||2||1|1|2|1|2|2|2|1|1||3||2000000
3471102|1|1|1|293.2774356|34711021|2||2||1|1|2|2|2|2|2|2|2||1||1000000
3471103|1|1|1|541.11279094|34711031|2||2||1|1|2|2|2|2|2|2|2||1||2000000
3471104|1|1|1|502.3527693|34711041|2||2||1|1|2|2|2|2|2|2|2||1||1300000
3471105|1|1|1|611.34140488|34711051|2||2||1|1|2|2|2|2|2|2|2||1||2000000
3471106|1|1|1|692.6168119|34711061|2||2||1|2|2|1|2|2|2|2|2||3||1300000
3471107|1|1|1|555.6006751|34711071|2||2||1|1|2|2|2|2|2|2|2||1||1300000
3471108|1|1|1|379.8626805|34711081|2||2||1|1|2|2|1|2|2|2|2||1||1350000
3471109|1|1|1|404.36335647|34711091|2||2||1|1|2|2|2|2|2|2|2||1||1600000
3471110|1|1|1|555.11257932|34711101|2||1|1|1|1|2|2|2|2|2|2|2||1||1600000
3471111|1|1|1|382.1599514|34711111|2||2||1|1|2|2|2|2|2|2|2||1||1300000
3471112|1|1|1|482.51348822|34711121|2||2||1|2|1|2|2|2|2|2|1||8||600000
3471113|1|1|1|538.50599028|34711131|2||2||1|1|2|2|2|2|2|2|2||1||2500000
3471114|1|1|1|332.47653754|34711141|2||2||1|1|2|2|2|2|2|2|2||1||1800000
3471115|1|1|1|318.42449046|34711151|2||2||1|1|2|2|2|2|2|1|2||1||1300000
3471116|1|1|1|482.51348822|34711161|2||2||1|1|2|2|2|2|2|2|1||8||700000
3471118|1|1|1|608.73896151|34711181|2||2||1|1|2|2|2|2|2|2|2||1||1500000
3471119|1|1|1|388.46546922|34711191|2||2||1|1|2|2|2|2|2|2|2||1||1300000
3471120|1|1|1|479.66657781|34711201|2||2||1|2|2|2|2|2|2|2|1||8||800000
3471121|1|1|1|426.02910844|34711211|2||2||1|1|2|2|2|2|2|2|2||1||1300000
3471122|1|1|1|502.3527693|34711221|2||2||1|1|2|2|2|2|2|2|2||1||300000
3471123|1|1|1|478.16772204|34711231|2||2||1|1|2|2|2|2|2|2|1||1||2500000
3471124|1|1|1|409.43796387|34711241|2||2||1|1|2|2|2|2|2|2|2||1||1000000
3471125|1|1|1|549.89519176|34711251|2||2||1|1|2|2|2|2|2|2|2||1||700000
3471126|1|1|1|611.34140488|34711261|2||2||1|1|2|2|2|2|2|2|2||1||750000
3471127|1|1|1|541.11279094|34711271|2||2||1|1|2|2|2|2|2|2|2||1||1300000
3471128|1|1|1|609.00566384|34711281|2||2||1|1|2|2|2|2|2|2|2||1||900000
3471129|1|1|1|630.81504377|34711291|2||2||1|1|2|2|2|2|2|2|2||1||1400000
3471130|1|1|1|451.40659597|34711301|2||2||1|1|2|2|2|2|2|2|2||1||1000000
3471131|1|1|1|585.96391735|34711311|2||2||1|1|2|2|2|2|2|2|2||1||2000000
3471132|1|1|1|572.06012669|34711321|2||2||1|1|2|2|2|2|2|1|2||1||900000
3471133|1|1|1|616.29315104|34711331|2||2||1|1|2|2|2|2|2|2|2||1||1800000
3471134|1|1|1|510.51706805|34711341|2||2||1|1|2|2|2|2|2|2|2||1||1300000
3471135|1|1|1|502.3527693|34711351|2||2||1|1|2|2|2|2|2|2|2||1||1300000
3471136|1|1|1|3081.0531808|34711361|2||2||1|1|2|2|2|2|2|2|2||1||10000000
3471137|1|1|1|4220.9539425|34711371|2||2||1|2|2|1|2|2|2|2|2||3||98
3471138|1|1|1|2289.8019836|34711381|2||2||1|1|2|2|2|2|2|2|2||1||1600000
3471139|1|1|1|1561.0785748|34711391|2||2||1|1|2|2|2|2|2|2|2||1||12000000
3471140|1|1|1|1561.0785748|34711401|2||2||1|1|2|2|2|2|2|2|2||1||1600000
3471141|1|1|1|2839.20038|34711411|2||2||1|2|2|1|2|2|2|1|2||7||98
3471142|1|1|1|1996.251927|34711421|2||2||1|1|2|2|2|2|2|2|2||1||98
3471143|1|1|1|1248.8628599|34711431|2||2||1|2|2|1|2|2|2|1|2||3||2000000
3471144|1|1|1|1969.1078276|34711441|2||2||1|1|2|2|2|2|2|2|2||1||900000
3471145|1|1|1|1418.3734209|34711451|2||2||2|1|2|2|2|2|2|2|2||1||2600000
3471146|1|1|1|4249.2239122|34711461|2||2||1|1|2|2|2|2|2|2|2||1||3000000
3471147|1|1|1|2180.7579357|34711471|2||2||1|1|2|1|2|2|2|2|2||3||1800000
3471148|1|1|1|901.9565099|34711481|2||2||1|1|2|2|2|2|2|2|2||1||2600000
3471149|1|1|1|1720.6606673|34711491|2||2||1|1|2|2|2|2|2|2|2||1||2500000
3471150|1|1|1|2261.0803782|34711501|2||2||1|1|1|2|2|2|2|2|2||1||800000
3471151|1|1|1|901.9565099|34711511|2||2||1|1|2|2|2|2|2|2|2||1||1300000
3471152|1|1|1|901.9565099|34711521|2||1|1|1|1|2|2|2|2|2|2|1||8||98
3471153|1|1|1|1863.3277511|34711531|2||2||1|1|2|2|2|2|2|2|2||1||1400000
3471154|1|1|1|3491.5970534|34711541|2||2||1|1|2|1|2|2|2|2|2||1||4500000
3471155|1|1|1|3321.4620867|34711551|2||2||1|1|2|2|2|2|2|2|2||1||1300000
3471156|1|1|1|2498.4963344|34711561|2||2||1|2|2|1|2|2|2|2|2||3||1300000
3471157|1|1|1|3188.298727|34711571|2||2||1|1|2|2|2|2|2|2|2||1||2000000
3471158|1|1|1|5494.9965834|34711581|2||2||2|1|2|2|2|2|2|2|2||1||1300000
3471159|1|1|1|1555.5376627|34711591|2||2||2|1|2|2|2|2|2|1|1||7||2000000
3471160|1|1|1|855.28183736|34711601|2||2||1|1|2|2|1|2|2|2|1||1||2300000
3471161|1|1|1|1555.5376627|34711611|2||2||1|1|2|2|2|2|2|2|2||1||1000000
3471162|1|1|1|2067.907525|34711621|2||2||1|1|2|2|2|2|2|2|2||1||2700000
3471164|1|1|1|1456.8517736|34711641|2||2||1|1|2|1|2|2|2|2|2||1||3500000
3471165|1|1|1|5032.4547835|34711651|2||2||1|1|2|2|1|2|2|2|2||1||1400000
3471166|1|1|1|1258.1136959|34711661|2||2||2|1|2|2|2|2|2|2|2||1||2600000
3471167|1|1|1|1428.8798907|34711671|2||2||2|1|2|2|2|2|2|2|2||1||6000000
3471168|1|1|1|1258.1136959|34711681|2||2||1|1|2|2|2|2|2|2|2||1||2100000
3471169|1|1|1|1258.1136959|34711691|2||2||1|1|2|2|2|2|2|2|2||1||3500000
3471170|1|1|1|1871.654302|34711701|2||2||1|1|2|2|2|2|2|2|2||1||98
3471171|1|1|1|1467.3887882|34711711|2||2||1|1|2|2|2|2|2|2|2||1||98
3471172|1|1|1|1404.4118833|34711721|2||2||1|2|2|1|2|2|2|2|2||3||1300000
3471173|1|1|1|1062.1150709|34711731|2||2||1|1|2|2|2|2|2|2|2||1||98
3471174|1|1|1|1635.7913794|34711741|2||2||2|1|2|2|2|2|2|2|2||1||2600000
3471175|1|1|1|1741.3762331|34711751|2||2||1|1|2|1|2|2|2|2|2||3||625000
3471176|1|1|1|2289.7479898|34711761|2||2||1|1|2|2|2|2|2|2|2||1||1800000
3471177|1|1|1|4808.3456839|34711771|2||2||1|1|2|2|2|2|2|2|2||1||3900000
3471178|1|1|1|3019.5109879|34711781|2||2||1|2|2|2|2|2|2|2|1||8||800000
3471179|1|1|1|1248.8628599|34711791|2||2||1|1|2|1|2|2|2|2|2||1||1700000
3471180|1|1|1|2051.3743786|34711801|2||2||1|1|2|2|2|2|2|2|2||1||1600000
3471181|1|1|1|2972.3325742|34711811|2||2||2|1|2|2|2|2|2|2|2||1||98
3471182|1|1|1|1440.6975452|34711821|2||2||1|2|2|2|2|2|2|2|1||8||1000000
3471183|1|1|1|1248.8628599|34711831|2||2||2|1|2|2|2|2|2|2|2||1||98
3471184|1|1|1|1093.4076712|34711841|2||2||1|1|2|2|2|2|2|2|2||1||1400000
3471185|1|1|1|780.53928742|34711851|2||2||1|1|2|2|2|2|2|2|2||1||1500000
3471186|1|1|1|3122.1571497|34711861|2||2||2|1|2|2|2|2|2|2|2||1||1300000
3471187|1|1|1|3122.1571497|34711871|2||2||2|1|1|2|2|2|2|2|2||1||1300000
3471188|1|1|1|2655.7649451|34711881|2||2||1|1|2|2|2|2|2|2|2||1||1300000
3471189|1|1|1|1433.3462854|34711891|2||2||1|1|2|2|2|2|2|2|2||1||1500000
3471190|1|1|1|1419.60019|34711901|2||2||2|1|2|2|2|2|2|2|2||1||1400000
3471191|1|1|1|1471.0167844|34711911|2||2||1|1|2|1|2|2|2|1|2||3||2800000
3471191|1|2|2|1471.0167844|34711912|2||2||1|1|2|2|2|2|2|2|2||1||1300000
3471192|1|1|1|886.48338805|34711921|2||2||1|1|2|2|2|2|2|2|1||1||1900000
3471193|1|1|1|1398.9714793|34711931|2||2||2|1|2|2|2|2|2|2|2||1||3900000
3471194|1|1|1|814.43808299|34711941|2||2||1|1|2|2|2|2|2|2|2||1||1300000
3471195|1|1|1|2119.8217059|34711951|2||2||1|1|2|2|2|2|2|2|2||1||98
3471196|1|1|1|1837.8339724|34711961|2||2||1|1|2|2|2|2|2|2|2||1||1300000
3471197|1|1|1|2922.0115656|34711971|2||2||1|1|2|2|2|2|2|2|2||1||1300000
3471198|1|1|1|870.33534751|34711981|2||2||1|1|2|2|2|2|2|2|2||1||1300000
3471199|1|1|1|713.63591992|34711991|2||2||1|1|2|2|2|2|2|2|2||1||2300000
3471200|1|1|1|1659.564857|34712001|2||2||1|1|2|2|2|2|2|2|1||1||2500000
3471201|1|1|1|1929.5789451|34712011|2||2||1|1|2|2|2|2|2|2|1||1||2100000
3471202|1|1|1|1344.9296314|34712021|2||2||1|2|2|1|2|2|2|2|1||3||2000000
3471203|1|1|1|1297.9201737|34712031|2||2||1|2|2|1|2|2|2|2|2||3||1900000
3471204|1|1|1|2881.198132|34712041|2||2||1|1|2|2|2|2|2|2|2||1||98
3471205|1|1|1|906.15079549|34712051|2||2||1|1|1|2|2|2|2|2|2||1||2800000
3471206|1|1|1|926.73684958|34712061|2||2||1|1|1|2|2|2|2|2|2||1||1300000
3471207|1|1|1|1008.6210993|34712071|2||2||1|1|2|2|2|2|2|2|2||1||1200000
3471208|1|1|1|888.0802559|34712081|2||2||2|1|1|2|1|2|2|2|2||2||550000
3471209|1|1|1|1834.6611703|34712091|2||2||1|1|2|2|2|2|2|2|2||1||1100000
3471210|1|1|1|888.0802559|34712101|2||2||1|1|1|2|2|2|2|2|2||1||680000
3471211|1|1|1|888.0802559|34712111|2||2||1|1|2|1|2|2|2|2|2||1||1900000
3471212|1|1|1|1834.6611703|34712121|2||2||1|1|2|2|2|2|2|2|2||1||1300000
3471213|1|1|1|1376.7835666|34712131|2||2||1|1|2|2|2|2|2|2|2||1||800000
3471214|1|1|1|1393.2863873|34712141|2||2||1|1|2|2|2|2|2|1|2||7||820000
3471216|1|1|1|989.25875692|34712161|2||2||1|2|2|1|2|2|2|2|2||3||1300000
3471217|1|1|1|2697.7191241|34712171|2||2||2|1|2|2|2|2|2|2|2||1||1500000
3471218|1|1|1|1300.7428801|34712181|2||2||1|1|2|2|2|2|2|2|2||1||2000000
3471219|1|1|1|674.42978103|34712191|2||2||1|1|1|2|2|2|2|2|1||1||1200000
3471220|1|1|1|674.42978103|34712201|2||2||1|1|2|2|2|2|2|2|2||1||1800000
3471221|1|1|1|1846.2093145|34712211|2||2||1|1|2|2|2|2|2|2|2||1||1200000
3471222|1|1|1|42.400881111|34712221|2||2||1|1|2|2|2|2|2|2|2||1||3000000
3471223|1|1|1|55.594123187|34712231|2||2||1|1|2|2|2|2|2|2|2||1||3000000
3471224|1|1|1|52.240632916|34712241|2||2||1|1|2|2|2|2|2|2|2||1||1000000
3471225|1|1|1|42.04765359|34712251|2||2||1|1|2|2|2|2|2|2|2||1||1300000
3471226|1|1|1|37.631203904|34712261|2||2||1|1|2|2|2|2|2|2|2||1||1800000
3471227|1|1|1|41.670885915|34712271|2||2||1|1|2|1|2|2|2|2|2||1||5000000
3471228|1|1|1|37.631203904|34712281|2||2||1|1|2|2|2|2|2|2|2||1||5200000
3471229|1|1|1|42.04765359|34712291|2||2||1|1|2|2|2|2|2|2|2||1||1300000
3471230|1|1|1|43.871788399|34712301|2||2||1|1|2|2|2|2|2|2|2||1||3600000
3471231|1|1|1|38.422096294|34712311|2||2||1|1|2|2|2|2|2|2|2||1||2600000
3471232|1|1|1|57.842306716|34712321|2||2||1|1|2|2|2|2|2|2|2||1||3600000
3471233|1|1|1|37.979129544|34712331|2||2||1|1|2|2|2|2|2|2|2||1||800000
3471234|1|1|1|38.062224996|34712341|2||2||1|1|2|2|2|2|2|2|2||1||1300000
3471235|1|1|1|44.222317548|34712351|2||2||1|1|2|2|2|2|2|2|2||1||1300000
3471236|1|1|1|43.871788399|34712361|2||2||1|1|2|2|2|2|2|2|2||1||2500000
3471237|1|1|1|41.795382857|34712371|2||2||1|1|2|2|2|2|2|2|2||1||1300000
3471238|1|1|1|47.058282378|34712381|2||2||1|1|2|2|2|2|2|2|2||1||1300000
3471239|1|1|1|33.38681378|34712391|2||2||1|1|2|2|2|2|2|2|2||1||4000000
3471240|1|1|1|49.335071265|34712401|2||2||1|1|2|2|2|2|2|2|2||1||2800000
3471241|1|1|1|35.519142886|34712411|2||2||1|1|2|2|2|2|2|2|2||1||2500000
3471242|1|1|1|45.501048646|34712421|2||2||1|1|2|2|2|2|2|2|2||1||3500000
3471243|1|1|1|54.148049373|34712431|2||2||1|1|2|2|2|2|2|2|2||1||1300000
3471244|1|1|1|24.295915415|34712441|2||2||1|1|2|2|2|2|2|2|2||1||3000000
3471245|1|1|1|40.479816964|34712451|2||2||1|1|2|2|2|2|2|2|2||1||3200000
3471246|1|1|1|53.051419544|34712461|2||2||1|1|2|2|2|2|2|2|2||1||2900000
3471247|1|1|1|39.926777213|34712471|2||2||1|1|2|2|2|2|2|2|2||1||2000000
3471248|1|1|1|55.952611013|34712481|2||2||1|1|2|2|2|2|2|2|2||1||1400000
3471249|1|1|1|41.779680406|34712491|2||2||1|1|2|2|2|2|2|2|2||1||1300000
3471251|1|1|1|70.450464743|34712511|2||2||1|1|2|2|2|2|2|2|2||1||2600000
3471252|1|1|1|52.712320754|34712521|2||2||1|2|2|1|2|2|2|2|2||3||1450000
3471253|1|1|1|55.384492578|34712531|2||2||1|1|2|2|2|2|2|2|2||1||3600000
3471254|1|1|1|57.999657757|34712541|2||2||1|1|2|2|2|2|2|2|2||1||2000000
3471255|1|1|1|48.94575061|34712551|2||2||1|1|2|2|2|2|2|2|2||1||1460000
3471256|1|1|1|41.779680406|34712561|2||2||1|1|2|2|2|2|2|2|2||1||1300000
3471257|1|1|1|44.650436403|34712571|2||2||1|1|2|2|2|2|2|2|2||1||1300000
3471258|1|1|1|38.211410647|34712581|2||2||1|1|2|2|2|2|2|2|2||1||2600000
3471259|1|1|1|36.888680332|34712591|2||2||1|1|2|2|2|2|2|2|2||1||1300000
3471260|1|1|1|33.180925627|34712601|2||2||1|1|2|2|2|2|2|2|2||1||1300000
3471261|1|1|1|47.544628718|34712611|2||2||1|1|2|2|2|2|2|2|2||1||1500000
3471262|1|1|1|57.759005743|34712621|2||2||1|1|2|2|2|2|2|2|2||1||3000000
3471263|1|1|1|27.403081897|34712631|2||2||1|1|2|2|2|2|2|2|2||1||1900000
3471264|1|1|1|33.257629121|34712641|2||2||1|1|2|2|2|2|2|2|2||1||1900000
3471265|1|1|1|41.474545721|34712651|2||2||1|1|2|2|2|2|2|2|2||1||1300000
3471266|1|1|1|41.152789705|34712661|2||2||1|1|2|2|2|2|2|2|2||1||1300000
3471267|1|1|1|34.603055534|34712671|2||2||1|1|2|2|2|2|2|2|2||1||1800000
3471268|1|1|1|51.868228799|34712681|2||2||1|1|2|2|2|2|2|2|2||1||3900000
3471269|1|1|1|34.563464195|34712691|2||2||1|1|2|2|2|2|2|2|2||1||2300000
3471270|1|1|1|49.525654914|34712701|2||2||1|2|1|1|2|2|2|2|2||3||1600000
3471271|1|1|1|49.525654914|34712711|2||2||1|1|2|1|2|2|2|2|2||1||2900000
3471272|1|1|1|30.532091336|34712721|2||2||1|1|2|2|2|2|2|2|2||1||2500000
3471273|1|1|1|36.518393792|34712731|2||2||1|1|2|2|2|2|2|2|2||1||1300000
3471274|1|1|1|51.522198704|34712741|2||2||1|1|2|2|2|2|2|2|2||1||2600000
3471275|1|1|1|34.483564723|34712751|2||2||1|1|2|2|2|2|2|2|2||1||2100000
3471276|1|1|1|46.126555878|34712761|2||2||1|1|2|2|2|2|2|2|2||1||1800000
3471283|1|1|1|1593.7929306|34712831|2||2||1|1|2|2|2|2|2|2|2||1||2000000
3471284|1|1|1|3134.1693991|34712841|2||2||1|2|2|1|2|2|2|2|2||3||1300000
3471285|1|1|1|3438.4292103|34712851|2||2||1|2|2|2|2|2|2|1|1||8||1000000
3471286|1|1|1|3134.1693991|34712861|2||2||1|2|1|2|2|2|2|2|1||8||700000
3471287|1|1|1|3215.0711758|34712871|2||2||1|1|2|2|2|2|2|2|2||1||4000000
3471288|1|1|1|3438.4292103|34712881|2||2||1|2|2|1|2|2|2|2|2||3||1600000
3471289|1|1|1|3330.9234867|34712891|2||2||1|1|2|2|2|2|2|2|2||1||5000000
3471290|1|1|1|2026.9310001|34712901|2||1|1|1|1|2|1|2|2|2|2|2||1||3900000
3471291|1|1|1|939.02374802|34712911|2||2||1|1|2|1|2|2|2|2|2||1||1500000
3471292|1|1|1|576.09087813|34712921|2||2||1|1|2|2|2|2|2|2|1||8||600000
3471293|1|1|1|676.19386055|34712931|2||2||1|1|2|2|2|2|2|2|2||1||1500000
3471294|1|1|1|615.40250406|34712941|2||2||1|1|2|2|2|2|2|2|2||1||4000000
3471295|1|1|1|687.00093876|34712951|2||2||1|2|2|1|2|2|2|2|2||3||1300000
3471298|1|1|1|676.19386055|34712981|2||2||1|1|2|2|2|2|2|2|2||1||3000000
3471299|1|1|1|737.11964289|34712991|2||2||1|1|2|2|2|2|2|2|2||1||2000000
3471300|1|1|1|676.19386055|34713001|2||2||1|1|2|2|2|2|2|2|2||1||1300000
3471302|1|1|1|3894.9791152|34713021|2||2||1|1|2|2|2|2|2|2|2||1||1600000
3471303|1|1|1|3668.7436231|34713031|2||2||2|1|2|2|2|2|2|2|2||1||99
3471304|1|1|1|3912.1820372|34713041|2||2||1|1|2|2|2|2|2|2|2||1||2800000
3471305|1|1|1|3026.7613604|34713051|2||2||1|1|2|2|2|2|2|2|2||1||2000000
3471306|1|1|1|3200.6314158|34713061|2||2||1|1|2|2|2|2|2|2|2||1||1000000
3471307|1|1|1|1627.5903036|34713071|2||2||1|1|2|2|2|2|2|2|2||1||3000000
3471308|1|1|1|2598.7544689|34713081|2||2||1|1|1|2|2|2|2|2|2||1||1300000
3471309|1|1|1|2336.9412104|34713091|2||2||1|1|2|2|2|2|2|2|2||1||3000000
3471310|1|1|1|1627.5903036|34713101|2||2||1|1|2|2|2|2|2|2|2||1||3500000
3471311|1|1|1|3473.30991|34713111|2||2||1|1|2|2|2|2|2|2|2||1||3000000
3471312|1|1|1|1404.4888098|34713121|2||2||1|1|2|1|2|2|2|2|2||1||1600000
3471313|1|1|1|1728.1049234|34713131|2||2||1|2|2|2|2|2|2|2|1||8||800000
3471314|1|1|1|772.61385984|34713141|2||2||1|1|2|2|2|2|2|2|2||1||1300000
3471315|1|1|1|1207.019426|34713151|2||2||1|1|2|2|2|2|2|2|2||1||98
3471316|1|1|1|2124.7007417|34713161|2||2||1|1|2|2|2|2|2|2|2||1||98
3471317|1|1|1|772.61385984|34713171|2||2||1|1|2|2|2|2|2|2|2||1||98
3471318|1|1|1|751.73157093|34713181|2||2||1|1|2|1|2|2|2|2|2||1||4000000
3471319|1|1|1|1344.981033|34713191|2||2||1|1|2|2|2|2|2|2|2||1||98
3471320|1|1|1|1918.009188|34713201|2||2||2|1|2|2|2|2|2|2|2||1||98
3471321|1|1|1|977.83941637|34713211|2||2||1|1|2|2|2|2|2|2|1||1||1800000
3471322|1|1|1|1028.5516427|34713221|2||2||1|1|2|2|2|2|2|2|2||1||6000000
3471323|1|1|1|1959.3290783|34713231|2||2||1|1|2|2|2|2|2|2|1||1||2000000
3471324|1|1|1|666.37945412|34713241|2||2||1|1|2|1|2|2|2|2|2||1||6000000
3471325|1|1|1|1490.4904965|34713251|2||2||1|2|2|1|2|2|2|2|2||3||1300000
3471326|1|1|1|1942.5276305|34713261|2||2||2|1|2|2|2|2|2|2|2||1||1600000
3471327|1|1|1|1836.1410734|34713271|2||2||1|2|2|1|2|2|2|2|1||3||2500000
3471328|1|1|1|1389.5320152|34713281|2||2||1|1|2|2|2|2|2|2|2||1||98
3471329|1|1|1|2090.6073231|34713291|2||2||1|2|2|2|2|2|2|2|1||8||1200000
3471330|1|1|1|1502.1526993|34713301|2||2||1|1|2|2|2|2|2|2|2||1||2600000
3471331|1|1|1|567.25655662|34713311|2||2||1|1|2|2|2|2|2|2|2||1||2800000
3471332|1|1|1|1281.6985346|34713321|2||2||1|1|2|2|2|2|2|2|1||1||1200000
3471333|1|1|1|1832.8219597|34713331|2||2||1|1|2|2|2|2|2|2|2||1||1300000
3471334|1|1|1|1823.4607038|34713341|2||2||1|1|2|2|2|2|2|2|2||1||4000000
3471335|1|1|1|2162.6972308|34713351|2||2||1|1|2|2|2|2|2|2|1||1||900000
3471336|1|1|1|2515.4265134|34713361|2||2||2|1|2|2|2|2|2|2|2||1||1300000
3471337|1|1|1|2904.3162011|34713371|2||2||1|1|2|2|2|2|2|2|2||1||2600000
3471338|1|1|1|3271.3916789|34713381|2||2||2|1|2|2|2|2|2|2|2||1||2600000
3471339|1|1|1|1835.6978559|34713391|2||2||2|1|2|2|2|2|2|2|2||1||1800000
3471340|1|1|1|1920.9129409|34713401|2||2||1|1|2|2|2|2|2|2|2||1||4500000
3471341|1|1|1|3249.577469|34713411|2||2||1|1|2|2|2|2|2|2|2||1||2000000
3471342|1|1|1|11400.078398|34713421|2||2||1|1|2|2|2|2|2|2|2||1||2600000
3471343|1|1|1|2850.0195996|34713431|2||2||1|1|2|2|2|2|2|2|2||1||2000000
3471344|1|1|1|7501.9961451|34713441|2||2||1|1|2|2|2|2|2|2|2||1||5800000
3471345|1|1|1|7018.7729706|34713451|2||2||1|1|2|1|2|2|2|2|2||1||1300000
3471346|1|1|1|5109.9960789|34713461|2||2||1|2|2|2|2|2|2|2|1||8||500000
3471348|1|1|1|4060.0090103|34713481|2||2||1|1|2|2|2|2|2|2|2||1||2400000
3471349|1|1|1|7871.607043|34713491|2||2||1|1|2|2|2|2|2|2|2||1||1300000
3471350|1|1|1|13775.094731|34713501|2||2||1|1|2|2|2|2|2|2|2||1||1300000
3471351|1|1|1|4235.6081336|34713511|2||2||1|1|2|2|2|2|2|2|2||1||1300000
3471352|1|1|1|9064.9120087|34713521|2||2||1|1|2|2|2|2|2|2|2||1||1200000
3471353|1|1|1|4162.8352292|34713531|2||2||1|2|2|1|2|2|2|2|2||3||1400000
3471354|1|1|1|6177.4376985|34713541|2||2||1|1|2|2|2|2|2|2|2||1||12000000
3471355|1|1|1|21375.146997|34713551|2||2||1|2|2|2|2|2|2|2|1||8||440000
3471356|1|1|1|5949.3027707|34713561|2||2||1|1|2|2|2|2|2|2|2||1||4000000
3471357|1|1|1|857.92322313|34713571|2||2||1|1|2|2|2|2|2|2|2||1||99
3471358|1|1|1|953.45464891|34713581|2||2||1|1|2|2|2|2|2|2|2||1||98
3471359|1|1|1|645.95209734|34713591|2||2||1|1|2|2|2|2|2|2|2||1||98
3471360|1|1|1|805.69033073|34713601|2||2||1|1|2|2|2|2|2|2|2||1||3000000
3471361|1|1|1|748.78279468|34713611|2||2||1|1|2|2|2|2|2|2|2||1||4000000
3471362|1|1|1|886.15667923|34713621|2||2||1|1|2|2|2|2|2|2|2||1||99
3471363|1|1|1|122.61930284|34713631|2||2||1|1|2|2|2|2|2|2|2||1||1300000
3471364|1|1|1|127.41430024|34713641|2||2||1|1|2|2|2|2|2|2|2||1||2500000
3471365|1|1|1|154.44671018|34713651|2||2||1|1|2|2|2|2|2|2|2||1||2600000
3471366|1|1|1|228.3600474|34713661|2||2||1|1|2|2|2|2|2|2|2||1||3000000
3471367|1|1|1|153.94388076|34713671|2||2||1|1|2|1|2|2|2|2|2||1||6000000
3471368|1|1|1|123.44344865|34713681|2||2||1|1|2|2|2|2|2|1|2||1||3000000
3471369|1|1|1|131.79559974|34713691|2||2||1|1|2|2|1|2|2|1|2||1||2400000
3471370|1|1|1|164.42870154|34713701|2||2||1|1|2|2|2|2|2|2|1||1||2000000
3471371|1|1|1|144.48944979|34713711|2||2||1|2|2|1|2|2|2|2|2||3||5000000
3471373|1|1|1|91.559198218|34713731|2||2||1|1|2|2|2|2|2|2|2||1||1500000
3471374|1|1|1|158.91561766|34713741|2||2||1|2|2|2|2|2|2|2|1||8||900000
3471375|1|1|1|131.06898874|34713751|2||2||1|2|2|1|2|2|2|2|2||3||3500000
3471376|1|1|1|63.804044461|34713761|2||2||1|1|2|2|1|2|2|2|2||1||2600000
3471377|1|1|1|150.50984353|34713771|2||2||1|2|2|2|2|2|2|2|1||8||1100000
3471378|1|1|1|463.63007705|34713781|2||2||1|1|2|2|2|2|2|2|2||1||3000000
3471379|1|1|1|219.22347132|34713791|2||2||1|2|2|1|2|2|2|2|2||3||1300000
3471380|1|1|1|603.84074973|34713801|2||2||1|2|2|2|2|2|2|2|1||8||700000
3471381|1|1|1|407.28614408|34713811|2||2||1|2|2|1|2|2|2|1|2||3||1500000
3471382|1|1|1|434.81481859|34713821|2||2||1|1|2|2|2|2|2|2|2||1||6000000
3471383|1|1|1|809.64253957|34713831|2||2||1|2|2|2|2|2|2|2|1||8||1500000
3471384|1|1|1|739.96060758|34713841|2||2||1|1|2|2|2|2|2|2|2||1||2000000
3471385|1|1|1|257.40036397|34713851|2||2||1|1|2|1|2|2|2|2|2||3||3000000
3471386|1|1|1|436.54903147|34713861|2||2||1|2|2|1|2|2|2|2|2||3||1500000
3471387|1|1|1|407.28614408|34713871|2||2||1|2|2|1|2|2|2|2|2||3||2600000
3471388|1|1|1|433.82393282|34713881|2||2||1|1|2|1|2|2|2|2|2||1||2920000
3471389|1|1|1|279.59438738|34713891|2||2||1|1|2|2|2|2|2|2|2||1||1460000
3471390|1|1|1|239.65183226|34713901|2||2||1|1|2|2|2|2|2|2|2||1||1300000
3471391|1|1|1|403.76928811|34713911|2||2||1|2|2|1|2|2|2|2|2||3||1300000
3471392|1|1|1|472.07292221|34713921|2||2||1|1|2|2|2|2|2|2|2||1||8000000
3471393|1|1|1|214.0520327|34713931|2||2||1|1|2|1|2|2|2|2|2||3||1900000
3471394|1|1|1|488.76266344|34713941|2||2||1|1|2|2|1|2|2|2|2||1||5200000
3471395|1|1|1|338.69581878|34713951|2||2||1|2|2|1|2|2|2|2|2||3||3500000
3471396|1|1|1|308.61972335|34713961|2||2||1|1|2|1|2|2|2|2|2||1||5000000
3471397|1|1|1|338.69581878|34713971|2||2||1|2|2|1|2|2|2|2|2||3||1300000
3471398|1|1|1|374.97479303|34713981|2||2||1|1|2|2|1|2|2|2|2||1||3000000
3471399|1|1|1|476.72297411|34713991|2||2||1|1|2|2|2|2|2|2|2||1||6000000
3471400|1|1|1|412.11515657|34714001|2||2||1|1|2|2|2|2|2|2|2||1||10000000
3471401|1|1|1|403.56662112|34714011|2||2||1|2|2|1|2|2|2|1|2||3||4300000
3471402|1|1|1|566.76755209|34714021|2||2||1|1|2|2|2|2|2|2|2||1||10000000
3471403|1|1|1|442.47180456|34714031|2||2||1|1|2|2|2|2|2|2|2||1||8000000
3471404|1|1|1|43.75645983|34714041|2||2||1|1|2|1|2|2|2|2|2||3||3500000
3471405|1|1|1|94.637975021|34714051|2||2||1|1|2|2|2|2|2|2|2||1||2500000
3471406|1|1|1|142.83324447|34714061|2||2||1|1|2|2|2|2|2|2|2||1||2000000
3471407|1|1|1|176.07977922|34714071|2||2||1|1|2|2|2|2|2|2|2||1||2500000
3471408|1|1|1|67.526166708|34714081|2||2||1|1|2|2|2|2|2|2|2||1||2300000
3471409|1|1|1|192.03612158|34714091|2||2||1|1|2|2|2|2|2|2|2||1||3000000
3471410|1|1|1|166.41367944|34714101|2||2||1|1|2|2|2|2|2|2|2||1||3000000
3471411|1|1|1|145.56828676|34714111|2||2||1|1|2|2|2|2|2|2|2||1||1300000
3471412|1|1|1|61.068083746|34714121|2||2||1|1|2|1|2|2|2|1|2||3||3500000
3471413|1|1|1|114.1974339|34714131|2||2||1|1|2|2|2|2|2|2|2||1||2500000
3471414|1|1|1|81.814766907|34714141|2||2||1|1|2|2|2|2|2|2|2||1||3000000
3471415|1|1|1|72.441986888|34714151|2||2||1|1|2|2|2|2|2|2|2||1||5000000
3471416|1|1|1|102.58161859|34714161|2||2||1|1|2|2|2|2|2|2|2||1||3000000
3471417|1|1|1|111.89155909|34714171|2||1|1|1|1|2|2|2|2|2|2|1||1||4500000
3471418|1|1|1|104.0444976|34714181|2||2||1|1|2|2|2|2|2|2|2||1||2000000
3471419|1|1|1|103.20933939|34714191|2||2||1|1|1|2|1|2|2|2|2||1||900000
3471420|1|1|1|123.60295391|34714201|2||2||1|1|2|2|1|2|2|2|2||1||1200000
3471421|1|1|1|250.80482009|34714211|2||2||1|1|2|1|2|2|2|2|2||3||1500000
3471422|1|1|1|346.82670901|34714221|2||2||1|1|2|2|2|2|2|2|2||1||7000000
3471423|1|1|1|108.82963308|34714231|2||2||1|1|2|2|2|2|2|2|2||1||1300000
3471424|1|1|1|173.77663752|34714241|2||2||1|1|2|2|2|2|2|2|2||1||1300000
3471425|1|1|1|186.63351754|34714251|2||2||1|1|2|2|2|2|2|2|2||1||1500000
3471426|1|1|1|237.74509777|34714261|2||2||1|1|2|2|2|2|2|2|2||1||2000000
3471427|1|1|1|293.68968432|34714271|2||2||1|1|2|2|2|2|2|2|2||1||1300000
3471428|1|1|1|206.57767073|34714281|2||2||1|1|2|2|2|2|2|2|2||1||2000000
3471429|1|1|1|236.12320223|34714291|2||2||1|1|2|2|2|2|2|2|2||1||1200000
3471430|1|1|1|135.52193731|34714301|2||2||1|1|2|2|2|2|2|2|2||1||1400000
3471431|1|1|1|197.6149002|34714311|2||2||1|1|2|2|2|2|2|2|2||1||3500000
3471432|1|1|1|214.11901345|34714321|2||2||1|2|2|1|2|2|2|2|2||3||1200000
3471433|1|1|1|262.18866358|34714331|2||2||1|2|2|2|2|2|2|2|1||8||1000000
3471434|1|1|1|313.23032481|34714341|2||2||1|1|2|2|2|2|2|2|1||1||1500000
3471435|1|1|1|383.50159034|34714351|2||2||1|2|2|2|2|2|2|2|1||8||2000000
3471435|1|2|2|383.50159034|34714352|2||2||1|1|2|2|2|2|2|2|2||1||1000000
3471436|1|1|1|170.5285162|34714361|2||2||1|2|2|1|2|2|2|2|2||3||1500000
3471437|1|1|1|242.80956504|34714371|2||2||1|1|2|2|2|2|2|2|2||1||2500000
3471438|1|1|1|198.95031074|34714381|2||2||1|2|2|1|2|2|2|2|2||3||1500000
3471439|1|1|1|269.77045089|34714391|2||2||1|1|2|2|2|2|2|2|2||1||4500000
3471440|1|1|1|236.04588631|34714401|2||2||1|1|2|2|2|2|2|2|2||1||1400000
3471441|1|1|1|425.35602121|34714411|2||2||1|1|1|2|2|2|2|1|2||1||5000000
3471442|1|1|1|225.5752436|34714421|2||2||1|1|2|2|1|2|2|2|1||1||900000
3471443|1|1|1|257.9192348|34714431|2||2||1|1|2|2|2|2|2|2|2||1||1300000
3471444|1|1|1|212.23348324|34714441|2||2||1|1|2|2|2|2|2|2|2||1||1000000
3471445|1|1|1|218.46274477|34714451|2||2||1|1|2|2|2|2|2|2|2||1||3500000
3471446|1|1|1|137.23835394|34714461|2||2||1|1|1|2|2|2|2|2|1||1||1300000
3471447|1|1|1|192.60335945|34714471|2||2||1|1|2|2|2|2|2|2|2||1||1300000
3471448|1|1|1|393.36270009|34714481|2||2||1|1|2|2|2|2|2|2|2||1||1200000
3471449|1|1|1|204.13698949|34714491|2||2||1|1|2|2|2|2|2|2|2||1||1300000
3471450|1|1|1|158.27705544|34714501|2||2||1|1|2|2|2|2|2|2|2||1||1300000
3471451|1|1|1|419.4383399|34714511|2||2||1|1|2|2|2|2|2|2|2||1||5000000
3471452|1|1|1|474.59882359|34714521|2||2||1|1|2|2|2|2|2|2|2||1||1600000
3471453|1|1|1|377.35270976|34714531|2||2||1|1|2|2|2|2|2|2|2||1||20000000
3471454|1|1|1|160.72890723|34714541|2||1|1|1|2|2|2|2|2|2|2|1||8||3600000
3471455|1|1|1|139.27658303|34714551|2||2||2|1|2|2|2|2|2|2|2||1||99
3471456|1|1|1|188.42833516|34714561|2||1|1|1|1|2|2|2|2|2|2|2||1||99
3471457|1|1|1|389.45374047|34714571|2||2||1|1|2|2|2|2|2|2|2||1||5000000
3471458|1|1|1|171.02010261|34714581|2||2||1|1|2|2|2|2|2|2|2||1||1300000
3471459|1|1|1|171.02010261|34714591|2||2||2|1|2|2|2|2|2|2|2||1||1300000
3471460|1|1|1|419.5292264|34714601|2||2||1|1|2|2|2|2|2|2|2||1||99
3471461|1|1|1|221.15261635|34714611|2||2||1|1|2|2|1|2|2|1|2||7||1200000
3471462|1|1|1|171.02010261|34714621|2||2||1|1|2|2|1|2|2|2|2||1||1300000
3471463|1|1|1|171.02010261|34714631|2||2||2|1|2|2|2|2|2|2|2||1||700000
3471464|1|1|1|434.56907885|34714641|2||2||1|1|2|2|2|2|2|2|2||1||1300000
3471465|1|1|1|320.71578245|34714651|2||2||1|1|2|1|2|2|2|1|2||1||99
3471466|1|1|1|317.90353986|34714661|2||2||1|1|2|2|2|2|2|2|2||1||2400000
3471467|1|1|1|264.513846|34714671|2||2||1|1|2|2|2|2|2|2|2||1||1600000
3471468|1|1|1|145.10796585|34714681|2||2||1|1|2|2|1|2|2|2|2||1||600000
3471469|1|1|1|374.11179592|34714691|2||2||2|1|2|2|2|2|2|2|2||1||2900000
3471470|1|1|1|131.22398493|34714701|2||1|1|1|1|2|2|2|2|2|2|2||1||8000000
3471472|1|1|1|295.06873815|34714721|2||2||2|1|2|1|2|2|2|1|2||1||10000000
3471473|1|1|1|373.99573046|34714731|2||2||1|1|2|2|2|2|2|2|2||1||1800000
3471474|1|1|1|223.11214976|34714741|2||2||1|1|2|2|1|2|2|2|2||1||1800000
3471475|1|1|1|303.00780495|34714751|2||2||1|2|2|2|2|2|2|2|1||8||1000000
3471476|1|1|1|358.63819869|34714761|2||2||1|1|2|2|2|2|2|2|2||1||2800000
3471477|1|1|1|221.64576104|34714771|2||2||1|1|2|2|2|2|2|2|2||1||900000
3471478|1|1|1|227.13029734|34714781|2||2||1|1|2|2|2|2|2|2|2||1||1300000
3471479|1|1|1|336.13184354|34714791|2||2||2|1|2|2|2|2|2|2|2||1||3900000
3471480|1|1|1|140.31041959|34714801|2||1|1|1|1|2|2|2|2|2|2|2||1||1300000
3471481|1|1|1|223.23040298|34714811|2||2||1|1|2|2|2|2|2|2|2||1||2000000
3471482|1|1|1|255.27443239|34714821|2||2||1|1|2|2|2|2|2|2|2||1||800000
3471483|1|1|1|341.61637985|34714831|2||2||1|1|1|2|2|2|2|2|2||1||2800000
3471484|1|1|1|161.52624223|34714841|2||2||1|1|2|2|2|2|2|2|2||1||1800000
3471485|1|1|1|140.31041959|34714851|2||2||1|2|1|2|1|2|2|2|1||4||800000
3471486|1|1|1|138.59176988|34714861|2||2||1|1|2|2|2|2|2|2|2||1||12000000
3471487|1|1|1|403.35821225|34714871|2||2||1|1|2|2|2|2|2|2|2||1||4000000
3471488|1|1|1|115.8771195|34714881|2||2||1|2|2|2|2|2|2|2|1||8||500000
3471489|1|1|1|123.04891865|34714891|2||2||1|1|2|1|2|2|2|2|2||1||3000000
3471490|1|1|1|99.65820392|34714901|2||2||1|1|1|2|2|2|2|2|1||1||1300000
3471491|1|1|1|144.64937809|34714911|2||2||1|1|2|2|2|2|2|1|2||1||1400000
3471492|1|1|1|92.765454304|34714921|2||2||1|1|2|2|2|2|2|2|2||1||600000
3471493|1|1|1|61.430217188|34714931|2||2||1|1|1|2|1|2|2|2|2||4||600000
3471494|1|1|1|77.962751174|34714941|2||2||1|1|1|2|2|2|2|2|2||1||1000000
3471495|1|1|1|111.53717261|34714951|2||2||1|1|1|2|2|2|2|2|2||1||900000
3471496|1|1|1|43.516376947|34714961|2||2||1|1|1|2|2|2|2|2|2||1||700000
3471497|1|1|1|65.90502109|34714971|2||2||1|1|2|2|2|2|2|2|2||1||1000000
3471498|1|1|1|64.047097023|34714981|2||2||1|1|1|2|2|2|2|2|2||1||300000
3471499|1|1|1|172.37829543|34714991|2||2||1|1|2|2|2|2|2|2|2||1||2300000
3471500|1|1|1|155.37800932|34715001|2||2||1|1|2|2|2|2|2|2|2||1||2500000
3471501|1|1|1|196.63705423|34715011|2||2||1|1|2|2|2|2|2|2|2||1||2000000
3471502|1|1|1|182.09364306|34715021|2||2||1|1|2|1|2|2|2|2|2||3||2300000
3471503|1|1|1|342.188721|34715031|2||2||2|1|2|2|2|2|2|2|2||1||2000000
3471504|1|1|1|182.09364306|34715041|2||2||1|2|2|2|2|2|2|2|1||8||700000
3471505|1|1|1|221.4198062|34715051|2||2||1|1|1|2|2|2|2|2|2||1||2000000
3471506|1|1|1|400.95203398|34715061|2||2||1|1|2|2|1|2|2|2|1||1||1400000
3471507|1|1|1|269.65264856|34715071|2||2||1|1|2|2|2|2|2|2|1||8||800000
3471508|1|1|1|336.09115826|34715081|2||2||1|1|2|2|1|2|2|2|2||1||1500000
3471509|1|1|1|243.60898701|34715091|2||2||1|1|2|2|2|2|2|2|1||8||1200000
3471510|1|1|1|243.60898701|34715101|2||2||1|1|2|2|2|2|2|2|2||1||4000000
3471511|1|1|1|464.54225104|34715111|2||2||1|1|2|2|1|2|2|2|2||1||1500000
3471512|1|1|1|160.64260783|34715121|2||2||1|1|1|2|2|2|2|1|2||7||2500000
3471513|1|1|1|276.34161901|34715131|2||2||1|1|2|2|2|2|2|2|2||1||1500000
3471514|1|1|1|240.62374262|34715141|2||2||1|1|2|2|2|2|2|2|2||1||1000000
3471515|1|1|1|315.39501367|34715151|2||2||1|1|2|2|2|2|2|2|2||1||2000000
3471516|1|1|1|196.25414591|34715161|2||2||1|1|1|2|2|2|2|2|2||1||800000
3471517|1|1|1|200.30072265|34715171|2||2||1|1|2|2|2|2|2|2|2||1||700000
3471519|1|1|1|296.95560894|34715191|2||2||1|1|2|2|2|2|2|2|2||1||2000000
3471520|1|1|1|63.023086477|34715201|2||2||2|2|2|1|2|2|2|1|2||3||1800000
3471521|1|1|1|95.337227878|34715211|2||2||1|1|2|2|2|2|2|2|2||1||3000000
3471522|1|1|1|136.88495924|34715221|2||2||1|1|2|2|2|2|2|2|1||1||2500000
3471523|1|1|1|110.25833318|34715231|2||2||1|1|2|2|2|2|2|2|2||1||1300000
3471524|1|1|1|132.5188974|34715241|2||2||1|1|2|2|2|2|2|2|2||1||3800000
3471525|1|1|1|92.98594108|34715251|2||2||1|1|2|2|2|2|2|2|2||1||2800000
3471526|1|1|1|71.720471066|34715261|2||2||1|2|2|2|2|2|2|2|1||8||98
3471527|1|1|1|53.714739294|34715271|2||2||1|2|2|1|2|2|2|2|2||3||98
3471528|1|1|1|140.51829418|34715281|2||2||1|1|2|2|2|2|2|2|2||1||1800000
3471529|1|1|1|89.976071839|34715291|2||2||1|1|1|2|2|2|2|2|2||1||1500000
3471530|1|1|1|69.693810494|34715301|2||2||1|1|2|2|2|2|2|2|2||1||2000000
3471531|1|1|1|132.5188974|34715311|2||2||1|1|2|2|2|2|2|2|2||1||1300000
3471532|1|1|1|197.32207586|34715321|2||2||1|1|2|2|2|2|2|2|1||1||1300000
3471533|1|1|1|111.14556495|34715331|2||2||1|1|1|2|2|2|2|2|2||1||2200000
3471534|1|1|1|125.94562065|34715341|2||2||1|1|2|2|2|2|2|2|2||1||1500000
3471535|1|1|1|64.853230778|34715351|2||2||2|1|2|2|2|2|2|2|2||1||2600000
3471536|1|1|1|139.03705104|34715361|2||2||2|1|2|2|2|2|2|2|2||1||1300000
3471537|1|1|1|130.71701253|34715371|2||2||1|2|2|2|2|2|2|2|1||8||1300000
3471538|1|1|1|146.56756698|34715381|2||2||1|1|2|2|2|2|2|2|2||1||2600000
3471539|1|1|1|56.507519776|34715391|2||2||1|1|2|2|2|2|2|2|2||1||1300000
3471540|1|1|1|54.50586039|34715401|2||2||1|1|2|2|2|2|2|2|2||1||650000
3471541|1|1|1|379.49058213|34715411|2||2||1|1|2|2|2|2|2|1|2||1||1700000
3471542|1|1|1|370.55726568|34715421|2||2||1|1|2|2|2|2|2|2|2||1||98
3471543|1|1|1|299.78357293|34715431|2||2||1|1|2|2|2|2|2|2|2||1||600000
3471544|1|1|1|584.55530684|34715441|2||2||1|1|2|2|2|2|2|2|2||1||98
3471545|1|1|1|379.49058213|34715451|2||2||1|1|2|2|2|2|2|2|2||1||98
3471546|1|1|1|438.658471|34715461|2||2||1|1|2|2|2|2|2|2|2||1||1300000
3471547|1|1|1|412.90229447|34715471|2||2||1|1|2|2|2|2|2|2|2||1||1300000
3471548|1|1|1|438.65788303|34715481|2||2||1|1|2|1|2|2|2|2|2||3||5000000
3471549|1|1|1|423.89243011|34715491|2||2||1|1|2|2|2|2|2|2|2||1||1000000
3471550|1|1|1|585.1223836|34715501|2||2||2|1|2|2|2|2|2|2|2||1||4000000
3471551|1|1|1|798.64349251|34715511|2||2||2|1|2|2|2|2|2|2|2||1||3500000
3471552|1|1|1|318.4212255|34715521|2||2||1|2|2|2|2|2|2|2|1||8||700000
3471552|1|2|2|318.4212255|34715522|2||2||1|2|2|2|2|2|2|2|1||8||1000000
3471552|1|3|3|318.4212255|34715523|2||2||1|2|2|2|2|2|2|2|1||8||900000
3471553|1|1|1|321.19668528|34715531|2||2||1|1|2|2|2|2|2|2|2||1||98
3471554|1|1|1|813.26637216|34715541|2||2||1|1|2|2|2|2|2|2|2||1||1000000
3471555|1|1|1|565.47987124|34715551|2||2||2|1|1|2|2|2|2|2|2||1||3500000
3471556|1|1|1|218.16392498|34715561|2||2||1|1|2|2|2|2|2|2|2||1||98
3471557|1|1|1|539.02359479|34715571|2||2||1|1|2|2|2|2|2|2|2||1||2500000
3471558|1|1|1|229.42185192|34715581|2||2||1|1|2|2|2|2|2|2|2||1||98
3471559|1|1|1|294.68416972|34715591|2||2||1|1|2|2|2|2|2|2|2||1||3000000
3471560|1|1|1|596.06068068|34715601|2||2||1|1|2|2|2|2|2|2|2||1||2300000
3471561|1|1|1|548.94455733|34715611|2||2||1|1|2|2|2|2|2|2|2||1||2000000
3471562|1|1|1|435.45523557|34715621|2||2||1|2|2|2|1|2|2|2|1||8||600000
3471563|1|1|1|913.10218985|34715631|2||2||1|1|2|2|2|2|2|2|2||1||1500000
3471564|1|1|1|664.03167526|34715641|2||2||1|2|1|2|2|2|2|2|1||8||350000
3471565|1|1|1|274.65536856|34715651|2||2||1|1|2|2|2|2|2|2|2||1||1000000
3471566|1|1|1|305.2950735|34715661|2||2||1|1|2|2|2|2|2|2|2||1||2500000
3471567|1|1|1|608.65979451|34715671|2||2||1|1|2|2|2|2|2|2|2||1||2000000
3471568|1|1|1|492.29520175|34715681|2||2||1|1|2|2|2|2|2|2|2||1||800000
3471569|1|1|1|208.66674105|34715691|2||2||1|1|2|2|2|2|2|2|2||1||1600000
3471570|1|1|1|658.49460124|34715701|2||2||1|1|2|2|2|2|2|2|2||1||1600000
3471571|1|1|1|471.01158275|34715711|2||2||1|1|2|2|2|2|2|2|2||1||2600000
3471572|1|1|1|489.1387822|34715721|2||2||1|1|2|2|2|2|2|2|2||1||2500000
3471573|1|1|1|928.64623252|34715731|2||2||1|1|2|2|2|2|2|2|2||1||1300000
3471574|1|1|1|934.84271818|34715741|2||2||1|1|2|2|2|2|2|2|2||1||1500000
3471575|1|1|1|514.86893232|34715751|2||2||1|1|2|2|2|2|2|2|2||1||1300000
3471576|1|1|1|139.00735082|34715761|2||2||1|1|1|2|2|2|2|2|2||1||1500000
3471577|1|1|1|185.88936228|34715771|2||2||1|1|2|2|2|2|2|2|2||1||500000
3471578|1|1|1|188.29087189|34715781|2||2||1|1|2|2|2|2|2|2|2||1||1300000
3471579|1|1|1|212.11222028|34715791|2||2||1|1|2|2|2|2|2|2|2||1||2000000
3471580|1|1|1|276.00390077|34715801|1|1|2||1|2|2|1|2|2|2|2|2||3||1800000
3471581|1|1|1|284.83338752|34715811|2||2||1|1|2|2|2|2|2|2|2||1||700000
3471582|1|1|1|340.03562655|34715821|2||2||1|1|2|2|2|2|2|2|2||1||3000000
3471583|1|1|1|276.00390077|34715831|2||2||1|2|2|1|2|2|2|2|2||3||1600000
3471584|1|1|1|340.03562655|34715841|2||2||1|1|2|2|2|2|2|2|2||1||1300000
3471585|1|1|1|200.06655978|34715851|2||2||2|1|1|2|2|2|2|2|2||1||1700000
3471586|1|1|1|250.32228678|34715861|2||2||1|1|2|2|2|2|2|2|2||1||1300000
3471587|1|1|1|279.5848485|34715871|2||2||1|1|2|2|2|2|2|2|2||1||1000000
3471588|1|1|1|281.1527788|34715881|2||2||1|1|2|2|2|2|1|1|2||1||2000000
3471589|1|1|1|290.29358312|34715891|2||2||1|1|2|2|2|2|2|2|2||1||1300000
3471590|1|1|1|427.92172179|34715901|2||2||1|1|1|2|2|2|2|2|2||1||2000000
3471591|1|1|1|167.71628722|34715911|2||2||1|2|2|1|2|2|2|2|2||3||5000000
3471592|1|1|1|193.00600391|34715921|2||2||1|1|2|2|2|2|2|2|2||1||8000000
3471593|1|1|1|147.30932068|34715931|2||2||1|1|2|1|2|2|2|2|2||3||5000000
3471594|1|1|1|150.88213242|34715941|2||2||1|2|2|1|2|2|2|2|2||3||3900000
3471595|1|1|1|295.96785364|34715951|2||2||1|1|2|2|2|2|2|2|2||1||1900000
3471596|1|1|1|339.9097681|34715961|2||2||1|1|2|2|2|2|2|2|2||1||600000
3471597|1|1|1|352.95738999|34715971|2||2||1|1|2|2|2|2|2|2|1||1||900000
3471598|1|1|1|296.12020268|34715981|2||2||2|1|2|2|2|2|2|2|2||1||1800000
3471599|1|1|1|390.43955589|34715991|2||2||1|1|2|2|2|2|2|2|2||1||1000000
3471600|1|1|1|258.30895761|34716001|2||2||2|1|2|2|2|2|1|2|2||1||1250000
3471601|1|1|1|269.41061798|34716011|2||2||1|1|2|2|2|2|2|2|2||1||600000
3471602|1|1|1|290.17600427|34716021|2||2||1|1|2|2|2|2|2|2|2||1||500000
3471603|1|1|1|303.05496726|34716031|2||2||1|1|2|2|2|2|2|2|2||1||900000
3471604|1|1|1|1401.7631331|34716041|2||2||1|1|2|2|2|2|2|2|2||1||250000
3471605|1|1|1|657.61005292|34716051|2||2||1|1|2|2|2|2|2|2|2||1||500000
3471606|1|1|1|590.180508|34716061|2||2||1|1|2|2|2|2|2|2|2||1||1300000
3471607|1|1|1|1248.2492828|34716071|2||2||1|1|2|2|2|2|2|2|2||1||400000
3471608|1|1|1|882.9875481|34716081|2||2||1|1|2|2|2|2|2|2|2||1||200000
3471609|1|1|1|350.44078327|34716091|2||2||1|1|1|2|2|2|2|2|2||1||600000
3471610|1|1|1|796.15394199|34716101|2||2||1|1|2|2|2|2|2|2|2||1||450000
3471611|1|1|1|602.25093336|34716111|2||2||1|1|2|2|2|2|2|2|2||1||600000
3471612|1|1|1|508.70436281|34716121|2||2||1|1|2|2|2|2|2|2|2||1||1200000
3471613|1|1|1|906.69013408|34716131|2||2||1|1|2|2|2|2|2|2|2||1||700000
3471614|1|1|1|1029.0429968|34716141|2||2||1|1|2|2|2|2|2|2|2||1||800000
3471615|1|1|1|784.55924214|34716151|2||2||1|1|2|2|2|2|2|2|2||1||900000
3471616|1|1|1|1029.0429968|34716161|2||2||1|1|2|2|2|2|2|2|2||1||800000
3471617|1|1|1|954.59523811|34716171|2||2||1|1|2|2|2|2|2|2|2||1||900000
3471618|1|1|1|856.71364064|34716181|2||2||1|1|2|2|2|2|2|2|2||1||1300000
3471619|1|1|1|181.3657963|34716191|2||2||1|1|2|2|2|2|2|2|2||1||2300000
3471620|1|1|1|98.499801883|34716201|2||2||1|1|2|2|2|2|2|2|2||1||2600000
3471621|1|1|1|202.38475359|34716211|2||2||1|2|2|1|2|2|2|2|2||3||1300000
3471622|1|1|1|203.12969186|34716221|2||2||1|1|2|2|2|2|2|2|2||1||3000000
3471623|1|1|1|253.07009256|34716231|2||2||1|1|2|2|2|2|2|2|2||1||1300000
3471624|1|1|1|311.89098482|34716241|2||2||1|1|2|1|2|2|2|2|2||3||3500000
3471625|1|1|1|350.84504194|34716251|2||2||1|1|2|2|2|2|2|2|2||1||2500000
3471626|1|1|1|158.28287677|34716261|2||2||1|1|2|2|2|2|2|2|2||1||2600000
3471627|1|1|1|197.26005441|34716271|2||2||1|1|2|2|2|2|2|2|2||1||3000000
3471628|1|1|1|317.37844857|34716281|2||2||1|1|2|2|2|2|2|2|2||1||6000000
3471630|1|1|1|218.51408471|34716301|2||2||1|1|2|2|2|2|2|2|2||1||9000000
3471631|1|1|1|240.71011151|34716311|2||2||1|1|2|2|2|2|2|2|2||1||4000000
3471632|1|1|1|179.70824377|34716321|2||2||1|1|2|2|2|2|2|2|2||1||4500000
3471633|1|1|1|144.26353626|34716331|2||2||1|1|2|2|2|2|2|2|2||1||2600000
3471634|1|1|1|144.26353626|34716341|2||2||1|1|2|2|2|2|2|2|2||1||5000000
3471635|1|1|1|250.3829388|34716351|2||2||1|1|2|2|2|2|2|2|2||1||4500000
3471636|1|1|1|250.35976989|34716361|2||2||1|1|2|2|2|2|2|2|2||1||4500000
3471637|1|1|1|338.57258308|34716371|2||2||1|2|2|1|2|2|2|2|2||3||3000000
3471638|1|1|1|267.56381092|34716381|2||2||1|1|2|2|2|2|2|2|2||1||6000000
3471639|1|1|1|205.3426961|34716391|2||2||1|1|2|2|2|2|2|2|2||1||2500000
3471640|1|1|1|162.81947541|34716401|2||2||1|1|2|2|2|2|2|2|2||1||3000000
3471641|1|1|1|136.68060136|34716411|2||2||1|1|2|2|2|2|2|2|2||1||4000000
3471642|1|1|1|579.5643964|34716421|2||2||1|1|2|2|2|2|2|2|2||1||4900000
3471643|1|1|1|604.68201405|34716431|2||2||1|1|2|2|2|2|2|2|2||1||1500000
3471644|1|1|1|549.49769461|34716441|2||2||1|1|2|2|2|2|2|2|2||1||2600000
3471645|1|1|1|854.12401359|34716451|2||2||2|1|2|2|2|2|2|2|2||1||2300000
3471646|1|1|1|753.63827118|34716461|2||2||2|1|2|2|2|2|2|2|2||1||2600000
3471647|1|1|1|430.5776729|34716471|2||2||1|1|2|2|2|2|2|2|2||1||3600000
3471648|1|1|1|405.88709958|34716481|2||2||2|2|1|2|2|2|2|2|1||8||800000
3471649|1|1|1|349.36987703|34716491|2||2||1|2|2|1|2|2|2|2|2||3||1300000
3471650|1|1|1|539.41154365|34716501|2||1|2|1|1|2|2|2|2|2|2|1||8||500000
3471651|1|1|1|405.88709958|34716511|2||2||1|1|2|2|2|2|2|2|2||1||900000
3471652|1|1|1|492.03692027|34716521|2||2||1|1|2|2|2|2|2|2|2||1||4800000
3471653|1|1|1|408.24011978|34716531|2||2||1|1|2|2|2|2|2|2|2||1||1000000
3471654|1|1|1|405.88709958|34716541|2||2||1|1|1|2|2|2|2|2|2||1||1000000
3471655|1|1|1|405.88709958|34716551|2||2||1|1|1|2|2|2|2|2|2||1||300000
3471656|1|1|1|442.26012977|34716561|2||2||1|1|2|2|2|2|2|2|2||1||2900000
3471657|1|1|1|275.40962934|34716571|2||2||1|2|2|1|2|2|2|2|2||3||3600000
3471658|1|1|1|545.33453388|34716581|2||2||1|1|2|2|2|2|2|2|2||1||4000000
3471659|1|1|1|444.26012629|34716591|2||1|1|1|1|2|2|1|2|2|2|2||4||4000000
3471660|1|1|1|439.71102454|34716601|2||2||1|1|2|1|2|2|2|2|2||1||8000000
3471661|1|1|1|420.06111041|34716611|2||2||1|1|2|2|2|2|2|2|2||1||4100000
3471662|1|1|1|358.83563978|34716621|2||2||1|1|2|2|2|2|2|2|1||1||2200000
3471663|1|1|1|409.95322374|34716631|2||2||1|1|2|2|2|2|2|1|2||1||11000000
3471664|1|1|1|432.1522431|34716641|2||2||1|1|2|2|2|2|2|1|2||1||7000000
3471665|1|1|1|737.45669104|34716651|2||2||1|1|2|2|2|2|2|2|2||1||1800000
3471666|1|1|1|544.41263284|34716661|2||2||1|1|2|2|2|2|2|2|2||1||2600000
3471667|1|1|1|910.81921008|34716671|2||2||1|1|2|2|2|2|2|2|2||1||3000000
3471668|1|1|1|755.57442881|34716681|2||2||1|1|2|2|2|2|2|2|2||1||99
3471669|1|1|1|768.18405317|34716691|2||2||1|1|2|2|2|2|2|2|2||1||4000000
3471670|1|1|1|485.14640845|34716701|2||2||1|1|2|2|2|2|2|2|2||1||5000000
3471671|1|1|1|368.6858004|34716711|2||2||1|1|2|2|2|2|2|2|2||1||3000000
3471672|1|1|1|1110.8443206|34716721|2||2||1|1|2|2|2|2|2|2|2||1||3500000
3471673|1|1|1|755.00737236|34716731|2||1|3|1|2|2|2|2|2|2|2|1||8||1500000
3471674|1|1|1|900.09274634|34716741|2||2||1|1|2|2|2|2|2|2|2||1||2600000
3471675|1|1|1|822.94193951|34716751|2||2||1|1|2|2|2|2|2|2|2||1||2500000
3471676|1|1|1|836.67584623|34716761|2||2||1|1|2|2|2|2|2|2|2||1||1400000
3471677|1|1|1|2619.1327983|34716771|2||2||1|1|2|2|1|2|2|2|2||1||1300000
3471678|1|1|1|276.43632466|34716781|2||2||1|1|2|2|2|2|2|2|2||1||4000000
3471679|1|1|1|289.17208634|34716791|2||2||1|1|2|2|2|2|2|1|2||1||2500000
3471680|1|1|1|301.26859448|34716801|2||2||1|1|2|2|2|2|2|2|2||1||3000000
3471681|1|1|1|169.65949161|34716811|2||2||1|1|2|2|2|2|2|2|2||1||3000000
3471682|1|1|1|321.76009257|34716821|2||2||1|1|2|2|2|2|2|2|2||1||1300000
3471683|1|1|1|165.18452565|34716831|2||2||1|2|2|2|2|2|2|2|1||8||1400000
3471684|1|1|1|335.89505801|34716841|2||2||1|1|2|2|1|2|2|2|2||1||1800000
3471685|1|1|1|146.32962689|34716851|2||2||1|1|2|2|2|2|2|2|2||1||5000000
3471686|1|1|1|154.22779077|34716861|2||2||1|1|2|2|2|2|2|2|2||1||5000000
3471687|1|1|1|211.61504335|34716871|2||2||1|1|2|2|2|2|2|2|2||1||2500000
3471688|1|1|1|228.52047563|34716881|2||2||1|1|2|2|2|2|2|2|2||1||3000000
3471689|1|1|1|203.18069863|34716891|2||2||1|1|2|2|2|2|2|2|2||1||3000000
3471690|1|1|1|121.41062636|34716901|2||2||1|2|2|2|2|2|2|2|1||8||1000000
3471691|1|1|1|212.17685504|34716911|2||2||1|1|2|1|2|2|2|2|2||1||4000000
3471692|1|1|1|218.13127603|34716921|2||2||1|1|2|2|2|2|2|2|2||1||5000000
3471693|1|1|1|168.13792631|34716931|2||2||1|1|2|2|2|2|2|2|2||1||4100000
3471694|1|1|1|156.04356706|34716941|2||2||1|1|2|2|2|2|2|2|1||1||3000000
3471695|1|1|1|194.73913146|34716951|2||2||1|1|2|1|2|2|2|1|2||1||12000000
3471696|1|1|1|226.35842317|34716961|2||2||1|1|2|2|2|2|2|2|2||1||5000000
3471697|1|1|1|284.11972575|34716971|2||2||1|1|2|2|2|2|2|2|2||1||10000000
3471698|1|1|1|216.77614684|34716981|2||2||1|1|2|2|2|2|2|2|2||1||3000000
3471699|1|1|1|157.83135826|34716991|2||2||1|1|2|2|2|2|2|2|2||1||4000000
3471700|1|1|1|201.45086863|34717001|2||2||1|1|2|1|2|2|2|2|2||1||7000000
3471701|1|1|1|198.96268263|34717011|2||2||1|1|2|2|2|2|2|2|2||1||3000000
3471702|1|1|1|239.89043302|34717021|2||2||1|1|2|2|2|2|2|2|2||1||1200000
3471703|1|1|1|214.28670216|34717031|2||2||1|1|2|2|2|2|2|2|2||1||1000000
3471704|1|1|1|138.75500155|34717041|2||2||1|1|2|2|2|2|2|2|1||1||1000000
3471705|1|1|1|208.3651365|34717051|2||2||1|1|2|2|2|2|2|2|2||1||1000000
3471706|1|1|1|167.18771548|34717061|2||2||1|1|2|2|2|2|2|2|2||1||600000
3471707|1|1|1|259.11205896|34717071|2||2||1|1|2|2|2|2|2|2|2||1||1800000
3471708|1|1|1|291.84453657|34717081|2||2||1|1|2|2|2|2|2|2|2||1||1500000
3471709|1|1|1|276.75274258|34717091|2||2||1|1|2|2|2|2|2|2|2||1||1300000
3471710|1|1|1|402.78469126|34717101|2||2||1|1|2|2|2|2|2|2|2||1||1300000
3471711|1|1|1|267.7897253|34717111|2||2||1|1|2|2|2|2|2|2|2||1||1300000
3471712|1|1|1|609.00566384|34717121|2||2||1|2|1|2|2|2|2|2|1||8||700000
3471713|1|1|1|594.12821611|34717131|2||2||1|1|2|2|2|2|2|2|2||1||900000
3471714|1|1|1|312.46504841|34717141|2||2||1|1|1|2|1|2|2|2|2||1||1300000
3471715|1|1|1|618.62889208|34717151|2||2||1|1|2|1|2|2|2|2|2||1||1900000
3471716|1|1|1|516.61211497|34717161|2||2||1|1|2|2|2|2|2|2|2||1||950000
3471717|1|1|1|463.47382855|34717171|2||2||1|1|2|2|2|2|2|2|2||1||1400000
3471718|1|1|1|616.02644871|34717181|2||2||1|1|2|2|2|2|2|2|2||1||1200000
3471719|1|1|1|586.84072891|34717191|2||2||1|2|1|2|2|2|2|2|1||8||300000
3471720|1|1|1|263.72959358|34717201|2||2||1|1|2|2|2|2|2|2|2||1||1350000
3471721|1|1|1|413.04561031|34717211|2||2||1|1|2|2|2|2|2|2|1||1||1100000
3471722|1|1|1|554.84693791|34717221|2||2||1|1|2|2|2|2|2|2|2||1||1300000
3471723|1|1|1|2256.5118165|34717231|2||2||1|1|2|2|2|2|2|2|2||1||3000000
3471724|1|1|1|1356.919694|34717241|2||2||1|1|2|1|2|2|2|2|2||3||1500000
3471725|1|1|1|2175.7366199|34717251|2||2||1|1|2|2|2|2|2|1|2||1||1600000
3471726|1|1|1|2379.9949841|34717261|2||2||1|1|2|2|2|2|2|2|2||1||2200000
3471727|1|1|1|4166.9573612|34717271|2||2||1|1|2|2|2|2|2|2|2||1||1300000
3471728|1|1|1|2407.992786|34717281|2||2||1|1|2|2|2|2|2|2|2||1||700000
3471729|1|1|1|1575.9704676|34717291|2||2||1|1|2|2|2|2|2|2|2||1||1300000
3471730|1|1|1|5550.5015994|34717301|2||2||1|1|2|2|1|2|2|2|2||4||1500000
3471731|1|1|1|67.552542564|34717311|2||2||1|1|2|2|2|2|2|2|2||1||1800000
3471732|1|1|1|48.661039532|34717321|2||2||1|1|2|2|2|2|2|2|2||1||2600000
3471733|1|1|1|46.025601729|34717331|2||2||1|1|2|2|2|2|2|2|2||1||2100000
3471734|1|1|1|66.187977118|34717341|2||2||1|1|2|2|2|2|2|2|2||1||3000000
3471735|1|1|1|53.610212963|34717351|2||2||1|1|2|2|2|2|2|2|2||1||3100000
3471736|1|1|1|64.029787857|34717361|2||2||1|1|2|2|2|2|2|2|2||1||1500000
3471737|1|1|1|48.204279806|34717371|2||2||1|1|2|2|2|2|2|2|2||1||1300000
3471738|1|1|1|59.622352638|34717381|2||2||1|1|2|2|2|2|2|2|2||1||2600000
3471739|1|1|1|37.171941314|34717391|2||2||1|1|2|2|2|2|2|2|2||1||4400000
3471740|1|1|1|78.930029865|34717401|2||2||1|1|2|2|1|2|2|2|2||1||1500000
3471741|1|1|1|28.90780734|34717411|2||2||1|1|2|2|2|2|2|2|2||1||2600000
3471742|1|1|1|26.36216526|34717421|2||2||1|2|2|1|2|2|2|2|2||3||1300000
3471743|1|1|1|38.320241051|34717431|2||2||1|1|2|2|2|2|2|2|2||1||1300000
3471744|1|1|1|26.125947282|34717441|2||2||1|1|2|2|2|2|2|2|2||1||2500000
3471745|1|1|1|26.36216526|34717451|2||2||1|2|1|2|2|2|2|2|1||8||900000
3471746|1|1|1|23.593231288|34717461|2||2||1|1|2|2|2|2|2|2|2||1||2800000
3471747|1|1|1|26.36216526|34717471|2||2||1|1|2|2|2|2|2|2|2||1||800000
3471748|1|1|1|31.696419145|34717481|2||2||1|1|2|2|2|2|2|2|2||1||1300000
3471749|1|1|1|41.779680406|34717491|2||2||1|1|2|2|2|2|2|2|2||1||1500000
3471750|1|1|1|57.00285333|34717501|2||2||1|1|2|2|2|2|2|2|2||1||3500000
3471751|1|1|1|52.42731456|34717511|2||2||1|1|2|2|2|2|2|2|2||1||1300000
3471752|1|1|1|66.561424416|34717521|2||2||1|1|2|2|2|2|2|2|2||1||1400000
3471753|1|1|1|61.397949476|34717531|2||2||1|1|2|2|2|2|2|2|2||1||2900000
3471754|1|1|1|63.921111942|34717541|2||2||1|1|2|2|2|2|2|2|2||1||1300000
3471755|1|1|1|47.133073588|34717551|2||2||1|1|2|2|2|2|2|2|2||1||1300000
3471756|1|1|1|63.921111942|34717561|1|1|2||1|1|2|2|2|2|2|1|2||1||2900000
3471757|1|1|1|55.740572459|34717571|2||2||1|1|2|2|2|2|2|2|2||1||1300000
3471767|1|1|1|2393.2640061|34717671|2||2||1|1|2|1|2|2|2|2|2||1||10000000
3471769|1|1|1|5863.9775428|34717691|2||2||1|1|2|2|2|2|2|2|2||1||2500000
3471770|1|1|1|4368.4795146|34717701|2||2||1|1|2|1|2|2|2|2|2||1||8000000
3471771|1|1|1|7222.0869533|34717711|2||2||1|1|1|2|2|2|2|2|2||1||500000
3471772|1|1|1|7675.4686784|34717721|2||2||1|2|2|1|2|2|2|2|1||3||3000000
3471773|1|1|1|6644.0669909|34717731|2||2||1|1|2|2|2|2|2|2|2||1||1300000
3471774|1|1|1|5248.6902635|34717741|2||2||1|1|2|1|2|2|2|2|2||3||1900000
3471775|1|1|1|10705.140405|34717751|2||2||1|1|2|2|2|2|2|2|2||1||1600000
3471776|1|1|1|5974.315064|34717761|2||2||1|1|2|2|2|2|2|2|2||1||2500000
3471777|1|1|1|7823.0735165|34717771|2||2||1|1|2|2|2|2|2|2|2||1||2000000
3471778|1|1|1|1544.2743156|34717781|2||2||1|1|2|2|2|2|2|2|2||1||6500000
3471779|1|1|1|1544.2743156|34717791|2||2||1|1|2|2|2|2|2|2|2||1||3000000
3471780|1|1|1|1454.9400906|34717801|2||2||1|1|2|2|2|2|2|2|2||1||2000000
3471781|1|1|1|1370.4366768|34717811|2||2||1|1|2|2|2|2|2|2|2||1||1600000
3471782|1|1|1|1565.564371|34717821|2||2||1|1|2|2|2|2|2|2|2||1||1300000
3471783|1|1|1|1454.9400906|34717831|2||2||1|1|2|2|2|2|2|2|2||1||6000000
3471784|1|1|1|1066.102486|34717841|2||2||1|1|2|2|2|2|2|2|2||1||3000000
3471785|1|1|1|463.56831591|34717851|2||2||1|1|2|2|2|2|2|2|2||1||1400000
3471786|1|1|1|1036.8629541|34717861|2||2||1|2|2|2|2|2|2|1|1||7||98
3471787|1|1|1|613.10654108|34717871|2||2||1|1|2|2|2|2|2|2|2||1||1600000
3471788|1|1|1|1041.1301907|34717881|2||2||1|1|2|2|2|2|2|2|2||1||98
3471789|1|1|1|925.75783954|34717891|2||2||1|1|2|2|2|2|2|2|2||1||1300000
3471790|1|1|1|689.15585157|34717901|2||2||1|2|2|1|2|2|2|2|2||3||1500000
3471791|1|1|1|724.21165561|34717911|2||2||1|1|2|2|2|2|2|2|2||1||2500000
3471792|1|1|1|14657.243655|34717921|2||2||1|1|2|2|2|2|2|2|2||1||1800000
3471793|1|1|1|14657.243655|34717931|2||2||1|1|2|1|2|2|2|2|2||3||1300000
3471794|1|1|1|5660.0527427|34717941|2||2||1|1|2|2|2|2|2|2|2||1||98
3471795|1|1|1|7976.8545304|34717951|2||2||1|1|2|2|2|2|2|2|2||1||1300000
3471796|1|1|1|3664.3109137|34717961|2||2||1|1|2|2|2|2|2|2|2||1||3500000
3471797|1|1|1|9931.4041066|34717971|2||2||1|1|2|2|2|2|2|2|2||1||2600000
3471798|1|1|1|3505.3308692|34717981|2||2||1|2|2|1|2|2|2|2|2||3||1270000
3471799|1|1|1|8626.94469|34717991|2||2||1|1|2|2|2|2|2|2|2||1||400000
3471800|1|1|1|11490.885051|34718001|2||2||1|1|2|2|2|2|2|2|2||1||1300000
3471801|1|1|1|3420.0235195|34718011|2||2||1|1|2|2|2|2|2|2|2||1||1300000
3471802|1|1|1|3420.0235195|34718021|2||2||1|1|2|2|2|2|2|2|2||1||2600000
3471803|1|1|1|8582.3871616|34718031|2||2||1|1|2|2|2|2|2|2|2||1||2000000
3471804|1|1|1|7917.6372743|34718041|2||2||1|1|2|2|2|2|2|2|2||1||1300000
3471805|1|1|1|6440.5296049|34718051|2||2||1|1|2|2|2|2|2|2|2||1||800000
3471806|1|1|1|996.43082284|34718061|2||2||1|1|2|2|2|2|2|2|2||1||2000000
3471807|1|1|1|603.94746243|34718071|2||2||1|1|2|2|2|2|2|2|2||1||2000000
3471808|1|1|1|1072.8724235|34718081|2||2||1|1|2|2|2|2|2|2|2||1||2000000
3471809|1|1|1|628.01250503|34718091|2||2||1|1|2|1|2|2|2|2|2||3||2500000
3471810|1|1|1|640.40252247|34718101|2||2||1|1|2|2|2|2|2|2|2||1||1300000
3471811|1|1|1|766.02672878|34718111|2||2||1|1|1|2|2|2|2|2|1||1||1500000
3471812|1|1|1|647.56494461|34718121|2||2||1|1|2|2|2|2|2|2|2||1||1600000
3471813|1|1|1|470.47094116|34718131|2||2||1|1|2|2|2|2|2|1|2||7||2500000
3471814|1|1|1|549.10738277|34718141|2||2||1|1|2|2|2|2|2|2|2||1||98
3471815|1|1|1|385.80749082|34718151|2||2||1|1|2|2|2|2|2|1|2||1||2500000
3471816|1|1|1|487.11739571|34718161|2||2||1|1|2|2|2|2|2|2|2||1||3000000
3471817|1|1|1|625.67073338|34718171|2||2||1|1|2|2|2|2|2|2|2||1||1400000
3471818|1|1|1|649.06567028|34718181|2||2||1|1|2|2|2|2|2|2|2||1||99
3471819|1|1|1|664.25099415|34718191|2||2||1|1|2|2|2|2|2|2|2||1||4000000
3471820|1|1|1|532.41085495|34718201|2||2||1|1|2|2|2|2|2|2|2||1||98
3471821|1|1|1|546.23497293|34718211|2||2||1|1|2|2|2|2|2|2|2||1||4000000
3471822|1|1|1|748.78279468|34718221|2||2||1|1|2|2|2|2|2|2|2||1||4000000
3471823|1|1|1|748.78279468|34718231|2||2||1|1|2|2|2|2|2|2|2||1||4000000
3471824|1|1|1|101.96772658|34718241|2||2||2|1|2|2|2|2|2|2|2||1||3500000
3471825|1|1|1|146.28267708|34718251|2||1|3|1|1|2|2|2|2|2|2|2||1||1300000
3471826|1|1|1|172.34867625|34718261|2||1|4|1|1|2|2|2|2|2|2|2||1||800000
3471827|1|1|1|175.57445361|34718271|2||2||1|1|2|2|2|2|2|2|2||1||1200000
3471828|1|1|1|175.57445361|34718281|2||2||1|2|2|2|2|2|2|2|1||8||950000
3471829|1|1|1|213.40073082|34718291|2||2||1|1|2|2|2|2|2|1|2||1||17000000
3471830|1|1|1|213.40073082|34718301|2||2||1|1|2|2|2|2|2|2|2||1||8000000
3471831|1|1|1|499.18609434|34718311|2||2||1|1|2|2|2|2|2|2|2||1||4500000
3471832|1|1|1|124.02911543|34718321|1|1|2||1|1|2|2|2|2|2|2|2||1||2500000
3471833|1|1|1|181.92752089|34718331|2||2||1|1|2|2|2|2|2|2|2||1||500000
3471834|1|1|1|157.59868385|34718341|2||2||1|1|2|2|2|2|2|2|2||1||99
3471835|1|1|1|121.45322549|34718351|2||2||1|1|2|1|2|2|2|2|2||1||4500000
3471836|1|1|1|339.88680001|34718361|2||2||1|1|2|1|2|2|2|2|2||3||2000000
3471837|1|1|1|347.60741847|34718371|2||2||1|1|2|2|2|2|2|2|1||1||7500000
3471838|1|1|1|386.35839754|34718381|2||2||1|1|2|2|2|2|2|2|2||1||6500000
3471839|1|1|1|339.88680001|34718391|2||2||1|2|2|1|2|2|2|2|2||3||1300000
3471840|1|1|1|699.96971108|34718401|2||1|1|1|2|2|2|2|2|2|2|1||8||3000000
3471841|1|1|1|831.11517518|34718411|2||2||1|1|2|2|2|2|2|2|2||1||3000000
3471842|1|1|1|683.35326332|34718421|2||2||1|2|2|2|2|2|2|2|1||8||2400000
3471843|1|1|1|709.36367302|34718431|2||2||1|1|2|2|2|2|2|2|2||1||4500000
3471844|1|1|1|406.45050496|34718441|2||2||1|1|2|2|2|2|2|2|2||1||8000000
3471845|1|1|1|537.59596906|34718451|2||2||1|1|2|2|2|2|2|2|2||1||1460000
3471846|1|1|1|750.47060423|34718461|2||2||1|1|2|2|2|2|2|2|2||1||2920000
3471848|1|1|1|442.47180456|34718481|2||2||1|1|2|2|2|2|2|2|2||1||7000000
3471849|1|1|1|67.526166708|34718491|2||2||1|1|2|2|2|2|2|2|2||1||4500000
3471850|1|1|1|81.032649586|34718501|2||2||1|1|2|2|2|2|2|2|2||1||3800000
3471851|1|1|1|105.69476033|34718511|2||2||1|1|2|2|2|2|2|2|2||1||4000000
3471852|1|1|1|177.5451091|34718521|2||2||1|1|2|2|2|2|2|2|2||1||4500000
3471853|1|1|1|105.69476033|34718531|2||2||1|1|2|2|2|2|2|2|2||1||3500000
3471854|1|1|1|125.06683697|34718541|2||2||1|1|2|2|2|2|2|2|2||1||1200000
3471855|1|1|1|161.46366767|34718551|2||2||1|1|2|2|2|2|2|2|2||1||1300000
3471856|1|1|1|60.178331711|34718561|2||2||1|1|2|2|2|2|2|2|2||1||1000000
3471857|1|1|1|75.588162885|34718571|2||2||1|1|2|2|2|2|2|2|2||1||1000000
3471858|1|1|1|188.76647203|34718581|2||2||1|1|2|2|2|2|2|2|1||1||1500000
3471859|1|1|1|199.8733562|34718591|2||2||1|1|2|2|2|2|2|2|2||1||1500000
3471860|1|1|1|290.93430031|34718601|2||2||1|1|2|2|2|2|2|2|2||1||2000000
3471861|1|1|1|209.30818482|34718611|2||2||1|1|2|2|2|2|2|2|2||1||7000000
3471862|1|1|1|224.60036376|34718621|2||2||1|1|2|2|2|2|2|2|2||1||2000000
3471863|1|1|1|185.04097484|34718631|2||2||1|1|2|2|2|2|2|2|2||1||8000000
3471864|1|1|1|232.68533892|34718641|2||2||2|1|2|2|2|2|2|2|2||1||2000000
3471865|1|1|1|269.77045089|34718651|2||2||1|1|2|2|2|2|2|2|2||1||3000000
3471866|1|1|1|290.93430031|34718661|2||2||1|1|2|2|2|2|2|2|2||1||3000000
3471867|1|1|1|146.43750933|34718671|2||2||1|1|2|2|2|2|2|2|2||1||1600000
3471868|1|1|1|226.07989857|34718681|2||2||1|1|2|1|2|2|2|2|2||3||3500000
3471869|1|1|1|295.68259437|34718691|2||2||1|1|2|2|2|2|2|2|2||1||3000000
3471870|1|1|1|291.21545755|34718701|2||2||1|1|2|2|2|2|2|2|2||1||5000000
3471871|1|1|1|177.38080317|34718711|2||2||1|2|2|1|2|2|2|2|2||3||1300000
3471872|1|1|1|226.07989857|34718721|2||2||1|2|2|1|2|2|2|2|2||3||98
3471873|1|1|1|226.07989857|34718731|2||2||1|2|2|1|2|2|2|2|2||3||3500000
3471874|1|1|1|243.31706074|34718741|2||2||1|2|2|1|2|2|2|2|2||3||4000000
3471875|1|1|1|259.953828|34718751|2||2||1|1|2|2|2|2|2|2|2||1||6000000
3471876|1|1|1|302.8700809|34718761|2||2||1|1|2|2|2|2|2|2|2||1||1800000
3471877|1|1|1|185.9668436|34718771|2||2||1|1|2|2|2|2|2|2|2||1||1300000
3471878|1|1|1|336.67548294|34718781|2||2||1|1|2|2|2|2|2|2|2||1||3600000
3471879|1|1|1|406.96292477|34718791|2||2||1|1|2|2|2|2|2|2|2||1||4300000
3471880|1|1|1|307.91308138|34718801|2||2||1|1|2|1|2|2|2|2|2||3||2800000
3471881|1|1|1|171.02010261|34718811|2||2||1|1|2|2|2|2|2|2|2||1||1000000
3471882|1|1|1|230.24942925|34718821|2||2||2|1|2|2|2|2|2|2|1||1||600000
3471883|1|1|1|394.3187321|34718831|2||2||1|1|1|2|1|2|2|2|2||1||1000000
3471884|1|1|1|171.02010261|34718841|2||2||2|1|1|2|2|2|2|2|2||1||1080000
3471885|1|1|1|509.24585745|34718851|2||2||1|1|2|2|2|2|2|2|2||1||1000000
3471886|1|1|1|268.60450792|34718861|2||2||1|1|2|2|2|2|2|2|2||1||800000
3471887|1|1|1|487.02740205|34718871|2||2||1|1|2|2|2|2|2|2|2||1||1300000
3471888|1|1|1|313.43457847|34718881|2||2||1|1|2|2|2|2|2|2|2||1||800000
3471889|1|1|1|381.8561309|34718891|2||2||1|1|2|2|2|2|2|2|1||1||700000
3471890|1|1|1|508.22385523|34718901|2||2||1|1|2|2|2|2|2|2|2||1||1300000
3471891|1|1|1|266.71738702|34718911|2||2||1|1|1|2|1|2|2|2|2||1||800000
3471892|1|1|1|518.62900753|34718921|2||2||1|1|2|2|2|2|2|2|2||1||600000
3471893|1|1|1|391.6618496|34718931|2||2||1|1|2|2|1|2|2|2|2||1||860000
3471894|1|1|1|443.51885195|34718941|2||2||1|1|2|2|2|2|2|2|2||1||1300000
3471895|1|1|1|245.21934379|34718951|2||2||1|1|1|2|2|2|2|2|2||1||1040000
3471896|1|1|1|684.08041042|34718961|2||2||1|1|1|2|2|2|2|2|2||1||1200000
3471896|1|2|2|684.08041042|34718962|2||2||1|1|2|2|2|2|2|2|1||1||1300000
3471897|1|1|1|387.49647859|34718971|2||2||1|1|2|2|2|2|2|2|2||1||600000
3471898|1|1|1|186.7857384|34718981|2||2||2|1|2|2|2|2|2|2|1||1||1800000
3471899|1|1|1|171.02010261|34718991|2||2||1|1|2|2|2|2|2|2|2||1||1000000
3471900|1|1|1|551.63571935|34719001|2||2||1|1|1|2|2|2|2|2|2||1||2000000
3471901|1|1|1|174.10209077|34719011|2||2||1|2|2|2|2|2|2|2|1||8||600000
3471902|1|1|1|482.50575623|34719021|2||2||1|1|2|2|2|2|2|2|2||1||3000000
3471903|1|1|1|211.07703863|34719031|2||2||1|1|2|2|2|2|2|2|2||1||98
3471904|1|1|1|199.21516567|34719041|2||2||1|2|2|1|2|2|2|2|2||3||2500000
3471905|1|1|1|199.21516567|34719051|2||2||1|2|2|2|2|2|2|1|2||7||800000
3471906|1|1|1|317.83829615|34719061|2||2||2|1|2|2|2|2|2|2|2||1||4000000
3471907|1|1|1|219.62945413|34719071|2||2||1|1|2|2|2|2|2|2|2||1||3000000
3471908|1|1|1|331.27380749|34719081|2||2||1|1|2|2|2|2|2|2|2||1||1200000
3471909|1|1|1|183.72065278|34719091|2||2||1|2|2|2|2|2|2|2|1||8||500000
3471911|1|1|1|183.96598166|34719111|2||2||2|1|2|2|2|2|2|2|2||1||2200000
3471912|1|1|1|197.74966924|34719121|2||2||1|2|2|1|2|2|2|2|2||3||1400000
3471914|1|1|1|242.39214785|34719141|2||2||1|2|2|2|2|2|2|1|1||7||700000
3471915|1|1|1|378.66319392|34719151|2||2||1|1|2|2|2|2|2|2|2||1||2400000
3471916|1|1|1|278.98943014|34719161|2||2||1|1|2|2|2|2|2|2|2||1||1000000
3471917|1|1|1|185.28123447|34719171|2||2||1|1|2|2|2|2|2|2|2||1||2300000
3471918|1|1|1|280.30468295|34719181|2||2||1|1|2|2|2|2|2|2|2||1||2500000
3471919|1|1|1|137.62685551|34719191|2||2||1|1|1|2|2|2|2|2|2||1||1700000
3471920|1|1|1|192.12054899|34719201|2||2||1|1|2|2|2|2|2|2|2||1||2500000
3471921|1|1|1|251.36844953|34719211|2||2||1|1|2|2|2|2|2|2|1||1||1900000
3471922|1|1|1|195.39646026|34719221|2||2||1|1|2|2|2|2|2|2|2||1||4000000
3471923|1|1|1|129.08558602|34719231|2||2||1|1|1|2|2|2|2|2|2||1||1200000
3471924|1|1|1|326.25044703|34719241|2||2||1|1|2|2|1|2|2|2|2||1||1300000
3471925|1|1|1|263.21694545|34719251|2||2||1|1|2|2|2|2|2|2|2||1||1300000
3471926|1|1|1|203.64216935|34719261|2||2||1|1|2|2|2|2|2|2|2||1||500000
3471927|1|1|1|273.72140716|34719271|2||2||1|1|2|2|2|2|2|2|2||1||1400000
3471928|1|1|1|315.74494004|34719281|2||2||1|1|2|2|2|2|2|2|2||1||1400000
3471929|1|1|1|203.91410015|34719291|2||2||2|1|2|2|2|2|2|2|2||1||2800000
3471931|1|1|1|261.08691321|34719311|2||2||1|2|2|2|2|2|2|2|1||8||1000000
3471932|1|1|1|271.53772037|34719321|2||2||1|1|1|2|1|2|2|2|2||1||1100000
3471933|1|1|1|168.37250351|34719331|2||2||1|1|1|2|2|2|2|2|2||1||1000000
3471934|1|1|1|265.62022089|34719341|2||2||1|2|1|2|2|2|2|2|1||8||400000
3471935|1|1|1|478.95008312|34719351|2||2||1|1|2|2|2|2|2|2|2||1||600000
3471936|1|1|1|265.62022089|34719361|2||2||1|1|2|2|2|2|2|2|2||1||500000
3471937|1|1|1|261.15313615|34719371|2||2||1|1|2|2|2|2|2|2|2||1||600000
3471938|1|1|1|267.73457972|34719381|2||2||1|1|2|2|2|2|2|2|2||1||500000
3471939|1|1|1|416.52109938|34719391|2||2||1|1|2|2|2|2|2|2|2||1||1500000
3471940|1|1|1|207.8447219|34719401|2||2||1|1|2|2|2|2|2|2|2||1||900000
3471941|1|1|1|168.37250351|34719411|2||2||1|1|2|2|2|2|2|2|2||1||700000
3471942|1|1|1|280.84380027|34719421|2||2||1|1|2|2|2|2|2|2|2||1||800000
3471943|1|1|1|224.10189338|34719431|2||2||2|1|1|2|2|2|2|2|2||1||1900000
3471944|1|1|1|173.03927248|34719441|2||2||1|1|2|2|2|2|2|2|2||1||1600000
3471945|1|1|1|472.67020289|34719451|2||2||1|1|2|2|2|2|2|2|2||1||1600000
3471946|1|1|1|218.39884829|34719461|2||2||1|1|1|2|2|2|2|2|2||1||500000
3471947|1|1|1|206.51119749|34719471|2||2||1|1|1|2|1|2|1|2|1||1||2100000
3471948|1|1|1|161.65694139|34719481|2||2||1|1|1|2|2|2|2|2|1||1||900000
3471949|1|1|1|295.11980511|34719491|2||2||1|1|1|2|2|2|2|2|1||1||1300000
3471950|1|1|1|115.8771195|34719501|2||2||1|1|2|2|2|2|2|2|2||1||1300000
3471951|1|1|1|160.92998627|34719511|2||2||1|1|2|2|2|2|2|2|2||1||1200000
3471952|1|1|1|180.71192397|34719521|2||2||1|1|2|2|2|2|2|2|2||1||2500000
3471953|1|1|1|137.58727735|34719531|2||2||1|1|2|2|2|2|2|2|1||1||2000000
3471954|1|1|1|114.24231424|34719541|2||2||1|1|1|2|2|2|2|2|2||1||3000000
3471955|1|1|1|51.829811681|34719551|2||2||1|1|2|2|2|2|2|2|1||8||700000
3471956|1|1|1|33.649086476|34719561|2||2||1|1|2|2|2|2|2|2|2||1||1100000
3471957|1|1|1|115.8771195|34719571|2||2||1|1|2|2|2|2|2|2|2||1||1000000
3471958|1|1|1|104.71059748|34719581|2||2||1|1|2|2|2|2|2|2|2||1||2000000
3471959|1|1|1|136.54221383|34719591|2||2||1|1|2|2|2|2|2|2|2||1||1500000
3471960|1|1|1|248.84135453|34719601|2||2||1|1|2|2|2|2|2|2|2||1||1800000
3471961|1|1|1|222.13270097|34719611|2||2||2|1|2|2|2|2|2|2|2||1||2000000
3471962|1|1|1|207.25621426|34719621|2||2||1|1|2|2|2|2|2|2|2||1||1000000
3471963|1|1|1|105.10569654|34719631|2||2||1|1|1|2|2|2|2|2|2||1||1000000
3471964|1|1|1|147.19060943|34719641|2||2||1|1|2|2|2|2|2|2|2||1||1200000
3471965|1|1|1|153.99070566|34719651|2||2||1|1|2|2|2|2|2|2|2||1||1800000
3471966|1|1|1|150.22554199|34719661|2||2||1|1|2|2|2|2|2|2|2||1||1300000
3471967|1|1|1|198.38134002|34719671|2||2||1|1|2|2|2|2|2|2|2||1||1000000
3471968|1|1|1|195.10033185|34719681|2||2||1|2|2|1|2|2|2|2|1||3||1500000
3471969|1|1|1|195.10033185|34719691|2||2||1|2|2|2|2|2|2|2|1||8||650000
3471970|1|1|1|195.10033185|34719701|2||2||1|2|1|2|2|2|2|2|1||2||400000
3471971|1|1|1|163.19543039|34719711|2||2||1|1|2|2|2|2|2|2|2||1||1100000
3471972|1|1|1|396.83426135|34719721|2||2||1|1|2|2|1|2|2|2|2||1||1800000
3471973|1|1|1|295.94757935|34719731|2||2||1|1|2|2|2|2|2|2|2||1||900000
3471974|1|1|1|57.348074233|34719741|2||2||1|2|2|1|2|2|2|2|2||3||1500000
3471975|1|1|1|132.24039305|34719751|2||2||1|2|2|2|2|2|2|2|1||8||1000000
3471976|1|1|1|127.41743799|34719761|2||2||1|1|2|2|2|2|2|2|2||1||98
3471977|1|1|1|102.75539512|34719771|2||2||1|1|2|2|2|2|2|2|2||1||3000000
3471978|1|1|1|89.928186316|34719781|2||2||1|1|2|2|2|2|2|2|2||1||700000
3471979|1|1|1|198.38399889|34719791|2||2||2|1|2|2|2|2|2|2|2||1||1000000
3471980|1|1|1|130.69134003|34719801|2||2||2|1|2|2|2|2|2|2|2||1||3000000
3471981|1|1|1|139.07608467|34719811|2||2||1|1|2|2|2|2|2|2|2||1||3000000
3471982|1|1|1|156.86041503|34719821|2||2||2|1|1|2|2|2|2|2|2||1||2000000
3471983|1|1|1|183.28473153|34719831|2||2||1|1|2|2|2|2|2|2|2||1||900000
3471984|1|1|1|64.546019229|34719841|2||2||1|2|2|2|2|2|2|2|1||8||800000
3471985|1|1|1|197.59707134|34719851|2||2||1|1|2|2|2|2|2|2|2||1||700000
3471986|1|1|1|199.13302864|34719861|2||2||1|1|2|2|2|2|2|2|2||1||98
3471987|1|1|1|189.07540165|34719871|2||2||1|1|2|2|2|2|2|2|2||1||98
3471988|1|1|1|189.07540165|34719881|2||2||1|1|2|2|2|2|2|2|2||1||3000000
3471989|1|1|1|304.1371519|34719891|2||2||1|2|1|2|2|2|2|2|1||8||600000
3471990|1|1|1|459.05684764|34719901|2||2||1|1|2|2|2|2|2|2|1||1||2000000
3471991|1|1|1|208.61271031|34719911|2||2||1|1|2|2|2|2|2|2|2||1||1500000
3471992|1|1|1|345.86374118|34719921|2||2||1|1|2|2|2|2|2|2|2||1||3000000
3471992|1|2|2|345.86374118|34719922|2||2||1|1|2|2|2|2|2|2|2||1||1300000
3471993|1|1|1|629.92288305|34719931|2||2||1|1|2|2|2|2|2|2|2||1||2000000
3471994|1|1|1|189.07540165|34719941|2||2||1|1|2|2|2|2|2|2|2||1||1000000
3471995|1|1|1|578.71596576|34719951|2||2||1|1|2|2|2|2|2|2|1||1||2000000
3471996|1|1|1|344.08888956|34719961|2||2||1|1|2|2|2|2|2|2|1||1||800000
3471997|1|1|1|189.07540165|34719971|2||2||1|1|2|2|1|2|2|2|2||1||1600000
3471998|1|1|1|564.09620648|34719981|2||2||1|1|2|2|2|2|2|2|2||1||1000000
3471999|1|1|1|499.72138664|34719991|2||2||2|1|2|2|2|2|2|2|2||1||5000000
3472000|1|1|1|321.19668528|34720001|2||2||1|1|2|2|2|2|2|2|2||1||3000000
3472001|1|1|1|605.93740818|34720011|2||2||1|1|2|2|2|2|2|2|2||1||2500000
3472002|1|1|1|311.62464484|34720021|2||2||1|1|2|2|2|2|2|2|2||1||3000000
3472003|1|1|1|217.78332109|34720031|2||2||1|1|2|2|2|2|2|2|2||1||1300000
3472004|1|1|1|434.35908004|34720041|2||2||1|1|2|2|2|2|2|2|2||1||1300000
3472005|1|1|1|399.29959386|34720051|2||2||1|1|2|2|2|2|2|2|2||1||1600000
3472006|1|1|1|184.10964266|34720061|2||2||1|1|2|2|2|2|2|2|2||1||3000000
3472007|1|1|1|612.0794899|34720071|2||2||1|1|2|2|2|2|2|2|2||1||2300000
3472008|1|1|1|326.36123343|34720081|2||2||1|2|2|1|2|2|2|2|2||3||1600000
3472009|1|1|1|357.45823141|34720091|2||2||1|1|2|2|2|2|2|2|2||1||1800000
3472010|1|1|1|187.46318807|34720101|2||2||1|1|2|2|2|2|2|2|2||1||2100000
3472011|1|1|1|274.65536856|34720111|2||2||1|1|2|2|2|2|2|2|2||1||2800000
3472012|1|1|1|596.84895498|34720121|2||2||1|1|2|2|2|2|2|2|2||1||1300000
3472013|1|1|1|598.02146667|34720131|2||2||1|1|1|2|2|2|2|2|2||1||1300000
3472014|1|1|1|274.65536856|34720141|2||2||1|1|2|2|2|2|2|2|2||1||2500000
3472015|1|1|1|324.88987244|34720151|2||2||1|1|2|2|2|2|2|2|2||1||2500000
3472016|1|1|1|274.65536856|34720161|2||2||1|1|2|2|2|2|2|2|2||1||2000000
3472017|1|1|1|595.92501546|34720171|2||2||1|1|2|2|2|2|2|2|2||1||3000000
3472018|1|1|1|492.29520175|34720181|2||2||1|1|1|2|2|2|2|2|1||2||300000
3472019|1|1|1|487.99303521|34720191|2||2||1|1|2|2|2|2|2|2|2||1||2600000
3472020|1|1|1|211.58710689|34720201|2||2||1|1|2|2|2|2|2|2|2||1||2500000
3472021|1|1|1|211.58710689|34720211|2||2||1|1|2|2|2|2|2|2|2||1||1400000
3472022|1|1|1|619.09748834|34720221|2||2||1|1|2|2|2|2|2|2|2||1||1300000
3472023|1|1|1|380.89811543|34720231|2||2||1|2|2|2|2|2|2|2|1||8||400000
3472024|1|1|1|206.25820924|34720241|2||2||1|2|2|1|2|2|2|2|2||3||3000000
3472025|1|1|1|326.4770783|34720251|2||2||1|1|2|2|2|2|2|2|2||1||3000000
3472026|1|1|1|264.55318184|34720261|2||2||1|1|2|2|2|2|2|2|2||1||1500000
3472027|1|1|1|268.11595503|34720271|2||2||1|1|2|2|2|2|2|1|2||1||5600000
3472028|1|1|1|493.97871882|34720281|2||2||1|1|2|2|2|2|2|2|2||1||10000000
3472029|1|1|1|571.34717315|34720291|2||2||1|1|2|2|2|2|2|1|2||1||4500000
3472030|1|1|1|711.4625092|34720301|2||2||1|1|2|1|2|2|2|2|2||1||1500000
3472031|1|1|1|471.01158275|34720311|2||2||1|1|2|2|2|2|2|2|2||1||1800000
3472032|1|1|1|294.27360917|34720321|2||2||1|1|2|2|2|2|2|2|2||1||6000000
3472033|1|1|1|286.33063251|34720331|2||2||1|1|2|2|2|2|2|2|2||1||1500000
3472034|1|1|1|590.19805097|34720341|2||2||1|1|2|2|2|2|2|2|2||1||1600000
3472035|1|1|1|312.40758671|34720351|2||2||1|1|2|2|2|2|2|2|2||1||1000000
3472036|1|1|1|417.02140409|34720361|2||2||1|1|2|1|2|2|2|2|2||1||3600000
3472037|1|1|1|273.24386176|34720371|2||2||1|1|1|2|2|2|2|2|2||1||980000
3472038|1|1|1|353.0453848|34720381|2||2||1|1|2|2|2|2|2|2|2||1||1500000
3472039|1|1|1|284.83338752|34720391|2||2||1|1|2|2|2|2|2|2|2||1||900000
3472040|1|1|1|375.08881635|34720401|2||2||1|1|2|1|2|2|2|1|2||3||3500000
3472041|1|1|1|284.83338752|34720411|2||2||1|2|2|2|2|2|2|2|1||8||500000
3472042|1|1|1|306.79808639|34720421|2||2||1|1|2|2|2|2|2|2|2||1||1000000
3472043|1|1|1|263.10828866|34720431|2||2||1|1|2|2|2|2|2|2|2||1||1800000
3472044|1|1|1|262.96934909|34720441|2||2||1|1|2|2|2|2|2|2|2||1||1800000
3472045|1|1|1|862.13893595|34720451|2||2||1|1|2|2|2|2|2|2|2||1||600000
3472046|1|1|1|780.26910794|34720461|2||2||1|1|2|2|2|2|2|2|2||1||850000
3472047|1|1|1|271.3089935|34720471|2||2||1|2|2|1|2|2|2|2|2||3||4000000
3472048|1|1|1|1085.235974|34720481|2||2||1|1|2|2|2|2|2|2|2||1||1300000
3472049|1|1|1|548.82293165|34720491|2||2||1|1|1|1|2|2|2|2|1||3||1200000
3472050|1|1|1|271.3089935|34720501|2||2||1|1|2|1|2|2|2|2|2||1||2000000
3472051|1|1|1|496.61941301|34720511|2||2||1|1|2|1|2|2|2|2|2||3||1000000
3472052|1|1|1|456.91394168|34720521|2||2||1|1|2|2|2|2|2|2|2||1||1200000
3472053|1|1|1|966.38654151|34720531|2||2||1|1|2|2|2|2|2|2|2||1||700000
3472054|1|1|1|431.53199725|34720541|2||2||1|1|2|2|2|2|2|2|1||8||1500000
3472055|1|1|1|537.8247648|34720551|2||2||1|1|2|2|2|2|2|2|2||1||3200000
3472056|1|1|1|571.14242709|34720561|2||2||2|1|2|2|2|2|2|2|2||1||3500000
3472057|1|1|1|1207.9831769|34720571|2||2||1|1|2|2|2|2|2|2|2||1||1300000
3472058|1|1|1|727.90432291|34720581|2||2||1|2|2|1|2|2|2|2|2||3||1600000
3472059|1|1|1|686.02866457|34720591|2||2||1|1|2|2|2|2|2|1|2||1||5000000
3472060|1|1|1|339.13624188|34720601|2||2||1|1|2|2|2|2|2|2|2||1||4000000
3472061|1|1|1|1207.9831769|34720611|2||2||1|1|2|2|2|2|2|2|2||1||4500000
3472062|1|1|1|93.007783914|34720621|2||2||1|1|2|2|2|2|2|2|2||1||3900000
3472063|1|1|1|331.46966176|34720631|2||1|2|1|2|2|2|2|2|2|2|1||8||1200000
3472064|1|1|1|246.25729079|34720641|2||2||1|2|2|2|2|2|2|2|1||8||1500000
3472065|1|1|1|229.00161129|34720651|2||2||1|2|2|2|2|2|2|2|1||8||1000000
3472066|1|1|1|142.66216975|34720661|2||2||1|1|2|2|2|2|2|2|2||1||1500000
3472067|1|1|1|160.87386346|34720671|2||2||1|1|2|2|2|2|2|2|2||1||1300000
3472068|1|1|1|181.7251893|34720681|2||2||2|1|2|1|2|2|2|2|2||1||3900000
3472069|1|1|1|279.34062002|34720691|2||2||1|1|2|2|2|2|2|2|2||1||1500000
3472070|1|1|1|172.92016513|34720701|2||2||1|1|2|2|2|2|2|2|2||1||2500000
3472071|1|1|1|206.76079173|34720711|2||2||1|2|2|1|2|2|2|2|2||3||2600000
3472072|1|1|1|178.24206155|34720721|2||2||1|1|2|2|2|2|2|2|2||1||1250000
3472074|1|1|1|147.51084766|34720741|1|1|2||1|1|2|2|2|2|2|1|2||1||8000000
3472075|1|1|1|144.26353626|34720751|2||2||1|1|2|2|2|2|2|2|2||1||4000000
3472076|1|1|1|259.23417448|34720761|2||2||1|2|2|1|2|2|2|2|2||3||4000000
3472077|1|1|1|258.45970117|34720771|2||2||1|1|2|2|2|2|2|2|2||1||2500000
3472078|1|1|1|258.45970117|34720781|2||2||1|1|2|2|2|2|2|2|2||1||3000000
3472080|1|1|1|205.3426961|34720801|2||2||1|1|2|2|2|2|2|2|2||1||3000000
3472081|1|1|1|137.83800519|34720811|2||2||1|1|2|2|2|2|2|2|2||1||3000000
3472082|1|1|1|137.83800519|34720821|2||2||1|1|2|2|2|2|2|2|2||1||3500000
3472083|1|1|1|321.52765147|34720831|2||2||1|1|2|2|2|2|2|2|2||1||2000000
3472084|1|1|1|180.76435183|34720841|2||2||1|1|2|2|2|2|2|2|2||1||950000
3472085|1|1|1|200.01465773|34720851|2||2||1|1|2|2|2|2|2|2|2||1||6000000
3472086|1|1|1|145.09263704|34720861|2||2||1|1|2|2|2|2|2|2|2||1||2000000
3472087|1|1|1|463.84541773|34720871|2||2||1|1|2|2|2|2|2|2|2||1||1300000
3472088|1|1|1|525.53561043|34720881|2||2||1|1|2|2|2|2|2|2|2||1||1300000
3472089|1|1|1|281.61110893|34720891|2||2||1|1|2|1|2|2|2|2|2||1||3000000
3472090|1|1|1|302.60125259|34720901|2||2||1|1|2|2|2|2|2|2|2||1||3900000
3472091|1|1|1|345.29025329|34720911|2||2||1|1|2|1|2|2|2|2|2||3||2300000
3472092|1|1|1|491.89012805|34720921|2||2||1|1|2|2|2|2|2|2|2||1||3200000
3472093|1|1|1|690.14779442|34720931|2||2||1|1|2|2|2|2|2|2|2||1||2300000
3472094|1|1|1|720.47214315|34720941|2||2||1|1|2|2|2|2|2|2|2||1||1600000
3472095|1|1|1|618.99126647|34720951|2||2||2|1|2|2|2|2|2|2|2||1||2700000
3472096|1|1|1|540.54525463|34720961|2||2||1|1|2|2|2|2|2|2|2||1||2000000
3472097|1|1|1|634.65279626|34720971|2||2||1|1|2|2|2|2|2|2|2||1||2500000
3472098|1|1|1|398.58743288|34720981|2||2||1|1|2|2|2|2|2|2|2||1||5000000
3472099|1|1|1|917.39590769|34720991|2||2||1|1|2|2|2|2|2|2|2||1||2100000
3472100|1|1|1|1019.3287863|34721001|2||2||1|1|1|1|2|2|2|1|2||3||2500000
3472100|1|2|2|1019.3287863|34721002|2||2||1|2|2|2|2|2|2|2|1||8||800000
3472100|1|3|3|1019.3287863|34721003|2||2||1|1|2|2|2|2|2|2|2||1||1000000
3472101|1|1|1|1795.3575451|34721011|2||2||1|1|2|2|2|2|2|2|2||1||800000
3472102|1|1|1|819.39632338|34721021|2||2||1|1|2|2|2|2|2|2|2||1||1300000
3472103|1|1|1|792.49579141|34721031|2||2||1|1|2|2|2|2|2|2|2||1||3900000
3472104|1|1|1|776.62499603|34721041|2||2||1|1|2|2|2|2|2|2|2||1||2000000
3472105|1|1|1|819.39632338|34721051|2||2||1|1|2|2|2|2|2|2|2||1||1300000
3472106|1|1|1|354.89625891|34721061|2||2||1|1|2|2|2|2|2|2|2||1||2000000
3472107|1|1|1|1677.673725|34721071|2||2||1|1|2|2|2|2|2|2|2||1||3000000
3472108|1|1|1|509.63278712|34721081|1|1|2||1|1|2|2|2|2|2|2|2||1||6000000
3472109|1|1|1|1731.2376328|34721091|2||2||1|1|2|1|2|2|2|2|2||1||4000000
3472110|1|1|1|1072.7961635|34721101|2||2||1|1|2|2|2|2|2|2|2||1||4500000
3472111|1|1|1|721.81730413|34721111|2||2||1|1|1|2|2|2|2|2|2||1||5000000
3472112|1|1|1|790.13216897|34721121|2||2||1|1|2|2|2|2|2|2|2||1||2000000
3472113|1|1|1|792.25690659|34721131|2||2||1|1|2|2|2|2|2|2|2||1||3900000
3472114|1|1|1|817.47684799|34721141|2||2||1|1|2|1|2|2|2|2|2||1||4000000
3472115|1|1|1|734.78720347|34721151|2||2||1|2|2|1|2|2|2|2|2||3||5000000
3472116|1|1|1|908.77807978|34721161|2||2||1|2|2|1|2|2|2|2|2||3||3500000
3472117|1|1|1|1570.9378519|34721171|2||2||1|1|2|2|1|2|2|1|2||1||1300000
3472118|1|1|1|715.68853317|34721181|2||2||1|1|2|2|2|2|2|2|2||1||1600000
3472119|1|1|1|1152.2760798|34721191|2||2||1|1|2|2|2|2|2|2|2||1||2600000
3472120|1|1|1|1130.2630675|34721201|2||2||1|1|2|2|2|2|2|2|2||1||99
3472121|1|1|1|1219.9386442|34721211|2||2||1|1|2|2|2|2|2|2|2||1||4200000
3472122|1|1|1|1066.8885973|34721221|2||2||1|1|2|2|2|2|2|2|2||1||99
3472123|1|1|1|1052.6502352|34721231|2||2||1|1|2|1|2|2|2|2|2||1||15000000
3472124|1|1|1|1282.8791052|34721241|2||1|3|1|2|2|2|2|2|2|2|1||8||2100000
3472125|1|1|1|933.18699618|34721251|2||2||1|1|2|1|2|2|2|2|2||1||4500000
3472126|1|1|1|1336.6800869|34721261|2||2||2|1|2|2|2|2|2|2|2||1||3200000
3472127|1|1|1|131.90656762|34721271|2||2||1|1|2|2|2|2|2|2|2||1||1500000
3472128|1|1|1|192.81190047|34721281|2||2||1|1|2|2|2|2|2|2|2||1||4000000
3472129|1|1|1|127.38111656|34721291|2||2||1|2|2|1|2|2|2|2|2||3||4000000
3472130|1|1|1|127.38111656|34721301|2||2||1|2|2|2|2|2|2|2|1||8||700000
3472131|1|1|1|104.05662357|34721311|2||2||1|1|2|2|2|2|2|2|2||1||1500000
3472132|1|1|1|153.56958776|34721321|2||2||1|1|2|2|2|2|2|2|2||1||1500000
3472133|1|1|1|206.14758989|34721331|2||2||1|1|2|2|2|2|2|2|2||1||4000000
3472134|1|1|1|131.58906805|34721341|2||2||1|2|2|2|2|2|2|2|1||8||800000
3472135|1|1|1|105.71809642|34721351|2||2||1|1|2|2|2|2|2|2|2||1||3000000
3472136|1|1|1|197.10121201|34721361|2||2||1|1|2|2|2|2|2|2|2||1||4000000
3472137|1|1|1|177.33839821|34721371|2||2||1|2|1|1|2|2|2|2|2||3||1500000
3472138|1|1|1|250.97885449|34721381|2||2||1|1|2|2|2|2|2|2|2||1||2000000
3472139|1|1|1|259.15019369|34721391|2||2||1|1|2|2|1|2|2|2|2||1||1600000
3472140|1|1|1|270.24658313|34721401|2||1|1|1|1|2|2|2|2|2|2|2||1||2500000
3472141|1|1|1|160.18190182|34721411|2||2||1|1|2|2|2|2|2|2|2||1||3500000
3472142|1|1|1|177.33839821|34721421|2||2||1|2|2|2|2|2|2|2|1||8||1000000
3472143|1|1|1|212.1037874|34721431|2||2||1|1|2|2|2|2|2|2|2||1||3800000
3472144|1|1|1|221.01587693|34721441|2||2||1|1|2|2|2|2|2|2|2||1||1800000
3472145|1|1|1|225.67707763|34721451|2||2||1|1|2|2|2|2|2|2|2||1||3000000
3472146|1|1|1|359.58065106|34721461|2||2||1|1|2|1|2|2|2|2|1||1||3000000
3472147|1|1|1|430.634134|34721471|2||2||1|1|2|1|2|2|2|2|2||1||3000000
3472148|1|1|1|406.00377589|34721481|2||2||1|2|2|1|2|2|2|2|2||3||3000000
3472149|1|1|1|342.67770114|34721491|2||2||1|1|2|2|2|2|2|2|2||1||1800000
3472150|1|1|1|457.90669934|34721501|2||2||1|1|2|2|2|2|2|2|2||1||1350000
3472151|1|1|1|619.7188401|34721511|2||2||1|1|2|2|2|2|2|2|2||1||9000000
3472152|1|1|1|598.95264384|34721521|2||2||1|1|2|2|2|2|2|2|2||1||3000000
3472153|1|1|1|206.54561543|34721531|2||2||1|1|2|2|2|2|2|2|1||1||4500000
3472154|1|1|1|611.34140488|34721541|2||2||1|1|2|2|2|2|2|2|2||1||1350000
3472155|1|1|1|2839.20038|34721551|1|1|2||1|1|2|2|2|2|2|1|2||1||5000000
3472156|1|1|1|3130.7266775|34721561|2||2||1|1|2|2|2|2|2|2|2||1||1300000
3472157|1|1|1|2918.9569966|34721571|2||2||1|1|2|1|1|2|2|2|2||1||3800000
3472158|1|1|1|3421.1273494|34721581|2||2||2|1|2|2|2|2|2|2|2||1||3000000
3472159|1|1|1|2624.3594733|34721591|2||2||1|1|2|2|2|2|2|2|2||1||1500000
3472160|1|1|1|2432.18999|34721601|2||2||1|1|2|2|2|2|2|2|2||1||1300000
3472161|1|1|1|61.826638445|34721611|2||2||1|1|2|2|2|2|2|2|2||1||2000000
3472162|1|1|1|43.822072551|34721621|2||2||1|1|2|2|2|2|2|2|2||1||2300000
3472163|1|1|1|43.822072551|34721631|2||2||1|1|2|2|2|2|2|2|2||1||1800000
3472164|1|1|1|41.380277667|34721641|2||2||1|1|2|2|2|2|2|2|2||1||2700000
3472165|1|1|1|61.411402331|34721651|2||2||1|1|2|2|2|2|2|2|2||1||1300000
3472166|1|1|1|43.822072551|34721661|2||2||1|1|2|2|2|2|2|2|2||1||1300000
3472167|1|1|1|43.822072551|34721671|2||2||1|1|2|2|2|2|2|2|2||1||1300000
3472168|1|1|1|43.822072551|34721681|2||2||1|1|2|2|2|2|2|2|2||1||1500000
3472169|1|1|1|41.841456117|34721691|2||2||1|1|2|2|2|2|2|2|2||1||2000000
3472170|1|1|1|40.36280921|34721701|2||2||1|1|2|2|2|2|2|2|2||1||3900000
3472171|1|1|1|37.277976383|34721711|2||2||1|1|2|2|2|2|2|2|2||1||2000000
3472172|1|1|1|31.381092088|34721721|2||2||1|1|2|2|2|2|2|2|2||1||2700000
3472173|1|1|1|33.097675486|34721731|2||2||1|1|2|2|2|2|2|2|2||1||2500000
3472174|1|1|1|38.341222788|34721741|2||2||1|1|2|2|2|2|2|2|2||1||2300000
3472176|1|1|1|37.708351374|34721761|2||2||1|1|2|2|2|2|2|2|1||1||3800000
3472177|1|1|1|35.823197481|34721771|2||2||1|1|2|2|2|2|2|2|2||1||2000000
3472178|1|1|1|41.433891974|34721781|2||2||1|1|2|2|2|2|2|2|2||1||3500000
3472179|1|1|1|66.561424416|34721791|2||2||1|1|2|2|2|2|2|2|2||1||1300000
3472180|1|1|1|2100.6964445|34721801|2||2||1|1|2|2|2|2|2|2|2||1||1300000
3472182|1|1|1|4188.2120107|34721821|2||2||1|1|2|2|2|2|2|2|2||1||1500000
3472183|1|1|1|3129.7383761|34721831|2||2||1|2|2|1|2|2|2|2|1||3||1300000
3472184|1|1|1|2904.1450773|34721841|2||2||1|1|2|2|2|2|2|2|2||1||4000000
3472185|1|1|1|2866.5238887|34721851|2||2||1|1|2|2|2|2|2|2|2||1||4500000
3472186|1|1|1|3658.5661675|34721861|2||2||1|1|2|2|2|2|2|2|2||1||2600000
3472187|1|1|1|4102.230241|34721871|2||2||1|1|2|2|2|2|2|2|2||1||1300000
3472189|1|1|1|2620.5115615|34721891|2||2||1|1|2|1|2|2|2|2|2||1||3000000
3472190|1|1|1|4122.6492695|34721901|2||2||1|2|2|1|2|2|2|2|2||3||1300000
3472191|1|1|1|4163.4873264|34721911|2||2||1|1|2|2|2|2|2|2|2||1||5000000
3472192|1|1|1|4103.0457554|34721921|2||2||1|2|2|1|2|2|2|2|2||3||2000000
3472193|1|1|1|2456.8860607|34721931|2||2||1|2|2|1|2|2|2|2|1||3||99
3472194|1|1|1|3084.5946634|34721941|2||2||1|1|2|2|2|2|2|2|2||1||1300000
3472195|1|1|1|3494.9406668|34721951|2||2||1|1|2|2|2|2|2|1|2||1||1300000
3472197|1|1|1|3384.3399489|34721971|2||2||1|1|2|2|2|2|2|2|2||1||1500000
3472198|1|1|1|3134.1693991|34721981|2||2||1|1|2|2|2|2|2|2|2||1||1200000
3472199|1|1|1|1278.2846422|34721991|2||1|3|1|1|2|2|2|2|2|2|1||8||99
3472200|1|1|1|1568.8330036|34722001|2||2||1|1|2|2|2|2|2|2|2||1||99
3472201|1|1|1|1544.2743156|34722011|2||2||1|1|2|2|2|2|2|2|2||1||3000000
3472202|1|1|1|4084.0912335|34722021|2||2||1|1|2|1|2|2|2|2|2||3||8000000
3472203|1|1|1|3737.1343138|34722031|2||2||1|2|2|1|2|2|2|2|2||3||3000000
3472204|1|1|1|4733.4649777|34722041|2||2||1|1|2|1|2|2|2|2|2||1||99
3472205|1|1|1|6021.3943651|34722051|2||2||1|1|2|2|2|2|2|1|2||1||18000000
3472206|1|1|1|5206.5873067|34722061|2||2||1|1|1|2|2|2|2|2|2||1||13000000
3472207|1|1|1|4062.2571999|34722071|2||2||1|2|2|1|2|2|2|2|2||3||7000000
3472208|1|1|1|5206.5873067|34722081|2||2||1|1|2|2|2|2|2|2|2||1||8000000
3472209|1|1|1|5036.7538302|34722091|2||2||1|1|2|1|2|2|2|2|2||1||10000000
3472210|1|1|1|2648.9782623|34722101|2||2||1|1|2|2|2|2|2|1|2||1||8000000
3472213|1|1|1|925.75783954|34722131|2||2||1|1|2|2|2|2|2|2|2||1||98
3472214|1|1|1|1598.4970542|34722141|2||2||1|2|2|1|2|2|2|2|1||3||3500000
3472215|1|1|1|1598.4970542|34722151|2||2||1|2|2|1|2|2|2|2|1||3||3000000
3472216|1|1|1|947.33155559|34722161|2||2||1|2|2|1|2|2|2|2|2||3||2600000
3472217|1|1|1|731.41450145|34722171|2||2||1|1|2|2|2|2|2|2|2||1||3000000
3472218|1|1|1|695.35247386|34722181|2||2||1|1|2|2|2|2|2|2|2||1||4000000
3472219|1|1|1|1293.2716101|34722191|2||2||1|1|2|2|2|2|2|2|2||1||4000000
3472220|1|1|1|1824.9110602|34722201|2||2||1|1|2|2|2|2|2|2|2||1||4000000
3472221|1|1|1|881.34065281|34722211|2||2||1|1|2|2|2|2|2|2|2||1||1300000
3472222|1|1|1|990.66153663|34722221|2||2||1|1|2|2|2|2|2|2|2||1||1300000
3472223|1|1|1|1494.6426353|34722231|2||2||1|1|2|2|2|2|2|2|2||1||98
3472224|1|1|1|988.67952274|34722241|2||2||1|1|2|2|2|2|2|2|2||1||4500000
3472225|1|1|1|3473.6259107|34722251|2||2||1|1|2|2|2|2|2|2|2||1||1600000
3472226|1|1|1|1744.3716438|34722261|2||2||1|1|2|2|2|2|2|2|2||1||2000000
3472228|1|1|1|1479.5216322|34722281|2||2||1|1|2|2|2|2|2|2|2||1||1300000
3472229|1|1|1|2515.4265134|34722291|2||2||1|1|2|2|2|2|2|2|2||1||2600000
3472230|1|1|1|1941.0480973|34722301|2||2||1|1|2|2|2|2|2|2|2||1||1300000
3472231|1|1|1|1370.3660564|34722311|2||2||1|1|2|2|2|2|2|2|2||1||1600000
3472232|1|1|1|8260.0325582|34722321|2||2||1|1|2|2|2|2|2|2|2||1||1300000
3472233|1|1|1|7331.1817096|34722331|2||2||1|1|2|2|2|2|2|2|2||1||1600000
3472234|1|1|1|2939.0827121|34722341|2||2||1|1|2|2|2|2|2|2|2||1||3000000
3472235|1|1|1|3201.5025173|34722351|2||2||1|2|2|1|2|2|2|2|2||3||1300000
3472237|1|1|1|4953.2039123|34722371|2||2||1|1|2|2|2|2|2|2|2||1||600000
3472238|1|1|1|7736.4335246|34722381|2||2||1|1|2|2|2|2|2|2|2||1||1100000
3472239|1|1|1|7736.4335246|34722391|2||2||1|1|2|2|2|2|2|1|2||1||2000000
3472240|1|1|1|11934.457073|34722401|2||2||1|1|2|2|2|2|2|2|2||1||1500000
3472241|1|1|1|5037.0831741|34722411|2||2||1|1|2|2|2|2|2|2|2||1||2000000
3472242|1|1|1|16489.399112|34722421|2||2||1|1|2|1|2|2|2|2|2||1||5200000
3472243|1|1|1|3944.5583767|34722431|2||2||1|1|2|2|2|2|2|2|2||1||8000000
3472244|1|1|1|3944.5583767|34722441|2||2||1|1|2|2|2|2|2|2|2||1||98
3472245|1|1|1|3944.5583767|34722451|2||2||1|1|2|2|2|2|2|1|2||1||8000000
3472246|1|1|1|10383.108151|34722461|2||2||1|1|2|2|2|2|2|2|2||1||8000000
3472247|1|1|1|4851.5393527|34722471|2||2||1|2|2|2|2|2|2|1|2||7||1300000
3472248|1|1|1|10537.034329|34722481|2||2||1|1|2|2|2|2|2|1|2||1||5000000
3472249|1|1|1|8172.347171|34722491|2||2||1|1|2|2|2|2|2|2|2||1||4000000
3472250|1|1|1|413.40286062|34722501|2||2||1|1|2|2|2|2|2|2|2||1||1500000
3472251|1|1|1|483.19333232|34722511|2||2||1|1|2|2|2|2|2|2|2||1||98
3472252|1|1|1|443.70271369|34722521|2||2||1|1|2|2|2|2|2|2|2||1||900000
3472253|1|1|1|593.71920494|34722531|2||2||1|1|2|2|2|2|2|2|2||1||2500000
3472254|1|1|1|1003.1277913|34722541|2||2||1|1|2|2|2|2|2|2|2||1||98
3472255|1|1|1|730.84776291|34722551|2||2||1|2|2|2|2|2|2|2|1||8||600000
3472256|1|1|1|872.56948631|34722561|2||2||1|2|1|2|2|2|2|1|1||7||2000000
3472257|1|1|1|866.98777708|34722571|2||2||1|2|2|1|2|2|2|2|2||3||99
3472258|1|1|1|906.1430936|34722581|2||2||1|1|2|2|2|2|2|2|2||1||1600000
3472259|1|1|1|400.57231348|34722591|2||2||1|1|2|2|2|2|2|2|2||1||6000000
3472260|1|1|1|562.52657376|34722601|2||2||1|1|2|2|2|2|2|2|2||1||900000
3472261|1|1|1|564.80986058|34722611|2||2||1|1|2|2|2|2|2|2|2||1||1300000
3472262|1|1|1|430.76694748|34722621|2||2||1|1|2|2|2|2|2|2|2||1||1300000
3472263|1|1|1|487.11739571|34722631|2||2||1|1|2|2|2|2|2|2|2||1||1300000
3472264|1|1|1|488.43410709|34722641|2||2||1|1|1|2|2|2|2|2|2||1||98
3472265|1|1|1|545.88011921|34722651|2||2||1|2|2|2|2|2|2|2|1||8||98
3472266|1|1|1|475.98149154|34722661|2||2||1|1|2|2|2|2|2|2|2||1||1300000
3472267|1|1|1|575.94576476|34722671|2||2||1|1|2|2|2|2|2|2|2||1||1300000
3472268|1|1|1|737.28086361|34722681|2||2||1|1|2|2|2|2|2|2|2||1||1500000
3472269|1|1|1|613.42987795|34722691|2||2||1|1|2|2|2|2|2|2|2||1||1600000
3472270|1|1|1|443.25350294|34722701|2||2||1|1|2|2|2|2|2|2|2||1||98
3472271|1|1|1|398.28902666|34722711|2||2||1|1|1|2|2|2|2|2|2||1||2600000
3472272|1|1|1|553.67395641|34722721|2||2||1|1|2|2|2|2|2|2|2||1||1500000
3472273|1|1|1|174.34720752|34722731|2||2||1|1|2|2|2|2|2|2|2||1||1350000
3472274|1|1|1|127.88562354|34722741|2||2||1|1|2|2|2|2|2|2|2||1||1300000
3472275|1|1|1|164.14323505|34722751|2||2||1|1|2|2|2|2|2|2|2||1||2000000
3472276|1|1|1|407.66864371|34722761|2||2||1|1|2|2|2|2|2|2|2||1||3500000
3472277|1|1|1|181.79643724|34722771|2||2||1|1|2|2|2|2|2|2|2||1||1000000
3472278|1|1|1|235.46064715|34722781|2||1|1|1|1|2|2|2|2|2|2|2||1||99
3472279|1|1|1|234.67411355|34722791|2||2||1|1|2|2|2|2|2|2|2||1||2600000
3472280|1|1|1|80.445340273|34722801|1|1|2||1|1|2|1|2|2|2|2|2||3||2000000
3472281|1|1|1|168.19262221|34722811|2||2||1|1|2|2|2|2|2|2|2||1||2500000
3472282|1|1|1|377.16282683|34722821|2||2||1|1|2|2|2|2|2|2|2||1||1300000
3472283|1|1|1|371.77459597|34722831|2||2||1|1|2|2|1|2|2|2|2||1||2500000
3472284|1|1|1|132.32332998|34722841|2||2||1|1|2|1|2|2|2|2|2||3||4500000
3472285|1|1|1|183.01194994|34722851|2||2||1|1|2|2|2|2|2|2|2||1||4000000
3472286|1|1|1|174.65042006|34722861|2||2||1|1|2|2|2|2|2|2|2||1||1200000
3472287|1|1|1|152.37960524|34722871|2||2||1|1|2|2|2|2|2|2|2||1||3000000
3472288|1|1|1|145.77988731|34722881|2||2||1|1|2|2|2|2|2|2|2||1||4000000
3472289|1|1|1|151.73843328|34722891|2||2||1|1|2|2|2|2|2|2|1||8||900000
3472289|1|2|2|151.73843328|34722892|2||2||1|1|2|2|2|2|2|2|2||1||1500000
3472290|1|1|1|156.25407054|34722901|2||2||1|1|2|2|2|2|2|2|2||1||1700000
3472291|1|1|1|91.092011914|34722911|2||2||1|1|2|2|2|2|2|2|2||1||5300000
3472292|1|1|1|144.64060676|34722921|2||2||1|2|2|2|2|2|2|2|1||8||1500000
3472293|1|1|1|200.1550987|34722931|2||2||1|1|1|2|2|2|2|2|2||1||1600000
3472294|1|1|1|174.80440363|34722941|2||2||1|1|2|2|2|2|2|2|1||1||3000000
3472295|1|1|1|399.34887547|34722951|2||2||1|1|2|2|2|2|2|2|2||1||2800000
3472296|1|1|1|183.83103943|34722961|2||2||1|1|2|2|2|2|2|2|2||1||1250000
3472297|1|1|1|181.92752089|34722971|2||2||1|1|2|2|2|2|2|1|2||1||2200000
3472298|1|1|1|158.72875545|34722981|2||2||1|1|2|2|2|2|2|2|2||1||1050000
3472299|1|1|1|599.11066812|34722991|2||2||1|1|2|2|2|2|2|2|2||1||16000000
3472300|1|1|1|497.12054904|34723001|2||2||1|1|2|1|2|2|2|2|2||1||9000000
3472301|1|1|1|414.11765832|34723011|2||2||1|2|2|1|2|2|2|2|2||3||2500000
3472302|1|1|1|454.03999733|34723021|2||2||1|1|2|2|2|2|2|2|2||1||4000000
3472303|1|1|1|386.35839754|34723031|2||2||1|2|2|1|2|2|2|2|2||3||1300000
3472304|1|1|1|492.67808926|34723041|2||2||1|2|2|2|2|2|2|2|1||8||1000000
3472305|1|1|1|524.87980981|34723051|2||2||1|1|2|2|2|2|2|1|2||1||4000000
3472306|1|1|1|505.13943205|34723061|2||2||1|2|2|2|1|2|2|2|2||4||1500000
3472307|1|1|1|303.68628276|34723071|2||2||1|1|2|2|2|2|2|2|2||1||98
3472308|1|1|1|423.23815018|34723081|2||2||1|1|2|2|2|2|2|2|2||1||10000000
3472309|1|1|1|211.02350447|34723091|2||2||1|1|2|1|2|2|2|2|2||1||5000000
3472310|1|1|1|439.34782329|34723101|2||2||1|1|2|2|2|2|2|2|2||1||4000000
3472311|1|1|1|337.76545429|34723111|2||2||1|1|2|2|2|2|2|2|2||1||9000000
3472312|1|1|1|537.59596906|34723121|2||2||1|1|2|2|2|2|2|2|2||1||98
3472313|1|1|1|406.45050496|34723131|2||2||1|1|2|2|2|2|2|2|2||1||98
3472314|1|1|1|337.17326624|34723141|2||2||1|1|2|2|2|2|2|2|2||1||3600000
3472315|1|1|1|276.91079564|34723151|2||2||1|1|2|2|2|2|2|2|2||1||2500000
3472316|1|1|1|607.09743948|34723161|2||2||1|1|2|2|2|2|2|2|2||1||5000000
3472317|1|1|1|89.96644285|34723171|2||2||1|1|2|2|2|2|2|2|2||1||2300000
3472318|1|1|1|53.018248843|34723181|2||2||1|1|2|2|2|2|2|2|2||1||1800000
3472319|1|1|1|126.41779613|34723191|2||2||1|1|2|2|2|2|2|2|2||1||7000000
3472320|1|1|1|56.370538842|34723201|2||2||1|1|2|1|2|2|2|2|2||1||2500000
3472321|1|1|1|55.020188993|34723211|2||2||1|2|2|2|2|2|2|1|1||8||2000000
3472322|1|1|1|91.483762491|34723221|2||2||1|1|2|2|2|2|2|2|2||1||2000000
3472323|1|1|1|92.553287267|34723231|2||2||1|1|2|2|1|2|2|2|2||1||3000000
3472324|1|1|1|105.69476033|34723241|2||2||1|1|2|2|2|2|2|2|2||1||5600000
3472325|1|1|1|82.043362182|34723251|2||2||1|1|2|1|2|2|2|2|2||3||3000000
3472326|1|1|1|88.07760875|34723261|2||2||1|1|2|2|2|2|2|2|2||1||4500000
3472327|1|1|1|114.49446219|34723271|2||2||1|1|2|2|2|2|2|2|2||1||4000000
3472328|1|1|1|195.16226068|34723281|2||2||1|1|2|2|2|2|2|2|2||1||4000000
3472329|1|1|1|86.272989382|34723291|2||2||1|1|2|1|2|2|2|2|2||1||5000000
3472330|1|1|1|202.51649642|34723301|2||2||1|1|2|2|2|2|2|2|1||1||1600000
3472331|1|1|1|171.45081487|34723311|2||1|3|1|1|2|2|2|2|2|2|1||8||1000000
3472332|1|1|1|152.93408901|34723321|2||2||1|1|2|2|2|2|2|2|2||1||5000000
3472333|1|1|1|122.50869064|34723331|2||2||1|1|2|2|1|2|2|2|2||1||1500000
3472334|1|1|1|268.0990493|34723341|2||2||1|1|2|2|2|2|2|2|2||1||1300000
3472335|1|1|1|103.77303741|34723351|2||2||1|1|2|2|2|2|2|2|2||1||3000000
3472336|1|1|1|133.97374506|34723361|2||2||1|1|2|2|2|2|2|2|2||1||800000
3472337|1|1|1|229.66927724|34723371|2||2||1|1|2|2|2|2|2|2|2||1||750000
3472338|1|1|1|166.33927138|34723381|2||2||2|1|2|1|2|2|2|2|2||3||98
3472339|1|1|1|127.53133654|34723391|2||2||1|1|2|2|2|2|2|2|2||1||800000
3472340|1|1|1|143.87757381|34723401|2||2||1|1|2|2|2|2|2|2|2||1||98
3472341|1|1|1|223.0384425|34723411|2||2||1|1|2|2|2|2|2|1|2||1||1300000
3472342|1|1|1|208.68913714|34723421|2||2||1|2|2|1|2|2|2|2|2||3||98
3472343|1|1|1|331.1449576|34723431|2||2||2|1|2|2|2|2|2|2|2||1||2000000
3472344|1|1|1|292.2513218|34723441|2||2||1|2|2|2|2|2|2|2|1||8||1000000
3472345|1|1|1|264.97353437|34723451|2||2||2|1|2|1|2|2|2|2|2||3||7000000
3472346|1|1|1|372.9318207|34723461|2||1|1|1|2|1|2|1|2|2|2|1||8||1000000
3472347|1|1|1|202.5375575|34723471|2||2||1|1|2|2|1|2|2|2|2||1||2000000
3472348|1|1|1|173.39538181|34723481|2||2||1|1|2|1|2|2|2|2|2||3||1300000
3472349|1|1|1|263.9588863|34723491|2||2||1|1|2|2|2|2|2|1|2||1||1300000
3472350|1|1|1|371.78623313|34723501|2||2||1|1|2|2|2|2|2|2|2||1||1300000
3472351|1|1|1|182.19770894|34723511|2||2||1|1|2|2|2|2|2|2|2||1||800000
3472352|1|1|1|349.65328183|34723521|2||2||2|1|2|2|2|2|2|2|2||1||6000000
3472353|1|1|1|357.08005766|34723531|2||2||1|1|2|2|2|2|2|2|2||1||7000000
3472354|1|1|1|221.9618924|34723541|2||2||2|1|2|2|2|2|2|2|2||1||1500000
3472355|1|1|1|223.37511643|34723551|2||2||1|1|2|2|2|2|2|1|2||1||1400000
3472356|1|1|1|262.30352893|34723561|2||2||1|1|2|2|2|2|2|2|2||1||4500000
3472357|1|1|1|240.32851541|34723571|2||2||1|1|2|2|2|2|2|2|2||1||1400000
3472358|1|1|1|142.61087527|34723581|2||2||1|1|2|2|2|2|2|2|2||1||99
3472359|1|1|1|394.14848494|34723591|2||2||1|1|2|2|2|2|2|2|2||1||5000000
3472360|1|1|1|117.86075246|34723601|2||2||1|1|2|1|2|2|2|1|2||3||10000000
3472361|1|1|1|184.13829453|34723611|2||2||1|1|2|2|1|2|2|2|2||1||1700000
3472362|1|1|1|282.35074858|34723621|2||2||1|1|2|2|2|2|2|2|2||1||2900000
3472363|1|1|1|297.88084294|34723631|2||2||1|1|2|2|2|2|2|2|2||1||1500000
3472364|1|1|1|283.68184781|34723641|2||2||2|1|1|2|2|2|2|2|2||1||3000000
3472365|1|1|1|223.11214976|34723651|2||2||1|1|2|2|2|2|2|2|1||1||1500000
3472366|1|1|1|201.67527497|34723661|2||2||1|1|2|2|2|2|2|2|2||1||2400000
3472367|1|1|1|229.66450287|34723671|2||2||1|1|2|2|2|2|2|2|2||1||2400000
3472368|1|1|1|163.51209071|34723681|2||2||1|1|1|2|2|2|2|2|2||1||3500000
3472369|1|1|1|228.88430039|34723691|2||1|1|1|1|2|2|2|2|2|2|2||1||3800000
3472370|1|1|1|261.15313615|34723701|2||2||1|1|2|2|2|2|2|2|2||1||600000
3472371|1|1|1|337.50516892|34723711|2||2||1|1|2|2|2|2|2|2|2||1||2500000
3472372|1|1|1|223.45735415|34723721|2||2||1|1|1|2|2|2|2|2|2||1||700000
3472373|1|1|1|134.22228629|34723731|2||2||1|1|2|2|2|2|2|2|2||1||2000000
3472374|1|1|1|90.134684687|34723741|2||2||1|1|2|2|2|2|2|2|2||1||1300000
3472375|1|1|1|119.28651027|34723751|2||2||1|1|2|2|2|2|2|2|2||1||3000000
3472376|1|1|1|47.992351662|34723761|2||2||1|1|2|2|2|2|2|2|2||1||1400000
3472377|1|1|1|78.636233151|34723771|2||2||1|1|2|2|2|2|2|2|2||1||1000000
3472378|1|1|1|127.82812453|34723781|2||2||1|1|2|2|2|2|2|2|2||1||2300000
3472379|1|1|1|92.765454304|34723791|2||2||1|1|2|2|2|2|2|2|2||1||1300000
3472380|1|1|1|68.9813314|34723801|2||2||1|1|2|2|1|2|2|2|1||1||900000
3472381|1|1|1|67.98124344|34723811|2||2||1|1|2|2|2|2|2|2|2||1||500000
3472383|1|1|1|134.22228629|34723831|2||2||1|1|2|2|2|2|2|2|2||1||400000
3472384|1|1|1|128.13091976|34723841|2||2||1|1|2|2|2|2|2|2|2||1||800000
3472385|1|1|1|115.28192896|34723851|2||2||1|1|2|2|2|2|2|2|2||1||1000000
3472386|1|1|1|199.77172627|34723861|2||2||1|1|2|2|2|2|2|2|2||1||3000000
3472387|1|1|1|288.92978167|34723871|2||2||1|1|2|2|2|2|2|2|2||1||2800000
3472388|1|1|1|194.88718961|34723881|2||2||1|1|2|2|2|2|2|2|2||1||1300000
3472389|1|1|1|398.28171181|34723891|2||2||1|1|2|2|2|2|2|2|2||1||2500000
3472390|1|1|1|114.91886362|34723901|2||2||1|1|2|2|2|2|2|2|2||1||5000000
3472391|1|1|1|424.32537336|34723911|2||2||1|1|2|2|2|2|2|2|2||1||2300000
3472392|1|1|1|170.44167007|34723921|2||2||1|1|2|2|2|2|2|2|2||1||1200000
3472393|1|1|1|150.22554199|34723931|2||2||1|1|2|2|2|2|2|2|2||1||1300000
3472394|1|1|1|151.57892525|34723941|2||2||1|1|2|2|2|2|2|2|2||1||1000000
3472395|1|1|1|172.37829543|34723951|2||2||1|1|2|2|2|2|2|2|2||1||2000000
3472396|1|1|1|200.30072265|34723961|2||2||1|1|2|2|2|2|2|2|2||1||800000
3472397|1|1|1|343.86953319|34723971|2||2||1|1|2|2|2|2|2|2|2||1||1300000
3472398|1|1|1|259.94815998|34723981|2||2||1|1|2|2|2|2|2|2|2||1||1300000
3472399|1|1|1|302.64489065|34723991|2||2||1|1|2|2|2|2|2|2|2||1||1700000
3472400|1|1|1|332.94102676|34724001|2||2||1|1|2|2|2|2|2|2|2||1||1800000
3472401|1|1|1|129.28372158|34724011|2||2||1|1|2|2|2|2|2|2|2||1||2000000
3472402|1|1|1|310.04749671|34724021|2||2||1|1|2|2|2|2|2|2|2||1||4500000
3472403|1|1|1|306.25216774|34724031|2||2||1|1|2|2|2|2|2|2|2||1||4000000
3472404|1|1|1|172.37829543|34724041|2||2||1|1|2|2|2|2|2|2|2||1||6000000
3472405|1|1|1|310.04749671|34724051|2||2||1|1|2|2|2|2|2|2|2||1||2000000
3472406|1|1|1|305.25531484|34724061|2||2||1|1|2|2|2|2|2|2|2||1||2000000
3472407|1|1|1|162.40599134|34724071|2||2||1|1|2|2|2|2|2|2|2||1||1450000
3472408|1|1|1|195.10033185|34724081|2||2||1|1|1|2|2|2|2|2|2||1||400000
3472409|1|1|1|64.546019229|34724091|2||2||1|1|2|2|2|2|2|2|2||1||1500000
3472410|1|1|1|64.546019229|34724101|2||2||1|2|2|1|2|2|2|2|2||3||1300000
3472411|1|1|1|145.12847028|34724111|2||2||1|1|1|2|2|2|2|2|2||1||1100000
3472412|1|1|1|64.546019229|34724121|2||2||1|1|2|2|2|2|2|2|2||1||4000000
3472413|1|1|1|173.26157467|34724131|2||2||1|1|2|2|2|2|2|2|2||1||3900000
3472414|1|1|1|88.809307992|34724141|2||2||1|1|2|1|2|2|2|1|2||3||5500000
3472415|1|1|1|178.54559901|34724151|2||2||1|1|2|2|2|2|2|2|2||1||99
3472416|1|1|1|106.62499824|34724161|2||2||1|1|2|2|2|2|2|2|2||1||4000000
3472417|1|1|1|53.714739294|34724171|1|1|2||1|1|2|1|2|2|2|2|2||3||98
3472418|1|1|1|163.82242027|34724181|2||2||1|1|1|2|2|2|2|2|2||1||1000000
3472419|1|1|1|78.727752358|34724191|2||2||1|1|2|2|2|2|2|2|2||1||2500000
3472420|1|1|1|108.17028807|34724201|2||2||1|1|2|2|2|2|2|2|2||1||7000000
3472421|1|1|1|119.84601433|34724211|2||2||1|1|2|2|2|2|2|2|2||1||1300000
3472422|1|1|1|110.0950662|34724221|2||2||1|1|2|2|2|2|2|2|2||1||1000000
3472423|1|1|1|136.41156604|34724231|2||2||1|1|1|2|2|2|2|2|2||1||1600000
3472424|1|1|1|143.8152172|34724241|2||2||1|1|2|2|2|2|2|2|2||1||880000
3472425|1|1|1|143.8152172|34724251|2||2||1|1|1|2|2|2|2|2|2||1||1200000
3472426|1|1|1|143.8152172|34724261|2||2||1|1|2|2|2|2|2|2|2||1||600000
3472427|1|1|1|198.53875422|34724271|2||2||1|1|2|2|2|2|2|2|2||1||1400000
3472428|1|1|1|129.41875381|34724281|2||2||1|1|2|2|2|2|2|2|2||1||1300000
3472429|1|1|1|211.58864269|34724291|2||2||1|1|2|2|2|2|2|2|2||1||900000
3472432|1|1|1|340.61513514|34724321|2||2||1|1|2|2|2|2|2|2|2||1||1300000
3472435|1|1|1|439.99641347|34724351|2||2||1|1|2|2|2|2|2|2|2||1||4000000
3472437|1|1|1|307.20666172|34724371|2||2||1|2|2|1|2|2|2|2|2||3||3000000
3472438|1|1|1|334.25471436|34724381|2||2||1|1|2|2|2|2|2|2|2||1||1400000
3472439|1|1|1|265.14520935|34724391|2||2||1|1|2|2|2|2|2|2|2||1||1000000
3472440|1|1|1|183.58766396|34724401|1|1|2||1|1|2|2|2|2|2|2|2||1||5000000
3472441|1|1|1|450.48189336|34724411|2||2||1|1|2|2|1|2|2|2|2||1||98
3472442|1|1|1|255.04839065|34724421|2||2||1|1|2|2|2|2|2|2|2||1||2000000
3472443|1|1|1|246.39268874|34724431|2||2||1|1|2|2|2|2|2|2|1||8||98
3472444|1|1|1|164.83496554|34724441|2||2||1|1|2|2|2|2|2|2|2||1||3600000
3472445|1|1|1|277.51166001|34724451|2||1|1|1|1|1|2|2|2|2|2|2||1||3000000
3472458|1|1|1|311.93554041|34724581|2||2||1|1|2|2|2|2|2|2|2||1||2000000
3472459|1|1|1|469.15227775|34724591|2||1|1|1|1|2|2|2|2|2|2|2||1||3000000
3472460|1|1|1|285.50816469|34724601|2||2||1|2|2|1|2|2|2|2|2||3||4000000
3472461|1|1|1|298.38167189|34724611|2||2||1|2|2|1|2|2|2|2|1||3||98
3472462|1|1|1|248.89761027|34724621|2||2||1|1|2|2|2|2|2|2|2||1||5000000
3472463|1|1|1|289.87375146|34724631|2||2||1|1|2|2|2|2|2|2|2||1||3000000
3472464|1|1|1|248.89761027|34724641|2||2||1|1|2|2|2|2|2|2|2||1||6000000
3472465|1|1|1|285.50816469|34724651|2||2||1|2|2|2|2|2|2|2|1||8||98
3472466|1|1|1|289.87375146|34724661|2||2||1|1|2|2|2|2|2|2|2||1||98
3472467|1|1|1|285.50816469|34724671|2||2||1|1|2|2|2|2|2|2|2||1||1500000
3472470|1|1|1|955.39340362|34724701|2||2||1|1|2|2|2|2|2|2|2||1||2000000
3472471|1|1|1|658.49460124|34724711|2||2||1|1|2|2|2|2|2|2|2||1||1500000
3472472|1|1|1|646.29820555|34724721|2||2||1|1|2|2|2|2|2|2|2||1||800000
3472473|1|1|1|228.8794738|34724731|2||2||1|1|2|2|2|2|2|2|2||1||3500000
3472474|1|1|1|192.13598679|34724741|2||2||1|1|2|2|2|2|2|2|2||1||2500000
3472475|1|1|1|225.89272959|34724751|2||2||1|1|1|2|2|2|2|1|2||1||800000
3472476|1|1|1|230.17303697|34724761|2||2||1|1|2|2|2|2|2|2|2||1||1000000
3472477|1|1|1|312.42182138|34724771|2||2||1|1|2|2|2|2|2|2|2||1||700000
3472478|1|1|1|223.67733662|34724781|2||2||1|1|2|2|2|2|2|2|2||1||5000000
3472479|1|1|1|300.19810092|34724791|2||2||1|1|2|2|2|2|2|2|2||1||800000
3472480|1|1|1|411.02328031|34724801|2||2||1|1|2|2|2|2|2|2|2||1||3500000
3472481|1|1|1|330.93961347|34724811|2||1|1|1|1|2|2|2|2|2|2|1||1||2300000
3472482|1|1|1|356.61341686|34724821|2||2||1|1|2|2|2|2|2|2|2||1||1600000
3472483|1|1|1|288.63117043|34724831|2||2||1|1|2|2|2|2|2|2|2||1||3500000
3472484|1|1|1|263.10828866|34724841|2||2||1|1|2|2|2|2|2|2|2||1||2600000
3472485|1|1|1|231.86116837|34724851|2||2||1|1|2|2|2|2|1|2|2||1||1900000
3472486|1|1|1|192.95003986|34724861|2||2||1|1|2|2|2|2|2|2|1||8||1000000
3472487|1|1|1|161.87904413|34724871|2||2||1|1|2|2|2|2|2|2|2||1||3000000
3472488|1|1|1|188.20653792|34724881|2||2||1|1|2|2|2|2|2|2|2||1||1700000
3472489|1|1|1|167.71628722|34724891|2||2||1|1|2|2|2|2|2|2|2||1||3000000
3472490|1|1|1|353.05976325|34724901|2||2||2|1|2|2|2|2|2|2|2||1||2000000
3472492|1|1|1|323.77577362|34724921|2||2||1|1|2|2|2|2|2|2|2||1||2500000
3472493|1|1|1|222.43718075|34724931|2||2||1|1|2|2|2|2|2|2|2||1||1000000
3472494|1|1|1|1258.9248521|34724941|2||2||1|1|2|2|2|2|2|2|2||1||1000000
3472495|1|1|1|602.87015733|34724951|2||2||1|1|2|2|2|2|2|2|2||1||800000
3472496|1|1|1|1277.4405094|34724961|2||2||1|1|2|2|2|2|2|2|2||1||600000
3472497|1|1|1|873.63650345|34724971|2||2||1|1|2|2|2|2|2|2|2||1||99
3472498|1|1|1|431.87962231|34724981|2||2||1|1|2|2|2|2|2|2|2||1||98
3472499|1|1|1|431.87962231|34724991|2||2||1|1|2|2|1|2|2|2|2||1||1800000
3472500|1|1|1|1555.1934199|34725001|2||2||1|1|2|2|2|2|2|2|2||1||1200000
3472501|1|1|1|2181.708012|34725011|2||2||1|1|2|2|2|2|2|2|2||1||1600000
3472502|1|1|1|1384.0556824|34725021|2||2||1|1|2|2|2|2|2|2|2||1||1300000
3472503|1|1|1|1321.588521|34725031|2||2||1|1|2|2|2|2|2|2|2||1||1300000
3472504|1|1|1|113.37096479|34725041|2||2||1|1|2|2|2|2|2|2|2||1||600000
3472505|1|1|1|287.22212526|34725051|2||2||1|1|2|2|2|2|2|2|2||1||600000
3472506|1|1|1|217.43003374|34725061|2||2||1|1|2|2|2|2|2|2|2||1||1000000
3472507|1|1|1|214.27852888|34725071|2||2||1|1|2|2|2|2|2|2|2||1||1300000
3472508|1|1|1|96.591204144|34725081|2||2||1|1|2|2|2|2|2|2|2||1||600000
3472509|1|1|1|284.69020809|34725091|2||2||1|1|2|2|2|2|2|2|2||1||650000
3472510|1|1|1|294.03670906|34725101|2||2||1|1|2|2|2|2|2|2|2||1||600000
3472511|1|1|1|340.38860148|34725111|2||2||1|1|2|2|2|2|2|2|2||1||1300000
3472512|1|1|1|130.58337334|34725121|2||2||1|1|2|2|2|2|2|2|2||1||2500000
3472513|1|1|1|110.30637154|34725131|2||2||1|1|2|2|2|2|2|2|2||1||2600000
3472514|1|1|1|203.12969186|34725141|2||2||1|1|2|2|2|2|2|2|2||1||3500000
3472515|1|1|1|283.43181633|34725151|2||2||1|1|2|2|2|2|2|2|2||1||2500000
3472516|1|1|1|144.59283981|34725161|2||2||1|1|2|2|2|2|2|2|2||1||1300000
3472517|1|1|1|147.51084766|34725171|1|1|2||1|1|2|2|2|2|2|1|2||1||9000000
3472518|1|1|1|318.57436307|34725181|2||2||1|2|2|1|2|2|2|2|2||3||5000000
3472519|1|1|1|171.38892149|34725191|2||2||1|1|2|2|2|2|2|2|2||1||2500000
3472520|1|1|1|251.82192121|34725201|2||2||1|1|2|2|1|2|2|2|2||1||2000000
3472521|1|1|1|251.82192121|34725211|2||2||1|1|2|2|1|1|1|1|1||1||2000000
3472522|1|1|1|278.11820565|34725221|2||2||1|1|2|2|2|2|2|2|2||1||1300000
3472523|1|1|1|475.28208085|34725231|2||2||1|2|2|2|2|2|2|1|1||7||1200000
3472524|1|1|1|723.13759609|34725241|2||2||1|1|2|2|1|2|1|2|2||1||2600000
3472525|1|1|1|343.62967201|34725251|2||2||2|2|2|1|2|2|2|1|2||3||3000000
3472526|1|1|1|649.33832053|34725261|2||2||1|1|2|1|2|2|2|2|2||3||4000000
3472527|1|1|1|589.2003812|34725271|2||2||1|1|2|2|2|2|2|2|2||1||1800000
3472528|1|1|1|546.33049198|34725281|2||2||1|1|2|2|2|2|2|2|2||1||2600000
3472529|1|1|1|576.34583603|34725291|2||2||1|1|2|2|2|2|2|2|2||1||3000000
3472530|1|1|1|479.596171|34725301|2||2||1|1|2|2|2|2|2|2|2||1||3900000
3472531|1|1|1|420.57792641|34725311|2||2||1|1|2|2|2|2|2|2|2||1||1500000
3472532|1|1|1|539.41154365|34725321|2||2||1|1|2|2|2|2|2|2|2||1||1000000
3472533|1|1|1|310.74149578|34725331|2||2||1|1|2|2|2|2|2|2|1||1||99
3472534|1|1|1|428.74698427|34725341|2||2||1|1|2|2|2|2|2|2|2||1||2800000
3472535|1|1|1|531.08970819|34725351|2||2||1|1|2|2|2|2|2|2|2||1||5500000
3472536|1|1|1|683.53415397|34725361|2||2||1|1|1|2|2|2|2|2|2||1||5000000
3472537|1|1|1|400.68305281|34725371|2||2||1|1|2|1|2|2|2|2|2||1||9300000
3472538|1|1|1|397.22542693|34725381|2||2||2|1|2|1|2|2|2|2|2||3||6000000
3472539|1|1|1|608.71782178|34725391|2||2||1|1|2|2|2|2|2|2|2||1||6000000
3472540|1|1|1|126.62799522|34725401|2||2||1|1|2|2|2|2|2|2|2||1||1300000
3472541|1|1|1|196.55944758|34725411|2||2||1|1|2|2|2|2|2|2|2||1||1400000
3472542|1|1|1|223.24836054|34725421|2||2||1|1|2|2|2|2|2|2|2||1||1400000
3472543|1|1|1|193.47439644|34725431|2||2||1|1|2|2|2|2|2|2|2||1||800000
3472544|1|1|1|273.7891462|34725441|2||2||1|1|2|2|2|2|2|2|2||1||1300000
3472545|1|1|1|255.85044063|34725451|2||2||1|2|2|2|2|2|2|2|1||8||750000
3472546|1|1|1|267.54600545|34725461|2||2||1|1|2|2|2|2|2|2|2||1||1600000
3472547|1|1|1|148.66607309|34725471|2||2||1|1|2|2|2|2|2|2|2||1||500000
3472548|1|1|1|200.70132952|34725481|2||2||1|1|2|2|2|2|2|2|2||1||3000000
3472549|1|1|1|245.65654875|34725491|2||2||1|1|2|2|2|2|2|2|2||1||6000000
3472550|1|1|1|133.10112383|34725501|2||2||1|1|2|2|2|2|2|2|2||1||4000000
3472551|1|1|1|233.29709114|34725511|2||2||1|1|2|2|2|2|2|2|2||1||2000000
3472552|1|1|1|118.93285847|34725521|2||2||1|2|2|1|2|2|2|2|2||3||6000000
3472553|1|1|1|165.85808072|34725531|2||2||1|1|2|2|2|2|1|2|2||1||1600000
3472554|1|1|1|446.38337694|34725541|2||2||1|2|2|1|2|2|2|2|2||3||5000000
3472555|1|1|1|457.90669934|34725551|2||2||1|1|2|2|2|2|2|2|2||1||1300000
3472556|1|1|1|342.67770114|34725561|2||2||1|1|2|2|2|2|2|2|2||1||3000000
3472557|1|1|1|405.30409047|34725571|2||2||1|1|2|2|2|2|2|2|2||1||4000000
3472558|1|1|1|338.11239149|34725581|2||2||1|1|2|2|2|2|2|2|2||1||2700000
3472559|1|1|1|439.55521264|34725591|2||2||1|2|2|2|2|2|2|2|1||8||1200000
3472560|1|1|1|325.10734718|34725601|2||2||1|1|2|2|2|2|2|2|2||1||1600000
3472561|1|1|1|412.77050549|34725611|2||2||1|1|2|2|2|2|2|2|2||1||2800000
3472562|1|1|1|397.74760515|34725621|2||2||1|1|2|2|2|2|2|2|2||1||1000000
3472563|1|1|1|982.93498131|34725631|2||2||1|1|2|2|2|2|2|2|2||1||2300000
3472564|1|1|1|610.00219051|34725641|2||2||1|1|2|2|2|2|2|2|2||1||3000000
3472565|1|1|1|288.01558773|34725651|2||2||1|1|2|2|2|2|2|2|2||1||950000
3472566|1|1|1|350.50240547|34725661|2||2||1|1|2|2|2|2|2|2|2||1||1600000
3472567|1|1|1|611.34140488|34725671|2||2||1|1|2|2|2|2|2|2|2||1||1300000
3472568|1|1|1|174.95450432|34725681|2||2||1|1|2|2|2|2|2|2|2||1||1300000
3472569|1|1|1|472.25622937|34725691|2||2||1|2|2|1|2|2|2|2|2||3||1300000
3472570|1|1|1|611.34140488|34725701|2||2||1|1|2|2|2|2|2|2|2||1||1600000
3472571|1|1|1|328.03969561|34725711|2||2||1|1|2|2|2|2|2|2|2||1||1000000
3472572|1|1|1|312.3315373|34725721|2||2||1|1|2|2|2|2|2|2|2||1||1300000
3472573|1|1|1|419.03754423|34725731|2||2||1|1|2|1|2|2|2|2|2||1||2000000
3472574|1|1|1|448.19404336|34725741|2||2||1|1|2|2|2|2|2|2|2||1||1800000
3472575|1|1|1|841.16283448|34725751|2||2||1|1|2|2|2|2|2|2|2||1||2600000
3472576|1|1|1|1670.1335873|34725761|2||2||1|1|2|2|2|2|2|2|2||1||3000000
3472577|1|1|1|1675.395544|34725771|2||2||1|2|2|1|2|2|2|1|1||3||98
3472578|1|1|1|2688.314521|34725781|2||2||1|1|2|2|2|2|2|1|1||1||98
3472579|1|1|1|2015.0257455|34725791|2||2||1|1|2|2|2|2|2|2|2||1||98
3472580|1|1|1|1560.210763|34725801|2||2||1|1|2|2|2|2|2|2|2||1||2600000
3472581|1|1|1|2837.9914978|34725811|2||1|4|1|2|1|2|2|2|2|2|2||2||1000000
3472582|1|1|1|2175.7366199|34725821|2||2||1|1|2|2|2|2|2|2|2||1||400000
3472583|1|1|1|925.0835999|34725831|2||2||1|1|2|1|2|2|2|2|2||1||6000000
3472584|1|1|1|1927.4879891|34725841|1|1|2||1|1|2|2|2|2|2|2|2||1||1500000
3472586|1|1|1|2271.360304|34725861|2||2||1|1|2|2|2|2|2|2|2||1||1300000
3472587|1|1|1|4916.785548|34725871|2||2||1|1|2|1|2|2|2|2|2||1||98
3472588|1|1|1|3263.6049298|34725881|2||2||1|1|2|2|2|2|2|2|1||1||750000
3472589|1|1|1|1943.8358599|34725891|2||2||1|1|2|2|2|2|2|2|2||1||1500000
3472590|1|1|1|2523.7336711|34725901|2||2||1|1|2|2|2|2|2|2|2||1||500000
3472591|1|1|1|2035.2431388|34725911|2||2||1|1|1|2|2|2|2|2|2||1||1600000
3472592|1|1|1|713.63591992|34725921|1|1|2||1|1|2|1|2|2|2|2|2||1||99
3472593|1|1|1|1302.6429062|34725931|2||2||1|1|2|2|2|2|2|2|2||1||1400000
3472594|1|1|1|3552.3210236|34725941|2||2||1|1|2|2|2|2|2|2|2||1||1500000
3472595|1|1|1|1226.5479961|34725951|2||2||1|1|2|2|2|2|2|2|2||1||2200000
3472596|1|1|1|81.315731617|34725961|2||2||1|1|2|2|2|2|2|2|2||1||5000000
3472597|1|1|1|66.665900036|34725971|1|1|2||1|1|2|2|2|2|2|2|2||1||15000000
3472598|1|1|1|60.687901276|34725981|2||2||1|2|2|1|2|2|2|2|2||3||2500000
3472599|1|1|1|43.822072551|34725991|2||2||1|1|2|2|2|2|2|2|2||1||1300000
3472600|1|1|1|58.208898052|34726001|2||2||1|1|2|2|2|2|2|2|2||1||2600000
3472601|1|1|1|37.071794897|34726011|2||2||1|1|2|2|2|2|2|2|2||1||1340000
3472602|1|1|1|32.866554413|34726021|2||2||1|1|2|2|2|2|2|2|2||1||1300000
3472603|1|1|1|56.490354129|34726031|2||2||1|2|2|1|2|2|2|2|2||3||1300000
3472604|1|1|1|63.786337719|34726041|2||2||1|1|1|2|2|2|2|2|1||8||1800000
3472605|1|1|1|65.976106749|34726051|2||2||1|1|2|2|2|2|2|2|2||1||2700000
3472606|1|1|1|55.963293043|34726061|2||2||1|1|2|2|2|2|2|2|2||1||2600000
3472607|1|1|1|66.524454916|34726071|2||2||1|1|2|2|2|2|2|2|2||1||2100000
3472608|1|1|1|1542.9297326|34726081|2||2||1|1|2|2|2|2|2|2|1||1||1400000
3472609|1|1|1|1148.5930859|34726091|2||2||2|1|2|2|2|2|2|2|2||1||3000000
3472611|1|1|1|1461.6336839|34726111|2||2||1|1|2|2|2|2|2|2|2||1||2600000
3472618|1|1|1|881.34065281|34726181|2||2||1|1|2|2|2|2|2|2|2||1||1600000
3472619|1|1|1|1252.5822702|34726191|2||2||2|1|2|2|2|2|2|2|2||1||1300000
3472622|1|1|1|1033.7337774|34726221|2||2||1|1|2|2|2|2|2|2|2||1||98
3472625|1|1|1|1296.18|34726251|2||2||1|2|2|1|2|2|2|2|1||3||3000000
3472641|1|1|1|7297.356699|34726411|2||2||1|1|2|2|2|2|2|2|2||1||4500000
3472642|1|1|1|6905.1294346|34726421|2||2||1|1|2|2|2|2|2|1|2||1||6000000
3472643|1|1|1|11842.672931|34726431|2||2||1|1|2|1|2|2|2|2|2||1||2000000
3472645|1|1|1|7134.8200296|34726451|2||2||1|1|2|2|2|2|2|2|2||1||1500000
3472646|1|1|1|11071.27246|34726461|2||2||1|1|2|2|2|2|2|2|2||1||1000000
3472647|1|1|1|4595.3041405|34726471|2||2||1|2|2|1|2|2|2|2|2||3||1300000
3472650|1|1|1|413.90622855|34726501|2||2||1|2|2|2|1|2|2|2|2||4||98
3472651|1|1|1|397.02038147|34726511|2||2||1|1|2|2|2|2|2|2|2||1||900000
3472652|1|1|1|291.67440915|34726521|2||2||1|1|2|2|2|2|2|2|2||1||98
3472653|1|1|1|380.39401288|34726531|2||2||1|1|2|2|1|2|2|2|2||1||1500000
3472654|1|1|1|399.40537367|34726541|2||2||1|1|2|2|2|2|2|2|2||1||98
3472655|1|1|1|455.74268806|34726551|2||2||1|1|2|2|2|2|2|2|2||1||900000
3472656|1|1|1|444.66559852|34726561|2||2||1|1|2|2|2|2|2|2|2||1||1600000
3472657|1|1|1|495.1943712|34726571|2||2||1|1|2|2|2|2|2|2|2||1||600000
3472658|1|1|1|374.08669191|34726581|2||2||1|1|2|2|2|2|2|2|2||1||1300000
3472659|1|1|1|750.39657089|34726591|2||2||1|1|2|2|2|2|2|2|2||1||98
3472660|1|1|1|636.05195674|34726601|2||2||1|1|1|2|2|2|2|2|2||1||1500000
3472661|1|1|1|670.18690587|34726611|2||2||1|1|2|2|2|2|2|2|2||1||800000
3472662|1|1|1|523.57964069|34726621|2||2||1|1|2|2|2|2|2|2|2||1||1200000
3472663|1|1|1|621.29084664|34726631|2||2||1|1|2|2|2|2|2|2|2||1||98
3472664|1|1|1|512.42818552|34726641|2||2||1|1|2|2|2|2|2|2|1||8||600000
3472665|1|1|1|521.06802519|34726651|2||2||1|1|2|2|2|2|2|2|2||1||98
3472666|1|1|1|712.32143907|34726661|2||2||1|1|1|2|2|2|2|2|2||1||800000
3472667|1|1|1|523.57964069|34726671|2||2||1|1|2|2|2|2|2|2|2||1||2000000
3472668|1|1|1|545.91735747|34726681|2||2||1|1|2|2|2|2|2|2|2||1||98
3472669|1|1|1|607.00859442|34726691|2||2||1|1|2|2|2|2|2|2|2||1||600000
3472671|1|1|1|567.33168472|34726711|2||2||1|1|2|2|2|2|2|2|2||1||1300000
3472672|1|1|1|604.0628493|34726721|2||2||1|1|2|2|2|2|2|2|2||1||1600000
3472673|1|1|1|683.07774136|34726731|2||2||1|1|2|2|2|2|2|2|2||1||98
3472674|1|1|1|777.61495535|34726741|2||2||1|1|2|2|2|2|2|2|2||1||1200000
3472675|1|1|1|854.76452712|34726751|2||2||1|1|1|2|1|2|2|2|2||1||900000
3472676|1|1|1|865.48758073|34726761|2||2||1|1|2|2|2|2|2|2|2||1||1600000
3472677|1|1|1|502.71885168|34726771|2||2||1|1|2|2|2|2|2|2|2||1||98
3472678|1|1|1|843.79674601|34726781|2||2||1|1|2|2|2|2|2|2|2||1||800000
3472679|1|1|1|620.21830715|34726791|2||2||1|1|2|2|2|2|2|2|2||1||1600000
3472696|1|1|1|755.00994056|34726961|2||2||1|1|2|2|2|2|2|2|2||1||4500000
3472697|1|1|1|649.06567028|34726971|2||2||1|1|2|2|2|2|2|2|2||1||2500000
3472718|1|1|1|417.12890216|34727181|2||2||1|1|2|2|2|2|2|2|2||1||1500000
3472719|1|1|1|347.33985941|34727191|2||2||1|1|2|2|2|2|2|2|2||1||2920000
3472720|1|1|1|251.73708694|34727201|2||2||1|1|2|2|2|2|2|2|2||1||4000000
3472721|1|1|1|279.59438738|34727211|2||2||1|1|2|2|2|2|2|2|1||1||800000
3472730|1|1|1|177.44620316|34727301|2||2||1|1|2|2|2|2|2|2|2||1||3500000
3472731|1|1|1|146.46957278|34727311|2||1|3|1|2|2|2|2|2|2|2|1||8||700000
3472732|1|1|1|171.45081487|34727321|2||1|3|1|1|2|2|2|2|1|2|1||8||1300000
3472733|1|1|1|202.52635119|34727331|2||2||1|1|2|2|2|2|2|2|2||1||2500000
3472740|1|1|1|202.52635119|34727401|2||2||1|1|2|2|2|2|2|2|2||1||2000000
3472748|1|1|1|144.72287424|34727481|2||2||1|1|2|2|2|2|2|2|2||1||1600000
3472751|1|1|1|156.68295952|34727511|2||2||1|1|2|2|2|2|1|2|2||1||1700000
3472752|1|1|1|93.610378065|34727521|2||1|1|1|1|2|2|2|2|2|2|2||1||1500000
3472753|1|1|1|236.12320223|34727531|2||2||1|1|2|2|2|2|1|2|2||1||1800000
3472754|1|1|1|198.95031074|34727541|2||2||1|1|2|2|2|2|2|2|2||1||3000000
3472755|1|1|1|309.59578527|34727551|2||2||1|1|2|2|2|2|2|2|1||1||1000000
3472756|1|1|1|257.18116318|34727561|2||2||1|1|2|2|2|2|2|2|2||1||1500000
3472757|1|1|1|226.07989857|34727571|2||2||1|1|2|1|2|2|2|2|2||1||5000000
3472759|1|1|1|544.04858727|34727591|2||2||1|1|2|2|2|2|2|2|2||1||1300000
3472762|1|1|1|431.38160298|34727621|2||2||2|1|2|2|2|2|2|2|2||1||1400000
3472763|1|1|1|152.53038081|34727631|2||2||1|1|2|2|2|2|2|2|2||1||900000
3472765|1|1|1|146.20803804|34727651|2||2||1|2|2|1|2|2|2|2|2||3||1300000
3472767|1|1|1|376.35442217|34727671|2||2||1|1|2|2|2|2|2|2|1||1||1300000
3472774|1|1|1|361.21750506|34727741|1|1|2||1|1|2|1|2|2|2|1|2||3||10000000
3472775|1|1|1|137.60238141|34727751|2||2||2|2|2|2|2|2|2|1|2||7||99
3472778|1|1|1|444.30829577|34727781|2||2||1|1|2|2|2|2|2|2|2||1||1300000
3472781|1|1|1|287.61179601|34727811|2||2||1|1|2|2|2|2|2|2|2||1||1420000
3472788|1|1|1|450.07097198|34727881|2||2||1|1|2|2|2|2|2|2|2||1||3500000
3472790|1|1|1|268.90547484|34727901|2||2||1|1|2|2|2|2|2|2|2||1||4000000
3472791|1|1|1|209.49126951|34727911|2||2||1|2|2|1|2|2|2|1|2||3||3500000
3472793|1|1|1|209.82351271|34727931|2||2||1|1|2|2|2|2|2|2|2||1||12000000
3472794|1|1|1|291.94177884|34727941|2||2||1|1|2|1|2|2|2|2|2||3||8000000
3472795|1|1|1|294.60397729|34727951|2||2||1|1|2|2|2|2|2|1|2||1||13000000
3472796|1|1|1|196.85628411|34727961|2||2||1|1|2|2|2|2|2|2|2||1||3000000
3472797|1|1|1|397.42439621|34727971|2||2||1|1|1|2|2|2|2|2|2||1||1800000
3472798|1|1|1|251.2875284|34727981|2||2||1|1|2|2|2|2|2|2|2||1||1600000
3472800|1|1|1|355.70944347|34728001|2||2||1|1|2|2|2|2|2|1|2||1||1000000
3472800|1|2|2|355.70944347|34728002|2||2||1|1|2|2|2|2|2|2|2||1||800000
3472801|1|1|1|138.439614|34728011|2||2||1|1|1|2|2|2|2|2|2||1||2000000
3472802|1|1|1|277.68073292|34728021|2||2||1|1|2|2|2|2|2|2|2||1||6000000
3472803|1|1|1|238.01861492|34728031|2||2||1|1|2|2|2|2|2|2|2||1||98
3472804|1|1|1|319.30005541|34728041|2||2||1|1|2|2|2|2|2|2|2||1||4000000
3472805|1|1|1|379.76713851|34728051|2||2||2|1|2|2|2|2|2|2|2||1||8000000
3472806|1|1|1|144.64937809|34728061|2||2||1|1|2|2|2|2|2|2|2||1||98
3472807|1|1|1|103.00590209|34728071|2||2||1|1|2|2|2|2|2|2|2||1||1650000
3472808|1|1|1|79.84656357|34728081|2||2||1|1|2|2|2|2|2|2|2||1||1300000
3472809|1|1|1|48.773039775|34728091|2||2||1|1|2|2|2|2|2|2|2||1||800000
3472810|1|1|1|54.010816301|34728101|2||2||1|1|1|2|2|2|2|2|2||1||300000
3472811|1|1|1|84.332231186|34728111|2||2||1|1|2|2|2|2|2|2|2||1||950000
3472812|1|1|1|80.434487522|34728121|2||2||1|1|2|2|2|2|2|2|2||1||3000000
3472813|1|1|1|64.149178212|34728131|2||2||1|1|2|2|2|2|2|2|2||1||1300000
3472814|1|1|1|75.039649034|34728141|2||2||1|1|2|2|2|2|2|2|2||1||700000
3472815|1|1|1|62.710301273|34728151|2||2||1|1|2|2|2|2|2|2|1||1||450000
3472816|1|1|1|59.921295747|34728161|2||2||1|1|2|2|2|2|2|2|1||8||500000
3472817|1|1|1|282.23804244|34728171|2||2||1|1|2|2|2|2|2|2|1||1||1000000
3472818|1|1|1|375.97202445|34728181|2||2||1|1|2|2|1|2|2|2|2||1||2000000
3472819|1|1|1|243.60898701|34728191|2||2||1|1|2|2|2|2|2|2|2||1||1600000
3472820|1|1|1|243.60898701|34728201|2||2||1|1|2|2|2|2|2|2|2||1||1800000
3472821|1|1|1|243.60898701|34728211|2||2||1|1|2|2|2|2|2|2|2||1||3000000
3472822|1|1|1|191.90554394|34728221|2||2||1|1|2|2|2|2|2|2|2||1||6000000
3472823|1|1|1|240.77481806|34728231|2||2||1|1|2|2|2|2|2|2|2||1||3000000
3472824|1|1|1|221.43822128|34728241|2||2||1|2|2|1|2|2|2|2|2||3||2600000
3472825|1|1|1|151.57892525|34728251|2||2||1|1|2|2|2|2|2|2|2||1||1000000
3472826|1|1|1|266.06268067|34728261|2||2||1|1|2|2|2|2|2|2|2||1||2000000
3472827|1|1|1|163.14694241|34728271|2||2||1|1|2|2|2|2|2|2|2||1||1200000
3472828|1|1|1|492.38704686|34728281|2||2||1|1|2|2|1|2|2|2|2||1||2100000
3472829|1|1|1|419.27331447|34728291|2||2||1|1|2|2|2|2|2|2|2||1||900000
3472835|1|1|1|314.00772184|34728351|2||2||1|1|2|2|2|1|2|2|1||8||900000
3472836|1|1|1|317.15439929|34728361|2||2||1|1|2|2|2|2|2|2|2||1||500000
3472837|1|1|1|480.17263401|34728371|2||2||1|1|2|2|2|2|2|2|2||1||1800000
3472838|1|1|1|230.17303697|34728381|2||2||1|1|2|2|2|2|2|2|2||1||800000
3472839|1|1|1|281.98505364|34728391|2||2||1|2|2|2|2|2|2|2|1||8||700000
3472840|1|1|1|258.03239495|34728401|2||2||1|1|2|1|2|2|2|2|2||1||3000000
3472841|1|1|1|264.65349543|34728411|2||2||1|1|2|1|2|2|2|2|2||1||3500000
3472842|1|1|1|163.62564607|34728421|2||2||2|1|2|2|2|2|2|2|2||1||1500000
3472843|1|1|1|181.5492325|34728431|2||2||1|1|2|2|2|2|2|2|2||1||99
3472844|1|1|1|187.35707268|34728441|2||2||1|2|2|2|2|2|2|2|1||8||1000000
3472845|1|1|1|322.17758282|34728451|2||2||1|1|2|2|2|2|2|2|1||1||1700000
3472846|1|1|1|385.92234692|34728461|2||2||1|1|2|2|2|2|2|1|1||1||3000000
3472847|1|1|1|340.03562655|34728471|2||2||1|1|2|2|2|2|2|2|2||1||1300000
3472848|1|1|1|322.17758282|34728481|2||2||1|1|2|2|2|2|2|2|2||1||800000
3472849|1|1|1|226.79509996|34728491|2||1|1|1|1|2|2|2|2|2|2|1||1||900000
3472850|1|1|1|220.48555808|34728501|2||2||1|2|2|1|2|2|2|2|2||3||1300000
3472851|1|1|1|301.56205581|34728511|1|1|2||1|1|2|1|2|2|2|2|2||1||4000000
3472852|1|1|1|259.47491338|34728521|2||2||1|1|2|2|2|2|2|2|2||1||1300000
3472853|1|1|1|252.25620436|34728531|2||2||1|1|2|2|2|2|2|2|2||1||900000
3472854|1|1|1|184.55044203|34728541|2||2||1|1|2|1|2|2|2|2|2||1||4600000
3472855|1|1|1|353.0453848|34728551|2||2||1|1|2|2|2|2|2|2|2||1||600000
3472856|1|1|1|353.0453848|34728561|2||2||1|1|2|2|2|2|2|2|2||1||800000
3472874|1|1|1|509.11746032|34728741|2||2||1|1|2|2|2|2|2|2|2||1||600000
3472902|1|1|1|192.81530862|34729021|2||2||1|1|2|2|2|2|2|2|2||1||1300000
3472903|1|1|1|214.28973909|34729031|2||2||1|2|2|1|2|2|2|2|2||3||1300000
3472904|1|1|1|130.58337334|34729041|2||2||1|1|2|2|2|2|2|2|2||1||3000000
3472905|1|1|1|181.00406825|34729051|2||2||1|1|2|2|2|2|2|2|2||1||2000000
3472906|1|1|1|219.46016679|34729061|2||2||1|1|2|2|2|2|2|2|2||1||3000000
3472908|1|1|1|256.21902154|34729081|2||2||1|1|2|2|2|2|2|2|2||1||1500000
3472910|1|1|1|160.89250511|34729101|2||2||1|2|2|1|2|2|2|2|2||3||1300000
3472911|1|1|1|144.59283981|34729111|2||2||1|1|2|2|2|2|2|2|2||1||2000000
3472912|1|1|1|183.7534006|34729121|2||2||1|1|2|2|2|2|2|2|2||1||2800000
3472915|1|1|1|187.450929|34729151|2||2||1|1|2|2|2|2|2|2|2||1||7000000
3472916|1|1|1|316.83216572|34729161|2||2||1|1|2|2|2|2|2|2|2||1||3000000
3472920|1|1|1|143.89761928|34729201|2||2||1|1|2|2|2|2|2|2|2||1||2600000
3472921|1|1|1|251.79861914|34729211|2||2||1|1|2|2|2|2|2|2|2||1||2600000
3472922|1|1|1|369.28080057|34729221|2||2||1|1|2|1|2|2|2|1|2||3||99
3472923|1|1|1|510.6494855|34729231|2||2||1|1|2|2|2|2|2|2|2||1||25000000
3472924|1|1|1|485.01769767|34729241|2||2||1|1|2|2|2|2|2|2|2||1||99
3472925|1|1|1|507.70619673|34729251|2||2||1|1|2|1|2|2|2|2|2||1||6500000
3472926|1|1|1|674.72601023|34729261|2||2||1|1|2|2|2|2|2|2|1||1||8000000
3472927|1|1|1|307.94262686|34729271|2||2||1|1|2|2|2|2|2|2|2||1||2600000
3472928|1|1|1|368.67486023|34729281|2||2||2|1|2|2|2|2|2|2|2||1||1300000
3472929|1|1|1|307.94393168|34729291|2||2||1|1|2|2|2|2|2|2|2||1||1300000
3472930|1|1|1|418.2629959|34729301|2||2||1|1|2|2|2|2|2|2|2||1||1000000
3472931|1|1|1|436.63666363|34729311|2||2||1|1|2|2|2|2|2|2|2||1||4500000
3472932|1|1|1|524.28034578|34729321|2||2||1|2|2|1|2|2|2|2|2||3||1300000
3472933|1|1|1|396.78845157|34729331|2||2||1|1|2|2|2|2|2|2|2||1||3500000
3472934|1|1|1|503.49850757|34729341|2||2||1|1|2|2|2|2|2|2|2||1||1300000
3472942|1|1|1|734.78720347|34729421|2||2||2|2|2|1|2|2|2|2|2||3||2000000
3472947|1|1|1|876.90653912|34729471|2||2||1|2|2|1|2|2|2|2|2||3||3000000
3472948|1|1|1|719.8341731|34729481|2||2||1|1|2|2|2|2|2|2|2||1||4000000
3472949|1|1|1|932.2776677|34729491|2||2||1|1|2|1|2|2|2|2|2||3||3900000
3472951|1|1|1|950.2918435|34729511|2||2||1|1|2|2|2|2|2|2|2||1||7000000
3472952|1|1|1|701.8199973|34729521|2||2||1|1|2|2|2|2|2|2|2||1||3000000
3472953|1|1|1|821.05298306|34729531|2||2||1|1|2|2|2|2|2|2|2||1||99
3472954|1|1|1|1084.5499718|34729541|2||2||1|1|2|1|2|2|2|2|2||1||7500000
3472955|1|1|1|945.49178153|34729551|2||2||1|1|2|2|2|2|2|2|2||1||2500000
3472956|1|1|1|927.47760573|34729561|2||2||1|1|2|2|2|2|2|2|2||1||6500000
3472957|1|1|1|747.44442444|34729571|2||2||1|1|2|2|2|2|2|2|2||1||6500000
3472958|1|1|1|1152.2760798|34729581|2||2||1|1|2|2|2|2|2|2|2||1||10400000
3472959|1|1|1|1155.3746554|34729591|2||2||1|1|2|2|2|2|2|2|2||1||4500000
3472966|1|1|1|1295.3863221|34729661|2||2||1|1|2|2|2|2|2|2|2||1||1300000
3472967|1|1|1|845.72253149|34729671|2||2||1|1|2|2|2|2|2|2|2||1||1800000
3472973|1|1|1|189.93743763|34729731|2||2||1|1|2|2|2|2|2|2|2||1||5000000
3472974|1|1|1|238.38460028|34729741|2||2||1|1|2|2|2|2|2|2|2||1||3500000
3472975|1|1|1|287.24763712|34729751|2||2||1|1|2|2|2|2|2|2|2||1||3000000
3472976|1|1|1|176.00044503|34729761|2||2||1|1|2|2|2|2|2|2|2||1||3000000
3472977|1|1|1|155.94143289|34729771|2||2||1|1|2|2|2|2|2|2|2||1||6000000
3472978|1|1|1|249.29288689|34729781|2||2||1|1|2|2|2|2|2|2|2||1||1400000
3472979|1|1|1|301.25983752|34729791|2||2||1|1|2|2|2|2|2|2|2||1||3000000
3472980|1|1|1|368.32017662|34729801|2||2||1|1|2|2|2|2|2|2|2||1||1300000
3472981|1|1|1|314.13226158|34729811|2||2||1|1|2|2|2|2|2|2|2||1||10000000
3472982|1|1|1|319.15520265|34729821|2||2||1|1|2|2|2|2|2|1|2||1||3500000
3472983|1|1|1|418.00075357|34729831|2||2||1|1|2|2|2|2|2|2|2||1||4000000
3472984|1|1|1|721.48372125|34729841|2||2||1|1|2|2|2|2|2|1|2||1||4500000
3472985|1|1|1|516.36403858|34729851|2||2||1|1|2|2|2|2|2|2|1||1||99
3472986|1|1|1|692.35010957|34729861|2||2||1|1|2|2|2|2|2|2|2||1||5000000
3472987|1|1|1|502.65848846|34729871|2||2||1|1|2|2|2|2|2|1|2||1||1300000
3472988|1|1|1|1418.3734209|34729881|2||2||1|1|2|2|2|2|2|2|2||1||98
3472989|1|1|1|4995.4514395|34729891|2||2||2|1|2|2|2|2|2|2|2||1||99
3472990|1|1|1|1248.8628599|34729901|2||2||1|1|2|2|2|2|2|2|2||1||1300000
3472991|1|1|1|901.9565099|34729911|2||2||1|1|2|2|2|2|2|2|2||1||2600000
3472992|1|1|1|1555.5376627|34729921|2||2||1|2|1|2|2|2|2|2|1||8||98
3472993|1|1|1|1254.5339352|34729931|2||2||1|1|2|2|2|2|2|2|2||1||1200000
3472994|1|1|1|2067.907525|34729941|2||2||1|1|2|2|2|2|2|2|2||1||1700000
3472995|1|1|1|957.4615259|34729951|2||2||1|1|2|2|2|2|2|2|2||1||3900000
3472996|1|1|1|3679.9680445|34729961|2||2||1|1|2|2|2|2|2|2|2||1||900000
3472997|1|1|1|1165.6053359|34729971|2||2||1|1|2|1|2|2|2|2|2||3||98
3472998|1|1|1|2407.992786|34729981|2||2||1|1|2|2|2|2|2|2|2||1||2000000
3472999|1|1|1|2119.9362837|34729991|2||2||1|2|2|1|2|2|2|2|2||3||4000000
3473000|1|1|1|1165.6053359|34730001|2||2||1|1|2|1|2|2|2|2|2||3||3600000
3473001|1|1|1|1387.6253998|34730011|2||2||1|1|2|2|2|2|2|2|2||1||1300000
3473002|1|1|1|2187.8975862|34730021|2||2||1|1|2|2|2|2|2|2|2||1||1300000
3473006|1|1|1|63.629475793|34730061|2||2||1|1|2|2|2|2|2|2|2||1||4000000
3473009|1|1|1|54.313584528|34730091|1|1|2||1|1|2|2|2|2|2|2|2||1||20000000
3473015|1|1|1|47.234899293|34730151|2||2||1|1|2|2|2|2|2|2|2||1||2500000
3473021|1|1|1|50.08236863|34730211|2||2||1|1|2|2|2|2|2|2|2||1||1300000
3473024|1|1|1|61.945301442|34730241|2||2||1|1|2|2|2|2|2|2|2||1||4500000
3473033|1|1|1|1038.397696|34730331|2||2||1|1|2|2|2|2|2|2|2||1||2600000
3473038|1|1|1|14657.243655|34730381|2||2||1|1|2|2|2|2|2|2|2||1||1600000
3473039|1|1|1|4803.106824|34730391|2||2||1|2|2|1|2|2|2|2|2||3||1170000
3473044|1|1|1|6273.7210606|34730441|2||2||1|1|2|2|2|2|2|2|2||1||1600000
3473047|1|1|1|7119.2706128|34730471|2||2||1|1|2|2|2|2|2|2|2||1||1300000
3473050|1|1|1|11756.330848|34730501|2||2||1|1|2|2|2|2|2|2|2||1||1300000
3473051|1|1|1|7754.7792817|34730511|2||2||1|1|2|2|2|2|2|2|2||1||1300000
3473052|1|1|1|11756.330848|34730521|2||2||1|1|2|2|2|2|2|2|2||1||2600000
3473053|1|1|1|7525.3990959|34730531|2||2||1|1|2|2|2|2|2|2|2||1||1300000
3473054|1|1|1|6395.6923768|34730541|2||2||1|1|2|1|2|2|2|2|2||3||1700000
3473055|1|1|1|2983.6142683|34730551|2||2||1|1|2|2|2|2|2|2|2||1||3000000
3473056|1|1|1|12424.328154|34730561|1|1|2||1|1|2|2|2|2|2|1|2||1||5000000
3473059|1|1|1|10715.969252|34730591|2||2||1|1|2|2|2|2|2|2|2||1||15000000
3473064|1|1|1|7917.6372743|34730641|2||2||1|1|2|2|2|2|2|2|2||1||99
3473066|1|1|1|7444.8155772|34730661|2||2||1|2|2|2|2|2|2|1|2||7||2500000
3473067|1|1|1|4417.5303793|34730671|2||2||1|1|2|2|1|2|2|1|1||1||20000000
3473068|1|1|1|5433.2628473|34730681|1|1|2||1|1|2|2|2|2|2|2|2||1||98
3473069|1|1|1|9299.3501535|34730691|1|1|2||1|1|2|1|2|2|2|2|2||1||98
3473070|1|1|1|7909.1049721|34730701|2||2||1|2|2|1|2|2|2|2|2||3||7000000
3473071|1|1|1|5433.2628473|34730711|2||2||1|2|2|1|2|2|2|2|2||3||98
3473072|1|1|1|6823.5080287|34730721|2||2||1|2|2|1|2|2|2|2|2||3||8000000
3473073|1|1|1|6823.5080287|34730731|2||2||1|2|2|1|2|2|2|2|2||3||11000000
3473074|1|1|1|7444.8155772|34730741|2||2||1|2|2|1|2|2|2|2|2||3||4000000
3473075|1|1|1|9299.3501535|34730751|2||2||1|1|2|1|2|2|2|2|2||1||25000000
3473079|1|1|1|3944.5583767|34730791|2||2||1|1|2|2|2|2|2|2|2||1||8000000
3473096|1|1|1|249.25032001|34730961|2||2||1|2|2|1|2|2|2|2|2||3||7000000
3473097|1|1|1|283.32949153|34730971|2||2||1|1|2|1|2|2|2|2|2||1||15000000
3473134|1|1|1|206.07710418|34731341|2||2||1|1|2|2|2|2|2|2|2||1||1400000
3473135|1|1|1|212.49617671|34731351|2||2||1|2|2|2|2|2|2|2|1||8||400000
3473141|1|1|1|77.251412999|34731411|2||2||1|1|2|2|2|2|2|2|2||1||98
3473142|1|1|1|59.167703544|34731421|2||2||1|1|2|2|2|2|2|2|2||1||1500000
3473143|1|1|1|69.859792497|34731431|2||2||1|1|2|2|2|2|2|2|2||1||1400000
3473144|1|1|1|72.045887133|34731441|2||2||1|1|2|2|2|2|2|2|2||1||1300000
3473145|1|1|1|89.481524196|34731451|2||2||1|1|2|2|2|2|2|2|2||1||1000000
3473146|1|1|1|89.481524196|34731461|2||1|4|1|1|2|2|2|2|2|2|1||8||700000
3473150|1|1|1|105.01373033|34731501|2||2||1|1|2|2|2|2|2|2|2||1||1200000
3473192|1|1|1|99.358279623|34731921|2||2||1|1|2|2|2|2|2|2|2||1||2300000
3473193|1|1|1|104.91991611|34731931|2||2||1|1|2|2|2|2|2|2|2||1||1300000
3473196|1|1|1|64.546019229|34731961|2||2||1|1|2|1|2|2|2|2|2||3||2500000
3473197|1|1|1|110.34543389|34731971|2||2||1|1|2|2|2|2|2|2|2||1||1300000
3473201|1|1|1|108.94826247|34732011|2||2||1|1|2|2|2|2|2|2|2||1||1300000
3473202|1|1|1|124.28075201|34732021|2||2||2|1|2|2|2|2|2|2|2||1||2500000
3473203|1|1|1|49.485281409|34732031|2||2||1|2|2|1|2|2|2|2|2||3||98
3473208|1|1|1|115.67380914|34732081|2||2||1|1|2|2|2|2|2|2|2||1||1500000
3473209|1|1|1|139.07608467|34732091|2||2||1|1|2|2|2|2|2|2|2||1||4200000
3473211|1|1|1|50.2024594|34732111|2||2||2|1|2|2|2|2|2|2|2||1||3800000
3473220|1|1|1|122.71073958|34732201|2||2||1|1|2|2|2|2|2|2|2||1||800000
3473221|1|1|1|109.12925283|34732211|2||2||1|1|2|2|2|2|2|2|2||1||2000000
3473222|1|1|1|111.29366024|34732221|2||2||2|1|2|2|2|2|2|2|2||1||3900000
3473229|1|1|1|184.10964266|34732291|2||2||1|1|2|2|2|2|2|2|2||1||3500000
3473255|1|1|1|201.9604601|34732551|2||2||1|1|2|2|2|2|2|2|2||1||400000
3473256|1|1|1|303.73010552|34732561|2||2||2|1|2|2|2|2|2|2|2||1||2000000
3473263|1|1|1|302.55346066|34732631|2||1|1|1|1|2|2|2|2|2|2|1||8||1200000
3473266|1|1|1|315.74432485|34732661|2||2||1|1|2|2|2|2|2|2|2||1||1000000
3473267|1|1|1|306.79808639|34732671|2||2||2|1|2|2|2|2|2|2|2||1||1300000
3473268|1|1|1|348.54255428|34732681|2||2||1|1|2|2|2|2|1|2|2||1||1800000
3473270|1|1|1|398.31791524|34732701|2||2||1|1|2|2|2|2|2|2|2||1||3000000
3473278|1|1|1|382.66541876|34732781|2||2||1|1|2|1|2|2|2|2|2||1||4500000
3473279|1|1|1|290.28176084|34732791|2||2||1|1|2|2|2|2|2|2|2||1||1900000
3473280|1|1|1|259.60017815|34732801|2||2||1|1|2|2|2|2|2|2|2||1||1500000
3473289|1|1|1|381.89792347|34732891|2||2||1|1|2|2|2|2|2|2|2||1||1800000
3473290|1|1|1|423.10186417|34732901|2||2||1|1|2|2|2|2|2|2|2||1||3000000
3473291|1|1|1|345.03343615|34732911|2||2||1|1|2|2|2|2|2|2|2||1||2500000
3473292|1|1|1|343.04472752|34732921|2||2||1|2|2|1|2|2|2|2|2||3||1300000
3473296|1|1|1|569.67522237|34732961|2||1|4|1|2|2|2|2|2|2|2|1||8||1100000
3473297|1|1|1|510.6494855|34732971|2||2||1|1|2|2|2|2|2|2|2||1||12000000
3473298|1|1|1|485.01769767|34732981|2||1|1|1|2|2|2|2|2|2|2|1||8||3000000
3473299|1|1|1|581.34437612|34732991|2||2||1|1|2|2|2|1|2|2|2||1||99
3473301|1|1|1|667.17407541|34733011|2||2||1|1|2|2|2|2|2|2|2||1||2000000
3473302|1|1|1|491.57199088|34733021|2||2||1|1|2|2|2|2|2|2|2||1||1500000
3473304|1|1|1|520.53620126|34733041|2||2||1|1|2|2|2|2|2|1|2||1||1500000
3473305|1|1|1|713.49770868|34733051|2||2||1|1|1|2|1|2|2|2|2||1||1100000
3473310|1|1|1|994.53136153|34733101|2||2||1|1|2|2|2|2|2|2|2||1||1000000
3473313|1|1|1|608.71782178|34733131|2||2||1|1|2|2|2|2|2|2|2||1||99
3473340|1|1|1|368.87131532|34733401|2||2||1|1|2|2|2|2|2|2|2||1||99
3473373|1|1|1|1458.5983908|34733731|2||2||1|1|2|2|2|2|2|2|2||1||2600000
3473374|1|1|1|2175.7366199|34733741|2||2||1|2|2|1|2|2|2|2|1||3||99
3473379|1|1|1|4197.823712|34733791|2||2||1|1|2|2|2|2|2|2|1||1||1200000
3473380|1|1|1|4843.9630593|34733801|2||2||1|1|2|2|2|2|2|2|2||1||3500000
3473404|1|1|1|3530.1379131|34734041|2||2||1|1|2|2|2|2|2|2|2||1||2500000
3473409|1|1|1|4539.8339707|34734091|2||2||1|2|2|1|2|2|2|2|2||3||1300000
3473411|1|1|1|7872.3923274|34734111|2||2||1|1|2|1|2|2|2|2|2||1||3000000
3473412|1|1|1|10159.767709|34734121|2||2||1|1|2|2|2|2|2|2|1||1||2000000
3473413|1|1|1|87.04685993|34734131|2||2||1|1|1|2|1|2|2|2|2||1||2000000
3473415|1|1|1|91.092011914|34734151|2||1|2|1|1|2|2|2|2|2|2|2||1||2500000
3473416|1|1|1|3107.7958532|34734161|2||2||1|1|2|2|2|2|2|2|2||1||1800000
3473417|1|1|1|4803.3894546|34734171|2||2||1|1|1|2|2|2|2|2|2||1||2600000
3473418|1|1|1|3181.2571535|34734181|2||1|1|1|1|2|2|2|2|2|2|2||1||1300000
3473419|1|1|1|3109.6862776|34734191|2||2||1|1|2|2|2|2|2|2|2||1||1300000
3473420|1|1|1|4032.9681885|34734201|2||2||1|1|2|2|2|2|2|2|2||1||3000000
3473421|1|1|1|3046.176961|34734211|2||2||1|1|2|2|2|2|2|2|2||1||1300000
3473422|1|1|1|2415.7584328|34734221|2||2||1|1|2|2|2|2|2|2|2||1||1000000
3473423|1|1|1|4153.4138641|34734231|2||2||1|1|2|2|2|2|2|2|2||1||2000000
3473424|1|1|1|3438.7048525|34734241|2||2||2|1|2|2|2|2|2|2|2||1||1300000
3473425|1|1|1|4023.7602481|34734251|2||2||1|1|2|2|2|2|2|2|2||1||8000000
3473426|1|1|1|2984.564354|34734261|2||2||1|1|2|2|2|2|2|2|2||1||2600000
3473427|1|1|1|4507.4129961|34734271|2||2||1|1|2|2|2|2|2|2|2||1||1300000
3473428|1|1|1|3376.703584|34734281|2||2||1|1|2|1|2|2|2|2|2||1||2500000
3473430|1|1|1|4717.4985524|34734301|2||2||1|1|2|2|2|2|2|2|2||1||3000000
3473431|1|1|1|4347.2885802|34734311|2||2||1|1|2|2|2|2|2|2|2||1||2500000
3473432|1|1|1|3308.0926861|34734321|2||2||1|1|2|1|2|2|2|2|2||1||1300000
3473433|1|1|1|2121.0001131|34734331|2||2||1|1|2|2|2|2|2|2|2||1||1300000
3473434|1|1|1|3437.0145641|34734341|2||2||2|1|2|2|2|2|2|2|2||1||1400000
3473435|1|1|1|3860.356332|34734351|2||2||1|1|2|2|2|2|2|2|2||1||500000
3473436|1|1|1|3655.500118|34734361|2||2||1|1|2|2|2|2|2|2|2||1||1000000
3473437|1|1|1|3511.6262113|34734371|2||2||1|2|2|1|2|2|2|2|2||3||1300000
3473438|1|1|1|5128.7739832|34734381|2||2||1|1|2|2|2|2|2|2|2||1||2000000
3473439|1|1|1|3587.6200224|34734391|2||2||1|1|2|2|2|2|2|2|2||1||5000000
3473441|1|1|1|4462.9762873|34734411|2||2||1|1|2|2|2|2|2|2|2||1||2500000
3473442|1|1|1|2267.9507227|34734421|2||2||1|1|2|2|2|2|2|2|2||1||2600000
3473443|1|1|1|4273.205997|34734431|2||2||2|1|2|2|2|2|2|2|2||1||2000000
3473444|1|1|1|3422.3244464|34734441|2||2||1|1|2|2|2|2|2|2|2||1||2000000
3473445|1|1|1|4273.205997|34734451|2||2||1|1|2|2|2|2|2|2|2||1||3000000
3473446|1|1|1|5090.3051009|34734461|2||2||1|1|2|2|2|2|2|2|2||1||2500000
3473447|1|1|1|3276.2514542|34734471|2||2||1|1|2|2|2|2|2|2|2||1||1500000
3473448|1|1|1|2227.9779215|34734481|2||2||1|1|2|2|2|2|2|2|2||1||1500000
3473449|1|1|1|3591.281351|34734491|2||2||1|1|2|2|2|2|2|2|2||1||1300000
3473450|1|1|1|3114.9223242|34734501|2||2||1|1|2|2|2|2|2|2|2||1||2500000
3473452|1|1|1|2981.4271663|34734521|2||2||1|2|1|2|2|2|2|2|1||8||1000000
3473453|1|1|1|2738.1527098|34734531|2||2||1|1|2|2|2|2|2|2|1||8||1000000
3473454|1|1|1|1634.3435588|34734541|2||2||1|1|2|2|2|2|2|2|2||1||1800000
3473455|1|1|1|4231.6421357|34734551|2||2||1|1|2|2|2|2|2|2|2||1||1680000
3473456|1|1|1|2909.9732629|34734561|2||2||1|1|2|2|2|2|2|2|2||1||600000
3473457|1|1|1|2848.803998|34734571|2||2||1|1|2|2|2|2|2|2|2||1||4000000
3473458|1|1|1|2453.0665923|34734581|2||2||1|1|2|2|2|2|2|1|2||1||4000000
3473459|1|1|1|1992.8849855|34734591|1|1|2||1|1|1|2|2|2|2|2|2||1||15000000
3473460|1|1|1|2453.0665923|34734601|2||2||1|1|2|1|2|2|2|2|2||1||6000000
3473463|1|1|1|2584.6757013|34734631|2||2||1|1|2|1|2|2|2|2|2||3||8000000
3473464|1|1|1|3704.7230105|34734641|2||2||1|1|2|2|2|2|2|2|2||1||8000000
3473465|1|1|1|2718.9802899|34734651|1|1|2||1|2|2|2|2|2|2|1|1||7||3000000
3473466|1|1|1|3379.274803|34734661|2||2||1|1|2|1|2|2|2|2|2||1||12000000
3473467|1|1|1|2348.1124224|34734671|2||2||1|1|2|2|2|2|2|2|2||1||3000000
3473468|1|1|1|2736.2710032|34734681|2||2||1|1|2|2|2|2|2|2|2||1||2000000
3473469|1|1|1|2645.7601632|34734691|2||2||1|1|2|1|2|2|2|2|2||1||1800000
3473470|1|1|1|2019.755744|34734701|2||2||1|1|1|2|2|2|2|2|2||1||1300000
3473471|1|1|1|2963.7784084|34734711|2||2||1|1|2|2|2|2|2|2|2||1||2600000
3473472|1|1|1|3625.1511223|34734721|2||2||2|1|2|2|2|2|2|2|2||1||3000000
3473473|1|1|1|2594.0560896|34734731|2||2||1|1|2|2|2|2|2|2|2||1||2500000
3473474|1|1|1|2190.0357896|34734741|2||2||1|1|2|2|2|2|2|2|2||1||3500000
3473475|1|1|1|3418.6530136|34734751|2||2||1|1|2|2|2|2|2|2|2||1||15000000
3473476|1|1|1|2107.0398868|34734761|2||2||1|1|2|2|2|2|2|2|1||1||2500000
3473477|1|1|1|2963.7784084|34734771|2||2||1|1|2|2|2|2|2|2|2||1||1600000
3473478|1|1|1|2175.1842319|34734781|2||2||1|2|2|1|2|2|2|2|2||3||1300000
3473479|1|1|1|1808.1100581|34734791|2||2||1|1|2|2|2|2|2|2|2||1||1500000
3473480|1|1|1|2052.0392351|34734801|2||2||1|1|2|2|2|2|2|2|1||1||1000000
3473481|1|1|1|1962.4532739|34734811|2||2||1|1|2|2|2|2|2|2|2||1||1300000
3473483|1|1|1|1682.6042444|34734831|2||2||1|1|2|2|2|2|2|2|2||1||2600000
3473484|1|1|1|1770.0928203|34734841|2||2||1|1|2|2|2|2|2|2|2||1||99
3473485|1|1|1|1926.4505263|34734851|2||2||1|1|2|2|2|2|2|2|2||1||1300000
3473486|1|1|1|1962.4532739|34734861|2||2||1|1|2|2|2|2|2|2|2||1||1500000
3473487|1|1|1|2232.4867021|34734871|2||2||1|1|2|2|2|2|2|1|2||1||8000000
3473488|1|1|1|3064.9892299|34734881|2||2||1|1|2|2|2|2|2|1|2||1||10000000
3473489|1|1|1|2989.6459176|34734891|2||2||1|1|2|1|2|2|2|2|2||3||1500000
3473490|1|1|1|3876.2810095|34734901|2||2||1|1|2|2|2|2|2|2|2||1||4000000
3473491|1|1|1|3545.3683827|34734911|2||2||1|1|2|2|2|2|2|2|2||1||2900000
3473492|1|1|1|2677.93103|34734921|2||2||1|2|2|1|2|2|2|2|1||3||1800000
3473493|1|1|1|2924.6540776|34734931|2||2||1|1|2|2|2|2|2|2|2||1||2500000
3473494|1|1|1|3442.3186123|34734941|2||2||1|1|2|2|2|2|2|2|2||1||3800000
3473495|1|1|1|3610.3602227|34734951|2||2||1|1|2|1|2|2|2|2|2||3||2500000
3473496|1|1|1|3374.1857493|34734961|2||2||1|1|2|2|2|2|2|2|2||1||2500000
3473497|1|1|1|2968.2201498|34734971|2||2||1|1|2|1|2|2|2|2|2||3||5000000
3473498|1|1|1|3111.4059856|34734981|2||2||1|1|2|2|2|2|2|2|2||1||3500000
3473499|1|1|1|2367.886161|34734991|2||2||1|1|2|2|2|2|2|2|2||1||1500000
3473500|1|1|1|2391.7466816|34735001|2||2||1|1|2|2|2|2|2|2|2||1||3000000
3473501|1|1|1|3136.1297539|34735011|2||2||1|1|2|2|2|2|2|2|2||1||3000000
3473502|1|1|1|3704.7230105|34735021|2||2||1|1|2|2|2|2|2|2|2||1||3000000
3473503|1|1|1|2216.919539|34735031|2||2||1|1|2|2|2|2|2|2|2||1||2600000
3473504|1|1|1|3307.200204|34735041|2||2||1|1|2|1|2|2|2|2|2||3||2000000
3473505|1|1|1|2606.9978384|34735051|2||2||1|1|2|2|2|2|2|2|2||1||1300000
3473507|1|1|1|3307.200204|34735071|2||2||1|2|2|1|2|2|2|2|2||3||2600000
3473508|1|1|1|3136.1297539|34735081|2||2||1|1|2|2|2|2|2|2|2||1||4000000
3473509|1|1|1|2628.7042765|34735091|2||2||1|1|2|2|2|2|2|2|2||1||2800000
3473510|1|1|1|2565.0490438|34735101|2||2||1|1|2|2|2|2|2|2|2||1||1500000
3473511|1|1|1|311.74120345|34735111|2||2||1|2|2|1|2|2|2|2|2||3||1300000
3473512|1|1|1|289.51682982|34735121|2||2||1|1|2|1|2|2|2|2|2||3||3000000
3473513|1|1|1|164.69499668|34735131|2||2||1|1|2|2|2|2|2|2|2||1||1300000
3473514|1|1|1|326.83067731|34735141|2||2||1|1|2|2|2|2|2|2|2||1||1500000
3473515|1|1|1|292.07614587|34735151|2||2||1|1|2|2|2|2|2|2|2||1||1300000
3473516|1|1|1|459.46361007|34735161|2||2||1|1|2|2|2|2|2|2|2||1||1500000
3473517|1|1|1|379.18280447|34735171|2||2||1|1|2|2|2|2|2|2|2||1||1300000
3473518|1|1|1|292.07614587|34735181|2||2||2|1|2|2|2|2|2|2|2||1||2600000
3473519|1|1|1|301.39072273|34735191|2||2||1|1|2|2|2|2|2|2|2||1||2000000
3473520|1|1|1|275.75349262|34735201|2||2||2|1|2|1|2|2|2|2|2||1||4500000
3473521|1|1|1|372.35695147|34735211|2||2||1|1|2|2|2|2|2|2|2||1||3500000
3473522|1|1|1|4461.62356|34735221|2||2||1|1|2|2|2|2|2|2|2||1||3500000
3473523|1|1|1|4687.5497844|34735231|2||2||1|1|2|2|2|2|2|2|2||1||3500000
3473524|1|1|1|6363.1176629|34735241|2||2||1|1|2|1|2|2|2|2|2||1||3500000
3473525|1|1|1|7094.2730993|34735251|2||2||1|1|2|2|2|2|2|2|2||1||2500000
3473526|1|1|1|5820.0389773|34735261|2||2||1|1|2|2|2|2|2|2|2||1||1300000
3473527|1|1|1|6275.4204209|34735271|2||2||1|1|2|2|2|2|2|2|2||1||1300000
3473528|1|1|1|5003.3013578|34735281|2||2||1|1|2|2|2|2|2|2|2||1||2600000
3473529|1|1|1|6065.1075738|34735291|2||2||1|1|2|2|2|2|2|2|2||1||1300000
3473530|1|1|1|6458.2757742|34735301|2||2||1|1|2|2|2|2|2|2|2||1||4000000
3473531|1|1|1|3892.0121386|34735311|2||2||1|1|1|2|1|2|2|2|2||1||2000000
3473532|1|1|1|3276.6803808|34735321|2||2||1|1|2|2|2|2|1|2|2||1||1600000
3473533|1|1|1|4851.888929|34735331|2||2||1|1|2|2|2|2|2|2|2||1||1300000
3473534|1|1|1|2262.7055883|34735341|2||2||1|1|1|2|2|2|2|2|2||1||2600000
3473535|1|1|1|2981.5492728|34735351|2||2||1|1|2|2|2|2|2|2|2||1||3000000
3473537|1|1|1|3453.0522452|34735371|2||2||1|1|2|2|2|2|2|2|2||1||2000000
3473538|1|1|1|4402.3643213|34735381|2||2||1|1|2|2|2|2|2|2|2||1||4000000
3473539|1|1|1|3754.9685192|34735391|2||2||1|1|2|2|2|2|2|2|2||1||2500000
3473540|1|1|1|4500.3901233|34735401|2||2||1|1|2|2|2|2|2|2|2||1||3500000
3473541|1|1|1|2934.6200085|34735411|2||2||2|1|2|2|2|2|2|2|2||1||4500000
3473542|1|1|1|4493.5975997|34735421|2||2||1|1|2|2|2|2|2|2|2||1||1500000
3473543|1|1|1|795.5786712|34735431|2||2||1|2|2|1|2|2|2|2|1||3||98
3473544|1|1|1|860.61012055|34735441|2||2||1|1|2|2|2|2|2|2|2||1||98
3473545|1|1|1|1064.132301|34735451|2||2||1|2|2|1|2|2|2|2|2||3||1300000
3473546|1|1|1|1390.7834884|34735461|2||2||2|1|2|2|2|2|2|2|2||1||2100000
3473547|1|1|1|2139.7265065|34735471|2||2||1|1|2|2|2|2|2|2|2||1||3000000
3473548|1|1|1|1064.132301|34735481|2||2||1|2|2|1|2|2|2|2|2||3||98
3473549|1|1|1|1070.8052191|34735491|2||2||1|1|2|2|2|2|2|2|2||1||1200000
3473550|1|1|1|3959.5620502|34735501|2||2||1|1|1|2|2|2|2|2|2||1||1300000
3473551|1|1|1|989.89051256|34735511|2||2||1|1|2|2|2|2|2|2|1||1||98
3473552|1|1|1|2416.1536018|34735521|2||2||1|1|2|2|2|2|2|2|2||1||1300000
3473553|1|1|1|2912.6465596|34735531|2||2||2|1|2|2|2|2|2|2|2||1||1700000
3473554|1|1|1|3959.5620502|34735541|2||2||1|1|2|2|2|2|2|2|2||1||1200000
3473555|1|1|1|1345.4532516|34735551|2||2||1|1|2|2|2|2|2|2|2||1||1100000
3473556|1|1|1|1070.8052191|34735561|2||2||1|1|2|2|2|2|2|2|2||1||2600000
3473557|1|1|1|845.60990729|34735571|2||2||2|1|2|2|2|2|2|2|2||1||98
3473558|1|1|1|862.55239401|34735581|2||2||1|1|2|1|2|2|2|2|2||1||98
3473559|1|1|1|1212.8664832|34735591|2||2||1|1|2|2|2|2|2|2|2||1||1500000
3473560|1|1|1|1849.3143984|34735601|2||2||1|1|2|1|2|2|2|2|2||3||3500000
3473561|1|1|1|685.06708488|34735611|2||2||1|1|2|2|2|2|2|2|2||1||2500000
3473562|1|1|1|2740.2683395|34735621|2||2||1|1|2|2|2|2|2|2|2||1||2200000
3473563|1|1|1|901.90024477|34735631|2||2||1|1|2|2|2|2|2|2|2||1||1300000
3473564|1|1|1|1225.857407|34735641|2||2||1|1|2|2|2|2|2|2|2||1||1300000
3473565|1|1|1|918.80254074|34735651|2||2||1|2|2|2|2|2|2|2|1||8||900000
3473566|1|1|1|975.62253298|34735661|2||2||1|1|2|2|2|2|2|2|2||1||1000000
3473567|1|1|1|2891.1575414|34735671|2||2||1|1|2|2|2|2|2|2|2||1||1500000
3473568|1|1|1|901.90024477|34735681|2||2||1|1|2|2|2|2|2|2|2||1||98
3473569|1|1|1|901.90024477|34735691|2||2||1|1|2|2|2|2|2|2|2||1||1500000
3473570|1|1|1|2666.727148|34735701|2||2||1|1|2|2|2|2|2|2|1||1||1000000
3473571|1|1|1|2463.7274979|34735711|2||2||1|1|2|2|2|2|2|2|2||1||2000000
3473572|1|1|1|666.27880301|34735721|2||2||1|1|2|2|2|2|2|2|2||1||98
3473573|1|1|1|615.93187448|34735731|2||2||1|2|1|2|2|2|2|2|1||8||800000
3473574|1|1|1|615.93187448|34735741|2||2||1|1|2|2|2|2|2|2|1||1||800000
3473575|1|1|1|1264.1929836|34735751|2||2||1|1|2|2|2|2|2|2|2||1||1700000
3473576|1|1|1|615.93187448|34735761|2||2||1|1|2|2|2|2|2|2|2||1||1000000
3473577|1|1|1|1852.3050506|34735771|2||2||1|1|2|2|2|2|2|2|2||1||1800000
3473578|1|1|1|1840.2127296|34735781|2||2||1|1|2|2|2|2|2|2|2||1||1300000
3473579|1|1|1|1670.9506819|34735791|2||2||2|1|2|2|2|2|2|2|2||1||5500000
3473580|1|1|1|615.93187448|34735801|2||2||1|1|2|2|2|2|2|2|1||1||98
3473581|1|1|1|998.42052571|34735811|2||2||1|1|2|1|2|2|2|2|2||1||5500000
3473582|1|1|1|615.93187448|34735821|2||2||1|1|2|2|2|2|2|2|2||1||98
3473583|1|1|1|721.46923052|34735831|2||2||2|1|2|2|2|2|2|2|2||1||1600000
3473584|1|1|1|615.93187448|34735841|2||2||1|1|2|1|2|2|2|2|2||1||3000000
3473585|1|1|1|1325.8580736|34735851|2||2||1|1|2|2|2|2|2|2|2||1||2000000
3473586|1|1|1|1261.3592224|34735861|2||2||1|1|1|2|2|2|2|2|1||1||98
3473587|1|1|1|1904.7115808|34735871|2||2||1|1|2|2|2|2|2|2|2||1||2000000
3473588|1|1|1|615.93187448|34735881|2||2||1|1|2|1|2|2|2|2|2||1||2800000
3473589|1|1|1|1124.4264094|34735891|2||2||1|1|2|2|2|2|2|2|2||1||2200000
3473590|1|1|1|627.47490587|34735901|2||2||1|1|2|1|2|2|2|2|2||3||2600000
3473591|1|1|1|791.91241004|34735911|2||2||1|1|2|2|2|2|2|2|2||1||2000000
3473592|1|1|1|791.91241004|34735921|2||2||2|1|2|1|2|2|2|2|2||1||3500000
3473593|1|1|1|806.75345041|34735931|2||2||1|1|2|2|2|2|2|2|2||1||1300000
3473594|1|1|1|791.91241004|34735941|2||2||1|1|2|2|2|2|2|2|2||1||1200000
3473595|1|1|1|791.91241004|34735951|2||2||1|1|2|2|2|2|2|2|2||1||2100000
3473596|1|1|1|791.91241004|34735961|2||2||1|1|2|2|2|2|2|2|2||1||1000000
3473597|1|1|1|2089.9446482|34735971|2||2||1|1|2|2|2|2|2|2|1||8||98
3473598|1|1|1|856.6441753|34735981|2||2||2|1|2|2|2|2|2|2|2||1||4000000
3473599|1|1|1|2066.2237361|34735991|2||2||2|1|2|2|2|2|2|2|2||1||4000000
3473600|1|1|1|2066.2237361|34736001|2||2||2|1|2|2|2|2|2|2|2||1||1300000
3473601|1|1|1|764.67014199|34736011|2||2||1|1|2|2|2|2|2|2|2||1||900000
3473602|1|1|1|530.58744546|34736021|2||2||1|1|2|1|2|2|2|2|2||3||2500000
3473603|1|1|1|530.58744546|34736031|2||2||1|1|2|2|2|2|2|2|2||1||98
3473604|1|1|1|2054.1282815|34736041|2||2||1|1|2|2|2|2|2|2|2||1||1300000
3473605|1|1|1|735.89889408|34736051|2||2||2|1|2|2|2|2|2|2|2||1||2500000
3473606|1|1|1|530.58744546|34736061|2||2||1|2|2|2|2|2|2|2|1||8||900000
3473607|1|1|1|530.58744546|34736071|2||2||1|2|2|2|2|2|2|2|1||8||98
3473608|1|1|1|746.57981287|34736081|2||2||1|2|2|1|2|2|2|2|2||3||1300000
3473609|1|1|1|530.58744546|34736091|2||2||1|1|2|2|2|2|2|2|2||1||1500000
3473610|1|1|1|968.62422758|34736101|2||2||1|1|2|2|2|2|2|2|2||1||4000000
3473611|1|1|1|1147.8602482|34736111|2||2||1|1|2|2|2|2|2|2|2||1||1000000
3473612|1|1|1|980.23972178|34736121|2||2||1|1|2|2|2|2|2|2|2||1||900000
3473613|1|1|1|1033.5848819|34736131|2||2||1|1|2|2|2|2|2|2|2||1||1540000
3473614|1|1|1|708.82988847|34736141|2||2||1|1|2|2|2|2|2|2|2||1||1300000
3473615|1|1|1|1081.898211|34736151|2||2||1|1|2|2|2|2|2|2|2||1||1600000
3473616|1|1|1|1027.6471733|34736161|2||2||2|1|2|2|2|2|2|2|2||1||2000000
3473617|1|1|1|505.15214934|34736171|2||2||1|1|2|2|2|2|2|2|2||1||1300000
3473618|1|1|1|812.57484679|34736181|2||2||1|1|2|2|2|2|2|2|2||1||98
3473619|1|1|1|638.15243229|34736191|2||2||1|1|2|2|1|2|2|2|2||1||1900000
3473620|1|1|1|654.89217442|34736201|2||2||1|1|1|2|2|2|2|2|2||1||2000000
3473621|1|1|1|756.23734|34736211|2||2||1|1|2|2|2|2|2|2|2||1||2000000
3473622|1|1|1|1065.3753956|34736221|2||2||1|1|2|2|2|2|2|2|2||1||1800000
3473623|1|1|1|1351.0444508|34736231|2||2||1|1|2|2|2|2|2|2|2||1||3000000
3473624|1|1|1|667.71483561|34736241|2||2||1|1|2|2|2|2|2|2|2||1||900000
3473625|1|1|1|655.43155028|34736251|2||2||1|1|1|2|2|2|2|2|2||1||2500000
3473626|1|1|1|1127.9006517|34736261|2||2||1|1|2|2|2|2|2|2|2||1||1900000
3473627|1|1|1|1894.3403949|34736271|2||2||1|1|2|2|2|2|2|2|2||1||1200000
3473628|1|1|1|655.43155028|34736281|2||2||1|1|2|2|2|2|2|2|1||8||98
3473629|1|1|1|1959.9239868|34736291|2||2||1|1|2|2|2|2|2|2|2||1||1850000
3473630|1|1|1|2289.9645193|34736301|2||2||2|1|2|2|2|2|2|2|2||1||1000000
3473631|1|1|1|2003.0847504|34736311|2||2||2|1|2|2|2|2|2|2|2||1||2000000
3473632|1|1|1|2040.5889887|34736321|2||2||1|1|2|2|2|2|2|2|2||1||900000
3473633|1|1|1|2189.942344|34736331|2||2||2|1|1|2|2|2|2|2|2||1||1400000
3473634|1|1|1|1201.8609501|34736341|2||2||1|1|2|2|2|2|2|2|2||1||1500000
3473635|1|1|1|655.43155028|34736351|2||2||1|1|1|2|2|2|2|2|2||1||1100000
3473636|1|1|1|2621.7262011|34736361|2||2||1|1|2|2|2|2|2|2|2||1||1300000
3473637|1|1|1|655.43155028|34736371|2||2||1|2|2|2|2|2|2|2|1||8||98
3473638|1|1|1|5075.1976062|34736381|2||2||1|1|2|2|2|2|2|2|2||1||5000000
3473639|1|1|1|6586.7949788|34736391|1|1|2||1|1|2|1|2|2|2|2|2||1||5000000
3473640|1|1|1|8442.1748154|34736401|2||2||1|1|2|2|2|2|2|2|2||1||800000
3473641|1|1|1|6260.1391437|34736411|2||2||1|1|2|2|2|2|2|2|2||1||3000000
3473642|1|1|1|2920.2122772|34736421|2||2||1|1|2|2|2|2|2|2|2||1||2000000
3473643|1|1|1|3399.4989521|34736431|2||2||1|1|2|2|2|2|2|2|2||1||4000000
3473644|1|1|1|3144.3695026|34736441|2||2||1|1|2|2|2|2|2|2|2||1||1300000
3473645|1|1|1|5554.4842812|34736451|2||2||1|1|2|2|2|2|2|2|2||1||3000000
3473646|1|1|1|6375.9123921|34736461|2||2||1|1|2|2|2|2|2|2|2||1||1200000
3473647|1|1|1|3797.9054284|34736471|2||2||1|1|2|2|2|2|2|2|2||1||1300000
3473648|1|1|1|5928.5082765|34736481|2||2||1|1|2|2|2|2|2|2|2||1||3500000
3473649|1|1|1|2110.5437039|34736491|2||2||1|1|2|2|2|2|2|2|2||1||2000000
3473650|1|1|1|4887.6737167|34736501|2||2||1|1|2|2|2|2|2|2|2||1||1300000
3473651|1|1|1|2110.5437039|34736511|2||2||1|1|1|2|2|2|2|2|2||1||1300000
3473652|1|1|1|9837.1050988|34736521|2||2||1|1|2|2|2|2|2|2|1||1||1200000
3473653|1|1|1|10204.907177|34736531|2||2||1|1|2|2|2|2|2|2|2||1||1500000
3473654|1|1|1|14432.184341|34736541|2||2||1|1|1|2|2|2|2|2|2||1||1300000
3473655|1|1|1|4451.9281253|34736551|2||2||1|1|2|2|2|2|1|2|2||1||1800000
3473656|1|1|1|10204.907177|34736561|2||2||1|1|2|2|2|2|2|2|2||1||1300000
3473657|1|1|1|10216.738332|34736571|2||2||1|1|2|2|2|2|2|2|2||1||1300000
3473658|1|1|1|7717.2522764|34736581|2||2||1|1|2|2|2|2|2|2|2||1||1300000
3473659|1|1|1|9468.5177821|34736591|2||2||1|1|2|2|2|2|2|2|2||1||500000
3473660|1|1|1|9468.5177821|34736601|2||2||1|2|2|1|2|2|2|1|2||3||98
3473661|1|1|1|5497.3312723|34736611|2||2||1|1|2|2|2|2|2|1|2||1||2000000
3473662|1|1|1|3033.9065743|34736621|2||2||1|1|2|2|2|2|2|2|2||1||1300000
3473663|1|1|1|4520.03116|34736631|2||2||1|1|2|2|2|2|2|2|2||1||2000000
3473664|1|1|1|7045.1132609|34736641|2||2||1|1|2|2|2|2|2|2|2||1||1300000
3473665|1|1|1|10607.03153|34736651|2||2||1|1|2|2|2|2|2|2|2||1||1800000
3473666|1|1|1|6485.2620992|34736661|2||2||1|1|2|2|2|2|2|2|2||1||2600000
3473667|1|1|1|10873.192797|34736671|2||2||1|1|2|2|2|2|2|2|1||1||5000000
3473668|1|1|1|9232.197268|34736681|2||2||1|1|2|2|2|2|2|2|2||1||1300000
3473669|1|1|1|5056.9546976|34736691|2||2||1|1|2|2|2|2|2|2|2||1||3000000
3473670|1|1|1|3677.09744|34736701|2||2||1|1|2|2|2|2|2|2|2||1||2600000
3473671|1|1|1|4642.7447645|34736711|2||2||1|1|2|2|2|2|2|2|2||1||1300000
3473672|1|1|1|6216.2191034|34736721|2||2||1|2|2|2|2|2|2|1|2||7||1000000
3473673|1|1|1|4304.5222195|34736731|2||2||1|1|2|2|2|2|2|2|2||1||6000000
3473674|1|1|1|7616.0503522|34736741|2||2||1|2|2|2|2|2|2|1|2||7||2500000
3473675|1|1|1|6916.1347278|34736751|2||2||1|1|2|2|2|2|2|2|2||1||1300000
3473676|1|1|1|10080.827041|34736761|2||2||1|1|2|2|2|2|2|2|2||1||1300000
3473677|1|1|1|9933.3038703|34736771|2||2||1|1|2|2|2|2|2|2|2||1||400000
3473678|1|1|1|4352.9963892|34736781|2||2||1|1|2|2|2|2|2|2|2||1||2000000
3473679|1|1|1|13585.264644|34736791|2||2||1|2|2|2|2|2|2|1|2||7||1200000
3473680|1|1|1|4352.9963892|34736801|2||2||1|1|2|2|2|2|2|2|2||1||1300000
3473681|1|1|1|4352.9963892|34736811|2||2||1|1|2|2|2|2|2|2|2||1||4000000
3473682|1|1|1|8386.300851|34736821|2||2||1|1|2|2|2|2|2|2|2||1||2400000
3473683|1|1|1|9933.3038703|34736831|2||2||1|1|2|2|2|2|2|2|2||1||98
3473684|1|1|1|8431.0246033|34736841|2||2||1|1|2|2|2|2|2|2|2||1||1200000
3473685|1|1|1|4451.9281253|34736851|2||2||1|1|2|2|2|2|2|2|2||1||1400000
3473686|1|1|1|5659.2349988|34736861|2||2||1|1|2|2|1|2|2|2|2||1||3000000
3473687|1|1|1|5659.2349988|34736871|2||2||1|1|2|2|2|2|2|2|2||1||480000
3473688|1|1|1|10159.060776|34736881|2||2||1|1|2|2|2|2|2|2|2||1||1300000
3473690|1|1|1|6027.4593456|34736901|2||2||1|1|2|2|2|2|2|2|2||1||7000000
3473691|1|1|1|7525.2302048|34736911|2||2||1|1|2|2|2|2|2|2|2||1||4500000
3473692|1|1|1|4192.025925|34736921|2||2||1|1|2|2|2|2|2|2|2||1||6000000
3473693|1|1|1|9250.3260467|34736931|2||2||1|1|2|2|2|2|2|2|2||1||98
3473694|1|1|1|5816.9891948|34736941|2||2||1|1|2|2|2|2|2|2|2||1||16000000
3473695|1|1|1|7636.9901823|34736951|2||2||1|2|2|1|2|2|2|2|2||3||8000000
3473696|1|1|1|9616.7977243|34736961|2||2||1|1|2|2|2|2|2|2|2||1||1300000
3473697|1|1|1|6637.1402094|34736971|2||2||1|1|2|2|2|2|2|2|2||1||1300000
3473698|1|1|1|7950.9112029|34736981|2||2||1|1|2|2|2|2|2|2|2||1||1300000
3473699|1|1|1|3869.3301237|34736991|2||2||1|1|2|2|2|2|1|2|2||6||720000
3473700|1|1|1|4262.7793154|34737001|2||2||1|1|2|2|2|2|2|2|2||1||4000000
3473701|1|1|1|10183.221182|34737011|2||2||1|1|2|2|2|2|2|2|2||1||1300000
3473702|1|1|1|10853.715895|34737021|2||2||1|2|2|1|2|2|2|2|2||3||1500000
3473703|1|1|1|8836.7916207|34737031|2||2||1|1|2|2|2|2|2|2|2||1||1300000
3473704|1|1|1|4596.4595129|34737041|2||2||1|1|2|2|2|2|2|2|2||1||1300000
3473705|1|1|1|4886.9098214|34737051|1|1|2||1|1|2|2|2|2|2|1|2||1||10000000
3473706|1|1|1|3274.1774017|34737061|2||2||1|1|2|1|2|2|2|2|2||3||2000000
3473707|1|1|1|2893.0432341|34737071|2||2||1|1|2|2|2|2|2|2|2||1||2000000
3473708|1|1|1|5480.1190157|34737081|2||2||1|1|2|2|2|2|2|2|1||1||1500000
3473709|1|1|1|4639.3917692|34737091|2||2||1|1|2|2|2|2|2|2|2||1||1300000
3473710|1|1|1|5018.7885975|34737101|2||2||1|1|2|2|2|2|2|2|2||1||1300000
3473711|1|1|1|3811.5594312|34737111|2||2||1|1|2|2|2|2|2|2|2||1||900000
3473712|1|1|1|2893.0432341|34737121|2||2||1|1|2|2|2|2|2|2|2||1||1300000
3473713|1|1|1|6637.8097208|34737131|2||2||1|2|2|2|2|2|2|1|2||7||600000
3473714|1|1|1|7071.6269974|34737141|2||2||1|1|2|2|2|2|2|2|2||1||2300000
3473715|1|1|1|9000.3217519|34737151|2||2||1|1|2|2|2|2|2|1|2||1||2000000
3473716|1|1|1|10673.047419|34737161|2||2||1|2|2|2|2|2|2|1|2||7||500000
3473717|1|1|1|8354.7557024|34737171|2||2||1|1|2|2|2|2|2|2|2||1||3000000
3473718|1|1|1|8884.0591389|34737181|2||2||1|1|2|2|2|2|2|2|2||1||1300000
3473719|1|1|1|4600.7695718|34737191|2||2||1|1|2|2|2|2|2|2|2||1||3000000
3473720|1|1|1|9896.4254925|34737201|2||2||1|1|2|1|2|2|2|2|2||1||1300000
3473721|1|1|1|7435.9216426|34737211|2||2||1|1|2|2|2|2|2|2|2||1||2600000
3473722|1|1|1|9653.6572811|34737221|2||2||1|1|2|1|2|2|2|2|2||3||2000000
3473723|1|1|1|6064.3078628|34737231|2||2||1|1|2|2|1|2|2|2|2||1||2000000
3473724|1|1|1|11560.362655|34737241|2||2||1|2|2|1|2|2|2|2|2||3||1300000
3473725|1|1|1|7307.2580195|34737251|2||2||1|1|2|2|2|2|2|2|2||1||6000000
3473726|1|1|1|6580.0644438|34737261|2||2||1|1|2|2|2|2|2|2|2||1||7000000
3473727|1|1|1|6314.0313168|34737271|2||2||1|1|2|2|2|2|2|2|2||1||15000000
3473728|1|1|1|8554.8976652|34737281|2||2||1|1|2|2|2|2|2|2|2||1||98
3473729|1|1|1|7417.7269161|34737291|2||2||1|1|2|2|2|2|2|2|2||1||20000000
3473730|1|1|1|10144.840481|34737301|2||2||1|2|2|1|2|2|2|2|2||3||4000000
3473731|1|1|1|10668.394112|34737311|2||2||1|1|2|2|2|2|2|1|2||1||2000000
3473732|1|1|1|4712.2818081|34737321|2||2||1|1|2|2|2|2|2|2|2||1||98
3473733|1|1|1|6314.0313168|34737331|2||2||1|1|2|2|2|2|2|2|2||1||15000000
3473734|1|1|1|3390.9419488|34737341|2||2||1|1|2|1|2|2|2|2|2||1||4000000
3473735|1|1|1|4287.6132642|34737351|2||2||1|1|2|2|2|2|2|2|2||1||1300000
3473736|1|1|1|8692.3698724|34737361|2||2||1|2|2|1|2|2|2|2|2||3||1200000
3473737|1|1|1|8513.9147073|34737371|2||2||1|1|2|2|2|2|2|2|2||1||1300000
3473737|1|2|2|8513.9147073|34737372|2||2||1|1|2|2|2|2|2|2|2||1||1300000
3473738|1|1|1|6946.81799|34737381|2||2||1|1|2|2|2|2|2|2|2||1||2600000
3473739|1|1|1|4287.6132642|34737391|2||2||1|1|2|2|2|2|2|2|2||1||2300000
3473740|1|1|1|7071.3274305|34737401|2||2||1|1|2|2|2|2|2|2|2||1||4000000
3473741|1|1|1|9191.4741395|34737411|2||2||1|1|2|2|2|2|2|2|2||1||1300000
3473742|1|1|1|9671.0878658|34737421|2||2||1|2|2|1|2|2|2|1|2||3||1300000
3473743|1|1|1|7636.4823432|34737431|2||2||1|1|2|2|2|2|2|2|2||1||1700000
3473744|1|1|1|4648.2396689|34737441|2||2||1|1|2|2|2|2|2|2|2||1||1000000
3473745|1|1|1|7930.4368298|34737451|2||2||1|1|2|2|2|2|2|2|2||1||800000
3473746|1|1|1|10999.449437|34737461|2||2||1|1|2|2|1|2|2|2|2||1||850000
3473747|1|1|1|4451.9281253|34737471|2||2||1|1|2|2|2|2|2|2|2||1||2600000
3473748|1|1|1|4451.9281253|34737481|2||2||1|1|2|2|2|2|2|2|2||1||1400000
3473749|1|1|1|8137.0701166|34737491|2||2||1|1|2|2|2|2|2|2|2||1||1300000
3473750|1|1|1|532.44325468|34737501|2||2||1|1|2|1|2|2|2|2|2||3||1000000
3473751|1|1|1|679.29637124|34737511|2||2||1|1|2|2|2|2|2|2|1||1||98
3473752|1|1|1|472.28355433|34737521|2||2||1|1|1|2|2|2|2|2|2||1||98
3473753|1|1|1|846.22690576|34737531|2||2||1|1|2|2|2|2|2|2|2||1||2000000
3473754|1|1|1|634.45203056|34737541|2||2||1|1|2|2|1|2|2|2|2||1||1800000
3473755|1|1|1|532.94526671|34737551|2||2||1|1|2|2|2|2|2|2|2||1||1200000
3473756|1|1|1|639.65954645|34737561|2||2||1|1|2|2|2|2|2|2|2||1||1600000
3473757|1|1|1|451.05800013|34737571|2||2||1|1|2|2|2|2|2|2|2||1||800000
3473758|1|1|1|699.05385333|34737581|2||2||1|1|2|2|2|2|2|2|2||1||1300000
3473759|1|1|1|554.33117147|34737591|2||2||1|1|2|2|2|2|2|2|2||1||1300000
3473760|1|1|1|584.70369475|34737601|2||2||1|1|2|2|2|2|2|1|2||1||3000000
3473761|1|1|1|300.70601529|34737611|2||2||1|1|2|2|2|2|2|2|2||1||1600000
3473762|1|1|1|495.40049947|34737621|2||2||1|1|1|2|2|2|2|2|2||1||1000000
3473763|1|1|1|485.20641039|34737631|2||2||1|1|2|2|2|2|2|2|2||1||1000000
3473764|1|1|1|507.18435258|34737641|2||2||1|1|2|2|2|2|2|2|2||1||1000000
3473765|1|1|1|660.4367515|34737651|2||2||1|1|2|2|2|2|2|2|2||1||1300000
3473766|1|1|1|339.04291573|34737661|2||2||1|1|2|2|2|2|2|2|2||1||2600000
3473767|1|1|1|490.16771767|34737671|2||2||1|1|2|2|2|2|2|2|2||1||98
3473768|1|1|1|398.23898342|34737681|2||2||1|2|1|2|2|2|2|2|1||8||400000
3473769|1|1|1|809.49105834|34737691|2||2||1|1|1|2|2|2|2|2|2||1||1300000
3473770|1|1|1|517.71825909|34737701|2||2||1|1|2|2|2|2|2|2|2||1||1300000
3473771|1|1|1|594.15550367|34737711|2||2||1|1|2|2|2|2|2|2|2||1||900000
3473772|1|1|1|830.3294085|34737721|2||2||1|1|2|2|2|2|2|2|2||1||1000000
3473773|1|1|1|527.49303273|34737731|2||2||1|1|1|2|2|2|2|2|2||1||800000
3473774|1|1|1|818.32886907|34737741|2||2||1|1|2|2|2|2|2|2|2||1||1500000
3473775|1|1|1|826.1864539|34737751|2||2||1|1|2|2|2|2|2|2|2||1||800000
3473776|1|1|1|657.46627042|34737761|2||2||1|1|2|2|2|2|2|2|2||1||98
3473777|1|1|1|547.27321979|34737771|2||2||1|1|2|2|2|2|2|2|2||1||1700000
3473778|1|1|1|982.02759228|34737781|2||2||1|1|2|2|1|2|2|2|2||1||1600000
3473779|1|1|1|405.6311381|34737791|2||2||1|1|2|2|2|2|2|2|2||1||2000000
3473780|1|1|1|545.4249831|34737801|2||2||1|1|2|2|2|2|2|2|2||1||1900000
3473781|1|1|1|657.46627042|34737811|2||2||1|1|2|2|2|2|2|2|2||1||2600000
3473782|1|1|1|457.59611023|34737821|2||2||1|1|2|2|2|2|2|2|2||1||1600000
3473783|1|1|1|657.46627042|34737831|2||2||1|1|2|2|2|2|2|1|2||1||1500000
3473784|1|1|1|918.18972639|34737841|2||2||1|1|2|2|2|2|2|2|2||1||99
3473785|1|1|1|491.94227363|34737851|2||2||1|1|2|2|2|2|2|2|2||1||1500000
3473786|1|1|1|771.80227566|34737861|2||2||1|1|1|2|2|2|2|2|2||1||98
3473787|1|1|1|456.02396476|34737871|2||2||1|1|2|2|2|2|2|2|2||1||1300000
3473788|1|1|1|659.31450711|34737881|2||2||1|1|2|2|2|2|2|2|2||1||1300000
3473789|1|1|1|550.20915899|34737891|2||2||1|1|2|2|2|2|2|2|2||1||99
3473790|1|1|1|661.70356314|34737901|2||2||1|1|2|2|2|2|2|2|2||1||5000000
3473791|1|1|1|757.81453622|34737911|2||2||1|1|2|2|2|2|2|2|2||1||6000000
3473792|1|1|1|290.7743908|34737921|2||2||1|1|2|2|2|2|2|2|2||1||10000000
3473793|1|1|1|383.30911477|34737931|2||2||1|1|2|2|2|2|2|2|2||1||99
3473794|1|1|1|561.84371718|34737941|2||2||1|1|2|1|2|2|2|2|2||3||4500000
3473795|1|1|1|918.18972639|34737951|2||2||1|1|2|2|2|2|2|2|2||1||1300000
3473796|1|1|1|499.74047505|34737961|2||2||1|1|2|2|2|2|2|2|2||1||900000
3473797|1|1|1|771.80227566|34737971|2||2||1|1|2|2|2|2|2|2|1||1||750000
3473798|1|1|1|387.69918773|34737981|2||2||1|1|2|2|2|2|2|2|2||1||900000
3473799|1|1|1|446.99929417|34737991|2||2||1|1|2|1|2|2|2|2|2||3||3200000
3473800|1|1|1|556.75447267|34738001|2||2||1|1|2|2|2|2|2|2|1||1||98
3473801|1|1|1|446.99929417|34738011|2||2||1|1|2|2|2|2|2|2|2||1||1000000
3473802|1|1|1|352.38665154|34738021|2||2||1|1|2|2|2|2|2|2|2||1||1300000
3473803|1|1|1|338.52576054|34738031|2||2||1|1|2|2|2|2|2|2|2||1||3800000
3473804|1|1|1|478.58066839|34738041|2||2||1|1|2|2|2|2|2|1|2||1||2000000
3473805|1|1|1|445.43856097|34738051|2||2||1|1|2|2|2|2|2|2|2||1||1800000
3473806|1|1|1|541.98896539|34738061|2||2||1|1|2|2|2|2|2|2|2||1||98
3473807|1|1|1|697.66856107|34738071|2||2||1|1|2|2|2|2|2|2|2||1||1500000
3473808|1|1|1|386.41449308|34738081|2||2||1|1|1|2|2|2|2|2|2||1||2500000
3473809|1|1|1|688.68780293|34738091|2||2||1|1|1|2|2|2|2|2|2||1||2000000
3473810|1|1|1|711.55145852|34738101|2||2||1|1|2|2|2|2|2|2|2||1||3600000
3473811|1|1|1|407.56566707|34738111|2||2||1|1|2|2|2|2|2|1|2||1||1300000
3473812|1|1|1|474.74372945|34738121|2||2||1|1|2|2|2|2|2|1|2||1||1600000
3473813|1|1|1|529.34126942|34738131|2||2||1|1|2|2|2|2|2|1|2||1||2000000
3473814|1|1|1|1271.1428376|34738141|2||2||1|1|2|2|2|2|2|2|2||1||1300000
3473815|1|1|1|771.80227566|34738151|2||2||1|1|2|2|2|2|2|2|2||1||98
3473816|1|1|1|475.5280606|34738161|2||2||1|1|1|2|2|2|2|2|2||1||1800000
3473817|1|1|1|696.2132162|34738171|2||2||1|1|2|2|2|2|2|2|2||1||98
3473818|1|1|1|733.95679865|34738181|2||2||1|1|2|2|2|2|2|2|1||1||600000
3473819|1|1|1|1079.052325|34738191|2||2||1|1|2|2|2|2|2|2|2||1||1600000
3473820|1|1|1|999.95954265|34738201|2||2||1|1|2|2|2|2|2|2|2||1||1300000
3473821|1|1|1|472.03000141|34738211|2||2||1|1|2|2|2|2|2|2|2||1||1300000
3473822|1|1|1|558.3177869|34738221|2||2||1|1|2|2|2|2|2|2|2||1||1300000
3473823|1|1|1|579.13843242|34738231|2||2||1|1|2|2|2|2|2|2|2||1||900000
3473823|1|2|2|579.13843242|34738232|2||2||1|1|2|2|2|2|2|2|2||1||800000
3473824|1|1|1|604.09598171|34738241|2||2||1|1|2|2|2|2|2|2|2||1||1300000
3473825|1|1|1|659.31450711|34738251|2||2||1|1|1|2|2|2|2|2|2||1||1500000
3473826|1|1|1|771.80227566|34738261|2||2||1|1|2|2|2|2|2|2|2||1||2600000
3473827|1|1|1|847.94821722|34738271|2||2||1|1|2|2|2|2|2|2|2||1||98
3473828|1|1|1|771.80227566|34738281|2||2||1|1|1|2|2|2|2|2|2||1||2000000
3473829|1|1|1|145.18954356|34738291|2||2||1|1|2|2|2|2|2|2|2||1||4000000
3473830|1|1|1|175.78277485|34738301|2||2||1|1|2|2|2|2|2|2|2||1||2000000
3473831|1|1|1|138.29633303|34738311|2||2||1|1|2|2|2|2|2|2|2||1||3000000
3473832|1|1|1|79.539006635|34738321|2||2||1|1|2|2|2|2|2|2|2||1||2200000
3473833|1|1|1|72.006657569|34738331|2||2||1|1|2|2|2|2|2|2|1||1||2400000
3473834|1|1|1|163.23279347|34738341|2||2||1|1|2|2|2|2|2|2|2||1||1500000
3473835|1|1|1|159.25393274|34738351|2||2||1|1|2|2|2|2|2|2|1||8||1400000
3473836|1|1|1|167.99322264|34738361|2||2||1|1|1|2|2|2|2|2|2||1||600000
3473837|1|1|1|117.33761047|34738371|2||2||1|2|1|2|2|2|2|2|1||8||1000000
3473838|1|1|1|201.28640489|34738381|2||2||2|1|2|2|2|2|2|2|2||1||1300000
3473839|1|1|1|184.89199269|34738391|2||2||1|1|2|2|2|2|2|2|2||1||2300000
3473840|1|1|1|152.57664292|34738401|2||2||1|2|2|2|2|2|2|2|1||8||1500000
3473841|1|1|1|313.22896042|34738411|2||2||1|1|2|2|1|2|2|2|2||1||2000000
3473842|1|1|1|161.67537942|34738421|2||2||2|1|2|2|2|2|2|2|2||1||3300000
3473843|1|1|1|77.060799145|34738431|2||2||1|1|2|2|2|2|2|2|2||1||900000
3473844|1|1|1|126.97466866|34738441|2||2||2|1|2|1|2|2|2|2|2||3||6000000
3473845|1|1|1|97.939676081|34738451|2||2||1|1|2|2|2|2|2|2|2||1||5500000
3473846|1|1|1|129.03001763|34738461|2||2||1|1|2|1|2|2|2|2|2||1||3300000
3473847|1|1|1|90.40968725|34738471|2||2||2|1|2|2|2|2|2|2|2||1||1500000
3473848|1|1|1|178.26961681|34738481|2||2||1|1|2|2|2|2|2|2|1||1||3000000
3473849|1|1|1|108.26230062|34738491|2||2||1|1|2|1|2|2|2|1|2||1||7500000
3473850|1|1|1|60.578918585|34738501|2||1|2|1|1|2|2|2|2|2|2|1||1||99
3473851|1|1|1|121.8412384|34738511|2||2||1|1|2|1|2|2|2|2|2||3||3000000
3473852|1|1|1|115.55574992|34738521|2||2||1|1|2|1|1|2|2|2|2||3||2800000
3473853|1|1|1|52.804882217|34738531|2||2||1|1|2|2|2|2|2|2|2||1||3500000
3473854|1|1|1|140.93292095|34738541|2||2||1|1|2|2|2|2|2|2|2||1||2800000
3473855|1|1|1|103.38874086|34738551|2||2||1|1|2|2|2|2|2|2|2||1||1300000
3473856|1|1|1|52.804882217|34738561|2||2||1|1|2|2|2|2|2|2|2||1||99
3473857|1|1|1|176.12519246|34738571|2||2||1|1|2|2|1|2|2|2|2||1||1662000
3473858|1|1|1|125.98953702|34738581|2||2||1|1|2|2|1|2|2|2|2||1||2100000
3473859|1|1|1|52.804882217|34738591|2||2||1|1|2|2|1|2|2|2|1||1||800000
3473860|1|1|1|121.8412384|34738601|2||2||1|1|2|1|2|2|2|2|2||1||3600000
3473861|1|1|1|128.43466524|34738611|1|1|2||1|1|2|1|2|2|2|1|2||3||3600000
3473862|1|1|1|166.14714327|34738621|2||2||1|2|2|1|2|2|2|2|2||3||2500000
3473863|1|1|1|90.915082212|34738631|2||2||1|1|2|2|2|2|2|2|2||1||1550000
3473864|1|1|1|135.32787578|34738641|2||2||1|2|2|1|2|2|2|2|2||3||1300000
3473865|1|1|1|144.96350736|34738651|2||1|1|1|1|2|2|2|2|2|2|1||8||2500000
3473866|1|1|1|175.78277485|34738661|2||2||2|1|2|2|2|2|2|2|2||1||2300000
3473867|1|1|1|425.68899871|34738671|2||2||1|1|2|2|2|2|2|2|2||1||3000000
3473868|1|1|1|179.63127446|34738681|2||2||1|1|2|2|2|2|2|2|2||1||1800000
3473869|1|1|1|83.176735585|34738691|2||2||1|2|1|2|2|2|2|2|1||8||680000
3473870|1|1|1|87.640910027|34738701|2||2||1|2|2|2|2|2|2|2|1||8||800000
3473871|1|1|1|275.68430393|34738711|2||2||1|1|2|2|2|2|2|2|2||1||1900000
3473872|1|1|1|115.72766168|34738721|2||2||1|1|1|2|2|2|2|2|2||1||2800000
3473873|1|1|1|148.77767376|34738731|2||2||1|1|2|2|2|2|2|2|2||1||2500000
3473874|1|1|1|266.07123816|34738741|2||2||1|1|2|2|1|2|2|2|2||1||2800000
3473875|1|1|1|135.28335387|34738751|2||2||1|1|2|2|2|2|2|2|2||1||2200000
3473876|1|1|1|70.533345944|34738761|2||2||1|1|2|2|2|2|2|2|2||1||8000000
3473877|1|1|1|144.84074923|34738771|1|1|2||1|1|2|2|2|2|2|2|2||1||2600000
3473878|1|1|1|230.42130422|34738781|2||2||1|1|2|2|2|2|2|2|2||1||5000000
3473879|1|1|1|80.364166445|34738791|1|1|2||1|1|2|1|2|2|2|1|2||1||9400000
3473880|1|1|1|72.262068322|34738801|2||2||2|1|2|2|2|2|2|2|2||1||5000000
3473881|1|1|1|230.42130422|34738811|2||2||1|1|2|1|2|2|2|1|2||1||7000000
3473882|1|1|1|63.92722378|34738821|2||2||1|1|2|2|1|2|2|2|2||1||5000000
3473883|1|1|1|230.42130422|34738831|2||2||1|1|2|2|2|2|2|2|2||1||6000000
3473884|1|1|1|109.10279195|34738841|2||2||1|1|2|2|2|2|2|2|2||1||1300000
3473885|1|1|1|72.174867081|34738851|2||2||1|2|2|1|2|2|2|2|1||3||3000000
3473886|1|1|1|173.39550863|34738861|2||2||1|1|2|2|2|2|2|2|1||8||1000000
3473887|1|1|1|112.09763909|34738871|2||2||1|1|2|2|2|2|2|2|1||8||900000
3473888|1|1|1|134.9866668|34738881|2||2||1|1|2|2|2|2|2|2|2||1||1000000
3473889|1|1|1|141.13011331|34738891|2||2||1|1|2|2|2|2|2|2|2||1||4000000
3473890|1|1|1|85.707654659|34738901|1|1|2||1|2|2|1|2|2|2|2|2||3||2500000
3473891|1|1|1|105.22652407|34738911|2||2||1|1|2|2|2|2|2|2|2||1||1300000
3473892|1|1|1|100.96437554|34738921|2||2||1|1|2|1|2|2|2|1|2||3||5000000
3473893|1|1|1|85.707654659|34738931|2||2||1|1|2|2|2|2|2|2|2||1||1300000
3473894|1|1|1|81.341954653|34738941|2||2||1|1|2|2|2|2|2|2|2||1||1000000
3473895|1|1|1|124.74539349|34738951|2||2||1|2|2|1|2|2|2|2|2||3||10000000
3473896|1|1|1|83.758348308|34738961|2||2||1|2|2|2|2|2|2|2|1||8||1000000
3473897|1|1|1|111.32909074|34738971|2||2||1|1|2|2|2|2|2|2|2||1||3000000
3473898|1|1|1|210.04892456|34738981|2||2||1|1|2|1|2|2|2|2|2||1||2700000
3473899|1|1|1|94.197746154|34738991|2||1|1|1|2|2|1|2|2|2|2|2||3||1300000
3473900|1|1|1|127.57737694|34739001|2||2||1|2|2|2|2|2|2|1|2||7||600000
3473901|1|1|1|84.822428958|34739011|2||2||1|1|2|1|2|2|2|2|2||3||1100000
3473902|1|1|1|46.488643592|34739021|2||2||1|1|2|2|2|2|2|2|1||8||1500000
3473903|1|1|1|277.10148223|34739031|2||2||1|1|2|2|2|2|2|2|2||1||2600000
3473904|1|1|1|134.97862346|34739041|2||2||1|1|2|2|2|2|2|2|2||1||2000000
3473905|1|1|1|119.63294555|34739051|2||2||1|1|2|2|2|2|2|2|1||1||1400000
3473906|1|1|1|192.85652265|34739061|2||2||1|1|2|2|2|2|2|2|2||1||99
3473907|1|1|1|196.29977298|34739071|2||2||1|1|2|1|2|2|2|1|2||7||12000000
3473908|1|1|1|282.15264557|34739081|2||2||1|1|2|1|2|2|2|1|2||3||6000000
3473909|1|1|1|85.074532461|34739091|2||2||1|1|2|1|2|2|2|2|2||3||99
3473910|1|1|1|192.66334768|34739101|2||2||1|1|2|2|2|2|2|2|1||8||1100000
3473911|1|1|1|250.03036606|34739111|1|1|2||1|1|2|1|2|2|2|1|2||1||6000000
3473912|1|1|1|117.54110635|34739121|1|1|1|1|1|1|2|2|2|2|2|2|2||1||7000000
3473913|1|1|1|510.44719477|34739131|2||2||1|1|2|2|2|2|2|2|2||1||14000000
3473914|1|1|1|212.23102427|34739141|2||2||1|1|2|2|2|2|2|2|2||1||5800000
3473915|1|1|1|587.27259026|34739151|2||2||2|2|2|1|2|2|2|2|2||3||1500000
3473916|1|1|1|436.60423677|34739161|2||2||1|1|2|2|1|2|2|2|2||1||10000000
3473917|1|1|1|386.15952933|34739171|2||2||1|1|2|2|2|2|2|2|2||1||15000000
3473918|1|1|1|651.37483895|34739181|2||2||2|1|2|2|2|2|2|2|2||1||9400000
3473919|1|1|1|754.89309218|34739191|2||2||1|1|2|1|2|2|2|1|2||1||4000000
3473920|1|1|1|729.44846859|34739201|2||2||1|1|2|1|2|2|2|2|2||3||1300000
3473921|1|1|1|587.27259026|34739211|2||2||1|1|2|1|2|2|2|2|2||1||98
3473922|1|1|1|386.15952933|34739221|2||2||1|1|1|2|2|2|2|2|2||1||4000000
3473926|1|1|1|449.77989248|34739261|2||2||1|1|2|2|2|2|2|1|1||1||4100000
3473927|1|1|1|621.94931744|34739271|2||2||1|2|2|2|2|2|2|2|1||8||5000000
3473928|1|1|1|483.1419879|34739281|2||2||1|2|2|1|2|2|2|2|2||3||1500000
3473929|1|1|1|344.51751706|34739291|2||2||1|1|2|1|2|2|2|2|2||1||4000000
3473930|1|1|1|515.12800267|34739301|2||2||1|1|2|2|2|2|2|2|2||1||8000000
3473931|1|1|1|331.90554402|34739311|2||2||1|1|2|2|2|2|2|2|2||1||2500000
3473932|1|1|1|449.96275118|34739321|2||2||1|1|2|2|2|2|2|1|2||1||2000000
3473933|1|1|1|615.4160103|34739331|2||2||1|1|1|2|2|2|2|2|2||1||1600000
3473934|1|1|1|483.1419879|34739341|2||2||1|1|2|2|2|2|2|2|2||1||3000000
3473935|1|1|1|313.5598582|34739351|2||2||1|1|2|2|2|2|2|2|2||1||2000000
3473936|1|1|1|230.67348609|34739361|2||2||1|1|2|2|2|2|2|2|2||1||1600000
3473937|1|1|1|540.11462526|34739371|2||2||1|1|2|2|2|2|2|2|2||1||2000000
3473938|1|1|1|455.19162496|34739381|2||2||1|2|2|1|2|2|2|2|2||3||1250000
3473939|1|1|1|299.31004199|34739391|2||2||1|1|2|2|2|2|2|2|2||1||4500000
3473940|1|1|1|516.75926597|34739401|2||2||1|1|2|2|1|2|2|2|2||1||1900000
3473941|1|1|1|503.32437896|34739411|2||2||1|1|2|2|2|2|2|2|2||1||6780000
3473942|1|1|1|609.94901536|34739421|2||2||2|1|2|2|2|2|2|2|2||1||2300000
3473943|1|1|1|571.5466821|34739431|2||2||1|2|2|1|2|2|2|2|2||3||1300000
3473944|1|1|1|230.67348609|34739441|2||2||1|1|2|2|2|2|2|2|2||1||900000
3473945|1|1|1|299.31004199|34739451|2||2||1|1|2|2|2|2|2|2|2||1||2920000
3473946|1|1|1|612.51291983|34739461|2||2||1|1|2|2|2|2|2|1|1||7||1500000
3473947|1|1|1|445.49154271|34739471|2||2||1|1|2|2|2|2|2|2|2||1||900000
3473948|1|1|1|459.54972241|34739481|2||2||2|1|2|2|2|2|2|2|2||1||1460000
3473949|1|1|1|592.25489522|34739491|2||2||1|2|2|2|2|2|2|2|1||8||700000
3473950|1|1|1|728.41576137|34739501|2||2||1|1|2|2|2|2|2|2|2||1||4000000
3473951|1|1|1|559.68399574|34739511|2||2||1|2|2|2|2|2|2|1|1||7||1500000
3473952|1|1|1|357.49162211|34739521|2||2||1|1|2|2|2|2|2|1|2||7||900000
3473953|1|1|1|439.2916978|34739531|2||2||1|1|2|1|2|2|2|2|2||1||3500000
3473954|1|1|1|412.92064323|34739541|2||2||1|1|2|2|2|2|2|2|2||1||1460000
3473955|1|1|1|310.15460873|34739551|2||2||1|1|2|2|2|2|2|2|2||1||2200000
3473956|1|1|1|527.11309626|34739561|2||2||1|1|2|2|2|2|2|2|2||1||1460000
3473957|1|1|1|941.43070556|34739571|2||2||1|1|2|2|2|2|2|2|2||1||1500000
3473958|1|1|1|573.89444828|34739581|2||2||1|1|2|2|2|2|2|2|2||1||4000000
3473959|1|1|1|597.94965382|34739591|2||2||1|2|2|1|2|2|2|2|2||3||1330000
3473960|1|1|1|755.87257239|34739601|2||2||1|1|2|2|2|2|2|2|2||1||1460000
3473961|1|1|1|443.33541774|34739611|2||2||1|1|2|2|2|2|2|1|2||1||3000000
3473962|1|1|1|476.21949894|34739621|2||2||1|1|2|2|2|2|2|2|2||1||1460000
3473964|1|1|1|476.21949894|34739641|1|1|2||1|2|2|1|2|2|2|1|2||3||4000000
3473965|1|1|1|291.59835008|34739651|2||2||1|1|2|2|2|2|2|2|2||1||2000000
3473966|1|1|1|330.10647912|34739661|2||2||1|1|2|1|2|2|2|2|2||1||2920000
3473967|1|1|1|898.92083146|34739671|2||2||1|1|2|2|2|2|2|2|2||1||1400000
3473968|1|1|1|241.09671037|34739681|2||2||2|1|2|2|2|2|2|2|2||1||1600000
3473969|1|1|1|556.82084166|34739691|2||2||1|1|2|2|2|2|2|2|2||1||1200000
3473970|1|1|1|310.64435613|34739701|2||2||1|1|2|2|2|2|2|2|2||1||1200000
3473971|1|1|1|575.8668477|34739711|2||2||1|2|2|2|2|2|2|2|1||8||1400000
3473972|1|1|1|493.9065167|34739721|2||2||1|1|2|1|2|2|2|1|2||3||2000000
3473973|1|1|1|322.51902574|34739731|2||2||1|2|2|1|2|2|2|2|2||3||2500000
3473974|1|1|1|229.98095122|34739741|1|1|2||1|1|2|2|2|2|2|2|2||1||10000000
3473975|1|1|1|332.73758029|34739751|2||2||1|1|2|1|2|2|2|1|2||1||3000000
3473976|1|1|1|421.95144023|34739761|2||2||1|1|2|1|2|2|2|2|2||1||15000000
3473977|1|1|1|405.51153247|34739771|2||2||1|1|2|2|2|2|2|2|2||1||1200000
3473978|1|1|1|217.57970125|34739781|2||2||1|1|2|2|2|2|2|2|2||1||1200000
3473979|1|1|1|561.7228548|34739791|2||2||1|1|2|2|2|2|2|2|2||1||2920000
3473980|1|1|1|464.75035952|34739801|2||2||1|1|1|2|1|2|2|2|2||1||1100000
3473981|1|1|1|311.9680908|34739811|2||2||1|2|2|2|2|2|2|2|1||8||500000
3473982|1|1|1|282.32022076|34739821|2||2||1|2|2|2|2|2|2|2|1||8||700000
3473983|1|1|1|311.9680908|34739831|2||2||1|2|2|2|2|2|2|2|1||8||500000
3473984|1|1|1|294.95426804|34739841|2||2||1|1|2|1|2|2|2|2|2||3||3720000
3473985|1|1|1|405.51153247|34739851|2||2||1|2|2|2|2|2|2|2|1||8||500000
3473986|1|1|1|429.35345301|34739861|2||2||1|2|2|1|2|2|2|2|2||3||1300000
3473987|1|1|1|405.51153247|34739871|2||2||1|2|2|2|2|2|2|2|1||8||700000
3473988|1|1|1|290.37698294|34739881|2||2||1|1|2|2|2|2|2|2|2||1||900000
3473989|1|1|1|270.33335249|34739891|2||2||1|1|2|2|2|2|2|2|2||1||2300000
3473990|1|1|1|274.14864167|34739901|2||2||1|1|2|2|2|2|2|2|2||1||1600000
3473991|1|1|1|196.13592475|34739911|2||2||1|1|2|2|2|2|2|2|2||1||3200000
3473992|1|1|1|286.61511835|34739921|2||2||1|1|2|2|2|2|2|2|2||1||2920000
3473993|1|1|1|586.91912641|34739931|2||2||1|1|2|2|1|2|2|2|2||1||1860000
3473994|1|1|1|175.98243453|34739941|2||2||1|1|2|2|2|2|2|2|2||1||4380000
3473995|1|1|1|319.12522548|34739951|2||2||1|1|2|2|2|2|2|2|2||1||1460000
3473996|1|1|1|219.44933278|34739961|2||2||1|1|2|2|2|2|2|2|2||1||4500000
3473997|1|1|1|373.66125|34739971|2||2||1|1|2|2|2|2|2|2|2||1||1460000
3473998|1|1|1|274.14864167|34739981|2||2||1|1|2|2|2|2|2|2|2||1||1700000
3473999|1|1|1|360.29799029|34739991|2||2||1|1|2|1|2|2|2|2|2||3||3000000
3474000|1|1|1|196.12818141|34740001|2||2||1|1|2|1|2|2|2|2|2||3||4220000
3474001|1|1|1|459.22789394|34740011|2||2||1|1|2|1|2|2|2|2|2||3||2800000
3474002|1|1|1|360.44446999|34740021|2||2||1|1|2|2|2|2|2|2|2||1||1000000
3474003|1|1|1|271.10780171|34740031|2||2||1|1|2|2|2|2|2|2|2||1||3000000
3474004|1|1|1|196.12818141|34740041|2||2||1|1|2|2|2|2|2|2|2||1||2700000
3474005|1|1|1|425.50030064|34740051|2||2||1|1|2|2|2|2|2|2|2||1||1460000
3474006|1|1|1|399.11729435|34740061|2||2||1|1|2|1|2|2|2|2|2||3||2000000
3474007|1|1|1|302.49291101|34740071|2||2||1|2|2|1|2|2|2|2|2||3||5000000
3474008|1|1|1|399.11729435|34740081|2||2||1|2|2|1|2|2|2|2|2||3||4200000
3474009|1|1|1|262.43851508|34740091|2||2||1|1|2|2|2|2|2|2|2||1||4500000
3474010|1|1|1|257.04143527|34740101|2||2||1|1|2|2|2|2|2|2|2||1||3500000
3474011|1|1|1|289.99850694|34740111|2||2||1|1|2|2|2|2|2|2|2||1||1460000
3474012|1|1|1|435.40068474|34740121|2||2||1|1|2|2|2|2|2|2|2||1||500000
3474013|1|1|1|486.56593501|34740131|2||2||1|2|2|1|2|2|2|2|2||3||2600000
3474014|1|1|1|405.33523907|34740141|2||2||1|1|2|2|2|2|2|2|2||1||1300000
3474015|1|1|1|329.99226656|34740151|2||2||1|1|2|2|2|2|2|2|2||1||1500000
3474016|1|1|1|554.60415158|34740161|2||2||1|1|2|1|2|2|2|2|2||1||2600000
3474017|1|1|1|882.57681634|34740171|2||2||1|1|2|2|2|2|2|2|2||1||3000000
3474018|1|1|1|573.3038666|34740181|2||2||1|1|2|1|2|2|2|2|2||3||2760000
3474019|1|1|1|220.64420409|34740191|2||2||1|1|2|2|2|2|2|1|2||1||2100000
3474020|1|1|1|286.2965619|34740201|2||2||1|1|2|2|2|2|2|2|2||1||1460000
3474021|1|1|1|220.64420409|34740211|2||2||1|1|2|2|2|2|2|2|2||1||4380000
3474022|1|1|1|314.3512568|34740221|2||2||1|1|2|2|2|2|2|2|2||1||200000
3474023|1|1|1|430.85810617|34740231|2||2||1|1|2|2|2|2|2|2|2||1||2920000
3474024|1|1|1|515.01527329|34740241|2||2||1|1|2|2|2|2|2|2|2||1||2000000
3474025|1|1|1|395.71604749|34740251|2||2||2|1|2|2|2|2|2|1|2||1||1800000
3474026|1|1|1|333.49704351|34740261|2||2||1|1|2|1|2|2|2|2|2||3||3500000
3474027|1|1|1|606.31968589|34740271|2||2||1|1|2|2|2|2|2|2|2||1||1960000
3474028|1|1|1|169.00338541|34740281|2||2||1|1|2|2|2|2|2|2|2||1||7000000
3474029|1|1|1|237.80912497|34740291|2||2||1|1|2|1|2|2|2|2|2||1||2760000
3474030|1|1|1|169.00338541|34740301|2||2||1|1|2|2|2|2|2|2|2||1||2920000
3474031|1|1|1|371.04439638|34740311|2||2||1|1|1|2|2|2|2|2|2||1||780000
3474032|1|1|1|230.72734755|34740321|2||2||2|1|2|2|2|2|2|2|2||1||1460000
3474033|1|1|1|433.20917453|34740331|2||2||1|1|1|2|2|2|2|2|2||1||2660000
3474034|1|1|1|258.38069873|34740341|2||2||1|2|2|1|2|2|2|2|2||3||1300000
3474035|1|1|1|125.54537202|34740351|2||2||1|1|2|2|2|2|2|2|2||1||1500000
3474036|1|1|1|167.33263761|34740361|2||2||1|1|2|2|2|2|2|2|1||1||1300000
3474037|1|1|1|76.854998569|34740371|2||2||1|1|2|2|2|2|2|2|2||1||1300000
3474038|1|1|1|168.71956801|34740381|2||2||1|1|2|2|2|2|2|2|2||1||1300000
3474039|1|1|1|162.33637041|34740391|2||2||1|1|2|2|2|2|2|2|2||1||1100000
3474040|1|1|1|119.30245101|34740401|2||2||1|1|2|2|1|2|2|2|2||1||1600000
3474041|1|1|1|105.70020202|34740411|2||2||1|1|2|2|2|2|2|2|2||1||1500000
3474042|1|1|1|70.471800967|34740421|2||2||1|1|2|2|2|2|2|2|2||1||2000000
3474043|1|1|1|96.921407317|34740431|2||2||1|1|2|2|2|2|2|1|2||1||2000000
3474044|1|1|1|89.849008717|34740441|2||2||1|1|1|2|2|2|2|2|2||1||3000000
3474045|1|1|1|61.706064925|34740451|2||2||1|1|2|2|2|2|2|2|2||1||3500000
3474046|1|1|1|61.706064925|34740461|2||2||1|1|2|2|2|2|2|2|2||1||1800000
3474047|1|1|1|149.49278558|34740471|2||2||1|1|2|2|2|2|2|2|2||1||1900000
3474048|1|1|1|135.79478947|34740481|2||2||1|1|2|2|2|2|2|2|2||1||3000000
3474049|1|1|1|173.34509902|34740491|2||2||1|1|2|2|1|2|2|2|1||1||2500000
3474050|1|1|1|120.12479406|34740501|2||2||1|1|2|2|2|2|2|2|2||1||3000000
3474051|1|1|1|66.121349061|34740511|2||2||1|1|2|2|2|2|2|2|2||1||2500000
3474052|1|1|1|103.80409471|34740521|2||2||1|1|2|2|2|2|2|2|2||1||3000000
3474053|1|1|1|140.52632942|34740531|2||2||1|1|2|2|2|2|2|2|2||1||3000000
3474054|1|1|1|74.598621964|34740541|2||2||1|1|2|2|2|2|2|2|2||1||4500000
3474055|1|1|1|143.65894449|34740551|2||2||1|1|2|2|2|2|2|2|2||1||2000000
3474056|1|1|1|122.43914429|34740561|2||2||1|1|2|2|2|2|2|2|2||1||2000000
3474057|1|1|1|229.09836754|34740571|2||2||1|1|2|2|2|2|2|2|2||1||1300000
3474058|1|1|1|126.95431707|34740581|2||2||1|1|2|2|2|2|2|2|2||1||1600000
3474059|1|1|1|195.17545753|34740591|2||2||1|1|2|2|2|2|2|2|2||1||1800000
3474060|1|1|1|75.251298689|34740601|2||2||1|1|2|2|2|2|2|2|2||1||600000
3474061|1|1|1|162.78975091|34740611|2||2||1|1|1|2|2|2|2|2|1||8||500000
3474062|1|1|1|207.46261107|34740621|2||2||1|1|2|2|2|2|2|2|2||1||2000000
3474063|1|1|1|97.284808315|34740631|2||2||1|1|1|2|2|2|2|2|2||1||1500000
3474064|1|1|1|115.18821397|34740641|2||2||1|1|2|2|2|2|2|1|2||1||2500000
3474065|1|1|1|243.07770013|34740651|2||2||1|1|2|2|2|2|2|2|2||1||2000000
3474066|1|1|1|179.08118329|34740661|2||2||1|1|2|2|2|2|2|2|2||1||3000000
3474067|1|1|1|208.70183042|34740671|2||2||1|1|2|2|2|2|2|2|2||1||2700000
3474068|1|1|1|243.07770013|34740681|2||2||1|1|2|2|2|2|2|2|2||1||2500000
3474069|1|1|1|115.87243182|34740691|2||2||1|1|2|2|2|2|2|2|1||1||3500000
3474070|1|1|1|90.301558427|34740701|2||2||1|1|2|2|2|2|2|2|2||1||1600000
3474071|1|1|1|195.3477011|34740711|2||2||1|1|2|2|2|2|2|2|2||1||600000
3474072|1|1|1|90.301558427|34740721|2||2||1|1|1|2|2|2|2|2|2||1||500000
3474073|1|1|1|246.58689177|34740731|2||2||1|1|2|2|2|2|2|2|2||1||3000000
3474074|1|1|1|90.301558427|34740741|2||2||1|1|1|2|2|2|2|2|2||1||1300000
3474075|1|1|1|90.301558427|34740751|2||2||1|1|2|2|2|2|2|2|2||1||600000
3474076|1|1|1|103.66939257|34740761|2||2||1|1|2|2|2|2|2|2|2||1||1000000
3474077|1|1|1|197.44740512|34740771|2||2||1|1|1|2|2|2|2|2|2||1||1600000
3474078|1|1|1|136.92095643|34740781|2||2||1|1|1|2|2|2|2|2|2||1||1500000
3474079|1|1|1|147.59604083|34740791|2||2||1|1|2|2|2|2|2|2|1||8||500000
3474080|1|1|1|205.27033642|34740801|2||2||1|1|1|2|2|2|2|2|2||1||1000000
3474081|1|1|1|149.18248387|34740811|2||2||1|1|2|2|2|2|2|2|2||1||3000000
3474082|1|1|1|121.30993649|34740821|2||2||1|1|2|2|2|2|2|2|2||1||1600000
3474083|1|1|1|191.46991438|34740831|2||2||1|1|2|2|2|2|2|2|2||1||1300000
3474084|1|1|1|143.4706364|34740841|2||2||1|1|1|2|2|2|1|2|2||1||1500000
3474085|1|1|1|191.32527588|34740851|2||2||1|1|2|2|2|2|2|2|2||1||2000000
3474086|1|1|1|167.72361309|34740861|2||2||1|1|2|2|2|2|2|2|2||1||1100000
3474087|1|1|1|153.49279241|34740871|2||2||1|1|2|2|2|2|2|2|2||1||1800000
3474088|1|1|1|204.41843379|34740881|2||2||1|1|2|2|2|2|2|2|2||1||1000000
3474089|1|1|1|208.42007851|34740891|2||2||1|1|2|2|2|2|2|2|2||1||1300000
3474090|1|1|1|305.27568144|34740901|2||1|3|1|1|2|2|2|2|2|2|1||1||1500000
3474091|1|1|1|249.12757051|34740911|2||1|3|1|1|2|2|2|2|2|2|1||1||1500000
3474092|1|1|1|103.66939257|34740921|2||2||1|1|2|2|2|2|2|2|2||1||900000
3474093|1|1|1|198.72408215|34740931|2||2||1|1|2|2|2|2|2|2|2||1||1500000
3474094|1|1|1|90.301558427|34740941|2||2||1|1|2|2|2|2|2|2|2||1||1000000
3474095|1|1|1|103.66939257|34740951|2||2||1|1|2|1|2|2|2|2|2||1||1200000
3474096|1|1|1|162.04117684|34740961|2||2||1|1|2|2|1|2|2|2|2||1||1100000
3474097|1|1|1|219.38572619|34740971|2||2||1|1|2|2|2|2|2|2|2||1||2000000
3474098|1|1|1|77.708604464|34740981|2||2||1|1|2|2|2|2|2|2|1||1||1800000
3474099|1|1|1|109.75421168|34740991|2||2||1|1|2|2|2|2|2|2|1||1||700000
3474100|1|1|1|171.2439772|34741001|2||2||1|1|1|2|2|2|2|2|2||1||1700000
3474101|1|1|1|109.75421168|34741011|2||2||1|1|2|2|1|2|2|2|2||1||1100000
3474102|1|1|1|182.69355171|34741021|2||2||1|1|2|2|2|2|2|2|2||1||1000000
3474103|1|1|1|100.31091983|34741031|2||2||1|1|1|2|2|2|2|2|1||8||1100000
3474104|1|1|1|211.13413188|34741041|2||2||1|1|2|2|2|2|2|2|1||1||1200000
3474105|1|1|1|146.34392724|34741051|2||2||1|1|2|2|2|2|1|2|2||1||1500000
3474106|1|1|1|119.23444929|34741061|2||2||1|1|2|2|2|2|2|2|2||1||1300000
3474107|1|1|1|54.180935056|34741071|2||2||1|1|1|2|2|2|2|2|2||1||1500000
3474108|1|1|1|62.201635542|34741081|2||2||1|1|1|2|2|2|2|2|2||1||900000
3474109|1|1|1|109.1008254|34741091|2||2||1|1|2|2|2|2|2|2|2||1||1000000
3474110|1|1|1|149.47654231|34741101|2||2||1|1|2|2|2|2|2|2|2||1||1200000
3474111|1|1|1|117.20862066|34741111|2||2||1|1|2|2|2|2|2|2|2||1||800000
3474112|1|1|1|137.44903353|34741121|2||2||1|1|2|2|2|2|2|2|2||1||1000000
3474113|1|1|1|55.290342704|34741131|2||2||1|2|2|1|2|2|2|2|2||3||3000000
3474114|1|1|1|127.69683955|34741141|2||2||1|1|2|2|2|2|2|2|2||1||1500000
3474115|1|1|1|58.446107927|34741151|2||2||1|1|2|2|2|2|2|1|2||1||2500000
3474116|1|1|1|142.20412786|34741161|2||2||1|1|2|2|2|2|2|2|2||1||1200000
3474117|1|1|1|105.98617715|34741171|2||2||1|1|2|2|2|2|2|2|2||1||2000000
3474118|1|1|1|85.958967978|34741181|2||2||1|1|2|2|1|2|2|2|2||1||1800000
3474119|1|1|1|50.204010269|34741191|2||2||1|1|2|2|1|2|2|2|2||1||1600000
3474120|1|1|1|54.180935056|34741201|2||2||1|1|2|2|2|2|2|2|2||1||1500000
3474121|1|1|1|54.180935056|34741211|2||2||1|1|1|2|2|2|2|2|2||1||1800000
3474122|1|1|1|62.201635542|34741221|2||2||1|1|1|2|2|2|2|2|2||1||1000000
3474123|1|1|1|65.104174535|34741231|2||2||1|1|1|2|2|2|2|2|1||1||1300000
3474124|1|1|1|108.73134776|34741241|2||2||1|1|2|2|1|2|2|2|2||1||1800000
3474125|1|1|1|167.1700434|34741251|2||2||1|1|1|2|2|2|2|2|2||1||2000000
3474126|1|1|1|91.407108289|34741261|2||2||1|1|2|2|2|2|2|2|2||1||2500000
3474127|1|1|1|92.931515535|34741271|2||2||1|1|2|2|1|2|2|2|2||1||1300000
3474128|1|1|1|161.48124805|34741281|2||2||1|2|2|2|2|2|2|2|1||8||800000
3474129|1|1|1|234.89800288|34741291|2||2||1|1|2|2|2|2|2|2|2||1||1500000
3474130|1|1|1|213.74685453|34741301|2||2||1|1|2|2|2|2|2|2|2||1||6000000
3474131|1|1|1|218.91481208|34741311|2||2||1|2|2|1|2|2|2|2|2||3||1800000
3474132|1|1|1|267.22941591|34741321|2||2||1|1|2|2|2|2|2|2|2||1||6000000
3474133|1|1|1|218.91481208|34741331|2||2||1|2|2|1|2|2|2|1|1||3||1800000
3474134|1|1|1|137.95070465|34741341|2||2||1|1|2|2|2|2|2|2|2||1||1400000
3474135|1|1|1|305.02216739|34741351|2||2||1|1|2|2|2|2|2|1|2||1||2000000
3474136|1|1|1|213.74685453|34741361|2||2||1|1|2|2|2|2|2|2|2||1||1500000
3474137|1|1|1|327.40270547|34741371|2||2||1|1|2|2|2|2|2|2|2||1||2500000
3474138|1|1|1|199.9437146|34741381|2||2||1|1|2|2|2|2|2|2|2||1||1300000
3474139|1|1|1|199.9437146|34741391|2||2||1|2|2|2|2|2|2|2|1||8||98
3474140|1|1|1|177.37690987|34741401|2||2||1|1|2|2|2|2|2|2|2||1||1200000
3474141|1|1|1|197.98092616|34741411|2||2||1|1|2|1|2|2|2|2|1||3||1600000
3474142|1|1|1|103.09252896|34741421|2||2||1|1|2|2|2|2|2|2|2||1||1600000
3474143|1|1|1|186.80228447|34741431|2||2||1|1|2|2|2|2|2|2|2||1||2000000
3474144|1|1|1|209.3690892|34741441|2||2||1|1|2|2|2|2|2|2|2||1||1800000
3474145|1|1|1|174.831099|34741451|2||2||1|1|2|2|2|2|2|2|2||1||1300000
3474146|1|1|1|100.06241937|34741461|2||2||1|1|2|1|2|2|2|2|2||3||2500000
3474147|1|1|1|216.04001405|34741471|2||2||1|1|2|1|2|2|2|2|2||1||2000000
3474148|1|1|1|150.2260485|34741481|2||2||1|1|2|1|2|2|2|2|2||3||2000000
3474149|1|1|1|169.09043589|34741491|2||2||1|1|2|2|1|2|2|2|2||1||5000000
3474150|1|1|1|237.102973|34741501|2||2||1|1|2|1|2|2|2|2|2||3||1800000
3474151|1|1|1|156.83449223|34741511|2||2||1|1|2|2|2|2|2|2|2||1||1600000
3474152|1|1|1|168.8056777|34741521|2||2||1|1|2|2|2|2|2|2|2||1||2000000
3474153|1|1|1|141.3459127|34741531|2||2||1|1|2|2|2|2|2|2|2||1||3000000
3474154|1|1|1|146.58611228|34741541|2||2||1|1|2|2|2|2|2|2|2||1||1300000
3474155|1|1|1|186.80228447|34741551|2||2||1|1|2|2|2|2|2|2|2||1||1800000
3474156|1|1|1|193.47320932|34741561|2||2||1|1|2|2|2|2|2|2|2||1||2000000
3474157|1|1|1|96.421604102|34741571|2||2||1|1|2|2|2|2|2|2|2||1||1800000
3474158|1|1|1|174.89270108|34741581|2||2||1|1|2|2|2|2|2|2|2||1||2000000
3474159|1|1|1|304.79521778|34741591|2||2||2|1|2|2|2|2|2|2|2||1||1400000
3474160|1|1|1|362.87941959|34741601|2||2||1|1|2|2|2|2|2|2|2||1||1000000
3474161|1|1|1|350.51126975|34741611|2||2||1|1|2|2|2|2|2|2|2||1||1200000
3474162|1|1|1|394.45276551|34741621|2||2||1|1|2|2|2|2|2|2|2||1||1500000
3474163|1|1|1|362.76226748|34741631|2||2||1|1|2|2|2|2|2|2|2||1||1200000
3474164|1|1|1|332.58170601|34741641|2||2||1|1|2|2|2|2|2|2|2||1||800000
3474165|1|1|1|274.73180842|34741651|2||2||1|1|2|2|2|2|2|2|2||1||3000000
3474166|1|1|1|362.76226748|34741661|2||2||1|1|2|2|2|2|2|2|2||1||1300000
3474167|1|1|1|350.25428337|34741671|2||2||1|1|2|2|2|2|2|2|2||1||900000
3474168|1|1|1|211.60016546|34741681|2||2||2|1|2|2|2|2|2|2|2||1||1200000
3474169|1|1|1|280.83766026|34741691|2||2||1|1|2|2|2|2|2|2|2||1||1300000
3474170|1|1|1|307.80004202|34741701|2||2||1|1|1|2|2|2|2|2|1||8||1500000
3474171|1|1|1|250.7742509|34741711|2||2||1|2|2|2|2|2|2|2|1||8||900000
3474172|1|1|1|332.58170601|34741721|2||2||1|1|2|2|2|2|2|2|2||1||1800000
3474173|1|1|1|332.58170601|34741731|2||2||1|1|2|2|2|2|2|2|2||1||900000
3474174|1|1|1|250.7742509|34741741|2||2||1|1|2|2|2|2|2|2|1||8||900000
3474175|1|1|1|285.35406927|34741751|2||2||1|1|2|2|2|2|2|2|2||1||800000
3474176|1|1|1|285.35406927|34741761|2||2||1|1|2|2|2|2|2|2|1||8||800000
3474177|1|1|1|216.91510932|34741771|2||2||1|1|2|2|2|2|2|1|2||1||1300000
3474178|1|1|1|137.96730222|34741781|2||2||2|1|2|2|2|2|2|2|2||1||1800000
3474179|1|1|1|207.48883212|34741791|2||2||1|1|2|2|2|2|2|2|2||1||2800000
3474180|1|1|1|204.64980834|34741801|2||2||1|1|2|1|2|2|2|2|2||3||2000000
3474181|1|1|1|203.9696155|34741811|2||2||1|1|2|2|2|2|2|2|2||1||900000
3474182|1|1|1|273.65002248|34741821|2||2||1|1|2|2|2|2|2|2|2||1||3000000
3474183|1|1|1|182.97357427|34741831|2||2||1|2|2|1|2|2|2|2|2||3||2600000
3474184|1|1|1|182.97357427|34741841|2||2||2|1|2|1|2|2|2|2|2||3||1600000
3474185|1|1|1|132.67948151|34741851|2||2||1|2|2|1|2|2|2|2|2||3||1900000
3474186|1|1|1|225.64584956|34741861|2||2||1|1|2|2|2|2|2|2|2||1||4000000
3474187|1|1|1|254.9439011|34741871|2||2||1|1|2|2|2|2|2|2|2||1||1200000
3474188|1|1|1|233.26766704|34741881|2||2||1|2|2|2|2|2|2|2|1||8||900000
3474189|1|1|1|119.1012782|34741891|2||2||1|1|2|2|2|2|2|2|1||1||1500000
3474190|1|1|1|254.9439011|34741901|2||2||1|1|2|1|2|2|2|2|2||3||2000000
3474191|1|1|1|392.94118074|34741911|2||2||1|1|2|2|2|2|2|2|2||1||1800000
3474192|1|1|1|294.06467294|34741921|2||2||1|2|2|1|2|2|2|1|2||3||1800000
3474193|1|1|1|332.58170601|34741931|2||2||1|1|2|2|2|2|2|2|2||1||3500000
3474194|1|1|1|285.35406927|34741941|2||2||1|1|2|2|2|2|2|2|2||1||2500000
3474195|1|1|1|327.80831062|34741951|2||2||1|1|2|2|2|2|2|2|2||1||2500000
3474196|1|1|1|327.80831062|34741961|2||2||1|1|2|2|2|2|2|2|2||1||1300000
3474197|1|1|1|234.58768669|34741971|2||2||1|1|2|2|2|2|2|2|2||1||98
3474198|1|1|1|161.82405533|34741981|2||2||1|1|2|2|2|2|2|2|2||1||4500000
3474199|1|1|1|188.58361152|34741991|2||2||2|1|2|2|2|2|2|2|2||1||6000000
3474200|1|1|1|164.60130356|34742001|2||2||1|1|2|2|2|2|2|2|2||1||5000000
3474201|1|1|1|146.47384091|34742011|2||2||1|1|2|1|2|2|2|2|2||3||3500000
3474202|1|1|1|218.12041593|34742021|2||2||1|2|2|1|2|2|2|2|1||3||1500000
3474203|1|1|1|193.5020835|34742031|2||2||1|1|2|2|2|2|2|2|2||1||3500000
3474204|1|1|1|141.24028619|34742041|2||2||1|1|2|2|2|2|2|2|2||1||6500000
3474205|1|1|1|191.67150504|34742051|2||2||1|1|2|1|2|2|2|2|2||1||5000000
3474206|1|1|1|183.66514328|34742061|2||2||2|1|2|2|2|2|2|2|2||1||6000000
3474207|1|1|1|188.58361152|34742071|2||2||1|1|2|2|2|2|2|2|2||1||98
3474208|1|1|1|175.54197563|34742081|2||2||1|2|2|2|2|2|2|2|1||8||800000
3474209|1|1|1|205.84527106|34742091|2||2||1|1|2|2|2|2|2|2|2||1||1300000
3474210|1|1|1|135.12905379|34742101|2||2||1|1|2|2|2|2|2|2|1||1||1300000
3474211|1|1|1|220.9721255|34742111|2||2||1|1|2|2|2|2|2|2|2||1||1300000
3474212|1|1|1|104.21071544|34742121|2||2||1|1|2|2|2|2|2|2|2||1||1400000
3474212|1|2|2|104.21071544|34742122|2||2||1|1|2|2|2|2|2|2|2||1||1600000
3474212|1|3|3|104.21071544|34742123|2||2||1|1|2|2|2|2|2|2|2||1||1500000
3474213|1|1|1|229.46581744|34742131|2||2||1|1|2|2|2|2|2|2|2||1||800000
3474214|1|1|1|224.13361181|34742141|2||2||1|1|2|2|2|2|2|2|1||1||1000000
3474215|1|1|1|253.85158076|34742151|2||2||1|1|2|2|2|2|2|2|2||1||1000000
3474216|1|1|1|275.73152098|34742161|2||2||1|1|2|2|2|2|2|2|2||1||2000000
3474217|1|1|1|355.91265774|34742171|2||2||1|1|1|2|2|2|2|2|2||1||1400000
3474218|1|1|1|427.22682779|34742181|2||2||1|1|2|2|2|2|2|2|2||1||2000000
3474219|1|1|1|264.63926814|34742191|2||2||1|1|2|1|2|2|2|2|2||3||1800000
3474220|1|1|1|280.41812736|34742201|2||2||1|1|2|2|2|2|2|2|2||1||1800000
3474221|1|1|1|326.5347659|34742211|2||2||1|1|2|2|2|2|2|2|2||1||1000000
3474222|1|1|1|246.21471906|34742221|2||2||1|1|1|2|2|2|2|2|1||1||1200000
3474223|1|1|1|242.48800016|34742231|2||2||1|1|2|2|2|2|2|2|2||1||2000000
3474224|1|1|1|281.90222877|34742241|2||2||1|1|2|2|2|2|2|2|2||1||1500000
3474225|1|1|1|212.97119824|34742251|2||2||1|1|2|2|2|2|2|2|2||1||800000
3474226|1|1|1|201.58218194|34742261|2||2||1|1|2|2|2|2|2|2|2||1||2000000
3474227|1|1|1|251.49170352|34742271|2||2||1|2|2|1|2|2|2|2|2||3||1500000
3474228|1|1|1|211.76495361|34742281|2||2||1|1|2|2|2|2|2|2|2||1||3500000
3474229|1|1|1|235.13464346|34742291|2||2||1|1|2|2|2|2|2|2|2||1||3000000
3474230|1|1|1|217.43592188|34742301|2||2||1|1|2|2|2|2|2|2|2||1||4000000
3474231|1|1|1|243.27443156|34742311|2||2||2|1|2|2|2|2|2|2|2||1||6000000
3474232|1|1|1|251.49170352|34742321|2||2||1|1|2|2|2|2|2|2|1||1||800000
3474233|1|1|1|191.42502147|34742331|2||2||1|2|2|2|2|2|2|2|1||8||900000
3474234|1|1|1|315.41747863|34742341|2||2||1|1|2|2|2|2|2|2|1||1||1300000
3474235|1|1|1|350.25428337|34742351|2||2||1|1|2|2|2|2|2|2|2||1||1300000
3474236|1|1|1|252.40133956|34742361|2||2||1|1|2|2|2|2|2|2|2||1||1000000
3474237|1|1|1|315.41747863|34742371|2||2||1|1|2|2|2|2|2|2|2||1||700000
3474238|1|1|1|148.87245063|34742381|2||2||1|1|2|2|2|2|2|2|2||1||600000
3474239|1|1|1|409.73126963|34742391|2||2||1|1|1|2|2|2|2|2|2||1||800000
3474240|1|1|1|328.90147768|34742401|2||2||1|1|2|2|2|2|2|1|2||1||1600000
3474241|1|1|1|244.94899073|34742411|2||2||1|1|1|2|2|2|2|2|2||1||600000
3474242|1|1|1|158.09107082|34742421|2||2||1|1|2|2|2|2|2|2|2||1||1300000
3474243|1|1|1|319.67673946|34742431|2||2||1|2|2|1|2|2|2|2|2||3||1300000
3474244|1|1|1|310.63890737|34742441|2||2||1|1|2|1|2|2|2|2|2||3||700000
3474245|1|1|1|398.35715434|34742451|2||2||1|1|2|2|2|2|2|2|2||1||1300000
3474246|1|1|1|371.15372497|34742461|2||2||1|1|2|2|2|2|2|2|1||8||600000
3474247|1|1|1|398.35715434|34742471|2||2||1|1|2|1|2|2|2|2|2||3||1000000
3474248|1|1|1|158.09107082|34742481|2||2||1|2|2|1|1|2|2|2|2||3||1300000
3474249|1|1|1|158.09107082|34742491|2||2||1|2|2|1|2|2|2|2|2||3||1300000
3474250|1|1|1|280.52561022|34742501|2||2||2|1|2|2|2|2|2|2|2||1||1800000
3474252|1|1|1|490.83218136|34742521|2||2||1|1|2|2|2|2|2|2|2||1||1300000
3474253|1|1|1|745.08561482|34742531|2||2||1|1|2|2|2|2|2|2|2||1||2500000
3474254|1|1|1|537.4414662|34742541|2||2||1|1|2|2|2|2|2|2|2||1||4500000
3474255|1|1|1|398.24197232|34742551|2||2||1|1|2|2|2|2|2|2|2||1||4000000
3474256|1|1|1|741.6736375|34742561|2||2||1|1|2|2|2|2|2|2|2||1||2600000
3474257|1|1|1|164.00975131|34742571|2||2||1|1|1|2|2|2|2|1|2||1||1000000
3474258|1|1|1|324.74970548|34742581|2||2||2|1|1|2|1|2|2|2|2||1||1300000
3474259|1|1|1|539.8169001|34742591|2||2||1|1|2|2|2|2|2|2|2||1||800000
3474260|1|1|1|225.42677112|34742601|2||2||1|1|2|2|2|2|2|2|2||1||700000
3474261|1|1|1|208.70060064|34742611|2||2||1|1|2|2|2|2|2|2|1||1||1400000
3474262|1|1|1|164.00975131|34742621|2||2||1|2|2|1|2|2|2|2|2||3||1300000
3474263|1|1|1|380.81126786|34742631|2||2||1|1|2|2|2|2|2|2|1||1||400000
3474264|1|1|1|164.00975131|34742641|2||2||1|2|2|1|2|2|2|1|2||3||1300000
3474265|1|1|1|164.00975131|34742651|2||2||1|1|1|2|2|2|2|2|2||1||500000
3474266|1|1|1|337.39569689|34742661|2||2||1|1|2|2|2|2|2|2|2||1||600000
3474267|1|1|1|470.29896437|34742671|2||2||1|1|2|2|2|2|2|2|2||1||3000000
3474268|1|1|1|519.5369177|34742681|2||2||1|1|2|2|2|2|2|2|2||1||2000000
3474269|1|1|1|274.46728746|34742691|2||2||1|1|2|2|2|2|2|2|2||1||1300000
3474270|1|1|1|320.62022872|34742701|2||2||1|1|2|2|2|2|2|2|2||1||1300000
3474271|1|1|1|455.71107706|34742711|2||2||2|1|2|2|2|2|2|2|2||1||1300000
3474272|1|1|1|274.46728746|34742721|2||2||1|1|2|2|2|2|2|1|1||7||1300000
3474273|1|1|1|459.68128742|34742731|2||2||1|1|2|2|2|2|2|2|2||1||1600000
3474274|1|1|1|217.52771284|34742741|2||1|2|1|2|2|2|2|2|2|2|1||8||1000000
3474275|1|1|1|399.61676257|34742751|2||2||1|1|2|2|2|2|2|2|1||1||400000
3474276|1|1|1|313.02393244|34742761|2||2||1|1|1|1|2|2|2|2|2||1||1500000
3474277|1|1|1|685.45187053|34742771|2||2||2|1|1|2|2|2|2|2|2||1||1300000
3474278|1|1|1|270.40127451|34742781|2||1|1|1|1|2|2|2|2|2|2|2||1||1300000
3474279|1|1|1|374.2735738|34742791|2||2||1|1|2|2|2|2|2|2|2||1||2500000
3474280|1|1|1|513.95260342|34742801|2||2||1|1|2|2|2|2|2|2|2||1||1300000
3474281|1|1|1|696.58285541|34742811|2||2||1|1|2|2|2|2|2|2|2||1||1300000
3474282|1|1|1|373.12765958|34742821|2||2||1|1|2|2|2|2|2|2|2||1||4000000
3474283|1|1|1|715.59599819|34742831|2||2||1|1|2|2|2|2|2|2|2||1||5000000
3474284|1|1|1|287.90432581|34742841|2||2||1|2|2|2|2|2|2|2|1||8||800000
3474285|1|1|1|696.58285541|34742851|2||2||1|1|2|2|2|2|2|2|2||1||1300000
3474286|1|1|1|297.82103037|34742861|2||2||1|2|2|2|2|2|2|1|1||7||1300000
3474287|1|1|1|297.82103037|34742871|2||2||1|2|2|2|2|2|2|2|1||8||1200000
3474288|1|1|1|318.29011199|34742881|2||2||2|1|2|2|2|2|2|2|2||1||1300000
3474289|1|1|1|398.01001196|34742891|2||2||2|1|2|2|2|2|2|2|2||1||1300000
3474290|1|1|1|161.98493956|34742901|2||2||1|1|2|1|2|2|2|2|2||3||1300000
3474291|1|1|1|184.71686846|34742911|2||2||1|1|2|2|2|2|2|2|2||1||1300000
3474292|1|1|1|332.41544558|34742921|2||2||1|1|2|2|2|2|2|2|2||1||1300000
3474293|1|1|1|161.98493956|34742931|2||2||1|1|2|2|2|2|2|2|2||1||1000000
3474294|1|1|1|203.91709269|34742941|2||1|2|1|2|1|2|2|2|2|2|1||8||1000000
3474295|1|1|1|425.87324635|34742951|2||2||2|1|1|2|2|2|2|2|2||1||1300000
3474296|1|1|1|213.99240381|34742961|2||2||1|1|2|2|2|2|2|2|1||1||1300000
3474297|1|1|1|495.34780829|34742971|2||2||1|1|2|2|2|2|2|2|2||1||1000000
3474298|1|1|1|465.98868911|34742981|2||2||1|1|2|2|2|2|2|2|2||1||1300000
3474299|1|1|1|206.38960551|34742991|2||2||1|1|2|2|1|2|2|2|2||1||800000
3474300|1|1|1|356.2213555|34743001|2||2||1|1|1|2|1|2|2|2|2||1||700000
3474301|1|1|1|278.21656313|34743011|2||2||1|1|2|2|2|2|2|2|2||1||600000
3474302|1|1|1|336.49300457|34743021|2||2||1|1|2|2|1|2|2|2|2||1||1300000
3474303|1|1|1|157.93531607|34743031|2||2||1|2|1|1|2|2|2|2|2||3||1400000
3474304|1|1|1|364.45415863|34743041|2||2||1|1|2|2|2|2|2|2|2||1||600000
3474305|1|1|1|157.93531607|34743051|2||2||1|1|2|2|2|2|2|2|2||1||1300000
3474306|1|1|1|157.93531607|34743061|2||2||1|1|2|2|2|2|2|2|2||1||1000000
3474307|1|1|1|709.60534745|34743071|2||2||2|1|2|2|2|2|2|2|1||1||500000
3474308|1|1|1|300.92681786|34743081|2||2||1|1|2|2|2|2|2|2|1||8||600000
3474309|1|1|1|287.90432581|34743091|2||2||1|2|2|2|2|2|2|2|1||8||400000
3474310|1|1|1|391.1831286|34743101|2||2||1|1|2|2|2|2|2|1|2||1||300000
3474311|1|1|1|374.2735738|34743111|2||2||1|1|2|2|2|2|2|2|2||1||300000
3474312|1|1|1|749.74569458|34743121|2||2||1|1|2|2|2|2|2|2|2||1||1300000
3474313|1|1|1|521.76797374|34743131|2||2||1|1|2|2|2|2|2|2|2||1||1300000
3474314|1|1|1|227.79132126|34743141|2||1|1|1|2|2|2|2|2|2|2|1||8||1300000
3474315|1|1|1|300.92681786|34743151|2||2||1|1|1|2|2|2|2|2|2||1||1100000
3474316|1|1|1|468.60513457|34743161|2||2||1|1|2|2|2|2|2|2|2||1||1300000
3474317|1|1|1|411.04687896|34743171|2||2||1|1|2|2|2|2|2|2|2||1||1300000
3474318|1|1|1|301.47169841|34743181|2||1|1|1|2|2|2|2|2|2|2|1||8||3000000
3474319|1|1|1|468.60513457|34743191|2||2||1|1|2|2|2|2|2|2|2||1||1100000
3474320|1|1|1|468.60513457|34743201|2||2||1|1|2|2|2|2|2|2|2||1||1050000
3474321|1|1|1|463.17764123|34743211|2||2||1|1|2|2|2|2|2|2|2||1||800000
3474322|1|1|1|600.42697973|34743221|2||2||1|1|1|1|2|2|2|2|2||1||1300000
3474322|1|2|2|600.42697973|34743222|2||2||1|1|2|2|2|2|2|2|2||1||1300000
3474322|1|3|3|600.42697973|34743223|2||2||1|1|2|2|2|2|2|2|2||1||1000000
3474323|1|1|1|408.23973141|34743231|2||2||2|1|2|2|1|2|2|2|2||1||1300000
3474324|1|1|1|448.10365993|34743241|2||2||1|1|2|2|2|2|2|2|2||1||800000
3474325|1|1|1|368.16030201|34743251|2||2||1|1|2|2|2|2|2|2|2||1||1000000
3474326|1|1|1|355.707544|34743261|2||2||1|1|2|2|2|2|1|2|2||1||800000
3474327|1|1|1|496.94282567|34743271|2||2||1|1|2|2|2|2|2|2|2||1||700000
3474328|1|1|1|357.89910495|34743281|2||2||1|1|2|2|2|2|2|2|2||1||1300000
3474329|1|1|1|219.52175271|34743291|2||2||1|1|2|2|1|2|2|2|2||1||500000
3474330|1|1|1|382.53672758|34743301|2||2||1|1|1|2|2|2|2|2|2||1||600000
3474331|1|1|1|320.77886703|34743311|2||2||2|1|2|2|2|2|2|2|2||1||4000000
3474332|1|1|1|330.78009499|34743321|2||1|1|1|2|2|2|2|2|2|2|1||8||400000
3474333|1|1|1|203.22658293|34743331|2||2||1|1|2|2|2|2|2|2|1||8||500000
3474334|1|1|1|400.31678301|34743341|2||2||1|1|2|2|2|2|2|2|2||1||800000
3474335|1|1|1|259.34222898|34743351|2||2||1|2|1|2|2|2|2|2|1||2||700000
3474336|1|1|1|413.15046695|34743361|2||2||1|1|2|2|2|2|2|2|2||1||500000
3474337|1|1|1|542.47191129|34743371|2||2||1|1|1|2|2|2|2|2|2||1||1000000
3474338|1|1|1|480.08020535|34743381|2||2||2|1|2|2|2|2|2|2|2||1||2600000
3474339|1|1|1|227.79132126|34743391|2||2||1|1|1|2|2|2|2|2|2||1||1000000
3474340|1|1|1|265.90850556|34743401|2||1|1|1|1|2|2|2|2|2|2|2||1||800000
3474341|1|1|1|227.79132126|34743411|2||2||1|1|1|2|2|2|2|2|2||1||600000
3474342|1|1|1|568.26135682|34743421|2||2||1|1|1|2|2|2|2|2|2||1||1300000
3474343|1|1|1|374.2735738|34743431|2||2||1|2|1|2|2|2|2|2|1||2||80000
3474344|1|1|1|287.90432581|34743441|2||2||1|2|2|2|2|2|2|2|1||8||700000
3474345|1|1|1|289.43823041|34743451|2||2||1|2|2|2|2|2|2|2|1||8||99
3474346|1|1|1|395.82990527|34743461|2||2||1|1|1|2|2|2|2|2|2||1||1300000
3474347|1|1|1|397.45667998|34743471|2||2||1|1|2|2|2|2|2|2|2||1||1300000
3474348|1|1|1|352.20436127|34743481|2||2||1|1|2|2|2|2|2|2|2||1||1500000
3474349|1|1|1|176.15862178|34743491|2||2||2|1|2|2|2|2|2|2|2||1||1000000
3474350|1|1|1|176.15862178|34743501|2||2||1|1|2|2|2|2|2|2|2||1||1500000
3474351|1|1|1|330.14942984|34743511|2||2||2|1|2|2|2|2|2|2|2||1||4500000
3474352|1|1|1|261.86731989|34743521|2||2||1|1|2|2|2|2|2|2|2||1||2800000
3474353|1|1|1|181.92229166|34743531|2||2||1|1|1|2|2|2|2|2|2||1||1500000
3474354|1|1|1|195.95159263|34743541|2||2||1|1|2|1|2|2|2|2|2||3||3800000
3474355|1|1|1|120.21666525|34743551|2||2||2|1|2|1|2|2|2|2|2||3||3500000
3474357|1|1|1|241.44732202|34743571|2||2||1|1|2|2|2|2|2|2|2||1||3000000
3474360|1|1|1|275.39880124|34743601|2||2||1|1|2|2|2|2|2|2|2||1||4000000
3474361|1|1|1|135.00947844|34743611|2||2||2|1|2|2|2|2|2|2|2||1||3400000
3474362|1|1|1|320.32340949|34743621|2||2||1|1|2|2|2|2|2|2|1||1||1600000
3474363|1|1|1|217.73276718|34743631|2||2||1|1|2|2|2|2|2|2|2||1||5000000
3474364|1|1|1|248.17196808|34743641|2||2||1|1|2|2|2|2|2|2|2||1||1300000
3474365|1|1|1|217.73276718|34743651|2||2||1|1|2|2|2|2|2|2|1||1||1600000
3474366|1|1|1|272.19399516|34743661|2||2||1|1|2|2|2|2|2|2|2||1||3000000
3474367|1|1|1|258.76755258|34743671|2||2||2|1|2|2|1|2|2|2|2||1||2500000
3474368|1|1|1|267.98813921|34743681|2||2||1|1|2|2|2|2|2|2|2||1||2700000
3474369|1|1|1|209.29220647|34743691|2||2||1|1|2|2|2|2|2|2|2||1||2800000
3474370|1|1|1|210.8777778|34743701|2||2||1|1|2|2|2|2|2|2|2||1||3000000
3474371|1|1|1|217.82877603|34743711|2||2||1|1|2|2|2|2|2|2|2||1||5000000
3474372|1|1|1|182.49527666|34743721|2||2||1|1|2|2|2|2|2|2|2||1||1400000
3474373|1|1|1|195.38297683|34743731|2||2||1|1|2|2|2|2|2|2|2||1||2500000
3474374|1|1|1|251.2452793|34743741|2||2||1|1|2|2|2|2|2|2|2||1||1400000
3474375|1|1|1|239.26027894|34743751|2||2||1|1|2|2|2|2|2|2|2||1||3500000
3474376|1|1|1|250.06195282|34743761|2||2||1|1|2|2|2|2|2|2|2||1||1400000
3474377|1|1|1|221.42066666|34743771|2||2||1|1|2|2|2|2|1|2|1||1||2000000
3474378|1|1|1|294.08072038|34743781|2||2||2|1|1|2|2|2|2|2|2||1||2400000
3474379|1|1|1|303.16468612|34743791|2||2||2|1|2|2|2|2|2|2|2||1||2400000
3474380|1|1|1|307.06351991|34743801|2||2||1|1|2|2|2|2|2|2|2||1||2000000
3474381|1|1|1|189.90877484|34743811|2||2||1|1|2|2|2|2|2|2|2||1||3200000
3474382|1|1|1|221.42066666|34743821|2||2||1|1|2|2|2|2|2|2|2||1||1300000
3474385|1|1|1|357.82916226|34743851|2||2||1|1|2|2|2|2|2|2|2||1||1400000
3474386|1|1|1|249.15738866|34743861|2||2||1|1|2|2|2|2|2|2|2||1||2600000
3474388|1|1|1|189.90877484|34743881|2||2||1|1|2|2|2|2|2|2|2||1||1800000
3474389|1|1|1|158.06381886|34743891|2||2||1|1|2|2|2|2|2|2|2||1||1500000
3474390|1|1|1|220.44554171|34743901|2||2||2|1|2|1|2|2|2|2|2||3||4000000
3474392|1|1|1|190.01095859|34743921|2||2||1|2|2|2|2|2|2|2|1||8||1000000
3474393|1|1|1|136.73431788|34743931|2||2||1|1|2|2|2|2|2|2|2||1||4500000
3474394|1|1|1|133.73596074|34743941|2||2||1|1|2|2|2|2|2|2|2||1||900000
3474395|1|1|1|155.06546171|34743951|2||2||1|1|2|2|2|2|2|2|2||1||1300000
3474397|1|1|1|258.35067992|34743971|2||2||1|1|2|1|2|2|2|2|2||3||4000000
3474398|1|1|1|245.83447194|34743981|2||2||1|1|1|2|2|2|2|2|2||1||2500000
3474399|1|1|1|262.97263999|34743991|2||2||1|1|2|2|2|2|2|2|1||1||2000000
3474400|1|1|1|291.3136377|34744001|2||2||1|1|1|2|2|2|2|2|2||1||1000000
3474402|1|1|1|357.35282731|34744021|2||2||1|1|2|2|2|2|2|2|2||1||3000000
3474404|1|1|1|303.51907019|34744041|2||2||1|1|2|2|2|2|2|2|2||1||1800000
3474405|1|1|1|279.11853833|34744051|2||2||1|1|2|2|2|2|2|2|2||1||4000000
3474406|1|1|1|262.9149453|34744061|2||2||1|1|2|2|2|2|2|2|2||1||1500000
3474407|1|1|1|192.28165974|34744071|2||2||1|1|2|2|2|2|2|2|2||1||2600000
3474408|1|1|1|367.25814029|34744081|2||2||1|1|1|2|2|2|2|2|1||1||2200000
3474409|1|1|1|207.53051149|34744091|2||2||1|1|2|2|1|2|2|2|2||1||3000000
3474410|1|1|1|230.84386373|34744101|2||2||1|1|2|2|2|2|2|2|2||1||1400000
3474411|1|1|1|214.37117641|34744111|2||2||1|1|2|1|2|2|2|2|2||1||2600000
3474412|1|1|1|296.62485472|34744121|2||2||1|1|1|2|2|2|2|2|2||1||2000000
3474413|1|1|1|238.42551826|34744131|2||2||1|1|2|2|2|2|2|2|2||1||4000000
3474414|1|1|1|157.42192615|34744141|2||2||1|1|2|2|1|2|2|2|2||1||800000
3474415|1|1|1|167.40790397|34744151|2||2||1|1|2|2|2|2|2|2|2||1||3500000
3474416|1|1|1|271.30325825|34744161|2||2||1|1|2|2|2|2|2|2|2||1||900000
3474417|1|1|1|221.76125693|34744171|2||2||1|1|2|2|2|2|2|2|2||1||3000000
3474418|1|1|1|375.86315847|34744181|2||2||1|1|2|2|2|2|2|2|2||1||1300000
3474419|1|1|1|284.3038779|34744191|2||2||1|1|2|2|2|2|2|2|2||1||1300000
3474420|1|1|1|311.85015847|34744201|2||2||1|1|1|2|2|2|2|2|2||1||2500000
3474421|1|1|1|400.76268295|34744211|2||2||1|2|2|2|1|2|2|2|2||4||800000
3474422|1|1|1|328.27572411|34744221|2||2||1|1|2|2|2|2|2|2|2||1||1000000
3474423|1|1|1|271.89272852|34744231|2||2||1|1|2|2|2|2|2|2|2||1||1300000
3474424|1|1|1|356.20734525|34744241|2||2||2|1|2|2|2|2|2|2|2||1||2800000
3474425|1|1|1|210.14781181|34744251|2||2||1|1|2|2|2|2|2|2|2||1||700000
3474426|1|1|1|357.31751895|34744261|2||2||1|1|2|2|2|2|2|2|2||1||1300000
3474427|1|1|1|250.77251505|34744271|2||2||1|1|2|2|2|2|2|2|2||1||4000000
3474428|1|1|1|318.3640104|34744281|2||2||1|1|2|2|1|2|2|2|2||1||1700000
3474429|1|1|1|360.43553546|34744291|2||2||1|1|2|2|2|2|2|2|2||1||2000000
3474430|1|1|1|407.70778884|34744301|2||2||1|1|1|2|2|2|2|2|2||1||1400000
3474431|1|1|1|268.43696|34744311|2||2||1|1|2|2|2|2|2|2|2||1||1900000
3474432|1|1|1|157.41736267|34744321|2||2||1|2|2|2|2|2|2|2|1||8||1000000
3474433|1|1|1|277.20618263|34744331|2||2||2|1|2|2|2|2|2|2|2||1||1800000
3474434|1|1|1|382.84019888|34744341|2||2||2|1|2|2|2|2|2|2|2||1||900000
3474436|1|1|1|293.82427088|34744361|2||2||2|1|2|2|2|2|2|2|2||1||1900000
3474437|1|1|1|268.14486508|34744371|2||2||2|1|2|2|2|2|2|2|2||1||800000
3474438|1|1|1|242.46545929|34744381|2||2||2|2|1|2|2|2|2|2|1||8||600000
3474439|1|1|1|171.4446392|34744391|2||2||2|1|2|2|2|2|2|2|2||1||3500000
3474440|1|1|1|189.14074046|34744401|2||2||1|1|1|2|1|2|2|2|1||1||2000000
3474442|1|1|1|236.89573161|34744421|2||2||1|1|2|1|2|2|2|2|2||3||5000000
3474443|1|1|1|233.6561357|34744431|2||2||2|1|2|2|2|2|2|2|2||1||5800000
3474444|1|1|1|248.66124311|34744441|2||2||1|1|2|1|2|2|2|2|2||3||6500000
3474445|1|1|1|252.91345974|34744451|2||2||1|1|2|2|2|2|2|2|2||1||2500000
3474446|1|1|1|198.87195856|34744461|2||2||1|1|2|2|2|2|2|2|2||1||3000000
3474447|1|1|1|207.56096686|34744471|2||2||1|1|2|1|2|2|2|2|2||1||8000000
3474448|1|1|1|310.69212277|34744481|2||2||1|1|1|2|2|2|2|2|2||1||5000000
3474449|1|1|1|381.65072705|34744491|2||2||1|1|1|2|2|2|2|2|2||1||1800000
3474450|1|1|1|230.1556317|34744501|2||2||2|1|2|2|2|2|2|2|2||1||2500000
3474451|1|1|1|383.91582895|34744511|2||2||1|1|2|2|2|2|2|2|2||1||2800000
3474452|1|1|1|265.7048|34744521|2||2||1|1|2|2|2|2|2|2|2||1||2000000
3474453|1|1|1|263.4396981|34744531|2||2||1|1|2|2|2|2|2|2|2||1||1500000
3474454|1|1|1|266.32996945|34744541|2||2||1|2|1|2|1|2|2|2|1||8||1000000
3474455|1|1|1|260.59633245|34744551|2||2||1|1|2|2|2|2|2|2|2||1||1300000
3474456|1|1|1|288.43029495|34744561|2||2||1|1|2|2|2|2|2|2|2||1||1500000
3474457|1|1|1|255.87349011|34744571|2||2||1|1|2|2|2|2|2|2|2||1||1000000
3474458|1|1|1|221.81448874|34744581|2||2||1|2|2|2|1|2|2|2|2||4||800000
3474459|1|1|1|256.85870455|34744591|2||2||1|1|2|2|2|2|2|2|2||1||2000000
3474460|1|1|1|367.32270439|34744601|2||2||1|1|2|2|2|2|2|2|2||1||1800000
3474461|1|1|1|251.15064777|34744611|2||2||1|1|2|2|2|2|2|2|2||1||1500000
3474462|1|1|1|191.42804503|34744621|2||2||1|1|2|2|2|2|2|2|2||1||1900000
3474463|1|1|1|204.39005369|34744631|2||2||1|1|1|2|2|2|2|2|1||8||1500000
3474464|1|1|1|64.529513353|34744641|2||2||1|1|2|2|2|2|2|2|2||1||1200000
3474465|1|1|1|108.5966227|34744651|2||2||1|1|1|2|2|2|2|2|2||1||1500000
3474466|1|1|1|144.11656414|34744661|2||2||1|1|2|2|2|2|2|2|2||1||1000000
3474467|1|1|1|64.529513353|34744671|2||2||1|1|2|2|2|2|2|2|2||1||400000
3474468|1|1|1|95.257732754|34744681|2||2||1|1|2|2|2|2|2|2|1||1||900000
3474469|1|1|1|128.57467377|34744691|2||2||2|1|2|2|2|2|2|2|2||1||1000000
3474470|1|1|1|95.587442118|34744701|2||2||1|1|2|2|2|2|2|2|1||1||1000000
3474471|1|1|1|186.81407562|34744711|2||2||1|1|2|2|2|2|2|2|2||1||1200000
3474472|1|1|1|171.22443457|34744721|2||2||1|1|1|2|2|2|2|2|2||1||600000
3474473|1|1|1|172.93650991|34744731|2||2||1|1|2|2|2|2|2|2|2||1||600000
3474474|1|1|1|102.71422974|34744741|2||2||1|1|1|2|2|2|2|2|2||1||700000
3474475|1|1|1|218.98841625|34744751|2||2||1|1|1|2|2|2|2|2|2||1||550000
3474476|1|1|1|169.11338491|34744761|2||2||1|2|1|2|2|2|2|2|1||8||350000
3474477|1|1|1|108.76153786|34744771|2||2||1|1|1|2|2|2|2|2|2||1||1300000
3474478|1|1|1|110.29320244|34744781|2||2||1|2|2|1|2|2|2|2|2||3||4000000
3474479|1|1|1|134.34570186|34744791|2||2||1|1|2|2|2|2|2|2|2||1||5000000
3474480|1|1|1|82.313450566|34744801|2||2||1|1|2|1|2|2|2|2|2||1||2300000
3474481|1|1|1|74.457130792|34744811|2||2||1|1|2|2|2|2|2|2|2||1||10000000
3474482|1|1|1|121.31494359|34744821|2||2||1|1|2|2|2|2|2|2|2||1||5000000
3474483|1|1|1|173.64158579|34744831|2||2||1|1|2|2|2|2|2|2|2||1||3000000
3474484|1|1|1|79.7705356|34744841|2||2||1|2|2|1|2|2|2|2|2||3||4000000
3474485|1|1|1|174.90803898|34744851|2||2||1|1|2|2|2|2|2|2|2||1||1500000
3474486|1|1|1|91.593973802|34744861|2||2||1|1|2|2|2|2|2|2|2||1||4000000
3474487|1|1|1|62.047608993|34744871|1|1|2||1|1|2|1|2|2|2|2|2||3||7000000
3474488|1|1|1|123.62949401|34744881|2||2||1|2|2|1|2|2|2|2|2||3||1240000
3474489|1|1|1|79.7705356|34744891|2||2||1|1|2|1|2|2|2|2|2||1||6000000
3474490|1|1|1|178.02539865|34744901|2||2||1|1|1|2|1|2|2|2|1||1||3000000
3474491|1|1|1|129.32471583|34744911|2||2||1|1|2|2|2|2|2|2|2||1||2000000
3474492|1|1|1|47.776658925|34744921|2||2||1|2|2|2|2|2|2|2|1||8||300000
3474493|1|1|1|82.562086102|34744931|2||2||1|2|1|2|2|2|2|2|1||8||400000
3474494|1|1|1|87.074856738|34744941|2||2||1|1|2|2|2|2|2|2|1||1||900000
3474495|1|1|1|61.423312412|34744951|2||2||1|2|1|2|2|2|2|2|1||8||700000
3474496|1|1|1|76.134609838|34744961|2||2||1|1|2|2|2|2|2|2|2||1||900000
3474497|1|1|1|91.918240343|34744971|2||2||1|2|1|2|1|2|2|2|2||4||600000
3474498|1|1|1|104.54286955|34744981|2||2||1|1|2|2|2|2|2|2|2||1||800000
3474499|1|1|1|146.04870383|34744991|2||2||1|1|2|2|2|2|2|2|2||1||1300000
3474500|1|1|1|83.75906238|34745001|2||2||1|2|2|1|2|2|2|2|1||3||2500000
3474502|1|1|1|83.426182734|34745021|2||2||1|1|2|1|2|2|2|2|2||1||2000000
3474503|1|1|1|115.46171949|34745031|2||2||1|1|2|2|2|2|2|1|1||1||1800000
3474504|1|1|1|86.826254873|34745041|2||2||1|2|2|2|2|2|2|2|1||8||700000
3474505|1|1|1|70.419656149|34745051|2||2||1|1|1|2|2|2|2|2|2||1||700000
3474506|1|1|1|105.38101292|34745061|2||2||1|1|2|2|2|2|2|2|2||1||2500000
3474507|1|1|1|54.774250384|34745071|2||2||1|1|2|2|2|2|2|2|2||1||1300000
3474508|1|1|1|70.419656149|34745081|2||2||1|1|2|2|2|2|2|2|2||1||700000
3474509|1|1|1|94.377584808|34745091|2||2||1|1|2|2|2|2|2|2|2||1||2000000
3474510|1|1|1|78.527779611|34745101|2||2||1|2|2|1|2|2|2|2|2||3||1600000
3474511|1|1|1|144.09872676|34745111|2||2||1|1|1|2|2|2|2|2|2||1||1400000
3474512|1|1|1|84.071381601|34745121|2||2||1|1|1|2|2|2|2|2|2||1||1300000
3474513|1|1|1|117.55248913|34745131|2||2||1|1|2|2|2|2|2|1|1||1||1000000
3474514|1|1|1|158.6365692|34745141|2||2||1|1|2|2|2|2|2|2|2||1||2500000
3474515|1|1|1|108.76153786|34745151|2||1|1|1|1|2|2|2|2|2|2|2||1||1500000
3474516|1|1|1|101.19365177|34745161|2||2||1|1|2|2|2|2|2|2|2||1||900000
3474517|1|1|1|99.9967975|34745171|2||2||1|1|2|2|2|2|2|2|2||1||2500000
3474518|1|1|1|91.405312394|34745181|2||2||1|1|2|2|2|2|2|2|2||1||700000
3474519|1|1|1|125.30379543|34745191|2||2||1|1|2|2|2|2|2|1|2||1||700000
3474520|1|1|1|122.01573071|34745201|2||1|1|1|1|2|2|2|2|2|1|2||1||2000000
3474521|1|1|1|75.280561264|34745211|2||2||1|1|2|2|2|2|2|2|2||1||2000000
3474522|1|1|1|113.27715927|34745221|2||2||1|1|2|2|2|2|2|2|2||1||1500000
3474523|1|1|1|109.91276856|34745231|2||2||1|1|2|2|2|2|2|2|2||1||3000000
3474524|1|1|1|64.835424501|34745241|2||2||1|1|1|2|2|2|2|2|2||1||900000
3474525|1|1|1|72.028727335|34745251|2||1|1|1|2|1|2|2|2|2|2|1||8||800000
3474526|1|1|1|53.331625333|34745261|2||2||1|2|2|2|2|2|2|2|1||8||800000
3474527|1|1|1|118.01066277|34745271|2||2||1|1|1|2|2|2|2|2|2||1||500000
3474528|1|1|1|79.559405744|34745281|2||2||1|1|2|2|2|2|2|2|2||1||99
3474529|1|1|1|94.054338784|34745291|2||2||1|1|2|2|2|2|2|2|2||1||500000
3474530|1|1|1|79.46269104|34745301|2||2||1|1|1|2|2|2|2|2|2||1||800000
3474531|1|1|1|89.153121256|34745311|2||2||1|1|1|2|2|2|2|2|2||1||800000
3474532|1|1|1|78.71480128|34745321|2||2||1|1|2|2|2|2|2|2|2||1||900000
3474533|1|1|1|77.423691036|34745331|2||2||1|1|2|2|2|2|2|2|2||1||1000000
3474534|1|1|1|61.57958373|34745341|2||2||1|1|2|2|2|2|2|2|2||1||800000
3474535|1|1|1|57.830481108|34745351|2||2||1|1|1|2|2|2|2|2|2||1||800000
3474536|1|1|1|38.412943597|34745361|2||2||1|1|2|2|2|2|2|2|1||1||1200000
3474537|1|1|1|100.76786698|34745371|2||2||1|1|2|2|2|2|2|2|2||1||900000
3474538|1|1|1|51.292625329|34745381|2||2||1|1|2|2|2|2|2|2|2||1||350000
3474539|1|1|1|51.47016114|34745391|2||2||1|2|1|2|2|2|2|2|1||8||300000
3474540|1|1|1|63.618583734|34745401|2||2||1|1|2|2|2|2|2|2|2||1||900000
3474541|1|1|1|110.70161715|34745411|2||2||1|1|2|2|2|2|2|2|2||1||1000000
3474542|1|1|1|68.419678336|34745421|2||2||1|1|2|2|2|2|2|2|2||1||450000
3474543|1|1|1|72.044077942|34745431|2||2||1|1|2|2|2|2|2|2|1||1||450000
3474544|1|1|1|85.075121248|34745441|2||2||1|1|1|2|2|2|2|2|2||1||600000
3474545|1|1|1|83.213657055|34745451|2||2||1|1|1|2|2|2|2|2|1||1||500000
3474546|1|1|1|96.646528054|34745461|2||2||1|1|2|2|2|2|2|2|2||1||900000
3474547|1|1|1|84.319066945|34745471|2||2||1|1|1|2|2|2|2|2|2||1||700000
3474548|1|1|1|78.368326085|34745481|2||2||1|1|2|2|2|2|2|2|2||1||800000
3474549|1|1|1|86.11078668|34745491|2||2||1|1|1|2|2|2|2|2|2||1||900000
3474550|1|1|1|66.88645143|34745501|2||2||1|1|1|2|2|2|2|2|2||1||750000
3474551|1|1|1|64.337701426|34745511|2||2||1|1|1|2|2|2|2|2|1||1||600000
3474552|1|1|1|64.337701426|34745521|2||2||1|2|2|2|2|2|2|2|1||8||300000
3474553|1|1|1|73.093880667|34745531|2||2||1|1|2|2|2|2|2|2|2||1||400000
3474554|1|1|1|85.52459792|34745541|2||2||1|1|2|2|2|2|2|2|1||1||650000
3474555|1|1|1|70.545130662|34745551|2||2||1|1|2|2|2|2|2|2|2||1||600000
3474556|1|1|1|216.43617738|34745561|2||2||1|1|2|1|2|2|2|2|2||3||3000000
3474557|1|1|1|491.18574497|34745571|2||2||1|1|2|2|2|2|2|2|2||1||1800000
3474558|1|1|1|282.48383479|34745581|2||2||1|1|2|2|2|2|2|2|2||1||1500000
3474559|1|1|1|210.68625023|34745591|2||2||1|1|2|1|2|2|2|2|2||3||7000000
3474560|1|1|1|176.3523088|34745601|2||2||1|1|2|2|2|2|2|2|2||1||1800000
3474562|1|1|1|240.87920975|34745621|2||2||1|2|2|1|2|2|2|2|2||3||1500000
3474563|1|1|1|320.71568356|34745631|2||2||1|1|2|1|2|2|2|2|2||3||2000000
3474564|1|1|1|279.92681391|34745641|2||2||1|1|2|2|2|2|2|2|2||1||4000000
3474565|1|1|1|511.65181768|34745651|2||2||1|1|2|2|1|2|2|2|2||1||1500000
3474566|1|1|1|183.70032167|34745661|2||2||1|1|2|2|2|2|2|2|2||1||2000000
3474567|1|1|1|188.61038702|34745671|2||2||1|1|1|2|2|2|2|2|1||8||800000
3474568|1|1|1|230.36441679|34745681|2||2||1|1|2|2|2|2|2|2|2||1||1500000
3474569|1|1|1|309.89535591|34745691|2||2||1|1|2|2|2|2|2|2|2||1||1400000
3474570|1|1|1|451.04148501|34745701|2||1|1|1|1|2|2|1|2|2|2|1||1||2600000
3474571|1|1|1|225.12660907|34745711|2||2||1|1|2|2|2|2|2|2|2||1||7000000
3474572|1|1|1|380.74293216|34745721|2||2||1|1|2|2|2|2|2|2|2||1||1500000
3474573|1|1|1|135.77553924|34745731|2||2||1|1|2|2|2|2|2|2|2||1||2500000
3474574|1|1|1|179.69860532|34745741|2||2||1|1|2|2|2|2|2|2|2||1||2500000
3474575|1|1|1|242.96730288|34745751|2||2||1|1|2|2|2|2|1|2|2||1||1700000
3474576|1|1|1|145.11332815|34745761|2||2||1|1|2|2|2|2|2|2|2||1||1300000
3474577|1|1|1|225.82425914|34745771|2||2||1|1|2|2|2|2|2|2|1||8||1000000
3474578|1|1|1|181.41928264|34745781|2||2||1|1|2|2|2|2|2|2|2||1||5000000
3474579|1|1|1|169.74934832|34745791|2||2||1|1|2|1|2|2|2|2|2||3||2000000
3474580|1|1|1|115.12165898|34745801|2||2||1|1|2|1|2|2|2|2|2||1||6000000
3474581|1|1|1|233.01804589|34745811|2||2||1|1|2|2|2|2|2|2|2||1||1500000
3474582|1|1|1|198.19488934|34745821|2||2||1|1|2|2|2|2|2|2|2||1||3500000
3474583|1|1|1|542.83347601|34745831|2||2||1|1|2|2|2|2|2|2|2||1||2000000
3474584|1|1|1|525.06544858|34745841|2||2||1|1|2|2|2|2|2|2|2||1||2000000
3474585|1|1|1|479.57322993|34745851|2||2||1|1|2|2|2|2|2|2|2||1||600000
3474586|1|1|1|241.85554692|34745861|2||2||1|1|2|2|2|2|2|2|2||1||1300000
3474587|1|1|1|534.67891118|34745871|2||2||1|1|2|2|2|2|2|2|2||1||1500000
3474588|1|1|1|532.92216017|34745881|2||2||1|1|2|2|2|2|2|2|2||1||1500000
3474589|1|1|1|337.6899136|34745891|2||2||1|1|2|2|2|2|2|2|2||1||1500000
3474590|1|1|1|509.27282039|34745901|2||2||1|1|2|2|2|2|2|2|2||1||1200000
3474591|1|1|1|205.42005986|34745911|2||2||1|1|2|2|2|2|2|2|2||1||1300000
3474592|1|1|1|307.35438712|34745921|2||2||1|1|2|2|2|2|2|2|2||1||3000000
3474593|1|1|1|241.85554692|34745931|2||2||1|1|2|2|2|2|2|2|2||1||1600000
3474594|1|1|1|185.92858519|34745941|2||2||1|1|2|1|2|2|2|2|2||1||3000000
3474595|1|1|1|122.79643624|34745951|2||2||1|1|2|2|2|2|2|2|2||1||1300000
3474596|1|1|1|240.87920975|34745961|2||2||1|2|2|2|2|2|2|2|1||8||250000
3474597|1|1|1|283.60815544|34745971|2||2||1|1|2|2|2|2|2|2|2||1||1600000
3474598|1|1|1|176.3523088|34745981|2||2||1|1|2|2|2|2|2|2|2||1||1000000
3474599|1|1|1|181.06597154|34745991|2||2||1|2|1|2|2|2|2|2|1||8||300000
3474600|1|1|1|432.06613103|34746001|2||2||1|1|2|2|2|2|2|2|2||1||1000000
3474601|1|1|1|181.06597154|34746011|2||2||1|1|2|2|2|2|2|2|2||1||1000000
3474602|1|1|1|282.48383479|34746021|2||2||1|1|2|2|2|2|2|2|2||1||1300000
3474603|1|1|1|199.54390808|34746031|2||2||1|1|2|2|2|2|2|2|2||1||4000000
3474604|1|1|1|169.74934832|34746041|2||2||1|2|2|2|2|2|2|2|1||8||800000
3474605|1|1|1|137.99588785|34746051|2||2||1|1|2|1|2|2|2|2|2||1||3000000
3474606|1|1|1|280.33152951|34746061|2||2||1|1|2|2|2|2|2|2|2||1||5000000
3474607|1|1|1|115.12165898|34746071|2||2||1|1|2|1|2|2|2|2|2||1||7000000
3474608|1|1|1|227.24996833|34746081|2||2||1|1|2|2|2|2|2|2|2||1||2000000
3474609|1|1|1|497.46054977|34746091|2||1|3|1|2|2|2|2|2|2|2|1||8||3000000
3474610|1|1|1|381.14839869|34746101|2||2||1|1|2|2|2|2|2|2|2||1||6000000
3474611|1|1|1|473.45489035|34746111|2||2||1|1|2|2|2|2|2|2|2||1||7000000
3474612|1|1|1|409.64874273|34746121|2||2||1|1|2|2|2|2|2|1|2||1||8000000
3474613|1|1|1|383.08614829|34746131|2||2||2|1|2|2|2|2|2|2|2||1||3500000
3474614|1|1|1|667.45156391|34746141|2||2||1|1|2|1|2|2|2|2|1||3||5000000
3474615|1|1|1|478.73268289|34746151|1|1|2||1|1|2|2|2|2|2|2|2||1||16000000
3474616|1|1|1|638.95121987|34746161|2||2||1|1|2|2|2|2|2|2|2||1||4000000
3474617|1|1|1|515.35695325|34746171|2||2||1|1|2|2|2|2|2|2|2||1||3500000
3474618|1|1|1|216.52287497|34746181|2||2||1|1|2|1|2|2|2|2|2||1||8500000
3474619|1|1|1|115.12165898|34746191|2||2||1|1|2|1|2|2|2|2|2||1||3000000
3474620|1|1|1|257.53864914|34746201|2||2||1|1|2|2|2|2|2|2|2||1||2000000
3474621|1|1|1|257.53864914|34746211|2||2||1|1|2|2|2|2|2|2|2||1||3500000
3474622|1|1|1|152.06923552|34746221|2||2||2|1|2|2|2|2|2|2|2||1||2000000
3474623|1|1|1|165.3302895|34746231|2||2||1|1|2|2|2|2|2|2|2||1||2500000
3474624|1|1|1|282.64834939|34746241|2||2||1|2|2|1|2|2|2|2|2||3||3500000
3474625|1|1|1|271.65072328|34746251|2||2||1|1|2|2|2|2|2|2|2||1||3000000
3474626|1|1|1|260.11456816|34746261|2||2||1|1|2|2|2|2|2|2|2||1||2600000
3474627|1|1|1|200.02923915|34746271|2||2||2|1|2|2|2|2|2|2|1||1||2000000
3474628|1|1|1|170.22269623|34746281|2||2||1|1|2|1|2|2|2|2|2||3||3400000
3474629|1|1|1|321.68517631|34746291|2||2||1|1|2|2|2|2|2|2|2||1||2600000
3474630|1|1|1|311.58997057|34746301|2||2||1|1|2|1|2|2|2|2|2||1||4800000
3474631|1|1|1|300.93910226|34746311|2||2||1|1|2|2|2|2|2|2|2||1||3500000
3474632|1|1|1|139.28299481|34746321|2||2||1|1|2|2|2|2|2|2|2||1||4000000
3474633|1|1|1|205.37575476|34746331|2||2||1|1|2|2|2|2|2|2|2||1||4000000
3474634|1|1|1|269.59789052|34746341|2||2||1|1|2|2|2|2|2|2|2||1||2600000
3474635|1|1|1|172.30450337|34746351|2||2||1|1|2|2|2|2|2|2|2||1||4600000
3474636|1|1|1|517.51392719|34746361|2||2||1|1|1|2|2|2|2|2|1||1||400000
3474637|1|1|1|606.89886381|34746371|2||2||1|1|2|2|2|2|2|2|1||1||1500000
3474638|1|1|1|280.03704967|34746381|2||2||1|1|2|2|2|2|2|2|2||1||1500000
3474639|1|1|1|817.62246748|34746391|2||2||1|1|2|2|2|2|2|2|2||1||1400000
3474640|1|1|1|798.91035685|34746401|2||2||1|1|2|2|2|2|2|2|2||1||1000000
3474641|1|1|1|672.63170223|34746411|2||2||1|1|2|2|2|2|2|2|2||1||1300000
3474642|1|1|1|263.82046849|34746421|2||2||1|1|2|2|2|2|2|2|2||1||1500000
3474643|1|1|1|107.79253815|34746431|2||2||1|1|2|2|2|2|2|2|2||1||4000000
3474644|1|1|1|97.095461705|34746441|2||2||1|1|2|2|2|2|2|2|2||1||98
3474645|1|1|1|144.69293175|34746451|2||2||2|1|2|1|2|2|2|1|2||7||3800000
3474646|1|1|1|125.06163|34746461|2||2||1|1|2|2|2|2|2|2|2||1||3000000
3474647|1|1|1|138.46523448|34746471|2||2||1|1|2|2|2|2|2|2|2||1||98
3474648|1|1|1|58.398701254|34746481|2||2||1|1|2|1|2|2|2|1|2||1||6000000
3474649|1|1|1|99.914309546|34746491|2||2||1|1|2|2|2|2|2|2|1||1||1600000
3474650|1|1|1|98.491243619|34746501|2||2||1|1|2|2|2|2|2|2|1||8||1000000
3474651|1|1|1|124.07654265|34746511|2||2||1|2|2|1|2|2|2|2|2||3||3000000
3474652|1|1|1|112.41553191|34746521|2||2||1|1|2|2|2|2|2|2|1||1||3000000
3474653|1|1|1|117.44523071|34746531|2||2||1|1|2|2|2|2|2|2|2||1||99
3474654|1|1|1|111.79594924|34746541|2||2||1|1|2|2|2|2|2|2|2||1||1300000
3474655|1|1|1|118.44899153|34746551|2||2||2|1|2|2|2|2|2|2|2||1||2500000
3474656|1|1|1|69.504778997|34746561|2||2||1|1|2|2|2|2|2|2|2||1||1400000
3474657|1|1|1|62.597300691|34746571|2||2||1|1|2|2|2|2|2|2|2||1||1500000
3474658|1|1|1|128.96119517|34746581|2||2||1|1|2|2|2|2|2|2|2||1||98
3474659|1|1|1|118.89517183|34746591|2||2||1|1|2|2|2|2|2|2|2||1||1400000
3474660|1|1|1|228.83720612|34746601|2||2||1|1|2|2|2|2|2|2|2||1||600000
3474661|1|1|1|196.36023353|34746611|2||2||1|1|2|2|2|2|2|2|2||1||500000
3474662|1|1|1|101.80319864|34746621|2||2||1|1|2|2|2|2|2|2|2||1||1300000
3474663|1|1|1|138.26859446|34746631|2||2||1|2|2|2|2|2|2|2|1||8||1300000
3474664|1|1|1|66.014271034|34746641|2||2||1|1|2|2|2|2|2|2|2||1||1300000
3474665|1|1|1|116.7761644|34746651|2||2||1|1|2|2|2|2|2|2|2||1||4000000
3474666|1|1|1|106.83289744|34746661|2||2||1|1|2|2|2|2|2|2|2||1||1300000
3474667|1|1|1|128.05756398|34746671|2||2||1|1|2|2|2|2|2|2|2||1||2000000
3474668|1|1|1|110.10733771|34746681|2||2||1|1|2|2|2|2|2|2|2||1||1300000
3474669|1|1|1|114.13327569|34746691|2||2||1|1|2|2|2|2|2|2|1||1||1400000
3474670|1|1|1|117.44523071|34746701|2||2||1|1|2|2|2|2|2|2|2||1||1300000
3474671|1|1|1|151.52381643|34746711|2||2||2|1|2|2|2|2|2|2|2||1||1300000
3474672|1|1|1|130.9682162|34746721|2||2||1|1|2|2|2|2|2|2|1||8||700000
3474673|1|1|1|135.35794224|34746731|2||2||1|1|2|2|2|2|2|2|2||1||1500000
3474674|1|1|1|91.190865365|34746741|2||2||1|1|2|2|2|2|2|2|2||1||1400000
3474675|1|1|1|142.94809833|34746751|2||2||1|1|2|2|2|2|2|2|2||1||1800000
3474676|1|1|1|107.77001125|34746761|2||2||1|1|2|2|2|2|2|2|2||1||1400000
3474677|1|1|1|171.1169922|34746771|2||2||1|1|2|2|2|2|2|2|2||1||1500000
3474678|1|1|1|117.44523071|34746781|2||2||1|1|2|2|2|2|2|2|2||1||900000
3474679|1|1|1|131.33200425|34746791|2||2||1|1|2|2|2|2|2|2|2||1||1300000
3474680|1|1|1|114.13327569|34746801|2||2||1|1|2|2|2|2|2|2|2||1||1300000
3474681|1|1|1|128.39225849|34746811|2||2||2|1|2|2|2|2|2|2|2||1||960000
3474682|1|1|1|80.511885088|34746821|2||2||1|1|2|2|2|2|2|2|2||1||600000
3474683|1|1|1|153.20428067|34746831|2||2||1|1|2|2|2|2|2|2|2||1||1300000
3474684|1|1|1|112.41553191|34746841|2||2||1|1|2|2|2|2|2|2|2||1||1300000
3474685|1|1|1|107.91066845|34746851|2||2||1|1|2|2|2|2|2|2|2||1||1300000
3474686|1|1|1|228.83720612|34746861|2||2||1|2|2|1|2|2|2|2|2||3||2500000
3474687|1|1|1|133.04974803|34746871|2||2||1|1|2|2|2|2|2|2|2||1||1800000
3474688|1|1|1|91.124218359|34746881|2||2||1|1|2|1|2|2|2|2|2||1||4200000
3474689|1|1|1|185.68125326|34746891|2||2||2|1|2|2|2|2|2|2|2||1||98
3474690|1|1|1|134.01980961|34746901|2||2||1|1|2|2|2|2|2|2|2||1||1800000
3474691|1|1|1|63.676944578|34746911|2||2||1|1|2|2|2|2|2|2|2||1||98
3474692|1|1|1|112.75022641|34746921|2||2||1|1|2|2|2|2|2|2|2||1||1400000
3474693|1|1|1|70.977322831|34746931|2||2||1|1|2|1|2|2|2|2|2||1||2800000
3474694|1|1|1|196.36023353|34746941|2||2||1|1|2|2|2|2|2|2|2||1||1500000
3474695|1|1|1|128.05756398|34746951|2||2||1|1|2|2|2|2|1|2|2||1||3000000
3474696|1|1|1|116.7761644|34746961|2||2||1|1|1|2|2|2|2|2|2||1||600000
3474697|1|1|1|103.24905984|34746971|2||2||1|1|2|2|2|2|2|2|2||1||1050000
3474698|1|1|1|102.98722576|34746981|2||2||1|1|1|2|2|2|2|2|2||1||900000
3474699|1|1|1|107.42413698|34746991|2||2||1|1|2|2|2|2|2|2|2||1||900000
3474700|1|1|1|112.00668206|34747001|2||2||2|1|1|2|2|2|2|2|2||1||2270000
3474701|1|1|1|133.99369744|34747011|2||2||1|1|2|2|2|2|2|2|2||1||1500000
3474702|1|1|1|117.28819862|34747021|2||2||2|1|2|2|2|2|2|2|2||1||770000
3474703|1|1|1|122.88427861|34747031|2||2||2|1|1|2|2|2|2|2|2||1||1300000
3474704|1|1|1|90.4736001|34747041|2||2||1|1|1|2|2|2|2|2|2||1||1240000
3474705|1|1|1|85.413000347|34747051|2||2||1|2|2|2|2|2|2|2|1||8||1500000
3474706|1|1|1|287.9615277|34747061|2||2||1|1|2|2|2|2|2|2|2||1||1300000
3474707|1|1|1|251.16566884|34747071|2||2||1|2|1|2|2|2|2|2|1||8||400000
3474708|1|1|1|268.14921119|34747081|2||2||1|1|2|2|2|2|2|2|2||1||2000000
3474709|1|1|1|168.71572532|34747091|2||2||1|1|2|2|2|2|2|2|2||1||700000
3474709|1|2|2|168.71572532|34747092|2||2||1|1|2|2|2|2|2|2|2||1||1000000
3474709|1|3|3|168.71572532|34747093|2||2||1|1|2|2|2|2|2|2|2||1||1000000
3474710|1|1|1|158.15639055|34747101|2||2||1|1|2|2|2|2|2|2|2||1||2600000
3474711|1|1|1|244.21612375|34747111|2||2||1|1|2|2|2|2|2|2|2||1||3000000
3474712|1|1|1|158.15639055|34747121|2||2||1|1|2|1|2|2|2|2|2||3||2000000
3474713|1|1|1|199.59835784|34747131|2||2||1|1|2|2|2|2|2|2|2||1||1300000
3474714|1|1|1|448.72645704|34747141|2||2||1|1|2|2|2|2|2|2|1||1||700000
3474714|1|2|2|448.72645704|34747142|2||2||1|1|2|2|2|2|2|2|2||1||1800000
3474715|1|1|1|289.4870596|34747151|2||2||1|1|2|2|2|2|2|2|2||1||2000000
3474716|1|1|1|401.80678283|34747161|2||2||1|1|2|2|2|2|2|2|2||1||3800000
3474717|1|1|1|295.50614337|34747171|2||2||1|2|2|2|2|2|2|1|1||7||900000
3474718|1|1|1|295.50614337|34747181|2||2||1|1|2|2|2|2|2|2|2||1||1500000
3474719|1|1|1|499.49867863|34747191|2||2||1|2|2|1|2|2|2|2|2||3||1500000
3474720|1|1|1|323.46055682|34747201|2||2||1|2|1|2|1|2|2|2|2||4||700000
3474721|1|1|1|384.58976221|34747211|2||2||1|1|2|2|2|2|2|2|1||1||98
3474722|1|1|1|521.84154649|34747221|2||2||1|1|2|2|2|2|2|2|2||1||2600000
3474723|1|1|1|358.98421171|34747231|2||2||1|1|2|2|2|2|2|2|2||1||1500000
3474724|1|1|1|333.97773586|34747241|2||2||1|1|1|2|1|2|2|2|2||1||2000000
3474725|1|1|1|243.13880752|34747251|2||2||1|1|2|2|2|2|2|2|2||1||800000
3474726|1|1|1|273.57778327|34747261|2||2||1|1|1|2|2|2|2|2|2||1||98
3474727|1|1|1|278.2469566|34747271|2||2||1|2|2|1|2|2|2|2|2||3||3500000
3474728|1|1|1|360.8831336|34747281|2||2||1|1|2|2|2|2|2|2|2||1||1300000
3474729|1|1|1|295.59705694|34747291|2||2||2|1|2|2|2|2|2|2|2||1||1800000
3474730|1|1|1|391.25241002|34747301|2||2||1|1|2|2|2|2|2|2|2||1||1800000
3474731|1|1|1|327.3602364|34747311|2||1|1|1|2|2|2|2|2|2|2|1||8||1000000
3474732|1|1|1|261.30241538|34747321|2||2||1|1|2|2|2|2|2|2|2||1||1200000
3474733|1|1|1|514.05209126|34747331|2||2||1|1|2|2|2|2|2|2|2||1||1300000
3474734|1|1|1|407.7514518|34747341|2||2||1|1|2|2|2|2|2|2|2||1||3000000
3474735|1|1|1|793.64757412|34747351|2||2||1|1|2|2|2|2|2|2|2||1||3000000
3474736|1|1|1|314.94092003|34747361|2||2||1|1|2|2|2|2|2|2|2||1||98
3474737|1|1|1|375.98101855|34747371|2||2||1|2|2|1|2|2|2|2|2||3||3000000
3474738|1|1|1|220.68333566|34747381|2||1|1|1|1|1|2|2|2|2|2|2||1||4000000
3474739|1|1|1|839.59930119|34747391|2||2||1|1|2|2|2|2|2|2|2||1||3000000
3474740|1|1|1|334.15463195|34747401|2||2||1|1|2|1|2|2|2|2|2||3||6000000
3474741|1|1|1|407.7514518|34747411|2||2||1|1|2|2|2|2|2|2|2||1||600000
3474742|1|1|1|441.10364099|34747421|2||2||1|1|2|2|2|2|2|2|2||1||1500000
3474743|1|1|1|404.90263536|34747431|2||2||1|1|2|2|2|2|2|2|2||1||900000
3474744|1|1|1|402.84739726|34747441|2||2||1|1|2|2|2|2|2|2|2||1||600000
3474746|1|1|1|427.88671653|34747461|2||2||1|1|2|2|2|2|2|2|2||1||1000000
3474747|1|1|1|389.6304728|34747471|2||2||1|1|2|2|2|2|2|2|2||1||500000
3474748|1|1|1|530.7064399|34747481|2||2||1|1|2|2|2|2|2|2|2||1||1000000
3474749|1|1|1|560.90573508|34747491|2||2||1|1|1|2|2|2|2|2|2||1||700000
3474750|1|1|1|354.43839079|34747501|2||2||1|2|2|2|2|2|2|2|1||8||98
3474751|1|1|1|724.08347273|34747511|2||2||1|1|2|2|2|2|2|2|2||1||98
3474752|1|1|1|441.10364099|34747521|2||2||1|1|2|2|2|2|2|2|2||1||98
3474753|1|1|1|836.15598069|34747531|2||2||1|1|2|2|2|2|2|2|2||1||1000000
3474754|1|1|1|237.65897686|34747541|2||2||1|1|2|2|1|2|2|2|2||1||2600000
3474755|1|1|1|350.46372396|34747551|2||2||1|1|2|2|2|2|2|2|2||1||1000000
3474756|1|1|1|521.84154649|34747561|2||2||1|1|2|2|2|2|2|2|2||1||600000
3474757|1|1|1|437.33043772|34747571|2||2||1|1|2|2|2|2|2|2|2||1||1000000
3474758|1|1|1|527.2328783|34747581|2||2||1|1|2|2|2|2|2|2|2||1||1500000
3474759|1|1|1|566.79276678|34747591|2||2||1|1|2|2|2|2|2|2|2||1||1300000
3474760|1|1|1|508.92624403|34747601|2||2||1|1|2|2|2|2|2|2|2||1||900000
3474761|1|1|1|318.69329071|34747611|2||2||1|1|2|2|2|2|2|2|2||1||98
3474762|1|1|1|867.33350085|34747621|2||2||1|1|2|2|2|2|2|2|2||1||1800000
3474763|1|1|1|374.07258317|34747631|2||2||1|1|2|2|2|2|2|2|2||1||1300000
3474764|1|1|1|220.68333566|34747641|2||2||1|1|2|2|2|2|2|2|2||1||98
3474765|1|1|1|521.84154649|34747651|2||2||1|1|2|2|2|2|2|2|2||1||1700000
3474766|1|1|1|350.46372396|34747661|2||2||1|2|1|2|2|2|2|2|1||8||400000
3474767|1|1|1|407.7514518|34747671|2||2||1|1|2|2|2|2|2|2|2||1||1800000
3474768|1|1|1|437.33043772|34747681|2||2||1|1|2|2|2|2|2|2|2||1||1900000
3474769|1|1|1|770.46042679|34747691|2||2||1|1|2|2|2|2|2|2|2||1||2500000
3474770|1|1|1|706.1866741|34747701|2||2||2|1|2|2|2|2|2|2|2||1||2000000
3474771|1|1|1|392.05689059|34747711|2||2||1|1|2|2|2|2|2|2|2||1||1600000
3474772|1|1|1|309.3747291|34747721|2||2||1|1|2|2|2|2|2|2|2||1||3000000
3474773|1|1|1|706.1866741|34747731|2||2||1|1|2|2|2|2|2|2|2||1||4900000
3474774|1|1|1|421.78630264|34747741|2||2||1|1|2|2|2|2|2|2|2||1||1000000
3474775|1|1|1|287.18736936|34747751|2||2||1|1|2|2|2|2|2|2|2||1||2000000
3474776|1|1|1|176.54666852|34747761|2||2||1|1|2|2|2|2|2|2|2||1||1000000
3474776|1|2|2|176.54666852|34747762|2||2||1|1|2|2|2|2|2|2|2||1||700000
3474777|1|1|1|509.16083632|34747771|2||2||1|1|2|2|2|2|2|2|2||1||3000000
3474778|1|1|1|370.75205193|34747781|2||2||1|1|2|2|2|2|2|2|2||1||1700000
3474779|1|1|1|336.74579107|34747791|2||2||1|1|2|2|2|2|2|2|2||1||3000000
3474780|1|1|1|316.3319554|34747801|2||2||1|1|2|2|2|2|2|2|2||1||900000
3474781|1|1|1|220.68333566|34747811|2||2||1|1|2|2|1|2|2|2|2||1||2000000
3474782|1|1|1|253.67975677|34747821|2||2||1|1|1|2|2|2|2|2|2||1||1000000
3474783|1|1|1|482.28165801|34747831|2||2||1|1|2|2|2|2|2|2|2||1||3000000
3474784|1|1|1|839.59930119|34747841|2||2||1|1|2|2|2|2|2|2|2||1||2000000
3474785|1|1|1|521.84154649|34747851|2||2||1|1|2|2|2|2|2|2|2||1||2000000
3474786|1|1|1|329.12136288|34747861|2||2||1|2|2|2|2|2|2|2|1||8||98
3474787|1|1|1|425.0575793|34747871|2||2||1|1|2|1|2|2|2|2|2||3||98
3474788|1|1|1|295.81546402|34747881|2||2||1|1|2|2|2|2|2|1|2||7||1200000
3474789|1|1|1|428.20922026|34747891|2||2||1|2|2|2|2|2|2|2|1||8||700000
3474790|1|1|1|243.49503116|34747901|2||2||1|1|2|2|2|2|2|2|2||1||1000000
3474791|1|1|1|259.356991|34747911|2||2||1|1|2|2|2|2|2|2|2||1||1500000
3474792|1|1|1|547.03117722|34747921|2||2||1|1|2|2|2|2|2|2|2||1||1500000
3474793|1|1|1|531.16921738|34747931|2||2||1|1|2|2|2|2|2|2|2||1||2600000
3474794|1|1|1|298.7840954|34747941|2||2||1|1|2|2|2|2|2|2|2||1||1300000
3474795|1|1|1|219.68162975|34747951|2||2||1|2|2|2|2|2|2|2|1||8||1000000
3474796|1|1|1|219.68162975|34747961|2||2||1|1|2|2|2|2|2|2|2||1||800000
3474797|1|1|1|601.35122726|34747971|2||2||1|1|2|2|2|2|2|2|2||1||2000000
3474798|1|1|1|441.83287391|34747981|2||2||1|1|2|2|2|2|2|2|2||1||4000000
3474799|1|1|1|177.43516249|34747991|2||2||1|1|2|2|2|2|2|2|2||1||1000000
3474800|1|1|1|165.48344029|34748001|2||2||1|1|2|2|2|2|2|2|2||1||4000000
3474801|1|1|1|470.17560866|34748011|2||2||1|1|2|2|2|2|2|2|2||1||98
3474802|1|1|1|292.23126603|34748021|2||2||1|1|2|2|2|2|2|2|2||1||1500000
3474803|1|1|1|209.48064657|34748031|2||2||1|1|2|2|2|2|2|2|1||1||98
3474804|1|1|1|307.76241785|34748041|2||2||1|1|2|2|2|2|2|2|2||1||1000000
3474805|1|1|1|228.21205523|34748051|2||2||1|1|2|2|2|2|2|1|2||1||4000000
3474806|1|1|1|278.50933653|34748061|2||2||1|1|2|2|1|2|2|2|2||1||2500000
3474807|1|1|1|395.41494425|34748071|2||2||1|1|2|2|2|2|2|2|2||1||3000000
3474808|1|1|1|259.56077661|34748081|2||2||1|1|2|2|2|2|2|2|2||1||5000000
3474809|1|1|1|316.84850445|34748091|2||2||1|2|2|1|2|2|2|2|2||3||98
3474810|1|1|1|356.85556254|34748101|2||2||1|1|2|2|2|2|2|2|2||1||4000000
3474811|1|1|1|788.98727483|34748111|2||2||1|1|2|2|2|2|2|2|2||1||4000000
3474812|1|1|1|358.98421171|34748121|2||2||1|1|2|2|2|2|2|2|2||1||6000000
3474813|1|1|1|375.98101855|34748131|2||2||1|1|2|2|2|2|2|2|2||1||4000000
3474814|1|1|1|370.03634958|34748141|2||2||1|1|2|1|2|2|2|2|2||3||98
3474815|1|1|1|332.849108|34748151|2||2||1|1|2|2|2|2|2|2|2||1||2500000
3474816|1|1|1|404.793047|34748161|2||2||1|2|2|1|2|2|2|2|2||3||3000000
3474817|1|1|1|535.48591477|34748171|2||2||1|1|2|2|2|2|2|2|2||1||2000000
3474818|1|1|1|281.06709007|34748181|2||2||1|1|2|2|2|2|2|2|2||1||3000000
3474819|1|1|1|418.62703057|34748191|2||2||1|1|2|2|2|2|2|2|2||1||1600000
3474820|1|1|1|355.31033796|34748201|2||2||1|2|2|2|2|2|2|2|1||8||500000
3474821|1|1|1|294.90107364|34748211|2||2||1|1|2|2|2|2|2|2|2||1||5500000
3474822|1|1|1|511.93806382|34748221|2||2||1|1|2|2|2|2|2|2|2||1||1000000
3474823|1|1|1|324.97702066|34748231|2||2||1|1|2|2|2|2|2|2|2||1||1500000
3474824|1|1|1|224.89935608|34748241|2||2||1|1|2|2|2|2|2|2|2||1||2600000
3474825|1|1|1|605.24695106|34748251|2||2||1|1|2|2|2|2|2|2|2||1||2000000
3474826|1|1|1|485.49787249|34748261|2||2||1|1|2|2|2|2|2|2|2||1||4000000
3474827|1|1|1|298.53682934|34748271|2||2||1|1|2|2|2|2|2|2|2||1||3500000
3474828|1|1|1|420.56420467|34748281|2||2||1|1|2|2|2|2|2|2|2||1||1400000
3474829|1|1|1|459.98951798|34748291|2||2||1|1|2|2|2|2|2|2|2||1||3500000
3474830|1|1|1|461.65226715|34748301|2||2||1|1|2|2|2|2|2|2|1||8||1000000
3474831|1|1|1|790.49259854|34748311|2||2||1|2|2|1|2|2|2|2|2||3||1300000
3474832|1|1|1|671.59416669|34748321|2||2||1|1|2|2|2|2|2|2|2||1||1500000
3474833|1|1|1|620.70118435|34748331|2||2||1|1|2|2|2|2|2|2|2||1||2000000
3474834|1|1|1|722.27876608|34748341|2||2||1|1|2|2|2|2|2|2|2||1||3500000
3474835|1|1|1|557.88924474|34748351|2||2||1|2|2|2|2|2|2|2|1||8||800000
3474836|1|1|1|388.09783055|34748361|2||2||1|1|2|2|2|2|2|2|2||1||2200000
3474837|1|1|1|657.9517672|34748371|2||2||1|1|2|2|2|2|2|2|2||1||500000
3474838|1|1|1|234.18494036|34748381|2||2||1|1|2|2|2|2|2|2|2||1||2000000
3474839|1|1|1|380.01105664|34748391|2||2||1|2|2|1|2|2|2|2|2||3||1300000
3474840|1|1|1|409.46354339|34748401|2||2||1|1|2|1|2|2|2|2|1||1||4000000
3474841|1|1|1|650.26617599|34748411|2||2||1|1|2|2|2|2|2|2|2||1||1800000
3474842|1|1|1|334.53516833|34748421|2||2||1|1|2|2|2|2|2|2|2||1||2600000
3474843|1|1|1|420.51160044|34748431|2||2||1|1|2|2|2|2|2|2|2||1||1000000
3474844|1|1|1|464.90770395|34748441|2||2||1|2|2|2|2|2|2|2|1||8||1300000
3474845|1|1|1|476.46118676|34748451|2||2||1|1|2|2|2|2|2|2|2||1||2000000
3474846|1|1|1|357.43716381|34748461|2||2||1|1|2|2|2|2|2|2|2||1||1300000
3474847|1|1|1|418.16896041|34748471|2||2||1|1|2|2|2|2|2|2|2||1||4000000
3474848|1|1|1|651.44752567|34748481|2||2||1|1|2|2|2|2|2|2|2||1||750000
3474849|1|1|1|734.73684673|34748491|2||2||1|1|2|2|2|2|2|2|2||1||2000000
3474850|1|1|1|401.45989775|34748501|2||2||1|1|2|2|2|2|2|2|2||1||2000000
3474851|1|1|1|903.42011262|34748511|2||2||1|2|2|2|2|2|2|2|1||8||700000
3474852|1|1|1|438.09005764|34748521|2||2||1|1|2|2|2|2|2|2|2||1||2500000
3474853|1|1|1|1068.0828548|34748531|2||2||1|1|2|2|2|2|2|2|2||1||1500000
3474854|1|1|1|546.12801623|34748541|2||2||1|1|2|2|2|2|2|2|2||1||2000000
3474855|1|1|1|546.12801623|34748551|2||2||1|1|2|2|2|2|2|2|2||1||5000000
3474856|1|1|1|447.72944446|34748561|2||2||1|1|2|2|2|2|2|2|2||1||2500000
3474857|1|1|1|481.16940781|34748571|2||2||1|1|2|2|2|2|2|2|2||1||4000000
3474858|1|1|1|332.8789438|34748581|2||2||1|1|2|1|2|2|2|2|2||1||4800000
3474859|1|1|1|428.38413763|34748591|2||2||1|1|2|2|2|2|2|2|2||1||2300000
3474860|1|1|1|456.31833284|34748601|2||2||1|1|2|2|2|2|2|2|2||1||8000000
3474861|1|1|1|243.61532134|34748611|2||2||1|1|2|1|2|2|2|2|2||1||3500000
3474862|1|1|1|305.44515369|34748621|2||2||1|1|2|2|2|2|2|2|2||1||3500000
3474863|1|1|1|366.47615862|34748631|2||2||1|1|2|2|2|2|2|1|2||1||2000000
3474864|1|1|1|182.21791632|34748641|2||2||1|1|2|1|2|2|2|1|2||1||2500000
3474865|1|1|1|299.70311239|34748651|2||2||1|2|1|2|2|2|2|2|1||8||850000
3474866|1|1|1|375.19923447|34748661|2||2||1|1|2|2|2|2|2|2|2||1||5000000
3474867|1|1|1|346.72434867|34748671|2||2||1|1|2|2|2|2|2|2|2||1||98
3474868|1|1|1|464.04299071|34748681|2||2||1|1|2|2|2|2|2|2|2||1||2000000
3474869|1|1|1|393.85720419|34748691|2||2||1|1|2|2|2|2|2|2|2||1||1300000
3474870|1|1|1|268.15908611|34748701|2||2||1|1|2|2|2|2|2|2|2||1||2600000
3474871|1|1|1|393.85720419|34748711|2||2||1|1|2|2|2|2|2|2|2||1||2500000
3474872|1|1|1|248.32900414|34748721|2||2||1|1|2|2|2|2|2|2|2||1||2000000
3474873|1|1|1|444.21290873|34748731|2||2||1|1|2|2|2|2|2|2|2||1||2000000
3474874|1|1|1|440.41612199|34748741|2||2||1|2|2|2|2|2|2|2|1||8||1300000
3474875|1|1|1|399.86049186|34748751|2||2||1|1|2|2|2|2|2|2|2||1||10000000
3474876|1|1|1|270.4392454|34748761|2||2||1|1|2|2|2|2|2|2|2||1||5000000
3474877|1|1|1|606.1561545|34748771|2||2||1|1|2|2|1|2|2|2|2||1||10000000
3474878|1|1|1|416.69638687|34748781|2||2||1|1|2|2|2|2|2|2|2||1||18000000
3474879|1|1|1|294.39094813|34748791|2||2||1|1|2|2|2|2|2|2|2||1||8000000
3474880|1|1|1|246.48754267|34748801|2||2||1|1|2|2|2|2|2|2|2||1||3000000
3474881|1|1|1|224.88622959|34748811|2||2||1|1|2|2|2|2|2|2|2||1||5000000
3474882|1|1|1|294.39094813|34748821|2||2||1|1|2|2|2|2|2|2|2||1||98
3474883|1|1|1|404.37578032|34748831|2||2||1|1|2|1|2|2|2|2|2||1||7000000
3474884|1|1|1|394.00191112|34748841|2||2||1|1|2|2|2|2|2|2|2||1||2000000
3474885|1|1|1|493.90003581|34748851|2||2||1|1|2|1|2|2|2|2|1||1||7000000
3474886|1|1|1|519.41132682|34748861|2||2||1|2|2|1|2|2|2|2|2||3||4000000
3474887|1|1|1|297.18347048|34748871|2||2||1|1|2|2|2|2|2|2|2||1||1400000
3474888|1|1|1|347.67762137|34748881|2||2||1|1|2|2|2|2|2|2|2||1||5000000
3474889|1|1|1|297.18347048|34748891|2||2||1|1|2|2|2|2|2|2|2||1||3500000
3474890|1|1|1|642.95076564|34748901|2||2||1|1|2|2|2|2|2|2|2||1||1800000
3474891|1|1|1|418.01216231|34748911|2||2||1|1|2|2|2|2|2|2|2||1||200000
3474892|1|1|1|686.58253429|34748921|2||2||1|1|2|2|2|2|2|2|2||1||2500000
3474893|1|1|1|418.01216231|34748931|2||2||1|2|1|2|2|2|2|2|1||2||200000
3474894|1|1|1|418.01216231|34748941|2||2||1|1|1|2|2|2|2|2|2||1||150000
3474895|1|1|1|233.61920174|34748951|2||2||1|1|2|2|2|2|2|2|2||1||1190000
3474896|1|1|1|284.60507574|34748961|2||2||1|1|2|2|2|2|2|2|2||1||1500000
3474897|1|1|1|707.62877987|34748971|2||2||1|1|2|2|2|2|2|2|2||1||4000000
3474898|1|1|1|686.0501823|34748981|2||2||1|1|1|2|2|2|2|2|2||2||200000
3474899|1|1|1|396.35677985|34748991|2||2||1|1|2|2|2|2|2|2|2||1||500000
3474900|1|1|1|611.62971223|34749001|2||2||1|1|2|2|2|2|2|2|2||1||2500000
3474901|1|1|1|562.978048|34749011|2||2||1|1|2|2|2|2|2|2|2||1||700000
3474902|1|1|1|538.75155631|34749021|2||2||1|1|2|2|2|2|2|2|2||1||1200000
3474903|1|1|1|648.45013225|34749031|2||2||1|1|2|2|2|2|2|2|2||1||1500000
3474904|1|1|1|299.35800538|34749041|2||2||1|1|2|2|2|2|2|2|2||1||2300000
3474905|1|1|1|460.97598648|34749051|2||2||1|1|2|2|2|2|2|2|2||1||3000000
3474906|1|1|1|593.94698065|34749061|2||2||1|1|2|2|2|2|2|2|2||1||2200000
3474907|1|1|1|538.75155631|34749071|2||2||1|1|2|2|2|2|2|2|2||1||55000
3474908|1|1|1|497.03372238|34749081|2||2||1|1|2|2|2|2|2|2|2||1||2000000
3474909|1|1|1|198.00365231|34749091|2||2||1|1|2|2|2|2|2|2|2||1||1500000
3474910|1|1|1|254.86616912|34749101|2||2||2|2|2|1|2|2|2|2|2||3||1300000
3474911|1|1|1|448.55814495|34749111|2||2||1|1|2|2|2|2|2|2|2||1||3000000
3474912|1|1|1|169.90100516|34749121|2||2||1|1|2|2|2|2|2|2|2||1||3000000
3474913|1|1|1|254.86616912|34749131|1|1|2||1|2|2|1|2|2|2|2|1||3||3800000
3474914|1|1|1|292.91432876|34749141|2||2||1|1|2|2|2|2|2|2|2||1||1600000
3474915|1|1|1|294.68900804|34749151|2||2||2|2|2|1|2|2|2|2|2||3||1800000
3474916|1|1|1|260.25075014|34749161|2||2||1|1|2|2|2|2|2|2|2||1||1800000
3474917|1|1|1|307.37316546|34749171|2||2||1|2|2|2|2|2|2|2|2|98||99|
3474918|1|1|1|247.56659272|34749181|2||2||1|1|2|2|2|2|2|2|2||1||3000000
3474919|1|1|1|316.78819936|34749191|2||2||1|1|1|2|2|2|2|2|1||1||700000
3474920|1|1|1|389.00064663|34749201|2||2||1|1|2|2|2|2|2|2|2||1||600000
3474921|1|1|1|314.67379048|34749211|2||2||1|1|2|2|2|2|2|2|2||1||1000000
3474922|1|1|1|336.31629754|34749221|2||2||1|1|2|2|2|2|2|2|2||1||450000
3474923|1|1|1|222.88167117|34749231|2||2||1|1|2|1|2|2|2|2|2||1||2000000
3474924|1|1|1|254.91290362|34749241|2||2||1|1|2|2|2|2|2|2|2||1||1300000
3474925|1|1|1|314.67379048|34749251|2||2||1|1|1|2|2|2|2|2|2||1||1500000
3474926|1|1|1|291.89299778|34749261|2||2||1|1|2|2|2|2|2|2|2||1||3500000
3474927|1|1|1|163.74801372|34749271|2||1|1|1|1|2|2|2|2|2|1|1||1||4000000
3474928|1|1|1|196.45933869|34749281|2||2||1|2|2|1|2|2|2|2|2||3||3000000
3474929|1|1|1|225.78812842|34749291|1|1|2||1|1|2|2|2|2|2|2|2||1||13000000
3474930|1|1|1|177.09077455|34749301|2||2||1|1|2|2|2|2|2|2|2||1||5000000
3474931|1|1|1|173.50050009|34749311|2||2||1|1|2|2|2|2|2|2|2||1||2800000
3474932|1|1|1|290.55212406|34749321|2||2||1|1|2|2|2|2|2|2|2||1||5000000
3474933|1|1|1|197.44011391|34749331|2||2||1|1|2|2|2|2|2|2|2||1||3000000
3474934|1|1|1|186.34197863|34749341|2||2||1|1|2|2|2|2|2|2|2||1||1000000
3474935|1|1|1|354.4037571|34749351|2||2||1|1|2|2|2|2|2|2|2||1||1300000
3474936|1|1|1|223.56681501|34749361|2||2||1|2|2|1|2|2|2|2|2||3||5000000
3474937|1|1|1|244.28782932|34749371|2||2||1|2|2|2|2|2|2|2|1||8||1000000
3474938|1|1|1|223.56681501|34749381|2||2||1|1|2|2|2|2|2|2|2||1||2000000
3474939|1|1|1|236.22137934|34749391|2||2||1|2|2|1|2|2|2|2|2||3||4000000
3474940|1|1|1|256.94239365|34749401|2||2||1|1|2|2|2|2|2|2|2||1||5000000
3474941|1|1|1|311.95635059|34749411|2||2||1|1|2|2|2|2|2|2|2||1||4200000
3474942|1|1|1|413.04170176|34749421|2||2||1|2|2|2|2|2|2|2|1||8||1000000
3474942|1|2|2|413.04170176|34749422|2||2||1|2|2|2|2|2|2|2|1||8||900000
3474943|1|1|1|351.45938909|34749431|2||2||1|1|2|2|2|2|2|2|2||1||2800000
3474944|1|1|1|309.79353948|34749441|2||2||1|1|2|2|2|2|2|2|2||1||2500000
3474945|1|1|1|200.628197|34749451|2||2||1|1|2|2|2|2|2|2|2||1||2400000
3474946|1|1|1|288.5903028|34749461|2||2||1|1|2|2|2|2|2|2|2||1||3600000
3474947|1|1|1|200.628197|34749471|2||2||1|1|2|2|2|2|2|2|1||8||1000000
3474948|1|1|1|239.56078715|34749481|2||2||1|1|2|2|2|2|2|2|2||1||2500000
3474949|1|1|1|187.0034494|34749491|2||2||1|1|2|2|2|2|2|2|2||1||3000000
3474950|1|1|1|276.64131049|34749501|2||2||1|1|2|2|2|2|2|2|2||1||2000000
3474951|1|1|1|226.2716019|34749511|2||2||1|1|2|2|2|2|2|2|2||1||500000
3474952|1|1|1|226.2716019|34749521|2||2||1|1|2|2|2|2|2|2|2||1||1000000
3474953|1|1|1|236.5512497|34749531|2||2||1|1|1|2|2|2|2|2|2||1||600000
3474954|1|1|1|182.65015558|34749541|2||2||1|1|2|2|2|2|2|2|2||1||1300000
3474955|1|1|1|172.59925771|34749551|2||2||1|1|2|2|2|2|2|2|2||1||800000
3474956|1|1|1|252.13206958|34749561|2||2||1|1|2|2|2|2|2|2|2||1||1300000
3474957|1|1|1|181.43726309|34749571|2||2||1|1|2|1|2|2|2|2|2||1||3500000
3474958|1|1|1|262.87284561|34749581|2||2||1|1|2|1|2|2|2|2|2||3||99
3474959|1|1|1|208.28375717|34749591|2||2||1|1|2|2|2|2|2|2|2||1||900000
3474960|1|1|1|207.07876241|34749601|2||2||1|1|1|2|2|2|2|2|2||1||1500000
3474961|1|1|1|248.79792699|34749611|2||2||2|2|2|2|2|2|2|1|2||7||500000
3474962|1|1|1|261.1485661|34749621|2||2||1|1|2|2|2|2|2|2|2||1||1800000
3474963|1|1|1|248.79792699|34749631|2||2||1|1|1|2|2|2|2|2|2||1||99
3474964|1|1|1|249.06100986|34749641|2||2||2|1|2|2|2|2|2|2|2||1||1800000
3474965|1|1|1|193.28927963|34749651|2||2||1|1|2|2|2|2|2|2|2||1||99
3474966|1|1|1|248.79792699|34749661|2||2||1|1|1|2|2|2|2|2|2||1||1000000
3474967|1|1|1|301.4801485|34749671|2||2||1|1|2|2|2|2|2|2|2||1||1300000
3474968|1|1|1|255.5071062|34749681|2||2||1|1|2|2|2|2|2|2|2||1||1300000
3474969|1|1|1|240.28461502|34749691|2||2||1|1|2|1|2|2|2|2|2||1||2500000
3474970|1|1|1|268.84762177|34749701|2||2||1|1|2|2|2|2|2|2|2||1||1300000
3474971|1|1|1|319.53544064|34749711|2||2||1|1|2|2|2|2|2|2|2||1||2500000
3474972|1|1|1|253.62513059|34749721|2||2||1|1|2|2|2|2|2|2|2||1||1300000
3474973|1|1|1|349.86989268|34749731|2||2||1|1|2|2|2|2|2|2|2||1||1300000
3474974|1|1|1|223.40120887|34749741|2||2||1|1|2|2|2|2|2|2|2||1||1200000
3474975|1|1|1|315.37750842|34749751|2||2||1|1|2|2|2|2|2|2|2||1||1000000
3474976|1|1|1|179.68685794|34749761|2||2||1|1|2|2|2|2|2|2|2||1||900000
3474977|1|1|1|233.93002535|34749771|2||2||1|1|2|2|2|2|2|2|2||1||1300000
3474978|1|1|1|226.20559286|34749781|2||2||1|1|2|2|2|2|2|2|2||1||1200000
3474979|1|1|1|213.06818245|34749791|2||2||2|1|2|2|2|2|2|2|2||1||1300000
3474980|1|1|1|271.10095863|34749801|2||2||1|1|2|2|2|2|2|2|2||1||2500000
3474981|1|1|1|178.83413766|34749811|2||2||1|1|2|1|2|2|2|2|2||3||4500000
3474982|1|1|1|271.10095863|34749821|2||2||1|1|2|2|2|2|2|2|2||1||1500000
3474983|1|1|1|323.70903003|34749831|2||2||1|1|2|2|2|2|2|2|2||1||1800000
3474984|1|1|1|470.81751238|34749841|2||2||1|1|2|2|2|2|2|2|2||1||1300000
3474985|1|1|1|488.19117541|34749851|2||2||1|1|1|2|2|2|2|2|2||1||1000000
3474986|1|1|1|455.46008636|34749861|2||2||1|1|2|2|2|2|2|2|2||1||500000
3474987|1|1|1|325.39495005|34749871|2||2||1|1|2|2|2|2|2|2|2||1||1300000
3474988|1|1|1|325.39495005|34749881|2||2||1|1|1|2|2|2|2|2|2||1||1100000
3474989|1|1|1|260.75040652|34749891|2||2||1|1|2|2|2|2|2|2|2||1||99
3474990|1|1|1|221.87368236|34749901|2||2||1|1|2|2|2|2|2|2|2||1||800000
3474991|1|1|1|221.87368236|34749911|2||2||1|1|2|2|2|2|2|2|2||1||800000
3474992|1|1|1|129.0097013|34749921|2||2||1|1|2|2|2|2|2|2|2||1||1500000
3474993|1|1|1|343.80779753|34749931|2||2||1|1|2|2|2|2|2|2|2||1||1500000
3474994|1|1|1|358.00816521|34749941|2||2||1|1|1|2|2|2|2|2|2||1||800000
3474995|1|1|1|729.35937439|34749951|2||2||1|1|2|2|2|2|2|2|2||1||1300000
3474996|1|1|1|520.98262094|34749961|2||2||1|1|2|2|2|2|2|2|2||1||1000000
3474997|1|1|1|737.70548503|34749971|2||2||1|1|2|2|2|2|2|2|2||1||1000000
3474998|1|1|1|1458.3826103|34749981|2||2||1|1|2|1|2|2|2|2|2||3||1200000
3474999|1|1|1|651.64516921|34749991|2||2||1|1|2|2|2|2|2|2|2||1||1300000
3475000|1|1|1|1163.3198467|34750001|2||2||1|1|2|2|2|2|2|2|1||1||1300000
3475002|1|1|1|752.37811968|34750021|2||2||1|1|2|2|2|2|2|2|2||1||1200000
3475003|1|1|1|1361.1296872|34750031|2||2||1|1|1|2|2|2|2|2|2||1||1300000
3475004|1|1|1|1159.464939|34750041|2||2||1|1|2|2|2|2|2|2|2||1||1200000
3475005|1|1|1|766.15091315|34750051|2||2||1|1|2|2|2|2|2|2|1||1||1500000
3475006|1|1|1|1268.5006024|34750061|2||2||1|1|2|2|2|2|2|2|2||1||1000000
3475007|1|1|1|1133.8938956|34750071|2||2||1|1|1|2|2|2|2|2|1||1||1200000
3475008|1|1|1|1353.729269|34750081|2||2||1|1|2|2|2|2|2|2|2||1||1300000
3475009|1|1|1|877.54069299|34750091|2||2||1|1|2|2|2|2|2|2|1||1||700000
3475010|1|1|1|703.77885166|34750101|2||2||1|1|2|2|2|2|2|2|2||1||2000000
3475011|1|1|1|727.50072041|34750111|2||2||1|1|2|2|2|2|2|2|2||1||900000
3475012|1|1|1|653.62989008|34750121|2||2||1|1|1|2|2|2|2|2|2||1||300000
3475013|1|1|1|665.1333574|34750131|2||2||1|1|2|2|2|2|2|2|2||1||1000000
3475014|1|1|1|789.75099489|34750141|2||2||1|1|2|2|2|2|2|2|2||1||1200000
3475015|1|1|1|814.72601925|34750151|2||2||1|1|2|2|2|2|2|2|2||1||1300000
3475016|1|1|1|848.13145062|34750161|2||2||1|1|2|2|2|2|2|1|2||1||1200000
3475017|1|1|1|840.89012338|34750171|2||2||1|1|2|2|2|2|2|2|2||1||1300000
3475018|1|1|1|592.83168406|34750181|2||2||1|1|2|2|2|2|2|2|2||1||800000
3475019|1|1|1|645.39839593|34750191|2||2||1|1|1|2|2|2|2|2|2||1||500000
3475020|1|1|1|820.26947053|34750201|2||2||1|1|2|2|2|2|2|2|1||1||1200000
3475021|1|1|1|1125.3407699|34750211|2||2||1|1|2|2|2|2|2|2|2||1||2600000
3475022|1|1|1|876.30768595|34750221|2||2||1|1|2|1|2|2|2|2|2||1||3000000
3475023|1|1|1|456.81687817|34750231|2||2||1|1|2|2|2|2|2|2|2||1||2200000
3475024|1|1|1|664.60067238|34750241|2||2||1|2|2|2|2|2|2|2|1||8||2400000
3475025|1|1|1|775.16094547|34750251|2||2||1|1|2|2|2|2|2|2|2||1||2000000
3475026|1|1|1|775.16094547|34750261|2||2||1|1|2|2|2|2|2|2|2||1||3000000
3475027|1|1|1|1059.4406303|34750271|2||2||1|1|2|2|2|2|2|2|2||1||4000000
3475028|1|1|1|664.60067238|34750281|2||2||1|2|2|1|2|2|2|2|2||3||4000000
3475029|1|1|1|814.36254547|34750291|2||2||1|1|2|2|2|2|2|2|2||1||1000000
3475030|1|1|1|888.92311989|34750301|2||2||1|1|2|2|2|2|2|2|2||1||1300000
3475031|1|1|1|672.78119796|34750311|2||2||1|1|2|1|2|2|2|2|2||3||1300000
3475032|1|1|1|576.82322508|34750321|2||2||1|1|2|2|2|2|2|2|2||1||800000
3475033|1|1|1|976.71085691|34750331|2||2||1|1|2|2|2|2|2|2|1||1||150000
3475034|1|1|1|886.6828802|34750341|2||2||1|1|2|2|2|2|2|2|2||1||1300000
3475035|1|1|1|446.59201056|34750351|2||2||1|1|2|2|2|2|2|2|2||1||800000
3475036|1|1|1|770.69265952|34750361|2||2||1|1|2|2|2|2|2|2|2||1||1300000
3475037|1|1|1|933.98196412|34750371|2||2||1|1|2|2|2|2|2|2|2||1||1000000
3475038|1|1|1|673.43685644|34750381|2||2||1|1|2|2|2|2|2|2|2||1||1200000
3475039|1|1|1|705.36355816|34750391|2||2||1|1|2|2|2|2|2|2|2||1||1300000
3475040|1|1|1|791.87900914|34750401|2||2||1|1|2|2|2|2|2|2|2||1||1000000
3475041|1|1|1|390.73644925|34750411|2||2||1|1|2|2|2|2|2|2|2||1||1300000
3475042|1|1|1|876.04017612|34750421|2||2||1|1|2|2|2|2|2|2|2||1||1300000
3475043|1|1|1|626.4052562|34750431|2||2||1|1|2|2|2|2|2|2|1||1||2000000
3475044|1|1|1|876.04017612|34750441|2||2||1|1|1|2|2|2|2|2|2||1||800000
3475045|1|1|1|554.42886556|34750451|2||2||1|1|2|2|2|2|2|2|2||1||1300000
3475046|1|1|1|886.89094445|34750461|2||2||1|1|2|2|2|2|2|2|2||1||1300000
3475047|1|1|1|1077.1992009|34750471|2||2||1|1|2|2|2|2|2|2|2||1||2800000
3475048|1|1|1|714.75921369|34750481|2||2||1|2|2|1|2|2|2|2|2||3||1300000
3475049|1|1|1|1061.3485597|34750491|2||2||1|1|2|2|2|2|2|2|2||1||100000
3475050|1|1|1|1245.2187046|34750501|2||2||1|1|2|2|2|2|2|2|2||1||1300000
3475051|1|1|1|979.8112982|34750511|2||2||1|1|2|2|2|2|2|2|2||1||1300000
3475052|1|1|1|727.8433675|34750521|2||2||1|1|2|2|2|2|2|2|2||1||900000
3475053|1|1|1|690.46672252|34750531|2||2||1|1|1|2|2|2|2|2|2||1||1200000
3475054|1|1|1|939.70206377|34750541|2||2||1|1|2|2|2|2|2|2|2||1||1300000
3475055|1|1|1|961.96016459|34750551|2||2||1|1|2|2|2|2|2|1|2||1||800000
3475056|1|1|1|812.085621|34750561|2||2||1|1|2|2|2|2|2|2|2||1||4200000
3475057|1|1|1|606.26969934|34750571|2||2||1|1|2|2|2|2|2|2|2||1||600000
3475058|1|1|1|942.70593534|34750581|2||2||1|1|2|2|2|2|2|2|2||1||800000
3475059|1|1|1|850.58546719|34750591|2||2||1|1|2|2|2|2|2|2|2||1||1300000
3475060|1|1|1|1056.4013889|34750601|2||2||1|1|2|2|2|2|2|2|2||1||800000
3475061|1|1|1|805.72951638|34750611|2||2||1|1|2|2|2|2|2|2|2||1||3500000
3475062|1|1|1|847.44689582|34750621|2||2||1|1|2|2|2|2|2|2|2||1||2500000
3475063|1|1|1|727.96893995|34750631|2||2||1|1|2|2|2|2|2|2|2||1||4000000
3475064|1|1|1|720.02258789|34750641|2||2||1|1|2|2|2|2|2|2|2||1||3500000
3475065|1|1|1|776.32888779|34750651|2||2||1|1|2|2|2|2|2|2|2||1||3000000
3475066|1|1|1|762.52257338|34750661|2||2||1|1|2|2|2|2|2|2|2||1||10000000
3475067|1|1|1|879.49967674|34750671|2||2||1|1|2|2|2|2|2|2|2||1||3600000
3475068|1|1|1|236.86954728|34750681|2||2||1|1|2|1|2|2|2|2|2||3||3000000
3475069|1|1|1|365.8757372|34750691|2||2||1|2|2|1|2|2|2|2|2||3||1300000
3475070|1|1|1|459.29028874|34750701|2||2||1|1|2|2|2|2|2|2|2||1||4500000
3475071|1|1|1|298.60453668|34750711|2||2||1|1|2|2|2|2|2|2|2||1||3000000
3475072|1|1|1|278.41716207|34750721|2||2||1|1|2|2|2|2|2|2|2||1||2000000
3475073|1|1|1|176.90232094|34750731|2||2||1|1|2|2|2|2|2|2|2||1||1500000
3475075|1|1|1|236.86954728|34750751|2||2||1|1|2|2|2|2|2|2|2||1||1800000
3475076|1|1|1|208.14119854|34750761|2||2||1|1|2|2|2|2|2|2|2||1||1500000
3475077|1|1|1|399.32306239|34750771|2||2||1|1|2|2|2|2|2|2|2||1||2600000
3475078|1|1|1|337.97100387|34750781|2||2||1|2|2|1|2|2|2|2|2||3||1500000
3475079|1|1|1|248.70172399|34750791|2||2||1|1|2|2|1|2|2|2|2||1||2800000
3475080|1|1|1|280.35845119|34750801|2||2||1|1|2|2|2|2|2|2|2||1||1300000
3475081|1|1|1|296.65600314|34750811|2||2||1|1|2|2|2|2|2|2|2||1||850000
3475082|1|1|1|271.73798567|34750821|2||2||1|1|2|2|2|2|2|2|1||1||1500000
3475083|1|1|1|192.05638969|34750831|2||2||1|1|2|2|2|2|2|2|2||1||2200000
3475084|1|1|1|145.46484231|34750841|2||2||1|1|2|2|2|2|2|2|2||1||2000000
3475085|1|1|1|118.93991154|34750851|2||2||1|1|2|2|2|2|2|2|2||1||1300000
3475086|1|1|1|281.18870299|34750861|2||2||1|2|2|1|2|2|2|2|2||3||1300000
3475087|1|1|1|356.82855176|34750871|2||2||1|1|2|2|2|2|2|2|2||1||800000
3475088|1|1|1|220.4094913|34750881|2||2||2|1|2|2|2|2|2|2|2||1||1300000
3475089|1|1|1|316.43307001|34750891|2||2||1|2|2|2|2|2|2|2|1||8||600000
3475090|1|1|1|180.01400955|34750901|2||2||1|1|2|2|2|2|2|2|2||1||800000
3475091|1|1|1|250.06368009|34750911|2||2||1|1|2|2|2|2|2|2|2||1||1100000
3475092|1|1|1|281.18870299|34750921|2||2||1|1|2|2|2|2|2|2|2||1||1200000
3475093|1|1|1|251.90376484|34750931|2||2||1|1|2|2|2|2|2|2|2||1||1300000
3475094|1|1|1|391.54684988|34750941|2||2||1|1|2|2|2|2|2|2|2||1||1300000
3475095|1|1|1|316.43307001|34750951|2||2||1|1|2|2|2|2|2|2|2||1||600000
3475096|1|1|1|116.34485892|34750961|2||2||1|1|2|2|2|2|2|2|2||1||2000000
3475097|1|1|1|343.05524044|34750971|2||2||1|1|2|2|2|2|2|2|2||1||4000000
3475098|1|1|1|150.82157554|34750981|2||1|1|1|1|2|2|2|2|2|2|2||1||2200000
3475099|1|1|1|460.28536035|34750991|2||2||1|1|2|2|2|2|2|2|2||1||2600000
3475100|1|1|1|327.22800144|34751001|2||2||1|1|2|2|2|2|2|2|2||1||3900000
3475101|1|1|1|129.78810111|34751011|2||2||1|2|2|2|2|2|2|2|1||8||1000000
3475102|1|1|1|380.09973335|34751021|2||2||1|1|2|2|2|2|2|2|2||1||2500000
3475103|1|1|1|116.34485892|34751031|2||2||1|1|2|2|2|2|2|2|2||1||1250000
3475104|1|1|1|138.95018672|34751041|2||2||1|1|2|2|2|2|2|2|2||1||2500000
3475105|1|1|1|465.3794357|34751051|2||2||1|1|2|2|2|2|2|2|2||1||2500000
3475106|1|1|1|116.34485892|34751061|2||2||1|1|2|2|2|2|2|2|2||1||4000000
3475107|1|1|1|192.05638969|34751071|2||2||1|1|2|2|2|2|2|2|2||1||2600000
3475108|1|1|1|225.74364492|34751081|2||2||1|2|2|2|2|2|2|2|1||8||1250000
3475109|1|1|1|154.18562555|34751091|2||2||1|1|2|2|2|2|2|2|2||1||2000000
3475110|1|1|1|166.96746486|34751101|2||2||1|2|2|1|2|2|2|2|2||3||3500000
3475111|1|1|1|296.65600314|34751111|2||2||1|2|2|2|2|2|2|2|1||8||1000000
3475112|1|1|1|178.40986731|34751121|2||2||1|1|2|2|2|2|2|2|2||1||3500000
3475113|1|1|1|413.62588082|34751131|2||2||1|1|2|2|2|2|2|2|2||1||2500000
3475114|1|1|1|444.9840047|34751141|2||2||1|1|2|2|2|2|2|2|2||1||900000
3475115|1|1|1|389.17955291|34751151|2||2||1|1|2|2|2|2|2|2|2||1||3000000
3475116|1|1|1|332.3734067|34751161|2||2||1|1|2|2|2|2|2|2|2||1||2200000
3475117|1|1|1|288.08458453|34751171|2||2||1|1|2|2|2|2|2|2|2||1||2200000
3475118|1|1|1|483.58588367|34751181|2||2||1|2|2|1|2|2|2|2|2||3||1600000
3475119|1|1|1|288.08458453|34751191|2||2||1|1|2|2|2|2|2|2|2||1||2600000
3475120|1|1|1|477.34382299|34751201|2||2||1|1|2|2|2|2|2|2|2||1||1900000
3475121|1|1|1|389.17955291|34751211|2||2||1|1|2|2|2|2|2|2|2||1||3000000
3475122|1|1|1|250.45119729|34751221|2||2||1|1|2|1|2|2|2|2|2||3||2000000
3475123|1|1|1|338.61546738|34751231|2||2||1|2|2|1|2|2|2|2|2||3||3000000
3475124|1|1|1|178.40986731|34751241|2||2||1|1|2|2|2|2|2|2|2||1||3000000
3475125|1|1|1|234.32423038|34751251|2||2||1|1|2|2|2|2|2|2|2||1||2000000
3475126|1|1|1|152.61941118|34751261|2||2||1|2|2|2|2|2|2|2|1||8||800000
3475127|1|1|1|164.58221536|34751271|2||2||1|1|2|2|2|2|2|2|2||1||900000
3475128|1|1|1|211.92101459|34751281|2||2||1|1|2|2|2|2|2|2|2||1||2000000
3475129|1|1|1|313.68308368|34751291|2||2||1|1|2|2|2|2|2|2|2||1||1000000
3475130|1|1|1|397.39594126|34751301|2||2||1|1|2|2|2|2|2|2|2||1||1500000
3475131|1|1|1|117.24076995|34751311|2||2||1|1|2|2|2|2|2|2|2||1||1300000
3475132|1|1|1|387.6843338|34751321|2||2||1|1|2|2|2|2|2|2|2||1||1500000
3475133|1|1|1|164.58221536|34751331|2||2||1|1|2|2|2|2|2|2|2||1||900000
3475134|1|1|1|222.51873571|34751341|2||2||1|1|2|2|2|2|2|2|2||1||1000000
3475135|1|1|1|203.68198526|34751351|2||2||1|1|2|2|2|2|2|2|2||1||2500000
3475136|1|1|1|303.08536257|34751361|2||2||1|1|2|2|2|2|2|2|2||1||7000000
3475137|1|1|1|220.12616972|34751371|2||2||1|1|2|2|2|2|2|2|2||1||2000000
3475138|1|1|1|176.72044775|34751381|2||2||1|1|2|2|2|2|2|2|2||1||800000
3475139|1|1|1|152.0751342|34751391|2||2||1|1|2|2|2|2|2|2|2||1||1500000
3475140|1|1|1|374.62001883|34751401|2||2||1|1|2|2|2|2|2|2|2||1||800000
3475141|1|1|1|316.05259611|34751411|2||2||1|1|2|2|2|2|2|2|2||1||2000000
3475142|1|1|1|323.66121465|34751421|2||2||1|1|2|2|2|2|2|2|2||1||4000000
3475143|1|1|1|401.96421152|34751431|2||2||1|1|2|2|2|2|2|2|2||1||900000
3475144|1|1|1|138.76323013|34751441|2||2||1|1|2|2|2|2|2|2|2||1||1500000
3475145|1|1|1|194.79537567|34751451|2||2||1|2|2|1|2|2|2|2|2||3||1300000
3475146|1|1|1|194.79537567|34751461|2||2||1|2|2|1|2|2|2|2|2||3||1300000
3475147|1|1|1|194.79537567|34751471|2||2||1|2|2|1|2|2|2|2|2||3||1300000
3475148|1|1|1|194.79537567|34751481|2||2||1|2|2|2|2|2|2|2|1||8||900000
3475149|1|1|1|180.63650116|34751491|2||2||1|2|2|1|2|2|2|1|2||3||5000000
3475150|1|1|1|194.79537567|34751501|2||2||1|1|2|2|2|2|2|2|2||1||600000
3475151|1|1|1|194.79537567|34751511|2||2||1|2|2|1|2|2|2|2|2||3||1300000
3475152|1|1|1|194.79537567|34751521|2||2||1|2|2|1|2|2|2|2|2||3||1800000
3475153|1|1|1|346.09867033|34751531|2||2||1|1|2|2|2|2|2|2|2||1||1300000
3475154|1|1|1|300.03396003|34751541|2||2||1|1|2|2|2|2|2|2|1||1||5000000
3475155|1|1|1|364.26312138|34751551|2||2||1|1|2|2|2|2|2|2|2||1||6000000
3475157|1|1|1|364.26312138|34751571|2||2||1|1|2|2|2|2|2|2|2||1||3900000
3475158|1|1|1|222.93401646|34751581|2||2||1|1|2|2|1|2|2|2|2||1||4500000
3475159|1|1|1|298.20456798|34751591|2||2||1|2|2|1|2|2|2|2|2||3||4000000
3475160|1|1|1|220.56195976|34751601|2||2||1|2|2|1|2|2|2|2|2||3||4000000
3475161|1|1|1|203.67730783|34751611|2||2||1|1|2|2|2|2|2|2|2||1||4000000
3475162|1|1|1|298.20456798|34751621|2||2||1|2|2|1|2|2|2|2|2||3||7000000
3475163|1|1|1|233.82865444|34751631|2||2||1|1|2|2|2|2|2|2|2||1||12000000
3475164|1|1|1|149.67908543|34751641|2||2||1|1|2|2|2|2|2|2|2||1||9000000
3475165|1|1|1|203.28288847|34751651|2||2||1|2|2|1|2|2|2|2|2||3||6500000
3475166|1|1|1|259.28099833|34751661|2||2||1|1|2|2|2|2|2|2|2||1||6500000
3475167|1|1|1|170.3508975|34751671|2||2||1|1|2|2|2|2|2|2|2||1||7000000
3475168|1|1|1|361.17868382|34751681|2||2||1|2|2|1|2|2|2|2|2||3||4800000
3475169|1|1|1|144.8093423|34751691|2||2||1|1|2|2|2|2|2|2|2||1||8000000
3475170|1|1|1|159.85548072|34751701|2||2||1|1|2|1|2|2|2|2|2||1||15000000
3475171|1|1|1|286.96230256|34751711|2||2||1|1|2|2|2|2|2|2|2||1||2600000
3475172|1|1|1|276.97783892|34751721|2||2||1|1|2|1|1|2|2|2|2||1||3500000
3475173|1|1|1|240.07048711|34751731|2||2||1|1|2|2|2|2|2|2|2||1||6000000
3475174|1|1|1|282.17955615|34751741|2||2||1|2|2|1|2|2|2|2|2||3||5000000
3475175|1|1|1|251.03203431|34751751|2||2||1|1|2|2|2|2|2|2|2||1||5000000
3475176|1|1|1|441.78773608|34751761|2||2||1|1|2|2|2|2|2|2|2||1||5000000
3475177|1|1|1|713.63946924|34751771|2||2||1|1|2|2|2|2|2|2|2||1||4000000
3475178|1|1|1|441.78773608|34751781|2||2||1|2|2|2|2|2|2|2|1||8||1500000
3475179|1|1|1|582.86669148|34751791|2||2||1|1|2|2|2|2|2|2|2||1||6000000
3475180|1|1|1|362.55903031|34751801|2||2||1|1|2|2|1|2|2|2|2||1||2800000
3475181|1|1|1|382.34799259|34751811|2||2||1|1|2|1|2|2|2|2|2||3||6500000
3475182|1|1|1|413.62588082|34751821|2||2||1|1|2|2|2|2|2|2|2||1||3000000
3475183|1|1|1|288.08458453|34751831|2||2||1|1|2|2|2|2|2|2|2||1||2600000
3475184|1|1|1|250.45119729|34751841|2||2||1|1|2|2|2|2|2|2|2||1||2900000
3475185|1|1|1|300.46879777|34751851|2||2||1|1|2|2|2|2|2|2|2||1||3000000
3475186|1|1|1|398.29223918|34751861|2||2||1|1|2|2|2|2|2|2|2||1||2000000
3475187|1|1|1|231.38723604|34751871|2||2||1|1|2|2|2|2|2|2|2||1||2200000
3475188|1|1|1|360.71438233|34751881|2||2||1|1|2|1|2|2|2|2|2||1||4500000
3475189|1|1|1|158.04026619|34751891|2||2||1|1|2|2|2|2|2|2|2||1||1300000
3475190|1|1|1|218.28585075|34751901|2||2||1|2|2|1|2|2|2|2|2||3||1400000
3475191|1|1|1|174.81761131|34751911|2||2||1|1|2|1|2|2|2|2|2||1||3600000
3475192|1|1|1|199.36016293|34751921|2||2||1|1|2|1|2|2|2|2|2||1||3900000
3475193|1|1|1|258.92650345|34751931|2||2||1|1|2|2|2|2|2|2|2||1||1300000
3475194|1|1|1|175.77161313|34751941|2||2||1|1|2|2|2|2|2|2|2||1||900000
3475195|1|1|1|235.56264382|34751951|2||2||1|1|2|2|2|2|2|2|2||1||2500000
3475196|1|1|1|240.34729424|34751961|2||2||1|1|2|2|2|2|2|2|2||1||2000000
3475197|1|1|1|235.56264382|34751971|2||2||1|1|2|2|2|2|2|2|2||1||1300000
3475198|1|1|1|223.30614897|34751981|2||2||1|1|2|2|2|2|2|2|2||1||3000000
3475199|1|1|1|218.94428424|34751991|2||2||1|1|2|2|2|2|2|2|2||1||1900000
3475200|1|1|1|240.34729424|34752001|2||2||1|1|2|2|2|2|2|2|2||1||1300000
3475201|1|1|1|252.6037891|34752011|2||2||1|1|2|2|2|2|2|2|2||1||2500000
3475202|1|1|1|161.93637003|34752021|2||2||1|1|2|2|2|2|2|2|2||1||1500000
3475203|1|1|1|135.59149915|34752031|2||2||1|1|2|2|2|2|2|2|2||1||1500000
3475204|1|1|1|607.12820771|34752041|2||2||1|1|2|2|2|2|2|2|2||1||2600000
3475205|1|1|1|614.55490347|34752051|2||2||2|1|2|2|2|2|2|2|2||1||4000000
3475206|1|1|1|806.67053706|34752061|2||2||1|1|2|2|2|2|2|2|2||1||2500000
3475207|1|1|1|701.50292883|34752071|2||2||1|2|2|1|2|2|2|2|2||3||1000000
3475208|1|1|1|313.50066129|34752081|2||2||2|1|2|1|2|2|2|1|2||1||2500000
3475209|1|1|1|411.87523774|34752091|2||2||1|1|2|2|2|2|2|2|2||1||2000000
3475210|1|1|1|681.85866893|34752101|2||2||1|1|2|2|2|2|2|2|2||1||1300000
3475212|1|1|1|1254.0026452|34752121|2||2||1|1|2|2|2|2|2|2|2||1||1000000
3475213|1|1|1|434.88568899|34752131|2||2||1|1|2|2|2|2|2|2|2||1||1300000
3475214|1|1|1|439.34906653|34752141|2||2||1|1|2|1|2|2|2|2|2||1||3500000
3475216|1|1|1|492.15034185|34752161|2||2||1|2|2|2|2|2|2|2|1||8||99
3475217|1|1|1|322.01747517|34752171|2||2||1|1|1|2|2|2|2|2|2||1||1500000
3475218|1|1|1|430.34252684|34752181|2||2||1|1|2|2|2|2|2|2|2||1||500000
3475219|1|1|1|279.6407079|34752191|2||2||1|1|2|2|2|2|2|2|2||1||2500000
3475220|1|1|1|264.73389176|34752201|2||2||1|1|2|2|2|2|2|2|2||1||3300000
3475221|1|1|1|546.05626966|34752211|2||2||1|2|2|2|2|2|2|2|2|98||99|
3475222|1|1|1|415.88500329|34752221|2||2||1|1|2|2|2|2|2|2|2||1||3000000
3475223|1|1|1|681.18845352|34752231|2||2||1|1|2|2|2|2|2|2|2||1||2600000
3475224|1|1|1|643.87101185|34752241|2||2||2|1|2|2|2|2|2|2|2||1||3900000
3475225|1|1|1|498.42177382|34752251|2||2||1|1|2|2|2|2|2|2|1||1||2600000
3475226|1|1|1|316.7884177|34752261|2||2||1|2|2|1|2|2|2|2|2||3||3500000
3475227|1|1|1|316.7884177|34752271|2||2||1|2|2|1|2|2|2|2|2||3||3000000
3475228|1|1|1|289.31789698|34752281|2||2||1|1|1|2|2|2|2|2|2||1||13000000
3475229|1|1|1|423.8580915|34752291|2||1|4|1|1|2|2|2|2|2|2|1||8||3000000
3475230|1|1|1|316.7884177|34752301|2||2||1|2|2|1|2|2|2|2|2||3||1500000
3475231|1|1|1|377.40402101|34752311|2||2||1|1|2|2|2|2|2|2|2||1||5000000
3475232|1|1|1|229.45230138|34752321|2||2||1|2|2|1|1|2|2|2|2||3||2500000
3475233|1|1|1|779.51515781|34752331|2||1|1|1|2|2|2|2|2|2|2|1||8||4000000
3475234|1|1|1|363.81947549|34752341|2||2||1|1|2|2|2|2|2|1|2||1||10000000
3475235|1|1|1|449.59598898|34752351|2||2||1|1|2|2|2|2|2|2|2||1||25000000
3475236|1|1|1|359.04171315|34752361|2||2||1|2|2|1|2|2|2|2|2||3||99
3475237|1|1|1|582.46878914|34752371|2||2||1|1|2|2|2|2|2|2|2||1||6000000
3475238|1|1|1|498.84087792|34752381|2||2||1|1|2|1|2|2|2|1|2||3||20000000
3475239|1|1|1|229.07174177|34752391|2||2||1|1|2|2|2|2|2|2|2||1||2200000
3475240|1|1|1|335.19825974|34752401|2||2||1|1|2|1|2|2|2|2|2||1||6200000
3475241|1|1|1|248.41295263|34752411|2||2||1|2|2|1|2|2|2|2|2||3||2600000
3475242|1|1|1|369.94124576|34752421|2||2||2|1|2|1|2|2|2|2|2||3||3000000
3475243|1|1|1|794.20167527|34752431|2||2||1|1|2|2|2|2|2|2|2||1||3000000
3475244|1|1|1|335.19825974|34752441|2||2||1|1|2|2|2|2|2|2|2||1||99
3475245|1|1|1|294.76881388|34752451|2||2||1|1|2|2|2|2|2|2|2||1||2600000
3475246|1|1|1|225.91952417|34752461|2||2||1|2|1|2|2|2|2|2|1||8||1600000
3475247|1|1|1|247.1918642|34752471|2||2||1|1|2|1|2|2|2|2|2||1||5200000
3475248|1|1|1|335.40110652|34752481|2||2||1|2|2|2|2|2|2|2|1||8||2200000
3475249|1|1|1|392.61005063|34752491|2||2||1|1|2|2|2|2|2|2|1||1||4000000
3475250|1|1|1|367.24719396|34752501|2||2||1|2|2|2|2|2|2|2|1||8||1100000
3475251|1|1|1|381.40353364|34752511|2||2||1|1|2|1|2|2|2|2|2||3||1500000
3475252|1|1|1|349.5574462|34752521|2||2||1|1|2|2|2|2|2|2|2||1||2300000
3475253|1|1|1|367.24719396|34752531|2||1|2|1|2|1|2|2|2|2|2|1||8||1000000
3475254|1|1|1|494.30806737|34752541|2||2||1|1|1|2|2|2|2|2|2||1||3900000
3475255|1|1|1|575.96302215|34752551|2||2||1|1|2|2|2|2|2|2|2||1||1500000
3475256|1|1|1|262.32182375|34752561|2||2||1|1|2|1|2|2|2|2|2||1||5200000
3475257|1|1|1|438.97405636|34752571|2||2||1|1|2|2|2|2|2|2|2||1||3000000
3475258|1|1|1|376.3629583|34752581|2||2||1|1|2|2|2|2|2|1|2||7||2500000
3475259|1|1|1|381.64416417|34752591|2||2||1|1|2|2|2|2|2|2|2||1||2200000
3475260|1|1|1|413.56537971|34752601|2||1|1|1|1|2|2|2|2|2|2|1||8||2500000
3475261|1|1|1|536.925962|34752611|2||2||1|1|2|2|2|2|2|2|2||1||5000000
3475262|1|1|1|362.39370681|34752621|2||2||1|2|2|1|2|2|2|2|2||3||2500000
3475263|1|1|1|464.42177487|34752631|2||2||1|1|2|2|2|2|2|2|2||1||10000000
3475264|1|1|1|274.32346395|34752641|2||2||1|1|2|2|2|2|2|2|1||1||5000000
3475265|1|1|1|780.26831255|34752651|2||2||1|1|2|2|2|2|2|2|2||1||4500000
3475266|1|1|1|329.31758851|34752661|2||2||1|1|2|1|2|2|2|2|2||3||4000000
3475267|1|1|1|482.03331181|34752671|1|1|2||1|1|2|2|2|2|2|2|2||1||5000000
3475268|1|1|1|321.7155486|34752681|2||2||1|1|2|1|2|2|2|2|2||1||6000000
3475269|1|1|1|329.31758851|34752691|2||2||1|2|2|1|2|2|2|2|2||3||3000000
3475270|1|1|1|285.7271084|34752701|2||2||2|1|2|1|2|2|2|2|2||1||3500000
3475271|1|1|1|1231.1204377|34752711|2||1|1|1|1|2|2|2|2|2|2|1||1||3000000
3475272|1|1|1|1254.0026452|34752721|2||2||2|1|2|2|2|2|2|2|2||1||1500000
3475273|1|1|1|442.31238475|34752731|2||2||1|1|2|2|2|2|2|2|2||1||1300000
3475274|1|1|1|646.64558249|34752741|2||2||1|1|2|2|2|2|2|2|1||1||1300000
3475275|1|1|1|927.29465279|34752751|2||2||1|1|2|2|2|2|2|2|2||1||1300000
3475276|1|1|1|529.26041011|34752761|2||2||1|1|2|2|2|2|2|2|2||1||1300000
3475277|1|1|1|799.2438413|34752771|2||2||1|1|2|2|2|2|2|2|2||1||1300000
3475278|1|1|1|806.67053706|34752781|2||2||1|1|2|2|2|2|2|2|2||1||1800000
3475279|1|1|1|503.3959886|34752791|2||2||1|1|2|2|2|2|2|2|2||1||3900000
3475280|1|1|1|1254.0026452|34752801|2||2||1|1|2|2|2|2|2|2|2||1||1800000
3475281|1|1|1|582.80961535|34752811|2||2||1|1|2|2|2|2|2|2|2||1||1300000
3475282|1|1|1|529.26041011|34752821|2||2||1|2|2|2|2|2|2|2|1||8||1200000
3475283|1|1|1|361.69222385|34752831|2||2||1|1|1|2|2|2|2|2|1||8||1200000
3475284|1|1|1|746.39213819|34752841|2||2||1|1|2|2|2|2|2|2|2||1||1500000
3475285|1|1|1|486.50409198|34752851|2||2||1|1|2|2|2|2|2|2|2||1||3500000
3475286|1|1|1|548.90467002|34752861|2||2||1|1|2|2|2|2|2|1|2||1||2000000
3475287|1|1|1|681.85866893|34752871|2||2||1|1|2|2|2|2|2|2|2||1||1800000
3475288|1|1|1|806.67053706|34752881|2||2||1|1|2|2|2|2|2|2|2||1||2600000
3475289|1|1|1|761.24552969|34752891|2||2||1|1|2|2|2|2|2|2|2||1||1300000
3475290|1|1|1|572.91631933|34752901|2||2||1|1|1|2|2|2|2|2|2||1||2600000
3475291|1|1|1|582.80961535|34752911|2||2||1|1|2|2|2|2|2|2|2||1||1300000
3475292|1|1|1|561.00569823|34752921|2||2||1|1|2|1|2|2|2|2|2||1||2600000
3475293|1|1|1|680.65051313|34752931|2||2||2|1|2|1|2|2|2|2|2||3||2650000
3475294|1|1|1|1026.3603026|34752941|2||2||1|2|2|1|2|2|2|2|2||3||1500000
3475295|1|1|1|1026.3603026|34752951|2||2||1|1|2|2|2|2|2|2|2||1||2600000
3475296|1|1|1|692.73333925|34752961|2||2||1|2|2|2|2|2|2|2|1||8||99
3475297|1|1|1|875.21467903|34752971|2||2||2|1|2|2|2|2|1|2|2||1||1600000
3475298|1|1|1|719.4362484|34752981|2||2||1|1|2|1|2|2|2|2|2||1||5200000
3475299|1|1|1|1036.4555866|34752991|2||2||1|1|2|2|2|2|2|2|2||1||1500000
3475300|1|1|1|665.71934211|34753001|2||2||1|1|2|2|2|2|2|2|2||1||2500000
3475301|1|1|1|702.82862321|34753011|2||2||1|1|2|2|2|2|2|2|2||1||3000000
3475302|1|1|1|732.50058481|34753021|2||2||1|2|2|1|2|2|2|2|2||3||1300000
3475303|1|1|1|523.2905343|34753031|2||2||1|1|2|2|2|2|2|2|2||1||4000000
3475304|1|1|1|905.35928338|34753041|2||2||1|1|2|2|2|2|2|2|2||1||1500000
3475305|1|1|1|845.4904704|34753051|2||2||1|1|2|2|2|2|2|2|2||1||2500000
3475306|1|1|1|927.61170767|34753061|2||2||1|1|2|2|2|2|2|2|2||1||1800000
3475307|1|1|1|690.85429024|34753071|2||2||1|1|2|2|2|2|2|2|2||1||1300000
3475308|1|1|1|632.37251656|34753081|2||2||1|1|1|2|2|2|2|2|2||1||99
3475309|1|1|1|892.50342177|34753091|2||2||1|1|2|2|2|2|2|2|2||1||2600000
3475310|1|1|1|509.04621915|34753101|2||2||1|1|2|2|2|2|2|2|2||1||1300000
3475311|1|1|1|873.67348608|34753111|2||2||2|1|1|2|2|2|2|2|2||1||1800000
3475312|1|1|1|705.18960539|34753121|2||2||1|1|2|2|2|2|2|2|2||1||2600000
3475313|1|1|1|769.40170861|34753131|2||2||1|1|2|1|2|2|2|2|2||1||5200000
3475314|1|1|1|577.27778271|34753141|2||2||1|2|2|1|2|2|2|2|1||3||3600000
3475315|1|1|1|610.1300981|34753151|2||2||1|1|2|2|2|2|2|2|2||1||2900000
3475316|1|1|1|1420.496321|34753161|2||2||1|1|2|2|2|2|2|1|2||1||2500000
3475317|1|1|1|732.50058481|34753171|2||2||1|2|2|1|2|2|2|2|2||3||3000000
3475318|1|1|1|577.27778271|34753181|2||2||1|2|2|1|2|2|2|2|2||3||5000000
3475319|1|1|1|577.27778271|34753191|2||2||1|2|2|1|2|2|2|2|2||3||1300000
3475320|1|1|1|444.3074049|34753201|2||2||1|2|2|1|2|2|2|2|2||3||1300000
3475321|1|1|1|211.36030727|34753211|2||2||1|2|2|1|2|2|2|2|2||3||900000
3475322|1|1|1|520.09023711|34753221|2||2||1|1|1|2|2|2|2|2|2||1||1800000
3475323|1|1|1|180.36628709|34753231|2||2||1|1|2|2|2|2|2|2|2||1||1000000
3475324|1|1|1|309.5617586|34753241|2||2||1|1|1|2|2|2|2|2|2||1||1400000
3475325|1|1|1|268.19246006|34753251|2||2||1|1|2|2|2|2|2|2|2||1||1300000
3475326|1|1|1|282.79688098|34753261|2||2||1|1|2|2|2|2|2|2|2||1||1300000
3475327|1|1|1|251.29135681|34753271|2||2||2|1|1|2|2|2|2|2|2||1||1500000
3475328|1|1|1|193.03205606|34753281|2||2||1|1|2|2|2|2|2|2|2||1||5000000
3475329|1|1|1|295.36773371|34753291|2||2||1|1|2|2|2|2|2|2|2||1||3600000
3475330|1|1|1|222.58782724|34753301|2||2||2|2|1|2|2|2|2|2|1||8||1000000
3475331|1|1|1|190.45228054|34753311|2||2||2|1|2|2|2|2|2|2|2||1||1500000
3475332|1|1|1|313.15344106|34753321|2||2||1|1|2|2|2|2|2|2|2||1||2600000
3475333|1|1|1|1202.5574417|34753331|2||2||1|1|1|2|2|2|2|2|2||1||600000
3475334|1|1|1|1238.889109|34753341|2||2||1|1|1|2|2|2|2|2|2||1||800000
3475335|1|1|1|843.05793449|34753351|2||2||1|1|2|2|2|2|2|2|2||1||1300000
3475336|1|1|1|1141.8396507|34753361|2||2||1|1|1|2|2|2|2|2|2||1||600000
3475337|1|1|1|1093.3149216|34753371|2||2||1|1|2|2|2|2|2|2|2||1||400000
3475338|1|1|1|1110.5212862|34753381|2||2||1|2|1|2|2|2|2|2|1||8||800000
3475339|1|1|1|800.2997961|34753391|2||2||1|1|2|2|2|2|2|2|2||1||3000000
3475340|1|1|1|996.93730733|34753401|2||2||1|1|2|2|2|2|2|2|2||1||800000
3475341|1|1|1|1096.4182817|34753411|2||2||1|1|2|2|2|2|2|2|2||1||1300000
3475342|1|1|1|1438.5987519|34753421|2||2||1|1|2|2|2|2|2|2|2||1||1000000
3475343|1|1|1|1551.8362271|34753431|2||2||1|1|2|2|2|2|2|2|2||1||4500000
3475344|1|1|1|1321.9150279|34753441|2||2||1|1|2|2|2|2|2|2|2||1||600000
3475345|1|1|1|1246.3026995|34753451|2||2||1|1|2|2|2|2|2|2|2||1||1600000
3475346|1|1|1|753.39125995|34753461|2||2||1|1|2|2|2|2|2|2|2||1||500000
3475347|1|1|1|835.95961935|34753471|2||2||1|1|2|2|2|2|2|2|2||1||1800000
3475348|1|1|1|811.27410549|34753481|2||2||1|1|2|2|2|2|2|2|2||1||900000
3475349|1|1|1|988.13123159|34753491|2||2||1|1|2|2|2|2|2|2|2||1||2000000
3475350|1|1|1|1232.8222505|34753501|2||2||1|1|2|2|2|2|2|2|2||1||800000
3475351|1|1|1|1038.1104976|34753511|2||2||1|1|2|2|2|2|2|2|2||1||1300000
3475353|1|1|1|1228.0595276|34753531|2||2||1|1|2|2|2|2|2|2|2||1||1300000
3475354|1|1|1|1239.2953387|34753541|2||2||1|1|2|2|2|2|2|2|2||1||1300000
3475355|1|1|1|1052.5447013|34753551|2||2||1|1|2|2|2|2|2|2|2||1||600000
3475356|1|1|1|786.62154324|34753561|2||2||1|1|2|2|2|2|2|2|2||1||1500000
3475357|1|1|1|619.15462753|34753571|2||2||1|1|2|2|2|2|2|2|2||1||5200000
3475358|1|1|1|771.19533767|34753581|2||2||1|2|2|1|2|2|2|2|2||3||2000000
3475359|1|1|1|1035.498914|34753591|2||2||1|1|2|2|2|2|2|2|2||1||15000000
3475360|1|1|1|913.20166701|34753601|2||2||1|1|2|2|2|2|2|2|2||1||99
3475361|1|1|1|913.20166701|34753611|2||2||1|1|2|2|2|2|2|2|2||1||5000000
3475362|1|1|1|1046.7405923|34753621|2||2||1|1|2|2|2|2|2|2|2||1||5000000
3475363|1|1|1|771.19533767|34753631|2||2||1|2|2|1|2|2|2|2|2||3||5000000
3475364|1|1|1|913.20166701|34753641|2||2||1|1|2|2|2|2|2|2|2||1||3900000
3475365|1|1|1|835.10933449|34753651|2||2||1|1|2|2|2|2|2|2|2||1||9000000
3475366|1|1|1|861.80619275|34753661|2||2||1|1|2|2|2|2|2|2|2||1||1800000
3475367|1|1|1|722.81681323|34753671|2||2||1|1|2|2|2|2|2|2|2||1||1300000
3475368|1|1|1|745.81292868|34753681|2||2||1|1|2|2|2|2|2|2|2||1||2600000
3475369|1|1|1|761.2264338|34753691|2||2||1|2|2|1|2|2|2|2|2||3||1300000
3475370|1|1|1|739.49120137|34753701|2||2||1|1|1|2|2|2|2|2|2||1||1300000
3475370|1|2|2|739.49120137|34753702|2||2||1|1|2|2|2|2|2|2|2||1||1000000
3475371|1|1|1|1084.4440119|34753711|2||2||1|1|2|2|2|2|2|2|2||1||5200000
3475371|1|2|2|1084.4440119|34753712|2||2||1|1|2|2|2|2|2|2|2||1||1000000
3475372|1|1|1|782.10534344|34753721|2||2||1|1|2|2|2|2|2|2|2||1||1300000
3475373|1|1|1|917.15212765|34753731|2||2||1|1|2|2|2|2|2|2|2||1||2000000
3475374|1|1|1|761.2264338|34753741|2||2||1|1|2|2|2|2|2|2|2||1||1300000
3475375|1|1|1|578.80036488|34753751|2||2||1|1|2|2|2|2|2|2|2||1||1500000
3475376|1|1|1|757.31822797|34753761|2||2||1|1|2|2|2|2|2|2|2||1||2000000
3475377|1|1|1|531.57456619|34753771|2||2||1|1|2|2|2|2|2|2|2||1||2600000
3475378|1|1|1|933.52858825|34753781|2||2||1|1|2|2|2|2|2|2|2||1||700000
3475378|1|2|2|933.52858825|34753782|2||2||1|1|2|2|2|2|2|2|2||1||800000
3475379|1|1|1|739.0587641|34753791|2||2||1|1|2|2|2|2|2|2|2||1||2600000
3475380|1|1|1|765.15230286|34753801|2||2||1|1|2|2|2|2|2|2|2||1||3000000
3475381|1|1|1|628.70701445|34753811|2||2||1|1|1|2|2|2|2|2|2||1||1000000
3475382|1|1|1|469.82642974|34753821|2||2||2|1|2|2|2|2|2|2|2||1||1200000
3475383|1|1|1|604.66785642|34753831|2||2||1|1|2|2|2|2|2|2|2||1||1500000
3475384|1|1|1|578.33590195|34753841|2||2||1|1|2|2|2|2|2|2|2||1||1000000
3475385|1|1|1|956.65055636|34753851|2||2||1|1|2|2|2|2|2|2|2||1||2600000
3475386|1|1|1|1097.5060333|34753861|2||2||1|1|2|2|2|2|2|2|2||1||1300000
3475387|1|1|1|982.37505455|34753871|2||2||1|1|2|2|2|2|2|2|2||1||2000000
3475388|1|1|1|1097.5060333|34753881|2||2||1|1|2|2|2|2|2|2|2||1||1500000
3475389|1|1|1|982.37505455|34753891|2||2||1|1|2|2|2|2|2|2|2||1||2000000
3475390|1|1|1|978.8794689|34753901|2||2||1|1|2|2|2|2|2|2|2||1||2300000
3475391|1|1|1|925.7514018|34753911|2||2||1|1|2|2|2|2|2|2|2||1||3000000
3475392|1|1|1|982.37505455|34753921|2||2||1|1|2|2|2|2|2|2|2||1||1300000
3475393|1|1|1|956.65055636|34753931|2||2||1|1|2|2|2|2|2|2|2||1||2000000
3475394|1|1|1|1017.4598779|34753941|2||2||1|1|2|2|2|2|2|2|2||1||1300000
3475395|1|1|1|1017.4598779|34753951|2||2||1|1|2|2|2|2|2|2|2||1||2600000
3475396|1|1|1|594.97892849|34753961|2||2||1|1|2|2|2|2|2|2|2||1||1300000
3475397|1|1|1|1180.6782132|34753971|2||2||1|1|2|2|2|2|2|2|2||1||4000000
3475398|1|1|1|1290.7292093|34753981|2||2||1|1|2|2|2|2|2|2|2||1||8000000
3475399|1|1|1|1017.4598779|34753991|2||2||1|1|2|2|2|2|2|2|2||1||1000000
3475400|1|1|1|856.5894389|34754001|2||2||1|1|2|2|2|2|2|2|2||1||3000000
3475401|1|1|1|954.87950484|34754011|2||2||1|1|2|2|2|2|2|2|2||1||3000000
3475402|1|1|1|1191.7281755|34754021|2||2||1|1|2|2|2|2|2|2|2||1||2600000
3475403|1|1|1|1191.7281755|34754031|2||2||1|1|2|2|2|2|2|2|2||1||2600000
3475404|1|1|1|825.61808882|34754041|2||2||1|1|2|2|2|2|2|2|2||1||2000000
3475405|1|1|1|1142.959996|34754051|2||2||1|1|2|2|2|2|2|2|2||1||1800000
3475406|1|1|1|725.27169022|34754061|2||2||1|1|2|2|2|2|2|2|2||1||1300000
3475407|1|1|1|1017.4598779|34754071|2||2||1|1|2|2|2|2|2|2|2||1||900000
3475408|1|1|1|942.76895488|34754081|2||2||1|1|2|2|2|2|2|2|2||1||3000000
3475409|1|1|1|834.70554195|34754091|2||2||1|2|2|1|2|2|2|2|2||3||99
3475410|1|1|1|942.76895488|34754101|2||2||1|1|2|2|2|2|2|2|2||1||2600000
3475411|1|1|1|979.24179052|34754111|2||2||1|2|2|2|2|2|2|1|2||7||1300000
3475412|1|1|1|781.47043306|34754121|2||1|1|1|1|2|2|2|2|2|2|2||1||4500000
3475413|1|1|1|843.87026161|34754131|2||2||1|1|2|2|2|2|2|2|2||1||2000000
3475414|1|1|1|998.78601544|34754141|1|1|2||1|1|2|2|2|2|2|2|2||1||7000000
3475415|1|1|1|931.19643426|34754151|2||2||1|1|2|2|2|2|2|2|1||1||800000
3475416|1|1|1|794.96951833|34754161|2||2||1|1|2|2|2|2|2|2|2||1||6000000
3475417|1|1|1|1100.6849696|34754171|2||2||1|2|1|2|2|2|2|2|1||8||500000
3475418|1|1|1|1031.5171332|34754181|2||2||1|1|2|2|2|2|2|2|2||1||1300000
3475419|1|1|1|822.49047621|34754191|2||2||1|1|2|2|2|2|2|2|2||1||1300000
3475420|1|1|1|918.5997481|34754201|2||2||1|1|2|2|2|2|2|2|2||1||2600000
3475421|1|1|1|952.09689546|34754211|2||2||1|1|2|2|2|2|2|2|1||1||600000
3475422|1|1|1|947.89364157|34754221|2||2||1|1|2|2|2|2|2|2|2||1||2600000
3475423|1|1|1|916.19921819|34754231|2||2||1|2|2|2|2|2|2|2|1||8||500000
3475424|1|1|1|1016.3856681|34754241|2||2||1|1|2|2|2|2|2|2|2||1||3900000
3475425|1|1|1|949.64114319|34754251|2||2||1|2|2|2|2|2|2|2|1||8||1600000
3475426|1|1|1|993.96159068|34754261|2||2||1|1|2|2|2|2|2|2|2||1||1300000
3475427|1|1|1|1134.5832761|34754271|2||2||1|2|2|2|2|2|2|2|1||8||1500000
3475428|1|1|1|1006.0246332|34754281|2||2||1|2|2|1|2|2|2|2|2||3||1500000
3475429|1|1|1|463.85231271|34754291|2||2||1|1|2|2|2|2|2|2|2||1||2500000
3475430|1|1|1|970.09328985|34754301|2||2||1|1|2|2|2|2|2|2|2||1||400000
3475431|1|1|1|920.42237049|34754311|2||2||2|2|2|2|2|2|2|2|1||8||1300000
3475432|1|1|1|997.45137437|34754321|2||2||1|1|2|2|2|2|2|2|2||1||2000000
3475433|1|1|1|904.7337577|34754331|2||2||1|2|2|2|2|2|2|2|1||8||1000000
3475434|1|1|1|864.57801396|34754341|2||2||1|1|2|2|2|2|2|2|2||1||3900000
3475435|1|1|1|736.45130024|34754351|2||2||1|1|2|2|2|2|2|2|2||1||2600000
3475436|1|1|1|730.45626355|34754361|2||2||1|1|2|2|2|2|2|2|2||1||500000
3475437|1|1|1|511.21533689|34754371|2||2||1|1|2|2|2|2|2|2|2||1||2600000
3475438|1|1|1|582.27600432|34754381|2||2||1|1|2|2|2|2|2|2|2||1||600000
3475439|1|1|1|648.97483716|34754391|2||2||1|1|2|2|2|2|2|2|2||1||2600000
3475440|1|1|1|631.41494809|34754401|2||2||1|1|2|2|2|2|2|2|2||1||1000000
3475440|1|2|2|631.41494809|34754402|2||2||1|1|2|2|2|2|2|2|2||1||1200000
3475441|1|1|1|748.69498657|34754411|2||2||1|2|1|2|2|2|2|2|1||8||1000000
3475442|1|1|1|503.95492285|34754421|2||2||1|1|2|2|2|2|2|2|2||1||2000000
3475442|1|2|2|503.95492285|34754422|2||2||1|1|2|2|2|2|2|2|2||1||1200000
3475443|1|1|1|794.07529667|34754431|2||2||1|2|2|1|2|2|2|2|2||3||1800000
3475444|1|1|1|530.55026285|34754441|2||2||1|1|2|2|2|2|2|2|2||1||1600000
3475445|1|1|1|430.51545555|34754451|2||2||1|1|2|2|2|2|2|2|2||1||1300000
3475446|1|1|1|819.51377528|34754461|2||2||1|1|2|2|2|2|2|2|2||1||2600000
3475447|1|1|1|866.82116224|34754471|2||2||1|1|2|2|2|2|2|1|2||7||800000
3475447|1|2|2|866.82116224|34754472|2||2||1|1|2|2|2|2|2|2|2||1||1000000
3475448|1|1|1|438.58211666|34754481|2||2||1|1|2|2|2|2|2|2|2||1||2600000
3475449|1|1|1|951.46654543|34754491|2||2||2|1|2|2|2|2|2|2|2||1||1800000
3475450|1|1|1|811.44711417|34754501|2||2||1|1|2|2|2|2|2|2|2||1||2600000
3475451|1|1|1|579.0013377|34754511|2||2||1|1|2|2|2|2|2|2|2||1||1500000
3475452|1|1|1|996.40311488|34754521|2||2||2|1|2|2|2|2|2|2|2||1||1800000
3475452|1|2|2|996.40311488|34754522|2||2||1|1|2|2|2|2|2|2|2||1||1300000
3475453|1|1|1|818.67152688|34754531|2||2||1|1|2|2|2|2|2|2|2||1||5000000
3475454|1|1|1|845.06296995|34754541|2||2||2|1|2|2|2|2|2|2|2||1||1300000
3475455|1|1|1|2325.9168284|34754551|2||2||1|1|2|2|2|2|2|2|2||1||4000000
3475456|1|1|1|1524.7437981|34754561|2||2||2|1|2|2|2|2|2|2|2||1||1600000
3475457|1|1|1|2069.5515789|34754571|2||2||1|1|2|2|2|2|2|2|2||1||2600000
3475458|1|1|1|1797.0170054|34754581|2||2||1|1|2|1|2|2|2|2|2||1||1800000
3475459|1|1|1|956.87084087|34754591|2||2||1|1|2|2|2|2|2|1|2||1||1500000
3475459|1|2|2|956.87084087|34754592|2||2||1|1|2|2|2|2|2|2|2||1||1300000
3475459|1|3|3|956.87084087|34754593|2||2||1|1|2|2|2|2|2|2|2||1||1300000
3475460|1|1|1|1968.9419042|34754601|2||2||1|1|2|2|2|2|2|2|2||1||1300000
3475461|1|1|1|1919.653343|34754611|2||2||1|1|2|2|2|2|2|2|2||1||1600000
3475462|1|1|1|1139.7166807|34754621|2||2||1|1|2|2|2|2|2|2|2||1||2600000
3475463|1|1|1|854.48117687|34754631|2||2||1|1|2|2|2|2|2|2|2||1||5000000
3475464|1|1|1|778.38087692|34754641|2||2||1|2|2|2|2|2|2|1|2||7||2500000
3475465|1|1|1|877.08641717|34754651|2||2||1|1|2|2|2|2|2|2|2||1||2000000
3475466|1|1|1|464.56844389|34754661|2||2||1|1|2|2|2|2|2|2|2||1||3900000
3475467|1|1|1|607.40786916|34754671|2||2||1|1|2|2|2|2|2|2|2||1||1600000
3475468|1|1|1|788.35021191|34754681|2||2||1|1|2|2|2|2|2|2|2||1||2600000
3475469|1|1|1|750.14882732|34754691|2||2||2|1|2|2|2|2|2|2|2||1||6500000
3475470|1|1|1|843.82540717|34754701|2||2||1|1|2|2|2|2|2|2|2||1||3900000
3475471|1|1|1|757.90873837|34754711|2||2||1|1|2|2|2|2|2|2|2||1||2000000
3475472|1|1|1|783.43449199|34754721|2||2||2|1|2|2|2|2|2|2|2||1||2200000
3475473|1|1|1|944.6639686|34754731|2||2||1|1|2|2|2|2|2|2|2||1||1300000
3475474|1|1|1|1120.2943532|34754741|2||2||1|1|2|2|2|2|2|2|1||1||800000
3475475|1|1|1|976.51419104|34754751|2||2||1|1|2|2|2|2|2|2|2||1||800000
3475476|1|1|1|1084.976599|34754761|2||2||1|1|2|2|2|2|2|2|2||1||2600000
3475477|1|1|1|950.83096268|34754771|2||2||2|1|2|2|2|2|2|2|2||1||1300000
3475478|1|1|1|1019.8549392|34754781|2||2||1|1|2|2|2|2|2|1|2||1||1500000
3475478|1|2|2|1019.8549392|34754782|2||2||1|1|2|2|2|2|2|2|2||1||800000
3475479|1|1|1|1015.977286|34754791|2||2||1|1|2|2|2|2|2|2|2||1||2600000
3475480|1|1|1|1174.5255572|34754801|2||2||1|1|2|2|2|2|2|2|2||1||1300000
3475481|1|1|1|721.27886021|34754811|2||2||2|1|1|2|2|2|2|2|2||1||1300000
3475482|1|1|1|1180.6925513|34754821|2||2||1|1|2|2|2|2|2|2|2||1||1300000
3475483|1|1|1|886.86459756|34754831|2||2||1|1|2|2|2|2|2|2|2||1||1300000
3475484|1|1|1|115.55860635|34754841|2||2||1|1|2|2|2|2|2|2|2||1||1000000
3475485|1|1|1|205.03805691|34754851|2||2||1|1|2|2|2|2|2|2|2||1||2500000
3475486|1|1|1|106.21845594|34754861|2||2||1|1|2|2|2|2|2|2|2||1||1500000
3475487|1|1|1|135.77141205|34754871|2||2||1|1|1|2|2|2|2|2|2||1||1600000
3475488|1|1|1|173.71944609|34754881|2||2||1|1|2|2|1|2|2|2|2||1||1500000
3475489|1|1|1|107.4761338|34754891|2||2||1|2|2|2|2|2|2|2|1||8||800000
3475490|1|1|1|143.57311164|34754901|2||2||1|1|2|2|2|2|2|2|2||1||3000000
3475491|1|1|1|108.96868914|34754911|2||2||1|1|2|2|2|2|2|2|2||1||7000000
3475492|1|1|1|145.2170259|34754921|2||2||1|1|2|2|2|2|2|2|2||1||2300000
3475493|1|1|1|213.84431355|34754931|2||2||1|1|2|2|2|2|2|2|2||1||4000000
3475495|1|1|1|110.08535362|34754951|2||2||1|1|2|2|2|2|2|2|2||1||2000000
3475496|1|1|1|97.240311532|34754961|2||2||1|2|2|2|2|2|2|2|1||8||1200000
3475497|1|1|1|158.13888677|34754971|2||2||1|1|2|2|2|2|2|2|2||1||3000000
3475498|1|1|1|147.94155409|34754981|2||2||1|1|1|2|2|2|2|2|2||1||2000000
3475499|1|1|1|185.51062292|34754991|2||2||1|1|2|2|2|2|2|2|2||1||2000000
3475500|1|1|1|140.55429431|34755001|2||2||1|1|2|2|2|2|2|2|2||1||1800000
3475501|1|1|1|145.03007244|34755011|2||2||1|1|2|2|2|2|2|2|2||1||3000000
3475502|1|1|1|78.122810211|34755021|2||2||1|1|2|2|2|2|2|2|2||1||2000000
3475503|1|1|1|167.43067551|34755031|2||2||1|1|1|2|2|2|2|2|2||1||1200000
3475504|1|1|1|181.44829163|34755041|2||2||1|1|2|2|2|2|2|2|2||1||1000000
3475505|1|1|1|148.5851077|34755051|2||2||1|1|2|2|2|2|2|2|2||1||1400000
3475506|1|1|1|109.25326896|34755061|2||2||1|1|2|2|2|2|2|2|2||1||800000
3475507|1|1|1|228.78845331|34755071|2||2||1|1|2|2|2|2|2|2|2||1||3000000
3475508|1|1|1|160.27009244|34755081|2||2||1|1|2|2|2|2|2|2|2||1||5000000
3475509|1|1|1|261.89620924|34755091|2||2||1|2|1|2|2|2|2|2|1||8||1000000
3475510|1|1|1|132.92858083|34755101|2||2||1|2|2|1|2|2|2|1|2||3||2500000
3475511|1|1|1|153.537334|34755111|2||2||1|1|2|2|2|2|2|1|2||1||1400000
3475512|1|1|1|180.821903|34755121|2||2||1|1|2|2|2|2|2|2|2||1||2000000
3475513|1|1|1|184.55263463|34755131|2||2||1|1|2|2|2|2|2|2|2||1||1800000
3475514|1|1|1|115.99361668|34755141|2||2||1|1|2|2|2|2|2|2|1||1||3000000
3475515|1|1|1|129.13087375|34755151|2||2||1|2|2|2|2|2|2|2|1||8||2000000
3475516|1|1|1|180.87884561|34755161|2||2||1|1|2|2|2|2|2|2|2||1||2500000
3475517|1|1|1|202.52732627|34755171|2||2||1|1|2|2|2|2|2|2|2||1||4000000
3475518|1|1|1|269.06968057|34755181|2||2||1|1|2|2|2|2|2|2|2||1||2000000
3475519|1|1|1|126.45054278|34755191|2||2||1|1|2|2|2|2|2|2|2||1||2000000
3475520|1|1|1|120.39580849|34755201|2||2||1|1|2|2|2|2|2|2|2||1||1300000
3475521|1|1|1|126.62205524|34755211|2||2||1|1|2|2|2|2|2|2|2||1||1300000
3475522|1|1|1|191.07503408|34755221|2||2||1|1|2|2|2|2|2|2|1||1||4000000
3475523|1|1|1|218.24684103|34755231|2||2||1|1|2|2|2|2|2|2|2||1||1300000
3475524|1|1|1|113.83530821|34755241|2||2||1|1|2|2|2|2|2|2|2||1||1300000
3475525|1|1|1|108.8337072|34755251|2||2||1|1|1|2|2|2|2|2|1||1||2000000
3475526|1|1|1|99.722838089|34755261|2||2||1|1|2|2|2|2|2|2|2||1||4000000
3475527|1|1|1|126.45054278|34755271|2||2||1|1|2|2|2|2|2|2|2||1||1800000
3475528|1|1|1|153.79386219|34755281|2||2||1|1|2|2|2|2|2|2|2||1||1300000
3475529|1|1|1|153.79386219|34755291|2||2||1|1|2|2|2|2|2|2|2||1||1000000
3475530|1|1|1|148.3000146|34755301|2||2||1|1|2|2|2|2|2|2|2||1||6000000
3475531|1|1|1|138.1836006|34755311|2||2||1|2|2|2|2|2|2|2|1||8||700000
3475532|1|1|1|195.37812969|34755321|2||2||1|1|2|2|2|2|2|2|2||1||3000000
3475533|1|1|1|186.53315426|34755331|2||2||1|1|2|2|2|2|2|2|1||1||1600000
3475534|1|1|1|151.99328739|34755341|2||2||1|1|2|2|2|2|2|2|2||1||1500000
3475535|1|1|1|193.0722673|34755351|2||2||1|1|2|2|2|2|2|2|2||1||1500000
3475536|1|1|1|236.4571096|34755361|2||2||1|1|2|2|2|2|2|2|2||1||2000000
3475537|1|1|1|151.80805394|34755371|2||2||1|1|2|2|2|2|2|2|2||1||1300000
3475538|1|1|1|190.93433562|34755381|2||2||1|1|2|2|2|2|2|2|2||1||4000000
3475539|1|1|1|166.09737117|34755391|2||2||1|1|2|2|2|2|2|2|2||1||1300000
3475540|1|1|1|223.30316929|34755401|2||2||1|1|2|2|2|2|2|2|2||1||600000
3475541|1|1|1|193.95916006|34755411|2||2||1|1|2|2|2|2|2|1|2||1||1500000
3475542|1|1|1|180.87884561|34755421|2||2||1|1|2|2|2|2|2|2|2||1||600000
3475543|1|1|1|147.00891732|34755431|2||2||1|1|2|2|2|2|2|2|2||1||800000
3475544|1|1|1|118.92866804|34755441|2||2||1|1|2|2|2|2|2|2|2||1||1600000
3475545|1|1|1|241.28745607|34755451|2||2||1|1|2|2|2|2|2|2|2||1||1500000
3475546|1|1|1|184.55263463|34755461|2||2||1|1|2|2|2|2|2|2|2||1||1000000
3475547|1|1|1|272.3027567|34755471|2||2||1|1|2|2|2|2|2|2|2||1||1200000
3475548|1|1|1|190.32409614|34755481|2||2||1|1|2|2|2|2|2|2|2||1||1800000
3475549|1|1|1|153.537334|34755491|2||2||1|2|2|2|2|2|2|2|1||8||4000000
3475550|1|1|1|244.96124509|34755501|2||2||1|1|2|2|2|2|2|1|2||1||10000000
3475551|1|1|1|168.88143043|34755511|2||2||1|1|2|2|2|2|2|2|2||1||10000000
3475552|1|1|1|205.10444519|34755521|2||2||1|1|2|2|2|2|2|2|2||1||1300000
3475553|1|1|1|184.55263463|34755531|2||2||1|1|2|2|2|2|2|2|2||1||600000
3475554|1|1|1|185.81639458|34755541|2||2||1|1|2|2|2|2|2|2|2||1||900000
3475555|1|1|1|173.81897941|34755551|2||2||1|1|1|2|2|2|2|2|2||1||2000000
3475556|1|1|1|189.22742604|34755561|2||2||1|1|2|2|2|2|2|2|2||1||1000000
3475557|1|1|1|240.01410098|34755571|2||2||1|1|1|2|2|2|2|2|2||1||1400000
3475558|1|1|1|235.076552|34755581|2||2||1|1|2|2|2|2|2|2|2||1||1200000
3475559|1|1|1|305.94865254|34755591|2||2||1|1|2|2|2|2|2|2|2||1||1300000
3475560|1|1|1|260.62285415|34755601|2||2||1|1|2|2|2|2|2|2|2||1||800000
3475561|1|1|1|196.62848037|34755611|2||2||1|1|2|2|2|2|2|2|2||1||2000000
3475562|1|1|1|163.94388146|34755621|2||2||1|1|2|2|2|2|2|2|2||1||800000
3475563|1|1|1|163.94388146|34755631|2||2||1|1|2|2|2|2|2|2|2||1||1300000
3475564|1|1|1|163.94388146|34755641|2||2||1|1|2|2|2|2|2|2|2||1||2000000
3475565|1|1|1|278.77423077|34755651|2||2||1|2|1|2|2|2|2|2|1||8||700000
3475566|1|1|1|239.80828602|34755661|2||2||1|1|2|2|2|2|2|2|2||1||2000000
3475567|1|1|1|190.11828119|34755671|2||2||1|1|2|2|2|2|2|2|2||1||1000000
3475568|1|1|1|163.94388146|34755681|2||2||1|1|2|2|2|2|2|2|2||1||1300000
3475569|1|1|1|106.93125287|34755691|2||2||1|1|2|2|2|2|2|2|2||1||1500000
3475570|1|1|1|184.55263463|34755701|2||2||1|1|2|2|2|2|2|2|2||1||1000000
3475571|1|1|1|235.076552|34755711|2||2||1|1|2|2|2|2|2|2|2||1||1000000
3475572|1|1|1|193.73512761|34755721|2||2||1|1|1|2|2|2|2|2|2||1||2500000
3475573|1|1|1|185.38654717|34755731|2||2||1|1|2|2|2|2|2|2|2||1||2000000
3475574|1|1|1|197.5897773|34755741|2||2||1|1|2|2|2|2|2|2|2||1||2000000
3475575|1|1|1|235.13349461|34755751|2||2||1|2|2|2|2|2|2|2|1||8||800000
3475576|1|1|1|180.87884561|34755761|2||2||1|1|2|2|2|2|2|2|2||1||700000
3475577|1|1|1|277.03401018|34755771|2||2||1|1|2|2|2|2|2|1|2||1||2500000
3475578|1|1|1|420.38202507|34755781|2||2||1|1|2|2|2|2|2|2|2||1||1300000
3475579|1|1|1|353.39818962|34755791|2||2||1|1|2|1|2|2|2|2|2||3||1600000
3475580|1|1|1|648.69409579|34755801|2||2||1|1|2|2|2|2|2|2|2||1||1300000
3475581|1|1|1|628.29031737|34755811|2||1|1|1|1|2|2|2|2|2|2|2||1||1500000
3475582|1|1|1|687.76007723|34755821|2||2||1|1|2|2|2|2|2|2|2||1||2000000
3475583|1|1|1|417.66147738|34755831|2||2||1|1|2|2|2|2|2|1|2||1||2600000
3475584|1|1|1|560.68254276|34755841|2||2||1|1|2|2|2|2|2|2|2||1||1300000
3475585|1|1|1|575.75561556|34755851|2||2||1|1|2|2|2|2|2|2|2||1||1000000
3475586|1|1|1|492.58360021|34755861|2||2||1|1|2|1|2|2|2|2|2||3||1500000
3475587|1|1|1|513.13006239|34755871|2||2||1|1|2|2|2|2|2|2|2||1||1300000
3475588|1|1|1|441.1286492|34755881|2||2||1|1|2|1|2|2|2|2|2||1||2300000
3475589|1|1|1|351.32034631|34755891|2||2||1|1|2|2|2|2|2|2|2||1||700000
3475590|1|1|1|692.56958826|34755901|2||2||1|1|2|2|2|2|2|2|2||1||1300000
3475591|1|1|1|811.14376754|34755911|2||2||1|1|2|2|2|2|2|2|2||1||1500000
3475592|1|1|1|374.60672936|34755921|2||2||1|1|2|2|2|2|2|2|2||1||1500000
3475593|1|1|1|764.57100145|34755931|2||2||1|1|2|2|2|2|2|2|2||1||3000000
3475594|1|1|1|692.56958826|34755941|2||2||1|1|2|2|2|2|2|2|2||1||1350000
3475595|1|1|1|438.57318374|34755951|2||2||1|1|2|2|2|2|2|2|2||1||1300000
3475596|1|1|1|468.9122303|34755961|2||2||1|1|2|2|2|2|2|2|2||1||1300000
3475597|1|1|1|467.23783422|34755971|2||2||1|1|2|2|2|2|2|2|2||1||1400000
3475598|1|1|1|296.96780219|34755981|2||2||1|1|2|2|2|2|2|2|2||1||1300000
3475599|1|1|1|269.57861895|34755991|2||2||1|2|2|1|2|2|2|2|2||3||1300000
3475600|1|1|1|331.55057948|34756001|2||2||1|1|2|2|2|2|2|2|2||1||1300000
3475601|1|1|1|296.96780219|34756011|2||2||1|1|2|2|2|2|2|2|1||8||1500000
3475602|1|1|1|423.2369706|34756021|2||2||1|1|2|2|2|2|2|2|2||1||700000
3475603|1|1|1|358.93976272|34756031|2||2||1|1|2|2|2|2|2|2|2||1||1300000
3475604|1|1|1|224.79909741|34756041|2||2||1|2|2|2|2|2|2|1|1||7||1600000
3475605|1|1|1|310.94275759|34756051|2||2||1|2|2|1|2|2|2|2|2||3||2500000
3475606|1|1|1|224.79909741|34756061|2||2||1|1|2|1|2|2|2|1|2||3||3000000
3475607|1|1|1|224.79909741|34756071|2||2||1|2|2|1|2|2|2|2|2||3||2500000
3475608|1|1|1|282.26467161|34756081|2||2||1|2|2|1|2|2|2|2|2||3||1600000
3475609|1|1|1|328.33616411|34756091|2||2||1|1|2|2|2|2|2|2|2||1||1500000
3475610|1|1|1|224.79909741|34756101|2||2||1|1|2|1|2|2|2|2|2||3||1500000
3475611|1|1|1|200.74054232|34756111|2||2||1|2|2|1|2|2|2|2|2||3||1200000
3475612|1|1|1|252.05600872|34756121|2||2||1|2|2|1|2|2|2|2|2||3||3000000
3475614|1|1|1|252.05600872|34756141|2||2||1|2|2|1|2|2|2|2|1||3||2500000
3475615|1|1|1|252.05600872|34756151|2||2||1|1|2|2|2|2|2|1|2||1||6500000
3475616|1|1|1|200.74054232|34756161|2||2||1|1|2|1|2|2|2|2|2||3||4000000
3475617|1|1|1|200.74054232|34756171|2||2||1|1|2|1|2|2|2|2|2||3||5000000
3475618|1|1|1|557.14162458|34756181|2||2||1|1|2|2|2|2|2|2|2||1||2600000
3475619|1|1|1|271.94797178|34756191|2||2||1|2|2|2|2|2|2|1|1||7||2500000
3475620|1|1|1|543.35777293|34756201|2||2||1|2|2|1|2|2|2|2|2||3||2000000
3475621|1|1|1|505.64873107|34756211|2||2||1|1|2|2|2|2|2|2|2||1||1800000
3475622|1|1|1|492.6131464|34756221|2||2||1|1|2|2|2|2|2|2|2||1||1300000
3475623|1|1|1|492.6131464|34756231|2||2||1|1|2|2|2|2|2|2|1||1||900000
3475624|1|1|1|322.04365079|34756241|2||2||1|2|2|2|2|2|2|1|2||7||99
3475625|1|1|1|404.36792843|34756251|2||2||1|1|2|2|2|2|2|2|2||1||1200000
3475626|1|1|1|447.96329741|34756261|2||2||1|1|2|2|2|2|2|2|2||1||1300000
3475627|1|1|1|255.7237017|34756271|2||2||1|1|2|2|2|2|2|2|1||1||1300000
3475628|1|1|1|389.18040428|34756281|2||2||1|1|2|2|2|2|2|2|1||1||800000
3475629|1|1|1|534.45172311|34756291|2||2||1|2|2|2|2|2|2|2|1||8||600000
3475630|1|1|1|322.04365079|34756301|2||2||1|2|2|2|2|2|2|2|1||8||700000
3475631|1|1|1|284.37513679|34756311|2||2||1|1|2|2|2|2|2|2|1||1||1500000
3475632|1|1|1|404.36792843|34756321|2||2||1|1|2|2|2|2|2|2|2||1||3000000
3475633|1|1|1|492.6131464|34756331|2||2||1|2|2|2|2|2|2|2|1||8||1000000
3475635|1|1|1|379.61273109|34756351|2||2||1|1|2|2|2|2|2|2|2||1||1500000
3475636|1|1|1|659.77297647|34756361|2||2||1|1|2|2|2|2|2|2|2||1||400000
3475637|1|1|1|561.12603596|34756371|2||2||1|1|2|2|2|2|2|2|2||1||1300000
3475638|1|1|1|404.36792843|34756381|2||2||1|1|2|2|2|2|2|2|2||1||1000000
3475639|1|1|1|454.92728676|34756391|2||2||1|1|1|2|2|2|2|2|2||1||1300000
3475640|1|1|1|568.85975579|34756401|2||2||1|2|2|1|2|2|2|2|2||3||1200000
3475641|1|1|1|557.24390109|34756411|2||2||1|1|2|2|2|2|2|2|2||1||1700000
3475642|1|1|1|682.02249433|34756421|2||2||1|1|2|2|2|2|2|2|2||1||2000000
3475643|1|1|1|475.13208451|34756431|2||2||1|1|2|2|2|2|2|2|2||1||1500000
3475644|1|1|1|455.18169971|34756441|2||2||1|1|1|2|1|2|2|2|1||1||900000
3475645|1|1|1|511.45331805|34756451|2||2||1|1|2|2|2|2|2|2|2||1||2500000
3475646|1|1|1|433.83584859|34756461|2||2||1|1|2|2|2|2|2|2|2||1||1300000
3475647|1|1|1|847.26912354|34756471|2||2||1|1|2|2|2|2|2|2|2||1||1300000
3475648|1|1|1|657.85977561|34756481|2||2||1|1|2|2|2|2|2|2|2||1||1300000
3475649|1|1|1|512.58845678|34756491|2||2||1|1|2|2|2|2|2|2|2||1||2600000
3475650|1|1|1|489.7962788|34756501|2||2||1|1|2|2|2|2|2|2|2||1||750000
3475651|1|1|1|593.77168104|34756511|2||2||1|1|2|2|2|2|2|1|2||7||1000000
3475652|1|1|1|624.61573726|34756521|2||2||1|1|2|2|2|2|2|2|2||1||1000000
3475653|1|1|1|651.18403343|34756531|2||2||1|1|2|1|2|2|2|2|2||3||2500000
3475654|1|1|1|514.24692536|34756541|2||2||1|1|2|2|2|2|2|2|2||1||1300000
3475655|1|1|1|445.45170329|34756551|2||2||1|1|2|2|2|2|2|2|2||1||2600000
3475656|1|1|1|758.2635084|34756561|2||2||1|1|2|2|2|2|2|2|2||1||1000000
3475657|1|1|1|378.28703114|34756571|2||2||1|1|2|2|2|2|2|2|1||1||1000000
3475658|1|1|1|219.18939953|34756581|2||2||1|2|2|2|2|2|2|2|1||8||1200000
3475659|1|1|1|219.18939953|34756591|2||2||1|2|2|2|2|2|2|2|1||8||1200000
3475660|1|1|1|222.39697367|34756601|2||2||1|1|2|1|2|2|2|2|2||1||2000000
3475661|1|1|1|408.32826335|34756611|2||2||1|1|2|2|2|2|2|2|2||1||1500000
3475662|1|1|1|219.18939953|34756621|2||2||1|1|2|2|2|2|2|2|2||1||1300000
3475664|1|1|1|373.74338647|34756641|2||2||1|2|2|1|2|2|2|2|2||3||1300000
3475665|1|1|1|394.73266451|34756651|2||2||1|1|2|2|2|2|2|2|2||1||2000000
3475666|1|1|1|238.96572348|34756661|2||2||1|2|2|2|2|2|2|2|1||8||600000
3475667|1|1|1|471.08114989|34756671|2||2||1|1|2|2|2|2|2|2|2||1||1350000
3475668|1|1|1|471.08114989|34756681|2||2||1|1|2|2|2|2|2|2|2||1||1500000
3475669|1|1|1|238.96572348|34756691|2||2||1|1|2|1|2|2|2|2|2||3||1350000
3475670|1|1|1|520.05602418|34756701|2||2||1|1|2|2|2|2|2|2|2||1||3500000
3475671|1|1|1|634.8554559|34756711|2||2||1|1|2|2|2|2|2|2|2||1||800000
3475672|1|1|1|511.45299872|34756721|2||2||1|1|2|2|2|2|2|2|2||1||1300000
3475673|1|1|1|388.04494622|34756731|2||2||1|1|2|2|2|2|2|2|2||1||1400000
3475674|1|1|1|579.96029296|34756741|2||2||1|1|1|2|2|2|2|2|2||1||900000
3475675|1|1|1|657.85977561|34756751|2||2||1|1|2|2|2|2|2|2|2||1||1000000
3475676|1|1|1|425.71377955|34756761|2||2||1|2|1|2|2|2|2|2|1||8||800000
3475677|1|1|1|634.86105122|34756771|2||2||1|2|2|2|2|2|2|2|1||8||800000
3475678|1|1|1|388.04494622|34756781|2||2||1|1|2|2|2|2|2|2|2||1||780000
3475679|1|1|1|657.85977561|34756791|2||2||1|1|2|2|2|2|2|2|2||1||2000000
3475680|1|1|1|643.44999426|34756801|2||2||1|1|2|2|2|2|2|2|2||1||1300000
3475681|1|1|1|593.77168104|34756811|2||2||1|1|2|2|2|2|2|2|2||1||1400000
3475682|1|1|1|593.77168104|34756821|2||2||1|1|2|2|2|2|2|2|2||1||2300000
3475683|1|1|1|322.04365079|34756831|2||2||1|2|2|1|2|2|2|2|2||3||1500000
3475684|1|1|1|404.36792843|34756841|2||2||1|2|2|2|2|2|2|2|1||8||1000000
3475685|1|1|1|766.85804676|34756851|2||2||1|1|2|2|2|2|2|2|2||1||2400000
3475686|1|1|1|700.85675133|34756861|2||2||1|1|2|2|2|2|2|2|2||1||1500000
3475687|1|1|1|598.79454996|34756871|2||2||1|1|2|2|2|2|2|2|2||1||1300000
3475688|1|1|1|504.70592889|34756881|2||2||1|1|2|2|2|2|2|2|2||1||600000
3475689|1|1|1|504.70592889|34756891|2||2||1|1|2|2|2|2|2|2|2||1||500000
3475690|1|1|1|467.52167397|34756901|2||2||1|1|2|2|2|2|2|2|2||1||1300000
3475691|1|1|1|378.63394779|34756911|2||2||1|1|2|2|2|2|2|2|1||1||1500000
3475693|1|1|1|343.71273916|34756931|2||2||1|2|2|2|2|2|2|2|1||8||650000
3475695|1|1|1|273.73710317|34756951|2||2||1|1|2|2|2|2|2|2|2||1||750000
3475696|1|1|1|352.75135285|34756961|2||2||1|1|2|2|2|2|2|2|2||1||1300000
3475697|1|1|1|1402.5252553|34756971|2||2||1|1|2|2|2|2|2|2|2||1||1800000
3475698|1|1|1|1600.4254702|34756981|2||2||1|1|2|2|2|2|2|2|2||1||2400000
3475699|1|1|1|3971.125359|34756991|2||2||1|1|2|2|2|2|2|2|2||1||2500000
3475700|1|1|1|1468.8413432|34757001|2||2||1|1|2|2|2|2|2|1|2||1||3000000
3475700|1|2|2|1468.8413432|34757002|2||2||1|1|2|2|2|2|2|2|2||1||98
3475701|1|1|1|1252.9335072|34757011|2||2||1|1|2|2|2|2|2|2|2||1||3500000
3475702|1|1|1|894.83269178|34757021|2||2||1|1|2|2|2|2|2|1|2||7||3000000
3475704|1|1|1|3623.633396|34757041|2||2||1|1|2|2|1|2|2|2|1||1||3000000
3475705|1|1|1|1976.5339067|34757051|2||2||1|1|2|2|2|2|2|2|2||1||98
3475706|1|1|1|3048.3147225|34757061|2||2||1|2|2|1|2|2|2|2|2||3||2600000
3475707|1|1|1|3804.5281775|34757071|2||2||2|1|2|2|2|2|2|2|2||1||1500000
3475708|1|1|1|1244.1524057|34757081|2||2||1|1|2|1|2|2|2|2|2||3||1900000
3475709|1|1|1|2225.1904934|34757091|2||2||1|1|2|2|2|2|2|2|2||1||1450000
3475710|1|1|1|2250.2278275|34757101|2||2||1|1|2|1|2|2|2|2|2||3||3000000
3475711|1|1|1|1950.0351143|34757111|2||2||1|2|2|1|2|2|2|2|2||3||2000000
3475712|1|1|1|6637.6544375|34757121|2||2||1|1|2|2|2|2|2|2|2||1||5000000
3475713|1|1|1|988.58683112|34757131|2||2||1|1|2|2|2|2|2|2|2||1||1550000
3475714|1|1|1|2339.4104132|34757141|2||2||1|1|2|2|2|2|2|2|2||1||1800000
3475715|1|1|1|2596.416724|34757151|2||2||1|2|2|1|2|2|2|2|2||3||1300000
3475716|1|1|1|1966.4884877|34757161|2||2||1|1|2|2|2|2|2|2|2||1||1800000
3475717|1|1|1|1084.1769277|34757171|2||2||1|1|2|2|2|2|2|2|2||1||3100000
3475718|1|1|1|2051.0745835|34757181|2||2||1|1|2|1|2|2|2|2|2||3||2000000
3475719|1|1|1|1026.1485573|34757191|2||2||1|1|2|2|1|2|2|2|2||1||900000
3475720|1|1|1|4309.8659022|34757201|2||2||1|1|2|2|1|2|2|2|2||1||1400000
3475721|1|1|1|1436.8194237|34757211|2||2||1|1|2|2|2|2|2|2|2||1||1800000
3475722|1|1|1|1305.13907|34757221|2||2||1|1|2|2|2|2|2|2|2||1||1300000
3475723|1|1|1|1835.5571149|34757231|2||2||1|1|2|2|2|2|2|2|2||1||1600000
3475724|1|1|1|2540.3314433|34757241|2||2||1|1|2|1|2|2|2|2|2||1||3900000
3475725|1|1|1|1833.9392737|34757251|2||2||1|2|2|1|2|2|2|2|2||3||98
3475726|1|1|1|2048.3654505|34757261|2||2||1|1|2|1|2|2|2|2|2||1||3000000
3475727|1|1|1|1833.9392737|34757271|2||2||1|2|2|1|2|2|2|2|2||3||3200000
3475728|1|1|1|2116.2599368|34757281|2||2||1|2|2|1|2|2|2|1|2||3||99
3475729|1|1|1|2199.9262951|34757291|2||2||1|1|2|2|2|2|2|2|2||1||2600000
3475730|1|1|1|1681.9010557|34757301|2||2||1|2|2|1|2|2|2|2|2||3||3000000
3475731|1|1|1|2489.4635318|34757311|2||2||1|1|2|2|2|2|2|2|2||1||2000000
3475732|1|1|1|1639.0996798|34757321|2||2||1|1|2|2|2|2|2|2|1||1||2000000
3475733|1|1|1|1135.5851776|34757331|2||2||2|1|2|2|2|2|2|2|2||1||1500000
3475734|1|1|1|1479.5584008|34757341|2||2||1|1|2|2|2|2|2|2|2||1||2500000
3475735|1|1|1|2261.2739747|34757351|2||2||1|1|2|1|2|2|2|2|2||1||3000000
3475736|1|1|1|1526.4429645|34757361|2||2||1|2|2|1|2|2|2|2|1||3||1800000
3475737|1|1|1|1135.5851776|34757371|2||2||2|1|2|2|2|2|2|2|2||1||2600000
3475738|1|1|1|745.10155605|34757381|2||2||1|1|2|2|2|2|2|2|2||1||4000000
3475739|1|1|1|2389.9266192|34757391|2||2||1|2|2|1|2|2|2|2|1||3||98
3475740|1|1|1|1776.0499902|34757401|2||2||1|1|2|2|2|2|2|2|2||1||1300000
3475741|1|1|1|1946.9880796|34757411|2||2||2|1|2|2|2|2|2|2|1||1||1500000
3475742|1|1|1|2389.9266192|34757421|2||1|4|1|2|2|2|2|2|2|2|1||8||800000
3475743|1|1|1|1745.2046529|34757431|2||2||1|1|2|2|2|2|2|2|2||1||2700000
3475744|1|1|1|1776.0499902|34757441|2||2||1|1|2|2|2|2|2|2|2||1||98
3475745|1|1|1|1353.0610543|34757451|2||2||1|1|2|2|2|2|2|2|2||1||750000
3475746|1|1|1|1448.6803162|34757461|2||2||1|2|1|2|2|2|2|1|1||7||98
3475747|1|1|1|2906.6675099|34757471|2||1|2|1|2|2|2|2|2|2|2|1||8||600000
3475748|1|1|1|1606.960157|34757481|2||2||1|1|2|2|2|2|2|2|2||1||1200000
3475749|1|1|1|1842.5492752|34757491|2||2||1|1|2|2|2|2|2|2|2||1||98
3475750|1|1|1|2564.8929547|34757501|2||2||2|1|2|2|2|2|2|2|2||1||900000
3475751|1|1|1|2353.566868|34757511|2||2||1|1|2|2|2|2|2|2|2||1||98
3475752|1|1|1|6084.5165677|34757521|2||2||1|1|2|2|2|2|2|2|2||1||2000000
3475753|1|1|1|2380.0486637|34757531|2||2||1|1|2|2|2|2|2|2|2||1||1300000
3475754|1|1|1|1315.9304291|34757541|2||2||1|1|2|2|2|2|2|2|2||1||900000
3475755|1|1|1|2555.0697972|34757551|2||2||1|2|2|2|2|2|2|2|1||8||2000000
3475756|1|1|1|2392.2215068|34757561|2||2||1|1|2|2|2|2|2|2|2||1||800000
3475758|1|1|1|1536.8207114|34757581|2||2||1|1|2|2|2|2|2|2|2||1||1300000
3475759|1|1|1|3347.1818404|34757591|2||2||1|1|2|2|2|2|2|2|2||1||1500000
3475760|1|1|1|2007.075954|34757601|2||2||1|1|2|2|2|2|2|2|2||1||3900000
3475761|1|1|1|962.14315045|34757611|2||2||1|1|2|2|2|2|2|2|1||8||1000000
3475762|1|1|1|2189.8542475|34757621|2||1|2|1|1|2|2|2|2|2|2|1||8||650000
3475764|1|1|1|3086.0914302|34757641|2||2||1|1|2|2|2|2|2|2|2||1||1300000
3475765|1|1|1|2392.0171665|34757651|2||2||1|1|2|2|2|2|2|2|2||1||98
3475766|1|1|1|1646.2003257|34757661|2||2||2|1|2|2|2|2|2|2|1||8||1600000
3475767|1|1|1|1937.0001005|34757671|2||2||1|1|2|1|2|2|2|2|2||1||3000000
3475768|1|1|1|4202.2065519|34757681|2||2||1|1|2|2|1|2|2|2|2||1||1700000
3475769|1|1|1|1646.2003257|34757691|2||2||1|2|2|1|2|2|2|1|2||3||3500000
3475770|1|1|1|4208.4572927|34757701|2||2||1|1|2|2|2|2|2|2|2||1||500000
3475771|1|1|1|2010.4450277|34757711|2||2||1|2|2|1|2|2|2|2|2||3||1300000
3475772|1|1|1|1646.2003257|34757721|2||2||1|1|2|2|2|2|2|2|1||1||98
3475773|1|1|1|2010.4450277|34757731|2||2||1|2|2|2|2|2|2|2|1||8||98
3475774|1|1|1|1646.2003257|34757741|2||2||1|2|2|1|2|2|2|2|2||3||4000000
3475775|1|1|1|925.17474274|34757751|2||2||1|1|2|2|2|2|2|2|2||1||8000000
3475776|1|1|1|1417.3030505|34757761|2||2||1|1|2|1|2|2|2|2|2||3||4000000
3475777|1|1|1|1561.6459653|34757771|2||2||1|2|2|1|2|2|2|2|2||3||5000000
3475778|1|1|1|1907.1818398|34757781|2||2||1|2|2|1|2|2|2|2|2||3||2200000
3475779|1|1|1|1907.1818398|34757791|2||2||1|2|2|1|2|2|2|2|2||3||7000000
3475780|1|1|1|3346.4841123|34757801|2||2||1|1|2|2|2|2|2|2|2||1||3200000
3475781|1|1|1|1079.7194756|34757811|2||2||1|1|2|2|2|2|2|2|2||1||2600000
3475782|1|1|1|1598.6671304|34757821|2||2||1|1|2|2|2|2|2|2|2||1||800000
3475783|1|1|1|1294.4617774|34757831|2||2||1|1|2|2|2|2|2|2|2||1||1300000
3475784|1|1|1|3211.9396286|34757841|2||2||1|1|2|2|2|2|2|2|2||1||2600000
3475785|1|1|1|1092.3988376|34757851|2||2||1|1|2|1|2|2|2|2|2||3||2800000
3475786|1|1|1|1598.6671304|34757861|2||2||1|2|2|1|2|2|2|2|2||3||1300000
3475787|1|1|1|775.51412259|34757871|2||2||1|1|2|2|2|2|2|2|2||1||2200000
3475788|1|1|1|1706.3157887|34757881|2||2||1|1|2|2|2|2|2|1|2||1||7000000
3475789|1|1|1|1499.8294798|34757891|2||2||1|1|2|2|2|2|2|2|2||1||4000000
3475790|1|1|1|2221.3787528|34757901|2||2||1|2|2|1|2|2|2|2|2||3||2600000
3475791|1|1|1|5450.5642183|34757911|2||2||1|1|2|2|2|2|2|2|2||1||4000000
3475792|1|1|1|1340.7403083|34757921|2||2||1|1|2|2|2|2|1|2|2||1||3000000
3475793|1|1|1|1499.8294798|34757931|2||2||1|1|2|2|2|2|2|2|2||1||5000000
3475794|1|1|1|2712.8896759|34757941|2||2||1|2|2|1|2|2|2|2|2||3||3500000
3475795|1|1|1|1228.2017338|34757951|2||2||1|1|2|2|2|2|2|1|2||1||4000000
3475796|1|1|1|2072.8679347|34757961|2||2||1|1|2|2|2|2|2|2|2||1||1300000
3475797|1|1|1|2663.9532846|34757971|2||2||1|1|2|2|2|2|2|2|2||1||2600000
3475798|1|1|1|1807.8301766|34757981|2||2||2|1|2|2|2|2|2|2|2||1||2600000
3475799|1|1|1|2320.3542826|34757991|2||2||1|1|2|2|2|2|2|1|2||1||1600000
3475800|1|1|1|1807.8301766|34758001|2||2||1|1|2|2|2|2|2|2|2||1||99
3475801|1|1|1|2072.8679347|34758011|2||2||1|1|2|2|2|2|2|2|2||1||1300000
3475802|1|1|1|1759.08698|34758021|2||2||1|1|2|2|2|2|2|2|2||1||7000000
3475803|1|1|1|1559.4618773|34758031|2||2||1|1|2|2|2|2|2|2|2||1||2600000
3475804|1|1|1|1358.3211337|34758041|2||2||1|2|2|2|2|2|2|2|1||8||800000
3475805|1|1|1|1065.4582504|34758051|2||2||1|1|2|1|2|2|2|1|2||3||3450000
3475806|1|1|1|1213.4441469|34758061|2||2||1|1|2|2|2|2|2|2|2||1||1300000
3475807|1|1|1|26.846051924|34758071|2||2||1|1|2|2|2|2|2|2|2||1||2800000
3475808|1|1|1|24.021169029|34758081|2||2||1|1|2|2|2|2|2|2|2||1||1200000
3475809|1|1|1|32.001027925|34758091|2||2||1|1|2|2|2|2|2|2|2||1||3000000
3475810|1|1|1|29.172679827|34758101|2||2||1|1|2|2|2|2|2|2|2||1||2000000
3475811|1|1|1|31.189238771|34758111|2||2||1|1|2|2|2|2|2|2|2||1||1300000
3475812|1|1|1|25.267266063|34758121|2||2||1|2|1|2|2|2|2|2|1||2||500000
3475813|1|1|1|31.301359837|34758131|2||2||1|1|2|2|2|2|2|2|2||1||2000000
3475814|1|1|1|30.978759247|34758141|2||2||1|1|2|1|2|2|2|2|2||1||3100000
3475815|1|1|1|20.83898232|34758151|2||2||1|1|2|2|2|2|2|2|2||1||1500000
3475816|1|1|1|21.794157514|34758161|2||2||1|2|2|1|2|2|2|2|2||3||2850000
3475817|1|1|1|27.372433828|34758171|2||2||1|1|2|2|2|2|2|2|2||1||3600000
3475818|1|1|1|20.83898232|34758181|2||2||1|1|2|2|2|2|2|2|2||1||2000000
3475819|1|1|1|21.794157514|34758191|2||2||1|1|2|1|2|2|2|2|2||1||2600000
3475821|1|1|1|30.346184643|34758211|2||2||1|1|2|2|2|2|2|2|2||1||1400000
3475822|1|1|1|37.354038342|34758221|2||2||1|1|2|1|2|2|2|2|2||1||2500000
3475823|1|1|1|50.021735093|34758231|2||2||1|1|2|2|2|2|2|2|2||1||2000000
3475824|1|1|1|39.073091849|34758241|2||2||1|1|2|2|2|2|2|2|2||1||1500000
3475825|1|1|1|37.699420937|34758251|2||2||1|1|2|2|2|2|2|2|2||1||5000000
3475826|1|1|1|34.954973869|34758261|2||2||1|1|2|2|2|2|2|2|2||1||3600000
3475827|1|1|1|39.073091849|34758271|2||2||1|1|2|2|2|2|2|2|2||1||1450000
3475828|1|1|1|48.230781604|34758281|2||2||1|2|2|2|2|2|2|1|1||7||1200000
3475829|1|1|1|29.733167125|34758291|2||2||1|1|2|2|2|2|2|2|2||1||1400000
3475830|1|1|1|40.864045338|34758301|2||2||1|1|2|2|2|2|2|2|2||1||2600000
3475831|1|1|1|40.864045338|34758311|2||2||1|1|2|1|2|2|2|2|2||1||3000000
3475832|1|1|1|38.937091163|34758321|2||2||1|1|2|2|2|2|2|2|2||1||2600000
3475833|1|1|1|56.899096205|34758331|2||2||1|1|2|2|2|2|2|2|2||1||1900000
3475834|1|1|1|28.492568125|34758341|2||2||1|1|2|2|2|2|2|2|2||1||1300000
3475835|1|1|1|37.092410777|34758351|2||2||1|1|2|2|2|2|2|2|2||1||2600000
3475836|1|1|1|38.644879941|34758361|2||2||1|1|2|2|2|2|2|2|2||1||2600000
3475837|1|1|1|26.952004282|34758371|2||2||1|1|2|2|2|2|2|2|2||1||1800000
3475838|1|1|1|39.65642043|34758381|2||2||1|1|2|2|2|2|2|2|2||1||1300000
3475839|1|1|1|46.783701324|34758391|2||2||1|1|2|2|2|2|2|2|2||1||1300000
3475840|1|1|1|35.592521577|34758401|2||2||1|1|2|2|2|2|2|2|2||1||980000
3475841|1|1|1|48.256263082|34758411|2||2||1|1|2|2|2|2|2|2|2||1||2900000
3475842|1|1|1|33.599326167|34758421|2||2||1|1|2|2|2|2|2|2|2||1||2400000
3475843|1|1|1|39.65642043|34758431|2||2||1|1|2|2|2|2|2|2|2||1||1300000
3475844|1|1|1|48.58091897|34758441|2||2||1|1|2|2|2|2|2|2|2||1||1500000
3475845|1|1|1|46.286358749|34758451|2||2||1|1|2|2|2|2|2|2|2||1||1700000
3475846|1|1|1|27.65418615|34758461|2||2||1|1|2|1|2|2|2|2|2||3||2400000
3475847|1|1|1|35.41550596|34758471|2||2||1|1|2|1|2|2|2|2|2||3||1900000
3475848|1|1|1|29.026165262|34758481|2||2||1|1|2|2|2|2|2|2|2||1||3000000
3475849|1|1|1|47.344667101|34758491|2||2||1|1|2|2|2|2|2|2|2||1||2600000
3475850|1|1|1|43.068156148|34758501|2||2||1|1|2|2|2|2|2|2|2||1||2600000
3475851|1|1|1|34.04481059|34758511|2||2||1|1|2|2|2|2|2|2|2||1||1600000
3475852|1|1|1|46.893959541|34758521|2||2||1|1|2|2|2|2|2|2|2||1||2700000
3475853|1|1|1|52.217081886|34758531|2||2||1|1|2|2|2|2|2|2|2||1||2800000
3475854|1|1|1|31.444755765|34758541|2||2||1|1|2|2|2|2|2|2|2||1||3500000
3475855|1|1|1|46.893959541|34758551|2||2||1|1|2|2|2|2|2|2|2||1||2400000
3475856|1|1|1|40.405331496|34758561|2||2||1|1|2|2|2|2|2|2|2||1||3000000
3475857|1|1|1|37.593659571|34758571|2||2||1|1|2|2|2|2|2|2|2||1||2600000
3475858|1|1|1|47.415913505|34758581|2||2||1|1|2|2|2|2|2|2|2||1||1600000
3475859|1|1|1|24.81616784|34758591|2||2||1|1|2|2|2|2|2|2|2||1||4200000
3475860|1|1|1|53.306988969|34758601|2||2||1|1|2|1|2|2|2|2|2||1||7000000
3475861|1|1|1|38.912870255|34758611|2||2||1|1|2|2|2|2|2|2|2||1||4900000
3475862|1|1|1|49.450431368|34758621|2||2||1|1|2|2|2|2|2|2|2||1||2800000
3475863|1|1|1|29.521891619|34758631|2||2||1|1|2|2|2|2|2|2|2||1||2300000
3475864|1|1|1|40.881913446|34758641|2||2||1|1|2|2|2|2|2|2|2||1||2900000
3475865|1|1|1|41.079261622|34758651|1|1|2||1|1|2|1|2|2|2|2|2||1||5400000
3475866|1|1|1|32.888833658|34758661|2||2||1|1|2|2|2|2|2|2|2||1||3800000
3475867|1|1|1|22.65707268|34758671|2||2||1|1|2|2|2|2|2|2|2||1||3000000
3475868|1|1|1|30.875056478|34758681|2||2||1|1|2|2|2|2|2|2|2||1||1300000
3475869|1|1|1|34.929524951|34758691|2||2||1|1|2|1|2|2|2|2|2||1||8000000
3475870|1|1|1|48.701420115|34758701|2||2||1|1|2|1|2|2|2|2|2||1||3800000
3475871|1|1|1|26.182359899|34758711|2||2||1|1|2|1|2|2|2|2|2||3||3700000
3475872|1|1|1|30.875056478|34758721|2||2||1|1|2|2|2|2|2|2|2||1||2000000
3475873|1|1|1|35.405629069|34758731|2||2||1|1|2|2|2|2|2|2|2||1||1500000
3475874|1|1|1|34.393904826|34758741|2||2||1|1|2|2|2|2|2|2|2||1||2800000
3475875|1|1|1|33.828632973|34758751|2||2||1|1|2|2|2|2|2|2|2||1||2700000
3475876|1|1|1|47.380968584|34758761|2||2||1|1|2|2|2|2|2|2|2||1||1300000
3475877|1|1|1|34.393904826|34758771|2||2||1|1|2|2|2|2|2|2|2||1||1600000
3475878|1|1|1|40.594241184|34758781|2||2||1|1|2|2|2|2|2|2|2||1||1300000
3475879|1|1|1|32.886518973|34758791|2||2||1|1|2|2|2|2|2|2|2||1||1300000
3475880|1|1|1|19.543427665|34758801|2||2||1|1|2|2|2|2|2|2|2||1||3400000
3475881|1|1|1|30.537695503|34758811|2||2||1|1|2|2|2|2|2|2|2||1||2600000
3475882|1|1|1|44.208846379|34758821|2||2||1|1|2|2|2|2|2|2|2||1||2600000
3475883|1|1|1|28.513538342|34758831|2||2||1|1|2|2|2|2|2|2|2||1||3500000
3475884|1|1|1|37.090223755|34758841|2||2||1|1|2|2|2|2|2|2|2||1||2000000
3475885|1|1|1|29.135179754|34758851|2||2||1|1|2|2|2|2|2|2|2||1||2500000
3475885|1|2|2|29.135179754|34758852|2||2||1|1|2|2|2|2|2|2|2||1||3200000
3475886|1|1|1|12.383954164|34758861|2||2||1|1|2|2|2|2|2|1|2||1||9000000
3475887|1|1|1|30.123531218|34758871|2||2||1|1|2|2|2|2|2|2|2||1||3000000
3475888|1|1|1|24.606294658|34758881|2||2||1|1|2|2|2|2|2|2|2||1||4000000
3475889|1|1|1|28.013526418|34758891|2||2||1|1|2|2|2|2|2|2|2||1||2000000
3475890|1|1|1|15.857689134|34758901|2||2||1|1|2|2|2|2|2|2|2||1||3000000
3475891|1|1|1|27.305560216|34758911|2||2||1|1|2|2|2|2|2|2|2||1||2800000
3475892|1|1|1|52.83750855|34758921|2||2||1|1|2|2|2|2|2|2|2||1||3100000
3475893|1|1|1|40.864045338|34758931|2||2||1|1|2|2|2|2|2|2|2||1||2400000
3475894|1|1|1|79.398561525|34758941|2||2||1|1|2|2|2|2|2|2|2||1||5100000
3475895|1|1|1|47.605405764|34758951|2||2||1|1|2|2|2|2|2|2|2||1||3800000
3475896|1|1|1|65.170435369|34758961|2||2||1|1|2|2|2|2|2|2|2||1||4500000
3475897|1|1|1|26.322689859|34758971|2||2||1|1|2|2|2|2|2|2|2||1||4000000
3475898|1|1|1|48.927483834|34758981|2||2||1|1|2|2|2|2|2|2|2||1||2000000
3475899|1|1|1|43.649146765|34758991|2||2||1|1|2|2|2|2|2|2|2||1||1300000
3475900|1|1|1|68.939293435|34759001|2||2||1|1|2|2|2|2|2|2|2||1||1500000
3475901|1|1|1|56.899096205|34759011|2||2||1|1|2|2|2|2|2|2|2||1||1300000
3475902|1|1|1|4506.7809674|34759021|2||2||1|1|2|2|2|2|2|2|2||1||1700000
3475903|1|1|1|1351.462923|34759031|2||2||1|1|2|2|2|2|2|2|2||1||3500000
3475905|1|1|1|1502.2122571|34759051|2||2||1|2|2|2|2|2|2|1|1||7||99
3475906|1|1|1|1114.2436125|34759061|2||2||1|2|2|1|2|2|2|2|2||3||1500000
3475907|1|1|1|1820.2615166|34759071|2||2||2|1|2|1|2|2|2|2|2||3||6000000
3475908|1|1|1|1157.1209484|34759081|2||2||1|1|2|2|2|2|2|2|2||1||1500000
3475909|1|1|1|1502.2122571|34759091|2||2||1|1|2|2|2|2|2|2|2||1||1300000
3475910|1|1|1|1262.5953788|34759101|2||2||1|1|2|2|2|2|2|2|2||1||6200000
3475911|1|1|1|1267.5634528|34759111|2||2||1|1|2|2|2|2|2|2|2||1||1300000
3475912|1|1|1|4286.4290445|34759121|2||2||1|1|2|2|2|2|2|2|2||1||5000000
3475913|1|1|1|4647.719511|34759131|2||2||1|1|2|2|2|2|2|2|2||1||6000000
3475914|1|1|1|4484.3295584|34759141|2||2||1|1|2|2|2|2|2|2|2||1||5000000
3475917|1|1|1|3688.6743119|34759171|2||2||1|2|2|1|2|2|2|2|2||3||8000000
3475918|1|1|1|4473.9826298|34759181|2||2||1|1|2|2|2|2|2|2|2||1||10000000
3475919|1|1|1|4939.468574|34759191|2||2||1|1|2|1|2|2|2|2|2||3||9000000
3475921|1|1|1|549.93917364|34759211|2||2||1|1|2|1|2|2|2|2|2||3||2600000
3475922|1|1|1|2199.7566946|34759221|2||2||1|1|2|2|2|2|2|2|2||1||3000000
3475923|1|1|1|2199.7566946|34759231|2||2||2|1|2|2|2|2|2|2|2||1||1500000
3475924|1|1|1|549.93917364|34759241|2||2||1|1|1|2|2|2|2|2|2||1||1000000
3475925|1|1|1|860.26292092|34759251|2||2||1|1|2|2|2|2|2|2|1||1||1950000
3475926|1|1|1|549.93917364|34759261|2||2||1|1|2|2|2|2|2|2|2||1||1600000
3475927|1|1|1|1203.7742296|34759271|2||2||1|1|2|2|2|2|2|2|2||1||1700000
3475928|1|1|1|1126.2135914|34759281|2||2||1|1|2|2|2|2|2|2|2||1||900000
3475929|1|1|1|560.24545167|34759291|2||2||1|2|2|2|2|2|2|2|1||8||900000
3475930|1|1|1|1189.7253163|34759301|2||2||2|1|2|2|2|2|2|2|2||1||98
3475931|1|1|1|718.75115678|34759311|2||2||1|1|2|2|2|2|2|2|2||1||1500000
3475932|1|1|1|3342.4065087|34759321|2||2||1|1|2|2|2|2|1|2|2||1||1300000
3475933|1|1|1|8998.9500191|34759331|2||2||1|1|2|2|2|2|2|1|2||1||1800000
3475934|1|1|1|5056.9546976|34759341|2||2||1|1|2|2|2|2|2|2|2||1||2000000
3475935|1|1|1|4967.9136221|34759351|2||2||1|1|2|2|2|2|2|2|2||1||2500000
3475936|1|1|1|6916.1347278|34759361|2||2||1|1|2|2|2|2|2|2|2||1||1300000
3475937|1|1|1|10080.827041|34759371|2||2||1|1|2|2|2|2|2|2|2||1||1300000
3475938|1|1|1|7754.2049003|34759381|2||2||1|1|2|2|2|2|2|2|2||1||1300000
3475939|1|1|1|8576.8985977|34759391|2||2||1|1|2|2|2|2|2|2|2||1||2000000
3475940|1|1|1|7170.8181021|34759401|2||2||1|1|2|2|2|2|2|2|2||1||1300000
3475941|1|1|1|11716.490281|34759411|2||2||1|1|2|2|2|2|2|2|2||1||1300000
3475942|1|1|1|6163.3329561|34759421|2||2||1|1|2|2|2|2|2|2|2||1||1300000
3475943|1|1|1|6580.0644438|34759431|2||2||1|1|2|2|1|2|2|2|2||1||4000000
3475944|1|1|1|9118.1785317|34759441|2||2||1|2|2|1|2|2|2|2|2||3||1300000
3475945|1|1|1|9988.4541074|34759451|2||2||1|1|2|2|2|2|2|2|2||1||1300000
3475947|1|1|1|809.49105834|34759471|2||2||1|1|1|2|2|2|2|2|2||1||1200000
3475948|1|1|1|1039.3457201|34759481|2||2||1|1|2|2|2|2|2|2|2||1||1300000
3475949|1|1|1|623.43324867|34759491|2||2||1|1|2|2|2|2|2|2|2||1||1200000
3475950|1|1|1|771.80227566|34759501|2||2||1|1|2|2|2|2|2|2|2||1||1300000
3475951|1|1|1|771.80227566|34759511|2||2||1|1|2|2|2|2|2|2|2||1||1300000
3475952|1|1|1|465.90518288|34759521|2||2||1|1|2|2|2|2|2|2|2||1||98
3475953|1|1|1|664.52182292|34759531|2||2||1|1|2|2|2|2|2|2|2||1||98
3475954|1|1|1|540.68033633|34759541|2||2||1|1|2|2|2|2|2|2|2||1||2500000
3475955|1|1|1|388.52261032|34759551|2||2||1|1|1|2|2|2|2|2|2||1||1600000
3475956|1|1|1|482.14193164|34759561|2||2||1|1|2|2|2|2|2|2|2||1||98
3475957|1|1|1|483.49730522|34759571|2||2||1|1|2|1|2|2|2|2|2||3||1300000
3475958|1|1|1|442.92127803|34759581|2||2||1|2|2|2|2|2|2|2|1||8||98
3475959|1|1|1|676.56637309|34759591|2||2||1|1|2|2|2|2|2|2|2||1||2600000
3475960|1|1|1|498.10055808|34759601|2||2||1|1|2|2|2|2|2|2|2||1||1800000
3475961|1|1|1|649.36596942|34759611|2||2||1|1|1|2|2|2|2|2|2||1||1600000
3475962|1|1|1|711.72596046|34759621|2||2||1|1|2|2|2|2|2|2|2||1||1300000
3475963|1|1|1|400.88576906|34759631|2||2||1|1|2|2|2|2|2|2|2||1||1650000
3475964|1|1|1|657.46627042|34759641|2||2||1|1|2|2|2|2|2|2|2||1||98
3475965|1|1|1|897.80712488|34759651|2||2||1|1|2|2|2|2|2|2|2||1||1800000
3475967|1|1|1|256.47469172|34759671|2||2||1|1|2|2|2|2|2|2|2||1||4000000
3475968|1|1|1|212.78888131|34759681|2||2||1|1|2|2|2|2|2|2|2||1||1800000
3475969|1|1|1|72.806731542|34759691|2||2||1|1|1|2|2|2|2|2|2||1||1500000
3475970|1|1|1|82.119326941|34759701|2||2||1|1|2|2|2|2|2|2|2||1||1600000
3475971|1|1|1|245.32380845|34759711|2||2||1|1|2|2|2|2|2|2|2||1||1500000
3475972|1|1|1|124.30741224|34759721|2||2||1|1|2|2|2|2|2|2|2||1||1300000
3475973|1|1|1|228.33559892|34759731|2||2||1|1|2|2|2|2|1|2|2||1||3000000
3475974|1|1|1|98.112709938|34759741|2||2||1|1|2|2|2|2|2|2|2||1||4500000
3475975|1|1|1|84.134934983|34759751|2||2||1|1|2|2|2|2|2|2|2||1||4000000
3475976|1|1|1|219.23686242|34759761|2||2||1|1|2|2|2|2|2|2|2||1||4000000
3475977|1|1|1|130.23267398|34759771|2||2||1|1|2|2|2|2|2|2|2||1||1358000
3475978|1|1|1|69.62891171|34759781|1|1|2||1|1|2|1|2|2|2|2|2||1||2500000
3475979|1|1|1|88.726714297|34759791|2||2||1|1|2|2|2|2|2|2|2||1||2300000
3475980|1|1|1|259.22396725|34759801|2||2||1|1|2|2|2|2|2|2|2||1||1600000
3475981|1|1|1|115.30875351|34759811|2||2||1|1|2|2|2|2|2|2|1||1||3500000
3475982|1|1|1|108.39310248|34759821|2||2||1|1|2|2|2|2|2|2|2||1||2600000
3475983|1|1|1|206.60462075|34759831|2||2||1|1|2|2|2|2|2|2|2||1||4300000
3475984|1|1|1|102.74773219|34759841|2||2||1|1|2|2|2|2|2|2|2||1||1200000
3475985|1|1|1|110.55491766|34759851|2||2||1|1|2|2|2|2|2|2|2||1||5200000
3475986|1|1|1|273.21340515|34759861|2||2||1|1|2|1|2|2|2|1|2||3||3300000
3475987|1|1|1|98.464612037|34759871|2||2||1|1|2|2|1|2|2|2|2||1||1800000
3475988|1|1|1|234.61257207|34759881|2||2||1|1|2|2|1|2|2|2|2||1||3100000
3475989|1|1|1|133.28534324|34759891|2||2||1|1|2|2|2|2|2|2|2||1||1200000
3475990|1|1|1|304.60960185|34759901|2||2||1|1|2|2|2|2|2|2|2||1||2500000
3475991|1|1|1|304.60960185|34759911|2||2||1|1|2|2|2|2|2|2|2||1||5000000
3475992|1|1|1|212.07152733|34759921|2||2||1|1|2|2|2|2|2|2|2||1||10000000
3475993|1|1|1|202.25718708|34759931|2||2||1|1|2|2|2|2|2|2|2||1||1700000
3475994|1|1|1|518.28016293|34759941|2||2||1|1|2|2|2|2|2|2|1||8||2960000
3475995|1|1|1|347.94639272|34759951|2||2||1|1|1|2|2|2|2|2|2||1||1460000
3475996|1|1|1|219.29009372|34759961|2||2||1|1|2|2|2|2|2|2|2||1||1900000
3475997|1|1|1|333.62326487|34759971|2||2||1|1|2|2|2|2|2|2|2||1||1760000
3475998|1|1|1|392.92782521|34759981|2||2||1|1|2|2|1|2|2|2|2||4||900000
3475999|1|1|1|195.14755385|34759991|2||2||1|1|2|2|2|2|2|2|2||1||2000000
3476000|1|1|1|213.52650533|34760001|2||2||1|1|2|1|2|2|2|1|2||1||2240000
3476001|1|1|1|190.64832809|34760011|2||2||1|1|2|2|1|2|2|2|2||1||1760000
3476002|1|1|1|233.98366625|34760021|2||2||1|1|2|2|2|2|2|2|2||1||4500000
3476003|1|1|1|93.123057591|34760031|2||2||1|1|2|2|2|2|2|2|2||1||1500000
3476004|1|1|1|222.45332233|34760041|2||2||1|1|2|2|2|2|2|2|2||1||3000000
3476005|1|1|1|146.09594913|34760051|2||2||1|1|2|2|2|2|2|2|2||1||6000000
3476006|1|1|1|121.30993649|34760061|2||2||1|1|2|2|2|2|2|2|2||1||1600000
3476007|1|1|1|153.49279241|34760071|2||2||1|1|1|2|2|2|2|2|2||1||1800000
3476008|1|1|1|108.74109114|34760081|2||2||1|1|2|2|2|2|2|2|2||1||1900000
3476009|1|1|1|94.241770357|34760091|2||2||1|1|1|2|2|2|2|2|2||1||3000000
3476010|1|1|1|248.95513328|34760101|2||2||1|1|2|2|2|2|2|2|2||1||2000000
3476011|1|1|1|111.71979902|34760111|2||2||1|1|2|2|2|2|2|2|2||1||1000000
3476012|1|1|1|171.75440263|34760121|2||2||1|1|1|2|2|2|2|2|2||1||1500000
3476013|1|1|1|100.1768786|34760131|2||2||1|1|1|2|2|2|2|2|2||1||1600000
3476014|1|1|1|142.20412786|34760141|2||2||1|1|2|2|2|2|2|2|2||1||1500000
3476015|1|1|1|85.630543407|34760151|2||2||1|1|2|2|2|2|2|2|2||1||1500000
3476016|1|1|1|54.180935056|34760161|2||2||1|1|2|2|2|2|2|2|1||1||2000000
3476017|1|1|1|131.26195807|34760171|2||2||1|1|2|2|2|2|2|2|2||1||1300000
3476018|1|1|1|54.180935056|34760181|2||2||1|1|2|2|2|2|2|2|2||1||600000
3476019|1|1|1|169.74891565|34760191|2||2||1|1|2|2|2|2|2|2|2||1||1800000
3476020|1|1|1|122.76628351|34760201|2||2||1|1|1|2|2|2|2|2|2||1||1600000
3476021|1|1|1|115.6880583|34760211|2||2||1|2|2|1|2|2|2|2|2||3||2500000
3476022|1|1|1|218.64641853|34760221|2||2||1|1|2|2|2|2|2|2|2||1||2500000
3476023|1|1|1|212.06987377|34760231|2||2||1|1|2|2|2|2|2|2|2||1||2500000
3476024|1|1|1|189.2505029|34760241|2||2||1|2|2|2|2|2|1|2|1||8||2500000
3476025|1|1|1|248.82934425|34760251|2||2||1|1|2|2|2|2|2|2|1||1||1400000
3476026|1|1|1|196.12220135|34760261|2||2||1|1|2|1|2|2|2|2|2||3||3000000
3476027|1|1|1|171.12191957|34760271|2||2||1|2|2|1|2|2|2|2|2||3||2000000
3476028|1|1|1|196.96889237|34760281|2||2||1|2|1|2|2|2|2|2|1||8||600000
3476029|1|1|1|372.05483104|34760291|2||2||1|1|1|2|2|2|2|2|2||1||1300000
3476030|1|1|1|329.29843809|34760301|2||2||2|1|2|2|2|2|2|2|2||1||1500000
3476031|1|1|1|340.42141064|34760311|2||2||1|1|2|2|2|2|2|2|2||1||900000
3476032|1|1|1|325.95662157|34760321|2||2||1|1|2|2|2|2|2|2|2||1||1600000
3476033|1|1|1|260.72055854|34760331|2||2||1|1|2|2|2|2|2|2|2||1||6000000
3476034|1|1|1|186.54200754|34760341|2||2||1|1|2|2|2|2|2|2|2||1||900000
3476035|1|1|1|260.82693804|34760351|2||2||1|1|2|2|2|2|2|2|2||1||1300000
3476036|1|1|1|234.22294072|34760361|2||2||2|1|1|2|2|2|2|2|2||1||2500000
3476037|1|1|1|183.51562393|34760371|2||2||1|1|2|2|2|2|2|2|2||1||2000000
3476038|1|1|1|145.51388584|34760381|2||2||1|2|2|1|2|2|2|2|2||3||2000000
3476039|1|1|1|145.51388584|34760391|2||2||1|2|2|1|2|2|2|2|2||3||2000000
3476040|1|1|1|632.3642833|34760401|2||2||1|1|2|2|2|2|2|2|2||1||1300000
3476041|1|1|1|286.0688445|34760411|2||2||1|1|1|2|2|2|2|2|2||1||1300000
3476042|1|1|1|278.01147741|34760421|2||2||1|1|2|2|2|2|2|2|2||1||2000000
3476043|1|1|1|576.313741|34760431|2||2||2|1|2|2|2|2|2|2|2||1||1300000
3476044|1|1|1|281.52650744|34760441|2||2||1|1|2|2|2|2|2|2|2||1||2600000
3476045|1|1|1|568.26135682|34760451|2||2||1|1|2|2|2|2|2|2|2||1||1340000
3476046|1|1|1|539.73998172|34760461|2||2||1|1|2|2|2|2|2|2|2||1||5000000
3476047|1|1|1|480.08020535|34760471|2||2||2|1|2|2|2|2|2|2|2||1||1300000
3476048|1|1|1|359.98762778|34760481|2||2||1|1|2|2|2|2|2|2|2||1||1300000
3476049|1|1|1|468.60513457|34760491|2||2||1|1|2|2|2|2|2|2|2||1||1300000
3476050|1|1|1|474.59578531|34760501|2||2||2|1|2|2|2|2|2|2|2||1||800000
3476051|1|1|1|709.60534745|34760511|2||2||1|1|2|2|2|2|2|2|2||1||980000
3476052|1|1|1|459.4720478|34760521|2||2||1|1|2|2|2|2|2|2|1||1||1000000
3476053|1|1|1|225.80620217|34760531|2||2||1|1|2|2|2|2|2|2|2||1||1000000
3476054|1|1|1|259.43009444|34760541|2||2||1|1|2|2|2|2|2|2|2||1||3000000
3476055|1|1|1|215.20869388|34760551|2||2||1|2|2|1|2|2|2|2|2||3||1200000
3476056|1|1|1|520.09009232|34760561|2||2||1|1|2|2|1|2|2|2|2||1||8000000
3476057|1|1|1|401.95485284|34760571|2||2||1|1|2|2|2|2|2|2|2||1||20000000
3476058|1|1|1|473.78424069|34760581|2||2||1|1|2|2|2|2|2|2|2||1||7000000
3476059|1|1|1|456.91694662|34760591|2||2||1|1|2|2|2|2|2|2|2||1||99
3476060|1|1|1|350.26944174|34760601|2||2||1|1|2|2|2|2|2|2|2||1||6000000
3476061|1|1|1|298.98886639|34760611|2||2||1|1|2|2|2|2|2|2|2||1||800000
3476062|1|1|1|319.31937656|34760621|2||2||1|1|2|2|2|2|2|2|2||1||3000000
3476063|1|1|1|417.75779188|34760631|2||2||1|2|2|2|2|2|2|1|2||7||500000
3476064|1|1|1|498.50506031|34760641|2||2||1|1|2|2|2|2|2|2|2||1||1800000
3476065|1|1|1|99.566279208|34760651|2||2||1|1|1|2|2|2|2|2|2||1||800000
3476066|1|1|1|198.51774285|34760661|2||2||1|2|2|2|2|2|2|2|1||8||98
3476067|1|1|1|166.84514213|34760671|2||2||1|1|2|2|2|2|2|2|2||1||1800000
3476068|1|1|1|192.22874445|34760681|2||2||1|1|2|2|2|2|2|2|2||1||1500000
3476069|1|1|1|194.35505311|34760691|2||2||1|1|2|2|2|2|2|2|2||1||1400000
3476070|1|1|1|263.99759463|34760701|2||2||1|1|1|2|2|2|2|2|2||1||600000
3476071|1|1|1|263.4396981|34760711|2||2||1|1|2|2|2|2|2|2|2||1||1500000
3476072|1|1|1|336.8573298|34760721|2||2||1|1|2|2|2|2|2|2|2||1||2800000
3476073|1|1|1|311.17755992|34760731|2||2||1|1|2|2|2|2|2|2|2||1||1000000
3476074|1|1|1|192.34136151|34760741|2||2||1|1|2|2|2|2|2|2|2||1||1200000
3476075|1|1|1|227.4234717|34760751|2||2||1|1|1|2|2|2|2|2|2||1||1000000
3476077|1|1|1|152.84626195|34760771|2||2||1|1|1|2|1|2|2|2|2||1||1000000
3476078|1|1|1|207.40649247|34760781|2||2||1|1|2|2|2|2|2|2|2||1||1400000
3476079|1|1|1|151.06294363|34760791|2||2||1|1|1|2|2|2|2|2|1||1||1200000
3476080|1|1|1|99.900193338|34760801|2||2||1|1|2|2|2|2|2|2|2||1||3500000
3476081|1|1|1|152.81567071|34760811|2||2||1|1|2|2|1|2|2|2|2||1||600000
3476082|1|1|1|154.51243753|34760821|2||2||1|1|1|2|2|2|2|2|2||1||700000
3476083|1|1|1|128.28689688|34760831|2||2||1|1|1|2|2|2|2|2|2||1||500000
3476084|1|1|1|162.54351866|34760841|2||2||1|1|2|2|2|2|2|2|2||1||2000000
3476085|1|1|1|99.684307722|34760851|2||2||1|1|1|2|1|2|2|2|2||1||700000
3476086|1|1|1|70.527359828|34760861|2||1|1|1|1|1|2|2|2|2|2|2||1||1000000
3476087|1|1|1|70.771471568|34760871|2||2||1|1|2|2|2|2|2|2|1||1||600000
3476088|1|1|1|188.27748516|34760881|2||2||1|1|2|2|2|2|2|2|2||1||2000000
3476089|1|1|1|142.22557883|34760891|2||1|3|1|1|2|2|2|2|2|2|2||1||5000000
3476090|1|1|1|176.35188522|34760901|2||2||1|1|2|2|2|2|2|2|2||1||900000
3476091|1|1|1|100.86077212|34760911|2||2||1|1|1|2|2|2|2|2|2||1||3000000
3476092|1|1|1|125.34305501|34760921|2||2||1|1|2|2|1|2|2|2|2||1||1300000
3476093|1|1|1|195.87995582|34760931|2||2||1|1|2|2|2|2|2|2|2||1||3000000
3476094|1|1|1|162.54351866|34760941|2||2||1|1|2|2|2|2|2|2|2||1||1500000
3476095|1|1|1|103.26765345|34760951|2||2||1|1|1|2|2|2|2|2|2||1||1000000
3476096|1|1|1|66.84962934|34760961|2||2||1|2|2|2|2|2|2|2|1||8||300000
3476097|1|1|1|44.493964125|34760971|2||2||1|1|2|2|2|2|2|2|2||1||500000
3476098|1|1|1|146.96025734|34760981|2||2||1|1|2|1|2|2|2|2|2||3||2000000
3476099|1|1|1|284.38400715|34760991|2||2||1|1|2|2|2|2|2|2|2||1||1500000
3476100|1|1|1|150.88830962|34761001|2||2||1|1|2|2|2|2|2|2|2||1||600000
3476101|1|1|1|203.19909962|34761011|2||2||1|1|1|2|2|2|2|2|1||8||1600000
3476102|1|1|1|108.62043139|34761021|2||2||1|1|2|2|2|2|2|2|2||1||3000000
3476103|1|1|1|200.73267479|34761031|2||2||1|1|2|2|2|2|2|2|2||1||1000000
3476104|1|1|1|371.12474057|34761041|2||2||1|1|2|2|2|2|2|2|2||1||1500000
3476105|1|1|1|200.73267479|34761051|2||2||1|2|2|2|2|2|2|1|2||7||800000
3476106|1|1|1|150.88830962|34761061|2||2||1|1|2|2|2|2|2|2|2||1||1400000
3476107|1|1|1|108.62043139|34761071|2||2||1|1|2|2|2|2|2|2|2||1||1800000
3476108|1|1|1|350.77346458|34761081|2||2||1|1|2|2|2|2|2|2|1||8||700000
3476109|1|1|1|270.12484815|34761091|2||2||1|1|2|2|2|2|2|2|2||1||2700000
3476110|1|1|1|188.10986983|34761101|2||2||1|1|2|2|2|2|2|2|2||1||2000000
3476111|1|1|1|152.6763862|34761111|2||2||1|1|2|2|2|2|2|2|2||1||2500000
3476112|1|1|1|182.38146025|34761121|2||2||1|1|2|2|2|2|2|2|2||1||3000000
3476113|1|1|1|149.23178016|34761131|2||2||1|1|2|1|2|2|2|2|2||3||2000000
3476114|1|1|1|450.54252683|34761141|2||2||1|2|2|2|1|2|2|1|2||4||800000
3476116|1|1|1|386.54688571|34761161|2||2||1|1|2|2|2|2|2|2|2||1||4000000
3476117|1|1|1|386.54688571|34761171|1|1|2||1|1|2|2|2|2|2|2|2||1||10000000
3476118|1|1|1|322.98426411|34761181|2||2||1|1|2|2|2|2|2|2|2||1||4500000
3476119|1|1|1|187.60566648|34761191|2||2||2|1|2|2|2|2|2|2|2||1||7000000
3476120|1|1|1|471.11444796|34761201|2||2||1|1|2|2|2|2|2|2|2||1||5500000
3476121|1|1|1|530.77050987|34761211|2||2||1|1|2|2|2|2|2|2|2||1||6000000
3476122|1|1|1|302.24200172|34761221|2||2||2|1|2|2|2|2|2|2|2||1||16000000
3476123|1|1|1|232.08361678|34761231|2||2||1|1|2|2|2|2|2|2|2||1||2000000
3476124|1|1|1|197.0015536|34761241|2||2||1|1|2|2|2|2|2|2|2||1||3800000
3476125|1|1|1|246.00577813|34761251|2||2||1|1|2|1|2|2|2|2|2||3||6000000
3476126|1|1|1|250.91584348|34761261|2||2||1|1|2|2|2|2|2|2|2||1||1000000
3476127|1|1|1|156.32696593|34761271|2||2||1|1|2|2|2|2|2|2|2||1||2000000
3476128|1|1|1|188.61038702|34761281|2||2||1|1|2|2|2|2|2|2|2||1||1200000
3476129|1|1|1|153.32876427|34761291|2||2||1|1|2|2|2|2|2|2|2||1||3300000
3476130|1|1|1|310.45822035|34761301|2||2||1|1|2|2|2|2|2|2|2||1||1500000
3476131|1|1|1|236.9852059|34761311|2||2||1|1|2|2|2|2|2|2|2||1||1400000
3476132|1|1|1|147.09989758|34761321|2||2||1|1|2|2|2|2|2|2|2||1||3000000
3476133|1|1|1|156.14187012|34761331|2||2||1|1|2|2|2|2|2|2|2||1||1500000
3476134|1|1|1|179.77601082|34761341|2||2||1|1|2|2|2|2|2|2|1||8||1000000
3476135|1|1|1|331.02926311|34761351|2||2||1|1|1|2|2|2|2|2|2||1||2000000
3476136|1|1|1|147.09989758|34761361|2||2||1|1|2|2|2|2|2|2|2||1||1600000
3476137|1|1|1|329.07716279|34761371|2||2||1|1|2|2|2|2|2|2|2||1||1700000
3476138|1|1|1|154.9519021|34761381|2||2||1|1|2|2|2|2|2|2|2||1||1400000
3476139|1|1|1|196.29358653|34761391|2||2||1|1|2|2|2|2|2|2|2||1||98
3476141|1|1|1|117.44523071|34761411|2||2||1|1|2|2|2|2|2|2|2||1||1200000
3476142|1|1|1|80.511885088|34761421|2||2||1|2|2|2|2|2|2|2|1||8||200000
3476143|1|1|1|105.79162187|34761431|2||2||1|1|2|2|2|2|2|2|2||1||2000000
3476144|1|1|1|96.153917162|34761441|2||2||1|1|2|2|2|2|2|2|1||1||600000
3476145|1|1|1|76.559957299|34761451|2||2||1|1|1|2|2|2|2|1|2||1||500000
3476146|1|1|1|69.983456327|34761461|2||2||1|1|2|2|2|2|2|2|2||1||98
3476147|1|1|1|116.7761644|34761471|2||2||2|1|1|2|2|2|2|2|2||1||5000000
3476148|1|1|1|124.07654265|34761481|2||2||1|1|2|2|2|2|2|2|2||1||2500000
3476149|1|1|1|86.567486565|34761491|2||2||1|1|2|2|2|2|2|2|2||1||950000
3476150|1|1|1|92.419979448|34761501|2||2||1|1|1|2|2|2|2|2|2||1||1500000
3476151|1|1|1|156.44505184|34761511|2||2||1|1|2|2|1|2|2|2|1||1||5000000
3476152|1|1|1|179.74916188|34761521|2||2||2|1|2|2|2|2|2|2|2||1||2900000
3476153|1|1|1|118.44899153|34761531|2||2||1|1|2|2|2|2|2|2|2||1||4900000
3476154|1|1|1|124.74560896|34761541|2||2||1|1|2|2|2|2|2|2|2||1||2400000
3476155|1|1|1|139.30987002|34761551|2||2||1|1|2|2|2|2|2|2|2||1||1350000
3476156|1|1|1|117.44523071|34761561|2||2||2|1|2|2|2|2|2|2|2||1||1300000
3476157|1|1|1|98.491243619|34761571|2||2||1|1|2|2|2|2|2|2|2||1||1290000
3476158|1|1|1|73.314649287|34761581|2||2||1|2|2|2|2|2|2|2|1||8||450000
3476159|1|1|1|113.41929272|34761591|2||2||1|2|2|2|2|2|2|2|1||8||615000
3476160|1|1|1|167.81395115|34761601|2||2||1|1|2|2|2|2|2|2|2||1||2000000
3476161|1|1|1|152.99068663|34761611|2||2||1|1|2|2|2|2|2|2|2||1||1800000
3476162|1|1|1|74.655679|34761621|2||2||1|2|2|2|2|2|2|2|1||8||700000
3476163|1|1|1|45.344873915|34761631|2||2||1|1|2|2|2|2|2|2|1||1||700000
3476164|1|1|1|48.410465425|34761641|2||2||1|1|2|2|2|2|2|2|2||1||2800000
3476165|1|1|1|54.527678227|34761651|2||2||1|1|2|2|2|2|2|2|2||1||1600000
3476166|1|1|1|132.33909834|34761661|2||2||1|1|2|2|2|2|2|2|2||1||2800000
3476167|1|1|1|108.43451058|34761671|2||2||1|1|2|2|2|2|2|2|2||1||500000
3476168|1|1|1|157.25199779|34761681|2||2||2|1|2|2|2|2|2|2|2||1||1500000
3476169|1|1|1|140.00835257|34761691|2||2||2|1|2|2|2|2|2|2|2||1||900000
3476170|1|1|1|164.81273765|34761701|2||2||1|1|2|2|2|2|2|2|2||1||800000
3476171|1|1|1|97.926626006|34761711|2||2||1|1|1|2|2|2|2|2|2||1||2600000
3476172|1|1|1|168.98586904|34761721|2||2||1|1|2|1|2|2|2|2|2||3||8000000
3476173|1|1|1|175.53139354|34761731|2||2||1|1|2|2|2|2|2|2|2||1||98
3476174|1|1|1|168.98586904|34761741|2||2||1|2|2|1|2|2|2|2|2||3||6000000
3476175|1|1|1|215.4322304|34761751|2||2||1|1|2|2|2|2|2|2|2||1||98
3476176|1|1|1|186.91398611|34761761|2||2||1|2|2|1|2|2|2|2|2||3||3000000
3476177|1|1|1|168.98586904|34761771|2||2||1|2|2|1|2|2|2|2|2||3||98
3476178|1|1|1|168.98586904|34761781|2||2||1|1|2|1|2|2|2|2|2||1||6000000
3476179|1|1|1|312.79038239|34761791|2||2||1|1|2|2|2|2|2|2|2||1||2600000
3476180|1|1|1|186.59982335|34761801|2||2||1|1|2|2|2|2|2|2|2||1||1300000
3476181|1|1|1|787.92511821|34761811|2||2||1|1|2|1|2|2|2|2|2||1||1300000
3476182|1|1|1|710.27793217|34761821|2||2||1|1|2|2|2|2|2|2|2||1||3000000
3476183|1|1|1|460.97598648|34761831|2||2||1|1|2|2|2|2|2|2|2||1||2600000
3476184|1|1|1|658.74383212|34761841|2||2||1|1|2|2|2|2|2|2|2||1||500000
3476185|1|1|1|323.41485879|34761851|2||2||1|1|2|2|2|2|2|2|2||1||1500000
3476186|1|1|1|418.16896041|34761861|2||2||1|1|2|2|2|2|2|2|2||1||2600000
3476187|1|1|1|288.75698368|34761871|2||2||1|1|2|2|2|2|2|2|2||1||1600000
3476188|1|1|1|452.5449986|34761881|2||2||1|1|2|2|2|2|2|2|2||1||2800000
3476189|1|1|1|570.80294622|34761891|2||2||1|1|2|2|2|2|2|2|2||1||2500000
3476190|1|1|1|606.73229832|34761901|2||2||1|1|2|2|2|2|2|2|2||1||2600000
3476191|1|1|1|649.40061015|34761911|2||2||1|1|2|2|2|2|2|2|2||1||200000
3476192|1|1|1|637.39977625|34761921|2||2||1|1|2|2|2|2|2|2|2||1||800000
3476193|1|1|1|671.59416669|34761931|2||2||1|1|2|2|2|2|2|2|2||1||1600000
3476194|1|1|1|428.92459657|34761941|2||2||1|1|2|2|2|2|2|2|2||1||700000
3476195|1|1|1|557.88924474|34761951|2||2||1|1|2|2|2|2|2|2|2||1||1200000
3476196|1|1|1|282.77037764|34761961|2||2||1|1|2|2|2|2|2|2|2||1||1800000
3476197|1|1|1|258.73188704|34761971|2||2||1|1|2|2|2|2|2|2|2||1||840000
3476198|1|1|1|414.19476865|34761981|2||2||1|1|2|2|2|2|2|1|2||1||3000000
3476199|1|1|1|634.82764395|34761991|2||2||1|1|2|1|2|2|2|2|2||1||2000000
3476200|1|1|1|292.73117545|34762001|2||2||1|2|2|2|1|2|2|2|2||4||600000
3476201|1|1|1|591.89827681|34762011|2||2||1|1|2|2|2|2|2|2|2||1||1500000
3476202|1|1|1|573.48886|34762021|2||2||1|1|2|2|2|2|2|2|2||1||1300000
3476203|1|1|1|546.12801623|34762031|1|1|2||1|1|2|2|2|2|2|2|2||1||8000000
3476204|1|1|1|545.91954619|34762041|2||2||1|1|2|2|2|2|2|2|2||1||3000000
3476205|1|1|1|685.39893607|34762051|2||2||1|1|2|2|2|2|2|2|2||1||1300000
3476206|1|1|1|518.92582419|34762061|2||2||1|1|1|2|2|2|2|2|2||1||800000
3476207|1|1|1|398.98811899|34762071|2||2||1|1|1|2|2|2|2|2|2||1||1900000
3476208|1|1|1|254.54209454|34762081|2||2||1|1|2|2|2|2|2|2|2||1||2600000
3476209|1|1|1|258.47811906|34762091|2||2||1|1|2|2|2|2|2|2|2||1||900000
3476210|1|1|1|373.36473771|34762101|2||2||1|1|2|2|2|2|2|2|2||1||1000000
3476211|1|1|1|516.0388052|34762111|2||2||1|1|2|2|2|2|2|2|2||1||1300000
3476212|1|1|1|228.85824638|34762121|2||2||1|1|2|2|2|2|1|2|2||1||1200000
3476213|1|1|1|255.75380688|34762131|2||2||1|2|2|2|2|2|2|2|1||8||600000
3476214|1|1|1|256.06326919|34762141|2||2||1|1|2|2|2|2|2|2|2||1||1300000
3476215|1|1|1|270.79530469|34762151|2||2||1|1|2|2|2|2|2|2|2||1||1000000
3476216|1|1|1|550.48672327|34762161|2||2||1|1|2|2|2|2|2|2|2||1||1300000
3476217|1|1|1|408.61382035|34762171|2||2||1|1|2|1|2|2|2|2|2||1||3000000
3476218|1|1|1|401.26833049|34762181|2||2||1|2|2|2|2|2|2|1|2||7||1000000
3476219|1|1|1|685.13467323|34762191|2||2||1|1|2|2|2|2|2|2|2||1||1300000
3476220|1|1|1|679.45103089|34762201|2||2||1|1|2|2|2|2|2|2|2||1||1600000
3476221|1|1|1|468.02170293|34762211|2||2||1|1|1|2|2|2|2|2|2||1||1300000
3476222|1|1|1|632.31677752|34762221|2||2||1|1|2|2|2|2|2|2|2||1||1300000
3476223|1|1|1|385.77442615|34762231|2||2||1|1|2|2|2|2|2|2|2||1||1300000
3476224|1|1|1|1565.1196806|34762241|2||2||1|1|2|2|2|2|2|2|2||1||1300000
3476225|1|1|1|1410.6899898|34762251|2||2||1|1|2|2|2|2|2|2|2||1||1300000
3476226|1|1|1|1048.0751592|34762261|2||2||1|1|2|2|2|2|2|2|2||1||800000
3476227|1|1|1|877.54069299|34762271|2||2||1|1|2|2|2|2|2|2|2||1||1300000
3476228|1|1|1|1273.9706829|34762281|2||2||1|1|2|2|2|2|2|2|2||1||200000
3476229|1|1|1|1161.3631823|34762291|2||2||1|1|2|2|2|2|2|2|2||1||1300000
3476230|1|1|1|888.48495708|34762301|2||2||1|1|2|1|2|2|2|2|2||1||1600000
3476231|1|1|1|1258.7288039|34762311|2||2||1|1|2|2|2|2|2|2|2||1||1200000
3476232|1|1|1|1362.0569864|34762321|2||2||1|1|2|2|2|2|2|2|2||1||1000000
3476233|1|1|1|1149.770535|34762331|2||2||1|1|2|2|2|2|2|2|2||1||1200000
3476234|1|1|1|1453.7800368|34762341|2||2||1|1|2|2|2|2|2|2|2||1||1000000
3476235|1|1|1|1216.6544643|34762351|2||2||1|1|2|1|2|2|2|2|2||1||1200000
3476236|1|1|1|1180.5507317|34762361|2||2||1|1|2|2|2|2|2|2|2||1||1000000
3476237|1|1|1|942.53040128|34762371|2||2||1|1|2|2|2|2|2|2|2||1||1000000
3476238|1|1|1|1353.5926524|34762381|2||2||1|1|2|2|2|2|2|2|2||1||1300000
3476239|1|1|1|223.6095967|34762391|2||2||1|1|2|2|2|2|2|2|2||1||1800000
3476240|1|1|1|450.51759759|34762401|2||2||1|1|2|2|2|2|2|2|2||1||1700000
3476241|1|1|1|192.05638969|34762411|2||2||1|1|2|2|2|2|2|1|2||1||3500000
3476242|1|1|1|154.18562555|34762421|2||2||1|1|2|2|2|2|2|2|2||1||2500000
3476243|1|1|1|388.57779432|34762431|2||2||1|1|2|2|2|2|2|2|2||1||3000000
3476244|1|1|1|275.75058721|34762441|2||2||1|1|2|2|2|2|2|2|1||1||2500000
3476245|1|1|1|288.08458453|34762451|2||2||1|1|2|2|2|2|2|2|2||1||2500000
3476246|1|1|1|319.44270841|34762461|2||2||1|1|2|2|2|2|2|2|2||1||2300000
3476247|1|1|1|263.53189169|34762471|2||2||1|1|2|2|2|2|2|2|2||1||3000000
3476248|1|1|1|220.12616972|34762481|2||2||1|1|2|2|2|2|2|2|2||1||3300000
3476249|1|1|1|253.70411971|34762491|2||2||1|1|2|2|2|2|2|2|2||1||7000000
3476250|1|1|1|233.82865444|34762501|2||2||1|1|2|2|2|2|2|2|2||1||9000000
3476251|1|1|1|315.88407044|34762511|2||2||1|1|2|2|2|2|2|1|2||1||8000000
3476252|1|1|1|351.83183111|34762521|2||2||1|1|2|2|2|2|2|2|2||1||6000000
3476253|1|1|1|148.67488942|34762531|2||2||1|1|2|2|2|2|2|2|2||1||4500000
3476254|1|1|1|282.17955615|34762541|2||2||1|2|2|1|2|2|2|2|2||3||4000000
3476255|1|1|1|240.07048711|34762551|2||2||1|1|2|2|2|2|2|2|2||1||5000000
3476257|1|1|1|558.59629711|34762571|2||2||1|1|2|2|2|2|2|2|2||1||4000000
3476258|1|1|1|291.6328206|34762581|2||2||1|2|2|1|2|2|2|2|2||3||2800000
3476259|1|1|1|196.85779943|34762591|2||2||1|1|2|2|2|2|2|2|2||1||3000000
3476260|1|1|1|328.99971439|34762601|2||2||1|1|2|2|2|2|2|2|2||1||5000000
3476261|1|1|1|469.35673199|34762611|2||2||1|1|2|2|2|2|2|2|2||1||2900000
3476262|1|1|1|482.90325889|34762621|2||2||1|1|2|2|2|2|2|2|2||1||1800000
3476265|1|1|1|926.86668668|34762651|2||2||2|1|2|2|2|2|2|2|2||1||1300000
3476266|1|1|1|825.28379548|34762661|2||2||1|1|2|2|2|2|2|2|2||1||2300000
3476267|1|1|1|444.3074049|34762671|2||2||1|2|1|1|2|2|2|2|2||3||1280000
3476268|1|1|1|855.30025217|34762681|2||2||2|1|2|2|2|2|2|2|2||1||1300000
3476269|1|1|1|492.62537337|34762691|2||2||1|1|2|2|1|2|2|2|2||1||1480000
3476270|1|1|1|596.52037546|34762701|2||2||1|2|2|1|2|2|2|2|2||3||1300000
3476271|1|1|1|355.12408026|34762711|2||2||1|1|2|2|2|2|2|2|2||1||3500000
3476272|1|1|1|599.530207|34762721|2||2||1|2|2|1|2|2|2|2|2||3||2000000
3476273|1|1|1|219.50764877|34762731|2||2||1|2|2|1|2|2|2|2|2||3||1300000
3476274|1|1|1|189.39853131|34762741|2||2||1|1|2|2|2|2|2|2|2||1||2000000
3476275|1|1|1|105.77016342|34762751|2||2||1|2|2|2|2|2|2|2|1||8||600000
3476276|1|1|1|131.11215512|34762761|2||2||1|1|1|2|2|2|2|2|2||1||1200000
3476277|1|1|1|113.40437172|34762771|2||2||1|1|2|2|2|2|2|2|2||1||1000000
3476278|1|1|1|156.89715057|34762781|2||2||1|1|1|2|2|2|2|2|1||1||3500000
3476279|1|1|1|105.57660282|34762791|2||2||1|1|2|2|2|2|2|2|2||1||2500000
3476280|1|1|1|111.33529395|34762801|2||2||1|1|2|2|2|2|2|2|2||1||1500000
3476281|1|1|1|156.97560483|34762811|2||2||1|1|2|2|2|2|2|2|2||1||1900000
3476282|1|1|1|112.93911834|34762821|2||2||1|1|2|2|2|2|2|2|2||1||800000
3476283|1|1|1|101.27280971|34762831|2||2||1|1|2|2|2|2|2|2|2||1||3000000
3476284|1|1|1|166.16072603|34762841|2||2||1|1|2|2|2|2|2|2|2||1||700000
3476285|1|1|1|328.41265222|34762851|2||2||1|1|2|2|2|2|2|2|2||1||13000000
3476286|1|1|1|231.73318397|34762861|2||2||1|1|2|2|2|2|2|2|2||1||4000000
3476287|1|1|1|187.04939065|34762871|2||2||1|1|2|2|2|2|2|2|2||1||1000000
3476288|1|1|1|280.4406149|34762881|2||2||1|1|2|2|2|2|2|2|2||1||2500000
3476289|1|1|1|210.77334109|34762891|2||2||1|1|2|2|2|2|2|2|2||1||1300000
3476290|1|1|1|211.10178804|34762901|2||2||1|1|2|2|2|2|2|2|2||1||6000000
3476291|1|1|1|319.81549378|34762911|2||2||1|1|2|2|2|2|2|2|2||1||1000000
3476292|1|1|1|123.69265415|34762921|2||2||1|1|2|1|2|2|2|2|2||3||4000000
3476293|1|1|1|180.87884561|34762931|2||2||1|1|2|2|2|2|2|2|2||1||600000
3476294|1|1|1|163.94388146|34762941|2||2||1|1|2|2|2|2|2|2|2||1||10000000
3476295|1|1|1|184.55263463|34762951|2||2||1|1|2|2|2|2|2|2|2||1||8000000
3476296|1|1|1|255.68530517|34762961|2||2||1|1|2|2|2|2|2|2|2||1||900000
3476297|1|1|1|206.16239019|34762971|2||2||1|1|2|2|2|2|2|2|2||1||1400000
3476298|1|1|1|133.25602264|34762981|2||2||1|1|2|2|2|2|2|2|2||1||900000
3476299|1|1|1|200.68399766|34762991|2||2||1|1|1|2|2|2|2|2|2||1||800000
3476300|1|1|1|136.87689189|34763001|2||2||1|1|2|2|2|2|2|2|2||1||1000000
3476301|1|1|1|148.52003926|34763011|2||2||1|1|1|2|2|2|2|2|2||1||1000000
3476302|1|1|1|271.71147996|34763021|2||2||1|1|2|2|2|2|2|2|1||1||1200000
3476303|1|1|1|127.3163206|34763031|2||2||1|1|2|2|2|2|2|2|2||1||800000
3476304|1|1|1|115.89969274|34763041|2||2||1|1|2|2|2|2|2|2|1||1||1600000
3476305|1|1|1|120.22551307|34763051|2||2||1|1|2|2|2|2|2|2|2||1||700000
3476306|1|1|1|192.05722011|34763061|2||2||1|1|2|2|2|2|2|2|2||1||1300000
3476307|1|1|1|139.57100384|34763071|2||2||1|1|2|2|2|2|2|2|2||1||1000000
3476308|1|1|1|135.95013459|34763081|2||2||1|1|2|2|2|2|2|2|2||1||1500000
3476309|1|1|1|210.93284931|34763091|2||2||1|1|2|2|2|2|2|2|2||1||1000000
3476310|1|1|1|438.0652558|34763101|2||2||1|1|2|2|2|2|2|2|1||1||800000
3476311|1|1|1|443.15400451|34763111|2||2||1|1|2|2|2|2|2|2|2||1||2000000
3476313|1|1|1|200.74054232|34763131|2||2||1|2|2|1|2|2|2|2|1||3||3500000
3476314|1|1|1|634.8554559|34763141|2||2||1|2|2|2|2|2|1|2|1||6||700000
3476315|1|1|1|255.7237017|34763151|2||2||1|1|1|2|2|2|2|2|2||1||1300000
3476316|1|1|1|370.34614728|34763161|2||2||1|1|2|2|2|2|2|2|2||1||1300000
3476317|1|1|1|634.8554559|34763171|2||2||1|1|2|2|2|2|2|2|2||1||500000
3476318|1|1|1|527.77598093|34763181|2||2||1|1|1|2|2|2|2|1|2||1||1300000
3476319|1|1|1|535.59277648|34763191|2||2||1|1|2|2|2|2|2|2|2||1||2000000
3476320|1|1|1|438.85903683|34763201|2||2||1|1|1|2|2|2|2|2|2||1||1300000
3476321|1|1|1|703.36834546|34763211|2||2||1|1|2|2|2|2|1|1|2||1||3000000
3476322|1|1|1|413.63105084|34763221|2||2||1|1|2|2|2|2|2|2|2||1||3000000
3476323|1|1|1|491.80128938|34763231|2||2||1|1|2|2|2|2|2|2|2||1||2000000
3476324|1|1|1|1333.1151859|34763241|2||2||2|1|2|2|2|2|2|2|2||1||3000000
3476325|1|1|1|3529.3727984|34763251|2||2||1|1|2|2|2|2|2|2|2||1||2100000
3476326|1|1|1|2225.1904934|34763261|2||2||1|1|2|2|2|2|2|2|2||1||1300000
3476327|1|1|1|2356.4299624|34763271|2||2||1|1|2|1|2|2|2|2|2||1||2800000
3476328|1|1|1|1795.2161408|34763281|2||2||1|1|2|2|1|2|2|2|2||1||1500000
3476329|1|1|1|2010.0537548|34763291|2||2||1|1|2|2|2|2|2|2|2||1||1300000
3476330|1|1|1|2339.4104132|34763301|2||2||1|1|2|1|2|2|2|2|2||3||2500000
3476331|1|1|1|3307.6376738|34763311|2||2||1|1|2|2|2|2|2|2|2||1||1600000
3476332|1|1|1|3612.5450899|34763321|2||2||1|1|2|2|2|2|2|2|2||1||2500000
3476333|1|1|1|1428.8554062|34763331|2||2||1|1|2|2|2|2|2|2|2||1||4000000
3476334|1|1|1|2944.4751195|34763341|2||2||1|1|2|2|2|2|2|2|2||1||3000000
3476335|1|1|1|1663.1872534|34763351|2||2||1|1|2|2|2|2|2|2|2||1||1800000
3476336|1|1|1|1663.1872534|34763361|2||2||1|1|2|2|2|2|2|2|2||1||1300000
3476337|1|1|1|2140.694688|34763371|2||2||1|1|2|2|2|2|2|2|2||1||98
3476338|1|1|1|1773.231075|34763381|2||2||1|1|2|2|2|2|2|2|2||1||2500000
3476339|1|1|1|1959.4868808|34763391|2||2||2|1|2|1|2|2|2|2|2||1||5500000
3476340|1|1|1|1133.5068652|34763401|2||2||1|1|2|2|2|2|2|2|2||1||5000000
3476341|1|1|1|883.82808632|34763411|2||2||1|1|2|2|2|2|2|2|2||1||1500000
3476342|1|1|1|1719.7126569|34763421|2||2||1|1|2|2|2|2|2|2|2||1||3500000
3476343|1|1|1|2647.7627265|34763431|2||2||1|1|2|2|2|2|2|2|2||1||1300000
3476344|1|1|1|2158.3999157|34763441|2||2||1|1|2|2|2|2|2|2|2||1||600000
3476345|1|1|1|26.59644791|34763451|2||2||1|1|2|2|2|2|2|2|2||1||3000000
3476346|1|1|1|38.351960786|34763461|2||2||1|1|2|2|2|2|2|2|2||1||4000000
3476347|1|1|1|38.951398824|34763471|2||2||1|1|2|1|2|2|2|2|2||1||10000000
3476348|1|1|1|37.866750211|34763481|2||2||1|1|2|1|2|2|2|2|2||1||7900000
3476349|1|1|1|48.908374745|34763491|2||2||1|1|2|1|2|2|2|2|2||1||5900000
3476350|1|1|1|45.805652891|34763501|2||2||1|1|2|2|2|2|2|2|2||1||9700000
3476350|1|2|2|45.805652891|34763502|2||2||1|1|2|2|2|2|2|2|2||1||12000000
3476351|1|1|1|36.547539527|34763511|2||2||1|1|2|2|2|2|2|2|2||1||8000000
3476352|1|1|1|47.415913505|34763521|2||2||1|1|2|2|2|2|2|2|2||1||5600000
3476353|1|1|1|47.415913505|34763531|2||2||1|2|2|2|2|2|2|1|2||7||4000000
3476354|1|1|1|24.057866625|34763541|2||2||1|1|2|2|2|2|2|2|2||1||10000000
3476355|1|1|1|36.374288971|34763551|2||2||1|1|2|2|2|2|2|1|2||1||6000000
3476356|1|1|1|42.533410742|34763561|2||2||1|1|2|2|2|2|2|2|2||1||2600000
3476357|1|1|1|56.899096205|34763571|2||2||1|1|2|2|2|2|2|2|2||1||1300000
3476358|1|1|1|54.108414855|34763581|2||2||1|1|2|2|2|2|2|2|2||1||1400000
3476359|1|1|1|36.282410499|34763591|2||2||1|1|2|2|2|2|2|2|2||1||2600000
3476360|1|1|1|43.956577162|34763601|2||2||1|1|2|2|2|2|2|2|2||1||3600000
3476361|1|1|1|76.567225816|34763611|2||2||1|1|2|2|2|2|2|2|2||1||3800000
3476362|1|1|1|56.174411999|34763621|2||2||1|1|2|2|2|2|2|2|2||1||2600000
3476363|1|1|1|48.230781604|34763631|2||2||1|1|2|2|2|2|2|2|2||1||1300000
3476364|1|1|1|39.073091849|34763641|2||2||1|1|2|2|2|2|2|2|2||1||1300000
3476365|1|1|1|2906.1004113|34763651|2||2||1|1|2|2|2|2|2|2|2||1||5000000
3476366|1|1|1|3155.0887267|34763661|2||2||1|1|2|2|2|2|2|2|2||1||4000000
3476367|1|1|1|3553.9531086|34763671|2||2||1|1|2|1|2|2|2|2|2||1||6000000
3476369|1|1|1|2774.3996188|34763691|2||2||1|1|2|2|2|2|2|2|2||1||99
3476370|1|1|1|2495.7234564|34763701|2||2||1|1|2|2|2|2|2|2|2||1||99
3476371|1|1|1|768.98997479|34763711|2||2||1|1|2|1|2|2|2|2|2||1||3500000
3476372|1|1|1|7837.3742326|34763721|2||2||1|1|2|2|2|2|2|2|2||1||2500000
3476373|1|1|1|1374.3412419|34763731|2||2||1|1|2|2|2|2|2|2|2||1||1000000
3476374|1|1|1|11756.330848|34763741|2||2||1|1|2|2|2|2|2|2|2||1||1300000
3476375|1|1|1|659.69441676|34763751|2||2||1|2|2|1|2|2|2|2|2||3||1600000
3476376|1|1|1|685.83251231|34763761|2||2||1|1|2|1|2|2|2|2|2||3||2500000
3476377|1|1|1|91.043584476|34763771|2||2||1|2|2|1|2|2|2|1|2||3||3000000
3476378|1|1|1|416.84450807|34763781|2||2||1|1|2|2|1|2|2|2|2||1||10000000
3476379|1|1|1|78.924316244|34763791|2||2||1|1|1|2|2|2|2|2|2||1||1800000
3476380|1|1|1|357.08005766|34763801|2||2||1|1|2|2|2|2|2|2|2||1||1300000
3476381|1|1|1|348.24568418|34763811|2||2||1|1|2|2|2|2|2|2|2||1||1800000
3476382|1|1|1|240.62374262|34763821|2||2||1|1|2|2|2|2|2|2|2||1||1500000
3476383|1|1|1|581.73632461|34763831|2||2||1|1|2|2|2|2|2|2|2||1||4000000
3476384|1|1|1|359.65974872|34763841|2||2||1|1|2|2|2|2|2|2|2||1||600000
3476385|1|1|1|132.35513328|34763851|2||2||1|1|2|2|2|2|2|2|2||1||1300000
3476387|1|1|1|203.06478616|34763871|2||2||1|2|2|1|2|2|2|2|2||3||2600000
3476389|1|1|1|425.87551069|34763891|2||2||1|1|2|2|2|2|2|2|2||1||4500000
3476390|1|1|1|847.30120643|34763901|2||2||1|1|2|2|2|2|2|2|2||1||2600000
3476391|1|1|1|206.3347452|34763911|2||2||1|1|2|2|2|2|2|2|2||1||2000000
3476392|1|1|1|216.91338803|34763921|2||2||1|1|2|2|2|2|2|2|2||1||5000000
3476393|1|1|1|149.33720619|34763931|2||2||1|1|2|2|2|2|2|2|2||1||1400000
3476394|1|1|1|440.01013789|34763941|2||2||1|1|2|2|2|2|2|2|2||1||2500000
3476395|1|1|1|38.868684308|34763951|2||2||1|1|2|2|2|2|2|2|2||1||1800000
3476396|1|1|1|52.960364928|34763961|2||2||1|1|2|2|2|2|2|2|2||1||1500000
3476397|1|1|1|855.28183736|34763971|2||2||1|1|2|2|2|2|2|2|2||1||1800000
3476398|1|1|1|1983.6938115|34763981|2||2||1|1|2|2|2|2|2|2|2||1||1300000
3476399|1|1|1|2697.7191241|34763991|2||2||1|1|1|2|2|2|2|2|2||1||1200000
3476401|1|1|1|6409.9744006|34764011|2||2||1|1|2|2|2|2|2|2|2||1||3000000
3476403|1|1|1|1785.3093117|34764031|2||2||1|1|2|2|2|2|2|2|2||1||1500000
3476404|1|1|1|2642.1067087|34764041|2||2||1|1|2|1|2|2|2|2|2||1||5000000
3476406|1|1|1|3835.1608369|34764061|2||2||1|1|2|2|2|2|2|2|2||1||1000000
3476407|1|1|1|3109.8656459|34764071|2||2||1|1|2|2|2|2|2|2|2||1||2600000
3476409|1|1|1|3048.8113362|34764091|2||2||1|1|2|2|2|2|2|2|2||1||1000000
3476411|1|1|1|3048.8113362|34764111|2||2||1|2|2|1|2|2|2|1|2||3||7000000
3476412|1|1|1|5144.2002289|34764121|2||2||1|1|2|1|2|2|2|2|2||1||4000000
3476413|1|1|1|2175.1842319|34764131|2||2||1|1|2|2|2|2|2|2|2||1||5500000
3476418|1|1|1|3688.6743119|34764181|2||2||1|1|2|2|2|2|2|1|2||1||99
3476419|1|1|1|1081.3457615|34764191|2||2||1|1|2|2|2|2|2|2|2||1||98
3476420|1|1|1|795.5786712|34764201|2||2||2|1|2|2|2|2|2|1|2||1||8500000
3476421|1|1|1|1370.4217015|34764211|2||2||1|2|2|1|2|2|2|2|2||3||98
3476422|1|1|1|810.48842008|34764221|2||2||2|1|2|2|2|2|2|2|2||1||6000000
3476423|1|1|1|4372.0164305|34764231|2||2||1|1|2|2|2|2|2|2|2||1||4000000
3476424|1|1|1|3916.4508262|34764241|2||2||1|1|2|2|2|2|2|2|2||1||3000000
3476425|1|1|1|1239.7173883|34764251|2||2||1|1|2|2|2|2|2|2|2||1||98
3476426|1|1|1|1093.0041076|34764261|2||2||1|1|2|1|2|2|2|2|2||1||98
3476427|1|1|1|3807.0228205|34764271|2||2||1|1|2|1|2|2|2|2|2||1||98
3476428|1|1|1|2238.349513|34764281|2||2||1|2|2|1|2|2|2|2|1||3||3000000
3476429|1|1|1|697.90576265|34764291|2||2||1|1|2|2|2|2|2|2|2||1||98
3476430|1|1|1|685.06708488|34764301|2||2||1|2|2|1|2|2|2|2|1||3||2500000
3476431|1|1|1|954.62837061|34764311|2||2||1|1|1|2|2|2|2|2|2||1||1800000
3476432|1|1|1|1812.3134149|34764321|2||2||1|1|2|2|2|2|2|2|2||1||3000000
3476433|1|1|1|760.27312766|34764331|2||2||1|1|2|2|2|2|2|2|2||1||3100000
3476434|1|1|1|1114.2853529|34764341|2||2||1|1|2|2|2|2|2|2|2||1||2000000
3476435|1|1|1|1353.7984912|34764351|2||2||1|1|2|2|2|2|2|2|2||1||2800000
3476436|1|1|1|1164.2639711|34764361|2||2||1|1|2|2|2|2|2|2|2||1||2500000
3476437|1|1|1|349.56349348|34764371|2||2||1|1|2|2|2|2|2|2|2||1||98
3476438|1|1|1|378.13718637|34764381|2||2||1|1|2|2|2|2|2|2|2||1||1500000
3476439|1|1|1|1245.2434319|34764391|2||2||1|1|2|2|2|2|2|2|2||1||1300000
3476440|1|1|1|909.05157504|34764401|2||2||1|1|2|2|2|2|2|2|2||1||1300000
3476441|1|1|1|947.16028001|34764411|2||2||1|1|2|2|2|2|2|2|2||1||98
3476442|1|1|1|655.43155028|34764421|2||2||1|1|2|2|2|2|2|2|2||1||2600000
3476443|1|1|1|655.43155028|34764431|2||2||1|1|1|2|2|2|2|2|2||1||2600000
3476444|1|1|1|3144.3695026|34764441|2||2||1|1|2|2|2|2|2|2|2||1||1300000
3476445|1|1|1|9620.8970939|34764451|2||2||1|1|2|2|2|2|2|2|1||1||300000
3476446|1|1|1|9468.5177821|34764461|2||2||1|1|2|2|2|2|2|2|2||1||1300000
3476447|1|1|1|7545.7577813|34764471|2||2||1|1|2|2|2|2|2|2|2||1||1300000
3476448|1|1|1|9232.197268|34764481|2||2||1|1|2|2|2|2|2|2|2||1||1700000
3476449|1|1|1|4225.4872968|34764491|2||2||1|1|2|2|2|2|2|1|2||1||1500000
3476451|1|1|1|10806.427051|34764511|2||2||1|1|2|2|2|2|2|2|2||1||3900000
3476452|1|1|1|8399.0621922|34764521|2||2||1|1|2|2|2|2|2|2|2||1||1300000
3476453|1|1|1|6476.5072398|34764531|2||2||1|1|2|2|2|2|2|2|2||1||1300000
3476455|1|1|1|584.38843457|34764551|2||2||1|1|2|2|2|2|2|2|2||1||5000000
3476456|1|1|1|594.64516429|34764561|2||2||1|1|2|2|2|2|2|2|2||1||1500000
3476457|1|1|1|713.2436978|34764571|2||2||1|1|2|2|2|2|2|2|2||1||3000000
3476458|1|1|1|641.38255674|34764581|2||2||1|1|2|2|2|2|2|2|2||1||98
3476459|1|1|1|1005.0124479|34764591|2||2||1|1|2|2|2|2|2|2|2||1||1500000
3476460|1|1|1|443.03013388|34764601|2||2||1|1|1|2|2|2|2|2|2||1||2100000
3476461|1|1|1|641.38255674|34764611|2||2||1|2|2|2|2|2|2|2|1||8||98
3476462|1|1|1|512.92705638|34764621|2||2||1|1|2|1|2|2|2|2|2||3||2800000
3476463|1|1|1|641.38255674|34764631|2||2||1|1|2|2|2|2|2|2|2||1||1500000
3476464|1|1|1|529.34126942|34764641|2||2||1|1|2|2|2|2|2|2|2||1||1500000
3476465|1|1|1|657.46627042|34764651|2||2||1|1|2|2|2|2|2|2|2||1||5000000
3476466|1|1|1|564.90046903|34764661|2||2||1|1|2|2|2|2|2|2|2||1||1820000
3476467|1|1|1|823.76724778|34764671|2||2||1|1|2|2|2|2|2|2|2||1||900000
3476468|1|1|1|493.09970282|34764681|2||2||1|1|2|2|2|2|2|2|2||1||3000000
3476469|1|1|1|619.63984042|34764691|2||2||1|1|2|2|2|2|2|2|2||1||7000000
3476470|1|1|1|552.61266043|34764701|2||2||1|1|2|2|2|2|2|2|2||1||7000000
3476471|1|1|1|466.1781935|34764711|2||2||1|1|2|1|2|2|2|2|2||3||99
3476472|1|1|1|621.54859168|34764721|2||2||1|1|2|2|2|2|2|2|2||1||2000000
3476473|1|1|1|529.34126942|34764731|2||2||1|1|2|2|2|2|2|2|2||1||98
3476474|1|1|1|644.55578031|34764741|2||2||1|1|2|2|2|2|2|2|2||1||800000
3476475|1|1|1|755.71856197|34764751|2||2||1|1|2|2|2|2|2|2|2||1||700000
3476476|1|1|1|733.95679865|34764761|2||2||1|1|2|2|2|2|2|2|2||1||1500000
3476477|1|1|1|459.44434692|34764771|2||2||1|1|2|2|2|2|2|2|2||1||1300000
3476478|1|1|1|992.48743126|34764781|2||2||1|1|2|2|2|2|2|2|2||1||1300000
3476479|1|1|1|641.38255674|34764791|2||2||1|2|2|2|2|2|2|1|1||7||700000
3476480|1|1|1|677.24645749|34764801|2||2||1|1|2|2|2|2|2|2|2||1||2600000
3476481|1|1|1|733.95679865|34764811|2||2||1|1|2|2|2|2|2|2|2||1||1000000
3476482|1|1|1|1091.6182285|34764821|2||2||1|1|2|2|1|2|2|2|2||1||1000000
3476483|1|1|1|609.57553006|34764831|2||2||1|1|2|2|2|2|2|2|2||1||2000000
3476484|1|1|1|733.95679865|34764841|2||2||1|1|2|2|2|2|2|2|2||1||1300000
3476485|1|1|1|114.65425408|34764851|2||2||1|1|2|2|2|2|2|2|2||1||2800000
3476486|1|1|1|177.7359168|34764861|2||2||1|1|2|2|2|2|2|2|2||1||2800000
3476487|1|1|1|178.26961681|34764871|2||2||1|1|2|2|2|2|2|2|2||1||5000000
3476488|1|1|1|163.65418792|34764881|2||2||1|1|2|2|2|2|2|2|2||1||2000000
3476489|1|1|1|127.40314619|34764891|2||2||1|1|2|2|2|2|2|2|1||1||1000000
3476490|1|1|1|105.93082078|34764901|2||2||1|1|2|2|2|2|2|1|2||1||1800000
3476491|1|1|1|225.80818129|34764911|2||2||1|2|2|2|2|2|2|2|1||8||1300000
3476492|1|1|1|279.79729798|34764921|2||2||1|1|2|2|2|2|2|2|2||1||4000000
3476493|1|1|1|47.046801284|34764931|2||2||1|1|2|2|1|2|2|2|2||1||3500000
3476494|1|1|1|176.29909686|34764941|2||2||1|1|2|2|1|2|2|2|2||1||2500000
3476495|1|1|1|112.09763909|34764951|2||2||1|2|2|2|2|2|2|2|1||8||99
3476496|1|1|1|152.25888978|34764961|2||2||1|1|2|2|2|2|2|2|1||8||1400000
3476497|1|1|1|112.09763909|34764971|2||2||1|2|2|2|2|2|2|2|1||8||1000000
3476498|1|1|1|124.05410817|34764981|2||2||1|1|2|2|2|2|2|2|2||1||1500000
3476499|1|1|1|386.15952933|34764991|2||2||1|1|2|2|2|2|2|2|2||1||8000000
3476500|1|1|1|426.71208879|34765001|2||2||1|1|2|2|2|2|2|2|2||1||5000000
3476502|1|1|1|449.77511523|34765021|2||2||1|1|2|2|2|2|2|2|2||1||2800000
3476503|1|1|1|322.64109215|34765031|2||2||1|1|2|2|2|2|2|2|2||1||2000000
3476504|1|1|1|248.19386859|34765041|2||2||1|1|2|2|2|2|2|2|1||1||3000000
3476505|1|1|1|399.26835154|34765051|2||2||1|1|2|2|2|2|2|1|2||1||6000000
3476506|1|1|1|376.95438229|34765061|2||2||1|1|2|2|2|2|2|2|2||1||1460000
3476508|1|1|1|120.12479406|34765081|2||2||1|1|2|2|2|2|2|2|2||1||1500000
3476509|1|1|1|119.23444929|34765091|2||2||1|1|2|2|2|2|2|2|2||1||1800000
3476510|1|1|1|128.08119983|34765101|2||2||1|1|2|2|2|2|2|2|2||1||3000000
3476511|1|1|1|222.19394978|34765111|2||2||1|1|2|2|2|2|2|2|2||1||1000000
3476513|1|1|1|195.17545753|34765131|2||2||1|1|1|2|2|2|2|2|2||1||2000000
3476514|1|1|1|220.80453572|34765141|2||2||1|1|2|2|2|2|2|2|2||1||4000000
3476515|1|1|1|274.91804104|34765151|2||2||1|1|2|2|2|2|2|2|2||1||1800000
3476517|1|1|1|78.327985497|34765171|2||2||1|1|2|2|2|2|2|2|2||1||800000
3476518|1|1|1|74.508188561|34765181|2||2||1|1|1|2|2|2|2|2|1||1||1600000
3476519|1|1|1|123.09390615|34765191|2||2||1|1|2|2|2|2|2|2|2||1||1600000
3476522|1|1|1|146.08487761|34765221|2||1|4|1|1|2|2|2|2|2|2|2||1||3500000
3476523|1|1|1|75.251298689|34765231|2||2||1|1|2|2|2|2|2|2|2||1||4000000
3476524|1|1|1|177.89055533|34765241|2||2||1|1|2|2|2|2|2|2|2||1||3000000
3476525|1|1|1|268.98404222|34765251|2||2||1|1|2|2|2|2|1|2|2||1||2800000
3476526|1|1|1|134.31088747|34765261|2||2||1|1|2|2|2|2|2|2|2||1||4000000
3476527|1|1|1|234.48110331|34765271|2||2||1|1|2|2|2|2|2|2|2||1||3000000
3476529|1|1|1|75.251298689|34765291|2||2||1|1|2|2|2|2|2|2|2||1||3500000
3476530|1|1|1|195.17545753|34765301|2||2||1|1|2|2|2|2|2|2|2||1||5000000
3476531|1|1|1|165.60340179|34765311|2||2||1|1|2|2|2|2|2|2|2||1||4000000
3476534|1|1|1|121.12833418|34765341|2||2||1|1|2|2|2|2|2|2|1||1||1500000
3476535|1|1|1|247.58860336|34765351|2||2||1|1|2|2|2|2|2|2|2||1||98
3476536|1|1|1|174.831099|34765361|2||2||1|1|2|2|2|2|2|2|2||1||1400000
3476537|1|1|1|250.7742509|34765371|2||2||1|1|2|2|2|2|2|2|2||1||1000000
3476538|1|1|1|216.91510932|34765381|2||2||1|2|2|1|2|2|2|2|2||3||2000000
3476539|1|1|1|411.40979317|34765391|2||2||1|1|2|2|2|2|2|2|2||1||98
3476540|1|1|1|385.04468232|34765401|2||2||1|1|2|2|2|2|2|2|2||1||1300000
3476541|1|1|1|356.23791814|34765411|2||2||1|1|2|2|2|2|2|2|2||1||2500000
3476542|1|1|1|329.87280729|34765421|2||2||1|1|2|2|2|2|2|2|2||1||1800000
3476543|1|1|1|370.49037172|34765431|2||2||1|1|2|2|2|2|2|2|1||1||1600000
3476544|1|1|1|335.47965266|34765441|2||2||1|1|2|2|2|2|2|2|2||1||1800000
3476545|1|1|1|385.18228956|34765451|2||2||1|1|2|2|2|2|2|2|2||1||1300000
3476546|1|1|1|189.2505029|34765461|2||2||1|2|2|2|2|2|2|2|1||8||98
3476547|1|1|1|559.36333686|34765471|2||2||1|1|2|2|2|2|2|2|2||1||1300000
3476548|1|1|1|167.04696892|34765481|2||2||1|2|2|2|2|2|2|1|1||7||800000
3476549|1|1|1|167.04696892|34765491|2||2||1|2|1|2|2|2|2|1|1||7||800000
3476550|1|1|1|416.724995|34765501|2||2||1|1|2|2|2|2|2|2|2||1||1300000
3476551|1|1|1|217.52771284|34765511|2||2||1|1|2|2|2|2|2|2|2||1||1100000
3476552|1|1|1|247.26397541|34765521|2||2||1|1|2|2|2|2|2|2|2||1||1400000
3476553|1|1|1|484.74597809|34765531|2||2||1|1|2|2|2|2|2|2|2||1||3000000
3476554|1|1|1|720.57626487|34765541|2||2||1|1|2|2|2|2|2|2|2||1||14000000
3476555|1|1|1|491.19854037|34765551|2||2||1|1|1|2|2|2|2|2|2||1||6000000
3476556|1|1|1|259.4963445|34765561|2||2||1|1|2|2|2|2|2|2|2||1||1300000
3476557|1|1|1|361.75912846|34765571|2||1|1|1|1|2|2|2|2|2|2|1||1||1300000
3476558|1|1|1|709.60534745|34765581|2||2||1|1|2|2|2|2|2|2|2||1||500000
3476559|1|1|1|61.615202524|34765591|2||2||1|1|2|2|2|2|2|2|1||1||600000
3476560|1|1|1|75.056441911|34765601|2||2||1|1|2|2|2|2|2|2|2||1||600000
3476561|1|1|1|250.26486006|34765611|2||2||1|1|2|2|2|2|2|2|2||1||800000
3476562|1|1|1|122.79643624|34765621|2||2||1|1|2|2|2|2|2|2|2||1||3500000
3476563|1|1|1|221.14984012|34765631|2||2||1|1|2|2|2|2|2|2|2||1||600000
3476564|1|1|1|202.90891629|34765641|2||2||1|1|2|2|2|2|2|2|2||1||2800000
3476565|1|1|1|381.14839869|34765651|2||2||1|1|2|2|2|2|2|2|2||1||7000000
3476566|1|1|1|122.19798531|34765661|2||2||1|1|2|2|2|2|2|2|2||1||2500000
3476567|1|1|1|194.68272355|34765671|2||2||1|1|2|1|2|2|2|2|2||1||7000000
3476568|1|1|1|236.31792857|34765681|2||2||1|1|2|2|2|2|2|2|2||1||3000000
3476569|1|1|1|420.50635837|34765691|2||2||1|1|2|2|2|2|2|2|2||1||2000000
3476570|1|1|1|233.27234492|34765701|2||2||1|1|2|2|2|2|2|2|2||1||2000000
3476571|1|1|1|232.74244044|34765711|2||2||1|1|2|2|2|2|2|2|2||1||2500000
3476572|1|1|1|333.84639704|34765721|2||2||1|1|2|2|2|2|2|2|2||1||3000000
3476573|1|1|1|188.10986983|34765731|2||2||1|1|2|2|2|2|2|2|2||1||2000000
3476574|1|1|1|232.94263652|34765741|2||2||2|1|2|2|2|2|2|2|2||1||2000000
3476575|1|1|1|263.03007668|34765751|2||2||1|1|2|2|2|2|2|2|2||1||1500000
3476576|1|1|1|427.6659657|34765761|2||2||1|1|2|2|2|2|2|2|2||1||6000000
3476577|1|1|1|135.77553924|34765771|2||2||1|1|2|2|2|2|2|2|2||1||1200000
3476578|1|1|1|441.96894652|34765781|2||2||1|1|2|2|2|2|2|2|2||1||10000000
3476579|1|1|1|188.61038702|34765791|2||2||1|1|1|2|2|2|2|2|2||1||350000
3476580|1|1|1|147.09989758|34765801|2||2||1|1|2|2|2|2|2|2|2||1||2600000
3476581|1|1|1|229.61488457|34765811|2||2||1|1|2|2|2|2|2|2|2||1||2600000
3476582|1|1|1|508.2642885|34765821|2||2||1|1|2|2|2|2|2|2|2||1||1800000
3476583|1|1|1|588.39959033|34765831|2||2||1|1|2|2|2|2|2|2|2||1||2600000
3476584|1|1|1|590.19273762|34765841|2||2||1|1|2|2|2|2|2|2|2||1||1000000
3476585|1|1|1|128.39225849|34765851|2||2||1|1|1|2|2|2|2|2|2||1||3300000
3476586|1|1|1|80.511885088|34765861|2||2||1|1|2|2|2|2|2|1|2||7||1000000
3476587|1|1|1|97.709281815|34765871|2||2||1|1|2|2|2|2|2|2|2||1||3600000
3476588|1|1|1|118.21784544|34765881|2||2||1|1|2|2|2|2|2|2|2||1||4000000
3476589|1|1|1|177.10911547|34765891|2||2||1|1|2|2|2|2|2|2|2||1||1440000
3476590|1|1|1|152.94084893|34765901|2||2||1|1|2|2|2|2|2|2|2||1||1260000
3476591|1|1|1|124.74560896|34765911|2||2||1|1|2|2|2|2|2|2|2||1||4000000
3476592|1|1|1|117.44523071|34765921|2||2||2|1|2|2|2|2|2|2|2||1||1300000
3476593|1|1|1|128.39225849|34765931|2||2||1|1|2|2|2|2|2|2|2||1||4000000
3476594|1|1|1|108.43451058|34765941|2||2||1|1|2|2|2|2|2|2|2||1||1200000
3476595|1|1|1|179.74916188|34765951|2||2||1|1|2|2|2|2|2|2|2||1||98
3476596|1|1|1|63.676944578|34765961|2||2||1|1|2|2|2|2|2|2|2||1||7300000
3476597|1|1|1|128.05756398|34765971|2||2||1|1|2|2|2|2|2|2|2||1||1400000
3476598|1|1|1|140.00835257|34765981|2||2||1|1|2|2|2|2|2|2|2||1||700000
3476599|1|1|1|119.04684385|34765991|2||2||1|1|1|2|2|2|2|2|1||1||1200000
3476600|1|1|1|99.941223889|34766001|2||2||1|1|2|2|2|2|2|2|2||1||1200000
3476601|1|1|1|109.10357689|34766011|1|1|2||1|1|2|2|2|2|2|2|1||1||2800000
3476602|1|1|1|135.69263674|34766021|2||2||1|1|2|2|2|2|2|2|2||1||10000000
3476603|1|1|1|144.63214288|34766031|2||2||1|1|2|2|2|2|2|2|2||1||900000
3476604|1|1|1|128.39225849|34766041|2||2||2|1|2|2|2|2|2|2|2||1||600000
3476605|1|1|1|196.29358653|34766051|2||2||1|1|2|2|2|2|2|2|1||8||550000
3476606|1|1|1|135.35794224|34766061|2||2||1|1|2|2|2|2|2|2|2||1||800000
3476607|1|1|1|118.44899153|34766071|2||2||1|1|2|2|2|2|2|2|2||1||800000
3476615|1|1|1|394.61051116|34766151|2||2||1|1|2|2|2|2|2|2|2||1||1800000
3476616|1|1|1|342.30214992|34766161|2||2||1|1|2|2|2|2|2|2|2||1||2000000
3476617|1|1|1|358.98421171|34766171|2||2||1|1|2|2|2|2|2|2|2||1||1000000
3476618|1|1|1|295.50614337|34766181|2||2||1|1|2|2|2|2|2|2|2||1||98
3476619|1|1|1|409.59623806|34766191|2||2||1|1|2|2|2|2|2|2|2||1||1000000
3476622|1|1|1|407.7514518|34766221|2||2||1|2|2|1|2|2|2|2|2||3||2500000
3476624|1|1|1|151.05775197|34766241|2||2||1|1|2|1|2|2|2|2|2||3||10000000
3476625|1|1|1|168.98586904|34766251|2||2||1|2|2|1|2|2|2|2|2||3||12000000
3476626|1|1|1|168.98586904|34766261|1|1|2||1|1|2|1|2|2|2|2|2||1||98
3476627|1|1|1|210.88797027|34766271|2||2||1|2|2|1|2|2|2|2|1||3||6000000
3476628|1|1|1|248.03447327|34766281|2||2||1|1|2|2|2|2|2|2|2||1||9000000
3476629|1|1|1|141.34173736|34766291|2||2||1|1|2|1|2|2|2|2|2||3||98
3476630|1|1|1|127.04982162|34766301|2||2||1|1|2|2|2|2|2|2|2||1||7000000
3476631|1|1|1|293.10706462|34766311|2||2||1|1|2|2|2|2|2|2|2||1||1300000
3476632|1|1|1|117.69777902|34766321|2||2||1|1|2|2|2|2|2|2|2||1||3900000
3476633|1|1|1|179.42460271|34766331|2||2||1|1|2|2|2|2|2|2|2||1||12000000
3476634|1|1|1|168.98586904|34766341|2||2||1|2|2|1|2|2|2|2|2||3||98
3476637|1|1|1|229.37389331|34766371|2||2||1|1|2|2|2|2|2|2|2||1||2600000
3476638|1|1|1|255.61530049|34766381|2||2||1|1|2|2|2|2|2|2|2||1||5000000
3476641|1|1|1|400.73772182|34766411|2||2||1|1|2|2|2|2|2|2|2||1||5000000
3476642|1|1|1|766.36442442|34766421|2||2||1|1|2|2|2|2|2|2|2||1||2500000
3476643|1|1|1|289.39255378|34766431|2||2||1|2|2|2|1|2|2|2|2||4||1000000
3476644|1|1|1|656.60426517|34766441|2||2||1|1|2|2|2|2|2|2|2||1||2600000
3476645|1|1|1|475.0138208|34766451|2||2||1|2|2|2|2|2|2|2|1||8||300000
3476646|1|1|1|384.1466554|34766461|2||2||1|1|2|2|2|2|2|2|2||1||2500000
3476647|1|1|1|447.72944446|34766471|2||2||1|1|2|2|2|2|2|2|2||1||4500000
3476648|1|1|1|285.94973105|34766481|2||2||1|1|2|2|2|2|2|2|2||1||1500000
3476649|1|1|1|447.72944446|34766491|2||2||1|1|2|2|2|2|2|2|2||1||8000000
3476650|1|1|1|383.23329156|34766501|2||2||1|1|2|2|2|2|2|2|2||1||4000000
3476651|1|1|1|341.14165497|34766511|2||2||1|1|2|2|2|2|2|2|1||1||1000000
3476652|1|1|1|226.56480033|34766521|2||2||1|1|2|2|2|2|2|2|2||1||2500000
3476653|1|1|1|210.65552652|34766531|2||2||1|1|2|2|2|2|2|2|2||1||1600000
3476654|1|1|1|214.11164776|34766541|2||2||1|1|2|1|2|2|2|2|2||3||4500000
3476655|1|1|1|311.36930565|34766551|2||2||1|1|2|2|2|2|2|2|2||1||800000
3476656|1|1|1|386.34598866|34766561|2||2||1|1|2|2|2|2|2|2|2||1||2500000
3476657|1|1|1|624.3862898|34766571|2||2||1|1|2|2|2|2|2|2|2||1||1300000
3476658|1|1|1|253.14557797|34766581|2||2||1|1|2|2|2|2|2|2|2||1||900000
3476659|1|1|1|302.26934614|34766591|2||2||1|1|2|2|2|2|2|2|2||1||1000000
3476660|1|1|1|228.23520272|34766601|1|1|2||1|1|2|1|2|2|2|2|2||3||8000000
3476661|1|1|1|366.04332977|34766611|2||2||1|1|2|2|2|2|2|2|2||1||1500000
3476662|1|1|1|196.45933869|34766621|1|1|2||2|1|2|1|2|2|2|2|2||3||6000000
3476663|1|1|1|223.56681501|34766631|2||2||1|1|2|2|2|2|2|1|2||1||1800000
3476664|1|1|1|427.16672944|34766641|2||2||1|2|2|2|2|2|2|2|1||8||1000000
3476665|1|1|1|427.16672944|34766651|2||2||1|1|2|2|2|2|2|2|2||1||99
3476666|1|1|1|213.97786698|34766661|2||2||1|1|2|2|2|2|2|2|2||1||1300000
3476667|1|1|1|215.37854465|34766671|2||2||1|1|2|2|2|2|2|2|1||1||3000000
3476668|1|1|1|276.64131049|34766681|2||2||1|1|2|2|2|2|2|2|2||1||1300000
3476669|1|1|1|113.85662216|34766691|2||2||2|1|1|2|2|2|2|2|2||1||2200000
3476670|1|1|1|355.74193608|34766701|2||2||1|1|2|2|2|2|2|2|2||1||1300000
3476671|1|1|1|407.69318331|34766711|2||2||1|1|1|2|2|2|2|2|2||1||700000
3476672|1|1|1|291.2092081|34766721|2||2||1|1|1|2|2|2|2|2|2||1||1200000
3476673|1|1|1|307.96328768|34766731|2||2||1|1|2|2|2|2|2|2|2||1||1500000
3476674|1|1|1|213.53040533|34766741|2||2||1|1|2|2|2|2|2|2|2||1||600000
3476675|1|1|1|417.45569624|34766751|2||2||1|1|2|2|2|2|2|2|1||1||1300000
3476676|1|1|1|634.82720234|34766761|2||2||1|1|2|2|2|2|2|2|2||1||1300000
3476677|1|1|1|907.62713753|34766771|2||2||1|1|2|2|2|2|2|2|2||1||2000000
3476678|1|1|1|786.4491633|34766781|2||2||1|1|2|2|2|2|2|2|2||1||1300000
3476679|1|1|1|994.19272387|34766791|2||2||1|1|2|2|2|2|2|2|2||1||2000000
3476680|1|1|1|652.98543697|34766801|2||2||1|1|2|2|2|2|2|2|2||1||1300000
3476680|1|2|2|652.98543697|34766802|2||2||1|1|2|2|2|2|2|2|2||1||1300000
3476681|1|1|1|1310.7565312|34766811|2||2||1|1|2|2|2|2|2|2|2||1||1300000
3476682|1|1|1|766.15091315|34766821|2||2||1|1|2|2|2|2|2|2|2||1||1300000
3476683|1|1|1|1130.755797|34766831|2||2||1|1|2|2|2|2|2|2|2||1||1500000
3476684|1|1|1|670.90569398|34766841|2||2||1|1|2|2|2|2|2|2|2||1||1300000
3476685|1|1|1|342.21368734|34766851|2||2||1|1|2|2|2|2|2|2|2||1||1300000
3476686|1|1|1|570.40145044|34766861|2||2||1|2|2|1|2|2|2|2|2||3||1600000
3476687|1|1|1|535.63899967|34766871|2||2||1|2|2|2|2|2|2|2|1||8||300000
3476688|1|1|1|872.3950356|34766881|2||2||1|1|1|2|2|2|2|2|2||1||1200000
3476689|1|1|1|754.01489443|34766891|2||2||1|1|2|2|2|2|2|2|2||1||1300000
3476690|1|1|1|572.05766912|34766901|2||2||1|1|2|2|2|2|2|2|2||1||700000
3476691|1|1|1|442.71793088|34766911|2||2||1|1|2|2|2|2|2|2|2||1||1200000
3476692|1|1|1|681.24885345|34766921|2||2||1|1|2|2|2|2|2|2|2||1||1200000
3476693|1|1|1|619.77857879|34766931|2||2||1|1|2|2|2|2|2|2|2||1||1800000
3476694|1|1|1|1088.3410347|34766941|2||2||1|1|2|2|2|2|2|2|2||1||1300000
3476695|1|1|1|921.25900002|34766951|2||2||1|1|1|2|2|2|2|2|2||1||1000000
3476696|1|1|1|619.27049328|34766961|2||2||1|1|2|2|2|2|2|2|2||1||800000
3476697|1|1|1|939.08815972|34766971|2||2||1|1|2|2|2|2|2|2|2||1||1000000
3476698|1|1|1|1097.5693831|34766981|2||2||1|1|2|2|2|2|2|2|2||1||800000
3476699|1|1|1|954.8823582|34766991|2||2||1|1|2|2|2|2|2|2|2||1||800000
3476700|1|1|1|908.46698581|34767001|2||2||1|1|2|2|2|2|2|2|2||1||3900000
3476701|1|1|1|793.10688131|34767011|2||2||1|1|2|2|2|2|2|2|2||1||1300000
3476702|1|1|1|1120.2780271|34767021|2||2||1|1|2|2|2|2|2|2|2||1||1300000
3476703|1|1|1|1097.5693831|34767031|2||2||1|1|2|2|2|2|2|2|2||1||1300000
3476704|1|1|1|708.14905331|34767041|2||2||1|1|2|2|2|1|2|2|2||1||6000000
3476716|1|1|1|316.7884177|34767161|2||2||1|2|2|1|2|2|2|2|2||3||99
3476717|1|1|1|616.55953472|34767171|2||2||1|1|2|2|2|2|2|2|2||1||5000000
3476718|1|1|1|449.59598898|34767181|2||2||1|1|2|2|2|2|2|1|2||1||4000000
3476719|1|1|1|582.46878914|34767191|2||2||1|1|2|2|2|2|2|2|2||1||4000000
3476723|1|1|1|506.18776616|34767231|2||2||1|1|2|2|2|2|2|2|2||1||1300000
3476724|1|1|1|376.3629583|34767241|2||2||1|1|2|1|2|2|2|2|2||3||2500000
3476725|1|1|1|463.16082841|34767251|2||2||1|1|2|2|2|2|2|2|2||1||2600000
3476726|1|1|1|568.35117604|34767261|2||2||1|1|2|2|2|2|2|2|2||1||1500000
3476727|1|1|1|270.59553982|34767271|2||2||1|1|2|2|2|2|2|2|2||1||3500000
3476728|1|1|1|377.76866258|34767281|2||2||1|1|2|2|2|2|2|2|2||1||7000000
3476729|1|1|1|582.80961535|34767291|2||2||1|1|2|2|2|2|2|2|2||1||1300000
3476730|1|1|1|593.79387937|34767301|2||2||1|1|2|2|2|2|2|2|2||1||1300000
3476731|1|1|1|792.22695517|34767311|2||1|1|1|1|2|2|2|2|2|2|1||1||1800000
3476732|1|1|1|935.53792616|34767321|2||2||1|1|2|2|2|2|2|1|2||1||8000000
3476733|1|1|1|596.52037546|34767331|2||2||1|2|2|1|2|2|2|2|2||3||4000000
3476734|1|1|1|756.91727097|34767341|2||2||1|2|2|1|2|2|2|2|2||3||1300000
3476735|1|1|1|596.52037546|34767351|2||2||1|2|2|1|2|2|2|2|2||3||1300000
3476736|1|1|1|710.66104611|34767361|2||2||1|1|2|2|2|2|2|2|2||1||3000000
3476738|1|1|1|81.886578132|34767381|2||2||1|2|2|2|2|2|2|2|1||8||500000
3476739|1|1|1|118.89614106|34767391|2||2||1|1|2|2|2|2|2|2|1||1||1300000
3476740|1|1|1|93.32266651|34767401|2||2||1|2|2|1|2|2|2|2|1||3||2000000
3476741|1|1|1|106.78419866|34767411|2||2||1|1|2|2|2|2|2|2|2||1||2000000
3476742|1|1|1|140.12273161|34767421|2||2||1|1|2|2|2|2|2|2|2||1||2500000
3476743|1|1|1|133.24898744|34767431|2||2||1|1|1|2|2|2|2|2|2||1||5000000
3476744|1|1|1|124.13249057|34767441|2||2||1|1|2|2|2|2|2|2|2||1||1500000
3476745|1|1|1|98.872825159|34767451|2||2||1|1|2|2|2|2|2|2|2||1||1300000
3476746|1|1|1|99.83105591|34767461|2||2||1|1|2|2|2|2|2|2|2||1||1500000
3476747|1|1|1|138.71974751|34767471|2||2||1|1|2|2|2|2|2|2|2||1||5000000
3476748|1|1|1|121.6140165|34767481|2||2||1|1|2|2|2|2|2|2|2||1||3500000
3476749|1|1|1|98.428071805|34767491|2||2||1|1|2|2|2|2|2|2|2||1||2000000
3476751|1|1|1|145.83741711|34767511|2||2||1|1|2|2|2|2|2|2|2||1||3000000
3476752|1|1|1|168.30414297|34767521|2||2||1|1|2|1|2|2|2|2|2||3||2800000
3476753|1|1|1|142.29135855|34767531|2||2||1|1|2|2|2|2|2|2|2||1||2000000
3476754|1|1|1|194.7722477|34767541|2||2||1|1|1|2|2|2|2|2|2||1||1200000
3476755|1|1|1|196.42514357|34767551|2||2||1|2|2|2|2|2|2|1|2||7||1000000
3476756|1|1|1|128.96918675|34767561|2||2||1|1|2|2|2|2|2|2|2||1||2000000
3476757|1|1|1|128.96918675|34767571|2||2||1|1|2|2|2|2|2|2|2||1||1300000
3476758|1|1|1|173.60057961|34767581|2||2||1|1|2|2|2|2|2|1|2||1||3000000
3476759|1|1|1|488.18284139|34767591|2||2||1|1|2|1|2|2|2|1|2||3||15000000
3476760|1|1|1|320.54725014|34767601|2||2||1|1|2|2|2|2|2|1|2||1||10000000
3476761|1|1|1|467.93968921|34767611|2||2||1|1|1|2|2|2|2|2|2||1||1500000
3476762|1|1|1|341.46625067|34767621|2||2||1|2|2|1|2|2|2|1|2||3||3000000
3476763|1|1|1|591.83459001|34767631|2||2||1|1|2|2|2|2|2|2|2||1||2500000
3476764|1|1|1|327.68239903|34767641|2||2||1|1|2|2|2|2|2|2|1||8||1600000
3476765|1|1|1|622.10446247|34767651|2||2||1|1|2|1|2|2|2|2|2||3||3200000
3476766|1|1|1|532.79325453|34767661|2||2||1|1|2|2|2|2|2|2|2||1||1300000
3476767|1|1|1|404.36792843|34767671|2||2||1|1|2|2|2|2|2|2|2||1||1600000
3476768|1|1|1|577.44869883|34767681|2||2||1|1|2|2|2|2|2|2|2||1||1200000
3476769|1|1|1|347.6079475|34767691|2||2||1|1|2|1|2|2|2|2|2||1||3200000
3476770|1|1|1|256.0355955|34767701|2||2||1|1|2|1|2|2|2|2|2||3||3800000
3476771|1|1|1|1610.2117631|34767711|2||2||1|1|2|2|2|2|2|2|2||1||3900000
3476772|1|1|1|2748.1220093|34767721|2||2||1|2|2|1|2|2|2|2|2||3||2600000
3476773|1|1|1|1519.3077848|34767731|2||2||1|1|2|2|2|2|2|2|2||1||2000000
3476774|1|1|1|1753.0474439|34767741|2||2||1|1|2|2|2|2|2|2|2||1||2600000
3476775|1|1|1|2096.77532|34767751|2||2||1|1|2|2|1|2|2|2|2||1||1500000
3476776|1|1|1|1711.1760693|34767761|2||2||1|1|2|1|2|2|2|2|2||1||98
3476777|1|1|1|1262.8661528|34767771|2||2||1|1|2|2|2|2|2|2|1||8||850000
3476778|1|1|1|1606.960157|34767781|2||2||1|1|2|2|2|2|2|2|2||1||1300000
3476779|1|1|1|3061.5410929|34767791|2||2||1|1|2|2|2|2|2|2|2||1||1100000
3476780|1|1|1|2164.093498|34767801|2||2||1|1|1|2|2|2|2|2|2||1||500000
3476781|1|1|1|1054.3914012|34767811|2||2||1|1|2|2|2|2|2|2|2||1||4000000
3476782|1|1|1|3423.1547729|34767821|2||2||1|1|2|2|2|2|2|2|2||1||2500000
3476783|1|1|1|4007.0684214|34767831|2||2||1|1|2|2|2|2|2|2|2||1||3000000
3476784|1|1|1|34.990108273|34767841|2||2||1|1|2|2|2|2|2|2|2||1||1300000
3476785|1|1|1|36.79474888|34767851|2||2||1|1|2|2|2|2|2|2|2||1||1300000
3476786|1|1|1|28.226448241|34767861|2||2||1|1|2|2|2|2|2|2|2||1||1500000
3476787|1|1|1|28.226448241|34767871|2||2||1|1|2|2|2|2|2|2|2||1||1500000
3476788|1|1|1|21.197387151|34767881|2||2||1|1|2|2|2|2|2|2|2||1||2100000
3476789|1|1|1|28.803114428|34767891|2||2||1|1|2|2|2|2|2|2|2||1||1300000
3476790|1|1|1|29.691671503|34767901|2||2||1|1|2|2|2|2|2|2|2||1||1300000
3476791|1|1|1|31.984583447|34767911|2||2||1|1|2|1|2|2|2|1|2||1||4600000
3476792|1|1|1|45.227486727|34767921|2||2||1|1|2|2|2|2|2|2|2||1||1300000
3476793|1|1|1|39.335125522|34767931|2||2||1|1|2|2|2|2|2|2|2||1||3100000
3476794|1|1|1|32.481677064|34767941|2||2||1|2|2|1|2|2|2|2|2||3||2000000
3476795|1|1|1|37.282146005|34767951|2||2||1|1|2|2|2|2|2|2|2||1||5000000
3476796|1|1|1|32.481677064|34767961|2||2||1|1|2|2|2|2|2|2|2||1||2600000
3476797|1|1|1|45.227486727|34767971|2||2||1|1|2|2|2|2|2|2|2||1||1300000
3476798|1|1|1|36.547539527|34767981|2||2||1|1|2|1|2|2|2|2|2||1||4300000
3476799|1|1|1|40.192318004|34767991|1|1|2||1|2|2|1|2|2|2|2|2||3||5000000
3476800|1|1|1|32.560909874|34768001|1|1|2||1|1|2|2|2|2|2|2|2||1||5000000
3476801|1|1|1|50.208732583|34768011|1|1|2||1|1|2|2|2|2|2|1|2||1||5000000
3476802|1|1|1|32.560909874|34768021|2||2||1|1|2|2|2|2|2|2|2||1||3000000
3476803|1|1|1|47.415913505|34768031|2||2||1|1|2|2|2|2|2|2|2||1||1300000
3476804|1|1|1|6556.4632047|34768041|2||2||1|1|2|2|2|2|2|2|2||1||1300000
3476810|1|1|1|681.37554137|34768101|2||2||1|1|2|2|2|2|2|2|2||1||700000
3476815|1|1|1|925.31725111|34768151|2||2||1|1|2|2|2|2|2|2|2||1||1300000
3476816|1|1|1|461.73906483|34768161|2||2||1|1|1|2|2|2|2|2|2||1||2000000
3476817|1|1|1|481.03691755|34768171|2||2||1|1|2|2|2|2|2|2|2||1||3500000
3476818|1|1|1|452.85074119|34768181|2||2||1|1|2|2|2|2|2|2|1||1||98
3476819|1|1|1|496.8433427|34768191|2||2||1|1|2|2|2|2|2|2|2||1||98
3476820|1|1|1|417.29998209|34768201|2||2||1|1|2|2|2|2|2|2|2||1||4000000
3476821|1|1|1|749.69592567|34768211|2||2||1|1|2|2|2|2|2|2|2||1||98
3476822|1|1|1|701.90535316|34768221|2||2||1|1|2|2|2|2|2|2|2||1||8000000
3476823|1|1|1|994.90663737|34768231|2||2||1|1|2|2|2|2|2|2|2||1||14000000
3476824|1|1|1|677.24645749|34768241|2||2||1|1|2|2|2|2|2|2|2||1||3000000
3476827|1|1|1|761.34243668|34768271|2||2||1|1|2|2|2|2|2|2|2||1||99
3476828|1|1|1|569.63739755|34768281|2||2||1|1|2|2|2|2|2|2|2||1||2000000
3476840|1|1|1|982.02759228|34768401|2||2||1|1|2|2|2|2|2|2|2||1||800000
3476842|1|1|1|697.15998412|34768421|2||2||1|1|2|2|2|2|2|2|2||1||1600000
3476843|1|1|1|754.74883095|34768431|2||2||1|1|2|2|2|2|2|2|2||1||1300000
3476844|1|1|1|103.4650636|34768441|2||2||1|1|2|2|2|2|2|1|2||1||12000000
3476845|1|1|1|95.557344934|34768451|2||2||1|1|2|2|2|2|2|2|2||1||2600000
3476846|1|1|1|210.45054196|34768461|2||2||1|1|2|2|2|2|2|2|2||1||2600000
3476847|1|1|1|121.46172518|34768471|2||2||1|1|2|2|2|2|2|2|2||1||1300000
3476848|1|1|1|241.32959822|34768481|1|1|2||1|1|2|2|2|2|2|1|2||1||3800000
3476849|1|1|1|175.53322032|34768491|2||2||1|1|2|2|2|2|2|2|2||1||800000
3476850|1|1|1|100.29391048|34768501|2||2||1|1|2|2|2|2|2|2|2||1||1500000
3476851|1|1|1|121.64611673|34768511|2||2||1|1|2|1|2|2|2|2|2||1||3800000
3476852|1|1|1|96.921407317|34768521|2||2||1|1|2|1|2|2|2|2|2||3||3000000
3476853|1|1|1|149.49278558|34768531|2||2||1|1|2|2|2|2|2|2|2||1||3000000
3476857|1|1|1|213.46866639|34768571|2||2||1|1|1|2|2|2|2|1|1||1||1200000
3476859|1|1|1|101.87911962|34768591|2||2||1|1|2|2|2|2|2|2|2||1||1000000
3476860|1|1|1|68.227844145|34768601|2||2||1|1|2|2|2|2|2|2|2||1||1200000
3476863|1|1|1|148.00704891|34768631|2||2||1|1|2|2|1|2|2|2|2||1||1500000
3476865|1|1|1|182.3082751|34768651|2||1|1|1|1|2|2|2|2|2|2|2||1||3500000
3476868|1|1|1|104.55665908|34768681|2||2||1|1|2|2|2|2|2|2|1||1||2500000
3476869|1|1|1|118.87640955|34768691|2||2||1|1|2|2|2|2|2|2|2||1||1400000
3476871|1|1|1|227.31731096|34768711|2||2||1|1|2|2|2|2|2|2|2||1||2500000
3476872|1|1|1|257.53891323|34768721|2||2||1|1|2|2|2|2|2|2|2||1||600000
3476879|1|1|1|228.99043623|34768791|2||2||1|1|2|2|2|2|2|2|2||1||3500000
3476881|1|1|1|250.20931096|34768811|2||2||1|1|2|2|2|2|2|2|2||1||99
3476883|1|1|1|341.10429685|34768831|2||2||1|1|2|2|1|2|2|2|2||1||1800000
3476885|1|1|1|301.66297322|34768851|1|1|2||2|1|2|1|2|2|2|2|2||3||6000000
3476887|1|1|1|180.42583962|34768871|2||2||1|1|1|2|2|2|2|2|2||1||1100000
3476888|1|1|1|285.67536682|34768881|2||2||1|1|2|2|2|2|2|2|2||1||1300000
3476890|1|1|1|237.17772741|34768901|2||2||1|1|2|2|2|2|2|2|2||1||1200000
3476891|1|1|1|279.46549937|34768911|2||2||1|1|2|2|2|2|2|2|2||1||1000000
3476892|1|1|1|197.53318627|34768921|2||2||1|1|2|2|2|2|2|2|2||1||1000000
3476894|1|1|1|285.28595342|34768941|2||2||1|1|2|2|2|2|2|2|2||1||800000
3476895|1|1|1|109.88869828|34768951|2||2||1|1|2|2|2|2|2|2|2||1||2600000
3476896|1|1|1|98.206938058|34768961|2||2||1|1|2|1|2|2|2|2|2||3||1500000
3476897|1|1|1|121.48685426|34768971|2||2||1|1|2|2|2|2|2|2|2||1||2000000
3476898|1|1|1|80.980603621|34768981|2||2||1|1|2|1|2|2|2|1|2||3||5000000
3476899|1|1|1|179.52441535|34768991|2||2||1|1|2|2|2|2|2|2|2||1||2600000
3476900|1|1|1|120.10006444|34769001|2||2||1|1|2|2|2|2|2|2|2||1||1800000
3476905|1|1|1|176.3523088|34769051|2||2||1|1|2|2|2|2|2|2|2||1||4000000
3476923|1|1|1|185.68125326|34769231|2||2||1|1|1|2|2|2|2|2|2||1||1200000
3476924|1|1|1|297.84217091|34769241|2||2||1|2|2|1|2|2|1|2|2||3||98
3476925|1|1|1|399.88061067|34769251|2||2||1|1|2|2|2|2|2|2|2||1||98
3476926|1|1|1|269.56606864|34769261|1|1|2||1|1|2|2|2|2|2|2|2||1||98
3476927|1|1|1|306.45624136|34769271|2||2||1|1|2|2|2|2|2|2|2||1||98
3476929|1|1|1|259.51401317|34769291|2||2||1|2|2|1|2|2|2|2|2||3||98
3476932|1|1|1|335.47882355|34769321|2||2||1|1|2|2|2|2|2|2|2||1||98
3476933|1|1|1|242.03360314|34769331|2||2||1|1|2|2|2|2|2|2|2||1||98
3476934|1|1|1|567.78925355|34769341|2||2||1|1|2|2|2|2|2|2|2||1||2500000
3476946|1|1|1|190.16227151|34769461|2||2||1|1|2|2|2|2|2|2|2||1||1600000
3476947|1|1|1|215.15147141|34769471|2||2||1|1|2|2|2|2|2|2|2||1||3500000
3476950|1|1|1|790.36681358|34769501|2||2||1|1|2|2|2|2|2|2|2||1||800000
3476962|1|1|1|183.32734647|34769621|2||2||1|1|2|2|2|2|2|2|2||1||4000000
3476963|1|1|1|80.92834738|34769631|2||2||1|1|2|2|2|2|2|2|2||1||2500000
3476964|1|1|1|184.55263463|34769641|2||2||1|1|2|2|2|2|2|2|2||1||1500000
3476965|1|1|1|142.29135855|34769651|2||2||1|1|2|2|2|2|2|2|2||1||2000000
3476966|1|1|1|185.38654717|34769661|1|1|2||1|1|2|2|2|2|2|1|2||1||20000000
3476967|1|1|1|184.55263463|34769671|2||2||1|1|2|2|2|2|2|2|2||1||3000000
3476969|1|1|1|1252.9335072|34769691|2||2||1|1|2|2|2|2|2|2|1||8||2000000
3476990|1|1|1|1353.3138428|34769901|2||2||1|1|2|2|2|2|2|2|2||1||1200000
3476993|1|1|1|2001.4955757|34769931|2||2||1|1|2|1|2|2|2|2|2||3||7500000
3476994|1|1|1|2691.2491951|34769941|2||2||1|1|2|2|2|2|2|2|2||1||1300000
3477001|1|1|1|20.83898232|34770011|2||2||1|1|2|2|2|2|2|2|2||1||1800000
3477002|1|1|1|41.726003884|34770021|2||2||1|1|2|2|2|2|2|2|2||1||5000000
3477003|1|1|1|43.039369776|34770031|2||2||1|1|2|1|2|2|2|2|2||3||4000000
3477004|1|1|1|21.17092263|34770041|2||2||1|1|2|1|2|2|2|1|2||1||10000000
3477005|1|1|1|35.369239843|34770051|2||2||1|1|2|2|2|2|2|2|2||1||6500000
3477006|1|1|1|36.957130551|34770061|2||2||1|1|2|2|2|2|2|2|2||1||7200000
3477007|1|1|1|33.322740186|34770071|2||2||1|1|2|2|2|2|2|2|2||1||2000000
3477008|1|1|1|45.522584208|34770081|2||2||1|1|2|2|2|2|2|2|2||1||2800000
3477010|1|1|1|3791.0595405|34770101|2||2||1|1|2|2|2|2|2|2|2||1||1300000
3477011|1|1|1|4473.9826298|34770111|2||2||1|1|2|2|2|2|2|2|2||1||15000000
3477012|1|1|1|2785.1920845|34770121|2||2||1|1|2|2|2|2|2|2|2||1||1300000
3477018|1|1|1|1084.074949|34770181|2||2||1|1|2|1|2|2|2|2|2||3||98
3477019|1|1|1|2875.4037826|34770191|2||2||1|1|2|2|2|2|2|2|2||1||98
3477020|1|1|1|1064.132301|34770201|2||2||2|1|2|1|2|2|2|2|2||3||6000000
3477021|1|1|1|1064.132301|34770211|2||2||1|2|2|1|2|2|2|2|2||3||98
3477024|1|1|1|1372.9298341|34770241|2||2||1|1|2|2|2|2|2|2|2||1||1300000
3477026|1|1|1|1180.0602933|34770261|2||2||1|1|2|2|2|2|2|2|2||1||2500000
3477028|1|1|1|1813.5149719|34770281|2||2||1|1|2|2|2|2|2|2|2||1||2600000
3477029|1|1|1|2574.6692773|34770291|2||2||1|1|2|2|2|2|2|2|2||1||1300000
3477032|1|1|1|615.93187448|34770321|2||2||1|2|2|2|2|2|2|2|1||8||1800000
3477038|1|1|1|2249.9597987|34770381|2||2||1|1|2|2|2|2|2|2|2||1||1300000
3477039|1|1|1|702.47172217|34770391|2||2||1|1|2|2|2|2|2|2|2||1||1500000
3477040|1|1|1|1771.0489167|34770401|2||2||1|1|2|2|2|2|2|2|2||1||1300000
3477041|1|1|1|683.37103294|34770411|2||2||1|2|2|1|2|2|2|1|2||3||3000000
3477042|1|1|1|418.82715325|34770421|2||2||1|2|2|2|1|2|2|2|1||8||1500000
3477043|1|1|1|275.80525511|34770431|2||2||1|1|2|2|2|2|2|2|2||1||2920000
3477044|1|1|1|924.81081932|34770441|2||2||1|1|2|2|1|2|2|2|2||1||4000000
3477045|1|1|1|676.21736573|34770451|2||2||1|1|2|2|2|2|2|2|2||1||1200000
3477046|1|1|1|506.66904884|34770461|2||2||1|1|2|1|2|2|2|2|2||3||2900000
3477047|1|1|1|686.40768045|34770471|2||2||1|1|2|2|2|2|2|2|2||1||2920000
3477048|1|1|1|878.06153175|34770481|2||2||1|1|2|2|2|2|2|2|2||1||1460000
3477049|1|1|1|439.37019715|34770491|2||2||1|1|2|2|2|2|2|2|2||1||1460000
3477050|1|1|1|281.2106734|34770501|2||2||1|1|2|2|2|2|2|2|2||1||2200000
3477051|1|1|1|652.49540579|34770511|1|1|2||1|1|2|2|2|2|2|1|1||7||5000000
3477052|1|1|1|77.565833842|34770521|2||2||2|1|2|2|2|2|2|2|2||1||2000000
3477053|1|1|1|235.95435233|34770531|2||2||1|1|2|2|2|2|2|2|2||1||2000000
3477054|1|1|1|276.64131049|34770541|2||2||1|1|2|2|2|2|2|2|2||1||1300000
3477055|1|1|1|207.37200194|34770551|2||2||1|1|2|2|2|2|2|2|2||1||1000000
3477056|1|1|1|170.59405243|34770561|2||2||1|1|1|2|2|2|2|2|2||1||2800000
3477057|1|1|1|236.8331672|34770571|2||2||1|1|2|2|2|2|2|2|2||1||1800000
3477058|1|1|1|247.29381535|34770581|2||2||1|1|2|2|2|2|2|2|2||1||1000000
3477059|1|1|1|271.10095863|34770591|2||2||1|1|2|2|2|2|2|2|2||1||1000000
3477060|1|1|1|271.10095863|34770601|2||2||1|1|2|2|2|2|2|2|2||1||1300000
3477061|1|1|1|581.85848552|34770611|2||2||1|1|2|2|2|2|2|2|2||1||3000000
3477062|1|1|1|572.69138904|34770621|2||2||1|1|1|2|2|2|2|2|2||1||1500000
3477063|1|1|1|258.47811906|34770631|2||2||1|1|2|2|2|2|2|2|2||1||1600000
3477064|1|1|1|234.88680604|34770641|2||2||1|1|2|2|2|2|2|2|2||1||2000000
3477065|1|1|1|259.38476907|34770651|2||2||1|1|2|2|2|2|2|2|2||1||500000
3477066|1|1|1|1399.1332562|34770661|2||2||1|1|2|2|2|2|2|2|2||1||800000
3477067|1|1|1|607.12820771|34770671|2||2||2|1|2|2|2|2|2|2|2||1||1800000
3477068|1|1|1|378.39931435|34770681|2||2||1|1|1|2|1|2|2|2|2||1||99
3477077|1|1|1|403.08183683|34770771|2||2||1|1|2|2|2|2|2|2|2||1||5500000
3477079|1|1|1|443.15791026|34770791|2||2||1|1|2|1|2|2|2|1|2||3||3500000
3477080|1|1|1|265.36158925|34770801|2||2||1|1|2|2|2|2|2|2|1||1||2600000
3477082|1|1|1|557.14162458|34770821|2||2||1|1|2|1|2|2|2|2|2||3||98
3477091|1|1|1|275.22096214|34770911|2||2||1|1|2|1|2|2|2|2|2||1||1200000
3477095|1|1|1|413.4911266|34770951|2||2||1|1|2|2|2|2|2|1|2||1||5800000
3477099|1|1|1|527.16257237|34770991|2||2||1|1|2|2|2|2|2|2|2||1||1300000
3477100|1|1|1|474.82227556|34771001|2||2||1|1|1|2|1|2|2|2|2||1||1000000
3477101|1|1|1|2391.7466816|34771011|2||2||1|1|2|2|2|2|2|2|2||1||8000000
3477147|1|1|1|3117.5753061|34771471|2||2||1|2|2|2|2|2|2|2|1||8||1000000
3477148|1|1|1|253.15787935|34771481|2||2||1|1|2|2|2|2|2|2|2||1||3000000
3477149|1|1|1|254.78032807|34771491|2||2||1|2|2|1|2|2|2|2|2||3||5000000
3477150|1|1|1|239.23082515|34771501|2||1|1|1|1|2|2|2|2|2|2|2||1||2500000
3477151|1|1|1|545.89043287|34771511|2||2||1|2|2|1|2|2|2|1|2||3||4600000
3477191|1|1|1|309.78421768|34771911|2||2||1|1|2|2|2|2|2|2|2||1||1300000
3477196|1|1|1|384.1466554|34771961|2||2||1|1|2|2|2|2|2|2|2||1||1300000
3477197|1|1|1|475.54079314|34771971|2||2||1|1|2|2|2|2|2|2|2||1||2800000
3477198|1|1|1|283.70653694|34771981|2||2||1|1|2|2|2|2|2|2|2||1||2000000
3477198|1|2|2|283.70653694|34771982|2||2||1|1|2|2|2|2|2|2|2||1||1000000
3477199|1|1|1|240.43996578|34771991|2||2||1|1|2|1|2|2|2|2|2||3||99
3477201|1|1|1|322.00189502|34772011|2||2||1|2|2|1|2|2|2|2|2||3||1300000
3477209|1|1|1|313.91637543|34772091|2||2||1|1|2|2|2|2|2|2|2||1||99
3477217|1|1|1|305.05264952|34772171|2||2||1|1|2|2|2|2|2|2|2||1||1000000
3477234|1|1|1|385.47238687|34772341|2||2||1|1|2|2|2|2|2|2|2||1||800000
3477243|1|1|1|282.7070882|34772431|2||2||1|1|1|2|2|2|2|2|2||1||2380000
3477244|1|1|1|506.87503592|34772441|2||2||1|1|2|2|2|2|2|2|2||1||4500000
3477248|1|1|1|357.49162211|34772481|2||2||1|1|1|2|2|2|2|2|2||1||653000
3477251|1|1|1|472.82280438|34772511|2||2||1|1|2|2|2|2|2|2|2||1||2000000
3477296|1|1|1|225.80620217|34772961|2||2||1|1|1|2|2|2|2|2|2||1||1300000
3477331|1|1|1|120.35809346|34773311|2||2||1|1|2|2|2|2|2|2|2||1||98
3477333|1|1|1|115.47485867|34773331|2||2||1|1|2|2|2|2|2|2|2||1||1800000
3477335|1|1|1|130.85393804|34773351|2||2||1|2|2|2|2|2|2|2|1||8||1200000
3477336|1|1|1|247.49750039|34773361|1|1|2||1|1|2|2|2|2|2|2|1||8||1000000
3477346|1|1|1|91.190865365|34773461|2||2||1|1|2|2|2|2|2|2|2||1||3000000
3477351|1|1|1|124.07654265|34773511|2||2||2|1|2|2|2|2|2|2|2||1||4000000
3477353|1|1|1|47.870942326|34773531|2||2||1|1|2|2|2|2|2|2|2||1||1400000
3477354|1|1|1|102.16057135|34773541|2||2||1|1|2|2|2|2|2|2|2||1||3000000
3477355|1|1|1|83.174147997|34773551|2||2||1|1|2|2|2|2|2|2|2||1||2500000
3477366|1|1|1|559.66180557|34773661|2||2||1|1|2|2|2|2|2|2|2||1||4000000
3477369|1|1|1|633.39343025|34773691|2||2||1|1|2|2|2|2|2|2|2||1||1300000
3477374|1|1|1|249.46500448|34773741|2||2||1|1|2|2|2|2|2|2|2||1||5000000
3477399|1|1|1|152.69191624|34773991|2||2||2|1|2|2|2|2|2|2|2||1||5000000
3477400|1|1|1|319.14492906|34774001|2||2||1|1|2|2|2|2|2|2|2||1||5000000
3477459|1|1|1|6994.0888394|34774591|2||2||1|1|2|2|2|2|2|2|2||1||1600000
3477460|1|1|1|316.84850445|34774601|2||2||1|2|2|1|2|2|2|1|2||3||98
3477461|1|1|1|6994.0888394|34774611|2||2||1|1|2|2|2|2|2|2|2||1||4000000
3477464|1|1|1|1372.9298341|34774641|2||2||1|1|2|2|2|2|2|2|2||1||1300000
3477465|1|1|1|796.69600283|34774651|2||2||1|1|1|2|1|2|2|2|2||1||1200000
3477466|1|1|1|117.55248913|34774661|2||2||1|1|2|1|2|2|2|2|2||1||4000000
3477467|1|1|1|325.4293463|34774671|2||1|1|1|1|2|2|2|2|2|2|2||1||4000000
3477468|1|1|1|158.40479578|34774681|2||2||2|1|2|2|2|2|2|2|2||1||2000000
3477469|1|1|1|116.88333527|34774691|2||2||1|1|2|2|2|2|2|2|2||1||3000000
3477470|1|1|1|88.839720886|34774701|2||2||1|1|2|2|2|2|2|2|2||1||1300000
3477471|1|1|1|343.38950191|34774711|2||2||1|1|2|2|2|2|2|2|2||1||99
3477472|1|1|1|3129.3991225|34774721|2||2||1|2|2|1|2|2|2|2|2||3||2000000
3477473|1|1|1|1507.4929808|34774731|2||2||1|1|2|2|2|2|2|2|1||8||1500000
3477474|1|1|1|1341.5561649|34774741|2||2||1|1|2|1|2|2|2|2|2||3||8400000
3477475|1|1|1|1525.8895819|34774751|2||2||1|2|2|1|2|2|2|2|2||3||1500000
3477476|1|1|1|1341.5561649|34774761|2||2||1|1|2|1|2|2|2|2|2||1||3000000
3477477|1|1|1|2112.4931207|34774771|2||2||1|2|2|2|2|2|2|1|2||7||600000
3477478|1|1|1|2112.4931207|34774781|2||2||1|2|2|2|2|2|2|2|1||8||1400000
3477479|1|1|1|2303.7522894|34774791|2||2||1|1|2|2|2|2|2|2|2||1||1700000
3477480|1|1|1|2396.3207939|34774801|2||2||1|1|2|1|2|2|2|2|2||1||3500000
3477481|1|1|1|2303.7522894|34774811|2||2||1|1|2|2|2|2|2|2|2||1||1500000
3477482|1|1|1|2670.3067682|34774821|2||2||1|2|2|1|2|2|2|2|2||3||3000000
3477483|1|1|1|5772.9168968|34774831|2||2||1|1|2|2|2|2|2|2|2||1||1300000
3477484|1|1|1|2670.3067682|34774841|2||2||1|2|2|1|2|2|2|2|2||3||1800000
3477485|1|1|1|6664.4854994|34774851|2||2||1|1|2|2|2|2|2|2|2||1||2800000
3477486|1|1|1|5660.3210644|34774861|2||2||1|1|2|2|2|2|2|2|2||1||4000000
3477487|1|1|1|5109.0368264|34774871|2||2||1|1|2|2|2|2|2|2|2||1||2800000
3477488|1|1|1|2930.3523791|34774881|2||2||1|1|2|2|2|2|2|2|2||1||1800000
3477490|1|1|1|5847.5748313|34774901|2||2||1|1|2|2|2|2|2|2|2||1||8000000
3477491|1|1|1|3668.890384|34774911|2||2||1|1|2|2|2|2|2|2|1||1||700000
3477493|1|1|1|4282.1086872|34774931|2||2||1|1|2|2|2|2|2|1|2||1||1800000
3477494|1|1|1|4208.7455205|34774941|2||2||1|1|2|1|2|2|2|2|2||1||2800000
3477495|1|1|1|2993.5844081|34774951|2||2||1|1|2|2|2|2|2|2|2||1||1400000
3477496|1|1|1|3654.9127672|34774961|2||2||1|1|2|2|2|2|2|2|2||1||3500000
3477497|1|1|1|3072.8427497|34774971|2||2||1|1|2|2|2|2|2|2|1||1||700000
3477498|1|1|1|1980.7220534|34774981|2||2||1|1|2|1|2|2|2|2|2||3||2000000
3477499|1|1|1|1980.7220534|34774991|2||2||1|1|2|1|2|2|2|2|2||3||2300000
3477500|1|1|1|3514.3841321|34775001|2||2||1|1|2|2|2|2|2|2|2||1||3000000
3477501|1|1|1|2814.5737919|34775011|2||2||1|1|1|2|2|2|2|2|2||1||3000000
3477502|1|1|1|2721.4296805|34775021|2||2||1|1|2|2|2|2|2|2|2||1||4000000
3477504|1|1|1|1741.4430986|34775041|2||2||1|1|2|2|2|2|2|2|2||1||1000000
3477505|1|1|1|7210.8643861|34775051|2||2||1|1|2|2|2|2|2|2|2||1||2800000
3477506|1|1|1|2838.6626309|34775061|2||2||1|2|2|2|2|2|2|2|1||8||500000
3477507|1|1|1|3277.3826951|34775071|2||2||1|1|1|2|2|2|2|2|2||1||6000000
3477508|1|1|1|2050.4141256|34775081|2||2||1|2|2|2|2|2|2|2|1||8||800000
3477509|1|1|1|3983.1894295|34775091|2||2||1|1|1|2|2|2|2|2|2||1||1500000
3477510|1|1|1|3666.0059123|34775101|2||2||1|1|2|1|2|2|2|2|2||3||2800000
3477511|1|1|1|6136.6421008|34775111|2||2||1|1|2|2|1|2|2|2|2||1||1400000
3477512|1|1|1|3865.683792|34775121|2||2||1|1|2|2|2|2|2|2|2||1||1300000
3477513|1|1|1|4432.7754744|34775131|2||2||1|1|2|2|2|2|2|2|2||1||1500000
3477514|1|1|1|3320.4601614|34775141|2||2||1|1|2|2|2|2|2|2|2||1||1200000
3477515|1|1|1|2136.748162|34775151|2||2||1|1|2|1|2|2|2|2|2||1||3500000
3477516|1|1|1|2875.5849527|34775161|2||2||1|1|2|2|2|2|2|1|2||7||3500000
3477517|1|1|1|1609.8673978|34775171|2||2||1|1|2|2|2|2|2|2|1||8||2000000
3477518|1|1|1|1831.0674982|34775181|2||2||1|1|2|1|2|2|2|2|2||3||3000000
3477519|1|1|1|2764.5027473|34775191|2||2||1|1|2|2|2|2|2|2|2||1||3000000
3477520|1|1|1|2534.9917448|34775201|2||2||1|2|2|1|2|2|2|2|1||3||99
3477521|1|1|1|3757.8261896|34775211|2||2||1|1|2|2|2|2|2|2|2||1||3000000
3477522|1|1|1|2534.9917448|34775221|2||2||1|2|2|2|2|2|2|2|1||8||1000000
3477523|1|1|1|3525.4154594|34775231|2||2||1|2|2|2|2|2|2|1|2||7||2500000
3477524|1|1|1|3757.8261896|34775241|2||2||1|1|2|2|2|2|2|2|2||1||3500000
3477525|1|1|1|3273.8285356|34775251|2||2||1|1|2|2|2|2|2|1|2||1||4300000
3477526|1|1|1|2515.810549|34775261|2||2||1|2|2|1|2|2|2|2|2||3||99
3477527|1|1|1|4458.5170293|34775271|2||2||1|1|2|2|2|2|2|2|2||1||2000000
3477528|1|1|1|2374.1646244|34775281|2||2||1|1|2|2|2|2|2|2|2||1||2000000
3477529|1|1|1|3917.1282882|34775291|2||2||1|1|2|2|2|2|2|2|2||1||1500000
3477530|1|1|1|2151.1141835|34775301|2||2||1|1|2|2|2|2|2|2|2||1||3000000
3477531|1|1|1|3134.9902364|34775311|2||2||1|1|2|2|2|2|2|2|2||1||2000000
3477533|1|1|1|3134.9902364|34775331|2||2||1|1|2|2|2|2|2|1|2||1||2800000
3477534|1|1|1|5223.9657239|34775341|2||2||1|1|2|2|2|2|2|2|2||1||1500000
3477536|1|1|1|4535.6760137|34775361|2||2||1|1|2|2|2|2|2|2|2||1||3500000
3477538|1|1|1|2096.5087909|34775381|2||2||1|2|2|1|2|2|2|2|2||3||1400000
3477539|1|1|1|2112.4931207|34775391|2||2||1|1|2|2|2|2|2|2|1||1||260000
3477540|1|1|1|1509.905252|34775401|2||2||1|1|2|1|2|2|2|1|2||3||1800000
3477541|1|1|1|3553.5435418|34775411|2||2||1|1|2|2|2|2|2|2|2||1||800000
3477542|1|1|1|2112.4931207|34775421|2||2||1|2|2|2|2|2|2|2|1||8||500000
3477543|1|1|1|2515.8244991|34775431|2||2||1|1|2|2|2|2|2|2|2||1||1500000
3477544|1|1|1|1525.8895819|34775441|2||2||1|2|2|2|2|2|2|2|1||8||262000
3477545|1|1|1|3389.8161813|34775451|2||2||1|1|2|2|2|2|2|2|2||1||300000
3477546|1|1|1|2096.5087909|34775461|2||2||1|1|2|2|2|2|2|2|2||1||2000000
3477547|1|1|1|3553.5435418|34775471|2||2||1|1|2|2|2|2|2|2|2||1||2000000
3477548|1|1|1|2096.5087909|34775481|2||2||1|1|2|2|2|2|2|2|2||1||800000
3477550|1|1|1|3241.2076807|34775501|2||2||1|1|2|2|2|2|2|2|2||1||2800000
3477552|1|1|1|3586.752189|34775521|2||2||1|2|2|1|2|2|2|2|2||3||1400000
3477553|1|1|1|3653.8762787|34775531|2||2||1|1|2|2|2|2|2|2|2||1||1600000
3477554|1|1|1|2032.6861329|34775541|2||2||1|1|2|2|2|2|2|2|2||1||1620000
3477555|1|1|1|5062.8983105|34775551|2||2||1|1|2|2|2|2|2|2|2||1||3000000
3477557|1|1|1|3200.7869554|34775571|2||2||1|2|2|1|2|2|2|1|2||3||2000000
3477559|1|1|1|5015.4504047|34775591|2||2||1|1|2|2|2|2|2|2|2||1||2800000
3477560|1|1|1|7526.9553897|34775601|2||2||1|1|2|2|2|2|2|2|2||1||2800000
3477561|1|1|1|6157.4356247|34775611|2||2||1|1|2|2|2|2|2|2|2||1||3500000
3477562|1|1|1|8015.5696802|34775621|2||2||1|1|2|2|2|2|2|2|2||1||3000000
3477563|1|1|1|6018.8570414|34775631|2||2||1|1|2|2|2|2|2|2|2||1||4200000
3477564|1|1|1|4938.2295662|34775641|2||2||1|1|2|2|2|2|2|2|2||1||2000000
3477565|1|1|1|4933.8556287|34775651|2||2||1|1|2|1|2|2|2|2|2||1||2200000
3477566|1|1|1|3823.7711744|34775661|2||2||1|2|2|1|2|2|2|2|2||3||1500000
3477567|1|1|1|5644.2320631|34775671|2||2||1|1|2|2|1|2|2|2|2||1||1700000
3477568|1|1|1|5668.289647|34775681|2||2||1|1|2|2|2|2|2|2|2||1||3500000
3477569|1|1|1|1493.3120012|34775691|2||2||1|1|2|2|2|2|2|2|2||1||15000000
3477570|1|1|1|1945.0801995|34775701|2||2||1|1|2|2|2|2|2|2|2||1||2800000
3477571|1|1|1|1172.2266071|34775711|2||2||1|1|2|1|2|2|2|2|2||3||6000000
3477572|1|1|1|1484.5627617|34775721|2||2||1|1|2|1|2|2|2|1|2||7||4000000
3477573|1|1|1|1978.0783822|34775731|2||2||1|1|2|2|2|2|2|2|2||1||99
3477574|1|1|1|1491.9893301|34775741|2||2||1|1|2|2|2|2|2|2|2||1||99
3477575|1|1|1|1623.9948055|34775751|2||2||1|1|2|2|2|2|2|2|2||1||3000000
3477577|1|1|1|1828.9996025|34775771|1|1|2||1|1|2|2|2|2|2|2|2||1||11000000
3477579|1|1|1|3134.4702799|34775791|2||2||1|1|2|2|2|2|2|2|2||1||6000000
3477580|1|1|1|1766.0208665|34775801|2||2||1|1|2|2|2|2|2|2|2||1||3000000
3477581|1|1|1|1133.1241716|34775811|2||2||1|2|2|1|2|2|2|1|2||3||98
3477582|1|1|1|1133.1241716|34775821|2||2||1|2|2|1|2|2|2|2|2||3||5000000
3477585|1|1|1|977.57790899|34775851|2||2||1|1|2|2|2|2|2|2|1||8||2500000
3477586|1|1|1|676.04879032|34775861|2||2||1|1|2|2|2|2|2|2|2||1||98
3477587|1|1|1|1603.5678767|34775871|2||2||1|1|2|2|2|2|2|2|2||1||98
3477588|1|1|1|893.23084405|34775881|2||2||1|1|2|2|2|2|2|2|2||1||2200000
3477589|1|1|1|977.57790899|34775891|2||2||1|2|2|1|2|2|2|2|2||3||2600000
3477590|1|1|1|1124.6742758|34775901|2||2||1|1|2|2|2|2|2|2|2||1||1300000
3477592|1|1|1|1336.8547617|34775921|2||2||1|1|2|2|2|2|2|2|2||1||98
3477593|1|1|1|1066.897342|34775931|2||2||1|1|2|1|2|2|2|2|2||1||2600000
3477594|1|1|1|1169.7261528|34775941|2||2||1|1|2|1|2|2|2|2|2||3||3000000
3477595|1|1|1|1174.3828201|34775951|2||2||1|1|2|2|2|2|2|2|2||1||98
3477596|1|1|1|2671.8535311|34775961|2||2||1|1|2|2|2|2|2|2|2||1||2800000
3477597|1|1|1|761.52622358|34775971|2||2||1|1|2|2|2|2|2|2|2||1||1300000
3477598|1|1|1|1015.7526508|34775981|2||2||1|1|2|2|2|2|2|2|2||1||2500000
3477599|1|1|1|960.35604752|34775991|2||2||1|2|2|1|2|2|2|2|2||3||1300000
3477600|1|1|1|794.33574342|34776001|2||2||1|1|2|1|2|2|2|2|2||3||3000000
3477601|1|1|1|1448.949694|34776011|2||2||1|1|2|2|2|2|2|2|2||1||98
3477602|1|1|1|1121.0174094|34776021|2||2||1|1|2|2|2|2|2|2|2||1||98
3477603|1|1|1|1632.3591822|34776031|2||2||1|1|2|2|2|2|2|2|2||1||1300000
3477604|1|1|1|2127.4383389|34776041|2||2||1|1|2|2|2|2|2|2|2||1||2300000
3477605|1|1|1|1299.6956192|34776051|2||2||1|2|2|2|2|2|2|2|1||8||800000
3477605|1|2|2|1299.6956192|34776052|2||2||1|1|2|2|2|2|2|2|2||1||2100000
3477605|1|3|3|1299.6956192|34776053|2||2||1|1|2|2|2|2|2|2|2||1||1600000
3477606|1|1|1|1315.1389116|34776061|2||2||1|1|2|2|2|2|2|2|2||1||98
3477607|1|1|1|2127.4383389|34776071|2||2||1|1|1|2|2|2|2|2|2||1||2000000
3477608|1|1|1|1549.7905711|34776081|2||2||1|1|2|2|2|2|2|2|2||1||1400000
3477609|1|1|1|531.85958473|34776091|2||2||1|1|1|2|1|2|2|2|1||8||900000
3477610|1|1|1|1044.1131318|34776101|2||2||1|1|2|2|2|2|2|2|2||1||3500000
3477611|1|1|1|1513.9591531|34776111|2||2||1|1|2|2|2|2|2|2|2||1||1600000
3477612|1|1|1|3050.9790644|34776121|2||2||1|1|2|2|2|2|2|2|2||1||1300000
3477613|1|1|1|845.44952169|34776131|2||2||1|1|2|2|2|2|2|1|2||1||900000
3477614|1|1|1|1421.4540525|34776141|2||2||1|1|2|2|2|2|2|2|2||1||2000000
3477615|1|1|1|1490.5177022|34776151|2||2||1|2|2|1|2|2|2|2|2||3||1300000
3477616|1|1|1|2731.3268201|34776161|2||2||1|2|2|2|2|2|2|2|1||8||1500000
3477617|1|1|1|1728.9391511|34776171|2||2||1|1|2|2|2|2|2|2|2||1||900000
3477618|1|1|1|1728.9391511|34776181|2||2||1|1|2|2|2|2|2|2|2||1||1300000
3477619|1|1|1|1537.0166058|34776191|2||2||1|2|1|2|2|2|2|2|1||8||900000
3477620|1|1|1|954.55072302|34776201|2||2||1|2|1|2|2|2|2|2|1||8||800000
3477621|1|1|1|1981.4706484|34776211|2||2||1|1|2|2|2|2|2|2|2||1||1300000
3477622|1|1|1|1317.8943275|34776221|2||2||1|1|2|2|2|2|2|2|2||1||1700000
3477623|1|1|1|1315.1626784|34776231|2||2||1|1|2|2|2|2|2|2|2||1||2500000
3477624|1|1|1|2316.9216297|34776241|2||2||1|1|2|2|2|2|2|2|2||1||3000000
3477625|1|1|1|985.63403481|34776251|2||2||1|1|2|2|2|2|2|2|2||1||2600000
3477626|1|1|1|2056.3276434|34776261|2||2||1|1|2|2|2|2|2|2|2||1||1300000
3477627|1|1|1|745.98487208|34776271|2||2||1|1|2|2|2|2|2|2|2||1||98
3477628|1|1|1|1113.3431641|34776281|2||2||1|1|2|2|2|2|2|2|2||1||1900000
3477629|1|1|1|1109.6109186|34776291|2||2||1|1|2|1|2|2|2|2|2||1||2600000
3477630|1|1|1|1189.4934923|34776301|2||2||1|1|2|2|2|2|2|2|2||1||1000000
3477631|1|1|1|610.35125898|34776311|2||2||1|1|2|2|2|2|2|2|1||1||1000000
3477632|1|1|1|882.57817489|34776321|2||2||1|2|2|2|2|2|2|2|1||8||98
3477633|1|1|1|1641.0691362|34776331|2||2||1|1|2|2|2|2|2|2|2||1||99
3477634|1|1|1|1364.1490253|34776341|2||2||1|1|2|2|2|2|2|2|2||1||98
3477635|1|1|1|1027.2385014|34776351|2||2||1|2|2|1|2|2|2|2|2||3||98
3477636|1|1|1|1867.2776448|34776361|2||2||1|2|2|1|2|2|2|2|2||3||1400000
3477637|1|1|1|998.02237444|34776371|2||2||1|2|2|1|2|2|2|2|2||3||1500000
3477638|1|1|1|690.18726053|34776381|2||2||1|1|2|2|2|2|2|2|2||1||2600000
3477639|1|1|1|1321.0972839|34776391|2||2||1|1|2|2|2|2|2|2|2||1||200000
3477640|1|1|1|690.18726053|34776401|2||2||1|1|1|2|2|2|2|2|2||1||2000000
3477641|1|1|1|1258.9722019|34776411|2||2||1|1|2|2|2|2|2|2|2||1||260000
3477642|1|1|1|1336.6893684|34776421|2||2||1|1|2|2|2|2|2|2|2||1||2300000
3477643|1|1|1|690.18726053|34776431|2||2||1|2|2|1|2|2|2|2|2||3||2500000
3477644|1|1|1|1633.5066926|34776441|2||2||1|2|2|2|2|2|2|1|1||7||2000000
3477645|1|1|1|1008.7129926|34776451|2||2||1|1|2|2|2|2|2|2|2||1||98
3477646|1|1|1|970.57583512|34776461|2||2||1|1|2|2|2|2|2|2|2||1||1400000
3477647|1|1|1|1282.3753031|34776471|2||2||1|1|2|2|2|2|2|2|2||1||1400000
3477648|1|1|1|1764.4946712|34776481|2||2||1|2|2|1|2|2|2|2|2||3||3000000
3477649|1|1|1|1817.8754007|34776491|2||2||1|1|2|2|2|2|2|2|2||1||1200000
3477651|1|1|1|1633.5066926|34776511|2||2||1|2|2|2|2|2|2|2|1||8||98
3477652|1|1|1|3677.2499804|34776521|2||2||1|1|2|2|2|2|2|2|2||1||1300000
3477653|1|1|1|3101.832228|34776531|2||2||1|1|2|2|2|2|2|2|2||1||3000000
3477654|1|1|1|668.61890864|34776541|2||2||1|1|2|2|2|2|2|2|2||1||1600000
3477655|1|1|1|668.61890864|34776551|2||2||1|1|2|2|2|2|2|2|2||1||1800000
3477656|1|1|1|1329.4708875|34776561|2||2||1|1|2|2|2|2|2|2|2||1||1600000
3477657|1|1|1|1622.7178069|34776571|2||2||1|1|2|2|2|2|2|2|2||1||2600000
3477658|1|1|1|966.83417524|34776581|2||2||1|2|2|1|2|2|2|2|2||3||2000000
3477659|1|1|1|1993.4860916|34776591|2||2||1|1|2|2|2|2|2|2|2||1||1600000
3477660|1|1|1|1035.670721|34776601|2||2||1|1|2|2|2|2|2|2|2||1||2600000
3477661|1|1|1|1429.832715|34776611|2||2||1|1|2|2|2|2|2|2|2||1||98
3477662|1|1|1|1543.9833895|34776621|2||2||1|1|2|2|2|2|2|2|2||1||2300000
3477663|1|1|1|2554.8811432|34776631|2||2||1|1|2|2|2|2|2|2|2||1||98
3477664|1|1|1|1518.0972113|34776641|2||2||1|1|1|2|1|2|2|2|2||1||2680000
3477665|1|1|1|1106.2270641|34776651|2||2||1|1|2|2|2|2|2|2|2||1||2500000
3477666|1|1|1|2032.4294004|34776661|2||2||1|1|2|2|2|2|2|2|2||1||1600000
3477667|1|1|1|1909.1635932|34776671|2||2||1|1|2|2|2|2|2|2|2||1||3500000
3477668|1|1|1|1909.1635932|34776681|2||2||1|1|2|2|2|2|2|2|2||1||1300000
3477669|1|1|1|694.18171313|34776691|2||2||1|1|2|2|2|2|2|2|2||1||1400000
3477670|1|1|1|1197.9647692|34776701|2||2||1|1|2|2|2|2|2|2|2||1||2000000
3477671|1|1|1|614.69802891|34776711|2||2||1|1|2|2|2|2|2|2|2||1||1300000
3477672|1|1|1|812.17102531|34776721|2||2||1|1|2|2|2|2|2|2|2||1||1500000
3477673|1|1|1|9521.4153129|34776731|2||2||1|1|2|1|2|2|2|2|2||1||3200000
3477675|1|1|1|8387.0686703|34776751|2||2||1|1|2|2|2|2|2|2|2||1||2000000
3477676|1|1|1|8700.9874237|34776761|2||2||1|1|2|2|2|2|2|2|2||1||1200000
3477677|1|1|1|19402.256446|34776771|2||2||1|1|2|2|2|2|2|2|2||1||1400000
3477678|1|1|1|9404.6976411|34776781|2||2||1|1|2|2|2|2|2|2|2||1||1300000
3477679|1|1|1|4882.0108416|34776791|2||2||1|1|2|2|2|2|2|2|2||1||900000
3477680|1|1|1|2831.2320599|34776801|2||2||1|1|2|2|2|2|2|2|2||1||1300000
3477681|1|1|1|8340.5048328|34776811|2||2||1|1|2|2|2|2|2|2|2||1||4000000
3477682|1|1|1|7792.5734275|34776821|2||2||1|1|2|2|2|2|2|2|2||1||1300000
3477683|1|1|1|6141.4307939|34776831|2||2||1|1|2|2|2|2|2|2|2||1||1400000
3477684|1|1|1|2757.3682858|34776841|2||2||1|1|2|2|2|2|2|2|2||1||1400000
3477685|1|1|1|9350.0620527|34776851|2||2||1|1|2|2|2|2|2|2|2||1||1700000
3477686|1|1|1|3439.4598414|34776861|2||2||1|1|2|2|2|2|2|2|2||1||700000
3477687|1|1|1|4730.6405621|34776871|2||2||1|2|1|2|2|2|2|2|2||2||780000
3477688|1|1|1|10267.436817|34776881|2||2||1|1|2|2|2|2|2|2|2||1||1300000
3477689|1|1|1|8535.1557074|34776891|2||2||1|1|2|2|2|2|2|2|2||1||2800000
3477690|1|1|1|4436.135495|34776901|2||2||1|1|2|2|2|2|2|2|2||1||4000000
3477691|1|1|1|2566.8592042|34776911|2||2||1|1|2|2|2|2|2|2|2||1||4200000
3477692|1|1|1|2566.8592042|34776921|2||2||1|1|2|2|2|2|2|2|2||1||2000000
3477693|1|1|1|2566.8592042|34776931|2||2||1|1|2|2|2|2|2|2|2||1||1300000
3477694|1|1|1|5144.6932754|34776941|2||2||1|2|2|1|2|2|2|2|2||3||1300000
3477695|1|1|1|8779.1481825|34776951|2||2||1|1|2|1|2|2|2|2|2||3||1400000
3477696|1|1|1|7679.0779957|34776961|2||2||1|1|2|2|2|2|2|2|2||1||1300000
3477697|1|1|1|4166.689854|34776971|2||2||1|1|2|1|2|2|2|2|2||1||2500000
3477698|1|1|1|7201.0185553|34776981|2||2||1|1|2|2|2|2|2|2|2||1||5000000
3477699|1|1|1|4166.689854|34776991|2||2||1|1|2|2|2|2|2|2|2||1||4000000
3477700|1|1|1|5553.4929377|34777001|2||2||1|1|2|2|2|2|2|2|2||1||1400000
3477701|1|1|1|9909.5431431|34777011|2||2||1|1|2|2|2|2|2|2|2||1||2000000
3477702|1|1|1|11032.573084|34777021|2||2||1|1|2|2|2|2|2|2|2||1||1300000
3477703|1|1|1|5652.8338859|34777031|2||2||1|1|2|2|2|2|2|2|2||1||4000000
3477704|1|1|1|6097.6031142|34777041|2||2||1|2|2|1|2|2|2|2|2||3||1400000
3477705|1|1|1|8551.6865549|34777051|2||2||1|1|2|2|2|2|2|2|2||1||1400000
3477706|1|1|1|6459.1528934|34777061|2||2||1|1|2|2|2|2|2|2|2||1||1400000
3477707|1|1|1|3067.2439598|34777071|2||2||1|1|2|2|2|2|2|2|2||1||1300000
3477708|1|1|1|6227.5816844|34777081|2||2||1|1|2|2|2|2|2|2|2||1||2500000
3477709|1|1|1|9019.0285691|34777091|2||2||1|1|2|2|2|2|2|2|2||1||2800000
3477710|1|1|1|8488.4027098|34777101|2||2||1|1|2|2|2|2|2|2|2||1||2400000
3477711|1|1|1|7119.7170359|34777111|2||2||1|2|2|2|2|2|2|2|1||8||1400000
3477712|1|1|1|5364.6818621|34777121|2||2||1|1|2|2|2|2|2|2|2||1||1000000
3477713|1|1|1|2940.5665522|34777131|2||2||1|1|2|2|2|2|2|2|2||1||1300000
3477714|1|1|1|2863.8503598|34777141|2||2||1|1|2|2|2|2|2|2|2||1||1200000
3477715|1|1|1|5693.2618016|34777151|2||2||1|1|2|2|2|2|2|2|2||1||99
3477716|1|1|1|2863.8503598|34777161|2||2||1|1|2|2|1|2|2|2|2||1||1400000
3477717|1|1|1|4949.405956|34777171|2||2||1|1|2|2|2|2|2|2|2||1||1000000
3477718|1|1|1|4703.6465075|34777181|2||2||1|2|2|1|2|2|2|2|2||3||1400000
3477720|1|1|1|6113.9758929|34777201|2||2||1|1|2|2|2|2|2|2|2||1||1300000
3477721|1|1|1|10267.436817|34777211|2||2||1|1|2|2|2|2|2|2|2||1||2000000
3477722|1|1|1|5408.330859|34777221|2||2||1|1|2|2|2|2|2|2|2||1||1400000
3477723|1|1|1|4952.9858545|34777231|2||2||1|1|2|1|2|2|2|2|2||1||2800000
3477724|1|1|1|2566.8592042|34777241|2||2||1|1|1|2|2|2|2|2|2||1||2600000
3477725|1|1|1|4730.6405621|34777251|2||2||1|1|2|2|2|2|2|2|2||1||2200000
3477726|1|1|1|5809.9925142|34777261|2||2||1|1|2|2|2|2|2|2|2||1||2000000
3477727|1|1|1|5971.8518409|34777271|2||2||1|2|2|1|2|2|2|2|1||3||1435000
3477728|1|1|1|5581.4268269|34777281|2||2||1|1|2|2|2|2|2|2|2||1||4000000
3477729|1|1|1|8735.8800425|34777291|2||2||1|1|2|2|2|2|2|2|2||1||2500000
3477730|1|1|1|5394.7272075|34777301|2||2||1|1|2|2|2|2|2|2|2||1||2800000
3477731|1|1|1|6719.2891153|34777311|2||2||1|1|2|1|2|2|2|1|2||1||4000000
3477733|1|1|1|8232.4233219|34777331|2||2||1|1|2|2|2|2|2|2|2||1||1435000
3477734|1|1|1|8367.6487488|34777341|2||2||1|1|2|2|2|2|2|2|2||1||2000000
3477735|1|1|1|4411.7892572|34777351|1|1|2||1|1|2|1|2|2|2|2|2||1||8000000
3477736|1|1|1|13446.288217|34777361|2||2||1|1|2|1|2|2|2|2|2||3||6000000
3477737|1|1|1|11775.327436|34777371|2||2||1|1|2|2|2|2|2|2|2||1||1400000
3477738|1|1|1|9295.5686638|34777381|1|1|2||1|2|2|1|2|2|2|2|2||3||4000000
3477739|1|1|1|8096.5980315|34777391|2||2||1|1|2|1|2|2|2|2|2||1||1800000
3477740|1|1|1|5503.1357463|34777401|2||2||1|1|2|2|2|2|2|2|2||1||20000000
3477741|1|1|1|10345.655937|34777411|2||2||1|2|2|1|2|2|2|2|2||3||2600000
3477742|1|1|1|9180.8757392|34777421|1|1|2||1|1|2|1|2|2|2|2|2||1||8000000
3477743|1|1|1|3751.1170189|34777431|2||2||1|1|2|2|2|2|2|2|2||1||10000000
3477744|1|1|1|5197.1816992|34777441|2||2||1|1|2|2|2|2|2|2|2||1||6000000
3477745|1|1|1|6730.2130062|34777451|2||2||1|1|2|2|2|2|2|2|2||1||11000000
3477746|1|1|1|5669.4100179|34777461|2||2||1|1|2|2|2|2|2|2|2||1||5000000
3477747|1|1|1|5444.8140152|34777471|2||2||1|1|2|2|2|2|2|2|2||1||12000000
3477748|1|1|1|5542.2109136|34777481|2||2||1|1|2|2|2|2|2|2|2||1||3000000
3477749|1|1|1|3087.7763526|34777491|2||2||1|1|2|2|2|2|2|2|2||1||6000000
3477750|1|1|1|5197.1816992|34777501|2||2||1|1|2|2|2|2|2|2|2||1||7000000
3477751|1|1|1|6092.7574334|34777511|2||2||1|1|2|1|2|2|2|2|2||1||6000000
3477752|1|1|1|9583.242685|34777521|2||2||1|1|2|1|2|2|2|2|2||3||1300000
3477753|1|1|1|9710.2241373|34777531|2||2||1|1|2|2|2|2|2|2|2||1||4000000
3477754|1|1|1|10291.522449|34777541|2||2||1|1|2|1|2|2|2|2|2||1||3000000
3477755|1|1|1|8283.3330972|34777551|2||2||1|1|2|2|2|2|2|2|2||1||2500000
3477756|1|1|1|2814.0626225|34777561|2||2||1|1|2|2|2|2|2|2|2||1||1500000
3477757|1|1|1|6374.1042266|34777571|2||2||1|1|2|2|2|2|2|2|2||1||1200000
3477758|1|1|1|8873.2166629|34777581|2||2||1|1|2|2|2|2|2|2|2||1||4000000
3477759|1|1|1|6730.7012692|34777591|2||2||1|1|2|2|2|2|2|2|2||1||5000000
3477760|1|1|1|5948.3623922|34777601|2||2||1|1|2|2|2|2|2|2|2||1||3000000
3477761|1|1|1|5935.4277275|34777611|2||2||1|1|2|2|2|2|2|2|2||1||3000000
3477762|1|1|1|5666.9790468|34777621|2||2||1|1|2|2|2|2|2|2|2||1||6000000
3477763|1|1|1|5935.4277275|34777631|2||2||1|1|2|2|2|2|2|2|2||1||1500000
3477764|1|1|1|743.63578074|34777641|2||2||1|1|2|1|2|2|2|2|2||3||3200000
3477765|1|1|1|867.88758672|34777651|2||2||1|1|2|2|2|2|2|2|2||1||3200000
3477766|1|1|1|692.78452579|34777661|2||2||1|1|2|2|1|2|2|2|2||1||1500000
3477767|1|1|1|702.97050386|34777671|2||2||1|1|2|2|2|2|2|2|2||1||1600000
3477768|1|1|1|1076.1707414|34777681|2||2||1|1|2|2|2|2|2|2|2||1||3200000
3477769|1|1|1|393.7921957|34777691|2||2||1|2|2|2|2|2|2|1|1||7||1600000
3477770|1|1|1|898.30949981|34777701|2||2||1|1|2|2|2|2|2|2|2||1||1500000
3477771|1|1|1|828.46386657|34777711|2||2||1|1|2|1|2|2|2|2|2||3||3200000
3477772|1|1|1|429.57473146|34777721|2||2||1|1|2|2|2|2|2|2|2||1||3200000
3477773|1|1|1|1244.7858837|34777731|2||2||1|1|1|2|2|2|2|2|2||1||700000
3477774|1|1|1|640.65084709|34777741|2||2||1|1|2|2|2|2|2|2|2||1||700000
3477775|1|1|1|483.65719823|34777751|2||2||1|1|2|2|2|2|2|2|2||1||98
3477776|1|1|1|498.44562329|34777761|2||2||1|1|2|2|2|2|2|2|2||1||800000
3477777|1|1|1|824.07450556|34777771|2||2||1|1|2|2|2|2|2|2|2||1||600000
3477778|1|1|1|814.24777642|34777781|2||2||1|1|2|2|2|2|2|2|2||1||1400000
3477779|1|1|1|875.44180394|34777791|2||2||1|1|2|2|2|2|2|2|2||1||1300000
3477780|1|1|1|1034.1226272|34777801|2||2||1|2|1|2|2|2|2|2|1||8||600000
3477781|1|1|1|866.96162502|34777811|2||2||1|1|2|2|2|2|2|2|2||1||1400000
3477782|1|1|1|511.19334344|34777821|2||2||1|1|2|2|2|2|2|2|2||1||800000
3477783|1|1|1|469.8106212|34777831|2||2||1|1|2|2|2|2|2|2|2||1||1600000
3477784|1|1|1|396.97734469|34777841|2||2||1|1|2|2|2|2|2|2|2||1||98
3477785|1|1|1|303.97994054|34777851|2||2||1|1|2|2|2|2|2|2|2||1||1800000
3477786|1|1|1|565.66448176|34777861|2||2||1|1|2|2|2|2|2|2|2||1||600000
3477787|1|1|1|892.65690887|34777871|2||2||1|1|2|2|2|2|2|2|2||1||800000
3477788|1|1|1|669.94831255|34777881|2||2||1|1|2|2|2|2|2|2|2||1||1600000
3477789|1|1|1|912.84298136|34777891|2||2||1|1|2|2|2|2|2|2|2||1||1200000
3477790|1|1|1|669.94831255|34777901|2||2||1|1|2|2|2|2|2|2|2||1||1500000
3477791|1|1|1|639.41043536|34777911|2||2||1|1|2|2|2|2|2|2|2||1||900000
3477792|1|1|1|846.77706512|34777921|2||2||1|2|2|1|2|2|2|2|2||3||1500000
3477793|1|1|1|758.31235188|34777931|2||2||1|1|2|2|2|2|2|2|2||1||1600000
3477794|1|1|1|446.40410849|34777941|2||2||1|1|2|2|2|2|2|2|2||1||1600000
3477795|1|1|1|600.19381096|34777951|2||2||1|1|2|2|2|2|2|2|2||1||1600000
3477796|1|1|1|689.93168149|34777961|2||2||1|1|2|2|2|2|2|2|2||1||2500000
3477797|1|1|1|1231.5625484|34777971|2||2||1|1|1|2|2|2|2|2|2||1||1200000
3477798|1|1|1|938.99434563|34777981|2||2||1|1|2|2|2|2|2|2|2||1||1600000
3477799|1|1|1|1171.4685606|34777991|2||2||1|1|1|2|2|2|2|2|2||1||3000000
3477800|1|1|1|796.80180092|34778001|2||2||1|1|2|2|2|2|2|2|2||1||800000
3477801|1|1|1|938.99434563|34778011|2||2||1|1|2|2|2|2|2|2|2||1||1000000
3477802|1|1|1|903.84759852|34778021|2||2||1|1|2|2|2|2|2|2|2||1||1600000
3477803|1|1|1|582.97372297|34778031|2||2||1|1|2|2|2|2|2|2|2||1||1600000
3477804|1|1|1|604.78896883|34778041|2||2||1|1|1|2|2|2|2|2|2||1||1500000
3477805|1|1|1|344.3084882|34778051|2||2||1|1|2|2|2|2|2|2|2||1||2500000
3477806|1|1|1|800.29050604|34778061|2||2||1|2|2|2|2|2|2|2|1||8||98
3477807|1|1|1|691.19011053|34778071|2||2||1|1|2|2|2|2|2|2|2||1||2000000
3477808|1|1|1|669.12838166|34778081|2||2||1|1|2|2|2|2|2|2|2||1||2800000
3477809|1|1|1|464.66543435|34778091|2||2||1|1|2|2|2|2|2|2|2||1||2000000
3477810|1|1|1|344.3084882|34778101|2||2||1|1|2|1|2|2|2|2|2||3||98
3477811|1|1|1|591.42962678|34778111|2||2||1|1|2|2|2|2|2|2|1||1||1500000
3477812|1|1|1|1052.1409376|34778121|2||2||1|1|2|2|2|2|2|2|2||1||2000000
3477813|1|1|1|477.97404866|34778131|2||2||1|1|2|2|2|2|2|2|2||1||2000000
3477814|1|1|1|440.51233049|34778141|2||2||1|1|2|1|2|2|2|2|2||3||99
3477815|1|1|1|651.06216468|34778151|2||2||1|1|2|2|2|2|2|2|2||1||1300000
3477816|1|1|1|884.31675906|34778161|2||2||1|1|2|2|2|2|2|2|2||1||4000000
3477817|1|1|1|1052.1409376|34778171|2||2||1|1|2|2|2|2|2|2|2||1||2000000
3477818|1|1|1|897.54827241|34778181|2||2||1|1|2|2|2|2|2|2|2||1||3200000
3477819|1|1|1|1034.819419|34778191|2||2||1|1|2|1|2|2|2|2|2||3||3000000
3477820|1|1|1|937.66363677|34778201|2||2||1|1|2|2|2|2|2|1|2||1||2500000
3477821|1|1|1|787.71462778|34778211|2||2||1|1|2|2|2|2|2|2|2||1||98
3477822|1|1|1|755.66687815|34778221|2||2||1|1|2|2|2|2|2|2|2||1||99
3477823|1|1|1|555.23073415|34778231|2||2||1|1|2|2|2|2|2|2|2||1||1400000
3477824|1|1|1|641.23573503|34778241|2||2||1|2|2|2|2|2|2|1|1||8||900000
3477825|1|1|1|668.51256936|34778251|2||2||1|1|2|2|2|2|2|2|2||1||1600000
3477826|1|1|1|431.98620685|34778261|2||2||1|1|2|2|2|2|2|2|2||1||98
3477827|1|1|1|791.75709666|34778271|2||2||1|1|2|2|2|2|2|2|2||1||2800000
3477828|1|1|1|955.69462465|34778281|2||2||1|1|2|2|2|2|2|2|2||1||1000000
3477829|1|1|1|641.23573503|34778291|2||2||1|1|2|2|2|2|2|2|1||8||1000000
3477830|1|1|1|755.25848065|34778301|2||2||1|1|1|2|2|2|2|2|2||1||99
3477831|1|1|1|642.39965194|34778311|2||2||1|1|2|2|2|2|2|2|2||1||1600000
3477833|1|1|1|450.91853107|34778331|2||2||1|1|2|2|2|2|2|2|2||1||98
3477834|1|1|1|547.94215423|34778341|2||2||1|2|1|2|2|2|2|2|1||8||600000
3477835|1|1|1|841.42986987|34778351|2||2||1|1|2|2|2|2|2|2|2||1||1600000
3477836|1|1|1|889.65032019|34778361|2||2||1|1|2|2|2|2|2|2|2||1||2400000
3477837|1|1|1|830.53664009|34778371|2||2||1|1|2|2|2|2|2|2|2||1||1500000
3477838|1|1|1|550.40509233|34778381|2||2||1|1|2|2|2|2|2|2|2||1||1200000
3477839|1|1|1|683.94355229|34778391|2||2||1|1|2|2|2|2|2|2|2||1||2000000
3477840|1|1|1|615.92950808|34778401|2||2||1|2|2|1|2|2|2|2|2||3||3600000
3477841|1|1|1|629.38114245|34778411|2||2||1|1|2|2|2|2|2|2|2||1||2500000
3477842|1|1|1|615.92950808|34778421|2||2||1|2|2|1|2|2|2|2|2||3||3000000
3477843|1|1|1|551.58196071|34778431|2||2||1|1|2|2|2|2|2|2|2||1||3600000
3477844|1|1|1|638.32047424|34778441|2||2||1|1|2|2|2|2|2|2|2||1||98
3477845|1|1|1|615.92950808|34778451|2||2||1|1|2|2|2|2|2|2|2||1||1600000
3477846|1|1|1|481.74872237|34778461|2||2||1|1|2|2|2|2|2|2|2||1||3000000
3477847|1|1|1|604.23251461|34778471|2||2||1|1|2|2|2|2|2|2|2||1||2400000
3477848|1|1|1|579.57845281|34778481|2||2||1|2|2|1|2|2|2|2|2||3||1400000
3477849|1|1|1|765.36540375|34778491|2||2||1|1|2|2|2|2|2|2|2||1||2500000
3477850|1|1|1|579.57845281|34778501|2||2||1|2|2|2|2|2|2|2|1||8||600000
3477851|1|1|1|459.57137129|34778511|2||2||1|1|2|2|2|2|2|2|2||1||2000000
3477852|1|1|1|412.17264975|34778521|2||2||1|1|2|2|2|2|2|2|2||1||2800000
3477853|1|1|1|536.14013651|34778531|2||2||1|1|2|2|2|2|2|2|2||1||7000000
3477854|1|1|1|687.32033899|34778541|2||2||1|1|2|1|2|2|2|2|1||3||3000000
3477855|1|1|1|643.40597702|34778551|2||2||1|1|2|2|1|2|2|2|2||1||1800000
3477856|1|1|1|520.17697501|34778561|2||2||1|1|1|2|2|2|2|2|2||1||1600000
3477857|1|1|1|422.48831033|34778571|2||2||1|1|2|2|2|2|2|2|2||1||1500000
3477858|1|1|1|654.40877585|34778581|2||2||1|1|2|2|2|2|2|2|2||1||1300000
3477859|1|1|1|299.06737397|34778591|2||2||1|1|2|2|2|2|2|2|2||1||1400000
3477860|1|1|1|632.66698803|34778601|2||2||1|1|2|2|2|2|2|2|2||1||1600000
3477861|1|1|1|850.07857753|34778611|2||2||1|1|1|2|2|2|2|2|2||1||1000000
3477862|1|1|1|396.75603865|34778621|2||2||1|1|2|2|2|2|2|2|1||1||600000
3477863|1|1|1|497.5080651|34778631|2||2||1|1|1|2|2|2|2|2|2||1||98
3477864|1|1|1|586.23733053|34778641|2||2||1|1|2|2|2|2|2|2|2||1||1600000
3477865|1|1|1|488.92632069|34778651|2||2||1|1|1|2|2|2|2|2|2||1||1800000
3477866|1|1|1|652.67534089|34778661|2||2||1|1|2|2|2|2|2|2|2||1||1200000
3477867|1|1|1|548.88626424|34778671|2||2||1|1|2|2|2|2|2|2|2||1||3000000
3477868|1|1|1|264.46204726|34778681|2||2||1|1|2|2|2|2|2|2|2||1||1600000
3477869|1|1|1|462.81639417|34778691|2||2||1|1|2|2|1|2|2|2|2||1||900000
3477870|1|1|1|550.99735404|34778701|2||2||1|1|2|2|2|2|2|2|2||1||1600000
3477871|1|1|1|488.92632069|34778711|2||2||1|1|2|2|2|2|2|2|2||1||1200000
3477872|1|1|1|686.53393181|34778721|2||2||1|1|2|2|1|2|2|2|2||1||98
3477873|1|1|1|270.94127576|34778731|2||2||1|1|2|2|2|2|2|2|2||1||1500000
3477874|1|1|1|324.79964565|34778741|2||2||1|1|2|2|2|2|2|2|2||1||3200000
3477875|1|1|1|471.77579342|34778751|2||2||1|1|2|2|2|2|2|2|2||1||1400000
3477876|1|1|1|652.67534089|34778761|2||2||1|1|2|2|2|2|2|2|2||1||2000000
3477877|1|1|1|337.70524436|34778771|2||2||1|1|2|2|2|2|2|2|2||1||7000000
3477878|1|1|1|345.30249494|34778781|2||2||1|1|2|2|2|2|2|2|2||1||2500000
3477879|1|1|1|241.08922793|34778791|2||2||1|1|2|2|2|2|2|2|2||1||3600000
3477880|1|1|1|181.87949501|34778801|2||2||1|1|2|2|1|2|2|1|2||1||3000000
3477881|1|1|1|233.1395513|34778811|2||2||1|1|2|2|2|2|2|2|2||1||5000000
3477882|1|1|1|133.4244439|34778821|2||2||1|1|2|2|2|2|2|2|2||1||3400000
3477883|1|1|1|133.4244439|34778831|2||2||1|1|2|2|1|2|2|2|2||1||98
3477884|1|1|1|133.4244439|34778841|2||2||1|1|2|1|2|2|2|2|2||3||3500000
3477885|1|1|1|311.03421278|34778851|2||2||1|1|2|2|1|2|2|2|2||1||4500000
3477886|1|1|1|181.87949501|34778861|2||2||1|1|2|2|1|2|2|2|2||1||2000000
3477887|1|1|1|376.75973134|34778871|2||2||1|1|2|2|2|2|2|2|2||1||1600000
3477888|1|1|1|133.4244439|34778881|2||2||1|1|2|2|2|2|2|2|2||1||3000000
3477889|1|1|1|282.01536181|34778891|2||2||1|1|2|2|2|2|2|2|2||1||1200000
3477890|1|1|1|372.5324722|34778901|2||2||2|1|2|2|2|2|2|2|2||1||900000
3477891|1|1|1|133.4244439|34778911|2||2||1|1|2|2|1|2|2|2|2||1||1400000
3477892|1|1|1|281.45641613|34778921|2||2||1|1|2|2|2|2|2|2|2||1||2000000
3477893|1|1|1|137.95295193|34778931|2||2||1|1|2|2|2|2|2|2|2||1||3300000
3477894|1|1|1|181.57341575|34778941|2||1|1|1|2|2|2|1|2|2|2|1||8||4000000
3477895|1|1|1|156.60427446|34778951|2||2||1|1|2|2|2|2|2|2|2||1||2800000
3477896|1|1|1|347.54278584|34778961|2||2||1|1|2|1|2|2|2|2|2||1||3000000
3477897|1|1|1|89.839125559|34778971|2||2||1|1|2|2|2|2|2|2|2||1||1900000
3477898|1|1|1|359.35650224|34778981|2||2||1|1|2|2|1|2|2|2|2||1||3000000
3477899|1|1|1|250.46217453|34778991|2||2||1|1|2|1|2|2|2|1|2||3||8000000
3477900|1|1|1|274.58539267|34779001|2||2||1|1|2|2|2|2|2|2|2||1||1840000
3477901|1|1|1|204.66311937|34779011|1|1|2||1|1|2|1|2|2|2|2|1||3||3000000
3477902|1|1|1|273.91250794|34779021|2||2||1|1|1|2|2|2|2|2|2||1||1300000
3477902|1|2|2|273.91250794|34779022|2||2||1|2|2|2|2|2|2|2|1||8||450000
3477903|1|1|1|163.84576069|34779031|2||2||1|1|1|2|1|2|2|2|2||2||900000
3477904|1|1|1|227.7303265|34779041|2||2||1|1|2|2|2|2|2|2|2||1||2000000
3477905|1|1|1|196.81701849|34779051|2||2||1|1|2|2|2|2|2|1|2||1||5000000
3477906|1|1|1|227.7303265|34779061|2||2||1|1|2|2|2|2|2|2|2||1||4000000
3477907|1|1|1|140.58205496|34779071|2||2||1|1|2|2|2|2|2|2|2||1||3300000
3477908|1|1|1|230.28075945|34779081|1|1|2||1|1|2|2|2|2|2|1|2||1||5000000
3477909|1|1|1|80.647663868|34779091|2||2||1|1|2|2|2|2|2|2|2||1||2000000
3477910|1|1|1|256.77549792|34779101|2||2||1|1|2|2|2|2|2|2|2||1||7000000
3477911|1|1|1|204.67093296|34779111|2||2||1|1|2|2|2|2|2|1|2||1||1800000
3477912|1|1|1|357.49279165|34779121|2||2||1|1|2|1|2|2|2|2|2||3||5200000
3477913|1|1|1|331.54856358|34779131|2||2||1|1|2|2|2|2|2|2|1||8||1000000
3477914|1|1|1|138.59735114|34779141|2||2||1|1|2|2|2|2|2|2|2||1||400000
3477915|1|1|1|312.48665204|34779151|2||2||1|2|2|1|2|2|2|2|2||3||2600000
3477916|1|1|1|312.48665204|34779161|1|1|2||1|1|2|1|2|2|2|2|2||1||4000000
3477917|1|1|1|282.33056374|34779171|2||2||1|1|2|1|2|2|2|2|2||3||7000000
3477918|1|1|1|308.74377461|34779181|2||2||1|1|2|2|2|2|2|2|2||1||1000000
3477919|1|1|1|286.33739582|34779191|2||2||1|2|2|2|2|2|2|2|2|1||1600000|
3477920|1|1|1|252.86451905|34779201|2||2||1|1|2|2|2|2|2|2|2||1||3000000
3477921|1|1|1|163.93621598|34779211|2||2||1|2|2|2|2|2|2|2|1||8||980000
3477922|1|1|1|187.10348815|34779221|2||1|1|1|2|2|2|2|2|2|2|1||8||1000000
3477923|1|1|1|101.40257736|34779231|2||2||1|1|2|2|2|2|2|2|2||1||1400000
3477924|1|1|1|308.74377461|34779241|2||2||1|1|2|2|2|2|2|2|2||1||1400000
3477925|1|1|1|115.49779262|34779251|2||2||1|1|2|2|2|2|2|1|1||7||1300000
3477926|1|1|1|235.27546978|34779261|1|1|2||1|1|2|1|2|2|2|2|2||1||8500000
3477927|1|1|1|378.51194497|34779271|2||2||1|1|2|1|2|2|2|2|2||3||3800000
3477928|1|1|1|281.88152224|34779281|2||2||1|1|2|2|2|2|2|2|2||1||3700000
3477929|1|1|1|158.50836993|34779291|2||2||1|1|2|2|2|2|2|2|2||1||2300000
3477930|1|1|1|97.844592193|34779301|2||2||1|1|2|2|2|2|2|2|2||1||1900000
3477931|1|1|1|160.02519644|34779311|2||2||1|2|2|2|2|2|2|2|1||8||900000
3477932|1|1|1|282.05828315|34779321|2||2||1|1|2|2|2|2|2|2|2||1||8000000
3477933|1|1|1|253.56384483|34779331|2||2||1|1|2|2|2|2|2|2|2||1||15000000
3477934|1|1|1|134.65464367|34779341|1|1|2||1|1|2|1|2|2|2|2|2||1||5500000
3477935|1|1|1|253.56384483|34779351|2||2||1|1|1|2|2|2|2|2|2||1||6000000
3477936|1|1|1|143.80369823|34779361|2||2||1|2|2|1|2|2|2|2|2||3||4000000
3477937|1|1|1|143.80369823|34779371|2||2||1|1|2|1|2|2|2|2|2||1||3600000
3477938|1|1|1|88.949629267|34779381|1|1|2||1|2|2|1|2|2|2|2|2||3||1800000
3477939|1|1|1|207.35614185|34779391|2||2||1|1|2|2|2|2|2|2|2||1||2500000
3477940|1|1|1|198.31232346|34779401|2||2||1|1|2|2|2|2|2|2|2||1||2600000
3477941|1|1|1|88.949629267|34779411|1|1|2||1|1|2|1|2|2|2|2|2||1||10000000
3477942|1|1|1|194.52689237|34779421|2||2||1|1|2|2|2|2|2|2|2||1||4000000
3477943|1|1|1|406.24180869|34779431|2||2||1|2|2|1|2|2|2|2|2||3||1500000
3477944|1|1|1|133.4244439|34779441|1|1|2||1|1|2|2|2|2|2|1|2||1||2500000
3477945|1|1|1|311.03421278|34779451|2||2||1|1|2|2|1|2|2|2|2||1||3000000
3477946|1|1|1|216.14777718|34779461|2||2||1|2|2|2|2|2|2|2|1||8||1300000
3477947|1|1|1|232.58060563|34779471|2||2||1|1|2|2|2|2|2|2|2||1||14000000
3477948|1|1|1|109.34163914|34779481|2||2||1|1|2|2|2|2|2|2|2||1||2600000
3477949|1|1|1|98.832921407|34779491|2||2||1|1|2|2|1|2|2|2|2||1||4000000
3477950|1|1|1|201.20540723|34779501|2||2||1|1|2|2|1|2|2|2|2||1||1400000
3477951|1|1|1|158.49937569|34779511|2||2||1|1|2|2|2|2|2|2|2||1||10000000
3477952|1|1|1|146.99933596|34779521|2||2||1|2|2|1|2|2|2|2|2||3||6000000
3477953|1|1|1|412.29017168|34779531|2||2||2|1|2|2|2|2|2|2|2||1||98
3477954|1|1|1|458.23609427|34779541|2||2||1|1|2|2|2|2|2|2|2||1||6000000
3477955|1|1|1|337.39658964|34779551|2||2||1|2|2|2|2|2|2|2|1||8||1500000
3477956|1|1|1|395.29916801|34779561|2||2||1|1|2|1|2|2|2|2|2||3||98
3477957|1|1|1|288.91534461|34779571|2||2||1|1|2|2|2|2|2|2|2||1||3000000
3477958|1|1|1|363.23623842|34779581|2||2||1|2|2|1|2|2|2|1|2||3||2000000
3477959|1|1|1|333.64404674|34779591|2||2||1|2|2|1|2|2|2|2|2||3||6000000
3477960|1|1|1|203.98247027|34779601|2||2||1|1|2|1|2|2|2|2|2||3||4600000
3477961|1|1|1|333.64404674|34779611|2||2||1|2|2|1|2|2|2|2|2||3||5000000
3477962|1|1|1|291.30047191|34779621|2||2||1|1|2|1|2|2|2|2|2||3||3000000
3477963|1|1|1|508.36976806|34779631|2||2||1|1|2|2|2|2|2|2|2||1||3000000
3477964|1|1|1|526.28826666|34779641|2||2||1|1|2|1|2|2|2|2|2||3||4000000
3477965|1|1|1|573.76151602|34779651|2||2||1|1|2|2|2|2|2|2|1||1||3400000
3477966|1|1|1|354.11640118|34779661|2||2||1|1|2|2|2|2|2|2|2||1||2500000
3477967|1|1|1|573.76151602|34779671|2||2||1|1|2|2|2|2|2|2|2||1||1800000
3477968|1|1|1|498.43588651|34779681|2||2||2|1|2|2|2|2|2|2|2||1||3000000
3477969|1|1|1|566.02677898|34779691|2||2||1|1|2|2|2|2|2|2|2||1||1900000
3477970|1|1|1|355.32554477|34779701|2||2||1|1|2|2|2|2|2|2|2||1||4500000
3477971|1|1|1|459.40179979|34779711|2||2||1|1|2|2|2|2|2|2|2||1||1500000
3477972|1|1|1|163.34801479|34779721|2||2||1|1|2|1|2|2|2|2|2||3||2000000
3477973|1|1|1|249.48328939|34779731|2||2||1|1|2|2|2|2|2|2|2||1||1500000
3477974|1|1|1|279.78559623|34779741|2||2||1|1|2|2|2|2|2|2|2||1||2500000
3477975|1|1|1|288.0150775|34779751|2||2||1|2|2|2|2|2|2|2|1||8||98
3477976|1|1|1|434.01998691|34779761|2||2||1|1|2|2|2|2|2|2|2||1||1300000
3477977|1|1|1|621.08095427|34779771|2||2||1|1|2|2|2|2|2|2|2||1||3500000
3477978|1|1|1|367.85541716|34779781|2||2||1|1|2|2|2|2|2|2|2||1||800000
3477979|1|1|1|253.96785647|34779791|2||2||2|1|2|2|2|2|2|2|2||1||500000
3477980|1|1|1|281.6006381|34779801|2||2||1|2|2|1|2|2|2|1|2||3||1300000
3477981|1|1|1|448.17857025|34779811|2||2||1|1|1|2|2|2|2|2|2||1||500000
3477982|1|1|1|532.72071|34779821|2||2||1|1|2|2|2|2|2|2|2||1||1500000
3477983|1|1|1|397.63600491|34779831|2||2||1|1|2|2|2|2|2|2|2||1||1500000
3477984|1|1|1|352.8445704|34779841|2||2||1|1|2|2|2|2|2|2|2||1||98
3477985|1|1|1|487.92927549|34779851|2||2||1|2|2|1|2|2|2|2|2||3||1300000
3477986|1|1|1|448.17857025|34779861|2||2||2|2|2|1|2|2|2|2|2||3||1300000
3477987|1|1|1|468.51119622|34779871|2||2||1|2|2|1|2|2|2|2|2||3||98
3477988|1|1|1|553.05333597|34779881|2||2||1|2|2|1|2|2|2|1|2||3||1700000
3477989|1|1|1|630.83291887|34779891|2||2||1|1|2|2|2|2|2|2|2||1||2500000
3477990|1|1|1|630.83291887|34779901|2||2||1|1|2|2|2|2|2|2|2||1||1200000
3477991|1|1|1|675.62435337|34779911|2||2||1|1|2|2|2|2|2|2|2||1||1750000
3477992|1|1|1|796.94748411|34779921|2||2||1|1|1|2|2|2|2|2|2||1||98
3477993|1|1|1|448.17857025|34779931|2||2||1|1|2|1|2|2|2|2|2||3||1300000
3477994|1|1|1|606.00025627|34779941|2||2||1|1|1|1|2|2|2|2|2||3||2600000
3477995|1|1|1|466.73236318|34779951|2||2||1|1|2|2|2|2|2|2|2||1||2800000
3477996|1|1|1|553.82261868|34779961|2||2||1|1|2|2|2|2|2|2|2||1||2600000
3477997|1|1|1|937.91691169|34779971|2||2||2|1|2|2|2|2|2|2|2||1||98
3477998|1|1|1|274.00630335|34779981|2||2||1|1|2|1|2|2|2|2|2||3||4000000
3477999|1|1|1|277.84319653|34779991|2||2||1|1|2|2|2|2|2|2|2||1||1500000
3478000|1|1|1|675.62435337|34780001|2||2||1|1|2|2|2|2|2|2|2||1||1400000
3478001|1|1|1|320.62570472|34780011|2||2||1|1|2|2|2|2|2|2|2||1||4000000
3478002|1|1|1|338.99300311|34780021|2||2||1|1|2|2|2|2|2|1|2||1||98
3478003|1|1|1|549.59442592|34780031|2||2||1|1|2|1|2|2|2|2|2||1||3500000
3478004|1|1|1|364.57602926|34780041|2||2||1|1|2|2|2|2|2|2|2||1||1500000
3478005|1|1|1|520.49006754|34780051|2||2||1|1|2|2|2|2|2|2|2||1||98
3478006|1|1|1|335.90096613|34780061|2||2||1|1|2|2|2|2|2|2|2||1||1300000
3478007|1|1|1|335.90096613|34780071|2||2||1|1|2|2|2|2|2|2|2||1||1200000
3478008|1|1|1|513.15831669|34780081|2||2||1|1|2|2|2|2|2|2|2||1||2600000
3478009|1|1|1|558.37318903|34780091|2||2||1|1|2|2|2|2|2|2|2||1||98
3478010|1|1|1|182.6708689|34780101|2||2||1|1|1|2|2|2|2|2|2||1||2000000
3478011|1|1|1|338.84126764|34780111|2||2||1|2|2|1|2|2|2|1|2||3||950000
3478012|1|1|1|459.27154918|34780121|2||2||1|1|2|2|2|2|2|1|2||1||1300000
3478013|1|1|1|298.7857135|34780131|2||2||1|2|2|1|2|2|2|2|2||3||700000
3478014|1|1|1|182.6708689|34780141|2||2||1|1|2|1|2|2|2|2|2||3||2000000
3478015|1|1|1|311.09057438|34780151|2||2||1|1|2|2|2|2|2|2|2||1||2000000
3478016|1|1|1|386.92670846|34780161|2||2||1|1|2|2|2|2|2|2|2||1||2600000
3478017|1|1|1|414.95252498|34780171|2||2||1|1|2|1|2|2|2|1|2||3||2000000
3478018|1|1|1|342.06517325|34780181|2||2||1|1|2|2|2|2|2|2|2||1||1600000
3478019|1|1|1|235.95880093|34780191|2||2||1|1|2|2|2|2|2|2|2||1||1000000
3478020|1|1|1|404.20835148|34780201|2||2||2|1|2|2|2|2|2|2|2||1||1300000
3478021|1|1|1|484.99310635|34780211|2||2||1|1|2|2|2|2|2|2|2||1||3000000
3478022|1|1|1|404.20835148|34780221|2||2||2|1|2|2|2|2|2|2|2||1||98
3478023|1|1|1|261.55390636|34780231|2||2||1|1|2|2|2|2|2|2|2||1||1400000
3478025|1|1|1|281.95610393|34780251|2||2||1|1|2|1|2|2|2|2|2||3||3900000
3478026|1|1|1|338.62380863|34780261|2||2||1|2|2|1|2|2|2|2|2||3||1350000
3478027|1|1|1|368.65767481|34780271|2||2||1|2|2|1|2|2|2|2|2||3||1300000
3478028|1|1|1|418.44375634|34780281|2||2||2|1|2|2|2|2|2|2|2||1||2500000
3478029|1|1|1|338.62380863|34780291|2||2||1|2|2|1|2|2|2|2|2||3||1600000
3478030|1|1|1|355.86840937|34780301|2||2||1|2|2|2|2|2|2|2|1||8||1000000
3478031|1|1|1|338.62380863|34780311|2||2||1|2|2|1|2|2|2|2|2||3||98
3478032|1|1|1|447.8963867|34780321|2||2||1|2|2|2|2|2|1|2|1||8||750000
3478033|1|1|1|355.86840937|34780331|2||2||1|1|2|2|2|2|2|2|2||1||1700000
3478034|1|1|1|355.86840937|34780341|2||2||1|2|2|2|2|2|2|2|1||8||500000
3478035|1|1|1|447.8963867|34780351|2||2||1|1|2|2|2|2|2|2|2||1||1200000
3478036|1|1|1|355.86840937|34780361|2||2||1|2|2|2|2|2|2|2|1||8||600000
3478037|1|1|1|447.8963867|34780371|2||2||1|2|2|2|2|2|2|2|1||8||800000
3478038|1|1|1|447.8963867|34780381|2||2||1|2|1|2|2|2|2|2|1||8||500000
3478039|1|1|1|266.07432481|34780391|2||2||1|1|2|2|2|2|2|2|2||1||2000000
3478040|1|1|1|195.36574813|34780401|2||2||1|1|1|2|2|2|2|2|1||1||1500000
3478041|1|1|1|266.07432481|34780411|2||2||1|1|2|1|2|2|2|2|2||3||1300000
3478042|1|1|1|362.38935168|34780421|2||2||1|2|2|1|2|2|2|2|2||3||1500000
3478043|1|1|1|362.38935168|34780431|2||2||1|2|2|1|2|2|2|2|2||3||1300000
3478044|1|1|1|552.52344392|34780441|2||2||1|1|2|2|2|2|2|2|2||1||2600000
3478045|1|1|1|362.38935168|34780451|2||2||1|2|2|1|2|2|2|1|1||3||2000000
3478046|1|1|1|403.89149472|34780461|2||2||1|1|2|2|2|2|2|2|2||1||2000000
3478047|1|1|1|449.78215331|34780471|2||2||1|1|2|2|2|2|2|2|2||1||10000000
3478048|1|1|1|658.15913311|34780481|2||2||1|1|2|2|2|2|2|1|2||1||3000000
3478049|1|1|1|449.24299795|34780491|2||2||1|2|2|1|2|2|2|2|2||3||1300000
3478050|1|1|1|504.47467161|34780501|2||2||1|1|2|2|2|2|2|2|2||1||2950000
3478051|1|1|1|429.41175422|34780511|2||2||2|1|2|2|2|2|2|2|2||1||2600000
3478052|1|1|1|431.27137776|34780521|2||2||1|1|1|2|2|2|2|2|2||1||98
3478053|1|1|1|829.00686441|34780531|2||2||2|1|1|2|2|2|2|2|2||1||1500000
3478054|1|1|1|311.87258411|34780541|2||2||1|1|2|2|2|2|2|2|2||1||300000
3478055|1|1|1|588.73857526|34780551|2||2||1|1|2|2|2|2|2|1|2||1||98
3478056|1|1|1|676.97997543|34780561|2||2||1|1|2|2|2|2|2|2|2||1||1300000
3478057|1|1|1|120.54024497|34780571|2||2||1|2|2|1|2|2|2|2|2||3||1500000
3478058|1|1|1|81.46206265|34780581|2||2||1|1|2|2|2|2|2|2|2||1||1500000
3478059|1|1|1|65.890528815|34780591|2||2||1|1|1|2|2|2|2|2|1||1||500000
3478060|1|1|1|107.3427334|34780601|2||2||1|1|2|2|2|2|2|2|2||1||1500000
3478061|1|1|1|77.556375288|34780611|2||2||1|1|2|2|2|2|2|2|2||1||800000
3478062|1|1|1|62.222966168|34780621|2||2||1|1|2|2|2|2|2|2|2||1||1600000
3478063|1|1|1|138.15960376|34780631|2||2||1|1|2|2|2|2|2|2|2||1||1400000
3478064|1|1|1|81.46206265|34780641|2||2||1|1|2|2|2|2|2|2|2||1||600000
3478065|1|1|1|102.38456966|34780651|2||2||1|1|2|2|2|2|2|2|2||1||2500000
3478066|1|1|1|69.796216177|34780661|2||2||1|1|2|2|2|2|2|2|2||1||800000
3478067|1|1|1|48.979800826|34780671|2||2||1|2|2|2|2|2|2|2|1||8||500000
3478068|1|1|1|93.138421961|34780681|2||2||1|1|2|2|2|2|2|2|2||1||2500000
3478069|1|1|1|122.30408257|34780691|2||2||1|1|2|1|2|2|2|2|1||1||2600000
3478070|1|1|1|46.23896759|34780701|2||2||1|1|2|2|2|2|2|2|1||1||3000000
3478071|1|1|1|85.963626335|34780711|2||2||1|1|2|2|2|2|2|2|2||1||1500000
3478072|1|1|1|64.840507926|34780721|2||2||1|1|2|1|2|2|2|2|2||1||2000000
3478073|1|1|1|58.420169699|34780731|2||2||1|1|2|2|2|2|2|2|2||1||1300000
3478074|1|1|1|132.56280405|34780741|2||2||1|1|2|2|1|2|2|2|2||1||1600000
3478075|1|1|1|106.29155459|34780751|2||2||1|1|2|2|2|2|2|2|2||1||1500000
3478076|1|1|1|156.93050678|34780761|2||2||1|1|2|2|2|2|2|2|2||1||1200000
3478077|1|1|1|101.23921071|34780771|2||2||1|1|2|2|1|2|2|2|2||1||900000
3478078|1|1|1|123.25995726|34780781|2||2||1|1|2|2|2|2|2|2|2||1||1500000
3478079|1|1|1|92.825351491|34780791|2||2||1|1|2|2|2|2|2|2|2||1||1200000
3478080|1|1|1|58.849595114|34780801|2||2||1|1|1|2|2|2|2|2|2||1||1300000
3478081|1|1|1|85.005440319|34780811|2||2||1|1|2|2|2|2|2|2|1||1||2000000
3478082|1|1|1|158.60558549|34780821|2||2||1|1|2|2|2|2|2|1|2||1||2500000
3478083|1|1|1|157.22074816|34780831|2||2||1|1|2|2|2|2|1|2|2||1||1800000
3478084|1|1|1|95.52396257|34780841|2||2||1|1|2|2|2|2|2|2|2||1||3000000
3478085|1|1|1|156.59023667|34780851|2||2||1|1|2|2|2|2|2|2|2||1||2500000
3478086|1|1|1|271.56693165|34780861|2||2||1|1|1|2|1|2|2|2|2||1||2200000
3478087|1|1|1|151.52431088|34780871|2||2||1|1|2|2|2|2|2|2|2||1||2000000
3478088|1|1|1|128.0653302|34780881|2||2||1|1|2|2|2|2|2|2|1||1||3000000
3478089|1|1|1|122.6069944|34780891|2||2||1|1|2|2|1|2|2|2|2||1||1300000
3478090|1|1|1|236.96064313|34780901|2||2||1|1|2|2|2|2|2|2|2||1||2000000
3478091|1|1|1|95.023482923|34780911|2||2||1|1|2|2|2|2|2|2|2||1||1800000
3478092|1|1|1|73.819551585|34780921|2||2||1|1|2|2|2|2|2|2|2||1||1000000
3478093|1|1|1|140.81940692|34780931|2||2||1|1|2|2|2|2|2|2|2||1||2200000
3478094|1|1|1|60.039704197|34780941|2||2||1|1|1|2|2|2|2|2|2||1||1000000
3478095|1|1|1|130.96231405|34780951|2||2||1|1|1|2|2|2|2|2|2||1||1800000
3478096|1|1|1|90.43142229|34780961|2||2||1|1|1|2|2|2|1|2|1||1||3000000
3478097|1|1|1|85.313226898|34780971|2||2||1|1|2|2|2|2|2|2|2||1||2500000
3478098|1|1|1|151.45117436|34780981|2||2||1|1|2|2|2|2|2|2|2||1||4000000
3478099|1|1|1|226.62564832|34780991|2||2||1|1|2|2|2|2|2|2|2||1||1500000
3478100|1|1|1|89.000062919|34781001|2||2||1|1|2|2|2|2|2|2|2||1||1500000
3478101|1|1|1|95.52396257|34781011|2||2||1|1|2|2|2|2|2|2|2||1||900000
3478102|1|1|1|81.872323905|34781021|2||2||1|1|1|2|2|2|2|2|2||1||2000000
3478103|1|1|1|144.9272747|34781031|2||2||1|1|2|2|2|2|2|2|2||1||3600000
3478104|1|1|1|70.464117422|34781041|2||2||1|1|2|2|2|2|2|2|2||1||1800000
3478105|1|1|1|70.464117422|34781051|2||2||1|1|2|2|2|2|2|2|2||1||1500000
3478106|1|1|1|229.24250693|34781061|2||2||1|1|2|2|2|2|2|2|2||1||2500000
3478107|1|1|1|164.24728084|34781071|2||2||1|1|2|2|2|2|2|2|2||1||3000000
3478108|1|1|1|196.81761594|34781081|2||2||1|1|2|2|2|2|2|2|2||1||1500000
3478109|1|1|1|76.917001736|34781091|2||2||1|1|1|2|2|2|2|2|1||1||1000000
3478110|1|1|1|107.18692454|34781101|2||2||1|1|2|2|2|2|2|2|2||1||2500000
3478111|1|1|1|156.59023667|34781111|2||2||1|1|2|2|2|2|2|2|2||1||3000000
3478112|1|1|1|91.837126549|34781121|2||2||1|2|2|1|2|2|2|2|2||3||2000000
3478113|1|1|1|98.218469082|34781131|2||2||1|1|2|2|2|2|2|2|2||1||3000000
3478114|1|1|1|156.59023667|34781141|2||2||1|1|2|2|2|2|2|2|2||1||3000000
3478115|1|1|1|190.64375082|34781151|2||2||1|1|2|1|2|2|2|2|2||1||3500000
3478116|1|1|1|225.44946664|34781161|2||2||1|1|2|1|2|2|2|2|2||1||4500000
3478117|1|1|1|81.872323905|34781171|2||2||1|1|2|1|2|2|2|2|2||1||4000000
3478118|1|1|1|86.698064231|34781181|2||2||1|2|1|1|2|2|2|2|2||3||2500000
3478119|1|1|1|86.698064231|34781191|2||2||1|1|2|2|2|2|2|2|2||1||1200000
3478120|1|1|1|159.85718937|34781201|2||2||1|1|2|2|2|2|2|2|2||1||1600000
3478121|1|1|1|299.84283876|34781211|2||2||1|1|2|2|2|2|2|2|2||1||3000000
3478122|1|1|1|185.5046885|34781221|2||2||1|1|2|2|2|2|2|2|2||1||2000000
3478123|1|1|1|91.837126549|34781231|2||2||1|2|2|1|2|2|2|1|2||7||2100000
3478124|1|1|1|86.698064231|34781241|2||2||1|2|2|1|2|2|2|2|2||3||2500000
3478125|1|1|1|149.43582554|34781251|2||2||1|1|2|2|2|2|2|2|2||1||3000000
3478126|1|1|1|206.62406029|34781261|2||2||1|1|2|2|2|2|2|2|1||1||2500000
3478127|1|1|1|141.24043868|34781271|2||2||1|1|1|2|2|2|2|2|2||1||2500000
3478128|1|1|1|43.665239416|34781281|2||2||1|1|2|2|2|2|2|2|2||1||2000000
3478129|1|1|1|83.851065684|34781291|2||2||1|1|2|2|2|2|2|2|2||1||2500000
3478130|1|1|1|49.235019642|34781301|2||2||1|1|2|2|2|2|2|2|2||1||3000000
3478131|1|1|1|131.63293823|34781311|2||2||1|1|2|2|2|2|2|2|2||1||3500000
3478132|1|1|1|122.66235206|34781321|2||2||1|1|2|2|2|2|2|2|2||1||1500000
3478133|1|1|1|87.877019963|34781331|2||2||1|1|2|2|1|2|2|2|2||1||900000
3478134|1|1|1|220.2482845|34781341|2||2||1|1|2|2|2|2|2|2|2||1||1500000
3478135|1|1|1|130.9665622|34781351|2||2||1|1|2|2|1|2|2|2|2||1||900000
3478136|1|1|1|124.24104197|34781361|2||2||1|1|2|2|2|2|2|2|2||1||800000
3478137|1|1|1|213.96937326|34781371|2||2||1|1|2|2|2|2|2|2|2||1||1300000
3478138|1|1|1|157.82991508|34781381|2||2||1|1|1|2|2|2|2|2|2||1||1500000
3478139|1|1|1|75.359110874|34781391|2||2||1|1|1|2|2|2|2|2|2||1||2000000
3478140|1|1|1|129.18819363|34781401|2||2||1|1|2|2|2|2|2|2|2||1||3000000
3478141|1|1|1|124.93406603|34781411|2||2||1|1|1|2|2|2|2|2|1||1||2000000
3478142|1|1|1|96.468232086|34781421|2||2||1|1|2|2|2|2|2|2|2||1||2000000
3478143|1|1|1|73.685091514|34781431|2||2||1|1|2|2|2|2|2|2|2||1||2000000
3478144|1|1|1|121.24488513|34781441|2||2||1|1|1|2|2|2|2|2|2||1||3500000
3478145|1|1|1|73.685091514|34781451|2||2||1|1|2|2|2|2|2|2|2||1||3000000
3478146|1|1|1|96.468232086|34781461|2||2||1|1|2|2|2|2|2|2|1||1||700000
3478147|1|1|1|129.18819363|34781471|2||2||1|1|2|2|2|2|2|2|2||1||1600000
3478148|1|1|1|78.028257807|34781481|2||2||1|1|2|2|2|2|2|2|1||1||900000
3478149|1|1|1|78.028257807|34781491|2||2||1|1|2|2|2|2|2|2|2||1||700000
3478150|1|1|1|73.685091514|34781501|2||2||1|1|2|2|2|2|2|2|2||1||2300000
3478151|1|1|1|76.781904208|34781511|2||2||1|2|1|2|2|2|2|2|1||8||900000
3478152|1|1|1|63.578580436|34781521|2||2||1|1|2|2|2|2|2|2|1||1||900000
3478153|1|1|1|110.04864715|34781531|2||2||1|1|2|2|2|2|2|2|2||1||2000000
3478154|1|1|1|172.06857993|34781541|2||2||1|1|2|2|2|2|2|2|2||1||1500000
3478155|1|1|1|236.96064313|34781551|2||2||1|1|2|2|2|2|2|2|2||1||2000000
3478156|1|1|1|74.835098962|34781561|2||2||1|1|1|2|2|2|2|2|2||1||1500000
3478157|1|1|1|67.347226136|34781571|2||2||1|2|1|2|2|2|2|2|1||8||600000
3478158|1|1|1|169.53353447|34781581|2||2||2|1|2|2|2|2|1|2|2||1||2000000
3478159|1|1|1|273.69639959|34781591|2||2||1|1|2|2|2|2|2|2|1||1||2000000
3478160|1|1|1|155.654407|34781601|2||2||1|1|2|2|2|2|2|2|2||1||1500000
3478161|1|1|1|200.21291343|34781611|2||2||2|1|2|2|2|2|2|1|2||1||3000000
3478162|1|1|1|171.98040742|34781621|2||2||1|1|2|2|2|2|2|2|2||1||1800000
3478163|1|1|1|197.57725231|34781631|2||2||1|1|2|2|2|2|2|2|2||1||1600000
3478164|1|1|1|146.95077992|34781641|2||2||1|1|2|2|2|2|2|2|2||1||1800000
3478165|1|1|1|218.77465187|34781651|2||2||1|1|2|2|2|2|2|1|2||1||2500000
3478166|1|1|1|109.9134803|34781661|2||2||1|2|2|1|2|2|2|2|2||3||1300000
3478167|1|1|1|177.25909773|34781671|2||2||1|1|2|2|2|2|2|1|2||1||2800000
3478168|1|1|1|191.42173001|34781681|2||2||1|1|2|2|2|2|2|2|2||1||800000
3478169|1|1|1|193.70050421|34781691|2||2||1|2|2|1|2|2|2|2|2||3||2300000
3478170|1|1|1|177.88314058|34781701|2||2||1|1|2|2|2|2|2|1|2||1||2500000
3478171|1|1|1|153.08376579|34781711|2||2||1|1|2|2|2|2|2|2|2||1||1800000
3478172|1|1|1|110.46302603|34781721|2||2||1|1|2|1|2|2|2|2|2||3||3800000
3478173|1|1|1|234.31724263|34781731|2||2||1|1|2|1|2|2|2|2|1||3||2000000
3478174|1|1|1|167.52312142|34781741|2||2||1|1|2|1|2|2|2|2|2||3||2300000
3478175|1|1|1|151.07976445|34781751|2||2||1|1|2|2|2|2|2|2|2||1||2800000
3478176|1|1|1|218.499879|34781761|2||2||1|1|2|1|2|2|2|2|2||3||4000000
3478177|1|1|1|231.67182918|34781771|2||2||1|1|2|2|2|2|2|1|2||1||2800000
3478178|1|1|1|355.4760055|34781781|2||2||1|1|2|2|2|2|2|2|2||1||800000
3478179|1|1|1|212.57801379|34781791|2||2||1|1|2|2|2|2|2|2|2||1||1400000
3478180|1|1|1|188.42157861|34781801|2||2||1|2|2|2|2|2|2|2|1||8||98
3478180|1|2|2|188.42157861|34781802|2||2||1|1|2|2|2|2|2|2|1||1||900000
3478180|1|3|3|188.42157861|34781803|2||2||1|1|2|2|2|2|2|2|2||1||98
3478181|1|1|1|287.54366927|34781811|2||2||1|2|2|1|2|2|2|2|2||3||1300000
3478182|1|1|1|217.25062697|34781821|2||2||1|1|2|2|2|2|2|2|1||8||1200000
3478183|1|1|1|162.97273497|34781831|2||2||1|2|2|2|2|2|2|2|1||8||98
3478183|1|2|2|162.97273497|34781832|2||2||1|1|2|2|2|2|2|2|2||1||3000000
3478184|1|1|1|300.01019617|34781841|2||2||1|1|2|2|2|2|2|2|2||1||2200000
3478185|1|1|1|242.00557674|34781851|2||2||1|1|2|2|2|2|2|2|2||1||900000
3478186|1|1|1|251.74317842|34781861|2||2||1|1|2|2|2|2|2|1|2||1||98
3478187|1|1|1|166.03093036|34781871|2||2||1|2|2|1|2|2|2|2|1||3||1500000
3478188|1|1|1|356.86480417|34781881|2||2||1|1|2|2|2|2|2|2|1||1||800000
3478188|1|2|2|356.86480417|34781882|2||2||1|1|2|2|2|2|2|2|2||1||1000000
3478188|1|3|3|356.86480417|34781883|2||2||1|1|2|2|2|2|2|2|2||1||1300000
3478189|1|1|1|313.8972118|34781891|2||2||1|2|2|1|2|2|2|2|2||3||1500000
3478190|1|1|1|313.8972118|34781901|2||2||1|1|2|1|2|2|2|2|2||3||1800000
3478191|1|1|1|137.30098425|34781911|2||2||1|1|2|2|2|2|1|2|2||1||98
3478192|1|1|1|259.98151511|34781921|2||2||1|1|2|2|1|2|2|2|2||1||1500000
3478193|1|1|1|216.64664804|34781931|2||2||1|1|2|2|2|2|2|2|2||1||3000000
3478194|1|1|1|236.03561083|34781941|2||2||1|1|2|2|2|2|2|2|2||1||3000000
3478195|1|1|1|410.77667039|34781951|2||2||1|1|2|2|2|2|2|2|2||1||1500000
3478196|1|1|1|390.18347317|34781961|2||2||1|1|2|2|2|2|1|2|2||1||900000
3478197|1|1|1|309.69691763|34781971|2||2||1|1|2|2|2|2|2|2|2||1||1600000
3478198|1|1|1|391.79267734|34781981|2||2||1|2|2|2|2|2|2|2|1||8||800000
3478199|1|1|1|359.42958659|34781991|2||2||1|1|1|2|2|2|2|2|1||8||900000
3478200|1|1|1|359.42958659|34782001|2||2||1|2|2|1|2|2|2|2|2||3||1800000
3478201|1|1|1|436.74957381|34782011|2||2||1|1|2|2|2|2|2|2|2||1||1400000
3478202|1|1|1|207.53866295|34782021|2||2||1|1|1|2|2|2|2|2|2||1||1800000
3478203|1|1|1|234.04335834|34782031|2||2||1|1|2|2|2|2|2|2|2||1||1600000
3478204|1|1|1|315.28284943|34782041|2||2||1|1|2|2|2|2|2|2|2||1||5000000
3478205|1|1|1|203.63407846|34782051|2||2||1|1|2|2|2|2|2|2|2||1||1500000
3478206|1|1|1|315.36468968|34782061|2||2||1|1|2|2|2|2|2|2|2||1||3000000
3478207|1|1|1|341.86310609|34782071|2||2||1|1|2|2|1|2|2|2|2||1||1400000
3478208|1|1|1|244.02754047|34782081|2||2||1|1|2|2|2|2|2|2|2||1||1200000
3478209|1|1|1|259.60467578|34782091|2||2||1|1|2|2|2|2|2|2|2||1||5000000
3478210|1|1|1|203.85530274|34782101|2||2||1|2|2|2|2|2|2|2|1||8||98
3478211|1|1|1|196.69020907|34782111|2||2||1|2|1|2|2|2|2|2|1||8||900000
3478212|1|1|1|248.66066299|34782121|2||2||1|1|2|2|2|2|2|2|2||1||1300000
3478213|1|1|1|204.22741344|34782131|2||2||1|1|2|1|2|2|2|2|2||1||2500000
3478214|1|1|1|291.94844658|34782141|2||2||1|1|2|2|2|2|2|2|2||1||98
3478215|1|1|1|194.1693047|34782151|2||2||1|1|2|2|2|2|2|2|2||1||600000
3478216|1|1|1|205.691837|34782161|2||2||1|2|2|2|2|2|2|2|1||8||98
3478217|1|1|1|257.95317156|34782171|2||2||1|1|2|2|2|2|2|2|2||1||1462000
3478218|1|1|1|363.58671077|34782181|2||2||1|1|2|2|2|2|2|2|2||1||1800000
3478219|1|1|1|224.44155864|34782191|2||2||1|1|1|2|2|2|2|2|2||1||920000
3478220|1|1|1|263.98208434|34782201|2||2||1|1|2|2|2|2|2|2|2||1||4000000
3478221|1|1|1|392.75407942|34782211|2||2||1|1|2|2|2|2|2|2|2||1||1800000
3478222|1|1|1|264.49613328|34782221|2||2||2|1|2|2|2|2|2|2|2||1||3800000
3478223|1|1|1|286.71300848|34782231|2||2||1|1|2|2|1|2|2|2|2||1||98
3478224|1|1|1|309.9151562|34782241|2||2||1|2|2|1|2|2|2|2|2||3||1200000
3478225|1|1|1|394.10356178|34782251|2||2||1|1|2|2|2|2|2|2|2||1||6000000
3478226|1|1|1|378.59712217|34782261|2||2||2|1|2|2|2|2|2|2|2||1||4000000
3478227|1|1|1|343.14832575|34782271|2||2||1|2|2|2|2|2|2|2|1||8||900000
3478228|1|1|1|431.92602496|34782281|2||2||1|1|2|2|2|2|2|2|2||1||1800000
3478229|1|1|1|517.40324037|34782291|2||1|1|1|1|2|1|2|2|2|2|2||1||3500000
3478230|1|1|1|394.10356178|34782301|2||2||1|1|2|2|2|2|2|2|2||1||1800000
3478231|1|1|1|343.04602544|34782311|2||2||1|1|2|2|2|2|2|2|2||1||1200000
3478232|1|1|1|269.9717508|34782321|2||2||1|1|2|2|2|2|2|2|2||1||2500000
3478233|1|1|1|178.18677945|34782331|2||2||1|1|2|1|2|2|2|2|2||3||3000000
3478234|1|1|1|269.44705998|34782341|2||2||1|1|2|2|2|2|2|2|2||1||3500000
3478235|1|1|1|269.44705998|34782351|2||2||1|1|2|2|2|2|2|2|2||1||7000000
3478236|1|1|1|269.89139856|34782361|2||2||1|1|2|2|2|2|2|2|2||1||3500000
3478237|1|1|1|269.44705998|34782371|2||2||1|1|2|2|2|2|2|2|2||1||2000000
3478238|1|1|1|226.86692179|34782381|2||2||1|1|2|2|2|2|2|2|1||8||800000
3478239|1|1|1|208.26298497|34782391|2||2||1|2|1|2|2|2|2|2|1||8||900000
3478240|1|1|1|257.20616838|34782401|2||2||1|2|2|2|2|2|2|2|1||8||98
3478241|1|1|1|339.76819984|34782411|2||2||2|1|2|2|2|2|2|2|2||1||1300000
3478242|1|1|1|254.4172661|34782421|2||2||1|1|2|2|2|2|2|2|2||1||1200000
3478243|1|1|1|230.90708543|34782431|2||2||1|1|2|2|2|2|2|2|2||1||1500000
3478244|1|1|1|231.35598758|34782441|2||2||1|1|2|2|2|2|2|2|2||1||2000000
3478245|1|1|1|252.22627954|34782451|2||2||1|1|2|2|2|2|2|2|2||1||1200000
3478246|1|1|1|216.42578869|34782461|2||2||1|1|2|2|2|2|1|2|2||1||3000000
3478247|1|1|1|242.30215819|34782471|2||2||1|1|2|2|2|2|2|2|2||1||1800000
3478248|1|1|1|198.34569997|34782481|2||2||1|2|2|1|2|2|2|2|2||3||1200000
3478249|1|1|1|166.75503767|34782491|2||2||2|1|2|2|2|2|2|2|1||1||1600000
3478250|1|1|1|380.22593208|34782501|2||2||1|1|2|2|1|2|2|2|2||1||3000000
3478251|1|1|1|216.06373503|34782511|2||2||1|1|2|2|2|2|2|2|2||1||1700000
3478252|1|1|1|252.22627954|34782521|2||2||1|1|2|2|2|2|2|2|2||1||1300000
3478253|1|1|1|415.84492644|34782531|2||2||1|2|2|2|2|2|2|2|2|1||98|
3478254|1|1|1|377.86665375|34782541|2||2||1|1|2|2|2|2|2|2|2||1||1300000
3478255|1|1|1|276.64341956|34782551|2||2||2|1|2|2|2|2|2|2|2||1||1500000
3478256|1|1|1|309.41572552|34782561|2||2||1|2|2|1|2|2|2|2|2||3||2300000
3478257|1|1|1|199.35414006|34782571|2||2||1|1|2|2|2|2|2|2|2||1||1700000
3478258|1|1|1|179.75079059|34782581|2||2||1|2|2|1|2|2|2|2|2||3||2000000
3478259|1|1|1|309.08761439|34782591|2||2||1|1|2|2|2|2|2|2|2||1||2000000
3478260|1|1|1|198.96669475|34782601|2||2||1|1|2|2|2|2|2|2|2||1||3800000
3478261|1|1|1|329.37913937|34782611|2||2||1|1|2|2|2|2|2|2|2||1||2600000
3478262|1|1|1|150.52486482|34782621|2||2||1|1|2|2|2|2|2|2|2||1||2500000
3478263|1|1|1|228.58006583|34782631|2||2||1|1|2|2|2|2|2|2|2||1||3800000
3478264|1|1|1|260.9145614|34782641|2||1|1|2|1|2|1|2|2|2|2|2||1||3500000
3478265|1|1|1|196.135871|34782651|2||2||1|1|2|2|2|2|2|2|2||1||2600000
3478266|1|1|1|325.61856767|34782661|2||2||1|1|2|2|2|2|2|2|2||1||1358000
3478267|1|1|1|468.51324583|34782671|2||2||2|1|2|2|2|2|2|2|2||1||3500000
3478268|1|1|1|205.12383545|34782681|2||2||1|2|2|2|2|2|2|2|1||8||99
3478269|1|1|1|293.20338165|34782691|2||1|1|1|2|2|2|2|2|2|2|1||8||1300000
3478270|1|1|1|342.37928562|34782701|2||2||1|1|2|2|2|2|2|2|2||1||1500000
3478271|1|1|1|401.56879502|34782711|2||2||1|1|2|2|2|2|2|2|2||1||1300000
3478272|1|1|1|300.43384287|34782721|2||2||2|1|2|2|2|2|2|2|2||1||1200000
3478273|1|1|1|183.72582501|34782731|2||2||1|1|2|2|2|2|2|2|2||1||3000000
3478274|1|1|1|358.39478087|34782741|2||2||2|1|2|2|2|2|2|2|2||1||4500000
3478275|1|1|1|324.62487279|34782751|2||2||1|1|2|1|2|2|2|2|2||3||7000000
3478276|1|1|1|337.1091303|34782761|2||2||1|1|2|2|2|2|2|2|2||1||99
3478277|1|1|1|297.19899531|34782771|2||2||1|1|2|2|2|2|2|2|2||1||5000000
3478278|1|1|1|439.7394312|34782781|2||2||1|1|2|1|2|2|2|1|2||3||7000000
3478279|1|1|1|494.31463495|34782791|2||2||1|1|1|2|2|2|2|2|2||1||1300000
3478280|1|1|1|417.44936112|34782801|2||2||1|1|2|2|2|2|2|2|1||1||1600000
3478281|1|1|1|502.65138943|34782811|2||2||1|1|2|2|2|2|2|2|2||1||700000
3478282|1|1|1|319.98161202|34782821|2||2||1|1|2|2|2|2|2|2|2||1||1600000
3478283|1|1|1|461.6320649|34782831|2||2||2|1|2|2|2|2|2|2|2||1||1200000
3478284|1|1|1|644.80495148|34782841|2||2||1|1|2|2|2|2|2|2|2||1||1600000
3478285|1|1|1|417.44936112|34782851|2||2||1|1|2|2|2|2|2|2|2||1||1200000
3478286|1|1|1|261.06669966|34782861|2||2||1|2|1|2|2|2|2|2|1||8||500000
3478287|1|1|1|254.45259008|34782871|2||2||1|1|2|2|2|2|2|2|1||1||3000000
3478288|1|1|1|321.3970409|34782881|2||1|1|1|1|2|2|2|2|2|2|1||8||1600000
3478289|1|1|1|399.00571935|34782891|2||2||1|1|2|2|2|2|2|2|2||1||1600000
3478290|1|1|1|236.87791403|34782901|2||2||1|1|2|2|2|2|2|2|2||1||900000
3478291|1|1|1|401.56879502|34782911|2||2||2|1|2|2|2|2|2|2|2||1||800000
3478292|1|1|1|300.43384287|34782921|2||2||1|1|2|2|2|2|2|2|2||1||2600000
3478293|1|1|1|380.52748646|34782931|2||2||1|1|2|2|2|2|2|2|2||1||1600000
3478294|1|1|1|440.95116211|34782941|2||2||2|1|1|2|2|2|1|2|2||1||1500000
3478295|1|1|1|278.82335678|34782951|2||2||1|1|2|2|2|2|2|2|2||1||99
3478296|1|1|1|348.29801719|34782961|2||2||1|1|2|2|2|2|2|2|2||1||99
3478297|1|1|1|171.73458208|34782971|2||2||1|1|2|1|1|2|2|2|2||3||6000000
3478298|1|1|1|304.00055122|34782981|2||2||1|1|2|1|2|2|2|2|1||3||2000000
3478299|1|1|1|264.70232173|34782991|2||2||1|2|2|1|2|2|2|1|2||3||7000000
3478300|1|1|1|223.9418403|34783001|2||2||1|1|2|2|2|2|2|2|2||1||5000000
3478301|1|1|1|171.73458208|34783011|2||2||1|1|2|1|2|2|2|2|2||3||1800000
3478302|1|1|1|291.44498967|34783021|2||2||1|1|2|2|2|2|1|2|1||8||650000
3478303|1|1|1|507.99302088|34783031|2||2||1|1|2|2|2|2|2|2|2||1||1500000
3478304|1|1|1|284.38171422|34783041|2||2||1|1|2|2|2|2|2|2|2||1||1000000
3478305|1|1|1|353.23050053|34783051|2||2||1|1|2|2|2|2|2|2|2||1||600000
3478306|1|1|1|342.01138394|34783061|2||2||1|1|2|2|2|2|2|2|2||1||400000
3478307|1|1|1|433.93064463|34783071|2||2||1|1|2|2|2|2|2|2|2||1||1300000
3478308|1|1|1|635.36101654|34783081|2||2||1|1|2|2|2|2|2|2|2||1||1000000
3478309|1|1|1|376.33796437|34783091|2||2||1|1|1|2|1|2|2|2|2||1||600000
3478310|1|1|1|510.00915176|34783101|2||2||2|1|2|2|2|2|2|2|2||1||99
3478311|1|1|1|346.94053387|34783111|2||2||1|1|2|2|2|2|2|2|2||1||2500000
3478312|1|1|1|380.21366834|34783121|2||2||1|2|2|1|2|2|2|2|2||3||5000000
3478313|1|1|1|222.72896934|34783131|2||2||1|1|2|2|2|2|2|2|2||1||3000000
3478314|1|1|1|214.6682276|34783141|2||2||1|1|2|2|1|2|2|2|2||1||1000000
3478315|1|1|1|534.82612113|34783151|2||2||2|1|2|2|2|2|2|2|2||1||1300000
3478316|1|1|1|471.91748034|34783161|2||2||1|1|2|2|2|2|2|2|2||1||1000000
3478317|1|1|1|199.82432725|34783171|2||2||1|1|2|2|2|2|2|2|2||1||1300000
3478318|1|1|1|467.88167031|34783181|2||2||1|1|2|2|2|2|2|2|2||1||1600000
3478319|1|1|1|436.88582016|34783191|2||2||1|1|2|2|2|2|2|2|2||1||1300000
3478320|1|1|1|215.10790895|34783201|2||2||1|1|2|2|2|2|2|2|2||1||800000
3478321|1|1|1|161.1226252|34783211|2||1|2|1|1|2|2|2|2|2|2|1||8||1000000
3478322|1|1|1|327.99592659|34783221|2||2||1|1|1|2|2|2|2|2|2||1||1500000
3478323|1|1|1|205.12383545|34783231|2||2||1|2|1|2|2|2|2|1|1||7||500000
3478324|1|1|1|254.45259008|34783241|2||2||1|1|1|2|1|2|2|2|2||1||1600000
3478325|1|1|1|176.03637371|34783251|2||2||1|1|2|2|2|2|2|2|2||1||1500000
3478326|1|1|1|658.31589798|34783261|2||2||1|1|2|2|2|2|2|2|1||1||1500000
3478327|1|1|1|412.89221274|34783271|2||2||1|1|2|2|2|2|2|2|1||1||3000000
3478328|1|1|1|205.43846446|34783281|2||2||1|1|1|2|2|2|2|2|2||1||900000
3478329|1|1|1|391.00701635|34783291|2||2||1|1|2|2|2|2|2|2|2||1||1600000
3478330|1|1|1|279.08879003|34783301|2||2||1|1|2|2|1|2|2|2|2||1||2000000
3478331|1|1|1|514.43338937|34783311|2||2||1|1|2|2|2|2|2|2|1||1||1600000
3478332|1|1|1|189.10152719|34783321|2||2||1|1|2|2|2|2|2|2|2||1||1300000
3478333|1|1|1|190.10700399|34783331|2||2||1|1|2|2|1|2|2|2|2||1||3000000
3478334|1|1|1|226.56624946|34783341|2||2||1|1|2|2|2|2|2|2|2||1||1600000
3478335|1|1|1|290.92538634|34783351|2||2||1|1|1|2|2|2|2|2|2||1||1000000
3478336|1|1|1|199.24085932|34783361|2||2||1|1|2|2|2|2|2|2|2||1||1000000
3478337|1|1|1|340.7349889|34783371|2||2||1|1|2|2|2|2|2|2|2||1||1600000
3478338|1|1|1|232.15342403|34783381|2||2||2|1|2|2|2|2|2|2|2||1||700000
3478339|1|1|1|289.16881253|34783391|2||2||1|1|2|2|2|2|2|2|2||1||1000000
3478340|1|1|1|490.92555655|34783401|2||2||2|1|2|2|2|2|2|2|2||1||2000000
3478341|1|1|1|200.12081507|34783411|2||2||1|2|2|2|2|2|2|2|1||8||500000
3478342|1|1|1|293.10618816|34783421|2||2||1|1|2|2|2|2|2|2|2||1||700000
3478343|1|1|1|248.24642935|34783431|2||2||1|1|2|2|1|2|2|2|2||4||700000
3478344|1|1|1|378.91714178|34783441|2||2||1|1|2|2|2|2|2|2|2||1||900000
3478345|1|1|1|362.0726144|34783451|2||2||1|1|1|2|2|2|2|2|2||1||900000
3478346|1|1|1|385.30768528|34783461|2||2||1|1|2|2|2|2|2|2|2||1||1600000
3478347|1|1|1|538.5550601|34783471|2||2||1|1|2|2|2|2|2|2|2||1||2000000
3478348|1|1|1|279.71432106|34783481|2||2||1|2|2|2|2|2|2|2|1||8||400000
3478349|1|1|1|510.22213107|34783491|2||2||1|1|1|2|2|2|2|2|2||1||1000000
3478350|1|1|1|447.26717263|34783501|2||2||1|1|2|2|2|2|2|2|2||1||1000000
3478351|1|1|1|472.42449213|34783511|2||2||1|1|2|2|2|2|2|2|2||1||1300000
3478352|1|1|1|538.5953309|34783521|2||2||1|1|2|2|1|2|2|2|2||1||1300000
3478353|1|1|1|753.56415636|34783531|2||2||1|1|2|2|2|2|2|2|2||1||1300000
3478354|1|1|1|638.88169886|34783541|2||2||1|1|1|2|2|2|2|1|2||1||1000000
3478355|1|1|1|600.39552909|34783551|2||2||1|1|2|2|2|2|2|2|2||1||1000000
3478356|1|1|1|557.30749216|34783561|2||2||1|1|2|2|2|2|2|2|2||1||800000
3478357|1|1|1|346.94053387|34783571|2||2||1|1|2|2|2|2|2|2|2||1||600000
3478358|1|1|1|790.796777|34783581|2||2||2|1|2|2|2|2|2|2|2||1||700000
3478359|1|1|1|374.11760207|34783591|2||2||1|1|1|2|2|2|2|2|2||1||1000000
3478360|1|1|1|179.45809503|34783601|2||2||1|1|2|2|2|2|2|2|2||1||1000000
3478361|1|1|1|181.38428585|34783611|2||2||1|2|2|2|2|2|2|2|1||8||1300000
3478362|1|1|1|265.25523253|34783621|2||2||1|2|1|2|2|2|2|2|1||8||400000
3478363|1|1|1|450.25429779|34783631|2||2||1|1|2|2|1|2|2|2|2||1||800000
3478364|1|1|1|234.01329873|34783641|2||2||1|1|1|2|2|2|2|1|2||1||1000000
3478365|1|1|1|234.01329873|34783651|2||2||1|2|2|1|2|2|2|2|1||3||1200000
3478366|1|1|1|186.05929594|34783661|2||2||1|1|1|2|2|2|2|2|1||1||1900000
3478367|1|1|1|324.24052205|34783671|2||2||1|1|2|2|2|2|2|2|2||1||2300000
3478368|1|1|1|356.72933798|34783681|2||2||1|1|2|2|2|2|2|2|2||1||2900000
3478369|1|1|1|113.31105344|34783691|2||2||2|1|2|2|2|2|2|2|2||1||3000000
3478370|1|1|1|215.81591316|34783701|2||2||1|1|2|2|2|2|2|2|2||1||1400000
3478371|1|1|1|361.5776573|34783711|2||2||1|1|2|2|2|2|2|2|2||1||1900000
3478372|1|1|1|273.67531206|34783721|2||2||1|1|2|2|2|2|2|2|2||1||1500000
3478373|1|1|1|231.81043505|34783731|2||2||1|1|2|2|2|2|1|2|2||1||2800000
3478374|1|1|1|164.90181088|34783741|2||2||1|1|2|2|2|2|2|2|2||1||5000000
3478375|1|1|1|113.31105344|34783751|2||2||1|1|2|2|1|2|2|2|1||1||1300000
3478376|1|1|1|215.81591316|34783761|2||2||1|1|2|2|2|2|2|2|1||1||1200000
3478377|1|1|1|415.614816|34783771|2||2||1|1|2|2|2|2|2|2|2||1||99
3478378|1|1|1|155.34588933|34783781|2||2||1|2|2|2|2|2|2|2|1||8||900000
3478379|1|1|1|255.99555664|34783791|2||2||1|2|1|2|2|2|2|2|1||8||700000
3478380|1|1|1|149.36457044|34783801|2||2||1|1|2|2|2|2|2|2|2||1||2000000
3478381|1|1|1|224.20972874|34783811|2||2||1|1|2|2|2|2|2|2|2||1||1400000
3478382|1|1|1|505.74611936|34783821|2||2||1|1|2|2|1|2|2|2|1||8||800000
3478383|1|1|1|520.26197471|34783831|2||2||1|1|2|1|2|2|2|2|2||3||2000000
3478384|1|1|1|149.36457044|34783841|2||2||1|1|2|2|2|2|2|2|2||1||1000000
3478385|1|1|1|463.88350641|34783851|2||2||1|1|2|2|2|2|2|2|2||1||2300000
3478386|1|1|1|247.25146074|34783861|2||2||1|1|2|2|2|2|2|2|2||1||2000000
3478389|1|1|1|287.53265922|34783891|2||2||1|1|2|2|2|2|2|2|2||1||1500000
3478390|1|1|1|296.74688059|34783901|2||2||1|2|2|2|2|2|2|2|1||8||98
3478391|1|1|1|285.54856464|34783911|2||2||1|2|2|1|2|2|2|2|2||3||1800000
3478392|1|1|1|162.04183283|34783921|2||2||1|1|2|2|2|2|2|2|2||1||2400000
3478393|1|1|1|296.74688059|34783931|2||2||1|1|2|2|2|2|2|2|2||1||400000
3478394|1|1|1|433.52924773|34783941|2||2||1|1|2|2|2|2|2|2|2||1||600000
3478395|1|1|1|272.76736765|34783951|2||2||1|1|2|2|2|2|2|2|2||1||1500000
3478396|1|1|1|297.25647725|34783961|2||2||1|1|2|2|1|2|2|2|2||1||2500000
3478397|1|1|1|666.06707262|34783971|2||2||1|1|2|2|2|2|2|1|2||1||5500000
3478398|1|1|1|598.66474512|34783981|2||2||1|1|2|2|2|2|2|2|2||1||5000000
3478399|1|1|1|598.66474512|34783991|2||2||1|1|2|2|2|2|2|2|2||1||5000000
3478400|1|1|1|558.02141567|34784001|2||2||1|1|2|2|2|2|2|2|2||1||7000000
3478401|1|1|1|360.72271129|34784011|2||2||1|1|2|2|2|2|2|2|2||1||99
3478403|1|1|1|141.6388168|34784031|2||2||1|1|2|2|1|2|2|2|2||1||2900000
3478404|1|1|1|167.49250931|34784041|2||2||1|1|2|1|2|2|2|2|2||3||2500000
3478405|1|1|1|258.00618795|34784051|2||2||1|1|2|2|2|2|2|2|2||1||3800000
3478406|1|1|1|394.11749793|34784061|2||2||1|1|2|1|2|2|2|2|2||3||1800000
3478407|1|1|1|243.05946303|34784071|2||2||2|1|2|2|2|2|2|2|2||1||3900000
3478408|1|1|1|342.09414007|34784081|2||2||1|1|2|2|2|2|2|2|2||1||1000000
3478409|1|1|1|328.58639792|34784091|2||2||1|1|2|2|2|2|2|2|2||1||800000
3478410|1|1|1|451.97207162|34784101|2||2||2|1|2|2|2|2|2|2|2||1||3000000
3478411|1|1|1|148.72075764|34784111|2||2||1|1|2|2|2|2|2|2|2||1||1500000
3478412|1|1|1|216.43362677|34784121|2||2||1|1|2|2|2|2|2|2|2||1||1400000
3478413|1|1|1|517.74930844|34784131|2||2||1|1|2|2|1|2|2|2|2||1||2000000
3478414|1|1|1|283.25838602|34784141|2||2||1|1|2|2|2|2|2|2|1||1||1000000
3478415|1|1|1|330.83258857|34784151|2||2||1|1|2|2|2|2|2|2|2||1||1000000
3478416|1|1|1|216.43362677|34784161|2||2||1|1|2|2|2|2|2|2|2||1||1400000
3478417|1|1|1|216.43362677|34784171|2||2||1|1|2|2|2|2|2|1|2||1||1000000
3478419|1|1|1|286.66322638|34784191|2||2||1|1|2|2|2|2|2|2|2||1||1300000
3478420|1|1|1|318.86938038|34784201|2||2||2|1|1|2|2|2|2|2|2||1||1800000
3478421|1|1|1|308.60434334|34784211|2||2||1|1|2|2|2|2|2|2|2||1||2000000
3478422|1|1|1|244.64287931|34784221|2||2||1|1|2|1|2|2|2|2|2||3||3000000
3478423|1|1|1|262.83230933|34784231|2||2||1|1|2|2|2|2|2|2|1||1||1000000
3478424|1|1|1|141.6388168|34784241|2||2||1|1|2|2|2|2|2|2|2||1||2200000
3478425|1|1|1|141.6388168|34784251|2||2||1|1|2|2|2|2|2|2|2||1||2000000
3478426|1|1|1|141.6388168|34784261|2||2||1|1|2|2|1|2|2|2|2||1||2800000
3478430|1|1|1|466.34646881|34784301|2||2||2|1|2|2|2|2|2|2|2||1||1800000
3478431|1|1|1|207.14676957|34784311|2||2||1|1|2|2|2|2|2|2|2||1||1300000
3478432|1|1|1|392.22271994|34784321|2||2||1|1|2|2|2|2|2|2|2||1||3000000
3478433|1|1|1|627.39594732|34784331|2||2||2|1|2|2|2|2|2|2|2||1||1500000
3478434|1|1|1|380.32732809|34784341|2||2||1|1|2|2|2|2|2|2|2||1||1400000
3478435|1|1|1|215.44198229|34784351|2||2||1|1|2|2|2|2|2|2|2||1||600000
3478436|1|1|1|627.39594732|34784361|2||2||1|1|2|2|2|2|2|2|2||1||1400000
3478437|1|1|1|500.31267985|34784371|2||2||1|1|2|2|2|2|2|2|2||1||1400000
3478439|1|1|1|576.39684073|34784391|2||2||1|1|2|1|2|2|2|2|2||3||3000000
3478440|1|1|1|301.46112301|34784401|2||2||1|1|2|2|2|2|2|2|2||1||3000000
3478442|1|1|1|207.14676957|34784421|2||2||1|1|2|2|2|2|2|2|2||1||800000
3478443|1|1|1|212.94565583|34784431|2||2||1|1|2|2|2|2|2|2|2||1||6000000
3478446|1|1|1|276.80517804|34784461|2||2||1|1|2|1|2|2|2|1|2||3||5500000
3478447|1|1|1|201.61002053|34784471|2||2||1|1|1|2|2|2|2|2|1||1||3000000
3478448|1|1|1|191.05256459|34784481|2||2||1|1|1|2|2|2|2|2|1||1||3100000
3478449|1|1|1|353.95104323|34784491|2||2||1|1|2|2|2|2|2|1|1||1||3200000
3478450|1|1|1|212.46899357|34784501|2||2||1|1|2|2|2|2|2|2|2||1||2900000
3478452|1|1|1|1092.642301|34784521|2||2||1|1|2|2|2|2|2|2|2||1||3000000
3478453|1|1|1|634.59578753|34784531|2||2||2|1|2|2|2|2|2|2|2||1||2900000
3478454|1|1|1|410.03872806|34784541|2||2||2|1|2|1|2|2|2|2|2||3||3200000
3478455|1|1|1|640.84957595|34784551|2||2||1|1|2|2|2|2|2|2|2||1||3800000
3478460|1|1|1|734.03310044|34784601|2||2||1|1|2|1|2|2|2|2|2||1||5000000
3478461|1|1|1|713.90348124|34784611|2||2||1|1|2|2|2|2|2|2|2||1||99
3478462|1|1|1|174.68787405|34784621|2||2||1|1|2|2|2|2|2|2|2||1||900000
3478463|1|1|1|698.7514962|34784631|2||2||1|1|2|2|2|2|2|2|2||1||1500000
3478464|1|1|1|262.2222977|34784641|2||2||2|1|2|2|2|2|2|2|2||1||1600000
3478465|1|1|1|245.66727382|34784651|2||2||1|1|1|2|2|2|2|2|2||1||1300000
3478468|1|1|1|233.11158624|34784681|2||2||2|1|1|2|2|2|2|2|2||1||1400000
3478470|1|1|1|698.7514962|34784701|2||2||1|1|2|2|2|2|2|2|2||1||1000000
3478471|1|1|1|486.07824745|34784711|2||2||1|1|2|2|2|2|2|2|2||1||1300000
3478472|1|1|1|245.66727382|34784721|2||2||1|1|1|2|2|2|1|2|2||1||1200000
3478473|1|1|1|275.42289359|34784731|2||2||1|1|1|2|1|2|2|2|2||1||900000
3478474|1|1|1|148.40307611|34784741|2||2||1|1|1|2|1|2|2|2|2||1||1200000
3478475|1|1|1|339.55074556|34784751|2||2||2|1|2|2|2|2|2|2|2||1||1100000
3478476|1|1|1|410.60554314|34784761|2||2||1|1|2|2|2|2|2|2|2||1||1300000
3478477|1|1|1|547.30320101|34784771|2||2||1|1|2|2|2|2|2|2|2||1||2900000
3478478|1|1|1|339.53927785|34784781|2||2||1|1|2|2|2|2|2|2|2||1||1200000
3478479|1|1|1|356.54666876|34784791|2||2||1|1|2|2|2|2|2|2|2||1||1300000
3478480|1|1|1|278.76222116|34784801|2||2||1|2|2|2|2|2|2|2|1||8||500000
3478481|1|1|1|205.82933752|34784811|2||2||1|1|2|2|2|2|2|2|2||1||1500000
3478482|1|1|1|152.22111569|34784821|2||2||1|2|2|2|2|2|2|2|1||8||600000
3478483|1|1|1|66.666482358|34784831|2||2||1|1|1|2|2|2|2|2|1||8||680000
3478484|1|1|1|76.845204736|34784841|2||2||1|1|2|2|2|2|2|2|2||1||1400000
3478485|1|1|1|69.435820559|34784851|2||2||1|1|2|2|2|2|2|2|2||1||900000
3478486|1|1|1|99.350880992|34784861|2||2||1|1|2|1|2|2|2|2|2||1||500000
3478487|1|1|1|42.735757593|34784871|2||1|3|1|1|2|2|2|2|2|2|1||8||500000
3478488|1|1|1|71.733036727|34784881|2||2||1|1|2|2|2|2|2|2|2||1||1200000
3478489|1|1|1|37.992502736|34784891|2||2||1|1|1|2|2|2|2|2|2||1||850000
3478490|1|1|1|66.666482358|34784901|2||2||1|2|2|1|2|2|2|2|2||3||1900000
3478491|1|1|1|34.48613949|34784911|2||2||1|1|2|2|2|2|2|2|2||1||900000
3478492|1|1|1|45.093233252|34784921|2||2||1|1|2|2|2|2|2|2|2||1||600000
3478493|1|1|1|101.54986898|34784931|2||2||1|1|2|2|2|2|2|2|2||1||650000
3478494|1|1|1|115.93257971|34784941|2||2||1|1|2|2|2|2|2|2|2||1||3000000
3478495|1|1|1|75.776762306|34784951|2||2||1|2|1|2|2|2|2|2|1||8||500000
3478496|1|1|1|102.36094987|34784961|2||2||1|1|2|2|2|2|2|2|2||1||900000
3478497|1|1|1|100.4025636|34784971|2||2||1|1|2|2|2|2|2|2|1||1||1500000
3478498|1|1|1|77.498961449|34784981|2||2||1|1|2|2|2|2|2|2|2||1||1400000
3478499|1|1|1|121.88152437|34784991|2||2||1|1|2|2|2|2|2|2|2||1||600000
3478500|1|1|1|89.89777923|34785001|2||2||1|1|2|2|2|2|2|2|2||1||900000
3478501|1|1|1|118.74895687|34785011|2||2||1|1|2|2|2|2|2|2|1||1||400000
3478502|1|1|1|123.35484169|34785021|2||2||1|1|2|2|2|2|2|2|2||1||500000
3478503|1|1|1|93.211892541|34785031|2||1|1|1|1|2|2|2|2|2|2|1||1||800000
3478504|1|1|1|104.0117594|34785041|2||2||1|1|2|2|2|2|2|2|2||1||800000
3478505|1|1|1|90.079325039|34785051|2||2||1|1|2|2|1|2|2|2|2||4||1000000
3478506|1|1|1|186.73327455|34785061|2||2||1|1|2|2|2|2|2|2|2||1||3000000
3478507|1|1|1|145.77014985|34785071|2||2||1|1|2|2|2|2|2|2|2||1||6300000
3478508|1|1|1|79.681650669|34785081|2||2||1|1|2|1|2|2|2|2|2||3||5000000
3478509|1|1|1|174.26060796|34785091|2||2||1|1|2|2|2|2|2|2|2||1||2000000
3478510|1|1|1|141.19110507|34785101|2||2||1|1|2|2|2|2|2|1|2||1||4000000
3478511|1|1|1|161.4547516|34785111|2||2||1|1|2|1|2|2|2|2|2||3||2000000
3478512|1|1|1|143.94508575|34785121|2||2||1|1|2|2|2|2|2|1|2||1||4000000
3478513|1|1|1|150.07743017|34785131|2||2||1|1|2|2|2|2|2|2|1||1||1300000
3478514|1|1|1|106.56107199|34785141|2||2||1|1|2|2|2|2|2|2|1||8||1200000
3478515|1|1|1|163.2798157|34785151|2||2||1|1|2|2|2|2|2|2|2||1||2500000
3478516|1|1|1|126.57509303|34785161|2||2||1|1|2|2|2|2|2|2|2||1||1900000
3478517|1|1|1|124.99965442|34785171|2||2||1|2|1|2|2|2|2|1|1||8||1000000
3478518|1|1|1|124.99965442|34785181|2||2||1|2|1|2|2|2|2|2|1||8||400000
3478519|1|1|1|162.89051709|34785191|2||2||1|1|2|1|2|2|2|2|2||3||2000000
3478520|1|1|1|88.446222658|34785201|2||2||1|2|2|2|1|2|2|2|1||8||500000
3478521|1|1|1|119.32400223|34785211|2||2||2|1|2|2|2|2|2|2|2||1||3200000
3478522|1|1|1|69.383215871|34785221|2||2||2|1|2|2|2|2|2|2|2||1||900000
3478523|1|1|1|116.75545844|34785231|2||2||1|1|2|1|2|2|2|2|2||3||4000000
3478524|1|1|1|120.36243179|34785241|2||2||1|1|2|2|2|2|2|2|1||1||1000000
3478525|1|1|1|123.65364071|34785251|2||2||1|1|2|2|1|2|2|2|2||1||600000
3478526|1|1|1|100.31938959|34785261|2||2||1|1|2|2|2|2|2|2|2||1||3000000
3478527|1|1|1|69.294850102|34785271|2||2||1|1|1|2|2|2|2|2|2||1||900000
3478528|1|1|1|93.727143498|34785281|2||2||1|1|1|2|2|2|2|2|2||1||750000
3478529|1|1|1|163.20514658|34785291|2||2||1|1|1|2|2|2|2|2|2||1||700000
3478530|1|1|1|135.451039|34785301|2||2||1|1|1|2|2|2|2|2|1||1||400000
3478531|1|1|1|149.57985526|34785311|2||2||1|1|2|2|2|2|2|2|2||1||600000
3478532|1|1|1|157.10296052|34785321|2||2||1|1|2|2|2|2|2|2|2||1||900000
3478533|1|1|1|168.12775266|34785331|2||2||1|1|2|2|2|2|2|2|2||1||600000
3478534|1|1|1|74.563738673|34785341|2||2||1|1|2|2|2|2|2|2|2||1||800000
3478535|1|1|1|163.20514658|34785351|2||2||1|1|1|2|2|2|2|2|2||1||500000
3478536|1|1|1|130.19216355|34785361|2||2||1|1|1|2|2|2|2|2|2||1||600000
3478537|1|1|1|106.56107199|34785371|2||2||1|1|1|2|2|2|2|2|1||8||700000
3478538|1|1|1|111.24673222|34785381|2||2||1|1|2|2|2|2|2|2|2||1||800000
3478539|1|1|1|182.22524703|34785391|2||2||1|1|2|2|2|2|2|2|2||1||1300000
3478540|1|1|1|106.56107199|34785401|2||1|1|1|1|2|2|2|2|2|2|2||1||750000
3478541|1|1|1|145.77014985|34785411|2||2||1|1|2|2|2|2|2|2|2||1||350000
3478542|1|1|1|107.38003622|34785421|2||2||1|1|2|2|2|2|2|2|2||1||1500000
3478543|1|1|1|69.622544439|34785431|2||2||1|1|2|2|2|2|2|2|1||1||450000
3478544|1|1|1|84.523575847|34785441|2||2||1|2|2|2|2|2|2|2|1||8||400000
3478545|1|1|1|70.772810217|34785451|2||2||1|1|2|2|1|2|2|2|1||1||1700000
3478546|1|1|1|80.855618283|34785461|2||2||1|1|2|2|2|2|2|2|2||1||450000
3478547|1|1|1|70.604015839|34785471|2||2||1|1|2|2|2|2|2|2|2||1||1000000
3478548|1|1|1|80.372053727|34785481|2||2||1|1|2|2|2|2|2|2|1||1||300000
3478549|1|1|1|113.32079826|34785491|2||2||1|1|2|2|2|2|2|2|2||1||900000
3478550|1|1|1|97.259947341|34785501|2||2||1|1|2|2|2|2|2|2|2||1||900000
3478551|1|1|1|113.32079826|34785511|2||2||1|1|2|2|2|2|2|2|2||1||400000
3478552|1|1|1|113.32079826|34785521|2||2||1|1|2|2|1|2|2|2|2||1||600000
3478553|1|1|1|126.13151849|34785531|2||2||1|1|2|2|2|2|2|2|2||1||1000000
3478554|1|1|1|88.034701066|34785541|2||2||1|1|2|2|2|2|2|2|2||1||950000
3478555|1|1|1|111.24673222|34785551|2||2||1|1|1|2|1|2|2|2|1||8||350000
3478556|1|1|1|120.89192298|34785561|2||2||1|1|2|2|2|2|2|2|2||1||1300000
3478557|1|1|1|145.77014985|34785571|2||2||1|1|2|2|2|2|2|2|2||1||800000
3478558|1|1|1|163.2798157|34785581|2||2||1|1|2|2|2|2|2|2|2||1||700000
3478559|1|1|1|127.91672676|34785591|2||2||1|1|1|2|2|2|2|2|2||1||400000
3478560|1|1|1|120.89192298|34785601|2||2||1|2|1|2|2|2|2|2|1||8||500000
3478561|1|1|1|182.22524703|34785611|2||2||1|1|2|2|2|2|2|2|2||1||400000
3478562|1|1|1|108.97129543|34785621|2||2||1|1|2|2|2|2|2|2|2||1||500000
3478563|1|1|1|90.29285277|34785631|2||1|3|1|2|2|2|2|2|2|2|1||8||400000
3478564|1|1|1|42.274906174|34785641|2||2||1|1|2|2|2|2|2|2|2||1||400000
3478566|1|1|1|79.073635978|34785661|2||2||1|1|2|2|2|2|2|2|2||1||800000
3478567|1|1|1|49.286549837|34785671|2||2||1|1|2|2|2|2|2|2|2||1||1000000
3478568|1|1|1|366.90656319|34785681|2||2||1|1|2|1|2|2|2|2|2||3||2500000
3478569|1|1|1|333.1710523|34785691|2||2||1|1|2|2|2|2|2|2|2||1||1600000
3478570|1|1|1|291.20082085|34785701|2||2||1|1|2|2|2|2|2|2|2||1||2500000
3478571|1|1|1|268.69433699|34785711|2||2||1|1|2|1|2|2|2|2|2||3||2000000
3478572|1|1|1|216.37867417|34785721|2||2||1|1|2|2|2|2|2|2|1||8||3500000
3478573|1|1|1|295.25450502|34785731|2||2||1|1|2|2|2|2|2|2|2||1||3000000
3478574|1|1|1|144.11968855|34785741|2||2||1|1|2|1|2|2|2|2|2||1||12000000
3478575|1|1|1|194.25862514|34785751|2||2||1|1|2|2|2|2|2|2|2||1||4800000
3478576|1|1|1|271.30492238|34785761|2||2||1|1|2|2|2|2|2|2|2||1||7000000
3478577|1|1|1|175.83145184|34785771|2||2||1|1|2|2|2|2|2|2|2||1||4000000
3478578|1|1|1|141.16249954|34785781|2||2||1|1|2|2|2|2|2|2|2||1||7500000
3478579|1|1|1|159.21143933|34785791|2||2||1|2|2|1|2|2|2|2|2||3||2700000
3478580|1|1|1|96.744801447|34785801|2||2||2|1|2|2|2|2|2|2|2||1||3000000
3478581|1|1|1|209.0590221|34785811|2||2||1|1|2|2|2|2|2|2|2||1||5000000
3478582|1|1|1|141.79380419|34785821|2||2||1|1|2|2|2|2|2|2|2||1||2000000
3478583|1|1|1|182.92345615|34785831|2||2||1|1|2|2|2|2|2|2|2||1||2500000
3478584|1|1|1|248.77053186|34785841|2||2||1|1|2|2|2|2|2|2|2||1||2000000
3478585|1|1|1|169.40832255|34785851|2||2||1|1|2|2|2|2|2|2|2||1||3500000
3478586|1|1|1|153.53757722|34785861|2||2||1|1|2|2|2|2|2|2|2||1||3000000
3478587|1|1|1|223.48580106|34785871|2||2||1|2|2|1|2|2|2|2|2||3||2500000
3478588|1|1|1|183.54545206|34785881|2||2||1|1|2|2|2|2|2|2|2||1||4000000
3478589|1|1|1|223.48580106|34785891|2||2||1|1|2|2|2|2|2|2|2||1||2000000
3478590|1|1|1|180.14961069|34785901|2||2||1|1|2|2|2|2|2|2|2||1||5000000
3478591|1|1|1|238.95464817|34785911|2||2||1|2|2|1|2|2|2|2|2||3||1500000
3478592|1|1|1|131.87970519|34785921|2||2||1|1|2|2|2|2|2|2|2||1||3500000
3478593|1|1|1|198.52581324|34785931|2||2||1|1|2|2|2|2|2|2|2||1||5000000
3478594|1|1|1|238.95464817|34785941|2||2||1|2|2|1|2|2|2|2|2||3||1200000
3478595|1|1|1|226.39315651|34785951|2||2||1|1|2|2|2|2|2|2|2||1||1600000
3478596|1|1|1|297.78871986|34785961|2||2||1|1|2|2|2|2|2|2|2||1||1500000
3478597|1|1|1|287.8829573|34785971|2||2||2|1|2|2|2|2|2|2|2||1||2000000
3478598|1|1|1|500.6191667|34785981|2||2||1|1|1|2|2|2|2|2|2||1||2800000
3478599|1|1|1|711.17097789|34785991|2||2||1|1|2|2|2|2|2|2|2||1||1500000
3478600|1|1|1|260.31865346|34786001|2||2||1|1|2|2|2|2|2|2|2||1||2000000
3478601|1|1|1|227.97243379|34786011|2||2||1|1|2|2|2|2|2|2|2||1||1000000
3478602|1|1|1|287.8829573|34786021|2||2||1|1|2|2|2|2|2|2|2||1||500000
3478603|1|1|1|348.52620969|34786031|2||2||1|1|2|1|2|2|2|2|2||3||1500000
3478604|1|1|1|440.58688697|34786041|2||2||1|1|2|2|2|2|2|2|2||1||1500000
3478605|1|1|1|335.2287016|34786051|2||2||2|2|2|1|2|2|2|2|2||3||3000000
3478606|1|1|1|275.31817809|34786061|2||2||1|1|2|2|2|2|2|2|2||1||800000
3478607|1|1|1|358.43197225|34786071|2||2||1|2|2|1|2|2|2|2|2||3||1500000
3478608|1|1|1|408.99209425|34786081|2||2||1|1|2|2|2|2|2|2|2||1||1000000
3478609|1|1|1|270.22441603|34786091|2||2||1|1|2|2|2|2|2|2|2||1||1500000
3478610|1|1|1|339.58973477|34786101|2||2||1|1|1|2|2|2|2|2|2||1||500000
3478611|1|1|1|352.88724286|34786111|2||2||1|1|2|2|2|2|2|2|2||1||1500000
3478612|1|1|1|339.58973477|34786121|2||2||1|2|1|2|2|2|2|2|1||2||300000
3478613|1|1|1|339.58973477|34786131|2||2||1|1|2|2|2|2|2|2|2||1||600000
3478614|1|1|1|297.78871986|34786141|2||2||1|1|2|2|2|2|2|2|2||1||1300000
3478615|1|1|1|257.61394328|34786151|2||2||1|1|2|2|2|2|2|2|2||1||6000000
3478616|1|1|1|217.33372022|34786161|2||2||2|1|2|2|2|2|2|2|2||1||3000000
3478617|1|1|1|226.77721387|34786171|2||2||1|1|2|2|2|2|2|2|2||1||3500000
3478618|1|1|1|439.82127253|34786181|2||2||1|1|2|2|2|2|2|2|2||1||10000000
3478619|1|1|1|226.77721387|34786191|2||2||1|1|2|2|2|2|2|2|2||1||5000000
3478620|1|1|1|468.1902298|34786201|2||2||1|1|2|2|2|2|2|2|2||1||4000000
3478621|1|1|1|530.16098204|34786211|2||2||1|1|2|2|1|2|2|2|2||1||9000000
3478622|1|1|1|383.66665435|34786221|2||2||1|1|1|2|1|2|2|2|2||1||1500000
3478623|1|1|1|252.90252405|34786231|2||2||1|1|2|2|2|2|2|2|2||1||600000
3478624|1|1|1|334.28540218|34786241|2||2||1|1|2|2|2|2|2|2|2||1||1300000
3478625|1|1|1|293.11100088|34786251|2||2||1|1|2|2|2|2|2|2|2||1||1000000
3478626|1|1|1|362.30593908|34786261|2||2||1|1|2|2|2|2|2|2|2||1||2300000
3478627|1|1|1|256.87624678|34786271|2||2||1|2|1|2|2|2|2|2|1||8||600000
3478628|1|1|1|243.37264325|34786281|2||2||1|1|2|2|2|2|2|2|2||1||1000000
3478629|1|1|1|213.41524924|34786291|2||2||1|1|2|2|2|2|2|2|2||1||1400000
3478630|1|1|1|236.96937932|34786301|2||2||2|1|2|2|2|2|2|2|2||1||3000000
3478631|1|1|1|246.91980311|34786311|2||2||1|2|1|2|2|2|2|2|1||8||1700000
3478632|1|1|1|218.8190833|34786321|2||2||1|1|2|2|2|2|2|2|2||1||30000000
3478633|1|1|1|271.41710352|34786331|2||2||2|1|2|2|2|2|2|2|2||1||2500000
3478634|1|1|1|230.93532777|34786341|2||2||1|1|2|2|2|2|2|2|2||1||2000000
3478635|1|1|1|209.64569683|34786351|2||2||1|1|2|1|2|2|2|2|2||1||8000000
3478636|1|1|1|271.41710352|34786361|2||2||1|1|2|2|2|2|2|2|2||1||4500000
3478637|1|1|1|348.65228613|34786371|2||2||1|1|2|2|2|2|2|2|2||1||5000000
3478638|1|1|1|317.81956756|34786381|2||2||2|1|2|2|2|2|2|2|2||1||3000000
3478639|1|1|1|198.31937058|34786391|2||2||2|1|2|2|2|2|2|2|2||1||1500000
3478640|1|1|1|261.71177936|34786401|2||2||1|1|2|2|2|2|2|2|2||1||2000000
3478641|1|1|1|518.67950579|34786411|2||2||1|1|2|2|2|2|2|2|2||1||3000000
3478642|1|1|1|645.20823744|34786421|2||2||1|1|2|2|2|2|2|2|1||8||2000000
3478643|1|1|1|261.71177936|34786431|2||2||1|1|2|2|2|2|2|2|2||1||6000000
3478644|1|1|1|320.80658442|34786441|2||2||1|1|2|2|2|2|2|2|2||1||2700000
3478645|1|1|1|275.34771084|34786451|2||2||1|1|2|2|2|2|2|2|2||1||2000000
3478646|1|1|1|248.44374305|34786461|2||2||1|1|2|1|2|2|2|2|2||3||4000000
3478647|1|1|1|466.00922334|34786471|2||2||1|1|2|2|2|2|2|2|2||1||1200000
3478648|1|1|1|197.96694765|34786481|2||2||1|1|2|1|2|2|2|2|2||1||4500000
3478649|1|1|1|285.72610924|34786491|2||2||2|1|2|2|2|2|2|2|2||1||3000000
3478650|1|1|1|296.19579631|34786501|2||2||1|1|2|1|2|2|2|2|2||1||3000000
3478651|1|1|1|201.99070307|34786511|2||1|1|1|1|2|2|2|2|2|2|2||1||2000000
3478652|1|1|1|290.53154138|34786521|2||2||1|1|2|2|2|2|2|2|1||1||2800000
3478653|1|1|1|302.05604839|34786531|2||2||1|1|2|2|2|2|2|2|1||8||1000000
3478654|1|1|1|290.53154138|34786541|2||2||1|2|2|1|2|2|2|2|2||3||1500000
3478655|1|1|1|460.98000011|34786551|2||2||1|2|2|1|2|2|2|2|2||3||2000000
3478656|1|1|1|234.19449389|34786561|2||2||2|1|2|2|2|2|2|2|2||1||1500000
3478657|1|1|1|238.60908768|34786571|2||2||1|1|2|2|2|2|2|2|2||1||1800000
3478658|1|1|1|401.44046167|34786581|2||2||1|1|2|2|2|2|2|2|2||1||1800000
3478659|1|1|1|325.32293903|34786591|2||2||1|1|2|2|2|2|2|2|2||1||2000000
3478660|1|1|1|525.96004221|34786601|2||1|1|1|1|2|2|2|2|2|2|1||8||6000000
3478661|1|1|1|227.97243379|34786611|2||2||2|1|2|2|2|2|2|2|2||1||2000000
3478662|1|1|1|227.97243379|34786621|2||2||1|1|2|2|2|2|2|2|2||1||1500000
3478663|1|1|1|552.70247464|34786631|2||2||1|1|2|2|2|2|2|2|2||1||1600000
3478664|1|1|1|364.23492213|34786641|2||2||1|1|2|2|2|2|2|2|2||1||3000000
3478665|1|1|1|286.21489003|34786651|2||2||1|1|2|2|1|2|2|2|2||1||3000000
3478666|1|1|1|352.88724286|34786661|2||2||1|2|2|2|2|2|2|2|1||8||700000
3478667|1|1|1|716.26473995|34786671|2||2||1|1|2|2|2|2|2|2|2||1||3000000
3478668|1|1|1|287.8829573|34786681|2||2||1|1|2|2|2|2|2|2|2||1||1500000
3478669|1|1|1|317.64060478|34786691|2||2||1|1|2|2|1|2|2|2|2||1||1500000
3478670|1|1|1|179.8489658|34786701|2||2||1|2|2|1|2|2|2|2|2||3||2500000
3478671|1|1|1|155.67810879|34786711|2||2||1|1|2|1|2|2|2|2|2||3||3500000
3478672|1|1|1|216.88195935|34786721|2||2||1|1|2|1|2|2|2|2|2||1||4500000
3478673|1|1|1|155.3774639|34786731|1|1|2||1|1|2|2|2|2|2|2|2||1||3000000
3478674|1|1|1|151.98162253|34786741|2||2||1|1|2|2|2|2|2|2|2||1||5000000
3478675|1|1|1|191.92197153|34786751|2||2||1|1|2|2|2|2|2|2|2||1||5000000
3478676|1|1|1|211.76040319|34786761|2||1|1|1|1|2|2|2|2|2|2|1||8||7000000
3478677|1|1|1|307.56732345|34786771|1|1|2||2|1|2|2|2|2|2|2|2||1||8000000
3478678|1|1|1|305.72975239|34786781|2||2||1|1|2|2|2|2|2|2|2||1||1500000
3478679|1|1|1|348.64546103|34786791|2||2||1|2|1|2|2|2|2|2|1||8||500000
3478680|1|1|1|367.99015818|34786801|2||2||1|2|2|2|2|2|2|1|2||7||2500000
3478681|1|1|1|362.29756933|34786811|2||2||1|1|2|2|2|2|2|2|2||1||1500000
3478682|1|1|1|300.96029822|34786821|2||2||1|1|1|2|2|2|2|2|2||1||600000
3478683|1|1|1|284.94439636|34786831|2||2||1|1|1|2|2|2|2|2|1||8||600000
3478684|1|1|1|284.94439636|34786841|2||2||1|2|1|2|2|2|2|2|1||8||600000
3478685|1|1|1|280.23137637|34786851|2||2||1|2|1|2|2|2|2|2|1||8||500000
3478686|1|1|1|399.79285429|34786861|2||2||1|1|2|2|2|2|2|2|2||1||1450000
3478687|1|1|1|244.7005137|34786871|2||2||1|1|2|2|2|2|2|2|2||1||2000000
3478688|1|1|1|390.14732691|34786881|2||1|1|1|2|2|2|2|2|2|2|1||8||1600000
3478689|1|1|1|44.215687725|34786891|2||2||1|1|2|2|2|2|2|2|1||8||98
3478690|1|1|1|90.207422459|34786901|2||2||1|1|1|2|2|2|2|2|2||1||4000000
3478691|1|1|1|86.453698086|34786911|2||2||1|1|2|2|2|2|2|1|2||1||8000000
3478692|1|1|1|109.34133505|34786921|2||2||1|1|2|2|2|2|2|2|2||1||7000000
3478693|1|1|1|77.657579331|34786931|2||2||1|1|2|2|2|2|2|2|2||1||6000000
3478694|1|1|1|92.679354047|34786941|2||2||1|1|2|2|2|2|2|2|1||1||3000000
3478695|1|1|1|106.33475666|34786951|2||2||1|2|2|2|2|2|2|2|1||8||700000
3478696|1|1|1|100.88219993|34786961|2||2||1|1|2|2|2|2|2|2|2||1||2500000
3478697|1|1|1|94.535963284|34786971|2||2||1|2|1|2|2|2|2|1|1||8||1300000
3478698|1|1|1|61.837475435|34786981|2||2||1|1|2|2|1|2|2|2|2||1||2000000
3478699|1|1|1|117.6659548|34786991|2||2||1|1|2|2|2|2|2|2|1||1||1400000
3478700|1|1|1|147.06503125|34787001|2||2||1|2|2|2|2|2|2|2|1||8||1000000
3478701|1|1|1|134.47761096|34787011|2||2||1|1|2|2|2|2|2|2|2||1||1300000
3478702|1|1|1|181.94952623|34787021|2||2||1|1|2|2|2|2|2|2|2||1||1300000
3478703|1|1|1|85.538119729|34787031|2||2||1|2|2|2|2|2|2|2|1||8||700000
3478704|1|1|1|85.635598035|34787041|2||2||1|2|2|2|2|2|2|2|1||8||900000
3478705|1|1|1|85.538119729|34787051|2||2||1|2|2|1|2|2|2|2|2||3||2300000
3478706|1|1|1|114.77458562|34787061|2||2||1|1|2|2|2|2|2|2|2||1||2800000
3478707|1|1|1|106.95632787|34787071|2||2||1|1|2|2|2|2|2|2|1||8||1200000
3478708|1|1|1|147.06503125|34787081|2||2||1|1|2|2|2|2|2|2|1||1||2400000
3478709|1|1|1|147.06503125|34787091|2||2||1|1|2|2|2|2|2|2|2||1||2000000
3478710|1|1|1|147.06503125|34787101|2||2||1|2|2|2|2|2|2|2|1||8||1000000
3478711|1|1|1|138.51133498|34787111|2||2||1|1|2|2|2|2|2|2|2||1||1800000
3478712|1|1|1|139.27911994|34787121|2||2||1|1|2|2|2|2|2|2|1||8||1600000
3478713|1|1|1|110.14013235|34787131|2||2||1|1|2|2|2|2|2|2|2||1||98
3478716|1|1|1|154.62320014|34787161|2||2||1|1|2|2|2|2|2|2|2||1||3800000
3478717|1|1|1|114.67710731|34787171|2||2||1|1|2|2|2|2|2|2|2||1||2000000
3478718|1|1|1|154.85094256|34787181|2||2||1|1|2|2|2|2|2|2|2||1||2600000
3478719|1|1|1|139.01903107|34787191|2||2||1|1|2|2|2|2|2|2|2||1||900000
3478720|1|1|1|110.14013235|34787201|2||2||1|1|2|2|2|2|2|2|1||8||1000000
3478721|1|1|1|109.88004349|34787211|2||2||1|1|2|2|2|2|2|2|2||1||1600000
3478722|1|1|1|147.06503125|34787221|2||2||1|1|2|2|2|2|2|2|2||1||1000000
3478723|1|1|1|139.01903107|34787231|2||2||1|1|2|2|2|2|2|2|2||1||1300000
3478724|1|1|1|121.38091113|34787241|2||2||1|1|2|2|2|2|2|2|2||1||2100000
3478726|1|1|1|154.85652354|34787261|2||2||1|1|1|2|2|2|2|2|2||1||3500000
3478727|1|1|1|122.56049693|34787271|2||2||1|1|2|2|2|2|2|2|2||1||1300000
3478728|1|1|1|85.37550917|34787281|2||2||1|1|2|2|2|2|2|1|2||1||2800000
3478729|1|1|1|94.535963284|34787291|2||2||1|2|1|2|2|2|2|2|1||8||700000
3478730|1|1|1|110.10778591|34787301|2||2||1|1|1|2|2|2|2|2|2||1||1400000
3478731|1|1|1|61.837475435|34787311|2||2||1|1|2|2|2|2|2|2|2||1||2000000
3478732|1|1|1|104.59195982|34787321|2||2||2|1|2|2|2|2|2|2|2||1||1800000
3478733|1|1|1|142.05837156|34787331|2||2||1|1|2|2|2|2|2|2|2||1||1300000
3478734|1|1|1|97.671149765|34787341|2||2||1|2|2|2|2|2|2|1|1||8||1900000
3478735|1|1|1|128.41918916|34787351|2||2||1|2|2|2|2|2|2|2|1||8||900000
3478736|1|1|1|79.835578414|34787361|2||2||1|1|2|2|2|2|2|2|2||1||3400000
3478737|1|1|1|137.01794622|34787371|2||2||1|1|2|2|2|2|2|2|2||1||1300000
3478738|1|1|1|124.14269933|34787381|2||2||1|1|2|2|2|2|2|2|2||1||800000
3478739|1|1|1|103.22314156|34787391|2||2||1|1|2|2|2|2|2|2|2||1||1000000
3478740|1|1|1|107.12294658|34787401|2||2||1|1|2|2|2|2|2|2|2||1||800000
3478741|1|1|1|139.68645196|34787411|2||2||1|1|2|2|2|2|2|2|2||1||1300000
3478742|1|1|1|153.07786908|34787421|2||2||1|1|2|2|2|2|2|2|1||1||2000000
3478743|1|1|1|75.702290712|34787431|2||2||1|1|1|2|2|2|2|2|2||1||2500000
3478744|1|1|1|122.6968047|34787441|2||2||1|1|2|2|2|2|2|2|2||1||1400000
3478745|1|1|1|137.26069583|34787451|2||2||1|1|2|2|2|2|2|2|2||1||1400000
3478746|1|1|1|99.825906009|34787461|2||2||1|1|2|2|2|2|2|2|2||1||2500000
3478747|1|1|1|129.75109567|34787471|2||2||1|1|2|2|2|2|2|2|2||1||800000
3478748|1|1|1|129.95998681|34787481|2||2||1|1|2|2|2|2|2|2|2||1||6000000
3478749|1|1|1|60.520207421|34787491|2||2||2|1|2|2|2|2|2|2|2||1||1500000
3478750|1|1|1|107.42405444|34787501|2||2||1|1|2|2|1|2|2|2|2||1||5000000
3478751|1|1|1|113.68637801|34787511|2||2||1|1|2|2|2|2|2|2|2||1||1300000
3478752|1|1|1|77.098092645|34787521|2||2||1|1|2|2|2|2|2|2|1||8||900000
3478753|1|1|1|45.706536299|34787531|2||2||1|1|2|2|2|2|2|2|2||1||1600000
3478754|1|1|1|91.083066075|34787541|2||2||1|1|2|2|2|2|2|2|2||1||1500000
3478755|1|1|1|80.342209934|34787551|2||2||1|2|2|2|2|2|2|2|1||8||1000000
3478756|1|1|1|74.869429507|34787561|2||2||1|1|2|2|2|2|2|2|2||1||800000
3478757|1|1|1|122.46301863|34787571|2||2||1|1|2|2|2|2|2|2|2||1||960000
3478758|1|1|1|143.097045|34787581|2||2||1|1|2|2|2|2|2|2|2||1||1800000
3478759|1|1|1|85.538119729|34787591|2||2||1|1|2|2|2|2|2|2|2||1||900000
3478760|1|1|1|152.25749912|34787601|2||2||1|1|2|2|2|2|2|2|2||1||1200000
3478761|1|1|1|139.01903107|34787611|2||2||1|1|2|2|2|2|2|2|2||1||1300000
3478762|1|1|1|139.01903107|34787621|2||2||1|1|2|2|2|2|2|2|2||1||760000
3478763|1|1|1|122.90716591|34787631|2||2||2|1|2|2|2|2|2|2|2||1||1200000
3478764|1|1|1|153.86039025|34787641|2||2||1|1|2|2|2|2|2|2|1||8||900000
3478765|1|1|1|92.610034969|34787651|2||2||1|1|2|2|2|2|2|2|2||1||1300000
3478767|1|1|1|144.5421451|34787671|2||2||2|1|2|2|2|2|2|2|2||1||1300000
3478768|1|1|1|126.07340087|34787681|2||2||1|1|2|2|2|2|2|2|2||1||2100000
3478769|1|1|1|134.75664429|34787691|2||2||1|1|2|2|2|2|2|2|2||1||1200000
3478770|1|1|1|98.159578152|34787701|2||2||1|2|2|2|2|2|2|2|1||8||1000000
3478771|1|1|1|93.652970974|34787711|2||2||1|1|2|2|2|2|2|2|1||1||1300000
3478772|1|1|1|89.735368846|34787721|2||2||1|1|2|2|2|2|2|2|1||1||1300000
3478773|1|1|1|577.57038879|34787731|1|1|2||1|1|2|2|2|2|2|2|2||1||8000000
3478774|1|1|1|421.31594012|34787741|2||2||1|1|2|2|2|2|2|2|2||1||12000000
3478775|1|1|1|577.57038879|34787751|2||2||1|1|2|2|2|2|2|2|2||1||8500000
3478776|1|1|1|284.27519626|34787761|2||2||1|1|2|1|2|2|2|2|2||3||6000000
3478777|1|1|1|347.54507275|34787771|2||2||1|2|2|2|2|2|2|1|2||7||250000
3478777|1|2|2|347.54507275|34787772|2||2||1|2|2|2|2|2|2|2|1||8||400000
3478778|1|1|1|412.8214695|34787781|2||2||1|1|2|2|2|2|2|2|2||1||1000000
3478779|1|1|1|343.479408|34787791|2||2||1|1|1|2|2|2|2|2|2||1||1000000
3478779|1|2|2|343.479408|34787792|2||2||1|1|2|2|2|2|2|2|2||1||2000000
3478780|1|1|1|308.34534211|34787801|2||2||1|1|2|2|2|2|2|2|2||1||700000
3478781|1|1|1|449.48347272|34787811|2||2||1|1|2|2|2|2|2|2|2||1||3000000
3478782|1|1|1|384.1927738|34787821|2||2||1|1|2|2|2|2|2|2|2||1||3000000
3478783|1|1|1|204.8244661|34787831|2||2||1|1|2|2|2|2|2|2|2||1||1500000
3478784|1|1|1|597.78793278|34787841|2||2||1|1|2|2|2|2|2|2|2||1||2500000
3478785|1|1|1|494.12475678|34787851|2||2||1|1|2|2|2|2|2|2|2||1||98
3478786|1|1|1|414.59452331|34787861|2||2||1|1|2|2|2|2|2|2|2||1||3600000
3478787|1|1|1|339.70498656|34787871|2||2||1|2|2|1|2|2|2|2|2||3||98
3478788|1|1|1|339.70498656|34787881|2||2||1|2|2|1|2|2|2|2|2||3||4500000
3478789|1|1|1|365.5287526|34787891|2||2||1|1|2|1|2|2|2|2|2||3||98
3478790|1|1|1|376.50716214|34787901|2||2||1|2|2|1|2|2|2|2|2||3||5000000
3478791|1|1|1|542.29293873|34787911|2||2||1|1|2|2|2|2|2|2|2||1||5000000
3478792|1|1|1|519.58583304|34787921|2||2||1|1|2|2|2|2|2|2|2||1||98
3478793|1|1|1|410.14675268|34787931|2||2||1|2|2|1|2|2|2|2|2||3||98
3478794|1|1|1|357.6285903|34787941|2||2||1|1|2|2|2|2|2|2|2||1||4000000
3478795|1|1|1|428.07035642|34787951|2||2||1|1|2|2|2|2|2|2|2||1||2000000
3478796|1|1|1|406.4033617|34787961|2||2||1|1|2|2|1|2|2|2|2||1||3500000
3478797|1|1|1|626.81729646|34787971|2||2||1|1|2|2|2|2|2|2|2||1||3600000
3478798|1|1|1|339.70498656|34787981|2||2||1|2|2|1|2|2|2|2|2||3||7000000
3478799|1|1|1|304.4666131|34787991|2||2||1|1|2|2|2|2|2|2|2||1||900000
3478800|1|1|1|433.44810234|34788001|2||2||1|1|2|2|2|2|2|2|2||1||700000
3478801|1|1|1|501.56029267|34788011|2||2||1|1|2|2|2|2|2|2|2||1||800000
3478802|1|1|1|314.26895154|34788021|2||2||1|1|2|2|2|2|2|2|1||1||600000
3478803|1|1|1|558.67443403|34788031|2||2||1|1|2|2|2|2|2|2|2||1||1000000
3478804|1|1|1|398.47353902|34788041|2||2||1|1|2|2|2|2|2|2|1||1||300000
3478805|1|1|1|542.84061546|34788051|2||2||1|1|2|2|2|2|2|2|2||1||1300000
3478806|1|1|1|332.02851723|34788061|2||2||1|1|2|2|1|2|2|2|1||4||98
3478807|1|1|1|437.75278411|34788071|2||2||1|2|1|2|2|2|2|2|1||8||98
3478808|1|1|1|247.49622987|34788081|2||2||1|1|2|2|2|2|2|2|2||1||3000000
3478809|1|1|1|597.06741444|34788091|2||2||1|1|2|2|2|2|2|2|2||1||1500000
3478810|1|1|1|555.04774633|34788101|2||2||1|1|2|2|2|2|2|2|2||1||6000000
3478811|1|1|1|699.14236913|34788111|2||2||1|1|2|2|2|2|2|2|2||1||2500000
3478813|1|1|1|416.42279754|34788131|2||2||1|2|2|1|2|2|2|2|2||3||1700000
3478814|1|1|1|378.90171578|34788141|2||2||1|1|2|2|2|2|2|2|2||1||3000000
3478815|1|1|1|499.99729468|34788151|2||2||1|1|2|2|2|2|2|2|2||1||98
3478816|1|1|1|298.18961354|34788161|2||2||1|1|2|2|2|2|2|2|2||1||1700000
3478817|1|1|1|419.95029624|34788171|2||2||1|1|2|2|2|2|2|2|1||8||1000000
3478818|1|1|1|477.46308985|34788181|2||2||1|1|2|2|2|2|2|2|2||1||1500000
3478819|1|1|1|503.35944124|34788191|2||2||1|1|2|2|2|2|2|2|2||1||98
3478820|1|1|1|455.11242217|34788201|2||2||1|1|1|2|2|2|2|2|2||1||1000000
3478821|1|1|1|473.24625309|34788211|2||2||1|2|1|2|2|2|2|2|1||2||600000
3478822|1|1|1|747.23491598|34788221|2||2||1|1|2|2|2|2|2|2|2||1||600000
3478823|1|1|1|473.24625309|34788231|2||2||1|2|1|2|2|2|2|2|1||8||98
3478824|1|1|1|505.57575851|34788241|2||2||1|1|2|2|2|2|2|2|2||1||3000000
3478825|1|1|1|473.24625309|34788251|2||2||1|2|1|2|2|2|2|2|1||8||200000
3478826|1|1|1|729.10108505|34788261|2||2||1|1|2|2|2|2|2|2|2||1||1500000
3478827|1|1|1|468.59254307|34788271|2||2||1|1|2|2|2|2|2|2|2||1||98
3478828|1|1|1|377.28383278|34788281|2||2||1|1|2|2|2|2|2|2|2||1||2000000
3478829|1|1|1|520.36267576|34788291|2||2||1|1|2|1|2|2|2|2|2||3||2300000
3478830|1|1|1|314.88331815|34788301|2||2||1|1|2|2|1|2|2|2|2||1||1800000
3478831|1|1|1|385.78995835|34788311|2||2||2|1|2|2|2|2|2|2|2||1||98
3478832|1|1|1|323.16488637|34788321|2||2||1|1|2|2|2|2|2|2|2||1||1000000
3478833|1|1|1|501.76644117|34788331|2||2||1|1|2|2|2|2|2|2|2||1||1300000
3478834|1|1|1|521.49327216|34788341|2||2||1|1|2|2|2|2|2|2|2||1||700000
3478835|1|1|1|682.001204|34788351|2||2||1|1|2|2|2|2|1|2|2||6||800000
3478836|1|1|1|617.65594597|34788361|2||2||1|1|2|2|2|2|2|2|2||1||400000
3478837|1|1|1|491.02645835|34788371|2||2||1|1|2|2|2|2|2|2|2||1||1000000
3478838|1|1|1|493.92733433|34788381|2||2||1|1|2|2|2|2|2|2|2||1||98
3478839|1|1|1|617.65594597|34788391|2||2||1|1|2|2|2|2|2|1|2||1||1000000
3478840|1|1|1|430.78220435|34788401|2||2||1|1|1|2|2|2|2|2|2||1||300000
3478841|1|1|1|397.76466052|34788411|2||2||1|1|2|2|2|2|2|2|2||1||98
3478842|1|1|1|617.65594597|34788421|2||2||1|1|2|2|2|2|2|2|2||1||1000000
3478843|1|1|1|397.76466052|34788431|2||2||1|2|2|2|2|2|2|2|1||8||98
3478844|1|1|1|262.95384392|34788441|2||2||1|1|2|1|2|2|2|2|2||3||98
3478845|1|1|1|241.57744504|34788451|2||2||1|1|2|2|2|2|2|2|2||1||4000000
3478846|1|1|1|298.14883908|34788461|1|1|2||1|1|2|2|2|2|2|2|2||1||10000000
3478847|1|1|1|238.4190602|34788471|1|1|2||1|1|2|2|2|2|2|2|2||1||8000000
3478848|1|1|1|226.46999104|34788481|2||2||1|2|2|1|2|2|2|2|2||3||3000000
3478849|1|1|1|469.50012098|34788491|2||2||1|1|2|2|2|2|2|2|2||1||12000000
3478850|1|1|1|237.13852133|34788501|2||1|1|1|1|2|2|2|2|2|2|2||1||98
3478851|1|1|1|280.16136909|34788511|1|1|2||1|1|2|1|2|2|2|2|2||3||98
3478852|1|1|1|249.9071228|34788521|2||2||1|1|2|2|2|2|2|2|2||1||98
3478853|1|1|1|356.86787989|34788531|2||2||1|1|2|2|2|2|2|2|2||1||1500000
3478854|1|1|1|469.48377553|34788541|2||2||1|1|2|2|2|2|2|2|2||1||3000000
3478855|1|1|1|276.05648712|34788551|2||2||1|2|2|2|2|2|2|2|1||8||98
3478856|1|1|1|385.00795096|34788561|2||1|1|1|2|2|2|1|2|2|2|2||4||2000000
3478857|1|1|1|395.14186746|34788571|2||2||1|1|2|2|2|2|2|2|2||1||2000000
3478858|1|1|1|263.3224762|34788581|2||2||1|1|2|2|2|2|2|2|2||1||3000000
3478860|1|1|1|313.57383375|34788601|2||2||1|1|2|2|2|2|2|2|2||1||98
3478861|1|1|1|412.8214695|34788611|2||2||1|1|2|2|2|2|2|2|2||1||7000000
3478862|1|1|1|402.68755299|34788621|2||2||1|1|2|2|2|2|2|2|2||1||6000000
3478863|1|1|1|308.39702676|34788631|2||2||1|1|2|1|2|2|2|2|1||1||10000000
3478864|1|1|1|389.79426145|34788641|2||1|1|1|1|2|1|1|2|2|2|2||1||3000000
3478865|1|1|1|315.49750206|34788651|2||2||1|2|2|1|2|2|2|2|2||3||2000000
3478866|1|1|1|356.10711186|34788661|2||2||1|1|2|2|2|2|2|2|2||1||3000000
3478867|1|1|1|223.3456994|34788671|2||2||1|1|2|2|2|2|2|2|2||1||2000000
3478868|1|1|1|335.57296083|34788681|2||2||1|1|2|2|2|2|2|2|2||1||98
3478869|1|1|1|247.74476266|34788691|2||2||1|1|2|2|2|2|2|2|2||1||1300000
3478870|1|1|1|234.72213385|34788701|2||2||1|1|2|2|2|2|2|2|2||1||2800000
3478871|1|1|1|288.35437246|34788711|2||2||1|1|2|2|2|2|2|2|2||1||2000000
3478872|1|1|1|329.77413129|34788721|2||2||1|1|2|2|2|2|2|2|2||1||98
3478873|1|1|1|621.5763534|34788731|2||2||1|1|2|2|2|2|2|2|2||1||800000
3478874|1|1|1|912.6494506|34788741|2||2||1|1|2|2|2|2|2|2|2||1||2400000
3478875|1|1|1|700.13994786|34788751|2||2||1|1|2|2|2|2|2|2|2||1||1200000
3478876|1|1|1|621.5763534|34788761|2||2||1|1|1|2|2|2|2|2|2||1||500000
3478877|1|1|1|621.5763534|34788771|2||2||1|1|2|2|2|2|2|2|1||1||500000
3478878|1|1|1|621.5763534|34788781|2||2||1|1|2|2|2|2|2|2|2||1||500000
3478879|1|1|1|944.92032716|34788791|2||2||1|1|2|2|1|2|2|1|2||1||3000000
3478880|1|1|1|694.51198872|34788801|2||2||1|1|2|2|1|2|2|2|1||1||1450000
3478881|1|1|1|613.745332|34788811|2||2||1|1|2|2|2|2|2|2|2||1||2000000
3478882|1|1|1|550.51381118|34788821|2||2||1|1|2|2|2|2|2|2|2||1||800000
3478883|1|1|1|549.69337376|34788831|2||2||1|1|2|2|2|2|2|2|2||1||1300000
3478884|1|1|1|486.83334662|34788841|2||2||1|1|2|2|2|2|2|2|2||1||1000000
3478885|1|1|1|555.4909179|34788851|2||2||1|1|2|2|2|2|2|2|2||1||1000000
3478886|1|1|1|777.28916933|34788861|2||2||1|1|2|2|2|2|2|2|2||1||1300000
3478887|1|1|1|696.75157487|34788871|2||2||1|1|2|2|2|2|2|2|2||1||1700000
3478888|1|1|1|542.48124017|34788881|2||2||1|1|2|2|2|2|2|2|2||1||600000
3478889|1|1|1|435.65088709|34788891|2||2||1|1|2|2|2|2|2|2|2||1||1200000
3478890|1|1|1|575.85721886|34788901|2||2||1|1|2|2|2|2|2|2|2||1||2000000
3478891|1|1|1|575.85721886|34788911|2||2||1|1|2|2|2|2|2|2|2||1||2300000
3478892|1|1|1|466.20436567|34788921|2||2||1|1|2|2|2|2|2|2|1||8||650000
3478893|1|1|1|286.20636068|34788931|2||2||1|1|2|2|2|2|2|2|2||1||3000000
3478894|1|1|1|257.91753893|34788941|2||2||1|1|2|2|2|2|2|2|2||1||2200000
3478895|1|1|1|348.80038793|34788951|2||2||1|2|1|2|2|2|2|2|2||2||225000
3478896|1|1|1|317.07062994|34788961|2||2||1|1|2|2|2|2|2|2|2||1||1800000
3478897|1|1|1|246.76615776|34788971|2||2||1|1|1|2|1|2|2|2|2||1||1300000
3478898|1|1|1|283.99537674|34788981|2||2||1|1|2|2|2|2|2|2|2||1||1500000
3478899|1|1|1|263.26183097|34788991|2||2||1|1|2|2|1|2|2|2|2||1||500000
3478900|1|1|1|348.80038793|34789001|2||2||1|2|2|1|2|2|2|2|2||3||1300000
3478901|1|1|1|379.11923242|34789011|2||2||1|1|2|2|2|2|2|2|2||1||1300000
3478902|1|1|1|534.94037352|34789021|2||2||1|1|2|2|2|2|2|2|2||1||1600000
3478903|1|1|1|423.62848674|34789031|2||2||1|1|1|2|2|2|2|2|2||1||1200000
3478904|1|1|1|410.79784181|34789041|2||2||1|1|2|2|2|2|2|2|2||1||6000000
3478905|1|1|1|441.39780383|34789051|2||2||1|1|2|2|2|2|2|2|2||1||1500000
3478906|1|1|1|374.47990345|34789061|2||2||1|1|2|2|2|2|2|2|2||1||2500000
3478907|1|1|1|479.40873138|34789071|2||2||1|1|2|2|2|2|2|2|2||1||3000000
3478908|1|1|1|220.21734973|34789081|2||2||1|1|2|2|2|2|2|2|2||1||1800000
3478909|1|1|1|335.45390501|34789091|2||2||1|1|2|2|2|2|2|2|2||1||2000000
3478910|1|1|1|380.42200932|34789101|2||2||1|1|2|2|2|2|2|2|2||1||2500000
3478911|1|1|1|496.56071249|34789111|2||2||1|1|2|2|2|2|2|2|2||1||3000000
3478912|1|1|1|287.89272223|34789121|2||2||1|2|2|1|2|2|2|2|1||3||1600000
3478913|1|1|1|388.00364375|34789131|2||2||1|1|2|2|2|2|2|2|2||1||4800000
3478914|1|1|1|433.86825923|34789141|2||2||1|1|2|2|2|2|2|2|1||1||3000000
3478915|1|1|1|481.23332956|34789151|2||2||1|1|2|2|2|2|2|2|2||1||3500000
3478916|1|1|1|276.25615707|34789161|2||2||1|1|2|2|2|2|2|2|2||1||1800000
3478917|1|1|1|393.0062741|34789171|2||2||1|1|2|2|2|2|2|2|2||1||2500000
3478918|1|1|1|340.10502147|34789181|2||2||1|1|2|2|2|2|2|2|2||1||2400000
3478919|1|1|1|397.30850572|34789191|2||2||1|1|2|2|2|2|2|2|2||1||2600000
3478920|1|1|1|500.09996276|34789201|2||2||1|1|2|2|2|2|2|2|2||1||8000000
3478921|1|1|1|689.30769531|34789211|2||2||1|1|2|2|2|2|2|2|2||1||10000000
3478922|1|1|1|689.30769531|34789221|2||2||1|1|2|2|2|2|2|2|2||1||10000000
3478923|1|1|1|500.09996276|34789231|2||2||1|2|2|2|2|2|2|2|1||8||1000000
3478924|1|1|1|631.61722623|34789241|2||2||1|1|2|2|2|2|2|2|2||1||2000000
3478925|1|1|1|623.5772846|34789251|2||2||1|1|2|2|2|2|2|2|2||1||2100000
3478926|1|1|1|634.18252352|34789261|2||2||1|1|2|2|2|2|2|1|2||1||3000000
3478927|1|1|1|689.30769531|34789271|1|1|2||1|1|2|2|2|2|2|2|2||1||98
3478928|1|1|1|651.89246471|34789281|2||2||1|1|2|2|2|2|2|2|2||1||2000000
3478929|1|1|1|666.56421643|34789291|2||2||1|1|2|2|2|2|2|2|2||1||1000000
3478930|1|1|1|519.58749385|34789301|2||2||1|1|2|2|2|2|2|2|2||1||3000000
3478931|1|1|1|812.96520593|34789311|2||2||1|1|2|2|2|2|2|2|2||1||4000000
3478932|1|1|1|534.04332319|34789321|2||2||1|1|2|2|2|2|2|2|2||1||1300000
3478933|1|1|1|498.58662761|34789331|2||2||1|1|2|2|2|2|2|2|2||1||1300000
3478934|1|1|1|812.96520593|34789341|2||2||1|1|2|2|2|2|2|2|2||1||1800000
3478935|1|1|1|487.97038419|34789351|2||2||1|1|2|2|2|2|2|2|1||1||1600000
3478936|1|1|1|277.53344066|34789361|2||2||1|2|2|1|2|2|2|2|2||3||6000000
3478937|1|1|1|277.53344066|34789371|2||2||1|2|2|1|2|2|2|2|2||3||3000000
3478938|1|1|1|277.53344066|34789381|2||2||1|2|2|2|2|2|2|2|1||8||900000
3478939|1|1|1|336.86252065|34789391|2||2||1|1|2|2|2|2|2|2|2||1||4000000
3478940|1|1|1|287.50763937|34789401|2||2||1|1|2|2|2|2|2|1|2||7||3000000
3478941|1|1|1|277.53344066|34789411|2||2||1|2|2|2|2|2|2|1|2||7||5000000
3478942|1|1|1|309.43093592|34789421|2||2||1|1|2|2|2|2|2|2|2||1||2300000
3478943|1|1|1|239.55753966|34789431|2||2||1|1|2|2|2|2|2|2|2||1||4000000
3478944|1|1|1|306.67745567|34789441|2||2||1|1|2|2|2|2|2|2|2||1||2000000
3478945|1|1|1|443.06438554|34789451|2||2||1|1|2|2|2|2|2|2|2||1||4500000
3478946|1|1|1|406.91169158|34789461|2||2||1|1|2|2|2|2|2|2|2||1||1700000
3478947|1|1|1|422.72845303|34789471|2||2||1|1|2|2|2|2|2|2|2||1||2200000
3478948|1|1|1|374.76645511|34789481|2||2||1|1|1|2|2|2|2|2|2||1||1650000
3478949|1|1|1|326.10179278|34789491|2||2||1|2|2|1|2|2|2|2|2||3||2800000
3478950|1|1|1|373.5812519|34789501|2||2||1|1|2|2|2|2|2|2|2||1||2800000
3478951|1|1|1|322.01558578|34789511|2||2||1|1|2|2|2|2|2|2|2||1||3800000
3478952|1|1|1|340.67448834|34789521|2||2||1|2|2|2|2|2|2|2|1||8||800000
3478953|1|1|1|408.35167368|34789531|2||2||1|1|2|2|2|2|2|1|2||1||2500000
3478954|1|1|1|326.04399894|34789541|2||2||1|2|2|2|2|2|2|2|1||8||800000
3478955|1|1|1|413.31675467|34789551|2||2||1|1|2|2|2|2|2|2|1||1||5000000
3478956|1|1|1|574.62842913|34789561|2||2||1|1|2|2|2|2|2|2|2||1||2600000
3478957|1|1|1|362.14856975|34789571|2||2||1|1|2|2|2|2|2|2|2||1||1200000
3478958|1|1|1|400.07997021|34789581|2||2||1|1|2|2|2|2|2|2|2||1||6000000
3478959|1|1|1|502.07780433|34789591|2||2||1|1|2|2|2|2|2|2|2||1||5000000
3478960|1|1|1|350.3557578|34789601|1|1|2||1|1|2|2|2|2|2|1|2||7||15000000
3478961|1|1|1|505.29378098|34789611|2||2||1|1|2|2|2|2|2|2|2||1||2600000
3478962|1|1|1|450.5645704|34789621|2||2||1|1|2|2|2|2|2|2|2||1||12000000
3478963|1|1|1|506.24528749|34789631|2||2||1|1|2|2|2|2|2|2|2||1||2300000
3478964|1|1|1|425.19251811|34789641|2||2||1|1|2|2|2|2|2|2|2||1||1300000
3478965|1|1|1|551.27052705|34789651|2||2||1|1|2|2|2|2|2|2|2||1||1650000
3478966|1|1|1|497.60878619|34789661|2||2||1|2|2|1|2|2|2|2|2||3||1300000
3478967|1|1|1|292.5069481|34789671|2||2||1|1|2|2|2|2|2|2|2||1||15000000
3478968|1|1|1|352.32362418|34789681|2||2||1|2|2|1|2|2|2|2|2||3||3200000
3478969|1|1|1|350.89845901|34789691|1|1|2||1|1|2|2|2|2|2|1|2||1||8000000
3478970|1|1|1|382.94871962|34789701|2||2||1|1|2|2|2|2|2|2|2||1||1300000
3478971|1|1|1|328.39848694|34789711|2||2||1|1|2|2|2|2|2|2|2||1||4000000
3478972|1|1|1|350.09030706|34789721|2||2||1|2|2|2|2|2|2|2|1||8||1300000
3478973|1|1|1|255.33334057|34789731|2||2||1|1|2|2|2|2|2|2|1||1||9000000
3478974|1|1|1|467.82882147|34789741|2||2||1|2|2|1|2|2|2|2|2||3||3500000
3478975|1|1|1|348.6651419|34789751|2||2||1|1|2|2|2|2|2|1|2||1||9000000
3478976|1|1|1|352.32362418|34789761|2||2||1|2|2|1|2|2|2|2|2||3||8000000
3478977|1|1|1|367.74585071|34789771|2||2||1|1|1|2|2|2|2|2|2||1||900000
3478978|1|1|1|367.74585071|34789781|2||2||2|2|2|1|2|2|2|2|2||3||2500000
3478979|1|1|1|257.92234977|34789791|2||2||1|1|1|2|2|2|2|2|2||1||2500000
3478980|1|1|1|291.12009156|34789801|2||2||1|1|2|2|2|2|2|2|2||1||2000000
3478981|1|1|1|728.96022805|34789811|2||2||1|1|1|2|2|2|2|2|2||1||1500000
3478981|1|2|2|728.96022805|34789812|2||2||1|1|2|2|2|2|2|2|2||1||900000
3478982|1|1|1|159.11250932|34789821|2||2||1|1|2|2|2|2|2|2|2||1||3000000
3478983|1|1|1|193.62623375|34789831|2||2||1|2|2|1|2|2|2|2|2||3||3000000
3478984|1|1|1|205.08796481|34789841|2||2||1|1|1|2|2|2|2|2|2||1||1200000
3478985|1|1|1|200.3390492|34789851|2||2||1|1|2|2|2|2|2|2|2||1||3000000
3478986|1|1|1|200.72886536|34789861|2||2||1|1|2|1|2|2|2|2|2||3||3000000
3478987|1|1|1|75.634999353|34789871|2||2||1|1|2|2|2|2|2|2|2||1||1700000
3478988|1|1|1|453.80999612|34789881|2||2||1|1|2|2|2|2|2|2|2||1||3000000
3478989|1|1|1|207.4416808|34789891|2||2||1|1|2|2|2|2|2|2|2||1||4000000
3478990|1|1|1|75.634999353|34789901|2||2||1|1|2|2|2|2|2|2|2||1||3000000
3478991|1|1|1|291.12009156|34789911|2||2||1|1|2|2|2|2|2|2|2||1||1200000
3478992|1|1|1|367.74585071|34789921|2||2||1|2|2|1|2|2|2|1|2||3||3000000
3478993|1|1|1|310.22297665|34789931|2||2||1|1|2|2|2|2|2|2|2||1||1000000
3478994|1|1|1|126.05833226|34789941|2||1|1|1|1|1|2|2|2|2|2|1||1||2000000
3478995|1|1|1|126.05833226|34789951|2||2||1|1|2|2|2|2|2|2|2||1||1500000
3478996|1|1|1|126.05833226|34789961|2||2||1|1|2|2|2|2|2|2|2||1||1700000
3478997|1|1|1|355.90813137|34789971|2||2||1|2|2|1|2|2|2|2|2||3||2000000
3478998|1|1|1|340.51091651|34789981|2||2||1|1|2|2|2|2|2|2|1||1||1200000
3478999|1|1|1|605.07999483|34789991|2||2||1|1|2|2|2|2|2|2|2||1||1000000
3479000|1|1|1|242.36624872|34790001|2||2||1|1|2|2|2|2|2|2|2||1||2200000
3479001|1|1|1|248.17838132|34790011|2||2||1|1|2|2|2|2|2|2|2||1||2000000
3479002|1|1|1|278.39461762|34790021|2||2||1|1|2|2|2|2|2|2|2||1||300000
3479003|1|1|1|319.76485568|34790031|2||2||1|1|2|2|2|2|2|2|2||1||2000000
3479004|1|1|1|355.79322458|34790041|2||2||1|1|2|2|2|2|2|2|2||1||1500000
3479005|1|1|1|251.92813975|34790051|2||2||1|1|2|2|2|2|2|2|2||1||5000000
3479006|1|1|1|341.83944179|34790061|1|1|2||1|1|2|2|2|2|2|1|2||1||1800000
3479007|1|1|1|330.59360842|34790071|2||2||1|1|2|1|2|2|2|2|2||3||3000000
3479008|1|1|1|287.80992035|34790081|2||2||1|1|2|2|2|2|2|2|2||1||2000000
3479009|1|1|1|276.56408698|34790091|2||2||1|1|2|2|2|2|2|2|2||1||820000
3479010|1|1|1|338.1127248|34790101|2||2||1|1|2|2|2|2|2|2|2||1||7000000
3479011|1|1|1|338.1127248|34790111|2||2||1|1|2|2|2|2|2|2|2||1||2000000
3479012|1|1|1|330.59360842|34790121|2||2||1|1|2|2|2|2|2|2|2||1||1300000
3479013|1|1|1|84.817136833|34790131|2||2||1|1|2|2|2|2|2|2|2||1||1260000
3479014|1|1|1|84.802878063|34790141|2||2||2|1|2|2|2|2|2|2|2||1||1500000
3479015|1|1|1|84.802878063|34790151|2||2||2|1|2|2|2|2|2|2|2||1||1500000
3479016|1|1|1|165.54784229|34790161|2||2||1|1|2|2|2|2|2|2|2||1||2000000
3479017|1|1|1|203.80798188|34790171|2||2||1|1|2|2|2|2|2|2|2||1||1000000
3479018|1|1|1|203.80798188|34790181|2||2||1|1|2|2|2|2|2|2|1||1||3300000
3479019|1|1|1|195.84442523|34790191|2||2||1|1|2|2|2|2|2|2|2||1||1300000
3479020|1|1|1|208.69545702|34790201|2||2||1|1|2|2|2|2|2|2|2||1||1200000
3479021|1|1|1|84.802878063|34790211|2||2||1|1|1|2|2|2|2|2|2||1||1500000
3479022|1|1|1|267.87507825|34790221|2||2||1|2|2|2|2|2|1|2|1||8||1500000
3479023|1|1|1|306.25525557|34790231|2||2||2|1|2|2|2|2|2|1|2||1||5000000
3479024|1|1|1|261.60166528|34790241|2||2||1|1|2|2|2|2|2|2|2||1||1500000
3479025|1|1|1|300.48942854|34790251|2||2||1|1|2|1|2|2|2|2|2||3||1600000
3479026|1|1|1|251.37988858|34790261|2||2||1|1|2|2|2|2|2|2|2||1||2600000
3479027|1|1|1|108.85036944|34790271|2||2||1|1|2|2|2|2|2|2|2||1||6000000
3479028|1|1|1|653.10221664|34790281|2||2||1|1|2|2|2|2|2|2|2||1||3000000
3479029|1|1|1|255.19506615|34790291|2||2||1|2|1|2|2|2|2|2|1||8||350000
3479030|1|1|1|230.85005551|34790301|2||2||1|1|1|2|2|2|2|2|2||1||2200000
3479031|1|1|1|236.17784373|34790311|2||2||1|1|2|2|2|2|2|2|2||1||2000000
3479032|1|1|1|236.6542857|34790321|1|1|2||1|1|2|2|2|2|2|1|2||1||3000000
3479033|1|1|1|92.442776987|34790331|2||2||1|1|2|2|2|2|2|2|2||1||1800000
3479034|1|1|1|227.49684954|34790341|2||2||1|1|2|2|2|2|2|2|2||1||1000000
3479035|1|1|1|260.99929634|34790351|2||2||1|1|2|2|2|2|2|2|2||1||1500000
3479036|1|1|1|172.11220778|34790361|2||2||2|2|2|1|2|2|2|2|2||3||2500000
3479037|1|1|1|67.231110536|34790371|2||2||1|2|2|2|2|2|2|2|1||8||900000
3479038|1|1|1|182.30041316|34790381|2||2||1|2|2|1|2|2|2|2|2||3||3500000
3479039|1|1|1|330.86626667|34790391|2||2||1|1|2|2|2|2|2|2|2||1||2800000
3479040|1|1|1|67.231110536|34790401|2||2||1|1|2|2|1|2|2|2|2||1||4000000
3479041|1|1|1|396.29604519|34790411|2||2||1|1|2|2|1|2|2|2|2||1||2500000
3479042|1|1|1|223.71127909|34790421|2||2||1|1|2|2|2|2|2|2|2||1||2800000
3479043|1|1|1|165.45225421|34790431|2||2||1|1|2|2|2|2|2|2|2||1||1300000
3479044|1|1|1|189.1430565|34790441|2||2||1|1|2|2|2|2|2|2|2||1||1500000
3479045|1|1|1|227.49684954|34790451|2||2||1|1|2|2|2|2|2|2|2||1||1300000
3479046|1|1|1|92.442776987|34790461|2||2||2|2|2|1|2|2|2|2|1||3||4000000
3479047|1|1|1|554.65666192|34790471|2||2||2|1|2|2|1|2|2|2|2||1||2400000
3479048|1|1|1|368.32723018|34790481|2||2||2|1|2|2|2|2|2|2|2||1||2500000
3479049|1|1|1|92.442776987|34790491|2||2||1|2|2|1|2|2|2|2|2||3||2000000
3479050|1|1|1|227.49684954|34790501|2||2||1|1|2|2|2|2|2|2|2||1||4500000
3479051|1|1|1|208.95606909|34790511|2||2||1|1|1|2|2|2|2|2|2||1||3000000
3479052|1|1|1|227.97329151|34790521|2||2||1|1|2|1|2|2|2|2|2||3||2400000
3479053|1|1|1|265.18751553|34790531|2||2||1|1|2|2|2|2|2|2|2||1||2000000
3479054|1|1|1|126.05833226|34790541|2||2||2|1|2|2|2|2|2|2|2||1||2000000
3479055|1|1|1|756.34999353|34790551|2||1|1|1|1|2|2|2|2|2|2|1||8||1500000
3479056|1|1|1|464.49410941|34790561|2||2||2|1|2|2|2|2|2|2|2||1||1500000
3479057|1|1|1|399.7060696|34790571|2||2||1|1|2|2|2|2|2|2|2||1||1800000
3479058|1|1|1|126.05833226|34790581|2||2||1|1|2|2|2|2|2|2|2||1||2500000
3479059|1|1|1|126.05833226|34790591|2||2||1|1|2|2|2|2|2|2|1||1||800000
3479060|1|1|1|126.05833226|34790601|2||2||1|1|2|2|1|2|2|2|2||1||900000
3479061|1|1|1|229.02093937|34790611|2||2||1|1|2|1|2|2|2|2|2||3||3600000
3479062|1|1|1|243.06721755|34790621|2||2||1|1|2|1|2|2|2|2|2||3||3000000
3479063|1|1|1|237.90087746|34790631|2||2||1|1|2|1|2|2|2|2|2||3||6000000
3479064|1|1|1|264.29774983|34790641|2||2||1|2|2|1|2|2|2|2|2||3||10000000
3479065|1|1|1|261.50816051|34790651|2||2||2|1|2|2|2|2|2|2|2||1||6000000
3479066|1|1|1|89.641480715|34790661|2||2||1|1|2|2|2|2|2|2|2||1||3000000
3479067|1|1|1|330.30692225|34790671|2||2||1|1|2|1|2|2|2|2|2||3||3500000
3479068|1|1|1|243.06721755|34790681|2||2||1|2|2|1|2|2|2|2|2||3||5000000
3479069|1|1|1|302.67637023|34790691|2||2||1|1|2|2|2|2|2|2|2||1||3600000
3479070|1|1|1|180.02572752|34790701|2||2||1|1|2|1|2|2|2|2|2||3||4000000
3479071|1|1|1|102.15134608|34790711|2||2||1|1|2|2|2|2|2|2|2||1||2200000
3479072|1|1|1|347.13663108|34790721|2||2||1|1|2|2|2|2|2|2|2||1||2500000
3479073|1|1|1|206.89118828|34790731|2||2||1|1|2|2|2|2|2|2|2||1||2500000
3479074|1|1|1|258.77341472|34790741|2||2||1|1|2|2|2|2|2|2|2||1||3000000
3479075|1|1|1|316.36278344|34790751|2||2||1|1|2|1|2|2|2|2|2||1||1000000
3479076|1|1|1|395.32580509|34790761|2||1|1|1|2|2|2|2|2|2|2|1||8||1500000
3479077|1|1|1|275.75375702|34790771|2||2||1|1|2|2|2|2|2|2|2||1||1000000
3479078|1|1|1|258.77341472|34790781|2||2||1|1|2|2|2|2|2|2|2||1||1000000
3479079|1|1|1|540.92136059|34790791|2||2||1|1|2|2|2|2|2|2|2||1||2000000
3479080|1|1|1|425.63864563|34790801|2||2||1|1|2|2|2|2|2|2|2||1||1500000
3479081|1|1|1|355.90813137|34790811|2||2||1|1|2|2|2|2|2|2|2||1||1000000
3479082|1|1|1|719.220195|34790821|2||2||1|1|2|2|2|2|2|2|2||1||2500000
3479083|1|1|1|265.18751553|34790831|2||2||2|1|2|2|2|2|2|2|2||1||1500000
3479084|1|1|1|399.7060696|34790841|2||2||1|1|2|2|2|2|2|2|2||1||2000000
3479085|1|1|1|534.22462368|34790851|2||2||1|1|2|2|2|2|2|2|2||1||2600000
3479086|1|1|1|355.90813137|34790861|2||2||1|1|2|2|2|2|2|2|2||1||1500000
3479087|1|1|1|126.05833226|34790871|2||2||1|1|2|2|2|2|2|2|2||1||1500000
3479088|1|1|1|126.05833226|34790881|2||2||1|1|2|2|2|2|2|2|2||1||1200000
3479088|1|2|2|126.05833226|34790882|2||2||2|1|2|2|2|2|2|2|2||1||2300000
3479089|1|1|1|702.34025596|34790891|2||2||1|1|2|1|2|2|2|2|2||3||1500000
3479090|1|1|1|1123.3449274|34790901|2||2||1|1|2|2|2|2|2|2|2||1||98
3479091|1|1|1|702.34025596|34790911|2||2||1|1|1|2|2|2|2|2|2||1||1000000
3479092|1|1|1|1143.0360933|34790921|2||2||1|1|2|2|2|2|2|2|2||1||1500000
3479093|1|1|1|1573.3702208|34790931|2||2||1|2|2|1|2|2|2|1|2||3||1600000
3479094|1|1|1|1264.0127196|34790941|2||2||1|1|1|2|2|2|2|2|2||1||500000
3479095|1|1|1|2017.4690579|34790951|2||2||1|1|2|2|2|2|2|2|2||1||1000000
3479096|1|1|1|702.34025596|34790961|2||2||1|1|2|2|2|2|2|2|2||1||1100000
3479097|1|1|1|528.40646216|34790971|2||2||1|1|2|2|2|2|2|2|2||1||1300000
3479098|1|1|1|803.53841007|34790981|2||2||1|1|2|2|2|2|2|2|2||1||2000000
3479099|1|1|1|1673.6354071|34790991|2||2||1|1|2|2|2|2|2|2|2||1||1400000
3479100|1|1|1|528.40646216|34791001|2||2||1|1|2|2|2|2|2|2|2||1||1300000
3479101|1|1|1|880.4935177|34791011|2||2||1|1|2|2|2|2|2|2|2||1||1400000
3479102|1|1|1|1138.4801296|34791021|2||2||1|1|2|2|2|2|2|2|1||1||1200000
3479103|1|1|1|528.40646216|34791031|2||2||1|1|2|2|2|2|2|2|2||1||1400000
3479104|1|1|1|528.40646216|34791041|2||2||1|1|2|2|2|2|2|2|2||1||600000
3479105|1|1|1|1130.4349999|34791051|2||2||1|1|2|2|2|2|2|2|2||1||1400000
3479106|1|1|1|1690.9006789|34791061|2||2||1|1|2|2|2|2|2|2|2||1||1200000
3479107|1|1|1|422.72516973|34791071|2||2||1|1|1|1|2|2|2|2|2||3||1300000
3479108|1|1|1|501.77520276|34791081|2||2||1|1|2|2|2|2|2|2|2||1||1400000
3479109|1|1|1|1214.2760474|34791091|2||2||1|1|2|2|2|2|2|2|1||1||1000000
3479110|1|1|1|1057.0134441|34791101|2||2||1|1|2|2|1|2|2|2|2||1||1400000
3479111|1|1|1|422.72516973|34791111|2||2||1|1|2|2|2|2|2|2|2||1||800000
3479112|1|1|1|704.39481416|34791121|2||2||1|1|2|2|2|2|2|2|2||1||1000000
3479113|1|1|1|862.31619525|34791131|2||2||1|1|1|2|2|2|2|2|2||1||2000000
3479114|1|1|1|541.91649438|34791141|2||2||1|2|2|1|2|2|2|2|2||3||1400000
3479115|1|1|1|528.40646216|34791151|2||2||1|1|2|2|2|2|2|2|2||1||1000000
3479116|1|1|1|1289.5583798|34791161|2||2||1|1|2|2|2|2|2|2|2||1||1800000
3479117|1|1|1|710.23608715|34791171|2||2||1|1|2|1|2|2|2|2|2||3||2800000
3479118|1|1|1|317.0438773|34791181|2||2||1|1|2|1|2|2|2|2|2||1||3000000
3479119|1|1|1|371.90768867|34791191|2||2||1|1|2|2|2|2|2|2|2||1||3200000
3479120|1|1|1|373.94918861|34791201|2||2||1|1|2|2|2|2|2|2|2||1||3000000
3479121|1|1|1|1430.5738992|34791211|2||2||1|1|2|2|2|2|2|2|2||1||5000000
3479122|1|1|1|373.94918861|34791221|2||2||1|1|2|2|2|2|2|2|2||1||3000000
3479123|1|1|1|443.87806398|34791231|2||2||1|1|2|2|2|2|2|2|2||1||98
3479124|1|1|1|443.87806398|34791241|2||2||1|1|2|2|2|2|2|2|2||1||2800000
3479125|1|1|1|373.94918861|34791251|2||2||1|1|2|2|2|2|2|2|2||1||1500000
3479126|1|1|1|1495.7967544|34791261|2||2||1|1|2|2|2|2|2|2|2||1||3800000
3479127|1|1|1|373.94918861|34791271|2||2||1|1|2|1|2|2|2|2|2||3||4000000
3479128|1|1|1|974.33299805|34791281|2||2||1|1|2|2|2|2|2|2|2||1||700000
3479129|1|1|1|1131.3054225|34791291|2||2||1|1|2|2|2|2|2|2|2||1||800000
3479130|1|1|1|1028.1647341|34791301|2||2||1|1|2|2|2|2|2|2|2||1||800000
3479131|1|1|1|1596.9617523|34791311|2||2||1|1|2|2|2|2|2|2|2||1||1600000
3479132|1|1|1|399.24043808|34791321|2||1|2|1|2|2|2|2|2|2|2|1||8||300000
3479133|1|1|1|665.26176893|34791331|2||2||1|1|2|2|2|2|2|2|2||1||1200000
3479134|1|1|1|399.24043808|34791341|2||2||1|1|2|2|2|2|2|2|2||1||1400000
3479135|1|1|1|412.32404842|34791351|2||2||1|1|2|2|2|2|2|2|2||1||1400000
3479136|1|1|1|718.5192471|34791361|2||2||1|2|1|2|2|2|2|2|2||2||98
3479137|1|1|1|399.24043808|34791371|2||2||1|1|2|2|2|2|2|2|2||1||1400000
3479138|1|1|1|399.24043808|34791381|2||2||1|1|2|1|2|2|2|2|2||1||2200000
3479138|1|2|2|399.24043808|34791382|2||2||1|1|2|2|2|2|2|2|2||1||1400000
3479139|1|1|1|1440.3766517|34791391|2||2||1|1|2|2|2|2|2|2|2||1||1400000
3479140|1|1|1|457.95226721|34791401|2||2||1|1|2|2|2|2|2|2|2||1||1200000
3479141|1|1|1|1095.961139|34791411|2||2||1|1|2|2|1|2|2|2|2||1||1300000
3479142|1|1|1|925.59331874|34791421|2||2||1|1|2|2|2|2|2|2|2||1||1300000
3479143|1|1|1|943.38516969|34791431|2||2||1|1|2|2|2|2|2|2|2||1||1300000
3479144|1|1|1|723.88059068|34791441|2||2||1|1|2|2|2|2|2|2|2||1||1300000
3479145|1|1|1|457.95226721|34791451|2||2||1|1|2|2|2|2|2|2|2||1||1400000
3479146|1|1|1|1117.6172625|34791461|2||2||1|1|2|2|2|2|2|2|2||1||1400000
3479147|1|1|1|925.59331874|34791471|2||2||1|1|2|2|2|2|2|2|2||1||1600000
3479148|1|1|1|1780.8735251|34791481|2||2||1|1|2|2|2|2|2|2|2||1||1400000
3479149|1|1|1|457.95226721|34791491|2||2||1|1|1|2|2|2|2|2|1||1||1000000
3479150|1|1|1|457.95226721|34791501|2||2||1|1|2|2|2|2|2|2|1||1||1400000
3479151|1|1|1|510.79291342|34791511|2||2||1|2|2|2|2|2|2|2|1||8||500000
3479152|1|1|1|510.79291342|34791521|2||2||1|2|2|2|2|2|2|2|1||8||98
3479153|1|1|1|510.79291342|34791531|2||2||1|1|2|2|2|2|2|2|2||1||98
3479154|1|1|1|510.79291342|34791541|2||2||1|1|2|2|2|2|2|2|2||1||500000
3479155|1|1|1|1467.2502239|34791551|2||2||1|1|2|2|2|2|2|2|2||1||800000
3479156|1|1|1|851.14373377|34791561|2||2||1|1|2|2|2|2|2|2|2||1||2000000
3479157|1|1|1|1001.74107|34791571|2||2||1|1|2|2|2|2|2|2|2||1||1400000
3479158|1|1|1|1277.2245783|34791581|2||2||1|1|2|2|2|2|2|2|2||1||1400000
3479159|1|1|1|919.28197791|34791591|2||2||1|2|2|1|2|2|2|2|2||3||1400000
3479160|1|1|1|2016.0144931|34791601|2||2||1|1|2|2|2|2|2|2|2||1||1400000
3479161|1|1|1|1917.2247711|34791611|2||2||1|1|2|2|2|2|2|2|2||1||1800000
3479162|1|1|1|510.79291342|34791621|2||2||1|1|1|2|2|2|2|2|2||1||800000
3479163|1|1|1|475.56581594|34791631|2||2||1|1|2|2|2|2|2|2|2||1||2000000
3479164|1|1|1|475.56581594|34791641|2||2||2|1|2|2|2|2|2|2|2||1||1200000
3479165|1|1|1|742.25566067|34791651|2||2||2|1|2|2|2|2|2|2|2||1||1400000
3479166|1|1|1|475.56581594|34791661|2||2||1|1|2|2|2|2|2|2|2||1||98
3479167|1|1|1|1001.3280372|34791671|2||2||1|1|2|2|2|2|2|2|2||1||1200000
3479168|1|1|1|1065.3541307|34791681|2||2||1|1|1|2|2|2|2|2|1||1||700000
3479169|1|1|1|1734.2189292|34791691|2||2||1|1|2|2|2|2|2|2|2||1||900000
3479170|1|1|1|1516.3332962|34791701|2||2||1|1|2|2|2|2|2|2|2||1||900000
3479171|1|1|1|789.15120795|34791711|2||2||1|1|2|2|2|2|2|2|2||1||500000
3479172|1|1|1|1167.0603431|34791721|2||2||1|1|2|2|2|2|2|2|2||1||2800000
3479173|1|1|1|1115.756938|34791731|2||2||1|1|2|2|2|2|2|2|2||1||1400000
3479174|1|1|1|705.50687815|34791741|2||2||1|1|2|2|2|2|2|1|1||7||1500000
3479175|1|1|1|705.50687815|34791751|2||2||1|1|2|2|1|2|2|2|2||1||1200000
3479176|1|1|1|1613.9706817|34791761|2||2||1|1|2|2|2|2|2|2|2||1||1000000
3479177|1|1|1|2822.0275126|34791771|2||2||1|1|2|2|2|2|2|2|2||1||1300000
3479178|1|1|1|705.50687815|34791781|2||2||1|1|2|2|2|2|2|2|2||1||1300000
3479179|1|1|1|1242.3021723|34791791|2||2||1|1|1|2|2|2|2|2|2||1||1000000
3479180|1|1|1|827.59343797|34791801|2||2||1|1|2|2|2|2|2|2|2||1||1300000
3479181|1|1|1|885.16768113|34791811|2||2||1|1|2|2|2|2|2|2|2||1||1600000
3479182|1|1|1|259.62124292|34791821|2||2||1|2|1|2|2|2|2|2|1||8||98
3479183|1|1|1|850.02878971|34791831|2||2||1|1|2|2|2|2|2|2|2||1||1000000
3479184|1|1|1|432.61170674|34791841|2||2||1|1|2|2|2|2|2|2|2||1||1000000
3479185|1|1|1|432.61170674|34791851|2||2||1|1|2|2|2|2|2|2|2||1||1000000
3479186|1|1|1|415.24631942|34791861|2||2||1|1|2|2|2|2|2|2|1||1||700000
3479187|1|1|1|745.76079033|34791871|2||2||1|1|2|2|2|2|2|2|2||1||1400000
3479188|1|1|1|349.64082577|34791881|2||2||1|1|2|2|2|2|2|2|2||1||900000
3479189|1|1|1|259.62124292|34791891|2||2||1|1|2|2|2|2|2|2|2||1||800000
3479190|1|1|1|544.1620996|34791901|2||2||1|1|2|2|2|2|2|2|2||1||1400000
3479191|1|1|1|526.35177153|34791911|2||2||1|1|2|2|2|2|2|2|2||1||1400000
3479192|1|1|1|259.62124292|34791921|2||2||1|1|2|2|2|2|2|2|2||1||700000
3479193|1|1|1|865.74081063|34791931|2||2||1|1|2|2|2|2|2|2|2||1||1500000
3479194|1|1|1|1164.0858053|34791941|2||2||1|1|2|2|2|2|2|2|2||1||3000000
3479195|1|1|1|452.0191283|34791951|2||2||1|1|2|2|2|2|2|2|2||1||1200000
3479196|1|1|1|452.0191283|34791961|2||2||1|1|2|2|2|2|2|2|2||1||1400000
3479197|1|1|1|725.52530808|34791971|2||2||1|1|2|2|2|2|2|2|2||1||1000000
3479198|1|1|1|929.095198|34791981|2||2||1|1|2|2|2|2|2|2|2||1||98
3479199|1|1|1|813.50587958|34791991|2||2||1|2|2|1|2|2|2|2|2||3||1300000
3479200|1|1|1|1808.0765132|34792001|2||2||2|1|2|2|2|2|2|2|2||1||1000000
3479201|1|1|1|184.07663743|34792011|2||2||1|1|2|2|2|2|2|2|2||1||1800000
3479202|1|1|1|562.60085943|34792021|2||2||1|1|2|2|2|2|2|2|2||1||1400000
3479203|1|1|1|214.44248045|34792031|2||2||1|1|2|1|2|2|2|2|2||3||2600000
3479204|1|1|1|207.99484688|34792041|2||2||1|1|2|2|2|2|2|2|2||1||1320000
3479205|1|1|1|281.24799908|34792051|2||2||1|1|2|2|2|2|2|2|2||1||1500000
3479206|1|1|1|186.60752355|34792061|2||2||1|1|2|2|2|2|2|2|2||1||1400000
3479207|1|1|1|251.88880679|34792071|2||2||1|1|2|2|2|2|2|2|2||1||2000000
3479208|1|1|1|333.29547277|34792081|2||2||1|2|2|2|2|2|2|2|1||8||1000000
3479209|1|1|1|406.54862496|34792091|2||2||1|1|2|2|2|2|2|2|2||1||2500000
3479210|1|1|1|170.54852054|34792101|2||2||1|2|2|1|2|2|2|2|2||3||1400000
3479211|1|1|1|170.54852054|34792111|2||2||1|2|2|1|2|2|2|2|2||3||2600000
3479212|1|1|1|211.00570511|34792121|2||2||1|1|2|2|2|2|2|2|2||1||900000
3479213|1|1|1|147.32172912|34792131|2||2||1|1|2|2|2|2|2|2|2||1||1500000
3479214|1|1|1|198.85958431|34792141|2||2||1|1|2|2|2|2|2|2|2||1||1500000
3479215|1|1|1|481.13718865|34792151|2||1|2|1|1|2|2|2|2|2|2|1||8||3500000
3479216|1|1|1|120.28429716|34792161|2||2||1|1|2|2|2|2|2|2|2||1||1400000
3479217|1|1|1|161.09399043|34792171|2||2||1|1|2|2|2|2|2|2|2||1||1200000
3479218|1|1|1|211.00570511|34792181|2||2||1|1|2|2|2|2|2|2|2||1||700000
3479219|1|1|1|198.85958431|34792191|2||2||1|1|2|2|2|2|2|2|2||1||1300000
3479220|1|1|1|188.24483546|34792201|2||2||1|1|2|2|2|2|2|2|2||1||3000000
3479221|1|1|1|212.70464452|34792211|2||2||1|2|2|2|2|2|2|2|1||8||2000000
3479222|1|1|1|212.70464452|34792221|2||2||1|1|2|2|2|2|2|2|2||1||2000000
3479223|1|1|1|318.97094107|34792231|2||2||1|1|2|2|2|2|2|2|2||1||2800000
3479224|1|1|1|212.70464452|34792241|2||2||1|1|2|2|2|2|2|2|2||1||2500000
3479225|1|1|1|356.50813571|34792251|2||2||1|1|2|2|2|2|2|2|2||1||1800000
3479226|1|1|1|212.70464452|34792261|2||2||1|1|2|2|2|2|2|2|2||1||2000000
3479227|1|1|1|287.16043987|34792271|2||2||1|2|2|2|2|2|2|2|1||8||1500000
3479228|1|1|1|432.23266105|34792281|2||2||1|1|2|2|2|2|2|2|2||1||1800000
3479229|1|1|1|279.0188877|34792291|2||2||1|1|2|2|2|2|2|2|2||1||1400000
3479230|1|1|1|188.92075947|34792301|2||2||1|1|2|2|2|2|2|2|1||1||1000000
3479231|1|1|1|317.97649585|34792311|2||2||1|2|2|1|2|2|2|2|2||3||2800000
3479232|1|1|1|225.66987021|34792321|2||2||1|1|2|2|2|2|2|2|2||1||1600000
3479233|1|1|1|189.37848508|34792331|2||2||1|1|2|1|2|2|2|2|2||1||4000000
3479234|1|1|1|250.21750623|34792341|2||2||1|2|2|1|2|2|2|2|2||3||3000000
3479235|1|1|1|274.30741664|34792351|2||2||1|2|2|2|2|2|2|2|1||8||1000000
3479236|1|1|1|274.30741664|34792361|2||2||1|2|2|1|2|2|2|2|2||3||1400000
3479237|1|1|1|274.30741664|34792371|2||2||1|2|2|2|2|2|2|2|1||8||9000000
3479238|1|1|1|460.91635221|34792381|2||2||1|1|2|2|2|2|2|2|2||1||3000000
3479239|1|1|1|342.06640626|34792391|2||2||1|1|2|2|1|2|2|2|2||1||1200000
3479240|1|1|1|153.25936086|34792401|2||2||1|1|2|2|2|2|2|2|2||1||1400000
3479241|1|1|1|169.34662816|34792411|2||2||1|2|2|2|2|2|2|2|1||8||1000000
3479242|1|1|1|185.60227869|34792421|2||2||1|1|2|2|2|2|2|2|2||1||1300000
3479243|1|1|1|153.25936086|34792431|2||2||1|1|2|2|2|2|2|1|2||1||3000000
3479244|1|1|1|207.23536774|34792441|2||2||1|1|2|1|2|2|2|2|2||3||2500000
3479245|1|1|1|391.37867269|34792451|2||2||1|1|2|2|2|2|2|2|2||1||1400000
3479246|1|1|1|185.60227869|34792461|2||2||1|1|2|2|2|2|2|2|2||1||4000000
3479247|1|1|1|277.92905565|34792471|2||2||1|1|2|2|2|2|2|2|2||1||2000000
3479248|1|1|1|229.28157593|34792481|2||2||1|1|2|2|2|2|2|2|2||1||1800000
3479249|1|1|1|201.68954599|34792491|2||2||1|1|2|2|2|2|2|2|1||8||2000000
3479250|1|1|1|267.17031551|34792501|2||2||1|1|2|1|2|2|2|2|2||3||5000000
3479251|1|1|1|449.06137607|34792511|2||2||1|1|2|2|2|2|2|2|2||1||3000000
3479252|1|1|1|198.85958431|34792521|2||2||1|1|2|2|2|2|2|2|2||1||2500000
3479253|1|1|1|145.32366113|34792531|2||2||1|1|2|2|2|2|2|2|2||1||2500000
3479254|1|1|1|192.12290817|34792541|2||2||1|1|2|2|2|2|2|2|2||1||1500000
3479255|1|1|1|256.69102025|34792551|2||2||1|1|2|2|2|2|2|2|2||1||4000000
3479256|1|1|1|255.27739678|34792561|2||2||1|1|2|2|2|2|2|2|2||1||2000000
3479257|1|1|1|303.56652372|34792571|2||2||1|1|2|2|2|2|2|2|2||1||3500000
3479258|1|1|1|156.36958631|34792581|2||2||1|1|2|2|2|2|2|2|2||1||3600000
3479259|1|1|1|333.24060072|34792591|2||2||1|1|2|2|2|2|2|2|2||1||2000000
3479260|1|1|1|319.35648075|34792601|2||2||1|1|2|1|2|2|2|2|2||3||3000000
3479261|1|1|1|510.40693346|34792611|2||2||1|1|2|2|1|2|2|2|2||1||1800000
3479262|1|1|1|279.08701426|34792621|2||2||1|1|2|2|2|2|2|2|2||1||3000000
3479263|1|1|1|362.56783436|34792631|2||2||1|1|2|2|2|2|2|2|2||1||1400000
3479264|1|1|1|319.35648075|34792641|2||2||1|1|2|2|2|2|2|2|2||1||1800000
3479265|1|1|1|156.36958631|34792651|2||2||2|2|2|2|1|2|2|2|2||4||1200000
3479266|1|1|1|368.5416|34792661|2||2||1|1|2|2|2|2|2|2|2||1||2500000
3479267|1|1|1|189.37848508|34792671|2||2||1|1|2|2|2|2|2|2|2||1||2900000
3479268|1|1|1|288.64926221|34792681|2||2||1|1|2|2|2|2|2|2|2||1||1200000
3479269|1|1|1|178.74341991|34792691|2||2||1|1|2|2|2|2|2|2|2||1||1500000
3479270|1|1|1|490.75993242|34792701|2||2||1|1|2|2|2|2|2|2|2||1||1500000
3479271|1|1|1|166.17035789|34792711|2||2||1|1|2|2|2|2|2|2|2||1||5000000
3479272|1|1|1|256.63279889|34792721|2||2||1|1|2|2|2|2|2|2|2||1||1500000
3479273|1|1|1|280.72615498|34792731|2||2||1|1|2|2|2|2|2|2|2||1||2000000
3479274|1|1|1|194.8291558|34792741|2||2||1|1|2|2|2|2|2|2|2||1||5000000
3479275|1|1|1|256.63279889|34792751|2||2||1|2|2|1|2|2|2|2|2||3||4000000
3479276|1|1|1|250.57200798|34792761|2||2||1|1|2|2|2|2|2|2|2||1||2000000
3479277|1|1|1|256.63279889|34792771|2||2||1|2|2|1|2|2|2|2|2||3||4000000
3479278|1|1|1|255.34357811|34792781|2||2||1|2|2|1|2|2|2|2|2||3||98
3479279|1|1|1|282.50765605|34792791|2||2||1|1|2|1|2|2|2|2|2||3||5000000
3479280|1|1|1|255.34357811|34792801|2||2||1|2|2|1|2|2|2|2|2||3||10000000
3479281|1|1|1|242.65656087|34792811|2||2||1|2|2|1|2|2|2|2|2||3||2500000
3479282|1|1|1|211.50823404|34792821|2||2||1|1|2|2|2|2|2|2|1||8||4500000
3479283|1|1|1|482.45822452|34792831|2||2||1|2|2|2|2|2|2|2|1||8||3600000
3479284|1|1|1|255.34357811|34792841|1|1|2||1|1|2|1|2|2|2|2|2||3||3000000
3479285|1|1|1|255.34357811|34792851|2||2||1|1|2|1|2|2|2|2|2||3||6000000
3479286|1|1|1|163.54287252|34792861|2||2||1|1|2|2|2|2|2|1|2||1||6000000
3479287|1|1|1|336.38210291|34792871|2||2||1|1|2|2|2|2|2|2|2||1||4000000
3479288|1|1|1|292.25925565|34792881|2||2||1|1|2|2|2|2|2|2|2||1||4500000
3479289|1|1|1|142.97864692|34792891|1|1|2||1|2|2|1|2|2|2|2|1||3||3500000
3479290|1|1|1|292.25925565|34792901|2||2||1|1|2|2|2|2|2|2|2||1||5500000
3479291|1|1|1|292.25925565|34792911|2||2||1|1|2|2|2|2|2|2|2||1||6000000
3479292|1|1|1|267.17606981|34792921|2||2||1|2|2|1|2|2|2|2|2||3||6000000
3479293|1|1|1|272.58141675|34792931|1|1|2||1|1|2|2|2|2|2|2|2||1||6000000
3479294|1|1|1|201.96535327|34792941|2||2||1|1|2|2|2|2|2|2|2||1||1400000
3479295|1|1|1|377.40117484|34792951|2||2||1|2|2|2|2|2|2|2|1||8||2000000
3479296|1|1|1|269.96518106|34792961|2||2||1|1|2|2|2|2|2|2|2||1||2800000
3479297|1|1|1|437.01621974|34792971|2||2||1|2|2|1|2|2|2|2|2||3||2000000
3479298|1|1|1|218.51363663|34792981|2||2||1|1|2|2|2|2|2|2|2||1||5000000
3479299|1|1|1|412.83258085|34792991|2||2||1|1|2|2|2|2|2|2|2||1||1400000
3479300|1|1|1|333.05684102|34793001|2||2||1|1|2|1|2|2|2|2|2||1||6000000
3479301|1|1|1|217.98549169|34793011|2||2||1|1|2|2|1|2|2|2|2||1||3200000
3479302|1|1|1|332.1284922|34793021|2||2||1|1|2|2|2|2|2|2|2||1||6000000
3479303|1|1|1|337.55102468|34793031|2||2||1|2|2|1|2|2|2|2|2||3||1300000
3479304|1|1|1|1053.9635481|34793041|2||2||1|1|2|2|2|2|2|2|1||1||2000000
3479305|1|1|1|525.02873058|34793051|2||2||1|1|2|2|2|2|2|1|2||7||3000000
3479306|1|1|1|525.02873058|34793061|2||2||1|1|2|2|2|2|2|2|2||1||3000000
3479308|1|1|1|337.55102468|34793081|2||2||1|2|1|2|2|2|2|1|1||7||600000
3479309|1|1|1|267.83630956|34793091|2||2||1|1|2|2|2|2|2|2|2||1||1600000
3479310|1|1|1|1249.9027779|34793101|2||2||1|1|2|2|2|2|2|2|2||1||4000000
3479311|1|1|1|525.02873058|34793111|2||2||1|1|2|2|2|2|2|2|2||1||2850000
3479312|1|1|1|267.83630956|34793121|2||2||1|2|2|2|2|2|2|2|1||8||1000000
3479313|1|1|1|532.17291691|34793131|2||2||1|1|2|2|2|2|2|2|2||1||3000000
3479314|1|1|1|298.87455377|34793141|2||2||1|2|2|1|2|2|2|2|2||3||4500000
3479315|1|1|1|672.92308903|34793151|2||2||1|1|2|1|2|2|2|1|2||3||5000000
3479316|1|1|1|285.19607036|34793161|2||2||2|1|2|2|2|2|2|2|2||1||99
3479317|1|1|1|559.05837053|34793171|2||2||1|1|2|2|2|2|2|2|2||1||99
3479318|1|1|1|465.15834998|34793181|2||2||1|1|2|2|2|2|2|2|2||1||5000000
3479319|1|1|1|1080.1628945|34793191|2||2||1|1|2|2|2|2|2|2|2||1||1600000
3479320|1|1|1|291.71076207|34793201|2||2||1|2|2|1|2|2|2|2|2||3||1420000
3479321|1|1|1|324.25382052|34793211|2||2||1|1|2|2|2|2|2|2|2||1||2500000
3479322|1|1|1|324.25382052|34793221|2||2||1|1|2|2|2|2|2|2|2||1||2840000
3479323|1|1|1|324.25382052|34793231|2||2||1|1|2|1|2|2|2|2|2||1||1300000
3479324|1|1|1|736.24994063|34793241|2||2||1|1|2|2|2|2|2|2|2||1||2500000
3479325|1|1|1|1080.1628945|34793251|2||2||1|1|2|2|2|2|2|2|2||1||2800000
3479326|1|1|1|264.38493353|34793261|2||2||1|2|2|1|2|2|2|2|2||3||1400000
3479327|1|1|1|546.90634155|34793271|2||2||1|1|1|2|2|2|2|2|2||1||1300000
3479328|1|1|1|1080.1628945|34793281|2||2||1|1|2|2|2|2|2|2|2||1||1500000
3479329|1|1|1|965.83822286|34793291|2||2||1|2|2|1|2|2|2|2|2||3||1400000
3479330|1|1|1|257.91644624|34793301|2||2||1|1|2|2|2|2|2|2|2||1||6500000
3479331|1|1|1|257.91644624|34793311|2||2||1|1|2|2|2|2|2|2|2||1||7000000
3479332|1|1|1|361.31140001|34793321|2||2||1|2|2|1|2|2|2|2|2||3||6000000
3479333|1|1|1|361.31140001|34793331|2||2||1|2|2|1|2|2|2|2|2||3||3000000
3479334|1|1|1|325.04913487|34793341|2||2||1|2|2|1|2|2|2|2|2||3||4000000
3479335|1|1|1|257.91644624|34793351|2||2||1|1|2|1|2|2|2|2|2||3||3500000
3479336|1|1|1|257.91644624|34793361|2||2||1|2|2|2|2|2|2|2|1||8||5000000
3479337|1|1|1|289.16858975|34793371|2||2||1|1|2|2|2|2|2|2|2||1||2200000
3479338|1|1|1|312.54724507|34793381|2||2||1|2|2|1|2|2|2|2|2||3||1600000
3479339|1|1|1|247.99658292|34793391|2||2||1|1|2|2|2|2|2|2|2||1||2000000
3479340|1|1|1|347.4148077|34793401|2||2||1|2|2|1|2|2|2|1|2||7||2300000
3479341|1|1|1|247.99658292|34793411|2||2||1|1|2|2|2|2|2|2|2||1||2400000
3479342|1|1|1|421.1719094|34793421|2||2||1|1|2|2|2|2|2|2|2||1||3000000
3479343|1|1|1|347.4148077|34793431|2||2||1|2|2|2|2|2|2|2|1||8||400000
3479344|1|1|1|312.54724507|34793441|2||2||1|2|2|1|2|2|2|2|2||3||1420000
3479345|1|1|1|585.1505122|34793451|2||2||1|1|2|2|2|2|2|2|2||1||99
3479346|1|1|1|396.05288078|34793461|2||2||1|2|2|1|2|2|2|2|2||3||3000000
3479347|1|1|1|554.19699339|34793471|2||2||2|1|2|2|2|2|2|2|2||1||2500000
3479348|1|1|1|396.05288078|34793481|2||2||1|2|2|1|2|2|2|2|2||3||1450000
3479349|1|1|1|601.606343|34793491|2||2||1|1|2|2|2|2|2|2|2||1||1500000
3479350|1|1|1|356.30385938|34793501|2||2||1|2|1|2|2|2|2|1|2||7||2000000
3479351|1|1|1|355.36841182|34793511|2||2||1|1|2|1|2|2|2|2|2||3||3300000
3479352|1|1|1|396.05288078|34793521|2||2||1|1|2|2|2|2|2|2|2||1||2000000
3479353|1|1|1|356.30385938|34793531|2||2||1|2|2|2|2|2|2|2|1||8||1420000
3479354|1|1|1|356.30385938|34793541|2||2||1|2|2|1|2|2|2|2|2||3||1300000
3479355|1|1|1|1024.6867829|34793551|2||2||1|1|2|2|2|2|2|2|2||1||2900000
3479356|1|1|1|577.79709704|34793561|2||2||1|1|2|2|2|2|2|2|2||1||2200000
3479357|1|1|1|485.89701109|34793571|2||2||2|1|2|2|2|2|2|2|2||1||1500000
3479358|1|1|1|328.17460732|34793581|2||2||1|2|1|2|2|2|2|2|1||8||800000
3479359|1|1|1|364.78554809|34793591|2||2||1|2|2|1|2|2|2|2|2||3||1700000
3479360|1|1|1|328.17460732|34793601|2||2||1|2|2|1|2|2|2|2|2||3||2000000
3479361|1|1|1|504.15433278|34793611|2||2||1|1|2|2|2|2|2|2|2||1||3500000
3479362|1|1|1|864.03052753|34793621|2||2||1|1|2|2|2|2|2|2|2||1||3000000
3479363|1|1|1|455.4513549|34793631|1|1|2||1|1|2|1|2|2|2|2|2||3||3000000
3479364|1|1|1|260.39641207|34793641|2||2||1|1|2|2|2|2|2|2|2||1||3600000
3479365|1|1|1|328.17460732|34793651|2||2||1|2|2|1|2|2|2|2|2||3||1500000
3479366|1|1|1|248.96911854|34793661|2||2||1|2|2|2|2|2|2|2|1||8||3000000
3479367|1|1|1|609.73544265|34793671|2||2||2|1|2|2|2|2|2|2|2||1||8000000
3479368|1|1|1|260.91009638|34793681|1|1|2||1|1|2|2|2|2|2|2|2||1||6000000
3479369|1|1|1|791.93270924|34793691|2||1|1|1|1|2|2|2|2|2|2|2||1||5000000
3479370|1|1|1|290.30258422|34793701|2||2||1|1|2|1|2|2|2|2|1||3||1500000
3479371|1|1|1|313.77292054|34793711|2||2||1|2|2|1|2|2|2|2|2||3||2800000
3479372|1|1|1|1161.8558865|34793721|2||2||1|1|2|2|2|2|2|2|2||1||7000000
3479373|1|1|1|441.10346326|34793731|2||2||1|1|2|2|2|2|2|2|2||1||5000000
3479374|1|1|1|348.77721871|34793741|2||2||1|1|2|1|2|2|2|2|2||3||5500000
3479375|1|1|1|791.93270924|34793751|2||2||1|1|2|2|2|2|2|2|2||1||3800000
3479376|1|1|1|1388.7808644|34793761|2||2||1|1|2|2|2|2|2|2|2||1||2500000
3479377|1|1|1|1388.7808644|34793771|2||2||1|1|2|2|2|2|2|2|2||1||2600000
3479378|1|1|1|805.79867957|34793781|2||2||1|1|2|2|2|2|2|2|2||1||1300000
3479379|1|1|1|1388.7808644|34793791|2||2||1|1|2|1|2|2|2|2|2||3||4500000
3479380|1|1|1|297.59589951|34793801|2||2||1|1|2|2|2|2|2|2|2||1||1500000
3479381|1|1|1|297.59589951|34793811|2||2||1|1|2|2|2|2|2|2|2||1||1800000
3479382|1|1|1|297.59589951|34793821|2||2||2|1|2|1|2|2|2|2|2||3||2600000
3479383|1|1|1|583.3652562|34793831|2||2||1|1|2|2|2|2|2|2|2||1||6500000
3479384|1|1|1|946.60706652|34793841|2||2||1|1|2|2|2|2|2|2|2||1||4000000
3479385|1|1|1|443.5415509|34793851|2||2||1|1|2|2|2|2|2|2|1||1||1600000
3479386|1|1|1|665.97497427|34793861|2||1|1|1|2|2|2|2|2|2|2|1||8||2000000
3479387|1|1|1|583.3652562|34793871|2||2||1|1|2|2|2|2|2|2|2||1||2800000
3479388|1|1|1|1157.317387|34793881|2||2||2|1|2|2|2|2|2|2|2||1||5000000
3479389|1|1|1|439.38040286|34793891|2||2||1|1|2|2|2|2|2|2|2||1||3500000
3479390|1|1|1|486.1377135|34793901|2||2||1|1|2|2|2|2|2|2|2||1||7000000
3479391|1|1|1|1157.317387|34793911|2||1|1|2|2|2|1|2|2|2|2|1||3||4000000
3479392|1|1|1|585.97108024|34793921|2||2||1|2|2|1|2|2|2|1|2||3||2500000
3479393|1|1|1|490.83390916|34793931|2||2||1|1|2|2|2|2|2|2|2||1||3000000
3479394|1|1|1|347.4148077|34793941|2||2||1|2|2|1|2|2|2|2|2||3||2800000
3479395|1|1|1|369.61795909|34793951|2||2||1|1|2|2|2|2|2|2|2||1||4000000
3479397|1|1|1|312.54724507|34793971|2||2||1|2|2|1|2|2|2|2|2||3||99
3479398|1|1|1|788.8392221|34793981|2||2||1|1|2|2|2|2|2|2|2||1||99
3479399|1|1|1|607.35366358|34793991|2||2||1|1|2|2|2|2|2|2|2||1||1300000
3479400|1|1|1|392.43042868|34794001|2||2||1|2|2|1|2|2|2|2|2||3||5000000
3479401|1|1|1|661.89718203|34794011|2||2||1|1|2|2|2|2|2|1|2||1||3500000
3479402|1|1|1|353.04496713|34794021|2||2||1|2|2|1|2|2|2|2|2||3||3000000
3479403|1|1|1|392.43042868|34794031|2||2||1|2|2|1|2|2|2|2|2||3||5500000
3479404|1|1|1|417.51051169|34794041|2||2||1|1|2|2|2|2|2|2|2||1||5000000
3479405|1|1|1|621.58482888|34794051|2||2||1|1|2|2|2|2|2|2|2||1||2500000
3479406|1|1|1|392.43042868|34794061|2||2||2|1|2|2|2|2|2|1|2||1||5500000
3479407|1|1|1|392.43042868|34794071|2||2||1|1|2|2|2|2|2|2|2||1||99
3479408|1|1|1|354.62106074|34794081|2||2||1|1|2|2|2|2|2|2|2||1||700000
3479409|1|1|1|281.3808558|34794091|2||2||1|1|1|2|2|2|2|2|2||1||1300000
3479410|1|1|1|394.18235024|34794101|2||2||1|2|1|2|2|2|2|2|1||8||900000
3479411|1|1|1|354.62106074|34794111|2||2||1|1|2|2|2|2|2|2|1||8||900000
3479412|1|1|1|1313.1106604|34794121|2||2||2|1|2|2|2|2|2|2|2||1||1800000
3479413|1|1|1|281.3808558|34794131|2||2||1|1|2|2|2|2|2|2|2||1||1500000
3479414|1|1|1|394.18235024|34794141|2||2||1|1|2|2|2|2|2|2|2||1||1000000
3479415|1|1|1|320.47111866|34794151|2||2||1|1|2|2|2|2|2|2|2||1||3800000
3479416|1|1|1|281.3808558|34794161|2||2||1|1|2|2|2|2|2|2|2||1||2840000
3479417|1|1|1|375.17447439|34794171|2||2||1|1|2|2|2|2|2|2|2||1||2300000
3479418|1|1|1|525.57646699|34794181|2||2||2|1|2|1|2|2|2|1|1||3||99
3479419|1|1|1|375.17447439|34794191|2||2||1|1|2|2|2|2|2|2|2||1||3200000
3479420|1|1|1|428.53619756|34794201|2||2||1|1|2|2|2|2|2|2|1||8||3500000
3479421|1|1|1|1193.3726548|34794211|2||2||1|1|2|2|2|2|2|2|2||1||1300000
3479422|1|1|1|375.17447439|34794221|2||2||1|1|2|2|2|2|2|2|2||1||99
3479423|1|1|1|375.17447439|34794231|2||2||1|1|1|2|2|2|2|2|2||1||1500000
3479424|1|1|1|375.17447439|34794241|2||2||1|1|2|2|2|2|2|2|2||1||2500000
3479425|1|1|1|886.46944022|34794251|2||2||1|1|2|2|2|2|2|2|2||1||1500000
3479426|1|1|1|499.10993851|34794261|2||2||1|1|2|1|2|2|2|2|2||1||4000000
3479427|1|1|1|1069.6622933|34794271|2||2||2|1|2|2|2|2|2|2|2||1||260000
3479428|1|1|1|870.6798962|34794281|2||2||1|1|2|2|2|2|2|2|1||8||1600000
3479429|1|1|1|389.0698253|34794291|2||2||1|1|2|2|2|2|2|2|2||1||7000000
3479430|1|1|1|1803.3676338|34794301|2||2||1|1|2|1|2|2|2|2|2||3||4000000
3479431|1|1|1|416.98495251|34794311|2||1|1|1|1|2|2|2|2|2|2|1||1||1500000
3479432|1|1|1|389.0698253|34794321|2||2||1|2|2|1|2|2|2|2|2||3||3700000
3479433|1|1|1|207.63429124|34794331|2||2||1|1|2|2|2|2|2|2|2||1||1223000
3479434|1|1|1|316.41049967|34794341|2||2||1|1|2|2|2|2|2|2|2||1||2500000
3479435|1|1|1|519.27406096|34794351|2||2||1|1|2|2|2|2|2|2|1||1||4900000
3479436|1|1|1|207.26611247|34794361|2||2||1|1|1|2|2|2|2|2|2||1||3600000
3479437|1|1|1|215.43603927|34794371|2||2||1|1|2|2|2|2|2|2|2||1||99
3479438|1|1|1|519.27406096|34794381|2||2||1|1|2|2|2|2|2|2|2||1||1400000
3479439|1|1|1|197.14457647|34794391|2||2||1|1|2|2|2|2|2|2|2||1||1300000
3479440|1|1|1|353.94244562|34794401|2||2||1|2|2|2|2|2|2|2|1||8||600000
3479441|1|1|1|194.25602577|34794411|2||2||1|1|2|2|2|2|2|2|2||1||1300000
3479442|1|1|1|155.3533122|34794421|2||2||1|1|2|2|2|2|2|2|2||1||1800000
3479443|1|1|1|353.94244562|34794431|2||2||1|1|2|2|2|2|2|2|2||1||1300000
3479444|1|1|1|1785.3118475|34794441|2||2||1|1|2|1|2|2|2|2|2||3||1800000
3479445|1|1|1|1622.8234327|34794451|2||2||1|1|2|2|2|2|2|2|2||1||900000
3479446|1|1|1|1947.632243|34794461|2||2||2|1|2|2|2|2|2|2|2||1||4000000
3479447|1|1|1|690.75429942|34794471|2||2||1|1|2|2|2|2|2|2|2||1||2800000
3479448|1|1|1|690.75429942|34794481|2||2||1|1|2|2|2|2|2|2|2||1||1400000
3479449|1|1|1|690.75429942|34794491|2||2||1|1|2|2|2|2|2|2|2||1||2000000
3479450|1|1|1|690.75429942|34794501|2||2||1|1|2|2|2|2|2|2|2||1||2800000
3479451|1|1|1|2555.3423044|34794511|2||2||1|1|2|2|2|2|2|2|2||1||1600000
3479452|1|1|1|1526.3896273|34794521|2||2||1|1|2|2|2|2|2|2|2||1||2600000
3479453|1|1|1|2003.8685558|34794531|2||2||1|1|2|2|2|2|2|2|2||1||99
3479454|1|1|1|1338.829332|34794541|2||2||1|1|2|2|2|2|2|2|2||1||600000
3479455|1|1|1|678.68463318|34794551|2||2||1|1|2|2|2|2|2|2|2||1||1300000
3479456|1|1|1|970.42395296|34794561|2||2||1|1|2|1|2|2|2|2|2||3||4200000
3479458|1|1|1|942.47167241|34794581|2||2||1|1|2|2|2|2|2|2|2||1||3000000
3479459|1|1|1|424.81389415|34794591|2||2||1|1|2|2|2|2|2|2|2||1||1300000
3479460|1|1|1|424.81389415|34794601|2||2||1|1|2|2|2|2|2|2|2||1||4200000
3479461|1|1|1|689.37519935|34794611|2||2||1|1|2|2|2|2|2|2|2||1||1300000
3479462|1|1|1|424.81389415|34794621|2||2||2|1|2|2|2|2|2|2|2||1||2200000
3479463|1|1|1|890.99872151|34794631|2||2||1|1|2|2|2|2|2|2|2||1||1800000
3479464|1|1|1|424.81389415|34794641|2||2||1|1|2|2|2|2|2|2|2||1||1300000
3479465|1|1|1|960.31412382|34794651|2||2||1|1|2|2|2|2|2|2|2||1||2500000
3479466|1|1|1|1302.9979439|34794661|2||2||1|1|2|2|2|2|2|2|2||1||2800000
3479467|1|1|1|938.72962078|34794671|2||2||1|1|2|2|2|2|2|2|2||1||2800000
3479468|1|1|1|836.40821764|34794681|2||2||1|1|2|2|2|2|2|2|2||1||1800000
3479469|1|1|1|559.51098253|34794691|2||2||1|1|2|2|2|2|2|2|2||1||1900000
3479470|1|1|1|588.2335302|34794701|2||2||1|1|2|2|2|2|2|2|2||1||2600000
3479471|1|1|1|1186.7881816|34794711|2||2||1|2|2|1|2|2|2|2|2||3||1500000
3479472|1|1|1|907.95757963|34794721|2||2||1|1|2|2|2|2|2|2|2||1||2100000
3479473|1|1|1|2052.4490224|34794731|2||2||1|1|2|2|2|2|2|2|2||1||1300000
3479474|1|1|1|588.2335302|34794741|2||2||1|1|2|2|2|2|2|2|2||1||3000000
3479475|1|1|1|705.58950624|34794751|2||2||1|1|2|2|1|2|2|2|2||1||1300000
3479476|1|1|1|1558.5146002|34794761|2||2||1|1|2|2|2|2|2|2|2||1||2800000
3479477|1|1|1|989.78334874|34794771|2||2||1|2|2|1|2|2|2|2|2||3||99
3479478|1|1|1|978.49608739|34794781|2||2||1|1|2|2|2|2|2|2|2||1||5000000
3479479|1|1|1|1082.030879|34794791|2||1|3|1|2|2|2|2|2|2|2|1||8||3500000
3479480|1|1|1|1368.9230317|34794801|2||2||1|1|2|1|2|2|2|2|2||3||4500000
3479481|1|1|1|978.49608739|34794811|2||2||1|1|2|2|2|2|2|2|2||1||10000000
3479482|1|1|1|978.49608739|34794821|2||2||1|1|2|2|2|2|2|2|2||1||7000000
3479483|1|1|1|978.49608739|34794831|2||2||1|1|2|2|2|2|2|2|2||1||2000000
3479485|1|1|1|1354.5374242|34794851|2||2||1|1|2|2|2|2|2|2|1||1||4500000
3479486|1|1|1|1007.2160464|34794861|2||2||1|1|2|2|2|2|2|2|2||1||3000000
3479487|1|1|1|1302.3158047|34794871|1|1|2||1|1|2|1|2|2|2|2|2||3||4000000
3479488|1|1|1|1326.37228|34794881|2||2||1|1|2|2|2|2|2|1|2||1||10000000
3479489|1|1|1|1326.37228|34794891|2||2||1|1|2|2|2|2|2|2|2||1||2000000
3479490|1|1|1|1239.0576034|34794901|2||2||1|2|2|1|2|2|2|2|2||3||99
3479491|1|1|1|783.10482463|34794911|2||2||1|1|2|2|2|2|2|2|2||1||4500000
3479492|1|1|1|1097.4863045|34794921|2||2||1|1|2|2|2|2|2|2|2||1||1700000
3479493|1|1|1|404.04835156|34794931|2||2||1|1|2|2|2|2|2|1|2||1||2800000
3479493|1|2|2|404.04835156|34794932|2||2||1|1|2|2|2|2|2|2|2||1||1500000
3479494|1|1|1|949.32892599|34794941|2||2||1|1|2|2|2|2|2|2|2||1||1200000
3479495|1|1|1|435.9043971|34794951|2||2||1|1|2|2|2|2|2|2|2||1||2000000
3479497|1|1|1|1417.5490054|34794971|2||2||1|1|2|2|2|2|2|2|2||1||2800000
3479498|1|1|1|357.20028065|34794981|2||2||1|1|2|2|2|2|2|2|2||1||2600000
3479499|1|1|1|603.47884804|34794991|2||2||1|1|2|2|2|2|2|2|2||1||3000000
3479500|1|1|1|1518.1689401|34795001|2||2||1|1|2|2|1|2|2|2|2||1||1300000
3479501|1|1|1|561.43038917|34795011|2||2||1|1|1|2|1|2|2|2|2||1||1400000
3479502|1|1|1|561.43038917|34795021|2||2||1|1|2|2|1|2|2|2|2||1||1200000
3479503|1|1|1|1343.3609373|34795031|2||2||1|1|2|2|2|2|2|2|2||1||1400000
3479504|1|1|1|590.25146976|34795041|2||2||1|1|2|2|2|2|2|2|2||1||2000000
3479505|1|1|1|1518.1689401|34795051|2||2||1|1|2|2|2|2|2|2|2||1||2600000
3479506|1|1|1|561.43038917|34795061|2||2||1|1|2|2|2|2|2|2|2||1||3600000
3479507|1|1|1|1707.7199682|34795071|2||2||2|1|1|2|2|2|2|2|2||1||1300000
3479508|1|1|1|808.64106495|34795081|2||2||1|2|2|1|2|2|2|1|1||3||2500000
3479509|1|1|1|849.92500454|34795091|2||2||1|2|2|1|2|2|2|2|2||3||1300000
3479510|1|1|1|414.93827728|34795101|2||2||1|1|2|2|2|2|2|2|2||1||1300000
3479511|1|1|1|865.62488302|34795111|2||2||1|1|2|2|2|2|2|2|2||1||1600000
3479512|1|1|1|902.37970449|34795121|2||2||1|1|2|2|2|2|2|2|2||1||2000000
3479513|1|1|1|531.64763295|34795131|2||2||1|1|2|2|2|2|2|2|2||1||6000000
3479514|1|1|1|742.4356904|34795141|2||2||1|1|2|2|2|2|2|2|2||1||7000000
3479515|1|1|1|657.33526364|34795151|2||2||1|2|2|1|2|2|2|2|2||3||1400000
3479516|1|1|1|783.71963|34795161|2||2||1|1|2|2|2|2|2|2|2||1||1300000
3479517|1|1|1|1067.8881197|34795171|2||2||1|1|2|2|2|2|2|2|2||1||2800000
3479518|1|1|1|361.77031909|34795181|2||2||1|1|2|1|2|2|2|2|2||1||3000000
3479519|1|1|1|969.56006617|34795191|2||2||1|1|2|2|2|2|2|2|2||1||2000000
3479520|1|1|1|361.77031909|34795201|2||2||2|1|2|2|2|2|2|2|2||1||3000000
3479521|1|1|1|492.99026475|34795211|2||2||1|2|2|2|2|2|2|2|1||8||1500000
3479522|1|1|1|538.35043471|34795221|2||2||1|1|2|2|2|2|2|2|2||1||2800000
3479523|1|1|1|329.46939774|34795231|2||2||1|1|2|2|2|2|2|2|2||1||2100000
3479524|1|1|1|329.46939774|34795241|2||2||1|1|2|1|2|2|2|2|2||1||2500000
3479525|1|1|1|676.14678947|34795251|2||2||1|1|2|2|2|2|2|2|1||1||4000000
3479526|1|1|1|698.8430963|34795261|2||2||2|1|1|2|2|2|2|2|2||1||2600000
3479527|1|1|1|720.28047024|34795271|2||2||1|1|2|2|2|2|2|2|2||1||1800000
3479528|1|1|1|329.46939774|34795281|2||2||1|1|2|2|2|2|2|2|1||1||700000
3479529|1|1|1|774.03884342|34795291|2||2||1|1|2|2|2|2|2|2|2||1||1000000
3479530|1|1|1|874.18103267|34795301|2||2||1|1|2|2|2|2|2|2|2||1||1300000
3479531|1|1|1|750.73907348|34795311|2||2||1|1|2|1|2|2|2|2|2||3||3000000
3479532|1|1|1|150.66966223|34795321|2||2||1|1|2|2|2|2|2|2|2||1||1300000
3479533|1|1|1|235.44822715|34795331|2||2||1|1|2|2|1|2|2|2|2||1||800000
3479534|1|1|1|283.61510835|34795341|2||2||1|1|2|2|2|2|2|2|2||1||1300000
3479535|1|1|1|322.23216248|34795351|2||2||1|1|2|2|2|2|2|2|2||1||1600000
3479536|1|1|1|235.86757523|34795361|2||2||1|1|2|2|2|2|2|2|2||1||1600000
3479537|1|1|1|289.60820296|34795371|2||2||1|1|2|2|2|2|2|2|2||1||1300000
3479538|1|1|1|320.42024639|34795381|2||2||1|1|2|2|2|2|2|2|2||1||1400000
3479539|1|1|1|112.71431886|34795391|2||2||1|1|2|2|2|2|2|2|2||1||3000000
3479540|1|1|1|289.60820296|34795401|2||2||1|1|2|2|2|2|2|2|2||1||800000
3479541|1|1|1|174.61526882|34795411|2||2||1|1|2|2|2|2|2|2|2||1||2100000
3479542|1|1|1|171.04276815|34795421|2||2||1|1|2|2|2|2|2|2|2||1||1000000
3479543|1|1|1|293.37538701|34795431|2||2||1|1|2|2|2|2|2|2|2||1||1300000
3479544|1|1|1|183.01434375|34795441|2||2||1|1|2|2|2|2|2|2|2||1||1000000
3479545|1|1|1|111.84221517|34795451|2||2||1|1|2|2|2|2|1|2|1||1||1200000
3479546|1|1|1|117.35169491|34795461|2||2||1|2|2|2|2|2|2|2|1||8||800000
3479547|1|1|1|165.72135636|34795471|2||2||1|1|2|2|2|2|2|2|2||1||1500000
3479548|1|1|1|139.48159159|34795481|2||2||1|2|2|2|2|2|2|2|1||8||700000
3479549|1|1|1|171.2308361|34795491|2||2||1|1|2|2|2|2|2|2|2||1||800000
3479550|1|1|1|162.48610358|34795501|2||2||1|1|2|2|2|2|2|2|2||1||2100000
3479551|1|1|1|407.67522794|34795511|2||2||1|1|2|2|2|2|2|2|2||1||5000000
3479552|1|1|1|285.20536457|34795521|2||2||1|2|2|2|2|2|2|2|1||8||3000000
3479553|1|1|1|89.232169098|34795531|2||2||1|1|2|2|2|2|2|2|2||1||2500000
3479554|1|1|1|159.10590582|34795541|2||2||1|1|2|2|2|2|2|2|2||1||1600000
3479555|1|1|1|131.53319207|34795551|2||2||1|1|2|2|2|2|2|2|2||1||1300000
3479556|1|1|1|183.90026736|34795561|2||2||1|1|2|2|2|2|2|2|2||1||6000000
3479557|1|1|1|138.23708781|34795571|2||2||1|2|2|2|2|2|2|2|1||8||1000000
3479558|1|1|1|138.23708781|34795581|2||1|4|1|1|2|2|2|2|2|2|2||1||1000000
3479559|1|1|1|225.84848181|34795591|2||2||1|1|2|2|1|2|2|2|2||1||1600000
3479560|1|1|1|172.58521755|34795601|2||2||1|1|2|2|1|2|2|2|2||1||1500000
3479561|1|1|1|252.94563904|34795611|2||2||1|1|2|2|2|2|2|2|2||1||2700000
3479562|1|1|1|276.85028067|34795621|2||2||1|1|2|2|2|2|2|2|1||1||2000000
3479563|1|1|1|370.1707089|34795631|2||2||1|1|2|2|2|2|2|2|2||1||4000000
3479564|1|1|1|119.3936859|34795641|2||2||1|1|2|1|2|2|2|2|2||1||4000000
3479565|1|1|1|119.3936859|34795651|2||2||1|1|1|2|2|2|2|2|2||1||2500000
3479566|1|1|1|148.07022681|34795661|2||2||1|2|2|1|2|2|2|2|2||3||1500000
3479567|1|1|1|119.3936859|34795671|2||2||1|1|2|2|2|2|2|2|2||1||2000000
3479568|1|1|1|335.29631924|34795681|2||2||1|1|2|2|2|2|2|2|2||1||2800000
3479569|1|1|1|280.92341235|34795691|2||2||1|1|2|2|2|2|2|2|2||1||1000000
3479570|1|1|1|125.23813207|34795701|2||2||1|1|1|2|2|2|2|2|2||1||2800000
3479571|1|1|1|334.57084503|34795711|2||2||1|1|2|2|2|2|2|2|2||1||1300000
3479572|1|1|1|205.64333912|34795721|2||2||1|1|1|2|1|2|2|2|2||1||1200000
3479573|1|1|1|289.17480975|34795731|2||2||1|1|2|2|2|2|2|2|2||1||800000
3479574|1|1|1|279.14098865|34795741|2||2||1|1|2|2|2|2|2|2|2||1||2000000
3479575|1|1|1|184.60798887|34795751|2||2||1|1|2|2|2|2|2|2|2||1||1300000
3479576|1|1|1|76.889214055|34795761|2||2||1|1|2|2|2|2|2|1|2||1||4000000
3479577|1|1|1|154.2457176|34795771|2||2||1|1|2|2|2|2|2|2|2||1||4000000
3479578|1|1|1|179.86984337|34795781|2||1|1|1|2|2|2|1|2|2|2|2||4||2000000
3479579|1|1|1|86.138111672|34795791|2||2||1|1|2|2|2|2|2|2|2||1||6000000
3479580|1|1|1|88.815876755|34795801|2||2||1|1|2|2|2|2|2|2|2||1||1500000
3479581|1|1|1|123.38600347|34795811|2||2||1|1|1|2|1|2|2|2|2||1||1800000
3479582|1|1|1|108.55273826|34795821|2||2||1|1|2|2|2|2|2|2|2||1||1500000
3479583|1|1|1|187.67365241|34795831|2||2||1|1|2|2|2|2|2|2|2||1||7000000
3479584|1|1|1|178.79933142|34795841|2||1|1|1|1|2|2|2|2|2|2|2||1||2000000
3479585|1|1|1|175.06233349|34795851|2||2||1|1|2|2|2|2|2|2|2||1||2500000
3479586|1|1|1|367.3651874|34795861|2||2||1|1|2|2|2|2|2|2|2||1||1100000
3479587|1|1|1|177.97325996|34795871|2||2||1|1|2|2|2|2|2|2|2||1||2000000
3479588|1|1|1|110.10521813|34795881|2||2||1|1|2|2|2|2|2|2|2||1||800000
3479589|1|1|1|176.27312234|34795891|2||2||1|1|1|2|2|2|2|2|2||1||3500000
3479590|1|1|1|227.99241811|34795901|2||2||1|1|2|1|2|2|2|2|2||1||3500000
3479591|1|1|1|97.407436052|34795911|2||2||1|1|2|2|2|2|2|2|2||1||1300000
3479592|1|1|1|180.49997822|34795921|2||2||1|1|2|2|2|2|2|2|2||1||2000000
3479593|1|1|1|159.47970029|34795931|2||2||1|1|2|2|2|2|2|2|2||1||4000000
3479594|1|1|1|136.5304571|34795941|2||2||1|1|2|2|2|2|2|2|2||1||10000000
3479595|1|1|1|213.99358176|34795951|2||2||1|1|1|2|2|2|2|2|1||1||6000000
3479596|1|1|1|154.3483221|34795961|2||1|2|1|1|2|2|2|2|2|2|2||1||6000000
3479597|1|1|1|88.13053738|34795971|2||2||1|1|2|2|2|2|2|2|2||1||6000000
3479598|1|1|1|159.47970029|34795981|2||2||1|1|2|1|2|2|2|2|2||1||5600000
3479599|1|1|1|88.13053738|34795991|2||2||1|2|2|1|2|2|2|2|2||3||5000000
3479600|1|1|1|136.5304571|34796001|2||2||1|1|2|2|2|2|2|2|2||1||8000000
3479601|1|1|1|247.7507559|34796011|2||2||1|1|2|2|2|2|2|2|2||1||1200000
3479602|1|1|1|116.88892326|34796021|2||2||1|1|1|2|2|2|2|2|2||1||1600000
3479603|1|1|1|276.58235893|34796031|2||2||1|1|2|2|2|2|2|2|2||1||900000
3479604|1|1|1|269.8964891|34796041|2||2||1|1|2|2|2|2|2|2|2||1||800000
3479605|1|1|1|269.8964891|34796051|2||2||1|1|2|2|2|2|2|2|2||1||1000000
3479606|1|1|1|163.055848|34796061|2||2||1|2|1|2|2|2|2|2|1||8||1000000
3479607|1|1|1|421.69241787|34796071|2||2||1|1|2|2|2|2|2|2|2||1||2800000
3479608|1|1|1|269.8964891|34796081|2||2||1|1|2|2|2|2|2|2|2||1||600000
3479609|1|1|1|310.72511804|34796091|2||2||1|1|1|2|2|2|2|2|2||1||1500000
3479610|1|1|1|240.89859584|34796101|2||2||1|1|2|2|2|2|1|2|2||1||2000000
3479611|1|1|1|177.37768549|34796111|2||2||1|1|2|2|2|2|2|2|2||1||1300000
3479612|1|1|1|188.66384716|34796121|2||2||1|1|2|2|2|2|2|2|2||1||2500000
3479613|1|1|1|144.96385842|34796131|2||2||1|1|2|2|2|2|2|2|1||1||900000
3479614|1|1|1|119.67559088|34796141|2||2||1|1|1|2|2|2|2|2|2||1||1200000
3479615|1|1|1|275.90985181|34796151|2||2||1|1|1|2|1|2|2|2|2||1||800000
3479616|1|1|1|110.76479332|34796161|2||1|1|1|1|2|2|2|2|2|2|2||1||800000
3479617|1|1|1|290.44905735|34796171|2||2||1|1|2|2|2|2|2|2|2||1||1200000
3479618|1|1|1|153.55117015|34796181|2||2||1|1|2|2|2|2|2|2|2||1||1000000
3479619|1|1|1|225.07988939|34796191|2||2||1|1|2|2|2|2|2|2|2||1||13000000
3479620|1|1|1|186.01919514|34796201|2||2||1|1|2|2|2|2|2|2|2||1||1200000
3479621|1|1|1|75.14287924|34796211|2||2||1|1|2|2|2|2|2|2|2||1||800000
3479622|1|1|1|502.18877164|34796221|2||2||1|1|2|1|2|2|2|2|2||1||99
3479623|1|1|1|619.33641355|34796231|2||2||1|2|2|1|2|2|2|2|2||3||1600000
3479624|1|1|1|619.33641355|34796241|2||2||1|1|2|1|2|2|2|2|2||3||1600000
3479625|1|1|1|542.10036545|34796251|2||2||1|1|2|2|2|2|2|2|2||1||3000000
3479626|1|1|1|392.75843064|34796261|2||2||1|1|2|2|2|2|2|2|2||1||1450000
3479627|1|1|1|738.12813194|34796271|2||2||1|1|2|2|2|2|2|2|1||1||2800000
3479628|1|1|1|782.96690118|34796281|2||2||1|1|2|1|2|2|2|2|2||3||3500000
3479629|1|1|1|864.55117949|34796291|2||2||1|1|2|2|2|2|2|2|2||1||800000
3479630|1|1|1|534.59535455|34796301|2||2||1|1|2|2|2|2|2|2|2||1||99
3479631|1|1|1|630.21492885|34796311|2||2||1|1|2|2|2|2|2|2|2||1||1600000
3479632|1|1|1|398.81164095|34796321|2||2||1|2|2|2|2|2|2|2|1||8||1425000
3479633|1|1|1|543.79030521|34796331|2||2||1|1|2|2|2|2|2|2|2||1||1300000
3479634|1|1|1|213.43724067|34796341|2||2||1|2|2|1|2|2|2|2|2||3||2800000
3479636|1|1|1|329.95061288|34796361|2||2||2|1|2|2|2|2|2|1|2||1||2500000
3479637|1|1|1|446.46398509|34796371|2||2||1|1|2|2|2|2|2|2|2||1||2600000
3479638|1|1|1|427.276933|34796381|2||2||2|1|2|2|2|2|2|2|2||1||1500000
3479639|1|1|1|457.57805913|34796391|2||2||1|2|2|1|2|2|2|2|2||3||2600000
3479640|1|1|1|425.69623494|34796401|2||2||1|1|2|1|2|2|2|2|2||3||1300000
3479641|1|1|1|526.87739104|34796411|2||2||1|1|2|2|2|2|2|2|2||1||6500000
3479642|1|1|1|222.88223218|34796421|2||2||1|1|2|2|1|2|2|2|2||1||4500000
3479643|1|1|1|484.83120503|34796431|2||2||1|1|2|1|2|2|2|2|2||3||1300000
3479644|1|1|1|296.81024237|34796441|2||2||1|1|2|2|2|2|2|2|2||1||2500000
3479646|1|1|1|356.39690304|34796461|2||2||1|1|2|2|2|2|2|2|2||1||1800000
3479647|1|1|1|472.22589652|34796471|2||2||1|2|2|1|2|2|2|2|2||3||1300000
3479648|1|1|1|479.583554|34796481|2||2||1|2|2|1|2|2|2|2|2||3||1300000
3479648|1|2|2|479.583554|34796482|2||2||1|2|1|2|2|2|2|2|1||8||650000
3479649|1|1|1|232.43411952|34796491|2||2||1|2|2|2|1|2|2|2|2||4||700000
3479650|1|1|1|598.93327087|34796501|2||2||1|1|2|2|2|2|2|2|2||1||1000000
3479651|1|1|1|385.75108417|34796511|2||2||1|1|2|2|2|2|2|2|2||1||1300000
3479652|1|1|1|472.22589652|34796521|2||2||1|2|2|2|2|2|2|2|1||8||1000000
3479653|1|1|1|475.21785283|34796531|2||2||1|1|2|2|2|2|2|2|2||1||2600000
3479654|1|1|1|484.52207686|34796541|2||2||1|1|2|1|2|2|2|2|2||3||1300000
3479655|1|1|1|461.56458994|34796551|2||2||1|1|2|2|1|2|2|2|2||1||900000
3479656|1|1|1|588.28447529|34796561|2||2||1|1|2|2|2|2|2|1|2||7||1000000
3479657|1|1|1|344.30122166|34796571|2||2||1|2|2|2|2|2|2|2|1||8||800000
3479658|1|1|1|587.63264312|34796581|2||2||1|2|2|1|2|2|2|2|2||3||1300000
3479659|1|1|1|592.73928814|34796591|2||2||1|1|2|1|2|2|2|2|2||3||2500000
3479661|1|1|1|498.74506361|34796611|2||2||1|1|2|2|2|2|2|2|2||1||1000000
3479662|1|1|1|488.06539705|34796621|2||2||1|1|2|2|2|2|2|2|2||1||1300000
3479663|1|1|1|684.94060835|34796631|2||2||2|1|1|2|2|2|2|2|1||8||1000000
3479664|1|1|1|463.31597395|34796641|2||2||1|2|1|2|2|2|2|2|1||8||600000
3479665|1|1|1|420.47799738|34796651|2||2||1|1|2|2|1|2|2|2|1||8||99
3479666|1|1|1|488.53222325|34796661|2||2||1|1|2|2|2|2|1|2|2||1||1800000
3479667|1|1|1|495.28864126|34796671|2||1|1|1|2|2|2|2|2|2|1|1||7||700000
3479668|1|1|1|638.54435241|34796681|2||2||1|1|1|2|2|2|2|1|2||7||700000
3479669|1|1|1|561.80263683|34796691|2||2||1|1|1|2|2|2|2|2|2||1||300000
3479670|1|1|1|494.49184143|34796701|2||2||1|1|2|2|2|2|2|2|1||1||1300000
3479671|1|1|1|473.51349538|34796711|2||2||1|1|2|1|2|2|2|2|2||3||2600000
3479672|1|1|1|315.17736879|34796721|2||2||1|1|1|2|2|2|2|2|1||8||1300000
3479673|1|1|1|273.68808155|34796731|2||2||1|1|2|2|1|2|2|2|2||1||1300000
3479674|1|1|1|382.43923167|34796741|2||2||1|1|1|2|1|2|2|2|2||4||800000
3479675|1|1|1|522.17808391|34796751|2||2||1|1|2|2|2|2|2|2|2||1||99
3479676|1|1|1|351.44694605|34796761|2||2||1|1|2|1|2|2|2|2|2||3||1300000
3479677|1|1|1|473.15087831|34796771|2||2||1|1|1|2|1|2|2|2|2||1||2600000
3479678|1|1|1|285.5371066|34796781|2||2||2|1|2|2|2|2|2|2|2||1||1400000
3479679|1|1|1|285.5371066|34796791|2||2||1|1|2|2|2|2|2|2|2||1||1300000
3479680|1|1|1|635.16275727|34796801|2||2||1|1|2|2|2|2|2|2|2||1||900000
3479681|1|1|1|485.6638922|34796811|2||2||1|1|2|2|2|2|2|2|2||1||2000000
3479682|1|1|1|177.37111008|34796821|2||2||1|1|2|2|1|2|2|2|1||1||2200000
3479683|1|1|1|383.35850104|34796831|2||2||1|1|2|2|2|2|2|2|2||1||1000000
3479684|1|1|1|262.02331248|34796841|2||2||1|1|2|2|2|2|2|1|1||7||1000000
3479685|1|1|1|398.31590826|34796851|2||2||1|1|2|2|2|2|2|2|2||1||98
3479686|1|1|1|404.05633857|34796861|2||2||1|1|2|2|2|2|2|1|2||1||4000000
3479687|1|1|1|614.63513675|34796871|2||2||1|2|1|2|2|2|2|1|2||7||1200000
3479688|1|1|1|468.40269802|34796881|2||2||1|2|1|2|2|2|2|2|1||2||700000
3479689|1|1|1|359.69288214|34796891|2||2||1|1|2|2|2|2|2|2|2||1||1300000
3479690|1|1|1|350.22464357|34796901|2||2||1|1|2|2|2|2|2|2|2||1||1300000
3479691|1|1|1|569.51887748|34796911|2||2||1|1|2|2|2|2|2|2|2||1||1000000
3479692|1|1|1|250.12516193|34796921|2||2||1|1|2|2|2|2|2|2|2||1||1500000
3479693|1|1|1|363.21167026|34796931|2||2||1|2|2|2|2|2|2|2|1||8||1000000
3479694|1|1|1|361.42443364|34796941|2||2||1|1|2|2|1|2|2|2|2||1||500000
3479695|1|1|1|294.88633889|34796951|2||2||1|1|2|2|2|2|2|2|1||1||1425000
3479696|1|1|1|184.19307585|34796961|2||2||1|1|2|2|2|2|2|2|2||1||600000
3479697|1|1|1|519.74534519|34796971|2||2||1|1|2|2|2|2|2|2|2||1||1425000
3479698|1|1|1|184.19307585|34796981|2||2||2|1|2|2|2|2|2|2|2||1||1300000
3479699|1|1|1|446.98104669|34796991|2||2||1|1|2|2|2|2|2|2|2||1||1300000
3479700|1|1|1|184.19307585|34797001|2||2||1|1|2|2|2|2|2|2|2||1||900000
3479701|1|1|1|184.19307585|34797011|2||2||1|1|2|2|2|2|2|2|2||1||1000000
3479702|1|1|1|1514.6707132|34797021|2||2||1|2|2|1|2|2|2|2|2||3||8000000
3479703|1|1|1|837.82021752|34797031|2||2||1|1|2|1|2|2|2|2|2||1||7000000
3479704|1|1|1|1514.6707132|34797041|2||2||2|1|2|1|2|2|2|2|2||3||98
3479705|1|1|1|1360.4101749|34797051|2||2||1|1|2|2|2|2|2|2|2||1||1600000
3479706|1|1|1|1425.883274|34797061|2||2||1|1|2|2|2|2|2|2|2||1||99
3479707|1|1|1|1754.954899|34797071|2||2||1|1|2|2|2|2|2|2|2||1||1500000
3479708|1|1|1|2566.4965397|34797081|2||2||1|1|2|2|2|2|2|2|2||1||3200000
3479709|1|1|1|1845.4363499|34797091|2||2||1|1|2|2|2|2|2|2|2||1||1350000
3479710|1|1|1|2120.576767|34797101|2||2||1|1|2|2|2|2|2|2|2||1||2000000
3479711|1|1|1|1954.7416906|34797111|2||2||2|1|2|2|2|2|2|2|2||1||1600000
3479712|1|1|1|2233.5789624|34797121|2||2||1|1|2|2|2|2|2|2|2||1||1400000
3479713|1|1|1|2074.004772|34797131|2||2||1|1|2|2|1|2|2|2|2||1||1700000
3479714|1|1|1|1788.7940725|34797141|2||2||1|1|2|2|2|2|2|2|2||1||2000000
3479715|1|1|1|1732.4341545|34797151|2||2||1|1|2|2|2|2|2|2|2||1||1800000
3479716|1|1|1|2005.3078022|34797161|2||2||1|1|2|2|2|2|2|2|2||1||98
3479717|1|1|1|2106.9822788|34797171|2||2||1|1|2|2|2|2|2|2|2||1||2000000
3479718|1|1|1|1925.9846735|34797181|2||2||1|2|2|2|2|2|2|2|2|1||2600000|
3479718|1|2|2|1925.9846735|34797182|2||2||1|1|2|2|2|2|2|2|2||1||2200000
3479719|1|1|1|2875.3898557|34797191|2||2||2|1|2|2|2|2|2|2|2||1||2800000
3479720|1|1|1|2165.9426329|34797201|2||2||1|1|2|2|2|2|2|2|2||1||1400000
3479721|1|1|1|1000.4339755|34797211|2||2||1|1|2|1|2|2|2|2|2||1||3600000
3479722|1|1|1|2501.4137751|34797221|2||2||1|1|2|2|2|2|2|2|2||1||1600000
3479723|1|1|1|2488.3465758|34797231|2||2||1|1|2|2|2|2|2|2|2||1||2800000
3479724|1|1|1|1852.75951|34797241|2||2||1|1|2|2|2|2|2|2|2||1||2800000
3479725|1|1|1|1738.3018902|34797251|2||2||1|1|2|2|2|2|2|1|2||7||99
3479726|1|1|1|2242.4423709|34797261|2||2||1|2|2|1|2|2|2|2|2||3||1800000
3479727|1|1|1|2560.5322594|34797271|2||2||1|1|2|2|2|2|2|2|2||1||2500000
3479728|1|1|1|1582.6329835|34797281|2||2||1|1|2|1|2|2|2|2|2||3||98
3479730|1|1|1|1743.8474078|34797301|2||2||1|1|2|2|2|2|2|2|2||1||3000000
3479730|1|2|2|1743.8474078|34797302|2||2||1|1|2|1|2|2|2|2|2||3||3000000
3479731|1|1|1|1350.5858669|34797311|2||2||1|1|2|2|2|2|2|2|2||1||800000
3479732|1|1|1|2452.8446738|34797321|2||2||1|1|2|2|2|2|2|2|2||1||4000000
3479733|1|1|1|2295.6921702|34797331|2||2||1|1|2|2|2|2|2|2|2||1||600000
3479734|1|1|1|2000.7424871|34797341|2||2||1|1|2|2|2|2|2|2|2||1||1600000
3479735|1|1|1|2301.6859693|34797351|2||2||1|1|1|2|2|2|2|2|2||1||600000
3479736|1|1|1|1414.3908329|34797361|2||2||1|1|2|2|2|2|2|2|2||1||1700000
3479737|1|1|1|2584.9640982|34797371|2||2||1|1|2|2|2|2|2|1|2||1||4000000
3479738|1|1|1|2380.196835|34797381|2||2||1|2|2|1|2|2|2|2|2||3||1623500
3479739|1|1|1|2964.0703011|34797391|2||2||1|1|2|2|2|2|2|2|2||1||1623500
3479740|1|1|1|1791.9802678|34797401|2||2||1|1|2|2|2|2|2|2|2||1||2600000
3479741|1|1|1|2916.8534234|34797411|2||2||1|1|2|2|2|2|2|2|2||1||1800000
3479742|1|1|1|5274.5877885|34797421|2||1|4|1|1|2|2|2|2|2|2|1||8||1500000
3479743|1|1|1|4418.1580575|34797431|2||2||1|1|2|2|2|2|2|2|2||1||2700000
3479744|1|1|1|2774.1677524|34797441|2||2||1|1|2|1|2|2|2|2|2||3||2800000
3479745|1|1|1|3245.7229568|34797451|2||2||2|2|2|1|2|2|2|1|2||3||2500000
3479746|1|1|1|3245.7229568|34797461|2||2||1|1|2|2|2|2|2|2|2||1||3200000
3479747|1|1|1|3061.5059623|34797471|2||2||2|1|2|1|2|2|2|2|2||3||98
3479748|1|1|1|2681.1810957|34797481|2||2||1|2|2|1|2|2|2|2|2||3||1300000
3479749|1|1|1|2558.7975051|34797491|2||2||1|1|2|2|2|2|2|2|2||1||800000
3479750|1|1|1|2079.6084593|34797501|2||2||1|1|2|2|2|2|2|2|2||1||1900000
3479751|1|1|1|1948.1834422|34797511|2||2||1|1|2|1|2|2|2|2|2||1||3000000
3479752|1|1|1|1754.954899|34797521|2||2||1|1|2|2|2|2|2|2|2||1||98
3479753|1|1|1|1336.3338348|34797531|2||2||1|1|2|2|1|2|2|2|2||1||300000
3479754|1|1|1|1185.6251776|34797541|2||2||2|1|2|2|2|2|2|2|2||1||98
3479755|1|1|1|1294.6116178|34797551|2||2||1|2|1|2|2|2|2|1|2||7||580000
3479756|1|1|1|1674.8492761|34797561|2||2||2|1|2|2|2|2|2|2|2||1||1000000
3479757|1|1|1|3201.3887215|34797571|2||2||1|1|2|2|2|2|2|2|2||1||800000
3479758|1|1|1|1514.6707132|34797581|2||2||2|1|2|2|2|2|2|2|1||8||850000
3479759|1|1|1|2496.2946399|34797591|2||2||1|1|2|2|2|2|2|2|2||1||800000
3479760|1|1|1|1754.954899|34797601|2||2||1|2|2|2|2|2|2|2|1||8||900000
3479761|1|1|1|1849.6342734|34797611|2||2||1|1|2|1|2|2|2|1|2||1||4500000
3479762|1|1|1|2617.5173844|34797621|2||2||1|1|2|2|1|2|2|2|2||1||3500000
3479763|1|1|1|2966.8312065|34797631|2||2||1|1|2|2|2|2|2|2|2||1||99
3479764|1|1|1|2322.3197922|34797641|2||2||1|1|2|2|2|2|2|2|2||1||4500000
3479766|1|1|1|3191.8980471|34797661|2||2||1|1|2|2|2|2|2|2|2||1||2000000
3479767|1|1|1|3437.4830879|34797671|2||2||1|2|2|1|2|2|2|2|2||3||3500000
3479768|1|1|1|1833.4242763|34797681|2||2||1|1|2|1|2|2|2|2|2||3||2000000
3479769|1|1|1|2114.7684146|34797691|2||2||2|1|2|2|2|2|2|2|2||1||5000000
3479770|1|1|1|1131.0199111|34797701|2||2||1|1|2|2|2|2|2|2|2||1||15000000
3479771|1|1|1|2181.9604997|34797711|2||2||1|1|2|1|2|2|2|2|1||3||3800000
3479772|1|1|1|1731.0522436|34797721|2||2||1|1|2|1|2|2|2|2|2||1||13000000
3479773|1|1|1|1554.7544856|34797731|2||2||1|1|2|2|2|2|2|2|2||1||1900000
3479774|1|1|1|953.44952747|34797741|2||2||1|1|2|1|2|2|2|1|2||3||99
3479775|1|1|1|2335.7715294|34797751|2||2||2|1|2|2|2|2|2|2|2||1||2600000
3479776|1|1|1|3140.2055104|34797761|2||2||1|1|2|1|2|2|2|2|2||3||3000000
3479777|1|1|1|3183.5267363|34797771|2||2||2|1|1|2|2|2|2|2|2||1||1980000
3479778|1|1|1|2218.2997811|34797781|2||2||1|1|2|2|2|2|2|2|2||1||2600000
3479779|1|1|1|2335.7715294|34797791|2||2||1|1|2|2|2|2|2|2|2||1||4000000
3479780|1|1|1|2174.9785552|34797801|2||2||1|1|2|2|2|2|2|2|2||1||1000000
3479781|1|1|1|3450.4678269|34797811|2||2||1|1|2|2|2|2|2|2|2||1||2000000
3479782|1|1|1|1348.356046|34797821|2||2||1|1|1|2|2|2|2|2|2||1||1580000
3479783|1|1|1|950.17270257|34797831|2||2||1|1|2|2|2|2|2|2|2||1||2000000
3479784|1|1|1|1057.9153196|34797841|2||2||1|1|2|1|2|2|2|2|2||1||1800000
3479785|1|1|1|1225.7407876|34797851|2||2||1|2|1|2|2|2|2|2|1||8||98
3479786|1|1|1|1317.4269178|34797861|2||2||2|1|2|2|2|2|2|2|2||1||700000
3479787|1|1|1|1575.0081574|34797871|2||2||1|1|2|2|1|2|2|2|2||1||1600000
3479788|1|1|1|1057.9153196|34797881|2||2||1|1|2|2|2|2|2|2|2||1||600000
3479789|1|1|1|1120.4789667|34797891|2||2||1|1|2|2|2|2|2|2|2||1||1300000
3479790|1|1|1|1225.7407876|34797901|2||2||1|2|2|2|2|2|2|2|1||8||99
3479791|1|1|1|1269.3427043|34797911|2||2||1|1|2|2|2|2|2|2|2||1||1600000
3479792|1|1|1|39.565874055|34797921|2||2||1|1|2|2|2|2|2|2|2||1||1600000
3479793|1|1|1|42.721135362|34797931|2||2||1|1|2|2|2|2|2|2|2||1||1600000
3479794|1|1|1|41.443945704|34797941|2||2||1|1|2|2|2|2|2|2|2||1||1000000
3479795|1|1|1|31.264660559|34797951|2||2||1|1|2|2|2|2|2|2|2||1||1600000
3479796|1|1|1|28.632191755|34797961|2||2||1|1|2|2|2|2|2|2|2||1||4000000
3479797|1|1|1|64.563675362|34797971|2||2||1|1|2|2|2|2|2|2|2||1||4800000
3479798|1|1|1|41.969335004|34797981|2||2||1|1|2|2|2|2|2|2|2||1||2600000
3479799|1|1|1|55.579762228|34797991|2||2||1|1|2|2|2|2|2|2|2||1||2000000
3479800|1|1|1|31.592288083|34798001|2||2||1|1|2|2|2|2|2|2|2||1||4500000
3479801|1|1|1|35.134759369|34798011|2||2||1|2|2|1|2|2|2|2|2||3||1560000
3479802|1|1|1|44.674926516|34798021|2||2||1|1|2|2|2|2|2|2|2||1||4900000
3479803|1|1|1|27.849165325|34798031|2||2||1|1|2|2|2|2|2|2|2||1||1653000
3479804|1|1|1|37.612003731|34798041|2||2||1|1|2|2|2|2|2|2|2||1||3600000
3479805|1|1|1|30.328089099|34798051|2||2||1|1|2|2|2|2|2|2|2||1||4800000
3479806|1|1|1|38.68101599|34798061|2||2||1|1|2|2|2|2|2|2|2||1||1600000
3479807|1|1|1|40.51854898|34798071|2||2||1|1|2|2|2|2|2|2|2||1||2000000
3479808|1|1|1|46.439655935|34798081|2||2||1|1|2|2|2|2|2|2|2||1||1750000
3479809|1|1|1|39.873059671|34798091|2||2||1|1|2|2|2|2|2|2|2||1||3000000
3479810|1|1|1|39.873059671|34798101|2||2||1|1|2|2|2|2|2|2|2||1||2700000
3479811|1|1|1|51.119045134|34798111|2||2||1|1|2|2|2|2|2|2|2||1||5600000
3479812|1|1|1|38.68101599|34798121|2||2||1|2|2|1|2|2|2|2|2||3||1700000
3479813|1|1|1|41.206692806|34798131|2||2||1|1|2|2|2|2|2|2|2||1||2000000
3479814|1|1|1|47.874216701|34798141|2||2||1|1|2|2|2|2|2|2|2||1||2000000
3479815|1|1|1|51.385919667|34798151|2||2||1|1|2|2|2|2|2|2|2||1||5000000
3479816|1|1|1|48.787123009|34798161|2||2||1|1|2|2|2|2|2|2|2||1||2000000
3479817|1|1|1|48.787123009|34798171|2||2||1|1|2|2|2|2|2|2|2||1||4000000
3479818|1|1|1|57.304804986|34798181|2||2||1|2|2|1|2|2|2|2|2||3||1850000
3479819|1|1|1|54.706008329|34798191|2||2||1|1|2|2|2|2|2|2|2||1||1653000
3479820|1|1|1|52.179626442|34798201|2||2||1|1|2|2|2|2|2|2|2||1||1423500
3479821|1|1|1|52.226953753|34798211|2||2||1|1|2|2|2|2|2|2|2||1||3247000
3479822|1|1|1|42.892583155|34798221|2||2||1|1|2|2|2|2|2|2|2||1||2600000
3479824|1|1|1|63.38187826|34798241|2||2||1|1|2|2|2|2|2|2|2||1||3000000
3479825|1|1|1|72.415783387|34798251|2||2||1|1|2|2|2|2|2|2|2||1||2000000
3479826|1|1|1|58.09832753|34798261|2||2||1|1|2|2|2|2|2|2|2||1||4200000
3479827|1|1|1|64.221041204|34798271|2||2||1|1|2|2|2|2|2|2|2||1||6800000
3479828|1|1|1|48.033309095|34798281|2||2||1|1|2|2|2|2|2|2|2||1||4200000
3479829|1|1|1|46.233611806|34798291|2||2||1|1|2|2|2|2|2|2|2||1||8400000
3479830|1|1|1|58.989757949|34798301|2||2||1|1|2|2|2|2|2|2|2||1||2800000
3480096|1|1|1|2660.9534653|34800961|2||2||1|1|2|1|2|2|2|2|2||1||8000000
3480097|1|1|1|5544.0281079|34800971|2||2||1|1|2|2|2|2|2|2|2||1||8000000
3480098|1|1|1|3974.6238544|34800981|1|1|2||1|1|2|2|2|2|2|2|2||1||98
3480099|1|1|1|4244.165249|34800991|2||2||1|1|2|2|2|2|2|2|2||1||4000000
3480100|1|1|1|2179.4580296|34801001|2||2||1|1|2|2|2|2|2|2|2||1||15000000
3480101|1|1|1|4241.0982293|34801011|2||2||1|1|2|2|2|2|2|2|2||1||10000000
3480102|1|1|1|2666.7801692|34801021|2||2||1|1|2|2|2|2|2|2|1||1||1500000
3480103|1|1|1|3064.6513315|34801031|2||2||1|1|2|2|2|2|2|2|2||1||1800000
3480104|1|1|1|2141.2162188|34801041|2||2||1|1|2|2|2|2|2|2|2||1||1400000
3480105|1|1|1|2141.2162188|34801051|2||2||1|1|2|2|2|2|2|2|2||1||2800000
3480106|1|1|1|4207.1514966|34801061|2||2||1|1|2|2|2|2|2|2|2||1||1400000
3480108|1|1|1|4121.4710015|34801081|2||2||1|1|2|2|2|2|2|2|2||1||1300000
3480109|1|1|1|3851.3525413|34801091|2||2||1|1|1|1|2|2|2|2|1||1||5000000
3480110|1|1|1|2012.961172|34801101|2||2||1|1|2|2|2|2|2|2|2||1||4000000
3480111|1|1|1|3122.8577136|34801111|2||2||1|1|2|2|2|2|2|2|2||1||2800000
3480112|1|1|1|3036.321269|34801121|2||2||1|1|2|2|2|2|2|2|2||1||8400000
3480113|1|1|1|3653.9152687|34801131|2||2||1|1|2|2|2|2|2|2|2||1||6000000
3480114|1|1|1|1769.7876059|34801141|2||2||1|1|2|2|2|2|2|2|2||1||2800000
3480115|1|1|1|1259.3739469|34801151|2||2||1|1|2|2|2|2|2|2|2||1||7000000
3480116|1|1|1|848.9820921|34801161|2||2||1|1|2|2|2|2|2|2|2||1||23000000
3480117|1|1|1|587.1177234|34801171|2||2||1|1|2|1|2|2|2|2|2||3||18000000
3480118|1|1|1|587.1177234|34801181|2||2||1|1|2|1|2|2|2|2|2||3||9800000
3480119|1|1|1|2118.7354614|34801191|2||2||1|1|2|2|2|2|2|2|2||1||13000000
3480120|1|1|1|759.12577632|34801201|2||2||1|1|2|2|2|2|2|2|2||1||20000000
3480121|1|1|1|988.13580124|34801211|2||2||1|2|2|1|2|2|2|2|2||3||98
3480122|1|1|1|2005.3814366|34801221|2||2||1|1|1|2|2|2|2|2|2||1||900000
3480123|1|1|1|1944.6412987|34801231|2||2||1|1|2|2|2|2|2|2|2||1||3000000
3480124|1|1|1|806.42784667|34801241|2||2||1|1|2|2|2|2|2|2|2||1||2600000
3480125|1|1|1|610.35125898|34801251|2||2||1|1|2|2|2|2|2|2|2||1||2800000
3480126|1|1|1|4538.9331412|34801261|2||2||1|1|2|2|2|2|2|2|2||1||3000000
3480127|1|1|1|3916.5979252|34801271|2||2||1|1|2|2|2|2|2|2|2||1||2000000
3480128|1|1|1|11121.142578|34801281|2||2||1|1|2|2|2|2|2|2|2||1||1423000
3480129|1|1|1|7201.0185553|34801291|2||2||1|1|2|2|2|2|2|2|2||1||4000000
3480130|1|1|1|6462.633452|34801301|2||2||1|1|2|2|2|2|2|2|2||1||1423000
3480131|1|1|1|3067.2439598|34801311|2||2||1|1|2|2|2|2|2|2|2||1||1423000
3480132|1|1|1|3067.2439598|34801321|2||2||1|1|2|2|2|2|2|2|2||1||700000
3480133|1|1|1|3484.0701602|34801331|2||2||1|1|2|2|2|2|2|2|2||1||700000
3480134|1|1|1|3469.6224591|34801341|2||2||1|1|2|2|2|2|2|2|2||1||1423000
3480135|1|1|1|7394.1380592|34801351|2||2||1|1|2|2|2|2|2|2|2||1||3500000
3480136|1|1|1|3728.8379658|34801361|2||2||1|1|2|2|2|2|2|2|2||1||2900000
3480137|1|1|1|5634.9472204|34801371|2||2||1|1|2|2|2|2|2|2|2||1||2800000
3480138|1|1|1|8323.7852819|34801381|2||2||1|1|2|2|2|2|2|2|2||1||1200000
3480139|1|1|1|5050.5837668|34801391|2||2||1|1|2|2|2|2|2|2|2||1||1600000
3480140|1|1|1|4466.9366229|34801401|2||2||1|1|2|2|2|2|2|2|2||1||3500000
3480141|1|1|1|12623.968952|34801411|2||2||1|1|2|2|2|2|2|2|2||1||1600000
3480143|1|1|1|15926.046989|34801431|2||2||1|1|2|2|2|2|2|2|2||1||1600000
3480144|1|1|1|12281.508019|34801441|2||2||1|1|2|2|2|2|2|2|2||1||5000000
3480145|1|1|1|4884.4809634|34801451|2||2||1|1|2|2|2|2|2|2|2||1||4500000
3480146|1|1|1|2847.4105288|34801461|2||2||1|1|2|2|2|2|2|2|2||1||1400000
3480147|1|1|1|5558.1061279|34801471|2||2||1|1|2|2|2|2|2|2|2||1||1423000
3480148|1|1|1|2773.124676|34801481|2||2||1|1|2|2|2|2|2|2|2||1||1423000
3480149|1|1|1|11092.498704|34801491|2||2||1|1|2|2|2|2|2|2|2||1||1400000
3480150|1|1|1|2773.124676|34801501|2||2||1|2|2|2|2|2|2|2|1||8||1400000
3480151|1|1|1|5110.7813215|34801511|2||2||1|1|2|2|2|2|2|2|2||1||1500000
3480152|1|1|1|6717.7666045|34801521|2||2||1|1|2|2|2|2|2|2|2||1||2500000
3480153|1|1|1|357.05829883|34801531|2||2||1|1|2|2|2|2|2|2|2||1||8000000
3480154|1|1|1|509.95510098|34801541|2||2||1|1|2|2|2|2|2|2|2||1||2500000
3480155|1|1|1|700.25419278|34801551|1|1|2||1|1|2|1|2|2|2|2|2||1||4000000
3480156|1|1|1|517.09425091|34801561|2||2||1|1|2|2|2|2|2|2|2||1||3600000
3480158|1|1|1|357.88109104|34801581|2||2||1|1|2|2|2|2|2|2|2||1||2000000
3480159|1|1|1|517.50092344|34801591|2||2||1|1|2|1|2|2|2|2|2||3||4000000
3480160|1|1|1|881.09747361|34801601|2||2||1|1|1|2|2|2|2|2|2||1||2600000
3480161|1|1|1|690.24977657|34801611|2||2||1|1|2|2|2|2|2|2|2||1||99
3480162|1|1|1|733.82685465|34801621|2||2||1|1|2|2|2|2|2|2|2||1||4000000
3480163|1|1|1|481.83076918|34801631|2||2||1|1|2|2|2|2|2|2|2||1||3000000
3480164|1|1|1|680.67561109|34801641|2||2||1|1|2|2|2|2|2|2|2||1||2000000
3480165|1|1|1|612.80926276|34801651|2||2||1|1|2|2|2|2|2|2|2||1||1400000
3480166|1|1|1|946.35748121|34801661|2||2||1|1|2|2|2|2|2|2|2||1||99
3480167|1|1|1|698.7504986|34801671|2||2||1|1|2|2|2|2|2|2|2||1||2600000
3480168|1|1|1|787.38459682|34801681|2||2||1|1|2|2|1|2|2|2|2||1||98
3480169|1|1|1|663.88547594|34801691|2||2||1|1|2|2|2|2|2|2|2||1||3000000
3480170|1|1|1|777.55640027|34801701|2||2||1|1|2|2|2|2|2|2|2||1||98
3480171|1|1|1|865.71467278|34801711|2||2||1|1|2|2|2|2|2|2|2||1||1000000
3480172|1|1|1|774.07701153|34801721|2||2||1|1|2|2|2|2|2|2|2||1||1600000
3480173|1|1|1|1032.6726274|34801731|2||2||1|1|2|2|2|2|2|2|2||1||1600000
3480174|1|1|1|538.79732325|34801741|2||2||1|1|2|2|2|2|2|2|2||1||1400000
3480176|1|1|1|862.23528404|34801761|2||2||1|1|2|2|2|2|2|2|2||1||1000000
3480177|1|1|1|829.1801085|34801771|2||2||1|1|2|1|2|2|2|2|2||1||3000000
3480178|1|1|1|544.85122575|34801781|2||2||1|1|2|1|2|2|2|2|2||3||99
3480179|1|1|1|541.33274276|34801791|2||2||1|2|2|1|2|2|2|2|2||3||5500000
3480180|1|1|1|597.76372763|34801801|2||2||1|1|2|2|2|2|2|2|2||1||99
3480181|1|1|1|871.92332094|34801811|2||2||1|1|2|2|2|2|2|2|2||1||5000000
3480182|1|1|1|871.92332094|34801821|2||2||1|1|2|2|2|2|2|2|2||1||2900000
3480183|1|1|1|286.59459817|34801831|2||2||1|1|2|2|2|2|2|2|2||1||1300000
3480184|1|1|1|109.93605032|34801841|2||2||1|1|2|2|2|2|2|2|2||1||2500000
3480185|1|1|1|301.39247527|34801851|2||2||1|1|2|2|2|2|2|2|2||1||2500000
3480186|1|1|1|276.29046965|34801861|2||2||1|1|2|2|2|2|2|2|2||1||1400000
3480187|1|1|1|276.29046965|34801871|2||2||1|1|2|2|2|2|2|2|2||1||1430000
3480188|1|1|1|267.81106399|34801881|2||2||1|1|2|2|2|2|2|2|2||1||8000000
3480189|1|1|1|104.99799329|34801891|2||2||1|1|2|2|2|2|2|2|1||1||800000
3480190|1|1|1|104.99799329|34801901|2||2||1|1|2|2|2|2|2|2|2||1||500000
3480191|1|1|1|155.05373709|34801911|2||2||1|1|2|2|2|2|2|2|2||1||15000000
3480192|1|1|1|342.49144917|34801921|2||2||1|2|2|2|2|2|2|1|2||7||1200000
3480193|1|1|1|155.05373709|34801931|2||2||1|2|2|2|2|2|2|2|1||8||1800000
3480194|1|1|1|104.99799329|34801941|2||1|4|1|1|2|2|2|2|2|2|1||8||800000
3480195|1|1|1|270.82787246|34801951|2||2||1|2|2|1|2|2|2|2|2||3||2600000
3480196|1|1|1|163.83104691|34801961|2||2||1|1|2|2|2|2|2|2|2||1||3500000
3480197|1|1|1|270.82787246|34801971|2||2||1|1|2|2|2|2|2|2|2||1||1365000
3480198|1|1|1|165.45524042|34801981|2||2||1|1|2|2|2|2|2|2|2||1||2000000
3480199|1|1|1|327.45805207|34801991|2||2||1|1|2|2|2|2|2|2|2||1||3000000
3480200|1|1|1|241.9930302|34802001|1|1|2||1|2|2|1|2|2|2|2|2||3||2600000
3480201|1|1|1|241.9930302|34802011|2||2||1|2|2|1|2|2|2|2|2||3||5000000
3480202|1|1|1|218.6398305|34802021|1|1|2||2|1|2|2|2|2|2|2|2||1||20000000
3480203|1|1|1|207.44116222|34802031|2||2||1|1|2|1|2|2|2|2|2||1||4000000
3480204|1|1|1|90.926287695|34802041|2||2||1|1|2|2|2|2|2|2|2||1||8000000
3480205|1|1|1|147.30070741|34802051|2||1|3|1|2|2|2|2|2|2|2|1||8||1500000
3480206|1|1|1|226.35920342|34802061|2||2||1|1|2|2|2|2|2|2|2||1||10000000
3480207|1|1|1|919.02838314|34802071|2||2||1|1|2|2|2|2|2|2|2||1||2600000
3480208|1|1|1|367.07803995|34802081|2||2||1|2|2|1|2|2|2|2|2||3||4000000
3480209|1|1|1|352.39336563|34802091|2||2||1|2|2|1|2|2|2|2|2||3||2600000
3480210|1|1|1|399.42740931|34802101|2||2||1|1|2|2|2|2|2|1|2||1||6200000
3480211|1|1|1|402.29629105|34802111|2||2||1|1|2|2|1|2|2|2|2||1||6000000
3480212|1|1|1|200.66453083|34802121|2||2||1|1|2|2|2|2|2|2|1||1||3500000
3480213|1|1|1|232.62023455|34802131|2||2||1|2|1|2|2|2|2|1|2||7||1280000
3480214|1|1|1|416.38679909|34802141|2||2||1|1|2|2|2|2|2|2|2||1||1300000
3480215|1|1|1|428.63420357|34802151|2||2||1|1|2|2|2|2|2|2|2||1||800000
3480216|1|1|1|612.40076811|34802161|2||2||1|1|2|1|2|2|2|2|2||3||1300000
3480217|1|1|1|542.16023488|34802171|2||2||1|1|2|2|2|2|2|2|2||1||4200000
3480218|1|1|1|283.29051054|34802181|2||2||1|1|2|2|1|2|2|2|2||1||1300000
3480219|1|1|1|264.04249295|34802191|1|1|2||1|2|2|1|2|2|2|2|2||3||1300000
3480220|1|1|1|439.8858317|34802201|2||2||2|1|2|2|2|2|2|2|2||1||2600000
3480221|1|1|1|332.00640883|34802211|2||2||1|1|2|2|2|2|2|2|2||1||3900000
3480222|1|1|1|399.6501525|34802221|2||2||1|1|2|2|2|2|2|1|2||1||1500000
3480223|1|1|1|304.95714088|34802231|2||2||1|2|2|1|2|2|2|1|2||3||1700000
3480224|1|1|1|310.36495711|34802241|2||2||1|1|2|1|2|2|2|1|2||1||6000000
3480225|1|1|1|464.9583906|34802251|2||2||1|1|2|2|2|2|2|2|2||1||1500000
3480226|1|1|1|250.78117853|34802261|2||2||1|1|2|2|2|2|2|2|2||1||2500000
3480227|1|1|1|459.55057437|34802271|2||2||1|1|2|2|2|2|2|2|2||1||2000000
3480228|1|1|1|274.63160168|34802281|2||2||1|1|2|2|2|2|2|2|2||1||1300000
3480229|1|1|1|601.35410171|34802291|2||2||1|1|2|2|2|2|2|2|2||1||1400000
3480230|1|1|1|211.4729405|34802301|2||2||1|1|2|2|2|2|2|2|2||1||2600000
3480231|1|1|1|389.66745779|34802311|2||2||1|2|1|2|2|2|2|2|1||8||98
3480232|1|1|1|556.72797101|34802321|2||2||1|1|1|2|2|2|2|2|2||1||980000
3480233|1|1|1|490.54855853|34802331|2||2||1|1|2|1|2|2|2|2|2||3||5000000
3480234|1|1|1|257.53682777|34802341|2||2||1|1|2|2|2|2|2|1|2||1||1300000
3480235|1|1|1|556.72797101|34802351|2||2||1|1|2|2|2|2|2|2|2||1||1000000
3480236|1|1|1|517.97867092|34802361|2||2||1|1|2|2|2|2|2|2|2||1||3800000
3480237|1|1|1|343.60357052|34802371|2||2||1|1|2|2|2|2|2|2|2||1||600000
3480238|1|1|1|350.9181577|34802381|2||2||1|2|1|2|2|2|2|2|2||2||400000
3480239|1|1|1|483.63857113|34802391|2||2||1|1|2|2|2|2|2|2|2||1||2000000
3480240|1|1|1|454.48309827|34802401|2||2||1|1|2|2|2|2|2|2|2||1||500000
3480241|1|1|1|113.67891197|34802411|2||2||1|1|2|2|2|2|2|2|2||1||2000000
3480242|1|1|1|75.328233964|34802421|2||2||1|1|2|2|2|2|2|2|2||1||1500000
3480243|1|1|1|82.176642147|34802431|2||2||1|1|2|2|2|2|2|2|2||1||2000000
3480244|1|1|1|84.242430473|34802441|2||2||1|2|2|1|2|2|2|2|2||3||1600000
3480245|1|1|1|224.39446118|34802451|2||2||1|1|2|2|2|2|2|2|2||1||4000000
3480246|1|1|1|251.07512664|34802461|2||2||1|1|2|2|2|2|2|2|2||1||3600000
3480247|1|1|1|82.176642147|34802471|2||2||1|1|2|2|2|2|2|2|2||1||2000000
3480248|1|1|1|133.88648157|34802481|2||2||1|1|2|2|2|2|2|2|2||1||3500000
3480249|1|1|1|103.28267992|34802491|2||2||1|1|2|2|2|2|2|1|2||1||3000000
3480250|1|1|1|158.41177956|34802501|2||2||1|1|2|2|2|2|2|2|2||1||2800000
3480251|1|1|1|149.14705149|34802511|2||1|1|1|1|2|2|1|2|2|2|1||8||2600000
3480252|1|1|1|156.59023667|34802521|2||2||1|1|2|2|2|2|2|2|2||1||2500000
3480253|1|1|1|141.24043868|34802531|2||2||1|1|2|1|2|2|2|2|2||3||3500000
3480254|1|1|1|306.36673841|34802541|2||2||1|1|2|2|1|2|2|2|2||1||2500000
3480255|1|1|1|110.04864715|34802551|2||2||1|1|2|2|2|2|2|2|2||1||1500000
3480256|1|1|1|145.60359999|34802561|2||2||1|1|2|2|2|2|2|2|2||1||1800000
3480257|1|1|1|234.63897263|34802571|2||2||1|1|2|2|2|2|2|2|1||1||1800000
3480258|1|1|1|134.87519197|34802581|2||2||1|1|2|2|2|2|1|2|2||1||1500000
3480259|1|1|1|64.285988584|34802591|2||2||1|1|2|2|2|2|2|2|1||8||800000
3480260|1|1|1|169.54099393|34802601|2||2||1|1|2|2|2|2|2|2|2||1||1600000
3480261|1|1|1|151.06193579|34802611|2||2||1|1|2|2|2|2|2|2|2||1||2300000
3480262|1|1|1|214.83298474|34802621|2||2||1|2|2|2|2|2|2|2|1||8||1000000
3480263|1|1|1|256.15705846|34802631|2||2||1|1|2|2|2|2|2|2|2||1||2600000
3480264|1|1|1|204.13781811|34802641|2||1|1|1|1|2|2|2|2|2|2|2||1||1400000
3480265|1|1|1|464.38890734|34802651|2||2||1|1|2|2|2|2|2|2|2||1||1800000
3480266|1|1|1|360.32325649|34802661|2||2||1|1|2|2|2|2|2|2|2||1||2600000
3480267|1|1|1|255.65001825|34802671|2||2||1|1|2|2|2|2|2|2|2||1||3000000
3480268|1|1|1|248.66066299|34802681|2||2||1|1|2|2|2|2|2|2|2||1||2500000
3480269|1|1|1|342.2682816|34802691|2||2||1|1|2|2|2|2|2|2|2||1||700000
3480269|1|2|2|342.2682816|34802692|2||2||1|1|2|2|2|2|2|2|2||1||98
3480269|1|3|3|342.2682816|34802693|2||2||1|1|2|2|2|2|2|2|2||1||1000000
3480270|1|1|1|227.68091762|34802701|2||2||1|1|2|2|2|2|2|2|2||1||800000
3480271|1|1|1|353.69412835|34802711|2||2||1|1|2|2|2|2|2|2|1||8||900000
3480272|1|1|1|410.08668708|34802721|2||2||1|2|2|1|2|2|2|2|2||3||98
3480273|1|1|1|195.44126334|34802731|2||2||1|1|2|2|2|2|2|2|2||1||6000000
3480274|1|1|1|260.22624592|34802741|2||2||1|1|2|2|2|2|2|2|1||1||3000000
3480275|1|1|1|269.44705998|34802751|2||2||1|1|2|2|2|2|2|2|2||1||2500000
3480276|1|1|1|269.89139856|34802761|2||2||1|1|2|2|2|2|2|2|2||1||5000000
3480277|1|1|1|269.44705998|34802771|2||2||1|1|2|2|2|2|2|2|2||1||5000000
3480278|1|1|1|269.89139856|34802781|2||2||1|1|2|2|2|2|2|2|2||1||6500000
3480279|1|1|1|151.12643223|34802791|2||2||1|1|2|2|2|2|2|2|2||1||2000000
3480280|1|1|1|403.18844551|34802801|2||2||1|1|2|1|2|2|2|2|1||1||900000
3480281|1|1|1|196.91888203|34802811|2||2||1|2|2|2|2|2|2|2|1||8||99
3480282|1|1|1|293.98008545|34802821|2||2||1|1|2|2|2|2|2|2|2||1||99
3480283|1|1|1|396.24720275|34802831|2||2||2|1|2|2|2|2|2|2|2||1||1000000
3480284|1|1|1|258.51793203|34802841|2||2||1|1|2|2|2|2|2|2|2||1||2500000
3480285|1|1|1|297.71049934|34802851|2||2||1|1|2|2|2|2|2|2|1||1||1200000
3480286|1|1|1|171.73458208|34802861|2||2||1|1|2|2|2|2|2|2|2||1||4000000
3480287|1|1|1|529.83580248|34802871|2||2||1|1|2|2|2|2|2|2|2||1||2200000
3480288|1|1|1|214.6682276|34802881|2||2||2|1|2|2|2|2|2|2|2||1||2000000
3480289|1|1|1|279.71432106|34802891|2||2||1|2|2|2|2|2|2|2|1||8||1500000
3480290|1|1|1|375.09039694|34802901|2||2||1|1|2|2|2|2|2|2|2||1||900000
3480291|1|1|1|217.92042976|34802911|2||2||1|1|2|2|2|2|2|2|2||1||1000000
3480292|1|1|1|175.32448219|34802921|2||2||1|1|2|2|2|2|2|2|2||1||900000
3480293|1|1|1|300.11959979|34802931|2||2||1|1|2|2|2|2|2|2|2||1||1300000
3480294|1|1|1|340.7349889|34802941|2||2||1|1|2|2|2|2|2|2|2||1||2000000
3480295|1|1|1|113.31105344|34802951|2||2||1|1|2|2|1|2|2|2|2||1||3500000
3480296|1|1|1|263.23973409|34802961|2||2||2|1|2|2|2|2|2|2|2||1||2500000
3480297|1|1|1|120.44276978|34802971|2||2||2|1|2|2|2|2|2|2|2||1||2000000
3480298|1|1|1|304.48780463|34802981|2||2||1|2|2|1|2|2|2|2|2||3||4000000
3480299|1|1|1|262.86911834|34802991|2||2||1|1|2|1|2|2|2|2|2||3||3500000
3480300|1|1|1|337.64087985|34803001|2||2||1|1|2|2|1|2|2|2|2||1||3200000
3480301|1|1|1|113.31105344|34803011|2||2||1|1|2|2|1|2|2|2|2||1||1800000
3480302|1|1|1|307.08196871|34803021|2||2||1|1|2|2|2|2|2|2|2||1||2800000
3480303|1|1|1|263.23973409|34803031|2||2||1|1|2|2|2|2|2|2|2||1||3000000
3480304|1|1|1|352.51039996|34803041|2||2||1|1|2|2|2|2|2|1|2||1||4000000
3480305|1|1|1|628.21259206|34803051|2||2||1|1|2|2|1|2|2|2|2||1||4800000
3480306|1|1|1|371.73885108|34803061|2||2||2|1|2|2|2|2|2|2|2||1||5000000
3480307|1|1|1|282.27843378|34803071|2||2||1|1|2|2|2|2|2|2|2||1||3800000
3480308|1|1|1|172.88390375|34803081|2||2||1|1|2|2|2|2|2|2|2||1||3000000
3480309|1|1|1|409.44262495|34803091|2||2||1|1|2|2|2|2|2|2|2||1||2800000
3480310|1|1|1|276.89557784|34803101|2||2||1|1|2|2|2|2|2|2|2||1||3000000
3480311|1|1|1|99.484014585|34803111|2||2||1|1|2|2|2|2|2|2|2||1||2000000
3480312|1|1|1|60.045033357|34803121|2||2||1|1|2|2|2|2|2|2|2||1||1400000
3480313|1|1|1|116.11009116|34803131|2||2||1|1|2|2|2|2|2|2|2||1||600000
3480314|1|1|1|121.78408228|34803141|2||2||1|2|2|2|2|2|2|1|2||7||2000000
3480315|1|1|1|162.69990467|34803151|2||2||1|1|1|2|2|2|2|1|1||1||2000000
3480316|1|1|1|184.51971611|34803161|2||2||1|2|2|2|2|2|2|1|1||8||2500000
3480317|1|1|1|105.20191474|34803171|2||2||1|1|2|2|2|1|2|2|2||1||2500000
3480318|1|1|1|117.26727259|34803181|2||2||1|1|2|2|2|2|2|2|2||1||1200000
3480319|1|1|1|154.3274132|34803191|2||2||1|1|1|2|2|2|2|2|2||1||1000000
3480320|1|1|1|130.6905065|34803201|2||2||1|1|2|2|2|2|2|2|2||1||1100000
3480321|1|1|1|109.72343684|34803211|2||2||1|1|2|2|2|2|2|2|2||1||1000000
3480322|1|1|1|167.90840998|34803221|2||2||1|1|2|2|2|2|2|2|2||1||2000000
3480323|1|1|1|130.95201892|34803231|2||2||1|2|2|1|2|2|2|2|2||3||1400000
3480324|1|1|1|150.68442546|34803241|2||2||1|1|2|2|2|2|2|2|2||1||900000
3480325|1|1|1|142.12002165|34803251|2||2||1|1|2|2|2|2|2|2|2||1||2000000
3480326|1|1|1|101.23301839|34803261|2||2||1|1|2|2|2|2|2|2|2||1||600000
3480327|1|1|1|125.61280672|34803271|2||2||1|1|2|2|1|2|2|2|2||1||600000
3480328|1|1|1|110.85986527|34803281|2||2||1|1|1|2|2|2|2|2|2||1||500000
3480329|1|1|1|105.68439561|34803291|2||2||1|1|1|2|2|2|2|2|2||2||1000000
3480330|1|1|1|163.29965751|34803301|2||2||1|1|2|2|2|2|1|2|1||8||800000
3480331|1|1|1|124.5753989|34803311|2||2||1|2|2|2|2|2|2|2|1||8||400000
3480332|1|1|1|110.43201122|34803321|2||2||1|2|1|2|2|2|2|2|1||8||900000
3480333|1|1|1|86.712262595|34803331|2||2||1|1|2|2|2|2|2|2|2||1||1000000
3480334|1|1|1|101.63312935|34803341|2||2||1|1|2|2|2|2|2|2|2||1||800000
3480335|1|1|1|96.05650592|34803351|2||2||1|1|2|2|2|2|2|2|2||1||350000
3480336|1|1|1|87.421332559|34803361|2||1|3|1|2|2|2|2|2|2|2|1||8||400000
3480337|1|1|1|220.88359857|34803371|2||2||1|2|2|2|2|2|2|2|1||8||2500000
3480338|1|1|1|311.80134572|34803381|2||2||1|1|2|2|2|2|2|2|2||1||3500000
3480339|1|1|1|261.71177936|34803391|2||2||1|1|2|2|2|2|2|2|2||1||4000000
3480340|1|1|1|270.22441603|34803401|2||2||2|1|2|2|2|2|2|2|2||1||2000000
3480341|1|1|1|335.2287016|34803411|2||2||1|1|2|2|2|2|2|2|2||1||2000000
3480342|1|1|1|232.7844343|34803421|2||2||1|1|2|2|2|2|2|2|2||1||3000000
3480343|1|1|1|305.72975239|34803431|2||2||1|1|2|2|2|2|2|2|2||1||800000
3480344|1|1|1|305.72975239|34803441|2||2||1|1|2|2|2|2|2|2|2||1||1000000
3480345|1|1|1|348.64546103|34803451|2||2||1|1|2|2|2|2|2|2|2||1||99
3480346|1|1|1|94.434645349|34803461|2||2||1|1|2|2|2|2|2|2|2||1||3100000
3480346|1|2|2|94.434645349|34803462|2||2||2|1|2|2|2|2|2|2|2||1||1900000
3480347|1|1|1|118.9709202|34803471|2||2||1|1|2|2|2|2|2|2|2||1||900000
3480348|1|1|1|168.20833716|34803481|2||2||1|1|2|2|2|2|2|2|2||1||1350000
3480349|1|1|1|133.010035|34803491|2||2||1|1|2|2|2|2|2|2|2||1||1680000
3480350|1|1|1|139.50746827|34803501|2||2||2|1|2|2|2|2|2|2|2||1||1500000
3480351|1|1|1|85.31787524|34803511|2||2||2|1|1|2|2|2|2|2|2||1||2420000
3480352|1|1|1|168.20833716|34803521|2||2||2|1|2|2|2|2|2|2|2||1||6000000
3480353|1|1|1|114.51449676|34803531|2||2||1|1|2|2|2|2|2|2|2||1||2600000
3480354|1|1|1|154.62320014|34803541|2||2||1|1|2|2|2|2|2|2|2||1||3000000
3480355|1|1|1|73.253362324|34803551|2||2||1|1|2|1|2|2|2|2|1||3||4000000
3480356|1|1|1|57.025413153|34803561|2||2||1|2|2|1|2|2|2|1|2||3||2000000
3480357|1|1|1|144.31498679|34803571|2||2||1|1|2|2|2|2|2|2|2||1||2400000
3480358|1|1|1|68.430495784|34803581|2||2||1|1|2|1|2|2|2|2|2||3||2000000
3480359|1|1|1|103.7444377|34803591|2||2||1|1|2|2|2|2|2|2|2||1||6000000
3480360|1|1|1|80.913831036|34803601|2||2||1|1|2|2|2|2|2|2|2||1||3000000
3480361|1|1|1|54.033946096|34803611|1|1|2||1|1|2|1|2|2|2|2|2||1||9000000
3480362|1|1|1|68.430495784|34803621|2||2||1|1|2|2|2|2|2|2|2||1||5000000
3480363|1|1|1|94.132763838|34803631|2||2||1|1|2|2|2|2|2|2|2||1||2500000
3480364|1|1|1|49.469980348|34803641|2||2||1|1|2|2|2|2|2|2|2||1||98
3480365|1|1|1|115.57727024|34803651|2||2||1|1|2|2|2|2|2|2|2||1||5000000
3480366|1|1|1|104.09493266|34803661|2||2||1|1|2|2|2|2|2|2|2||1||2000000
3480367|1|1|1|359.84083345|34803671|2||2||1|1|2|2|2|2|2|2|2||1||98
3480368|1|1|1|359.84083345|34803681|2||2||1|1|2|2|2|2|2|2|2||1||98
3480369|1|1|1|352.92395505|34803691|2||2||1|1|2|2|2|2|2|2|2||1||3000000
3480370|1|1|1|477.3248241|34803701|2||2||1|1|2|2|2|2|2|2|2||1||1500000
3480371|1|1|1|586.85471942|34803711|2||2||1|1|2|2|2|2|2|2|2||1||2000000
3480372|1|1|1|537.15036955|34803721|2||2||1|1|2|2|2|2|2|2|2||1||98
3480373|1|1|1|317.78371585|34803731|2||2||1|1|1|2|2|2|2|2|2||1||400000
3480374|1|1|1|346.4800527|34803741|2||2||1|1|2|2|2|2|2|2|1||1||1600000
3480375|1|1|1|350.17494|34803751|2||2||1|1|2|2|2|2|2|2|2||1||1500000
3480376|1|1|1|370.15359781|34803761|2||2||1|1|2|2|2|2|2|2|2||1||1300000
3480377|1|1|1|676.74914242|34803771|2||2||1|1|2|2|2|2|2|2|2||1||1000000
3480378|1|1|1|333.09012895|34803781|2||2||1|1|2|2|2|2|2|2|2||1||1200000
3480379|1|1|1|698.23094915|34803791|2||2||1|1|2|2|2|2|2|2|2||1||2600000
3480380|1|1|1|443.40083761|34803801|2||2||1|1|2|2|2|2|2|2|2||1||2000000
3480381|1|1|1|472.18131503|34803811|2||2||2|1|2|2|2|2|2|2|2||1||2000000
3480382|1|1|1|343.23794489|34803821|2||2||1|2|2|2|2|2|2|2|1||8||2400000
3480383|1|1|1|278.73229667|34803831|2||2||1|2|2|1|2|2|2|2|2||3||1800000
3480384|1|1|1|669.99134808|34803841|2||2||1|1|2|2|2|2|2|2|2||1||5000000
3480385|1|1|1|444.48174998|34803851|2||2||1|1|2|1|2|2|2|2|2||1||98
3480386|1|1|1|293.43884332|34803861|2||2||1|1|2|1|2|2|2|2|2||1||98
3480387|1|1|1|339.35070202|34803871|2||2||1|1|2|2|2|2|2|2|2||1||98
3480388|1|1|1|298.57007151|34803881|2||2||1|1|2|2|2|2|2|2|2||1||5000000
3480389|1|1|1|306.33401198|34803891|2||2||1|1|2|2|2|2|2|2|2||1||98
3480390|1|1|1|381.76281769|34803901|2||2||1|1|2|2|2|2|2|2|2||1||4500000
3480391|1|1|1|389.38109919|34803911|2||2||1|2|2|2|2|2|2|2|1||8||98
3480392|1|1|1|482.16715113|34803921|2||2||1|1|2|2|2|2|2|2|2||1||98
3480393|1|1|1|965.03077344|34803931|2||2||1|1|2|2|2|2|2|2|2||1||300000
3480394|1|1|1|446.21877345|34803941|2||2||1|1|2|2|2|2|2|2|2||1||800000
3480395|1|1|1|437.64049372|34803951|2||2||1|1|2|2|2|2|2|2|2||1||400000
3480396|1|1|1|632.72353839|34803961|2||2||1|1|2|2|2|2|2|2|2||1||2600000
3480397|1|1|1|363.50407374|34803971|2||2||1|2|2|2|2|2|1|2|1||8||1000000
3480398|1|1|1|315.06608651|34803981|2||2||1|1|2|2|2|2|2|2|2||1||1300000
3480399|1|1|1|393.0062741|34803991|2||2||1|1|2|2|2|2|2|2|2||1||2500000
3480400|1|1|1|510.37618128|34804001|2||2||1|1|2|2|2|2|2|2|2||1||4000000
3480401|1|1|1|727.58943589|34804011|2||2||1|1|2|2|2|2|2|2|2||1||2700000
3480402|1|1|1|659.22310691|34804021|2||2||1|1|2|2|2|2|2|2|2||1||1800000
3480403|1|1|1|336.86252065|34804031|2||2||1|1|2|2|2|2|2|2|2||1||4500000
3480404|1|1|1|315.2097568|34804041|2||2||1|1|2|2|2|2|2|2|2||1||2600000
3480405|1|1|1|274.72410099|34804051|2||2||1|1|2|2|2|2|2|2|2||1||3900000
3480406|1|1|1|186.98382251|34804061|2||2||1|1|2|2|2|2|2|2|2||1||980000
3480407|1|1|1|406.6998725|34804071|2||2||1|1|2|2|2|2|2|2|2||1||7000000
3480408|1|1|1|493.0359604|34804081|2||2||1|1|2|2|2|2|2|2|2||1||2500000
3480409|1|1|1|408.35167368|34804091|2||2||1|1|2|2|2|2|2|2|2||1||7000000
3480410|1|1|1|372.62986094|34804101|2||2||1|1|1|2|1|2|2|2|2||4||1000000
3480411|1|1|1|538.0158819|34804111|2||2||1|1|2|2|2|2|2|2|2||1||800000
3480412|1|1|1|364.26264087|34804121|2||2||1|1|2|2|2|2|2|2|2||1||600000
3480413|1|1|1|375.75210757|34804131|2||2||1|2|2|2|2|2|2|2|1||8||600000
3480414|1|1|1|380.13459183|34804141|2||2||1|2|2|2|2|2|2|2|1||8||1600000
3480415|1|1|1|364.26264087|34804151|2||2||1|2|2|1|2|2|2|2|2||3||1300000
3480416|1|1|1|310.7881767|34804161|2||2||1|1|2|2|2|2|2|2|2||1||1400000
3480417|1|1|1|442.13205836|34804171|2||2||1|1|2|2|2|2|2|2|2||1||1300000
3480418|1|1|1|505.29378098|34804181|2||2||1|1|2|2|2|2|2|2|2||1||3000000
3480419|1|1|1|505.29378098|34804191|2||2||1|1|2|2|2|2|2|2|2||1||5000000
3480420|1|1|1|450.20870992|34804201|2||2||1|1|2|2|2|2|2|2|2||1||3500000
3480421|1|1|1|600.34377429|34804211|2||2||1|1|2|2|2|2|2|2|2||1||1650000
3480422|1|1|1|424.55884853|34804221|2||2||1|1|2|2|2|2|2|2|2||1||600000
3480423|1|1|1|638.3058333|34804231|2||2||1|2|2|2|2|2|2|2|2|1||1000000|
3480424|1|1|1|428.34617958|34804241|2||2||1|1|2|2|2|2|2|2|2||1||1500000
3480425|1|1|1|186.03245506|34804251|2||2||1|2|2|1|2|2|2|2|2||3||3000000
3480426|1|1|1|126.05833226|34804261|2||2||1|1|2|1|2|2|2|2|2||3||2500000
3480427|1|1|1|482.5118261|34804271|2||2||1|1|2|2|2|2|2|2|2||1||1200000
3480428|1|1|1|182.42578759|34804281|2||2||2|1|2|2|2|2|2|2|2||1||2000000
3480429|1|1|1|367.74585071|34804291|2||2||2|2|1|2|2|2|2|1|1||7||1000000
3480430|1|1|1|136.89199108|34804301|2||2||1|1|2|2|1|2|2|2|2||1||2200000
3480431|1|1|1|605.07999483|34804311|2||2||1|1|2|2|1|2|2|2|2||1||2000000
3480432|1|1|1|605.07999483|34804321|2||2||1|1|2|2|2|2|2|2|2||1||1800000
3480433|1|1|1|165.79875746|34804331|2||2||1|2|2|1|2|2|2|2|1||3||1500000
3480434|1|1|1|313.58162121|34804341|2||2||1|1|2|2|2|2|2|2|2||1||2500000
3480435|1|1|1|407.17811377|34804351|2||2||1|1|2|2|2|2|2|2|2||1||2000000
3480436|1|1|1|214.51841291|34804361|2||2||1|1|2|1|2|2|2|2|2||3||1800000
3480437|1|1|1|112.05185089|34804371|2||2||2|1|2|2|2|2|2|2|2||1||1500000
3480438|1|1|1|258.77341472|34804381|2||2||1|1|2|2|2|2|2|2|2||1||1400000
3480439|1|1|1|395.32580509|34804391|2||2||1|1|2|2|2|2|2|2|2||1||1400000
3480440|1|1|1|693.28761897|34804401|2||2||1|1|2|1|2|2|2|2|2||3||3000000
3480441|1|1|1|360.09921866|34804411|2||2||1|1|2|1|2|2|2|2|2||3||3000000
3480442|1|1|1|441.42830908|34804421|2||2||1|1|2|2|2|2|2|2|2||1||1000000
3480443|1|1|1|427.43813568|34804431|2||2||1|1|2|2|2|2|2|2|2||1||1200000
3480444|1|1|1|648.07618366|34804441|2||2||1|1|2|2|2|2|2|2|2||1||98
3480445|1|1|1|806.68790146|34804451|2||2||1|1|1|2|2|2|2|2|2||1||800000
3480446|1|1|1|1440.3968746|34804461|2||2||1|1|2|2|2|2|2|2|2||1||1200000
3480447|1|1|1|900.41885977|34804471|2||2||1|1|2|2|2|2|2|2|2||1||1300000
3480448|1|1|1|528.29611062|34804481|2||2||1|1|2|2|2|2|2|2|2||1||4000000
3480449|1|1|1|317.0438773|34804491|2||2||1|1|2|2|2|2|2|2|2||1||5000000
3480450|1|1|1|317.0438773|34804501|1|1|2||1|2|2|1|2|2|2|2|2||3||10000000
3480451|1|1|1|352.27097477|34804511|2||2||1|1|2|2|2|2|2|2|2||1||600000
3480452|1|1|1|859.70558652|34804521|2||2||1|1|2|2|2|2|2|2|2||1||900000
3480453|1|1|1|1011.8967061|34804531|2||2||1|1|2|2|2|2|2|2|2||1||1000000
3480454|1|1|1|554.10850438|34804541|2||2||1|1|2|2|2|2|2|2|2||1||2000000
3480455|1|1|1|221.96895283|34804551|2||2||1|1|2|2|2|2|2|2|2||1||2000000
3480456|1|1|1|251.88880679|34804561|2||2||1|1|2|2|2|2|2|2|2||1||2000000
3480457|1|1|1|582.97325649|34804571|2||2||1|1|2|2|2|2|2|2|1||8||1200000
3480458|1|1|1|162.38380117|34804581|2||2||1|1|2|2|2|2|2|2|2||1||1000000
3480459|1|1|1|505.09341088|34804591|2||2||1|1|2|2|2|2|2|2|2||1||1800000
3480460|1|1|1|314.64461194|34804601|2||2||1|2|2|2|2|2|2|2|1||8||600000
3480461|1|1|1|319.15948144|34804611|2||2||1|1|2|2|2|2|2|2|2||1||800000
3480462|1|1|1|649.53520467|34804621|2||2||1|1|2|2|2|2|2|2|2||1||700000
3480463|1|1|1|371.54932276|34804631|2||2||1|1|2|2|2|2|2|2|2||1||800000
3480464|1|1|1|173.39255845|34804641|2||2||1|1|2|2|2|2|2|2|2||1||800000
3480465|1|1|1|268.46043882|34804651|2||2||1|1|2|2|2|2|2|2|2||1||1800000
3480466|1|1|1|259.36592603|34804661|2||2||1|2|2|2|2|2|2|2|1||8||1500000
3480467|1|1|1|371.54932276|34804671|2||2||1|2|2|2|2|2|2|2|1||8||600000
3480468|1|1|1|339.66105736|34804681|2||2||1|1|2|2|2|2|2|2|2||1||1800000
3480469|1|1|1|329.73103064|34804691|2||2||1|1|2|2|2|2|2|2|2||1||1300000
3480470|1|1|1|156.36958631|34804701|2||2||1|1|2|2|2|2|2|2|2||1||1500000
3480471|1|1|1|203.15509707|34804711|2||2||1|1|2|2|2|2|2|2|2||1||3000000
3480472|1|1|1|255.27739678|34804721|2||2||1|1|2|1|2|2|2|2|2||3||3000000
3480473|1|1|1|180.328884|34804731|2||2||1|1|2|1|2|2|2|2|2||3||9800000
3480474|1|1|1|279.25043075|34804741|2||2||1|1|2|2|2|2|2|2|2||1||10000000
3480475|1|1|1|257.8958618|34804751|2||2||1|2|2|1|2|2|2|2|2||3||6000000
3480476|1|1|1|585.21429936|34804761|2||2||1|1|2|2|2|2|2|2|2||1||9000000
3480477|1|1|1|243.05060304|34804771|2||2||1|1|2|2|2|2|2|2|2||1||3500000
3480478|1|1|1|257.8958618|34804781|2||2||1|2|2|1|2|2|2|2|2||3||4500000
3480479|1|1|1|243.05060304|34804791|2||2||1|1|2|2|2|2|2|2|2||1||6000000
3480480|1|1|1|292.25925565|34804801|2||2||1|1|2|2|2|2|2|2|2||1||12000000
3480481|1|1|1|298.28937646|34804811|2||2||1|1|2|2|2|2|2|2|2||1||3000000
3480482|1|1|1|298.28937646|34804821|2||2||1|1|2|2|2|2|2|2|2||1||3500000
3480483|1|1|1|634.42550181|34804831|2||2||1|1|2|2|2|2|2|2|2||1||1500000
3480484|1|1|1|263.48894921|34804841|2||2||1|1|2|2|2|2|2|2|2||1||1300000
3480485|1|1|1|279.58255927|34804851|2||2||1|2|2|2|2|2|2|2|1||8||500000
3480486|1|1|1|323.62490044|34804861|2||1|1|1|1|2|2|2|2|2|2|1||1||1500000
3480487|1|1|1|637.50677496|34804871|2||2||1|1|2|2|2|2|2|2|2||1||1400000
3480488|1|1|1|217.57355694|34804881|2||2||1|1|2|2|2|2|2|2|2||1||700000
3480490|1|1|1|606.88359162|34804901|2||1|3|1|1|2|2|2|2|2|2|1||1||3000000
3480491|1|1|1|907.16510541|34804911|2||2||1|1|2|2|2|2|2|2|2||1||2000000
3480492|1|1|1|285.19607036|34804921|2||2||1|1|2|2|2|2|2|2|2||1||2500000
3480493|1|1|1|325.76000739|34804931|2||2||1|2|2|1|2|2|2|2|2||3||6000000
3480494|1|1|1|247.99658292|34804941|2||2||1|1|2|2|2|2|2|2|2||1||1500000
3480495|1|1|1|700.071688|34804951|2||2||1|1|2|2|2|2|2|2|2||1||2800000
3480496|1|1|1|1750.8142138|34804961|2||2||1|1|2|2|2|2|2|2|2||1||1500000
3480497|1|1|1|863.31226233|34804971|2||2||1|1|2|1|2|2|2|1|2||3||2000000
3480498|1|1|1|881.93109419|34804981|2||2||1|1|1|2|2|2|2|2|2||1||1400000
3480499|1|1|1|1036.8929418|34804991|2||2||2|1|2|1|2|2|2|2|2||3||1500000
3480500|1|1|1|740.41372452|34805001|2||2||1|1|2|2|1|2|2|2|2||1||6000000
3480501|1|1|1|744.0920611|34805011|2||2||1|1|2|2|2|2|2|2|2||1||700000
3480502|1|1|1|1239.5767608|34805021|2||2||1|1|2|2|2|2|2|2|2||1||1600000
3480503|1|1|1|827.5422272|34805031|2||2||1|1|2|2|2|2|2|2|2||1||2000000
3480504|1|1|1|926.95674475|34805041|2||2||1|2|2|2|2|2|2|1|1||8||1000000
3480505|1|1|1|938.99897617|34805051|2||2||1|1|1|2|2|2|2|2|2||1||3000000
3480506|1|1|1|1364.3502748|34805061|2||2||1|1|2|2|1|2|2|2|2||1||3500000
3480507|1|1|1|1037.132219|34805071|2||2||1|1|2|2|2|2|2|2|2||1||2000000
3480508|1|1|1|1188.5572772|34805081|2||2||1|1|2|2|2|2|2|2|2||1||1300000
3480509|1|1|1|433.44832289|34805091|2||2||1|1|2|2|2|2|2|2|2||1||1300000
3480510|1|1|1|3014.5394615|34805101|2||2||1|1|2|2|2|2|2|2|2||1||5000000
3480511|1|1|1|925.8998973|34805111|2||2||1|1|2|2|2|2|2|2|2||1||7000000
3480512|1|1|1|3315.571552|34805121|2||2||1|1|2|2|2|2|2|2|2||1||2800000
3480513|1|1|1|2175.2626816|34805131|2||2||1|2|2|2|2|2|2|2|1||8||900000
3480514|1|1|1|1055.6483784|34805141|2||2||1|1|2|1|2|2|2|2|2||3||2800000
3480515|1|1|1|2456.6898592|34805151|2||2||1|1|2|2|2|2|2|2|1||1||1300000
3480516|1|1|1|2796.8912898|34805161|2||2||1|1|2|2|2|2|2|2|2||1||2000000
3480517|1|1|1|925.8998973|34805171|2||2||1|1|2|2|2|2|2|2|2||1||2800000
3480518|1|1|1|497.68401203|34805181|2||2||1|1|2|2|2|2|2|2|2||1||3000000
3480519|1|1|1|501.63449191|34805191|2||2||1|1|2|1|2|2|2|2|2||3||2600000
3480520|1|1|1|497.68401203|34805201|2||2||1|1|2|2|2|2|2|2|2||1||2800000
3480521|1|1|1|497.68401203|34805211|2||2||1|1|2|2|2|2|2|2|2||1||2600000
3480522|1|1|1|523.23266649|34805221|2||2||1|1|2|2|2|2|2|2|2||1||2800000
3480523|1|1|1|556.24429743|34805231|2||2||1|1|2|2|2|2|2|2|2||1||2000000
3480524|1|1|1|1112.4398776|34805241|2||2||1|1|2|2|2|2|2|2|2||1||1400000
3480525|1|1|1|1176.3120851|34805251|2||2||1|1|2|2|2|2|2|2|1||1||2100000
3480526|1|1|1|1775.2165952|34805261|2||2||1|1|2|2|2|2|2|2|2||1||1500000
3480527|1|1|1|796.309176|34805271|2||1|1|1|1|2|2|2|2|2|2|2||1||3000000
3480528|1|1|1|1430.5741391|34805281|2||2||1|1|2|2|2|2|2|2|2||1||2600000
3480529|1|1|1|647.39383679|34805291|2||2||1|1|2|2|2|2|2|2|2||1||4500000
3480530|1|1|1|647.39383679|34805301|2||2||1|1|2|2|1|2|2|2|2||1||2000000
3480531|1|1|1|2087.6732018|34805311|2||2||1|1|2|2|2|2|2|2|2||1||1600000
3480532|1|1|1|255.91861692|34805321|2||2||1|1|2|2|2|2|2|2|2||1||2600000
3480533|1|1|1|184.60798887|34805331|2||2||1|1|2|2|2|2|2|2|2||1||800000
3480534|1|1|1|159.5250604|34805341|2||2||1|1|2|2|2|2|2|2|2||1||800000
3480535|1|1|1|200.47197765|34805351|2||2||1|1|2|2|2|2|2|2|2||1||1500000
3480536|1|1|1|179.55495698|34805361|2||2||1|1|2|2|2|2|2|2|2||1||2000000
3480537|1|1|1|269.05515697|34805371|2||2||1|1|2|2|2|2|2|2|2||1||5000000
3480538|1|1|1|319.26145057|34805381|2||2||1|1|2|2|2|2|2|2|2||1||1300000
3480539|1|1|1|182.38737322|34805391|2||2||1|1|2|2|2|2|2|2|2||1||1200000
3480540|1|1|1|237.76595469|34805401|2||2||1|1|2|2|2|2|2|2|2||1||1300000
3480541|1|1|1|218.15824346|34805411|2||2||1|1|2|2|2|2|2|2|1||8||1800000
3480542|1|1|1|182.38737322|34805421|2||2||1|1|2|2|2|2|2|2|1||1||1600000
3480543|1|1|1|196.28201028|34805431|2||2||1|1|1|2|2|2|2|2|2||1||2000000
3480544|1|1|1|129.44691548|34805441|2||2||1|1|2|2|2|2|2|2|2||1||2500000
3480545|1|1|1|228.47133503|34805451|2||2||1|1|2|2|2|2|2|2|2||1||5000000
3480546|1|1|1|164.71506501|34805461|2||2||1|1|2|2|2|2|2|2|2||1||3500000
3480547|1|1|1|180.05206522|34805471|2||2||1|1|2|2|2|2|2|2|2||1||9000000
3480548|1|1|1|173.9566301|34805481|2||2||1|1|2|2|2|2|2|2|2||1||2500000
3480549|1|1|1|297.16690461|34805491|2||2||1|1|2|2|2|2|2|2|2||1||3000000
3480550|1|1|1|217.2990012|34805501|2||2||1|1|2|2|2|2|2|2|2||1||8000000
3480551|1|1|1|328.16659012|34805511|2||2||1|1|2|2|2|2|2|2|2||1||1300000
3480552|1|1|1|633.54642886|34805521|2||2||1|1|2|2|2|2|2|1|2||1||4000000
3480553|1|1|1|601.41977387|34805531|2||2||1|2|2|1|2|2|2|2|2||3||5500000
3480554|1|1|1|356.39690304|34805541|2||2||1|2|2|1|2|2|2|2|2||3||1300000
3480555|1|1|1|667.62672021|34805551|2||2||1|1|1|2|2|2|2|2|2||1||1300000
3480556|1|1|1|486.9592177|34805561|2||2||1|1|2|1|2|2|2|2|1||1||1350000
3480557|1|1|1|678.03766514|34805571|2||2||1|2|2|2|2|2|2|2|1||8||950000
3480558|1|1|1|372.05705601|34805581|2||2||1|2|2|2|2|2|2|2|1||8||360000
3480559|1|1|1|372.05705601|34805591|2||2||1|2|2|2|2|2|2|2|1||8||1500000
3480560|1|1|1|553.40510542|34805601|2||2||1|1|2|2|2|2|2|2|2||1||4000000
3480561|1|1|1|438.27234612|34805611|2||2||1|1|2|2|2|2|2|2|2||1||2100000
3480562|1|1|1|791.71902292|34805621|2||2||1|1|1|2|2|2|2|2|2||1||1200000
3480563|1|1|1|894.22333258|34805631|2||2||1|1|2|2|2|2|2|2|2||1||1300000
3480564|1|1|1|325.01214218|34805641|2||2||1|1|2|2|2|2|2|2|2||1||1300000
3480565|1|1|1|424.81154463|34805651|2||2||1|1|1|2|2|2|2|2|2||1||1300000
3480566|1|1|1|512.70221132|34805661|2||2||1|1|2|2|2|2|2|2|2||1||3000000
3480567|1|1|1|462.66225979|34805671|2||2||2|1|2|2|2|2|2|1|2||1||98
3480568|1|1|1|184.19307585|34805681|2||2||1|1|2|2|2|2|2|2|1||1||1200000
3480569|1|1|1|1736.6137403|34805691|2||2||1|1|2|2|2|2|2|2|2||1||2000000
3480570|1|1|1|4321.1421331|34805701|2||2||2|1|2|2|2|2|2|2|2||1||2800000
3480571|1|1|1|2041.6211366|34805711|2||2||1|1|2|2|2|2|2|2|2||1||1600000
3480572|1|1|1|2203.8207638|34805721|2||2||1|1|2|1|2|2|2|2|2||3||99
3480573|1|1|1|2427.2848496|34805731|2||2||1|1|2|1|2|2|2|2|2||1||13000000
3480574|1|1|1|4183.0933107|34805741|2||2||2|1|2|2|2|2|2|2|2||1||25000000
3480575|1|1|1|2578.427941|34805751|2||2||1|2|2|1|2|2|2|2|2||3||8000000
3480576|1|1|1|2059.2780769|34805761|2||2||1|1|2|1|2|2|2|2|2||3||99
3480577|1|1|1|989.64242223|34805771|2||2||1|1|2|2|2|2|2|2|2||1||8000000
3480578|1|1|1|1140.3510795|34805781|2||2||1|1|2|2|2|2|2|2|2||1||3200000
3480579|1|1|1|800.34718037|34805791|2||2||1|1|2|2|2|2|2|2|2||1||3000000
3480580|1|1|1|1511.9069215|34805801|2||2||1|1|2|2|1|2|2|2|2||1||6000000
3480581|1|1|1|1587.761134|34805811|2||2||1|1|2|2|2|2|2|2|2||1||3700000
3480582|1|1|1|36.268345986|34805821|2||2||1|1|2|2|2|2|2|2|2||1||1350000
3480583|1|1|1|36.268345986|34805831|2||2||1|1|2|2|2|2|2|2|2||1||2400000
3480584|1|1|1|36.268345986|34805841|2||2||1|1|2|2|2|2|2|2|2||1||1200000
3480585|1|1|1|31.264660559|34805851|2||2||1|1|2|2|2|2|2|2|2||1||1350000
3480586|1|1|1|41.236433182|34805861|2||2||1|1|2|2|2|2|2|2|2||1||3200000
3480587|1|1|1|41.199065322|34805871|2||2||1|1|2|2|2|2|2|2|2||1||1800000
3480588|1|1|1|37.799676149|34805881|2||2||1|1|2|2|2|2|2|2|2||1||1630000
3480589|1|1|1|43.193801189|34805891|2||2||1|2|2|1|2|2|2|2|2||3||1580000
3480590|1|1|1|52.054652683|34805901|2||2||1|1|2|2|2|2|2|2|2||1||3200000
3480591|1|1|1|43.694520646|34805911|2||2||1|1|2|2|2|2|2|2|2||1||3200000
3480592|1|1|1|39.397331101|34805921|2||2||1|2|2|1|2|2|2|2|2||3||1600000
3480593|1|1|1|27.849165325|34805931|2||2||1|1|2|2|2|2|2|2|2||1||1600000
3480594|1|1|1|44.005593129|34805941|2||2||1|1|2|2|2|2|2|2|2||1||1200000
3480595|1|1|1|68.946505158|34805951|2||2||1|1|2|2|2|2|2|2|2||1||5000000
3480596|1|1|1|37.934454811|34805961|2||2||1|1|2|2|2|2|2|2|2||1||4000000
3480597|1|1|1|62.506228136|34805971|2||2||1|1|2|2|2|2|2|2|2||1||5600000
3480598|1|1|1|46.471029954|34805981|2||2||1|1|2|2|2|2|2|2|2||1||3000000
3480599|1|1|1|50.285320787|34805991|2||2||1|1|2|2|2|2|2|2|2||1||1700000
3480600|1|1|1|37.934454811|34806001|2||2||1|1|2|2|2|2|2|2|2||1||3000000
3480601|1|1|1|52.207119409|34806011|2||2||1|1|2|2|2|2|2|2|2||1||4000000
3480602|1|1|1|41.367960943|34806021|2||2||1|1|2|1|2|2|2|2|2||3||5000000
3480603|1|1|1|35.664872045|34806031|2||2||1|1|2|2|2|2|2|2|2||1||3600000
3480606|1|1|1|2150.7916192|34806061|2||2||1|1|2|2|2|2|2|2|1||8||5000000
3480607|1|1|1|2982.9185269|34806071|2||2||1|2|2|1|2|2|2|2|2||3||3000000
3480608|1|1|1|2154.612604|34806081|2||2||1|2|2|1|2|2|2|2|2||3||4000000
3480610|1|1|1|2982.9185269|34806101|2||2||1|2|2|2|2|2|2|2|1||8||2500000
3480611|1|1|1|2956.5270764|34806111|2||2||1|1|2|2|2|2|2|2|2||1||3500000
3480612|1|1|1|3552.8521398|34806121|1|1|2||1|1|2|1|2|2|2|2|2||3||6000000
3480613|1|1|1|2514.3062863|34806131|2||2||1|1|2|2|2|2|2|2|2||1||5000000
3480614|1|1|1|2982.9185269|34806141|2||2||1|2|2|2|2|2|2|2|1||8||3800000
3480615|1|1|1|2982.9185269|34806151|2||2||1|2|2|2|2|2|2|2|1||8||2000000
3480616|1|1|1|3594.0649199|34806161|2||2||1|1|2|2|2|2|2|2|1||8||1300000
3480617|1|1|1|4765.0086892|34806171|2||2||1|1|2|2|2|2|2|2|2||1||10000000
3480618|1|1|1|2347.8382022|34806181|2||2||1|1|2|1|2|2|2|2|2||3||6000000
3480619|1|1|1|4685.5191055|34806191|2||2||1|1|2|2|2|2|2|2|2||1||20000000
3480620|1|1|1|2785.424397|34806201|2||2||1|2|2|1|2|2|2|2|2||3||7000000
3480621|1|1|1|3849.4355812|34806211|2||2||1|1|2|2|2|2|2|2|2||1||16000000
3480624|1|1|1|5759.448555|34806241|2||2||1|1|2|2|2|2|2|2|2||1||8000000
3480626|1|1|1|4663.2996783|34806261|2||2||1|1|2|2|2|2|2|2|2||1||7000000
3480627|1|1|1|3917.7821426|34806271|2||2||1|1|2|2|2|2|2|2|2||1||8000000
3480628|1|1|1|1936.7060077|34806281|2||2||1|2|2|1|2|2|2|2|2||3||99
3480629|1|1|1|2715.1009782|34806291|2||2||1|1|2|2|2|2|2|2|2||1||5000000
3480630|1|1|1|5062.8983105|34806301|2||2||1|1|2|2|2|2|2|2|2||1||1600000
3480632|1|1|1|2163.6463518|34806321|2||2||1|2|2|1|2|2|2|2|2||3||4000000
3480633|1|1|1|3321.8293915|34806331|2||2||1|1|2|2|2|2|2|2|2||1||1400000
3480634|1|1|1|2163.6463518|34806341|2||2||1|2|2|1|2|2|2|2|2||3||4000000
3480635|1|1|1|4144.7306357|34806351|2||2||1|1|2|2|2|2|2|2|2||1||4500000
3480636|1|1|1|4986.5371363|34806361|2||2||1|1|1|2|2|2|2|2|2||1||1200000
3480637|1|1|1|4351.8062048|34806371|2||2||1|1|2|2|2|2|2|2|2||1||3700000
3480638|1|1|1|4235.7026326|34806381|2||2||1|1|2|1|2|2|2|2|2||1||4000000
3480639|1|1|1|2786.8114959|34806391|2||2||1|2|2|1|2|2|2|2|2||3||2000000
3480640|1|1|1|2012.961172|34806401|2||2||1|1|2|1|2|2|2|2|2||1||6000000
3480641|1|1|1|5009.5529565|34806411|2||2||1|1|2|2|2|2|2|2|2||1||5600000
3480642|1|1|1|848.9820921|34806421|2||2||1|1|2|2|2|2|2|2|2||1||9000000
3480643|1|1|1|1206.5263521|34806431|1|1|2||1|1|2|1|2|2|2|2|2||1||98
3480644|1|1|1|1858.717863|34806441|2||2||1|1|2|2|2|2|2|2|2||1||98
3480645|1|1|1|1133.1241716|34806451|2||2||1|2|2|1|2|2|2|1|2||3||10000000
3480646|1|1|1|1381.5086884|34806461|2||2||1|2|2|1|2|2|2|2|1||3||98
3480649|1|1|1|2160.562678|34806491|2||2||1|1|2|2|2|2|2|2|2||1||3000000
3480651|1|1|1|676.04879032|34806511|2||2||1|1|2|2|2|2|2|2|2||1||3200000
3480652|1|1|1|977.57790899|34806521|2||2||1|1|2|2|2|2|2|2|2||1||1300000
3480653|1|1|1|1174.7816181|34806531|2||2||1|1|2|2|2|2|2|2|2||1||98
3480654|1|1|1|1243.1751959|34806541|2||2||1|1|2|2|2|2|2|2|2||1||4000000
3480655|1|1|1|1150.8875803|34806551|2||2||1|2|2|1|2|2|2|2|2||3||98
3480656|1|1|1|1621.9996914|34806561|2||2||1|1|2|2|2|2|2|2|2||1||98
3480657|1|1|1|2003.4679265|34806571|2||2||1|1|2|2|2|2|2|2|2||1||4000000
3480658|1|1|1|1054.5478385|34806581|2||2||1|1|2|2|2|2|2|2|2||1||98
3480659|1|1|1|903.49786525|34806591|2||2||1|1|2|2|2|2|2|2|2||1||3000000
3480660|1|1|1|761.52622358|34806601|2||2||1|1|2|2|2|2|2|1|2||1||5000000
3480661|1|1|1|1006.1680772|34806611|2||2||1|1|2|2|2|2|2|2|2||1||4000000
3480662|1|1|1|3046.1048943|34806621|2||2||1|1|2|2|2|2|2|2|2||1||5000000
3480664|1|1|1|1806.3178381|34806641|2||2||1|1|2|2|2|2|2|2|2||1||3000000
3480668|1|1|1|1848.3816657|34806681|2||2||1|1|2|2|2|2|2|2|2||1||98
3480669|1|1|1|1121.0174094|34806691|2||2||1|1|2|2|2|2|2|2|2||1||98
3480670|1|1|1|1049.5177223|34806701|2||2||1|1|2|2|2|2|2|2|2||1||3000000
3480671|1|1|1|1299.6707123|34806711|2||2||1|1|1|2|2|2|2|2|2||1||3000000
3480672|1|1|1|970.16631685|34806721|2||2||1|1|2|2|2|2|2|2|2||1||1800000
3480675|1|1|1|1150.4158238|34806751|2||2||1|1|2|2|2|2|2|2|2||1||2600000
3480676|1|1|1|2983.9394883|34806761|2||2||1|1|2|2|1|2|2|2|2||1||98
3480677|1|1|1|1769.4542088|34806771|2||2||1|1|2|2|2|2|2|2|2||1||98
3480678|1|1|1|2316.9216297|34806781|2||2||1|1|2|2|2|2|2|2|2||1||2600000
3480680|1|1|1|1083.2682915|34806801|2||2||1|1|2|2|2|2|2|2|2||1||2600000
3480681|1|1|1|775.29710251|34806811|2||2||1|1|2|2|2|2|2|2|2||1||3000000
3480683|1|1|1|690.18726053|34806831|2||2||1|1|2|2|2|2|2|2|2||1||1400000
3480684|1|1|1|717.30701694|34806841|2||2||1|1|2|2|2|2|2|2|1||1||1500000
3480685|1|1|1|2760.7490421|34806851|2||2||1|1|2|2|2|2|2|2|2||1||1400000
3480686|1|1|1|668.61890864|34806861|2||2||1|1|2|2|2|2|2|2|2||1||2600000
3480687|1|1|1|883.4140977|34806871|2||2||1|1|2|2|2|2|2|2|2||1||2600000
3480688|1|1|1|1132.120696|34806881|2||2||1|1|2|2|2|2|2|2|2||1||2700000
3480689|1|1|1|1843.0662554|34806891|2||2||1|1|1|2|2|2|2|2|2||1||1300000
3480690|1|1|1|1585.9444155|34806901|2||2||1|1|2|2|2|2|2|2|2||1||1900000
3480693|1|1|1|5377.4633755|34806931|2||2||1|1|2|2|2|2|2|2|2||1||2500000
3480695|1|1|1|6242.0293854|34806951|2||2||1|1|2|2|2|2|2|2|2||1||2000000
3480696|1|1|1|2566.8592042|34806961|2||2||1|1|2|2|2|2|2|2|2||1||5000000
3480697|1|1|1|5439.1983424|34806971|2||2||1|1|2|2|2|2|2|2|2||1||1500000
3480698|1|1|1|5394.7272075|34806981|2||2||1|1|2|2|2|2|2|2|2||1||2000000
3480699|1|1|1|2979.556223|34806991|2||2||1|1|2|2|2|2|2|2|2||1||3000000
3480700|1|1|1|16172.116208|34807001|2||2||1|1|2|2|2|2|2|2|2||1||2500000
3480701|1|1|1|8441.5301551|34807011|2||2||1|1|2|2|2|2|2|1|2||1||7000000
3480702|1|1|1|7401.634388|34807021|2||2||1|1|2|2|2|2|2|2|2||1||1600000
3480703|1|1|1|8074.5102415|34807031|2||2||1|1|2|2|2|2|2|2|2||1||3800000
3480704|1|1|1|3777.0116771|34807041|2||2||1|1|2|2|2|2|2|2|2||1||2500000
3480705|1|1|1|604.38467419|34807051|2||2||1|1|2|2|2|2|2|2|2||1||4000000
3480709|1|1|1|566.23159173|34807091|2||2||1|1|2|2|2|2|2|2|2||1||1000000
3480718|1|1|1|550.40509233|34807181|2||2||1|1|1|2|2|2|2|2|2||1||98
3480720|1|1|1|711.76344369|34807201|2||2||1|1|2|2|2|2|2|2|2||1||1800000
3480721|1|1|1|492.90733859|34807211|2||2||1|1|2|2|2|2|2|2|2||1||1400000
3480722|1|1|1|718.35369618|34807221|2||2||1|1|2|2|2|2|2|2|2||1||1600000
3480723|1|1|1|696.32332629|34807231|2||2||1|1|2|1|2|2|2|2|2||3||2000000
3480724|1|1|1|535.3179345|34807241|2||2||1|1|2|2|2|2|2|2|2||1||3000000
3480728|1|1|1|739.88738657|34807281|2||2||1|2|2|2|2|2|2|1|2||7||2500000
3480730|1|1|1|644.16933009|34807301|2||2||1|1|2|2|2|2|2|2|2||1||3000000
3480735|1|1|1|253.68488577|34807351|2||2||1|1|2|2|2|2|2|2|2||1||3000000
3480748|1|1|1|278.93439759|34807481|2||2||1|1|2|2|2|2|2|2|2||1||3600000
3480749|1|1|1|160.02519644|34807491|2||2||1|2|2|2|2|2|2|2|1||8||400000
3480752|1|1|1|104.99799329|34807521|2||2||1|1|2|2|2|2|2|2|2||1||800000
3480755|1|1|1|157.49698993|34807551|2||2||1|1|2|2|2|2|2|2|1||1||1800000
3480756|1|1|1|157.49698993|34807561|2||2||1|1|2|2|2|2|2|2|1||1||2000000
3480757|1|1|1|215.70554734|34807571|2||2||1|2|2|1|2|2|2|2|2||3||4000000
3480760|1|1|1|242.60844879|34807601|2||2||1|1|2|2|2|2|2|2|2||1||2500000
3480761|1|1|1|216.14777718|34807611|2||1|3|1|1|2|2|2|2|2|2|1||1||2600000
3480763|1|1|1|194.52689237|34807631|2||2||1|1|2|2|2|2|2|2|2||1||6000000
3480764|1|1|1|155.05373709|34807641|2||2||1|1|2|2|2|2|2|2|2||1||1300000
3480766|1|1|1|342.49144917|34807661|2||2||2|1|2|2|2|2|2|2|2||1||6000000
3480767|1|1|1|232.58060563|34807671|2||2||1|1|2|2|2|2|2|2|2||1||3000000
3480768|1|1|1|157.49698993|34807681|2||2||1|1|2|2|2|2|2|2|1||1||1000000
3480771|1|1|1|246.45664624|34807711|2||2||1|1|2|2|2|2|2|2|2||1||1500000
3480772|1|1|1|160.52349841|34807721|2||2||1|1|2|2|2|2|2|2|2||1||1600000
3480777|1|1|1|203.98247027|34807771|2||2||1|1|2|2|2|2|2|1|2||1||98
3480786|1|1|1|208.72924344|34807861|2||2||1|2|2|1|2|2|2|2|2||3||3000000
3480787|1|1|1|183.88951348|34807871|2||2||1|1|2|2|2|2|2|2|2||1||2500000
3480789|1|1|1|242.60715659|34807891|2||2||1|1|2|2|2|2|2|2|2||1||4800000
3480792|1|1|1|367.07803995|34807921|2||2||1|1|2|2|2|2|2|2|2||1||3200000
3480793|1|1|1|559.67213683|34807931|2||2||1|1|2|2|2|2|2|1|2||1||8000000
3480796|1|1|1|393.66132787|34807961|2||2||2|1|2|2|2|2|2|2|2||1||2600000
3480798|1|1|1|502.60089088|34807981|2||2||1|2|2|2|2|2|2|2|1||8||800000
3480799|1|1|1|466.40831334|34807991|2||2||1|1|2|2|2|2|2|2|1||1||100000
3480800|1|1|1|292.75756529|34808001|2||2||1|1|2|2|2|2|2|2|2||1||2000000
3480801|1|1|1|405.37461202|34808011|2||2||1|1|2|2|2|2|2|2|2||1||2000000
3480802|1|1|1|223.90631783|34808021|2||2||1|1|2|2|2|2|2|2|2||1||1300000
3480803|1|1|1|239.50833507|34808031|2||2||1|1|2|2|2|2|2|2|2||1||2500000
3480805|1|1|1|676.97997543|34808051|2||2||1|1|2|2|2|2|2|2|2||1||98
3480810|1|1|1|83.514792893|34808101|2||2||1|1|2|2|2|2|2|2|2||1||2500000
3480812|1|1|1|83.851065684|34808121|2||2||1|1|2|2|2|2|2|2|1||1||2000000
3480813|1|1|1|83.514792893|34808131|2||2||1|1|2|2|2|2|2|2|2||1||2200000
3480818|1|1|1|66.46851591|34808181|2||2||1|1|2|2|2|2|2|2|2||1||4000000
3480819|1|1|1|79.240774073|34808191|2||2||1|1|2|2|2|2|2|2|1||1||2000000
3480825|1|1|1|211.84601567|34808251|2||1|1|1|1|2|2|2|2|2|2|1||8||2200000
3480828|1|1|1|81.872323905|34808281|2||2||1|1|2|2|2|2|2|2|2||1||3000000
3480829|1|1|1|158.60558549|34808291|2||2||1|1|2|2|2|2|2|2|2||1||1300000
3480831|1|1|1|81.872323905|34808311|2||2||1|1|2|2|2|2|2|2|1||1||1500000
3480832|1|1|1|50.20753346|34808321|2||2||1|1|2|2|2|2|2|2|1||1||2500000
3480833|1|1|1|57.166359755|34808331|2||2||1|1|2|2|2|2|2|2|2||1||1600000
3480834|1|1|1|76.555966598|34808341|2||2||1|1|2|2|2|2|2|2|2||1||2600000
3480835|1|1|1|174.66095766|34808351|2||1|1|1|1|2|2|2|2|2|2|1||1||1800000
3480836|1|1|1|123.60784567|34808361|2||2||1|1|2|2|1|2|2|2|2||1||1800000
3480837|1|1|1|89.659008813|34808371|2||2||1|1|2|2|2|2|2|2|2||1||2800000
3480838|1|1|1|196.7894923|34808381|2||2||1|1|2|2|2|2|2|2|2||1||1300000
3480839|1|1|1|170.11423955|34808391|2||2||1|1|1|2|2|2|2|2|2||1||1000000
3480841|1|1|1|135.05970332|34808411|2||2||1|1|2|2|2|2|2|2|2||1||2000000
3480843|1|1|1|141.29782016|34808431|2||2||1|1|2|2|2|2|2|2|2||1||2000000
3480844|1|1|1|114.83284023|34808441|2||2||1|1|2|2|2|2|2|2|2||1||4000000
3480849|1|1|1|142.99851948|34808491|2||2||1|1|2|2|2|2|2|2|1||1||2700000
3480855|1|1|1|260.37625416|34808551|2||2||2|1|2|2|2|2|2|2|2||1||2800000
3480858|1|1|1|283.86821946|34808581|2||2||1|1|1|2|2|2|2|2|2||1||700000
3480863|1|1|1|281.87306509|34808631|2||2||1|2|2|2|2|2|2|2|1||8||900000
3480880|1|1|1|309.55043398|34808801|2||2||1|1|2|2|2|2|2|2|2||1||3000000
3480888|1|1|1|226.89050636|34808881|2||2||1|1|2|2|1|2|2|2|2||1||700000
3480889|1|1|1|339.21416635|34808891|2||2||1|1|2|2|2|2|2|2|2||1||600000
3480892|1|1|1|236.86886951|34808921|2||2||1|2|2|2|2|2|2|2|1||8||1000000
3480894|1|1|1|136.63803058|34808941|2||2||1|1|2|2|1|2|2|2|2||1||2000000
3480897|1|1|1|347.32891589|34808971|2||2||1|1|2|2|2|2|2|2|2||1||2300000
3480898|1|1|1|347.32891589|34808981|2||2||1|1|2|2|2|2|2|2|2||1||600000
3480900|1|1|1|332.58684246|34809001|2||2||1|1|2|2|2|2|2|2|2||1||4000000
3480901|1|1|1|151.12643223|34809011|2||2||1|1|2|1|2|2|2|2|2||3||5000000
3480902|1|1|1|197.06881947|34809021|2||2||1|2|2|2|2|2|2|1|1||7||600000
3480903|1|1|1|422.70680312|34809031|2||2||2|1|2|2|2|2|2|2|2||1||1300000
3480906|1|1|1|196.91888203|34809061|2||2||1|1|2|2|2|2|2|2|2||1||1300000
3480907|1|1|1|149.10473178|34809071|2||2||1|2|2|1|2|2|2|2|1||3||1600000
3480908|1|1|1|207.46457563|34809081|2||2||1|1|2|2|2|2|2|2|2||1||1500000
3480909|1|1|1|207.32186129|34809091|2||2||1|1|1|2|1|2|2|2|2||1||3000000
3480910|1|1|1|145.39001374|34809101|2||2||1|1|2|2|2|2|2|2|2||1||2800000
3480911|1|1|1|308.83325648|34809111|2||2||1|1|2|1|2|2|2|2|2||3||2000000
3480912|1|1|1|154.65875094|34809121|2||2||1|1|2|2|2|2|2|2|2||1||1000000
3480913|1|1|1|143.8460602|34809131|2||2||1|1|2|2|2|2|2|2|2||1||4000000
3480914|1|1|1|143.8460602|34809141|2||2||1|1|2|2|2|2|2|2|1||1||1500000
3480915|1|1|1|196.84090726|34809151|2||2||1|1|2|1|2|2|2|2|2||1||6000000
3480916|1|1|1|187.57521666|34809161|2||2||2|1|1|2|2|2|2|2|2||1||1300000
3480917|1|1|1|279.81787465|34809171|2||2||1|1|2|2|2|2|2|2|2||1||2000000
3480918|1|1|1|249.36434987|34809181|2||2||1|1|2|2|2|2|2|2|2||1||700000
3480919|1|1|1|187.43250232|34809191|2||2||1|2|2|1|2|2|2|2|2||3||4000000
3480921|1|1|1|171.73458208|34809211|2||2||1|1|1|1|2|2|2|2|2||1||17000000
3480922|1|1|1|171.73458208|34809221|2||2||1|1|2|1|2|2|2|2|2||3||1000000
3480923|1|1|1|377.93959371|34809231|2||2||1|1|1|2|2|2|2|2|2||1||1200000
3480924|1|1|1|230.39863837|34809241|2||2||1|1|2|2|2|2|2|2|2||1||2500000
3480925|1|1|1|343.63954761|34809251|2||2||1|1|2|1|2|2|2|2|2||3||2000000
3480929|1|1|1|279.71432106|34809291|2||2||1|1|2|2|2|2|2|2|2||1||2000000
3480933|1|1|1|314.12080091|34809331|2||1|1|1|1|2|2|2|2|2|2|2||1||700000
3480939|1|1|1|258.64862918|34809391|2||2||1|1|2|2|2|2|2|2|2||1||500000
3480940|1|1|1|233.83525253|34809401|2||2||1|1|2|2|2|2|2|2|2||1||1300000
3480943|1|1|1|334.256244|34809431|2||2||1|1|2|2|2|2|2|2|2||1||6000000
3480945|1|1|1|365.10523813|34809451|2||2||1|1|2|2|2|2|2|2|2||1||2800000
3480948|1|1|1|472.90803198|34809481|2||2||1|1|2|2|2|2|2|2|2||1||3500000
3480951|1|1|1|189.00939425|34809511|2||2||1|1|2|2|2|2|2|2|2||1||1400000
3480952|1|1|1|428.98868193|34809521|2||2||1|1|2|2|2|2|2|2|2||1||2000000
3480953|1|1|1|164.90181088|34809531|2||2||1|1|2|2|2|2|2|2|2||1||4000000
3480954|1|1|1|290.15705405|34809541|2||2||1|1|2|2|2|2|2|2|2||1||1800000
3480955|1|1|1|492.87959689|34809551|2||2||1|1|2|1|2|2|2|2|2||3||4000000
3480956|1|1|1|309.19089539|34809561|2||2||1|1|2|2|2|2|2|2|2||1||3000000
3480957|1|1|1|220.96613568|34809571|2||2||1|1|2|2|2|2|2|2|2||1||99
3480958|1|1|1|293.92046455|34809581|2||2||1|1|2|2|2|2|2|2|2||1||2000000
3480959|1|1|1|478.30407057|34809591|2||2||1|1|2|2|2|2|2|2|2||1||3500000
3480962|1|1|1|397.53115122|34809621|2||2||1|1|2|2|2|2|2|2|2||1||4000000
3480964|1|1|1|193.14340039|34809641|2||2||1|1|2|2|2|2|2|2|2||1||2800000
3480965|1|1|1|141.50984269|34809651|2||2||1|1|2|2|2|2|2|2|2||1||2000000
3480966|1|1|1|142.85674791|34809661|2||2||1|1|2|2|2|2|2|2|2||1||2000000
3480967|1|1|1|172.19140113|34809671|2||2||1|1|2|2|2|2|2|2|1||1||1900000
3480968|1|1|1|106.34009492|34809681|2||1|3|1|1|2|2|2|2|2|2|1||1||1200000
3480970|1|1|1|255.91480173|34809701|2||2||1|1|2|1|2|2|2|2|1||1||6500000
3480975|1|1|1|246.05385876|34809751|2||2||1|1|2|2|2|2|2|2|2||1||3000000
3480976|1|1|1|169.40832255|34809761|2||2||1|1|2|2|2|2|2|2|2||1||6000000
3480977|1|1|1|191.92197153|34809771|2||2||1|1|2|2|2|2|2|2|2||1||3000000
3480978|1|1|1|364.23492213|34809781|2||2||1|1|2|2|2|2|2|2|2||1||2600000
3480980|1|1|1|348.52620969|34809801|2||2||1|1|2|2|2|2|2|2|2||1||2100000
3480981|1|1|1|347.23729243|34809811|2||2||1|1|2|2|2|2|2|2|2||1||7000000
3480982|1|1|1|172.93133259|34809821|2||2||1|1|2|2|2|2|2|2|2||1||5000000
3480984|1|1|1|274.44841929|34809841|2||2||1|1|2|2|2|2|2|2|2||1||4500000
3480990|1|1|1|243.10010064|34809901|2||2||1|1|2|2|2|2|2|2|2||1||1500000
3480993|1|1|1|270.71701806|34809931|2||2||1|1|2|2|2|2|2|2|2||1||3500000
3480994|1|1|1|270.71701806|34809941|2||2||1|1|2|2|2|2|2|2|2||1||1500000
3480996|1|1|1|292.97671936|34809961|2||2||1|1|2|2|2|2|2|2|2||1||1500000
3480998|1|1|1|211.76040319|34809981|2||2||1|1|2|2|2|2|2|2|2||1||3000000
3481000|1|1|1|305.72975239|34810001|2||2||1|1|2|2|2|2|2|2|2||1||1400000
3481001|1|1|1|362.29756933|34810011|2||2||1|1|2|2|2|2|2|2|2||1||1500000
3481002|1|1|1|362.29756933|34810021|2||2||1|1|2|2|2|2|2|2|2||1||2000000
3481003|1|1|1|488.67221611|34810031|2||2||2|1|2|2|2|2|2|2|2||1||3000000
3481005|1|1|1|193.77656872|34810051|2||2||2|1|2|2|2|2|2|2|2||1||1500000
3481006|1|1|1|106.54377867|34810061|2||2||1|1|2|2|2|2|2|2|2||1||15000000
3481007|1|1|1|161.03456865|34810071|2||2||1|1|2|2|2|2|2|2|2||1||3500000
3481008|1|1|1|154.62320014|34810081|2||2||1|1|2|2|2|2|2|2|2||1||1800000
3481009|1|1|1|136.72499133|34810091|2||2||1|1|2|2|2|2|2|2|2||1||1800000
3481010|1|1|1|157.44499191|34810101|2||2||1|1|2|2|2|2|2|2|2||1||1500000
3481011|1|1|1|77.817340281|34810111|2||2||1|1|2|2|2|2|2|2|2||1||98
3481012|1|1|1|138.06718769|34810121|2||2||1|1|2|2|2|2|2|2|2||1||1400000
3481013|1|1|1|118.9709202|34810131|2||1|1|1|2|2|2|2|2|2|2|1||8||2600000
3481014|1|1|1|114.77458562|34810141|2||2||2|1|2|2|2|2|2|2|1||8||600000
3481015|1|1|1|114.74223918|34810151|2||2||2|1|2|2|2|2|2|2|2||1||2900000
3481016|1|1|1|75.154319435|34810161|2||2||1|1|2|2|2|2|2|2|2||1||3500000
3481017|1|1|1|123.57247206|34810171|2||2||1|1|2|2|2|2|2|2|2||1||5722000
3481018|1|1|1|112.38110267|34810181|2||2||1|1|2|2|2|2|2|2|2||1||2000000
3481019|1|1|1|127.53373734|34810191|2||2||1|2|2|2|2|2|2|2|1||8||1500000
3481020|1|1|1|141.17291975|34810201|2||2||1|1|2|2|2|2|2|2|2||1||2600000
3481021|1|1|1|137.44284457|34810211|2||2||2|1|2|2|2|2|2|2|2||1||5000000
3481022|1|1|1|119.88712444|34810221|2||2||1|1|2|2|2|2|2|2|2||1||2600000
3481023|1|1|1|110.15603224|34810231|2||2||1|1|2|2|2|2|2|2|2||1||1000000
3481024|1|1|1|122.52047858|34810241|2||2||1|1|2|2|2|2|2|2|2||1||6000000
3481025|1|1|1|97.114603284|34810251|2||2||1|1|2|2|2|2|2|2|2||1||6000000
3481026|1|1|1|110.15603224|34810261|2||2||1|1|2|2|2|2|2|2|2||1||2000000
3481027|1|1|1|166.83318845|34810271|2||2||1|1|2|2|2|2|2|2|2||1||900000
3481028|1|1|1|162.40911145|34810281|2||2||1|1|2|2|2|2|2|2|1||8||900000
3481029|1|1|1|154.62320014|34810291|2||2||1|2|2|2|2|2|2|2|1||8||500000
3481030|1|1|1|153.41126789|34810301|2||2||1|1|2|2|2|2|2|2|2||1||900000
3481031|1|1|1|61.837475435|34810311|2||2||1|2|1|2|2|2|2|2|2||2||875000
3481032|1|1|1|154.36311127|34810321|2||2||1|1|2|2|2|2|2|2|2||1||2100000
3481033|1|1|1|122.90716591|34810331|2||2||1|1|2|2|2|2|2|2|2||1||900000
3481034|1|1|1|130.95316609|34810341|2||2||1|1|2|2|2|2|2|2|2||1||1000000
3481035|1|1|1|137.90457713|34810351|2||2||1|1|2|2|2|2|2|2|2||1||900000
3481036|1|1|1|135.31113369|34810361|2||2||1|1|1|2|2|2|2|2|2||1||3100000
3481038|1|1|1|104.01695001|34810381|2||2||1|1|2|2|2|2|2|2|2||1||1800000
3481039|1|1|1|96.923814212|34810391|2||2||1|1|2|2|2|2|2|2|2||1||1300000
3481040|1|1|1|55.120727319|34810401|2||2||1|1|2|2|2|2|2|2|2||1||1500000
3481041|1|1|1|117.32110552|34810411|2||2||1|1|2|2|2|2|2|2|2||1||6000000
3481042|1|1|1|93.652970974|34810421|2||2||1|2|2|2|2|2|2|2|1||8||400000
3481043|1|1|1|287.44268094|34810431|2||2||1|1|2|2|2|2|2|2|2||1||98
3481047|1|1|1|603.04333703|34810471|2||2||1|1|2|2|2|2|2|2|2||1||98
3481048|1|1|1|531.20397941|34810481|2||2||2|1|2|2|2|2|2|2|2||1||98
3481050|1|1|1|561.8543409|34810501|2||2||1|1|2|2|2|2|2|2|2||1||2000000
3481056|1|1|1|273.43116845|34810561|2||2||1|1|2|2|2|2|2|2|2||1||98
3481059|1|1|1|226.46999104|34810591|1|1|2||1|2|2|1|2|2|2|2|2||3||98
3481061|1|1|1|317.19566894|34810611|2||2||1|1|2|2|2|2|2|2|2||1||98
3481062|1|1|1|403.32570023|34810621|2||2||1|1|2|2|2|2|2|2|2||1||3000000
3481082|1|1|1|292.62570156|34810821|2||2||1|2|2|2|1|2|2|1|2||7||1400000
3481095|1|1|1|408.94208296|34810951|2||2||1|1|2|2|2|2|2|2|2||1||1800000
3481102|1|1|1|291.12009156|34811021|2||2||1|1|2|2|2|2|2|2|2||1||800000
3481104|1|1|1|608.53653066|34811041|2||2||1|2|2|2|2|2|2|2|1||8||500000
3481106|1|1|1|171.11498885|34811061|2||1|1|1|1|2|2|2|2|2|2|1||8||1700000
3481107|1|1|1|450.80085563|34811071|2||2||1|1|2|2|2|2|2|2|2||1||1800000
3481108|1|1|1|294.71182782|34811081|2||2||1|1|2|2|2|2|2|2|2||1||7000000
3481112|1|1|1|84.802878063|34811121|2||2||1|1|1|2|2|2|2|2|2||1||1300000
3481118|1|1|1|189.4624047|34811181|2||2||1|1|2|2|2|2|2|2|2||1||2000000
3481119|1|1|1|92.442776987|34811191|2||2||1|1|2|2|2|2|2|2|2||1||2500000
3481122|1|1|1|67.231110536|34811221|2||2||1|1|2|2|2|2|2|2|2||1||5500000
3481124|1|1|1|92.442776987|34811241|2||2||1|1|2|2|2|2|2|2|2||1||1800000
3481125|1|1|1|293.11778437|34811251|2||2||1|1|2|2|2|2|2|2|2||1||2500000
3481127|1|1|1|126.05833226|34811271|2||2||2|1|2|2|2|2|2|2|2||1||3000000
3481131|1|1|1|73.534027149|34811311|2||2||1|1|2|2|2|2|2|2|2||1||5000000
3481132|1|1|1|270.95489716|34811321|2||2||2|1|2|1|2|2|2|2|2||3||3500000
3481134|1|1|1|73.534027149|34811341|2||2||1|1|2|2|2|2|2|2|2||1||2500000
3481136|1|1|1|126.05833226|34811361|2||2||1|1|1|2|2|2|2|2|2||1||3500000
3481152|1|1|1|1614.08078|34811521|2||2||1|1|2|2|2|2|2|2|2||1||1200000
3481155|1|1|1|1289.5583798|34811551|2||2||1|1|2|2|2|2|2|2|2||1||900000
3481156|1|1|1|1289.5583798|34811561|2||2||1|1|2|2|2|2|2|2|2||1||1300000
3481157|1|1|1|845.1497886|34811571|2||2||1|1|2|2|2|2|2|2|2||1||1300000
3481179|1|1|1|198.85958431|34811791|2||2||1|1|2|2|2|2|2|2|2||1||750000
3481182|1|1|1|155.81012446|34811821|2||2||1|1|2|2|2|2|2|2|2||1||1500000
3481184|1|1|1|197.48413965|34811841|2||2||1|1|2|2|2|2|2|2|2||1||1500000
3481185|1|1|1|175.23864697|34811851|2||2||1|1|2|2|2|2|2|2|2||1||6300000
3481189|1|1|1|242.65656087|34811891|2||2||1|2|2|1|2|2|2|2|2||3||3200000
3481190|1|1|1|242.65656087|34811901|2||2||1|2|2|1|2|2|2|2|2||3||3500000
3481191|1|1|1|243.05060304|34811911|2||2||1|1|2|2|2|2|2|2|2||1||5600000
3481194|1|1|1|349.86588935|34811941|2||2||1|1|2|2|2|2|2|2|2||1||4500000
3481195|1|1|1|243.05060304|34811951|2||2||1|1|2|2|2|2|2|2|2||1||6000000
3481197|1|1|1|211.16993953|34811971|1|1|2||1|1|2|2|2|2|2|2|2||1||7700000
3481198|1|1|1|186.08675369|34811981|2||2||1|1|2|2|2|2|2|2|2||1||9000000
3481199|1|1|1|217.57355694|34811991|2||2||1|1|2|2|2|2|2|2|2||1||1500000
3481200|1|1|1|348.64460638|34812001|2||2||1|1|2|2|2|2|2|2|2||1||1500000
3481202|1|1|1|371.41334381|34812021|2||2||1|1|2|2|2|2|2|2|2||1||2500000
3481203|1|1|1|263.48894921|34812031|2||2||1|1|2|2|2|2|2|2|2||1||2500000
3481206|1|1|1|257.91644624|34812061|2||2||1|1|2|1|2|2|2|2|2||3||6500000
3481207|1|1|1|820.39279098|34812071|2||2||1|1|2|2|2|2|2|2|2||1||350000
3481208|1|1|1|527.54532633|34812081|2||2||1|1|2|2|2|2|2|2|2||1||2000000
3481209|1|1|1|554.19699339|34812091|2||2||1|1|2|2|2|2|2|2|2||1||2900000
3481211|1|1|1|661.89718203|34812111|2||2||1|2|2|2|2|2|2|2|1||8||99
3481212|1|1|1|624.35976115|34812121|2||2||1|1|2|2|2|2|2|1|2||1||2500000
3481213|1|1|1|556.90793715|34812131|2||2||1|1|2|2|2|2|2|2|2||1||3100000
3481215|1|1|1|389.0698253|34812151|2||2||1|1|2|2|2|2|2|2|2||1||3000000
3481218|1|1|1|926.95674475|34812181|2||2||1|1|2|2|2|2|2|2|2||1||600000
3481220|1|1|1|1477.9904268|34812201|2||2||1|1|2|2|2|2|2|2|2||1||2600000
3481221|1|1|1|1363.5602879|34812211|2||2||1|1|2|2|2|2|2|2|2||1||2500000
3481222|1|1|1|1503.186989|34812221|2||2||1|1|2|2|2|2|2|2|2||1||2300000
3481226|1|1|1|1363.5602879|34812261|2||2||1|1|2|2|2|2|2|2|2||1||2500000
3481227|1|1|1|689.37519935|34812271|2||2||1|1|2|2|2|2|2|2|2||1||3000000
3481229|1|1|1|1690.1302162|34812291|2||2||1|1|2|2|2|2|2|2|2||1||2600000
3481232|1|1|1|989.78334874|34812321|2||2||2|2|2|1|2|2|2|2|2||3||3000000
3481234|1|1|1|957.80949112|34812341|2||2||1|1|2|2|2|2|2|2|2||1||8000000
3481235|1|1|1|433.44832289|34812351|2||2||1|2|2|2|2|2|2|2|1||8||4500000
3481236|1|1|1|787.57391794|34812361|2||2||1|1|2|2|2|2|2|2|2||1||1300000
3481238|1|1|1|433.6762199|34812381|2||2||1|1|2|2|2|2|2|2|2||1||5500000
3481239|1|1|1|1700.2534145|34812391|2||2||1|1|2|1|2|2|2|2|2||1||3000000
3481242|1|1|1|1326.37228|34812421|2||2||1|1|2|2|2|2|2|2|2||1||3500000
3481244|1|1|1|1003.6202082|34812441|2||2||1|1|2|2|1|2|2|2|2||1||2000000
3481249|1|1|1|2175.2626816|34812491|2||2||1|2|2|2|2|2|2|2|1||8||1000000
3481251|1|1|1|925.8998973|34812511|2||2||1|1|2|2|2|2|2|2|2||1||2800000
3481254|1|1|1|1112.4398776|34812541|2||2||1|2|2|1|2|2|2|2|2||3||1300000
3481256|1|1|1|1176.3120851|34812561|2||2||1|1|2|2|2|2|2|2|2||1||1400000
3481258|1|1|1|203.966143|34812581|2||2||1|1|1|2|2|2|2|2|1||1||800000
3481259|1|1|1|230.32675523|34812591|2||2||1|1|2|2|2|2|2|2|2||1||1600000
3481260|1|1|1|190.15544886|34812601|2||1|2|1|1|2|2|2|2|2|2|2||1||3000000
3481261|1|1|1|297.00701528|34812611|2||2||1|1|2|2|2|2|2|2|2||1||1400000
3481263|1|1|1|280.42623711|34812631|2||2||1|1|2|1|2|2|2|2|2||3||3000000
3481264|1|1|1|388.29095339|34812641|2||2||1|1|2|2|2|2|2|2|2||1||6000000
3481265|1|1|1|182.75556169|34812651|2||2||1|1|2|2|2|2|2|2|2||1||6000000
3481266|1|1|1|294.68716601|34812661|2||2||1|1|2|2|2|2|2|2|2||1||3200000
3481267|1|1|1|182.75556169|34812671|2||2||1|1|2|2|2|2|2|2|2||1||2500000
3481268|1|1|1|125.23813207|34812681|2||2||1|1|2|2|2|2|2|2|2||1||4000000
3481273|1|1|1|243.97574813|34812731|2||2||1|1|2|2|2|2|2|2|2||1||1600000
3481275|1|1|1|150.08845065|34812751|2||2||1|1|1|2|2|2|2|2|2||1||3000000
3481277|1|1|1|299.78307228|34812771|2||2||1|1|2|2|2|2|2|2|2||1||900000
3481280|1|1|1|199.7518616|34812801|2||2||1|1|2|2|2|2|2|2|2||1||4000000
3481281|1|1|1|201.98293287|34812811|2||2||1|1|2|2|2|2|2|2|2||1||5000000
3481282|1|1|1|235.97705427|34812821|2||2||1|1|2|2|2|2|2|2|2||1||2000000
3481283|1|1|1|235.97705427|34812831|2||2||1|1|2|2|2|2|2|2|2||1||2000000
3481285|1|1|1|97.407436052|34812851|2||2||1|1|2|2|2|2|2|2|2||1||1300000
3481286|1|1|1|274.01425635|34812861|2||2||1|1|2|2|2|2|2|2|2||1||6000000
3481290|1|1|1|250.27869392|34812901|2||2||1|1|2|2|2|2|2|2|2||1||3600000
3481291|1|1|1|97.407436052|34812911|2||2||1|1|2|2|2|2|2|2|2||1||3000000
3481292|1|1|1|199.04781316|34812921|2||2||1|1|2|2|2|2|2|2|2||1||2000000
3481293|1|1|1|250.27869392|34812931|2||2||1|1|2|2|2|2|2|2|2||1||1600000
3481296|1|1|1|143.5265329|34812961|2||2||1|1|2|2|2|2|2|2|2||1||10000000
3481297|1|1|1|308.33923844|34812971|2||2||1|1|2|2|2|2|2|2|2||1||5000000
3481299|1|1|1|267.36792751|34812991|2||2||1|1|2|2|2|2|2|2|2||1||6000000
3481301|1|1|1|209.1320077|34813011|2||2||1|1|2|2|2|2|2|2|2||1||9000000
3481302|1|1|1|136.5304571|34813021|2||2||1|1|2|2|2|2|2|2|2||1||10000000
3481310|1|1|1|498.16072925|34813101|2||2||1|1|2|2|2|2|2|2|1||1||1300000
3481311|1|1|1|638.06021152|34813111|2||2||1|1|2|2|2|2|2|2|2||1||1600000
3481314|1|1|1|542.92477811|34813141|2||2||1|2|2|1|2|2|2|2|2||3||1500000
3481315|1|1|1|630.21492885|34813151|2||2||1|1|2|2|2|2|2|2|2||1||2500000
3481316|1|1|1|372.05705601|34813161|2||2||1|1|2|2|2|2|2|2|2||1||540000
3481317|1|1|1|412.93677486|34813171|2||2||1|2|2|2|2|2|2|2|1||8||1500000
3481318|1|1|1|534.59535455|34813181|2||2||1|1|2|2|2|2|2|2|2||1||450000
3481320|1|1|1|486.9592177|34813201|2||2||1|1|2|2|2|2|2|2|2||1||1300000
3481321|1|1|1|630.21492885|34813211|2||2||1|1|2|2|2|2|2|2|2||1||1300000
3481325|1|1|1|257.7047123|34813251|2||2||1|1|2|2|1|2|2|2|1||4||1200000
3481326|1|1|1|534.62008443|34813261|2||2||1|1|2|2|2|2|2|2|2||1||4500000
3481327|1|1|1|537.27644185|34813271|2||2||2|1|2|2|2|2|2|2|2||1||10000000
3481328|1|1|1|547.82911991|34813281|2||2||1|1|2|2|2|2|2|2|2||1||1600000
3481329|1|1|1|534.62008443|34813291|2||2||1|1|2|2|2|2|2|2|2||1||4000000
3481330|1|1|1|664.7717425|34813301|2||2||1|1|2|2|2|2|2|2|2||1||4500000
3481333|1|1|1|601.41977387|34813331|2||2||1|2|2|1|2|2|2|2|2||3||1600000
3481334|1|1|1|431.3735836|34813341|2||2||1|1|2|2|2|2|2|2|1||1||900000
3481337|1|1|1|427.82967173|34813371|2||2||1|1|2|2|2|2|2|2|2||1||1300000
3481344|1|1|1|486.9592177|34813441|2||2||1|1|2|2|2|2|2|2|2||1||99
3481345|1|1|1|671.0946477|34813451|2||2||1|1|2|2|2|2|2|2|2||1||1300000
3481346|1|1|1|760.60218163|34813461|2||2||1|1|2|2|2|2|2|2|2||1||1300000
3481347|1|1|1|486.9592177|34813471|2||2||1|1|2|2|2|2|2|2|2||1||98
3481348|1|1|1|412.93677486|34813481|2||2||1|2|2|2|2|2|2|2|1||8||1000000
3481349|1|1|1|329.26817689|34813491|2||2||1|2|2|2|2|2|2|2|1||8||1000000
3481350|1|1|1|437.35226171|34813501|2||2||1|1|2|2|1|2|2|2|2||1||1600000
3481351|1|1|1|556.04985095|34813511|2||2||1|1|2|2|2|2|2|2|2||1||1500000
3481352|1|1|1|597.64481662|34813521|2||2||1|1|2|2|2|2|2|2|1||1||1300000
3481353|1|1|1|882.30090039|34813531|2||2||1|1|2|2|2|2|2|2|2||1||1300000
3481354|1|1|1|882.30090039|34813541|2||2||1|1|2|2|2|2|2|2|2||1||1600000
3481357|1|1|1|608.07338758|34813571|2||2||1|1|2|2|2|2|2|2|2||1||4000000
3481361|1|1|1|482.64480367|34813611|2||2||1|1|2|2|2|2|2|2|2||1||3800000
3481362|1|1|1|414.30796249|34813621|2||2||1|1|2|2|2|2|2|2|1||1||2500000
3481363|1|1|1|388.467438|34813631|2||2||2|1|2|2|2|2|2|2|2||1||4000000
3481364|1|1|1|388.467438|34813641|2||2||1|1|2|2|2|2|2|2|2||1||1900000
3481365|1|1|1|370.22054691|34813651|2||2||1|1|2|2|2|2|2|2|2||1||1600000
3481370|1|1|1|192.9641747|34813701|2||2||2|1|2|2|2|2|2|2|2||1||98
3481371|1|1|1|192.9641747|34813711|2||2||1|1|2|2|2|2|2|2|1||1||2300000
3481375|1|1|1|1823.1917897|34813751|2||2||1|1|2|1|2|2|2|2|2||3||4500000
3481376|1|1|1|1754.954899|34813761|2||2||1|2|2|2|2|2|2|1|2||7||99
3481378|1|1|1|1514.6707132|34813781|2||2||1|1|2|2|2|2|2|2|2||1||3000000
3481379|1|1|1|1360.4101749|34813791|2||2||1|2|2|2|2|2|2|2|1||8||99
3481380|1|1|1|1604.2462417|34813801|2||2||1|1|2|1|2|2|2|2|2||1||99
3481383|1|1|1|1018.6236841|34813831|2||2||1|1|2|2|2|2|2|2|2||1||3200000
3481385|1|1|1|2709.0520659|34813851|2||2||1|1|2|2|2|2|2|2|2||1||1600000
3481388|1|1|1|1467.6151636|34813881|2||2||1|1|2|2|2|2|2|2|2||1||2600000
3481393|1|1|1|1670.0215875|34813931|2||2||1|1|2|2|2|2|2|2|2||1||800000
3481396|1|1|1|2446.8508746|34813961|2||2||1|1|2|2|2|2|2|2|2||1||1600000
3481397|1|1|1|1415.7007284|34813971|2||2||1|1|2|2|2|2|2|2|2||1||1600000
3481401|1|1|1|1863.125279|34814011|2||2||1|1|2|1|2|2|2|2|2||1||1600000
3481402|1|1|1|2631.9060053|34814021|2||2||1|1|2|2|2|2|2|2|2||1||5000000
3481408|1|1|1|3082.3287929|34814081|2||2||1|1|2|2|2|2|2|2|2||1||1400000
3481409|1|1|1|1742.2030381|34814091|2||2||1|1|2|2|2|2|2|2|2||1||99
3481410|1|1|1|3126.4522638|34814101|2||2||1|1|1|2|2|2|2|2|2||1||1000000
3481412|1|1|1|2017.5243008|34814121|2||2||1|1|1|2|1|2|2|2|2||1||1300000
3481414|1|1|1|2851.1003302|34814141|2||2||1|1|2|2|2|2|2|2|2||1||12000000
3481416|1|1|1|2578.427941|34814161|2||2||1|2|2|1|2|2|2|2|2||3||15000000
3481417|1|1|1|1362.4331113|34814171|2||2||1|1|2|2|2|2|2|2|2||1||99
3481418|1|1|1|2461.4743013|34814181|2||2||1|1|2|2|2|2|2|2|2||1||2100000
3481419|1|1|1|989.64242223|34814191|2||2||1|1|2|2|2|2|2|2|2||1||7000000
3481420|1|1|1|1140.3510795|34814201|2||2||1|1|2|2|2|2|2|2|2||1||2800000
3481422|1|1|1|1494.2684961|34814221|1|1|2||1|1|2|2|2|2|2|2|2||1||2000000
3481423|1|1|1|2840.1307271|34814231|2||2||1|2|2|1|2|2|2|2|2||3||4300000
3481425|1|1|1|3345.2950179|34814251|2||2||1|1|2|2|2|2|2|2|2||1||3500000
3481426|1|1|1|2233.640051|34814261|2||2||1|1|2|2|2|2|2|2|2||1||5000000
3481427|1|1|1|1764.058892|34814271|2||2||1|1|2|2|2|2|2|2|2||1||99
3481429|1|1|1|1484.4636333|34814291|2||2||2|1|2|2|2|2|2|2|2||1||98
3481430|1|1|1|2267.8603823|34814301|2||2||1|1|2|2|2|2|2|2|2||1||1000000
3481433|1|1|1|1057.9153196|34814331|2||2||1|1|2|2|2|2|2|2|2||1||1500000
3481438|1|1|1|783.61756997|34814381|2||2||1|1|2|2|2|2|2|2|2||1||15000000
3481439|1|1|1|783.61756997|34814391|2||2||1|1|2|1|2|2|2|2|2||1||12000000
3481442|1|1|1|683.81946608|34814421|2||2||1|1|2|2|2|2|2|2|2||1||900000
3481444|1|1|1|833.32586665|34814441|2||2||1|2|2|1|2|2|2|2|1||3||2500000
3481446|1|1|1|1649.6816958|34814461|2||2||1|1|2|1|2|2|2|2|2||1||3000000
3481449|1|1|1|888.86367723|34814491|2||2||1|1|2|2|2|2|2|2|2||1||98
3481451|1|1|1|638.85156196|34814511|2||2||1|1|2|2|2|2|2|2|2||1||98
3481452|1|1|1|4852.9681829|34814521|2||2||1|1|2|2|2|2|2|2|2||1||1300000
3481453|1|1|1|3574.0347971|34814531|2||2||1|1|2|2|2|2|2|2|2||1||1600000
3481454|1|1|1|8178.7066661|34814541|2||2||1|1|2|2|2|2|2|2|2||1||1500000
3481455|1|1|1|8421.3654046|34814551|2||2||1|1|2|2|2|2|2|2|2||1||5000000
3481456|1|1|1|538.72437187|34814561|2||2||1|1|2|2|2|2|2|2|2||1||3000000
3481457|1|1|1|738.11148604|34814571|2||2||1|1|2|2|2|2|2|2|2||1||1600000
3481458|1|1|1|706.37770897|34814581|2||2||1|1|2|2|1|2|2|2|2||1||2800000
3481459|1|1|1|418.44375634|34814591|2||2||1|1|2|2|2|2|2|2|2||1||2100000
3481460|1|1|1|553.40510542|34814601|2||2||1|1|2|1|2|2|2|2|2||3||1800000
3481463|1|1|1|1935.412578|34814631|2||2||1|1|2|1|2|2|2|2|2||3||4000000
3481464|1|1|1|3222.0663608|34814641|2||2||2|1|2|2|2|2|2|2|2||1||2000000
3481465|1|1|1|775.73049036|34814651|2||2||1|1|2|2|2|2|2|2|2||1||98
3481468|1|1|1|123.9032992|34814681|2||2||1|1|2|2|2|2|2|2|2||1||1300000
3481479|1|1|1|24.723092343|34814791|2||2||1|1|2|2|2|2|2|2|2||1||6000000
3481480|1|1|1|29.518708523|34814801|2||2||1|1|2|2|2|2|2|2|2||1||5000000
3481481|1|1|1|37.934454811|34814811|2||2||1|1|2|2|2|2|2|2|2||1||4000000
3481482|1|1|1|48.859822841|34814821|2||2||1|1|2|2|2|2|2|2|2||1||3600000
3481483|1|1|1|30.105070368|34814831|2||2||1|1|2|2|2|2|2|2|2||1||4000000
3481484|1|1|1|53.140597757|34814841|2||2||1|1|2|2|2|2|2|2|2||1||2000000
3481485|1|1|1|31.597131386|34814851|2||2||1|1|2|2|2|2|2|2|2||1||3600000
3481486|1|1|1|37.934454811|34814861|2||2||1|1|2|2|2|2|2|2|2||1||3210000
3481487|1|1|1|57.021451662|34814871|2||2||1|1|2|2|2|2|2|2|2||1||4200000
3481488|1|1|1|44.844729231|34814881|2||2||1|1|2|2|2|2|2|2|2||1||1300000
3481489|1|1|1|54.166174692|34814891|2||2||1|1|2|2|2|2|2|2|2||1||3200000
3481490|1|1|1|51.834977573|34814901|2||2||1|2|2|2|2|2|2|2|1||8||550000
3481491|1|1|1|45.617800966|34814911|2||2||1|1|2|2|2|2|2|2|2||1||1635000
3481492|1|1|1|24.629709433|34814921|2||2||1|1|2|2|2|2|2|2|2||1||12000000
3481493|1|1|1|30.356432095|34814931|2||2||1|1|2|2|2|2|2|2|2||1||5000000
3481494|1|1|1|29.905249937|34814941|2||2||1|1|2|2|2|2|2|2|2||1||13000000
3481495|1|1|1|30.356432095|34814951|2||2||1|1|2|2|2|2|2|2|2||1||10000000
3481497|1|1|1|42.483926254|34814971|2||2||1|1|2|2|2|2|2|2|2||1||9000000
3481498|1|1|1|28.3424812|34814981|2||2||1|1|2|2|2|2|2|2|2||1||14000000
3481499|1|1|1|30.356432095|34814991|2||2||1|1|2|2|2|2|2|2|2||1||15000000
3481500|1|1|1|29.788401503|34815001|2||2||1|1|2|2|2|2|2|2|2||1||10000000
3481501|1|1|1|46.502932061|34815011|2||2||1|1|2|2|2|2|2|2|2||1||4150000
3481502|1|1|1|37.799676149|34815021|2||2||1|1|2|2|2|2|2|2|2||1||1500000
3481503|1|1|1|45.088366113|34815031|2||2||1|1|2|2|2|2|2|2|2||1||3500000
3481504|1|1|1|47.847671605|34815041|2||2||1|1|2|2|2|2|2|2|2||1||1600000
3481505|1|1|1|73.346353445|34815051|2||2||1|1|2|2|2|2|2|2|2||1||2500000
3481506|1|1|1|27.789295724|34815061|2||2||1|1|2|2|2|2|2|2|2||1||3500000
3481507|1|1|1|47.847671605|34815071|2||2||1|1|2|2|2|2|2|2|2||1||1500000
3481508|1|1|1|41.395134675|34815081|2||2||1|1|2|2|2|2|2|2|2||1||3000000
3481509|1|1|1|45.035200789|34815091|2||2||1|1|2|2|2|2|2|2|2||1||3800000
3481510|1|1|1|40.620547504|34815101|2||2||1|1|2|2|2|2|2|2|2||1||1350000
3481511|1|1|1|40.620547504|34815111|2||2||1|1|2|2|2|2|2|2|2||1||1300000
3481512|1|1|1|46.417219188|34815121|2||2||1|1|2|2|2|2|2|2|2||1||1280000
3481513|1|1|1|47.847671605|34815131|2||2||1|1|2|2|2|2|2|2|2||1||1600000
3481514|1|1|1|55.770097261|34815141|2||2||1|1|2|2|2|2|2|2|2||1||2300000
3481515|1|1|1|72.832484645|34815151|2||2||1|1|2|2|2|2|2|2|2||1||2900000
3481516|1|1|1|49.498654872|34815161|2||2||1|1|2|2|2|2|2|2|2||1||4000000
3481517|1|1|1|51.191019961|34815171|2||2||1|1|2|2|2|2|2|2|2||1||6300000
3481518|1|1|1|58.078732896|34815181|2||2||1|1|2|2|2|2|2|2|2||1||2300000
3481519|1|1|1|30.94420647|34815191|2||2||1|1|2|1|2|2|2|2|2||1||4300000
3481520|1|1|1|55.253592732|34815201|2||2||1|1|2|2|2|2|2|2|2||1||5000000
3481521|1|1|1|60.77782347|34815211|2||2||1|2|2|1|2|2|2|2|1||3||4000000
3481522|1|1|1|42.735834164|34815221|2||2||1|1|2|2|2|2|2|2|2||1||4000000
3481523|1|1|1|34.736619655|34815231|2||2||1|1|2|2|2|2|2|2|2||1||5000000
3481524|1|1|1|59.809589507|34815241|2||2||1|1|2|2|2|2|2|2|2||1||3000000
3481525|1|1|1|41.014225297|34815251|2||2||1|1|2|2|2|2|2|2|2||1||5000000
3481526|1|1|1|41.014225297|34815261|2||2||1|1|2|2|2|2|2|2|2||1||2500000
3481527|1|1|1|41.014225297|34815271|2||2||1|1|2|2|2|2|2|2|2||1||3000000
3481528|1|1|1|48.065728699|34815281|2||2||1|1|2|2|2|2|2|2|2||1||1500000
3481529|1|1|1|56.208299109|34815291|2||2||1|1|2|2|2|2|2|2|2||1||2000000
3481530|1|1|1|42.888530823|34815301|2||2||1|1|2|2|2|2|2|2|2||1||7800000
3481531|1|1|1|29.706704722|34815311|2||2||1|1|2|2|2|2|2|2|2||1||3500000
3481532|1|1|1|49.961245754|34815321|2||2||1|1|2|2|2|2|2|2|2||1||1800000
3481533|1|1|1|45.134404478|34815331|2||2||1|1|2|2|2|2|2|2|2||1||3000000
3481534|1|1|1|60.77782347|34815341|2||2||1|1|2|2|2|2|2|2|2||1||4000000
3481535|1|1|1|59.809589507|34815351|2||2||1|1|2|2|2|2|2|2|2||1||1600000
3481536|1|1|1|51.743918343|34815361|2||2||1|1|2|2|2|2|2|2|2||1||2500000
3481537|1|1|1|61.316074335|34815371|2||2||1|1|2|2|2|2|2|2|2||1||1630000
3481538|1|1|1|62.565888992|34815381|2||2||1|1|2|2|2|2|2|2|2||1||5100000
3481539|1|1|1|57.063636911|34815391|2||2||1|1|2|2|2|2|2|2|2||1||2000000
3481540|1|1|1|53.620419177|34815401|2||2||1|1|2|2|2|2|2|2|2||1||1800000
3481541|1|1|1|81.617923373|34815411|2||2||1|1|2|2|2|2|2|2|2||1||2000000
3481542|1|1|1|78.400176567|34815421|2||2||1|1|2|2|2|2|2|2|2||1||4000000
3481543|1|1|1|1405.2483395|34815431|2||2||1|2|2|1|2|2|2|2|2||3||98
3481563|1|1|1|7643.7866242|34815631|2||2||1|1|2|2|2|2|2|2|2||1||1423000
3481564|1|1|1|5693.2618016|34815641|2||2||1|2|2|1|2|2|2|2|2||3||1423000
3481569|1|1|1|5617.2571531|34815691|2||2||1|1|2|2|2|2|2|2|2||1||1800000
3481571|1|1|1|9465.4799279|34815711|2||2||1|1|2|1|2|2|2|2|2||1||2500000
3481577|1|1|1|8317.3979305|34815771|2||2||1|1|2|2|2|2|2|2|2||1||1423500
3481579|1|1|1|6372.3261193|34815791|2||2||1|2|2|1|2|2|2|2|2||3||3000000
3481580|1|1|1|5197.1816992|34815801|2||2||1|1|2|2|2|2|2|2|2||1||8000000
3481584|1|1|1|3165.5811815|34815841|2||2||1|1|2|2|2|2|2|2|2||1||3000000
3481589|1|1|1|61.837475435|34815891|1|1|2||1|1|2|1|2|2|2|2|2||3||3000000
3481590|1|1|1|121.12082227|34815901|2||2||1|1|2|2|2|2|2|2|2||1||3000000
3481591|1|1|1|130.28127638|34815911|2||2||1|1|2|2|2|2|2|2|2||1||3000000
3481592|1|1|1|126.64808756|34815921|2||2||2|1|1|2|2|2|2|2|2||1||1200000
3481593|1|1|1|482.74731064|34815931|2||1|3|1|1|2|2|2|1|2|2|2||5||1200000
3481594|1|1|1|328.34564492|34815941|2||2||1|1|2|2|2|2|2|2|2||1||2800000
3481595|1|1|1|355.90813137|34815951|2||2||1|2|1|2|2|2|2|2|1||8||900000
3481596|1|1|1|154.69271739|34815961|2||2||1|1|2|2|2|2|2|2|2||1||2500000
3481597|1|1|1|575.33878888|34815971|2||2||1|1|2|2|2|2|2|2|2||1||1800000
3481598|1|1|1|1155.2697684|34815981|2||2||2|1|1|2|1|2|2|2|2||1||2000000
3481600|1|1|1|398.31590826|34816001|2||2||1|1|2|2|2|2|2|2|2||1||2300000
3481696|1|1|1|269.68077808|34816961|2||2||1|1|2|2|2|2|2|2|2||1||8000000
3481701|1|1|1|380.04193788|34817011|2||2||1|1|2|2|2|2|2|2|2||1||2500000
3481702|1|1|1|238.91339714|34817021|2||2||1|1|2|2|2|2|2|2|2||1||1800000
3481703|1|1|1|200.62664853|34817031|2||2||1|1|2|2|2|2|2|2|2||1||1500000
3481704|1|1|1|365.42300346|34817041|2||2||1|1|2|2|2|2|2|2|2||1||98
3481705|1|1|1|440.83853817|34817051|2||2||1|1|2|2|2|2|2|2|2||1||2000000
3481707|1|1|1|263.42791164|34817071|2||2||1|1|2|2|2|2|2|2|2||1||3000000
3481708|1|1|1|252.39800165|34817081|2||2||1|2|2|1|2|2|2|2|2||3||2000000
3481709|1|1|1|319.74512802|34817091|2||2||1|1|2|2|2|2|2|2|2||1||2000000
3481711|1|1|1|242.72662516|34817111|2||2||1|1|2|2|2|2|2|2|2||1||98
3481712|1|1|1|245.64205731|34817121|2||2||1|1|2|2|2|2|2|2|2||1||1400000
3481713|1|1|1|329.41650452|34817131|2||2||1|1|2|2|2|2|2|2|2||1||98
3481714|1|1|1|229.75050898|34817141|2||2||1|1|2|2|2|2|2|2|2||1||999999999
3481715|1|1|1|329.41650452|34817151|2||2||1|1|2|2|2|2|2|2|2||1||3000000
3481717|1|1|1|8770.5250273|34817171|2||2||1|1|2|2|2|2|2|2|2||1||3000000
3482011|1|1|1|2011.959247|34820111|2||2||1|1|2|2|2|2|2|2|2||1||6000000
3482013|1|1|1|1350.3221176|34820131|2||2||1|1|2|2|2|2|2|2|1||1||3000000
3482015|1|1|1|7119.7170359|34820151|2||2||1|1|2|2|2|2|2|2|2||1||1423000
3482017|1|1|1|979.04233956|34820171|2||2||1|1|2|2|2|2|2|2|2||1||2500000
3482019|1|1|1|270.21093053|34820191|2||2||1|2|2|2|2|2|2|2|1||8||1000000
3482021|1|1|1|85.277817838|34820211|2||2||1|1|2|2|2|2|2|2|2||1||900000
3482023|1|1|1|91.819668497|34820231|2||2||1|1|2|2|2|2|2|2|2||1||98
3482025|1|1|1|817.43306782|34820251|2||2||1|2|2|1|2|2|2|2|2||3||6500000
3482027|1|1|1|318.52840238|34820271|2||2||1|1|2|2|2|2|2|2|2||1||1750000
3482029|1|1|1|1031.3385499|34820291|2||2||1|1|2|1|2|2|2|1|2||1||4000000
3482031|1|1|1|29.788401503|34820311|2||2||1|1|2|2|2|2|2|2|2||1||15000000
3482511|1|1|1|238.91339714|34825111|2||2||1|2|2|1|2|2|2|2|2||3||98
