Directorio|Secuencia_p|Secuencia_encuesta|Orden|Fex_c|area|P5747|P8520S1|P8520S1A1|P8520S2|P8520S3|P8520S4|P8520S5
3469422|1|1|1|2984.9232373|05|2|1|1|2|1|1|1
3469423|1|1|1|3410.565749|05|2|1|1|2|1|1|1
3469424|1|1|1|3051.8395807|05|2|1|1|2|1|1|1
3469425|1|1|1|3223.1809037|05|2|1|1|2|1|1|1
3469426|1|1|1|4211.4611476|05|2|1|2|2|1|1|1
3469427|1|1|1|1865.6779697|05|2|1|2|2|1|1|1
3469428|1|1|1|3608.8716302|05|2|1|2|2|1|1|1
3469429|1|1|1|2236.2252474|05|2|1|2|2|1|1|1
3469430|1|1|1|2594.9514157|05|2|1|2|2|1|1|1
3469431|1|1|1|2874.5877031|05|2|1|2|2|1|1|1
3469432|1|1|1|5609.747501|05|3|1|2|2|1|1|1
3469433|1|1|1|3223.1809037|05|3|1|2|2|1|1|1
3469434|1|1|1|4817.7365586|05|2|1|2|1|1|1|1
3469436|1|1|1|2048.5699819|05|2|1|3|1|1|1|1
3469437|1|1|1|2967.4013973|05|2|1|3|1|1|1|1
3469438|1|1|1|2530.286374|05|2|1|3|1|1|1|1
3469439|1|1|1|3218.7459559|05|2|1|3|1|1|1|1
3469440|1|1|1|2734.4401684|05|2|1|3|1|1|1|1
3469441|1|1|1|2757.5555769|05|2|1|3|1|1|1|1
3469442|1|1|1|3281.0481693|05|2|1|3|1|1|1|1
3469443|1|1|1|2805.0238031|05|2|1|3|1|1|1|1
3469444|1|1|1|2716.6438297|05|2|1|3|1|1|1|1
3469445|1|1|1|3726.3997609|05|2|1|3|1|1|1|1
3469446|1|1|1|4077.4950946|05|2|1|2|1|1|1|1
3469447|1|1|1|2674.6994899|05|2|1|3|1|1|1|1
3469449|1|1|1|3199.5072601|05|2|1|3|2|1|1|1
3469450|1|1|1|2810.4189211|05|2|1|3|1|1|1|1
3469451|1|1|1|2700.1960711|05|2|1|3|1|1|1|1
3469452|1|1|1|2982.4407939|05|2|1|3|1|1|1|1
3469453|1|1|1|2872.8440039|05|2|1|3|1|1|1|1
3469454|1|1|1|5639.5843639|05|2|1|3|1|1|1|1
3469455|1|1|1|3091.2993412|05|2|1|1|1|1|1|1
3469456|1|1|1|2700.3702665|05|2|1|1|1|1|1|1
3469457|1|1|1|2261.6534449|05|2|1|1|2|1|1|1
3469458|1|1|1|2663.3456776|05|5|1|1|1|1|1|1
3469459|1|1|1|2594.6702512|05|2|1|2|1|1|1|1
3469460|1|1|1|2891.4696422|05|2|1|1|2|1|1|1
3469461|1|1|1|3417.8773591|05|2|1|1|1|1|1|1
3469462|1|1|1|3252.2563416|05|2|1|1|2|1|1|1
3469463|1|1|1|3252.2563416|05|2|1|2|1|1|1|1
3469464|1|1|1|2709.8891149|05|2|1|1|1|1|1|1
3469465|1|1|1|3157.7696108|05|2|1|3|1|1|1|1
3469466|1|1|1|2841.7072234|05|2|1|3|1|1|1|1
3469467|1|1|1|3257.3245401|05|2|1|3|1|1|1|1
3469469|1|1|1|2755.6707994|05|2|1|3|1|1|1|1
3469470|1|1|1|3295.9694644|05|2|1|3|1|1|1|1
3469471|1|1|1|2736.6655658|05|2|1|3|1|1|1|1
3469472|1|1|1|3936.331938|05|2|1|3|1|1|1|1
3469474|1|1|1|2736.6655658|05|2|1|3|1|1|1|1
3469475|1|1|1|1944.910486|05|2|1|3|1|1|1|1
3469476|1|1|1|3083.8070925|05|2|1|3|1|1|1|1
3469477|1|1|1|3578.4107529|05|2|1|5|1|1|1|1
3469478|1|1|1|2025.1011887|05|2|1|5|1|1|1|1
3469479|1|1|1|2193.7846116|05|2|1|5|1|1|1|1
3469480|1|1|1|2259.8740898|05|2|1|5|1|1|1|1
3469481|1|1|1|2442.2099214|05|2|1|5|1|1|1|1
3469482|1|1|1|2246.7475715|05|2|1|5|1|1|1|1
3469483|1|1|1|2887.8843567|05|2|1|4|1|1|1|1
3469484|1|1|1|1241.9165693|05|2|1|5|1|1|1|1
3469485|1|1|1|2692.4220068|05|2|1|5|1|1|1|1
3469486|1|1|1|2832.610362|05|2|1|5|1|1|1|1
3469487|1|1|1|1461.8143267|05|2|1|3|1|1|1|1
3469488|1|1|1|1461.8143267|05|2|1|3|1|1|1|1
3469489|1|1|1|2042.1438319|05|2|1|3|1|1|1|1
3469490|1|1|1|2783.6114076|05|2|1|3|1|1|1|1
3469492|1|1|1|2774.3996188|05|2|1|3|1|1|1|1
3469493|1|1|1|2613.2615482|05|2|1|3|1|1|1|1
3469494|1|1|1|3068.8513184|05|2|1|3|1|1|1|1
3469495|1|1|1|2203.2819024|05|2|1|3|1|1|1|1
3469496|1|1|1|2944.7494782|05|2|1|3|1|1|1|1
3469497|1|1|1|2782.3784881|05|2|1|6|1|1|1|1
3469498|1|1|1|2178.2226945|05|2|1|6|1|1|1|1
3469500|1|1|1|2097.9786696|05|2|1|6|1|1|1|1
3469501|1|1|1|2170.8532635|05|2|1|6|1|1|1|1
3469502|1|1|1|2306.4454178|05|2|1|6|1|1|1|1
3469503|1|1|1|1762.625522|05|2|1|6|1|1|1|1
3469504|1|1|1|2097.9786696|05|2|1|6|1|1|1|1
3469505|1|1|1|3220.6254099|05|2|1|6|1|1|1|1
3469506|1|1|1|1607.2013488|08|2|1|4|1|1|1|1
3469507|1|1|1|1403.9298841|08|2|1|4|1|1|1|1
3469508|1|1|1|1427.2100026|08|2|1|4|1|1|1|1
3469509|1|1|1|945.2059175|08|2|1|4|1|1|1|1
3469510|1|1|1|1598.4970542|08|2|1|4|1|1|1|1
3469511|1|1|1|1598.4970542|08|2|1|4|1|1|1|1
3469512|1|1|1|792.22483747|08|2|1|1|1|1|1|1
3469513|1|1|1|666.37945412|08|1|1|1|1|1|1|1
3469514|1|1|1|992.64355051|08|2|1|1|1|1|1|1
3469515|1|1|1|1418.3906406|08|2|1|1|1|1|1|1
3469516|1|1|1|1764.640151|08|1|1|1|1|1|1|1
3469517|1|1|1|1511.6585948|08|1|1|1|1|1|1|1
3469518|1|1|1|2545.5365445|08|2|1|1|1|1|1|1
3469519|1|1|1|1764.640151|08|1|1|1|1|1|1|1
3469520|1|1|1|1080.7628577|08|2|1|1|1|1|1|1
3469521|1|1|1|1566.3592047|08|2|1|3|1|1|1|1
3469522|1|1|1|1612.2108037|08|1|1|3|1|1|1|1
3469523|1|1|1|1033.7337774|08|2|1|3|1|1|1|1
3469524|1|1|1|1008.7233775|08|2|1|1|1|1|1|1
3469525|1|1|1|853.96982508|08|2|1|1|1|1|1|1
3469526|1|1|1|1113.6618642|08|2|1|1|1|1|1|1
3469527|1|1|1|869.49177794|08|2|1|1|1|1|1|1
3469528|1|1|1|1114.6492028|08|2|1|1|2|1|1|1
3469529|1|1|1|1796.1859053|08|2|1|1|1|1|1|1
3469530|1|1|1|961.81611106|08|2|1|1|1|1|1|1
3469531|1|1|1|1442.2815111|08|1|1|1|1|1|1|1
3469533|1|1|1|1479.7170939|08|2|1|0|1|1|1|1
3469534|1|1|1|1889.6142348|08|2|1|0|1|1|1|1
3469535|1|1|1|1479.7170939|08|1|1|0|1|1|1|1
3469536|1|1|1|1796.1540311|08|1|1|0|2|1|1|1
3469537|1|1|1|1551.8821192|08|2|1|1|1|1|1|1
3469538|1|1|1|1496.7507616|08|1|1|0|1|1|1|1
3469539|1|1|1|2221.8491873|08|2|1|0|1|1|1|1
3469540|1|1|1|953.92045349|08|1|1|2|1|1|1|1
3469541|1|1|1|2269.615927|08|2|1|2|1|1|1|1
3469542|1|1|1|666.37945412|08|2|1|2|1|1|1|1
3469543|1|1|1|2476.5083098|08|2|1|2|1|1|1|1
3469544|1|1|1|988.54953431|08|2|1|1|1|1|1|1
3469545|1|1|1|521.51435539|08|2|1|1|1|1|1|1
3469546|1|1|1|2067.7656629|08|2|1|1|1|1|1|1
3469547|1|1|1|1452.7123366|08|2|1|1|1|1|1|1
3469548|1|1|1|1480.9144236|08|2|1|1|1|1|1|1
3469549|1|1|1|548.56087608|08|2|1|1|1|1|1|1
3469550|1|1|1|1554.7042013|08|2|1|1|1|1|1|1
3469551|1|1|1|521.51435539|08|2|1|1|1|1|1|1
3469552|1|1|1|521.51435539|08|2|1|1|1|1|1|1
3469553|1|1|1|814.73811256|08|2|1|1|1|1|1|1
3469554|1|1|1|1239.4631353|08|2|1|1|1|1|1|1
3469555|1|1|1|856.01283435|08|2|1|1|1|1|1|1
3469556|1|1|1|2194.7258226|08|2|1|1|1|1|1|1
3469557|1|1|1|1886.9075984|08|2|1|1|1|1|1|1
3469558|1|1|1|2192.7964285|08|2|1|1|1|1|1|1
3469559|1|1|1|680.4005059|08|2|1|1|1|1|1|1
3469560|1|1|1|1214.9769466|08|2|1|1|1|1|1|1
3469561|1|1|1|1050.1406444|08|2|1|1|1|1|1|1
3469562|1|1|1|1450.9199523|08|2|1|1|1|1|1|1
3469563|1|1|1|1460.2143752|08|2|1|2|1|1|1|1
3469564|1|1|1|1460.2143752|08|1|1|2|1|1|1|1
3469565|1|1|1|3010.4377496|08|2|1|2|1|1|1|1
3469566|1|1|1|1389.5320152|08|1|1|2|1|1|1|1
3469567|1|1|1|965.59356152|08|1|1|1|1|1|1|1
3469568|1|1|1|1064.5754318|08|2|1|1|1|1|1|1
3469569|1|1|1|1058.6531355|08|2|1|1|1|1|1|1
3469570|1|1|1|751.92980696|08|2|1|1|1|1|1|1
3469571|1|1|1|750.24261453|08|2|1|1|1|1|1|1
3469572|1|1|1|1062.4578799|08|1|1|1|1|1|1|1
3469573|1|1|1|844.98938096|08|2|1|1|1|1|1|1
3469574|1|1|1|843.30218853|08|2|1|1|1|1|1|1
3469575|1|1|1|1440.0734873|08|1|1|2|1|1|1|1
3469576|1|1|1|969.59742235|08|1|1|2|1|1|1|1
3469577|1|1|1|1373.1077441|08|2|1|2|1|1|1|1
3469578|1|1|1|2180.2243484|08|1|1|2|1|1|1|1
3469579|1|1|1|2404.2226523|08|1|1|2|1|1|1|1
3469580|1|1|1|1376.548766|08|1|1|2|1|1|1|1
3469581|1|1|1|2091.0528475|08|1|1|2|1|1|1|1
3469582|1|1|1|2768.7814451|08|1|1|2|1|1|1|1
3469583|1|1|1|1810.8149896|08|1|1|2|1|1|1|1
3469584|1|1|1|2850.0195996|11|1|1|2|1|1|1|1
3469585|1|1|1|2850.0195996|11|1|1|2|1|1|1|1
3469586|1|1|1|2850.0195996|11|1|1|2|1|1|1|1
3469587|1|1|1|6284.9487069|11|2|1|2|1|1|1|1
3469588|1|1|1|19759.533702|11|2|1|2|1|1|1|1
3469589|1|1|1|12112.583298|11|1|1|2|1|1|1|1
3469590|1|1|1|12112.583298|11|1|1|2|1|1|1|1
3469591|1|1|1|3028.1458246|11|2|1|2|1|1|1|1
3469592|1|1|1|3420.0235195|11|2|1|3|1|1|1|1
3469593|1|1|1|3970.9520827|11|2|1|3|1|1|1|1
3469594|1|1|1|13680.094078|11|1|1|2|2|1|1|1
3469595|1|1|1|9023.7431642|11|2|1|3|1|1|1|1
3469596|1|1|1|5763.7281888|11|2|1|3|1|1|1|1
3469597|1|1|1|13680.094078|11|2|1|3|1|1|1|1
3469598|1|1|1|9597.2901885|11|2|1|3|1|1|1|1
3469599|1|1|1|3420.0235195|11|2|1|3|1|1|1|1
3469600|1|1|1|5282.7158932|11|2|1|2|1|1|1|1
3469601|1|1|1|2983.6142683|11|2|1|2|1|1|1|1
3469602|1|1|1|6181.4604567|11|2|1|2|1|1|1|1
3469603|1|1|1|2983.6142683|11|2|1|2|1|1|1|1
3469604|1|1|1|11934.457073|11|2|1|2|1|1|1|1
3469605|1|1|1|8086.5078576|11|2|1|2|1|1|1|1
3469606|1|1|1|2983.6142683|11|2|1|2|1|1|1|1
3469607|1|1|1|6367.5593356|11|2|1|3|1|1|1|1
3469608|1|1|1|6367.5593356|11|2|1|4|1|1|1|1
3469609|1|1|1|10555.105225|11|2|1|4|1|1|1|1
3469610|1|1|1|9691.780162|11|2|1|4|1|1|1|1
3469611|1|1|1|5070.2107215|11|2|1|4|1|1|1|1
3469612|1|1|1|3443.7736828|11|2|1|2|1|1|1|1
3469613|1|1|1|3443.7736828|11|1|1|2|1|1|1|1
3469614|1|1|1|7134.8200296|11|1|1|2|1|1|1|1
3469615|1|1|1|4482.8807976|11|1|1|2|2|1|1|1
3469616|1|1|1|6528.2794574|11|1|1|2|2|1|1|1
3469617|1|1|1|3384.3982745|11|1|1|3|1|1|1|1
3469618|1|1|1|3384.3982745|11|1|1|3|1|1|1|1
3469619|1|1|1|3384.3982745|11|1|1|3|1|1|1|1
3469620|1|1|1|5470.6969449|11|1|1|3|1|1|1|1
3469621|1|1|1|5470.6969449|11|1|1|3|1|1|1|1
3469622|1|1|1|8908.6204223|11|1|1|3|1|1|1|1
3469623|1|1|1|5227.6876027|11|1|1|3|1|1|1|1
3469624|1|1|1|10059.494831|11|2|1|3|2|1|1|1
3469625|1|1|1|7917.6372743|11|2|1|3|2|1|1|1
3469626|1|1|1|5903.0348049|11|2|1|3|2|1|1|1
3469627|1|1|1|8880.6445933|11|2|1|4|2|1|1|1
3469628|1|1|1|5343.7867492|11|2|1|1|1|1|1|1
3469629|1|1|1|5343.7867492|11|2|1|1|1|1|1|2
3469630|1|1|1|8637.9425445|11|1|1|2|1|1|1|1
3469631|1|1|1|9567.465692|11|1|1|1|1|1|1|1
3469632|1|1|1|5343.7867492|11|2|1|1|1|1|1|1
3469633|1|1|1|5343.7867492|11|1|1|2|1|1|1|1
3469634|1|1|1|6956.1943411|11|1|1|1|1|1|1|1
3469635|1|1|1|9314.2803494|11|2|1|3|1|1|1|1
3469636|1|1|1|3530.1379131|11|2|1|3|1|1|1|1
3469637|1|1|1|5823.8263869|11|2|1|3|1|1|1|1
3469638|1|1|1|3530.1379131|11|2|1|3|1|1|1|1
3469639|1|1|1|3530.1379131|11|2|1|3|1|1|1|1
3469640|1|1|1|9429.999717|11|2|1|3|1|1|1|1
3469641|1|1|1|661.6087566|13|1|1|3|1|1|1|1
3469643|1|1|1|449.96946511|13|2|1|2|1|1|1|1
3469644|1|1|1|554.15103011|13|2|1|2|1|1|1|1
3469645|1|1|1|483.19333232|13|1|1|3|1|1|1|1
3469646|1|1|1|483.19333232|13|2|1|2|1|1|1|1
3469647|1|1|1|472.90204449|13|2|1|3|1|1|1|1
3469648|1|1|1|503.54903391|13|1|1|1|1|1|1|1
3469649|1|1|1|861.03679607|13|2|1|2|1|1|1|1
3469650|1|1|1|644.14796149|13|2|1|2|1|1|1|1
3469651|1|1|1|1005.3829958|13|2|1|2|1|1|1|1
3469652|1|1|1|888.7281805|13|2|1|2|1|1|1|1
3469653|1|1|1|604.43659492|13|2|1|2|1|1|1|1
3469654|1|1|1|783.32598189|13|2|1|2|1|1|1|1
3469655|1|1|1|773.30883737|13|2|1|2|1|1|1|1
3469656|1|1|1|607.55016786|13|2|1|2|1|1|1|1
3469657|1|1|1|526.10112385|13|2|1|2|1|1|1|1
3469658|1|1|1|773.90267784|13|1|1|2|1|1|1|1
3469659|1|1|1|550.33079313|13|2|1|2|1|1|1|1
3469660|1|1|1|497.53847127|13|2|1|2|1|1|1|1
3469661|1|1|1|612.29283276|13|1|1|2|1|1|1|1
3469662|1|1|1|584.33984808|13|1|1|2|1|1|1|1
3469663|1|1|1|532.46776511|13|1|1|2|1|1|1|1
3469664|1|1|1|432.03567492|13|1|1|2|1|1|1|1
3469665|1|1|1|542.70953803|13|2|1|2|1|1|1|1
3469666|1|1|1|429.82157861|13|1|1|2|1|1|1|1
3469667|1|1|1|321.70950606|13|2|1|2|1|1|1|1
3469668|1|1|1|572.9353463|13|2|1|2|1|1|1|1
3469669|1|1|1|443.84162282|13|1|1|2|1|1|1|1
3469670|1|1|1|883.04310629|13|2|1|2|1|1|1|1
3469672|1|1|1|641.5512834|13|2|1|2|1|1|1|1
3469673|1|1|1|748.78279468|13|2|1|2|1|1|1|1
3469674|1|1|1|546.23497293|13|2|1|2|1|1|1|1
3469675|1|1|1|702.77704816|13|2|1|2|1|1|1|1
3469676|1|1|1|607.55016786|13|2|1|2|1|1|1|1
3469677|1|1|1|996.58434868|13|2|1|2|1|1|1|1
3469678|1|1|1|597.90667607|13|2|1|1|1|1|1|1
3469679|1|1|1|547.09671306|13|1|1|1|1|1|1|1
3469680|1|1|1|592.12275589|13|2|1|1|1|1|1|1
3469681|1|1|1|789.28372973|13|2|1|1|1|1|1|1
3469682|1|1|1|736.70619469|13|1|1|1|1|1|1|1
3469683|1|1|1|844.58224633|13|2|1|1|1|1|1|1
3469684|1|1|1|418.72000831|13|2|1|1|1|1|1|1
3469685|1|1|1|459.80540612|13|1|1|1|1|1|1|1
3469686|1|1|1|497.86128333|13|2|1|1|1|1|1|1
3469687|1|1|1|556.39904934|13|2|1|1|1|1|1|1
3469688|1|1|1|512.66205242|13|2|1|1|1|1|1|1
3469689|1|1|1|569.15274442|13|1|1|1|1|1|1|1
3469690|1|1|1|533.66200354|13|1|1|1|1|1|1|1
3469691|1|1|1|474.62416146|13|2|1|1|1|1|1|1
3469692|1|1|1|792.52183918|13|1|1|1|1|1|1|1
3469693|1|1|1|777.79317729|13|1|1|1|1|1|1|1
3469694|1|1|1|570.95102919|13|1|1|1|1|1|1|1
3469695|1|1|1|501.25208934|13|2|1|1|1|1|1|1
3469696|1|1|1|501.66314382|13|2|1|1|1|1|1|1
3469697|1|1|1|441.60945239|13|2|1|1|1|1|1|1
3469698|1|1|1|748.78279468|13|2|1|2|1|1|1|1
3469699|1|1|1|546.23497293|13|1|1|2|1|1|1|1
3469700|1|1|1|625.84906467|13|2|1|2|1|1|1|1
3469701|1|1|1|756.57101128|13|2|1|1|1|1|1|1
3469702|1|1|1|876.22211994|13|2|1|2|1|1|1|1
3469703|1|1|1|487.67688416|13|1|1|1|1|1|1|1
3469704|1|1|1|440.29070265|13|1|1|2|1|1|1|1
3469705|1|1|1|649.06567028|13|2|1|1|1|1|1|1
3469706|1|1|1|859.19499886|13|2|1|1|1|1|1|1
3469707|1|1|1|702.77704816|13|2|1|1|1|1|1|1
3469708|1|1|1|148.43389291|15|2|1|2|1|1|1|1
3469709|1|1|1|144.23860005|15|1|1|2|1|1|1|1
3469710|1|1|1|105.13934486|15|2|1|2|1|1|1|1
3469711|1|1|1|382.70933899|15|1|1|2|1|1|1|1
3469712|1|1|1|142.59776402|15|1|1|2|1|1|1|1
3469713|1|1|1|111.49890683|15|1|1|2|1|1|1|1
3469714|1|1|1|174.88321561|15|2|1|2|1|1|1|1
3469715|1|1|1|112.95035012|15|1|1|2|1|1|1|1
3469716|1|1|1|101.53299498|15|2|1|2|1|1|1|1
3469717|1|1|1|128.64715758|15|2|1|3|1|1|1|1
3469718|1|1|1|103.77482967|15|2|1|3|1|1|1|1
3469719|1|1|1|316.15119308|15|2|1|3|1|1|1|1
3469720|1|1|1|71.573242822|15|2|1|3|1|1|1|1
3469721|1|1|1|102.23303786|15|2|1|3|1|1|1|1
3469722|1|1|1|111.72656932|15|2|1|3|1|1|1|1
3469723|1|1|1|108.12603712|15|2|1|3|1|1|1|1
3469724|1|1|1|213.40073082|15|2|1|3|1|1|1|1
3469725|1|1|1|116.74541379|15|1|1|3|1|1|1|1
3469726|1|1|1|130.75408409|15|2|1|3|1|1|1|1
3469727|1|1|1|213.40073082|15|2|1|3|1|1|1|1
3469728|1|1|1|176.4103726|15|2|1|3|1|1|1|1
3469729|1|1|1|130.75408409|15|2|1|3|1|1|1|1
3469730|1|1|1|156.61906732|15|1|1|3|1|1|1|1
3469731|1|1|1|141.02772399|15|2|1|3|1|1|1|1
3469732|1|1|1|153.64546527|15|1|1|3|1|1|1|1
3469733|1|1|1|185.71767758|15|1|1|3|1|1|1|1
3469734|1|1|1|187.08988762|15|1|1|3|1|1|1|1
3469735|1|1|1|187.08988762|15|1|1|3|1|1|1|1
3469736|1|1|1|128.70681655|15|1|1|3|1|1|1|1
3469737|1|1|1|115.67388578|15|1|1|3|1|1|1|1
3469739|1|1|1|347.58142865|15|1|1|3|1|1|1|1
3469740|1|1|1|158.34432374|15|1|1|3|1|1|1|1
3469741|1|1|1|130.99930826|15|1|1|3|1|1|1|1
3469742|1|1|1|168.78165656|15|1|1|3|1|1|1|1
3469743|1|1|1|91.043584476|15|1|1|3|1|1|1|1
3469744|1|1|1|130.99930826|15|2|1|3|1|1|1|1
3469745|1|1|1|107.95126713|15|2|1|3|1|1|1|1
3469746|1|1|1|148.5901385|15|1|1|3|1|1|1|1
3469747|1|1|1|252.32415697|15|1|1|1|1|1|1|1
3469748|1|1|1|174.41594357|15|1|1|1|1|1|1|1
3469749|1|1|1|228.51797728|15|2|1|1|1|1|1|1
3469750|1|1|1|176.30623291|15|2|1|2|1|1|1|1
3469751|1|1|1|255.83557625|15|2|1|1|1|1|1|1
3469752|1|1|1|118.8718731|15|1|1|2|1|1|1|1
3469753|1|1|1|118.33440642|15|1|1|2|1|1|1|1
3469754|1|1|1|183.14605287|15|1|1|2|1|1|1|1
3469755|1|1|1|139.3261626|15|2|1|2|1|1|1|1
3469756|1|1|1|114.25208263|15|1|1|2|1|1|1|1
3469757|1|1|1|154.00204188|15|2|1|2|1|1|1|1
3469758|1|1|1|156.34630634|15|2|1|3|1|1|1|1
3469759|1|1|1|91.151880092|15|2|1|3|1|1|1|1
3469760|1|1|1|119.33104287|15|3|1|2|1|1|1|1
3469761|1|1|1|160.55818139|15|2|1|3|1|1|1|1
3469762|1|1|1|130.49896948|15|2|1|2|1|1|1|1
3469763|1|1|1|79.697727444|15|1|1|1|1|1|1|1
3469764|1|1|1|114.6741665|15|2|1|2|1|1|1|1
3469765|1|1|1|104.59968233|15|1|1|2|1|1|1|1
3469766|1|1|1|114.6741665|15|2|1|2|1|1|1|1
3469767|1|1|1|136.70896124|15|2|1|2|1|1|1|1
3469768|1|1|1|304.26580988|15|2|1|2|1|1|1|1
3469769|1|1|1|118.00955462|15|2|1|2|1|1|1|1
3469770|1|1|1|114.6741665|15|2|1|2|1|1|1|1
3469771|1|1|1|79.697727444|15|2|1|2|1|1|1|1
3469772|1|1|1|130.75408409|15|2|1|5|1|1|1|1
3469773|1|1|1|130.75408409|15|2|1|5|1|1|1|1
3469774|1|1|1|130.75408409|15|2|1|5|1|1|1|1
3469775|1|1|1|213.40073082|15|2|1|5|1|1|1|1
3469776|1|1|1|139.42001439|15|2|1|5|1|1|1|1
3469777|1|1|1|163.89176127|15|2|1|4|1|1|1|1
3469778|1|1|1|131.06898874|15|2|1|3|1|1|1|1
3469779|1|1|1|141.97905964|15|2|1|3|1|1|1|1
3469780|1|1|1|129.3135418|15|2|1|3|1|1|1|1
3469781|1|1|1|150.50984353|15|2|1|2|1|1|1|1
3469782|1|1|1|171.27989744|15|3|1|2|1|1|1|1
3469783|1|1|1|75.0239129|15|1|1|4|1|1|1|1
3469784|1|1|1|156.78108701|15|1|1|4|1|1|1|1
3469785|1|1|1|122.03584298|15|1|1|4|1|1|1|1
3469786|1|1|1|169.83141106|15|1|1|4|1|1|1|1
3469787|1|1|1|121.45322549|15|1|1|4|1|1|1|1
3469788|1|1|1|109.77933358|15|1|1|4|1|1|1|1
3469789|1|1|1|577.31162363|17|2|1|4|1|1|1|1
3469790|1|1|1|336.17544649|17|2|1|4|1|1|1|1
3469791|1|1|1|493.14802321|17|2|1|4|1|1|1|1
3469792|1|1|1|603.48119991|17|2|1|4|1|1|1|1
3469793|1|1|1|508.83889724|17|2|1|4|1|1|1|1
3469794|1|1|1|324.53334468|17|2|1|4|1|1|1|1
3469795|1|1|1|369.19031611|17|2|1|4|1|1|1|1
3469796|1|1|1|638.03912363|17|2|1|4|1|1|1|1
3469797|1|1|1|1125.1891808|17|2|1|4|1|1|1|1
3469798|1|1|1|576.44155525|17|2|1|4|1|1|1|1
3469799|1|1|1|641.12887157|17|2|1|4|1|1|1|1
3469800|1|1|1|537.80134966|17|2|1|4|1|1|1|1
3469801|1|1|1|518.12684987|17|2|1|3|1|1|1|1
3469802|1|1|1|576.44155525|17|2|1|4|1|1|1|1
3469803|1|1|1|483.86094361|17|2|1|4|1|1|1|1
3469804|1|1|1|477.8342854|17|2|1|4|1|1|1|1
3469805|1|1|1|383.81778923|17|2|1|6|1|1|1|1
3469806|1|1|1|468.82556422|17|2|1|6|1|1|1|1
3469807|1|1|1|496.94118998|17|2|1|6|1|1|1|1
3469808|1|1|1|685.62168881|17|2|1|6|1|1|1|1
3469809|1|1|1|668.24189459|17|2|1|6|1|1|1|1
3469810|1|1|1|463.63007705|17|1|1|6|1|1|1|1
3469811|1|1|1|322.85638503|17|1|1|6|1|1|1|1
3469812|1|1|1|1059.0849091|17|1|1|6|1|1|1|1
3469813|1|1|1|383.81778923|17|2|1|6|1|1|1|1
3469814|1|1|1|324.72120249|17|2|1|3|1|1|1|1
3469815|1|1|1|314.81054614|17|2|1|3|1|1|1|1
3469816|1|1|1|367.19544197|17|1|1|3|1|1|1|1
3469817|1|1|1|405.06118811|17|2|1|3|1|1|1|1
3469818|1|1|1|375.29494921|17|2|1|3|1|1|1|1
3469819|1|1|1|369.95851634|17|2|1|3|1|1|1|1
3469820|1|1|1|314.81054614|17|2|1|3|1|1|1|1
3469821|1|1|1|282.55093803|17|2|1|3|1|1|1|1
3469822|1|1|1|406.59863863|17|2|1|3|1|1|1|1
3469823|1|1|1|345.98889831|17|2|1|3|1|1|1|1
3469824|1|1|1|470.03659892|17|2|1|3|1|1|1|1
3469825|1|1|1|358.19028765|17|2|1|3|1|1|1|1
3469826|1|1|1|598.47603354|17|2|1|3|1|1|1|1
3469827|1|1|1|482.23798825|17|2|1|3|1|1|1|1
3469828|1|1|1|410.47582644|17|2|1|3|1|1|1|1
3469829|1|1|1|406.59863863|17|2|1|3|1|1|1|1
3469830|1|1|1|358.19028765|17|2|1|3|1|1|1|1
3469831|1|1|1|535.87853606|17|2|1|3|1|1|1|1
3469832|1|1|1|543.98322646|17|1|1|3|1|1|1|1
3469833|1|1|1|417.91100001|17|2|1|3|1|1|1|1
3469834|1|1|1|884.48491328|17|2|1|3|1|1|1|1
3469835|1|1|1|567.74499428|17|1|1|3|1|1|1|1
3469836|1|1|1|462.67500821|17|2|1|3|1|1|1|1
3469837|1|1|1|417.91100001|17|2|1|3|2|1|1|1
3469838|1|1|1|759.26392778|17|2|1|3|1|1|1|1
3469839|1|1|1|375.99535764|17|2|1|3|1|1|1|1
3469840|1|1|1|739.40084432|17|2|1|3|2|1|1|1
3469841|1|1|1|371.31220324|17|1|1|3|1|1|1|1
3469842|1|1|1|517.85914783|17|2|1|1|1|1|1|1
3469843|1|1|1|648.78310125|17|2|1|1|1|1|1|1
3469844|1|1|1|546.16367625|17|2|1|1|1|1|1|1
3469845|1|1|1|447.83839054|17|2|1|1|1|1|1|1
3469846|1|1|1|286.77612024|17|2|1|1|1|1|1|1
3469847|1|1|1|291.64726002|17|1|1|1|1|1|1|1
3469848|1|1|1|341.64706811|17|2|1|1|1|1|1|1
3469849|1|1|1|674.60713725|17|2|1|1|1|1|1|1
3469850|1|1|1|589.81529821|17|2|1|1|1|1|1|1
3469851|1|1|1|333.55822542|17|1|1|1|1|1|1|1
3469852|1|1|1|283.98690179|17|1|1|3|1|1|1|1
3469853|1|1|1|334.05491104|17|1|1|3|1|1|1|1
3469854|1|1|1|401.01057623|17|2|1|3|1|1|1|1
3469855|1|1|1|311.66244068|17|2|1|3|1|1|1|1
3469856|1|1|1|196.96723504|17|1|1|3|1|1|1|1
3469857|1|1|1|334.05491104|17|2|1|3|1|1|1|1
3469858|1|1|1|433.21459636|17|1|1|3|1|1|1|1
3469859|1|1|1|434.39390438|17|2|1|3|1|1|1|1
3469860|1|1|1|567.39412274|17|1|1|1|1|1|1|1
3469861|1|1|1|427.81217855|17|1|1|1|1|1|1|1
3469862|1|1|1|311.40015038|17|1|1|1|2|1|1|1
3469863|1|1|1|482.92903432|17|1|1|1|1|1|1|1
3469864|1|1|1|367.67844585|17|1|1|1|1|1|1|1
3469865|1|1|1|213.74288453|17|2|1|1|1|1|1|1
3469866|1|1|1|475.96014189|17|1|1|1|1|1|1|1
3469867|1|1|1|305.17686537|17|1|1|1|1|1|1|1
3469868|1|1|1|328.99347299|17|2|1|1|2|1|1|1
3469869|1|1|1|442.93711841|17|2|1|1|1|1|1|1
3469870|1|1|1|176.45336043|18|1|1|1|1|1|1|1
3469871|1|1|1|145.06677652|18|1|1|1|1|1|1|1
3469872|1|1|1|269.007223|18|1|1|1|1|1|1|1
3469873|1|1|1|74.750618876|18|1|1|1|1|1|1|1
3469874|1|1|1|236.19737427|18|1|1|1|1|1|1|1
3469875|1|1|1|193.20304783|18|1|1|1|1|1|1|1
3469876|1|1|1|136.20450921|18|1|1|1|1|1|1|1
3469877|1|1|1|169.74385575|18|1|1|1|1|1|1|1
3469878|1|1|1|177.81450418|18|1|1|1|1|1|1|1
3469879|1|1|1|171.45081487|18|2|1|2|1|1|1|1
3469880|1|1|1|86.272989382|18|2|1|2|1|1|1|1
3469881|1|1|1|90.609514718|18|1|1|2|1|1|1|1
3469882|1|1|1|152.97485152|18|2|1|1|1|1|1|1
3469883|1|1|1|180.74586874|18|2|1|1|1|1|1|1
3469884|1|1|1|84.231185173|18|1|1|1|1|1|1|1
3469885|1|1|1|108.51328727|18|1|1|1|1|1|1|1
3469886|1|1|1|191.33222706|18|1|1|1|1|1|1|1
3469887|1|1|1|282.80882353|18|1|1|1|1|1|1|1
3469888|1|1|1|84.231185173|18|2|1|1|1|1|1|1
3469889|1|1|1|108.51328727|18|1|1|1|1|1|1|1
3469890|1|1|1|257.16141499|18|1|1|1|1|1|1|1
3469891|1|1|1|111.86365029|18|1|1|1|1|1|1|1
3469892|1|1|1|88.07760875|18|1|1|1|1|1|1|1
3469893|1|1|1|168.68708034|18|1|1|1|1|1|1|1
3469894|1|1|1|95.072691244|18|1|1|1|1|1|1|1
3469895|1|1|1|148.95671692|18|1|1|1|1|1|1|1
3469896|1|1|1|90.931672259|18|1|1|1|1|1|1|1
3469897|1|1|1|184.90919961|18|1|1|1|1|1|1|1
3469898|1|1|1|165.17465524|18|1|1|1|1|1|1|1
3469899|1|1|1|148.59070622|18|2|1|1|1|1|1|1
3469900|1|1|1|104.67600515|18|1|1|1|1|1|1|1
3469901|1|1|1|104.67600515|18|1|1|1|1|1|1|1
3469902|1|1|1|104.67600515|18|1|1|1|1|1|1|1
3469903|1|1|1|104.67600515|18|1|1|1|1|1|1|1
3469904|1|1|1|196.54293245|18|2|1|1|1|1|1|1
3469905|1|1|1|175.5142969|18|1|1|1|1|1|1|1
3469906|1|1|1|148.44033811|18|1|1|1|1|1|1|1
3469907|1|1|1|225.4934722|18|2|1|2|1|1|1|1
3469908|1|1|1|146.29236096|18|2|1|2|1|1|1|1
3469910|1|1|1|198.84405389|18|2|1|2|1|1|1|1
3469911|1|1|1|127.22371312|18|2|1|2|1|1|1|1
3469912|1|1|1|133.73984786|18|2|1|2|1|1|1|1
3469913|1|1|1|190.1470802|18|2|1|2|1|1|1|1
3469914|1|1|1|126.8731406|18|2|1|2|1|1|1|1
3469915|1|1|1|182.97414866|18|2|1|2|1|1|1|1
3469916|1|1|1|119.64294265|18|2|1|2|1|1|1|1
3469917|1|1|1|139.29604808|18|1|1|1|2|2|1|1
3469918|1|1|1|87.886417705|18|1|1|1|2|2|1|1
3469919|1|1|1|66.788436278|18|1|1|1|2|2|1|1
3469920|1|1|1|118.52988986|18|2|1|1|2|2|1|1
3469921|1|1|1|61.655276859|18|1|1|1|2|2|1|1
3469922|1|1|1|70.455003466|18|1|1|1|2|2|1|1
3469923|1|1|1|141.34252384|18|1|1|1|2|2|1|1
3469924|1|1|1|116.71106414|18|1|1|1|2|2|1|2
3469925|1|1|1|89.362938643|18|1|1|1|2|2|1|2
3469926|1|1|1|100.42545209|18|1|1|1|2|2|1|2
3469927|1|1|1|144.4423787|18|1|1|1|2|2|1|2
3469928|1|1|1|148.5193242|18|1|1|1|2|2|1|2
3469929|1|1|1|88.572004357|18|1|1|1|2|2|1|2
3469930|1|1|1|130.19974668|18|1|1|1|2|2|1|2
3469931|1|1|1|82.105874564|18|1|1|1|2|2|1|2
3469932|1|1|1|112.81135308|18|1|1|1|2|2|1|2
3469933|1|1|1|63.26685888|18|1|1|1|2|2|1|2
3469934|1|1|1|148.5193242|18|1|1|1|2|2|1|2
3469935|1|1|1|136.94379831|18|1|1|1|1|1|1|1
3469936|1|1|1|110.52694487|18|1|1|1|1|1|1|1
3469937|1|1|1|229.66927724|18|2|1|1|1|1|1|1
3469938|1|1|1|229.66927724|18|2|1|1|1|1|1|1
3469939|1|1|1|103.10452746|18|1|1|1|1|1|1|1
3469940|1|1|1|195.16226068|18|2|1|1|1|1|1|1
3469941|1|1|1|192.26343534|18|1|1|1|1|1|1|1
3469942|1|1|1|150.13786049|18|1|1|1|1|1|1|1
3469943|1|1|1|185.07829109|18|1|1|1|1|1|1|1
3469944|1|1|1|89.24300439|18|2|1|1|1|1|1|1
3469945|1|1|1|137.65812692|18|1|1|1|1|1|1|1
3469946|1|1|1|74.628642566|18|1|1|1|1|1|1|1
3469947|1|1|1|208.97789795|18|1|1|1|1|1|1|1
3469948|1|1|1|124.64100936|18|2|1|1|1|1|1|1
3469949|1|1|1|188.1087214|19|2|1|3|2|1|1|1
3469950|1|1|1|188.27948785|19|1|1|3|1|1|1|1
3469951|1|1|1|176.68561949|19|2|1|3|1|1|1|1
3469952|1|1|1|240.4621846|19|2|1|3|1|1|1|1
3469953|1|1|1|227.22788475|19|2|1|3|1|1|1|1
3469954|1|1|1|212.21942137|19|1|1|3|1|1|1|1
3469955|1|1|1|238.82175311|19|2|1|3|1|1|1|1
3469956|1|1|1|285.4522695|19|2|1|3|1|1|1|1
3469957|1|1|1|194.16824488|19|1|1|3|1|1|1|1
3469958|1|1|1|260.50218143|19|1|1|3|1|1|1|1
3469959|1|1|1|252.82351883|19|2|1|3|1|1|1|1
3469960|1|1|1|303.58697429|19|2|1|3|2|1|1|1
3469961|1|1|1|239.12125602|19|1|1|3|2|1|1|1
3469962|1|1|1|214.15883593|19|1|1|3|1|1|1|1
3469963|1|1|1|208.68913714|19|2|1|3|1|1|1|1
3469964|1|1|1|297.14816559|19|2|1|1|2|1|1|1
3469965|1|1|1|218.09495954|19|2|1|1|1|1|1|1
3469966|1|1|1|218.71400722|19|2|1|1|2|1|1|1
3469967|1|1|1|252.61005368|19|1|1|1|1|1|1|1
3469968|1|1|1|297.08157007|19|2|1|1|2|1|1|1
3469969|1|1|1|434.7918086|19|2|1|1|2|1|1|1
3469970|1|1|1|275.85919736|19|1|1|1|2|1|1|1
3469971|1|1|1|284.50841914|19|1|1|1|1|1|1|1
3469972|1|1|1|204.81837161|19|1|1|2|1|1|1|1
3469973|1|1|1|148.7865593|19|1|1|2|2|1|1|1
3469974|1|1|1|148.92162881|19|1|1|2|2|1|1|1
3469975|1|1|1|129.98608817|19|1|1|2|1|1|1|1
3469976|1|1|1|177.78631506|19|1|1|2|1|1|1|1
3469977|1|1|1|199.36636957|19|1|1|2|1|1|1|1
3469978|1|1|1|152.18992743|19|1|1|2|1|1|1|1
3469979|1|1|1|234.95174746|19|1|1|2|1|1|1|1
3469980|1|1|1|109.22588513|19|1|1|2|2|1|1|1
3469981|1|1|1|148.92162881|19|1|1|2|1|1|1|1
3469982|1|1|1|139.75133745|19|1|1|2|2|1|1|1
3469983|1|1|1|142.42467815|19|1|1|2|1|1|1|1
3469984|1|1|1|133.63957202|19|1|1|2|1|1|1|1
3469985|1|1|1|89.346939709|19|2|1|2|1|1|1|1
3469986|1|1|1|237.25303775|19|1|1|4|1|1|1|1
3469987|1|1|1|224.60036376|19|1|1|4|1|1|1|1
3469988|1|1|1|208.68913714|19|1|1|4|1|1|1|1
3469989|1|1|1|299.16686433|19|1|1|4|1|1|1|1
3469990|1|1|1|209.30818482|19|1|1|4|1|1|1|1
3469991|1|1|1|223.42710539|19|1|1|4|1|1|1|1
3469992|1|1|1|377.6010227|19|1|1|4|1|1|1|1
3469993|1|1|1|111.30087314|19|1|1|2|1|1|1|1
3469994|1|1|1|129.33635229|19|1|1|2|1|1|1|1
3469995|1|1|1|119.78686067|19|1|1|2|1|1|1|1
3469996|1|1|1|161.91305296|19|1|1|2|2|1|1|1
3469997|1|1|1|137.82233982|19|1|1|2|1|1|1|1
3469998|1|1|1|200.27505517|19|1|1|2|2|1|1|1
3469999|1|1|1|162.3994721|19|1|1|2|1|1|1|1
3470000|1|1|1|94.288411563|19|1|1|2|2|1|1|1
3470001|1|1|1|162.86972246|19|1|1|5|1|2|1|1
3470002|1|1|1|111.30087314|19|1|1|4|2|2|1|1
3470003|1|1|1|143.25183601|19|1|1|4|1|2|1|1
3470004|1|1|1|119.16112287|19|1|1|4|2|2|1|1
3470005|1|1|1|95.400568503|19|1|1|4|1|2|1|1
3470006|1|1|1|119.78686067|19|1|1|4|1|1|1|1
3470007|1|1|1|158.08213285|19|1|1|4|1|1|1|1
3470008|1|1|1|152.71619232|19|2|1|3|2|1|1|1
3470009|1|1|1|151.03405494|19|2|1|3|1|1|1|1
3470010|1|1|1|164.60482004|19|2|1|3|1|1|1|1
3470011|1|1|1|234.68700225|19|2|1|3|1|1|1|1
3470012|1|1|1|152.71619232|19|2|1|3|1|1|1|1
3470013|1|1|1|168.34257063|19|2|1|3|1|1|1|1
3470014|1|1|1|188.38207548|19|1|1|3|1|1|1|1
3470015|1|1|1|168.34257063|19|1|1|3|1|1|1|1
3470016|1|1|1|229.43930951|19|2|1|3|1|1|1|1
3470017|1|1|1|241.32793723|19|2|1|3|1|1|1|1
3470018|1|1|1|269.77045089|19|2|1|5|1|1|1|1
3470019|1|1|1|305.67226856|19|2|1|5|1|1|1|1
3470020|1|1|1|290.93430031|19|2|1|5|1|1|1|1
3470021|1|1|1|269.77045089|19|2|1|5|1|1|1|1
3470022|1|1|1|224.60036376|19|2|1|5|1|1|1|1
3470023|1|1|1|269.77045089|19|2|1|5|1|1|1|1
3470024|1|1|1|190.66805761|19|1|1|1|1|1|1|1
3470025|1|1|1|165.2830743|19|1|1|1|1|1|1|1
3470026|1|1|1|129.87663331|19|2|1|1|1|1|1|1
3470027|1|1|1|185.09334497|19|1|1|1|1|1|1|1
3470028|1|1|1|178.74168431|19|1|1|1|1|1|1|1
3470029|1|1|1|177.74234784|19|1|1|1|1|1|1|1
3470030|1|1|1|234.12916809|19|1|1|1|1|1|1|1
3470031|1|1|1|215.81636071|19|2|1|1|2|1|1|1
3470032|1|1|1|180.17552916|19|2|1|1|1|1|1|1
3470033|1|1|1|249.50890707|19|2|1|1|1|1|1|1
3470034|1|1|1|204.11996427|19|2|1|2|1|1|1|1
3470035|1|1|1|199.52281195|19|2|1|2|2|1|1|1
3470036|1|1|1|159.15505075|19|2|1|2|2|1|1|1
3470037|1|1|1|183.14047792|19|2|1|2|1|1|1|1
3470038|1|1|1|157.88848781|19|1|1|2|1|1|1|1
3470039|1|1|1|144.19926383|19|2|1|2|1|1|1|1
3470040|1|1|1|221.14416286|19|1|1|1|2|2|1|1
3470041|1|1|1|225.61338515|19|1|1|1|2|2|1|1
3470042|1|1|1|302.44845624|19|2|1|1|2|1|1|1
3470043|1|1|1|236.04588631|19|1|1|1|2|2|1|1
3470044|1|1|1|292.05843944|19|2|1|1|2|1|2|1
3470045|1|1|1|175.88374025|19|2|1|1|2|1|1|1
3470046|1|1|1|308.77384883|19|2|1|1|2|1|1|1
3470047|1|1|1|227.72184935|19|1|1|1|2|1|1|1
3470048|1|1|1|185.09573|19|1|1|1|2|1|1|1
3470049|1|1|1|272.76790034|19|2|1|1|2|1|1|1
3470050|1|1|1|175.55259252|19|2|1|1|2|1|1|1
3470051|1|1|1|425.65003315|20|2|1|2|1|1|1|1
3470052|1|1|1|158.28468108|20|1|1|2|1|1|1|1
3470053|1|1|1|305.00738592|20|2|1|2|1|1|1|1
3470054|1|1|1|155.74420317|20|2|1|1|1|1|1|1
3470055|1|1|1|245.35387775|20|2|1|2|1|1|1|1
3470056|1|1|1|167.6428115|20|1|1|2|1|1|1|1
3470057|1|1|1|289.98901637|20|2|1|2|1|1|1|1
3470058|1|1|1|315.03367656|20|2|1|2|1|1|1|1
3470059|1|1|1|388.15722089|20|2|1|2|1|1|1|1
3470060|1|1|1|333.79181304|20|2|1|2|1|1|1|1
3470061|1|1|1|138.92312223|20|2|1|2|1|1|1|1
3470062|1|1|1|152.53038081|20|2|1|2|1|1|1|1
3470063|1|1|1|132.25554601|20|1|1|1|1|1|1|1
3470064|1|1|1|132.25554601|20|2|1|2|1|1|1|1
3470065|1|1|1|259.75116466|20|1|1|2|1|1|1|1
3470066|1|1|1|171.02468998|20|1|1|2|1|1|1|1
3470067|1|1|1|409.20573661|20|1|1|2|1|1|1|1
3470068|1|1|1|182.19770894|20|3|1|1|2|2|1|1
3470069|1|1|1|171.02010261|20|2|1|1|2|2|1|1
3470070|1|1|1|182.19770894|20|3|1|1|2|2|1|1
3470071|1|1|1|419.5292264|20|2|1|1|2|2|1|1
3470072|1|1|1|195.46632592|20|2|1|1|2|2|1|1
3470073|1|1|1|200.83689936|20|2|1|1|2|2|1|1
3470074|1|1|1|250.30318366|20|2|1|1|2|2|1|1
3470075|1|1|1|289.76643503|20|1|1|1|2|2|1|1
3470076|1|1|1|431.62734445|20|1|1|1|2|2|1|1
3470077|1|1|1|182.19770894|20|3|1|1|2|2|1|1
3470078|1|1|1|335.88512671|20|1|1|3|1|1|1|1
3470079|1|1|1|182.19770894|20|2|1|3|1|1|1|1
3470080|1|1|1|405.13177797|20|1|1|3|1|1|1|1
3470081|1|1|1|173.10089605|20|2|1|3|1|1|1|1
3470082|1|1|1|376.75337063|20|1|1|3|1|1|1|1
3470083|1|1|1|379.27887965|20|2|1|3|1|1|1|1
3470084|1|1|1|357.08005766|20|2|1|3|1|1|1|1
3470085|1|1|1|227.3172663|20|1|1|1|1|1|1|1
3470086|1|1|1|171.02010261|20|2|1|1|1|1|1|1
3470087|1|1|1|530.4407884|20|2|1|1|1|1|1|1
3470088|1|1|1|490.19044165|20|2|1|1|1|1|1|1
3470089|1|1|1|486.41697652|20|2|1|1|1|1|1|1
3470090|1|1|1|136.81608208|20|2|1|1|1|1|1|1
3470091|1|1|1|247.04538157|20|1|1|1|1|1|1|1
3470092|1|1|1|172.70140145|20|2|1|1|1|1|1|1
3470093|1|1|1|514.79171292|20|1|1|1|1|1|1|1
3470094|1|1|1|189.65734621|20|2|1|1|1|1|1|1
3470095|1|1|1|352.57932588|20|2|1|1|1|1|1|1
3470096|1|1|1|425.57000045|20|1|1|1|1|1|1|1
3470097|1|1|1|465.00927548|20|1|1|1|1|1|1|1
3470098|1|1|1|324.01708936|20|1|1|1|1|1|1|1
3470099|1|1|1|155.18490792|20|1|1|1|1|1|1|1
3470100|1|1|1|375.87409171|20|1|1|1|1|1|1|1
3470101|1|1|1|431.62734445|20|1|1|1|2|1|1|1
3470102|1|1|1|503.36238865|20|1|1|1|2|1|1|1
3470103|1|1|1|171.02010261|20|1|1|1|2|2|1|1
3470104|1|1|1|247.81479072|20|2|1|1|2|1|1|1
3470105|1|1|1|551.63571935|20|2|1|1|2|1|1|1
3470106|1|1|1|684.08041042|20|1|1|1|1|1|1|1
3470107|1|1|1|410.4324135|20|1|1|1|2|1|1|1
3470108|1|1|1|171.02010261|20|1|1|1|2|1|1|1
3470109|1|1|1|335.7556349|20|1|1|1|2|2|1|1
3470110|1|1|1|254.3860946|20|2|1|1|1|1|1|1
3470111|1|1|1|171.02010261|20|2|1|1|1|1|1|1
3470112|1|1|1|444.85884535|20|2|1|1|1|1|1|1
3470113|1|1|1|551.63571935|20|2|1|1|1|1|1|1
3470114|1|1|1|440.72415735|20|1|1|1|1|1|1|1
3470115|1|1|1|363.78377548|20|2|1|2|1|1|1|1
3470116|1|1|1|363.78377548|20|2|1|1|1|1|1|1
3470117|1|1|1|468.05454975|20|2|1|2|1|1|1|1
3470118|1|1|1|145.10796585|20|1|1|2|1|1|1|1
3470119|1|1|1|159.63457448|20|2|1|1|1|1|1|1
3470121|1|1|1|580.43186339|20|2|1|2|1|1|1|1
3470122|1|1|1|145.10796585|20|2|1|1|1|1|1|1
3470123|1|1|1|112.24833567|23|2|1|2|1|1|1|1
3470124|1|1|1|280.98818175|23|1|1|2|1|1|1|1
3470125|1|1|1|338.60238397|23|2|1|2|1|1|1|1
3470126|1|1|1|318.96962092|23|2|1|2|1|1|1|1
3470127|1|1|1|232.09881845|23|2|1|2|1|1|1|1
3470128|1|1|1|127.95328023|23|2|1|2|1|1|1|1
3470129|1|1|1|112.24833567|23|1|1|2|1|1|1|1
3470130|1|1|1|234.89869943|23|2|1|2|1|1|1|1
3470131|1|1|1|141.47522381|23|1|1|1|1|1|1|1
3470132|1|1|1|183.20674119|23|2|1|1|1|1|1|1
3470133|1|1|1|247.15292945|23|2|1|1|1|1|1|1
3470134|1|1|1|288.44272638|23|2|1|1|1|1|1|1
3470135|1|1|1|112.24833567|23|2|1|1|1|1|1|1
3470136|1|1|1|112.24833567|23|2|1|1|1|1|1|1
3470137|1|1|1|372.84317344|23|2|1|1|1|1|1|1
3470138|1|1|1|177.08014726|23|2|1|1|1|1|1|1
3470139|1|1|1|188.74988889|23|2|1|1|1|1|1|1
3470140|1|1|1|327.8541535|23|1|1|1|1|1|1|1
3470141|1|1|1|523.82556647|23|2|1|1|1|1|1|1
3470142|1|1|1|269.06047616|23|2|1|1|1|1|1|1
3470143|1|1|1|272.56948352|23|2|1|1|1|1|1|1
3470144|1|1|1|167.60157154|23|1|1|1|1|1|1|1
3470145|1|1|1|130.95639162|23|2|1|1|1|1|1|1
3470146|1|1|1|296.84088238|23|2|1|1|1|1|1|1
3470147|1|1|1|329.6100849|23|2|1|1|1|1|1|1
3470148|1|1|1|313.72305398|23|2|1|1|1|1|1|1
3470149|1|1|1|203.1191059|23|2|1|1|1|1|1|1
3470150|1|1|1|232.12834933|23|1|1|3|1|1|1|1
3470151|1|1|1|328.43436995|23|1|1|3|1|1|1|1
3470152|1|1|1|126.92202825|23|1|1|3|1|1|1|1
3470153|1|1|1|270.17318839|23|1|1|3|1|1|1|1
3470154|1|1|1|276.92447062|23|1|1|1|1|2|1|1
3470155|1|1|1|327.76634139|23|2|1|1|1|2|1|1
3470156|1|1|1|421.52676879|23|2|1|1|1|2|1|1
3470157|1|1|1|435.92728216|23|1|1|1|1|2|1|1
3470158|1|1|1|561.16769388|23|2|1|1|1|2|1|1
3470159|1|1|1|168.37250351|23|1|1|1|1|2|1|1
3470160|1|1|1|563.0692642|23|2|1|1|1|2|1|1
3470161|1|1|1|212.52459514|23|2|1|1|1|2|1|1
3470162|1|1|1|348.14822768|23|2|1|1|1|2|1|1
3470163|1|1|1|425.54406134|23|2|1|1|1|2|1|1
3470164|1|1|1|302.71001969|23|2|1|1|1|1|1|1
3470165|1|1|1|295.5693275|23|2|1|1|1|1|1|1
3470167|1|1|1|198.62875924|23|2|1|1|1|1|1|1
3470168|1|1|1|188.41335239|23|2|1|1|1|1|1|1
3470169|1|1|1|249.20638494|23|2|1|1|1|1|1|1
3470170|1|1|1|304.43250656|23|2|1|1|1|1|1|1
3470171|1|1|1|290.88918985|23|2|1|1|1|1|1|1
3470172|1|1|1|190.2377182|23|2|1|1|1|1|1|1
3470173|1|1|1|289.53696207|23|2|1|1|1|1|1|1
3470175|1|1|1|322.6865698|23|2|1|1|1|2|1|1
3470176|1|1|1|383.1600665|23|1|1|1|1|2|1|1
3470177|1|1|1|448.9341551|23|2|1|1|1|2|1|1
3470178|1|1|1|263.73432937|23|1|1|1|1|2|1|1
3470179|1|1|1|218.04508545|23|1|1|1|1|2|1|1
3470180|1|1|1|134.69800281|23|1|1|1|1|2|1|1
3470182|1|1|1|331.5608295|23|1|1|1|1|2|1|1
3470183|1|1|1|223.45735415|23|1|1|1|1|2|1|1
3470184|1|1|1|115.21678054|27|1|1|1|2|2|1|1
3470185|1|1|1|58.239728739|27|1|1|1|2|2|1|1
3470186|1|1|1|87.889343923|27|2|1|1|2|2|2|2
3470187|1|1|1|108.21635797|27|1|1|1|2|2|1|1
3470188|1|1|1|152.30395958|27|1|1|1|2|2|1|2
3470189|1|1|1|150.8146641|27|1|1|1|2|2|1|1
3470190|1|1|1|186.29285408|27|1|1|1|2|2|1|1
3470191|1|1|1|136.23875131|27|1|1|1|2|2|1|2
3470192|1|1|1|92.051787556|27|1|1|1|2|2|1|2
3470193|1|1|1|149.10996872|27|1|1|1|2|2|1|2
3470194|1|1|1|134.22228629|27|1|1|1|2|2|1|1
3470195|1|1|1|81.724057908|27|1|1|1|2|2|1|1
3470196|1|1|1|161.32084716|27|1|1|1|2|2|1|2
3470197|1|1|1|104.71059748|27|1|1|1|2|2|1|2
3470198|1|1|1|109.17118811|27|1|1|1|2|2|1|1
3470199|1|1|1|106.46187996|27|2|1|1|2|2|1|2
3470200|1|1|1|149.02289293|27|2|1|1|2|2|1|1
3470201|1|1|1|174.06166809|27|1|1|1|2|2|1|1
3470202|1|1|1|99.4158388|27|1|1|1|2|2|2|2
3470203|1|1|1|147.07466963|27|2|1|1|2|2|2|2
3470204|1|1|1|146.49536694|27|2|1|1|2|2|1|1
3470205|1|1|1|68.598988671|27|1|1|1|2|2|1|1
3470206|1|1|1|75.537661535|27|2|1|1|2|2|1|1
3470207|1|1|1|115.95681788|27|2|1|1|2|2|1|1
3470208|1|1|1|104.84595553|27|1|1|1|2|2|1|1
3470209|1|1|1|80.016337227|27|2|1|1|2|2|1|2
3470210|1|1|1|121.98440453|27|1|1|1|2|2|2|2
3470211|1|1|1|87.04685993|27|1|1|1|2|2|1|2
3470212|1|1|1|160.71458636|27|1|1|1|2|2|1|2
3470213|1|1|1|171.74401613|27|1|1|1|2|2|2|2
3470214|1|1|1|157.52059549|27|1|1|1|2|2|2|2
3470215|1|1|1|142.97175754|27|1|1|1|2|2|1|2
3470216|1|1|1|142.97175754|27|1|1|1|2|2|1|1
3470217|1|1|1|115.8771195|27|1|1|1|2|2|1|2
3470218|1|1|1|142.97175754|27|1|1|1|2|2|1|1
3470219|1|1|1|83.84668903|27|2|1|1|2|2|1|2
3470220|1|1|1|160.71458636|27|1|1|1|2|2|1|1
3470221|1|1|1|145.25171607|27|1|1|1|2|2|1|1
3470222|1|1|1|95.197613293|27|2|1|1|2|2|1|1
3470223|1|1|1|100.51273826|27|1|1|1|2|2|1|1
3470224|1|1|1|73.076578093|27|1|1|1|2|2|1|1
3470225|1|1|1|35.805397461|27|1|1|1|2|2|1|1
3470226|1|1|1|57.009103072|27|2|1|1|2|2|1|1
3470227|1|1|1|106.68735029|27|1|1|1|2|2|1|2
3470228|1|1|1|49.351296878|27|1|1|1|2|2|1|1
3470229|1|1|1|77.840179106|27|1|1|1|2|2|1|1
3470230|1|1|1|74.175642524|27|1|1|1|2|2|1|1
3470231|1|1|1|136.23875131|27|1|1|1|2|2|1|2
3470232|1|1|1|142.97175754|27|1|1|1|2|2|1|1
3470233|1|1|1|108.56885013|27|1|1|1|2|2|1|2
3470234|1|1|1|144.64937809|27|2|1|1|2|2|1|1
3470235|1|1|1|87.04685993|27|1|1|1|2|2|1|2
3470236|1|1|1|133.48285607|27|1|1|1|2|2|1|2
3470237|1|1|1|151.41700208|27|2|1|1|2|2|1|2
3470238|1|1|1|104.07733336|27|1|1|1|2|2|1|1
3470239|1|1|1|142.97175754|27|1|1|1|2|2|1|1
3470240|1|1|1|58.239728739|27|1|1|1|2|2|1|2
3470241|1|1|1|78.578232171|27|1|1|1|2|2|1|1
3470242|1|1|1|70.827944351|27|1|1|1|2|2|1|1
3470243|1|1|1|134.22228629|27|1|1|1|2|2|2|2
3470244|1|1|1|86.786986514|27|1|1|1|2|2|2|2
3470245|1|1|1|184.01289556|27|1|1|1|2|2|1|1
3470246|1|1|1|118.07358447|27|1|1|1|2|2|1|2
3470247|1|1|1|139.28597484|27|1|1|1|2|2|1|2
3470248|1|1|1|85.84841715|27|1|1|1|2|2|1|2
3470249|1|1|1|101.59874636|27|1|1|1|2|2|1|2
3470250|1|1|1|131.17780095|27|1|1|1|2|2|1|2
3470251|1|1|1|101.90423957|27|1|1|1|2|2|1|2
3470252|1|1|1|50.474431573|27|1|1|1|2|2|1|2
3470253|1|1|1|125.36279434|27|1|1|1|2|2|1|2
3470254|1|1|1|89.271781814|27|2|1|1|2|2|1|2
3470255|1|1|1|515.77543713|41|2|1|2|1|1|1|1
3470256|1|1|1|366.41976884|41|1|1|2|1|1|1|1
3470257|1|1|1|426.82808656|41|1|1|2|1|1|1|1
3470258|1|1|1|437.41004339|41|1|1|2|1|1|1|1
3470259|1|1|1|397.19864158|41|1|1|2|1|1|1|1
3470260|1|1|1|361.93438006|41|2|1|2|1|1|1|1
3470261|1|1|1|524.6343452|41|1|1|2|1|1|1|1
3470262|1|1|1|386.5148421|41|1|1|2|1|1|1|1
3470263|1|1|1|453.33189926|41|2|1|2|1|1|1|1
3470264|1|1|1|397.19864158|41|1|1|2|1|1|1|1
3470265|1|1|1|190.9499798|41|1|1|2|1|1|1|1
3470266|1|1|1|156.30091573|41|1|1|2|1|1|1|1
3470267|1|1|1|345.15670587|41|1|1|2|1|1|1|1
3470268|1|1|1|142.78717301|41|1|1|2|1|1|1|1
3470269|1|1|1|277.59120877|41|1|1|2|1|1|1|1
3470270|1|1|1|199.77172627|41|2|1|2|1|1|1|1
3470271|1|1|1|428.61835409|41|1|1|2|1|1|1|1
3470272|1|1|1|292.65049778|41|2|1|2|1|1|1|1
3470273|1|1|1|172.37829543|41|1|1|2|1|1|1|1
3470274|1|1|1|243.60898701|41|2|1|2|1|1|1|1
3470275|1|1|1|195.37614466|41|1|1|2|1|1|1|1
3470276|1|1|1|170.44167007|41|2|1|2|1|1|1|1
3470277|1|1|1|394.84636316|41|2|1|2|1|1|1|1
3470278|1|1|1|243.60898701|41|2|1|2|1|1|1|1
3470279|1|1|1|166.47643856|41|1|1|3|1|1|1|1
3470280|1|1|1|258.13725909|41|1|1|3|1|1|1|1
3470281|1|1|1|149.90343657|41|1|1|3|1|1|1|1
3470282|1|1|1|394.87363501|41|2|1|3|1|1|1|1
3470283|1|1|1|291.03646684|41|1|1|3|1|1|1|1
3470284|1|1|1|166.47643856|41|1|1|3|1|1|1|1
3470285|1|1|1|172.37829543|41|2|1|2|1|1|1|1
3470286|1|1|1|403.52652086|41|2|1|2|1|1|1|1
3470287|1|1|1|297.57201003|41|1|1|2|1|1|1|1
3470288|1|1|1|364.01051974|41|2|1|2|1|1|1|1
3470289|1|1|1|170.44167007|41|1|1|2|1|1|1|1
3470290|1|1|1|369.98686018|41|2|1|2|1|1|1|1
3470291|1|1|1|394.84636316|41|2|1|2|1|1|1|1
3470292|1|1|1|243.60898701|41|2|1|2|1|1|1|1
3470293|1|1|1|379.99415175|41|1|1|2|1|1|1|1
3470294|1|1|1|159.91430448|41|1|1|2|1|1|1|1
3470295|1|1|1|236.20351461|41|1|1|2|1|1|1|1
3470296|1|1|1|172.38539843|41|1|1|2|1|1|1|1
3470297|1|1|1|216.90774631|41|1|1|2|1|1|1|1
3470298|1|1|1|214.91311836|41|1|1|2|1|1|1|1
3470299|1|1|1|214.91311836|41|1|1|2|1|1|1|1
3470300|1|1|1|285.16681783|41|2|1|2|1|1|1|1
3470301|1|1|1|430.52084219|41|2|1|2|1|1|1|1
3470302|1|1|1|219.48787333|41|2|1|2|1|1|1|1
3470303|1|1|1|269.31675561|41|1|1|2|1|1|1|1
3470304|1|1|1|273.0078898|41|1|1|2|1|1|1|1
3470305|1|1|1|393.65631744|41|2|1|2|1|1|1|1
3470306|1|1|1|310.07064049|41|2|1|2|1|1|1|1
3470307|1|1|1|228.84448834|41|1|1|2|1|1|1|1
3470308|1|1|1|219.48787333|41|2|1|2|1|1|1|1
3470309|1|1|1|336.09115826|41|2|1|3|1|1|1|1
3470310|1|1|1|243.60898701|41|2|1|3|1|1|1|1
3470311|1|1|1|323.61567158|41|2|1|3|1|1|1|1
3470312|1|1|1|320.94534941|41|2|1|3|1|1|1|1
3470313|1|1|1|361.16222709|41|2|1|3|1|1|1|1
3470314|1|1|1|438.49858949|41|2|1|3|1|1|1|1
3470315|1|1|1|472.18272556|41|2|1|3|1|1|1|1
3470316|1|1|1|163.72670502|41|1|1|2|1|1|1|1
3470317|1|1|1|276.39245421|41|1|1|2|1|1|1|1
3470318|1|1|1|251.36230524|41|1|1|2|1|1|1|1
3470319|1|1|1|167.08123233|41|1|1|2|1|1|1|1
3470320|1|1|1|136.76330126|41|1|1|2|1|1|1|1
3470321|1|1|1|119.30916905|41|1|1|2|1|1|1|1
3470322|1|1|1|477.23667619|41|2|1|2|1|1|1|1
3470323|1|1|1|222.4956279|41|2|1|2|1|1|1|1
3470324|1|1|1|149.67958025|41|1|1|2|1|1|1|1
3470325|1|1|1|226.53097011|41|1|1|2|1|1|1|1
3470326|1|1|1|339.26074857|41|2|1|2|1|1|1|1
3470327|1|1|1|204.05630236|41|1|1|1|2|1|1|1
3470328|1|1|1|238.81680514|41|1|1|1|2|1|1|1
3470329|1|1|1|320.94534941|41|2|1|1|2|1|1|1
3470330|1|1|1|195.37614466|41|1|1|1|2|1|1|1
3470331|1|1|1|292.65049778|41|1|1|1|2|1|1|1
3470332|1|1|1|382.59167724|41|1|1|1|2|1|1|1
3470333|1|1|1|372.69067744|41|1|1|1|2|1|1|1
3470334|1|1|1|303.67768086|41|2|1|1|2|1|1|1
3470335|1|1|1|592.31045252|41|1|1|1|2|1|1|1
3470336|1|1|1|292.65049778|41|1|1|2|1|1|1|1
3470337|1|1|1|383.58853014|41|1|1|2|1|1|1|1
3470338|1|1|1|438.49858949|41|2|1|2|1|1|1|1
3470339|1|1|1|269.65264856|41|1|1|2|1|1|1|1
3470340|1|1|1|292.65049778|41|1|1|2|1|1|1|1
3470341|1|1|1|243.60898701|41|2|1|2|1|1|1|1
3470342|1|1|1|73.63484619|44|2|1|2|1|1|1|1
3470343|1|1|1|79.928377193|44|1|1|2|1|1|1|1
3470344|1|1|1|111.91761534|44|2|1|2|1|1|1|1
3470345|1|1|1|97.444457334|44|2|1|2|1|1|1|1
3470346|1|1|1|58.866329222|44|2|1|2|1|1|1|1
3470347|1|1|1|58.091417306|44|1|1|2|1|1|1|1
3470348|1|1|1|84.193596469|44|1|1|2|1|1|1|1
3470349|1|1|1|67.321652361|44|1|1|2|1|1|1|1
3470350|1|1|1|139.79179137|44|2|1|1|1|1|1|1
3470351|1|1|1|100.9506304|44|2|1|2|1|1|1|1
3470352|1|1|1|100.91982341|44|2|1|2|1|1|1|1
3470353|1|1|1|117.74842305|44|2|1|1|1|1|1|1
3470354|1|1|1|203.2919346|44|1|1|1|1|1|1|1
3470355|1|1|1|124.35290593|44|2|1|2|1|1|1|1
3470356|1|1|1|102.63691496|44|2|1|2|1|1|1|1
3470357|1|1|1|143.8152172|44|2|1|1|1|1|1|1
3470358|1|1|1|139.79179137|44|2|1|1|1|1|1|1
3470359|1|1|1|143.8152172|44|2|1|2|1|1|1|1
3470360|1|1|1|172.4874692|44|1|1|1|1|1|1|1
3470361|1|1|1|140.42014474|44|2|1|2|1|1|1|1
3470362|1|1|1|178.54559901|44|1|1|2|1|1|1|1
3470363|1|1|1|206.62538682|44|1|1|1|1|1|1|1
3470364|1|1|1|105.65895594|44|2|1|2|1|1|1|1
3470365|1|1|1|86.985540475|44|1|1|2|1|1|1|1
3470366|1|1|1|108.44836101|44|2|1|2|1|1|1|1
3470367|1|1|1|54.493213777|44|1|1|2|1|1|1|1
3470368|1|1|1|118.2407124|44|1|1|2|1|1|1|1
3470369|1|1|1|80.762386836|44|1|1|2|1|1|1|1
3470370|1|1|1|135.25132751|44|1|1|1|1|1|1|1
3470371|1|1|1|99.166102937|44|2|1|1|1|1|1|1
3470372|1|1|1|149.6947572|44|2|1|1|2|1|1|1
3470373|1|1|1|112.16736712|44|1|1|1|1|1|1|1
3470374|1|1|1|153.45978941|44|1|1|1|1|1|1|1
3470375|1|1|1|154.52898296|44|1|1|1|1|1|1|1
3470376|1|1|1|213.22467564|44|1|1|1|1|1|1|1
3470377|1|1|1|144.65747238|44|2|1|1|1|1|1|1
3470378|1|1|1|115.67380914|44|2|1|1|1|1|1|1
3470379|1|1|1|258.18407691|44|2|1|1|1|1|1|1
3470380|1|1|1|110.34543389|44|2|1|1|1|1|1|1
3470381|1|1|1|124.35290593|44|2|1|1|1|1|1|1
3470382|1|1|1|139.07608467|44|2|1|1|1|1|1|1
3470383|1|1|1|63.320942296|44|1|1|1|1|1|1|1
3470384|1|1|1|74.838752417|44|2|1|1|1|1|1|1
3470385|1|1|1|59.841468765|44|1|1|1|1|1|1|1
3470386|1|1|1|92.539047315|44|2|1|1|1|1|1|1
3470387|1|1|1|55.906270691|44|1|1|1|1|1|1|1
3470388|1|1|1|59.841468765|44|1|1|1|1|1|1|2
3470389|1|1|1|57.465959646|44|1|1|1|1|1|1|2
3470390|1|1|1|120.90779582|44|1|1|1|1|1|1|2
3470391|1|1|1|74.801835956|44|1|1|1|1|1|1|1
3470392|1|1|1|87.269873727|44|1|1|1|1|2|1|1
3470393|1|1|1|117.3600937|44|2|1|1|2|1|1|1
3470394|1|1|1|161.14959798|44|1|1|1|2|2|1|1
3470395|1|1|1|67.450040109|44|1|1|1|2|1|1|1
3470396|1|1|1|212.31370662|44|1|1|1|1|2|1|1
3470397|1|1|1|139.07608467|44|1|1|1|1|2|1|1
3470398|1|1|1|149.06013088|44|2|1|1|1|2|1|1
3470399|1|1|1|130.40529154|44|1|1|1|1|2|1|1
3470400|1|1|1|118.56053324|44|1|1|1|1|2|1|1
3470401|1|1|1|120.3294801|44|1|1|1|1|2|1|1
3470402|1|1|1|162.88199365|44|1|1|1|2|2|1|1
3470403|1|1|1|143.8152172|44|1|1|1|1|2|1|1
3470404|1|1|1|155.87387731|44|1|1|1|1|2|1|2
3470405|1|1|1|195.20704982|44|1|1|0|2|2|1|1
3470406|1|1|1|159.25720785|44|1|1|0|2|2|2|1
3470407|1|1|1|154.55732386|44|1|1|0|2|2|1|2
3470408|1|1|1|258.8731542|44|1|1|1|2|2|1|1
3470409|1|1|1|189.33996781|47|1|1|3|1|1|1|1
3470410|1|1|1|395.6541832|47|1|1|3|1|1|1|1
3470411|1|1|1|570.7972626|47|2|1|3|1|1|1|1
3470412|1|1|1|272.56772021|47|2|1|3|1|1|1|1
3470413|1|1|1|220.51110379|47|2|1|3|1|1|1|1
3470414|1|1|1|237.29339583|47|2|1|3|1|1|1|1
3470415|1|1|1|268.46495779|47|2|1|3|1|1|1|1
3470416|1|1|1|433.53456795|47|1|1|3|1|1|1|1
3470417|1|1|1|413.71562747|47|1|1|3|1|1|1|1
3470418|1|1|1|404.64383956|47|1|1|2|1|1|1|1
3470419|1|1|1|184.54201296|47|1|1|2|1|1|1|1
3470420|1|1|1|309.03804897|47|1|1|3|1|1|1|1
3470421|1|1|1|184.54201296|47|1|1|2|1|1|1|1
3470422|1|1|1|524.02611801|47|1|1|3|1|1|1|1
3470423|1|1|1|167.25900915|47|2|1|3|1|1|1|1
3470424|1|1|1|458.55202034|47|1|1|3|1|1|1|1
3470425|1|1|1|378.27422476|47|1|1|1|1|1|1|1
3470426|1|1|1|808.21490299|47|1|1|1|1|1|1|1
3470427|1|1|1|758.73579984|47|1|1|1|1|1|1|1
3470428|1|1|1|606.66611501|47|2|1|1|1|1|1|1
3470429|1|1|1|321.19668528|47|2|1|1|1|2|1|1
3470430|1|1|1|397.0256418|47|1|1|1|1|1|1|1
3470431|1|1|1|218.16392498|47|1|1|1|1|1|1|1
3470432|1|1|1|356.99431854|47|2|1|1|1|2|1|1
3470433|1|1|1|235.79568832|47|1|1|1|1|1|1|1
3470434|1|1|1|240.70697343|47|1|1|3|1|1|1|1
3470435|1|1|1|317.69211039|47|1|1|3|1|1|1|1
3470436|1|1|1|527.79631247|47|1|1|3|1|1|1|1
3470437|1|1|1|357.72343365|47|1|1|3|1|1|1|1
3470438|1|1|1|488.49410432|47|1|1|3|1|1|1|1
3470439|1|1|1|326.1079704|47|1|1|3|1|1|1|1
3470440|1|1|1|191.15315331|47|1|1|1|2|1|2|2
3470441|1|1|1|210.90515767|47|1|1|1|1|1|1|1
3470442|1|1|1|307.4793184|47|1|1|1|2|1|2|2
3470443|1|1|1|347.87008615|47|3|1|1|2|1|1|1
3470444|1|1|1|273.04254595|47|2|1|1|1|1|1|1
3470445|1|1|1|449.75995044|47|1|1|1|2|1|2|2
3470446|1|1|1|676.70591248|47|1|1|1|2|1|2|2
3470447|1|1|1|216.14604762|47|1|1|3|1|1|1|1
3470448|1|1|1|799.93439158|47|1|1|3|1|1|1|1
3470449|1|1|1|336.68694045|47|1|1|3|1|1|1|1
3470450|1|1|1|220.64863645|47|1|1|3|1|1|1|1
3470451|1|1|1|643.51394546|47|2|1|3|1|1|1|1
3470452|1|1|1|285.65650191|47|1|1|3|1|1|1|1
3470453|1|1|1|458.63296523|47|1|1|3|1|1|1|1
3470454|1|1|1|336.68694045|47|1|1|3|1|1|1|1
3470455|1|1|1|307.70609913|47|1|1|3|1|1|1|1
3470456|1|1|1|240.70697343|47|2|1|1|1|1|1|2
3470457|1|1|1|493.5302905|47|2|1|1|1|1|1|1
3470458|1|1|1|350.92748296|47|1|1|1|1|1|1|1
3470459|1|1|1|406.59705228|47|2|1|1|1|1|1|2
3470460|1|1|1|417.57643291|47|2|1|1|1|1|1|1
3470461|1|1|1|365.41017855|47|1|1|1|1|1|1|1
3470462|1|1|1|423.89243011|47|1|1|1|1|1|1|1
3470463|1|1|1|240.7076034|47|1|1|1|1|1|1|2
3470464|1|1|1|672.28441556|47|1|1|1|1|1|1|1
3470465|1|1|1|294.49250714|47|1|1|1|1|1|1|2
3470466|1|1|1|128.3770525|47|1|1|2|1|1|1|1
3470467|1|1|1|116.35409332|47|1|1|2|1|1|1|1
3470468|1|1|1|133.48214073|47|1|1|2|1|1|1|1
3470469|1|1|1|195.89058353|47|1|1|2|1|1|1|1
3470470|1|1|1|173.92425088|47|1|1|2|1|1|1|1
3470471|1|1|1|194.88542856|47|1|1|2|1|1|1|1
3470472|1|1|1|216.85176122|47|1|1|2|1|1|1|1
3470473|1|1|1|194.88542856|47|1|1|2|1|1|1|1
3470474|1|1|1|667.99763938|47|2|1|2|1|1|1|1
3470475|1|1|1|277.7388155|47|2|1|2|1|1|1|1
3470476|1|1|1|323.0882441|47|2|1|2|1|1|1|1
3470477|1|1|1|751.01565951|47|2|1|2|1|1|1|1
3470478|1|1|1|524.10932579|47|2|1|2|1|1|1|1
3470479|1|1|1|341.97366083|47|1|1|2|1|1|1|1
3470480|1|1|1|323.08751721|47|1|1|2|1|1|1|1
3470481|1|1|1|272.07122117|47|2|1|2|1|1|1|1
3470482|1|1|1|465.10743156|47|2|1|2|1|1|1|1
3470483|1|1|1|869.01944795|47|1|1|2|1|1|1|1
3470484|1|1|1|563.64704344|47|1|1|2|1|1|1|1
3470485|1|1|1|793.30675113|47|1|1|2|1|1|1|1
3470486|1|1|1|335.67938087|47|2|1|3|1|1|1|1
3470487|1|1|1|403.09310735|47|2|1|3|1|1|1|1
3470488|1|1|1|406.59705228|47|2|1|3|1|1|1|1
3470489|1|1|1|252.16367945|47|1|1|3|1|1|1|1
3470490|1|1|1|406.59705228|47|2|1|3|1|1|1|1
3470491|1|1|1|281.89447713|47|1|1|4|1|1|1|1
3470492|1|1|1|403.09310735|47|1|1|3|1|1|1|1
3470493|1|1|1|406.74247087|50|2|1|1|1|1|1|1
3470494|1|1|1|187.46318807|50|1|1|1|1|1|1|1
3470495|1|1|1|453.22796883|50|1|1|1|1|1|1|1
3470496|1|1|1|442.27090299|50|1|1|1|1|1|1|1
3470497|1|1|1|442.27090299|50|2|1|1|1|1|1|1
3470498|1|1|1|294.27360917|50|2|1|2|1|1|1|1
3470499|1|1|1|1068.7081528|50|2|1|2|1|1|1|1
3470500|1|1|1|638.49108799|50|2|1|2|1|1|1|1
3470501|1|1|1|684.8197137|50|2|1|2|1|1|1|1
3470502|1|1|1|398.04016154|50|2|1|2|1|1|1|1
3470503|1|1|1|652.39340144|50|1|1|3|1|1|1|1
3470504|1|1|1|426.32068213|50|2|1|3|1|1|1|1
3470505|1|1|1|423.23277887|50|1|1|3|1|1|1|1
3470506|1|1|1|380.89811543|50|2|1|3|1|1|1|1
3470507|1|1|1|784.72962447|50|1|1|3|1|1|1|1
3470508|1|1|1|380.89811543|50|2|1|3|1|1|1|1
3470509|1|1|1|514.03852062|50|1|1|4|1|1|1|1
3470510|1|1|1|326.4770783|50|1|1|4|1|1|1|1
3470511|1|1|1|380.94043204|50|1|1|4|1|1|1|1
3470512|1|1|1|393.81965156|50|1|1|4|1|1|1|1
3470513|1|1|1|380.94043204|50|1|1|4|1|1|1|1
3470514|1|1|1|384.29881846|50|1|1|4|1|1|1|1
3470515|1|1|1|193.37898972|50|1|1|4|1|1|1|1
3470516|1|1|1|393.81965156|50|1|1|4|1|1|1|1
3470517|1|1|1|380.94043204|50|1|1|4|1|1|1|1
3470518|1|1|1|553.35894292|50|2|1|2|1|1|1|1
3470519|1|1|1|308.03041738|50|2|1|2|1|1|1|1
3470520|1|1|1|259.69522484|50|2|1|2|1|1|1|1
3470521|1|1|1|255.03712795|50|2|1|2|1|1|1|1
3470522|1|1|1|554.21688677|50|2|1|2|1|1|1|1
3470523|1|1|1|255.03712795|50|2|1|2|1|1|1|1
3470524|1|1|1|844.09714763|50|1|1|2|1|1|1|1
3470525|1|1|1|601.69413547|50|2|1|2|1|1|1|1
3470526|1|1|1|553.35894292|50|2|1|2|1|1|1|1
3470527|1|1|1|804.82673485|50|2|1|2|1|1|1|1
3470528|1|1|1|301.68345298|50|2|1|2|1|1|1|1
3470529|1|1|1|527.63947264|50|1|1|3|1|1|1|1
3470530|1|1|1|527.63947264|50|1|1|3|1|1|1|1
3470531|1|1|1|251.48114749|50|2|1|3|1|1|1|1
3470532|1|1|1|434.22385159|50|1|1|3|1|1|1|1
3470533|1|1|1|264.55318184|50|4|1|3|1|1|1|1
3470534|1|1|1|527.63947264|50|1|1|3|1|1|1|1
3470535|1|1|1|227.73273563|50|2|1|3|1|1|1|1
3470536|1|1|1|616.44405366|50|1|1|3|1|1|1|1
3470537|1|1|1|435.17861111|50|2|1|3|1|1|1|1
3470538|1|1|1|383.85782115|50|1|1|3|1|1|1|1
3470539|1|1|1|648.22139727|50|4|1|3|1|1|1|1
3470540|1|1|1|490.94584469|50|4|1|3|1|1|1|1
3470542|1|1|1|317.15439929|50|1|1|3|1|1|1|1
3470543|1|1|1|276.43755406|50|1|1|3|1|1|1|1
3470544|1|1|1|535.26301583|50|1|1|3|1|1|1|1
3470545|1|1|1|228.8794738|50|1|1|3|1|1|1|1
3470546|1|1|1|458.73604068|50|1|1|3|1|1|1|1
3470547|1|1|1|233.05981716|50|1|1|3|1|1|1|1
3470548|1|1|1|532.6375551|50|1|1|3|1|1|1|1
3470549|1|1|1|553.35972938|50|1|1|3|1|1|1|1
3470550|1|1|1|539.98191645|50|1|1|3|1|1|1|1
3470551|1|1|1|638.22476067|50|2|1|3|1|1|1|1
3470552|1|1|1|894.24614212|50|2|1|3|1|1|1|1
3470553|1|1|1|1177.0944367|50|2|1|3|1|1|1|1
3470554|1|1|1|330.8962467|50|2|1|3|1|1|1|1
3470555|1|1|1|293.95763854|50|1|1|3|1|1|1|1
3470556|1|1|1|484.40585557|50|1|1|3|1|1|1|1
3470557|1|1|1|635.94086251|50|1|1|3|1|1|1|1
3470558|1|1|1|205.32272277|50|1|1|3|1|1|1|1
3470559|1|1|1|205.32272277|50|1|1|3|1|1|1|1
3470560|1|1|1|484.40585557|50|1|1|3|1|1|1|1
3470561|1|1|1|445.49264548|50|1|1|3|1|1|1|1
3470562|1|1|1|657.60884802|50|2|1|2|1|1|1|1
3470563|1|1|1|468.34521885|50|2|1|2|1|1|1|1
3470564|1|1|1|281.1947821|50|1|1|2|1|1|1|1
3470565|1|1|1|1124.7791284|50|2|1|2|1|1|1|1
3470566|1|1|1|408.22022242|50|1|1|1|1|1|1|1
3470567|1|1|1|534.87655189|50|1|1|1|1|1|1|1
3470568|1|1|1|361.85320966|50|1|1|1|1|1|1|1
3470569|1|1|1|221.2566178|50|1|1|1|1|1|1|1
3470570|1|1|1|553.88154704|50|1|1|1|1|1|1|1
3470571|1|1|1|341.41901283|50|1|1|1|1|1|1|1
3470572|1|1|1|186.37328581|50|1|1|1|1|1|1|1
3470573|1|1|1|402.2398139|50|1|1|1|1|1|1|1
3470574|1|1|1|176.64249649|52|1|1|1|2|1|1|1
3470575|1|1|1|193.63421482|52|4|1|1|2|1|1|1
3470576|1|1|1|193.63421482|52|2|1|1|2|1|1|1
3470577|1|1|1|159.90945652|52|1|1|1|2|1|1|1
3470578|1|1|1|217.62280099|52|1|1|1|2|1|1|1
3470579|1|1|1|217.62280099|52|1|1|1|2|1|1|1
3470580|1|1|1|225.89272959|52|4|1|1|2|1|1|1
3470581|1|1|1|163.62564607|52|4|1|2|1|1|1|1
3470582|1|1|1|197.82283039|52|2|1|2|1|1|1|1
3470583|1|1|1|147.20208041|52|1|1|2|2|1|1|1
3470584|1|1|1|208.23442981|52|2|1|2|1|1|1|1
3470585|1|1|1|147.20208041|52|4|1|2|2|1|1|1
3470586|1|1|1|232.26773945|52|2|1|3|2|1|1|1
3470587|1|1|1|207.62226149|52|2|1|3|2|1|1|1
3470588|1|1|1|183.0157489|52|2|1|3|2|1|1|1
3470589|1|1|1|227.82620386|52|2|1|3|2|1|1|1
3470590|1|1|1|181.55869033|52|2|1|3|2|1|1|1
3470591|1|1|1|232.16752764|52|2|1|3|2|1|1|1
3470592|1|1|1|278.2477805|52|2|1|2|1|1|1|1
3470593|1|1|1|395.83703374|52|2|1|3|2|1|1|1
3470594|1|1|1|303.11273577|52|2|1|3|2|1|1|1
3470595|1|1|1|355.48115421|52|2|1|3|2|1|1|1
3470596|1|1|1|360.81779194|52|2|1|3|2|1|1|1
3470597|1|1|1|310.43819038|52|2|1|3|2|1|1|1
3470598|1|1|1|225.29198658|52|1|1|2|2|1|1|1
3470599|1|1|1|215.74236853|52|2|1|2|2|1|1|1
3470600|1|1|1|253.65871094|52|2|1|2|2|1|1|1
3470601|1|1|1|250.47558237|52|2|1|2|2|1|1|1
3470602|1|1|1|253.65871094|52|2|1|2|2|1|1|1
3470603|1|1|1|226.78476665|52|2|1|2|2|1|1|1
3470604|1|1|1|258.46513943|52|2|1|2|2|1|1|1
3470605|1|1|1|272.20212686|52|1|1|2|2|1|1|1
3470606|1|1|1|259.4630911|52|2|1|2|2|1|1|1
3470607|1|1|1|293.8384593|52|2|1|2|2|1|1|1
3470608|1|1|1|276.01827922|52|2|1|2|1|1|1|1
3470609|1|1|1|311.19835898|52|2|1|2|1|1|1|1
3470610|1|1|1|284.83338752|52|2|1|2|2|1|1|1
3470611|1|1|1|280.330557|52|2|1|2|1|1|1|1
3470612|1|1|1|390.43955589|52|2|1|2|2|1|1|1
3470613|1|1|1|306.81246484|52|2|1|2|1|1|1|1
3470614|1|1|1|311.04600994|52|2|1|2|2|1|1|1
3470615|1|1|1|335.24021009|52|1|1|1|1|1|1|1
3470616|1|1|1|390.43955589|52|1|1|1|1|1|1|1
3470617|1|1|1|315.5632189|52|2|1|1|2|1|1|1
3470618|1|1|1|236.38637623|52|2|1|1|2|1|1|1
3470619|1|1|1|348.54255428|52|2|1|1|1|1|1|1
3470620|1|1|1|232.08847689|52|1|1|1|1|1|1|1
3470621|1|1|1|276.00390077|52|2|1|1|2|1|1|1
3470622|1|1|1|295.68089195|52|4|1|1|1|1|1|1
3470623|1|1|1|289.54370241|52|4|1|1|2|1|1|1
3470624|1|1|1|306.79808639|52|2|1|1|1|1|1|1
3470625|1|1|1|239.20313903|52|1|1|1|2|1|1|1
3470626|1|1|1|258.17895309|52|2|1|1|1|1|1|1
3470627|1|1|1|333.17508769|52|1|1|1|1|1|1|1
3470628|1|1|1|218.62736585|52|2|1|1|1|1|1|1
3470629|1|1|1|267.50811022|52|1|1|1|1|1|1|1
3470630|1|1|1|1366.0847085|54|1|1|1|1|1|1|1
3470631|1|1|1|1403.8154799|54|1|1|1|1|1|1|1
3470632|1|1|1|1323.0552817|54|1|1|1|1|1|1|1
3470633|1|1|1|2272.3719233|54|1|1|1|1|1|1|1
3470634|1|1|1|1177.5962206|54|2|1|1|1|1|1|1
3470635|1|1|1|1277.5548186|54|1|1|1|1|1|1|1
3470636|1|1|1|654.04846648|54|1|1|1|1|1|1|1
3470637|1|1|1|271.3089935|54|1|1|2|1|1|1|1
3470638|1|1|1|377.72799707|54|1|1|2|1|1|1|1
3470639|1|1|1|966.38654151|54|1|1|2|2|1|1|1
3470640|1|1|1|445.28231083|54|1|1|2|1|1|1|1
3470641|1|1|1|271.3089935|54|1|1|2|1|1|1|1
3470642|1|1|1|792.69166545|54|1|1|2|1|1|1|1
3470643|1|1|1|449.71086961|54|1|1|2|1|1|1|1
3470644|1|1|1|1967.2868881|54|2|1|4|1|1|1|1
3470645|1|1|1|552.30759391|54|2|1|4|1|1|1|1
3470646|1|1|1|2181.708012|54|2|1|4|1|1|1|1
3470647|1|1|1|1010.6265683|54|2|1|4|2|1|1|1
3470648|1|1|1|552.30759391|54|2|1|4|1|1|1|1
3470649|1|1|1|552.30759391|54|2|1|4|1|1|1|1
3470650|1|1|1|721.24973546|54|1|1|2|1|1|1|1
3470651|1|1|1|1537.4176298|54|2|1|2|1|1|1|1
3470652|1|1|1|777.49915318|54|2|1|2|1|1|1|1
3470653|1|1|1|824.95823264|54|1|1|2|1|1|1|1
3470654|1|1|1|489.06959688|54|2|1|2|1|1|1|1
3470655|1|1|1|345.30235536|54|1|1|1|1|1|1|1
3470656|1|1|1|1381.2094215|54|1|1|2|1|1|1|1
3470657|1|1|1|600.64637902|54|1|1|1|1|1|1|1
3470658|1|1|1|595.01003148|54|1|1|1|1|1|1|1
3470659|1|1|1|581.52683486|54|1|1|1|1|1|1|1
3470660|1|1|1|439.37803356|54|1|1|1|1|1|1|1
3470661|1|1|1|1381.2094215|54|1|1|1|1|1|1|1
3470662|1|1|1|345.30235536|54|2|1|1|1|1|1|1
3470663|1|1|1|1229.9465074|54|2|1|1|2|1|1|1
3470664|1|1|1|345.30235536|54|1|1|1|1|1|1|1
3470665|1|1|1|621.70736494|54|2|1|1|1|1|1|1
3470666|1|1|1|701.23949553|54|1|1|2|1|1|1|1
3470667|1|1|1|1630.0673167|54|2|1|2|1|1|1|1
3470668|1|1|1|905.2041904|54|1|1|2|1|1|1|1
3470669|1|1|1|1114.7965799|54|2|1|2|1|1|1|1
3470670|1|1|1|1114.7965799|54|1|1|2|1|1|1|1
3470671|1|1|1|551.09639305|54|1|1|2|2|1|1|1
3470672|1|1|1|1630.0673167|54|2|1|2|2|1|1|1
3470673|1|1|1|1316.1436882|54|2|1|2|1|1|1|1
3470674|1|1|1|730.04930234|54|1|1|2|1|1|1|1
3470675|1|1|1|1152.0883785|54|1|1|2|1|1|1|1
3470676|1|1|1|1749.1612778|54|1|1|2|1|1|1|1
3470677|1|1|1|508.70436281|54|1|1|2|1|1|1|1
3470678|1|1|1|1823.6090366|54|1|1|2|1|1|1|1
3470679|1|1|1|1504.6775231|54|1|1|2|1|1|1|1
3470680|1|1|1|584.48450835|54|1|1|2|1|1|1|1
3470681|1|1|1|713.54014086|54|1|1|2|1|1|1|1
3470682|1|1|1|508.70436281|54|1|1|2|1|1|1|1
3470683|1|1|1|1571.7434638|54|1|1|2|1|1|1|1
3470684|1|1|1|1571.7434638|54|1|1|2|2|1|1|1
3470685|1|1|1|2106.016601|54|2|1|2|1|1|1|1
3470686|1|1|1|1022.2159217|54|2|1|2|1|1|1|1
3470687|1|1|1|1283.7329426|54|2|1|2|1|1|1|1
3470688|1|1|1|732.2874102|54|2|1|2|1|1|1|1
3470689|1|1|1|802.84606311|54|1|1|2|1|1|1|1
3470690|1|1|1|1305.1937799|54|1|1|2|1|1|1|1
3470691|1|1|1|2802.2376584|54|1|1|2|1|1|1|1
3470692|1|1|1|1129.5245061|54|2|1|2|1|1|1|1
3470693|1|1|1|627.97596921|54|2|1|2|1|1|1|1
3470694|1|1|1|1130.6534085|54|2|1|2|1|1|1|1
3470695|1|1|1|627.97596921|54|2|1|2|2|1|1|1
3470696|1|1|1|2209.8904008|54|2|1|2|1|1|1|1
3470697|1|1|1|747.6208298|54|2|1|2|1|1|1|1
3470698|1|1|1|1753.7977198|54|2|1|2|1|1|1|1
3470699|1|1|1|627.97596921|54|2|1|2|1|1|1|1
3470700|1|1|1|911.3766199|54|2|1|2|2|1|1|1
3470701|1|1|1|191.49091194|63|1|1|2|1|1|1|1
3470702|1|1|1|192.81530862|63|1|1|2|1|1|1|1
3470703|1|1|1|275.68105564|63|1|1|2|1|1|1|1
3470704|1|1|1|153.4907939|63|1|1|2|1|1|1|1
3470705|1|1|1|257.19248406|63|1|1|2|1|1|1|1
3470706|1|1|1|213.19894347|63|1|1|2|1|1|1|1
3470707|1|1|1|252.54831372|63|1|1|2|1|1|1|1
3470708|1|1|1|214.49848461|63|1|1|2|1|1|1|1
3470709|1|1|1|214.52334015|63|1|1|3|1|1|1|1
3470710|1|1|1|297.62463763|63|2|1|3|1|1|1|1
3470711|1|1|1|179.84289652|63|2|1|3|1|1|1|1
3470712|1|1|1|295.95505514|63|2|1|3|1|1|1|1
3470713|1|1|1|268.5270867|63|2|1|3|1|1|1|1
3470714|1|1|1|251.54122194|63|2|1|3|1|1|1|1
3470715|1|1|1|225.95543979|63|2|1|3|1|1|1|1
3470716|1|1|1|179.84289652|63|2|1|3|1|1|1|1
3470717|1|1|1|323.06373707|63|1|1|3|1|1|1|1
3470718|1|1|1|268.99305592|63|2|1|3|1|1|1|1
3470719|1|1|1|314.77740151|63|2|1|2|1|1|1|1
3470720|1|1|1|347.61862949|63|2|1|3|1|1|1|1
3470721|1|1|1|311.59383041|63|2|1|3|1|1|1|1
3470722|1|1|1|156.92159714|63|1|1|1|1|1|1|1
3470723|1|1|1|391.38532783|63|1|1|1|1|1|1|1
3470724|1|1|1|236.3038363|63|1|1|1|1|1|1|1
3470725|1|1|1|284.29608863|63|1|1|1|1|1|1|1
3470726|1|1|1|182.14302131|63|1|1|1|1|1|1|1
3470727|1|1|1|260.44044852|63|1|1|1|1|1|1|1
3470728|1|1|1|335.39217937|63|1|1|1|1|1|1|1
3470729|1|1|1|284.29608863|63|1|1|1|1|1|1|1
3470730|1|1|1|197.47500294|63|1|1|1|1|1|1|1
3470731|1|1|1|321.78477018|63|1|1|1|1|1|1|1
3470732|1|1|1|277.71323624|63|1|1|1|1|1|1|1
3470733|1|1|1|127.29390982|63|2|1|3|1|1|1|1
3470734|1|1|1|191.14652675|63|2|1|3|1|1|1|1
3470735|1|1|1|203.57423641|63|2|1|3|1|1|1|1
3470736|1|1|1|226.63972909|63|2|1|3|1|1|1|1
3470737|1|1|1|181.00406825|63|2|1|3|1|1|1|1
3470738|1|1|1|179.88660855|63|2|1|3|1|1|1|1
3470739|1|1|1|201.2494375|63|1|1|3|1|1|1|1
3470740|1|1|1|172.08360277|63|1|1|3|1|1|1|1
3470741|1|1|1|153.6298923|63|1|1|3|1|1|1|1
3470742|1|1|1|139.71130826|63|1|1|3|1|1|1|1
3470743|1|1|1|175.22450436|63|1|1|3|1|1|1|1
3470744|1|1|1|170.94828668|63|1|1|3|1|1|1|1
3470745|1|1|1|153.64969905|63|1|1|3|1|1|1|1
3470746|1|1|1|170.92847993|63|1|1|3|1|1|1|1
3470747|1|1|1|249.76131761|63|1|1|3|1|1|1|1
3470748|1|1|1|170.92847993|63|1|1|3|1|1|1|1
3470749|1|1|1|145.68058326|63|2|1|3|1|1|1|1
3470750|1|1|1|298.40880558|63|1|1|3|1|1|1|1
3470751|1|1|1|261.95058412|63|1|1|2|1|1|1|1
3470752|1|1|1|275.89043229|63|1|1|2|1|1|1|1
3470753|1|1|1|262.01582989|63|1|1|2|1|1|1|1
3470754|1|1|1|396.41865048|63|1|1|2|1|1|1|1
3470755|1|1|1|300.75033711|63|1|1|2|1|1|1|1
3470756|1|1|1|203.12969186|63|1|1|2|1|1|1|1
3470757|1|1|1|229.91583549|63|1|1|2|1|1|1|1
3470758|1|1|1|298.37330919|63|2|1|1|1|1|1|1
3470759|1|1|1|156.9538006|63|2|1|1|1|1|1|1
3470760|1|1|1|197.19747472|63|2|1|1|1|1|1|1
3470761|1|1|1|219.37345017|63|2|1|1|1|1|1|1
3470762|1|1|1|158.28287677|63|2|1|1|1|1|1|1
3470763|1|1|1|156.9538006|63|2|1|1|1|1|1|1
3470764|1|1|1|235.80022518|63|2|1|1|1|1|1|1
3470765|1|1|1|186.96973253|63|2|1|1|1|1|1|1
3470766|1|1|1|274.6894027|63|2|1|1|1|1|1|1
3470767|1|1|1|308.15310306|63|2|1|1|1|1|1|1
3470768|1|1|1|326.10672574|63|1|1|1|1|1|1|1
3470769|1|1|1|239.76393112|63|1|1|1|1|1|1|1
3470770|1|1|1|283.88811589|63|3|1|1|1|1|1|1
3470771|1|1|1|172.99506724|63|1|1|1|1|1|1|1
3470772|1|1|1|308.15310306|63|2|1|1|1|1|1|1
3470773|1|1|1|265.62144312|63|1|1|2|1|1|1|1
3470774|1|1|1|372.3406905|63|1|1|2|1|1|1|1
3470775|1|1|1|172.99506724|63|1|1|2|1|1|1|1
3470776|1|1|1|308.15310306|63|1|1|3|2|1|1|1
3470777|1|1|1|147.51084766|63|1|1|5|1|1|1|1
3470778|1|1|1|262.75850615|63|1|1|5|1|1|1|1
3470779|1|1|1|226.51595322|63|1|1|5|1|1|1|1
3470780|1|1|1|194.93587106|63|1|1|5|1|1|1|1
3470781|1|1|1|353.94686903|63|2|1|5|1|1|1|1
3470782|1|1|1|204.66607465|63|2|1|5|2|1|1|1
3470783|1|1|1|250.35976989|63|2|1|5|1|1|1|1
3470784|1|1|1|235.41110672|63|2|1|5|1|1|1|1
3470785|1|1|1|199.9432303|63|2|1|5|1|1|1|1
3470787|1|1|1|165.92188913|63|2|1|5|1|1|1|1
3470788|1|1|1|145.5323117|63|2|1|4|1|1|1|1
3470789|1|1|1|201.72507269|63|2|1|4|1|1|1|1
3470790|1|1|1|237.48151091|63|2|1|5|1|1|1|1
3470791|1|1|1|201.70170002|63|2|1|4|1|1|1|1
3470792|1|1|1|251.25245501|63|2|1|4|1|1|1|1
3470793|1|1|1|171.90828185|63|2|1|4|1|1|1|1
3470794|1|1|1|237.48151091|63|2|1|4|1|1|1|1
3470795|1|1|1|267.59713287|63|1|1|3|1|1|1|1
3470796|1|1|1|376.98014957|63|1|1|3|1|1|1|1
3470797|1|1|1|338.57258308|63|1|1|3|1|1|1|1
3470798|1|1|1|270.3231666|63|1|1|3|1|1|1|1
3470799|1|1|1|226.1947246|63|1|1|3|1|1|1|1
3470800|1|1|1|224.92584191|63|1|1|3|1|1|1|1
3470801|1|1|1|262.63025324|66|2|1|1|1|1|1|1
3470802|1|1|1|419.56510964|66|2|1|1|1|1|1|1
3470803|1|1|1|444.78271694|66|2|1|1|1|1|1|1
3470804|1|1|1|507.8653476|66|2|1|1|1|1|1|1
3470805|1|1|1|415.21610049|66|2|1|1|1|1|1|1
3470806|1|1|1|335.15896384|66|1|1|1|1|1|1|1
3470807|1|1|1|408.12913487|66|2|1|1|1|1|1|1
3470808|1|1|1|404.03045686|66|2|1|5|1|1|1|1
3470809|1|1|1|426.26583167|66|1|1|5|1|1|1|1
3470810|1|1|1|442.48214094|66|1|1|5|2|1|1|1
3470811|1|1|1|536.94412225|66|2|1|5|1|1|1|1
3470812|1|1|1|575.39580634|66|2|1|5|1|1|1|1
3470813|1|1|1|394.74277964|66|2|1|5|2|1|1|1
3470814|1|1|1|480.68542551|66|2|1|5|1|1|1|1
3470815|1|1|1|271.11679147|66|2|1|5|1|1|1|1
3470816|1|1|1|404.03045686|66|2|1|5|1|1|1|1
3470817|1|1|1|569.67522237|66|2|1|2|1|1|1|1
3470818|1|1|1|660.16907801|66|2|1|2|1|1|1|1
3470819|1|1|1|500.39936938|66|2|1|2|1|1|1|1
3470820|1|1|1|588.50412851|66|2|1|2|1|1|1|1
3470821|1|1|1|634.65279626|66|2|1|2|1|1|1|1
3470822|1|1|1|635.6515296|66|2|1|2|1|1|1|1
3470823|1|1|1|604.84174865|66|2|1|2|1|1|1|1
3470824|1|1|1|583.69520291|66|2|1|2|1|1|1|1
3470825|1|1|1|566.52341797|66|1|1|2|1|1|1|1
3470826|1|1|1|751.7554383|66|2|1|2|1|1|1|1
3470827|1|1|1|682.79584077|66|2|1|2|1|1|1|1
3470828|1|1|1|638.46551818|66|2|1|2|1|1|1|1
3470829|1|1|1|540.54525463|66|1|1|2|1|1|1|1
3470830|1|1|1|517.55015422|66|2|1|2|1|1|1|1
3470831|1|1|1|321.11624083|66|1|1|2|1|1|1|1
3470832|1|1|1|417.65246087|66|1|1|2|1|1|1|1
3470833|1|1|1|503.52773169|66|2|1|2|1|1|1|1
3470834|1|1|1|520.53620126|66|2|1|2|1|1|1|1
3470835|1|1|1|370.86243971|66|2|1|2|1|1|1|1
3470836|1|1|1|298.99451071|66|1|1|2|1|1|1|1
3470837|1|1|1|427.5680354|66|1|1|3|1|1|1|1
3470838|1|1|1|486.5671438|66|1|1|3|1|1|1|1
3470839|1|1|1|524.28034578|66|1|1|3|1|1|1|1
3470840|1|1|1|486.5671438|66|1|1|3|1|1|1|1
3470841|1|1|1|302.02479123|66|1|1|3|1|1|1|1
3470842|1|1|1|442.49829505|66|1|1|3|1|1|1|1
3470843|1|1|1|394.50143665|66|1|1|3|1|1|1|1
3470844|1|1|1|687.4524566|66|1|1|2|1|1|1|1
3470845|1|1|1|439.72096892|66|1|1|2|1|1|1|1
3470846|1|1|1|422.05390126|66|1|1|2|1|1|1|1
3470847|1|1|1|265.30774265|66|1|1|2|1|1|1|1
3470848|1|1|1|639.13381889|66|1|1|2|1|1|1|1
3470849|1|1|1|378.49259314|66|1|1|2|1|1|1|1
3470850|1|1|1|475.28674977|66|1|1|2|1|1|1|1
3470851|1|1|1|531.10171916|66|1|1|2|1|1|1|1
3470852|1|1|1|574.26760612|66|1|1|2|1|1|1|1
3470853|1|1|1|525.71477985|66|1|1|2|1|1|1|1
3470854|1|1|1|834.91651066|66|2|1|1|1|1|1|1
3470855|1|1|1|990.97202183|66|1|1|1|1|1|1|1
3470856|1|1|1|1110.475008|66|2|1|1|1|1|1|1
3470857|1|1|1|678.56025528|66|2|1|1|2|1|1|1
3470858|1|1|1|1015.7171686|66|2|1|1|1|1|1|1
3470859|1|1|1|769.83905219|66|1|1|1|1|1|1|1
3470860|1|1|1|476.63464714|66|1|1|1|1|1|1|1
3470861|1|1|1|714.42020962|66|1|1|1|1|1|1|1
3470862|1|1|1|979.83015573|66|2|1|1|1|1|1|1
3470863|1|1|1|714.42020962|66|2|1|1|2|1|1|1
3470864|1|1|1|870.77646501|66|2|1|1|1|1|1|1
3470865|1|1|1|397.22542693|66|1|1|4|1|1|1|1
3470866|1|1|1|874.84835333|66|1|1|4|1|1|1|1
3470867|1|1|1|777.47898661|66|1|1|4|1|1|1|1
3470868|1|1|1|637.87518716|66|1|1|4|1|1|1|1
3470870|1|1|1|313.87162607|66|3|1|1|2|1|1|1
3470871|1|1|1|469.43888971|66|3|1|1|1|1|1|1
3470872|1|1|1|386.04901591|66|2|1|1|2|1|1|1
3470873|1|1|1|313.87162607|66|3|1|1|2|1|1|1
3470874|1|1|1|313.87162607|66|3|1|1|2|1|1|1
3470875|1|1|1|391.65454907|66|3|1|1|2|1|1|1
3470876|1|1|1|391.65454907|66|2|1|1|2|1|1|1
3470877|1|1|1|391.126956|66|2|1|1|1|1|1|1
3470878|1|1|1|433.71119957|66|2|1|1|1|1|1|1
3470879|1|1|1|433.0657957|66|2|1|1|2|1|1|1
3470880|1|1|1|874.38644168|68|2|1|1|1|1|1|1
3470881|1|1|1|642.1200571|68|1|1|1|1|1|1|1
3470882|1|1|1|611.32800539|68|1|1|1|1|1|1|1
3470883|1|1|1|548.87163927|68|1|1|1|1|1|1|1
3470884|1|1|1|319.40663302|68|1|1|1|1|1|1|1
3470885|1|1|1|737.45669104|68|3|1|1|1|1|1|1
3470886|1|1|1|846.20978602|68|1|1|1|1|1|1|1
3470887|1|1|1|739.43977949|68|3|1|1|1|1|1|1
3470888|1|1|1|1570.9378519|68|2|1|3|1|1|1|1
3470889|1|1|1|705.20280022|68|2|1|3|1|1|1|1
3470890|1|1|1|463.14852811|68|2|1|3|1|1|1|1
3470891|1|1|1|310.53422655|68|2|1|3|1|1|1|1
3470892|1|1|1|703.27479757|68|2|1|3|1|1|1|1
3470893|1|1|1|826.55996393|68|2|1|3|1|1|1|1
3470894|1|1|1|836.40094402|68|2|1|3|1|1|1|1
3470895|1|1|1|1932.6950611|68|2|1|3|1|1|1|1
3470897|1|1|1|876.83297899|68|2|1|4|1|1|1|1
3470898|1|1|1|653.95956137|68|2|1|4|1|1|1|1
3470899|1|1|1|2154.4290541|68|2|1|4|1|1|1|1
3470900|1|1|1|1078.5831839|68|2|1|4|1|1|1|1
3470901|1|1|1|983.27558806|68|2|1|4|1|1|1|1
3470902|1|1|1|683.55040097|68|1|1|4|1|1|1|1
3470903|1|1|1|910.81921008|68|1|1|4|1|1|1|1
3470904|1|1|1|714.37644782|68|1|1|4|1|1|1|1
3470905|1|1|1|829.72663888|68|1|1|4|1|1|1|1
3470906|1|1|1|645.89350098|68|1|1|4|1|1|1|1
3470907|1|1|1|409.5311965|68|1|1|4|1|1|1|1
3470908|1|1|1|1111.1723677|68|1|1|4|1|1|1|1
3470909|1|1|1|401.60378221|68|2|1|1|1|1|1|1
3470910|1|1|1|478.17250669|68|2|1|1|1|1|1|1
3470911|1|1|1|424.34125375|68|2|1|1|1|1|1|1
3470912|1|1|1|424.34125375|68|2|1|1|1|1|1|1
3470913|1|1|1|629.64535734|68|2|1|1|1|1|1|1
3470914|1|1|1|277.26270228|68|2|1|1|1|1|1|1
3470915|1|1|1|413.52547152|68|2|1|1|1|1|1|1
3470916|1|1|1|413.52547152|68|2|1|1|1|1|1|1
3470917|1|1|1|277.26270228|68|2|1|1|1|1|1|1
3470918|1|1|1|595.31370651|68|2|1|1|1|1|1|1
3470919|1|1|1|1068.9921118|68|2|1|3|1|1|1|1
3470920|1|1|1|2701.3825447|68|2|1|2|1|1|1|1
3470921|1|1|1|841.76083983|68|2|1|2|1|1|1|1
3470922|1|1|1|845.17810093|68|2|1|2|1|1|1|1
3470923|1|1|1|1249.9267511|68|2|1|2|1|1|1|1
3470924|1|1|1|550.40200744|68|2|1|2|1|1|1|1
3470925|1|1|1|1044.7150833|68|2|1|2|1|1|1|1
3470926|1|1|1|845.17810093|68|2|1|2|1|1|1|1
3470927|1|1|1|1100.4903444|68|2|1|3|1|1|1|1
3470928|1|1|1|493.9505195|68|1|1|3|1|1|1|1
3470929|1|1|1|830.08934273|68|1|1|3|1|1|1|1
3470930|1|1|1|736.70609068|68|1|1|3|1|1|1|1
3470931|1|1|1|768.92663812|68|1|1|3|1|1|1|1
3470932|1|1|1|768.92663812|68|2|1|3|1|1|1|1
3470933|1|1|1|870.5967236|68|1|1|3|1|1|1|1
3470934|1|1|1|851.87641955|68|2|1|3|1|1|1|1
3470935|1|1|1|638.10277797|68|1|1|3|1|1|1|1
3470936|1|1|1|1143.5162124|68|1|1|3|1|1|1|1
3470937|1|1|1|2427.4139815|68|2|1|1|1|1|1|1
3470938|1|1|1|964.6430154|68|1|1|1|1|1|1|1
3470939|1|1|1|1107.8651699|68|2|1|1|1|1|1|1
3470940|1|1|1|565.52698732|68|2|1|1|1|1|1|1
3470941|1|1|1|715.65734523|68|2|1|2|1|1|1|1
3470942|1|1|1|827.53709328|68|1|1|1|1|1|1|1
3470943|1|1|1|1194.0844795|68|2|1|1|1|1|1|1
3470944|1|1|1|1219.9834488|68|1|1|2|1|1|1|1
3470945|1|1|1|1138.7673454|68|1|1|2|1|1|1|1
3470947|1|1|1|505.34429599|68|2|1|2|1|1|1|1
3470948|1|1|1|851.01484952|68|1|1|2|1|1|1|1
3470949|1|1|1|922.23336709|68|1|1|2|1|1|1|1
3470950|1|1|1|2005.08246|68|2|1|2|1|1|1|1
3470951|1|1|1|900.09274634|68|2|1|2|1|1|1|1
3470952|1|1|1|992.02844711|68|2|1|2|1|1|1|1
3470953|1|1|1|994.3718061|68|2|1|2|1|1|1|1
3470954|1|1|1|762.08691502|68|2|1|2|1|1|1|1
3470955|1|1|1|1833.2182492|68|2|1|2|1|1|1|1
3470956|1|1|1|838.92574405|68|2|1|2|1|1|1|1
3470957|1|1|1|459.7791728|68|2|1|2|1|1|1|1
3470958|1|1|1|762.08691502|68|2|1|2|1|1|1|1
3470959|1|1|1|946.3269313|68|2|1|2|1|1|1|1
3470960|1|1|1|1833.2182492|68|2|1|2|1|1|1|1
3470961|1|1|1|2220.4498644|68|2|1|3|1|1|1|1
3470962|1|1|1|1767.4167216|68|2|1|3|1|1|1|1
3470963|1|1|1|3056.0556482|68|2|1|3|1|1|1|1
3470964|1|1|1|2573.5183885|68|2|1|3|1|1|1|1
3470965|1|1|1|1503.2075276|68|2|1|3|1|1|1|1
3470966|1|1|1|1272.9191906|68|2|1|3|1|1|1|1
3470967|1|1|1|192.29052787|70|1|1|2|1|1|1|1
3470968|1|1|1|143.08886876|70|1|1|2|1|1|1|1
3470969|1|1|1|136.02864786|70|1|1|2|1|1|1|1
3470970|1|1|1|178.29457927|70|2|1|2|1|1|1|1
3470971|1|1|1|175.06033195|70|2|1|2|1|1|1|1
3470972|1|1|1|180.92063537|70|2|1|2|1|1|1|1
3470973|1|1|1|143.08886876|70|1|1|2|2|2|2|2
3470974|1|1|1|157.15450723|70|2|1|2|1|1|1|1
3470975|1|1|1|93.993669474|70|1|1|1|1|1|1|1
3470976|1|1|1|215.30409607|70|1|1|1|1|1|1|1
3470977|1|1|1|215.35022179|70|2|1|1|1|1|1|1
3470978|1|1|1|263.91555277|70|1|1|1|1|1|1|1
3470979|1|1|1|230.97798283|70|2|1|1|1|1|1|1
3470980|1|1|1|123.88839424|70|4|1|1|1|1|1|1
3470981|1|1|1|186.04030045|70|1|1|1|1|1|1|1
3470982|1|1|1|186.04030045|70|4|1|1|1|1|1|1
3470983|1|1|1|241.32006943|70|3|1|1|1|1|1|1
3470984|1|1|1|123.88839424|70|3|1|1|1|1|1|1
3470985|1|1|1|186.04030045|70|1|1|1|1|1|1|1
3470986|1|1|1|138.59201536|70|2|1|2|1|1|1|1
3470987|1|1|1|225.38681856|70|2|1|2|1|1|1|1
3470988|1|1|1|305.39944715|70|2|1|2|1|1|1|1
3470989|1|1|1|248.34620842|70|2|1|2|1|1|1|1
3470990|1|1|1|284.91119092|70|2|1|2|1|1|1|1
3470991|1|1|1|166.23846283|70|1|1|2|1|1|1|1
3470992|1|1|1|269.88245165|70|1|1|2|1|1|1|1
3470993|1|1|1|146.32962689|70|1|1|2|1|1|1|1
3470994|1|1|1|215.90596132|70|2|1|1|1|1|1|1
3470995|1|1|1|231.66726665|70|2|1|1|1|1|1|1
3470996|1|1|1|224.21397947|70|2|1|1|1|1|1|1
3470997|1|1|1|155.53679165|70|2|1|1|1|1|1|1
3470998|1|1|1|178.59868843|70|2|1|1|1|1|1|1
3470999|1|1|1|229.79810969|70|2|1|1|1|1|1|1
3471001|1|1|1|208.60536987|70|2|1|1|1|1|1|1
3471002|1|1|1|206.3347452|70|2|1|1|1|1|1|1
3471003|1|1|1|182.58577432|70|2|1|1|1|1|1|1
3471005|1|1|1|207.296369|70|2|1|2|1|1|1|1
3471006|1|1|1|152.35863382|70|2|1|2|1|1|1|1
3471007|1|1|1|207.54514097|70|2|1|2|1|1|1|1
3471008|1|1|1|148.39488858|70|2|1|2|1|1|1|1
3471009|1|1|1|178.59868843|70|2|1|2|1|1|1|1
3471010|1|1|1|178.59868843|70|2|1|2|1|1|1|1
3471011|1|1|1|178.59868843|70|1|1|2|1|1|1|1
3471012|1|1|1|282.86668792|70|1|1|2|1|1|1|1
3471013|1|1|1|68.199081949|70|1|1|1|1|1|1|1
3471014|1|1|1|106.86169715|70|1|1|1|1|1|1|1
3471015|1|1|1|143.03325487|70|1|1|1|1|1|1|1
3471016|1|1|1|117.93991606|70|1|1|1|1|1|1|1
3471017|1|1|1|127.70964575|70|1|1|1|1|1|1|1
3471018|1|1|1|68.176741592|70|2|1|1|1|1|1|1
3471019|1|1|1|103.61838475|70|2|1|1|1|1|1|1
3471020|1|1|1|93.233269513|70|1|1|1|1|1|1|1
3471021|1|1|1|80.104632291|70|1|1|1|1|1|1|1
3471022|1|1|1|127.13213721|70|1|1|1|1|1|1|1
3471023|1|1|1|135.04941444|70|2|1|1|1|1|1|1
3471024|1|1|1|136.34141864|70|2|1|1|1|1|1|1
3471025|1|1|1|144.29215239|70|1|1|1|1|1|1|1
3471026|1|1|1|81.528598913|70|1|1|1|1|1|1|1
3471027|1|1|1|88.448130031|70|1|1|1|1|1|1|1
3471028|1|1|1|150.04372067|70|1|1|3|1|1|1|1
3471029|1|1|1|195.24823141|70|1|1|3|1|1|1|1
3471030|1|1|1|120.25433468|70|1|1|3|1|1|1|1
3471031|1|1|1|168.24278766|70|1|1|3|1|1|1|1
3471032|1|1|1|157.10482779|70|1|1|3|1|1|1|1
3471033|1|1|1|112.13534259|70|2|1|1|1|1|1|1
3471034|1|1|1|188.13432071|70|2|1|1|1|1|1|1
3471035|1|1|1|189.98043381|70|1|1|1|1|1|1|1
3471036|1|1|1|150.90569544|70|1|1|1|1|1|1|1
3471037|1|1|1|132.86691743|70|1|1|1|1|1|1|1
3471038|1|1|1|164.10962545|70|1|1|1|1|1|1|1
3471039|1|1|1|175.54326695|70|1|1|1|1|1|1|1
3471040|1|1|1|94.155179622|70|1|1|1|1|1|1|1
3471041|1|1|1|122.09700103|70|1|1|1|1|1|1|1
3471042|1|1|1|165.8617948|70|1|1|1|1|2|1|1
3471043|1|1|1|153.06193011|70|1|1|1|1|1|1|1
3471044|1|1|1|193.05605554|70|1|1|1|1|1|1|1
3471045|1|1|1|92.39467691|70|1|1|1|1|1|1|1
3471046|1|1|1|165.8617948|70|1|1|1|1|2|1|1
3471047|1|1|1|155.36994268|70|1|1|1|1|2|1|1
3471049|1|1|1|254.11865468|73|1|1|3|1|1|1|1
3471050|1|1|1|475.31150823|73|1|1|3|1|1|1|1
3471051|1|1|1|391.22715261|73|1|1|3|1|1|1|1
3471052|1|1|1|406.00377589|73|1|1|3|1|1|1|1
3471053|1|1|1|391.22715261|73|1|1|3|1|1|1|1
3471054|1|1|1|390.64261157|73|1|1|3|1|1|1|1
3471055|1|1|1|272.95864258|73|2|1|3|1|1|1|1
3471056|1|1|1|376.87740269|73|2|1|4|1|1|1|1
3471057|1|1|1|495.21776349|73|2|1|4|1|1|1|1
3471058|1|1|1|495.21776349|73|2|1|4|1|1|1|1
3471059|1|1|1|426.51571212|73|2|1|4|1|1|1|1
3471060|1|1|1|497.11708976|73|2|1|4|1|1|1|1
3471061|1|1|1|414.41799804|73|2|1|4|1|1|1|1
3471063|1|1|1|447.15161645|73|2|1|4|1|1|1|1
3471064|1|1|1|366.75422497|73|2|1|4|1|1|1|1
3471065|1|1|1|372.70674108|73|2|1|4|1|1|1|1
3471066|1|1|1|380.54730805|73|2|1|4|1|1|1|1
3471067|1|1|1|365.1711116|73|2|1|4|1|1|1|1
3471068|1|1|1|437.81136956|73|2|1|4|1|1|1|1
3471069|1|1|1|454.41738328|73|2|1|4|1|1|1|1
3471070|1|1|1|475.5968775|73|1|1|4|1|1|1|1
3471071|1|1|1|433.76174066|73|1|1|4|1|1|1|1
3471072|1|1|1|319.15520265|73|1|1|4|1|1|1|1
3471073|1|1|1|533.00986583|73|1|1|4|1|1|1|1
3471074|1|1|1|433.15966339|73|1|1|4|1|1|1|1
3471075|1|1|1|277.66283811|73|1|1|4|1|1|1|1
3471076|1|1|1|418.18388917|73|1|1|4|1|1|1|1
3471077|1|1|1|344.94890158|73|1|1|4|1|1|1|1
3471078|1|1|1|349.04980241|73|1|1|4|1|1|1|1
3471079|1|1|1|336.45535124|73|2|1|2|1|1|1|1
3471080|1|1|1|443.54529617|73|2|1|2|1|1|1|1
3471081|1|1|1|186.73693395|73|1|1|2|1|1|1|1
3471082|1|1|1|336.45535124|73|2|1|2|1|1|1|1
3471083|1|1|1|322.94589616|73|1|1|2|1|1|1|1
3471084|1|1|1|151.28267362|73|1|1|2|1|1|1|1
3471085|1|1|1|310.23800014|73|2|1|2|1|1|1|1
3471086|1|1|1|313.66205326|73|1|1|2|1|1|1|1
3471087|1|1|1|353.18849726|73|2|1|2|1|1|1|1
3471088|1|1|1|448.19404336|73|1|1|2|1|1|1|1
3471089|1|1|1|608.73896151|73|1|1|2|1|1|1|1
3471090|1|1|1|398.26830955|73|1|1|2|1|1|1|1
3471091|1|1|1|387.15016769|73|1|1|2|1|1|1|1
3471092|1|1|1|496.25772238|73|2|1|2|2|1|1|1
3471093|1|1|1|314.6571615|73|2|1|2|1|1|1|1
3471094|1|1|1|263.86512841|73|1|1|2|1|1|1|1
3471095|1|1|1|297.44397272|73|1|1|2|1|1|1|1
3471096|1|1|1|324.80302072|73|1|1|2|1|1|1|1
3471097|1|1|1|287.98372809|73|1|1|2|1|1|1|1
3471098|1|1|1|383.99362518|73|1|1|2|1|1|1|1
3471099|1|1|1|473.83389579|73|2|1|2|1|1|1|1
3471100|1|1|1|312.51408925|73|1|1|2|1|1|1|1
3471101|1|1|1|312.98172209|73|2|1|2|1|1|1|1
3471102|1|1|1|293.2774356|73|2|1|2|1|1|1|1
3471103|1|1|1|541.11279094|73|1|1|1|1|2|1|1
3471104|1|1|1|502.3527693|73|2|1|1|1|2|1|1
3471105|1|1|1|611.34140488|73|2|1|1|1|2|1|1
3471106|1|1|1|692.6168119|73|2|1|1|1|2|1|1
3471107|1|1|1|555.6006751|73|2|1|1|1|2|1|1
3471108|1|1|1|379.8626805|73|1|1|1|1|2|1|1
3471109|1|1|1|404.36335647|73|2|1|1|1|2|1|1
3471110|1|1|1|555.11257932|73|2|1|2|1|1|1|1
3471111|1|1|1|382.1599514|73|1|1|2|1|1|1|1
3471112|1|1|1|482.51348822|73|1|1|2|1|1|1|1
3471113|1|1|1|538.50599028|73|1|1|2|1|1|1|1
3471114|1|1|1|332.47653754|73|2|1|2|1|1|1|1
3471115|1|1|1|318.42449046|73|2|1|2|1|1|1|1
3471116|1|1|1|482.51348822|73|2|1|2|1|1|1|1
3471118|1|1|1|608.73896151|73|1|1|2|1|1|1|1
3471119|1|1|1|388.46546922|73|1|1|2|1|1|1|1
3471120|1|1|1|479.66657781|73|1|1|2|1|1|1|1
3471121|1|1|1|426.02910844|73|1|1|2|1|1|1|1
3471122|1|1|1|502.3527693|73|1|2||2|1|1|1
3471123|1|1|1|478.16772204|73|1|1|2|1|1|1|1
3471124|1|1|1|409.43796387|73|1|1|1|1|1|1|1
3471125|1|1|1|549.89519176|73|2|1|1|1|1|1|1
3471126|1|1|1|611.34140488|73|2|1|2|1|1|1|1
3471127|1|1|1|541.11279094|73|1|1|2|1|1|1|1
3471128|1|1|1|609.00566384|73|1|1|1|1|1|1|1
3471129|1|1|1|630.81504377|73|1|1|2|1|1|1|1
3471130|1|1|1|451.40659597|73|1|1|2|1|1|1|1
3471131|1|1|1|585.96391735|73|2|1|2|1|1|1|1
3471132|1|1|1|572.06012669|73|1|1|1|1|1|1|1
3471133|1|1|1|616.29315104|73|2|1|2|1|1|1|1
3471134|1|1|1|510.51706805|73|1|1|1|1|1|1|1
3471135|1|1|1|502.3527693|73|1|1|1|1|1|1|1
3471136|1|1|1|3081.0531808|76|2|1|5|1|1|1|1
3471137|1|1|1|4220.9539425|76|2|1|5|1|1|1|1
3471138|1|1|1|2289.8019836|76|2|1|5|1|1|1|1
3471139|1|1|1|1561.0785748|76|2|1|5|1|1|1|1
3471140|1|1|1|1561.0785748|76|2|1|5|1|1|1|1
3471141|1|1|1|2839.20038|76|2|1|5|1|1|1|1
3471142|1|1|1|1996.251927|76|2|1|3|1|1|1|1
3471143|1|1|1|1248.8628599|76|1|1|3|1|1|1|1
3471144|1|1|1|1969.1078276|76|2|1|3|1|1|1|1
3471145|1|1|1|1418.3734209|76|2|1|3|1|1|1|1
3471146|1|1|1|4249.2239122|76|2|1|3|1|1|1|1
3471147|1|1|1|2180.7579357|76|2|1|2|1|1|1|1
3471148|1|1|1|901.9565099|76|2|1|2|1|1|1|1
3471149|1|1|1|1720.6606673|76|2|1|2|1|1|1|1
3471150|1|1|1|2261.0803782|76|2|1|2|1|1|1|1
3471151|1|1|1|901.9565099|76|2|1|2|1|1|1|1
3471152|1|1|1|901.9565099|76|1|1|2|1|1|1|1
3471153|1|1|1|1863.3277511|76|2|1|2|1|1|1|1
3471154|1|1|1|3491.5970534|76|2|1|2|1|1|1|1
3471155|1|1|1|3321.4620867|76|1|1|3|1|1|1|1
3471156|1|1|1|2498.4963344|76|1|1|3|1|1|1|1
3471157|1|1|1|3188.298727|76|2|1|3|1|1|2|1
3471158|1|1|1|5494.9965834|76|2|1|3|1|1|1|1
3471159|1|1|1|1555.5376627|76|2|1|3|1|1|1|1
3471160|1|1|1|855.28183736|76|2|1|3|1|1|1|1
3471161|1|1|1|1555.5376627|76|1|1|3|1|1|1|1
3471162|1|1|1|2067.907525|76|2|1|3|1|1|1|1
3471164|1|1|1|1456.8517736|76|1|1|3|1|1|1|1
3471165|1|1|1|5032.4547835|76|2|1|2|1|1|1|1
3471166|1|1|1|1258.1136959|76|2|1|2|1|1|1|1
3471167|1|1|1|1428.8798907|76|2|1|2|1|1|1|1
3471168|1|1|1|1258.1136959|76|2|1|2|1|1|1|1
3471169|1|1|1|1258.1136959|76|2|1|2|1|1|1|1
3471170|1|1|1|1871.654302|76|2|1|2|1|1|1|1
3471171|1|1|1|1467.3887882|76|1|1|1|1|1|1|1
3471172|1|1|1|1404.4118833|76|2|1|1|1|1|1|1
3471173|1|1|1|1062.1150709|76|2|1|1|1|1|1|1
3471174|1|1|1|1635.7913794|76|2|1|1|1|1|1|1
3471175|1|1|1|1741.3762331|76|1|1|1|1|1|1|1
3471176|1|1|1|2289.7479898|76|2|1|1|1|1|1|1
3471177|1|1|1|4808.3456839|76|2|1|2|1|1|1|1
3471178|1|1|1|3019.5109879|76|1|1|2|1|1|1|1
3471179|1|1|1|1248.8628599|76|1|1|2|1|1|1|1
3471180|1|1|1|2051.3743786|76|2|1|2|1|1|1|1
3471181|1|1|1|2972.3325742|76|2|1|2|1|1|1|1
3471182|1|1|1|1440.6975452|76|2|1|2|1|1|1|1
3471183|1|1|1|1248.8628599|76|1|1|2|1|1|1|1
3471184|1|1|1|1093.4076712|76|2|1|2|1|1|1|1
3471185|1|1|1|780.53928742|76|2|1|2|1|1|1|1
3471186|1|1|1|3122.1571497|76|2|1|2|1|1|1|1
3471187|1|1|1|3122.1571497|76|2|1|2|1|1|1|1
3471188|1|1|1|2655.7649451|76|2|1|2|1|1|1|1
3471189|1|1|1|1433.3462854|76|2|1|2|1|1|1|1
3471190|1|1|1|1419.60019|76|2|1|2|1|1|1|1
3471191|1|1|1|1471.0167844|76|2|1|2|1|1|1|1
3471192|1|1|1|886.48338805|76|2|1|2|1|1|1|1
3471193|1|1|1|1398.9714793|76|2|1|2|1|1|1|1
3471194|1|1|1|814.43808299|76|2|1|2|1|1|1|1
3471195|1|1|1|2119.8217059|76|2|1|4|1|1|1|1
3471196|1|1|1|1837.8339724|76|2|1|5|1|1|1|1
3471197|1|1|1|2922.0115656|76|2|1|5|1|1|1|1
3471198|1|1|1|870.33534751|76|2|1|4|1|1|1|1
3471199|1|1|1|713.63591992|76|1|1|3|1|1|1|1
3471200|1|1|1|1659.564857|76|2|1|4|1|1|1|1
3471201|1|1|1|1929.5789451|76|2|1|4|1|1|1|1
3471202|1|1|1|1344.9296314|76|2|1|4|1|1|1|1
3471203|1|1|1|1297.9201737|76|2|1|4|1|1|1|1
3471204|1|1|1|2881.198132|76|2|1|1|2|1|1|1
3471205|1|1|1|906.15079549|76|1|1|1|2|1|1|1
3471206|1|1|1|926.73684958|76|1|1|1|2|1|1|1
3471207|1|1|1|1008.6210993|76|2|1|1|2|1|1|1
3471208|1|1|1|888.0802559|76|1|1|1|2|1|1|1
3471209|1|1|1|1834.6611703|76|1|1|1|2|1|1|1
3471210|1|1|1|888.0802559|76|1|1|1|2|1|1|1
3471211|1|1|1|888.0802559|76|2|1|1|2|1|1|1
3471212|1|1|1|1834.6611703|76|2|1|1|2|1|1|1
3471213|1|1|1|1376.7835666|76|1|1|1|2|1|1|1
3471214|1|1|1|1393.2863873|76|2|1|2|2|1|1|1
3471216|1|1|1|989.25875692|76|1|1|2|1|1|1|1
3471217|1|1|1|2697.7191241|76|2|1|2|1|1|1|1
3471218|1|1|1|1300.7428801|76|2|1|2|1|1|1|1
3471219|1|1|1|674.42978103|76|2|1|2|1|1|1|1
3471220|1|1|1|674.42978103|76|2|1|2|1|1|1|1
3471221|1|1|1|1846.2093145|76|2|1|2|1|1|1|1
3471222|1|1|1|42.400881111|88|2|1|3|2|2|1|2
3471223|1|1|1|55.594123187|88|2|1|3|2|2|1|2
3471224|1|1|1|52.240632916|88|1|1|2|2|2|1|2
3471225|1|1|1|42.04765359|88|2|1|3|2|1|1|1
3471226|1|1|1|37.631203904|88|1|1|3|2|2|1|2
3471227|1|1|1|41.670885915|88|2|1|2|2|1|1|1
3471228|1|1|1|37.631203904|88|2|1|3|2|1|1|1
3471229|1|1|1|42.04765359|88|2|1|3|2|1|1|1
3471230|1|1|1|43.871788399|88|1|1|2|2|2|1|2
3471231|1|1|1|38.422096294|88|2|1|1|2|2|1|2
3471232|1|1|1|57.842306716|88|1|1|2|2|2|1|2
3471233|1|1|1|37.979129544|88|1|1|1|2|2|1|2
3471234|1|1|1|38.062224996|88|2|1|1|2|2|1|2
3471235|1|1|1|44.222317548|88|2|1|2|2|2|1|2
3471236|1|1|1|43.871788399|88|2|1|2|2|2|1|2
3471237|1|1|1|41.795382857|88|2|1|1|2|2|1|2
3471238|1|1|1|47.058282378|88|1|1|1|2|2|1|2
3471239|1|1|1|33.38681378|88|1|1|1|2|2|1|2
3471240|1|1|1|49.335071265|88|2|1|1|2|2|1|2
3471241|1|1|1|35.519142886|88|1|1|2|2|2|1|2
3471242|1|1|1|45.501048646|88|1|1|2|2|2|1|2
3471243|1|1|1|54.148049373|88|1|1|1|2|2|1|2
3471244|1|1|1|24.295915415|88|1|1|1|2|2|1|1
3471245|1|1|1|40.479816964|88|1|1|1|2|2|1|2
3471246|1|1|1|53.051419544|88|2|1|2|2|2|1|2
3471247|1|1|1|39.926777213|88|2|1|1|2|2|1|2
3471248|1|1|1|55.952611013|88|1|1|2|2|2|1|2
3471249|1|1|1|41.779680406|88|2|1|1|2|2|1|2
3471251|1|1|1|70.450464743|88|2|1|1|2|2|1|2
3471252|1|1|1|52.712320754|88|1|1|1|2|2|1|2
3471253|1|1|1|55.384492578|88|2|1|2|2|2|1|2
3471254|1|1|1|57.999657757|88|2|1|1|2|2|1|2
3471255|1|1|1|48.94575061|88|1|1|2|2|1|1|1
3471256|1|1|1|41.779680406|88|2|1|1|2|2|1|2
3471257|1|1|1|44.650436403|88|1|1|1|2|2|1|2
3471258|1|1|1|38.211410647|88|1|1|1|2|2|1|2
3471259|1|1|1|36.888680332|88|1|1|1|2|2|1|2
3471260|1|1|1|33.180925627|88|2|1|2|2|2|1|2
3471261|1|1|1|47.544628718|88|2|1|1|2|2|1|2
3471262|1|1|1|57.759005743|88|1|1|1|2|2|1|2
3471263|1|1|1|27.403081897|88|1|1|1|2|2|1|2
3471264|1|1|1|33.257629121|88|1|1|1|2|2|1|2
3471265|1|1|1|41.474545721|88|1|1|1|2|2|1|2
3471266|1|1|1|41.152789705|88|1|1|1|2|2|1|2
3471267|1|1|1|34.603055534|88|1|1|1|2|2|1|2
3471268|1|1|1|51.868228799|88|1|1|2|2|2|1|1
3471269|1|1|1|34.563464195|88|2|1|2|2|2|1|1
3471270|1|1|1|49.525654914|88|2|1|2|2|2|1|1
3471271|1|1|1|49.525654914|88|1|1|2|2|2|1|1
3471272|1|1|1|30.532091336|88|2|1|2|2|2|1|1
3471273|1|1|1|36.518393792|88|2|1|2|2|2|1|1
3471274|1|1|1|51.522198704|88|1|1|2|2|2|1|1
3471275|1|1|1|34.483564723|88|2|1|2|2|2|1|1
3471276|1|1|1|46.126555878|88|2|1|2|2|2|1|1
3471283|1|1|1|1593.7929306|05|2|1|3|1|1|1|1
3471284|1|1|1|3134.1693991|05|1|1|3|1|1|1|1
3471285|1|1|1|3438.4292103|05|2|1|3|1|1|1|1
3471286|1|1|1|3134.1693991|05|2|1|3|1|1|1|1
3471287|1|1|1|3215.0711758|05|2|1|3|1|1|1|1
3471288|1|1|1|3438.4292103|05|2|1|3|1|1|1|1
3471289|1|1|1|3330.9234867|05|2|1|3|1|1|1|1
3471290|1|1|1|2026.9310001|05|2|1|3|1|1|1|1
3471291|1|1|1|939.02374802|05|2|1|2|1|1|1|1
3471292|1|1|1|576.09087813|05|2|1|2|1|1|1|1
3471293|1|1|1|676.19386055|05|2|1|2|1|1|1|1
3471294|1|1|1|615.40250406|05|2|1|2|2|1|1|1
3471295|1|1|1|687.00093876|05|2|1|2|2|1|1|1
3471298|1|1|1|676.19386055|05|2|1|2|1|1|1|1
3471299|1|1|1|737.11964289|05|2|1|2|1|1|1|1
3471300|1|1|1|676.19386055|05|2|1|2|1|1|1|1
3471302|1|1|1|3894.9791152|05|2|1|2|2|1|1|1
3471303|1|1|1|3668.7436231|05|2|1|2|1|1|1|1
3471304|1|1|1|3912.1820372|05|2|1|1|1|1|1|1
3471305|1|1|1|3026.7613604|05|2|1|1|1|1|1|1
3471306|1|1|1|3200.6314158|05|2|1|2|2|1|1|1
3471307|1|1|1|1627.5903036|05|2|1|2|1|1|1|1
3471308|1|1|1|2598.7544689|05|2|1|2|2|1|1|1
3471309|1|1|1|2336.9412104|05|2|1|2|1|1|1|1
3471310|1|1|1|1627.5903036|05|2|1|2|1|1|1|1
3471311|1|1|1|3473.30991|05|2|1|2|2|1|1|1
3471312|1|1|1|1404.4888098|08|2|1|2|1|1|1|1
3471313|1|1|1|1728.1049234|08|2|1|2|1|1|1|1
3471314|1|1|1|772.61385984|08|2|1|2|1|1|1|1
3471315|1|1|1|1207.019426|08|1|1|2|1|1|1|1
3471316|1|1|1|2124.7007417|08|2|1|2|1|1|1|1
3471317|1|1|1|772.61385984|08|2|1|2|1|1|1|1
3471318|1|1|1|751.73157093|08|2|1|4|1|1|1|1
3471319|1|1|1|1344.981033|08|1|1|3|1|1|1|1
3471320|1|1|1|1918.009188|08|2|1|3|1|1|1|1
3471321|1|1|1|977.83941637|08|1|1|3|1|1|1|1
3471322|1|1|1|1028.5516427|08|1|1|3|1|1|1|1
3471323|1|1|1|1959.3290783|08|2|1|3|1|1|1|1
3471324|1|1|1|666.37945412|08|1|1|2|1|1|1|1
3471325|1|1|1|1490.4904965|08|2|1|2|1|1|1|1
3471326|1|1|1|1942.5276305|08|2|1|1|1|1|1|1
3471327|1|1|1|1836.1410734|08|1|1|2|1|1|1|1
3471328|1|1|1|1389.5320152|08|1|1|2|1|1|1|1
3471329|1|1|1|2090.6073231|08|2|1|2|1|1|1|1
3471330|1|1|1|1502.1526993|08|2|1|1|1|1|1|1
3471331|1|1|1|567.25655662|08|1|1|1|1|1|1|1
3471332|1|1|1|1281.6985346|08|1|1|1|1|1|1|1
3471333|1|1|1|1832.8219597|08|2|1|1|1|1|1|1
3471334|1|1|1|1823.4607038|08|2|1|1|1|1|1|1
3471335|1|1|1|2162.6972308|08|1|1|1|1|1|1|1
3471336|1|1|1|2515.4265134|08|2|1|1|1|1|1|1
3471337|1|1|1|2904.3162011|08|2|1|1|1|1|1|1
3471338|1|1|1|3271.3916789|08|2|1|1|1|1|1|1
3471339|1|1|1|1835.6978559|08|2|1|1|1|1|1|1
3471340|1|1|1|1920.9129409|08|1|1|1|1|1|1|1
3471341|1|1|1|3249.577469|08|1|1|1|1|1|1|1
3471342|1|1|1|11400.078398|11|1|1|2|1|1|1|1
3471343|1|1|1|2850.0195996|11|1|1|2|1|1|1|1
3471344|1|1|1|7501.9961451|11|1|1|2|1|1|1|1
3471345|1|1|1|7018.7729706|11|2|1|2|1|1|1|1
3471346|1|1|1|5109.9960789|11|1|1|2|1|1|1|1
3471348|1|1|1|4060.0090103|11|2|1|2|1|1|1|1
3471349|1|1|1|7871.607043|11|2|1|2|1|1|1|1
3471350|1|1|1|13775.094731|11|2|1|2|2|1|1|1
3471351|1|1|1|4235.6081336|11|1|1|2|2|1|1|1
3471352|1|1|1|9064.9120087|11|2|1|2|2|1|1|1
3471353|1|1|1|4162.8352292|11|2|1|3|1|1|1|1
3471354|1|1|1|6177.4376985|11|2|1|3|2|1|1|1
3471355|1|1|1|21375.146997|11|2|1|1|1|1|1|1
3471356|1|1|1|5949.3027707|11|2|1|3|1|1|1|1
3471357|1|1|1|857.92322313|13|2|1|3|1|1|1|1
3471358|1|1|1|953.45464891|13|2|1|3|1|1|1|1
3471359|1|1|1|645.95209734|13|2|1|3|1|1|1|1
3471360|1|1|1|805.69033073|13|2|1|3|1|1|1|1
3471361|1|1|1|748.78279468|13|2|1|3|1|1|1|1
3471362|1|1|1|886.15667923|13|2|1|3|1|1|1|1
3471363|1|1|1|122.61930284|15|2|1|3|1|1|1|1
3471364|1|1|1|127.41430024|15|1|1|3|1|1|1|1
3471365|1|1|1|154.44671018|15|1|1|3|1|1|1|1
3471366|1|1|1|228.3600474|15|1|1|1|2|2|1|1
3471367|1|1|1|153.94388076|15|1|1|3|1|1|1|1
3471368|1|1|1|123.44344865|15|2|1|4|1|1|1|1
3471369|1|1|1|131.79559974|15|2|1|4|1|1|1|1
3471370|1|1|1|164.42870154|15|2|1|4|1|1|1|1
3471371|1|1|1|144.48944979|15|2|1|4|1|1|1|1
3471373|1|1|1|91.559198218|15|2|1|3|1|1|1|1
3471374|1|1|1|158.91561766|15|2|1|3|1|1|1|1
3471375|1|1|1|131.06898874|15|2|1|3|1|1|1|1
3471376|1|1|1|63.804044461|15|1|1|3|1|1|1|1
3471377|1|1|1|150.50984353|15|2|1|3|1|1|1|1
3471378|1|1|1|463.63007705|17|1|1|6|1|1|1|1
3471379|1|1|1|219.22347132|17|1|1|3|1|1|1|1
3471380|1|1|1|603.84074973|17|3|1|3|1|1|1|1
3471381|1|1|1|407.28614408|17|2|1|3|1|1|1|1
3471382|1|1|1|434.81481859|17|2|1|3|1|1|1|1
3471383|1|1|1|809.64253957|17|2|1|3|1|1|1|1
3471384|1|1|1|739.96060758|17|2|1|3|1|1|1|1
3471385|1|1|1|257.40036397|17|2|1|3|1|1|1|1
3471386|1|1|1|436.54903147|17|1|1|3|1|1|1|1
3471387|1|1|1|407.28614408|17|1|1|3|1|1|1|1
3471388|1|1|1|433.82393282|17|1|1|3|2|1|1|1
3471389|1|1|1|279.59438738|17|1|1|1|1|1|1|1
3471390|1|1|1|239.65183226|17|2|1|2|1|1|1|1
3471391|1|1|1|403.76928811|17|2|1|2|1|1|1|1
3471392|1|1|1|472.07292221|17|2|1|2|1|1|1|1
3471393|1|1|1|214.0520327|17|2|1|2|1|1|1|1
3471394|1|1|1|488.76266344|17|2|1|2|1|1|1|1
3471395|1|1|1|338.69581878|17|2|1|2|1|1|1|1
3471396|1|1|1|308.61972335|17|2|1|2|1|1|1|1
3471397|1|1|1|338.69581878|17|2|1|2|1|1|1|1
3471398|1|1|1|374.97479303|17|1|1|2|1|1|1|1
3471399|1|1|1|476.72297411|17|1|1|4|1|1|1|1
3471400|1|1|1|412.11515657|17|1|1|4|1|1|1|1
3471401|1|1|1|403.56662112|17|1|1|4|1|1|1|1
3471402|1|1|1|566.76755209|17|1|1|4|1|1|1|1
3471403|1|1|1|442.47180456|17|1|1|4|1|1|1|1
3471404|1|1|1|43.75645983|18|1|1|3|1|1|1|1
3471405|1|1|1|94.637975021|18|1|1|3|1|1|1|1
3471406|1|1|1|142.83324447|18|1|1|1|1|1|1|1
3471407|1|1|1|176.07977922|18|2|1|1|1|1|1|1
3471408|1|1|1|67.526166708|18|1|1|1|1|1|1|1
3471409|1|1|1|192.03612158|18|1|1|1|1|1|1|1
3471410|1|1|1|166.41367944|18|1|1|1|1|1|1|1
3471411|1|1|1|145.56828676|18|1|1|2|1|1|1|1
3471412|1|1|1|61.068083746|18|2|1|2|1|1|1|1
3471413|1|1|1|114.1974339|18|1|1|2|1|1|1|1
3471414|1|1|1|81.814766907|18|1|1|2|1|1|1|1
3471415|1|1|1|72.441986888|18|2|1|2|1|1|1|1
3471416|1|1|1|102.58161859|18|1|1|2|1|1|1|1
3471417|1|1|1|111.89155909|18|2|1|2|1|1|1|1
3471418|1|1|1|104.0444976|18|1|1|2|1|1|1|1
3471419|1|1|1|103.20933939|18|1|1|2|1|1|1|1
3471420|1|1|1|123.60295391|18|1|1|1|1|1|1|1
3471421|1|1|1|250.80482009|19|2|1|3|2|1|1|1
3471422|1|1|1|346.82670901|19|1|1|4|1|1|1|1
3471423|1|1|1|108.82963308|19|1|1|2|1|1|1|1
3471424|1|1|1|173.77663752|19|1|1|1|1|1|1|1
3471425|1|1|1|186.63351754|19|1|1|1|1|1|1|1
3471426|1|1|1|237.74509777|19|1|1|1|1|1|1|1
3471427|1|1|1|293.68968432|19|1|1|1|1|1|1|1
3471428|1|1|1|206.57767073|19|1|1|1|1|1|1|1
3471429|1|1|1|236.12320223|19|1|1|1|1|1|1|1
3471430|1|1|1|135.52193731|19|1|1|1|1|1|1|1
3471431|1|1|1|197.6149002|19|1|1|1|1|1|1|1
3471432|1|1|1|214.11901345|19|1|1|2|2|1|1|1
3471433|1|1|1|262.18866358|19|2|1|2|1|1|1|1
3471434|1|1|1|313.23032481|19|1|1|2|1|1|1|1
3471435|1|1|1|383.50159034|19|1|1|2|1|1|1|1
3471436|1|1|1|170.5285162|19|1|1|2|1|1|1|1
3471437|1|1|1|242.80956504|19|1|1|2|1|1|1|1
3471438|1|1|1|198.95031074|19|1|1|2|1|1|1|1
3471439|1|1|1|269.77045089|19|2|1|5|1|1|1|1
3471440|1|1|1|236.04588631|19|1|1|1|2|1|1|1
3471441|1|1|1|425.35602121|20|2|1|1|1|1|1|1
3471442|1|1|1|225.5752436|20|2|1|2|1|1|1|1
3471443|1|1|1|257.9192348|20|2|1|1|1|1|1|1
3471444|1|1|1|212.23348324|20|2|1|2|1|1|1|1
3471445|1|1|1|218.46274477|20|1|1|2|1|1|1|1
3471446|1|1|1|137.23835394|20|1|1|2|1|1|1|1
3471447|1|1|1|192.60335945|20|2|1|2|1|1|1|1
3471448|1|1|1|393.36270009|20|2|1|2|1|1|1|1
3471449|1|1|1|204.13698949|20|1|1|2|1|1|1|1
3471450|1|1|1|158.27705544|20|2|1|2|1|1|1|1
3471451|1|1|1|419.4383399|20|1|1|3|1|1|1|1
3471452|1|1|1|474.59882359|20|1|1|3|1|1|1|1
3471453|1|1|1|377.35270976|20|1|1|5|1|1|1|1
3471454|1|1|1|160.72890723|20|1|1|5|1|1|1|1
3471455|1|1|1|139.27658303|20|1|1|5|1|1|1|1
3471456|1|1|1|188.42833516|20|1|1|5|1|1|1|1
3471457|1|1|1|389.45374047|20|1|1|5|1|1|1|1
3471458|1|1|1|171.02010261|20|2|1|2|1|1|1|1
3471459|1|1|1|171.02010261|20|2|1|1|1|1|1|1
3471460|1|1|1|419.5292264|20|2|1|2|1|1|1|1
3471461|1|1|1|221.15261635|20|2|1|2|1|1|1|1
3471462|1|1|1|171.02010261|20|2|1|2|1|1|1|1
3471463|1|1|1|171.02010261|20|2|1|2|1|1|1|1
3471464|1|1|1|434.56907885|20|2|1|2|1|1|1|1
3471465|1|1|1|320.71578245|20|1|1|2|1|1|1|1
3471466|1|1|1|317.90353986|20|2|1|2|1|1|1|1
3471467|1|1|1|264.513846|20|2|1|2|1|1|1|1
3471468|1|1|1|145.10796585|20|2|1|1|1|1|1|1
3471469|1|1|1|374.11179592|23|2|1|2|1|1|1|1
3471470|1|1|1|131.22398493|23|1|1|5|1|1|1|1
3471472|1|1|1|295.06873815|23|1|1|5|1|1|1|1
3471473|1|1|1|373.99573046|23|2|1|1|1|1|1|1
3471474|1|1|1|223.11214976|23|2|1|1|1|1|1|1
3471475|1|1|1|303.00780495|23|2|1|1|1|1|1|1
3471476|1|1|1|358.63819869|23|1|1|1|1|1|1|1
3471477|1|1|1|221.64576104|23|2|1|1|1|1|1|1
3471478|1|1|1|227.13029734|23|2|1|1|1|1|1|1
3471479|1|1|1|336.13184354|23|2|1|1|1|1|1|1
3471480|1|1|1|140.31041959|23|1|1|1|1|1|1|1
3471481|1|1|1|223.23040298|23|2|1|1|1|1|1|1
3471482|1|1|1|255.27443239|23|1|1|1|1|1|1|1
3471483|1|1|1|341.61637985|23|1|1|1|1|1|1|1
3471484|1|1|1|161.52624223|23|1|1|1|1|1|1|1
3471485|1|1|1|140.31041959|23|1|1|1|1|1|1|1
3471486|1|1|1|138.59176988|23|1|1|3|1|1|1|1
3471487|1|1|1|403.35821225|23|1|1|1|1|2|1|1
3471488|1|1|1|115.8771195|27|1|1|1|2|2|1|1
3471489|1|1|1|123.04891865|27|1|1|2|2|2|1|1
3471490|1|1|1|99.65820392|27|1|1|1|2|2|1|1
3471491|1|1|1|144.64937809|27|2|1|1|2|2|1|2
3471492|1|1|1|92.765454304|27|1|1|1|2|2|1|2
3471493|1|1|1|61.430217188|27|2|1|1|2|2|1|2
3471494|1|1|1|77.962751174|27|2|1|1|2|2|1|2
3471495|1|1|1|111.53717261|27|1|1|1|2|2|1|2
3471496|1|1|1|43.516376947|27|1|1|1|2|2|1|2
3471497|1|1|1|65.90502109|27|1|1|1|2|2|1|2
3471498|1|1|1|64.047097023|27|1|1|1|2|2|1|2
3471499|1|1|1|172.37829543|41|1|1|2|1|1|1|1
3471500|1|1|1|155.37800932|41|2|1|2|1|1|1|1
3471501|1|1|1|196.63705423|41|2|1|2|1|1|1|1
3471502|1|1|1|182.09364306|41|2|1|2|1|1|1|1
3471503|1|1|1|342.188721|41|2|1|2|1|1|1|1
3471504|1|1|1|182.09364306|41|2|1|2|1|1|1|1
3471505|1|1|1|221.4198062|41|1|1|2|1|1|1|1
3471506|1|1|1|400.95203398|41|2|1|2|1|1|1|1
3471507|1|1|1|269.65264856|41|2|1|2|1|1|1|1
3471508|1|1|1|336.09115826|41|2|1|2|1|1|1|1
3471509|1|1|1|243.60898701|41|2|1|2|1|1|1|1
3471510|1|1|1|243.60898701|41|2|1|2|1|1|1|1
3471511|1|1|1|464.54225104|41|1|1|2|1|1|1|1
3471512|1|1|1|160.64260783|41|2|1|2|1|1|1|1
3471513|1|1|1|276.34161901|41|2|1|2|1|1|1|1
3471514|1|1|1|240.62374262|41|2|1|2|1|1|1|1
3471515|1|1|1|315.39501367|41|2|1|2|1|1|1|1
3471516|1|1|1|196.25414591|41|2|1|2|1|1|1|1
3471517|1|1|1|200.30072265|41|2|1|2|1|1|1|1
3471519|1|1|1|296.95560894|41|2|1|2|1|1|1|1
3471520|1|1|1|63.023086477|44|2|1|2|1|1|1|1
3471521|1|1|1|95.337227878|44|2|1|2|1|1|1|1
3471522|1|1|1|136.88495924|44|1|1|3|1|1|1|1
3471523|1|1|1|110.25833318|44|1|1|2|1|1|1|1
3471524|1|1|1|132.5188974|44|2|1|3|1|1|1|1
3471525|1|1|1|92.98594108|44|1|1|2|1|1|1|1
3471526|1|1|1|71.720471066|44|1|1|2|1|1|1|1
3471527|1|1|1|53.714739294|44|1|1|2|1|1|1|1
3471528|1|1|1|140.51829418|44|2|1|2|1|1|1|1
3471529|1|1|1|89.976071839|44|1|1|2|1|1|1|1
3471530|1|1|1|69.693810494|44|2|1|2|1|1|1|1
3471531|1|1|1|132.5188974|44|2|1|2|1|1|1|1
3471532|1|1|1|197.32207586|44|2|1|1|1|1|1|1
3471533|1|1|1|111.14556495|44|1|1|1|1|1|1|1
3471534|1|1|1|125.94562065|44|2|1|1|1|1|1|1
3471535|1|1|1|64.853230778|44|1|1|1|1|1|1|1
3471536|1|1|1|139.03705104|44|1|1|1|1|1|1|1
3471537|1|1|1|130.71701253|44|2|1|1|1|1|1|1
3471538|1|1|1|146.56756698|44|2|1|1|1|1|1|1
3471539|1|1|1|56.507519776|44|1|1|1|1|1|1|1
3471540|1|1|1|54.50586039|44|1|1|1|1|1|1|1
3471541|1|1|1|379.49058213|47|2|1|2|1|1|1|1
3471542|1|1|1|370.55726568|47|2|1|2|1|1|1|1
3471543|1|1|1|299.78357293|47|2|1|2|1|1|1|1
3471544|1|1|1|584.55530684|47|2|1|2|1|1|1|1
3471545|1|1|1|379.49058213|47|2|1|2|1|1|1|1
3471546|1|1|1|438.658471|47|1|1|2|1|1|1|1
3471547|1|1|1|412.90229447|47|2|1|2|1|1|1|1
3471548|1|1|1|438.65788303|47|1|1|2|1|1|1|1
3471549|1|1|1|423.89243011|47|1|1|2|1|1|1|1
3471550|1|1|1|585.1223836|47|2|1|2|1|1|1|1
3471551|1|1|1|798.64349251|47|2|1|2|1|1|1|1
3471552|1|1|1|318.4212255|47|2|1|2|1|1|1|1
3471553|1|1|1|321.19668528|47|1|1|2|1|1|1|1
3471554|1|1|1|813.26637216|47|1|1|2|1|1|1|1
3471555|1|1|1|565.47987124|47|2|1|2|1|1|1|1
3471556|1|1|1|218.16392498|47|2|1|2|1|1|1|1
3471557|1|1|1|539.02359479|47|2|1|2|1|1|1|1
3471558|1|1|1|229.42185192|47|1|1|3|1|1|1|1
3471559|1|1|1|294.68416972|50|2|1|3|1|1|1|1
3471560|1|1|1|596.06068068|50|1|1|1|1|1|1|1
3471561|1|1|1|548.94455733|50|1|1|1|1|1|1|1
3471562|1|1|1|435.45523557|50|1|1|1|1|1|1|1
3471563|1|1|1|913.10218985|50|1|1|2|1|1|1|1
3471564|1|1|1|664.03167526|50|1|1|2|1|1|1|1
3471565|1|1|1|274.65536856|50|2|1|2|1|1|1|1
3471566|1|1|1|305.2950735|50|1|1|1|1|1|1|1
3471567|1|1|1|608.65979451|50|1|1|1|1|1|1|1
3471568|1|1|1|492.29520175|50|2|1|1|1|1|1|1
3471569|1|1|1|208.66674105|50|1|1|1|1|1|1|1
3471570|1|1|1|658.49460124|50|1|1|1|1|1|1|1
3471571|1|1|1|471.01158275|50|2|1|2|1|1|1|1
3471572|1|1|1|489.1387822|50|2|1|2|1|1|1|1
3471573|1|1|1|928.64623252|50|2|1|3|1|1|1|1
3471574|1|1|1|934.84271818|50|2|1|2|1|1|1|1
3471575|1|1|1|514.86893232|50|2|1|2|1|1|1|1
3471576|1|1|1|139.00735082|52|1|1|2|1|1|1|1
3471577|1|1|1|185.88936228|52|2|1|2|2|1|1|1
3471578|1|1|1|188.29087189|52|2|1|2|2|1|1|1
3471579|1|1|1|212.11222028|52|2|1|3|2|1|1|1
3471580|1|1|1|276.00390077|52|1|1|3|1|1|1|1
3471581|1|1|1|284.83338752|52|4|1|3|2|1|1|1
3471582|1|1|1|340.03562655|52|2|1|3|1|1|1|1
3471583|1|1|1|276.00390077|52|2|1|3|1|1|1|1
3471584|1|1|1|340.03562655|52|2|1|3|2|1|1|1
3471585|1|1|1|200.06655978|52|2|1|2|1|1|1|1
3471586|1|1|1|250.32228678|52|2|1|2|2|1|1|1
3471587|1|1|1|279.5848485|52|2|1|2|2|1|1|1
3471588|1|1|1|281.1527788|52|2|1|2|2|1|1|1
3471589|1|1|1|290.29358312|52|2|1|2|2|1|1|1
3471590|1|1|1|427.92172179|52|2|1|2|1|1|1|1
3471591|1|1|1|167.71628722|52|1|1|3|1|1|1|1
3471592|1|1|1|193.00600391|52|1|1|3|1|1|1|1
3471593|1|1|1|147.30932068|52|1|1|3|1|1|1|1
3471594|1|1|1|150.88213242|52|1|1|3|1|1|1|1
3471595|1|1|1|295.96785364|52|2|1|1|1|1|1|1
3471596|1|1|1|339.9097681|52|1|1|1|2|1|1|1
3471597|1|1|1|352.95738999|52|2|1|1|2|1|1|1
3471598|1|1|1|296.12020268|52|2|1|1|2|1|1|1
3471599|1|1|1|390.43955589|52|2|1|1|2|1|1|1
3471600|1|1|1|258.30895761|52|1|1|1|1|1|1|1
3471601|1|1|1|269.41061798|52|2|1|1|2|1|1|1
3471602|1|1|1|290.17600427|52|2|1|1|2|1|1|1
3471603|1|1|1|303.05496726|52|1|1|1|2|1|1|1
3471604|1|1|1|1401.7631331|54|1|1|1|1|1|1|1
3471605|1|1|1|657.61005292|54|1|1|1|2|2|1|1
3471606|1|1|1|590.180508|54|1|1|1|1|1|1|1
3471607|1|1|1|1248.2492828|54|4|1|1|2|1|1|1
3471608|1|1|1|882.9875481|54|3|1|1|1|1|1|1
3471609|1|1|1|350.44078327|54|1|1|1|1|1|1|1
3471610|1|1|1|796.15394199|54|1|1|1|1|1|1|1
3471611|1|1|1|602.25093336|54|1|1|1|2|1|1|1
3471612|1|1|1|508.70436281|54|1|1|1|1|1|1|1
3471613|1|1|1|906.69013408|54|1|1|1|1|1|1|1
3471614|1|1|1|1029.0429968|54|1|1|1|1|1|1|1
3471615|1|1|1|784.55924214|54|1|1|1|1|1|1|1
3471616|1|1|1|1029.0429968|54|1|1|1|1|1|1|1
3471617|1|1|1|954.59523811|54|1|1|1|1|1|1|1
3471618|1|1|1|856.71364064|54|2|1|1|1|1|1|1
3471619|1|1|1|181.3657963|63|2|1|2|1|1|1|1
3471620|1|1|1|98.499801883|63|1|1|3|1|1|1|1
3471621|1|1|1|202.38475359|63|1|1|2|1|2|1|1
3471622|1|1|1|203.12969186|63|1|1|2|1|1|1|1
3471623|1|1|1|253.07009256|63|1|1|2|1|1|1|1
3471624|1|1|1|311.89098482|63|1|1|2|2|2|2|2
3471625|1|1|1|350.84504194|63|1|1|2|1|1|1|1
3471626|1|1|1|158.28287677|63|2|1|3|1|1|1|1
3471627|1|1|1|197.26005441|63|1|1|2|1|1|1|1
3471628|1|1|1|317.37844857|63|1|1|5|1|1|1|1
3471630|1|1|1|218.51408471|63|1|1|5|1|1|1|1
3471631|1|1|1|240.71011151|63|1|1|5|1|1|1|1
3471632|1|1|1|179.70824377|63|2|1|5|1|1|1|1
3471633|1|1|1|144.26353626|63|2|1|5|1|1|1|1
3471634|1|1|1|144.26353626|63|2|1|5|1|1|1|1
3471635|1|1|1|250.3829388|63|2|1|5|1|1|1|1
3471636|1|1|1|250.35976989|63|2|1|5|1|1|1|1
3471637|1|1|1|338.57258308|63|1|1|3|1|1|1|1
3471638|1|1|1|267.56381092|63|2|1|3|1|1|1|1
3471639|1|1|1|205.3426961|63|1|1|3|1|1|1|1
3471640|1|1|1|162.81947541|63|1|1|3|1|1|1|1
3471641|1|1|1|136.68060136|63|1|1|3|1|1|1|1
3471642|1|1|1|579.5643964|66|2|1|2|1|1|1|1
3471643|1|1|1|604.68201405|66|2|1|2|1|1|1|1
3471644|1|1|1|549.49769461|66|2|1|2|1|1|1|1
3471645|1|1|1|854.12401359|66|1|1|2|1|1|1|1
3471646|1|1|1|753.63827118|66|2|1|2|1|1|1|1
3471647|1|1|1|430.5776729|66|1|1|1|1|1|1|1
3471648|1|1|1|405.88709958|66|1|1|1|1|1|1|1
3471649|1|1|1|349.36987703|66|1|1|1|1|1|1|1
3471650|1|1|1|539.41154365|66|1|1|1|1|1|1|1
3471651|1|1|1|405.88709958|66|1|1|1|1|1|1|1
3471652|1|1|1|492.03692027|66|1|1|1|1|1|1|1
3471653|1|1|1|408.24011978|66|1|1|1|1|1|1|1
3471654|1|1|1|405.88709958|66|1|1|1|1|1|1|1
3471655|1|1|1|405.88709958|66|1|1|1|1|1|1|1
3471656|1|1|1|442.26012977|66|2|1|4|2|1|1|1
3471657|1|1|1|275.40962934|66|1|1|4|1|1|1|1
3471658|1|1|1|545.33453388|66|1|1|4|1|1|1|1
3471659|1|1|1|444.26012629|66|1|1|4|1|1|1|1
3471660|1|1|1|439.71102454|66|1|1|4|1|1|1|1
3471661|1|1|1|420.06111041|66|1|1|4|1|1|1|1
3471662|1|1|1|358.83563978|66|1|1|4|1|1|1|1
3471663|1|1|1|409.95322374|66|1|1|4|1|1|1|1
3471664|1|1|1|432.1522431|66|1|1|4|1|1|1|1
3471665|1|1|1|737.45669104|68|1|1|1|1|1|1|1
3471666|1|1|1|544.41263284|68|2|1|3|1|1|1|1
3471667|1|1|1|910.81921008|68|1|1|4|1|1|1|1
3471668|1|1|1|755.57442881|68|1|1|4|1|1|1|1
3471669|1|1|1|768.18405317|68|1|1|4|1|1|1|1
3471670|1|1|1|485.14640845|68|2|1|1|1|1|1|1
3471671|1|1|1|368.6858004|68|1|1|1|1|1|1|1
3471672|1|1|1|1110.8443206|68|2|1|1|1|1|1|1
3471673|1|1|1|755.00737236|68|2|1|1|1|1|1|1
3471674|1|1|1|900.09274634|68|2|1|3|1|1|1|1
3471675|1|1|1|822.94193951|68|2|1|2|1|1|1|1
3471676|1|1|1|836.67584623|68|2|1|2|1|1|1|1
3471677|1|1|1|2619.1327983|68|2|1|3|1|1|1|1
3471678|1|1|1|276.43632466|70|1|1|2|1|1|1|1
3471679|1|1|1|289.17208634|70|1|1|2|1|1|1|1
3471680|1|1|1|301.26859448|70|1|1|2|1|1|1|1
3471681|1|1|1|169.65949161|70|1|1|2|1|1|1|1
3471682|1|1|1|321.76009257|70|2|1|2|1|1|1|1
3471683|1|1|1|165.18452565|70|1|1|2|1|1|1|1
3471684|1|1|1|335.89505801|70|2|1|2|1|1|1|1
3471685|1|1|1|146.32962689|70|2|1|2|1|1|1|1
3471686|1|1|1|154.22779077|70|2|1|2|1|1|1|1
3471687|1|1|1|211.61504335|70|2|1|2|1|1|1|1
3471688|1|1|1|228.52047563|70|1|1|2|1|1|1|1
3471689|1|1|1|203.18069863|70|2|1|2|1|1|1|1
3471690|1|1|1|121.41062636|70|1|1|2|1|1|1|1
3471691|1|1|1|212.17685504|70|2|1|2|1|1|1|1
3471692|1|1|1|218.13127603|70|1|1|2|1|1|1|1
3471693|1|1|1|168.13792631|70|2|1|2|1|1|1|1
3471694|1|1|1|156.04356706|70|1|1|2|1|1|1|1
3471695|1|1|1|194.73913146|70|1|1|2|1|1|2|1
3471696|1|1|1|226.35842317|70|2|1|2|1|1|1|1
3471697|1|1|1|284.11972575|70|1|1|3|1|1|1|1
3471698|1|1|1|216.77614684|70|2|1|3|1|1|1|1
3471699|1|1|1|157.83135826|70|1|1|3|1|1|1|1
3471700|1|1|1|201.45086863|70|1|1|3|1|1|1|1
3471701|1|1|1|198.96268263|70|2|1|1|1|1|1|1
3471702|1|1|1|239.89043302|70|2|1|1|1|1|1|1
3471703|1|1|1|214.28670216|70|1|1|1|1|1|1|1
3471704|1|1|1|138.75500155|70|2|1|1|1|1|1|1
3471705|1|1|1|208.3651365|70|2|1|1|1|1|1|1
3471706|1|1|1|167.18771548|70|1|1|1|1|1|1|1
3471707|1|1|1|259.11205896|70|1|1|1|1|1|1|1
3471708|1|1|1|291.84453657|70|1|1|1|1|1|1|1
3471709|1|1|1|276.75274258|73|1|1|2|1|1|1|1
3471710|1|1|1|402.78469126|73|1|1|2|1|1|1|1
3471711|1|1|1|267.7897253|73|1|1|2|1|1|1|1
3471712|1|1|1|609.00566384|73|2|1|2|1|2|1|1
3471713|1|1|1|594.12821611|73|2|1|2|1|2|1|1
3471714|1|1|1|312.46504841|73|2|1|2|1|2|1|1
3471715|1|1|1|618.62889208|73|2|1|1|1|2|1|1
3471716|1|1|1|516.61211497|73|1|1|2|1|2|1|1
3471717|1|1|1|463.47382855|73|1|1|1|1|2|1|1
3471718|1|1|1|616.02644871|73|2|1|1|1|2|1|1
3471719|1|1|1|586.84072891|73|1|1|1|1|2|1|1
3471720|1|1|1|263.72959358|73|2|1|2|1|1|1|1
3471721|1|1|1|413.04561031|73|1|1|2|1|1|1|1
3471722|1|1|1|554.84693791|73|1|1|2|1|1|1|1
3471723|1|1|1|2256.5118165|76|2|1|3|1|1|1|1
3471724|1|1|1|1356.919694|76|2|1|3|1|1|1|1
3471725|1|1|1|2175.7366199|76|2|1|3|1|1|1|1
3471726|1|1|1|2379.9949841|76|2|1|3|1|1|1|1
3471727|1|1|1|4166.9573612|76|2|1|2|1|1|1|1
3471728|1|1|1|2407.992786|76|2|1|5|2|1|1|1
3471729|1|1|1|1575.9704676|76|2|1|0|1|1|1|1
3471730|1|1|1|5550.5015994|76|2|1|1|2|1|1|1
3471731|1|1|1|67.552542564|88|1|1|2|2|2|1|2
3471732|1|1|1|48.661039532|88|2|1|1|2|2|1|2
3471733|1|1|1|46.025601729|88|1|1|1|2|2|1|2
3471734|1|1|1|66.187977118|88|1|1|1|2|2|1|2
3471735|1|1|1|53.610212963|88|1|1|1|2|2|1|2
3471736|1|1|1|64.029787857|88|1|1|1|2|2|1|2
3471737|1|1|1|48.204279806|88|2|1|1|2|2|1|2
3471738|1|1|1|59.622352638|88|1|1|1|2|2|1|2
3471739|1|1|1|37.171941314|88|1|1|2|2|2|1|2
3471740|1|1|1|78.930029865|88|1|1|1|2|2|1|2
3471741|1|1|1|28.90780734|88|1|1|1|2|2|1|1
3471742|1|1|1|26.36216526|88|1|1|1|2|2|1|1
3471743|1|1|1|38.320241051|88|2|1|1|2|2|1|1
3471744|1|1|1|26.125947282|88|1|1|2|2|2|1|1
3471745|1|1|1|26.36216526|88|2|1|1|2|1|1|1
3471746|1|1|1|23.593231288|88|1|1|1|2|1|1|1
3471747|1|1|1|26.36216526|88|2|1|1|2|1|1|1
3471748|1|1|1|31.696419145|88|1|1|1|2|1|1|1
3471749|1|1|1|41.779680406|88|2|1|2|2|2|1|2
3471750|1|1|1|57.00285333|88|2|1|1|2|2|1|2
3471751|1|1|1|52.42731456|88|2|1|1|2|2|1|2
3471752|1|1|1|66.561424416|88|2|1|1|2|2|1|2
3471753|1|1|1|61.397949476|88|1|1|1|2|2|1|2
3471754|1|1|1|63.921111942|88|2|1|1|2|2|1|2
3471755|1|1|1|47.133073588|88|2|1|1|2|2|1|2
3471756|1|1|1|63.921111942|88|2|1|1|2|2|1|2
3471757|1|1|1|55.740572459|88|2|1|1|2|2|1|2
3471767|1|1|1|2393.2640061|05|2|1|6|1|1|1|1
3471769|1|1|1|5863.9775428|05|2|1|2|1|1|1|1
3471770|1|1|1|4368.4795146|05|2|1|2|1|1|1|1
3471771|1|1|1|7222.0869533|05|2|1|2|1|1|1|1
3471772|1|1|1|7675.4686784|05|2|1|2|1|1|1|1
3471773|1|1|1|6644.0669909|05|2|1|2|1|1|1|1
3471774|1|1|1|5248.6902635|05|2|1|2|1|1|1|1
3471775|1|1|1|10705.140405|05|2|1|2|1|1|1|1
3471776|1|1|1|5974.315064|05|2|1|2|1|1|1|1
3471777|1|1|1|7823.0735165|05|2|1|2|1|1|1|1
3471778|1|1|1|1544.2743156|05|2|1|2|1|1|1|1
3471779|1|1|1|1544.2743156|05|2|1|2|1|1|1|1
3471780|1|1|1|1454.9400906|05|2|1|2|1|1|1|1
3471781|1|1|1|1370.4366768|05|2|1|2|1|1|1|1
3471782|1|1|1|1565.564371|05|2|1|2|1|1|1|1
3471783|1|1|1|1454.9400906|05|2|1|2|1|1|1|1
3471784|1|1|1|1066.102486|05|2|1|2|1|1|1|1
3471785|1|1|1|463.56831591|08|1|1|3|1|1|1|1
3471786|1|1|1|1036.8629541|08|2|1|3|1|1|1|1
3471787|1|1|1|613.10654108|08|2|1|3|1|1|1|1
3471788|1|1|1|1041.1301907|08|2|1|3|1|1|1|1
3471789|1|1|1|925.75783954|08|2|1|3|1|1|1|1
3471790|1|1|1|689.15585157|08|1|1|3|1|2|1|1
3471791|1|1|1|724.21165561|08|1|1|3|1|1|1|1
3471792|1|1|1|14657.243655|11|2|1|2|1|1|1|1
3471793|1|1|1|14657.243655|11|2|1|3|1|1|1|1
3471794|1|1|1|5660.0527427|11|1|1|3|1|1|1|1
3471795|1|1|1|7976.8545304|11|1|1|3|1|1|1|1
3471796|1|1|1|3664.3109137|11|2|1|3|1|1|1|1
3471797|1|1|1|9931.4041066|11|2|1|3|1|1|1|1
3471798|1|1|1|3505.3308692|11|1|1|2|1|1|1|1
3471799|1|1|1|8626.94469|11|1|1|2|1|1|1|1
3471800|1|1|1|11490.885051|11|2|1|2|1|1|1|1
3471801|1|1|1|3420.0235195|11|2|1|3|1|1|1|1
3471802|1|1|1|3420.0235195|11|2|1|3|1|1|1|1
3471803|1|1|1|8582.3871616|11|2|1|3|2|1|1|1
3471804|1|1|1|7917.6372743|11|2|1|3|2|1|1|1
3471805|1|1|1|6440.5296049|11|2|1|3|1|1|1|1
3471806|1|1|1|996.43082284|13|2|1|3|1|1|1|1
3471807|1|1|1|603.94746243|13|2|1|3|1|1|1|1
3471808|1|1|1|1072.8724235|13|1|1|3|1|1|1|1
3471809|1|1|1|628.01250503|13|2|1|3|1|1|1|1
3471810|1|1|1|640.40252247|13|1|1|3|1|1|1|1
3471811|1|1|1|766.02672878|13|2|1|3|1|1|1|1
3471812|1|1|1|647.56494461|13|2|1|3|1|1|1|1
3471813|1|1|1|470.47094116|13|2|1|3|1|1|1|1
3471814|1|1|1|549.10738277|13|2|1|3|1|1|1|1
3471815|1|1|1|385.80749082|13|2|1|3|1|1|1|1
3471816|1|1|1|487.11739571|13|2|1|3|1|1|1|1
3471817|1|1|1|625.67073338|13|2|1|1|1|1|1|1
3471818|1|1|1|649.06567028|13|2|1|3|1|1|1|1
3471819|1|1|1|664.25099415|13|2|1|3|1|1|1|1
3471820|1|1|1|532.41085495|13|2|1|3|1|1|1|1
3471821|1|1|1|546.23497293|13|2|1|3|1|1|1|1
3471822|1|1|1|748.78279468|13|2|1|3|1|1|1|1
3471823|1|1|1|748.78279468|13|2|1|3|1|1|1|1
3471824|1|1|1|101.96772658|15|1|1|3|1|1|1|1
3471825|1|1|1|146.28267708|15|2|1|2|1|1|1|1
3471826|1|1|1|172.34867625|15|2|1|2|1|1|1|1
3471827|1|1|1|175.57445361|15|3|1|2|2|1|1|1
3471828|1|1|1|175.57445361|15|3|1|2|1|1|1|1
3471829|1|1|1|213.40073082|15|2|1|5|1|1|1|1
3471830|1|1|1|213.40073082|15|2|1|5|1|1|1|1
3471831|1|1|1|499.18609434|15|2|1|5|1|1|1|1
3471832|1|1|1|124.02911543|15|2|1|3|1|1|1|1
3471833|1|1|1|181.92752089|15|2|1|3|1|1|1|1
3471834|1|1|1|157.59868385|15|1|1|4|1|1|1|1
3471835|1|1|1|121.45322549|15|1|1|4|1|1|1|1
3471836|1|1|1|339.88680001|17|1|1|5|1|1|1|1
3471837|1|1|1|347.60741847|17|2|1|3|1|1|1|1
3471838|1|1|1|386.35839754|17|1|1|5|1|1|1|1
3471839|1|1|1|339.88680001|17|2|1|5|2|1|1|1
3471840|1|1|1|699.96971108|17|2|1|6|1|1|1|1
3471841|1|1|1|831.11517518|17|2|1|6|1|1|1|1
3471842|1|1|1|683.35326332|17|2|1|6|1|1|1|1
3471843|1|1|1|709.36367302|17|2|1|6|1|1|1|1
3471844|1|1|1|406.45050496|17|2|1|6|1|1|1|1
3471845|1|1|1|537.59596906|17|2|1|6|1|1|1|1
3471846|1|1|1|750.47060423|17|2|1|3|1|1|1|1
3471848|1|1|1|442.47180456|17|1|1|4|1|1|1|1
3471849|1|1|1|67.526166708|18|1|1|1|1|1|1|1
3471850|1|1|1|81.032649586|18|1|1|1|1|1|1|1
3471851|1|1|1|105.69476033|18|1|1|3|1|1|1|1
3471852|1|1|1|177.5451091|18|1|1|3|1|1|1|1
3471853|1|1|1|105.69476033|18|2|1|3|1|1|1|1
3471854|1|1|1|125.06683697|18|1|1|1|1|1|1|1
3471855|1|1|1|161.46366767|18|2|1|1|1|1|1|1
3471856|1|1|1|60.178331711|18|1|1|1|2|2|1|1
3471857|1|1|1|75.588162885|18|1|1|1|2|2|1|1
3471858|1|1|1|188.76647203|19|2|1|3|1|1|1|1
3471859|1|1|1|199.8733562|19|1|1|3|1|1|1|1
3471860|1|1|1|290.93430031|19|2|1|3|2|1|1|1
3471861|1|1|1|209.30818482|19|1|1|4|1|1|1|1
3471862|1|1|1|224.60036376|19|1|1|4|1|1|1|1
3471863|1|1|1|185.04097484|19|1|1|4|1|2|1|1
3471864|1|1|1|232.68533892|19|1|1|1|1|1|1|1
3471865|1|1|1|269.77045089|19|2|1|5|1|1|1|1
3471866|1|1|1|290.93430031|19|2|1|5|1|1|1|1
3471867|1|1|1|146.43750933|19|1|1|2|1|1|1|1
3471868|1|1|1|226.07989857|19|2|1|4|1|1|1|1
3471869|1|1|1|295.68259437|19|1|1|4|1|1|1|1
3471870|1|1|1|291.21545755|19|1|1|4|1|1|1|1
3471871|1|1|1|177.38080317|19|1|1|4|2|1|1|1
3471872|1|1|1|226.07989857|19|1|1|4|1|1|1|1
3471873|1|1|1|226.07989857|19|1|1|4|1|1|1|1
3471874|1|1|1|243.31706074|19|1|1|4|1|1|1|1
3471875|1|1|1|259.953828|19|2|1|4|1|1|1|1
3471876|1|1|1|302.8700809|20|2|1|2|1|1|1|1
3471877|1|1|1|185.9668436|20|1|1|3|1|1|1|1
3471878|1|1|1|336.67548294|20|1|1|3|1|1|1|1
3471879|1|1|1|406.96292477|20|1|1|3|1|1|1|1
3471880|1|1|1|307.91308138|20|1|1|3|1|1|1|1
3471881|1|1|1|171.02010261|20|1|1|1|1|1|1|1
3471882|1|1|1|230.24942925|20|1|1|1|1|1|1|1
3471883|1|1|1|394.3187321|20|1|1|1|1|1|1|1
3471884|1|1|1|171.02010261|20|1|1|1|1|1|1|1
3471885|1|1|1|509.24585745|20|2|1|1|1|1|1|1
3471886|1|1|1|268.60450792|20|2|1|1|1|1|1|1
3471887|1|1|1|487.02740205|20|1|1|1|1|1|1|1
3471888|1|1|1|313.43457847|20|2|1|1|1|1|1|1
3471889|1|1|1|381.8561309|20|2|1|1|1|1|1|1
3471890|1|1|1|508.22385523|20|2|1|1|1|1|1|1
3471891|1|1|1|266.71738702|20|2|1|1|1|1|1|1
3471892|1|1|1|518.62900753|20|1|1|1|1|1|1|1
3471893|1|1|1|391.6618496|20|1|1|1|1|1|1|1
3471894|1|1|1|443.51885195|20|2|1|1|1|1|1|1
3471895|1|1|1|245.21934379|20|1|1|1|2|1|1|1
3471896|1|1|1|684.08041042|20|1|1|1|2|1|1|1
3471897|1|1|1|387.49647859|20|2|1|1|1|1|1|1
3471898|1|1|1|186.7857384|20|2|1|1|1|1|1|1
3471899|1|1|1|171.02010261|20|2|1|1|1|1|1|1
3471900|1|1|1|551.63571935|20|2|1|1|1|1|1|1
3471901|1|1|1|174.10209077|23|2|1|2|1|1|1|1
3471902|1|1|1|482.50575623|23|2|1|3|1|1|1|1
3471903|1|1|1|211.07703863|23|1|1|3|1|1|1|1
3471904|1|1|1|199.21516567|23|2|1|3|1|1|1|1
3471905|1|1|1|199.21516567|23|2|1|3|1|1|1|1
3471906|1|1|1|317.83829615|23|1|1|3|1|1|1|1
3471907|1|1|1|219.62945413|23|2|1|3|1|1|1|1
3471908|1|1|1|331.27380749|23|3|1|1|1|1|1|1
3471909|1|1|1|183.72065278|23|3|1|1|1|1|1|1
3471911|1|1|1|183.96598166|23|1|1|1|1|1|1|1
3471912|1|1|1|197.74966924|23|2|1|1|1|1|1|1
3471914|1|1|1|242.39214785|23|2|1|1|1|1|1|1
3471915|1|1|1|378.66319392|23|1|1|1|1|1|1|1
3471916|1|1|1|278.98943014|23|2|1|1|1|1|1|1
3471917|1|1|1|185.28123447|23|2|1|1|1|1|1|1
3471918|1|1|1|280.30468295|23|1|1|1|1|1|1|1
3471919|1|1|1|137.62685551|23|2|1|1|1|1|1|1
3471920|1|1|1|192.12054899|23|2|1|1|1|1|1|1
3471921|1|1|1|251.36844953|23|1|1|1|1|1|1|1
3471922|1|1|1|195.39646026|23|2|1|1|1|1|1|1
3471923|1|1|1|129.08558602|23|2|1|1|1|1|1|1
3471924|1|1|1|326.25044703|23|2|1|1|1|1|1|1
3471925|1|1|1|263.21694545|23|2|1|1|1|1|1|1
3471926|1|1|1|203.64216935|23|2|1|1|1|1|1|1
3471927|1|1|1|273.72140716|23|2|1|1|1|1|1|1
3471928|1|1|1|315.74494004|23|2|1|1|1|1|1|1
3471929|1|1|1|203.91410015|23|2|1|1|1|1|1|1
3471931|1|1|1|261.08691321|23|2|1|1|1|1|1|1
3471932|1|1|1|271.53772037|23|1|1|1|2|2|1|1
3471933|1|1|1|168.37250351|23|2|1|1|2|2|1|1
3471934|1|1|1|265.62022089|23|1|1|1|2|2|1|1
3471935|1|1|1|478.95008312|23|3|1|1|2|2|1|1
3471936|1|1|1|265.62022089|23|3|1|1|2|2|1|1
3471937|1|1|1|261.15313615|23|1|1|1|2|2|1|1
3471938|1|1|1|267.73457972|23|1|1|1|2|2|1|1
3471939|1|1|1|416.52109938|23|1|1|1|2|2|1|1
3471940|1|1|1|207.8447219|23|3|1|1|2|2|1|1
3471941|1|1|1|168.37250351|23|3|1|1|2|2|1|1
3471942|1|1|1|280.84380027|23|1|1|1|1|1|1|1
3471943|1|1|1|224.10189338|23|1|1|1|1|1|1|1
3471944|1|1|1|173.03927248|23|1|1|1|1|1|1|1
3471945|1|1|1|472.67020289|23|1|1|1|1|1|1|1
3471946|1|1|1|218.39884829|23|1|1|1|1|1|1|1
3471947|1|1|1|206.51119749|23|1|1|1|1|1|1|1
3471948|1|1|1|161.65694139|23|1|1|1|1|1|1|1
3471949|1|1|1|295.11980511|23|1|1|1|1|1|1|1
3471950|1|1|1|115.8771195|27|1|1|1|2|2|1|2
3471951|1|1|1|160.92998627|27|2|1|1|2|2|1|1
3471952|1|1|1|180.71192397|27|1|1|1|2|2|1|1
3471953|1|1|1|137.58727735|27|1|1|1|2|2|1|1
3471954|1|1|1|114.24231424|27|1|1|1|2|2|1|2
3471955|1|1|1|51.829811681|27|2|1|1|2|2|1|1
3471956|1|1|1|33.649086476|27|1|1|1|2|2|1|1
3471957|1|1|1|115.8771195|27|2|1|1|2|2|1|1
3471958|1|1|1|104.71059748|27|1|1|1|2|2|1|1
3471959|1|1|1|136.54221383|41|2|1|2|1|1|1|1
3471960|1|1|1|248.84135453|41|2|1|2|1|1|1|1
3471961|1|1|1|222.13270097|41|2|1|2|1|1|1|1
3471962|1|1|1|207.25621426|41|2|1|2|1|1|1|1
3471963|1|1|1|105.10569654|41|2|1|2|1|1|1|1
3471964|1|1|1|147.19060943|41|2|1|2|1|1|1|1
3471965|1|1|1|153.99070566|41|2|1|2|1|1|1|1
3471966|1|1|1|150.22554199|41|2|1|2|1|1|1|1
3471967|1|1|1|198.38134002|41|1|1|1|2|2|2|1
3471968|1|1|1|195.10033185|41|1|1|1|2|2|2|1
3471969|1|1|1|195.10033185|41|1|1|1|2|2|2|1
3471970|1|1|1|195.10033185|41|1|1|1|2|2|2|1
3471971|1|1|1|163.19543039|41|1|1|1|2|2|2|1
3471972|1|1|1|396.83426135|41|1|1|1|2|2|2|1
3471973|1|1|1|295.94757935|41|1|1|1|2|2|2|1
3471974|1|1|1|57.348074233|44|1|1|2|1|1|1|1
3471975|1|1|1|132.24039305|44|1|1|2|1|1|1|1
3471976|1|1|1|127.41743799|44|2|1|2|1|1|1|1
3471977|1|1|1|102.75539512|44|2|1|2|1|1|1|1
3471978|1|1|1|89.928186316|44|1|1|2|1|1|1|1
3471979|1|1|1|198.38399889|44|1|1|1|2|1|1|1
3471980|1|1|1|130.69134003|44|1|1|1|1|1|1|1
3471981|1|1|1|139.07608467|44|1|1|1|1|1|1|1
3471982|1|1|1|156.86041503|44|2|1|1|1|1|1|1
3471983|1|1|1|183.28473153|44|1|1|0|2|2|1|1
3471984|1|1|1|64.546019229|44|1|1|0|2|2|1|1
3471985|1|1|1|197.59707134|44|1|1|0|2|2|2|1
3471986|1|1|1|199.13302864|47|1|1|3|1|1|1|1
3471987|1|1|1|189.07540165|47|1|1|1|1|2|1|1
3471988|1|1|1|189.07540165|47|1|1|1|1|2|1|2
3471989|1|1|1|304.1371519|47|1|1|1|1|2|1|1
3471990|1|1|1|459.05684764|47|1|1|1|1|2|2|2
3471991|1|1|1|208.61271031|47|1|1|1|1|2|1|1
3471992|1|1|1|345.86374118|47|1|1|1|1|2|1|2
3471993|1|1|1|629.92288305|47|1|1|1|2|2|2|2
3471994|1|1|1|189.07540165|47|1|1|1|1|2|1|1
3471995|1|1|1|578.71596576|47|1|1|1|2|2|2|2
3471996|1|1|1|344.08888956|47|1|1|1|2|2|2|2
3471997|1|1|1|189.07540165|47|2|1|1|1|2|1|2
3471998|1|1|1|564.09620648|47|1|1|1|1|2|1|1
3471999|1|1|1|499.72138664|47|1|1|3|1|1|1|1
3472000|1|1|1|321.19668528|47|1|1|3|1|1|1|1
3472001|1|1|1|605.93740818|47|2|1|3|1|1|1|1
3472002|1|1|1|311.62464484|47|2|1|4|1|1|1|1
3472003|1|1|1|217.78332109|50|2|1|3|1|1|1|1
3472004|1|1|1|434.35908004|50|1|1|3|1|1|1|1
3472005|1|1|1|399.29959386|50|1|1|3|1|1|1|1
3472006|1|1|1|184.10964266|50|1|1|3|1|1|1|1
3472007|1|1|1|612.0794899|50|2|1|3|1|1|1|1
3472008|1|1|1|326.36123343|50|2|1|3|1|1|1|1
3472009|1|1|1|357.45823141|50|2|1|3|1|1|1|1
3472010|1|1|1|187.46318807|50|2|1|1|1|1|1|1
3472011|1|1|1|274.65536856|50|1|1|2|1|1|1|1
3472012|1|1|1|596.84895498|50|1|1|2|1|1|1|1
3472013|1|1|1|598.02146667|50|1|1|2|1|1|1|1
3472014|1|1|1|274.65536856|50|1|1|2|1|1|1|1
3472015|1|1|1|324.88987244|50|1|1|2|1|1|1|1
3472016|1|1|1|274.65536856|50|1|1|2|1|1|1|1
3472017|1|1|1|595.92501546|50|1|1|2|1|1|1|1
3472018|1|1|1|492.29520175|50|1|1|1|1|1|1|1
3472019|1|1|1|487.99303521|50|1|1|1|1|1|1|1
3472020|1|1|1|211.58710689|50|2|1|1|1|1|1|1
3472021|1|1|1|211.58710689|50|2|1|1|1|1|1|1
3472022|1|1|1|619.09748834|50|2|1|3|1|1|1|1
3472023|1|1|1|380.89811543|50|2|1|3|1|1|1|1
3472024|1|1|1|206.25820924|50|1|1|4|1|1|1|1
3472025|1|1|1|326.4770783|50|1|1|4|1|1|1|1
3472026|1|1|1|264.55318184|50|2|1|3|1|1|1|1
3472027|1|1|1|268.11595503|50|1|1|3|1|1|1|1
3472028|1|1|1|493.97871882|50|1|1|3|1|1|1|1
3472029|1|1|1|571.34717315|50|2|1|3|1|1|1|1
3472030|1|1|1|711.4625092|50|2|1|3|1|1|1|1
3472031|1|1|1|471.01158275|50|2|1|3|1|1|1|1
3472032|1|1|1|294.27360917|50|2|1|3|1|1|1|1
3472033|1|1|1|286.33063251|50|1|1|2|1|1|1|1
3472034|1|1|1|590.19805097|50|2|1|2|1|1|1|1
3472035|1|1|1|312.40758671|52|2|1|2|2|1|1|1
3472036|1|1|1|417.02140409|52|1|1|2|2|1|1|1
3472037|1|1|1|273.24386176|52|4|1|2|2|1|1|1
3472038|1|1|1|353.0453848|52|1|1|3|2|1|1|1
3472039|1|1|1|284.83338752|52|4|1|3|2|1|1|1
3472040|1|1|1|375.08881635|52|2|1|2|1|1|1|1
3472041|1|1|1|284.83338752|52|4|1|1|2|1|1|1
3472042|1|1|1|306.79808639|52|2|1|2|1|1|1|1
3472043|1|1|1|263.10828866|52|2|1|2|2|1|1|1
3472044|1|1|1|262.96934909|52|2|1|2|2|1|1|1
3472045|1|1|1|862.13893595|54|2|1|2|2|1|1|1
3472046|1|1|1|780.26910794|54|2|1|2|1|1|1|1
3472047|1|1|1|271.3089935|54|1|1|2|1|1|1|1
3472048|1|1|1|1085.235974|54|3|1|2|1|1|1|1
3472049|1|1|1|548.82293165|54|1|1|2|1|1|1|1
3472050|1|1|1|271.3089935|54|2|1|2|1|1|1|1
3472051|1|1|1|496.61941301|54|2|1|2|2|1|1|1
3472052|1|1|1|456.91394168|54|1|1|2|1|1|1|1
3472053|1|1|1|966.38654151|54|2|1|2|2|1|1|1
3472054|1|1|1|431.53199725|54|1|1|3|1|1|1|1
3472055|1|1|1|537.8247648|54|2|1|3|1|1|1|1
3472056|1|1|1|571.14242709|54|2|1|3|1|1|1|1
3472057|1|1|1|1207.9831769|54|2|1|3|1|1|1|1
3472058|1|1|1|727.90432291|54|2|1|4|1|1|1|1
3472059|1|1|1|686.02866457|54|2|1|4|1|1|1|1
3472060|1|1|1|339.13624188|54|2|1|4|1|1|1|1
3472061|1|1|1|1207.9831769|54|2|1|4|1|1|1|1
3472062|1|1|1|93.007783914|63|1|1|3|1|1|1|1
3472063|1|1|1|331.46966176|63|1|1|2|1|1|1|1
3472064|1|1|1|246.25729079|63|1|1|2|1|1|1|1
3472065|1|1|1|229.00161129|63|2|1|1|1|1|1|1
3472066|1|1|1|142.66216975|63|2|1|1|1|1|1|1
3472067|1|1|1|160.87386346|63|1|1|1|2|1|1|1
3472068|1|1|1|181.7251893|63|2|1|1|1|1|1|1
3472069|1|1|1|279.34062002|63|2|1|1|1|1|1|1
3472070|1|1|1|172.92016513|63|2|1|1|1|1|1|1
3472071|1|1|1|206.76079173|63|2|1|2|1|1|1|1
3472072|1|1|1|178.24206155|63|2|1|1|1|1|1|1
3472074|1|1|1|147.51084766|63|1|1|5|1|1|1|1
3472075|1|1|1|144.26353626|63|2|1|5|1|1|1|1
3472076|1|1|1|259.23417448|63|2|1|5|1|1|1|1
3472077|1|1|1|258.45970117|63|2|1|3|1|1|1|1
3472078|1|1|1|258.45970117|63|1|1|3|1|1|1|1
3472080|1|1|1|205.3426961|63|1|1|3|1|1|1|1
3472081|1|1|1|137.83800519|63|1|1|3|1|1|1|1
3472082|1|1|1|137.83800519|63|1|1|3|1|1|1|1
3472083|1|1|1|321.52765147|63|1|1|2|1|1|1|1
3472084|1|1|1|180.76435183|63|1|1|2|1|1|1|1
3472085|1|1|1|200.01465773|63|1|1|2|1|1|1|1
3472086|1|1|1|145.09263704|63|1|1|1|1|1|1|1
3472087|1|1|1|463.84541773|66|2|1|3|1|1|1|1
3472088|1|1|1|525.53561043|66|2|1|3|1|1|1|1
3472089|1|1|1|281.61110893|66|1|1|3|1|1|1|1
3472090|1|1|1|302.60125259|66|2|1|3|1|1|1|1
3472091|1|1|1|345.29025329|66|1|1|3|1|1|1|1
3472092|1|1|1|491.89012805|66|1|1|3|1|1|1|1
3472093|1|1|1|690.14779442|66|1|1|3|1|1|1|1
3472094|1|1|1|720.47214315|66|1|1|3|1|1|1|1
3472095|1|1|1|618.99126647|66|1|1|3|1|1|1|1
3472096|1|1|1|540.54525463|66|1|1|3|1|1|1|1
3472097|1|1|1|634.65279626|66|2|1|3|1|1|1|1
3472098|1|1|1|398.58743288|66|2|1|2|1|1|1|1
3472099|1|1|1|917.39590769|68|1|1|1|1|1|1|1
3472100|1|1|1|1019.3287863|68|1|1|1|1|1|1|1
3472101|1|1|1|1795.3575451|68|2|1|2|1|1|1|1
3472102|1|1|1|819.39632338|68|2|1|1|1|1|1|1
3472103|1|1|1|792.49579141|68|2|1|1|1|1|1|1
3472104|1|1|1|776.62499603|68|2|1|2|1|1|1|1
3472105|1|1|1|819.39632338|68|2|1|1|1|1|1|1
3472106|1|1|1|354.89625891|68|2|1|2|1|1|1|1
3472107|1|1|1|1677.673725|68|3|1|1|1|1|1|1
3472108|1|1|1|509.63278712|68|3|1|4|1|1|1|1
3472109|1|1|1|1731.2376328|68|2|1|4|1|1|1|1
3472110|1|1|1|1072.7961635|68|2|1|4|1|1|1|1
3472111|1|1|1|721.81730413|68|2|1|4|1|1|1|1
3472112|1|1|1|790.13216897|68|2|1|4|1|1|1|1
3472113|1|1|1|792.25690659|68|2|1|4|1|1|1|1
3472114|1|1|1|817.47684799|68|2|1|4|1|1|1|1
3472115|1|1|1|734.78720347|68|2|1|4|1|1|1|1
3472116|1|1|1|908.77807978|68|2|1|4|1|1|1|1
3472117|1|1|1|1570.9378519|68|2|1|3|1|1|1|1
3472118|1|1|1|715.68853317|68|2|1|3|1|1|1|1
3472119|1|1|1|1152.2760798|68|2|1|4|1|1|1|1
3472120|1|1|1|1130.2630675|68|2|1|4|1|1|1|1
3472121|1|1|1|1219.9386442|68|2|1|4|1|1|1|1
3472122|1|1|1|1066.8885973|68|2|1|4|1|1|1|1
3472123|1|1|1|1052.6502352|68|2|1|4|1|1|1|1
3472124|1|1|1|1282.8791052|68|2|1|4|1|1|1|1
3472125|1|1|1|933.18699618|68|2|1|4|1|1|1|1
3472126|1|1|1|1336.6800869|68|2|1|3|1|1|1|1
3472127|1|1|1|131.90656762|70|1|1|2|1|1|1|1
3472128|1|1|1|192.81190047|70|2|1|2|1|1|1|1
3472129|1|1|1|127.38111656|70|2|1|2|1|1|1|1
3472130|1|1|1|127.38111656|70|1|1|2|1|1|1|1
3472131|1|1|1|104.05662357|70|1|1|2|1|1|1|1
3472132|1|1|1|153.56958776|70|2|1|2|1|1|1|1
3472133|1|1|1|206.14758989|70|2|1|2|1|1|1|1
3472134|1|1|1|131.58906805|70|1|1|2|1|1|1|1
3472135|1|1|1|105.71809642|70|1|1|2|1|1|1|1
3472136|1|1|1|197.10121201|70|1|1|2|1|1|1|1
3472137|1|1|1|177.33839821|70|2|1|2|1|1|1|1
3472138|1|1|1|250.97885449|70|1|1|2|1|1|1|1
3472139|1|1|1|259.15019369|70|1|1|2|1|1|1|1
3472140|1|1|1|270.24658313|70|1|1|2|1|1|1|1
3472141|1|1|1|160.18190182|70|1|1|2|1|1|1|1
3472142|1|1|1|177.33839821|70|2|1|2|1|1|1|1
3472143|1|1|1|212.1037874|70|2|1|2|1|1|1|1
3472144|1|1|1|221.01587693|70|2|1|2|1|1|1|1
3472145|1|1|1|225.67707763|70|1|1|2|1|1|1|1
3472146|1|1|1|359.58065106|73|1|1|2|1|1|1|1
3472147|1|1|1|430.634134|73|1|1|3|1|1|1|1
3472148|1|1|1|406.00377589|73|1|1|3|1|1|1|1
3472149|1|1|1|342.67770114|73|2|1|3|1|1|1|1
3472150|1|1|1|457.90669934|73|2|1|3|1|1|1|1
3472151|1|1|1|619.7188401|73|2|1|4|1|1|1|1
3472152|1|1|1|598.95264384|73|2|1|4|1|1|1|1
3472153|1|1|1|206.54561543|73|1|1|2|1|1|1|1
3472154|1|1|1|611.34140488|73|2|1|1|1|2|1|1
3472155|1|1|1|2839.20038|76|1|1|5|1|1|1|1
3472156|1|1|1|3130.7266775|76|2|1|3|1|1|1|1
3472157|1|1|1|2918.9569966|76|2|1|3|1|1|1|1
3472158|1|1|1|3421.1273494|76|2|1|3|1|1|1|1
3472159|1|1|1|2624.3594733|76|2|1|3|1|1|1|1
3472160|1|1|1|2432.18999|76|2|1|1|1|1|1|1
3472161|1|1|1|61.826638445|88|2|1|1|2|2|1|2
3472162|1|1|1|43.822072551|88|4|1|2|2|2|1|2
3472163|1|1|1|43.822072551|88|2|1|1|2|1|1|2
3472164|1|1|1|41.380277667|88|2|1|1|2|1|2|1
3472165|1|1|1|61.411402331|88|1|1|1|2|1|1|2
3472166|1|1|1|43.822072551|88|2|1|1|2|1|1|2
3472167|1|1|1|43.822072551|88|2|1|1|2|1|1|2
3472168|1|1|1|43.822072551|88|2|1|1|2|1|1|2
3472169|1|1|1|41.841456117|88|1|1|1|2|1|1|2
3472170|1|1|1|40.36280921|88|2|1|2|2|2|1|2
3472171|1|1|1|37.277976383|88|2|1|2|2|2|1|2
3472172|1|1|1|31.381092088|88|1|1|2|2|1|1|2
3472173|1|1|1|33.097675486|88|1|1|1|2|1|1|2
3472174|1|1|1|38.341222788|88|2|1|2|2|1|1|2
3472176|1|1|1|37.708351374|88|1|1|2|2|1|1|2
3472177|1|1|1|35.823197481|88|2|1|2|2|1|1|2
3472178|1|1|1|41.433891974|88|2|1|1|2|2|1|2
3472179|1|1|1|66.561424416|88|2|1|1|2|2|1|2
3472180|1|1|1|2100.6964445|05|2|1|2|1|1|1|1
3472182|1|1|1|4188.2120107|05|2|1|3|1|1|1|1
3472183|1|1|1|3129.7383761|05|2|1|3|1|1|1|1
3472184|1|1|1|2904.1450773|05|2|1|3|1|1|1|1
3472185|1|1|1|2866.5238887|05|2|1|3|1|1|1|1
3472186|1|1|1|3658.5661675|05|2|1|3|2|1|1|1
3472187|1|1|1|4102.230241|05|2|1|3|1|1|1|1
3472189|1|1|1|2620.5115615|05|2|1|3|1|1|1|1
3472190|1|1|1|4122.6492695|05|2|1|3|1|1|1|1
3472191|1|1|1|4163.4873264|05|2|1|3|1|1|1|1
3472192|1|1|1|4103.0457554|05|2|1|3|1|1|1|1
3472193|1|1|1|2456.8860607|05|2|1|3|1|1|1|1
3472194|1|1|1|3084.5946634|05|2|1|3|2|1|1|1
3472195|1|1|1|3494.9406668|05|2|1|3|2|1|1|1
3472197|1|1|1|3384.3399489|05|2|1|3|1|1|1|1
3472198|1|1|1|3134.1693991|05|2|1|3|1|1|1|1
3472199|1|1|1|1278.2846422|05|2|1|2|1|1|1|1
3472200|1|1|1|1568.8330036|05|2|1|2|1|1|1|1
3472201|1|1|1|1544.2743156|05|2|1|2|1|1|1|1
3472202|1|1|1|4084.0912335|05|2|1|5|1|1|1|1
3472203|1|1|1|3737.1343138|05|2|1|5|1|1|1|1
3472204|1|1|1|4733.4649777|05|2|1|5|1|1|1|1
3472205|1|1|1|6021.3943651|05|2|1|5|1|1|1|1
3472206|1|1|1|5206.5873067|05|2|1|5|1|1|1|1
3472207|1|1|1|4062.2571999|05|2|1|5|1|1|1|1
3472208|1|1|1|5206.5873067|05|2|1|5|1|1|1|1
3472209|1|1|1|5036.7538302|05|2|1|5|1|1|1|1
3472210|1|1|1|2648.9782623|05|2|1|5|1|1|1|1
3472213|1|1|1|925.75783954|08|1|1|3|1|1|1|1
3472214|1|1|1|1598.4970542|08|2|1|4|1|1|1|1
3472215|1|1|1|1598.4970542|08|1|1|4|1|1|1|1
3472216|1|1|1|947.33155559|08|2|1|4|1|1|1|1
3472217|1|1|1|731.41450145|08|1|1|3|1|1|1|1
3472218|1|1|1|695.35247386|08|2|1|3|1|1|1|1
3472219|1|1|1|1293.2716101|08|2|1|3|1|1|1|1
3472220|1|1|1|1824.9110602|08|1|1|3|1|1|1|1
3472221|1|1|1|881.34065281|08|1|1|2|1|1|1|1
3472222|1|1|1|990.66153663|08|2|1|2|1|1|1|1
3472223|1|1|1|1494.6426353|08|1|1|2|1|1|1|1
3472224|1|1|1|988.67952274|08|2|1|2|1|1|1|1
3472225|1|1|1|3473.6259107|08|1|1|2|1|1|1|1
3472226|1|1|1|1744.3716438|08|2|1|2|1|1|1|1
3472228|1|1|1|1479.5216322|08|1|1|1|1|1|1|1
3472229|1|1|1|2515.4265134|08|2|1|1|1|1|1|1
3472230|1|1|1|1941.0480973|08|2|1|1|1|1|1|1
3472231|1|1|1|1370.3660564|08|1|1|2|1|1|1|1
3472232|1|1|1|8260.0325582|11|2|1|2|1|1|1|1
3472233|1|1|1|7331.1817096|11|2|1|3|1|1|1|1
3472234|1|1|1|2939.0827121|11|1|1|2|1|1|1|1
3472235|1|1|1|3201.5025173|11|2|1|2|1|1|1|1
3472237|1|1|1|4953.2039123|11|2|1|2|1|1|1|1
3472238|1|1|1|7736.4335246|11|2|1|2|1|1|1|1
3472239|1|1|1|7736.4335246|11|2|1|3|1|1|1|1
3472240|1|1|1|11934.457073|11|2|1|2|1|1|1|1
3472241|1|1|1|5037.0831741|11|2|1|2|1|1|1|1
3472242|1|1|1|16489.399112|11|2|1|4|1|1|1|1
3472243|1|1|1|3944.5583767|11|2|1|3|1|1|1|1
3472244|1|1|1|3944.5583767|11|2|1|3|1|1|1|1
3472245|1|1|1|3944.5583767|11|2|1|3|1|1|1|1
3472246|1|1|1|10383.108151|11|2|1|3|1|1|1|1
3472247|1|1|1|4851.5393527|11|2|1|3|1|1|1|1
3472248|1|1|1|10537.034329|11|2|1|3|1|1|1|1
3472249|1|1|1|8172.347171|11|2|1|3|1|1|1|1
3472250|1|1|1|413.40286062|13|2|1|3|1|1|1|1
3472251|1|1|1|483.19333232|13|1|1|3|1|1|1|1
3472252|1|1|1|443.70271369|13|2|1|1|1|1|1|1
3472253|1|1|1|593.71920494|13|1|1|3|1|1|1|1
3472254|1|1|1|1003.1277913|13|1|1|3|1|1|1|1
3472255|1|1|1|730.84776291|13|2|1|2|1|1|1|1
3472256|1|1|1|872.56948631|13|2|1|2|1|1|1|1
3472257|1|1|1|866.98777708|13|2|1|3|1|1|1|1
3472258|1|1|1|906.1430936|13|1|1|3|1|1|1|1
3472259|1|1|1|400.57231348|13|1|1|1|1|1|1|1
3472260|1|1|1|562.52657376|13|1|1|1|1|1|1|1
3472261|1|1|1|564.80986058|13|2|1|1|1|1|1|1
3472262|1|1|1|430.76694748|13|2|1|1|1|1|1|1
3472263|1|1|1|487.11739571|13|2|1|1|1|1|1|1
3472264|1|1|1|488.43410709|13|2|1|1|1|1|1|1
3472265|1|1|1|545.88011921|13|2|1|1|1|1|1|1
3472266|1|1|1|475.98149154|13|2|1|1|1|1|1|1
3472267|1|1|1|575.94576476|13|1|1|1|1|1|1|1
3472268|1|1|1|737.28086361|13|1|1|1|1|1|1|1
3472269|1|1|1|613.42987795|13|2|1|3|1|1|1|1
3472270|1|1|1|443.25350294|13|2|1|3|1|1|1|1
3472271|1|1|1|398.28902666|13|2|1|3|1|1|1|1
3472272|1|1|1|553.67395641|13|2|1|3|1|1|1|1
3472273|1|1|1|174.34720752|15|2|1|2|1|1|1|1
3472274|1|1|1|127.88562354|15|2|1|1|1|1|1|1
3472275|1|1|1|164.14323505|15|2|1|2|1|1|1|1
3472276|1|1|1|407.66864371|15|1|1|3|1|1|1|1
3472277|1|1|1|181.79643724|15|1|1|3|1|1|1|1
3472278|1|1|1|235.46064715|15|1|1|1|1|2|1|1
3472279|1|1|1|234.67411355|15|2|1|1|1|1|1|1
3472280|1|1|1|80.445340273|15|1|1|2|1|1|1|1
3472281|1|1|1|168.19262221|15|1|1|2|1|1|1|1
3472282|1|1|1|377.16282683|15|2|1|2|1|1|1|1
3472283|1|1|1|371.77459597|15|2|1|3|1|1|1|1
3472284|1|1|1|132.32332998|15|2|1|2|1|1|1|1
3472285|1|1|1|183.01194994|15|2|1|4|1|1|1|1
3472286|1|1|1|174.65042006|15|2|1|4|1|1|1|1
3472287|1|1|1|152.37960524|15|2|1|4|1|1|1|1
3472288|1|1|1|145.77988731|15|2|1|4|1|1|1|1
3472289|1|1|1|151.73843328|15|2|1|3|1|1|1|1
3472290|1|1|1|156.25407054|15|2|1|3|1|1|1|1
3472291|1|1|1|91.092011914|15|2|1|3|1|1|1|1
3472292|1|1|1|144.64060676|15|2|1|3|1|1|1|1
3472293|1|1|1|200.1550987|15|1|1|2|1|1|1|1
3472294|1|1|1|174.80440363|15|2|1|3|1|1|1|1
3472295|1|1|1|399.34887547|15|2|1|3|1|1|1|1
3472296|1|1|1|183.83103943|15|2|1|3|1|1|1|1
3472297|1|1|1|181.92752089|15|2|1|3|1|1|1|1
3472298|1|1|1|158.72875545|15|2|1|3|1|1|1|1
3472299|1|1|1|599.11066812|17|1|1|5|1|1|1|1
3472300|1|1|1|497.12054904|17|1|1|5|1|1|1|1
3472301|1|1|1|414.11765832|17|2|1|5|1|1|1|1
3472302|1|1|1|454.03999733|17|2|1|5|1|1|1|1
3472303|1|1|1|386.35839754|17|1|1|5|1|1|1|1
3472304|1|1|1|492.67808926|17|2|1|5|1|1|1|1
3472305|1|1|1|524.87980981|17|2|1|5|1|1|1|1
3472306|1|1|1|505.13943205|17|2|1|4|1|1|1|1
3472307|1|1|1|303.68628276|17|2|1|5|1|1|1|1
3472308|1|1|1|423.23815018|17|2|1|5|1|1|1|1
3472309|1|1|1|211.02350447|17|2|1|5|2|1|1|1
3472310|1|1|1|439.34782329|17|2|1|5|1|1|1|1
3472311|1|1|1|337.76545429|17|2|1|5|1|1|1|1
3472312|1|1|1|537.59596906|17|2|1|6|1|1|1|1
3472313|1|1|1|406.45050496|17|2|1|6|1|1|1|1
3472314|1|1|1|337.17326624|17|2|1|3|1|1|1|1
3472315|1|1|1|276.91079564|17|2|1|3|1|1|1|1
3472316|1|1|1|607.09743948|17|1|1|4|1|1|1|1
3472317|1|1|1|89.96644285|18|1|1|3|1|1|1|1
3472318|1|1|1|53.018248843|18|1|1|3|1|1|1|1
3472319|1|1|1|126.41779613|18|1|1|3|1|1|1|1
3472320|1|1|1|56.370538842|18|2|1|3|1|1|1|1
3472321|1|1|1|55.020188993|18|1|1|3|1|1|1|1
3472322|1|1|1|91.483762491|18|1|1|1|1|1|1|1
3472323|1|1|1|92.553287267|18|1|1|1|1|1|1|1
3472324|1|1|1|105.69476033|18|1|1|3|1|1|1|1
3472325|1|1|1|82.043362182|18|2|1|3|1|1|1|1
3472326|1|1|1|88.07760875|18|1|1|3|1|1|1|1
3472327|1|1|1|114.49446219|18|1|1|3|1|1|1|1
3472328|1|1|1|195.16226068|18|2|1|3|1|1|1|1
3472329|1|1|1|86.272989382|18|2|1|3|1|1|1|1
3472330|1|1|1|202.51649642|18|2|1|2|1|1|1|1
3472331|1|1|1|171.45081487|18|2|1|2|1|1|1|1
3472332|1|1|1|152.93408901|18|1|1|2|1|1|1|1
3472333|1|1|1|122.50869064|18|2|1|1|1|1|1|1
3472334|1|1|1|268.0990493|18|1|1|1|1|1|1|1
3472335|1|1|1|103.77303741|18|2|1|2|1|1|1|1
3472336|1|1|1|133.97374506|18|1|1|1|2|2|1|1
3472337|1|1|1|229.66927724|18|2|1|1|1|1|1|1
3472338|1|1|1|166.33927138|19|1|1|2|1|1|1|1
3472339|1|1|1|127.53133654|19|1|1|2|1|1|1|1
3472340|1|1|1|143.87757381|19|1|1|4|1|2|1|1
3472341|1|1|1|223.0384425|19|1|1|1|1|1|1|1
3472342|1|1|1|208.68913714|19|2|1|5|1|1|1|1
3472343|1|1|1|331.1449576|19|2|1|4|1|1|1|1
3472344|1|1|1|292.2513218|19|2|1|4|1|1|1|1
3472345|1|1|1|264.97353437|19|1|1|4|1|1|1|1
3472346|1|1|1|372.9318207|20|2|1|2|1|1|1|1
3472347|1|1|1|202.5375575|20|2|1|2|1|1|1|1
3472348|1|1|1|173.39538181|20|1|1|1|1|1|1|1
3472349|1|1|1|263.9588863|20|2|1|2|1|1|1|1
3472350|1|1|1|371.78623313|20|1|1|3|1|1|1|1
3472351|1|1|1|182.19770894|20|3|1|1|2|2|1|1
3472352|1|1|1|349.65328183|20|1|1|5|1|1|1|1
3472353|1|1|1|357.08005766|20|2|1|3|1|1|1|1
3472354|1|1|1|221.9618924|20|2|1|1|1|1|1|1
3472355|1|1|1|223.37511643|20|2|1|1|1|1|1|1
3472356|1|1|1|262.30352893|23|1|1|3|1|1|1|1
3472357|1|1|1|240.32851541|23|1|1|5|1|1|1|1
3472358|1|1|1|142.61087527|23|1|1|5|1|1|1|1
3472359|1|1|1|394.14848494|23|1|1|5|1|1|1|1
3472360|1|1|1|117.86075246|23|1|1|5|1|1|1|1
3472361|1|1|1|184.13829453|23|2|1|1|1|1|1|1
3472362|1|1|1|282.35074858|23|2|1|1|1|1|1|1
3472363|1|1|1|297.88084294|23|2|1|1|1|1|1|1
3472364|1|1|1|283.68184781|23|2|1|1|1|1|1|1
3472365|1|1|1|223.11214976|23|1|1|1|1|1|1|1
3472366|1|1|1|201.67527497|23|2|1|1|1|1|1|1
3472367|1|1|1|229.66450287|23|1|1|1|1|1|1|1
3472368|1|1|1|163.51209071|23|1|1|1|1|1|1|1
3472369|1|1|1|228.88430039|23|2|1|3|1|1|1|1
3472370|1|1|1|261.15313615|23|2|1|1|1|2|1|1
3472371|1|1|1|337.50516892|23|2|1|1|1|2|1|1
3472372|1|1|1|223.45735415|23|1|1|1|1|2|1|1
3472373|1|1|1|134.22228629|27|1|1|1|2|2|1|1
3472374|1|1|1|90.134684687|27|1|1|1|2|2|1|2
3472375|1|1|1|119.28651027|27|1|1|1|2|2|1|2
3472376|1|1|1|47.992351662|27|1|1|1|2|2|1|1
3472377|1|1|1|78.636233151|27|2|1|1|2|2|1|1
3472378|1|1|1|127.82812453|27|1|1|1|2|2|1|2
3472379|1|1|1|92.765454304|27|1|1|1|2|2|1|1
3472380|1|1|1|68.9813314|27|1|1|1|2|2|1|1
3472381|1|1|1|67.98124344|27|1|1|1|2|2|1|1
3472383|1|1|1|134.22228629|27|1|1|1|2|2|1|1
3472384|1|1|1|128.13091976|27|1|1|1|2|2|1|2
3472385|1|1|1|115.28192896|27|1|1|1|2|2|1|2
3472386|1|1|1|199.77172627|41|1|1|2|1|1|1|1
3472387|1|1|1|288.92978167|41|2|1|2|1|1|1|1
3472388|1|1|1|194.88718961|41|2|1|2|1|1|1|1
3472389|1|1|1|398.28171181|41|2|1|2|1|1|1|1
3472390|1|1|1|114.91886362|41|1|1|3|1|1|1|1
3472391|1|1|1|424.32537336|41|2|1|2|1|1|1|1
3472392|1|1|1|170.44167007|41|2|1|2|1|1|1|1
3472393|1|1|1|150.22554199|41|4|1|2|1|1|1|1
3472394|1|1|1|151.57892525|41|2|1|2|1|1|1|1
3472395|1|1|1|172.37829543|41|1|1|2|1|1|1|1
3472396|1|1|1|200.30072265|41|2|1|2|1|1|1|1
3472397|1|1|1|343.86953319|41|2|1|2|1|1|1|1
3472398|1|1|1|259.94815998|41|2|1|2|1|1|1|1
3472399|1|1|1|302.64489065|41|2|1|2|1|1|1|1
3472400|1|1|1|332.94102676|41|2|1|2|1|1|1|1
3472401|1|1|1|129.28372158|41|2|1|2|1|1|1|1
3472402|1|1|1|310.04749671|41|2|1|3|1|1|1|1
3472403|1|1|1|306.25216774|41|1|1|3|1|1|1|1
3472404|1|1|1|172.37829543|41|2|1|3|1|1|1|1
3472405|1|1|1|310.04749671|41|1|1|1|2|1|1|1
3472406|1|1|1|305.25531484|41|1|1|2|1|1|1|1
3472407|1|1|1|162.40599134|41|1|1|1|2|2|2|1
3472408|1|1|1|195.10033185|41|1|1|1|2|2|2|1
3472409|1|1|1|64.546019229|44|2|1|3|1|1|1|1
3472410|1|1|1|64.546019229|44|2|1|3|1|1|1|1
3472411|1|1|1|145.12847028|44|2|1|3|1|1|1|1
3472412|1|1|1|64.546019229|44|1|1|2|1|1|1|1
3472413|1|1|1|173.26157467|44|2|1|3|1|1|1|1
3472414|1|1|1|88.809307992|44|2|1|2|1|1|1|1
3472415|1|1|1|178.54559901|44|2|1|2|1|1|1|1
3472416|1|1|1|106.62499824|44|2|1|3|1|1|1|1
3472417|1|1|1|53.714739294|44|1|1|2|1|1|1|1
3472418|1|1|1|163.82242027|44|2|1|2|1|1|1|1
3472419|1|1|1|78.727752358|44|1|1|2|1|1|1|1
3472420|1|1|1|108.17028807|44|1|1|2|1|1|1|1
3472421|1|1|1|119.84601433|44|2|1|1|1|1|1|1
3472422|1|1|1|110.0950662|44|2|1|1|1|1|1|1
3472423|1|1|1|136.41156604|44|1|1|0|2|2|2|1
3472424|1|1|1|143.8152172|44|1|1|0|2|2|2|2
3472425|1|1|1|143.8152172|44|1|1|0|2|2|2|2
3472426|1|1|1|143.8152172|44|1|1|0|2|2|2|2
3472427|1|1|1|198.53875422|44|1|1|0|2|2|2|1
3472428|1|1|1|129.41875381|44|1|1|0|2|2|1|1
3472429|1|1|1|211.58864269|44|1|1|1|2|2|1|1
3472432|1|1|1|340.61513514|47|2|1|3|1|1|1|1
3472435|1|1|1|439.99641347|47|2|1|3|1|1|1|1
3472437|1|1|1|307.20666172|47|2|1|3|1|1|1|1
3472438|1|1|1|334.25471436|47|1|1|3|1|1|1|1
3472439|1|1|1|265.14520935|47|1|1|3|1|1|1|1
3472440|1|1|1|183.58766396|47|1|1|3|1|1|1|1
3472441|1|1|1|450.48189336|47|1|1|3|1|1|1|1
3472442|1|1|1|255.04839065|47|1|1|3|1|1|1|1
3472443|1|1|1|246.39268874|47|1|1|3|1|1|1|1
3472444|1|1|1|164.83496554|47|1|1|3|1|1|1|1
3472445|1|1|1|277.51166001|47|1|1|3|1|1|1|1
3472458|1|1|1|311.93554041|47|2|1|4|1|1|1|1
3472459|1|1|1|469.15227775|47|1|1|4|1|1|1|1
3472460|1|1|1|285.50816469|47|2|1|4|1|1|1|1
3472461|1|1|1|298.38167189|47|2|1|4|1|1|1|1
3472462|1|1|1|248.89761027|47|2|1|4|1|1|1|1
3472463|1|1|1|289.87375146|47|2|1|4|1|1|1|1
3472464|1|1|1|248.89761027|47|1|1|4|1|1|1|1
3472465|1|1|1|285.50816469|47|2|1|4|1|1|1|1
3472466|1|1|1|289.87375146|47|2|1|4|1|1|1|1
3472467|1|1|1|285.50816469|47|2|1|4|1|1|1|1
3472470|1|1|1|955.39340362|50|2|1|2|1|1|1|1
3472471|1|1|1|658.49460124|50|2|1|1|1|1|1|1
3472472|1|1|1|646.29820555|50|2|1|1|1|1|1|1
3472473|1|1|1|228.8794738|50|1|1|3|1|1|1|1
3472474|1|1|1|192.13598679|52|1|1|1|2|1|1|1
3472475|1|1|1|225.89272959|52|2|1|1|2|1|1|1
3472476|1|1|1|230.17303697|52|2|1|1|2|1|1|1
3472477|1|1|1|312.42182138|52|4|1|2|2|1|1|1
3472478|1|1|1|223.67733662|52|2|1|3|2|1|1|1
3472479|1|1|1|300.19810092|52|4|1|3|1|1|1|1
3472480|1|1|1|411.02328031|52|2|1|3|2|1|1|1
3472481|1|1|1|330.93961347|52|2|1|2|2|1|1|1
3472482|1|1|1|356.61341686|52|1|1|2|2|1|1|1
3472483|1|1|1|288.63117043|52|4|1|2|1|1|1|1
3472484|1|1|1|263.10828866|52|1|1|2|1|1|1|1
3472485|1|1|1|231.86116837|52|2|1|2|1|1|1|1
3472486|1|1|1|192.95003986|52|2|1|3|2|1|1|1
3472487|1|1|1|161.87904413|52|2|1|3|2|1|1|1
3472488|1|1|1|188.20653792|52|1|1|3|2|1|1|1
3472489|1|1|1|167.71628722|52|1|1|3|1|1|1|1
3472490|1|1|1|353.05976325|52|2|1|1|2|1|1|1
3472492|1|1|1|323.77577362|52|1|1|1|1|1|1|1
3472493|1|1|1|222.43718075|52|1|1|1|1|1|1|1
3472494|1|1|1|1258.9248521|54|1|1|1|1|1|1|1
3472495|1|1|1|602.87015733|54|1|1|2|1|1|1|1
3472496|1|1|1|1277.4405094|54|3|1|2|1|1|1|1
3472497|1|1|1|873.63650345|54|1|1|2|1|1|1|1
3472498|1|1|1|431.87962231|54|1|1|2|1|1|1|1
3472499|1|1|1|431.87962231|54|2|1|2|1|1|1|1
3472500|1|1|1|1555.1934199|54|1|1|1|1|1|1|1
3472501|1|1|1|2181.708012|54|2|1|4|1|1|1|1
3472502|1|1|1|1384.0556824|54|1|1|2|1|1|1|1
3472503|1|1|1|1321.588521|54|1|1|2|1|1|1|1
3472504|1|1|1|113.37096479|54|1|1|2|2|1|1|1
3472505|1|1|1|287.22212526|54|1|1|2|2|1|1|1
3472506|1|1|1|217.43003374|54|1|1|2|1|1|1|1
3472507|1|1|1|214.27852888|54|1|1|2|2|1|1|1
3472508|1|1|1|96.591204144|54|1|1|2|2|1|1|1
3472509|1|1|1|284.69020809|54|1|1|2|2|1|1|1
3472510|1|1|1|294.03670906|54|1|1|2|2|1|1|1
3472511|1|1|1|340.38860148|63|1|1|2|1|1|1|1
3472512|1|1|1|130.58337334|63|2|1|3|1|1|1|1
3472513|1|1|1|110.30637154|63|1|1|3|1|1|1|1
3472514|1|1|1|203.12969186|63|1|1|2|1|1|1|1
3472515|1|1|1|283.43181633|63|1|1|2|1|1|1|1
3472516|1|1|1|144.59283981|63|2|1|2|1|1|1|1
3472517|1|1|1|147.51084766|63|1|1|5|1|1|1|1
3472518|1|1|1|318.57436307|63|1|1|3|1|1|1|1
3472519|1|1|1|171.38892149|63|1|1|2|1|1|1|1
3472520|1|1|1|251.82192121|63|1|1|2|1|1|1|1
3472521|1|1|1|251.82192121|63|1|1|1|1|1|1|1
3472522|1|1|1|278.11820565|63|1|1|2|1|1|1|1
3472523|1|1|1|475.28208085|66|2|1|3|1|1|1|1
3472524|1|1|1|723.13759609|66|2|1|3|1|1|1|1
3472525|1|1|1|343.62967201|66|2|1|6|1|1|1|1
3472526|1|1|1|649.33832053|66|2|1|3|1|1|1|1
3472527|1|1|1|589.2003812|66|1|1|3|1|1|1|1
3472528|1|1|1|546.33049198|66|2|1|2|1|1|1|1
3472529|1|1|1|576.34583603|66|1|1|3|1|1|1|1
3472530|1|1|1|479.596171|66|1|1|1|1|1|1|1
3472531|1|1|1|420.57792641|66|1|1|1|1|1|1|1
3472532|1|1|1|539.41154365|66|1|1|1|1|1|1|1
3472533|1|1|1|310.74149578|66|1|1|1|1|1|1|1
3472534|1|1|1|428.74698427|66|1|1|1|1|1|1|1
3472535|1|1|1|531.08970819|66|1|1|4|1|1|1|1
3472536|1|1|1|683.53415397|66|1|1|4|1|1|1|1
3472537|1|1|1|400.68305281|66|1|1|4|1|1|1|1
3472538|1|1|1|397.22542693|66|1|1|4|1|1|1|1
3472539|1|1|1|608.71782178|66|1|1|4|1|1|1|1
3472540|1|1|1|126.62799522|70|1|1|1|1|1|1|1
3472541|1|1|1|196.55944758|70|2|1|1|1|1|1|1
3472542|1|1|1|223.24836054|70|2|1|1|2|1|1|1
3472543|1|1|1|193.47439644|70|1|1|1|1|1|1|1
3472544|1|1|1|273.7891462|70|2|1|1|1|1|1|1
3472545|1|1|1|255.85044063|70|1|1|1|2|1|1|1
3472546|1|1|1|267.54600545|70|1|1|1|1|1|1|1
3472547|1|1|1|148.66607309|70|2|1|1|1|1|1|1
3472548|1|1|1|200.70132952|70|1|1|1|1|1|1|1
3472549|1|1|1|245.65654875|70|1|1|2|1|1|1|1
3472550|1|1|1|133.10112383|70|1|1|2|1|1|1|1
3472551|1|1|1|233.29709114|70|1|1|1|1|1|1|1
3472552|1|1|1|118.93285847|70|1|1|2|1|1|1|1
3472553|1|1|1|165.85808072|73|1|1|2|1|1|1|1
3472554|1|1|1|446.38337694|73|1|1|3|1|1|1|1
3472555|1|1|1|457.90669934|73|2|1|3|1|1|1|1
3472556|1|1|1|342.67770114|73|2|1|4|1|1|1|1
3472557|1|1|1|405.30409047|73|2|1|4|1|1|1|1
3472558|1|1|1|338.11239149|73|2|1|4|1|1|1|1
3472559|1|1|1|439.55521264|73|2|1|4|1|1|1|1
3472560|1|1|1|325.10734718|73|2|1|4|1|1|1|1
3472561|1|1|1|412.77050549|73|2|1|4|1|1|1|1
3472562|1|1|1|397.74760515|73|2|1|4|1|1|1|1
3472563|1|1|1|982.93498131|73|2|1|3|1|1|1|1
3472564|1|1|1|610.00219051|73|2|1|4|1|1|1|1
3472565|1|1|1|288.01558773|73|2|1|2|1|1|1|1
3472566|1|1|1|350.50240547|73|2|1|2|1|1|1|1
3472567|1|1|1|611.34140488|73|2|1|2|1|1|1|1
3472568|1|1|1|174.95450432|73|2|1|2|1|1|1|1
3472569|1|1|1|472.25622937|73|1|1|2|1|1|1|2
3472570|1|1|1|611.34140488|73|2|1|2|1|2|1|1
3472571|1|1|1|328.03969561|73|2|1|2|1|1|1|1
3472572|1|1|1|312.3315373|73|2|1|2|1|1|1|1
3472573|1|1|1|419.03754423|73|1|1|2|1|1|1|1
3472574|1|1|1|448.19404336|73|1|1|2|1|1|1|1
3472575|1|1|1|841.16283448|73|1|1|2|1|1|1|1
3472576|1|1|1|1670.1335873|76|2|1|5|1|1|1|1
3472577|1|1|1|1675.395544|76|2|1|3|1|1|1|1
3472578|1|1|1|2688.314521|76|2|1|3|1|1|1|1
3472579|1|1|1|2015.0257455|76|2|1|3|1|1|1|1
3472580|1|1|1|1560.210763|76|2|1|3|1|1|1|1
3472581|1|1|1|2837.9914978|76|1|1|3|1|1|1|1
3472582|1|1|1|2175.7366199|76|2|1|3|2|1|1|1
3472583|1|1|1|925.0835999|76|1|1|3|1|1|1|1
3472584|1|1|1|1927.4879891|76|2|1|3|1|1|1|1
3472586|1|1|1|2271.360304|76|1|1|2|1|1|1|1
3472587|1|1|1|4916.785548|76|2|1|2|1|1|1|1
3472588|1|1|1|3263.6049298|76|2|1|1|1|1|1|1
3472589|1|1|1|1943.8358599|76|2|1|1|1|1|1|1
3472590|1|1|1|2523.7336711|76|2|1|1|1|1|1|1
3472591|1|1|1|2035.2431388|76|2|1|1|2|1|1|1
3472592|1|1|1|713.63591992|76|2|1|3|1|1|1|1
3472593|1|1|1|1302.6429062|76|1|1|1|2|1|1|1
3472594|1|1|1|3552.3210236|76|2|1|1|2|1|1|1
3472595|1|1|1|1226.5479961|76|2|1|2|1|1|1|1
3472596|1|1|1|81.315731617|88|2|1|5|2|1|1|1
3472597|1|1|1|66.665900036|88|2|1|4|2|1|1|1
3472598|1|1|1|60.687901276|88|2|1|4|2|2|1|2
3472599|1|1|1|43.822072551|88|2|1|1|2|1|1|2
3472600|1|1|1|58.208898052|88|2|1|1|2|2|1|2
3472601|1|1|1|37.071794897|88|2|1|1|2|2|1|2
3472602|1|1|1|32.866554413|88|1|1|1|2|1|1|2
3472603|1|1|1|56.490354129|88|1|1|2|2|1|1|1
3472604|1|1|1|63.786337719|88|2|1|2|2|1|1|1
3472605|1|1|1|65.976106749|88|2|1|1|2|1|1|1
3472606|1|1|1|55.963293043|88|2|1|2|2|1|1|1
3472607|1|1|1|66.524454916|88|2|1|2|2|1|1|1
3472608|1|1|1|1542.9297326|08|2|1|2|1|1|1|1
3472609|1|1|1|1148.5930859|08|2|1|2|1|1|1|1
3472611|1|1|1|1461.6336839|08|2|1|2|1|1|1|1
3472618|1|1|1|881.34065281|08|1|1|1|1|1|1|1
3472619|1|1|1|1252.5822702|08|2|1|1|1|1|1|1
3472622|1|1|1|1033.7337774|08|2|1|3|1|1|1|1
3472625|1|1|1|1296.18|08|2|1|3|1|1|1|1
3472641|1|1|1|7297.356699|11|1|1|2|1|1|1|1
3472642|1|1|1|6905.1294346|11|1|1|2|1|1|1|1
3472643|1|1|1|11842.672931|11|1|1|2|1|1|1|1
3472645|1|1|1|7134.8200296|11|1|1|2|1|1|1|1
3472646|1|1|1|11071.27246|11|1|1|1|1|1|1|1
3472647|1|1|1|4595.3041405|11|2|1|3|1|1|1|1
3472650|1|1|1|413.90622855|13|2|1|1|1|1|1|1
3472651|1|1|1|397.02038147|13|1|1|1|1|1|1|1
3472652|1|1|1|291.67440915|13|2|1|1|1|1|1|1
3472653|1|1|1|380.39401288|13|1|1|1|1|1|1|1
3472654|1|1|1|399.40537367|13|1|1|1|1|1|1|1
3472655|1|1|1|455.74268806|13|1|1|1|1|1|1|1
3472656|1|1|1|444.66559852|13|1|1|1|1|1|1|1
3472657|1|1|1|495.1943712|13|2|1|1|1|1|1|1
3472658|1|1|1|374.08669191|13|1|1|1|1|1|1|1
3472659|1|1|1|750.39657089|13|2|1|1|1|1|1|1
3472660|1|1|1|636.05195674|13|2|1|1|1|1|1|1
3472661|1|1|1|670.18690587|13|2|1|1|1|1|1|1
3472662|1|1|1|523.57964069|13|2|1|1|1|1|1|1
3472663|1|1|1|621.29084664|13|2|1|1|1|1|1|1
3472664|1|1|1|512.42818552|13|2|1|1|1|1|1|1
3472665|1|1|1|521.06802519|13|2|1|1|1|1|1|1
3472666|1|1|1|712.32143907|13|2|1|1|1|1|1|1
3472667|1|1|1|523.57964069|13|2|1|1|1|1|1|1
3472668|1|1|1|545.91735747|13|1|1|1|1|1|1|1
3472669|1|1|1|607.00859442|13|2|1|1|1|1|1|1
3472671|1|1|1|567.33168472|13|2|1|1|1|1|1|1
3472672|1|1|1|604.0628493|13|2|1|1|1|1|1|1
3472673|1|1|1|683.07774136|13|2|1|1|1|1|1|1
3472674|1|1|1|777.61495535|13|2|1|1|1|1|1|1
3472675|1|1|1|854.76452712|13|2|1|1|1|1|1|1
3472676|1|1|1|865.48758073|13|2|1|1|1|1|1|1
3472677|1|1|1|502.71885168|13|2|1|1|1|1|1|1
3472678|1|1|1|843.79674601|13|2|1|1|1|1|1|1
3472679|1|1|1|620.21830715|13|2|1|1|1|1|1|1
3472696|1|1|1|755.00994056|13|2|1|3|1|1|1|1
3472697|1|1|1|649.06567028|13|2|1|3|1|1|1|1
3472718|1|1|1|417.12890216|17|1|1|5|1|1|1|1
3472719|1|1|1|347.33985941|17|2|1|3|1|1|1|1
3472720|1|1|1|251.73708694|17|2|1|5|1|1|1|1
3472721|1|1|1|279.59438738|17|1|1|1|1|1|1|1
3472730|1|1|1|177.44620316|18|1|1|3|1|1|1|1
3472731|1|1|1|146.46957278|18|2|1|2|1|1|1|1
3472732|1|1|1|171.45081487|18|2|1|2|1|1|1|1
3472733|1|1|1|202.52635119|18|2|1|2|1|1|1|1
3472740|1|1|1|202.52635119|18|1|1|1|1|1|1|1
3472748|1|1|1|144.72287424|18|2|1|2|1|1|1|1
3472751|1|1|1|156.68295952|18|1|1|1|1|1|1|1
3472752|1|1|1|93.610378065|18|2|1|1|1|1|1|1
3472753|1|1|1|236.12320223|19|1|1|1|1|1|1|1
3472754|1|1|1|198.95031074|19|2|1|2|1|1|1|1
3472755|1|1|1|309.59578527|19|1|1|2|1|1|1|1
3472756|1|1|1|257.18116318|19|2|1|2|1|1|1|1
3472757|1|1|1|226.07989857|19|1|1|4|1|1|1|1
3472759|1|1|1|544.04858727|20|2|1|1|1|1|1|1
3472762|1|1|1|431.38160298|20|2|1|1|1|1|1|1
3472763|1|1|1|152.53038081|20|2|1|2|1|1|1|1
3472765|1|1|1|146.20803804|20|2|1|3|1|1|1|1
3472767|1|1|1|376.35442217|20|2|1|2|1|1|1|1
3472774|1|1|1|361.21750506|20|1|1|5|1|1|1|1
3472775|1|1|1|137.60238141|20|1|1|5|1|1|1|1
3472778|1|1|1|444.30829577|20|2|1|3|1|1|1|1
3472781|1|1|1|287.61179601|20|2|1|2|1|1|1|1
3472788|1|1|1|450.07097198|20|2|1|1|1|1|1|1
3472790|1|1|1|268.90547484|23|2|1|1|1|1|1|1
3472791|1|1|1|209.49126951|23|2|1|3|1|1|1|1
3472793|1|1|1|209.82351271|23|1|1|5|1|1|1|1
3472794|1|1|1|291.94177884|23|1|1|5|1|1|1|1
3472795|1|1|1|294.60397729|23|1|1|5|1|1|1|1
3472796|1|1|1|196.85628411|23|2|1|1|1|1|1|1
3472797|1|1|1|397.42439621|23|2|1|1|1|1|1|1
3472798|1|1|1|251.2875284|23|2|1|1|1|1|1|1
3472800|1|1|1|355.70944347|23|1|1|1|1|1|1|1
3472801|1|1|1|138.439614|23|1|1|1|1|1|1|1
3472802|1|1|1|277.68073292|23|2|1|3|1|1|1|1
3472803|1|1|1|238.01861492|23|1|1|3|1|1|1|1
3472804|1|1|1|319.30005541|23|2|1|3|1|1|1|1
3472805|1|1|1|379.76713851|23|2|1|3|1|1|1|1
3472806|1|1|1|144.64937809|27|1|1|1|2|2|1|1
3472807|1|1|1|103.00590209|27|1|1|1|2|2|1|2
3472808|1|1|1|79.84656357|27|1|1|1|2|2|2|2
3472809|1|1|1|48.773039775|27|1|1|1|2|2|2|2
3472810|1|1|1|54.010816301|27|1|1|1|2|2|2|2
3472811|1|1|1|84.332231186|27|1|1|1|2|2|2|2
3472812|1|1|1|80.434487522|27|1|1|1|2|2|2|2
3472813|1|1|1|64.149178212|27|1|1|1|2|2|2|2
3472814|1|1|1|75.039649034|27|1|1|1|2|2|2|2
3472815|1|1|1|62.710301273|27|1|1|1|2|2|2|2
3472816|1|1|1|59.921295747|27|2|1|1|2|2|1|2
3472817|1|1|1|282.23804244|41|1|1|2|1|1|1|1
3472818|1|1|1|375.97202445|41|2|1|2|1|1|1|1
3472819|1|1|1|243.60898701|41|2|1|2|1|1|1|1
3472820|1|1|1|243.60898701|41|2|1|2|1|1|1|1
3472821|1|1|1|243.60898701|41|2|1|2|1|1|1|1
3472822|1|1|1|191.90554394|41|1|1|3|1|1|1|1
3472823|1|1|1|240.77481806|41|1|1|3|1|1|1|1
3472824|1|1|1|221.43822128|41|1|1|2|1|1|1|1
3472825|1|1|1|151.57892525|41|2|1|2|1|1|1|1
3472826|1|1|1|266.06268067|41|2|1|2|1|1|1|1
3472827|1|1|1|163.14694241|41|2|1|2|1|1|1|1
3472828|1|1|1|492.38704686|41|2|1|2|1|1|1|1
3472829|1|1|1|419.27331447|41|1|1|1|2|2|2|1
3472835|1|1|1|314.00772184|50|1|1|3|1|1|1|1
3472836|1|1|1|317.15439929|50|4|1|3|1|1|1|1
3472837|1|1|1|480.17263401|50|1|1|3|1|1|1|1
3472838|1|1|1|230.17303697|52|4|1|1|2|1|1|1
3472839|1|1|1|281.98505364|52|2|1|2|2|1|1|1
3472840|1|1|1|258.03239495|52|2|1|2|2|1|1|1
3472841|1|1|1|264.65349543|52|1|1|2|1|1|1|1
3472842|1|1|1|163.62564607|52|4|1|2|2|1|1|1
3472843|1|1|1|181.5492325|52|2|1|3|2|1|1|1
3472844|1|1|1|187.35707268|52|2|1|3|2|1|1|1
3472845|1|1|1|322.17758282|52|4|1|3|2|1|1|1
3472846|1|1|1|385.92234692|52|2|1|3|2|1|1|1
3472847|1|1|1|340.03562655|52|2|1|2|1|1|1|1
3472848|1|1|1|322.17758282|52|4|1|2|2|1|1|1
3472849|1|1|1|226.79509996|52|2|1|2|2|1|1|1
3472850|1|1|1|220.48555808|52|1|1|2|2|1|1|1
3472851|1|1|1|301.56205581|52|1|1|2|1|1|1|1
3472852|1|1|1|259.47491338|52|2|1|2|2|1|1|1
3472853|1|1|1|252.25620436|52|2|1|2|2|1|1|1
3472854|1|1|1|184.55044203|52|1|1|3|1|1|1|1
3472855|1|1|1|353.0453848|52|2|1|1|1|1|1|1
3472856|1|1|1|353.0453848|52|1|1|1|2|1|1|1
3472874|1|1|1|509.11746032|54|1|1|2|1|1|1|1
3472902|1|1|1|192.81530862|63|1|1|2|1|1|1|1
3472903|1|1|1|214.28973909|63|2|1|3|1|1|1|1
3472904|1|1|1|130.58337334|63|2|1|3|1|1|1|1
3472905|1|1|1|181.00406825|63|2|1|3|1|1|1|1
3472906|1|1|1|219.46016679|63|1|1|3|1|1|1|1
3472908|1|1|1|256.21902154|63|1|1|2|1|1|1|1
3472910|1|1|1|160.89250511|63|1|1|2|1|1|1|1
3472911|1|1|1|144.59283981|63|1|1|2|1|1|1|1
3472912|1|1|1|183.7534006|63|1|1|5|1|1|1|1
3472915|1|1|1|187.450929|63|1|1|5|1|1|1|1
3472916|1|1|1|316.83216572|63|1|1|3|1|1|1|1
3472920|1|1|1|143.89761928|63|1|1|1|1|1|1|1
3472921|1|1|1|251.79861914|63|1|1|1|1|1|1|1
3472922|1|1|1|369.28080057|66|2|1|6|1|1|1|1
3472923|1|1|1|510.6494855|66|2|1|6|1|1|1|1
3472924|1|1|1|485.01769767|66|2|1|6|1|1|1|1
3472925|1|1|1|507.70619673|66|2|1|6|1|1|1|1
3472926|1|1|1|674.72601023|66|2|1|6|1|1|1|1
3472927|1|1|1|307.94262686|66|2|1|2|1|1|1|1
3472928|1|1|1|368.67486023|66|1|1|2|1|1|1|1
3472929|1|1|1|307.94393168|66|2|1|2|1|1|1|1
3472930|1|1|1|418.2629959|66|2|1|2|1|1|1|1
3472931|1|1|1|436.63666363|66|1|1|4|1|1|1|1
3472932|1|1|1|524.28034578|66|1|1|4|1|1|1|1
3472933|1|1|1|396.78845157|66|1|1|4|1|1|1|1
3472934|1|1|1|503.49850757|66|2|1|2|1|1|1|1
3472942|1|1|1|734.78720347|68|2|1|4|1|1|1|1
3472947|1|1|1|876.90653912|68|2|1|5|1|1|1|1
3472948|1|1|1|719.8341731|68|2|1|5|1|1|1|1
3472949|1|1|1|932.2776677|68|2|1|6|1|1|1|1
3472951|1|1|1|950.2918435|68|2|1|6|1|1|1|1
3472952|1|1|1|701.8199973|68|2|1|6|1|1|1|1
3472953|1|1|1|821.05298306|68|2|1|4|1|1|1|1
3472954|1|1|1|1084.5499718|68|2|1|4|1|1|1|1
3472955|1|1|1|945.49178153|68|2|1|5|1|1|1|1
3472956|1|1|1|927.47760573|68|2|1|6|1|1|1|1
3472957|1|1|1|747.44442444|68|2|1|4|1|1|1|1
3472958|1|1|1|1152.2760798|68|2|1|4|1|1|1|1
3472959|1|1|1|1155.3746554|68|2|1|5|1|1|1|1
3472966|1|1|1|1295.3863221|68|2|1|1|1|1|1|1
3472967|1|1|1|845.72253149|68|2|1|1|1|1|1|1
3472973|1|1|1|189.93743763|70|1|1|2|1|1|1|1
3472974|1|1|1|238.38460028|70|2|1|2|1|1|1|1
3472975|1|1|1|287.24763712|70|2|1|2|1|1|1|1
3472976|1|1|1|176.00044503|70|2|1|2|1|1|1|1
3472977|1|1|1|155.94143289|70|1|1|3|1|1|1|1
3472978|1|1|1|249.29288689|70|1|1|1|1|1|1|1
3472979|1|1|1|301.25983752|73|1|1|2|1|1|1|1
3472980|1|1|1|368.32017662|73|1|1|2|1|1|1|1
3472981|1|1|1|314.13226158|73|2|1|4|1|1|1|1
3472982|1|1|1|319.15520265|73|1|1|4|1|1|1|1
3472983|1|1|1|418.00075357|73|2|1|4|1|1|1|1
3472984|1|1|1|721.48372125|73|2|1|4|1|1|1|1
3472985|1|1|1|516.36403858|73|2|1|4|1|1|1|1
3472986|1|1|1|692.35010957|73|1|1|2|1|1|1|1
3472987|1|1|1|502.65848846|73|1|1|2|1|1|1|1
3472988|1|1|1|1418.3734209|76|2|1|3|1|1|1|1
3472989|1|1|1|4995.4514395|76|2|1|3|1|1|1|1
3472990|1|1|1|1248.8628599|76|2|1|2|1|1|1|1
3472991|1|1|1|901.9565099|76|2|1|2|1|1|1|1
3472992|1|1|1|1555.5376627|76|2|1|3|1|1|1|1
3472993|1|1|1|1254.5339352|76|1|1|3|1|1|1|1
3472994|1|1|1|2067.907525|76|2|1|3|1|1|1|1
3472995|1|1|1|957.4615259|76|2|1|1|1|1|1|1
3472996|1|1|1|3679.9680445|76|1|1|1|1|1|1|1
3472997|1|1|1|1165.6053359|76|1|1|4|1|1|1|1
3472998|1|1|1|2407.992786|76|2|1|4|1|1|1|1
3472999|1|1|1|2119.9362837|76|1|1|5|1|1|1|1
3473000|1|1|1|1165.6053359|76|1|1|5|1|1|1|1
3473001|1|1|1|1387.6253998|76|2|1|1|1|1|1|1
3473002|1|1|1|2187.8975862|76|2|1|1|1|1|1|1
3473006|1|1|1|63.629475793|88|2|1|4|2|1|1|1
3473009|1|1|1|54.313584528|88|2|1|4|2|2|1|1
3473015|1|1|1|47.234899293|88|1|1|1|2|2|1|2
3473021|1|1|1|50.08236863|88|2|1|1|2|2|1|2
3473024|1|1|1|61.945301442|88|2|1|2|2|2|1|2
3473033|1|1|1|1038.397696|08|1|1|3|1|1|1|1
3473038|1|1|1|14657.243655|11|2|1|3|1|1|1|1
3473039|1|1|1|4803.106824|11|1|1|2|1|1|1|1
3473044|1|1|1|6273.7210606|11|2|1|2|1|1|1|1
3473047|1|1|1|7119.2706128|11|2|1|2|1|1|1|1
3473050|1|1|1|11756.330848|11|2|1|2|1|1|1|1
3473051|1|1|1|7754.7792817|11|2|1|3|1|1|1|1
3473052|1|1|1|11756.330848|11|2|1|2|1|1|1|1
3473053|1|1|1|7525.3990959|11|2|1|2|1|1|1|1
3473054|1|1|1|6395.6923768|11|2|1|2|1|1|1|1
3473055|1|1|1|2983.6142683|11|2|1|2|1|1|1|1
3473056|1|1|1|12424.328154|11|2|1|4|1|1|1|1
3473059|1|1|1|10715.969252|11|2|1|4|1|1|1|1
3473064|1|1|1|7917.6372743|11|2|1|3|1|1|1|1
3473066|1|1|1|7444.8155772|11|2|1|5|1|1|1|1
3473067|1|1|1|4417.5303793|11|2|1|5|1|1|1|1
3473068|1|1|1|5433.2628473|11|2|1|5|1|1|1|1
3473069|1|1|1|9299.3501535|11|2|1|5|1|1|1|1
3473070|1|1|1|7909.1049721|11|2|1|6|1|1|1|1
3473071|1|1|1|5433.2628473|11|2|1|5|1|1|1|1
3473072|1|1|1|6823.5080287|11|2|1|6|1|1|1|1
3473073|1|1|1|6823.5080287|11|2|1|5|1|1|1|1
3473074|1|1|1|7444.8155772|11|2|1|5|1|1|1|1
3473075|1|1|1|9299.3501535|11|2|1|5|1|1|1|1
3473079|1|1|1|3944.5583767|11|2|1|3|1|1|1|1
3473096|1|1|1|249.25032001|17|2|1|6|1|1|1|1
3473097|1|1|1|283.32949153|17|2|1|6|1|1|1|1
3473134|1|1|1|206.07710418|23|2|1|1|1|1|1|1
3473135|1|1|1|212.49617671|23|1|1|1|1|2|1|1
3473141|1|1|1|77.251412999|27|2|1|2|2|1|1|1
3473142|1|1|1|59.167703544|27|1|1|2|2|1|1|1
3473143|1|1|1|69.859792497|27|2|1|2|2|2|1|2
3473144|1|1|1|72.045887133|27|2|1|2|2|1|1|1
3473145|1|1|1|89.481524196|27|2|1|1|2|1|1|1
3473146|1|1|1|89.481524196|27|2|1|2|2|1|1|1
3473150|1|1|1|105.01373033|27|1|1|2|2|1|1|1
3473192|1|1|1|99.358279623|44|2|1|2|1|1|1|1
3473193|1|1|1|104.91991611|44|2|1|2|1|1|1|1
3473196|1|1|1|64.546019229|44|2|1|2|1|1|1|1
3473197|1|1|1|110.34543389|44|2|1|3|1|1|1|1
3473201|1|1|1|108.94826247|44|2|1|3|1|1|1|1
3473202|1|1|1|124.28075201|44|2|1|3|1|1|1|1
3473203|1|1|1|49.485281409|44|1|1|3|1|1|1|1
3473208|1|1|1|115.67380914|44|1|1|2|1|1|1|1
3473209|1|1|1|139.07608467|44|2|1|2|1|1|1|1
3473211|1|1|1|50.2024594|44|1|1|2|1|1|1|1
3473220|1|1|1|122.71073958|44|2|1|1|1|1|1|1
3473221|1|1|1|109.12925283|44|2|1|1|1|1|1|1
3473222|1|1|1|111.29366024|44|1|1|1|1|2|1|1
3473229|1|1|1|184.10964266|50|2|1|3|1|1|1|1
3473255|1|1|1|201.9604601|52|4|1|1|2|1|1|1
3473256|1|1|1|303.73010552|52|1|1|2|2|1|1|1
3473263|1|1|1|302.55346066|52|4|1|3|2|1|1|1
3473266|1|1|1|315.74432485|52|2|1|2|2|1|1|1
3473267|1|1|1|306.79808639|52|2|1|2|1|1|1|1
3473268|1|1|1|348.54255428|52|4|1|2|1|1|1|1
3473270|1|1|1|398.31791524|52|2|1|3|2|1|1|1
3473278|1|1|1|382.66541876|52|2|1|2|1|1|1|1
3473279|1|1|1|290.28176084|52|2|1|2|1|1|1|1
3473280|1|1|1|259.60017815|52|2|1|2|1|1|1|1
3473289|1|1|1|381.89792347|66|1|1|2|1|1|1|1
3473290|1|1|1|423.10186417|66|2|1|1|1|1|1|1
3473291|1|1|1|345.03343615|66|2|1|1|1|1|1|1
3473292|1|1|1|343.04472752|66|2|1|2|1|1|1|2
3473296|1|1|1|569.67522237|66|2|1|2|1|1|1|1
3473297|1|1|1|510.6494855|66|2|1|6|1|1|1|1
3473298|1|1|1|485.01769767|66|2|1|6|1|1|1|1
3473299|1|1|1|581.34437612|66|2|1|6|1|1|1|1
3473301|1|1|1|667.17407541|66|2|1|2|1|1|1|1
3473302|1|1|1|491.57199088|66|2|1|2|1|1|1|1
3473304|1|1|1|520.53620126|66|2|1|2|1|1|1|1
3473305|1|1|1|713.49770868|66|2|1|1|1|1|1|1
3473310|1|1|1|994.53136153|66|2|1|1|1|1|1|1
3473313|1|1|1|608.71782178|66|1|1|4|1|1|1|1
3473340|1|1|1|368.87131532|73|1|1|3|1|1|1|1
3473373|1|1|1|1458.5983908|76|2|1|3|1|1|1|1
3473374|1|1|1|2175.7366199|76|2|1|3|1|1|1|1
3473379|1|1|1|4197.823712|76|2|1|2|1|1|1|1
3473380|1|1|1|4843.9630593|76|2|1|2|1|1|1|1
3473404|1|1|1|3530.1379131|11|2|1|3|1|1|1|1
3473409|1|1|1|4539.8339707|11|2|1|2|1|1|1|1
3473411|1|1|1|7872.3923274|11|1|1|2|1|1|1|1
3473412|1|1|1|10159.767709|11|2|1|3|1|1|1|1
3473413|1|1|1|87.04685993|27|2|1|1|2|2|1|1
3473415|1|1|1|91.092011914|15|2|1|3|1|1|1|1
3473416|1|1|1|3107.7958532|05|2|1|2|1|1|1|1
3473417|1|1|1|4803.3894546|05|2|1|2|1|1|1|1
3473418|1|1|1|3181.2571535|05|2|1|3|1|1|1|1
3473419|1|1|1|3109.6862776|05|2|1|2|1|1|1|1
3473420|1|1|1|4032.9681885|05|2|1|2|1|1|1|1
3473421|1|1|1|3046.176961|05|2|1|2|1|1|1|1
3473422|1|1|1|2415.7584328|05|2|1|2|1|1|1|1
3473423|1|1|1|4153.4138641|05|2|1|2|1|1|1|1
3473424|1|1|1|3438.7048525|05|2|1|3|1|1|1|1
3473425|1|1|1|4023.7602481|05|2|1|3|1|1|1|1
3473426|1|1|1|2984.564354|05|2|1|3|1|1|1|1
3473427|1|1|1|4507.4129961|05|2|1|3|1|1|1|1
3473428|1|1|1|3376.703584|05|2|1|3|1|1|1|1
3473430|1|1|1|4717.4985524|05|2|1|3|2|1|1|1
3473431|1|1|1|4347.2885802|05|2|1|3|1|1|1|1
3473432|1|1|1|3308.0926861|05|2|1|3|2|1|1|1
3473433|1|1|1|2121.0001131|05|2|1|3|1|1|1|1
3473434|1|1|1|3437.0145641|05|2|1|3|2|1|1|1
3473435|1|1|1|3860.356332|05|2|1|3|2|1|1|1
3473436|1|1|1|3655.500118|05|2|1|3|2|1|1|1
3473437|1|1|1|3511.6262113|05|2|1|3|1|1|1|1
3473438|1|1|1|5128.7739832|05|2|1|3|1|1|1|1
3473439|1|1|1|3587.6200224|05|2|1|3|1|1|1|1
3473441|1|1|1|4462.9762873|05|2|1|3|1|1|1|1
3473442|1|1|1|2267.9507227|05|2|1|2|1|1|1|1
3473443|1|1|1|4273.205997|05|2|1|2|1|1|1|1
3473444|1|1|1|3422.3244464|05|2|1|2|1|1|1|1
3473445|1|1|1|4273.205997|05|2|1|2|1|1|1|1
3473446|1|1|1|5090.3051009|05|2|1|2|1|1|1|1
3473447|1|1|1|3276.2514542|05|2|1|2|1|1|1|1
3473448|1|1|1|2227.9779215|05|2|1|2|1|1|1|1
3473449|1|1|1|3591.281351|05|2|1|2|1|1|1|1
3473450|1|1|1|3114.9223242|05|2|1|1|1|1|1|1
3473452|1|1|1|2981.4271663|05|2|1|1|1|1|1|1
3473453|1|1|1|2738.1527098|05|2|1|2|1|1|1|1
3473454|1|1|1|1634.3435588|05|2|1|2|1|1|1|1
3473455|1|1|1|4231.6421357|05|2|1|2|1|1|1|1
3473456|1|1|1|2909.9732629|05|2|1|2|1|1|1|1
3473457|1|1|1|2848.803998|05|2|1|5|1|1|1|1
3473458|1|1|1|2453.0665923|05|2|1|5|1|1|1|1
3473459|1|1|1|1992.8849855|05|2|1|5|1|1|1|1
3473460|1|1|1|2453.0665923|05|2|1|5|1|1|1|1
3473463|1|1|1|2584.6757013|05|2|1|5|1|1|1|1
3473464|1|1|1|3704.7230105|05|2|1|5|1|1|1|1
3473465|1|1|1|2718.9802899|05|2|1|5|1|1|1|1
3473466|1|1|1|3379.274803|05|2|1|5|1|1|1|1
3473467|1|1|1|2348.1124224|05|2|1|1|1|1|1|1
3473468|1|1|1|2736.2710032|05|2|1|1|1|1|1|1
3473469|1|1|1|2645.7601632|05|2|1|1|1|1|1|1
3473470|1|1|1|2019.755744|05|2|1|1|1|1|1|1
3473471|1|1|1|2963.7784084|05|2|1|1|2|1|1|1
3473472|1|1|1|3625.1511223|05|2|1|1|1|1|1|1
3473473|1|1|1|2594.0560896|05|2|1|1|1|1|1|1
3473474|1|1|1|2190.0357896|05|2|1|1|1|1|1|1
3473475|1|1|1|3418.6530136|05|2|1|1|1|1|1|1
3473476|1|1|1|2107.0398868|05|2|1|1|1|1|1|1
3473477|1|1|1|2963.7784084|05|2|1|1|1|1|1|1
3473478|1|1|1|2175.1842319|05|2|1|1|1|1|1|1
3473479|1|1|1|1808.1100581|05|2|1|1|1|1|1|1
3473480|1|1|1|2052.0392351|05|2|1|5|1|1|1|1
3473481|1|1|1|1962.4532739|05|2|1|5|1|1|1|1
3473483|1|1|1|1682.6042444|05|2|1|5|1|1|1|1
3473484|1|1|1|1770.0928203|05|2|1|5|1|1|1|1
3473485|1|1|1|1926.4505263|05|2|1|5|1|1|1|1
3473486|1|1|1|1962.4532739|05|2|1|5|1|1|1|1
3473487|1|1|1|2232.4867021|05|2|1|5|1|1|1|1
3473488|1|1|1|3064.9892299|05|2|1|5|1|1|1|1
3473489|1|1|1|2989.6459176|05|2|1|3|1|1|1|1
3473490|1|1|1|3876.2810095|05|2|1|3|1|1|1|1
3473491|1|1|1|3545.3683827|05|2|1|3|1|1|1|1
3473492|1|1|1|2677.93103|05|2|1|3|1|1|1|1
3473493|1|1|1|2924.6540776|05|2|1|3|1|1|1|1
3473494|1|1|1|3442.3186123|05|2|1|3|1|1|1|1
3473495|1|1|1|3610.3602227|05|2|1|3|1|1|1|1
3473496|1|1|1|3374.1857493|05|2|1|3|1|1|1|1
3473497|1|1|1|2968.2201498|05|2|1|3|1|1|1|1
3473498|1|1|1|3111.4059856|05|2|1|3|1|1|1|1
3473499|1|1|1|2367.886161|05|2|1|2|1|1|1|1
3473500|1|1|1|2391.7466816|05|2|1|3|1|1|1|1
3473501|1|1|1|3136.1297539|05|2|1|3|1|1|1|1
3473502|1|1|1|3704.7230105|05|2|1|3|1|1|1|1
3473503|1|1|1|2216.919539|05|2|1|2|1|1|1|1
3473504|1|1|1|3307.200204|05|2|1|2|1|1|1|1
3473505|1|1|1|2606.9978384|05|2|1|2|1|1|1|1
3473507|1|1|1|3307.200204|05|2|1|2|1|1|1|1
3473508|1|1|1|3136.1297539|05|2|1|3|1|1|1|1
3473509|1|1|1|2628.7042765|05|2|1|2|1|1|1|1
3473510|1|1|1|2565.0490438|05|2|1|2|1|1|1|1
3473511|1|1|1|311.74120345|05|2|1|1|1|1|1|1
3473512|1|1|1|289.51682982|05|1|1|1|2|1|1|1
3473513|1|1|1|164.69499668|05|1|1|1|1|1|1|1
3473514|1|1|1|326.83067731|05|2|1|1|1|1|1|1
3473515|1|1|1|292.07614587|05|2|1|1|1|1|1|1
3473516|1|1|1|459.46361007|05|2|1|1|1|1|1|1
3473517|1|1|1|379.18280447|05|2|1|1|1|1|1|1
3473518|1|1|1|292.07614587|05|2|1|2|1|1|1|1
3473519|1|1|1|301.39072273|05|2|1|2|1|1|1|1
3473520|1|1|1|275.75349262|05|2|1|2|1|1|1|1
3473521|1|1|1|372.35695147|05|2|1|2|1|1|1|1
3473522|1|1|1|4461.62356|05|2|1|2|1|1|1|1
3473523|1|1|1|4687.5497844|05|2|1|2|1|1|1|1
3473524|1|1|1|6363.1176629|05|2|1|2|1|1|1|1
3473525|1|1|1|7094.2730993|05|2|1|2|1|1|1|1
3473526|1|1|1|5820.0389773|05|2|1|2|1|1|1|1
3473527|1|1|1|6275.4204209|05|2|1|2|1|1|1|1
3473528|1|1|1|5003.3013578|05|2|1|2|1|1|1|1
3473529|1|1|1|6065.1075738|05|2|1|2|1|1|1|1
3473530|1|1|1|6458.2757742|05|2|1|2|1|1|1|1
3473531|1|1|1|3892.0121386|05|2|1|2|1|1|1|1
3473532|1|1|1|3276.6803808|05|2|1|2|1|1|1|1
3473533|1|1|1|4851.888929|05|2|1|2|2|1|1|1
3473534|1|1|1|2262.7055883|05|2|1|2|1|1|1|1
3473535|1|1|1|2981.5492728|05|2|1|2|1|1|1|1
3473537|1|1|1|3453.0522452|05|2|1|2|1|1|1|1
3473538|1|1|1|4402.3643213|05|2|1|2|1|1|1|1
3473539|1|1|1|3754.9685192|05|2|1|2|1|1|1|1
3473540|1|1|1|4500.3901233|05|2|1|1|2|1|1|1
3473541|1|1|1|2934.6200085|05|2|1|1|1|1|1|1
3473542|1|1|1|4493.5975997|05|2|1|2|2|1|1|1
3473543|1|1|1|795.5786712|08|2|1|6|1|1|1|1
3473544|1|1|1|860.61012055|08|2|1|6|1|1|1|1
3473545|1|1|1|1064.132301|08|2|1|4|1|1|1|1
3473546|1|1|1|1390.7834884|08|2|1|4|1|1|1|1
3473547|1|1|1|2139.7265065|08|2|1|4|1|1|1|1
3473548|1|1|1|1064.132301|08|2|1|4|1|1|1|1
3473549|1|1|1|1070.8052191|08|2|1|1|1|1|1|1
3473550|1|1|1|3959.5620502|08|1|1|1|1|1|1|1
3473551|1|1|1|989.89051256|08|1|1|1|1|1|1|1
3473552|1|1|1|2416.1536018|08|2|1|1|2|1|1|1
3473553|1|1|1|2912.6465596|08|2|1|1|1|1|1|1
3473554|1|1|1|3959.5620502|08|2|1|1|1|1|1|1
3473555|1|1|1|1345.4532516|08|2|1|1|2|1|1|1
3473556|1|1|1|1070.8052191|08|2|1|1|2|1|1|1
3473557|1|1|1|845.60990729|08|2|1|3|1|1|1|1
3473558|1|1|1|862.55239401|08|2|1|3|1|1|1|1
3473559|1|1|1|1212.8664832|08|2|1|1|1|1|1|1
3473560|1|1|1|1849.3143984|08|2|1|3|1|1|1|1
3473561|1|1|1|685.06708488|08|2|1|3|1|1|1|1
3473562|1|1|1|2740.2683395|08|2|1|3|1|1|1|1
3473563|1|1|1|901.90024477|08|1|1|1|1|1|1|1
3473564|1|1|1|1225.857407|08|1|1|1|1|1|1|1
3473565|1|1|1|918.80254074|08|1|1|1|1|1|1|1
3473566|1|1|1|975.62253298|08|2|1|1|1|1|1|1
3473567|1|1|1|2891.1575414|08|1|1|1|1|1|1|1
3473568|1|1|1|901.90024477|08|1|1|1|1|1|1|1
3473569|1|1|1|901.90024477|08|2|1|1|1|1|1|1
3473570|1|1|1|2666.727148|08|2|1|1|1|1|1|1
3473571|1|1|1|2463.7274979|08|1|1|1|1|1|1|1
3473572|1|1|1|666.27880301|08|1|1|1|1|1|1|1
3473573|1|1|1|615.93187448|08|1|1|1|1|1|1|1
3473574|1|1|1|615.93187448|08|2|1|1|2|1|1|1
3473575|1|1|1|1264.1929836|08|1|1|1|1|1|1|1
3473576|1|1|1|615.93187448|08|2|1|1|1|1|1|1
3473577|1|1|1|1852.3050506|08|1|1|1|1|1|1|1
3473578|1|1|1|1840.2127296|08|2|1|1|1|1|1|1
3473579|1|1|1|1670.9506819|08|1|1|1|1|1|1|1
3473580|1|1|1|615.93187448|08|2|1|2|1|1|1|1
3473581|1|1|1|998.42052571|08|1|1|3|1|1|1|1
3473582|1|1|1|615.93187448|08|1|1|2|1|1|1|1
3473583|1|1|1|721.46923052|08|2|1|3|1|1|1|1
3473584|1|1|1|615.93187448|08|1|1|3|1|1|1|1
3473585|1|1|1|1325.8580736|08|2|1|2|1|1|1|1
3473586|1|1|1|1261.3592224|08|1|1|3|1|1|1|1
3473587|1|1|1|1904.7115808|08|2|1|3|1|1|1|1
3473588|1|1|1|615.93187448|08|1|1|3|1|1|1|1
3473589|1|1|1|1124.4264094|08|1|1|3|1|1|1|1
3473590|1|1|1|627.47490587|08|1|1|3|1|1|1|1
3473591|1|1|1|791.91241004|08|1|1|2|1|1|1|1
3473592|1|1|1|791.91241004|08|1|1|2|1|1|1|1
3473593|1|1|1|806.75345041|08|1|1|2|1|1|1|1
3473594|1|1|1|791.91241004|08|2|1|2|1|1|1|1
3473595|1|1|1|791.91241004|08|1|1|2|1|1|1|1
3473596|1|1|1|791.91241004|08|1|1|2|1|1|1|1
3473597|1|1|1|2089.9446482|08|1|1|2|1|1|1|1
3473598|1|1|1|856.6441753|08|1|1|2|1|1|1|1
3473599|1|1|1|2066.2237361|08|2|1|1|1|1|1|1
3473600|1|1|1|2066.2237361|08|2|1|1|1|1|1|1
3473601|1|1|1|764.67014199|08|2|1|1|1|1|1|1
3473602|1|1|1|530.58744546|08|2|1|2|1|1|1|1
3473603|1|1|1|530.58744546|08|2|1|2|1|1|1|1
3473604|1|1|1|2054.1282815|08|2|1|3|1|1|1|1
3473605|1|1|1|735.89889408|08|1|1|2|1|1|1|1
3473606|1|1|1|530.58744546|08|1|1|2|1|1|1|1
3473607|1|1|1|530.58744546|08|1|1|2|1|1|1|1
3473608|1|1|1|746.57981287|08|1|1|2|1|1|1|1
3473609|1|1|1|530.58744546|08|1|1|2|1|1|1|1
3473610|1|1|1|968.62422758|08|1|1|2|1|1|1|1
3473611|1|1|1|1147.8602482|08|2|1|2|1|1|1|1
3473612|1|1|1|980.23972178|08|2|1|1|1|1|1|1
3473613|1|1|1|1033.5848819|08|2|1|1|1|1|1|1
3473614|1|1|1|708.82988847|08|2|1|1|1|1|1|1
3473615|1|1|1|1081.898211|08|2|1|1|1|1|1|1
3473616|1|1|1|1027.6471733|08|2|1|1|1|1|1|1
3473617|1|1|1|505.15214934|08|1|1|1|1|1|1|1
3473618|1|1|1|812.57484679|08|1|1|1|1|1|1|1
3473619|1|1|1|638.15243229|08|1|1|1|1|1|1|1
3473620|1|1|1|654.89217442|08|1|1|1|1|1|1|1
3473621|1|1|1|756.23734|08|1|1|1|1|1|1|1
3473622|1|1|1|1065.3753956|08|1|1|1|1|1|1|1
3473623|1|1|1|1351.0444508|08|1|1|1|1|1|1|1
3473624|1|1|1|667.71483561|08|1|1|1|1|1|1|1
3473625|1|1|1|655.43155028|08|1|1|1|1|1|1|1
3473626|1|1|1|1127.9006517|08|1|1|1|1|1|1|1
3473627|1|1|1|1894.3403949|08|1|1|1|1|1|1|1
3473628|1|1|1|655.43155028|08|1|1|1|1|1|1|1
3473629|1|1|1|1959.9239868|08|1|1|1|1|1|1|1
3473630|1|1|1|2289.9645193|08|1|1|1|1|1|1|1
3473631|1|1|1|2003.0847504|08|1|1|1|1|1|1|1
3473632|1|1|1|2040.5889887|08|1|1|1|1|1|1|1
3473633|1|1|1|2189.942344|08|1|1|1|1|1|1|1
3473634|1|1|1|1201.8609501|08|1|1|1|1|1|1|1
3473635|1|1|1|655.43155028|08|2|1|1|1|1|1|1
3473636|1|1|1|2621.7262011|08|1|1|1|1|1|1|1
3473637|1|1|1|655.43155028|08|1|1|1|1|1|1|1
3473638|1|1|1|5075.1976062|11|2|1|3|1|1|1|1
3473639|1|1|1|6586.7949788|11|2|1|3|1|1|1|1
3473640|1|1|1|8442.1748154|11|2|1|3|1|1|1|1
3473641|1|1|1|6260.1391437|11|2|1|3|1|1|1|1
3473642|1|1|1|2920.2122772|11|2|1|3|1|1|1|1
3473643|1|1|1|3399.4989521|11|2|1|3|1|1|1|1
3473644|1|1|1|3144.3695026|11|2|1|3|1|1|1|1
3473645|1|1|1|5554.4842812|11|2|1|3|1|1|1|1
3473646|1|1|1|6375.9123921|11|2|1|3|1|1|1|1
3473647|1|1|1|3797.9054284|11|2|1|3|1|1|1|1
3473648|1|1|1|5928.5082765|11|1|1|3|1|1|1|1
3473649|1|1|1|2110.5437039|11|2|1|3|1|1|1|1
3473650|1|1|1|4887.6737167|11|2|1|3|1|1|1|1
3473651|1|1|1|2110.5437039|11|2|1|3|1|1|1|1
3473652|1|1|1|9837.1050988|11|1|1|1|1|1|1|1
3473653|1|1|1|10204.907177|11|1|1|1|1|1|1|1
3473654|1|1|1|14432.184341|11|1|1|1|1|1|1|1
3473655|1|1|1|4451.9281253|11|2|1|1|1|1|1|1
3473656|1|1|1|10204.907177|11|1|1|1|1|1|1|1
3473657|1|1|1|10216.738332|11|2|1|2|2|1|1|1
3473658|1|1|1|7717.2522764|11|2|1|1|1|1|1|1
3473659|1|1|1|9468.5177821|11|1|1|1|1|1|1|1
3473660|1|1|1|9468.5177821|11|2|1|1|1|1|1|1
3473661|1|1|1|5497.3312723|11|2|1|1|1|1|1|1
3473662|1|1|1|3033.9065743|11|2|1|1|1|1|1|1
3473663|1|1|1|4520.03116|11|2|1|1|1|1|1|1
3473664|1|1|1|7045.1132609|11|2|1|1|1|1|1|1
3473665|1|1|1|10607.03153|11|2|1|3|1|1|1|1
3473666|1|1|1|6485.2620992|11|2|1|3|1|1|1|1
3473667|1|1|1|10873.192797|11|1|1|3|1|1|1|1
3473668|1|1|1|9232.197268|11|2|1|3|1|1|1|1
3473669|1|1|1|5056.9546976|11|2|1|2|1|1|1|1
3473670|1|1|1|3677.09744|11|2|1|2|1|1|1|1
3473671|1|1|1|4642.7447645|11|2|1|2|1|1|1|1
3473672|1|1|1|6216.2191034|11|2|1|2|1|1|1|1
3473673|1|1|1|4304.5222195|11|2|1|2|1|1|1|1
3473674|1|1|1|7616.0503522|11|2|1|2|1|1|1|1
3473675|1|1|1|6916.1347278|11|2|1|2|1|1|1|1
3473676|1|1|1|10080.827041|11|1|1|2|1|1|1|1
3473677|1|1|1|9933.3038703|11|2|1|2|1|1|1|1
3473678|1|1|1|4352.9963892|11|1|1|2|1|1|1|1
3473679|1|1|1|13585.264644|11|2|1|2|1|1|1|1
3473680|1|1|1|4352.9963892|11|2|1|2|1|1|1|1
3473681|1|1|1|4352.9963892|11|1|1|2|1|1|1|1
3473682|1|1|1|8386.300851|11|2|1|2|1|1|1|1
3473683|1|1|1|9933.3038703|11|1|1|2|1|1|1|1
3473684|1|1|1|8431.0246033|11|2|1|2|1|1|1|1
3473685|1|1|1|4451.9281253|11|2|1|2|1|1|1|1
3473686|1|1|1|5659.2349988|11|2|1|2|1|1|1|1
3473687|1|1|1|5659.2349988|11|3|1|2|1|1|1|1
3473688|1|1|1|10159.060776|11|2|1|2|1|1|1|1
3473690|1|1|1|6027.4593456|11|2|1|4|1|1|1|1
3473691|1|1|1|7525.2302048|11|2|1|4|1|1|1|1
3473692|1|1|1|4192.025925|11|2|1|4|1|1|1|1
3473693|1|1|1|9250.3260467|11|2|1|4|1|1|1|1
3473694|1|1|1|5816.9891948|11|2|1|4|1|1|1|1
3473695|1|1|1|7636.9901823|11|2|1|4|1|1|1|1
3473696|1|1|1|9616.7977243|11|2|1|2|1|1|1|1
3473697|1|1|1|6637.1402094|11|2|1|2|1|1|1|1
3473698|1|1|1|7950.9112029|11|2|1|2|1|1|1|1
3473699|1|1|1|3869.3301237|11|2|1|2|1|1|1|1
3473700|1|1|1|4262.7793154|11|2|1|2|1|1|1|1
3473701|1|1|1|10183.221182|11|2|1|2|1|1|1|1
3473702|1|1|1|10853.715895|11|2|1|2|1|1|1|1
3473703|1|1|1|8836.7916207|11|2|1|2|1|1|1|1
3473704|1|1|1|4596.4595129|11|2|1|3|1|1|1|1
3473705|1|1|1|4886.9098214|11|1|1|3|1|1|1|1
3473706|1|1|1|3274.1774017|11|2|1|3|1|1|1|1
3473707|1|1|1|2893.0432341|11|2|1|2|1|1|1|1
3473708|1|1|1|5480.1190157|11|2|1|3|1|1|1|1
3473709|1|1|1|4639.3917692|11|2|1|2|1|1|1|1
3473710|1|1|1|5018.7885975|11|2|1|3|1|1|1|1
3473711|1|1|1|3811.5594312|11|2|1|3|1|1|1|1
3473712|1|1|1|2893.0432341|11|2|1|3|1|1|1|1
3473713|1|1|1|6637.8097208|11|2|1|3|1|1|1|1
3473714|1|1|1|7071.6269974|11|2|1|3|1|1|1|1
3473715|1|1|1|9000.3217519|11|1|1|3|1|1|1|1
3473716|1|1|1|10673.047419|11|2|1|3|1|1|1|1
3473717|1|1|1|8354.7557024|11|2|1|3|1|1|1|1
3473718|1|1|1|8884.0591389|11|2|1|3|1|1|1|1
3473719|1|1|1|4600.7695718|11|2|1|3|1|1|1|1
3473720|1|1|1|9896.4254925|11|2|1|3|1|1|1|1
3473721|1|1|1|7435.9216426|11|2|1|3|1|1|1|1
3473722|1|1|1|9653.6572811|11|2|1|3|1|1|1|1
3473723|1|1|1|6064.3078628|11|2|1|3|1|1|1|1
3473724|1|1|1|11560.362655|11|2|1|3|2|1|1|1
3473725|1|1|1|7307.2580195|11|2|1|3|1|1|1|1
3473726|1|1|1|6580.0644438|11|2|1|3|1|1|1|1
3473727|1|1|1|6314.0313168|11|2|1|3|1|1|1|1
3473728|1|1|1|8554.8976652|11|2|1|3|1|1|1|1
3473729|1|1|1|7417.7269161|11|2|1|3|1|1|1|1
3473730|1|1|1|10144.840481|11|2|1|3|1|1|1|1
3473731|1|1|1|10668.394112|11|2|1|3|1|1|1|1
3473732|1|1|1|4712.2818081|11|2|1|3|1|1|1|1
3473733|1|1|1|6314.0313168|11|2|1|3|1|1|1|1
3473734|1|1|1|3390.9419488|11|2|1|2|1|1|1|1
3473735|1|1|1|4287.6132642|11|1|1|2|1|1|1|1
3473736|1|1|1|8692.3698724|11|2|1|2|1|1|1|1
3473737|1|1|1|8513.9147073|11|2|1|2|1|1|1|1
3473738|1|1|1|6946.81799|11|2|1|2|1|1|1|1
3473739|1|1|1|4287.6132642|11|2|1|2|1|1|1|1
3473740|1|1|1|7071.3274305|11|2|1|2|2|1|1|1
3473741|1|1|1|9191.4741395|11|1|1|2|1|1|1|1
3473742|1|1|1|9671.0878658|11|2|1|2|1|1|1|1
3473743|1|1|1|7636.4823432|11|2|1|2|1|1|1|1
3473744|1|1|1|4648.2396689|11|2|1|2|1|1|1|1
3473745|1|1|1|7930.4368298|11|2|1|2|1|1|1|1
3473746|1|1|1|10999.449437|11|2|1|2|2|1|1|1
3473747|1|1|1|4451.9281253|11|2|1|2|1|1|1|1
3473748|1|1|1|4451.9281253|11|2|1|2|1|1|1|1
3473749|1|1|1|8137.0701166|11|1|1|2|1|1|1|1
3473750|1|1|1|532.44325468|13|2|1|3|1|1|1|1
3473751|1|1|1|679.29637124|13|2|1|3|1|1|1|1
3473752|1|1|1|472.28355433|13|2|1|3|1|1|1|1
3473753|1|1|1|846.22690576|13|2|1|3|1|1|1|1
3473754|1|1|1|634.45203056|13|1|1|3|1|1|1|1
3473755|1|1|1|532.94526671|13|2|1|3|1|1|1|1
3473756|1|1|1|639.65954645|13|2|1|3|1|1|1|1
3473757|1|1|1|451.05800013|13|1|1|1|1|1|1|1
3473758|1|1|1|699.05385333|13|2|1|1|1|1|1|1
3473759|1|1|1|554.33117147|13|2|1|1|1|1|1|1
3473760|1|1|1|584.70369475|13|2|1|1|1|1|1|1
3473761|1|1|1|300.70601529|13|2|1|1|1|1|1|1
3473762|1|1|1|495.40049947|13|2|1|1|1|1|1|1
3473763|1|1|1|485.20641039|13|2|1|1|1|1|1|1
3473764|1|1|1|507.18435258|13|2|1|1|1|1|1|1
3473765|1|1|1|660.4367515|13|2|1|1|1|1|1|1
3473766|1|1|1|339.04291573|13|2|1|1|1|1|1|1
3473767|1|1|1|490.16771767|13|2|1|1|1|1|1|1
3473768|1|1|1|398.23898342|13|2|1|1|1|1|1|1
3473769|1|1|1|809.49105834|13|2|1|1|1|1|1|1
3473770|1|1|1|517.71825909|13|2|1|1|1|1|1|1
3473771|1|1|1|594.15550367|13|2|1|1|1|1|1|1
3473772|1|1|1|830.3294085|13|2|1|1|1|1|1|1
3473773|1|1|1|527.49303273|13|2|1|1|1|1|1|1
3473774|1|1|1|818.32886907|13|1|1|1|1|1|1|1
3473775|1|1|1|826.1864539|13|2|1|1|1|1|1|1
3473776|1|1|1|657.46627042|13|2|1|1|1|1|1|1
3473777|1|1|1|547.27321979|13|2|1|1|1|1|1|1
3473778|1|1|1|982.02759228|13|2|1|1|1|1|1|1
3473779|1|1|1|405.6311381|13|1|1|1|1|1|1|1
3473780|1|1|1|545.4249831|13|2|1|2|1|1|1|1
3473781|1|1|1|657.46627042|13|2|1|2|1|1|1|1
3473782|1|1|1|457.59611023|13|1|1|1|1|1|1|1
3473783|1|1|1|657.46627042|13|1|1|2|1|1|1|1
3473784|1|1|1|918.18972639|13|2|1|1|1|1|1|1
3473785|1|1|1|491.94227363|13|1|1|2|1|1|1|1
3473786|1|1|1|771.80227566|13|2|1|1|1|1|1|1
3473787|1|1|1|456.02396476|13|1|1|1|1|1|1|1
3473788|1|1|1|659.31450711|13|2|1|1|1|1|1|1
3473789|1|1|1|550.20915899|13|1|1|4|1|1|1|1
3473790|1|1|1|661.70356314|13|1|1|4|1|1|1|1
3473791|1|1|1|757.81453622|13|1|1|4|1|1|1|1
3473792|1|1|1|290.7743908|13|1|1|4|1|1|1|1
3473793|1|1|1|383.30911477|13|2|1|4|1|1|1|1
3473794|1|1|1|561.84371718|13|2|1|4|1|1|1|1
3473795|1|1|1|918.18972639|13|2|1|1|1|1|1|1
3473796|1|1|1|499.74047505|13|1|1|1|1|2|1|1
3473797|1|1|1|771.80227566|13|2|1|1|1|1|1|1
3473798|1|1|1|387.69918773|13|2|1|1|1|1|1|1
3473799|1|1|1|446.99929417|13|1|1|3|1|1|1|1
3473800|1|1|1|556.75447267|13|2|1|3|1|1|1|1
3473801|1|1|1|446.99929417|13|2|1|3|1|1|1|1
3473802|1|1|1|352.38665154|13|1|1|3|1|1|1|1
3473803|1|1|1|338.52576054|13|2|1|3|1|1|1|1
3473804|1|1|1|478.58066839|13|2|1|3|1|1|1|1
3473805|1|1|1|445.43856097|13|2|1|3|1|1|1|1
3473806|1|1|1|541.98896539|13|2|1|3|1|1|1|1
3473807|1|1|1|697.66856107|13|2|1|3|1|1|1|1
3473808|1|1|1|386.41449308|13|2|1|3|1|1|1|1
3473809|1|1|1|688.68780293|13|2|1|2|1|1|1|1
3473810|1|1|1|711.55145852|13|2|1|2|1|1|1|1
3473811|1|1|1|407.56566707|13|2|1|2|1|1|1|1
3473812|1|1|1|474.74372945|13|2|1|2|1|1|1|1
3473813|1|1|1|529.34126942|13|2|1|1|1|1|1|1
3473814|1|1|1|1271.1428376|13|2|1|1|1|1|1|1
3473815|1|1|1|771.80227566|13|2|1|1|1|1|1|1
3473816|1|1|1|475.5280606|13|2|1|1|1|1|1|1
3473817|1|1|1|696.2132162|13|2|1|1|1|1|1|1
3473818|1|1|1|733.95679865|13|2|1|1|1|1|1|1
3473819|1|1|1|1079.052325|13|1|1|1|1|1|1|1
3473820|1|1|1|999.95954265|13|1|1|1|1|1|1|1
3473821|1|1|1|472.03000141|13|2|1|2|1|1|1|1
3473822|1|1|1|558.3177869|13|2|1|2|1|1|1|1
3473823|1|1|1|579.13843242|13|2|1|2|1|1|1|1
3473824|1|1|1|604.09598171|13|2|1|2|1|1|1|1
3473825|1|1|1|659.31450711|13|2|1|2|1|1|1|1
3473826|1|1|1|771.80227566|13|1|1|2|1|1|1|1
3473827|1|1|1|847.94821722|13|2|1|2|1|1|1|1
3473828|1|1|1|771.80227566|13|2|1|2|1|1|1|1
3473829|1|1|1|145.18954356|15|1|1|2|1|1|1|1
3473830|1|1|1|175.78277485|15|1|1|2|1|2|1|1
3473831|1|1|1|138.29633303|15|1|1|2|1|1|1|1
3473832|1|1|1|79.539006635|15|1|1|2|1|1|1|1
3473833|1|1|1|72.006657569|15|1|1|3|1|2|1|1
3473834|1|1|1|163.23279347|15|1|1|3|1|2|1|1
3473835|1|1|1|159.25393274|15|1|1|3|1|1|1|1
3473836|1|1|1|167.99322264|15|1|1|1|1|1|1|1
3473837|1|1|1|117.33761047|15|1|1|1|1|1|1|1
3473838|1|1|1|201.28640489|15|1|1|1|1|1|1|1
3473839|1|1|1|184.89199269|15|1|1|1|1|1|1|1
3473840|1|1|1|152.57664292|15|2|1|3|1|1|1|1
3473841|1|1|1|313.22896042|15|2|1|3|1|1|1|1
3473842|1|1|1|161.67537942|15|2|1|3|1|1|1|1
3473843|1|1|1|77.060799145|15|1|1|3|1|1|1|1
3473844|1|1|1|126.97466866|15|1|1|3|1|1|1|1
3473845|1|1|1|97.939676081|15|1|1|3|1|1|1|1
3473846|1|1|1|129.03001763|15|1|1|3|1|1|1|1
3473847|1|1|1|90.40968725|15|1|1|3|1|1|1|1
3473848|1|1|1|178.26961681|15|2|1|3|1|1|1|1
3473849|1|1|1|108.26230062|15|2|1|3|1|1|1|1
3473850|1|1|1|60.578918585|15|1|1|3|1|1|1|1
3473851|1|1|1|121.8412384|15|1|1|3|1|1|1|1
3473852|1|1|1|115.55574992|15|1|1|2|1|1|1|1
3473853|1|1|1|52.804882217|15|1|1|3|1|1|1|1
3473854|1|1|1|140.93292095|15|1|1|3|1|1|1|1
3473855|1|1|1|103.38874086|15|1|1|3|1|1|1|1
3473856|1|1|1|52.804882217|15|1|1|2|1|1|1|1
3473857|1|1|1|176.12519246|15|1|1|2|1|1|1|1
3473858|1|1|1|125.98953702|15|1|1|2|1|1|1|1
3473859|1|1|1|52.804882217|15|1|1|2|1|1|1|1
3473860|1|1|1|121.8412384|15|1|1|2|1|1|1|1
3473861|1|1|1|128.43466524|15|1|1|2|1|1|1|1
3473862|1|1|1|166.14714327|15|1|1|3|1|1|1|1
3473863|1|1|1|90.915082212|15|2|1|2|1|1|1|1
3473864|1|1|1|135.32787578|15|2|1|2|1|1|1|1
3473865|1|1|1|144.96350736|15|2|1|2|1|1|1|1
3473866|1|1|1|175.78277485|15|2|1|3|1|1|1|1
3473867|1|1|1|425.68899871|15|2|1|2|1|1|1|1
3473868|1|1|1|179.63127446|15|2|1|2|1|1|1|1
3473869|1|1|1|83.176735585|15|1|1|2|1|1|1|1
3473870|1|1|1|87.640910027|15|1|1|1|1|1|1|1
3473871|1|1|1|275.68430393|15|2|1|2|1|1|1|1
3473872|1|1|1|115.72766168|15|2|1|2|1|1|1|1
3473873|1|1|1|148.77767376|15|1|1|2|1|1|1|1
3473874|1|1|1|266.07123816|15|1|1|2|1|1|1|1
3473875|1|1|1|135.28335387|15|2|1|1|1|1|1|1
3473876|1|1|1|70.533345944|15|2|1|1|1|1|1|1
3473877|1|1|1|144.84074923|15|1|1|3|1|1|1|1
3473878|1|1|1|230.42130422|15|1|1|3|1|1|1|1
3473879|1|1|1|80.364166445|15|1|1|4|1|1|1|1
3473880|1|1|1|72.262068322|15|1|1|4|1|1|1|1
3473881|1|1|1|230.42130422|15|1|1|3|1|1|1|1
3473882|1|1|1|63.92722378|15|2|1|1|1|1|1|1
3473883|1|1|1|230.42130422|15|1|1|4|1|1|1|1
3473884|1|1|1|109.10279195|15|2|1|1|1|1|1|1
3473885|1|1|1|72.174867081|15|1|1|3|1|1|1|1
3473886|1|1|1|173.39550863|15|3|1|3|1|1|1|1
3473887|1|1|1|112.09763909|15|3|1|3|1|1|1|1
3473888|1|1|1|134.9866668|15|2|1|3|1|1|1|1
3473889|1|1|1|141.13011331|15|1|1|3|2|1|1|1
3473890|1|1|1|85.707654659|15|1|1|3|1|1|1|1
3473891|1|1|1|105.22652407|15|1|1|3|1|1|1|1
3473892|1|1|1|100.96437554|15|1|1|3|1|1|1|1
3473893|1|1|1|85.707654659|15|2|1|3|1|1|1|1
3473894|1|1|1|81.341954653|15|1|1|3|1|1|1|1
3473895|1|1|1|124.74539349|15|1|1|3|1|1|1|1
3473896|1|1|1|83.758348308|15|2|1|3|1|1|1|1
3473897|1|1|1|111.32909074|15|1|1|3|1|1|1|1
3473898|1|1|1|210.04892456|15|2|1|3|1|1|1|1
3473899|1|1|1|94.197746154|15|2|1|3|1|1|1|1
3473900|1|1|1|127.57737694|15|2|1|3|1|1|1|1
3473901|1|1|1|84.822428958|15|2|1|3|1|1|1|1
3473902|1|1|1|46.488643592|15|2|1|3|1|1|1|1
3473903|1|1|1|277.10148223|15|2|1|3|1|1|1|1
3473904|1|1|1|134.97862346|15|2|1|3|1|1|1|1
3473905|1|1|1|119.63294555|15|2|1|2|1|1|1|1
3473906|1|1|1|192.85652265|15|1|1|5|1|1|1|1
3473907|1|1|1|196.29977298|15|1|1|4|1|1|1|1
3473908|1|1|1|282.15264557|15|1|1|5|1|1|1|1
3473909|1|1|1|85.074532461|15|1|1|5|1|1|1|1
3473910|1|1|1|192.66334768|15|1|1|4|1|1|1|1
3473911|1|1|1|250.03036606|15|1|1|4|1|1|1|1
3473912|1|1|1|117.54110635|15|1|1|4|1|1|1|1
3473913|1|1|1|510.44719477|15|1|1|5|1|1|1|1
3473914|1|1|1|212.23102427|15|1|1|5|1|1|1|1
3473915|1|1|1|587.27259026|17|2|1|4|1|1|1|1
3473916|1|1|1|436.60423677|17|2|1|4|1|1|1|1
3473917|1|1|1|386.15952933|17|2|1|4|1|1|1|1
3473918|1|1|1|651.37483895|17|2|1|4|1|1|1|1
3473919|1|1|1|754.89309218|17|2|1|4|1|1|1|1
3473920|1|1|1|729.44846859|17|2|1|4|1|1|1|1
3473921|1|1|1|587.27259026|17|2|1|4|1|1|1|1
3473922|1|1|1|386.15952933|17|2|1|4|1|1|1|1
3473926|1|1|1|449.77989248|17|2|1|3|1|1|1|1
3473927|1|1|1|621.94931744|17|2|1|3|1|1|1|1
3473928|1|1|1|483.1419879|17|2|1|3|1|1|1|1
3473929|1|1|1|344.51751706|17|2|1|3|1|1|1|1
3473930|1|1|1|515.12800267|17|2|1|3|1|1|1|1
3473931|1|1|1|331.90554402|17|2|1|3|1|1|1|1
3473932|1|1|1|449.96275118|17|2|1|3|1|1|1|1
3473933|1|1|1|615.4160103|17|2|1|3|1|1|1|1
3473934|1|1|1|483.1419879|17|2|1|3|1|1|1|1
3473935|1|1|1|313.5598582|17|2|1|4|1|1|1|1
3473936|1|1|1|230.67348609|17|2|1|4|1|1|1|1
3473937|1|1|1|540.11462526|17|2|1|4|1|1|1|1
3473938|1|1|1|455.19162496|17|2|1|4|1|1|1|1
3473939|1|1|1|299.31004199|17|1|1|4|1|1|1|1
3473940|1|1|1|516.75926597|17|2|1|4|1|1|1|1
3473941|1|1|1|503.32437896|17|1|1|4|1|1|1|1
3473942|1|1|1|609.94901536|17|2|1|4|1|1|1|1
3473943|1|1|1|571.5466821|17|2|1|4|1|1|1|1
3473944|1|1|1|230.67348609|17|1|1|4|2|1|1|1
3473945|1|1|1|299.31004199|17|2|1|4|1|1|1|1
3473946|1|1|1|612.51291983|17|2|1|2|1|1|1|1
3473947|1|1|1|445.49154271|17|2|1|2|2|1|1|1
3473948|1|1|1|459.54972241|17|2|1|2|1|1|1|1
3473949|1|1|1|592.25489522|17|2|1|2|1|1|1|1
3473950|1|1|1|728.41576137|17|2|1|2|1|1|1|1
3473951|1|1|1|559.68399574|17|2|1|2|1|1|1|1
3473952|1|1|1|357.49162211|17|2|1|2|1|1|1|1
3473953|1|1|1|439.2916978|17|2|1|2|1|1|1|1
3473954|1|1|1|412.92064323|17|2|1|2|1|1|1|1
3473955|1|1|1|310.15460873|17|2|1|2|1|1|1|1
3473956|1|1|1|527.11309626|17|2|1|2|1|1|1|1
3473957|1|1|1|941.43070556|17|2|1|2|1|1|1|1
3473958|1|1|1|573.89444828|17|2|1|3|1|1|1|1
3473959|1|1|1|597.94965382|17|1|1|3|1|1|1|1
3473960|1|1|1|755.87257239|17|2|1|3|1|1|1|1
3473961|1|1|1|443.33541774|17|2|1|3|1|1|1|1
3473962|1|1|1|476.21949894|17|1|1|3|1|1|1|1
3473964|1|1|1|476.21949894|17|1|1|3|1|1|1|1
3473965|1|1|1|291.59835008|17|2|1|3|1|1|1|1
3473966|1|1|1|330.10647912|17|1|1|3|1|1|1|1
3473967|1|1|1|898.92083146|17|1|1|3|1|1|1|1
3473968|1|1|1|241.09671037|17|2|1|3|1|1|1|1
3473969|1|1|1|556.82084166|17|2|1|3|1|1|1|1
3473970|1|1|1|310.64435613|17|1|1|3|1|1|1|1
3473971|1|1|1|575.8668477|17|2|1|3|1|1|1|1
3473972|1|1|1|493.9065167|17|2|1|3|1|1|1|1
3473973|1|1|1|322.51902574|17|2|1|6|1|1|1|1
3473974|1|1|1|229.98095122|17|2|1|6|1|1|1|1
3473975|1|1|1|332.73758029|17|2|1|6|1|1|1|1
3473976|1|1|1|421.95144023|17|2|1|6|1|1|1|1
3473977|1|1|1|405.51153247|17|2|1|1|2|1|1|1
3473978|1|1|1|217.57970125|17|2|1|2|1|1|1|1
3473979|1|1|1|561.7228548|17|2|1|2|1|1|1|1
3473980|1|1|1|464.75035952|17|2|1|2|1|1|1|1
3473981|1|1|1|311.9680908|17|3|1|2|1|1|1|1
3473982|1|1|1|282.32022076|17|3|1|2|1|1|1|1
3473983|1|1|1|311.9680908|17|3|1|2|1|1|1|1
3473984|1|1|1|294.95426804|17|1|1|2|1|1|1|1
3473985|1|1|1|405.51153247|17|3|1|2|1|1|1|1
3473986|1|1|1|429.35345301|17|2|1|2|1|1|1|1
3473987|1|1|1|405.51153247|17|3|1|3|1|1|1|1
3473988|1|1|1|290.37698294|17|1|1|2|2|1|1|1
3473989|1|1|1|270.33335249|17|2|1|2|2|1|1|1
3473990|1|1|1|274.14864167|17|2|1|2|2|1|1|1
3473991|1|1|1|196.13592475|17|2|1|2|1|1|1|1
3473992|1|1|1|286.61511835|17|2|1|2|2|1|1|1
3473993|1|1|1|586.91912641|17|2|1|2|2|1|1|1
3473994|1|1|1|175.98243453|17|1|1|2|2|1|1|1
3473995|1|1|1|319.12522548|17|2|1|2|2|1|1|1
3473996|1|1|1|219.44933278|17|1|1|2|1|1|1|1
3473997|1|1|1|373.66125|17|2|1|2|2|1|1|1
3473998|1|1|1|274.14864167|17|2|1|2|2|1|1|1
3473999|1|1|1|360.29799029|17|1|1|2|1|1|1|1
3474000|1|1|1|196.12818141|17|1|1|2|1|1|1|1
3474001|1|1|1|459.22789394|17|1|1|2|1|1|1|1
3474002|1|1|1|360.44446999|17|2|1|2|1|1|1|1
3474003|1|1|1|271.10780171|17|2|1|2|1|1|1|1
3474004|1|1|1|196.12818141|17|2|1|2|1|1|1|1
3474005|1|1|1|425.50030064|17|2|1|2|1|1|1|1
3474006|1|1|1|399.11729435|17|2|1|4|2|1|1|1
3474007|1|1|1|302.49291101|17|1|1|3|1|1|1|1
3474008|1|1|1|399.11729435|17|1|1|3|1|1|1|1
3474009|1|1|1|262.43851508|17|2|1|4|1|1|1|1
3474010|1|1|1|257.04143527|17|1|1|3|1|1|1|1
3474011|1|1|1|289.99850694|17|2|1|3|1|1|1|1
3474012|1|1|1|435.40068474|17|1|1|2|1|1|1|1
3474013|1|1|1|486.56593501|17|1|1|2|1|1|1|1
3474014|1|1|1|405.33523907|17|1|1|2|1|1|1|1
3474015|1|1|1|329.99226656|17|1|1|2|1|1|1|1
3474016|1|1|1|554.60415158|17|1|1|2|1|1|1|1
3474017|1|1|1|882.57681634|17|1|1|2|1|1|1|1
3474018|1|1|1|573.3038666|17|1|1|2|1|1|1|1
3474019|1|1|1|220.64420409|17|2|1|2|1|1|1|1
3474020|1|1|1|286.2965619|17|2|1|2|1|1|1|1
3474021|1|1|1|220.64420409|17|1|1|2|1|1|1|1
3474022|1|1|1|314.3512568|17|2|1|2|1|1|1|1
3474023|1|1|1|430.85810617|17|2|1|2|1|1|1|1
3474024|1|1|1|515.01527329|17|2|1|2|1|1|1|1
3474025|1|1|1|395.71604749|17|2|1|2|1|1|1|1
3474026|1|1|1|333.49704351|17|2|1|2|1|1|1|1
3474027|1|1|1|606.31968589|17|2|1|2|1|1|1|1
3474028|1|1|1|169.00338541|17|2|1|2|1|1|1|1
3474029|1|1|1|237.80912497|17|1|1|2|1|1|1|1
3474030|1|1|1|169.00338541|17|1|1|2|1|1|1|1
3474031|1|1|1|371.04439638|17|2|1|2|1|1|1|1
3474032|1|1|1|230.72734755|17|2|1|2|1|1|1|1
3474033|1|1|1|433.20917453|17|1|1|2|1|1|1|1
3474034|1|1|1|258.38069873|17|1|1|2|1|1|1|1
3474035|1|1|1|125.54537202|17|2|1|2|1|1|1|1
3474036|1|1|1|167.33263761|18|2|1|1|1|1|1|1
3474037|1|1|1|76.854998569|18|2|1|1|1|1|1|1
3474038|1|1|1|168.71956801|18|2|1|1|1|1|1|1
3474039|1|1|1|162.33637041|18|2|1|1|1|1|1|1
3474040|1|1|1|119.30245101|18|2|1|1|1|1|1|1
3474041|1|1|1|105.70020202|18|2|1|1|1|1|1|1
3474042|1|1|1|70.471800967|18|2|1|1|1|1|1|1
3474043|1|1|1|96.921407317|18|2|1|2|1|1|1|1
3474044|1|1|1|89.849008717|18|1|1|2|1|1|1|1
3474045|1|1|1|61.706064925|18|1|1|2|1|1|1|1
3474046|1|1|1|61.706064925|18|1|1|2|1|1|1|1
3474047|1|1|1|149.49278558|18|2|1|2|1|1|1|1
3474048|1|1|1|135.79478947|18|2|1|2|1|1|1|1
3474049|1|1|1|173.34509902|18|1|1|2|1|1|1|1
3474050|1|1|1|120.12479406|18|1|1|2|1|1|1|1
3474051|1|1|1|66.121349061|18|1|1|2|1|1|1|1
3474052|1|1|1|103.80409471|18|1|1|2|1|1|1|1
3474053|1|1|1|140.52632942|18|1|1|2|1|1|1|1
3474054|1|1|1|74.598621964|18|1|1|2|1|1|1|1
3474055|1|1|1|143.65894449|18|1|1|2|1|1|1|1
3474056|1|1|1|122.43914429|18|1|1|1|1|2|1|1
3474057|1|1|1|229.09836754|18|2|1|1|1|2|1|1
3474058|1|1|1|126.95431707|18|2|1|1|1|2|1|1
3474059|1|1|1|195.17545753|18|1|1|1|1|2|1|1
3474060|1|1|1|75.251298689|18|1|1|1|1|2|1|1
3474061|1|1|1|162.78975091|18|1|1|1|2|2|1|1
3474062|1|1|1|207.46261107|18|2|1|1|1|2|1|1
3474063|1|1|1|97.284808315|18|1|1|1|1|2|1|1
3474064|1|1|1|115.18821397|18|2|1|3|1|1|1|1
3474065|1|1|1|243.07770013|18|2|1|3|1|1|1|1
3474066|1|1|1|179.08118329|18|2|1|3|1|1|1|1
3474067|1|1|1|208.70183042|18|2|1|3|1|1|1|1
3474068|1|1|1|243.07770013|18|1|1|3|1|1|1|1
3474069|1|1|1|115.87243182|18|2|1|3|1|1|1|1
3474070|1|1|1|90.301558427|18|1|1|1|1|1|1|1
3474071|1|1|1|195.3477011|18|2|1|1|2|1|1|1
3474072|1|1|1|90.301558427|18|1|1|1|1|1|1|1
3474073|1|1|1|246.58689177|18|1|1|1|1|1|1|1
3474074|1|1|1|90.301558427|18|2|1|1|1|1|1|1
3474075|1|1|1|90.301558427|18|2|1|1|1|1|1|1
3474076|1|1|1|103.66939257|18|1|1|1|1|1|1|1
3474077|1|1|1|197.44740512|18|1|1|1|1|1|1|1
3474078|1|1|1|136.92095643|18|2|1|1|1|1|1|1
3474079|1|1|1|147.59604083|18|1|1|1|1|1|1|1
3474080|1|1|1|205.27033642|18|1|1|1|1|1|1|1
3474081|1|1|1|149.18248387|18|1|1|1|1|1|1|1
3474082|1|1|1|121.30993649|18|1|1|1|1|1|1|1
3474083|1|1|1|191.46991438|18|2|1|1|1|1|1|1
3474084|1|1|1|143.4706364|18|1|1|1|1|1|1|1
3474085|1|1|1|191.32527588|18|1|1|1|1|1|1|1
3474086|1|1|1|167.72361309|18|2|1|1|1|1|1|1
3474087|1|1|1|153.49279241|18|1|1|1|1|1|1|1
3474088|1|1|1|204.41843379|18|1|1|1|1|1|1|1
3474089|1|1|1|208.42007851|18|2|1|1|1|1|1|1
3474090|1|1|1|305.27568144|18|2|1|1|1|1|1|1
3474091|1|1|1|249.12757051|18|1|1|1|2|1|1|1
3474092|1|1|1|103.66939257|18|2|1|1|1|1|1|1
3474093|1|1|1|198.72408215|18|2|1|1|1|1|1|1
3474094|1|1|1|90.301558427|18|1|1|1|1|1|1|1
3474095|1|1|1|103.66939257|18|1|1|1|1|1|1|1
3474096|1|1|1|162.04117684|18|2|1|1|1|1|1|1
3474097|1|1|1|219.38572619|18|2|1|1|1|1|1|1
3474098|1|1|1|77.708604464|18|1|1|1|2|2|1|1
3474099|1|1|1|109.75421168|18|1|1|1|2|2|1|1
3474100|1|1|1|171.2439772|18|1|1|1|2|2|1|1
3474101|1|1|1|109.75421168|18|1|1|1|2|2|1|1
3474102|1|1|1|182.69355171|18|1|1|1|2|2|1|1
3474103|1|1|1|100.31091983|18|1|1|1|2|2|1|1
3474104|1|1|1|211.13413188|18|1|1|1|2|2|1|1
3474105|1|1|1|146.34392724|18|1|1|1|1|1|1|1
3474106|1|1|1|119.23444929|18|1|1|1|1|1|1|1
3474107|1|1|1|54.180935056|18|1|1|1|2|1|1|1
3474108|1|1|1|62.201635542|18|1|1|1|1|1|1|1
3474109|1|1|1|109.1008254|18|1|1|1|1|1|1|1
3474110|1|1|1|149.47654231|18|1|1|1|1|1|1|1
3474111|1|1|1|117.20862066|18|2|1|1|1|1|1|1
3474112|1|1|1|137.44903353|18|1|1|1|1|1|1|1
3474113|1|1|1|55.290342704|18|1|1|1|1|1|1|1
3474114|1|1|1|127.69683955|18|1|1|1|1|1|1|1
3474115|1|1|1|58.446107927|18|2|1|1|1|1|1|1
3474116|1|1|1|142.20412786|18|2|1|1|1|1|1|1
3474117|1|1|1|105.98617715|18|1|1|1|1|1|1|1
3474118|1|1|1|85.958967978|18|2|1|1|1|1|1|1
3474119|1|1|1|50.204010269|18|1|1|1|1|1|1|1
3474120|1|1|1|54.180935056|18|1|1|2|1|1|1|1
3474121|1|1|1|54.180935056|18|1|1|2|1|1|1|1
3474122|1|1|1|62.201635542|18|1|1|2|1|1|1|1
3474123|1|1|1|65.104174535|18|2|1|2|1|1|1|1
3474124|1|1|1|108.73134776|18|1|1|2|1|1|1|1
3474125|1|1|1|167.1700434|18|1|1|2|1|1|1|1
3474126|1|1|1|91.407108289|18|1|1|2|1|1|1|1
3474127|1|1|1|92.931515535|18|1|1|2|1|1|1|1
3474128|1|1|1|161.48124805|19|1|1|3|1|1|1|1
3474129|1|1|1|234.89800288|19|2|1|3|1|1|1|1
3474130|1|1|1|213.74685453|19|2|1|3|1|1|1|1
3474131|1|1|1|218.91481208|19|1|1|3|1|1|1|1
3474132|1|1|1|267.22941591|19|1|1|3|1|1|1|1
3474133|1|1|1|218.91481208|19|2|1|3|1|1|1|1
3474134|1|1|1|137.95070465|19|2|1|3|1|1|1|1
3474135|1|1|1|305.02216739|19|2|1|3|1|1|1|1
3474136|1|1|1|213.74685453|19|2|1|3|1|1|1|1
3474137|1|1|1|327.40270547|19|2|1|3|1|1|1|1
3474138|1|1|1|199.9437146|19|3|1|3|1|1|1|1
3474139|1|1|1|199.9437146|19|3|1|3|1|1|1|1
3474140|1|1|1|177.37690987|19|3|1|3|1|1|1|1
3474141|1|1|1|197.98092616|19|1|1|3|2|1|1|1
3474142|1|1|1|103.09252896|19|1|1|3|2|1|1|1
3474143|1|1|1|186.80228447|19|2|1|3|2|1|1|1
3474144|1|1|1|209.3690892|19|2|1|3|1|1|1|1
3474145|1|1|1|174.831099|19|2|1|3|1|1|1|1
3474146|1|1|1|100.06241937|19|2|1|2|1|1|1|1
3474147|1|1|1|216.04001405|19|2|1|2|2|1|1|1
3474148|1|1|1|150.2260485|19|1|1|2|1|1|1|1
3474149|1|1|1|169.09043589|19|2|1|2|1|1|1|1
3474150|1|1|1|237.102973|19|2|1|2|1|1|1|1
3474151|1|1|1|156.83449223|19|2|1|2|1|1|1|1
3474152|1|1|1|168.8056777|19|1|1|2|1|1|1|1
3474153|1|1|1|141.3459127|19|2|1|2|1|1|1|1
3474154|1|1|1|146.58611228|19|1|1|2|1|1|1|1
3474155|1|1|1|186.80228447|19|2|1|2|1|1|1|1
3474156|1|1|1|193.47320932|19|2|1|2|1|1|1|1
3474157|1|1|1|96.421604102|19|2|1|2|1|1|1|1
3474158|1|1|1|174.89270108|19|1|1|2|1|1|1|1
3474159|1|1|1|304.79521778|19|1|1|1|1|1|1|1
3474160|1|1|1|362.87941959|19|1|1|1|1|1|1|1
3474161|1|1|1|350.51126975|19|1|1|1|1|1|1|1
3474162|1|1|1|394.45276551|19|1|1|1|1|1|1|1
3474163|1|1|1|362.76226748|19|1|1|1|1|1|1|1
3474164|1|1|1|332.58170601|19|2|1|1|1|1|1|1
3474165|1|1|1|274.73180842|19|2|1|1|1|1|1|1
3474166|1|1|1|362.76226748|19|2|1|1|1|1|1|1
3474167|1|1|1|350.25428337|19|1|1|1|1|1|1|1
3474168|1|1|1|211.60016546|19|1|1|1|2|1|1|1
3474169|1|1|1|280.83766026|19|2|1|1|1|1|1|1
3474170|1|1|1|307.80004202|19|2|1|1|2|1|1|1
3474171|1|1|1|250.7742509|19|2|1|1|1|1|1|1
3474172|1|1|1|332.58170601|19|2|1|1|1|1|1|1
3474173|1|1|1|332.58170601|19|1|1|1|2|1|1|1
3474174|1|1|1|250.7742509|19|2|1|1|1|1|1|1
3474175|1|1|1|285.35406927|19|2|1|1|2|1|1|1
3474176|1|1|1|285.35406927|19|2|1|1|2|1|1|1
3474177|1|1|1|216.91510932|19|2|1|1|1|1|1|1
3474178|1|1|1|137.96730222|19|1|1|3|2|1|1|1
3474179|1|1|1|207.48883212|19|1|1|3|2|1|1|1
3474180|1|1|1|204.64980834|19|1|1|3|1|1|1|1
3474181|1|1|1|203.9696155|19|1|1|3|2|1|1|1
3474182|1|1|1|273.65002248|19|1|1|3|1|1|1|1
3474183|1|1|1|182.97357427|19|1|1|3|1|1|1|1
3474184|1|1|1|182.97357427|19|2|1|3|1|1|1|1
3474185|1|1|1|132.67948151|19|2|1|3|1|1|1|1
3474186|1|1|1|225.64584956|19|2|1|3|1|1|1|1
3474187|1|1|1|254.9439011|19|2|1|3|1|1|1|1
3474188|1|1|1|233.26766704|19|1|1|3|1|1|1|1
3474189|1|1|1|119.1012782|19|2|1|3|1|1|1|1
3474190|1|1|1|254.9439011|19|1|1|3|1|1|1|1
3474191|1|1|1|392.94118074|19|1|1|4|1|1|1|1
3474192|1|1|1|294.06467294|19|1|1|4|1|1|1|1
3474193|1|1|1|332.58170601|19|1|1|4|1|1|1|1
3474194|1|1|1|285.35406927|19|1|1|4|1|1|1|1
3474195|1|1|1|327.80831062|19|1|1|4|1|1|1|1
3474196|1|1|1|327.80831062|19|1|1|4|1|1|1|1
3474197|1|1|1|234.58768669|19|1|1|4|2|1|1|1
3474198|1|1|1|161.82405533|19|1|1|4|1|1|1|1
3474199|1|1|1|188.58361152|19|2|1|4|1|1|1|1
3474200|1|1|1|164.60130356|19|1|1|4|1|1|1|1
3474201|1|1|1|146.47384091|19|1|1|4|2|1|1|1
3474202|1|1|1|218.12041593|19|1|1|4|1|1|1|1
3474203|1|1|1|193.5020835|19|2|1|4|2|1|1|1
3474204|1|1|1|141.24028619|19|1|1|4|1|1|1|1
3474205|1|1|1|191.67150504|19|1|1|4|1|1|1|1
3474206|1|1|1|183.66514328|19|1|1|4|1|1|1|1
3474207|1|1|1|188.58361152|19|1|1|4|1|1|1|1
3474208|1|1|1|175.54197563|19|2|1|1|1|1|1|1
3474209|1|1|1|205.84527106|19|1|1|1|1|1|1|1
3474210|1|1|1|135.12905379|19|1|1|1|1|1|1|1
3474211|1|1|1|220.9721255|19|2|1|1|1|1|1|1
3474212|1|1|1|104.21071544|19|1|1|1|2|1|1|1
3474213|1|1|1|229.46581744|19|2|1|1|1|1|1|1
3474214|1|1|1|224.13361181|19|2|1|1|2|1|1|1
3474215|1|1|1|253.85158076|19|2|1|1|1|1|1|1
3474216|1|1|1|275.73152098|19|2|1|2|1|1|1|1
3474217|1|1|1|355.91265774|19|1|1|2|1|1|1|1
3474218|1|1|1|427.22682779|19|2|1|2|1|1|1|1
3474219|1|1|1|264.63926814|19|1|1|2|1|1|1|1
3474220|1|1|1|280.41812736|19|2|1|2|1|1|1|1
3474221|1|1|1|326.5347659|19|1|1|2|1|1|1|1
3474222|1|1|1|246.21471906|19|1|1|2|1|1|1|1
3474223|1|1|1|242.48800016|19|2|1|2|1|1|1|1
3474224|1|1|1|281.90222877|19|2|1|2|1|1|1|1
3474225|1|1|1|212.97119824|19|1|1|2|1|1|1|1
3474226|1|1|1|201.58218194|19|2|1|2|1|1|1|1
3474227|1|1|1|251.49170352|19|1|1|3|1|1|1|1
3474228|1|1|1|211.76495361|19|1|1|3|1|1|1|1
3474229|1|1|1|235.13464346|19|1|1|3|1|1|1|1
3474230|1|1|1|217.43592188|19|1|1|3|1|1|1|1
3474231|1|1|1|243.27443156|19|1|1|3|1|1|1|1
3474232|1|1|1|251.49170352|19|1|1|3|1|1|1|1
3474233|1|1|1|191.42502147|19|1|1|3|1|1|1|1
3474234|1|1|1|315.41747863|19|2|1|2|1|1|1|1
3474235|1|1|1|350.25428337|19|2|1|2|1|1|1|1
3474236|1|1|1|252.40133956|19|1|1|2|1|1|1|1
3474237|1|1|1|315.41747863|19|1|1|2|2|1|1|1
3474238|1|1|1|148.87245063|19|1|1|2|2|1|1|1
3474239|1|1|1|409.73126963|19|1|1|2|2|1|1|1
3474240|1|1|1|328.90147768|19|1|1|1|2|1|1|1
3474241|1|1|1|244.94899073|20|1|1|2|1|1|1|1
3474242|1|1|1|158.09107082|20|2|1|2|1|1|1|1
3474243|1|1|1|319.67673946|20|1|1|2|1|1|1|1
3474244|1|1|1|310.63890737|20|1|1|2|1|1|1|1
3474245|1|1|1|398.35715434|20|1|1|2|1|1|1|1
3474246|1|1|1|371.15372497|20|2|1|2|1|2|1|1
3474247|1|1|1|398.35715434|20|1|1|2|1|1|1|1
3474248|1|1|1|158.09107082|20|1|1|2|1|1|1|1
3474249|1|1|1|158.09107082|20|1|1|2|1|1|1|1
3474250|1|1|1|280.52561022|20|2|1|2|1|1|1|1
3474252|1|1|1|490.83218136|20|2|1|2|1|1|1|1
3474253|1|1|1|745.08561482|20|2|1|2|1|1|1|1
3474254|1|1|1|537.4414662|20|2|1|2|1|1|1|1
3474255|1|1|1|398.24197232|20|2|1|2|1|1|1|1
3474256|1|1|1|741.6736375|20|2|1|2|1|1|1|1
3474257|1|1|1|164.00975131|20|2|1|2|1|1|1|1
3474258|1|1|1|324.74970548|20|1|1|2|1|1|1|1
3474259|1|1|1|539.8169001|20|1|1|2|1|1|1|1
3474260|1|1|1|225.42677112|20|1|1|2|1|1|1|1
3474261|1|1|1|208.70060064|20|2|1|2|1|1|1|1
3474262|1|1|1|164.00975131|20|2|1|2|1|1|1|1
3474263|1|1|1|380.81126786|20|2|1|2|1|1|1|1
3474264|1|1|1|164.00975131|20|2|1|2|1|1|1|1
3474265|1|1|1|164.00975131|20|1|1|2|1|1|1|1
3474266|1|1|1|337.39569689|20|1|1|2|1|1|1|1
3474267|1|1|1|470.29896437|20|2|1|2|1|1|1|1
3474268|1|1|1|519.5369177|20|1|1|2|1|1|1|1
3474269|1|1|1|274.46728746|20|1|1|2|1|1|1|1
3474270|1|1|1|320.62022872|20|2|1|2|1|1|1|1
3474271|1|1|1|455.71107706|20|1|1|2|1|1|1|1
3474272|1|1|1|274.46728746|20|2|1|2|1|1|1|1
3474273|1|1|1|459.68128742|20|1|1|2|1|1|1|1
3474274|1|1|1|217.52771284|20|1|1|1|1|1|1|1
3474275|1|1|1|399.61676257|20|1|1|1|1|1|1|1
3474276|1|1|1|313.02393244|20|1|1|1|1|1|1|1
3474277|1|1|1|685.45187053|20|1|1|2|1|1|1|1
3474278|1|1|1|270.40127451|20|1|1|1|1|1|1|1
3474279|1|1|1|374.2735738|20|1|1|3|1|1|1|1
3474280|1|1|1|513.95260342|20|2|1|3|2|1|1|1
3474281|1|1|1|696.58285541|20|2|1|3|2|1|1|1
3474282|1|1|1|373.12765958|20|2|1|3|1|1|1|1
3474283|1|1|1|715.59599819|20|1|1|3|1|1|1|1
3474284|1|1|1|287.90432581|20|1|1|3|1|1|1|1
3474285|1|1|1|696.58285541|20|3|1|3|1|1|1|1
3474286|1|1|1|297.82103037|20|2|1|4|1|1|1|1
3474287|1|1|1|297.82103037|20|2|1|3|1|1|1|1
3474288|1|1|1|318.29011199|20|1|1|1|1|1|1|1
3474289|1|1|1|398.01001196|20|1|1|2|1|1|1|1
3474290|1|1|1|161.98493956|20|1|1|2|1|1|1|1
3474291|1|1|1|184.71686846|20|1|1|1|1|1|1|1
3474292|1|1|1|332.41544558|20|2|1|2|1|1|1|1
3474293|1|1|1|161.98493956|20|1|1|1|1|1|1|1
3474294|1|1|1|203.91709269|20|1|1|1|1|1|1|1
3474295|1|1|1|425.87324635|20|2|1|1|1|1|1|1
3474296|1|1|1|213.99240381|20|1|1|1|1|1|1|1
3474297|1|1|1|495.34780829|20|2|1|1|1|1|1|1
3474298|1|1|1|465.98868911|20|2|1|1|1|1|1|1
3474299|1|1|1|206.38960551|20|2|1|1|1|1|1|1
3474300|1|1|1|356.2213555|20|2|1|1|1|1|1|1
3474301|1|1|1|278.21656313|20|2|1|1|1|1|1|1
3474302|1|1|1|336.49300457|20|1|1|2|1|1|1|1
3474303|1|1|1|157.93531607|20|2|1|1|1|1|1|1
3474304|1|1|1|364.45415863|20|1|1|2|1|1|1|1
3474305|1|1|1|157.93531607|20|2|1|1|1|1|1|1
3474306|1|1|1|157.93531607|20|2|1|1|1|1|1|1
3474307|1|1|1|709.60534745|20|1|1|1|1|1|1|1
3474308|1|1|1|300.92681786|20|1|1|1|1|1|1|1
3474309|1|1|1|287.90432581|20|2|1|1|1|1|1|1
3474310|1|1|1|391.1831286|20|1|1|1|1|1|1|1
3474311|1|1|1|374.2735738|20|1|1|1|2|1|1|1
3474312|1|1|1|749.74569458|20|2|1|1|1|1|1|1
3474313|1|1|1|521.76797374|20|2|1|1|1|1|1|1
3474314|1|1|1|227.79132126|20|2|1|1|1|1|1|1
3474315|1|1|1|300.92681786|20|2|1|1|1|1|1|1
3474316|1|1|1|468.60513457|20|2|1|1|1|1|1|1
3474317|1|1|1|411.04687896|20|2|1|1|1|1|1|1
3474318|1|1|1|301.47169841|20|2|1|1|1|1|1|1
3474319|1|1|1|468.60513457|20|2|1|1|1|1|1|1
3474320|1|1|1|468.60513457|20|2|1|1|1|1|1|1
3474321|1|1|1|463.17764123|20|1|1|1|1|1|1|1
3474322|1|1|1|600.42697973|20|1|1|1|1|1|1|1
3474323|1|1|1|408.23973141|20|1|1|1|1|1|1|1
3474324|1|1|1|448.10365993|20|1|1|1|1|1|1|1
3474325|1|1|1|368.16030201|20|1|1|1|1|1|1|1
3474326|1|1|1|355.707544|20|1|1|1|1|1|1|1
3474327|1|1|1|496.94282567|20|1|1|1|1|1|1|1
3474328|1|1|1|357.89910495|20|2|1|1|1|1|1|1
3474329|1|1|1|219.52175271|20|2|1|1|1|1|1|1
3474330|1|1|1|382.53672758|20|2|1|1|1|1|1|1
3474331|1|1|1|320.77886703|20|2|1|1|1|1|1|1
3474332|1|1|1|330.78009499|20|2|1|1|1|1|1|1
3474333|1|1|1|203.22658293|20|2|1|1|1|1|1|1
3474334|1|1|1|400.31678301|20|2|1|1|1|1|1|1
3474335|1|1|1|259.34222898|20|2|1|1|1|1|1|1
3474336|1|1|1|413.15046695|20|2|1|1|1|1|1|1
3474337|1|1|1|542.47191129|20|1|1|1|1|1|1|1
3474338|1|1|1|480.08020535|20|1|1|1|1|1|1|1
3474339|1|1|1|227.79132126|20|2|1|1|1|1|1|1
3474340|1|1|1|265.90850556|20|2|1|1|1|1|1|1
3474341|1|1|1|227.79132126|20|1|1|1|1|1|1|1
3474342|1|1|1|568.26135682|20|2|1|1|1|1|1|1
3474343|1|1|1|374.2735738|20|3|1|1|2|1|1|1
3474344|1|1|1|287.90432581|20|2|1|1|1|1|1|1
3474345|1|1|1|289.43823041|20|2|1|2|1|1|1|1
3474346|1|1|1|395.82990527|20|2|1|1|1|1|1|1
3474347|1|1|1|397.45667998|20|2|1|2|1|1|1|1
3474348|1|1|1|352.20436127|20|2|1|2|1|1|1|1
3474349|1|1|1|176.15862178|20|2|1|2|1|1|1|1
3474350|1|1|1|176.15862178|20|2|1|2|1|1|1|1
3474351|1|1|1|330.14942984|20|2|1|2|1|1|1|1
3474352|1|1|1|261.86731989|23|2|1|2|1|1|1|1
3474353|1|1|1|181.92229166|23|2|1|2|1|1|1|1
3474354|1|1|1|195.95159263|23|2|1|2|1|1|1|1
3474355|1|1|1|120.21666525|23|1|1|2|1|1|1|1
3474357|1|1|1|241.44732202|23|2|1|1|1|1|1|1
3474360|1|1|1|275.39880124|23|2|1|1|1|1|1|1
3474361|1|1|1|135.00947844|23|1|1|1|1|1|1|1
3474362|1|1|1|320.32340949|23|2|1|1|1|1|1|1
3474363|1|1|1|217.73276718|23|2|1|1|1|1|1|1
3474364|1|1|1|248.17196808|23|2|1|1|1|1|1|1
3474365|1|1|1|217.73276718|23|1|1|1|1|1|1|1
3474366|1|1|1|272.19399516|23|2|1|2|1|1|1|1
3474367|1|1|1|258.76755258|23|2|1|2|1|1|1|1
3474368|1|1|1|267.98813921|23|2|1|2|1|1|1|1
3474369|1|1|1|209.29220647|23|1|1|2|1|1|1|1
3474370|1|1|1|210.8777778|23|2|1|2|1|1|1|1
3474371|1|1|1|217.82877603|23|2|1|2|1|1|1|1
3474372|1|1|1|182.49527666|23|2|1|2|1|1|1|1
3474373|1|1|1|195.38297683|23|1|1|2|1|1|1|1
3474374|1|1|1|251.2452793|23|1|1|2|1|1|1|1
3474375|1|1|1|239.26027894|23|2|1|2|1|1|1|1
3474376|1|1|1|250.06195282|23|2|1|2|1|1|1|1
3474377|1|1|1|221.42066666|23|2|1|1|1|2|1|1
3474378|1|1|1|294.08072038|23|1|1|1|1|2|1|1
3474379|1|1|1|303.16468612|23|1|1|1|1|2|1|1
3474380|1|1|1|307.06351991|23|2|1|1|1|2|1|1
3474381|1|1|1|189.90877484|23|1|1|1|1|2|1|1
3474382|1|1|1|221.42066666|23|1|1|1|1|2|1|1
3474385|1|1|1|357.82916226|23|2|1|1|1|2|1|1
3474386|1|1|1|249.15738866|23|1|1|1|1|2|1|1
3474388|1|1|1|189.90877484|23|2|1|1|1|2|1|1
3474389|1|1|1|158.06381886|23|1|1|2|1|1|1|1
3474390|1|1|1|220.44554171|23|2|1|2|1|1|1|1
3474392|1|1|1|190.01095859|23|2|1|2|1|1|1|1
3474393|1|1|1|136.73431788|23|2|1|2|1|1|1|1
3474394|1|1|1|133.73596074|23|1|1|2|1|1|1|1
3474395|1|1|1|155.06546171|23|2|1|2|1|1|1|1
3474397|1|1|1|258.35067992|23|2|1|2|1|1|1|1
3474398|1|1|1|245.83447194|23|1|1|1|1|1|1|1
3474399|1|1|1|262.97263999|23|2|1|1|1|1|1|1
3474400|1|1|1|291.3136377|23|1|1|1|1|1|1|1
3474402|1|1|1|357.35282731|23|2|1|1|1|1|1|1
3474404|1|1|1|303.51907019|23|2|1|1|1|1|1|1
3474405|1|1|1|279.11853833|23|2|1|1|1|1|1|1
3474406|1|1|1|262.9149453|23|1|1|1|1|1|1|1
3474407|1|1|1|192.28165974|23|1|1|1|1|1|1|1
3474408|1|1|1|367.25814029|23|1|1|1|1|1|1|1
3474409|1|1|1|207.53051149|23|1|1|1|1|1|1|1
3474410|1|1|1|230.84386373|23|1|1|1|1|1|1|1
3474411|1|1|1|214.37117641|23|1|1|1|1|1|1|1
3474412|1|1|1|296.62485472|23|1|1|1|1|1|1|1
3474413|1|1|1|238.42551826|23|1|1|1|1|1|1|1
3474414|1|1|1|157.42192615|23|1|1|1|1|1|1|1
3474415|1|1|1|167.40790397|23|1|1|1|1|1|1|1
3474416|1|1|1|271.30325825|23|1|1|1|1|1|1|1
3474417|1|1|1|221.76125693|23|1|1|1|1|1|1|1
3474418|1|1|1|375.86315847|23|2|1|1|1|1|1|1
3474419|1|1|1|284.3038779|23|2|1|1|1|1|1|1
3474420|1|1|1|311.85015847|23|1|1|1|1|1|1|1
3474421|1|1|1|400.76268295|23|1|1|1|1|1|1|1
3474422|1|1|1|328.27572411|23|2|1|1|1|1|1|1
3474423|1|1|1|271.89272852|23|1|1|1|1|1|1|1
3474424|1|1|1|356.20734525|23|2|1|1|1|1|1|1
3474425|1|1|1|210.14781181|23|2|1|1|1|1|1|1
3474426|1|1|1|357.31751895|23|2|1|1|1|1|1|1
3474427|1|1|1|250.77251505|23|1|1|1|1|1|1|1
3474428|1|1|1|318.3640104|23|2|1|1|1|1|1|1
3474429|1|1|1|360.43553546|23|2|1|1|1|1|1|1
3474430|1|1|1|407.70778884|23|2|1|1|1|1|1|1
3474431|1|1|1|268.43696|23|1|1|1|1|1|1|1
3474432|1|1|1|157.41736267|23|2|1|1|1|1|1|1
3474433|1|1|1|277.20618263|23|1|1|1|1|1|1|1
3474434|1|1|1|382.84019888|23|1|1|1|1|1|1|1
3474436|1|1|1|293.82427088|23|1|1|1|1|1|1|1
3474437|1|1|1|268.14486508|23|1|1|1|1|1|1|1
3474438|1|1|1|242.46545929|23|1|1|1|1|1|1|1
3474439|1|1|1|171.4446392|23|1|1|1|1|1|1|1
3474440|1|1|1|189.14074046|23|1|1|1|1|1|1|1
3474442|1|1|1|236.89573161|23|1|1|3|1|1|1|1
3474443|1|1|1|233.6561357|23|1|1|3|1|1|1|1
3474444|1|1|1|248.66124311|23|1|1|3|1|1|1|1
3474445|1|1|1|252.91345974|23|2|1|3|1|1|1|1
3474446|1|1|1|198.87195856|23|2|1|3|1|1|1|1
3474447|1|1|1|207.56096686|23|1|1|3|1|1|1|1
3474448|1|1|1|310.69212277|23|1|1|3|1|1|1|1
3474449|1|1|1|381.65072705|23|1|1|1|2|2|1|1
3474450|1|1|1|230.1556317|23|1|1|1|2|2|1|1
3474451|1|1|1|383.91582895|23|2|1|1|2|2|1|1
3474452|1|1|1|265.7048|23|1|1|1|2|2|1|1
3474453|1|1|1|263.4396981|23|2|1|1|2|2|1|1
3474454|1|1|1|266.32996945|23|2|1|1|2|2|1|1
3474455|1|1|1|260.59633245|23|1|1|1|1|2|1|1
3474456|1|1|1|288.43029495|23|2|1|1|1|2|1|1
3474457|1|1|1|255.87349011|23|1|1|1|1|2|1|1
3474458|1|1|1|221.81448874|23|2|1|1|1|2|1|1
3474459|1|1|1|256.85870455|23|2|1|1|1|2|1|1
3474460|1|1|1|367.32270439|23|1|1|1|1|2|1|1
3474461|1|1|1|251.15064777|23|1|1|1|1|2|1|1
3474462|1|1|1|191.42804503|23|1|1|1|1|2|1|1
3474463|1|1|1|204.39005369|23|2|1|1|1|2|1|1
3474464|1|1|1|64.529513353|27|1|1|1|2|2|1|2
3474465|1|1|1|108.5966227|27|1|1|1|2|2|1|1
3474466|1|1|1|144.11656414|27|1|1|1|2|2|1|1
3474467|1|1|1|64.529513353|27|2|1|1|2|2|1|1
3474468|1|1|1|95.257732754|27|1|1|1|2|2|1|1
3474469|1|1|1|128.57467377|27|1|1|1|2|2|1|1
3474470|1|1|1|95.587442118|27|2|1|1|2|2|1|1
3474471|1|1|1|186.81407562|27|1|1|1|2|2|1|1
3474472|1|1|1|171.22443457|27|1|1|1|2|2|1|2
3474473|1|1|1|172.93650991|27|1|1|1|2|2|1|2
3474474|1|1|1|102.71422974|27|1|1|1|2|2|1|2
3474475|1|1|1|218.98841625|27|1|1|1|2|2|1|2
3474476|1|1|1|169.11338491|27|1|1|1|2|2|1|2
3474477|1|1|1|108.76153786|27|1|1|1|2|2|1|2
3474478|1|1|1|110.29320244|27|1|1|3|2|2|1|1
3474479|1|1|1|134.34570186|27|1|1|3|2|1|1|1
3474480|1|1|1|82.313450566|27|1|1|3|2|2|1|1
3474481|1|1|1|74.457130792|27|2|1|2|2|1|1|1
3474482|1|1|1|121.31494359|27|1|1|3|2|2|1|1
3474483|1|1|1|173.64158579|27|2|1|3|2|1|1|1
3474484|1|1|1|79.7705356|27|1|1|2|2|1|1|1
3474485|1|1|1|174.90803898|27|1|1|1|2|1|1|1
3474486|1|1|1|91.593973802|27|1|1|1|2|2|1|1
3474487|1|1|1|62.047608993|27|2|1|2|2|2|1|1
3474488|1|1|1|123.62949401|27|2|1|1|2|2|1|1
3474489|1|1|1|79.7705356|27|1|1|2|2|2|1|1
3474490|1|1|1|178.02539865|27|1|1|1|2|1|1|1
3474491|1|1|1|129.32471583|27|1|1|1|2|2|1|2
3474492|1|1|1|47.776658925|27|2|1|1|2|2|2|2
3474493|1|1|1|82.562086102|27|2|1|1|2|2|2|2
3474494|1|1|1|87.074856738|27|1|1|1|2|2|1|2
3474495|1|1|1|61.423312412|27|1|1|1|2|2|2|2
3474496|1|1|1|76.134609838|27|1|1|1|2|2|1|2
3474497|1|1|1|91.918240343|27|1|1|1|2|2|2|2
3474498|1|1|1|104.54286955|27|1|1|1|2|2|1|2
3474499|1|1|1|146.04870383|27|1|1|1|2|2|1|2
3474500|1|1|1|83.75906238|27|2|1|2|2|1|1|1
3474502|1|1|1|83.426182734|27|2|1|1|2|1|1|2
3474503|1|1|1|115.46171949|27|2|1|1|2|1|1|2
3474504|1|1|1|86.826254873|27|1|1|1|2|2|2|2
3474505|1|1|1|70.419656149|27|1|1|1|2|2|1|2
3474506|1|1|1|105.38101292|27|1|1|1|2|2|1|1
3474507|1|1|1|54.774250384|27|1|1|1|2|2|1|2
3474508|1|1|1|70.419656149|27|1|1|1|2|2|1|2
3474509|1|1|1|94.377584808|27|1|1|1|2|2|1|2
3474510|1|1|1|78.527779611|27|1|1|1|2|2|1|2
3474511|1|1|1|144.09872676|27|2|1|1|2|2|1|2
3474512|1|1|1|84.071381601|27|1|1|1|2|2|1|2
3474513|1|1|1|117.55248913|27|1|1|1|2|2|1|1
3474514|1|1|1|158.6365692|27|2|1|1|2|2|1|2
3474515|1|1|1|108.76153786|27|2|1|1|2|2|1|1
3474516|1|1|1|101.19365177|27|1|1|1|2|2|1|1
3474517|1|1|1|99.9967975|27|2|1|1|2|2|1|1
3474518|1|1|1|91.405312394|27|1|1|1|2|2|1|1
3474519|1|1|1|125.30379543|27|2|1|1|2|2|1|2
3474520|1|1|1|122.01573071|27|1|1|1|2|2|1|2
3474521|1|1|1|75.280561264|27|1|1|1|2|2|1|2
3474522|1|1|1|113.27715927|27|1|1|1|2|2|1|2
3474523|1|1|1|109.91276856|27|2|1|1|2|2|1|1
3474524|1|1|1|64.835424501|27|1|1|1|2|2|2|2
3474525|1|1|1|72.028727335|27|1|1|1|2|2|2|2
3474526|1|1|1|53.331625333|27|1|1|1|2|2|2|2
3474527|1|1|1|118.01066277|27|1|1|1|2|2|2|2
3474528|1|1|1|79.559405744|27|1|1|1|2|2|2|2
3474529|1|1|1|94.054338784|27|1|1|1|2|2|2|2
3474530|1|1|1|79.46269104|27|1|1|1|2|2|1|2
3474531|1|1|1|89.153121256|27|1|1|1|2|2|1|2
3474532|1|1|1|78.71480128|27|2|1|1|2|2|1|1
3474533|1|1|1|77.423691036|27|2|1|1|2|2|1|2
3474534|1|1|1|61.57958373|27|1|1|1|2|2|1|2
3474535|1|1|1|57.830481108|27|1|1|1|2|2|1|2
3474536|1|1|1|38.412943597|27|1|1|1|2|2|1|1
3474537|1|1|1|100.76786698|27|1|1|1|2|2|1|1
3474538|1|1|1|51.292625329|27|1|1|1|2|2|2|2
3474539|1|1|1|51.47016114|27|1|1|1|2|2|2|2
3474540|1|1|1|63.618583734|27|1|1|1|2|2|1|2
3474541|1|1|1|110.70161715|27|1|1|1|2|2|2|2
3474542|1|1|1|68.419678336|27|1|1|1|2|2|1|2
3474543|1|1|1|72.044077942|27|2|1|1|2|2|1|2
3474544|1|1|1|85.075121248|27|1|1|1|2|2|1|2
3474545|1|1|1|83.213657055|27|1|1|1|2|2|1|2
3474546|1|1|1|96.646528054|27|1|1|1|2|2|1|2
3474547|1|1|1|84.319066945|27|1|1|1|2|2|1|2
3474548|1|1|1|78.368326085|27|2|1|1|2|1|1|1
3474549|1|1|1|86.11078668|27|2|1|1|2|1|1|1
3474550|1|1|1|66.88645143|27|2|1|1|2|1|1|1
3474551|1|1|1|64.337701426|27|2|1|1|2|1|1|1
3474552|1|1|1|64.337701426|27|2|1|1|2|1|1|1
3474553|1|1|1|73.093880667|27|2|1|1|2|1|1|1
3474554|1|1|1|85.52459792|27|2|1|1|2|2|1|1
3474555|1|1|1|70.545130662|27|2|1|1|2|2|1|1
3474556|1|1|1|216.43617738|41|1|1|3|1|1|1|1
3474557|1|1|1|491.18574497|41|1|1|2|1|1|1|1
3474558|1|1|1|282.48383479|41|1|1|3|1|1|1|1
3474559|1|1|1|210.68625023|41|1|1|2|1|1|1|1
3474560|1|1|1|176.3523088|41|2|1|3|1|1|1|1
3474562|1|1|1|240.87920975|41|1|1|2|1|1|2|1
3474563|1|1|1|320.71568356|41|1|1|2|1|1|1|1
3474564|1|1|1|279.92681391|41|1|1|2|1|1|1|1
3474565|1|1|1|511.65181768|41|2|1|2|1|1|1|1
3474566|1|1|1|183.70032167|41|2|1|2|1|1|1|1
3474567|1|1|1|188.61038702|41|1|1|2|1|1|1|1
3474568|1|1|1|230.36441679|41|2|1|2|1|1|1|1
3474569|1|1|1|309.89535591|41|2|1|2|1|1|1|1
3474570|1|1|1|451.04148501|41|2|1|2|1|1|1|1
3474571|1|1|1|225.12660907|41|1|1|2|1|1|1|1
3474572|1|1|1|380.74293216|41|2|1|2|1|1|1|1
3474573|1|1|1|135.77553924|41|2|1|2|1|1|1|1
3474574|1|1|1|179.69860532|41|1|1|2|1|1|1|1
3474575|1|1|1|242.96730288|41|1|1|2|1|1|1|1
3474576|1|1|1|145.11332815|41|3|1|2|1|1|1|1
3474577|1|1|1|225.82425914|41|2|1|2|1|1|1|1
3474578|1|1|1|181.41928264|41|1|1|2|1|1|1|1
3474579|1|1|1|169.74934832|41|2|1|2|1|1|1|1
3474580|1|1|1|115.12165898|41|1|1|2|1|1|1|1
3474581|1|1|1|233.01804589|41|1|1|2|1|1|1|1
3474582|1|1|1|198.19488934|41|1|1|2|1|1|1|1
3474583|1|1|1|542.83347601|41|1|1|1|1|1|1|1
3474584|1|1|1|525.06544858|41|1|1|1|1|1|1|1
3474585|1|1|1|479.57322993|41|1|1|1|1|1|1|1
3474586|1|1|1|241.85554692|41|2|1|1|1|1|1|1
3474587|1|1|1|534.67891118|41|1|1|1|1|1|1|1
3474588|1|1|1|532.92216017|41|1|1|1|1|1|1|1
3474589|1|1|1|337.6899136|41|1|1|1|1|1|1|1
3474590|1|1|1|509.27282039|41|1|1|1|1|1|1|1
3474591|1|1|1|205.42005986|41|1|1|1|1|1|1|1
3474592|1|1|1|307.35438712|41|2|1|1|1|1|1|1
3474593|1|1|1|241.85554692|41|2|1|1|1|1|1|1
3474594|1|1|1|185.92858519|41|1|1|1|1|1|1|1
3474595|1|1|1|122.79643624|41|1|1|1|1|1|1|1
3474596|1|1|1|240.87920975|41|1|1|1|1|1|1|1
3474597|1|1|1|283.60815544|41|2|1|1|1|1|1|1
3474598|1|1|1|176.3523088|41|1|1|1|1|1|1|1
3474599|1|1|1|181.06597154|41|1|1|1|1|1|1|1
3474600|1|1|1|432.06613103|41|2|1|1|1|1|1|1
3474601|1|1|1|181.06597154|41|1|1|1|2|1|1|1
3474602|1|1|1|282.48383479|41|1|1|1|1|1|1|1
3474603|1|1|1|199.54390808|41|1|1|3|1|1|1|1
3474604|1|1|1|169.74934832|41|1|1|4|1|1|1|1
3474605|1|1|1|137.99588785|41|1|1|3|1|1|1|1
3474606|1|1|1|280.33152951|41|2|1|4|1|1|1|1
3474607|1|1|1|115.12165898|41|1|1|3|1|1|1|1
3474608|1|1|1|227.24996833|41|2|1|3|1|1|1|1
3474609|1|1|1|497.46054977|41|2|1|4|1|1|1|1
3474610|1|1|1|381.14839869|41|2|1|4|1|1|1|1
3474611|1|1|1|473.45489035|41|2|1|4|1|1|1|1
3474612|1|1|1|409.64874273|41|2|1|4|1|1|1|1
3474613|1|1|1|383.08614829|41|2|1|4|1|1|1|1
3474614|1|1|1|667.45156391|41|2|1|4|1|1|1|1
3474615|1|1|1|478.73268289|41|2|1|4|1|1|1|1
3474616|1|1|1|638.95121987|41|2|1|4|1|1|1|1
3474617|1|1|1|515.35695325|41|2|1|4|1|1|1|1
3474618|1|1|1|216.52287497|41|2|1|4|1|1|1|1
3474619|1|1|1|115.12165898|41|1|1|3|1|1|1|1
3474620|1|1|1|257.53864914|41|1|1|3|1|1|1|1
3474621|1|1|1|257.53864914|41|1|1|3|1|1|1|1
3474622|1|1|1|152.06923552|41|1|1|3|1|1|1|1
3474623|1|1|1|165.3302895|41|1|1|3|1|1|1|1
3474624|1|1|1|282.64834939|41|2|1|3|1|1|1|1
3474625|1|1|1|271.65072328|41|2|1|3|1|1|1|1
3474626|1|1|1|260.11456816|41|2|1|3|1|1|1|1
3474627|1|1|1|200.02923915|41|1|1|2|1|1|1|1
3474628|1|1|1|170.22269623|41|1|1|2|1|1|1|1
3474629|1|1|1|321.68517631|41|1|1|2|1|1|1|1
3474630|1|1|1|311.58997057|41|1|1|2|1|1|1|1
3474631|1|1|1|300.93910226|41|1|1|2|1|1|1|1
3474632|1|1|1|139.28299481|41|1|1|2|1|1|1|1
3474633|1|1|1|205.37575476|41|1|1|2|1|1|1|1
3474634|1|1|1|269.59789052|41|1|1|2|1|1|1|1
3474635|1|1|1|172.30450337|41|1|1|2|1|1|1|1
3474636|1|1|1|517.51392719|41|1|1|1|2|2|2|1
3474637|1|1|1|606.89886381|41|1|1|1|2|2|2|1
3474638|1|1|1|280.03704967|41|1|1|1|2|2|2|1
3474639|1|1|1|817.62246748|41|2|1|1|2|2|2|1
3474640|1|1|1|798.91035685|41|1|1|1|2|2|2|1
3474641|1|1|1|672.63170223|41|1|1|1|2|2|2|1
3474642|1|1|1|263.82046849|41|1|1|1|2|2|2|1
3474643|1|1|1|107.79253815|44|1|1|3|1|1|1|1
3474644|1|1|1|97.095461705|44|1|1|3|1|1|1|1
3474645|1|1|1|144.69293175|44|1|1|3|1|1|1|1
3474646|1|1|1|125.06163|44|1|1|3|1|1|1|1
3474647|1|1|1|138.46523448|44|1|1|3|1|1|1|1
3474648|1|1|1|58.398701254|44|1|1|3|1|1|1|1
3474649|1|1|1|99.914309546|44|1|1|3|1|1|1|1
3474650|1|1|1|98.491243619|44|2|1|2|1|1|1|1
3474651|1|1|1|124.07654265|44|2|1|2|1|1|1|1
3474652|1|1|1|112.41553191|44|2|1|2|1|1|1|1
3474653|1|1|1|117.44523071|44|2|1|2|1|1|1|1
3474654|1|1|1|111.79594924|44|2|1|2|1|1|1|1
3474655|1|1|1|118.44899153|44|2|1|2|1|1|1|1
3474656|1|1|1|69.504778997|44|2|1|1|1|1|1|1
3474657|1|1|1|62.597300691|44|1|1|2|1|1|1|1
3474658|1|1|1|128.96119517|44|1|1|2|1|1|1|1
3474659|1|1|1|118.89517183|44|2|1|2|1|1|1|1
3474660|1|1|1|228.83720612|44|1|1|2|1|1|1|1
3474661|1|1|1|196.36023353|44|2|1|2|1|1|1|1
3474662|1|1|1|101.80319864|44|2|1|2|1|1|1|1
3474663|1|1|1|138.26859446|44|2|1|2|1|1|1|1
3474664|1|1|1|66.014271034|44|2|1|2|1|1|1|1
3474665|1|1|1|116.7761644|44|1|1|2|1|1|1|1
3474666|1|1|1|106.83289744|44|2|1|2|1|1|1|1
3474667|1|1|1|128.05756398|44|2|1|2|1|1|1|1
3474668|1|1|1|110.10733771|44|2|1|2|1|1|1|1
3474669|1|1|1|114.13327569|44|1|1|1|1|1|1|1
3474670|1|1|1|117.44523071|44|2|1|1|1|1|1|1
3474671|1|1|1|151.52381643|44|2|1|1|1|1|1|1
3474672|1|1|1|130.9682162|44|2|1|1|1|1|1|1
3474673|1|1|1|135.35794224|44|1|1|1|1|1|1|1
3474674|1|1|1|91.190865365|44|2|1|1|2|1|1|1
3474675|1|1|1|142.94809833|44|1|1|1|1|1|1|1
3474676|1|1|1|107.77001125|44|1|1|1|1|1|1|1
3474677|1|1|1|171.1169922|44|1|1|1|1|1|1|1
3474678|1|1|1|117.44523071|44|1|1|1|2|2|1|1
3474679|1|1|1|131.33200425|44|2|1|1|1|1|1|1
3474680|1|1|1|114.13327569|44|2|1|1|1|1|1|1
3474681|1|1|1|128.39225849|44|2|1|1|1|2|1|1
3474682|1|1|1|80.511885088|44|2|1|1|1|2|1|1
3474683|1|1|1|153.20428067|44|2|1|1|1|1|1|1
3474684|1|1|1|112.41553191|44|2|1|1|1|1|1|1
3474685|1|1|1|107.91066845|44|1|1|1|1|1|1|1
3474686|1|1|1|228.83720612|44|1|1|1|1|1|1|1
3474687|1|1|1|133.04974803|44|2|1|1|1|1|1|1
3474688|1|1|1|91.124218359|44|1|1|2|1|1|1|1
3474689|1|1|1|185.68125326|44|1|1|2|1|1|1|1
3474690|1|1|1|134.01980961|44|2|1|2|1|1|1|1
3474691|1|1|1|63.676944578|44|2|1|2|1|1|1|1
3474692|1|1|1|112.75022641|44|2|1|2|1|1|1|1
3474693|1|1|1|70.977322831|44|1|1|2|1|1|1|1
3474694|1|1|1|196.36023353|44|1|1|2|1|1|1|1
3474695|1|1|1|128.05756398|44|1|1|2|1|1|1|1
3474696|1|1|1|116.7761644|44|1|1|0|2|2|2|2
3474697|1|1|1|103.24905984|44|1|1|1|2|2|2|2
3474698|1|1|1|102.98722576|44|1|1|1|2|2|2|2
3474699|1|1|1|107.42413698|44|1|1|1|2|2|2|2
3474700|1|1|1|112.00668206|44|1|1|1|2|2|2|2
3474701|1|1|1|133.99369744|44|1|1|1|2|2|2|2
3474702|1|1|1|117.28819862|44|1|1|1|2|2|2|2
3474703|1|1|1|122.88427861|44|1|1|1|2|2|2|2
3474704|1|1|1|90.4736001|44|1|1|1|2|2|2|2
3474705|1|1|1|85.413000347|44|1|1|1|2|2|2|2
3474706|1|1|1|287.9615277|47|2|1|1|1|1|1|1
3474707|1|1|1|251.16566884|47|2|1|1|1|1|1|1
3474708|1|1|1|268.14921119|47|1|1|1|1|1|1|1
3474709|1|1|1|168.71572532|47|1|1|1|1|1|1|1
3474710|1|1|1|158.15639055|47|1|1|1|1|1|1|1
3474711|1|1|1|244.21612375|47|2|1|1|1|1|1|1
3474712|1|1|1|158.15639055|47|1|1|1|1|1|1|1
3474713|1|1|1|199.59835784|47|1|1|1|1|1|1|1
3474714|1|1|1|448.72645704|47|2|1|1|1|1|1|1
3474715|1|1|1|289.4870596|47|1|1|1|1|1|1|1
3474716|1|1|1|401.80678283|47|2|1|2|1|1|1|1
3474717|1|1|1|295.50614337|47|2|1|2|1|1|1|1
3474718|1|1|1|295.50614337|47|2|1|2|1|1|1|1
3474719|1|1|1|499.49867863|47|2|1|2|1|1|1|1
3474720|1|1|1|323.46055682|47|1|1|2|1|1|1|1
3474721|1|1|1|384.58976221|47|2|1|2|1|1|1|1
3474722|1|1|1|521.84154649|47|2|1|2|1|1|1|1
3474723|1|1|1|358.98421171|47|1|1|2|1|1|1|1
3474724|1|1|1|333.97773586|47|2|1|2|1|1|1|1
3474725|1|1|1|243.13880752|47|1|1|1|1|1|1|1
3474726|1|1|1|273.57778327|47|2|1|1|1|1|1|1
3474727|1|1|1|278.2469566|47|2|1|1|1|1|1|1
3474728|1|1|1|360.8831336|47|2|1|1|1|1|1|1
3474729|1|1|1|295.59705694|47|1|1|1|1|1|1|1
3474730|1|1|1|391.25241002|47|2|1|1|1|1|1|1
3474731|1|1|1|327.3602364|47|2|1|1|1|1|1|1
3474732|1|1|1|261.30241538|47|2|1|1|1|1|1|1
3474733|1|1|1|514.05209126|47|2|1|3|1|1|1|1
3474734|1|1|1|407.7514518|47|2|1|3|1|1|1|1
3474735|1|1|1|793.64757412|47|1|1|3|1|1|1|1
3474736|1|1|1|314.94092003|47|1|1|3|1|1|1|1
3474737|1|1|1|375.98101855|47|1|1|3|1|1|1|1
3474738|1|1|1|220.68333566|47|1|1|3|1|1|1|1
3474739|1|1|1|839.59930119|47|1|1|3|1|1|1|1
3474740|1|1|1|334.15463195|47|1|1|3|1|1|1|1
3474741|1|1|1|407.7514518|47|1|1|3|1|1|1|1
3474742|1|1|1|441.10364099|47|2|1|2|1|1|1|1
3474743|1|1|1|404.90263536|47|2|1|2|1|1|1|1
3474744|1|1|1|402.84739726|47|2|1|2|1|1|1|1
3474746|1|1|1|427.88671653|47|2|1|2|1|1|1|1
3474747|1|1|1|389.6304728|47|1|1|2|1|1|1|1
3474748|1|1|1|530.7064399|47|2|1|2|1|1|1|1
3474749|1|1|1|560.90573508|47|2|1|2|1|1|1|1
3474750|1|1|1|354.43839079|47|1|1|2|1|1|1|2
3474751|1|1|1|724.08347273|47|1|1|2|1|1|1|1
3474752|1|1|1|441.10364099|47|2|1|2|1|1|1|1
3474753|1|1|1|836.15598069|47|2|1|2|1|1|1|2
3474754|1|1|1|237.65897686|47|1|1|1|1|1|1|2
3474755|1|1|1|350.46372396|47|1|1|1|1|1|1|1
3474756|1|1|1|521.84154649|47|1|1|1|1|1|1|1
3474757|1|1|1|437.33043772|47|1|1|1|1|1|1|1
3474758|1|1|1|527.2328783|47|1|1|1|1|1|1|1
3474759|1|1|1|566.79276678|47|1|1|1|1|1|1|1
3474760|1|1|1|508.92624403|47|1|1|1|1|1|1|1
3474761|1|1|1|318.69329071|47|1|1|1|1|1|1|1
3474762|1|1|1|867.33350085|47|1|1|1|1|1|1|1
3474763|1|1|1|374.07258317|47|2|1|1|1|1|1|1
3474764|1|1|1|220.68333566|47|2|1|1|1|1|1|1
3474765|1|1|1|521.84154649|47|2|1|1|1|1|1|1
3474766|1|1|1|350.46372396|47|1|1|1|1|1|1|1
3474767|1|1|1|407.7514518|47|2|1|1|1|1|1|1
3474768|1|1|1|437.33043772|47|2|1|1|1|1|1|1
3474769|1|1|1|770.46042679|47|2|1|1|1|1|1|1
3474770|1|1|1|706.1866741|47|2|1|1|1|1|1|1
3474771|1|1|1|392.05689059|47|1|1|1|1|1|1|1
3474772|1|1|1|309.3747291|47|1|1|1|1|1|1|1
3474773|1|1|1|706.1866741|47|1|1|1|1|1|1|1
3474774|1|1|1|421.78630264|47|2|1|1|1|1|1|1
3474775|1|1|1|287.18736936|47|2|1|1|1|1|1|1
3474776|1|1|1|176.54666852|47|1|1|1|1|1|1|1
3474777|1|1|1|509.16083632|47|1|1|1|1|1|1|1
3474778|1|1|1|370.75205193|47|2|1|1|1|1|1|1
3474779|1|1|1|336.74579107|47|1|1|1|1|1|1|1
3474780|1|1|1|316.3319554|47|2|1|1|1|1|1|1
3474781|1|1|1|220.68333566|47|2|1|3|1|1|1|1
3474782|1|1|1|253.67975677|47|1|1|3|1|1|1|1
3474783|1|1|1|482.28165801|47|1|1|3|1|1|1|1
3474784|1|1|1|839.59930119|47|2|1|3|1|1|1|1
3474785|1|1|1|521.84154649|47|2|1|3|1|1|1|1
3474786|1|1|1|329.12136288|47|2|1|3|1|1|1|1
3474787|1|1|1|425.0575793|47|2|1|3|1|1|1|1
3474788|1|1|1|295.81546402|47|2|1|3|1|1|1|1
3474789|1|1|1|428.20922026|47|2|1|1|1|1|2|1
3474790|1|1|1|243.49503116|47|2|1|1|2|1|1|1
3474791|1|1|1|259.356991|47|2|1|1|1|1|1|1
3474792|1|1|1|547.03117722|47|2|1|1|2|1|2|1
3474793|1|1|1|531.16921738|47|2|1|1|1|1|2|1
3474794|1|1|1|298.7840954|47|2|1|1|2|1|1|1
3474795|1|1|1|219.68162975|47|2|1|1|1|1|1|1
3474796|1|1|1|219.68162975|47|1|1|1|1|1|1|1
3474797|1|1|1|601.35122726|47|2|1|1|1|1|1|1
3474798|1|1|1|441.83287391|47|2|1|2|1|1|1|1
3474799|1|1|1|177.43516249|47|2|1|2|1|1|1|1
3474800|1|1|1|165.48344029|47|1|1|2|1|1|1|1
3474801|1|1|1|470.17560866|47|2|1|2|1|1|1|1
3474802|1|1|1|292.23126603|47|2|1|2|1|1|1|1
3474803|1|1|1|209.48064657|47|1|1|2|1|1|1|1
3474804|1|1|1|307.76241785|47|1|1|2|1|1|1|1
3474805|1|1|1|228.21205523|47|1|1|4|1|1|1|1
3474806|1|1|1|278.50933653|47|1|1|4|1|1|1|1
3474807|1|1|1|395.41494425|47|1|1|4|1|1|1|1
3474808|1|1|1|259.56077661|47|1|1|4|1|1|1|1
3474809|1|1|1|316.84850445|47|1|1|4|1|1|1|1
3474810|1|1|1|356.85556254|47|1|1|4|1|1|1|1
3474811|1|1|1|788.98727483|47|1|1|4|1|1|1|1
3474812|1|1|1|358.98421171|47|1|1|4|1|1|1|1
3474813|1|1|1|375.98101855|47|1|1|4|1|1|1|1
3474814|1|1|1|370.03634958|47|1|1|4|1|1|1|1
3474815|1|1|1|332.849108|50|2|1|3|1|1|1|1
3474816|1|1|1|404.793047|50|1|1|3|1|1|1|1
3474817|1|1|1|535.48591477|50|1|1|3|1|1|1|1
3474818|1|1|1|281.06709007|50|1|1|3|1|1|1|1
3474819|1|1|1|418.62703057|50|1|1|3|1|1|1|1
3474820|1|1|1|355.31033796|50|2|1|3|1|1|1|1
3474821|1|1|1|294.90107364|50|1|1|3|1|1|1|1
3474822|1|1|1|511.93806382|50|2|1|3|1|1|1|1
3474823|1|1|1|324.97702066|50|1|1|3|1|1|1|1
3474824|1|1|1|224.89935608|50|1|1|3|1|1|1|1
3474825|1|1|1|605.24695106|50|1|1|3|1|1|1|1
3474826|1|1|1|485.49787249|50|1|1|3|1|1|1|1
3474827|1|1|1|298.53682934|50|1|1|3|1|1|1|1
3474828|1|1|1|420.56420467|50|1|1|3|1|1|1|1
3474829|1|1|1|459.98951798|50|2|1|3|1|1|1|1
3474830|1|1|1|461.65226715|50|1|1|3|1|1|1|1
3474831|1|1|1|790.49259854|50|1|1|2|1|1|1|1
3474832|1|1|1|671.59416669|50|1|1|2|1|1|1|1
3474833|1|1|1|620.70118435|50|1|1|2|1|1|1|1
3474834|1|1|1|722.27876608|50|2|1|2|1|1|1|1
3474835|1|1|1|557.88924474|50|1|1|2|1|1|1|1
3474836|1|1|1|388.09783055|50|1|1|2|1|1|1|1
3474837|1|1|1|657.9517672|50|2|1|2|1|1|1|1
3474838|1|1|1|234.18494036|50|1|1|2|1|1|1|1
3474839|1|1|1|380.01105664|50|1|1|2|1|1|1|1
3474840|1|1|1|409.46354339|50|1|1|2|1|1|1|1
3474841|1|1|1|650.26617599|50|1|1|2|1|1|1|1
3474842|1|1|1|334.53516833|50|2|1|2|1|1|1|1
3474843|1|1|1|420.51160044|50|2|1|2|1|1|1|1
3474844|1|1|1|464.90770395|50|1|1|2|1|1|1|1
3474845|1|1|1|476.46118676|50|1|1|2|1|1|1|1
3474846|1|1|1|357.43716381|50|1|1|2|1|1|1|1
3474847|1|1|1|418.16896041|50|1|1|2|1|1|1|1
3474848|1|1|1|651.44752567|50|1|1|2|1|1|1|1
3474849|1|1|1|734.73684673|50|1|1|2|1|1|1|1
3474850|1|1|1|401.45989775|50|2|1|2|1|1|1|1
3474851|1|1|1|903.42011262|50|1|1|2|1|1|1|1
3474852|1|1|1|438.09005764|50|1|1|2|1|1|1|1
3474853|1|1|1|1068.0828548|50|2|1|2|1|1|1|1
3474854|1|1|1|546.12801623|50|2|1|3|1|1|1|1
3474855|1|1|1|546.12801623|50|2|1|3|1|1|1|1
3474856|1|1|1|447.72944446|50|2|1|3|1|1|1|1
3474857|1|1|1|481.16940781|50|1|1|3|1|1|1|1
3474858|1|1|1|332.8789438|50|1|1|3|1|1|1|1
3474859|1|1|1|428.38413763|50|1|1|3|1|1|1|1
3474860|1|1|1|456.31833284|50|1|1|3|1|1|1|1
3474861|1|1|1|243.61532134|50|1|1|3|1|1|1|1
3474862|1|1|1|305.44515369|50|1|1|3|1|1|1|1
3474863|1|1|1|366.47615862|50|1|1|3|1|1|1|1
3474864|1|1|1|182.21791632|50|1|1|3|1|1|1|1
3474865|1|1|1|299.70311239|50|1|1|3|1|1|1|1
3474866|1|1|1|375.19923447|50|1|1|3|1|1|1|1
3474867|1|1|1|346.72434867|50|2|1|3|1|1|1|1
3474868|1|1|1|464.04299071|50|2|1|3|1|1|1|1
3474869|1|1|1|393.85720419|50|2|1|3|1|1|1|1
3474870|1|1|1|268.15908611|50|2|1|3|1|1|1|1
3474871|1|1|1|393.85720419|50|2|1|3|1|1|1|1
3474872|1|1|1|248.32900414|50|2|1|3|1|1|1|1
3474873|1|1|1|444.21290873|50|2|1|3|1|1|1|1
3474874|1|1|1|440.41612199|50|2|1|3|1|1|1|1
3474875|1|1|1|399.86049186|50|1|1|3|1|1|1|1
3474876|1|1|1|270.4392454|50|1|1|3|1|1|1|1
3474877|1|1|1|606.1561545|50|1|1|3|1|1|1|1
3474878|1|1|1|416.69638687|50|1|1|3|1|1|1|1
3474879|1|1|1|294.39094813|50|1|1|3|1|1|1|1
3474880|1|1|1|246.48754267|50|1|1|3|1|1|1|1
3474881|1|1|1|224.88622959|50|1|1|3|1|1|1|1
3474882|1|1|1|294.39094813|50|1|1|3|1|1|1|1
3474883|1|1|1|404.37578032|50|1|1|3|1|1|1|1
3474884|1|1|1|394.00191112|50|1|1|3|1|1|1|1
3474885|1|1|1|493.90003581|50|1|1|3|1|1|1|1
3474886|1|1|1|519.41132682|50|1|1|3|1|1|1|1
3474887|1|1|1|297.18347048|50|1|1|3|1|1|1|1
3474888|1|1|1|347.67762137|50|1|1|3|1|1|1|1
3474889|1|1|1|297.18347048|50|1|1|3|1|1|1|1
3474890|1|1|1|642.95076564|50|2|1|2|1|1|1|1
3474891|1|1|1|418.01216231|50|1|1|2|1|1|1|1
3474892|1|1|1|686.58253429|50|1|1|2|1|1|1|1
3474893|1|1|1|418.01216231|50|2|1|2|1|1|1|1
3474894|1|1|1|418.01216231|50|2|1|2|1|1|1|1
3474895|1|1|1|233.61920174|50|1|1|2|1|1|1|1
3474896|1|1|1|284.60507574|50|2|1|2|1|1|1|1
3474897|1|1|1|707.62877987|50|1|1|2|1|1|1|1
3474898|1|1|1|686.0501823|50|1|1|2|1|1|1|1
3474899|1|1|1|396.35677985|50|2|1|2|1|1|1|1
3474900|1|1|1|611.62971223|50|2|1|1|1|1|1|1
3474901|1|1|1|562.978048|50|2|1|1|1|1|1|1
3474902|1|1|1|538.75155631|50|1|1|1|1|1|1|1
3474903|1|1|1|648.45013225|50|1|1|1|1|1|1|1
3474904|1|1|1|299.35800538|50|1|1|1|1|1|1|1
3474905|1|1|1|460.97598648|50|1|1|1|1|1|1|1
3474906|1|1|1|593.94698065|50|1|1|1|1|1|1|1
3474907|1|1|1|538.75155631|50|1|1|1|1|1|1|1
3474908|1|1|1|497.03372238|50|1|1|1|1|1|1|1
3474909|1|1|1|198.00365231|52|2|1|3|2|1|1|1
3474910|1|1|1|254.86616912|52|2|1|3|2|1|1|1
3474911|1|1|1|448.55814495|52|2|1|3|2|1|1|1
3474912|1|1|1|169.90100516|52|2|1|3|2|1|1|1
3474913|1|1|1|254.86616912|52|2|1|3|2|1|1|1
3474914|1|1|1|292.91432876|52|2|1|3|2|1|1|1
3474915|1|1|1|294.68900804|52|1|1|2|1|1|1|1
3474916|1|1|1|260.25075014|52|2|1|2|2|1|1|1
3474917|1|1|1|307.37316546|52|2|1|2|2|1|1|1
3474918|1|1|1|247.56659272|52|1|1|2|2|1|1|1
3474919|1|1|1|316.78819936|52|2|1|1|2|1|1|1
3474920|1|1|1|389.00064663|52|2|1|1|1|1|1|1
3474921|1|1|1|314.67379048|52|2|1|1|2|1|1|1
3474922|1|1|1|336.31629754|52|2|1|1|2|1|1|1
3474923|1|1|1|222.88167117|52|1|1|1|1|1|1|1
3474924|1|1|1|254.91290362|52|2|1|1|2|1|1|1
3474925|1|1|1|314.67379048|52|2|1|1|1|1|1|1
3474926|1|1|1|291.89299778|52|1|1|4|1|1|1|1
3474927|1|1|1|163.74801372|52|1|1|4|2|1|1|1
3474928|1|1|1|196.45933869|52|1|1|4|1|1|1|1
3474929|1|1|1|225.78812842|52|1|1|4|2|1|1|1
3474930|1|1|1|177.09077455|52|1|1|4|2|1|1|1
3474931|1|1|1|173.50050009|52|1|1|4|1|1|1|1
3474932|1|1|1|290.55212406|52|1|1|4|1|1|1|1
3474933|1|1|1|197.44011391|52|2|1|2|2|1|1|1
3474934|1|1|1|186.34197863|52|2|1|2|2|1|1|1
3474935|1|1|1|354.4037571|52|2|1|2|1|1|1|1
3474936|1|1|1|223.56681501|52|1|1|2|1|1|1|1
3474937|1|1|1|244.28782932|52|1|1|2|2|1|1|1
3474938|1|1|1|223.56681501|52|1|1|2|2|1|1|1
3474939|1|1|1|236.22137934|52|4|1|2|2|1|1|1
3474940|1|1|1|256.94239365|52|2|1|2|2|1|1|1
3474941|1|1|1|311.95635059|52|1|1|3|1|1|1|1
3474942|1|1|1|413.04170176|52|2|1|3|2|1|1|1
3474943|1|1|1|351.45938909|52|2|1|3|2|1|1|1
3474944|1|1|1|309.79353948|52|2|1|3|2|1|1|1
3474945|1|1|1|200.628197|52|2|1|2|2|1|1|1
3474946|1|1|1|288.5903028|52|2|1|2|2|1|1|1
3474947|1|1|1|200.628197|52|2|1|2|2|1|1|1
3474948|1|1|1|239.56078715|52|2|1|2|2|1|1|1
3474949|1|1|1|187.0034494|52|2|1|2|2|1|1|1
3474950|1|1|1|276.64131049|52|2|1|2|2|1|1|1
3474951|1|1|1|226.2716019|52|1|1|2|2|1|1|1
3474952|1|1|1|226.2716019|52|1|1|2|2|1|1|1
3474953|1|1|1|236.5512497|52|2|1|2|2|1|1|1
3474954|1|1|1|182.65015558|52|1|1|2|2|1|1|1
3474955|1|1|1|172.59925771|52|1|1|2|2|1|1|1
3474956|1|1|1|252.13206958|52|1|1|2|2|1|1|1
3474957|1|1|1|181.43726309|52|1|1|2|2|1|1|1
3474958|1|1|1|262.87284561|52|1|1|2|2|1|1|1
3474959|1|1|1|208.28375717|52|2|1|2|2|1|1|1
3474960|1|1|1|207.07876241|52|1|1|2|2|1|1|1
3474961|1|1|1|248.79792699|52|2|1|2|1|1|1|1
3474962|1|1|1|261.1485661|52|2|1|2|1|1|1|1
3474963|1|1|1|248.79792699|52|2|1|2|1|1|1|1
3474964|1|1|1|249.06100986|52|4|1|2|1|1|1|1
3474965|1|1|1|193.28927963|52|1|1|2|1|1|1|1
3474966|1|1|1|248.79792699|52|1|1|2|1|1|1|1
3474967|1|1|1|301.4801485|52|4|1|2|2|1|1|1
3474968|1|1|1|255.5071062|52|2|1|2|1|1|1|1
3474969|1|1|1|240.28461502|52|2|1|2|1|1|1|1
3474970|1|1|1|268.84762177|52|2|1|2|1|1|1|1
3474971|1|1|1|319.53544064|52|2|1|2|1|1|1|1
3474972|1|1|1|253.62513059|52|2|1|2|2|1|1|1
3474973|1|1|1|349.86989268|52|2|1|2|1|1|1|1
3474974|1|1|1|223.40120887|52|1|1|2|1|1|1|1
3474975|1|1|1|315.37750842|52|2|1|1|2|1|1|1
3474976|1|1|1|179.68685794|52|2|1|1|2|1|1|1
3474977|1|1|1|233.93002535|52|2|1|1|2|1|1|1
3474978|1|1|1|226.20559286|52|2|1|1|2|1|1|1
3474979|1|1|1|213.06818245|52|2|1|1|2|1|1|1
3474980|1|1|1|271.10095863|52|2|1|3|2|1|1|1
3474981|1|1|1|178.83413766|52|1|1|3|2|1|1|1
3474982|1|1|1|271.10095863|52|2|1|3|2|1|1|1
3474983|1|1|1|323.70903003|52|2|1|3|1|1|1|1
3474984|1|1|1|470.81751238|52|1|1|2|1|1|1|1
3474985|1|1|1|488.19117541|52|2|1|2|2|1|1|1
3474986|1|1|1|455.46008636|52|2|1|2|2|1|1|1
3474987|1|1|1|325.39495005|52|1|1|2|1|1|1|1
3474988|1|1|1|325.39495005|52|1|1|2|1|1|1|1
3474989|1|1|1|260.75040652|52|2|1|2|2|1|1|1
3474990|1|1|1|221.87368236|52|2|1|1|2|1|1|1
3474991|1|1|1|221.87368236|52|2|1|1|2|1|1|1
3474992|1|1|1|129.0097013|52|2|1|1|2|1|1|1
3474993|1|1|1|343.80779753|52|1|1|1|2|1|1|1
3474994|1|1|1|358.00816521|54|1|1|3|1|1|1|1
3474995|1|1|1|729.35937439|54|2|1|3|1|1|1|1
3474996|1|1|1|520.98262094|54|1|1|3|1|1|1|1
3474997|1|1|1|737.70548503|54|1|1|3|1|1|1|1
3474998|1|1|1|1458.3826103|54|2|1|2|2|1|1|1
3474999|1|1|1|651.64516921|54|2|1|2|1|1|1|1
3475000|1|1|1|1163.3198467|54|1|1|2|1|1|1|1
3475002|1|1|1|752.37811968|54|2|1|2|2|1|1|1
3475003|1|1|1|1361.1296872|54|2|1|2|2|1|1|1
3475004|1|1|1|1159.464939|54|1|1|2|1|1|1|1
3475005|1|1|1|766.15091315|54|1|1|2|1|1|1|1
3475006|1|1|1|1268.5006024|54|2|1|2|1|1|1|1
3475007|1|1|1|1133.8938956|54|1|1|2|1|1|1|1
3475008|1|1|1|1353.729269|54|1|1|2|1|1|1|1
3475009|1|1|1|877.54069299|54|1|1|2|1|1|1|1
3475010|1|1|1|703.77885166|54|2|1|2|1|1|1|1
3475011|1|1|1|727.50072041|54|2|1|2|1|1|1|1
3475012|1|1|1|653.62989008|54|2|1|2|1|1|1|1
3475013|1|1|1|665.1333574|54|2|1|2|1|1|1|1
3475014|1|1|1|789.75099489|54|2|1|2|1|1|1|1
3475015|1|1|1|814.72601925|54|2|1|2|1|1|1|1
3475016|1|1|1|848.13145062|54|2|1|2|1|1|1|1
3475017|1|1|1|840.89012338|54|2|1|2|1|1|1|1
3475018|1|1|1|592.83168406|54|2|1|2|1|1|1|1
3475019|1|1|1|645.39839593|54|1|1|2|2|1|1|1
3475020|1|1|1|820.26947053|54|1|1|2|1|1|1|1
3475021|1|1|1|1125.3407699|54|2|1|4|1|1|1|1
3475022|1|1|1|876.30768595|54|1|1|4|1|1|1|1
3475023|1|1|1|456.81687817|54|1|1|4|1|1|1|1
3475024|1|1|1|664.60067238|54|1|1|4|1|1|1|1
3475025|1|1|1|775.16094547|54|2|1|4|1|1|1|1
3475026|1|1|1|775.16094547|54|2|1|4|1|1|1|1
3475027|1|1|1|1059.4406303|54|1|1|4|1|1|1|1
3475028|1|1|1|664.60067238|54|1|1|4|1|1|1|1
3475029|1|1|1|814.36254547|54|2|1|2|1|1|1|1
3475030|1|1|1|888.92311989|54|1|1|2|1|1|1|1
3475031|1|1|1|672.78119796|54|1|1|2|1|1|1|1
3475032|1|1|1|576.82322508|54|2|1|2|1|1|1|1
3475033|1|1|1|976.71085691|54|1|1|2|2|1|1|1
3475034|1|1|1|886.6828802|54|1|1|2|1|1|1|1
3475035|1|1|1|446.59201056|54|1|1|2|1|1|1|1
3475036|1|1|1|770.69265952|54|2|1|2|1|1|1|1
3475037|1|1|1|933.98196412|54|2|1|2|1|1|1|1
3475038|1|1|1|673.43685644|54|2|1|2|2|1|1|1
3475039|1|1|1|705.36355816|54|2|1|2|2|1|1|1
3475040|1|1|1|791.87900914|54|1|1|2|2|1|1|1
3475041|1|1|1|390.73644925|54|2|1|2|1|1|1|1
3475042|1|1|1|876.04017612|54|3|1|2|2|1|1|1
3475043|1|1|1|626.4052562|54|1|1|2|1|1|1|1
3475044|1|1|1|876.04017612|54|2|1|2|2|1|1|1
3475045|1|1|1|554.42886556|54|2|1|2|1|1|1|1
3475046|1|1|1|886.89094445|54|2|1|2|2|1|1|1
3475047|1|1|1|1077.1992009|54|2|1|2|1|1|1|1
3475048|1|1|1|714.75921369|54|2|1|2|1|1|1|1
3475049|1|1|1|1061.3485597|54|2|1|2|1|1|1|1
3475050|1|1|1|1245.2187046|54|2|1|2|2|1|1|1
3475051|1|1|1|979.8112982|54|2|1|2|1|1|1|1
3475052|1|1|1|727.8433675|54|1|1|2|2|1|1|1
3475053|1|1|1|690.46672252|54|2|1|2|1|1|1|1
3475054|1|1|1|939.70206377|54|2|1|1|1|1|1|1
3475055|1|1|1|961.96016459|54|1|1|1|1|1|1|1
3475056|1|1|1|812.085621|54|1|1|1|1|1|1|1
3475057|1|1|1|606.26969934|54|2|1|1|1|1|1|1
3475058|1|1|1|942.70593534|54|2|1|1|1|1|1|1
3475059|1|1|1|850.58546719|54|2|1|1|1|1|1|1
3475060|1|1|1|1056.4013889|54|2|1|1|1|1|1|1
3475061|1|1|1|805.72951638|54|1|1|3|1|1|1|1
3475062|1|1|1|847.44689582|54|1|1|3|1|1|1|1
3475063|1|1|1|727.96893995|54|1|1|3|1|1|1|1
3475064|1|1|1|720.02258789|54|1|1|3|1|1|1|1
3475065|1|1|1|776.32888779|54|1|1|3|1|1|1|1
3475066|1|1|1|762.52257338|54|1|1|3|1|1|1|1
3475067|1|1|1|879.49967674|54|1|1|3|1|1|1|1
3475068|1|1|1|236.86954728|63|1|1|2|1|1|1|1
3475069|1|1|1|365.8757372|63|1|1|2|1|1|1|1
3475070|1|1|1|459.29028874|63|1|1|2|1|1|1|1
3475071|1|1|1|298.60453668|63|1|1|2|1|1|1|1
3475072|1|1|1|278.41716207|63|1|1|2|1|1|1|1
3475073|1|1|1|176.90232094|63|1|1|2|1|1|1|1
3475075|1|1|1|236.86954728|63|2|1|2|1|1|1|1
3475076|1|1|1|208.14119854|63|2|1|2|1|1|1|1
3475077|1|1|1|399.32306239|63|2|1|2|1|1|1|1
3475078|1|1|1|337.97100387|63|1|1|2|1|1|1|1
3475079|1|1|1|248.70172399|63|2|1|3|1|1|1|1
3475080|1|1|1|280.35845119|63|1|1|3|1|1|1|1
3475081|1|1|1|296.65600314|63|2|1|3|2|1|1|1
3475082|1|1|1|271.73798567|63|2|1|3|1|1|1|1
3475083|1|1|1|192.05638969|63|2|1|3|1|1|1|1
3475084|1|1|1|145.46484231|63|1|1|2|1|1|1|1
3475085|1|1|1|118.93991154|63|1|1|2|1|1|1|1
3475086|1|1|1|281.18870299|63|1|1|1|1|1|1|1
3475087|1|1|1|356.82855176|63|1|1|1|1|1|1|1
3475088|1|1|1|220.4094913|63|1|1|1|1|1|1|1
3475089|1|1|1|316.43307001|63|1|1|1|1|1|1|1
3475090|1|1|1|180.01400955|63|1|1|1|1|1|1|1
3475091|1|1|1|250.06368009|63|1|1|1|1|1|1|1
3475092|1|1|1|281.18870299|63|1|1|1|1|1|1|1
3475093|1|1|1|251.90376484|63|1|1|1|1|1|1|1
3475094|1|1|1|391.54684988|63|1|1|1|1|1|1|1
3475095|1|1|1|316.43307001|63|1|1|1|1|1|1|1
3475096|1|1|1|116.34485892|63|2|1|3|1|1|1|1
3475097|1|1|1|343.05524044|63|2|1|3|1|1|1|1
3475098|1|1|1|150.82157554|63|2|1|3|1|1|1|1
3475099|1|1|1|460.28536035|63|2|1|3|1|1|1|1
3475100|1|1|1|327.22800144|63|2|1|3|1|1|1|1
3475101|1|1|1|129.78810111|63|2|1|3|1|1|1|1
3475102|1|1|1|380.09973335|63|2|1|3|1|1|1|1
3475103|1|1|1|116.34485892|63|2|1|3|1|1|1|1
3475104|1|1|1|138.95018672|63|2|1|3|1|1|1|1
3475105|1|1|1|465.3794357|63|2|1|3|1|1|1|1
3475106|1|1|1|116.34485892|63|2|1|3|1|1|1|1
3475107|1|1|1|192.05638969|63|2|1|3|1|1|1|1
3475108|1|1|1|225.74364492|63|2|1|3|1|1|1|1
3475109|1|1|1|154.18562555|63|2|1|3|1|1|1|1
3475110|1|1|1|166.96746486|63|2|1|3|1|1|1|1
3475111|1|1|1|296.65600314|63|2|1|3|1|1|1|1
3475112|1|1|1|178.40986731|63|1|1|3|1|1|1|1
3475113|1|1|1|413.62588082|63|2|1|3|1|1|1|1
3475114|1|1|1|444.9840047|63|1|1|3|1|1|1|1
3475115|1|1|1|389.17955291|63|1|1|3|1|1|1|1
3475116|1|1|1|332.3734067|63|1|1|3|1|1|1|1
3475117|1|1|1|288.08458453|63|1|1|3|1|1|1|1
3475118|1|1|1|483.58588367|63|1|1|3|1|1|1|1
3475119|1|1|1|288.08458453|63|2|1|3|1|1|1|1
3475120|1|1|1|477.34382299|63|1|1|3|1|1|1|1
3475121|1|1|1|389.17955291|63|1|1|3|1|1|1|1
3475122|1|1|1|250.45119729|63|2|1|3|1|1|1|1
3475123|1|1|1|338.61546738|63|2|1|3|1|1|1|1
3475124|1|1|1|178.40986731|63|2|1|3|1|1|1|1
3475125|1|1|1|234.32423038|63|2|1|3|1|1|1|1
3475126|1|1|1|152.61941118|63|1|1|2|1|1|1|1
3475127|1|1|1|164.58221536|63|2|1|3|1|1|1|1
3475128|1|1|1|211.92101459|63|2|1|2|1|1|1|1
3475129|1|1|1|313.68308368|63|2|1|2|1|1|1|1
3475130|1|1|1|397.39594126|63|1|1|2|1|1|1|1
3475131|1|1|1|117.24076995|63|1|1|3|1|1|1|1
3475132|1|1|1|387.6843338|63|2|1|3|1|1|1|1
3475133|1|1|1|164.58221536|63|2|1|3|1|1|1|1
3475134|1|1|1|222.51873571|63|1|1|2|1|1|1|1
3475135|1|1|1|203.68198526|63|2|1|3|1|1|1|1
3475136|1|1|1|303.08536257|63|1|1|3|1|1|1|1
3475137|1|1|1|220.12616972|63|1|1|3|1|1|1|1
3475138|1|1|1|176.72044775|63|2|1|2|1|1|1|1
3475139|1|1|1|152.0751342|63|2|1|2|1|1|1|1
3475140|1|1|1|374.62001883|63|2|1|3|1|1|1|1
3475141|1|1|1|316.05259611|63|1|1|2|1|1|1|1
3475142|1|1|1|323.66121465|63|2|1|2|1|1|1|1
3475143|1|1|1|401.96421152|63|1|1|2|2|2|2|2
3475144|1|1|1|138.76323013|63|2|1|3|1|1|1|1
3475145|1|1|1|194.79537567|63|3|1|3|1|1|1|1
3475146|1|1|1|194.79537567|63|3|1|3|1|1|1|1
3475147|1|1|1|194.79537567|63|3|1|3|1|1|1|1
3475148|1|1|1|194.79537567|63|3|1|3|1|1|1|1
3475149|1|1|1|180.63650116|63|2|1|3|1|1|1|1
3475150|1|1|1|194.79537567|63|3|1|3|1|1|1|1
3475151|1|1|1|194.79537567|63|3|1|3|1|1|1|1
3475152|1|1|1|194.79537567|63|3|1|3|1|1|1|1
3475153|1|1|1|346.09867033|63|3|1|3|1|1|1|1
3475154|1|1|1|300.03396003|63|2|1|4|1|1|1|1
3475155|1|1|1|364.26312138|63|2|1|5|1|1|1|1
3475157|1|1|1|364.26312138|63|2|1|5|1|1|1|1
3475158|1|1|1|222.93401646|63|2|1|5|1|1|1|1
3475159|1|1|1|298.20456798|63|2|1|5|1|1|1|1
3475160|1|1|1|220.56195976|63|2|1|5|1|1|1|1
3475161|1|1|1|203.67730783|63|2|1|5|1|1|1|1
3475162|1|1|1|298.20456798|63|2|1|5|1|1|1|1
3475163|1|1|1|233.82865444|63|1|1|4|1|1|1|1
3475164|1|1|1|149.67908543|63|1|1|4|1|1|1|1
3475165|1|1|1|203.28288847|63|1|1|4|1|1|1|1
3475166|1|1|1|259.28099833|63|1|1|4|1|1|1|1
3475167|1|1|1|170.3508975|63|1|1|4|1|1|1|1
3475168|1|1|1|361.17868382|63|1|1|4|1|1|1|1
3475169|1|1|1|144.8093423|63|1|1|4|1|1|1|1
3475170|1|1|1|159.85548072|63|1|1|4|1|1|1|1
3475171|1|1|1|286.96230256|63|2|1|5|1|1|1|1
3475172|1|1|1|276.97783892|63|2|1|3|1|1|1|1
3475173|1|1|1|240.07048711|63|2|1|3|1|1|1|1
3475174|1|1|1|282.17955615|63|2|1|5|1|1|1|1
3475175|1|1|1|251.03203431|63|2|1|3|1|1|1|1
3475176|1|1|1|441.78773608|63|2|1|4|1|1|1|1
3475177|1|1|1|713.63946924|63|2|1|4|1|1|1|1
3475178|1|1|1|441.78773608|63|2|1|3|1|1|1|1
3475179|1|1|1|582.86669148|63|2|1|4|1|1|1|1
3475180|1|1|1|362.55903031|63|2|1|3|1|1|1|1
3475181|1|1|1|382.34799259|63|2|1|4|1|1|1|1
3475182|1|1|1|413.62588082|63|2|1|4|1|1|1|1
3475183|1|1|1|288.08458453|63|2|1|4|1|1|1|1
3475184|1|1|1|250.45119729|63|1|1|4|1|1|1|1
3475185|1|1|1|300.46879777|63|1|1|2|1|1|1|1
3475186|1|1|1|398.29223918|63|1|1|2|1|1|1|1
3475187|1|1|1|231.38723604|63|1|1|2|1|1|1|1
3475188|1|1|1|360.71438233|63|1|1|2|1|1|1|1
3475189|1|1|1|158.04026619|63|2|1|2|1|1|1|1
3475190|1|1|1|218.28585075|63|1|1|2|1|1|1|1
3475191|1|1|1|174.81761131|63|1|1|2|1|1|1|1
3475192|1|1|1|199.36016293|63|1|1|2|1|1|1|1
3475193|1|1|1|258.92650345|63|2|1|2|1|1|1|1
3475194|1|1|1|175.77161313|63|2|1|2|1|1|1|1
3475195|1|1|1|235.56264382|63|1|1|2|1|1|1|1
3475196|1|1|1|240.34729424|63|1|1|2|1|1|1|1
3475197|1|1|1|235.56264382|63|1|1|2|1|1|1|1
3475198|1|1|1|223.30614897|63|1|1|2|1|1|1|1
3475199|1|1|1|218.94428424|63|2|1|2|1|1|1|1
3475200|1|1|1|240.34729424|63|1|1|2|1|1|1|1
3475201|1|1|1|252.6037891|63|1|1|2|1|1|1|1
3475202|1|1|1|161.93637003|63|1|1|2|1|1|1|1
3475203|1|1|1|135.59149915|63|1|1|2|1|1|1|1
3475204|1|1|1|607.12820771|66|1|1|2|1|1|1|1
3475205|1|1|1|614.55490347|66|1|1|2|1|1|1|1
3475206|1|1|1|806.67053706|66|2|1|2|1|1|1|1
3475207|1|1|1|701.50292883|66|1|1|2|2|1|1|1
3475208|1|1|1|313.50066129|66|2|1|2|1|1|1|1
3475209|1|1|1|411.87523774|66|1|1|2|1|1|1|1
3475210|1|1|1|681.85866893|66|1|1|2|1|1|1|1
3475212|1|1|1|1254.0026452|66|1|1|2|1|1|1|1
3475213|1|1|1|434.88568899|66|1|1|2|1|1|1|1
3475214|1|1|1|439.34906653|66|1|1|4|1|1|1|1
3475216|1|1|1|492.15034185|66|2|1|4|1|1|1|1
3475217|1|1|1|322.01747517|66|2|1|4|1|1|1|1
3475218|1|1|1|430.34252684|66|2|1|4|1|2|1|1
3475219|1|1|1|279.6407079|66|2|1|4|1|1|1|1
3475220|1|1|1|264.73389176|66|2|1|4|1|1|1|1
3475221|1|1|1|546.05626966|66|2|1|4|1|1|1|1
3475222|1|1|1|415.88500329|66|2|1|4|1|1|1|1
3475223|1|1|1|681.18845352|66|2|1|4|1|1|1|1
3475224|1|1|1|643.87101185|66|2|1|4|1|1|1|1
3475225|1|1|1|498.42177382|66|2|1|4|1|1|1|1
3475226|1|1|1|316.7884177|66|2|1|5|1|1|1|1
3475227|1|1|1|316.7884177|66|2|1|5|1|1|1|1
3475228|1|1|1|289.31789698|66|2|1|5|1|1|1|1
3475229|1|1|1|423.8580915|66|2|1|5|1|1|1|1
3475230|1|1|1|316.7884177|66|2|1|5|1|1|1|1
3475231|1|1|1|377.40402101|66|2|1|5|1|1|1|1
3475232|1|1|1|229.45230138|66|2|1|5|1|1|1|1
3475233|1|1|1|779.51515781|66|2|1|5|1|1|1|1
3475234|1|1|1|363.81947549|66|2|1|6|1|1|1|1
3475235|1|1|1|449.59598898|66|2|1|6|1|1|1|1
3475236|1|1|1|359.04171315|66|2|1|6|1|1|1|1
3475237|1|1|1|582.46878914|66|2|1|6|1|1|1|1
3475238|1|1|1|498.84087792|66|2|1|6|1|1|1|1
3475239|1|1|1|229.07174177|66|1|1|3|1|1|1|1
3475240|1|1|1|335.19825974|66|1|1|3|1|1|1|1
3475241|1|1|1|248.41295263|66|1|1|3|1|1|1|1
3475242|1|1|1|369.94124576|66|1|1|3|1|1|1|1
3475243|1|1|1|794.20167527|66|1|1|3|1|1|1|1
3475244|1|1|1|335.19825974|66|2|1|3|1|1|1|1
3475245|1|1|1|294.76881388|66|2|1|3|1|1|1|1
3475246|1|1|1|225.91952417|66|2|1|2|1|1|1|1
3475247|1|1|1|247.1918642|66|2|1|2|1|1|1|1
3475248|1|1|1|335.40110652|66|1|1|2|1|1|1|1
3475249|1|1|1|392.61005063|66|2|1|2|1|1|1|1
3475250|1|1|1|367.24719396|66|1|1|2|1|1|1|1
3475251|1|1|1|381.40353364|66|2|1|2|1|1|1|1
3475252|1|1|1|349.5574462|66|1|1|2|1|1|1|1
3475253|1|1|1|367.24719396|66|1|1|2|1|1|1|1
3475254|1|1|1|494.30806737|66|1|1|2|1|1|1|1
3475255|1|1|1|575.96302215|66|1|1|2|1|1|1|1
3475256|1|1|1|262.32182375|66|1|1|3|1|1|1|1
3475257|1|1|1|438.97405636|66|1|1|3|1|1|1|1
3475258|1|1|1|376.3629583|66|1|1|3|1|1|1|1
3475259|1|1|1|381.64416417|66|1|1|3|1|1|1|1
3475260|1|1|1|413.56537971|66|1|1|3|2|1|1|1
3475261|1|1|1|536.925962|66|2|1|3|1|1|1|1
3475262|1|1|1|362.39370681|66|1|1|3|1|1|1|1
3475263|1|1|1|464.42177487|66|1|1|5|1|1|1|1
3475264|1|1|1|274.32346395|66|1|1|5|1|1|1|1
3475265|1|1|1|780.26831255|66|1|1|5|1|1|1|1
3475266|1|1|1|329.31758851|66|1|1|5|1|1|1|1
3475267|1|1|1|482.03331181|66|1|1|5|1|1|1|1
3475268|1|1|1|321.7155486|66|1|1|5|1|1|1|1
3475269|1|1|1|329.31758851|66|1|1|5|1|1|1|1
3475270|1|1|1|285.7271084|66|1|1|5|1|1|1|1
3475271|1|1|1|1231.1204377|66|2|1|2|1|1|1|1
3475272|1|1|1|1254.0026452|66|2|1|2|1|1|1|1
3475273|1|1|1|442.31238475|66|2|1|2|1|1|1|1
3475274|1|1|1|646.64558249|66|1|1|2|1|1|1|1
3475275|1|1|1|927.29465279|66|2|1|2|1|1|1|1
3475276|1|1|1|529.26041011|66|2|1|2|1|1|1|1
3475277|1|1|1|799.2438413|66|1|1|2|1|1|1|1
3475278|1|1|1|806.67053706|66|2|1|2|1|1|1|1
3475279|1|1|1|503.3959886|66|1|1|2|1|1|1|1
3475280|1|1|1|1254.0026452|66|1|1|2|1|1|1|1
3475281|1|1|1|582.80961535|66|2|1|2|1|1|1|1
3475282|1|1|1|529.26041011|66|1|1|2|1|1|1|1
3475283|1|1|1|361.69222385|66|2|1|2|1|1|1|1
3475284|1|1|1|746.39213819|66|2|1|2|1|1|1|1
3475285|1|1|1|486.50409198|66|2|1|2|1|1|1|1
3475286|1|1|1|548.90467002|66|1|1|2|1|1|1|1
3475287|1|1|1|681.85866893|66|2|1|2|1|1|1|1
3475288|1|1|1|806.67053706|66|2|1|2|1|1|1|1
3475289|1|1|1|761.24552969|66|2|1|2|1|1|1|1
3475290|1|1|1|572.91631933|66|2|1|2|1|1|1|1
3475291|1|1|1|582.80961535|66|2|1|2|1|1|1|1
3475292|1|1|1|561.00569823|66|2|1|2|1|1|1|1
3475293|1|1|1|680.65051313|66|1|1|3|1|1|1|1
3475294|1|1|1|1026.3603026|66|1|1|3|1|1|1|1
3475295|1|1|1|1026.3603026|66|1|1|3|1|1|1|1
3475296|1|1|1|692.73333925|66|1|1|3|1|1|1|1
3475297|1|1|1|875.21467903|66|1|1|3|1|1|1|1
3475298|1|1|1|719.4362484|66|1|1|3|1|1|1|1
3475299|1|1|1|1036.4555866|66|1|1|3|1|1|1|1
3475300|1|1|1|665.71934211|66|1|1|3|1|1|1|1
3475301|1|1|1|702.82862321|66|1|1|3|1|1|1|1
3475302|1|1|1|732.50058481|66|2|1|3|1|1|1|1
3475303|1|1|1|523.2905343|66|2|1|3|1|1|1|1
3475304|1|1|1|905.35928338|66|2|1|3|1|1|1|1
3475305|1|1|1|845.4904704|66|2|1|3|1|1|1|1
3475306|1|1|1|927.61170767|66|2|1|3|1|1|1|1
3475307|1|1|1|690.85429024|66|1|1|3|1|1|1|1
3475308|1|1|1|632.37251656|66|1|1|3|1|1|1|1
3475309|1|1|1|892.50342177|66|2|1|2|1|1|1|1
3475310|1|1|1|509.04621915|66|2|1|1|1|2|1|1
3475311|1|1|1|873.67348608|66|2|1|2|1|1|1|1
3475312|1|1|1|705.18960539|66|2|1|2|1|1|1|1
3475313|1|1|1|769.40170861|66|2|1|2|1|1|1|1
3475314|1|1|1|577.27778271|66|2|1|4|1|1|1|1
3475315|1|1|1|610.1300981|66|2|1|4|1|1|1|1
3475316|1|1|1|1420.496321|66|2|1|4|1|1|1|1
3475317|1|1|1|732.50058481|66|2|1|4|1|1|1|1
3475318|1|1|1|577.27778271|66|2|1|4|1|1|1|1
3475319|1|1|1|577.27778271|66|2|1|3|1|1|1|1
3475320|1|1|1|444.3074049|66|2|1|3|1|1|1|1
3475321|1|1|1|211.36030727|66|2|1|3|1|1|1|1
3475322|1|1|1|520.09023711|66|2|1|3|1|1|1|1
3475323|1|1|1|180.36628709|66|2|1|3|1|1|1|1
3475324|1|1|1|309.5617586|66|2|1|3|1|1|1|1
3475325|1|1|1|268.19246006|66|2|1|3|1|1|1|1
3475326|1|1|1|282.79688098|66|2|1|3|1|1|1|1
3475327|1|1|1|251.29135681|66|2|1|3|1|1|1|1
3475328|1|1|1|193.03205606|66|2|1|3|1|1|1|1
3475329|1|1|1|295.36773371|66|2|1|3|1|1|1|1
3475330|1|1|1|222.58782724|66|2|1|3|1|1|1|1
3475331|1|1|1|190.45228054|66|1|1|3|1|1|1|1
3475332|1|1|1|313.15344106|66|2|1|3|1|1|1|1
3475333|1|1|1|1202.5574417|68|1|1|1|1|1|1|1
3475334|1|1|1|1238.889109|68|2|1|1|1|1|1|1
3475335|1|1|1|843.05793449|68|2|1|1|1|1|1|1
3475336|1|1|1|1141.8396507|68|1|1|1|1|1|1|1
3475337|1|1|1|1093.3149216|68|1|1|1|1|1|1|1
3475338|1|1|1|1110.5212862|68|1|1|1|1|1|1|1
3475339|1|1|1|800.2997961|68|2|1|1|1|1|1|1
3475340|1|1|1|996.93730733|68|1|1|1|1|1|1|1
3475341|1|1|1|1096.4182817|68|1|1|1|1|1|1|1
3475342|1|1|1|1438.5987519|68|2|1|1|1|1|1|1
3475343|1|1|1|1551.8362271|68|1|1|1|1|1|1|1
3475344|1|1|1|1321.9150279|68|1|1|1|1|1|1|1
3475345|1|1|1|1246.3026995|68|2|1|1|1|1|1|1
3475346|1|1|1|753.39125995|68|1|1|1|1|1|1|1
3475347|1|1|1|835.95961935|68|1|1|1|1|1|1|1
3475348|1|1|1|811.27410549|68|2|1|1|1|1|1|1
3475349|1|1|1|988.13123159|68|1|1|1|1|1|1|1
3475350|1|1|1|1232.8222505|68|2|1|1|1|1|1|1
3475351|1|1|1|1038.1104976|68|2|1|1|1|1|1|1
3475353|1|1|1|1228.0595276|68|2|1|1|1|1|1|1
3475354|1|1|1|1239.2953387|68|2|1|1|1|1|1|1
3475355|1|1|1|1052.5447013|68|2|1|1|1|1|1|1
3475356|1|1|1|786.62154324|68|1|1|1|1|1|1|1
3475357|1|1|1|619.15462753|68|2|1|4|1|1|1|1
3475358|1|1|1|771.19533767|68|2|1|4|1|1|1|1
3475359|1|1|1|1035.498914|68|2|1|4|1|1|1|1
3475360|1|1|1|913.20166701|68|2|1|4|1|1|1|1
3475361|1|1|1|913.20166701|68|2|1|4|1|1|1|1
3475362|1|1|1|1046.7405923|68|2|1|4|1|1|1|1
3475363|1|1|1|771.19533767|68|2|1|4|1|1|1|1
3475364|1|1|1|913.20166701|68|2|1|4|1|1|1|1
3475365|1|1|1|835.10933449|68|3|1|4|1|1|1|1
3475366|1|1|1|861.80619275|68|2|1|2|1|1|1|1
3475367|1|1|1|722.81681323|68|2|1|2|1|1|1|1
3475368|1|1|1|745.81292868|68|2|1|2|1|1|1|1
3475369|1|1|1|761.2264338|68|2|1|2|1|1|1|1
3475370|1|1|1|739.49120137|68|2|1|2|1|1|1|1
3475371|1|1|1|1084.4440119|68|1|1|2|1|1|1|1
3475372|1|1|1|782.10534344|68|1|1|2|1|1|1|1
3475373|1|1|1|917.15212765|68|1|1|2|1|1|1|1
3475374|1|1|1|761.2264338|68|2|1|2|1|1|1|1
3475375|1|1|1|578.80036488|68|1|1|1|1|1|1|1
3475376|1|1|1|757.31822797|68|2|1|2|1|1|1|1
3475377|1|1|1|531.57456619|68|2|1|2|1|1|1|1
3475378|1|1|1|933.52858825|68|2|1|1|1|1|1|1
3475379|1|1|1|739.0587641|68|2|1|2|1|1|1|1
3475380|1|1|1|765.15230286|68|2|1|1|1|1|1|1
3475381|1|1|1|628.70701445|68|2|1|2|1|1|1|1
3475382|1|1|1|469.82642974|68|2|1|1|1|1|1|1
3475383|1|1|1|604.66785642|68|2|1|1|1|1|1|1
3475384|1|1|1|578.33590195|68|2|1|1|1|1|1|1
3475385|1|1|1|956.65055636|68|2|1|3|1|1|1|1
3475386|1|1|1|1097.5060333|68|2|1|3|1|1|1|1
3475387|1|1|1|982.37505455|68|3|1|3|1|1|1|1
3475388|1|1|1|1097.5060333|68|2|1|3|1|1|1|1
3475389|1|1|1|982.37505455|68|3|1|3|1|1|1|1
3475390|1|1|1|978.8794689|68|3|1|3|1|1|1|1
3475391|1|1|1|925.7514018|68|3|1|3|1|1|1|1
3475392|1|1|1|982.37505455|68|2|1|3|1|1|1|1
3475393|1|1|1|956.65055636|68|2|1|3|1|1|1|1
3475394|1|1|1|1017.4598779|68|2|1|1|1|1|1|1
3475395|1|1|1|1017.4598779|68|2|1|1|1|1|1|1
3475396|1|1|1|594.97892849|68|2|1|1|1|1|1|1
3475397|1|1|1|1180.6782132|68|2|1|1|1|1|1|1
3475398|1|1|1|1290.7292093|68|1|1|1|1|1|1|1
3475399|1|1|1|1017.4598779|68|2|1|1|1|1|1|1
3475400|1|1|1|856.5894389|68|2|1|1|1|1|1|1
3475401|1|1|1|954.87950484|68|2|1|1|1|1|1|1
3475402|1|1|1|1191.7281755|68|2|1|1|1|1|1|1
3475403|1|1|1|1191.7281755|68|1|1|1|1|1|1|1
3475404|1|1|1|825.61808882|68|2|1|1|1|1|1|1
3475405|1|1|1|1142.959996|68|2|1|1|1|1|1|1
3475406|1|1|1|725.27169022|68|2|1|1|1|1|1|1
3475407|1|1|1|1017.4598779|68|2|1|1|1|1|1|1
3475408|1|1|1|942.76895488|68|2|1|3|1|1|1|1
3475409|1|1|1|834.70554195|68|2|1|4|1|1|1|1
3475410|1|1|1|942.76895488|68|2|1|4|1|1|1|1
3475411|1|1|1|979.24179052|68|2|1|4|1|1|1|1
3475412|1|1|1|781.47043306|68|2|1|4|1|1|1|1
3475413|1|1|1|843.87026161|68|2|1|4|1|1|1|1
3475414|1|1|1|998.78601544|68|2|1|4|1|1|1|1
3475415|1|1|1|931.19643426|68|1|1|3|1|1|1|1
3475416|1|1|1|794.96951833|68|1|1|4|1|1|1|1
3475417|1|1|1|1100.6849696|68|1|1|3|1|1|1|1
3475418|1|1|1|1031.5171332|68|2|1|3|1|1|1|1
3475419|1|1|1|822.49047621|68|2|1|2|1|1|1|1
3475420|1|1|1|918.5997481|68|2|1|3|1|1|1|1
3475421|1|1|1|952.09689546|68|1|1|2|1|1|1|1
3475422|1|1|1|947.89364157|68|2|1|3|1|1|1|1
3475423|1|1|1|916.19921819|68|2|1|3|1|1|1|1
3475424|1|1|1|1016.3856681|68|1|1|3|1|1|1|1
3475425|1|1|1|949.64114319|68|2|1|3|1|1|1|1
3475426|1|1|1|993.96159068|68|2|1|2|1|1|1|1
3475427|1|1|1|1134.5832761|68|1|1|2|1|1|1|1
3475428|1|1|1|1006.0246332|68|1|1|2|1|1|1|1
3475429|1|1|1|463.85231271|68|2|1|2|1|1|1|1
3475430|1|1|1|970.09328985|68|2|1|3|1|1|1|1
3475431|1|1|1|920.42237049|68|2|1|2|1|1|1|1
3475432|1|1|1|997.45137437|68|2|1|2|1|1|1|1
3475433|1|1|1|904.7337577|68|2|1|2|1|1|1|1
3475434|1|1|1|864.57801396|68|2|1|2|1|1|1|1
3475435|1|1|1|736.45130024|68|2|1|2|1|1|1|1
3475436|1|1|1|730.45626355|68|1|1|1|2|2|2|1
3475437|1|1|1|511.21533689|68|2|1|2|1|1|1|1
3475438|1|1|1|582.27600432|68|2|1|1|1|1|1|1
3475439|1|1|1|648.97483716|68|2|1|2|1|1|1|1
3475440|1|1|1|631.41494809|68|1|1|1|1|1|1|1
3475441|1|1|1|748.69498657|68|1|1|2|1|1|1|1
3475442|1|1|1|503.95492285|68|1|1|1|1|1|1|1
3475443|1|1|1|794.07529667|68|2|1|2|1|1|1|1
3475444|1|1|1|530.55026285|68|2|1|2|1|1|1|1
3475445|1|1|1|430.51545555|68|2|1|1|1|1|1|1
3475446|1|1|1|819.51377528|68|2|1|1|1|1|1|1
3475447|1|1|1|866.82116224|68|2|1|1|1|1|1|1
3475448|1|1|1|438.58211666|68|2|1|3|1|1|1|1
3475449|1|1|1|951.46654543|68|2|1|1|1|1|1|1
3475450|1|1|1|811.44711417|68|2|1|1|1|1|1|1
3475451|1|1|1|579.0013377|68|2|1|1|1|1|1|1
3475452|1|1|1|996.40311488|68|2|1|1|1|1|1|1
3475453|1|1|1|818.67152688|68|2|1|1|1|1|1|1
3475454|1|1|1|845.06296995|68|2|1|1|1|1|1|1
3475455|1|1|1|2325.9168284|68|1|1|3|1|1|1|1
3475456|1|1|1|1524.7437981|68|1|1|3|1|1|1|1
3475457|1|1|1|2069.5515789|68|2|1|3|1|1|1|1
3475458|1|1|1|1797.0170054|68|1|1|3|1|1|1|1
3475459|1|1|1|956.87084087|68|2|1|3|1|1|1|1
3475460|1|1|1|1968.9419042|68|1|1|3|1|1|1|1
3475461|1|1|1|1919.653343|68|1|1|3|1|1|1|1
3475462|1|1|1|1139.7166807|68|1|1|3|1|1|1|1
3475463|1|1|1|854.48117687|68|1|1|3|1|1|1|1
3475464|1|1|1|778.38087692|68|2|1|2|1|1|1|1
3475465|1|1|1|877.08641717|68|2|1|3|1|1|1|1
3475466|1|1|1|464.56844389|68|2|1|3|1|1|1|1
3475467|1|1|1|607.40786916|68|2|1|3|1|1|1|1
3475468|1|1|1|788.35021191|68|2|1|3|1|1|1|1
3475469|1|1|1|750.14882732|68|2|1|3|1|1|1|1
3475470|1|1|1|843.82540717|68|2|1|3|1|1|1|1
3475471|1|1|1|757.90873837|68|2|1|3|1|1|1|1
3475472|1|1|1|783.43449199|68|2|1|3|1|1|1|1
3475473|1|1|1|944.6639686|68|2|1|2|1|1|1|1
3475474|1|1|1|1120.2943532|68|2|1|2|1|1|1|1
3475475|1|1|1|976.51419104|68|2|1|2|1|1|1|1
3475476|1|1|1|1084.976599|68|2|1|2|1|1|1|1
3475477|1|1|1|950.83096268|68|2|1|2|1|1|1|1
3475478|1|1|1|1019.8549392|68|2|1|2|1|1|1|1
3475479|1|1|1|1015.977286|68|2|1|2|1|1|1|1
3475480|1|1|1|1174.5255572|68|2|1|2|1|1|1|1
3475481|1|1|1|721.27886021|68|2|1|2|1|1|1|1
3475482|1|1|1|1180.6925513|68|2|1|2|1|1|1|1
3475483|1|1|1|886.86459756|68|2|1|2|1|1|1|1
3475484|1|1|1|115.55860635|70|1|1|1|1|1|1|1
3475485|1|1|1|205.03805691|70|1|1|1|1|1|1|1
3475486|1|1|1|106.21845594|70|1|1|1|1|1|1|1
3475487|1|1|1|135.77141205|70|1|1|1|1|1|1|1
3475488|1|1|1|173.71944609|70|1|1|1|1|1|1|1
3475489|1|1|1|107.4761338|70|1|1|1|1|1|1|1
3475490|1|1|1|143.57311164|70|1|1|1|1|1|1|1
3475491|1|1|1|108.96868914|70|1|1|1|1|1|1|1
3475492|1|1|1|145.2170259|70|1|1|1|1|1|1|1
3475493|1|1|1|213.84431355|70|1|1|1|1|1|1|1
3475495|1|1|1|110.08535362|70|2|1|1|1|1|1|1
3475496|1|1|1|97.240311532|70|2|1|1|1|1|1|1
3475497|1|1|1|158.13888677|70|2|1|1|1|1|1|1
3475498|1|1|1|147.94155409|70|1|1|1|1|1|1|1
3475499|1|1|1|185.51062292|70|1|1|1|1|1|1|1
3475500|1|1|1|140.55429431|70|2|1|1|1|1|1|1
3475501|1|1|1|145.03007244|70|2|1|1|1|1|1|1
3475502|1|1|1|78.122810211|70|1|1|1|1|1|1|1
3475503|1|1|1|167.43067551|70|2|1|1|1|1|1|1
3475504|1|1|1|181.44829163|70|2|1|1|1|1|1|1
3475505|1|1|1|148.5851077|70|2|1|1|1|1|1|1
3475506|1|1|1|109.25326896|70|2|1|1|1|1|1|1
3475507|1|1|1|228.78845331|70|1|1|1|1|1|1|1
3475508|1|1|1|160.27009244|70|2|1|2|1|1|1|1
3475509|1|1|1|261.89620924|70|2|1|2|1|1|1|1
3475510|1|1|1|132.92858083|70|1|1|2|1|1|1|1
3475511|1|1|1|153.537334|70|2|1|2|1|1|1|1
3475512|1|1|1|180.821903|70|2|1|2|1|1|1|1
3475513|1|1|1|184.55263463|70|2|1|2|1|1|1|1
3475514|1|1|1|115.99361668|70|1|1|2|1|1|1|1
3475515|1|1|1|129.13087375|70|2|1|2|1|1|1|1
3475516|1|1|1|180.87884561|70|2|1|2|1|1|1|1
3475517|1|1|1|202.52732627|70|1|1|2|1|1|1|1
3475518|1|1|1|269.06968057|70|1|1|1|1|1|1|1
3475519|1|1|1|126.45054278|70|1|1|1|1|1|1|1
3475520|1|1|1|120.39580849|70|2|1|1|1|1|1|1
3475521|1|1|1|126.62205524|70|1|1|1|2|1|1|1
3475522|1|1|1|191.07503408|70|1|1|1|1|1|1|1
3475523|1|1|1|218.24684103|70|1|1|1|1|1|1|1
3475524|1|1|1|113.83530821|70|2|1|1|1|1|1|1
3475525|1|1|1|108.8337072|70|1|1|1|1|1|1|1
3475526|1|1|1|99.722838089|70|1|1|1|1|1|1|1
3475527|1|1|1|126.45054278|70|1|1|1|1|1|1|1
3475528|1|1|1|153.79386219|70|1|1|1|1|1|1|1
3475529|1|1|1|153.79386219|70|1|1|1|1|1|1|1
3475530|1|1|1|148.3000146|70|1|1|1|1|1|1|1
3475531|1|1|1|138.1836006|70|1|1|1|1|1|1|1
3475532|1|1|1|195.37812969|70|1|1|1|1|1|1|1
3475533|1|1|1|186.53315426|70|2|1|1|1|1|1|1
3475534|1|1|1|151.99328739|70|2|1|1|1|1|1|1
3475535|1|1|1|193.0722673|70|2|1|1|1|1|1|1
3475536|1|1|1|236.4571096|70|1|1|1|1|1|1|1
3475537|1|1|1|151.80805394|70|1|1|1|1|1|1|1
3475538|1|1|1|190.93433562|70|2|1|1|1|1|1|1
3475539|1|1|1|166.09737117|70|2|1|1|1|1|1|1
3475540|1|1|1|223.30316929|70|2|1|1|1|1|1|1
3475541|1|1|1|193.95916006|70|2|1|1|1|1|1|1
3475542|1|1|1|180.87884561|70|1|1|1|1|1|1|1
3475543|1|1|1|147.00891732|70|1|1|1|1|1|1|1
3475544|1|1|1|118.92866804|70|2|1|1|1|1|1|1
3475545|1|1|1|241.28745607|70|1|1|1|1|1|1|1
3475546|1|1|1|184.55263463|70|1|1|1|1|1|1|1
3475547|1|1|1|272.3027567|70|1|1|1|1|1|1|1
3475548|1|1|1|190.32409614|70|2|1|1|1|1|1|1
3475549|1|1|1|153.537334|70|2|1|5|1|1|1|1
3475550|1|1|1|244.96124509|70|2|1|5|1|1|1|1
3475551|1|1|1|168.88143043|70|2|1|4|1|1|1|1
3475552|1|1|1|205.10444519|70|1|1|1|1|1|1|1
3475553|1|1|1|184.55263463|70|1|1|1|2|1|1|1
3475554|1|1|1|185.81639458|70|1|1|1|2|1|1|1
3475555|1|1|1|173.81897941|70|1|1|1|2|1|1|1
3475556|1|1|1|189.22742604|70|1|1|1|2|1|1|1
3475557|1|1|1|240.01410098|70|1|1|1|2|1|1|1
3475558|1|1|1|235.076552|70|1|1|1|2|1|1|1
3475559|1|1|1|305.94865254|70|1|1|1|1|1|1|1
3475560|1|1|1|260.62285415|70|1|1|1|1|1|1|1
3475561|1|1|1|196.62848037|70|1|1|1|1|1|1|1
3475562|1|1|1|163.94388146|70|1|1|1|1|1|1|1
3475563|1|1|1|163.94388146|70|1|1|1|1|1|1|1
3475564|1|1|1|163.94388146|70|1|1|1|1|1|1|1
3475565|1|1|1|278.77423077|70|1|1|1|1|1|1|1
3475566|1|1|1|239.80828602|70|1|1|1|1|1|1|1
3475567|1|1|1|190.11828119|70|1|1|1|1|1|1|1
3475568|1|1|1|163.94388146|70|2|1|1|1|1|1|1
3475569|1|1|1|106.93125287|70|1|1|1|1|1|1|1
3475570|1|1|1|184.55263463|70|1|1|1|1|1|1|1
3475571|1|1|1|235.076552|70|1|1|1|1|1|1|1
3475572|1|1|1|193.73512761|70|1|1|1|1|1|1|1
3475573|1|1|1|185.38654717|70|1|1|1|1|1|1|1
3475574|1|1|1|197.5897773|70|1|1|1|1|1|1|1
3475575|1|1|1|235.13349461|70|2|1|1|1|1|1|1
3475576|1|1|1|180.87884561|70|1|1|1|1|1|1|1
3475577|1|1|1|277.03401018|73|2|1|3|1|1|1|1
3475578|1|1|1|420.38202507|73|2|1|3|1|1|1|1
3475579|1|1|1|353.39818962|73|1|1|2|1|1|1|1
3475580|1|1|1|648.69409579|73|1|1|2|1|1|1|1
3475581|1|1|1|628.29031737|73|1|1|2|1|1|1|1
3475582|1|1|1|687.76007723|73|2|1|2|1|1|1|1
3475583|1|1|1|417.66147738|73|1|1|2|1|1|1|1
3475584|1|1|1|560.68254276|73|1|1|3|1|1|1|1
3475585|1|1|1|575.75561556|73|1|1|2|1|1|1|1
3475586|1|1|1|492.58360021|73|1|1|3|1|1|1|1
3475587|1|1|1|513.13006239|73|1|1|3|1|1|1|1
3475588|1|1|1|441.1286492|73|1|1|2|1|1|1|1
3475589|1|1|1|351.32034631|73|2|1|2|1|1|1|1
3475590|1|1|1|692.56958826|73|1|1|3|1|1|1|1
3475591|1|1|1|811.14376754|73|1|1|2|1|1|1|1
3475592|1|1|1|374.60672936|73|1|1|3|1|1|1|1
3475593|1|1|1|764.57100145|73|1|1|2|1|1|1|1
3475594|1|1|1|692.56958826|73|2|1|2|1|1|1|1
3475595|1|1|1|438.57318374|73|1|1|2|1|1|1|1
3475596|1|1|1|468.9122303|73|1|1|2|1|1|1|1
3475597|1|1|1|467.23783422|73|1|1|2|1|1|1|1
3475598|1|1|1|296.96780219|73|1|1|2|1|1|1|1
3475599|1|1|1|269.57861895|73|2|1|2|1|1|1|1
3475600|1|1|1|331.55057948|73|1|1|2|1|1|1|1
3475601|1|1|1|296.96780219|73|2|1|2|1|1|1|1
3475602|1|1|1|423.2369706|73|2|1|2|1|1|1|1
3475603|1|1|1|358.93976272|73|2|1|2|1|1|1|1
3475604|1|1|1|224.79909741|73|2|1|4|1|1|1|1
3475605|1|1|1|310.94275759|73|2|1|3|1|1|1|1
3475606|1|1|1|224.79909741|73|2|1|3|1|1|1|1
3475607|1|1|1|224.79909741|73|2|1|3|1|1|1|1
3475608|1|1|1|282.26467161|73|2|1|3|1|1|1|1
3475609|1|1|1|328.33616411|73|2|1|3|1|1|1|1
3475610|1|1|1|224.79909741|73|2|1|3|1|1|1|1
3475611|1|1|1|200.74054232|73|2|1|4|1|1|1|1
3475612|1|1|1|252.05600872|73|2|1|4|1|1|1|1
3475614|1|1|1|252.05600872|73|2|1|4|1|1|1|1
3475615|1|1|1|252.05600872|73|2|1|4|1|1|1|1
3475616|1|1|1|200.74054232|73|2|1|4|1|1|1|1
3475617|1|1|1|200.74054232|73|2|1|4|1|1|1|1
3475618|1|1|1|557.14162458|73|1|1|3|1|1|1|1
3475619|1|1|1|271.94797178|73|1|1|3|1|1|1|1
3475620|1|1|1|543.35777293|73|2|1|3|1|1|1|1
3475621|1|1|1|505.64873107|73|2|1|3|1|1|1|1
3475622|1|1|1|492.6131464|73|3|1|2|1|1|1|1
3475623|1|1|1|492.6131464|73|2|1|2|1|1|1|1
3475624|1|1|1|322.04365079|73|2|1|3|1|1|1|1
3475625|1|1|1|404.36792843|73|2|1|2|1|1|1|1
3475626|1|1|1|447.96329741|73|1|1|2|1|1|1|1
3475627|1|1|1|255.7237017|73|2|1|2|1|1|1|1
3475628|1|1|1|389.18040428|73|2|1|2|1|1|1|1
3475629|1|1|1|534.45172311|73|2|1|2|1|1|1|1
3475630|1|1|1|322.04365079|73|1|1|2|1|1|1|1
3475631|1|1|1|284.37513679|73|1|1|2|1|1|1|1
3475632|1|1|1|404.36792843|73|2|1|2|1|1|1|1
3475633|1|1|1|492.6131464|73|3|1|2|1|1|1|1
3475635|1|1|1|379.61273109|73|1|1|2|2|2|1|1
3475636|1|1|1|659.77297647|73|1|1|1|2|2|1|1
3475637|1|1|1|561.12603596|73|1|1|1|2|2|1|1
3475638|1|1|1|404.36792843|73|1|1|1|2|2|1|1
3475639|1|1|1|454.92728676|73|1|1|1|2|2|1|1
3475640|1|1|1|568.85975579|73|2|1|1|1|1|1|1
3475641|1|1|1|557.24390109|73|2|1|1|1|1|1|1
3475642|1|1|1|682.02249433|73|2|1|1|1|1|1|1
3475643|1|1|1|475.13208451|73|2|1|1|1|1|1|1
3475644|1|1|1|455.18169971|73|2|1|1|1|1|1|1
3475645|1|1|1|511.45331805|73|1|1|2|1|1|1|1
3475646|1|1|1|433.83584859|73|2|1|2|1|1|1|1
3475647|1|1|1|847.26912354|73|2|1|2|1|1|1|1
3475648|1|1|1|657.85977561|73|1|1|2|1|1|1|1
3475649|1|1|1|512.58845678|73|2|1|2|1|1|1|1
3475650|1|1|1|489.7962788|73|2|1|2|1|1|1|1
3475651|1|1|1|593.77168104|73|2|1|2|1|1|1|1
3475652|1|1|1|624.61573726|73|2|1|2|1|1|1|1
3475653|1|1|1|651.18403343|73|1|1|2|1|1|1|1
3475654|1|1|1|514.24692536|73|1|1|2|1|1|1|1
3475655|1|1|1|445.45170329|73|1|1|2|1|1|1|1
3475656|1|1|1|758.2635084|73|2|1|2|1|1|1|1
3475657|1|1|1|378.28703114|73|2|1|2|1|1|1|1
3475658|1|1|1|219.18939953|73|2|1|2|1|1|1|1
3475659|1|1|1|219.18939953|73|2|1|2|1|1|1|1
3475660|1|1|1|222.39697367|73|2|1|2|1|1|1|1
3475661|1|1|1|408.32826335|73|2|1|2|1|1|1|1
3475662|1|1|1|219.18939953|73|2|1|2|1|1|1|1
3475664|1|1|1|373.74338647|73|2|1|2|1|1|1|1
3475665|1|1|1|394.73266451|73|2|1|2|1|1|1|1
3475666|1|1|1|238.96572348|73|2|1|3|1|1|1|1
3475667|1|1|1|471.08114989|73|2|1|3|1|1|1|1
3475668|1|1|1|471.08114989|73|2|1|3|1|1|1|1
3475669|1|1|1|238.96572348|73|2|1|3|1|1|1|1
3475670|1|1|1|520.05602418|73|2|1|3|1|1|1|1
3475671|1|1|1|634.8554559|73|1|1|2|1|1|1|1
3475672|1|1|1|511.45299872|73|1|1|2|1|1|1|1
3475673|1|1|1|388.04494622|73|2|1|2|1|1|1|1
3475674|1|1|1|579.96029296|73|1|1|2|1|1|1|1
3475675|1|1|1|657.85977561|73|1|1|2|1|1|1|1
3475676|1|1|1|425.71377955|73|1|1|2|1|1|1|1
3475677|1|1|1|634.86105122|73|1|1|2|1|1|1|1
3475678|1|1|1|388.04494622|73|1|1|2|1|1|1|1
3475679|1|1|1|657.85977561|73|1|1|2|1|1|1|1
3475680|1|1|1|643.44999426|73|2|1|2|1|1|1|1
3475681|1|1|1|593.77168104|73|1|1|2|1|1|1|1
3475682|1|1|1|593.77168104|73|2|1|2|1|1|1|1
3475683|1|1|1|322.04365079|73|2|1|3|1|1|1|1
3475684|1|1|1|404.36792843|73|2|1|2|1|1|1|1
3475685|1|1|1|766.85804676|73|2|1|2|1|1|1|1
3475686|1|1|1|700.85675133|73|2|1|2|1|1|1|1
3475687|1|1|1|598.79454996|73|2|1|2|1|1|1|1
3475688|1|1|1|504.70592889|73|1|1|1|1|1|1|1
3475689|1|1|1|504.70592889|73|1|1|1|1|1|1|1
3475690|1|1|1|467.52167397|73|1|1|2|1|1|1|1
3475691|1|1|1|378.63394779|73|1|1|2|2|1|1|2
3475693|1|1|1|343.71273916|73|1|1|2|1|1|1|1
3475695|1|1|1|273.73710317|73|1|1|2|1|1|1|1
3475696|1|1|1|352.75135285|73|1|1|2|1|1|1|1
3475697|1|1|1|1402.5252553|76|2|1|4|1|1|1|1
3475698|1|1|1|1600.4254702|76|2|1|4|1|1|1|1
3475699|1|1|1|3971.125359|76|2|1|4|1|1|1|1
3475700|1|1|1|1468.8413432|76|1|1|4|1|1|1|1
3475701|1|1|1|1252.9335072|76|2|1|4|1|1|1|1
3475702|1|1|1|894.83269178|76|1|1|4|1|1|1|1
3475704|1|1|1|3623.633396|76|2|1|4|1|1|1|1
3475705|1|1|1|1976.5339067|76|1|1|1|1|1|1|1
3475706|1|1|1|3048.3147225|76|2|1|3|1|1|1|1
3475707|1|1|1|3804.5281775|76|2|1|3|1|1|1|1
3475708|1|1|1|1244.1524057|76|2|1|3|1|1|1|1
3475709|1|1|1|2225.1904934|76|2|1|3|1|1|1|1
3475710|1|1|1|2250.2278275|76|2|1|3|1|1|1|1
3475711|1|1|1|1950.0351143|76|2|1|3|1|1|1|1
3475712|1|1|1|6637.6544375|76|2|1|2|1|1|1|1
3475713|1|1|1|988.58683112|76|1|1|2|1|1|1|1
3475714|1|1|1|2339.4104132|76|2|1|2|1|1|1|1
3475715|1|1|1|2596.416724|76|2|1|2|1|1|1|1
3475716|1|1|1|1966.4884877|76|2|1|3|1|1|1|1
3475717|1|1|1|1084.1769277|76|2|1|3|1|1|1|1
3475718|1|1|1|2051.0745835|76|2|1|3|1|1|1|1
3475719|1|1|1|1026.1485573|76|2|1|3|1|1|1|1
3475720|1|1|1|4309.8659022|76|2|1|3|1|1|1|1
3475721|1|1|1|1436.8194237|76|2|1|3|1|1|1|1
3475722|1|1|1|1305.13907|76|2|1|3|1|1|1|1
3475723|1|1|1|1835.5571149|76|1|1|3|1|1|1|1
3475724|1|1|1|2540.3314433|76|2|1|3|1|1|1|1
3475725|1|1|1|1833.9392737|76|2|1|3|1|1|1|1
3475726|1|1|1|2048.3654505|76|1|1|3|1|1|1|1
3475727|1|1|1|1833.9392737|76|2|1|3|1|1|1|1
3475728|1|1|1|2116.2599368|76|2|1|3|1|1|1|1
3475729|1|1|1|2199.9262951|76|2|1|3|1|1|1|1
3475730|1|1|1|1681.9010557|76|1|1|3|1|1|1|1
3475731|1|1|1|2489.4635318|76|2|1|3|1|1|1|1
3475732|1|1|1|1639.0996798|76|2|1|3|1|1|1|1
3475733|1|1|1|1135.5851776|76|2|1|3|2|1|1|1
3475734|1|1|1|1479.5584008|76|2|1|3|1|1|1|1
3475735|1|1|1|2261.2739747|76|1|1|3|1|1|1|1
3475736|1|1|1|1526.4429645|76|2|1|3|1|1|1|1
3475737|1|1|1|1135.5851776|76|2|1|3|1|1|1|1
3475738|1|1|1|745.10155605|76|2|1|2|1|1|1|1
3475739|1|1|1|2389.9266192|76|2|1|2|1|1|1|1
3475740|1|1|1|1776.0499902|76|2|1|2|1|1|1|1
3475741|1|1|1|1946.9880796|76|2|1|2|1|1|1|1
3475742|1|1|1|2389.9266192|76|2|1|2|1|1|1|1
3475743|1|1|1|1745.2046529|76|2|1|2|1|1|1|1
3475744|1|1|1|1776.0499902|76|2|1|2|1|1|1|1
3475745|1|1|1|1353.0610543|76|2|1|1|1|1|1|1
3475746|1|1|1|1448.6803162|76|2|1|1|1|1|1|1
3475747|1|1|1|2906.6675099|76|2|1|1|1|1|1|1
3475748|1|1|1|1606.960157|76|2|1|1|1|1|1|1
3475749|1|1|1|1842.5492752|76|2|1|1|1|1|1|1
3475750|1|1|1|2564.8929547|76|2|1|1|1|1|1|1
3475751|1|1|1|2353.566868|76|2|1|1|1|1|1|1
3475752|1|1|1|6084.5165677|76|2|1|1|1|1|1|1
3475753|1|1|1|2380.0486637|76|2|1|1|1|1|1|1
3475754|1|1|1|1315.9304291|76|2|1|1|2|1|1|1
3475755|1|1|1|2555.0697972|76|2|1|1|1|1|1|1
3475756|1|1|1|2392.2215068|76|2|1|1|1|1|1|1
3475758|1|1|1|1536.8207114|76|2|1|1|1|1|1|1
3475759|1|1|1|3347.1818404|76|2|1|1|1|1|1|1
3475760|1|1|1|2007.075954|76|2|1|1|1|1|1|1
3475761|1|1|1|962.14315045|76|1|1|1|1|1|1|1
3475762|1|1|1|2189.8542475|76|1|1|1|1|1|1|1
3475764|1|1|1|3086.0914302|76|2|1|1|1|1|1|1
3475765|1|1|1|2392.0171665|76|1|1|1|1|1|1|1
3475766|1|1|1|1646.2003257|76|2|1|2|1|1|1|1
3475767|1|1|1|1937.0001005|76|2|1|2|2|1|1|1
3475768|1|1|1|4202.2065519|76|2|1|2|1|1|1|1
3475769|1|1|1|1646.2003257|76|2|1|2|1|1|1|1
3475770|1|1|1|4208.4572927|76|2|1|2|1|1|1|1
3475771|1|1|1|2010.4450277|76|2|1|2|1|1|1|1
3475772|1|1|1|1646.2003257|76|2|1|2|1|1|1|1
3475773|1|1|1|2010.4450277|76|2|1|2|1|1|1|1
3475774|1|1|1|1646.2003257|76|2|1|2|1|1|1|1
3475775|1|1|1|925.17474274|76|2|1|4|1|1|1|1
3475776|1|1|1|1417.3030505|76|2|1|4|1|1|1|1
3475777|1|1|1|1561.6459653|76|2|1|4|1|1|1|1
3475778|1|1|1|1907.1818398|76|2|1|4|1|1|1|1
3475779|1|1|1|1907.1818398|76|2|1|4|1|1|1|1
3475780|1|1|1|3346.4841123|76|2|1|1|1|1|1|1
3475781|1|1|1|1079.7194756|76|2|1|1|1|1|1|1
3475782|1|1|1|1598.6671304|76|2|1|1|1|1|1|1
3475783|1|1|1|1294.4617774|76|2|1|1|2|1|1|1
3475784|1|1|1|3211.9396286|76|2|1|1|1|1|1|1
3475785|1|1|1|1092.3988376|76|1|1|2|1|1|1|1
3475786|1|1|1|1598.6671304|76|2|1|1|1|1|1|1
3475787|1|1|1|775.51412259|76|2|1|1|1|1|1|1
3475788|1|1|1|1706.3157887|76|2|1|1|1|1|1|1
3475789|1|1|1|1499.8294798|76|2|1|4|1|1|1|1
3475790|1|1|1|2221.3787528|76|2|1|4|1|1|1|1
3475791|1|1|1|5450.5642183|76|2|1|4|1|1|1|1
3475792|1|1|1|1340.7403083|76|2|1|4|1|1|1|1
3475793|1|1|1|1499.8294798|76|2|1|4|1|1|1|1
3475794|1|1|1|2712.8896759|76|2|1|4|1|1|1|1
3475795|1|1|1|1228.2017338|76|2|1|4|1|1|1|1
3475796|1|1|1|2072.8679347|76|2|1|2|1|1|1|1
3475797|1|1|1|2663.9532846|76|2|1|2|1|1|1|1
3475798|1|1|1|1807.8301766|76|1|1|1|1|1|1|1
3475799|1|1|1|2320.3542826|76|2|1|2|1|1|1|1
3475800|1|1|1|1807.8301766|76|2|1|2|1|1|1|1
3475801|1|1|1|2072.8679347|76|2|1|2|1|1|1|1
3475802|1|1|1|1759.08698|76|2|1|3|1|1|1|1
3475803|1|1|1|1559.4618773|76|1|1|3|1|1|1|1
3475804|1|1|1|1358.3211337|76|1|1|3|1|1|1|1
3475805|1|1|1|1065.4582504|76|1|1|3|1|1|1|1
3475806|1|1|1|1213.4441469|76|2|1|3|2|1|1|1
3475807|1|1|1|26.846051924|88|2|1|1|2|2|1|2
3475808|1|1|1|24.021169029|88|2|1|1|2|2|1|2
3475809|1|1|1|32.001027925|88|2|1|1|2|2|1|2
3475810|1|1|1|29.172679827|88|1|1|1|2|2|1|2
3475811|1|1|1|31.189238771|88|2|1|1|2|2|1|2
3475812|1|1|1|25.267266063|88|2|1|1|2|2|1|2
3475813|1|1|1|31.301359837|88|1|1|3|2|1|1|2
3475814|1|1|1|30.978759247|88|2|1|3|2|1|1|1
3475815|1|1|1|20.83898232|88|2|1|3|2|1|1|2
3475816|1|1|1|21.794157514|88|1|1|2|2|1|1|1
3475817|1|1|1|27.372433828|88|2|1|2|2|1|1|1
3475818|1|1|1|20.83898232|88|2|1|3|2|1|1|2
3475819|1|1|1|21.794157514|88|2|1|2|2|1|1|1
3475821|1|1|1|30.346184643|88|2|1|3|2|1|1|2
3475822|1|1|1|37.354038342|88|2|1|1|2|2|1|1
3475823|1|1|1|50.021735093|88|2|1|1|2|2|1|1
3475824|1|1|1|39.073091849|88|2|1|1|2|2|1|1
3475825|1|1|1|37.699420937|88|2|1|1|2|2|1|1
3475826|1|1|1|34.954973869|88|1|1|2|2|2|1|1
3475827|1|1|1|39.073091849|88|2|1|1|2|2|1|1
3475828|1|1|1|48.230781604|88|2|1|2|2|2|1|1
3475829|1|1|1|29.733167125|88|2|1|1|2|2|1|1
3475830|1|1|1|40.864045338|88|2|1|1|2|2|1|1
3475831|1|1|1|40.864045338|88|1|1|1|2|2|1|1
3475832|1|1|1|38.937091163|88|2|1|2|2|2|1|1
3475833|1|1|1|56.899096205|88|2|1|2|2|2|1|1
3475834|1|1|1|28.492568125|88|2|1|2|2|2|1|1
3475835|1|1|1|37.092410777|88|2|1|1|2|2|1|1
3475836|1|1|1|38.644879941|88|1|1|1|2|2|1|1
3475837|1|1|1|26.952004282|88|2|1|1|2|2|1|1
3475838|1|1|1|39.65642043|88|2|1|1|2|2|1|1
3475839|1|1|1|46.783701324|88|2|1|1|2|2|1|1
3475840|1|1|1|35.592521577|88|2|1|1|2|1|1|1
3475841|1|1|1|48.256263082|88|2|1|1|2|1|1|1
3475842|1|1|1|33.599326167|88|2|1|1|2|1|1|1
3475843|1|1|1|39.65642043|88|2|1|1|2|1|1|1
3475844|1|1|1|48.58091897|88|2|1|1|2|1|1|1
3475845|1|1|1|46.286358749|88|2|1|1|2|1|1|1
3475846|1|1|1|27.65418615|88|2|1|1|2|2|1|2
3475847|1|1|1|35.41550596|88|2|1|1|2|2|1|2
3475848|1|1|1|29.026165262|88|2|1|1|2|2|1|2
3475849|1|1|1|47.344667101|88|1|1|1|2|2|1|2
3475850|1|1|1|43.068156148|88|1|1|1|2|2|1|2
3475851|1|1|1|34.04481059|88|2|1|1|2|2|1|1
3475852|1|1|1|46.893959541|88|2|1|1|2|2|1|1
3475853|1|1|1|52.217081886|88|2|1|1|2|2|1|1
3475854|1|1|1|31.444755765|88|1|1|1|2|2|1|1
3475855|1|1|1|46.893959541|88|2|1|1|2|2|2|2
3475856|1|1|1|40.405331496|88|2|1|3|2|2|1|1
3475857|1|1|1|37.593659571|88|1|1|2|2|2|1|1
3475858|1|1|1|47.415913505|88|2|1|3|2|2|1|1
3475859|1|1|1|24.81616784|88|1|1|3|2|2|1|1
3475860|1|1|1|53.306988969|88|1|1|3|2|2|1|1
3475861|1|1|1|38.912870255|88|1|1|3|2|2|1|1
3475862|1|1|1|49.450431368|88|2|1|3|2|2|1|1
3475863|1|1|1|29.521891619|88|2|1|2|2|1|1|1
3475864|1|1|1|40.881913446|88|2|1|2|2|1|1|1
3475865|1|1|1|41.079261622|88|2|1|3|2|1|1|1
3475866|1|1|1|32.888833658|88|2|1|2|2|1|1|1
3475867|1|1|1|22.65707268|88|2|1|2|2|1|1|1
3475868|1|1|1|30.875056478|88|1|1|3|2|1|1|1
3475869|1|1|1|34.929524951|88|1|1|2|2|1|1|1
3475870|1|1|1|48.701420115|88|1|1|2|2|1|1|1
3475871|1|1|1|26.182359899|88|2|1|3|2|1|1|1
3475872|1|1|1|30.875056478|88|1|1|3|2|1|1|1
3475873|1|1|1|35.405629069|88|2|1|1|2|2|1|2
3475874|1|1|1|34.393904826|88|2|1|2|2|2|1|2
3475875|1|1|1|33.828632973|88|2|1|2|2|1|1|1
3475876|1|1|1|47.380968584|88|2|1|2|2|2|1|2
3475877|1|1|1|34.393904826|88|2|1|2|2|2|1|2
3475878|1|1|1|40.594241184|88|2|1|1|2|2|1|2
3475879|1|1|1|32.886518973|88|2|1|1|2|2|1|2
3475880|1|1|1|19.543427665|88|2|1|2|2|2|1|2
3475881|1|1|1|30.537695503|88|2|1|2|2|2|1|2
3475882|1|1|1|44.208846379|88|2|1|1|2|2|1|2
3475883|1|1|1|28.513538342|88|1|1|1|2|2|1|2
3475884|1|1|1|37.090223755|88|1|1|1|2|2|1|2
3475885|1|1|1|29.135179754|88|1|1|1|2|2|1|2
3475886|1|1|1|12.383954164|88|2|1|1|2|2|1|2
3475887|1|1|1|30.123531218|88|1|1|1|2|2|1|2
3475888|1|1|1|24.606294658|88|1|1|2|2|2|1|2
3475889|1|1|1|28.013526418|88|2|1|2|2|2|1|2
3475890|1|1|1|15.857689134|88|1|1|1|2|2|1|2
3475891|1|1|1|27.305560216|88|1|1|2|2|2|1|2
3475892|1|1|1|52.83750855|88|2|1|1|2|2|1|1
3475893|1|1|1|40.864045338|88|1|1|1|2|2|1|2
3475894|1|1|1|79.398561525|88|1|1|1|2|2|1|2
3475895|1|1|1|47.605405764|88|1|1|1|2|2|1|2
3475896|1|1|1|65.170435369|88|1|1|1|2|2|1|2
3475897|1|1|1|26.322689859|88|2|1|2|2|2|1|2
3475898|1|1|1|48.927483834|88|2|1|1|2|2|1|2
3475899|1|1|1|43.649146765|88|2|1|1|2|2|1|2
3475900|1|1|1|68.939293435|88|2|1|1|2|2|1|2
3475901|1|1|1|56.899096205|88|1|1|2|2|2|1|2
3475902|1|1|1|4506.7809674|05|2|1|2|1|1|1|1
3475903|1|1|1|1351.462923|05|2|1|3|1|1|1|1
3475905|1|1|1|1502.2122571|05|2|1|3|1|1|1|1
3475906|1|1|1|1114.2436125|05|2|1|3|2|1|1|1
3475907|1|1|1|1820.2615166|05|2|1|3|1|1|1|1
3475908|1|1|1|1157.1209484|05|2|1|3|1|1|1|1
3475909|1|1|1|1502.2122571|05|2|1|3|2|1|1|1
3475910|1|1|1|1262.5953788|05|2|1|3|1|1|1|1
3475911|1|1|1|1267.5634528|05|2|1|3|1|1|1|1
3475912|1|1|1|4286.4290445|05|2|1|5|1|1|1|1
3475913|1|1|1|4647.719511|05|2|1|5|1|1|1|1
3475914|1|1|1|4484.3295584|05|2|1|5|1|1|1|1
3475917|1|1|1|3688.6743119|05|2|1|5|1|1|1|1
3475918|1|1|1|4473.9826298|05|2|1|5|1|1|1|1
3475919|1|1|1|4939.468574|05|2|1|5|1|1|1|1
3475921|1|1|1|549.93917364|08|2|1|1|1|1|1|1
3475922|1|1|1|2199.7566946|08|2|1|1|1|1|1|1
3475923|1|1|1|2199.7566946|08|2|1|1|1|1|1|1
3475924|1|1|1|549.93917364|08|2|1|1|1|1|1|1
3475925|1|1|1|860.26292092|08|1|1|1|1|1|1|1
3475926|1|1|1|549.93917364|08|1|1|1|1|1|1|1
3475927|1|1|1|1203.7742296|08|1|1|1|1|1|1|1
3475928|1|1|1|1126.2135914|08|1|1|1|1|1|1|1
3475929|1|1|1|560.24545167|08|1|1|1|1|1|1|1
3475930|1|1|1|1189.7253163|08|1|1|1|1|1|1|1
3475931|1|1|1|718.75115678|08|1|1|1|1|1|1|1
3475932|1|1|1|3342.4065087|11|2|1|1|1|1|1|1
3475933|1|1|1|8998.9500191|11|1|1|1|1|1|1|1
3475934|1|1|1|5056.9546976|11|2|1|2|1|1|1|1
3475935|1|1|1|4967.9136221|11|2|1|3|1|1|1|1
3475936|1|1|1|6916.1347278|11|2|1|3|1|1|1|1
3475937|1|1|1|10080.827041|11|2|1|2|1|1|1|1
3475938|1|1|1|7754.2049003|11|2|1|2|1|1|1|1
3475939|1|1|1|8576.8985977|11|2|1|2|1|1|1|1
3475940|1|1|1|7170.8181021|11|2|1|2|1|1|1|1
3475941|1|1|1|11716.490281|11|2|1|2|1|1|1|1
3475942|1|1|1|6163.3329561|11|2|1|3|1|1|1|1
3475943|1|1|1|6580.0644438|11|2|1|3|1|1|1|1
3475944|1|1|1|9118.1785317|11|2|1|3|1|1|1|1
3475945|1|1|1|9988.4541074|11|1|1|2|1|1|1|1
3475947|1|1|1|809.49105834|13|2|1|1|1|1|1|1
3475948|1|1|1|1039.3457201|13|1|1|1|1|2|1|1
3475949|1|1|1|623.43324867|13|1|1|1|1|2|1|1
3475950|1|1|1|771.80227566|13|1|1|1|1|1|1|1
3475951|1|1|1|771.80227566|13|2|1|1|1|1|1|1
3475952|1|1|1|465.90518288|13|2|1|2|1|1|1|1
3475953|1|1|1|664.52182292|13|2|1|2|1|1|1|1
3475954|1|1|1|540.68033633|13|2|1|2|1|1|1|1
3475955|1|1|1|388.52261032|13|2|1|2|1|1|1|1
3475956|1|1|1|482.14193164|13|2|1|2|1|1|1|1
3475957|1|1|1|483.49730522|13|1|1|2|1|1|1|1
3475958|1|1|1|442.92127803|13|2|1|2|1|1|1|1
3475959|1|1|1|676.56637309|13|2|1|2|1|1|1|1
3475960|1|1|1|498.10055808|13|2|1|2|1|1|1|1
3475961|1|1|1|649.36596942|13|2|1|2|1|1|1|1
3475962|1|1|1|711.72596046|13|2|1|2|1|1|1|1
3475963|1|1|1|400.88576906|13|2|1|2|1|1|1|1
3475964|1|1|1|657.46627042|13|2|1|2|1|1|1|1
3475965|1|1|1|897.80712488|13|2|1|2|1|1|1|1
3475967|1|1|1|256.47469172|15|1|1|1|1|1|1|1
3475968|1|1|1|212.78888131|15|1|1|1|1|1|1|1
3475969|1|1|1|72.806731542|15|1|1|1|1|1|1|1
3475970|1|1|1|82.119326941|15|1|1|1|1|1|1|1
3475971|1|1|1|245.32380845|15|1|1|1|1|1|1|1
3475972|1|1|1|124.30741224|15|1|1|1|1|1|1|1
3475973|1|1|1|228.33559892|15|2|1|3|1|1|1|1
3475974|1|1|1|98.112709938|15|2|1|3|1|1|1|1
3475975|1|1|1|84.134934983|15|2|1|3|1|1|1|1
3475976|1|1|1|219.23686242|15|2|1|3|1|1|1|1
3475977|1|1|1|130.23267398|15|2|1|3|1|1|1|1
3475978|1|1|1|69.62891171|15|1|1|3|1|1|1|1
3475979|1|1|1|88.726714297|15|1|1|3|1|1|1|1
3475980|1|1|1|259.22396725|15|2|1|3|1|1|1|1
3475981|1|1|1|115.30875351|15|2|1|3|1|1|1|1
3475982|1|1|1|108.39310248|15|1|1|2|2|1|1|1
3475983|1|1|1|206.60462075|15|1|1|2|1|1|1|1
3475984|1|1|1|102.74773219|15|3|1|2|1|1|1|1
3475985|1|1|1|110.55491766|15|2|1|2|1|1|1|1
3475986|1|1|1|273.21340515|15|2|1|2|1|1|1|1
3475987|1|1|1|98.464612037|15|1|1|2|1|1|1|1
3475988|1|1|1|234.61257207|15|1|1|2|1|1|1|1
3475989|1|1|1|133.28534324|15|1|1|3|1|1|1|1
3475990|1|1|1|304.60960185|17|2|1|6|1|1|1|1
3475991|1|1|1|304.60960185|17|2|1|6|1|1|1|1
3475992|1|1|1|212.07152733|17|2|1|6|1|1|1|1
3475993|1|1|1|202.25718708|17|2|1|3|1|1|1|1
3475994|1|1|1|518.28016293|17|2|1|4|1|1|1|1
3475995|1|1|1|347.94639272|17|2|1|2|1|1|1|1
3475996|1|1|1|219.29009372|17|2|1|2|1|1|1|1
3475997|1|1|1|333.62326487|17|2|1|2|1|1|1|1
3475998|1|1|1|392.92782521|17|2|1|2|1|1|1|1
3475999|1|1|1|195.14755385|17|2|1|2|1|1|1|1
3476000|1|1|1|213.52650533|17|2|1|2|1|1|1|1
3476001|1|1|1|190.64832809|17|2|1|2|1|1|1|1
3476002|1|1|1|233.98366625|17|1|1|2|1|1|1|1
3476003|1|1|1|93.123057591|18|2|1|1|1|1|1|1
3476004|1|1|1|222.45332233|18|2|1|3|1|1|1|1
3476005|1|1|1|146.09594913|18|2|1|3|1|1|1|1
3476006|1|1|1|121.30993649|18|1|1|1|1|1|1|1
3476007|1|1|1|153.49279241|18|1|1|1|1|1|1|1
3476008|1|1|1|108.74109114|18|2|1|1|1|1|1|1
3476009|1|1|1|94.241770357|18|1|1|1|1|1|1|1
3476010|1|1|1|248.95513328|18|2|1|1|1|1|1|1
3476011|1|1|1|111.71979902|18|1|1|1|1|2|1|1
3476012|1|1|1|171.75440263|18|1|1|1|2|2|1|1
3476013|1|1|1|100.1768786|18|2|1|1|1|1|1|1
3476014|1|1|1|142.20412786|18|1|1|1|1|1|1|1
3476015|1|1|1|85.630543407|18|1|1|1|1|1|1|1
3476016|1|1|1|54.180935056|18|1|1|2|1|1|1|1
3476017|1|1|1|131.26195807|18|2|1|2|1|1|1|1
3476018|1|1|1|54.180935056|18|2|1|1|1|1|1|1
3476019|1|1|1|169.74891565|19|1|1|2|1|1|1|1
3476020|1|1|1|122.76628351|19|2|1|2|1|1|1|1
3476021|1|1|1|115.6880583|19|1|1|2|1|1|1|1
3476022|1|1|1|218.64641853|19|1|1|3|1|1|1|1
3476023|1|1|1|212.06987377|19|2|1|3|1|1|1|1
3476024|1|1|1|189.2505029|19|2|1|3|1|1|1|1
3476025|1|1|1|248.82934425|19|2|1|3|1|1|1|1
3476026|1|1|1|196.12220135|19|1|1|3|1|1|1|1
3476027|1|1|1|171.12191957|19|2|1|3|1|1|1|1
3476028|1|1|1|196.96889237|19|1|1|2|1|1|1|1
3476029|1|1|1|372.05483104|19|1|1|2|1|1|1|1
3476030|1|1|1|329.29843809|19|2|1|2|2|1|1|1
3476031|1|1|1|340.42141064|19|1|1|2|1|1|1|1
3476032|1|1|1|325.95662157|19|2|1|2|1|1|1|1
3476033|1|1|1|260.72055854|19|2|1|2|1|1|1|1
3476034|1|1|1|186.54200754|19|2|1|2|1|1|1|1
3476035|1|1|1|260.82693804|19|2|1|2|1|1|1|1
3476036|1|1|1|234.22294072|19|1|1|2|1|1|1|1
3476037|1|1|1|183.51562393|19|1|1|4|1|1|1|1
3476038|1|1|1|145.51388584|19|1|1|3|1|1|1|1
3476039|1|1|1|145.51388584|19|1|1|3|1|1|1|1
3476040|1|1|1|632.3642833|20|2|1|2|1|1|1|1
3476041|1|1|1|286.0688445|20|2|1|2|1|1|1|1
3476042|1|1|1|278.01147741|20|1|1|2|1|1|1|1
3476043|1|1|1|576.313741|20|1|1|1|1|1|1|1
3476044|1|1|1|281.52650744|20|1|1|1|1|1|1|1
3476045|1|1|1|568.26135682|20|2|1|3|1|1|1|1
3476046|1|1|1|539.73998172|20|2|1|4|1|1|1|1
3476047|1|1|1|480.08020535|20|2|1|1|1|1|1|1
3476048|1|1|1|359.98762778|20|2|1|1|1|1|1|1
3476049|1|1|1|468.60513457|20|2|1|1|1|1|1|1
3476050|1|1|1|474.59578531|20|2|1|2|1|1|1|1
3476051|1|1|1|709.60534745|20|2|1|2|1|1|1|1
3476052|1|1|1|459.4720478|20|1|1|1|1|1|1|1
3476053|1|1|1|225.80620217|23|2|1|2|1|1|1|1
3476054|1|1|1|259.43009444|23|2|1|2|1|1|1|1
3476055|1|1|1|215.20869388|23|1|1|2|1|1|1|1
3476056|1|1|1|520.09009232|23|2|1|5|1|1|1|1
3476057|1|1|1|401.95485284|23|2|1|5|1|1|1|1
3476058|1|1|1|473.78424069|23|2|1|5|1|1|1|1
3476059|1|1|1|456.91694662|23|2|1|5|1|1|1|1
3476060|1|1|1|350.26944174|23|2|1|5|1|1|1|1
3476061|1|1|1|298.98886639|23|2|1|1|1|1|1|1
3476062|1|1|1|319.31937656|23|1|1|1|1|1|1|1
3476063|1|1|1|417.75779188|23|2|1|1|1|1|1|1
3476064|1|1|1|498.50506031|23|1|1|1|1|1|1|1
3476065|1|1|1|99.566279208|23|1|1|1|1|1|1|1
3476066|1|1|1|198.51774285|23|1|1|1|1|1|1|1
3476067|1|1|1|166.84514213|23|1|1|1|1|1|1|1
3476068|1|1|1|192.22874445|23|1|1|1|1|1|1|1
3476069|1|1|1|194.35505311|23|1|1|1|1|1|1|1
3476070|1|1|1|263.99759463|23|1|1|1|2|2|1|1
3476071|1|1|1|263.4396981|23|1|1|1|2|2|1|1
3476072|1|1|1|336.8573298|23|1|1|1|2|2|1|1
3476073|1|1|1|311.17755992|23|2|1|1|2|2|1|1
3476074|1|1|1|192.34136151|23|1|1|1|2|2|1|1
3476075|1|1|1|227.4234717|23|2|1|1|2|2|1|1
3476077|1|1|1|152.84626195|23|2|1|1|1|1|1|1
3476078|1|1|1|207.40649247|23|2|1|1|1|1|1|1
3476079|1|1|1|151.06294363|23|2|1|1|1|1|1|1
3476080|1|1|1|99.900193338|27|2|1|1|2|2|1|1
3476081|1|1|1|152.81567071|27|1|1|1|2|2|1|2
3476082|1|1|1|154.51243753|27|1|1|1|2|2|1|2
3476083|1|1|1|128.28689688|27|1|1|1|2|2|1|2
3476084|1|1|1|162.54351866|27|2|1|1|2|2|1|1
3476085|1|1|1|99.684307722|27|1|1|1|2|2|1|2
3476086|1|1|1|70.527359828|27|1|1|1|2|2|1|2
3476087|1|1|1|70.771471568|27|1|1|1|2|2|1|2
3476088|1|1|1|188.27748516|27|2|1|1|2|2|1|1
3476089|1|1|1|142.22557883|27|1|1|1|2|2|1|1
3476090|1|1|1|176.35188522|27|1|1|1|2|2|1|1
3476091|1|1|1|100.86077212|27|1|1|1|2|2|1|1
3476092|1|1|1|125.34305501|27|1|1|1|2|2|1|1
3476093|1|1|1|195.87995582|27|1|1|1|2|2|1|1
3476094|1|1|1|162.54351866|27|1|1|1|2|2|1|1
3476095|1|1|1|103.26765345|27|1|1|1|2|2|1|2
3476096|1|1|1|66.84962934|27|1|1|1|2|2|1|2
3476097|1|1|1|44.493964125|27|1|1|1|2|2|1|2
3476098|1|1|1|146.96025734|41|1|1|2|1|1|1|1
3476099|1|1|1|284.38400715|41|1|1|2|1|1|1|1
3476100|1|1|1|150.88830962|41|3|1|2|1|1|1|1
3476101|1|1|1|203.19909962|41|2|1|2|1|1|1|1
3476102|1|1|1|108.62043139|41|1|1|2|1|1|1|1
3476103|1|1|1|200.73267479|41|1|1|2|1|1|1|1
3476104|1|1|1|371.12474057|41|1|1|2|1|1|1|1
3476105|1|1|1|200.73267479|41|2|1|2|1|1|1|1
3476106|1|1|1|150.88830962|41|2|1|2|1|1|1|1
3476107|1|1|1|108.62043139|41|2|1|2|1|1|1|1
3476108|1|1|1|350.77346458|41|1|1|2|1|1|1|1
3476109|1|1|1|270.12484815|41|1|1|2|1|1|1|1
3476110|1|1|1|188.10986983|41|1|1|2|1|1|1|1
3476111|1|1|1|152.6763862|41|1|1|2|1|1|1|1
3476112|1|1|1|182.38146025|41|1|1|2|1|1|1|1
3476113|1|1|1|149.23178016|41|1|1|2|1|1|1|1
3476114|1|1|1|450.54252683|41|1|1|2|1|1|1|1
3476116|1|1|1|386.54688571|41|2|1|3|1|1|1|1
3476117|1|1|1|386.54688571|41|2|1|4|1|1|1|1
3476118|1|1|1|322.98426411|41|2|1|4|1|1|1|1
3476119|1|1|1|187.60566648|41|2|1|4|1|1|1|1
3476120|1|1|1|471.11444796|41|2|1|3|1|1|1|1
3476121|1|1|1|530.77050987|41|2|1|4|1|1|1|1
3476122|1|1|1|302.24200172|41|2|1|4|1|1|1|1
3476123|1|1|1|232.08361678|41|2|1|4|1|1|1|1
3476124|1|1|1|197.0015536|41|1|1|2|1|1|1|1
3476125|1|1|1|246.00577813|41|1|1|2|1|1|1|1
3476126|1|1|1|250.91584348|41|2|1|3|1|1|1|1
3476127|1|1|1|156.32696593|41|2|1|2|1|1|1|1
3476128|1|1|1|188.61038702|41|2|1|3|1|1|1|1
3476129|1|1|1|153.32876427|41|1|1|2|1|1|1|1
3476130|1|1|1|310.45822035|41|1|1|1|1|1|1|1
3476131|1|1|1|236.9852059|41|1|1|1|1|1|1|1
3476132|1|1|1|147.09989758|41|2|1|1|1|1|1|1
3476133|1|1|1|156.14187012|41|2|1|1|1|1|1|1
3476134|1|1|1|179.77601082|41|2|1|1|1|1|1|1
3476135|1|1|1|331.02926311|41|1|1|1|1|1|1|1
3476136|1|1|1|147.09989758|41|1|1|1|1|1|1|1
3476137|1|1|1|329.07716279|41|2|1|1|1|1|1|1
3476138|1|1|1|154.9519021|44|1|1|2|1|1|1|1
3476139|1|1|1|196.29358653|44|1|1|2|1|1|1|1
3476141|1|1|1|117.44523071|44|1|1|2|1|1|1|1
3476142|1|1|1|80.511885088|44|1|1|2|1|1|1|1
3476143|1|1|1|105.79162187|44|1|1|2|2|1|1|1
3476144|1|1|1|96.153917162|44|1|1|2|1|1|1|1
3476145|1|1|1|76.559957299|44|1|1|2|1|1|1|1
3476146|1|1|1|69.983456327|44|1|1|3|1|1|1|1
3476147|1|1|1|116.7761644|44|2|1|1|1|1|1|1
3476148|1|1|1|124.07654265|44|1|1|1|1|1|1|1
3476149|1|1|1|86.567486565|44|2|1|2|1|1|1|1
3476150|1|1|1|92.419979448|44|1|1|1|1|1|1|1
3476151|1|1|1|156.44505184|44|1|1|2|1|1|1|1
3476152|1|1|1|179.74916188|44|2|1|2|1|1|1|1
3476153|1|1|1|118.44899153|44|2|1|1|1|1|1|1
3476154|1|1|1|124.74560896|44|2|1|1|1|1|1|1
3476155|1|1|1|139.30987002|44|2|1|1|1|1|1|1
3476156|1|1|1|117.44523071|44|2|1|1|1|1|1|1
3476157|1|1|1|98.491243619|44|2|1|1|1|1|1|1
3476158|1|1|1|73.314649287|44|2|1|1|1|1|1|1
3476159|1|1|1|113.41929272|44|1|1|1|2|2|1|1
3476160|1|1|1|167.81395115|44|2|1|1|1|1|1|1
3476161|1|1|1|152.99068663|44|1|1|1|1|1|1|1
3476162|1|1|1|74.655679|44|1|1|1|1|1|1|1
3476163|1|1|1|45.344873915|44|1|1|1|1|1|1|1
3476164|1|1|1|48.410465425|44|1|1|1|1|1|1|1
3476165|1|1|1|54.527678227|44|1|1|1|1|1|1|1
3476166|1|1|1|132.33909834|44|2|1|1|1|1|1|1
3476167|1|1|1|108.43451058|44|1|1|0|2|2|2|2
3476168|1|1|1|157.25199779|44|1|1|0|2|2|2|2
3476169|1|1|1|140.00835257|44|1|1|0|2|2|2|2
3476170|1|1|1|164.81273765|44|1|1|0|2|2|2|2
3476171|1|1|1|97.926626006|44|1|1|1|1|2|2|2
3476172|1|1|1|168.98586904|47|1|1|6|1|1|1|1
3476173|1|1|1|175.53139354|47|1|1|6|1|1|1|1
3476174|1|1|1|168.98586904|47|1|1|6|1|1|1|1
3476175|1|1|1|215.4322304|47|1|1|6|1|1|1|1
3476176|1|1|1|186.91398611|47|1|1|6|1|1|1|1
3476177|1|1|1|168.98586904|47|1|1|6|1|1|1|1
3476178|1|1|1|168.98586904|47|1|1|6|1|1|1|1
3476179|1|1|1|312.79038239|50|4|1|3|1|1|1|1
3476180|1|1|1|186.59982335|50|1|1|3|1|1|1|1
3476181|1|1|1|787.92511821|50|1|1|2|1|1|1|1
3476182|1|1|1|710.27793217|50|1|1|2|1|1|1|1
3476183|1|1|1|460.97598648|50|1|1|2|1|1|1|1
3476184|1|1|1|658.74383212|50|2|1|2|1|1|1|1
3476185|1|1|1|323.41485879|50|2|1|2|1|1|1|1
3476186|1|1|1|418.16896041|50|2|1|2|1|1|1|1
3476187|1|1|1|288.75698368|50|1|1|2|1|1|1|1
3476188|1|1|1|452.5449986|50|1|1|2|1|1|1|1
3476189|1|1|1|570.80294622|50|1|1|2|1|1|1|1
3476190|1|1|1|606.73229832|50|1|1|2|1|1|1|1
3476191|1|1|1|649.40061015|50|1|1|2|1|1|1|1
3476192|1|1|1|637.39977625|50|1|1|2|1|1|1|1
3476193|1|1|1|671.59416669|50|2|1|1|1|1|1|1
3476194|1|1|1|428.92459657|50|2|1|2|1|1|1|1
3476195|1|1|1|557.88924474|50|2|1|2|1|1|1|1
3476196|1|1|1|282.77037764|50|1|1|2|1|1|1|1
3476197|1|1|1|258.73188704|50|2|1|2|1|1|1|1
3476198|1|1|1|414.19476865|50|1|1|2|1|1|1|1
3476199|1|1|1|634.82764395|50|1|1|2|1|1|1|1
3476200|1|1|1|292.73117545|50|1|1|2|1|1|1|1
3476201|1|1|1|591.89827681|50|1|1|2|1|1|1|1
3476202|1|1|1|573.48886|50|1|1|2|1|1|1|1
3476203|1|1|1|546.12801623|50|2|1|3|1|1|1|1
3476204|1|1|1|545.91954619|50|1|1|3|1|1|1|1
3476205|1|1|1|685.39893607|50|1|1|1|1|1|1|1
3476206|1|1|1|518.92582419|50|1|1|1|1|1|1|1
3476207|1|1|1|398.98811899|52|1|1|2|2|1|1|1
3476208|1|1|1|254.54209454|52|1|1|2|1|1|1|1
3476209|1|1|1|258.47811906|52|1|1|2|1|1|1|1
3476210|1|1|1|373.36473771|52|2|1|1|2|1|1|1
3476211|1|1|1|516.0388052|52|2|1|1|2|1|1|1
3476212|1|1|1|228.85824638|52|1|1|1|1|1|1|1
3476213|1|1|1|255.75380688|52|1|1|1|1|1|1|1
3476214|1|1|1|256.06326919|52|1|1|1|1|1|1|1
3476215|1|1|1|270.79530469|52|1|1|1|2|1|1|1
3476216|1|1|1|550.48672327|54|2|1|3|2|1|1|1
3476217|1|1|1|408.61382035|54|1|1|2|1|1|1|1
3476218|1|1|1|401.26833049|54|2|1|3|2|1|1|1
3476219|1|1|1|685.13467323|54|2|1|3|2|1|1|1
3476220|1|1|1|679.45103089|54|2|1|3|1|1|1|1
3476221|1|1|1|468.02170293|54|1|1|3|1|1|1|1
3476222|1|1|1|632.31677752|54|2|1|3|1|1|1|1
3476223|1|1|1|385.77442615|54|1|1|3|1|1|1|1
3476224|1|1|1|1565.1196806|54|1|1|1|1|2|1|1
3476225|1|1|1|1410.6899898|54|1|1|1|1|2|1|1
3476226|1|1|1|1048.0751592|54|1|1|1|1|2|1|1
3476227|1|1|1|877.54069299|54|1|1|1|1|2|1|1
3476228|1|1|1|1273.9706829|54|1|1|1|1|2|1|1
3476229|1|1|1|1161.3631823|54|1|1|1|1|2|1|1
3476230|1|1|1|888.48495708|54|1|1|2|1|1|1|1
3476231|1|1|1|1258.7288039|54|1|1|2|1|1|1|1
3476232|1|1|1|1362.0569864|54|1|1|2|2|1|1|1
3476233|1|1|1|1149.770535|54|2|1|2|1|1|1|1
3476234|1|1|1|1453.7800368|54|2|1|2|1|1|1|1
3476235|1|1|1|1216.6544643|54|2|1|2|1|1|1|1
3476236|1|1|1|1180.5507317|54|2|1|2|2|1|1|1
3476237|1|1|1|942.53040128|54|2|1|2|1|1|1|1
3476238|1|1|1|1353.5926524|54|2|1|2|2|1|1|1
3476239|1|1|1|223.6095967|63|2|1|2|1|1|1|1
3476240|1|1|1|450.51759759|63|2|1|2|1|1|1|1
3476241|1|1|1|192.05638969|63|2|1|3|1|1|1|1
3476242|1|1|1|154.18562555|63|2|1|3|1|1|1|1
3476243|1|1|1|388.57779432|63|2|1|3|1|1|1|1
3476244|1|1|1|275.75058721|63|2|1|3|1|1|1|1
3476245|1|1|1|288.08458453|63|1|1|3|1|1|1|1
3476246|1|1|1|319.44270841|63|1|1|3|1|1|1|1
3476247|1|1|1|263.53189169|63|1|1|3|1|1|1|1
3476248|1|1|1|220.12616972|63|1|1|3|1|1|1|1
3476249|1|1|1|253.70411971|63|2|1|4|1|1|1|1
3476250|1|1|1|233.82865444|63|1|1|4|1|1|1|1
3476251|1|1|1|315.88407044|63|1|1|4|1|1|1|1
3476252|1|1|1|351.83183111|63|1|1|4|1|1|1|1
3476253|1|1|1|148.67488942|63|2|1|4|1|1|1|1
3476254|1|1|1|282.17955615|63|2|1|5|1|1|1|1
3476255|1|1|1|240.07048711|63|2|1|5|1|1|1|1
3476257|1|1|1|558.59629711|63|2|1|4|1|1|1|1
3476258|1|1|1|291.6328206|63|1|1|2|1|1|1|1
3476259|1|1|1|196.85779943|63|1|1|2|1|1|1|1
3476260|1|1|1|328.99971439|66|2|1|5|1|1|1|1
3476261|1|1|1|469.35673199|66|2|1|5|1|1|1|1
3476262|1|1|1|482.90325889|66|1|1|3|1|1|1|1
3476265|1|1|1|926.86668668|66|1|1|3|1|1|1|1
3476266|1|1|1|825.28379548|66|1|1|3|1|1|1|1
3476267|1|1|1|444.3074049|66|2|1|3|1|1|1|1
3476268|1|1|1|855.30025217|66|2|1|3|1|1|1|1
3476269|1|1|1|492.62537337|66|1|1|3|1|1|1|1
3476270|1|1|1|596.52037546|66|2|1|3|1|1|1|1
3476271|1|1|1|355.12408026|66|2|1|3|1|1|1|1
3476272|1|1|1|599.530207|66|2|1|3|1|1|1|1
3476273|1|1|1|219.50764877|66|1|1|2|1|1|1|1
3476274|1|1|1|189.39853131|70|1|1|1|1|1|1|1
3476275|1|1|1|105.77016342|70|1|1|1|1|1|1|1
3476276|1|1|1|131.11215512|70|1|1|1|1|1|1|1
3476277|1|1|1|113.40437172|70|1|1|1|1|1|1|1
3476278|1|1|1|156.89715057|70|1|1|1|1|1|1|1
3476279|1|1|1|105.57660282|70|1|1|1|1|1|1|1
3476280|1|1|1|111.33529395|70|2|1|1|1|1|1|1
3476281|1|1|1|156.97560483|70|2|1|1|1|1|1|1
3476282|1|1|1|112.93911834|70|2|1|1|1|1|1|1
3476283|1|1|1|101.27280971|70|1|1|1|1|1|1|1
3476284|1|1|1|166.16072603|70|1|1|1|1|1|1|1
3476285|1|1|1|328.41265222|70|1|1|2|1|1|1|1
3476286|1|1|1|231.73318397|70|1|1|2|1|1|1|1
3476287|1|1|1|187.04939065|70|1|1|1|1|1|1|1
3476288|1|1|1|280.4406149|70|1|1|2|1|1|1|1
3476289|1|1|1|210.77334109|70|2|1|1|1|1|1|1
3476290|1|1|1|211.10178804|70|2|1|1|1|1|1|1
3476291|1|1|1|319.81549378|70|2|1|1|1|1|1|1
3476292|1|1|1|123.69265415|70|1|1|1|1|1|1|1
3476293|1|1|1|180.87884561|70|2|1|1|1|1|1|1
3476294|1|1|1|163.94388146|70|2|1|5|1|1|1|1
3476295|1|1|1|184.55263463|70|1|1|5|1|1|1|1
3476296|1|1|1|255.68530517|70|1|1|1|1|1|1|1
3476297|1|1|1|206.16239019|70|1|1|1|1|1|1|1
3476298|1|1|1|133.25602264|70|1|1|1|2|2|1|1
3476299|1|1|1|200.68399766|70|1|1|1|1|1|1|1
3476300|1|1|1|136.87689189|70|1|1|1|2|1|1|1
3476301|1|1|1|148.52003926|70|1|1|1|1|1|1|1
3476302|1|1|1|271.71147996|70|1|1|1|1|1|1|1
3476303|1|1|1|127.3163206|70|1|1|1|2|1|1|1
3476304|1|1|1|115.89969274|70|1|1|1|1|1|1|1
3476305|1|1|1|120.22551307|70|1|1|1|2|1|1|1
3476306|1|1|1|192.05722011|70|1|1|1|1|1|1|1
3476307|1|1|1|139.57100384|70|1|1|1|2|1|1|1
3476308|1|1|1|135.95013459|70|1|1|1|2|1|1|1
3476309|1|1|1|210.93284931|70|1|1|1|1|1|1|1
3476310|1|1|1|438.0652558|73|2|1|2|1|1|1|1
3476311|1|1|1|443.15400451|73|2|1|3|1|1|1|1
3476313|1|1|1|200.74054232|73|2|1|4|1|1|1|1
3476314|1|1|1|634.8554559|73|2|1|2|1|1|1|1
3476315|1|1|1|255.7237017|73|1|1|1|2|2|1|1
3476316|1|1|1|370.34614728|73|2|1|1|1|2|1|1
3476317|1|1|1|634.8554559|73|1|1|1|2|2|1|1
3476318|1|1|1|527.77598093|73|1|1|2|1|1|1|1
3476319|1|1|1|535.59277648|73|2|1|2|1|1|1|1
3476320|1|1|1|438.85903683|73|2|1|2|1|1|1|1
3476321|1|1|1|703.36834546|73|2|1|2|1|1|1|1
3476322|1|1|1|413.63105084|73|2|1|2|1|1|1|1
3476323|1|1|1|491.80128938|73|2|1|2|1|1|1|1
3476324|1|1|1|1333.1151859|76|1|1|3|1|1|1|1
3476325|1|1|1|3529.3727984|76|2|1|3|1|1|1|1
3476326|1|1|1|2225.1904934|76|1|1|3|2|1|1|1
3476327|1|1|1|2356.4299624|76|1|1|2|1|1|1|1
3476328|1|1|1|1795.2161408|76|2|1|2|1|1|1|1
3476329|1|1|1|2010.0537548|76|1|1|2|1|1|1|1
3476330|1|1|1|2339.4104132|76|2|1|2|1|1|1|1
3476331|1|1|1|3307.6376738|76|2|1|2|1|1|1|1
3476332|1|1|1|3612.5450899|76|2|1|2|1|1|1|1
3476333|1|1|1|1428.8554062|76|2|1|3|1|1|1|1
3476334|1|1|1|2944.4751195|76|2|1|3|1|1|1|1
3476335|1|1|1|1663.1872534|76|2|1|3|1|1|1|1
3476336|1|1|1|1663.1872534|76|2|1|3|1|1|1|1
3476337|1|1|1|2140.694688|76|2|1|2|2|1|1|1
3476338|1|1|1|1773.231075|76|2|1|2|2|1|1|1
3476339|1|1|1|1959.4868808|76|2|1|4|1|1|1|1
3476340|1|1|1|1133.5068652|76|2|1|4|1|1|1|1
3476341|1|1|1|883.82808632|76|1|1|1|2|1|1|1
3476342|1|1|1|1719.7126569|76|2|1|4|1|1|1|1
3476343|1|1|1|2647.7627265|76|2|1|2|1|1|1|1
3476344|1|1|1|2158.3999157|76|2|1|3|2|1|1|1
3476345|1|1|1|26.59644791|88|1|1|3|2|2|1|1
3476346|1|1|1|38.351960786|88|1|1|3|2|2|1|1
3476347|1|1|1|38.951398824|88|1|1|3|2|1|1|1
3476348|1|1|1|37.866750211|88|1|1|3|2|1|1|1
3476349|1|1|1|48.908374745|88|1|1|3|2|1|1|1
3476350|1|1|1|45.805652891|88|1|1|3|2|1|1|1
3476351|1|1|1|36.547539527|88|2|1|3|2|1|1|1
3476352|1|1|1|47.415913505|88|1|1|3|2|1|1|1
3476353|1|1|1|47.415913505|88|2|1|3|2|1|1|1
3476354|1|1|1|24.057866625|88|1|1|3|2|1|1|1
3476355|1|1|1|36.374288971|88|2|1|3|2|1|1|1
3476356|1|1|1|42.533410742|88|2|1|3|2|1|1|1
3476357|1|1|1|56.899096205|88|1|1|1|2|2|1|2
3476358|1|1|1|54.108414855|88|1|1|1|2|2|1|2
3476359|1|1|1|36.282410499|88|2|1|1|2|2|1|2
3476360|1|1|1|43.956577162|88|1|1|1|2|2|1|2
3476361|1|1|1|76.567225816|88|1|1|1|2|2|1|2
3476362|1|1|1|56.174411999|88|1|1|1|2|2|1|2
3476363|1|1|1|48.230781604|88|2|1|1|2|2|1|2
3476364|1|1|1|39.073091849|88|1|1|2|2|2|1|2
3476365|1|1|1|2906.1004113|05|2|1|3|1|1|1|1
3476366|1|1|1|3155.0887267|05|2|1|3|1|1|1|1
3476367|1|1|1|3553.9531086|05|2|1|3|1|1|1|1
3476369|1|1|1|2774.3996188|05|2|1|3|1|1|1|1
3476370|1|1|1|2495.7234564|05|2|1|6|1|1|1|1
3476371|1|1|1|768.98997479|05|2|1|2|1|1|1|1
3476372|1|1|1|7837.3742326|05|2|1|2|1|1|1|1
3476373|1|1|1|1374.3412419|08|2|1|1|2|1|1|1
3476374|1|1|1|11756.330848|11|2|1|2|1|1|1|1
3476375|1|1|1|659.69441676|13|2|1|3|1|1|1|1
3476376|1|1|1|685.83251231|13|2|1|2|1|1|1|1
3476377|1|1|1|91.043584476|15|1|1|3|1|1|1|1
3476378|1|1|1|416.84450807|17|1|1|4|1|1|1|1
3476379|1|1|1|78.924316244|18|2|1|1|1|1|1|1
3476380|1|1|1|357.08005766|20|2|1|2|1|1|1|1
3476381|1|1|1|348.24568418|20|2|1|2|1|1|1|1
3476382|1|1|1|240.62374262|41|2|1|2|1|1|1|1
3476383|1|1|1|581.73632461|50|1|1|3|1|1|1|1
3476384|1|1|1|359.65974872|52|2|1|1|2|1|1|1
3476385|1|1|1|132.35513328|63|2|1|1|1|1|1|1
3476387|1|1|1|203.06478616|63|2|1|5|1|1|1|1
3476389|1|1|1|425.87551069|68|2|1|4|1|1|1|1
3476390|1|1|1|847.30120643|68|2|1|2|1|1|1|1
3476391|1|1|1|206.3347452|70|2|1|1|1|1|1|1
3476392|1|1|1|216.91338803|70|2|1|2|1|1|1|1
3476393|1|1|1|149.33720619|70|1|1|1|1|2|1|1
3476394|1|1|1|440.01013789|73|2|1|4|1|1|1|1
3476395|1|1|1|38.868684308|88|1|1|1|2|1|1|2
3476396|1|1|1|52.960364928|88|2|1|1|2|2|1|2
3476397|1|1|1|855.28183736|76|2|1|3|1|1|1|1
3476398|1|1|1|1983.6938115|76|2|1|2|1|1|1|1
3476399|1|1|1|2697.7191241|76|2|1|2|1|1|1|1
3476401|1|1|1|6409.9744006|05|2|1|3|1|1|1|1
3476403|1|1|1|1785.3093117|05|2|1|3|1|1|1|1
3476404|1|1|1|2642.1067087|05|2|1|3|2|1|1|1
3476406|1|1|1|3835.1608369|05|2|1|3|1|1|1|1
3476407|1|1|1|3109.8656459|05|2|1|3|1|1|1|1
3476409|1|1|1|3048.8113362|05|2|1|3|2|1|1|1
3476411|1|1|1|3048.8113362|05|2|1|3|2|1|1|1
3476412|1|1|1|5144.2002289|05|2|1|3|2|1|1|1
3476413|1|1|1|2175.1842319|05|2|1|5|1|1|1|1
3476418|1|1|1|3688.6743119|05|2|1|5|1|1|1|1
3476419|1|1|1|1081.3457615|08|2|1|6|1|1|1|1
3476420|1|1|1|795.5786712|08|2|1|6|1|1|1|1
3476421|1|1|1|1370.4217015|08|2|1|6|1|1|1|1
3476422|1|1|1|810.48842008|08|2|1|6|1|1|1|1
3476423|1|1|1|4372.0164305|08|2|1|5|1|1|1|1
3476424|1|1|1|3916.4508262|08|2|1|5|1|1|1|1
3476425|1|1|1|1239.7173883|08|2|1|5|1|1|1|1
3476426|1|1|1|1093.0041076|08|2|1|5|1|1|1|1
3476427|1|1|1|3807.0228205|08|2|1|5|1|1|1|1
3476428|1|1|1|2238.349513|08|2|1|5|1|1|1|1
3476429|1|1|1|697.90576265|08|2|1|3|1|1|1|1
3476430|1|1|1|685.06708488|08|2|1|3|1|1|1|1
3476431|1|1|1|954.62837061|08|1|1|1|1|1|1|1
3476432|1|1|1|1812.3134149|08|2|1|5|1|1|1|1
3476433|1|1|1|760.27312766|08|2|1|2|1|1|1|1
3476434|1|1|1|1114.2853529|08|1|1|2|1|1|1|1
3476435|1|1|1|1353.7984912|08|2|1|2|1|1|1|1
3476436|1|1|1|1164.2639711|08|2|1|1|1|1|1|1
3476437|1|1|1|349.56349348|08|1|1|1|1|1|1|1
3476438|1|1|1|378.13718637|08|2|1|1|1|1|1|1
3476439|1|1|1|1245.2434319|08|1|1|1|1|1|1|1
3476440|1|1|1|909.05157504|08|1|1|1|2|1|1|1
3476441|1|1|1|947.16028001|08|2|1|1|1|1|1|1
3476442|1|1|1|655.43155028|08|2|1|1|1|1|1|1
3476443|1|1|1|655.43155028|08|1|1|1|1|1|1|1
3476444|1|1|1|3144.3695026|11|2|1|3|1|1|1|1
3476445|1|1|1|9620.8970939|11|2|1|1|1|1|1|1
3476446|1|1|1|9468.5177821|11|1|1|1|1|1|1|1
3476447|1|1|1|7545.7577813|11|2|1|3|1|1|1|1
3476448|1|1|1|9232.197268|11|2|1|3|1|1|1|1
3476449|1|1|1|4225.4872968|11|2|1|2|1|1|1|1
3476451|1|1|1|10806.427051|11|2|1|2|1|1|1|1
3476452|1|1|1|8399.0621922|11|2|1|3|1|1|1|1
3476453|1|1|1|6476.5072398|11|2|1|3|1|1|1|1
3476455|1|1|1|584.38843457|13|1|1|3|1|1|1|1
3476456|1|1|1|594.64516429|13|2|1|3|1|1|1|1
3476457|1|1|1|713.2436978|13|2|1|3|1|1|1|1
3476458|1|1|1|641.38255674|13|2|1|3|1|1|1|1
3476459|1|1|1|1005.0124479|13|2|1|3|1|1|1|1
3476460|1|1|1|443.03013388|13|2|1|3|1|1|1|1
3476461|1|1|1|641.38255674|13|2|1|3|1|1|1|1
3476462|1|1|1|512.92705638|13|2|1|3|1|1|1|1
3476463|1|1|1|641.38255674|13|2|1|3|1|1|1|1
3476464|1|1|1|529.34126942|13|1|1|3|1|1|1|1
3476465|1|1|1|657.46627042|13|2|1|3|1|1|1|1
3476466|1|1|1|564.90046903|13|2|1|1|1|1|1|1
3476467|1|1|1|823.76724778|13|2|1|1|1|1|1|1
3476468|1|1|1|493.09970282|13|2|1|4|1|1|1|1
3476469|1|1|1|619.63984042|13|2|1|4|1|1|1|1
3476470|1|1|1|552.61266043|13|2|1|4|1|1|1|1
3476471|1|1|1|466.1781935|13|2|1|4|1|1|1|1
3476472|1|1|1|621.54859168|13|2|1|1|1|1|1|1
3476473|1|1|1|529.34126942|13|1|1|2|1|1|1|1
3476474|1|1|1|644.55578031|13|2|1|2|1|1|1|1
3476475|1|1|1|755.71856197|13|1|1|2|1|1|1|1
3476476|1|1|1|733.95679865|13|2|1|2|1|1|1|1
3476477|1|1|1|459.44434692|13|2|1|2|1|1|1|1
3476478|1|1|1|992.48743126|13|2|1|2|1|1|1|1
3476479|1|1|1|641.38255674|13|2|1|2|1|1|1|1
3476480|1|1|1|677.24645749|13|2|1|2|1|1|1|1
3476481|1|1|1|733.95679865|13|2|1|2|1|1|1|1
3476482|1|1|1|1091.6182285|13|2|1|2|1|1|1|1
3476483|1|1|1|609.57553006|13|2|1|2|1|1|1|1
3476484|1|1|1|733.95679865|13|2|1|2|1|1|1|1
3476485|1|1|1|114.65425408|15|1|1|1|1|1|1|1
3476486|1|1|1|177.7359168|15|1|1|1|1|1|1|1
3476487|1|1|1|178.26961681|15|1|1|3|1|1|1|1
3476488|1|1|1|163.65418792|15|2|1|3|1|1|1|1
3476489|1|1|1|127.40314619|15|3|1|3|1|1|1|1
3476490|1|1|1|105.93082078|15|2|1|3|1|1|1|1
3476491|1|1|1|225.80818129|15|2|1|4|1|1|1|1
3476492|1|1|1|279.79729798|15|2|1|3|1|1|1|1
3476493|1|1|1|47.046801284|15|2|1|3|1|1|1|1
3476494|1|1|1|176.29909686|15|2|1|3|1|1|1|1
3476495|1|1|1|112.09763909|15|3|1|3|1|1|1|1
3476496|1|1|1|152.25888978|15|2|1|3|1|1|1|1
3476497|1|1|1|112.09763909|15|2|1|3|1|1|1|1
3476498|1|1|1|124.05410817|15|2|1|3|1|1|1|1
3476499|1|1|1|386.15952933|17|2|1|4|1|1|1|1
3476500|1|1|1|426.71208879|17|2|1|4|1|1|1|1
3476502|1|1|1|449.77511523|17|1|1|3|1|1|1|1
3476503|1|1|1|322.64109215|17|2|1|6|1|1|1|1
3476504|1|1|1|248.19386859|17|2|1|6|1|1|1|1
3476505|1|1|1|399.26835154|17|2|1|3|1|1|1|1
3476506|1|1|1|376.95438229|17|2|1|3|1|1|1|1
3476508|1|1|1|120.12479406|18|1|1|2|1|1|1|1
3476509|1|1|1|119.23444929|18|1|1|2|1|1|1|1
3476510|1|1|1|128.08119983|18|1|1|2|1|1|1|1
3476511|1|1|1|222.19394978|18|1|1|1|1|1|1|1
3476513|1|1|1|195.17545753|18|1|1|1|1|2|1|1
3476514|1|1|1|220.80453572|18|2|1|3|1|1|1|1
3476515|1|1|1|274.91804104|18|1|1|2|1|1|1|1
3476517|1|1|1|78.327985497|18|1|1|1|1|1|1|1
3476518|1|1|1|74.508188561|18|1|1|1|1|1|1|1
3476519|1|1|1|123.09390615|18|2|1|1|1|1|1|1
3476522|1|1|1|146.08487761|18|1|1|3|1|1|1|1
3476523|1|1|1|75.251298689|18|1|1|3|1|1|1|1
3476524|1|1|1|177.89055533|18|1|1|3|1|1|1|1
3476525|1|1|1|268.98404222|18|1|1|3|1|1|1|1
3476526|1|1|1|134.31088747|18|1|1|3|1|1|1|1
3476527|1|1|1|234.48110331|18|1|1|3|1|1|1|1
3476529|1|1|1|75.251298689|18|1|1|3|1|1|1|1
3476530|1|1|1|195.17545753|18|1|1|3|1|1|1|1
3476531|1|1|1|165.60340179|18|1|1|3|1|1|1|1
3476534|1|1|1|121.12833418|18|1|1|2|1|1|1|1
3476535|1|1|1|247.58860336|19|2|1|3|1|1|1|1
3476536|1|1|1|174.831099|19|2|1|3|1|1|1|1
3476537|1|1|1|250.7742509|19|2|1|1|1|1|1|1
3476538|1|1|1|216.91510932|19|1|1|4|1|1|1|1
3476539|1|1|1|411.40979317|19|1|1|1|1|1|1|1
3476540|1|1|1|385.04468232|19|2|1|1|1|1|1|1
3476541|1|1|1|356.23791814|19|1|1|1|1|1|1|1
3476542|1|1|1|329.87280729|19|1|1|1|1|1|1|1
3476543|1|1|1|370.49037172|19|1|1|1|1|1|1|1
3476544|1|1|1|335.47965266|19|1|1|1|1|1|1|1
3476545|1|1|1|385.18228956|19|1|1|1|1|1|1|1
3476546|1|1|1|189.2505029|19|2|1|3|1|1|1|1
3476547|1|1|1|559.36333686|20|1|1|2|1|1|1|1
3476548|1|1|1|167.04696892|20|2|1|2|1|1|1|1
3476549|1|1|1|167.04696892|20|1|1|2|1|1|1|1
3476550|1|1|1|416.724995|20|2|1|2|1|1|1|1
3476551|1|1|1|217.52771284|20|1|1|1|1|1|1|1
3476552|1|1|1|247.26397541|20|1|1|1|1|1|1|1
3476553|1|1|1|484.74597809|20|2|1|4|1|1|1|1
3476554|1|1|1|720.57626487|20|2|1|4|1|1|1|1
3476555|1|1|1|491.19854037|20|2|1|2|1|1|1|1
3476556|1|1|1|259.4963445|20|2|1|1|1|1|1|1
3476557|1|1|1|361.75912846|20|2|1|1|1|1|1|1
3476558|1|1|1|709.60534745|20|2|1|1|1|1|1|1
3476559|1|1|1|61.615202524|27|1|1|1|2|2|2|2
3476560|1|1|1|75.056441911|27|2|1|1|2|1|1|1
3476561|1|1|1|250.26486006|41|2|1|1|1|1|1|1
3476562|1|1|1|122.79643624|41|1|1|1|1|1|1|1
3476563|1|1|1|221.14984012|41|1|1|1|1|1|1|1
3476564|1|1|1|202.90891629|41|2|1|3|1|1|1|1
3476565|1|1|1|381.14839869|41|2|1|4|1|1|1|1
3476566|1|1|1|122.19798531|41|2|1|2|1|1|1|1
3476567|1|1|1|194.68272355|41|1|1|2|1|1|1|1
3476568|1|1|1|236.31792857|41|1|1|2|1|1|1|1
3476569|1|1|1|420.50635837|41|1|1|2|1|1|1|1
3476570|1|1|1|233.27234492|41|2|1|2|1|1|1|1
3476571|1|1|1|232.74244044|41|2|1|2|1|1|1|1
3476572|1|1|1|333.84639704|41|1|1|2|1|1|1|1
3476573|1|1|1|188.10986983|41|1|1|2|1|1|1|1
3476574|1|1|1|232.94263652|41|1|1|2|1|1|1|1
3476575|1|1|1|263.03007668|41|1|1|2|1|1|1|1
3476576|1|1|1|427.6659657|41|2|1|4|1|1|1|1
3476577|1|1|1|135.77553924|41|2|1|3|1|1|1|1
3476578|1|1|1|441.96894652|41|1|1|2|1|1|1|1
3476579|1|1|1|188.61038702|41|2|1|2|1|1|1|1
3476580|1|1|1|147.09989758|41|1|1|1|1|1|1|1
3476581|1|1|1|229.61488457|41|2|1|1|1|1|1|1
3476582|1|1|1|508.2642885|41|2|1|1|1|1|1|1
3476583|1|1|1|588.39959033|41|2|1|1|1|1|1|1
3476584|1|1|1|590.19273762|41|1|1|1|2|2|2|1
3476585|1|1|1|128.39225849|44|2|1|2|1|1|1|1
3476586|1|1|1|80.511885088|44|2|1|2|1|1|1|1
3476587|1|1|1|97.709281815|44|1|1|2|1|1|1|1
3476588|1|1|1|118.21784544|44|1|1|2|1|1|1|1
3476589|1|1|1|177.10911547|44|1|1|2|2|2|1|2
3476590|1|1|1|152.94084893|44|1|1|2|1|1|1|1
3476591|1|1|1|124.74560896|44|1|1|2|1|1|1|1
3476592|1|1|1|117.44523071|44|1|1|2|1|1|1|1
3476593|1|1|1|128.39225849|44|2|1|2|1|1|1|1
3476594|1|1|1|108.43451058|44|2|1|2|1|1|1|1
3476595|1|1|1|179.74916188|44|1|1|2|1|1|1|1
3476596|1|1|1|63.676944578|44|1|1|2|1|1|1|1
3476597|1|1|1|128.05756398|44|1|1|1|1|1|1|1
3476598|1|1|1|140.00835257|44|1|1|1|2|1|1|1
3476599|1|1|1|119.04684385|44|1|1|0|1|1|1|1
3476600|1|1|1|99.941223889|44|1|1|1|1|1|1|1
3476601|1|1|1|109.10357689|44|1|1|2|1|1|1|1
3476602|1|1|1|135.69263674|44|1|1|2|1|1|1|1
3476603|1|1|1|144.63214288|44|1|1|0|2|2|2|2
3476604|1|1|1|128.39225849|44|2|1|0|2|2|2|2
3476605|1|1|1|196.29358653|44|2|1|0|2|2|2|2
3476606|1|1|1|135.35794224|44|1|1|0|2|2|2|2
3476607|1|1|1|118.44899153|44|1|1|0|2|2|2|2
3476615|1|1|1|394.61051116|47|1|1|1|1|1|1|1
3476616|1|1|1|342.30214992|47|1|1|1|1|1|1|1
3476617|1|1|1|358.98421171|47|2|1|1|1|1|1|1
3476618|1|1|1|295.50614337|47|2|1|1|1|1|1|1
3476619|1|1|1|409.59623806|47|2|1|1|1|1|1|1
3476622|1|1|1|407.7514518|47|2|1|3|1|1|1|1
3476624|1|1|1|151.05775197|47|1|1|6|1|1|1|1
3476625|1|1|1|168.98586904|47|2|1|6|1|1|1|1
3476626|1|1|1|168.98586904|47|2|1|6|1|1|1|1
3476627|1|1|1|210.88797027|47|1|1|6|1|1|1|1
3476628|1|1|1|248.03447327|47|2|1|6|1|1|1|1
3476629|1|1|1|141.34173736|47|1|1|6|1|1|1|1
3476630|1|1|1|127.04982162|47|2|1|6|1|1|1|1
3476631|1|1|1|293.10706462|47|1|1|6|1|1|1|1
3476632|1|1|1|117.69777902|47|1|1|6|1|1|1|1
3476633|1|1|1|179.42460271|47|2|1|6|1|1|1|1
3476634|1|1|1|168.98586904|47|2|1|6|1|1|1|1
3476637|1|1|1|229.37389331|47|1|1|2|1|1|1|1
3476638|1|1|1|255.61530049|47|2|1|2|1|1|1|1
3476641|1|1|1|400.73772182|50|2|1|3|1|1|1|1
3476642|1|1|1|766.36442442|50|1|1|2|1|1|1|1
3476643|1|1|1|289.39255378|50|2|1|2|1|1|1|1
3476644|1|1|1|656.60426517|50|2|1|2|1|1|1|1
3476645|1|1|1|475.0138208|50|2|1|2|1|1|1|1
3476646|1|1|1|384.1466554|50|1|1|2|1|1|1|1
3476647|1|1|1|447.72944446|50|2|1|3|1|1|1|1
3476648|1|1|1|285.94973105|50|2|1|3|1|1|1|1
3476649|1|1|1|447.72944446|50|2|1|3|1|1|1|1
3476650|1|1|1|383.23329156|50|1|1|3|1|1|1|1
3476651|1|1|1|341.14165497|50|1|1|3|1|1|1|1
3476652|1|1|1|226.56480033|52|2|1|3|2|1|1|1
3476653|1|1|1|210.65552652|52|2|1|3|2|1|1|1
3476654|1|1|1|214.11164776|52|2|1|3|2|1|1|1
3476655|1|1|1|311.36930565|52|2|1|2|2|1|1|1
3476656|1|1|1|386.34598866|52|2|1|2|2|1|1|1
3476657|1|1|1|624.3862898|52|2|1|2|2|1|1|1
3476658|1|1|1|253.14557797|52|1|1|1|2|1|1|1
3476659|1|1|1|302.26934614|52|2|1|1|1|1|1|1
3476660|1|1|1|228.23520272|52|1|1|4|2|1|1|1
3476661|1|1|1|366.04332977|52|1|1|4|2|1|1|1
3476662|1|1|1|196.45933869|52|1|1|4|1|1|1|1
3476663|1|1|1|223.56681501|52|2|1|2|1|1|1|1
3476664|1|1|1|427.16672944|52|2|1|3|2|1|1|1
3476665|1|1|1|427.16672944|52|2|1|3|2|1|1|1
3476666|1|1|1|213.97786698|52|2|1|2|2|1|1|1
3476667|1|1|1|215.37854465|52|2|1|2|2|1|1|1
3476668|1|1|1|276.64131049|52|2|1|2|2|1|1|1
3476669|1|1|1|113.85662216|52|1|1|2|2|1|1|1
3476670|1|1|1|355.74193608|52|1|1|2|1|1|1|1
3476671|1|1|1|407.69318331|52|1|1|2|2|1|1|1
3476672|1|1|1|291.2092081|52|1|1|2|2|1|1|1
3476673|1|1|1|307.96328768|52|2|1|2|2|1|1|1
3476674|1|1|1|213.53040533|52|2|1|1|1|1|1|1
3476675|1|1|1|417.45569624|52|1|1|1|1|1|1|1
3476676|1|1|1|634.82720234|54|2|1|3|1|1|1|1
3476677|1|1|1|907.62713753|54|2|1|3|1|1|1|1
3476678|1|1|1|786.4491633|54|2|1|3|1|1|1|1
3476679|1|1|1|994.19272387|54|1|1|3|1|1|1|1
3476680|1|1|1|652.98543697|54|2|1|2|1|1|1|1
3476681|1|1|1|1310.7565312|54|2|1|2|1|1|1|1
3476682|1|1|1|766.15091315|54|1|1|2|1|1|1|1
3476683|1|1|1|1130.755797|54|1|1|2|1|1|1|1
3476684|1|1|1|670.90569398|54|2|1|2|2|1|1|1
3476685|1|1|1|342.21368734|54|1|1|2|1|1|1|1
3476686|1|1|1|570.40145044|54|1|1|2|1|1|1|1
3476687|1|1|1|535.63899967|54|1|1|2|1|1|1|1
3476688|1|1|1|872.3950356|54|2|1|2|1|1|1|1
3476689|1|1|1|754.01489443|54|2|1|2|1|1|1|1
3476690|1|1|1|572.05766912|54|1|1|2|1|1|1|1
3476691|1|1|1|442.71793088|54|2|1|2|1|1|1|1
3476692|1|1|1|681.24885345|54|2|1|2|1|1|1|2
3476693|1|1|1|619.77857879|54|2|1|2|2|1|1|1
3476694|1|1|1|1088.3410347|54|1|1|1|1|2|1|1
3476695|1|1|1|921.25900002|54|1|1|2|1|1|1|1
3476696|1|1|1|619.27049328|54|2|1|2|1|2|1|1
3476697|1|1|1|939.08815972|54|1|1|2|1|2|1|1
3476698|1|1|1|1097.5693831|54|1|1|2|1|2|1|1
3476699|1|1|1|954.8823582|54|1|1|2|1|2|1|1
3476700|1|1|1|908.46698581|54|1|1|2|2|2|1|1
3476701|1|1|1|793.10688131|54|1|1|2|1|2|1|1
3476702|1|1|1|1120.2780271|54|1|1|2|2|2|1|1
3476703|1|1|1|1097.5693831|54|2|1|2|1|2|1|1
3476704|1|1|1|708.14905331|54|1|1|3|1|1|1|1
3476716|1|1|1|316.7884177|66|2|1|5|1|1|1|1
3476717|1|1|1|616.55953472|66|2|1|6|1|1|1|1
3476718|1|1|1|449.59598898|66|1|1|6|1|1|1|1
3476719|1|1|1|582.46878914|66|2|1|6|1|1|1|1
3476723|1|1|1|506.18776616|66|1|1|3|1|1|1|1
3476724|1|1|1|376.3629583|66|1|1|3|1|1|1|1
3476725|1|1|1|463.16082841|66|1|1|3|1|1|1|1
3476726|1|1|1|568.35117604|66|1|1|3|1|1|1|1
3476727|1|1|1|270.59553982|66|1|1|5|1|1|1|1
3476728|1|1|1|377.76866258|66|1|1|5|1|1|1|1
3476729|1|1|1|582.80961535|66|2|1|2|1|1|1|1
3476730|1|1|1|593.79387937|66|2|1|2|1|1|1|1
3476731|1|1|1|792.22695517|66|1|1|3|1|1|1|1
3476732|1|1|1|935.53792616|66|2|1|2|1|1|1|1
3476733|1|1|1|596.52037546|66|1|1|2|1|1|1|1
3476734|1|1|1|756.91727097|66|2|1|2|1|1|1|1
3476735|1|1|1|596.52037546|66|1|1|2|1|1|1|1
3476736|1|1|1|710.66104611|66|2|1|3|1|1|1|1
3476738|1|1|1|81.886578132|70|2|1|1|1|1|1|1
3476739|1|1|1|118.89614106|70|2|1|1|1|1|1|1
3476740|1|1|1|93.32266651|70|1|1|1|1|1|1|1
3476741|1|1|1|106.78419866|70|1|1|1|1|1|1|1
3476742|1|1|1|140.12273161|70|1|1|1|1|1|1|1
3476743|1|1|1|133.24898744|70|1|1|1|1|1|1|1
3476744|1|1|1|124.13249057|70|2|1|1|1|1|1|1
3476745|1|1|1|98.872825159|70|2|1|1|1|1|1|1
3476746|1|1|1|99.83105591|70|1|1|1|1|1|1|1
3476747|1|1|1|138.71974751|70|1|1|1|1|1|1|1
3476748|1|1|1|121.6140165|70|1|1|1|1|1|1|1
3476749|1|1|1|98.428071805|70|1|1|1|1|1|1|1
3476751|1|1|1|145.83741711|70|1|1|2|1|1|1|1
3476752|1|1|1|168.30414297|70|1|1|2|1|1|1|1
3476753|1|1|1|142.29135855|70|1|1|2|1|1|1|1
3476754|1|1|1|194.7722477|70|1|1|2|1|1|1|1
3476755|1|1|1|196.42514357|70|1|1|2|1|1|1|1
3476756|1|1|1|128.96918675|70|2|1|2|1|1|1|1
3476757|1|1|1|128.96918675|70|1|1|2|1|1|1|1
3476758|1|1|1|173.60057961|70|1|1|2|1|1|1|1
3476759|1|1|1|488.18284139|73|2|1|4|1|1|1|1
3476760|1|1|1|320.54725014|73|2|1|4|1|1|1|1
3476761|1|1|1|467.93968921|73|2|1|3|1|1|1|1
3476762|1|1|1|341.46625067|73|1|1|3|1|1|1|1
3476763|1|1|1|591.83459001|73|2|1|3|1|1|1|1
3476764|1|1|1|327.68239903|73|2|1|3|1|1|1|1
3476765|1|1|1|622.10446247|73|1|1|2|1|1|1|1
3476766|1|1|1|532.79325453|73|1|1|2|1|1|1|1
3476767|1|1|1|404.36792843|73|2|1|2|1|1|1|1
3476768|1|1|1|577.44869883|73|2|1|2|1|1|1|1
3476769|1|1|1|347.6079475|73|2|1|3|1|1|1|1
3476770|1|1|1|256.0355955|73|2|1|3|1|1|1|1
3476771|1|1|1|1610.2117631|76|1|1|4|1|1|1|1
3476772|1|1|1|2748.1220093|76|1|1|3|1|1|1|1
3476773|1|1|1|1519.3077848|76|2|1|3|1|1|1|1
3476774|1|1|1|1753.0474439|76|2|1|2|1|1|1|1
3476775|1|1|1|2096.77532|76|2|1|3|1|1|1|1
3476776|1|1|1|1711.1760693|76|2|1|3|1|1|1|1
3476777|1|1|1|1262.8661528|76|2|1|2|1|1|1|1
3476778|1|1|1|1606.960157|76|2|1|1|1|1|1|1
3476779|1|1|1|3061.5410929|76|2|1|1|1|1|1|1
3476780|1|1|1|2164.093498|76|2|1|1|1|1|1|1
3476781|1|1|1|1054.3914012|76|2|1|4|1|1|1|1
3476782|1|1|1|3423.1547729|76|2|1|4|1|1|1|1
3476783|1|1|1|4007.0684214|76|1|1|3|1|1|1|1
3476784|1|1|1|34.990108273|88|1|1|1|2|2|1|2
3476785|1|1|1|36.79474888|88|1|1|1|2|2|1|2
3476786|1|1|1|28.226448241|88|2|1|1|2|2|1|2
3476787|1|1|1|28.226448241|88|2|1|1|2|2|1|2
3476788|1|1|1|21.197387151|88|1|1|1|2|2|1|2
3476789|1|1|1|28.803114428|88|2|1|2|2|1|1|2
3476790|1|1|1|29.691671503|88|2|1|2|2|1|1|2
3476791|1|1|1|31.984583447|88|2|1|1|2|2|1|1
3476792|1|1|1|45.227486727|88|2|1|2|2|1|1|2
3476793|1|1|1|39.335125522|88|2|1|2|2|2|1|2
3476794|1|1|1|32.481677064|88|1|1|2|2|2|1|2
3476795|1|1|1|37.282146005|88|2|1|2|2|2|1|2
3476796|1|1|1|32.481677064|88|1|1|2|2|1|1|1
3476797|1|1|1|45.227486727|88|2|1|3|2|1|1|1
3476798|1|1|1|36.547539527|88|2|1|3|2|2|1|2
3476799|1|1|1|40.192318004|88|1|1|4|2|1|1|1
3476800|1|1|1|32.560909874|88|2|1|4|2|1|1|1
3476801|1|1|1|50.208732583|88|2|1|4|2|1|1|1
3476802|1|1|1|32.560909874|88|2|1|3|2|1|1|1
3476803|1|1|1|47.415913505|88|2|1|3|2|1|1|1
3476804|1|1|1|6556.4632047|11|2|1|1|1|1|1|1
3476810|1|1|1|681.37554137|13|2|1|1|1|1|1|1
3476815|1|1|1|925.31725111|13|1|1|2|1|1|1|1
3476816|1|1|1|461.73906483|13|1|1|2|1|1|1|1
3476817|1|1|1|481.03691755|13|2|1|4|1|1|1|1
3476818|1|1|1|452.85074119|13|1|1|2|1|1|1|1
3476819|1|1|1|496.8433427|13|2|1|3|1|1|1|1
3476820|1|1|1|417.29998209|13|2|1|3|1|1|1|1
3476821|1|1|1|749.69592567|13|1|1|3|1|1|1|1
3476822|1|1|1|701.90535316|13|2|1|3|1|1|1|1
3476823|1|1|1|994.90663737|13|1|1|3|1|1|1|1
3476824|1|1|1|677.24645749|13|1|1|3|1|1|1|1
3476827|1|1|1|761.34243668|13|1|1|3|1|1|1|1
3476828|1|1|1|569.63739755|13|2|1|3|1|1|1|1
3476840|1|1|1|982.02759228|13|2|1|1|1|1|1|1
3476842|1|1|1|697.15998412|13|2|1|2|1|1|1|1
3476843|1|1|1|754.74883095|13|2|1|2|1|1|1|1
3476844|1|1|1|103.4650636|15|1|1|2|1|1|1|1
3476845|1|1|1|95.557344934|15|1|1|3|1|1|1|1
3476846|1|1|1|210.45054196|15|2|1|3|1|1|1|1
3476847|1|1|1|121.46172518|15|2|1|4|1|1|1|1
3476848|1|1|1|241.32959822|17|2|1|3|1|1|1|1
3476849|1|1|1|175.53322032|18|2|1|1|1|1|1|1
3476850|1|1|1|100.29391048|18|2|1|1|1|1|1|1
3476851|1|1|1|121.64611673|18|2|1|2|1|1|1|1
3476852|1|1|1|96.921407317|18|2|1|2|1|1|1|1
3476853|1|1|1|149.49278558|18|2|1|2|1|1|1|1
3476857|1|1|1|213.46866639|18|2|1|1|1|1|1|1
3476859|1|1|1|101.87911962|18|1|1|1|1|1|1|1
3476860|1|1|1|68.227844145|18|2|1|1|1|1|1|1
3476863|1|1|1|148.00704891|18|2|1|1|1|1|1|1
3476865|1|1|1|182.3082751|18|1|1|3|1|1|1|1
3476868|1|1|1|104.55665908|18|1|1|1|1|1|1|1
3476869|1|1|1|118.87640955|23|2|1|2|1|1|1|1
3476871|1|1|1|227.31731096|23|2|1|1|1|1|1|1
3476872|1|1|1|257.53891323|23|2|1|1|1|1|1|1
3476879|1|1|1|228.99043623|23|2|1|2|1|1|1|1
3476881|1|1|1|250.20931096|23|2|1|1|1|1|1|1
3476883|1|1|1|341.10429685|23|2|1|1|1|1|1|1
3476885|1|1|1|301.66297322|23|2|1|3|1|1|1|1
3476887|1|1|1|180.42583962|23|2|1|1|2|2|1|1
3476888|1|1|1|285.67536682|23|2|1|1|1|1|1|1
3476890|1|1|1|237.17772741|23|2|1|1|1|1|1|1
3476891|1|1|1|279.46549937|23|2|1|1|1|1|1|1
3476892|1|1|1|197.53318627|23|2|1|1|1|1|1|1
3476894|1|1|1|285.28595342|23|2|1|1|1|2|1|1
3476895|1|1|1|109.88869828|27|2|1|2|2|2|1|1
3476896|1|1|1|98.206938058|27|1|1|2|2|1|1|1
3476897|1|1|1|121.48685426|27|1|1|1|2|1|1|1
3476898|1|1|1|80.980603621|27|2|1|2|2|1|1|1
3476899|1|1|1|179.52441535|27|1|1|1|2|1|1|1
3476900|1|1|1|120.10006444|27|2|1|2|2|1|1|1
3476905|1|1|1|176.3523088|41|1|1|2|1|1|1|1
3476923|1|1|1|185.68125326|44|1|1|2|1|1|1|1
3476924|1|1|1|297.84217091|47|1|1|6|1|1|1|1
3476925|1|1|1|399.88061067|47|1|1|6|1|1|1|1
3476926|1|1|1|269.56606864|47|1|1|6|1|1|1|1
3476927|1|1|1|306.45624136|47|1|1|6|1|1|1|1
3476929|1|1|1|259.51401317|47|1|1|6|1|1|1|1
3476932|1|1|1|335.47882355|47|1|1|6|1|1|1|1
3476933|1|1|1|242.03360314|47|2|1|6|1|1|1|1
3476934|1|1|1|567.78925355|47|1|1|2|1|1|1|1
3476946|1|1|1|190.16227151|63|2|1|2|1|1|1|1
3476947|1|1|1|215.15147141|63|2|1|4|1|1|1|1
3476950|1|1|1|790.36681358|68|2|1|1|1|1|1|1
3476962|1|1|1|183.32734647|70|1|1|2|1|1|1|1
3476963|1|1|1|80.92834738|70|1|1|1|1|1|1|1
3476964|1|1|1|184.55263463|70|2|1|1|1|1|1|1
3476965|1|1|1|142.29135855|70|2|1|2|1|1|1|1
3476966|1|1|1|185.38654717|70|1|1|5|1|1|1|1
3476967|1|1|1|184.55263463|70|1|1|5|1|1|1|1
3476969|1|1|1|1252.9335072|76|2|1|4|1|1|1|1
3476990|1|1|1|1353.3138428|76|2|1|4|1|1|1|1
3476993|1|1|1|2001.4955757|76|2|1|4|1|1|1|1
3476994|1|1|1|2691.2491951|76|2|1|1|1|1|1|1
3477001|1|1|1|20.83898232|88|2|1|3|2|1|1|2
3477002|1|1|1|41.726003884|88|2|1|3|2|1|1|1
3477003|1|1|1|43.039369776|88|2|1|3|2|1|1|1
3477004|1|1|1|21.17092263|88|2|1|3|2|1|1|1
3477005|1|1|1|35.369239843|88|2|1|3|2|1|1|1
3477006|1|1|1|36.957130551|88|2|1|3|2|1|1|1
3477007|1|1|1|33.322740186|88|2|1|3|2|1|1|1
3477008|1|1|1|45.522584208|88|2|1|2|2|1|1|1
3477010|1|1|1|3791.0595405|05|2|1|2|1|1|1|1
3477011|1|1|1|4473.9826298|05|2|1|5|1|1|1|1
3477012|1|1|1|2785.1920845|05|2|1|2|1|1|1|1
3477018|1|1|1|1084.074949|08|1|1|4|1|1|1|1
3477019|1|1|1|2875.4037826|08|2|1|4|1|1|1|1
3477020|1|1|1|1064.132301|08|1|1|4|1|1|1|1
3477021|1|1|1|1064.132301|08|1|1|4|1|1|1|1
3477024|1|1|1|1372.9298341|08|2|1|1|1|1|1|1
3477026|1|1|1|1180.0602933|08|2|1|3|1|1|1|1
3477028|1|1|1|1813.5149719|08|1|1|1|1|1|1|1
3477029|1|1|1|2574.6692773|08|2|1|1|1|1|1|1
3477032|1|1|1|615.93187448|08|1|1|3|1|1|1|1
3477038|1|1|1|2249.9597987|08|2|1|1|1|1|1|1
3477039|1|1|1|702.47172217|08|5|1|1|1|1|1|1
3477040|1|1|1|1771.0489167|08|1|1|1|1|1|1|1
3477041|1|1|1|683.37103294|17|2|1|3|1|1|1|1
3477042|1|1|1|418.82715325|17|2|1|3|1|1|1|1
3477043|1|1|1|275.80525511|17|2|1|3|1|1|1|1
3477044|1|1|1|924.81081932|17|2|1|3|1|1|1|1
3477045|1|1|1|676.21736573|17|2|1|3|1|1|1|1
3477046|1|1|1|506.66904884|17|2|1|3|1|1|1|1
3477047|1|1|1|686.40768045|17|1|1|3|1|1|1|1
3477048|1|1|1|878.06153175|17|2|1|3|1|1|1|1
3477049|1|1|1|439.37019715|17|2|1|2|1|1|1|1
3477050|1|1|1|281.2106734|17|2|1|2|1|1|1|1
3477051|1|1|1|652.49540579|20|2|1|2|1|1|1|1
3477052|1|1|1|77.565833842|27|2|1|2|2|1|1|1
3477053|1|1|1|235.95435233|52|2|1|1|2|1|1|1
3477054|1|1|1|276.64131049|52|2|1|2|2|1|1|1
3477055|1|1|1|207.37200194|52|2|1|2|2|1|1|1
3477056|1|1|1|170.59405243|52|2|1|2|2|1|1|1
3477057|1|1|1|236.8331672|52|2|1|1|2|1|1|1
3477058|1|1|1|247.29381535|52|2|1|1|2|1|1|1
3477059|1|1|1|271.10095863|52|2|1|3|2|1|1|1
3477060|1|1|1|271.10095863|52|2|1|3|2|1|1|1
3477061|1|1|1|581.85848552|52|2|1|3|2|1|1|1
3477062|1|1|1|572.69138904|52|2|1|2|1|1|1|1
3477063|1|1|1|258.47811906|52|2|1|2|2|1|1|1
3477064|1|1|1|234.88680604|52|2|1|1|1|1|1|1
3477065|1|1|1|259.38476907|52|2|1|1|2|1|1|1
3477066|1|1|1|1399.1332562|54|2|1|2|2|1|1|1
3477067|1|1|1|607.12820771|66|1|1|2|1|1|1|1
3477068|1|1|1|378.39931435|66|2|1|4|1|1|1|1
3477077|1|1|1|403.08183683|73|2|1|3|1|1|1|1
3477079|1|1|1|443.15791026|73|2|1|3|1|1|1|1
3477080|1|1|1|265.36158925|73|2|1|4|1|1|1|1
3477082|1|1|1|557.14162458|73|1|1|3|1|1|1|1
3477091|1|1|1|275.22096214|73|2|1|2|1|1|1|1
3477095|1|1|1|413.4911266|73|2|1|3|1|1|1|1
3477099|1|1|1|527.16257237|73|1|1|2|1|1|1|1
3477100|1|1|1|474.82227556|73|1|1|1|1|1|1|1
3477101|1|1|1|2391.7466816|05|2|1|5|1|1|1|1
3477147|1|1|1|3117.5753061|05|2|1|3|1|1|1|1
3477148|1|1|1|253.15787935|18|2|1|2|1|1|1|1
3477149|1|1|1|254.78032807|63|1|1|5|1|1|1|1
3477150|1|1|1|239.23082515|63|1|1|3|1|1|1|1
3477151|1|1|1|545.89043287|66|1|1|4|1|1|1|1
3477191|1|1|1|309.78421768|20|2|1|2|1|1|1|1
3477196|1|1|1|384.1466554|50|1|1|2|1|1|1|1
3477197|1|1|1|475.54079314|50|1|1|3|1|1|1|1
3477198|1|1|1|283.70653694|52|2|1|3|2|1|1|1
3477199|1|1|1|240.43996578|52|2|1|3|2|1|1|1
3477201|1|1|1|322.00189502|52|1|1|2|2|1|1|1
3477209|1|1|1|313.91637543|52|1|1|4|1|1|1|1
3477217|1|1|1|305.05264952|52|2|1|2|1|1|1|1
3477234|1|1|1|385.47238687|52|2|1|1|2|1|1|1
3477243|1|1|1|282.7070882|17|2|1|3|1|1|1|1
3477244|1|1|1|506.87503592|17|2|1|3|1|1|1|1
3477248|1|1|1|357.49162211|17|2|1|2|1|1|1|1
3477251|1|1|1|472.82280438|17|2|1|3|1|1|1|1
3477296|1|1|1|225.80620217|23|2|1|2|1|1|1|1
3477331|1|1|1|120.35809346|44|1|1|3|1|1|1|1
3477333|1|1|1|115.47485867|44|1|1|1|1|1|1|1
3477335|1|1|1|130.85393804|44|2|1|2|1|1|1|1
3477336|1|1|1|247.49750039|44|1|1|2|1|1|1|1
3477346|1|1|1|91.190865365|44|2|1|1|1|1|1|1
3477351|1|1|1|124.07654265|44|1|1|2|1|1|1|1
3477353|1|1|1|47.870942326|44|1|1|1|1|1|1|2
3477354|1|1|1|102.16057135|44|2|1|1|1|1|1|1
3477355|1|1|1|83.174147997|44|2|1|2|1|1|1|1
3477366|1|1|1|559.66180557|50|2|1|2|1|1|1|1
3477369|1|1|1|633.39343025|50|2|1|2|1|1|1|1
3477374|1|1|1|249.46500448|50|1|1|2|1|1|1|1
3477399|1|1|1|152.69191624|15|2|1|4|1|1|1|1
3477400|1|1|1|319.14492906|15|2|1|4|1|1|1|1
3477459|1|1|1|6994.0888394|11|2|1|4|1|1|1|1
3477460|1|1|1|316.84850445|47|2|1|4|1|1|1|1
3477461|1|1|1|6994.0888394|11|2|1|3|1|1|1|1
3477464|1|1|1|1372.9298341|08|1|1|1|1|1|1|1
3477465|1|1|1|796.69600283|13|2|1|3|1|1|1|1
3477466|1|1|1|117.55248913|27|2|1|3|2|2|1|1
3477467|1|1|1|325.4293463|41|1|1|3|1|1|1|1
3477468|1|1|1|158.40479578|41|1|1|2|1|1|1|1
3477469|1|1|1|116.88333527|70|1|1|1|1|1|1|1
3477470|1|1|1|88.839720886|70|1|1|1|1|1|1|1
3477471|1|1|1|343.38950191|73|1|1|1|1|2|1|1
3477472|1|1|1|3129.3991225|05|2|1|2|1|1|1|1
3477473|1|1|1|1507.4929808|05|2|1|2|1|1|1|1
3477474|1|1|1|1341.5561649|05|2|1|2|1|1|1|1
3477475|1|1|1|1525.8895819|05|2|1|2|1|1|1|1
3477476|1|1|1|1341.5561649|05|2|1|2|1|1|1|1
3477477|1|1|1|2112.4931207|05|2|1|2|1|1|1|1
3477478|1|1|1|2112.4931207|05|2|1|2|1|1|1|1
3477479|1|1|1|2303.7522894|05|2|1|2|1|1|1|1
3477480|1|1|1|2396.3207939|05|2|1|2|1|1|1|1
3477481|1|1|1|2303.7522894|05|2|1|2|1|1|1|1
3477482|1|1|1|2670.3067682|05|2|1|3|1|1|1|1
3477483|1|1|1|5772.9168968|05|2|1|3|1|1|1|1
3477484|1|1|1|2670.3067682|05|2|1|3|1|1|1|1
3477485|1|1|1|6664.4854994|05|2|1|3|1|1|1|1
3477486|1|1|1|5660.3210644|05|2|1|3|1|1|1|1
3477487|1|1|1|5109.0368264|05|2|1|3|1|1|1|1
3477488|1|1|1|2930.3523791|05|2|1|3|1|1|1|1
3477490|1|1|1|5847.5748313|05|2|1|3|1|1|1|1
3477491|1|1|1|3668.890384|05|2|1|3|1|1|1|1
3477493|1|1|1|4282.1086872|05|2|1|2|1|1|1|1
3477494|1|1|1|4208.7455205|05|2|1|2|1|1|1|1
3477495|1|1|1|2993.5844081|05|2|1|2|1|1|1|1
3477496|1|1|1|3654.9127672|05|2|1|2|1|1|1|1
3477497|1|1|1|3072.8427497|05|2|1|2|1|1|1|1
3477498|1|1|1|1980.7220534|05|2|1|2|1|1|1|1
3477499|1|1|1|1980.7220534|05|2|1|2|1|1|1|1
3477500|1|1|1|3514.3841321|05|2|1|2|1|1|1|1
3477501|1|1|1|2814.5737919|05|2|1|2|1|1|1|1
3477502|1|1|1|2721.4296805|05|2|1|2|1|1|1|1
3477504|1|1|1|1741.4430986|05|2|1|2|1|1|1|1
3477505|1|1|1|7210.8643861|05|2|1|1|1|1|1|1
3477506|1|1|1|2838.6626309|05|2|1|1|1|1|1|1
3477507|1|1|1|3277.3826951|05|2|1|1|1|1|1|1
3477508|1|1|1|2050.4141256|05|2|1|1|1|1|1|1
3477509|1|1|1|3983.1894295|05|2|1|1|1|1|1|1
3477510|1|1|1|3666.0059123|05|2|1|1|1|1|1|1
3477511|1|1|1|6136.6421008|05|2|1|1|1|1|1|1
3477512|1|1|1|3865.683792|05|2|1|1|1|1|1|1
3477513|1|1|1|4432.7754744|05|2|1|1|1|1|1|1
3477514|1|1|1|3320.4601614|05|2|1|1|1|1|1|1
3477515|1|1|1|2136.748162|05|2|1|3|1|1|1|1
3477516|1|1|1|2875.5849527|05|2|1|3|1|1|1|1
3477517|1|1|1|1609.8673978|05|2|1|3|1|1|1|1
3477518|1|1|1|1831.0674982|05|2|1|3|1|1|1|1
3477519|1|1|1|2764.5027473|05|2|1|3|1|1|1|1
3477520|1|1|1|2534.9917448|05|2|1|3|1|1|1|1
3477521|1|1|1|3757.8261896|05|2|1|3|1|1|1|1
3477522|1|1|1|2534.9917448|05|2|1|3|1|1|1|1
3477523|1|1|1|3525.4154594|05|2|1|3|1|1|1|1
3477524|1|1|1|3757.8261896|05|2|1|3|1|1|1|1
3477525|1|1|1|3273.8285356|05|2|1|3|1|1|1|1
3477526|1|1|1|2515.810549|05|2|1|3|1|1|1|1
3477527|1|1|1|4458.5170293|05|2|1|2|1|1|1|1
3477528|1|1|1|2374.1646244|05|2|1|2|1|1|1|1
3477529|1|1|1|3917.1282882|05|2|1|2|1|1|1|1
3477530|1|1|1|2151.1141835|05|2|1|2|1|1|1|1
3477531|1|1|1|3134.9902364|05|2|1|2|1|1|1|1
3477533|1|1|1|3134.9902364|05|2|1|2|1|1|1|1
3477534|1|1|1|5223.9657239|05|2|1|2|1|1|1|1
3477536|1|1|1|4535.6760137|05|2|1|2|1|1|1|1
3477538|1|1|1|2096.5087909|05|2|1|2|1|1|1|1
3477539|1|1|1|2112.4931207|05|1|1|2|1|1|1|1
3477540|1|1|1|1509.905252|05|2|1|2|1|1|1|1
3477541|1|1|1|3553.5435418|05|2|1|2|1|1|1|1
3477542|1|1|1|2112.4931207|05|2|1|2|1|1|1|1
3477543|1|1|1|2515.8244991|05|2|1|2|1|1|1|1
3477544|1|1|1|1525.8895819|05|2|1|2|1|1|1|1
3477545|1|1|1|3389.8161813|05|2|1|2|1|1|1|1
3477546|1|1|1|2096.5087909|05|2|1|2|1|1|1|1
3477547|1|1|1|3553.5435418|05|2|1|1|1|1|1|1
3477548|1|1|1|2096.5087909|05|2|1|2|2|1|1|1
3477550|1|1|1|3241.2076807|05|2|1|1|1|1|1|1
3477552|1|1|1|3586.752189|05|2|1|1|1|1|1|1
3477553|1|1|1|3653.8762787|05|2|1|1|1|1|1|1
3477554|1|1|1|2032.6861329|05|2|1|1|1|1|1|1
3477555|1|1|1|5062.8983105|05|1|1|1|1|1|1|1
3477557|1|1|1|3200.7869554|05|2|1|1|1|1|1|1
3477559|1|1|1|5015.4504047|05|2|1|3|1|1|1|1
3477560|1|1|1|7526.9553897|05|2|1|3|1|1|1|1
3477561|1|1|1|6157.4356247|05|2|1|3|1|1|1|1
3477562|1|1|1|8015.5696802|05|2|1|3|1|1|1|1
3477563|1|1|1|6018.8570414|05|2|1|3|1|1|1|1
3477564|1|1|1|4938.2295662|05|2|1|3|1|1|1|1
3477565|1|1|1|4933.8556287|05|2|1|3|1|1|1|1
3477566|1|1|1|3823.7711744|05|2|1|3|1|1|1|1
3477567|1|1|1|5644.2320631|05|2|1|3|1|1|1|1
3477568|1|1|1|5668.289647|05|2|1|3|1|1|1|1
3477569|1|1|1|1493.3120012|05|2|1|2|1|1|1|1
3477570|1|1|1|1945.0801995|05|2|1|2|1|1|1|1
3477571|1|1|1|1172.2266071|05|2|1|2|1|1|1|1
3477572|1|1|1|1484.5627617|05|2|1|2|1|1|1|1
3477573|1|1|1|1978.0783822|05|2|1|2|1|1|1|1
3477574|1|1|1|1491.9893301|05|2|1|2|1|1|1|1
3477575|1|1|1|1623.9948055|05|2|1|2|1|1|1|1
3477577|1|1|1|1828.9996025|05|2|1|2|1|1|1|1
3477579|1|1|1|3134.4702799|08|2|1|5|1|1|1|1
3477580|1|1|1|1766.0208665|08|2|1|5|1|1|1|1
3477581|1|1|1|1133.1241716|08|2|1|5|1|1|1|1
3477582|1|1|1|1133.1241716|08|2|1|5|1|1|1|1
3477585|1|1|1|977.57790899|08|2|1|3|1|1|1|1
3477586|1|1|1|676.04879032|08|2|1|3|1|1|1|1
3477587|1|1|1|1603.5678767|08|1|1|3|1|1|1|1
3477588|1|1|1|893.23084405|08|2|1|3|1|1|1|1
3477589|1|1|1|977.57790899|08|2|1|3|1|1|1|1
3477590|1|1|1|1124.6742758|08|2|1|3|1|1|1|1
3477592|1|1|1|1336.8547617|08|2|1|3|1|1|1|1
3477593|1|1|1|1066.897342|08|1|1|3|1|1|1|1
3477594|1|1|1|1169.7261528|08|2|1|3|1|1|1|1
3477595|1|1|1|1174.3828201|08|2|1|3|1|1|1|1
3477596|1|1|1|2671.8535311|08|2|1|3|1|1|1|1
3477597|1|1|1|761.52622358|08|2|1|3|1|1|1|1
3477598|1|1|1|1015.7526508|08|2|1|3|1|1|1|1
3477599|1|1|1|960.35604752|08|1|1|2|1|1|1|1
3477600|1|1|1|794.33574342|08|1|1|2|1|1|1|1
3477601|1|1|1|1448.949694|08|2|1|2|1|1|1|1
3477602|1|1|1|1121.0174094|08|2|1|2|1|1|1|1
3477603|1|1|1|1632.3591822|08|1|1|2|1|1|1|1
3477604|1|1|1|2127.4383389|08|1|1|1|1|1|1|1
3477605|1|1|1|1299.6956192|08|2|1|1|1|1|1|1
3477606|1|1|1|1315.1389116|08|1|1|1|1|1|1|1
3477607|1|1|1|2127.4383389|08|1|1|1|1|1|1|1
3477608|1|1|1|1549.7905711|08|2|1|1|1|1|1|1
3477609|1|1|1|531.85958473|08|1|1|1|1|1|1|1
3477610|1|1|1|1044.1131318|08|1|1|1|1|1|1|1
3477611|1|1|1|1513.9591531|08|2|1|1|1|1|1|1
3477612|1|1|1|3050.9790644|08|2|1|1|1|1|1|1
3477613|1|1|1|845.44952169|08|1|1|1|1|1|1|1
3477614|1|1|1|1421.4540525|08|2|1|1|1|1|1|1
3477615|1|1|1|1490.5177022|08|1|1|1|1|1|1|1
3477616|1|1|1|2731.3268201|08|1|1|1|1|1|1|1
3477617|1|1|1|1728.9391511|08|1|1|1|1|1|1|1
3477618|1|1|1|1728.9391511|08|2|1|1|1|1|1|1
3477619|1|1|1|1537.0166058|08|2|1|1|1|1|1|1
3477620|1|1|1|954.55072302|08|1|1|1|1|1|1|1
3477621|1|1|1|1981.4706484|08|2|1|1|1|1|1|1
3477622|1|1|1|1317.8943275|08|1|1|1|1|1|1|1
3477623|1|1|1|1315.1626784|08|2|1|3|1|1|1|1
3477624|1|1|1|2316.9216297|08|2|1|3|1|1|1|1
3477625|1|1|1|985.63403481|08|1|1|3|1|1|1|1
3477626|1|1|1|2056.3276434|08|2|1|3|1|1|1|1
3477627|1|1|1|745.98487208|08|1|1|3|1|1|1|1
3477628|1|1|1|1113.3431641|08|1|1|2|1|1|1|1
3477629|1|1|1|1109.6109186|08|1|1|2|1|1|1|1
3477630|1|1|1|1189.4934923|08|1|1|2|1|1|1|1
3477631|1|1|1|610.35125898|08|1|1|2|1|1|1|1
3477632|1|1|1|882.57817489|08|1|1|2|1|1|1|1
3477633|1|1|1|1641.0691362|08|1|1|2|1|1|1|1
3477634|1|1|1|1364.1490253|08|2|1|2|1|1|1|1
3477635|1|1|1|1027.2385014|08|2|1|2|1|1|1|1
3477636|1|1|1|1867.2776448|08|1|1|1|1|1|1|1
3477637|1|1|1|998.02237444|08|1|1|1|1|1|1|1
3477638|1|1|1|690.18726053|08|1|1|1|1|1|1|1
3477639|1|1|1|1321.0972839|08|1|1|1|1|1|1|1
3477640|1|1|1|690.18726053|08|1|1|1|1|1|1|1
3477641|1|1|1|1258.9722019|08|1|1|1|1|1|1|1
3477642|1|1|1|1336.6893684|08|1|1|1|1|1|1|1
3477643|1|1|1|690.18726053|08|1|1|1|1|1|1|1
3477644|1|1|1|1633.5066926|08|2|1|1|1|1|1|1
3477645|1|1|1|1008.7129926|08|2|1|2|1|1|1|1
3477646|1|1|1|970.57583512|08|2|1|1|1|1|1|1
3477647|1|1|1|1282.3753031|08|2|1|2|1|1|1|1
3477648|1|1|1|1764.4946712|08|1|1|2|1|1|1|1
3477649|1|1|1|1817.8754007|08|2|1|2|1|1|1|1
3477651|1|1|1|1633.5066926|08|1|1|1|1|1|1|1
3477652|1|1|1|3677.2499804|08|2|1|1|1|1|1|1
3477653|1|1|1|3101.832228|08|1|1|2|1|1|1|1
3477654|1|1|1|668.61890864|08|1|1|1|1|1|1|1
3477655|1|1|1|668.61890864|08|1|1|2|1|1|1|1
3477656|1|1|1|1329.4708875|08|1|1|1|1|1|1|1
3477657|1|1|1|1622.7178069|08|1|1|2|1|1|1|1
3477658|1|1|1|966.83417524|08|1|1|2|1|1|1|1
3477659|1|1|1|1993.4860916|08|1|1|2|1|1|1|1
3477660|1|1|1|1035.670721|08|2|1|2|1|1|1|1
3477661|1|1|1|1429.832715|08|2|1|2|1|1|1|1
3477662|1|1|1|1543.9833895|08|2|1|2|1|1|1|1
3477663|1|1|1|2554.8811432|08|2|1|2|1|1|1|1
3477664|1|1|1|1518.0972113|08|2|1|2|1|1|1|1
3477665|1|1|1|1106.2270641|08|2|1|2|1|1|1|1
3477666|1|1|1|2032.4294004|08|2|1|2|1|1|1|1
3477667|1|1|1|1909.1635932|08|1|1|1|1|1|1|1
3477668|1|1|1|1909.1635932|08|2|1|1|1|1|1|1
3477669|1|1|1|694.18171313|08|2|1|1|1|1|1|1
3477670|1|1|1|1197.9647692|08|1|1|1|1|1|1|1
3477671|1|1|1|614.69802891|08|1|1|1|1|2|1|1
3477672|1|1|1|812.17102531|08|1|1|1|1|1|1|1
3477673|1|1|1|9521.4153129|11|1|1|3|1|1|1|1
3477675|1|1|1|8387.0686703|11|2|1|3|1|1|1|1
3477676|1|1|1|8700.9874237|11|1|1|3|1|1|1|1
3477677|1|1|1|19402.256446|11|2|1|3|1|1|1|1
3477678|1|1|1|9404.6976411|11|2|1|3|1|1|1|1
3477679|1|1|1|4882.0108416|11|2|1|3|1|1|1|1
3477680|1|1|1|2831.2320599|11|2|1|3|1|1|1|1
3477681|1|1|1|8340.5048328|11|2|1|3|1|1|1|1
3477682|1|1|1|7792.5734275|11|1|1|3|2|1|1|1
3477683|1|1|1|6141.4307939|11|2|1|3|1|1|1|1
3477684|1|1|1|2757.3682858|11|2|1|3|1|1|1|1
3477685|1|1|1|9350.0620527|11|2|1|3|1|1|1|1
3477686|1|1|1|3439.4598414|11|2|1|3|1|1|1|1
3477687|1|1|1|4730.6405621|11|2|1|2|1|1|1|1
3477688|1|1|1|10267.436817|11|1|1|2|1|1|1|1
3477689|1|1|1|8535.1557074|11|2|1|2|1|1|1|1
3477690|1|1|1|4436.135495|11|2|1|2|1|1|1|1
3477691|1|1|1|2566.8592042|11|2|1|2|1|1|1|1
3477692|1|1|1|2566.8592042|11|2|1|2|1|1|1|1
3477693|1|1|1|2566.8592042|11|2|1|2|1|1|1|1
3477694|1|1|1|5144.6932754|11|2|1|2|1|1|1|1
3477695|1|1|1|8779.1481825|11|2|1|3|1|1|1|1
3477696|1|1|1|7679.0779957|11|1|1|3|1|1|1|1
3477697|1|1|1|4166.689854|11|2|1|3|1|1|1|1
3477698|1|1|1|7201.0185553|11|2|1|3|1|1|1|1
3477699|1|1|1|4166.689854|11|2|1|3|1|1|1|1
3477700|1|1|1|5553.4929377|11|2|1|2|1|1|1|1
3477701|1|1|1|9909.5431431|11|2|1|2|1|1|1|1
3477702|1|1|1|11032.573084|11|1|1|2|1|1|1|1
3477703|1|1|1|5652.8338859|11|2|1|2|1|1|1|1
3477704|1|1|1|6097.6031142|11|2|1|2|1|1|1|1
3477705|1|1|1|8551.6865549|11|2|1|2|1|1|1|1
3477706|1|1|1|6459.1528934|11|2|1|2|1|1|1|1
3477707|1|1|1|3067.2439598|11|2|1|3|1|1|1|1
3477708|1|1|1|6227.5816844|11|2|1|3|1|1|1|1
3477709|1|1|1|9019.0285691|11|2|1|3|1|1|1|1
3477710|1|1|1|8488.4027098|11|2|1|3|1|1|1|1
3477711|1|1|1|7119.7170359|11|2|1|3|1|1|1|1
3477712|1|1|1|5364.6818621|11|1|1|2|1|1|1|1
3477713|1|1|1|2940.5665522|11|1|1|2|1|1|1|1
3477714|1|1|1|2863.8503598|11|1|1|2|1|1|1|1
3477715|1|1|1|5693.2618016|11|1|1|2|1|1|1|1
3477716|1|1|1|2863.8503598|11|1|1|2|1|1|1|1
3477717|1|1|1|4949.405956|11|1|1|2|1|1|1|1
3477718|1|1|1|4703.6465075|11|1|1|2|1|1|1|1
3477720|1|1|1|6113.9758929|11|2|1|3|1|1|1|1
3477721|1|1|1|10267.436817|11|2|1|3|1|1|1|1
3477722|1|1|1|5408.330859|11|1|1|3|2|1|1|1
3477723|1|1|1|4952.9858545|11|2|1|3|1|1|1|1
3477724|1|1|1|2566.8592042|11|2|1|3|1|1|1|1
3477725|1|1|1|4730.6405621|11|2|1|3|2|1|1|1
3477726|1|1|1|5809.9925142|11|1|1|2|1|1|1|1
3477727|1|1|1|5971.8518409|11|1|1|2|1|1|1|1
3477728|1|1|1|5581.4268269|11|1|1|2|1|1|1|1
3477729|1|1|1|8735.8800425|11|1|1|2|1|1|1|1
3477730|1|1|1|5394.7272075|11|1|1|2|1|1|1|1
3477731|1|1|1|6719.2891153|11|1|1|2|1|1|1|1
3477733|1|1|1|8232.4233219|11|2|1|2|2|1|1|1
3477734|1|1|1|8367.6487488|11|2|1|3|1|1|1|1
3477735|1|1|1|4411.7892572|11|1|1|3|1|1|1|1
3477736|1|1|1|13446.288217|11|1|1|3|1|1|1|1
3477737|1|1|1|11775.327436|11|1|1|3|1|1|1|1
3477738|1|1|1|9295.5686638|11|2|1|3|1|1|1|1
3477739|1|1|1|8096.5980315|11|1|1|3|1|1|1|1
3477740|1|1|1|5503.1357463|11|1|1|3|1|1|1|1
3477741|1|1|1|10345.655937|11|1|1|3|1|1|1|1
3477742|1|1|1|9180.8757392|11|1|1|3|2|1|1|1
3477743|1|1|1|3751.1170189|11|2|1|3|1|1|1|1
3477744|1|1|1|5197.1816992|11|2|1|3|1|1|1|1
3477745|1|1|1|6730.2130062|11|2|1|3|1|1|1|1
3477746|1|1|1|5669.4100179|11|2|1|3|1|1|1|1
3477747|1|1|1|5444.8140152|11|2|1|3|1|1|1|1
3477748|1|1|1|5542.2109136|11|2|1|3|1|1|1|1
3477749|1|1|1|3087.7763526|11|2|1|3|1|1|1|1
3477750|1|1|1|5197.1816992|11|2|1|3|1|1|1|1
3477751|1|1|1|6092.7574334|11|1|1|3|1|1|1|1
3477752|1|1|1|9583.242685|11|1|1|3|1|1|1|1
3477753|1|1|1|9710.2241373|11|1|1|3|1|1|1|1
3477754|1|1|1|10291.522449|11|1|1|3|1|1|1|1
3477755|1|1|1|8283.3330972|11|1|1|3|1|1|1|1
3477756|1|1|1|2814.0626225|11|2|1|2|1|1|1|1
3477757|1|1|1|6374.1042266|11|2|1|3|1|1|1|1
3477758|1|1|1|8873.2166629|11|2|1|3|1|1|1|1
3477759|1|1|1|6730.7012692|11|2|1|3|1|1|1|1
3477760|1|1|1|5948.3623922|11|2|1|3|1|1|1|1
3477761|1|1|1|5935.4277275|11|2|1|3|1|1|1|1
3477762|1|1|1|5666.9790468|11|2|1|3|1|1|1|1
3477763|1|1|1|5935.4277275|11|2|1|3|1|1|1|1
3477764|1|1|1|743.63578074|13|2|1|2|1|1|1|1
3477765|1|1|1|867.88758672|13|2|1|2|1|1|1|1
3477766|1|1|1|692.78452579|13|2|1|2|1|1|1|1
3477767|1|1|1|702.97050386|13|2|1|2|1|1|1|1
3477768|1|1|1|1076.1707414|13|2|1|2|1|1|1|1
3477769|1|1|1|393.7921957|13|2|1|2|2|2|2|1
3477770|1|1|1|898.30949981|13|1|1|2|1|1|1|1
3477771|1|1|1|828.46386657|13|2|1|2|1|1|1|1
3477772|1|1|1|429.57473146|13|2|1|2|1|1|1|1
3477773|1|1|1|1244.7858837|13|1|1|1|2|2|1|1
3477774|1|1|1|640.65084709|13|1|1|1|2|2|1|1
3477775|1|1|1|483.65719823|13|2|1|1|2|2|1|1
3477776|1|1|1|498.44562329|13|1|1|1|2|2|1|1
3477777|1|1|1|824.07450556|13|1|1|1|2|2|1|1
3477778|1|1|1|814.24777642|13|1|1|1|2|2|1|1
3477779|1|1|1|875.44180394|13|1|1|1|2|2|1|1
3477780|1|1|1|1034.1226272|13|1|1|1|2|2|1|1
3477781|1|1|1|866.96162502|13|1|1|1|2|2|1|1
3477782|1|1|1|511.19334344|13|2|1|1|1|1|1|1
3477783|1|1|1|469.8106212|13|2|1|1|1|1|1|1
3477784|1|1|1|396.97734469|13|2|1|1|1|1|1|1
3477785|1|1|1|303.97994054|13|1|1|1|1|2|1|1
3477786|1|1|1|565.66448176|13|1|1|1|1|1|1|1
3477787|1|1|1|892.65690887|13|1|1|1|1|2|1|1
3477788|1|1|1|669.94831255|13|2|1|1|1|1|1|1
3477789|1|1|1|912.84298136|13|2|1|1|1|1|1|1
3477790|1|1|1|669.94831255|13|1|1|1|1|1|1|1
3477791|1|1|1|639.41043536|13|1|1|1|1|1|1|1
3477792|1|1|1|846.77706512|13|2|1|1|1|1|1|1
3477793|1|1|1|758.31235188|13|2|1|1|2|2|2|2
3477794|1|1|1|446.40410849|13|2|1|1|1|1|1|1
3477795|1|1|1|600.19381096|13|2|1|1|1|1|1|1
3477796|1|1|1|689.93168149|13|1|1|1|1|1|1|1
3477797|1|1|1|1231.5625484|13|1|1|1|1|1|1|1
3477798|1|1|1|938.99434563|13|2|1|1|1|1|1|1
3477799|1|1|1|1171.4685606|13|1|1|1|1|1|1|1
3477800|1|1|1|796.80180092|13|2|1|1|1|1|1|1
3477801|1|1|1|938.99434563|13|1|1|1|1|1|1|1
3477802|1|1|1|903.84759852|13|2|1|1|1|1|1|1
3477803|1|1|1|582.97372297|13|1|1|1|1|1|1|1
3477804|1|1|1|604.78896883|13|2|1|1|1|1|1|1
3477805|1|1|1|344.3084882|13|2|1|3|1|1|1|1
3477806|1|1|1|800.29050604|13|2|1|3|1|1|1|1
3477807|1|1|1|691.19011053|13|2|1|3|1|1|1|1
3477808|1|1|1|669.12838166|13|2|1|3|1|1|1|1
3477809|1|1|1|464.66543435|13|2|1|3|1|1|1|1
3477810|1|1|1|344.3084882|13|2|1|3|1|1|1|1
3477811|1|1|1|591.42962678|13|2|1|3|1|1|1|1
3477812|1|1|1|1052.1409376|13|2|1|3|1|1|1|1
3477813|1|1|1|477.97404866|13|1|1|3|1|1|1|1
3477814|1|1|1|440.51233049|13|1|1|3|1|1|1|1
3477815|1|1|1|651.06216468|13|2|1|3|1|1|1|1
3477816|1|1|1|884.31675906|13|2|1|3|1|1|1|1
3477817|1|1|1|1052.1409376|13|2|1|3|1|1|1|1
3477818|1|1|1|897.54827241|13|2|1|3|1|1|1|1
3477819|1|1|1|1034.819419|13|2|1|3|1|1|1|1
3477820|1|1|1|937.66363677|13|2|1|3|1|1|1|1
3477821|1|1|1|787.71462778|13|2|1|3|1|1|1|1
3477822|1|1|1|755.66687815|13|2|1|2|1|1|1|1
3477823|1|1|1|555.23073415|13|2|1|2|1|1|1|1
3477824|1|1|1|641.23573503|13|2|1|2|1|1|1|1
3477825|1|1|1|668.51256936|13|2|1|2|1|1|1|1
3477826|1|1|1|431.98620685|13|2|1|2|1|1|1|1
3477827|1|1|1|791.75709666|13|2|1|2|1|1|1|1
3477828|1|1|1|955.69462465|13|2|1|2|1|1|1|1
3477829|1|1|1|641.23573503|13|2|1|2|1|1|1|1
3477830|1|1|1|755.25848065|13|2|1|2|1|1|1|1
3477831|1|1|1|642.39965194|13|1|1|2|1|1|1|1
3477833|1|1|1|450.91853107|13|2|1|2|1|1|1|1
3477834|1|1|1|547.94215423|13|1|1|1|1|1|1|1
3477835|1|1|1|841.42986987|13|2|1|2|1|1|1|1
3477836|1|1|1|889.65032019|13|1|1|1|1|1|1|1
3477837|1|1|1|830.53664009|13|2|1|1|1|1|1|1
3477838|1|1|1|550.40509233|13|1|1|1|1|1|1|1
3477839|1|1|1|683.94355229|13|2|1|2|1|1|1|1
3477840|1|1|1|615.92950808|13|2|1|3|1|1|1|1
3477841|1|1|1|629.38114245|13|2|1|3|1|1|1|1
3477842|1|1|1|615.92950808|13|2|1|3|1|1|1|1
3477843|1|1|1|551.58196071|13|2|1|3|1|1|1|1
3477844|1|1|1|638.32047424|13|2|1|3|1|1|1|1
3477845|1|1|1|615.92950808|13|1|1|3|1|1|1|1
3477846|1|1|1|481.74872237|13|1|1|3|1|1|1|1
3477847|1|1|1|604.23251461|13|2|1|3|1|1|1|1
3477848|1|1|1|579.57845281|13|1|1|3|1|1|1|1
3477849|1|1|1|765.36540375|13|2|1|3|1|1|1|1
3477850|1|1|1|579.57845281|13|2|1|3|1|1|1|1
3477851|1|1|1|459.57137129|13|2|1|3|1|1|1|1
3477852|1|1|1|412.17264975|13|2|1|3|1|1|1|1
3477853|1|1|1|536.14013651|13|2|1|3|1|1|1|1
3477854|1|1|1|687.32033899|13|2|1|3|1|1|1|1
3477855|1|1|1|643.40597702|13|2|1|3|1|1|1|1
3477856|1|1|1|520.17697501|13|2|1|1|1|1|1|1
3477857|1|1|1|422.48831033|13|2|1|1|1|2|1|1
3477858|1|1|1|654.40877585|13|1|1|1|1|1|1|1
3477859|1|1|1|299.06737397|13|2|1|1|1|2|1|1
3477860|1|1|1|632.66698803|13|1|1|1|1|2|1|1
3477861|1|1|1|850.07857753|13|2|1|1|1|1|1|1
3477862|1|1|1|396.75603865|13|1|1|1|1|2|1|1
3477863|1|1|1|497.5080651|13|2|1|1|1|1|1|1
3477864|1|1|1|586.23733053|13|2|1|1|1|1|1|1
3477865|1|1|1|488.92632069|13|2|1|1|1|2|1|1
3477866|1|1|1|652.67534089|13|1|1|2|1|1|1|1
3477867|1|1|1|548.88626424|13|2|1|1|1|1|1|1
3477868|1|1|1|264.46204726|13|2|1|2|1|1|1|1
3477869|1|1|1|462.81639417|13|1|1|1|1|1|1|1
3477870|1|1|1|550.99735404|13|1|1|2|1|1|1|1
3477871|1|1|1|488.92632069|13|2|1|1|1|1|1|1
3477872|1|1|1|686.53393181|13|1|1|2|1|1|1|1
3477873|1|1|1|270.94127576|13|2|1|1|1|1|1|1
3477874|1|1|1|324.79964565|13|1|1|2|1|1|1|1
3477875|1|1|1|471.77579342|13|2|1|1|1|1|1|1
3477876|1|1|1|652.67534089|13|1|1|2|1|1|1|1
3477877|1|1|1|337.70524436|15|1|1|3|1|1|1|1
3477878|1|1|1|345.30249494|15|1|1|3|1|1|1|1
3477879|1|1|1|241.08922793|15|1|1|3|1|1|1|1
3477880|1|1|1|181.87949501|15|1|1|3|1|1|1|1
3477881|1|1|1|233.1395513|15|1|1|3|1|1|1|1
3477882|1|1|1|133.4244439|15|1|1|3|1|1|1|1
3477883|1|1|1|133.4244439|15|1|1|2|1|1|1|1
3477884|1|1|1|133.4244439|15|1|1|3|1|1|1|1
3477885|1|1|1|311.03421278|15|1|1|3|1|1|1|1
3477886|1|1|1|181.87949501|15|1|1|3|1|1|1|1
3477887|1|1|1|376.75973134|15|1|1|1|1|1|1|1
3477888|1|1|1|133.4244439|15|1|1|1|1|1|1|1
3477889|1|1|1|282.01536181|15|1|1|1|1|1|1|1
3477890|1|1|1|372.5324722|15|1|1|1|1|1|1|1
3477891|1|1|1|133.4244439|15|1|1|1|1|1|1|1
3477892|1|1|1|281.45641613|15|1|1|1|1|1|1|1
3477893|1|1|1|137.95295193|15|1|1|1|1|1|1|1
3477894|1|1|1|181.57341575|15|1|1|1|1|1|1|1
3477895|1|1|1|156.60427446|15|2|1|3|1|1|1|1
3477896|1|1|1|347.54278584|15|2|1|3|1|1|1|1
3477897|1|1|1|89.839125559|15|2|1|3|1|1|1|1
3477898|1|1|1|359.35650224|15|2|1|3|1|1|1|1
3477899|1|1|1|250.46217453|15|2|1|3|1|1|1|1
3477900|1|1|1|274.58539267|15|2|1|2|1|1|1|1
3477901|1|1|1|204.66311937|15|2|1|3|1|1|1|1
3477902|1|1|1|273.91250794|15|2|1|2|1|1|1|1
3477903|1|1|1|163.84576069|15|2|1|3|1|1|1|1
3477904|1|1|1|227.7303265|15|2|1|3|1|1|1|1
3477905|1|1|1|196.81701849|15|2|1|3|1|1|1|1
3477906|1|1|1|227.7303265|15|2|1|3|1|1|1|1
3477907|1|1|1|140.58205496|15|2|1|3|1|1|1|1
3477908|1|1|1|230.28075945|15|2|1|3|1|1|1|1
3477909|1|1|1|80.647663868|15|2|1|3|1|1|1|1
3477910|1|1|1|256.77549792|15|2|1|3|1|1|1|1
3477911|1|1|1|204.67093296|15|2|1|3|1|1|1|1
3477912|1|1|1|357.49279165|15|2|1|3|1|1|1|1
3477913|1|1|1|331.54856358|15|2|1|3|1|1|1|1
3477914|1|1|1|138.59735114|15|2|1|3|1|1|1|1
3477915|1|1|1|312.48665204|15|2|1|3|1|1|1|1
3477916|1|1|1|312.48665204|15|2|1|3|1|1|1|1
3477917|1|1|1|282.33056374|15|2|1|3|1|1|1|1
3477918|1|1|1|308.74377461|15|1|1|2|1|1|1|1
3477919|1|1|1|286.33739582|15|1|1|2|1|1|1|1
3477920|1|1|1|252.86451905|15|1|1|2|1|1|1|1
3477921|1|1|1|163.93621598|15|1|1|2|1|1|1|1
3477922|1|1|1|187.10348815|15|1|1|2|1|1|1|1
3477923|1|1|1|101.40257736|15|2|1|2|1|1|1|1
3477924|1|1|1|308.74377461|15|1|1|2|1|1|1|1
3477925|1|1|1|115.49779262|15|3|1|3|1|1|1|1
3477926|1|1|1|235.27546978|15|1|1|3|1|1|1|1
3477927|1|1|1|378.51194497|15|1|1|3|1|1|1|1
3477928|1|1|1|281.88152224|15|2|1|3|1|1|1|1
3477929|1|1|1|158.50836993|15|3|1|3|1|1|1|1
3477930|1|1|1|97.844592193|15|3|1|3|1|1|1|1
3477931|1|1|1|160.02519644|15|2|1|4|1|1|1|1
3477932|1|1|1|282.05828315|15|2|1|4|1|1|1|1
3477933|1|1|1|253.56384483|15|2|1|4|1|1|1|1
3477934|1|1|1|134.65464367|15|2|1|4|1|1|1|1
3477935|1|1|1|253.56384483|15|2|1|4|1|1|1|1
3477936|1|1|1|143.80369823|15|2|1|3|1|1|1|1
3477937|1|1|1|143.80369823|15|2|1|3|1|1|1|1
3477938|1|1|1|88.949629267|15|2|1|3|1|1|1|1
3477939|1|1|1|207.35614185|15|2|1|3|1|1|1|1
3477940|1|1|1|198.31232346|15|2|1|3|1|1|1|1
3477941|1|1|1|88.949629267|15|2|1|3|1|1|1|1
3477942|1|1|1|194.52689237|15|2|1|3|1|1|1|1
3477943|1|1|1|406.24180869|15|2|1|3|1|1|1|1
3477944|1|1|1|133.4244439|15|2|1|3|1|1|1|1
3477945|1|1|1|311.03421278|15|2|1|3|1|1|1|1
3477946|1|1|1|216.14777718|15|2|1|3|1|1|1|1
3477947|1|1|1|232.58060563|15|2|1|3|1|1|1|1
3477948|1|1|1|109.34163914|15|2|1|3|1|1|1|1
3477949|1|1|1|98.832921407|15|1|1|3|1|1|1|1
3477950|1|1|1|201.20540723|15|2|1|3|1|1|1|1
3477951|1|1|1|158.49937569|15|2|1|5|1|1|1|1
3477952|1|1|1|146.99933596|15|2|1|5|1|1|1|1
3477953|1|1|1|412.29017168|17|1|1|4|1|1|1|1
3477954|1|1|1|458.23609427|17|1|1|4|1|1|1|1
3477955|1|1|1|337.39658964|17|1|1|4|1|1|1|1
3477956|1|1|1|395.29916801|17|1|1|4|1|1|1|1
3477957|1|1|1|288.91534461|17|1|1|4|1|1|1|1
3477958|1|1|1|363.23623842|17|2|1|4|1|1|1|1
3477959|1|1|1|333.64404674|17|1|1|4|1|1|1|1
3477960|1|1|1|203.98247027|17|1|1|4|1|1|1|1
3477961|1|1|1|333.64404674|17|2|1|4|1|1|1|1
3477962|1|1|1|291.30047191|17|2|1|4|1|1|1|1
3477963|1|1|1|508.36976806|17|2|1|4|1|1|1|1
3477964|1|1|1|526.28826666|17|1|1|4|1|1|1|1
3477965|1|1|1|573.76151602|17|2|1|4|1|1|1|1
3477966|1|1|1|354.11640118|17|2|1|4|1|1|1|1
3477967|1|1|1|573.76151602|17|1|1|4|1|1|1|1
3477968|1|1|1|498.43588651|17|2|1|4|1|1|1|1
3477969|1|1|1|566.02677898|17|2|1|4|1|1|1|1
3477970|1|1|1|355.32554477|17|2|1|4|1|1|1|1
3477971|1|1|1|459.40179979|17|2|1|2|1|1|1|1
3477972|1|1|1|163.34801479|17|2|1|2|1|1|1|1
3477973|1|1|1|249.48328939|17|2|1|2|1|1|1|1
3477974|1|1|1|279.78559623|17|2|1|2|1|1|1|1
3477975|1|1|1|288.0150775|17|2|1|2|1|1|1|1
3477976|1|1|1|434.01998691|17|2|1|2|2|1|1|1
3477977|1|1|1|621.08095427|17|2|1|2|2|1|1|1
3477978|1|1|1|367.85541716|17|2|1|2|2|1|1|1
3477979|1|1|1|253.96785647|17|2|1|2|1|1|1|1
3477980|1|1|1|281.6006381|17|2|1|2|1|1|1|1
3477981|1|1|1|448.17857025|17|2|1|1|1|1|1|1
3477982|1|1|1|532.72071|17|2|1|1|1|1|1|1
3477983|1|1|1|397.63600491|17|2|1|1|1|1|1|1
3477984|1|1|1|352.8445704|17|2|1|1|1|1|1|1
3477985|1|1|1|487.92927549|17|2|1|1|1|1|1|1
3477986|1|1|1|448.17857025|17|1|1|1|1|1|1|1
3477987|1|1|1|468.51119622|17|2|1|1|1|1|1|1
3477988|1|1|1|553.05333597|17|2|1|1|1|1|1|1
3477989|1|1|1|630.83291887|17|2|1|1|1|1|1|1
3477990|1|1|1|630.83291887|17|2|1|1|1|1|1|1
3477991|1|1|1|675.62435337|17|2|1|2|2|1|1|1
3477992|1|1|1|796.94748411|17|1|1|2|1|1|1|1
3477993|1|1|1|448.17857025|17|1|1|2|1|1|1|1
3477994|1|1|1|606.00025627|17|1|1|2|1|1|1|1
3477995|1|1|1|466.73236318|17|2|1|2|1|1|1|1
3477996|1|1|1|553.82261868|17|1|1|2|1|1|1|1
3477997|1|1|1|937.91691169|17|1|1|2|1|1|1|1
3477998|1|1|1|274.00630335|17|1|1|2|1|1|1|1
3477999|1|1|1|277.84319653|17|2|1|2|1|1|1|1
3478000|1|1|1|675.62435337|17|1|1|2|1|1|1|1
3478001|1|1|1|320.62570472|17|2|1|2|1|1|1|1
3478002|1|1|1|338.99300311|17|1|1|3|1|1|1|1
3478003|1|1|1|549.59442592|17|2|1|3|1|1|1|1
3478004|1|1|1|364.57602926|17|2|1|3|1|1|1|1
3478005|1|1|1|520.49006754|17|2|1|3|1|1|1|1
3478006|1|1|1|335.90096613|17|2|1|3|1|1|1|1
3478007|1|1|1|335.90096613|17|2|1|3|1|1|1|1
3478008|1|1|1|513.15831669|17|2|1|3|1|1|1|1
3478009|1|1|1|558.37318903|17|2|1|3|1|1|1|1
3478010|1|1|1|182.6708689|17|1|1|3|1|1|1|1
3478011|1|1|1|338.84126764|17|2|1|3|1|1|1|1
3478012|1|1|1|459.27154918|17|2|1|3|2|1|1|1
3478013|1|1|1|298.7857135|17|2|1|3|1|1|1|1
3478014|1|1|1|182.6708689|17|2|1|3|1|1|1|1
3478015|1|1|1|311.09057438|17|2|1|3|1|1|1|1
3478016|1|1|1|386.92670846|17|2|1|3|1|1|1|1
3478017|1|1|1|414.95252498|17|2|1|2|1|1|1|1
3478018|1|1|1|342.06517325|17|1|1|2|1|1|1|1
3478019|1|1|1|235.95880093|17|2|1|2|1|1|1|1
3478020|1|1|1|404.20835148|17|2|1|2|1|1|1|1
3478021|1|1|1|484.99310635|17|2|1|2|1|1|1|1
3478022|1|1|1|404.20835148|17|1|1|2|1|1|1|1
3478023|1|1|1|261.55390636|17|2|1|2|2|1|1|1
3478025|1|1|1|281.95610393|17|1|1|3|1|1|1|1
3478026|1|1|1|338.62380863|17|1|1|3|1|1|1|1
3478027|1|1|1|368.65767481|17|2|1|3|1|1|1|1
3478028|1|1|1|418.44375634|17|2|1|3|1|1|1|1
3478029|1|1|1|338.62380863|17|2|1|3|1|1|1|1
3478030|1|1|1|355.86840937|17|3|1|3|1|1|1|1
3478031|1|1|1|338.62380863|17|2|1|3|1|1|1|1
3478032|1|1|1|447.8963867|17|3|1|3|1|1|1|1
3478033|1|1|1|355.86840937|17|3|1|3|1|1|1|1
3478034|1|1|1|355.86840937|17|3|1|3|1|1|1|1
3478035|1|1|1|447.8963867|17|3|1|3|1|1|1|1
3478036|1|1|1|355.86840937|17|3|1|3|1|1|1|1
3478037|1|1|1|447.8963867|17|2|1|3|1|1|1|1
3478038|1|1|1|447.8963867|17|2|1|3|1|1|1|1
3478039|1|1|1|266.07432481|17|1|1|3|1|1|1|1
3478040|1|1|1|195.36574813|17|2|1|3|1|1|1|1
3478041|1|1|1|266.07432481|17|1|1|3|1|1|1|1
3478042|1|1|1|362.38935168|17|2|1|3|1|1|1|1
3478043|1|1|1|362.38935168|17|2|1|3|1|1|1|1
3478044|1|1|1|552.52344392|17|2|1|3|1|1|1|1
3478045|1|1|1|362.38935168|17|2|1|3|1|1|1|1
3478046|1|1|1|403.89149472|17|2|1|3|1|1|1|1
3478047|1|1|1|449.78215331|17|2|1|3|1|1|1|1
3478048|1|1|1|658.15913311|17|1|1|2|1|1|1|1
3478049|1|1|1|449.24299795|17|1|1|2|1|1|1|1
3478050|1|1|1|504.47467161|17|2|1|2|1|1|1|1
3478051|1|1|1|429.41175422|17|2|1|2|1|1|1|1
3478052|1|1|1|431.27137776|17|2|1|2|1|1|1|1
3478053|1|1|1|829.00686441|17|2|1|2|1|1|1|1
3478054|1|1|1|311.87258411|17|2|1|2|1|1|1|1
3478055|1|1|1|588.73857526|17|2|1|2|1|1|1|1
3478056|1|1|1|676.97997543|17|1|1|2|1|1|1|1
3478057|1|1|1|120.54024497|18|2|1|1|1|1|1|1
3478058|1|1|1|81.46206265|18|2|1|1|1|1|1|1
3478059|1|1|1|65.890528815|18|1|1|1|2|1|1|1
3478060|1|1|1|107.3427334|18|2|1|1|1|1|1|1
3478061|1|1|1|77.556375288|18|2|1|1|1|1|1|1
3478062|1|1|1|62.222966168|18|2|1|2|1|1|1|1
3478063|1|1|1|138.15960376|18|2|1|2|1|1|1|1
3478064|1|1|1|81.46206265|18|2|1|2|1|1|1|1
3478065|1|1|1|102.38456966|18|1|1|2|1|1|1|1
3478066|1|1|1|69.796216177|18|1|1|2|1|1|1|1
3478067|1|1|1|48.979800826|18|1|1|2|1|1|1|1
3478068|1|1|1|93.138421961|18|2|1|2|1|1|1|1
3478069|1|1|1|122.30408257|18|2|1|2|1|1|1|1
3478070|1|1|1|46.23896759|18|1|1|2|1|1|1|1
3478071|1|1|1|85.963626335|18|1|1|1|1|1|1|1
3478072|1|1|1|64.840507926|18|1|1|1|1|1|1|1
3478073|1|1|1|58.420169699|18|1|1|1|1|1|1|1
3478074|1|1|1|132.56280405|18|1|1|1|1|1|1|1
3478075|1|1|1|106.29155459|18|1|1|1|1|1|1|1
3478076|1|1|1|156.93050678|18|1|1|1|1|1|1|1
3478077|1|1|1|101.23921071|18|1|1|1|1|1|1|1
3478078|1|1|1|123.25995726|18|1|1|1|1|1|1|1
3478079|1|1|1|92.825351491|18|1|1|1|1|1|1|1
3478080|1|1|1|58.849595114|18|1|1|1|1|1|1|1
3478081|1|1|1|85.005440319|18|1|1|1|1|1|1|1
3478082|1|1|1|158.60558549|18|2|1|2|1|1|1|1
3478083|1|1|1|157.22074816|18|2|1|1|1|1|1|1
3478084|1|1|1|95.52396257|18|2|1|1|1|1|1|1
3478085|1|1|1|156.59023667|18|2|1|2|1|1|1|1
3478086|1|1|1|271.56693165|18|1|1|2|1|1|1|1
3478087|1|1|1|151.52431088|18|2|1|1|1|1|1|1
3478088|1|1|1|128.0653302|18|1|1|1|1|1|1|1
3478089|1|1|1|122.6069944|18|2|1|1|1|1|1|1
3478090|1|1|1|236.96064313|18|2|1|1|1|1|1|1
3478091|1|1|1|95.023482923|18|1|1|1|1|1|1|1
3478092|1|1|1|73.819551585|18|1|1|1|1|1|1|1
3478093|1|1|1|140.81940692|18|2|1|1|1|1|1|1
3478094|1|1|1|60.039704197|18|1|1|1|1|1|1|1
3478095|1|1|1|130.96231405|18|1|1|1|1|1|1|1
3478096|1|1|1|90.43142229|18|1|1|1|1|1|1|1
3478097|1|1|1|85.313226898|18|1|1|1|1|1|1|1
3478098|1|1|1|151.45117436|18|1|1|1|1|1|1|1
3478099|1|1|1|226.62564832|18|1|1|1|1|1|1|1
3478100|1|1|1|89.000062919|18|1|1|1|1|1|1|1
3478101|1|1|1|95.52396257|18|1|1|1|1|1|1|1
3478102|1|1|1|81.872323905|18|1|1|1|1|1|1|1
3478103|1|1|1|144.9272747|18|1|1|1|1|1|1|1
3478104|1|1|1|70.464117422|18|1|1|1|1|1|1|1
3478105|1|1|1|70.464117422|18|2|1|1|1|1|1|1
3478106|1|1|1|229.24250693|18|1|1|1|1|1|1|1
3478107|1|1|1|164.24728084|18|2|1|1|1|1|1|1
3478108|1|1|1|196.81761594|18|1|1|1|1|1|1|1
3478109|1|1|1|76.917001736|18|1|1|1|1|1|1|1
3478110|1|1|1|107.18692454|18|2|1|2|1|1|1|1
3478111|1|1|1|156.59023667|18|2|1|2|1|1|1|1
3478112|1|1|1|91.837126549|18|1|1|2|1|1|1|1
3478113|1|1|1|98.218469082|18|2|1|2|1|1|1|1
3478114|1|1|1|156.59023667|18|2|1|2|1|1|1|1
3478115|1|1|1|190.64375082|18|2|1|2|1|1|1|1
3478116|1|1|1|225.44946664|18|1|1|2|1|1|1|1
3478117|1|1|1|81.872323905|18|1|1|2|1|1|1|1
3478118|1|1|1|86.698064231|18|1|1|2|1|1|1|1
3478119|1|1|1|86.698064231|18|1|1|1|1|1|1|1
3478120|1|1|1|159.85718937|18|1|1|1|1|1|1|1
3478121|1|1|1|299.84283876|18|2|1|1|1|1|1|1
3478122|1|1|1|185.5046885|18|1|1|1|1|1|1|1
3478123|1|1|1|91.837126549|18|1|1|1|1|1|1|1
3478124|1|1|1|86.698064231|18|1|1|1|1|1|1|1
3478125|1|1|1|149.43582554|18|2|1|1|1|1|1|1
3478126|1|1|1|206.62406029|18|2|1|1|1|1|1|1
3478127|1|1|1|141.24043868|18|1|1|1|1|1|1|1
3478128|1|1|1|43.665239416|18|2|1|1|1|1|1|1
3478129|1|1|1|83.851065684|18|2|1|1|1|1|1|1
3478130|1|1|1|49.235019642|18|1|1|1|1|1|1|1
3478131|1|1|1|131.63293823|18|1|1|1|1|1|1|1
3478132|1|1|1|122.66235206|18|2|1|1|1|1|1|1
3478133|1|1|1|87.877019963|18|1|1|1|1|1|1|1
3478134|1|1|1|220.2482845|18|1|1|1|1|1|1|1
3478135|1|1|1|130.9665622|18|1|1|1|1|1|1|1
3478136|1|1|1|124.24104197|18|1|1|1|1|1|1|1
3478137|1|1|1|213.96937326|18|1|1|1|1|1|1|1
3478138|1|1|1|157.82991508|18|1|1|1|1|1|1|1
3478139|1|1|1|75.359110874|18|1|1|1|1|1|1|1
3478140|1|1|1|129.18819363|18|1|1|1|1|1|1|1
3478141|1|1|1|124.93406603|18|1|1|1|1|1|1|1
3478142|1|1|1|96.468232086|18|1|1|1|1|1|1|1
3478143|1|1|1|73.685091514|18|1|1|1|1|1|1|1
3478144|1|1|1|121.24488513|18|1|1|1|1|1|1|1
3478145|1|1|1|73.685091514|18|1|1|1|1|1|1|1
3478146|1|1|1|96.468232086|18|1|1|1|1|1|1|1
3478147|1|1|1|129.18819363|18|1|1|1|1|1|1|1
3478148|1|1|1|78.028257807|18|2|1|1|1|1|1|1
3478149|1|1|1|78.028257807|18|1|1|1|1|1|1|1
3478150|1|1|1|73.685091514|18|1|1|1|1|1|1|1
3478151|1|1|1|76.781904208|18|1|1|1|1|1|1|1
3478152|1|1|1|63.578580436|18|1|1|1|1|1|1|1
3478153|1|1|1|110.04864715|18|2|1|1|1|1|1|1
3478154|1|1|1|172.06857993|18|1|1|1|1|1|1|1
3478155|1|1|1|236.96064313|18|2|1|1|1|1|1|1
3478156|1|1|1|74.835098962|18|2|1|1|1|1|1|1
3478157|1|1|1|67.347226136|18|1|1|1|1|1|1|1
3478158|1|1|1|169.53353447|19|1|1|2|1|1|1|1
3478159|1|1|1|273.69639959|19|2|1|2|1|1|1|1
3478160|1|1|1|155.654407|19|2|1|2|1|1|1|1
3478161|1|1|1|200.21291343|19|2|1|2|1|1|1|1
3478162|1|1|1|171.98040742|19|2|1|2|1|1|1|1
3478163|1|1|1|197.57725231|19|2|1|2|1|1|1|1
3478164|1|1|1|146.95077992|19|2|1|2|1|1|1|1
3478165|1|1|1|218.77465187|19|2|1|3|1|1|1|1
3478166|1|1|1|109.9134803|19|2|1|3|1|1|1|1
3478167|1|1|1|177.25909773|19|2|1|3|1|1|1|1
3478168|1|1|1|191.42173001|19|2|1|3|1|1|1|1
3478169|1|1|1|193.70050421|19|2|1|3|1|1|1|1
3478170|1|1|1|177.88314058|19|1|1|3|1|1|1|1
3478171|1|1|1|153.08376579|19|2|1|3|1|1|1|1
3478172|1|1|1|110.46302603|19|2|1|3|1|1|1|1
3478173|1|1|1|234.31724263|19|2|1|3|1|1|1|1
3478174|1|1|1|167.52312142|19|2|1|3|1|1|1|1
3478175|1|1|1|151.07976445|19|2|1|3|2|1|1|1
3478176|1|1|1|218.499879|19|1|1|3|1|1|1|1
3478177|1|1|1|231.67182918|19|2|1|3|1|1|1|1
3478178|1|1|1|355.4760055|19|2|1|3|2|1|1|1
3478179|1|1|1|212.57801379|19|2|1|3|1|1|1|1
3478180|1|1|1|188.42157861|19|2|1|3|1|1|1|1
3478181|1|1|1|287.54366927|19|2|1|3|1|1|1|1
3478182|1|1|1|217.25062697|19|1|1|3|1|1|1|1
3478183|1|1|1|162.97273497|19|1|1|3|1|1|1|1
3478184|1|1|1|300.01019617|19|2|1|3|1|1|1|1
3478185|1|1|1|242.00557674|19|2|1|3|1|1|1|1
3478186|1|1|1|251.74317842|19|2|1|3|1|1|1|1
3478187|1|1|1|166.03093036|19|2|1|3|1|1|1|1
3478188|1|1|1|356.86480417|19|1|1|1|2|1|1|1
3478189|1|1|1|313.8972118|19|1|1|1|1|1|1|1
3478190|1|1|1|313.8972118|19|1|1|1|1|1|1|1
3478191|1|1|1|137.30098425|19|1|1|1|2|1|1|1
3478192|1|1|1|259.98151511|19|2|1|1|1|1|1|1
3478193|1|1|1|216.64664804|19|1|1|1|1|1|1|1
3478194|1|1|1|236.03561083|19|1|1|1|1|1|1|1
3478195|1|1|1|410.77667039|19|2|1|1|1|1|1|1
3478196|1|1|1|390.18347317|19|1|1|1|2|1|1|1
3478197|1|1|1|309.69691763|19|1|1|1|1|1|1|1
3478198|1|1|1|391.79267734|19|1|1|1|1|1|1|1
3478199|1|1|1|359.42958659|19|1|1|2|1|1|1|1
3478200|1|1|1|359.42958659|19|1|1|2|1|1|1|1
3478201|1|1|1|436.74957381|19|1|1|2|1|1|1|1
3478202|1|1|1|207.53866295|19|2|1|2|1|1|1|1
3478203|1|1|1|234.04335834|19|2|1|2|1|1|1|1
3478204|1|1|1|315.28284943|19|2|1|2|1|1|1|1
3478205|1|1|1|203.63407846|19|1|1|2|1|1|1|1
3478206|1|1|1|315.36468968|19|2|1|2|1|1|1|1
3478207|1|1|1|341.86310609|19|1|1|2|1|1|1|1
3478208|1|1|1|244.02754047|19|1|1|2|1|1|1|1
3478209|1|1|1|259.60467578|19|1|1|3|1|1|1|1
3478210|1|1|1|203.85530274|19|2|1|3|1|1|1|1
3478211|1|1|1|196.69020907|19|1|1|3|1|1|1|1
3478212|1|1|1|248.66066299|19|1|1|3|1|1|1|1
3478213|1|1|1|204.22741344|19|1|1|3|2|1|1|1
3478214|1|1|1|291.94844658|19|1|1|3|1|1|1|1
3478215|1|1|1|194.1693047|19|1|1|1|1|1|1|1
3478216|1|1|1|205.691837|19|1|1|1|1|1|1|1
3478217|1|1|1|257.95317156|19|1|1|1|1|1|1|1
3478218|1|1|1|363.58671077|19|1|1|1|1|1|1|1
3478219|1|1|1|224.44155864|19|1|1|1|1|1|1|1
3478220|1|1|1|263.98208434|19|2|1|4|1|1|1|1
3478221|1|1|1|392.75407942|19|2|1|4|1|1|1|1
3478222|1|1|1|264.49613328|19|2|1|4|1|1|1|1
3478223|1|1|1|286.71300848|19|2|1|4|1|1|1|1
3478224|1|1|1|309.9151562|19|1|1|3|2|1|1|1
3478225|1|1|1|394.10356178|19|1|1|3|2|1|1|1
3478226|1|1|1|378.59712217|19|1|1|3|1|1|1|1
3478227|1|1|1|343.14832575|19|1|1|3|1|1|1|1
3478228|1|1|1|431.92602496|19|1|1|3|1|1|1|1
3478229|1|1|1|517.40324037|19|1|1|3|1|1|1|1
3478230|1|1|1|394.10356178|19|1|1|3|1|1|1|1
3478231|1|1|1|343.04602544|19|1|1|3|2|1|1|1
3478232|1|1|1|269.9717508|19|1|1|4|1|1|1|1
3478233|1|1|1|178.18677945|19|1|1|4|1|1|1|1
3478234|1|1|1|269.44705998|19|2|1|4|1|1|1|1
3478235|1|1|1|269.44705998|19|2|1|4|1|1|1|1
3478236|1|1|1|269.89139856|19|2|1|4|1|1|1|1
3478237|1|1|1|269.44705998|19|2|1|4|1|1|1|1
3478238|1|1|1|226.86692179|19|2|1|1|1|1|1|1
3478239|1|1|1|208.26298497|19|2|1|1|1|1|1|1
3478240|1|1|1|257.20616838|19|2|1|1|1|1|1|1
3478241|1|1|1|339.76819984|19|1|1|1|1|1|1|1
3478242|1|1|1|254.4172661|19|2|1|1|1|1|1|1
3478243|1|1|1|230.90708543|19|2|1|1|1|1|1|1
3478244|1|1|1|231.35598758|19|2|1|1|1|1|1|1
3478245|1|1|1|252.22627954|19|1|1|2|1|1|1|1
3478246|1|1|1|216.42578869|19|1|1|2|1|1|1|1
3478247|1|1|1|242.30215819|19|2|1|2|1|1|1|1
3478248|1|1|1|198.34569997|19|1|1|2|1|1|1|1
3478249|1|1|1|166.75503767|19|1|1|2|1|1|1|1
3478250|1|1|1|380.22593208|19|1|1|2|1|1|1|1
3478251|1|1|1|216.06373503|19|2|1|2|1|1|1|1
3478252|1|1|1|252.22627954|19|2|1|2|1|1|1|1
3478253|1|1|1|415.84492644|19|2|1|2|1|1|1|1
3478254|1|1|1|377.86665375|19|2|1|2|1|1|1|1
3478255|1|1|1|276.64341956|19|1|1|3|1|1|1|1
3478256|1|1|1|309.41572552|19|1|1|3|1|1|1|1
3478257|1|1|1|199.35414006|19|1|1|3|1|1|1|1
3478258|1|1|1|179.75079059|19|1|1|3|1|1|1|1
3478259|1|1|1|309.08761439|19|1|1|3|1|1|1|1
3478260|1|1|1|198.96669475|19|1|1|3|1|1|1|1
3478261|1|1|1|329.37913937|19|1|1|3|1|1|1|1
3478262|1|1|1|150.52486482|19|1|1|3|1|1|1|1
3478263|1|1|1|228.58006583|19|1|1|3|1|1|1|1
3478264|1|1|1|260.9145614|19|1|1|3|1|1|1|1
3478265|1|1|1|196.135871|19|1|1|3|1|1|1|1
3478266|1|1|1|325.61856767|20|2|1|1|1|1|1|1
3478267|1|1|1|468.51324583|20|2|1|2|1|1|1|1
3478268|1|1|1|205.12383545|20|2|1|1|1|1|1|1
3478269|1|1|1|293.20338165|20|2|1|1|1|1|1|1
3478270|1|1|1|342.37928562|20|3|1|1|1|1|1|1
3478271|1|1|1|401.56879502|20|2|1|1|1|1|1|1
3478272|1|1|1|300.43384287|20|2|1|2|1|1|1|1
3478273|1|1|1|183.72582501|20|1|1|2|1|1|1|1
3478274|1|1|1|358.39478087|20|1|1|2|1|1|1|1
3478275|1|1|1|324.62487279|20|1|1|2|1|1|1|1
3478276|1|1|1|337.1091303|20|1|1|2|1|1|1|1
3478277|1|1|1|297.19899531|20|2|1|2|1|1|1|1
3478278|1|1|1|439.7394312|20|2|1|2|1|1|1|1
3478279|1|1|1|494.31463495|20|2|1|2|1|1|1|1
3478280|1|1|1|417.44936112|20|2|1|2|1|1|1|1
3478281|1|1|1|502.65138943|20|2|1|2|1|1|1|1
3478282|1|1|1|319.98161202|20|2|1|2|1|1|1|1
3478283|1|1|1|461.6320649|20|2|1|2|1|1|1|1
3478284|1|1|1|644.80495148|20|2|1|2|1|1|1|1
3478285|1|1|1|417.44936112|20|2|1|2|1|1|1|1
3478286|1|1|1|261.06669966|20|2|1|2|1|1|1|1
3478287|1|1|1|254.45259008|20|1|1|1|1|1|1|1
3478288|1|1|1|321.3970409|20|2|1|1|1|1|1|1
3478289|1|1|1|399.00571935|20|1|1|1|1|1|1|1
3478290|1|1|1|236.87791403|20|1|1|1|1|1|1|1
3478291|1|1|1|401.56879502|20|1|1|1|1|1|1|1
3478292|1|1|1|300.43384287|20|1|1|1|1|1|1|1
3478293|1|1|1|380.52748646|20|1|1|1|1|1|1|1
3478294|1|1|1|440.95116211|20|2|1|1|1|1|1|1
3478295|1|1|1|278.82335678|20|1|1|1|1|1|1|1
3478296|1|1|1|348.29801719|20|1|1|1|1|1|1|1
3478297|1|1|1|171.73458208|20|1|1|3|1|1|1|1
3478298|1|1|1|304.00055122|20|1|1|3|1|1|1|1
3478299|1|1|1|264.70232173|20|1|1|3|1|1|1|1
3478300|1|1|1|223.9418403|20|1|1|3|1|1|1|1
3478301|1|1|1|171.73458208|20|1|1|3|1|1|1|1
3478302|1|1|1|291.44498967|20|2|1|1|1|1|1|1
3478303|1|1|1|507.99302088|20|2|1|1|1|1|1|1
3478304|1|1|1|284.38171422|20|2|1|1|2|1|1|1
3478305|1|1|1|353.23050053|20|2|1|1|1|1|1|1
3478306|1|1|1|342.01138394|20|2|1|1|1|1|1|1
3478307|1|1|1|433.93064463|20|2|1|1|1|1|1|1
3478308|1|1|1|635.36101654|20|2|1|1|1|1|1|1
3478309|1|1|1|376.33796437|20|2|1|1|1|1|1|1
3478310|1|1|1|510.00915176|20|2|1|3|1|1|1|1
3478311|1|1|1|346.94053387|20|2|1|3|1|1|1|1
3478312|1|1|1|380.21366834|20|1|1|3|1|1|1|1
3478313|1|1|1|222.72896934|20|1|1|3|1|1|1|1
3478314|1|1|1|214.6682276|20|1|1|3|1|1|1|1
3478315|1|1|1|534.82612113|20|2|1|1|1|1|1|1
3478316|1|1|1|471.91748034|20|1|1|1|1|1|1|1
3478317|1|1|1|199.82432725|20|1|1|1|1|1|1|1
3478318|1|1|1|467.88167031|20|1|1|1|1|1|1|1
3478319|1|1|1|436.88582016|20|2|1|1|1|1|1|1
3478320|1|1|1|215.10790895|20|2|1|1|1|1|1|1
3478321|1|1|1|161.1226252|20|1|1|1|1|1|1|1
3478322|1|1|1|327.99592659|20|2|1|1|1|1|1|1
3478323|1|1|1|205.12383545|20|2|1|1|1|1|1|1
3478324|1|1|1|254.45259008|20|2|1|1|1|1|1|1
3478325|1|1|1|176.03637371|20|1|1|1|1|1|1|1
3478326|1|1|1|658.31589798|20|2|1|1|1|1|1|1
3478327|1|1|1|412.89221274|20|1|1|1|1|1|1|1
3478328|1|1|1|205.43846446|20|2|1|1|1|1|1|1
3478329|1|1|1|391.00701635|20|2|1|1|1|1|1|1
3478330|1|1|1|279.08879003|20|2|1|1|1|1|1|1
3478331|1|1|1|514.43338937|20|1|1|1|1|1|1|1
3478332|1|1|1|189.10152719|20|2|1|1|1|1|1|1
3478333|1|1|1|190.10700399|20|1|1|1|1|1|1|1
3478334|1|1|1|226.56624946|20|1|1|2|1|1|1|1
3478335|1|1|1|290.92538634|20|1|1|1|1|1|1|1
3478336|1|1|1|199.24085932|20|1|1|1|1|1|1|1
3478337|1|1|1|340.7349889|20|1|1|1|1|1|1|1
3478338|1|1|1|232.15342403|20|2|1|1|1|1|1|1
3478339|1|1|1|289.16881253|20|2|1|1|1|1|1|1
3478340|1|1|1|490.92555655|20|2|1|1|1|1|1|1
3478341|1|1|1|200.12081507|20|2|1|1|1|1|1|1
3478342|1|1|1|293.10618816|20|2|1|1|1|1|1|1
3478343|1|1|1|248.24642935|20|2|1|1|1|1|1|1
3478344|1|1|1|378.91714178|20|2|1|1|1|1|1|1
3478345|1|1|1|362.0726144|20|2|1|1|1|1|1|1
3478346|1|1|1|385.30768528|20|2|1|1|1|1|1|1
3478347|1|1|1|538.5550601|20|1|1|1|1|1|1|1
3478348|1|1|1|279.71432106|20|1|1|1|1|1|1|1
3478349|1|1|1|510.22213107|20|1|1|1|1|1|1|1
3478350|1|1|1|447.26717263|20|2|1|1|1|1|1|1
3478351|1|1|1|472.42449213|20|2|1|1|1|1|1|1
3478352|1|1|1|538.5953309|20|2|1|1|1|1|1|1
3478353|1|1|1|753.56415636|20|2|1|1|1|1|1|1
3478354|1|1|1|638.88169886|20|2|1|1|1|1|1|1
3478355|1|1|1|600.39552909|20|2|1|1|1|1|1|1
3478356|1|1|1|557.30749216|20|2|1|1|1|1|1|1
3478357|1|1|1|346.94053387|20|2|1|1|1|1|1|1
3478358|1|1|1|790.796777|20|2|1|1|1|1|1|1
3478359|1|1|1|374.11760207|20|1|1|2|1|1|1|1
3478360|1|1|1|179.45809503|20|1|1|2|1|1|1|1
3478361|1|1|1|181.38428585|20|1|1|2|1|1|1|1
3478362|1|1|1|265.25523253|20|2|1|2|1|1|1|1
3478363|1|1|1|450.25429779|20|2|1|2|1|1|1|1
3478364|1|1|1|234.01329873|20|1|1|2|1|1|1|1
3478365|1|1|1|234.01329873|20|2|1|2|1|1|1|1
3478366|1|1|1|186.05929594|23|1|1|2|1|1|1|1
3478367|1|1|1|324.24052205|23|1|1|2|1|1|1|1
3478368|1|1|1|356.72933798|23|1|1|2|1|1|1|1
3478369|1|1|1|113.31105344|23|2|1|2|1|1|1|1
3478370|1|1|1|215.81591316|23|2|1|2|1|1|1|1
3478371|1|1|1|361.5776573|23|2|1|2|1|1|1|1
3478372|1|1|1|273.67531206|23|2|1|2|1|1|1|1
3478373|1|1|1|231.81043505|23|2|1|2|1|1|1|1
3478374|1|1|1|164.90181088|23|2|1|2|1|1|1|1
3478375|1|1|1|113.31105344|23|1|1|2|1|1|1|1
3478376|1|1|1|215.81591316|23|1|1|2|1|1|1|1
3478377|1|1|1|415.614816|23|2|1|2|1|1|1|1
3478378|1|1|1|155.34588933|23|2|1|2|1|1|1|1
3478379|1|1|1|255.99555664|23|2|1|2|1|1|1|1
3478380|1|1|1|149.36457044|23|1|1|2|1|1|1|1
3478381|1|1|1|224.20972874|23|1|1|2|1|1|1|1
3478382|1|1|1|505.74611936|23|1|1|2|1|1|1|1
3478383|1|1|1|520.26197471|23|1|1|2|1|1|1|1
3478384|1|1|1|149.36457044|23|1|1|2|1|1|1|1
3478385|1|1|1|463.88350641|23|2|1|2|1|1|1|1
3478386|1|1|1|247.25146074|23|1|1|2|1|1|1|1
3478389|1|1|1|287.53265922|23|1|1|2|1|1|1|1
3478390|1|1|1|296.74688059|23|1|1|2|1|1|1|1
3478391|1|1|1|285.54856464|23|1|1|2|1|1|1|1
3478392|1|1|1|162.04183283|23|1|1|2|1|1|1|1
3478393|1|1|1|296.74688059|23|2|1|2|1|1|1|1
3478394|1|1|1|433.52924773|23|2|1|2|1|1|1|1
3478395|1|1|1|272.76736765|23|1|1|2|1|1|1|1
3478396|1|1|1|297.25647725|23|2|1|2|1|1|1|1
3478397|1|1|1|666.06707262|23|2|1|4|1|1|1|1
3478398|1|1|1|598.66474512|23|2|1|4|1|1|1|1
3478399|1|1|1|598.66474512|23|2|1|4|1|1|1|1
3478400|1|1|1|558.02141567|23|2|1|4|1|1|1|1
3478401|1|1|1|360.72271129|23|2|1|4|1|1|1|1
3478403|1|1|1|141.6388168|23|2|1|1|1|1|1|1
3478404|1|1|1|167.49250931|23|1|1|1|1|1|1|1
3478405|1|1|1|258.00618795|23|2|1|1|1|1|1|1
3478406|1|1|1|394.11749793|23|1|1|1|1|1|1|1
3478407|1|1|1|243.05946303|23|1|1|1|1|1|1|1
3478408|1|1|1|342.09414007|23|1|1|1|1|1|1|1
3478409|1|1|1|328.58639792|23|1|1|1|1|1|1|1
3478410|1|1|1|451.97207162|23|1|1|1|1|1|1|1
3478411|1|1|1|148.72075764|23|1|1|1|1|1|1|1
3478412|1|1|1|216.43362677|23|1|1|1|1|1|1|1
3478413|1|1|1|517.74930844|23|1|1|1|1|1|1|1
3478414|1|1|1|283.25838602|23|1|1|1|1|1|1|1
3478415|1|1|1|330.83258857|23|1|1|1|1|1|1|1
3478416|1|1|1|216.43362677|23|2|1|1|1|1|1|1
3478417|1|1|1|216.43362677|23|2|1|1|1|1|1|1
3478419|1|1|1|286.66322638|23|1|1|1|1|1|1|1
3478420|1|1|1|318.86938038|23|2|1|1|1|1|1|1
3478421|1|1|1|308.60434334|23|2|1|1|1|1|1|1
3478422|1|1|1|244.64287931|23|1|1|1|1|1|1|1
3478423|1|1|1|262.83230933|23|1|1|1|1|1|1|1
3478424|1|1|1|141.6388168|23|1|1|1|1|1|1|1
3478425|1|1|1|141.6388168|23|2|1|1|1|1|1|1
3478426|1|1|1|141.6388168|23|2|1|1|1|1|1|1
3478430|1|1|1|466.34646881|23|2|1|1|1|1|1|1
3478431|1|1|1|207.14676957|23|2|1|1|1|1|1|1
3478432|1|1|1|392.22271994|23|2|1|1|1|1|1|1
3478433|1|1|1|627.39594732|23|2|1|1|1|1|1|1
3478434|1|1|1|380.32732809|23|2|1|1|1|1|1|1
3478435|1|1|1|215.44198229|23|2|1|1|1|1|1|1
3478436|1|1|1|627.39594732|23|2|1|1|1|1|1|1
3478437|1|1|1|500.31267985|23|2|1|1|1|1|1|1
3478439|1|1|1|576.39684073|23|2|1|1|1|1|1|1
3478440|1|1|1|301.46112301|23|2|1|1|1|1|1|1
3478442|1|1|1|207.14676957|23|2|1|1|1|1|1|1
3478443|1|1|1|212.94565583|23|1|1|3|1|1|1|1
3478446|1|1|1|276.80517804|23|1|1|2|1|1|1|1
3478447|1|1|1|201.61002053|23|2|1|2|1|1|1|1
3478448|1|1|1|191.05256459|23|2|1|2|1|1|1|1
3478449|1|1|1|353.95104323|23|2|1|2|1|1|1|1
3478450|1|1|1|212.46899357|23|1|1|2|1|1|1|1
3478452|1|1|1|1092.642301|23|1|1|2|1|1|1|1
3478453|1|1|1|634.59578753|23|2|1|2|1|1|1|1
3478454|1|1|1|410.03872806|23|2|1|2|1|1|1|1
3478455|1|1|1|640.84957595|23|2|1|2|1|1|1|1
3478460|1|1|1|734.03310044|23|1|1|2|1|1|1|1
3478461|1|1|1|713.90348124|23|2|1|2|1|1|1|1
3478462|1|1|1|174.68787405|23|2|1|1|2|2|1|1
3478463|1|1|1|698.7514962|23|2|1|1|2|2|1|1
3478464|1|1|1|262.2222977|23|1|1|1|2|2|1|1
3478465|1|1|1|245.66727382|23|2|1|1|2|2|1|1
3478468|1|1|1|233.11158624|23|1|1|1|2|2|1|1
3478470|1|1|1|698.7514962|23|1|1|1|2|2|1|1
3478471|1|1|1|486.07824745|23|2|1|1|2|2|1|1
3478472|1|1|1|245.66727382|23|1|1|1|2|2|1|1
3478473|1|1|1|275.42289359|23|2|1|1|1|1|1|1
3478474|1|1|1|148.40307611|23|2|1|1|1|1|1|1
3478475|1|1|1|339.55074556|23|2|1|1|1|1|1|1
3478476|1|1|1|410.60554314|23|2|1|1|1|1|1|1
3478477|1|1|1|547.30320101|23|2|1|1|1|1|1|1
3478478|1|1|1|339.53927785|23|2|1|1|1|1|1|1
3478479|1|1|1|356.54666876|23|2|1|1|1|1|1|1
3478480|1|1|1|278.76222116|23|2|1|1|1|1|1|1
3478481|1|1|1|205.82933752|23|2|1|1|1|1|1|1
3478482|1|1|1|152.22111569|23|2|1|1|1|1|1|1
3478483|1|1|1|66.666482358|27|2|1|1|2|2|1|2
3478484|1|1|1|76.845204736|27|2|1|1|2|2|1|2
3478485|1|1|1|69.435820559|27|2|1|1|2|2|1|2
3478486|1|1|1|99.350880992|27|2|1|1|2|2|1|2
3478487|1|1|1|42.735757593|27|2|1|1|2|2|1|2
3478488|1|1|1|71.733036727|27|2|1|1|2|2|1|2
3478489|1|1|1|37.992502736|27|2|1|1|2|2|1|2
3478490|1|1|1|66.666482358|27|2|1|1|2|2|1|2
3478491|1|1|1|34.48613949|27|1|1|1|2|2|1|2
3478492|1|1|1|45.093233252|27|2|1|1|2|2|1|1
3478493|1|1|1|101.54986898|27|2|1|1|2|2|1|1
3478494|1|1|1|115.93257971|27|1|1|1|2|2|1|1
3478495|1|1|1|75.776762306|27|2|1|1|2|2|1|1
3478496|1|1|1|102.36094987|27|1|1|1|2|2|1|1
3478497|1|1|1|100.4025636|27|1|1|1|2|2|1|1
3478498|1|1|1|77.498961449|27|2|1|1|2|2|1|2
3478499|1|1|1|121.88152437|27|2|1|1|2|2|1|2
3478500|1|1|1|89.89777923|27|2|1|1|2|2|1|2
3478501|1|1|1|118.74895687|27|2|1|1|2|2|1|2
3478502|1|1|1|123.35484169|27|2|1|1|2|2|1|2
3478503|1|1|1|93.211892541|27|2|1|1|2|2|1|2
3478504|1|1|1|104.0117594|27|2|1|1|2|2|1|2
3478505|1|1|1|90.079325039|27|2|1|1|2|2|1|2
3478506|1|1|1|186.73327455|27|2|1|3|2|1|1|1
3478507|1|1|1|145.77014985|27|1|1|3|2|1|1|1
3478508|1|1|1|79.681650669|27|1|1|3|2|1|1|1
3478509|1|1|1|174.26060796|27|2|1|3|2|1|1|1
3478510|1|1|1|141.19110507|27|1|1|3|2|1|1|1
3478511|1|1|1|161.4547516|27|2|1|3|2|1|1|1
3478512|1|1|1|143.94508575|27|2|1|3|2|1|1|1
3478513|1|1|1|150.07743017|27|2|1|1|2|2|1|2
3478514|1|1|1|106.56107199|27|1|1|1|2|2|1|2
3478515|1|1|1|163.2798157|27|2|1|1|2|2|1|2
3478516|1|1|1|126.57509303|27|2|1|1|2|2|1|2
3478517|1|1|1|124.99965442|27|2|1|1|2|2|1|2
3478518|1|1|1|124.99965442|27|2|1|1|2|2|1|2
3478519|1|1|1|162.89051709|27|1|1|1|2|2|1|2
3478520|1|1|1|88.446222658|27|1|1|1|2|2|1|1
3478521|1|1|1|119.32400223|27|1|1|1|2|2|1|1
3478522|1|1|1|69.383215871|27|2|1|1|2|2|1|1
3478523|1|1|1|116.75545844|27|2|1|1|2|2|1|1
3478524|1|1|1|120.36243179|27|1|1|1|2|2|1|1
3478525|1|1|1|123.65364071|27|1|1|1|2|2|1|1
3478526|1|1|1|100.31938959|27|1|1|1|2|2|1|1
3478527|1|1|1|69.294850102|27|1|1|1|2|2|1|1
3478528|1|1|1|93.727143498|27|1|1|1|2|2|1|1
3478529|1|1|1|163.20514658|27|2|1|1|2|2|1|2
3478530|1|1|1|135.451039|27|2|1|1|2|2|1|2
3478531|1|1|1|149.57985526|27|2|1|1|2|2|1|2
3478532|1|1|1|157.10296052|27|2|1|1|2|2|1|2
3478533|1|1|1|168.12775266|27|2|1|1|2|2|1|2
3478534|1|1|1|74.563738673|27|2|1|1|2|2|1|2
3478535|1|1|1|163.20514658|27|2|1|1|2|2|1|2
3478536|1|1|1|130.19216355|27|1|1|1|2|2|1|2
3478537|1|1|1|106.56107199|27|1|1|1|2|2|1|2
3478538|1|1|1|111.24673222|27|1|1|1|2|2|1|2
3478539|1|1|1|182.22524703|27|1|1|1|2|2|1|2
3478540|1|1|1|106.56107199|27|1|1|1|2|2|1|2
3478541|1|1|1|145.77014985|27|2|1|1|2|2|1|2
3478542|1|1|1|107.38003622|27|2|1|1|2|2|1|2
3478543|1|1|1|69.622544439|27|1|1|1|2|2|1|2
3478544|1|1|1|84.523575847|27|2|1|1|2|2|1|2
3478545|1|1|1|70.772810217|27|1|1|1|2|2|1|2
3478546|1|1|1|80.855618283|27|1|1|1|2|2|1|2
3478547|1|1|1|70.604015839|27|1|1|1|2|2|1|2
3478548|1|1|1|80.372053727|27|2|1|1|2|2|1|2
3478549|1|1|1|113.32079826|27|1|1|1|2|2|1|2
3478550|1|1|1|97.259947341|27|2|1|1|2|2|1|2
3478551|1|1|1|113.32079826|27|1|1|1|2|2|1|2
3478552|1|1|1|113.32079826|27|2|1|1|2|2|1|2
3478553|1|1|1|126.13151849|27|1|1|1|2|2|1|2
3478554|1|1|1|88.034701066|27|1|1|1|2|2|1|2
3478555|1|1|1|111.24673222|27|1|1|1|2|2|1|2
3478556|1|1|1|120.89192298|27|1|1|1|2|2|1|2
3478557|1|1|1|145.77014985|27|1|1|1|2|2|1|2
3478558|1|1|1|163.2798157|27|1|1|1|2|2|1|2
3478559|1|1|1|127.91672676|27|1|1|1|2|2|1|2
3478560|1|1|1|120.89192298|27|1|1|1|2|2|1|2
3478561|1|1|1|182.22524703|27|1|1|1|2|2|1|2
3478562|1|1|1|108.97129543|27|1|1|1|2|2|1|2
3478563|1|1|1|90.29285277|27|2|1|1|2|1|1|1
3478564|1|1|1|42.274906174|27|2|1|1|2|1|1|1
3478566|1|1|1|79.073635978|27|2|1|1|2|1|1|1
3478567|1|1|1|49.286549837|27|2|1|1|2|1|1|1
3478568|1|1|1|366.90656319|41|2|1|2|1|1|1|1
3478569|1|1|1|333.1710523|41|2|1|2|1|1|1|1
3478570|1|1|1|291.20082085|41|1|1|2|1|1|1|1
3478571|1|1|1|268.69433699|41|1|1|2|1|1|1|1
3478572|1|1|1|216.37867417|41|1|1|2|1|1|1|1
3478573|1|1|1|295.25450502|41|2|1|2|1|1|1|1
3478574|1|1|1|144.11968855|41|1|1|2|1|1|1|1
3478575|1|1|1|194.25862514|41|1|1|3|1|1|1|1
3478576|1|1|1|271.30492238|41|1|1|3|1|1|1|1
3478577|1|1|1|175.83145184|41|1|1|2|1|1|1|1
3478578|1|1|1|141.16249954|41|1|1|3|1|1|1|1
3478579|1|1|1|159.21143933|41|1|1|2|1|1|1|1
3478580|1|1|1|96.744801447|41|1|1|2|1|1|1|1
3478581|1|1|1|209.0590221|41|1|1|3|1|1|1|1
3478582|1|1|1|141.79380419|41|1|1|2|1|1|1|1
3478583|1|1|1|182.92345615|41|1|1|3|1|1|1|1
3478584|1|1|1|248.77053186|41|1|1|2|1|1|1|1
3478585|1|1|1|169.40832255|41|1|1|3|1|1|1|1
3478586|1|1|1|153.53757722|41|1|1|2|1|1|1|1
3478587|1|1|1|223.48580106|41|1|1|2|1|1|1|1
3478588|1|1|1|183.54545206|41|2|1|2|1|1|1|1
3478589|1|1|1|223.48580106|41|2|1|2|1|1|1|1
3478590|1|1|1|180.14961069|41|1|1|2|1|1|1|1
3478591|1|1|1|238.95464817|41|2|1|2|1|1|1|1
3478592|1|1|1|131.87970519|41|1|1|2|1|1|1|1
3478593|1|1|1|198.52581324|41|2|1|2|1|1|1|1
3478594|1|1|1|238.95464817|41|1|1|2|1|1|1|1
3478595|1|1|1|226.39315651|41|1|1|2|1|1|1|1
3478596|1|1|1|297.78871986|41|2|1|1|1|1|1|1
3478597|1|1|1|287.8829573|41|2|1|1|1|1|1|1
3478598|1|1|1|500.6191667|41|2|1|1|1|1|1|1
3478599|1|1|1|711.17097789|41|1|1|1|1|1|1|1
3478600|1|1|1|260.31865346|41|1|1|1|1|1|1|1
3478601|1|1|1|227.97243379|41|2|1|1|1|1|1|1
3478602|1|1|1|287.8829573|41|2|1|1|1|1|1|1
3478603|1|1|1|348.52620969|41|2|1|1|1|1|1|1
3478604|1|1|1|440.58688697|41|2|1|1|1|1|1|1
3478605|1|1|1|335.2287016|41|1|1|1|1|1|1|1
3478606|1|1|1|275.31817809|41|1|1|1|1|1|1|1
3478607|1|1|1|358.43197225|41|1|1|1|1|1|1|1
3478608|1|1|1|408.99209425|41|2|1|1|1|1|1|1
3478609|1|1|1|270.22441603|41|2|1|1|1|1|1|1
3478610|1|1|1|339.58973477|41|1|1|1|1|1|1|1
3478611|1|1|1|352.88724286|41|2|1|1|1|1|1|1
3478612|1|1|1|339.58973477|41|2|1|1|1|1|1|1
3478613|1|1|1|339.58973477|41|1|1|1|1|1|1|1
3478614|1|1|1|297.78871986|41|2|1|1|1|1|1|1
3478615|1|1|1|257.61394328|41|2|1|4|1|1|1|1
3478616|1|1|1|217.33372022|41|2|1|4|1|1|1|1
3478617|1|1|1|226.77721387|41|2|1|4|1|1|1|1
3478618|1|1|1|439.82127253|41|2|1|4|1|1|1|1
3478619|1|1|1|226.77721387|41|2|1|4|1|1|1|1
3478620|1|1|1|468.1902298|41|2|1|4|1|1|1|1
3478621|1|1|1|530.16098204|41|2|1|4|1|1|1|1
3478622|1|1|1|383.66665435|41|1|1|1|2|2|1|1
3478623|1|1|1|252.90252405|41|2|1|1|2|2|1|1
3478624|1|1|1|334.28540218|41|1|1|1|2|1|1|1
3478625|1|1|1|293.11100088|41|2|1|1|2|2|1|1
3478626|1|1|1|362.30593908|41|1|1|1|2|2|1|1
3478627|1|1|1|256.87624678|41|2|1|1|2|2|1|1
3478628|1|1|1|243.37264325|41|1|1|1|1|2|1|1
3478629|1|1|1|213.41524924|41|2|1|1|2|2|1|1
3478630|1|1|1|236.96937932|41|2|1|2|1|1|1|1
3478631|1|1|1|246.91980311|41|2|1|3|1|1|1|1
3478632|1|1|1|218.8190833|41|2|1|3|1|1|1|1
3478633|1|1|1|271.41710352|41|2|1|2|1|1|1|1
3478634|1|1|1|230.93532777|41|2|1|3|1|1|1|1
3478635|1|1|1|209.64569683|41|1|1|2|1|1|1|1
3478636|1|1|1|271.41710352|41|2|1|3|1|1|1|1
3478637|1|1|1|348.65228613|41|1|1|3|1|1|1|1
3478638|1|1|1|317.81956756|41|2|1|2|1|1|1|1
3478639|1|1|1|198.31937058|41|2|1|2|1|1|1|1
3478640|1|1|1|261.71177936|41|2|1|2|1|1|1|1
3478641|1|1|1|518.67950579|41|2|1|2|1|1|1|1
3478642|1|1|1|645.20823744|41|2|1|2|1|1|1|1
3478643|1|1|1|261.71177936|41|2|1|2|1|1|1|1
3478644|1|1|1|320.80658442|41|2|1|2|1|1|1|1
3478645|1|1|1|275.34771084|41|2|1|2|1|1|1|1
3478646|1|1|1|248.44374305|41|2|1|2|1|1|1|1
3478647|1|1|1|466.00922334|41|2|1|2|1|1|1|1
3478648|1|1|1|197.96694765|41|1|1|2|1|1|1|1
3478649|1|1|1|285.72610924|41|1|1|2|1|1|1|1
3478650|1|1|1|296.19579631|41|1|1|2|1|1|1|1
3478651|1|1|1|201.99070307|41|1|1|2|1|1|1|1
3478652|1|1|1|290.53154138|41|1|1|2|1|1|1|1
3478653|1|1|1|302.05604839|41|1|1|2|1|1|1|1
3478654|1|1|1|290.53154138|41|1|1|2|1|1|1|1
3478655|1|1|1|460.98000011|41|2|1|2|1|1|1|1
3478656|1|1|1|234.19449389|41|1|1|2|1|1|1|1
3478657|1|1|1|238.60908768|41|2|1|2|1|1|1|1
3478658|1|1|1|401.44046167|41|2|1|2|1|1|1|1
3478659|1|1|1|325.32293903|41|2|1|2|1|1|1|1
3478660|1|1|1|525.96004221|41|2|1|2|1|1|1|1
3478661|1|1|1|227.97243379|41|2|1|2|1|1|1|1
3478662|1|1|1|227.97243379|41|2|1|2|1|1|1|1
3478663|1|1|1|552.70247464|41|2|1|2|1|1|1|1
3478664|1|1|1|364.23492213|41|2|1|2|1|1|1|1
3478665|1|1|1|286.21489003|41|1|1|2|1|1|1|1
3478666|1|1|1|352.88724286|41|1|1|2|1|1|1|1
3478667|1|1|1|716.26473995|41|2|1|2|1|1|1|1
3478668|1|1|1|287.8829573|41|2|1|2|1|1|1|1
3478669|1|1|1|317.64060478|41|1|1|2|1|1|1|1
3478670|1|1|1|179.8489658|41|1|1|2|1|1|1|1
3478671|1|1|1|155.67810879|41|1|1|2|1|1|1|1
3478672|1|1|1|216.88195935|41|1|1|2|1|1|1|1
3478673|1|1|1|155.3774639|41|1|1|2|1|1|1|1
3478674|1|1|1|151.98162253|41|1|1|2|1|1|1|1
3478675|1|1|1|191.92197153|41|1|1|2|1|1|1|1
3478676|1|1|1|211.76040319|41|1|1|2|1|1|1|1
3478677|1|1|1|307.56732345|41|1|1|2|1|1|1|1
3478678|1|1|1|305.72975239|41|3|1|1|1|1|1|1
3478679|1|1|1|348.64546103|41|2|1|2|1|1|1|1
3478680|1|1|1|367.99015818|41|2|1|2|1|1|1|1
3478681|1|1|1|362.29756933|41|2|1|1|1|1|1|1
3478682|1|1|1|300.96029822|41|1|1|1|1|1|1|1
3478683|1|1|1|284.94439636|41|1|1|1|1|1|1|1
3478684|1|1|1|284.94439636|41|1|1|1|1|1|1|1
3478685|1|1|1|280.23137637|41|1|1|1|1|1|1|1
3478686|1|1|1|399.79285429|41|1|1|1|1|1|1|1
3478687|1|1|1|244.7005137|41|1|1|1|1|1|1|1
3478688|1|1|1|390.14732691|41|1|1|1|1|1|1|1
3478689|1|1|1|44.215687725|44|1|1|3|1|1|1|1
3478690|1|1|1|90.207422459|44|1|1|3|1|1|1|1
3478691|1|1|1|86.453698086|44|1|1|3|1|1|1|1
3478692|1|1|1|109.34133505|44|1|1|3|1|1|1|1
3478693|1|1|1|77.657579331|44|1|1|3|1|1|1|1
3478694|1|1|1|92.679354047|44|1|1|3|1|1|1|1
3478695|1|1|1|106.33475666|44|1|1|2|1|1|1|1
3478696|1|1|1|100.88219993|44|1|1|1|1|1|1|1
3478697|1|1|1|94.535963284|44|2|1|2|1|1|1|1
3478698|1|1|1|61.837475435|44|1|1|1|1|1|1|1
3478699|1|1|1|117.6659548|44|1|1|2|1|1|1|1
3478700|1|1|1|147.06503125|44|1|1|1|1|1|1|1
3478701|1|1|1|134.47761096|44|1|1|2|1|1|1|1
3478702|1|1|1|181.94952623|44|1|1|1|1|1|1|1
3478703|1|1|1|85.538119729|44|1|1|1|1|1|1|1
3478704|1|1|1|85.635598035|44|1|1|2|1|1|1|1
3478705|1|1|1|85.538119729|44|1|1|1|1|1|1|1
3478706|1|1|1|114.77458562|44|2|1|1|1|1|1|1
3478707|1|1|1|106.95632787|44|2|1|1|1|1|1|1
3478708|1|1|1|147.06503125|44|2|1|2|1|1|1|1
3478709|1|1|1|147.06503125|44|2|1|2|1|1|1|1
3478710|1|1|1|147.06503125|44|2|1|2|1|1|1|1
3478711|1|1|1|138.51133498|44|2|1|2|1|1|1|1
3478712|1|1|1|139.27911994|44|2|1|1|1|1|1|1
3478713|1|1|1|110.14013235|44|1|1|3|1|1|1|1
3478716|1|1|1|154.62320014|44|2|1|3|1|1|1|1
3478717|1|1|1|114.67710731|44|1|1|3|1|1|1|1
3478718|1|1|1|154.85094256|44|2|1|3|1|1|1|1
3478719|1|1|1|139.01903107|44|2|1|3|1|1|1|1
3478720|1|1|1|110.14013235|44|1|1|3|1|1|1|1
3478721|1|1|1|109.88004349|44|1|1|4|1|1|1|1
3478722|1|1|1|147.06503125|44|1|1|2|1|1|1|1
3478723|1|1|1|139.01903107|44|1|1|2|1|1|1|1
3478724|1|1|1|121.38091113|44|1|1|2|1|1|1|1
3478726|1|1|1|154.85652354|44|1|1|2|1|1|1|1
3478727|1|1|1|122.56049693|44|1|1|2|1|1|1|1
3478728|1|1|1|85.37550917|44|1|1|2|1|1|1|1
3478729|1|1|1|94.535963284|44|2|1|2|2|1|1|1
3478730|1|1|1|110.10778591|44|2|1|2|2|2|1|1
3478731|1|1|1|61.837475435|44|2|1|2|1|1|1|1
3478732|1|1|1|104.59195982|44|2|1|1|1|1|1|1
3478733|1|1|1|142.05837156|44|2|1|1|1|1|1|1
3478734|1|1|1|97.671149765|44|2|1|1|1|1|1|1
3478735|1|1|1|128.41918916|44|2|1|1|1|1|1|1
3478736|1|1|1|79.835578414|44|1|1|1|1|1|1|1
3478737|1|1|1|137.01794622|44|1|1|1|1|1|1|1
3478738|1|1|1|124.14269933|44|1|1|1|1|1|1|1
3478739|1|1|1|103.22314156|44|1|1|1|1|1|1|1
3478740|1|1|1|107.12294658|44|1|1|1|1|1|1|1
3478741|1|1|1|139.68645196|44|1|1|1|1|1|1|1
3478742|1|1|1|153.07786908|44|1|1|1|1|1|1|1
3478743|1|1|1|75.702290712|44|1|1|1|1|1|1|1
3478744|1|1|1|122.6968047|44|2|1|1|1|1|1|1
3478745|1|1|1|137.26069583|44|1|1|1|1|1|1|1
3478746|1|1|1|99.825906009|44|1|1|1|2|1|1|1
3478747|1|1|1|129.75109567|44|1|1|1|1|1|1|1
3478748|1|1|1|129.95998681|44|2|1|2|1|1|1|1
3478749|1|1|1|60.520207421|44|1|1|2|1|1|1|1
3478750|1|1|1|107.42405444|44|2|1|2|1|1|1|1
3478751|1|1|1|113.68637801|44|1|1|1|1|1|1|1
3478752|1|1|1|77.098092645|44|1|1|1|1|1|1|1
3478753|1|1|1|45.706536299|44|1|1|1|1|1|1|1
3478754|1|1|1|91.083066075|44|1|1|1|1|1|1|1
3478755|1|1|1|80.342209934|44|1|1|1|1|1|1|1
3478756|1|1|1|74.869429507|44|1|1|1|1|1|1|1
3478757|1|1|1|122.46301863|44|1|1|1|1|1|1|1
3478758|1|1|1|143.097045|44|1|1|1|1|1|1|1
3478759|1|1|1|85.538119729|44|1|1|1|1|1|1|1
3478760|1|1|1|152.25749912|44|1|1|1|2|2|2|1
3478761|1|1|1|139.01903107|44|1|1|1|1|2|2|1
3478762|1|1|1|139.01903107|44|1|1|1|2|2|1|1
3478763|1|1|1|122.90716591|44|1|1|1|2|1|1|1
3478764|1|1|1|153.86039025|44|1|1|1|2|1|2|1
3478765|1|1|1|92.610034969|44|1|1|1|2|2|2|1
3478767|1|1|1|144.5421451|44|1|1|1|2|2|2|1
3478768|1|1|1|126.07340087|44|1|1|1|1|2|2|1
3478769|1|1|1|134.75664429|44|3|1|1|1|2|2|1
3478770|1|1|1|98.159578152|44|1|1|1|1|2|2|1
3478771|1|1|1|93.652970974|44|1|1|1|1|2|2|1
3478772|1|1|1|89.735368846|44|1|1|1|1|2|2|1
3478773|1|1|1|577.57038879|47|1|1|5|1|1|1|1
3478774|1|1|1|421.31594012|47|1|1|5|1|1|1|1
3478775|1|1|1|577.57038879|47|1|1|5|1|1|1|1
3478776|1|1|1|284.27519626|47|1|1|5|1|1|1|1
3478777|1|1|1|347.54507275|47|1|1|2|1|1|1|1
3478778|1|1|1|412.8214695|47|1|1|2|1|1|1|1
3478779|1|1|1|343.479408|47|1|1|2|1|1|1|1
3478780|1|1|1|308.34534211|47|1|1|2|1|1|1|1
3478781|1|1|1|449.48347272|47|1|1|2|1|1|1|1
3478782|1|1|1|384.1927738|47|1|1|2|1|1|1|1
3478783|1|1|1|204.8244661|47|1|1|2|1|1|1|1
3478784|1|1|1|597.78793278|47|1|1|2|1|1|1|1
3478785|1|1|1|494.12475678|47|2|1|2|1|1|1|1
3478786|1|1|1|414.59452331|47|2|1|2|1|1|1|1
3478787|1|1|1|339.70498656|47|1|1|4|1|1|1|1
3478788|1|1|1|339.70498656|47|1|1|4|1|1|1|1
3478789|1|1|1|365.5287526|47|1|1|4|1|1|1|1
3478790|1|1|1|376.50716214|47|2|1|4|1|1|1|1
3478791|1|1|1|542.29293873|47|1|1|4|1|1|1|1
3478792|1|1|1|519.58583304|47|1|1|4|1|1|1|1
3478793|1|1|1|410.14675268|47|1|1|4|1|1|1|1
3478794|1|1|1|357.6285903|47|2|1|4|1|1|1|1
3478795|1|1|1|428.07035642|47|2|1|4|1|1|1|1
3478796|1|1|1|406.4033617|47|2|1|4|1|1|1|1
3478797|1|1|1|626.81729646|47|2|1|4|1|1|1|1
3478798|1|1|1|339.70498656|47|2|1|4|1|1|1|1
3478799|1|1|1|304.4666131|47|1|1|1|2|2|2|2
3478800|1|1|1|433.44810234|47|1|1|1|2|2|2|2
3478801|1|1|1|501.56029267|47|1|1|1|2|2|2|2
3478802|1|1|1|314.26895154|47|1|1|1|2|2|2|2
3478803|1|1|1|558.67443403|47|1|1|1|2|2|2|2
3478804|1|1|1|398.47353902|47|1|1|1|2|2|2|2
3478805|1|1|1|542.84061546|47|1|1|1|2|2|2|2
3478806|1|1|1|332.02851723|47|2|1|1|2|2|2|2
3478807|1|1|1|437.75278411|47|1|1|1|2|2|2|2
3478808|1|1|1|247.49622987|47|2|1|2|1|1|1|1
3478809|1|1|1|597.06741444|47|2|1|2|1|1|1|1
3478810|1|1|1|555.04774633|47|2|1|2|1|1|1|1
3478811|1|1|1|699.14236913|47|2|1|2|1|1|1|1
3478813|1|1|1|416.42279754|47|1|1|2|1|1|1|1
3478814|1|1|1|378.90171578|47|2|1|2|1|1|1|1
3478815|1|1|1|499.99729468|47|1|1|2|1|1|1|1
3478816|1|1|1|298.18961354|47|1|1|2|1|1|1|1
3478817|1|1|1|419.95029624|47|1|1|2|1|1|1|1
3478818|1|1|1|477.46308985|47|2|1|2|1|1|1|1
3478819|1|1|1|503.35944124|47|2|1|1|2|1|1|1
3478820|1|1|1|455.11242217|47|2|1|1|1|1|1|1
3478821|1|1|1|473.24625309|47|2|1|1|2|1|1|2
3478822|1|1|1|747.23491598|47|2|1|1|2|1|1|1
3478823|1|1|1|473.24625309|47|1|1|1|1|1|1|1
3478824|1|1|1|505.57575851|47|1|1|1|1|1|1|1
3478825|1|1|1|473.24625309|47|2|1|1|2|1|1|1
3478826|1|1|1|729.10108505|47|1|1|1|1|1|1|1
3478827|1|1|1|468.59254307|47|2|1|1|1|1|1|1
3478828|1|1|1|377.28383278|47|1|1|1|1|1|1|1
3478829|1|1|1|520.36267576|47|1|1|1|1|1|1|1
3478830|1|1|1|314.88331815|47|1|1|1|1|1|1|1
3478831|1|1|1|385.78995835|47|1|1|1|1|1|1|1
3478832|1|1|1|323.16488637|47|1|1|1|1|1|1|1
3478833|1|1|1|501.76644117|47|1|1|1|1|1|1|1
3478834|1|1|1|521.49327216|47|1|1|1|1|1|1|1
3478835|1|1|1|682.001204|47|1|1|1|1|2|2|2
3478836|1|1|1|617.65594597|47|1|1|1|2|2|2|2
3478837|1|1|1|491.02645835|47|1|1|1|2|2|2|2
3478838|1|1|1|493.92733433|47|1|1|1|2|2|2|2
3478839|1|1|1|617.65594597|47|2|1|1|1|1|1|1
3478840|1|1|1|430.78220435|47|1|1|1|2|2|2|2
3478841|1|1|1|397.76466052|47|2|1|1|1|2|2|2
3478842|1|1|1|617.65594597|47|1|1|1|2|2|2|2
3478843|1|1|1|397.76466052|47|1|1|1|2|2|2|2
3478844|1|1|1|262.95384392|47|2|1|6|1|1|1|1
3478845|1|1|1|241.57744504|47|2|1|6|1|1|1|1
3478846|1|1|1|298.14883908|47|2|1|6|1|1|1|1
3478847|1|1|1|238.4190602|47|2|1|6|1|1|1|1
3478848|1|1|1|226.46999104|47|2|1|6|1|1|1|1
3478849|1|1|1|469.50012098|47|2|1|6|1|1|1|1
3478850|1|1|1|237.13852133|47|2|1|6|1|1|1|1
3478851|1|1|1|280.16136909|47|2|1|6|1|1|1|1
3478852|1|1|1|249.9071228|47|2|1|6|1|1|1|1
3478853|1|1|1|356.86787989|47|1|1|6|1|1|1|1
3478854|1|1|1|469.48377553|47|1|1|3|1|1|1|1
3478855|1|1|1|276.05648712|47|1|1|3|1|1|1|1
3478856|1|1|1|385.00795096|47|1|1|3|1|1|1|1
3478857|1|1|1|395.14186746|47|1|1|3|1|1|1|1
3478858|1|1|1|263.3224762|47|1|1|3|1|1|1|1
3478860|1|1|1|313.57383375|47|1|1|3|1|1|1|1
3478861|1|1|1|412.8214695|47|1|1|3|1|1|1|1
3478862|1|1|1|402.68755299|47|1|1|3|1|1|1|1
3478863|1|1|1|308.39702676|47|1|1|3|1|1|1|1
3478864|1|1|1|389.79426145|47|1|1|2|1|1|1|1
3478865|1|1|1|315.49750206|47|2|1|2|1|1|1|1
3478866|1|1|1|356.10711186|47|2|1|3|1|1|1|1
3478867|1|1|1|223.3456994|47|1|1|3|1|1|1|1
3478868|1|1|1|335.57296083|47|1|1|3|1|1|1|1
3478869|1|1|1|247.74476266|47|1|1|3|1|1|1|1
3478870|1|1|1|234.72213385|47|1|1|3|1|1|1|1
3478871|1|1|1|288.35437246|47|1|1|2|1|1|1|1
3478872|1|1|1|329.77413129|47|1|1|3|1|1|1|1
3478873|1|1|1|621.5763534|50|3|1|3|1|1|1|1
3478874|1|1|1|912.6494506|50|1|1|3|1|1|1|1
3478875|1|1|1|700.13994786|50|2|1|3|1|1|1|1
3478876|1|1|1|621.5763534|50|3|1|3|1|1|1|1
3478877|1|1|1|621.5763534|50|3|1|3|2|1|1|1
3478878|1|1|1|621.5763534|50|3|1|3|1|1|1|1
3478879|1|1|1|944.92032716|50|1|1|3|1|1|1|1
3478880|1|1|1|694.51198872|50|1|1|3|1|1|1|1
3478881|1|1|1|613.745332|50|2|1|3|1|1|1|1
3478882|1|1|1|550.51381118|50|1|1|1|1|1|1|1
3478883|1|1|1|549.69337376|50|1|1|1|1|1|1|1
3478884|1|1|1|486.83334662|50|1|1|1|1|1|1|1
3478885|1|1|1|555.4909179|50|1|1|1|1|1|1|1
3478886|1|1|1|777.28916933|50|2|1|1|1|1|1|1
3478887|1|1|1|696.75157487|50|1|1|1|1|1|1|1
3478888|1|1|1|542.48124017|50|1|1|1|1|1|1|1
3478889|1|1|1|435.65088709|50|2|1|2|1|1|1|1
3478890|1|1|1|575.85721886|50|1|1|2|1|1|1|1
3478891|1|1|1|575.85721886|50|1|1|2|1|1|1|1
3478892|1|1|1|466.20436567|50|2|1|2|1|1|1|1
3478893|1|1|1|286.20636068|50|1|1|1|1|1|1|1
3478894|1|1|1|257.91753893|50|1|1|1|1|1|1|1
3478895|1|1|1|348.80038793|50|2|1|1|1|1|1|1
3478896|1|1|1|317.07062994|50|1|1|1|1|1|1|1
3478897|1|1|1|246.76615776|50|1|1|1|1|1|1|2
3478898|1|1|1|283.99537674|50|1|1|1|1|1|1|1
3478899|1|1|1|263.26183097|50|1|1|1|1|1|1|1
3478900|1|1|1|348.80038793|50|2|1|1|1|1|1|1
3478901|1|1|1|379.11923242|50|2|1|1|1|1|1|1
3478902|1|1|1|534.94037352|50|1|1|2|1|1|1|1
3478903|1|1|1|423.62848674|50|2|1|2|1|1|1|1
3478904|1|1|1|410.79784181|50|1|1|2|1|1|1|1
3478905|1|1|1|441.39780383|50|1|1|2|1|1|1|1
3478906|1|1|1|374.47990345|50|2|1|2|1|1|1|1
3478907|1|1|1|479.40873138|50|1|1|2|1|1|1|1
3478908|1|1|1|220.21734973|50|2|1|2|1|1|1|1
3478909|1|1|1|335.45390501|50|2|1|2|1|1|1|1
3478910|1|1|1|380.42200932|50|1|1|2|1|1|1|1
3478911|1|1|1|496.56071249|50|1|1|2|1|1|1|1
3478912|1|1|1|287.89272223|50|1|1|2|1|1|1|1
3478913|1|1|1|388.00364375|50|1|1|2|1|1|1|1
3478914|1|1|1|433.86825923|50|2|1|2|1|1|1|1
3478915|1|1|1|481.23332956|50|1|1|2|1|1|1|1
3478916|1|1|1|276.25615707|50|2|1|2|1|1|1|1
3478917|1|1|1|393.0062741|50|2|1|2|1|1|1|1
3478918|1|1|1|340.10502147|50|1|1|2|1|1|1|1
3478919|1|1|1|397.30850572|50|2|1|2|1|1|1|1
3478920|1|1|1|500.09996276|50|2|1|3|1|1|1|1
3478921|1|1|1|689.30769531|50|2|1|3|1|1|1|1
3478922|1|1|1|689.30769531|50|2|1|3|1|1|1|1
3478923|1|1|1|500.09996276|50|2|1|3|1|1|1|1
3478924|1|1|1|631.61722623|50|2|1|3|1|1|1|1
3478925|1|1|1|623.5772846|50|2|1|3|1|1|1|1
3478926|1|1|1|634.18252352|50|2|1|3|1|1|1|1
3478927|1|1|1|689.30769531|50|2|1|3|1|1|1|1
3478928|1|1|1|651.89246471|50|2|1|3|1|1|1|1
3478929|1|1|1|666.56421643|50|2|1|2|1|1|1|1
3478930|1|1|1|519.58749385|50|2|1|2|1|1|1|1
3478931|1|1|1|812.96520593|50|2|1|2|1|1|1|1
3478932|1|1|1|534.04332319|50|2|1|2|1|1|1|1
3478933|1|1|1|498.58662761|50|1|1|2|1|1|1|1
3478934|1|1|1|812.96520593|50|1|1|2|1|1|1|1
3478935|1|1|1|487.97038419|50|2|1|2|1|1|1|1
3478936|1|1|1|277.53344066|50|1|1|3|1|1|1|1
3478937|1|1|1|277.53344066|50|1|1|3|1|1|1|1
3478938|1|1|1|277.53344066|50|1|1|3|1|1|1|1
3478939|1|1|1|336.86252065|50|1|1|3|1|1|1|1
3478940|1|1|1|287.50763937|50|1|1|3|1|1|1|1
3478941|1|1|1|277.53344066|50|1|1|3|1|1|1|1
3478942|1|1|1|309.43093592|50|1|1|3|1|1|1|1
3478943|1|1|1|239.55753966|50|1|1|2|1|1|1|1
3478944|1|1|1|306.67745567|50|2|1|2|1|1|1|1
3478945|1|1|1|443.06438554|50|1|1|2|1|1|1|1
3478946|1|1|1|406.91169158|50|1|1|2|1|1|1|1
3478947|1|1|1|422.72845303|50|2|1|2|1|1|1|1
3478948|1|1|1|374.76645511|50|2|1|2|1|1|1|1
3478949|1|1|1|326.10179278|50|1|1|2|1|1|1|1
3478950|1|1|1|373.5812519|50|2|1|3|1|1|1|1
3478951|1|1|1|322.01558578|50|2|1|3|1|1|1|1
3478952|1|1|1|340.67448834|50|2|1|3|1|1|1|1
3478953|1|1|1|408.35167368|50|2|1|3|1|1|1|1
3478954|1|1|1|326.04399894|50|2|1|3|1|1|1|1
3478955|1|1|1|413.31675467|50|2|1|3|1|1|1|1
3478956|1|1|1|574.62842913|50|1|1|3|1|1|1|1
3478957|1|1|1|362.14856975|50|1|1|3|1|1|1|1
3478958|1|1|1|400.07997021|50|2|1|3|1|1|1|1
3478959|1|1|1|502.07780433|50|1|1|3|1|1|1|1
3478960|1|1|1|350.3557578|50|1|1|3|1|1|1|1
3478961|1|1|1|505.29378098|50|1|1|2|1|1|1|1
3478962|1|1|1|450.5645704|50|1|1|3|1|1|1|1
3478963|1|1|1|506.24528749|50|1|1|2|1|1|1|1
3478964|1|1|1|425.19251811|50|1|1|2|1|1|1|1
3478965|1|1|1|551.27052705|50|2|1|2|1|1|1|1
3478966|1|1|1|497.60878619|50|1|1|2|1|1|1|1
3478967|1|1|1|292.5069481|50|1|1|4|1|2|1|1
3478968|1|1|1|352.32362418|50|1|1|4|1|2|1|1
3478969|1|1|1|350.89845901|50|1|1|4|1|2|1|1
3478970|1|1|1|382.94871962|50|1|1|4|1|2|1|1
3478971|1|1|1|328.39848694|50|1|1|4|1|2|1|1
3478972|1|1|1|350.09030706|50|1|1|4|1|2|1|1
3478973|1|1|1|255.33334057|50|1|1|4|1|2|1|1
3478974|1|1|1|467.82882147|50|1|1|4|1|2|1|1
3478975|1|1|1|348.6651419|50|1|1|4|1|2|1|1
3478976|1|1|1|352.32362418|50|1|1|4|1|2|1|1
3478977|1|1|1|367.74585071|52|1|1|1|1|1|1|1
3478978|1|1|1|367.74585071|52|1|1|1|1|1|1|1
3478979|1|1|1|257.92234977|52|2|1|1|1|1|1|1
3478980|1|1|1|291.12009156|52|2|1|1|1|1|1|1
3478981|1|1|1|728.96022805|52|1|1|1|2|1|1|1
3478982|1|1|1|159.11250932|52|2|1|3|2|1|1|1
3478983|1|1|1|193.62623375|52|1|1|3|2|1|1|1
3478984|1|1|1|205.08796481|52|1|1|3|2|1|1|1
3478985|1|1|1|200.3390492|52|1|1|3|2|1|1|1
3478986|1|1|1|200.72886536|52|1|1|3|2|1|1|1
3478987|1|1|1|75.634999353|52|1|1|3|2|1|1|1
3478988|1|1|1|453.80999612|52|2|1|3|2|1|1|1
3478989|1|1|1|207.4416808|52|1|1|3|1|1|1|1
3478990|1|1|1|75.634999353|52|2|1|3|2|1|1|1
3478991|1|1|1|291.12009156|52|4|1|1|2|1|1|1
3478992|1|1|1|367.74585071|52|2|1|1|1|1|1|1
3478993|1|1|1|310.22297665|52|2|1|1|1|1|1|1
3478994|1|1|1|126.05833226|52|2|1|1|1|1|1|1
3478995|1|1|1|126.05833226|52|2|1|1|1|1|1|1
3478996|1|1|1|126.05833226|52|4|1|1|1|1|1|1
3478997|1|1|1|355.90813137|52|2|1|1|1|1|1|1
3478998|1|1|1|340.51091651|52|4|1|2|1|1|1|1
3478999|1|1|1|605.07999483|52|2|1|2|2|1|1|1
3479000|1|1|1|242.36624872|52|2|1|2|2|1|1|1
3479001|1|1|1|248.17838132|52|4|1|2|2|1|1|1
3479002|1|1|1|278.39461762|52|4|1|1|2|1|1|1
3479003|1|1|1|319.76485568|52|2|1|2|1|1|1|1
3479004|1|1|1|355.79322458|52|2|1|2|1|1|1|1
3479005|1|1|1|251.92813975|52|2|1|4|2|1|1|1
3479006|1|1|1|341.83944179|52|2|1|4|2|1|1|1
3479007|1|1|1|330.59360842|52|2|1|4|1|1|1|1
3479008|1|1|1|287.80992035|52|2|1|4|1|1|1|1
3479009|1|1|1|276.56408698|52|2|1|4|1|1|1|1
3479010|1|1|1|338.1127248|52|2|1|4|2|1|1|1
3479011|1|1|1|338.1127248|52|2|1|4|2|1|1|1
3479012|1|1|1|330.59360842|52|2|1|4|2|1|1|1
3479013|1|1|1|84.817136833|52|2|1|1|1|1|1|1
3479014|1|1|1|84.802878063|52|1|1|1|1|1|1|1
3479015|1|1|1|84.802878063|52|2|1|1|1|1|1|1
3479016|1|1|1|165.54784229|52|1|1|1|2|1|1|1
3479017|1|1|1|203.80798188|52|2|1|1|1|1|1|1
3479018|1|1|1|203.80798188|52|2|1|1|1|1|1|1
3479019|1|1|1|195.84442523|52|2|1|1|2|1|1|1
3479020|1|1|1|208.69545702|52|2|1|1|2|1|1|1
3479021|1|1|1|84.802878063|52|1|1|1|1|1|1|1
3479022|1|1|1|267.87507825|52|2|1|2|2|1|1|1
3479023|1|1|1|306.25525557|52|2|1|2|1|1|1|1
3479024|1|1|1|261.60166528|52|2|1|2|2|1|1|1
3479025|1|1|1|300.48942854|52|2|1|2|2|1|1|1
3479026|1|1|1|251.37988858|52|2|1|2|2|1|1|1
3479027|1|1|1|108.85036944|52|2|1|2|1|1|1|1
3479028|1|1|1|653.10221664|52|2|1|2|1|1|1|1
3479029|1|1|1|255.19506615|52|1|1|2|1|1|1|1
3479030|1|1|1|230.85005551|52|1|1|2|2|1|1|1
3479031|1|1|1|236.17784373|52|1|1|2|2|1|1|1
3479032|1|1|1|236.6542857|52|2|1|2|1|1|1|1
3479033|1|1|1|92.442776987|52|1|1|2|2|1|1|1
3479034|1|1|1|227.49684954|52|1|1|2|2|1|1|1
3479035|1|1|1|260.99929634|52|1|1|2|2|1|1|1
3479036|1|1|1|172.11220778|52|1|1|3|1|1|1|1
3479037|1|1|1|67.231110536|52|2|1|3|2|1|1|1
3479038|1|1|1|182.30041316|52|1|1|3|1|1|1|1
3479039|1|1|1|330.86626667|52|2|1|3|2|1|1|1
3479040|1|1|1|67.231110536|52|1|1|3|1|1|1|1
3479041|1|1|1|396.29604519|52|2|1|3|2|1|1|1
3479042|1|1|1|223.71127909|52|1|1|3|1|1|1|1
3479043|1|1|1|165.45225421|52|1|1|3|1|1|1|1
3479044|1|1|1|189.1430565|52|2|1|2|1|1|1|1
3479045|1|1|1|227.49684954|52|2|1|2|1|1|1|1
3479046|1|1|1|92.442776987|52|1|1|2|1|1|1|1
3479047|1|1|1|554.65666192|52|2|1|2|1|1|1|1
3479048|1|1|1|368.32723018|52|1|1|2|1|1|1|1
3479049|1|1|1|92.442776987|52|1|1|2|1|1|1|1
3479050|1|1|1|227.49684954|52|1|1|2|1|1|1|1
3479051|1|1|1|208.95606909|52|2|1|2|1|1|1|1
3479052|1|1|1|227.97329151|52|1|1|2|1|1|1|1
3479053|1|1|1|265.18751553|52|2|1|1|1|1|1|1
3479054|1|1|1|126.05833226|52|2|1|1|1|1|1|1
3479055|1|1|1|756.34999353|52|2|1|1|1|1|1|1
3479056|1|1|1|464.49410941|52|2|1|1|1|1|1|1
3479057|1|1|1|399.7060696|52|2|1|1|1|1|1|1
3479058|1|1|1|126.05833226|52|2|1|1|2|1|1|1
3479059|1|1|1|126.05833226|52|1|1|1|1|1|1|1
3479060|1|1|1|126.05833226|52|2|1|1|1|1|1|1
3479061|1|1|1|229.02093937|52|1|1|4|1|1|1|1
3479062|1|1|1|243.06721755|52|1|1|4|2|1|1|1
3479063|1|1|1|237.90087746|52|1|1|4|1|1|1|1
3479064|1|1|1|264.29774983|52|1|1|4|1|1|1|1
3479065|1|1|1|261.50816051|52|1|1|4|1|1|1|1
3479066|1|1|1|89.641480715|52|2|1|4|1|1|1|1
3479067|1|1|1|330.30692225|52|1|1|4|2|1|1|1
3479068|1|1|1|243.06721755|52|2|1|4|1|1|1|1
3479069|1|1|1|302.67637023|52|2|1|4|1|1|1|1
3479070|1|1|1|180.02572752|52|1|1|2|1|1|1|1
3479071|1|1|1|102.15134608|52|2|1|2|2|1|1|1
3479072|1|1|1|347.13663108|52|2|1|2|1|1|1|1
3479073|1|1|1|206.89118828|52|1|1|2|1|1|1|1
3479074|1|1|1|258.77341472|52|2|1|1|2|1|1|1
3479075|1|1|1|316.36278344|52|2|1|1|1|1|1|1
3479076|1|1|1|395.32580509|52|2|1|1|1|1|1|1
3479077|1|1|1|275.75375702|52|2|1|1|1|1|1|1
3479078|1|1|1|258.77341472|52|2|1|1|2|1|1|1
3479079|1|1|1|540.92136059|52|2|1|1|1|1|1|1
3479080|1|1|1|425.63864563|52|1|1|1|2|1|1|1
3479081|1|1|1|355.90813137|52|2|1|1|2|2|2|2
3479082|1|1|1|719.220195|52|1|1|1|1|1|1|1
3479083|1|1|1|265.18751553|52|2|1|1|2|1|1|1
3479084|1|1|1|399.7060696|52|2|1|1|1|1|1|1
3479085|1|1|1|534.22462368|52|2|1|1|1|1|1|1
3479086|1|1|1|355.90813137|52|1|1|1|2|1|1|1
3479087|1|1|1|126.05833226|52|1|1|1|1|2|1|1
3479088|1|1|1|126.05833226|52|1|1|1|1|1|1|1
3479089|1|1|1|702.34025596|54|2|1|1|1|1|1|1
3479090|1|1|1|1123.3449274|54|1|1|1|1|1|1|1
3479091|1|1|1|702.34025596|54|1|1|2|1|1|1|1
3479092|1|1|1|1143.0360933|54|2|1|1|1|1|1|1
3479093|1|1|1|1573.3702208|54|1|1|2|1|1|1|1
3479094|1|1|1|1264.0127196|54|2|1|1|1|1|1|1
3479095|1|1|1|2017.4690579|54|1|1|2|2|1|1|1
3479096|1|1|1|702.34025596|54|1|1|1|1|1|1|1
3479097|1|1|1|528.40646216|54|1|1|1|1|1|1|1
3479098|1|1|1|803.53841007|54|2|1|1|1|1|1|1
3479099|1|1|1|1673.6354071|54|2|1|1|1|1|1|1
3479100|1|1|1|528.40646216|54|2|1|1|1|1|1|1
3479101|1|1|1|880.4935177|54|2|1|1|1|1|1|1
3479102|1|1|1|1138.4801296|54|2|1|1|1|1|1|1
3479103|1|1|1|528.40646216|54|2|1|1|1|1|1|1
3479104|1|1|1|528.40646216|54|1|1|1|1|1|1|1
3479105|1|1|1|1130.4349999|54|1|1|1|1|1|1|1
3479106|1|1|1|1690.9006789|54|1|1|1|1|1|1|1
3479107|1|1|1|422.72516973|54|1|1|1|1|1|1|1
3479108|1|1|1|501.77520276|54|1|1|1|1|1|1|1
3479109|1|1|1|1214.2760474|54|2|1|1|1|1|1|1
3479110|1|1|1|1057.0134441|54|1|1|1|1|1|1|1
3479111|1|1|1|422.72516973|54|1|1|1|1|1|1|1
3479112|1|1|1|704.39481416|54|1|1|1|1|1|1|1
3479113|1|1|1|862.31619525|54|1|1|1|1|1|1|1
3479114|1|1|1|541.91649438|54|2|1|1|1|1|1|1
3479115|1|1|1|528.40646216|54|2|1|1|1|1|1|1
3479116|1|1|1|1289.5583798|54|2|1|1|1|1|1|1
3479117|1|1|1|710.23608715|54|1|1|4|1|1|1|1
3479118|1|1|1|317.0438773|54|1|1|4|1|1|1|1
3479119|1|1|1|371.90768867|54|1|1|4|1|1|1|1
3479120|1|1|1|373.94918861|54|1|1|4|1|1|1|1
3479121|1|1|1|1430.5738992|54|1|1|4|1|1|1|1
3479122|1|1|1|373.94918861|54|1|1|4|1|1|1|1
3479123|1|1|1|443.87806398|54|1|1|4|1|1|1|1
3479124|1|1|1|443.87806398|54|1|1|4|1|1|1|1
3479125|1|1|1|373.94918861|54|1|1|4|1|1|1|1
3479126|1|1|1|1495.7967544|54|1|1|4|1|1|1|1
3479127|1|1|1|373.94918861|54|1|1|4|1|1|1|1
3479128|1|1|1|974.33299805|54|1|1|2|2|1|1|1
3479129|1|1|1|1131.3054225|54|2|1|2|1|1|1|1
3479130|1|1|1|1028.1647341|54|2|1|2|1|1|1|1
3479131|1|1|1|1596.9617523|54|1|1|2|1|1|1|1
3479132|1|1|1|399.24043808|54|1|1|2|1|1|1|1
3479133|1|1|1|665.26176893|54|1|1|2|1|1|1|1
3479134|1|1|1|399.24043808|54|1|1|2|1|1|1|1
3479135|1|1|1|412.32404842|54|1|1|2|1|1|1|1
3479136|1|1|1|718.5192471|54|1|1|2|1|1|1|1
3479137|1|1|1|399.24043808|54|1|1|2|1|1|1|1
3479138|1|1|1|399.24043808|54|1|1|2|1|1|1|1
3479139|1|1|1|1440.3766517|54|2|1|2|1|1|1|1
3479140|1|1|1|457.95226721|54|1|1|2|1|1|1|1
3479141|1|1|1|1095.961139|54|2|1|3|1|1|1|1
3479142|1|1|1|925.59331874|54|1|1|3|1|1|1|1
3479143|1|1|1|943.38516969|54|2|1|3|2|1|1|1
3479144|1|1|1|723.88059068|54|2|1|3|1|1|1|1
3479145|1|1|1|457.95226721|54|2|1|3|1|1|1|1
3479146|1|1|1|1117.6172625|54|2|1|3|1|1|1|1
3479147|1|1|1|925.59331874|54|2|1|3|1|1|1|1
3479148|1|1|1|1780.8735251|54|1|1|3|1|1|1|1
3479149|1|1|1|457.95226721|54|1|1|3|1|1|1|1
3479150|1|1|1|457.95226721|54|1|1|3|1|1|1|1
3479151|1|1|1|510.79291342|54|1|1|2|1|1|1|1
3479152|1|1|1|510.79291342|54|2|1|2|1|1|1|1
3479153|1|1|1|510.79291342|54|2|1|2|1|1|1|1
3479154|1|1|1|510.79291342|54|1|1|2|1|1|1|1
3479155|1|1|1|1467.2502239|54|2|1|2|1|1|1|1
3479156|1|1|1|851.14373377|54|2|1|2|1|1|1|1
3479157|1|1|1|1001.74107|54|2|1|2|1|1|1|1
3479158|1|1|1|1277.2245783|54|2|1|2|1|1|1|1
3479159|1|1|1|919.28197791|54|1|1|2|1|1|1|1
3479160|1|1|1|2016.0144931|54|2|1|2|1|1|1|1
3479161|1|1|1|1917.2247711|54|2|1|2|1|1|1|1
3479162|1|1|1|510.79291342|54|1|1|2|1|1|1|1
3479163|1|1|1|475.56581594|54|1|1|2|1|1|1|1
3479164|1|1|1|475.56581594|54|2|1|2|1|1|1|1
3479165|1|1|1|742.25566067|54|1|1|2|1|1|1|1
3479166|1|1|1|475.56581594|54|1|1|2|1|1|1|1
3479167|1|1|1|1001.3280372|54|1|1|2|1|1|1|1
3479168|1|1|1|1065.3541307|54|2|1|2|2|1|1|1
3479169|1|1|1|1734.2189292|54|2|1|2|2|1|1|1
3479170|1|1|1|1516.3332962|54|1|1|2|1|1|1|1
3479171|1|1|1|789.15120795|54|2|1|1|1|1|1|1
3479172|1|1|1|1167.0603431|54|2|1|1|1|1|1|1
3479173|1|1|1|1115.756938|54|2|1|1|1|1|1|1
3479174|1|1|1|705.50687815|54|1|1|2|1|1|1|1
3479175|1|1|1|705.50687815|54|1|1|2|1|1|1|1
3479176|1|1|1|1613.9706817|54|2|1|2|1|1|1|1
3479177|1|1|1|2822.0275126|54|2|1|2|1|1|1|1
3479178|1|1|1|705.50687815|54|1|1|2|1|1|1|1
3479179|1|1|1|1242.3021723|54|1|1|2|1|1|1|1
3479180|1|1|1|827.59343797|54|2|1|2|1|1|1|1
3479181|1|1|1|885.16768113|54|2|1|2|1|1|1|1
3479182|1|1|1|259.62124292|54|2|1|2|1|1|1|1
3479183|1|1|1|850.02878971|54|1|1|2|1|1|1|1
3479184|1|1|1|432.61170674|54|2|1|2|2|1|1|1
3479185|1|1|1|432.61170674|54|1|1|2|1|1|1|1
3479186|1|1|1|415.24631942|54|1|1|2|1|2|1|1
3479187|1|1|1|745.76079033|54|1|1|2|1|1|1|1
3479188|1|1|1|349.64082577|54|2|1|2|2|1|1|1
3479189|1|1|1|259.62124292|54|1|1|2|2|1|1|1
3479190|1|1|1|544.1620996|54|1|1|2|1|1|1|1
3479191|1|1|1|526.35177153|54|1|1|2|1|1|1|1
3479192|1|1|1|259.62124292|54|1|1|2|2|1|1|1
3479193|1|1|1|865.74081063|54|1|1|2|1|1|1|1
3479194|1|1|1|1164.0858053|54|1|1|2|1|1|1|1
3479195|1|1|1|452.0191283|54|1|1|2|1|1|1|1
3479196|1|1|1|452.0191283|54|1|1|2|1|1|1|1
3479197|1|1|1|725.52530808|54|1|1|2|1|1|1|1
3479198|1|1|1|929.095198|54|1|1|2|1|1|1|1
3479199|1|1|1|813.50587958|54|1|1|2|1|1|1|1
3479200|1|1|1|1808.0765132|54|1|1|2|1|1|1|1
3479201|1|1|1|184.07663743|63|1|1|2|1|1|1|1
3479202|1|1|1|562.60085943|63|1|1|2|1|1|1|1
3479203|1|1|1|214.44248045|63|1|1|2|1|1|1|1
3479204|1|1|1|207.99484688|63|1|1|2|1|1|1|1
3479205|1|1|1|281.24799908|63|1|1|2|1|1|1|1
3479206|1|1|1|186.60752355|63|2|1|2|1|1|1|1
3479207|1|1|1|251.88880679|63|1|1|2|1|1|1|1
3479208|1|1|1|333.29547277|63|1|1|2|1|1|1|1
3479209|1|1|1|406.54862496|63|1|1|2|1|1|1|1
3479210|1|1|1|170.54852054|63|1|1|2|1|1|1|1
3479211|1|1|1|170.54852054|63|1|1|2|1|1|1|1
3479212|1|1|1|211.00570511|63|2|1|1|1|1|1|1
3479213|1|1|1|147.32172912|63|2|1|1|1|1|1|1
3479214|1|1|1|198.85958431|63|2|1|1|1|1|1|1
3479215|1|1|1|481.13718865|63|2|1|1|1|1|1|1
3479216|1|1|1|120.28429716|63|2|1|1|1|1|1|1
3479217|1|1|1|161.09399043|63|2|1|1|1|1|1|1
3479218|1|1|1|211.00570511|63|2|1|1|1|1|1|1
3479219|1|1|1|198.85958431|63|2|1|1|1|1|1|1
3479220|1|1|1|188.24483546|63|2|1|3|1|1|1|1
3479221|1|1|1|212.70464452|63|2|1|3|1|1|1|1
3479222|1|1|1|212.70464452|63|2|1|3|1|1|1|1
3479223|1|1|1|318.97094107|63|2|1|3|1|1|1|1
3479224|1|1|1|212.70464452|63|2|1|3|1|1|1|1
3479225|1|1|1|356.50813571|63|2|1|3|1|1|1|1
3479226|1|1|1|212.70464452|63|2|1|3|1|1|1|1
3479227|1|1|1|287.16043987|63|2|1|3|1|1|1|1
3479228|1|1|1|432.23266105|63|1|1|2|1|1|1|1
3479229|1|1|1|279.0188877|63|1|1|2|1|1|1|1
3479230|1|1|1|188.92075947|63|1|1|2|1|1|1|1
3479231|1|1|1|317.97649585|63|1|1|2|1|1|1|1
3479232|1|1|1|225.66987021|63|1|1|2|1|1|1|1
3479233|1|1|1|189.37848508|63|1|1|2|1|1|1|1
3479234|1|1|1|250.21750623|63|1|1|2|1|1|2|1
3479235|1|1|1|274.30741664|63|1|1|2|1|1|1|1
3479236|1|1|1|274.30741664|63|1|1|2|1|1|1|1
3479237|1|1|1|274.30741664|63|1|1|2|1|1|1|1
3479238|1|1|1|460.91635221|63|1|1|2|1|1|1|1
3479239|1|1|1|342.06640626|63|1|1|2|1|1|1|1
3479240|1|1|1|153.25936086|63|2|1|3|1|1|1|1
3479241|1|1|1|169.34662816|63|1|1|3|1|1|1|1
3479242|1|1|1|185.60227869|63|2|1|3|1|1|1|1
3479243|1|1|1|153.25936086|63|2|1|3|1|1|1|1
3479244|1|1|1|207.23536774|63|1|1|3|1|1|1|1
3479245|1|1|1|391.37867269|63|2|1|3|1|1|1|1
3479246|1|1|1|185.60227869|63|1|1|3|1|1|1|1
3479247|1|1|1|277.92905565|63|2|1|3|1|1|1|1
3479248|1|1|1|229.28157593|63|2|1|3|1|1|1|1
3479249|1|1|1|201.68954599|63|1|1|3|1|1|1|1
3479250|1|1|1|267.17031551|63|2|1|3|1|1|1|1
3479251|1|1|1|449.06137607|63|1|1|3|1|1|1|1
3479252|1|1|1|198.85958431|63|2|1|3|1|1|1|1
3479253|1|1|1|145.32366113|63|2|1|3|1|1|1|1
3479254|1|1|1|192.12290817|63|2|1|4|1|1|1|1
3479255|1|1|1|256.69102025|63|1|1|4|1|1|1|1
3479256|1|1|1|255.27739678|63|2|1|4|1|1|1|1
3479257|1|1|1|303.56652372|63|2|1|3|1|2|1|1
3479258|1|1|1|156.36958631|63|2|1|3|1|1|1|1
3479259|1|1|1|333.24060072|63|2|1|3|2|1|1|1
3479260|1|1|1|319.35648075|63|1|1|3|1|1|1|1
3479261|1|1|1|510.40693346|63|2|1|3|1|1|1|1
3479262|1|1|1|279.08701426|63|2|1|3|1|1|1|1
3479263|1|1|1|362.56783436|63|2|1|3|1|1|1|1
3479264|1|1|1|319.35648075|63|2|1|3|1|1|1|1
3479265|1|1|1|156.36958631|63|2|1|3|1|1|1|1
3479266|1|1|1|368.5416|63|2|1|3|1|1|1|1
3479267|1|1|1|189.37848508|63|2|1|3|1|1|1|1
3479268|1|1|1|288.64926221|63|2|1|3|1|1|1|1
3479269|1|1|1|178.74341991|63|2|1|3|1|1|1|1
3479270|1|1|1|490.75993242|63|2|1|3|1|1|1|1
3479271|1|1|1|166.17035789|63|2|1|3|1|1|1|1
3479272|1|1|1|256.63279889|63|2|1|3|1|1|1|1
3479273|1|1|1|280.72615498|63|2|1|3|1|1|1|1
3479274|1|1|1|194.8291558|63|2|1|3|1|1|1|1
3479275|1|1|1|256.63279889|63|2|1|3|1|1|1|1
3479276|1|1|1|250.57200798|63|2|1|3|1|1|1|1
3479277|1|1|1|256.63279889|63|2|1|3|1|1|1|1
3479278|1|1|1|255.34357811|63|2|1|5|1|1|1|1
3479279|1|1|1|282.50765605|63|2|1|5|1|1|1|1
3479280|1|1|1|255.34357811|63|2|1|5|1|1|1|1
3479281|1|1|1|242.65656087|63|2|1|5|1|1|1|1
3479282|1|1|1|211.50823404|63|2|1|5|1|1|1|1
3479283|1|1|1|482.45822452|63|2|1|5|1|1|1|1
3479284|1|1|1|255.34357811|63|2|1|5|1|1|1|1
3479285|1|1|1|255.34357811|63|2|1|5|1|1|1|1
3479286|1|1|1|163.54287252|63|2|1|5|1|1|1|1
3479287|1|1|1|336.38210291|63|1|1|5|1|1|1|1
3479288|1|1|1|292.25925565|63|2|1|4|1|1|1|1
3479289|1|1|1|142.97864692|63|2|1|5|1|1|1|1
3479290|1|1|1|292.25925565|63|2|1|5|1|1|1|1
3479291|1|1|1|292.25925565|63|2|1|4|1|1|1|1
3479292|1|1|1|267.17606981|63|2|1|4|1|1|1|1
3479293|1|1|1|272.58141675|63|2|1|5|1|1|1|1
3479294|1|1|1|201.96535327|63|1|1|3|1|1|1|1
3479295|1|1|1|377.40117484|63|1|1|3|1|1|1|1
3479296|1|1|1|269.96518106|63|1|1|3|1|1|1|1
3479297|1|1|1|437.01621974|63|1|1|3|1|1|1|1
3479298|1|1|1|218.51363663|63|1|1|3|1|1|1|1
3479299|1|1|1|412.83258085|63|1|1|3|1|1|1|1
3479300|1|1|1|333.05684102|63|1|1|3|1|1|1|1
3479301|1|1|1|217.98549169|63|1|1|3|1|1|1|1
3479302|1|1|1|332.1284922|63|1|1|3|1|1|1|1
3479303|1|1|1|337.55102468|66|2|1|2|1|1|1|1
3479304|1|1|1|1053.9635481|66|2|1|2|1|1|2|1
3479305|1|1|1|525.02873058|66|2|1|2|1|1|1|1
3479306|1|1|1|525.02873058|66|2|1|2|1|1|1|1
3479308|1|1|1|337.55102468|66|2|1|2|1|1|1|1
3479309|1|1|1|267.83630956|66|2|1|2|1|1|1|1
3479310|1|1|1|1249.9027779|66|2|1|2|1|1|1|1
3479311|1|1|1|525.02873058|66|1|1|2|1|1|1|1
3479312|1|1|1|267.83630956|66|2|1|2|1|1|1|1
3479313|1|1|1|532.17291691|66|1|1|5|2|1|1|1
3479314|1|1|1|298.87455377|66|2|1|5|2|1|1|1
3479315|1|1|1|672.92308903|66|2|1|5|1|1|1|1
3479316|1|1|1|285.19607036|66|2|1|5|1|1|1|1
3479317|1|1|1|559.05837053|66|1|1|5|1|1|1|1
3479318|1|1|1|465.15834998|66|2|1|5|1|1|1|1
3479319|1|1|1|1080.1628945|66|2|1|2|1|1|1|1
3479320|1|1|1|291.71076207|66|2|1|3|1|1|1|1
3479321|1|1|1|324.25382052|66|2|1|3|1|1|1|1
3479322|1|1|1|324.25382052|66|2|1|3|1|1|1|1
3479323|1|1|1|324.25382052|66|2|1|2|1|1|1|1
3479324|1|1|1|736.24994063|66|2|1|2|1|1|1|1
3479325|1|1|1|1080.1628945|66|2|1|2|1|1|1|1
3479326|1|1|1|264.38493353|66|2|1|2|1|1|1|1
3479327|1|1|1|546.90634155|66|1|1|2|2|1|1|1
3479328|1|1|1|1080.1628945|66|1|1|2|1|1|1|1
3479329|1|1|1|965.83822286|66|2|1|2|1|1|1|1
3479330|1|1|1|257.91644624|66|2|1|5|1|1|1|1
3479331|1|1|1|257.91644624|66|2|1|6|1|1|1|1
3479332|1|1|1|361.31140001|66|2|1|6|1|1|1|1
3479333|1|1|1|361.31140001|66|2|1|6|1|1|1|1
3479334|1|1|1|325.04913487|66|2|1|6|1|1|1|1
3479335|1|1|1|257.91644624|66|2|1|6|1|1|1|1
3479336|1|1|1|257.91644624|66|2|1|6|1|1|1|1
3479337|1|1|1|289.16858975|66|2|1|2|1|1|1|1
3479338|1|1|1|312.54724507|66|2|1|2|1|1|1|1
3479339|1|1|1|247.99658292|66|1|1|2|1|1|1|1
3479340|1|1|1|347.4148077|66|2|1|2|1|1|1|1
3479341|1|1|1|247.99658292|66|2|1|2|1|1|1|1
3479342|1|1|1|421.1719094|66|2|1|2|1|1|1|1
3479343|1|1|1|347.4148077|66|1|1|2|1|1|1|1
3479344|1|1|1|312.54724507|66|2|1|2|1|1|1|1
3479345|1|1|1|585.1505122|66|1|1|2|1|1|1|1
3479346|1|1|1|396.05288078|66|1|1|3|1|1|1|1
3479347|1|1|1|554.19699339|66|1|1|3|1|1|1|1
3479348|1|1|1|396.05288078|66|2|1|3|1|1|1|1
3479349|1|1|1|601.606343|66|2|1|3|1|1|1|1
3479350|1|1|1|356.30385938|66|2|1|3|1|1|1|1
3479351|1|1|1|355.36841182|66|1|1|3|1|1|1|1
3479352|1|1|1|396.05288078|66|2|1|3|1|1|1|1
3479353|1|1|1|356.30385938|66|2|1|3|1|1|1|1
3479354|1|1|1|356.30385938|66|2|1|3|1|1|1|1
3479355|1|1|1|1024.6867829|66|1|1|2|1|1|1|1
3479356|1|1|1|577.79709704|66|1|1|2|1|1|1|1
3479357|1|1|1|485.89701109|66|1|1|2|1|1|1|1
3479358|1|1|1|328.17460732|66|1|1|2|1|1|1|1
3479359|1|1|1|364.78554809|66|1|1|2|1|1|1|1
3479360|1|1|1|328.17460732|66|1|1|2|1|1|1|1
3479361|1|1|1|504.15433278|66|2|1|2|1|1|1|1
3479362|1|1|1|864.03052753|66|2|1|2|1|1|1|1
3479363|1|1|1|455.4513549|66|1|1|2|1|1|1|1
3479364|1|1|1|260.39641207|66|1|1|2|1|1|1|1
3479365|1|1|1|328.17460732|66|1|1|2|1|1|1|1
3479366|1|1|1|248.96911854|66|2|1|5|1|1|1|1
3479367|1|1|1|609.73544265|66|2|1|5|1|1|1|1
3479368|1|1|1|260.91009638|66|2|1|5|1|1|1|1
3479369|1|1|1|791.93270924|66|2|1|5|1|1|1|1
3479370|1|1|1|290.30258422|66|2|1|5|1|1|1|1
3479371|1|1|1|313.77292054|66|2|1|5|1|1|1|1
3479372|1|1|1|1161.8558865|66|2|1|5|1|1|1|1
3479373|1|1|1|441.10346326|66|2|1|5|1|1|1|1
3479374|1|1|1|348.77721871|66|2|1|5|1|1|1|1
3479375|1|1|1|791.93270924|66|2|1|5|1|1|1|1
3479376|1|1|1|1388.7808644|66|1|1|3|1|1|1|1
3479377|1|1|1|1388.7808644|66|1|1|3|1|1|1|1
3479378|1|1|1|805.79867957|66|1|1|3|1|1|1|1
3479379|1|1|1|1388.7808644|66|1|1|3|1|1|1|1
3479380|1|1|1|297.59589951|66|1|1|3|1|1|1|1
3479381|1|1|1|297.59589951|66|1|1|3|1|1|1|1
3479382|1|1|1|297.59589951|66|1|1|3|1|1|1|1
3479383|1|1|1|583.3652562|66|1|1|3|1|1|1|1
3479384|1|1|1|946.60706652|66|1|1|3|1|1|1|1
3479385|1|1|1|443.5415509|66|1|1|3|1|1|1|1
3479386|1|1|1|665.97497427|66|1|1|3|1|1|1|1
3479387|1|1|1|583.3652562|66|1|1|3|1|1|1|1
3479388|1|1|1|1157.317387|66|1|1|4|1|1|1|1
3479389|1|1|1|439.38040286|66|1|1|4|1|1|1|1
3479390|1|1|1|486.1377135|66|1|1|4|1|1|1|1
3479391|1|1|1|1157.317387|66|1|1|4|1|1|1|1
3479392|1|1|1|585.97108024|66|1|1|4|1|1|1|1
3479393|1|1|1|490.83390916|66|1|1|4|1|1|1|1
3479394|1|1|1|347.4148077|66|1|1|4|1|1|1|1
3479395|1|1|1|369.61795909|66|1|1|4|1|1|1|1
3479397|1|1|1|312.54724507|66|1|1|4|1|1|1|1
3479398|1|1|1|788.8392221|66|1|1|4|1|1|1|1
3479399|1|1|1|607.35366358|66|1|1|4|1|1|1|1
3479400|1|1|1|392.43042868|66|2|1|4|1|1|1|1
3479401|1|1|1|661.89718203|66|2|1|5|1|1|1|1
3479402|1|1|1|353.04496713|66|2|1|4|1|1|1|1
3479403|1|1|1|392.43042868|66|2|1|5|1|1|1|1
3479404|1|1|1|417.51051169|66|2|1|4|1|1|1|1
3479405|1|1|1|621.58482888|66|2|1|4|1|1|1|1
3479406|1|1|1|392.43042868|66|2|1|4|1|1|1|1
3479407|1|1|1|392.43042868|66|2|1|5|1|1|1|1
3479408|1|1|1|354.62106074|66|1|1|2|1|1|1|1
3479409|1|1|1|281.3808558|66|2|1|2|1|1|1|1
3479410|1|1|1|394.18235024|66|1|1|2|1|1|1|1
3479411|1|1|1|354.62106074|66|1|1|2|1|1|1|1
3479412|1|1|1|1313.1106604|66|1|1|2|1|1|1|1
3479413|1|1|1|281.3808558|66|1|1|2|1|1|1|1
3479414|1|1|1|394.18235024|66|2|1|2|1|1|1|1
3479415|1|1|1|320.47111866|66|1|1|2|1|1|1|1
3479416|1|1|1|281.3808558|66|2|1|2|1|1|1|1
3479417|1|1|1|375.17447439|66|2|1|2|1|1|1|1
3479418|1|1|1|525.57646699|66|2|1|2|1|1|1|1
3479419|1|1|1|375.17447439|66|2|1|2|1|1|1|1
3479420|1|1|1|428.53619756|66|2|1|1|1|1|1|1
3479421|1|1|1|1193.3726548|66|2|1|2|1|1|1|1
3479422|1|1|1|375.17447439|66|2|1|2|1|1|1|1
3479423|1|1|1|375.17447439|66|2|1|2|1|1|1|1
3479424|1|1|1|375.17447439|66|2|1|2|1|1|1|1
3479425|1|1|1|886.46944022|66|2|1|2|1|1|1|1
3479426|1|1|1|499.10993851|66|1|1|3|1|1|1|1
3479427|1|1|1|1069.6622933|66|2|1|3|2|1|1|1
3479428|1|1|1|870.6798962|66|2|1|3|1|1|1|1
3479429|1|1|1|389.0698253|66|1|1|3|1|1|1|1
3479430|1|1|1|1803.3676338|66|1|1|3|1|1|1|1
3479431|1|1|1|416.98495251|66|2|1|3|1|1|1|1
3479432|1|1|1|389.0698253|66|1|1|3|1|1|1|1
3479433|1|1|1|207.63429124|66|2|1|2|1|1|1|1
3479434|1|1|1|316.41049967|66|1|1|2|1|1|1|1
3479435|1|1|1|519.27406096|66|1|1|2|1|1|1|1
3479436|1|1|1|207.26611247|66|1|1|2|1|1|1|1
3479437|1|1|1|215.43603927|66|1|1|2|1|1|1|1
3479438|1|1|1|519.27406096|66|2|1|2|1|1|1|1
3479439|1|1|1|197.14457647|66|2|1|2|1|1|1|1
3479440|1|1|1|353.94244562|66|2|1|2|1|1|1|1
3479441|1|1|1|194.25602577|66|1|1|2|1|1|1|1
3479442|1|1|1|155.3533122|66|1|1|2|1|1|1|1
3479443|1|1|1|353.94244562|66|2|1|2|1|1|1|1
3479444|1|1|1|1785.3118475|68|2|1|1|1|1|1|1
3479445|1|1|1|1622.8234327|68|2|1|2|1|1|1|1
3479446|1|1|1|1947.632243|68|1|1|1|1|1|1|1
3479447|1|1|1|690.75429942|68|2|1|2|1|1|1|1
3479448|1|1|1|690.75429942|68|1|1|2|1|1|1|1
3479449|1|1|1|690.75429942|68|2|1|1|1|1|1|1
3479450|1|1|1|690.75429942|68|2|1|2|1|1|1|1
3479451|1|1|1|2555.3423044|68|2|1|2|1|1|1|1
3479452|1|1|1|1526.3896273|68|2|1|2|1|1|1|1
3479453|1|1|1|2003.8685558|68|2|1|4|1|1|1|1
3479454|1|1|1|1338.829332|68|2|1|3|1|1|1|1
3479455|1|1|1|678.68463318|68|2|1|3|1|1|1|1
3479456|1|1|1|970.42395296|68|2|1|4|1|1|1|1
3479458|1|1|1|942.47167241|68|2|1|3|1|1|1|1
3479459|1|1|1|424.81389415|68|1|1|3|1|1|1|1
3479460|1|1|1|424.81389415|68|1|1|3|1|1|1|1
3479461|1|1|1|689.37519935|68|1|1|3|1|1|1|1
3479462|1|1|1|424.81389415|68|1|1|3|1|1|1|1
3479463|1|1|1|890.99872151|68|1|1|3|1|1|1|1
3479464|1|1|1|424.81389415|68|1|1|3|1|1|1|1
3479465|1|1|1|960.31412382|68|1|1|3|1|1|1|1
3479466|1|1|1|1302.9979439|68|1|1|3|1|1|1|1
3479467|1|1|1|938.72962078|68|1|1|3|1|1|1|1
3479468|1|1|1|836.40821764|68|2|1|2|1|1|1|1
3479469|1|1|1|559.51098253|68|2|1|1|1|1|1|1
3479470|1|1|1|588.2335302|68|2|1|1|1|1|1|1
3479471|1|1|1|1186.7881816|68|2|1|1|1|1|1|1
3479472|1|1|1|907.95757963|68|2|1|1|1|1|1|1
3479473|1|1|1|2052.4490224|68|2|1|1|1|1|1|1
3479474|1|1|1|588.2335302|68|2|1|1|1|1|1|1
3479475|1|1|1|705.58950624|68|2|1|1|1|1|1|1
3479476|1|1|1|1558.5146002|68|2|1|1|1|1|1|1
3479477|1|1|1|989.78334874|68|2|1|4|1|1|1|1
3479478|1|1|1|978.49608739|68|2|1|4|1|1|1|1
3479479|1|1|1|1082.030879|68|2|1|4|1|1|1|1
3479480|1|1|1|1368.9230317|68|2|1|4|1|1|1|1
3479481|1|1|1|978.49608739|68|2|1|4|1|1|1|1
3479482|1|1|1|978.49608739|68|2|1|4|1|1|1|1
3479483|1|1|1|978.49608739|68|2|1|4|1|1|1|1
3479485|1|1|1|1354.5374242|68|2|1|4|1|1|1|1
3479486|1|1|1|1007.2160464|68|2|1|4|1|1|1|1
3479487|1|1|1|1302.3158047|68|2|1|4|1|1|1|1
3479488|1|1|1|1326.37228|68|2|1|4|1|1|1|1
3479489|1|1|1|1326.37228|68|2|1|4|1|1|1|1
3479490|1|1|1|1239.0576034|68|2|1|4|1|1|1|1
3479491|1|1|1|783.10482463|68|1|1|2|1|1|1|1
3479492|1|1|1|1097.4863045|68|1|1|2|1|1|1|1
3479493|1|1|1|404.04835156|68|2|1|2|1|1|1|1
3479494|1|1|1|949.32892599|68|1|1|2|1|1|1|1
3479495|1|1|1|435.9043971|68|2|1|2|1|1|1|1
3479497|1|1|1|1417.5490054|68|1|1|2|1|1|1|1
3479498|1|1|1|357.20028065|68|1|1|2|1|1|1|1
3479499|1|1|1|603.47884804|68|2|1|2|1|1|1|1
3479500|1|1|1|1518.1689401|68|2|1|1|1|1|1|1
3479501|1|1|1|561.43038917|68|2|1|1|1|1|1|1
3479502|1|1|1|561.43038917|68|2|1|1|1|1|1|1
3479503|1|1|1|1343.3609373|68|2|1|1|1|1|1|1
3479504|1|1|1|590.25146976|68|2|1|1|1|1|1|1
3479505|1|1|1|1518.1689401|68|1|1|1|1|1|1|1
3479506|1|1|1|561.43038917|68|2|1|1|1|1|1|1
3479507|1|1|1|1707.7199682|68|2|1|1|1|1|1|1
3479508|1|1|1|808.64106495|68|2|1|3|1|1|1|1
3479509|1|1|1|849.92500454|68|1|1|3|1|1|1|1
3479510|1|1|1|414.93827728|68|2|1|3|1|1|1|1
3479511|1|1|1|865.62488302|68|3|1|3|1|1|1|1
3479512|1|1|1|902.37970449|68|1|1|3|1|1|1|1
3479513|1|1|1|531.64763295|68|1|1|3|1|1|1|1
3479514|1|1|1|742.4356904|68|2|1|3|1|1|1|1
3479515|1|1|1|657.33526364|68|2|1|3|1|1|1|1
3479516|1|1|1|783.71963|68|2|1|3|1|1|1|1
3479517|1|1|1|1067.8881197|68|2|1|3|1|1|1|1
3479518|1|1|1|361.77031909|68|2|1|3|1|1|1|1
3479519|1|1|1|969.56006617|68|2|1|3|1|1|1|1
3479520|1|1|1|361.77031909|68|2|1|3|1|1|1|1
3479521|1|1|1|492.99026475|68|1|1|2|1|1|1|1
3479522|1|1|1|538.35043471|68|1|1|2|1|1|1|1
3479523|1|1|1|329.46939774|68|1|1|2|1|1|1|1
3479524|1|1|1|329.46939774|68|2|1|2|1|1|1|1
3479525|1|1|1|676.14678947|68|2|1|2|1|1|1|1
3479526|1|1|1|698.8430963|68|1|1|2|1|1|1|1
3479527|1|1|1|720.28047024|68|2|1|2|1|1|1|1
3479528|1|1|1|329.46939774|68|1|1|2|1|1|1|1
3479529|1|1|1|774.03884342|68|2|1|2|1|1|1|1
3479530|1|1|1|874.18103267|68|1|1|2|1|1|1|1
3479531|1|1|1|750.73907348|68|1|1|3|1|1|1|1
3479532|1|1|1|150.66966223|70|1|1|1|1|1|1|1
3479533|1|1|1|235.44822715|70|1|1|1|1|1|1|1
3479534|1|1|1|283.61510835|70|1|1|1|1|1|1|1
3479535|1|1|1|322.23216248|70|1|1|1|1|1|1|1
3479536|1|1|1|235.86757523|70|1|1|1|1|1|1|1
3479537|1|1|1|289.60820296|70|1|1|1|1|1|1|1
3479538|1|1|1|320.42024639|70|1|1|1|1|1|1|1
3479539|1|1|1|112.71431886|70|1|1|1|1|1|1|1
3479540|1|1|1|289.60820296|70|1|1|1|1|1|1|1
3479541|1|1|1|174.61526882|70|1|1|1|1|1|1|1
3479542|1|1|1|171.04276815|70|1|1|1|1|1|1|1
3479543|1|1|1|293.37538701|70|2|1|1|1|1|1|1
3479544|1|1|1|183.01434375|70|2|1|1|1|1|1|1
3479545|1|1|1|111.84221517|70|1|1|1|1|1|1|1
3479546|1|1|1|117.35169491|70|1|1|1|1|1|1|1
3479547|1|1|1|165.72135636|70|1|1|1|1|1|1|1
3479548|1|1|1|139.48159159|70|1|1|1|1|1|1|1
3479549|1|1|1|171.2308361|70|1|1|1|1|1|1|1
3479550|1|1|1|162.48610358|70|2|1|1|1|1|1|1
3479551|1|1|1|407.67522794|70|1|1|3|1|1|1|1
3479552|1|1|1|285.20536457|70|1|1|3|1|1|1|1
3479553|1|1|1|89.232169098|70|1|1|2|1|1|1|1
3479554|1|1|1|159.10590582|70|1|1|2|1|1|1|1
3479555|1|1|1|131.53319207|70|2|1|2|1|1|1|1
3479556|1|1|1|183.90026736|70|1|1|2|1|1|1|1
3479557|1|1|1|138.23708781|70|1|1|2|1|1|1|1
3479558|1|1|1|138.23708781|70|1|1|2|1|1|1|1
3479559|1|1|1|225.84848181|70|2|1|1|1|1|1|1
3479560|1|1|1|172.58521755|70|1|1|2|1|1|1|1
3479561|1|1|1|252.94563904|70|2|1|2|1|1|1|1
3479562|1|1|1|276.85028067|70|1|1|3|1|1|1|1
3479563|1|1|1|370.1707089|70|1|1|2|1|1|1|1
3479564|1|1|1|119.3936859|70|2|1|3|1|1|1|1
3479565|1|1|1|119.3936859|70|2|1|1|1|1|1|1
3479566|1|1|1|148.07022681|70|1|1|1|1|1|1|1
3479567|1|1|1|119.3936859|70|2|1|2|1|1|1|1
3479568|1|1|1|335.29631924|70|2|1|1|1|1|1|1
3479569|1|1|1|280.92341235|70|1|1|1|1|1|1|1
3479570|1|1|1|125.23813207|70|1|1|1|1|1|1|1
3479571|1|1|1|334.57084503|70|2|1|1|1|1|1|1
3479572|1|1|1|205.64333912|70|2|1|1|1|1|1|1
3479573|1|1|1|289.17480975|70|2|1|1|1|1|1|1
3479574|1|1|1|279.14098865|70|1|1|1|1|1|1|1
3479575|1|1|1|184.60798887|70|2|1|1|1|1|1|1
3479576|1|1|1|76.889214055|70|2|1|2|1|1|1|1
3479577|1|1|1|154.2457176|70|1|1|2|1|1|1|1
3479578|1|1|1|179.86984337|70|1|1|2|1|1|1|1
3479579|1|1|1|86.138111672|70|1|1|2|1|1|1|1
3479580|1|1|1|88.815876755|70|2|1|2|1|1|1|1
3479581|1|1|1|123.38600347|70|1|1|2|1|1|1|1
3479582|1|1|1|108.55273826|70|1|1|1|1|1|1|1
3479583|1|1|1|187.67365241|70|1|1|1|1|1|1|1
3479584|1|1|1|178.79933142|70|2|1|1|1|1|1|1
3479585|1|1|1|175.06233349|70|2|1|1|1|1|1|1
3479586|1|1|1|367.3651874|70|2|1|1|1|1|1|1
3479587|1|1|1|177.97325996|70|1|1|1|1|1|1|1
3479588|1|1|1|110.10521813|70|1|1|1|1|1|1|1
3479589|1|1|1|176.27312234|70|1|1|1|1|1|1|1
3479590|1|1|1|227.99241811|70|2|1|2|1|1|1|1
3479591|1|1|1|97.407436052|70|1|1|2|1|1|1|1
3479592|1|1|1|180.49997822|70|1|1|2|1|1|1|1
3479593|1|1|1|159.47970029|70|1|1|5|1|1|1|1
3479594|1|1|1|136.5304571|70|1|1|5|1|1|1|1
3479595|1|1|1|213.99358176|70|1|1|5|1|1|1|1
3479596|1|1|1|154.3483221|70|1|1|5|1|1|1|1
3479597|1|1|1|88.13053738|70|1|1|5|1|1|1|1
3479598|1|1|1|159.47970029|70|1|1|5|1|1|1|1
3479599|1|1|1|88.13053738|70|1|1|5|1|1|1|1
3479600|1|1|1|136.5304571|70|1|1|5|1|1|1|1
3479601|1|1|1|247.7507559|70|1|1|1|1|1|1|1
3479602|1|1|1|116.88892326|70|1|1|1|1|1|1|1
3479603|1|1|1|276.58235893|70|1|1|1|1|1|1|1
3479604|1|1|1|269.8964891|70|2|1|1|1|1|1|1
3479605|1|1|1|269.8964891|70|1|1|1|1|1|1|1
3479606|1|1|1|163.055848|70|1|1|1|1|1|1|1
3479607|1|1|1|421.69241787|70|1|1|1|1|1|1|1
3479608|1|1|1|269.8964891|70|1|1|1|1|1|1|1
3479609|1|1|1|310.72511804|70|2|1|1|1|1|1|1
3479610|1|1|1|240.89859584|70|2|1|1|1|1|1|1
3479611|1|1|1|177.37768549|70|1|1|1|1|1|1|1
3479612|1|1|1|188.66384716|70|1|1|1|1|1|1|1
3479613|1|1|1|144.96385842|70|1|1|1|1|1|1|1
3479614|1|1|1|119.67559088|70|1|1|1|1|1|1|1
3479615|1|1|1|275.90985181|70|1|1|1|1|1|1|1
3479616|1|1|1|110.76479332|70|1|1|1|1|1|1|1
3479617|1|1|1|290.44905735|70|1|1|1|1|1|1|1
3479618|1|1|1|153.55117015|70|1|1|1|1|1|1|1
3479619|1|1|1|225.07988939|70|1|1|1|1|1|1|1
3479620|1|1|1|186.01919514|70|1|1|1|1|1|1|1
3479621|1|1|1|75.14287924|70|1|1|1|1|1|1|1
3479622|1|1|1|502.18877164|73|1|1|3|1|1|1|1
3479623|1|1|1|619.33641355|73|2|1|3|1|1|1|1
3479624|1|1|1|619.33641355|73|1|1|3|1|1|1|1
3479625|1|1|1|542.10036545|73|2|1|2|1|1|1|1
3479626|1|1|1|392.75843064|73|2|1|3|1|1|1|1
3479627|1|1|1|738.12813194|73|1|1|3|1|1|1|1
3479628|1|1|1|782.96690118|73|1|1|1|1|1|1|1
3479629|1|1|1|864.55117949|73|2|1|2|1|1|1|1
3479630|1|1|1|534.59535455|73|2|1|3|1|1|1|1
3479631|1|1|1|630.21492885|73|2|1|2|1|1|1|1
3479632|1|1|1|398.81164095|73|2|1|2|1|1|1|1
3479633|1|1|1|543.79030521|73|2|1|3|1|1|1|1
3479634|1|1|1|213.43724067|73|2|1|3|1|1|1|1
3479636|1|1|1|329.95061288|73|1|1|2|1|1|1|1
3479637|1|1|1|446.46398509|73|2|1|2|1|1|1|1
3479638|1|1|1|427.276933|73|2|1|2|1|1|1|1
3479639|1|1|1|457.57805913|73|2|1|2|1|1|1|1
3479640|1|1|1|425.69623494|73|1|1|2|1|1|1|1
3479641|1|1|1|526.87739104|73|2|1|2|1|1|1|1
3479642|1|1|1|222.88223218|73|2|1|2|1|1|1|1
3479643|1|1|1|484.83120503|73|1|1|2|1|1|1|1
3479644|1|1|1|296.81024237|73|2|1|2|1|1|1|1
3479646|1|1|1|356.39690304|73|2|1|2|2|1|1|1
3479647|1|1|1|472.22589652|73|2|1|3|1|1|1|1
3479648|1|1|1|479.583554|73|2|1|3|1|1|1|1
3479649|1|1|1|232.43411952|73|2|1|3|1|1|1|1
3479650|1|1|1|598.93327087|73|2|1|3|1|1|1|1
3479651|1|1|1|385.75108417|73|1|1|3|1|1|1|1
3479652|1|1|1|472.22589652|73|2|1|3|1|1|1|1
3479653|1|1|1|475.21785283|73|2|1|2|1|1|1|1
3479654|1|1|1|484.52207686|73|1|1|2|1|1|1|1
3479655|1|1|1|461.56458994|73|1|1|2|1|1|1|1
3479656|1|1|1|588.28447529|73|2|1|2|1|1|1|1
3479657|1|1|1|344.30122166|73|2|1|2|1|1|1|1
3479658|1|1|1|587.63264312|73|2|1|2|1|1|1|1
3479659|1|1|1|592.73928814|73|2|1|2|1|1|1|1
3479661|1|1|1|498.74506361|73|1|1|2|1|1|1|1
3479662|1|1|1|488.06539705|73|1|1|2|1|1|1|1
3479663|1|1|1|684.94060835|73|2|1|2|1|1|1|1
3479664|1|1|1|463.31597395|73|1|1|2|1|1|1|1
3479665|1|1|1|420.47799738|73|2|1|2|1|1|1|1
3479666|1|1|1|488.53222325|73|2|1|2|1|1|1|1
3479667|1|1|1|495.28864126|73|2|1|2|1|1|1|1
3479668|1|1|1|638.54435241|73|2|1|2|1|1|1|1
3479669|1|1|1|561.80263683|73|3|1|2|1|1|1|1
3479670|1|1|1|494.49184143|73|2|1|2|1|1|1|1
3479671|1|1|1|473.51349538|73|2|1|2|1|1|1|1
3479672|1|1|1|315.17736879|73|2|1|2|1|1|1|1
3479673|1|1|1|273.68808155|73|2|1|2|1|1|1|1
3479674|1|1|1|382.43923167|73|2|1|2|1|1|1|1
3479675|1|1|1|522.17808391|73|2|1|3|1|1|1|1
3479676|1|1|1|351.44694605|73|2|1|3|1|1|1|1
3479677|1|1|1|473.15087831|73|2|1|3|1|1|1|1
3479678|1|1|1|285.5371066|73|2|1|3|1|1|1|1
3479679|1|1|1|285.5371066|73|2|1|3|1|1|1|1
3479680|1|1|1|635.16275727|73|1|1|2|1|1|1|1
3479681|1|1|1|485.6638922|73|1|1|2|1|1|1|1
3479682|1|1|1|177.37111008|73|1|1|2|1|1|1|1
3479683|1|1|1|383.35850104|73|1|1|2|1|1|1|1
3479684|1|1|1|262.02331248|73|1|1|2|1|1|1|1
3479685|1|1|1|398.31590826|73|2|1|2|1|1|1|1
3479686|1|1|1|404.05633857|73|2|1|2|1|1|1|1
3479687|1|1|1|614.63513675|73|2|1|2|1|1|1|1
3479688|1|1|1|468.40269802|73|1|1|2|1|1|1|1
3479689|1|1|1|359.69288214|73|2|1|2|1|1|1|1
3479690|1|1|1|350.22464357|73|2|1|2|1|1|1|1
3479691|1|1|1|569.51887748|73|1|1|2|1|1|1|1
3479692|1|1|1|250.12516193|73|1|1|2|1|1|1|1
3479693|1|1|1|363.21167026|73|2|1|2|1|1|1|1
3479694|1|1|1|361.42443364|73|1|1|2|1|1|1|1
3479695|1|1|1|294.88633889|73|1|1|2|1|1|1|1
3479696|1|1|1|184.19307585|73|1|1|1|1|1|1|1
3479697|1|1|1|519.74534519|73|1|1|2|1|1|1|1
3479698|1|1|1|184.19307585|73|1|1|1|1|2|1|1
3479699|1|1|1|446.98104669|73|2|1|1|1|1|1|1
3479700|1|1|1|184.19307585|73|2|1|1|1|1|1|1
3479701|1|1|1|184.19307585|73|1|1|1|2|1|1|1
3479702|1|1|1|1514.6707132|76|2|1|4|1|1|1|1
3479703|1|1|1|837.82021752|76|2|1|4|1|1|1|1
3479704|1|1|1|1514.6707132|76|2|1|4|1|1|1|1
3479705|1|1|1|1360.4101749|76|2|1|4|1|1|1|1
3479706|1|1|1|1425.883274|76|2|1|4|1|1|1|1
3479707|1|1|1|1754.954899|76|1|1|4|1|1|1|1
3479708|1|1|1|2566.4965397|76|2|1|2|1|1|1|1
3479709|1|1|1|1845.4363499|76|2|1|2|1|1|1|1
3479710|1|1|1|2120.576767|76|2|1|2|1|1|1|1
3479711|1|1|1|1954.7416906|76|2|1|2|1|1|1|1
3479712|1|1|1|2233.5789624|76|2|1|2|1|1|1|1
3479713|1|1|1|2074.004772|76|2|1|2|1|1|1|1
3479714|1|1|1|1788.7940725|76|2|1|3|1|1|1|1
3479715|1|1|1|1732.4341545|76|2|1|3|1|1|1|1
3479716|1|1|1|2005.3078022|76|2|1|2|1|1|1|1
3479717|1|1|1|2106.9822788|76|2|1|2|1|1|1|1
3479718|1|1|1|1925.9846735|76|2|1|2|1|1|1|1
3479719|1|1|1|2875.3898557|76|2|1|2|1|1|1|1
3479720|1|1|1|2165.9426329|76|2|1|2|1|1|1|1
3479721|1|1|1|1000.4339755|76|2|1|2|1|1|1|1
3479722|1|1|1|2501.4137751|76|2|1|2|1|1|1|1
3479723|1|1|1|2488.3465758|76|2|1|2|1|1|1|1
3479724|1|1|1|1852.75951|76|2|1|3|1|1|1|1
3479725|1|1|1|1738.3018902|76|2|1|3|1|1|1|1
3479726|1|1|1|2242.4423709|76|1|1|3|1|1|1|1
3479727|1|1|1|2560.5322594|76|1|1|3|1|1|1|1
3479728|1|1|1|1582.6329835|76|2|1|3|1|1|1|1
3479730|1|1|1|1743.8474078|76|2|1|3|1|1|1|1
3479731|1|1|1|1350.5858669|76|1|1|1|2|1|1|1
3479732|1|1|1|2452.8446738|76|1|1|1|2|1|1|1
3479733|1|1|1|2295.6921702|76|2|1|1|2|1|1|1
3479734|1|1|1|2000.7424871|76|2|1|1|1|1|1|1
3479735|1|1|1|2301.6859693|76|1|1|1|2|1|1|1
3479736|1|1|1|1414.3908329|76|2|1|3|2|1|1|1
3479737|1|1|1|2584.9640982|76|2|1|3|1|1|1|1
3479738|1|1|1|2380.196835|76|2|1|3|1|1|1|1
3479739|1|1|1|2964.0703011|76|1|1|3|1|1|1|1
3479740|1|1|1|1791.9802678|76|2|1|3|1|1|1|1
3479741|1|1|1|2916.8534234|76|2|1|2|1|1|1|1
3479742|1|1|1|5274.5877885|76|3|1|3|1|1|1|1
3479743|1|1|1|4418.1580575|76|2|1|2|1|1|1|1
3479744|1|1|1|2774.1677524|76|1|1|2|1|1|1|1
3479745|1|1|1|3245.7229568|76|2|1|2|1|1|1|1
3479746|1|1|1|3245.7229568|76|2|1|2|1|1|1|1
3479747|1|1|1|3061.5059623|76|2|1|1|1|1|1|1
3479748|1|1|1|2681.1810957|76|1|1|1|1|1|1|1
3479749|1|1|1|2558.7975051|76|2|1|1|1|1|1|1
3479750|1|1|1|2079.6084593|76|2|1|1|1|1|1|1
3479751|1|1|1|1948.1834422|76|2|1|1|1|1|1|1
3479752|1|1|1|1754.954899|76|2|1|1|1|1|1|1
3479753|1|1|1|1336.3338348|76|1|1|1|1|1|1|1
3479754|1|1|1|1185.6251776|76|2|1|1|1|1|1|1
3479755|1|1|1|1294.6116178|76|2|1|1|1|1|1|1
3479756|1|1|1|1674.8492761|76|2|1|1|1|1|1|1
3479757|1|1|1|3201.3887215|76|2|1|1|1|1|1|1
3479758|1|1|1|1514.6707132|76|2|1|1|1|1|1|1
3479759|1|1|1|2496.2946399|76|1|1|1|1|1|1|1
3479760|1|1|1|1754.954899|76|1|1|1|1|1|1|1
3479761|1|1|1|1849.6342734|76|2|1|4|1|1|1|1
3479762|1|1|1|2617.5173844|76|2|1|2|1|1|1|1
3479763|1|1|1|2966.8312065|76|2|1|2|1|1|1|1
3479764|1|1|1|2322.3197922|76|2|1|2|1|1|1|1
3479766|1|1|1|3191.8980471|76|2|1|2|1|1|1|1
3479767|1|1|1|3437.4830879|76|2|1|2|1|1|1|1
3479768|1|1|1|1833.4242763|76|1|1|5|1|1|1|1
3479769|1|1|1|2114.7684146|76|1|1|5|1|1|1|1
3479770|1|1|1|1131.0199111|76|1|1|5|1|1|1|1
3479771|1|1|1|2181.9604997|76|1|1|5|1|1|1|1
3479772|1|1|1|1731.0522436|76|1|1|5|1|1|1|1
3479773|1|1|1|1554.7544856|76|1|1|5|1|1|1|1
3479774|1|1|1|953.44952747|76|1|1|5|1|1|1|1
3479775|1|1|1|2335.7715294|76|2|1|2|1|1|1|1
3479776|1|1|1|3140.2055104|76|1|1|2|1|1|1|1
3479777|1|1|1|3183.5267363|76|1|1|2|1|1|1|1
3479778|1|1|1|2218.2997811|76|2|1|2|1|1|1|1
3479779|1|1|1|2335.7715294|76|2|1|2|1|1|1|1
3479780|1|1|1|2174.9785552|76|2|1|2|1|1|1|1
3479781|1|1|1|3450.4678269|76|1|1|2|1|1|1|1
3479782|1|1|1|1348.356046|76|1|1|1|2|1|1|1
3479783|1|1|1|950.17270257|76|2|1|1|1|1|1|1
3479784|1|1|1|1057.9153196|76|1|1|1|1|1|1|1
3479785|1|1|1|1225.7407876|76|1|1|1|2|1|1|1
3479786|1|1|1|1317.4269178|76|1|1|1|2|1|1|1
3479787|1|1|1|1575.0081574|76|1|1|1|2|1|1|1
3479788|1|1|1|1057.9153196|76|1|1|1|1|1|1|1
3479789|1|1|1|1120.4789667|76|1|1|1|2|1|1|1
3479790|1|1|1|1225.7407876|76|2|1|1|2|1|1|1
3479791|1|1|1|1269.3427043|76|1|1|1|2|2|2|2
3479792|1|1|1|39.565874055|88|2|1|1|2|2|1|2
3479793|1|1|1|42.721135362|88|2|1|1|2|2|1|2
3479794|1|1|1|41.443945704|88|2|1|1|2|2|1|2
3479795|1|1|1|31.264660559|88|2|1|1|2|2|1|2
3479796|1|1|1|28.632191755|88|1|1|1|2|2|1|2
3479797|1|1|1|64.563675362|88|1|1|2|2|2|1|2
3479798|1|1|1|41.969335004|88|1|1|1|2|2|1|2
3479799|1|1|1|55.579762228|88|1|1|1|2|2|1|2
3479800|1|1|1|31.592288083|88|2|1|2|2|2|1|2
3479801|1|1|1|35.134759369|88|2|1|2|2|2|1|2
3479802|1|1|1|44.674926516|88|2|1|2|2|2|1|2
3479803|1|1|1|27.849165325|88|2|1|1|2|2|1|2
3479804|1|1|1|37.612003731|88|2|1|2|2|2|1|2
3479805|1|1|1|30.328089099|88|1|1|2|2|1|1|1
3479806|1|1|1|38.68101599|88|1|1|2|2|1|1|1
3479807|1|1|1|40.51854898|88|1|1|2|2|1|1|1
3479808|1|1|1|46.439655935|88|2|1|2|2|1|1|1
3479809|1|1|1|39.873059671|88|1|1|2|2|1|1|1
3479810|1|1|1|39.873059671|88|2|1|2|2|1|1|1
3479811|1|1|1|51.119045134|88|2|1|2|2|1|1|1
3479812|1|1|1|38.68101599|88|1|1|1|2|1|1|1
3479813|1|1|1|41.206692806|88|2|1|2|2|1|1|1
3479814|1|1|1|47.874216701|88|1|1|2|2|1|1|1
3479815|1|1|1|51.385919667|88|1|1|2|2|1|1|1
3479816|1|1|1|48.787123009|88|1|1|3|2|1|1|1
3479817|1|1|1|48.787123009|88|2|1|2|2|1|1|1
3479818|1|1|1|57.304804986|88|1|1|2|2|1|1|1
3479819|1|1|1|54.706008329|88|2|1|2|2|2|1|2
3479820|1|1|1|52.179626442|88|2|1|2|2|2|1|2
3479821|1|1|1|52.226953753|88|2|1|2|2|2|1|2
3479822|1|1|1|42.892583155|88|2|1|2|2|1|1|1
3479824|1|1|1|63.38187826|88|1|1|2|2|1|1|1
3479825|1|1|1|72.415783387|88|2|1|2|2|1|1|1
3479826|1|1|1|58.09832753|88|1|1|2|2|1|1|1
3479827|1|1|1|64.221041204|88|1|1|2|2|1|1|2
3479828|1|1|1|48.033309095|88|1|1|2|2|2|1|1
3479829|1|1|1|46.233611806|88|2|1|2|2|2|1|2
3479830|1|1|1|58.989757949|88|2|1|2|2|2|1|2
3480096|1|1|1|2660.9534653|05|2|1|5|1|1|1|1
3480097|1|1|1|5544.0281079|05|2|1|5|1|1|1|1
3480098|1|1|1|3974.6238544|05|2|1|5|1|1|1|1
3480099|1|1|1|4244.165249|05|2|1|5|1|1|1|1
3480100|1|1|1|2179.4580296|05|2|1|5|1|1|1|1
3480101|1|1|1|4241.0982293|05|2|1|5|1|1|1|1
3480102|1|1|1|2666.7801692|05|2|1|2|2|1|1|1
3480103|1|1|1|3064.6513315|05|2|1|2|1|1|1|1
3480104|1|1|1|2141.2162188|05|2|1|2|1|1|1|1
3480105|1|1|1|2141.2162188|05|2|1|2|1|1|1|1
3480106|1|1|1|4207.1514966|05|2|1|2|1|1|1|1
3480108|1|1|1|4121.4710015|05|2|1|2|1|1|1|1
3480109|1|1|1|3851.3525413|05|2|1|3|1|1|1|1
3480110|1|1|1|2012.961172|05|2|1|3|1|1|1|1
3480111|1|1|1|3122.8577136|05|2|1|3|1|1|1|1
3480112|1|1|1|3036.321269|05|2|1|3|1|1|1|1
3480113|1|1|1|3653.9152687|05|2|1|3|1|1|1|1
3480114|1|1|1|1769.7876059|05|2|1|3|1|1|1|1
3480115|1|1|1|1259.3739469|08|2|1|5|1|1|1|1
3480116|1|1|1|848.9820921|08|2|1|5|1|1|1|1
3480117|1|1|1|587.1177234|08|2|1|5|1|1|1|1
3480118|1|1|1|587.1177234|08|2|1|5|1|1|1|1
3480119|1|1|1|2118.7354614|08|2|1|5|1|1|1|1
3480120|1|1|1|759.12577632|08|2|1|5|1|1|1|1
3480121|1|1|1|988.13580124|08|2|1|5|1|1|1|1
3480122|1|1|1|2005.3814366|08|2|1|1|1|1|1|1
3480123|1|1|1|1944.6412987|08|1|1|2|1|1|1|1
3480124|1|1|1|806.42784667|08|1|1|2|1|1|1|1
3480125|1|1|1|610.35125898|08|1|1|2|1|1|1|1
3480126|1|1|1|4538.9331412|11|2|1|2|1|1|1|1
3480127|1|1|1|3916.5979252|11|2|1|2|1|1|1|1
3480128|1|1|1|11121.142578|11|1|1|3|1|1|1|1
3480129|1|1|1|7201.0185553|11|2|1|3|1|1|1|1
3480130|1|1|1|6462.633452|11|2|1|2|1|1|1|1
3480131|1|1|1|3067.2439598|11|2|1|2|1|1|1|1
3480132|1|1|1|3067.2439598|11|2|1|2|1|1|1|1
3480133|1|1|1|3484.0701602|11|2|1|3|1|1|1|1
3480134|1|1|1|3469.6224591|11|2|1|2|1|1|1|1
3480135|1|1|1|7394.1380592|11|1|1|3|1|1|1|1
3480136|1|1|1|3728.8379658|11|1|1|3|1|1|1|1
3480137|1|1|1|5634.9472204|11|1|1|2|1|1|1|1
3480138|1|1|1|8323.7852819|11|2|1|3|1|1|1|1
3480139|1|1|1|5050.5837668|11|2|1|3|1|1|1|1
3480140|1|1|1|4466.9366229|11|1|1|3|1|1|1|1
3480141|1|1|1|12623.968952|11|2|1|3|1|1|1|1
3480143|1|1|1|15926.046989|11|1|1|3|1|1|1|1
3480144|1|1|1|12281.508019|11|1|1|3|1|1|1|1
3480145|1|1|1|4884.4809634|11|1|1|3|1|1|1|1
3480146|1|1|1|2847.4105288|11|2|1|2|1|1|1|1
3480147|1|1|1|5558.1061279|11|2|1|2|1|1|1|1
3480148|1|1|1|2773.124676|11|2|1|2|1|1|1|1
3480149|1|1|1|11092.498704|11|2|1|2|1|1|1|1
3480150|1|1|1|2773.124676|11|2|1|2|1|1|1|1
3480151|1|1|1|5110.7813215|11|2|1|2|1|1|1|1
3480152|1|1|1|6717.7666045|11|2|1|3|1|1|1|1
3480153|1|1|1|357.05829883|13|2|1|3|1|1|1|1
3480154|1|1|1|509.95510098|13|2|1|3|1|1|1|1
3480155|1|1|1|700.25419278|13|2|1|3|1|1|1|1
3480156|1|1|1|517.09425091|13|2|1|3|1|1|1|1
3480158|1|1|1|357.88109104|13|2|1|3|1|1|1|1
3480159|1|1|1|517.50092344|13|2|1|3|1|1|1|1
3480160|1|1|1|881.09747361|13|2|1|3|1|1|1|1
3480161|1|1|1|690.24977657|13|2|1|3|1|1|1|1
3480162|1|1|1|733.82685465|13|2|1|3|1|1|1|1
3480163|1|1|1|481.83076918|13|2|1|3|1|1|1|1
3480164|1|1|1|680.67561109|13|2|1|3|1|1|1|1
3480165|1|1|1|612.80926276|13|2|1|1|1|1|1|1
3480166|1|1|1|946.35748121|13|2|1|3|1|1|1|1
3480167|1|1|1|698.7504986|13|2|1|3|1|1|1|1
3480168|1|1|1|787.38459682|13|2|1|3|1|1|1|1
3480169|1|1|1|663.88547594|13|2|1|3|1|1|1|1
3480170|1|1|1|777.55640027|13|1|1|3|1|1|1|1
3480171|1|1|1|865.71467278|13|2|1|3|1|1|1|1
3480172|1|1|1|774.07701153|13|2|1|3|1|1|1|1
3480173|1|1|1|1032.6726274|13|2|1|3|1|1|1|1
3480174|1|1|1|538.79732325|13|2|1|2|1|1|1|1
3480176|1|1|1|862.23528404|13|1|1|3|1|1|1|1
3480177|1|1|1|829.1801085|13|2|1|3|1|1|1|1
3480178|1|1|1|544.85122575|13|2|1|3|1|1|1|1
3480179|1|1|1|541.33274276|13|2|1|3|1|1|1|1
3480180|1|1|1|597.76372763|13|2|1|3|1|1|1|1
3480181|1|1|1|871.92332094|13|2|1|3|1|1|1|1
3480182|1|1|1|871.92332094|13|2|1|3|1|1|1|1
3480183|1|1|1|286.59459817|15|2|1|2|1|1|1|1
3480184|1|1|1|109.93605032|15|2|1|3|1|1|1|1
3480185|1|1|1|301.39247527|15|2|1|3|1|1|1|1
3480186|1|1|1|276.29046965|15|3|1|3|1|1|1|1
3480187|1|1|1|276.29046965|15|3|1|3|1|1|1|1
3480188|1|1|1|267.81106399|15|2|1|4|1|1|1|1
3480189|1|1|1|104.99799329|15|2|1|4|1|1|1|1
3480190|1|1|1|104.99799329|15|2|1|3|1|1|1|1
3480191|1|1|1|155.05373709|15|2|1|3|1|1|1|1
3480192|1|1|1|342.49144917|15|2|1|4|1|1|1|1
3480193|1|1|1|155.05373709|15|2|1|3|1|1|1|1
3480194|1|1|1|104.99799329|15|2|1|4|1|1|1|1
3480195|1|1|1|270.82787246|15|2|1|4|1|1|1|1
3480196|1|1|1|163.83104691|15|2|1|3|1|1|1|1
3480197|1|1|1|270.82787246|15|2|1|4|1|1|1|1
3480198|1|1|1|165.45524042|15|2|1|3|1|1|1|1
3480199|1|1|1|327.45805207|15|2|1|3|1|1|1|1
3480200|1|1|1|241.9930302|15|2|1|5|1|1|1|1
3480201|1|1|1|241.9930302|15|2|1|5|1|1|1|1
3480202|1|1|1|218.6398305|15|2|1|5|1|1|1|1
3480203|1|1|1|207.44116222|15|2|1|5|1|1|1|1
3480204|1|1|1|90.926287695|15|2|1|5|1|1|1|1
3480205|1|1|1|147.30070741|15|2|1|5|1|1|1|1
3480206|1|1|1|226.35920342|15|2|1|5|1|1|1|1
3480207|1|1|1|919.02838314|17|2|1|1|1|1|1|1
3480208|1|1|1|367.07803995|17|2|1|6|1|1|1|1
3480209|1|1|1|352.39336563|17|2|1|6|1|1|1|1
3480210|1|1|1|399.42740931|17|2|1|6|1|1|1|1
3480211|1|1|1|402.29629105|17|2|1|6|1|1|1|1
3480212|1|1|1|200.66453083|17|2|1|6|1|1|1|1
3480213|1|1|1|232.62023455|17|2|1|2|1|1|1|1
3480214|1|1|1|416.38679909|17|2|1|2|1|1|1|1
3480215|1|1|1|428.63420357|17|1|1|2|1|1|1|1
3480216|1|1|1|612.40076811|17|1|1|2|1|1|1|1
3480217|1|1|1|542.16023488|17|1|1|2|1|1|1|1
3480218|1|1|1|283.29051054|17|2|1|2|1|1|1|1
3480219|1|1|1|264.04249295|17|2|1|2|1|1|1|1
3480220|1|1|1|439.8858317|17|2|1|2|1|1|1|1
3480221|1|1|1|332.00640883|17|2|1|2|1|1|1|1
3480222|1|1|1|399.6501525|17|2|1|2|1|1|1|1
3480223|1|1|1|304.95714088|17|2|1|2|1|1|1|1
3480224|1|1|1|310.36495711|17|2|1|2|1|1|1|1
3480225|1|1|1|464.9583906|17|2|1|2|1|1|1|1
3480226|1|1|1|250.78117853|17|2|1|2|1|1|1|1
3480227|1|1|1|459.55057437|17|2|1|2|1|1|1|1
3480228|1|1|1|274.63160168|17|2|1|2|1|1|1|1
3480229|1|1|1|601.35410171|17|2|1|1|1|1|1|1
3480230|1|1|1|211.4729405|17|2|1|1|2|1|1|1
3480231|1|1|1|389.66745779|17|1|1|1|1|1|1|1
3480232|1|1|1|556.72797101|17|1|1|1|1|1|1|1
3480233|1|1|1|490.54855853|17|1|1|1|1|1|1|1
3480234|1|1|1|257.53682777|17|2|1|1|1|1|1|1
3480235|1|1|1|556.72797101|17|1|1|1|1|1|1|1
3480236|1|1|1|517.97867092|17|1|1|1|1|1|1|1
3480237|1|1|1|343.60357052|17|2|1|1|1|1|1|1
3480238|1|1|1|350.9181577|17|2|1|1|1|1|1|1
3480239|1|1|1|483.63857113|17|2|1|1|2|1|1|1
3480240|1|1|1|454.48309827|17|2|1|1|2|1|1|1
3480241|1|1|1|113.67891197|18|2|1|2|1|1|1|1
3480242|1|1|1|75.328233964|18|2|1|2|1|1|1|1
3480243|1|1|1|82.176642147|18|2|1|2|1|1|1|1
3480244|1|1|1|84.242430473|18|1|1|2|1|1|1|1
3480245|1|1|1|224.39446118|18|2|1|2|1|1|1|1
3480246|1|1|1|251.07512664|18|2|1|2|1|1|1|1
3480247|1|1|1|82.176642147|18|2|1|2|1|1|1|1
3480248|1|1|1|133.88648157|18|2|1|2|1|1|1|1
3480249|1|1|1|103.28267992|18|2|1|3|1|1|1|1
3480250|1|1|1|158.41177956|18|2|1|3|1|1|1|1
3480251|1|1|1|149.14705149|18|2|1|2|1|1|1|1
3480252|1|1|1|156.59023667|18|2|1|1|1|1|1|1
3480253|1|1|1|141.24043868|18|1|1|1|1|1|1|1
3480254|1|1|1|306.36673841|18|2|1|2|1|1|1|1
3480255|1|1|1|110.04864715|18|2|1|1|1|1|1|1
3480256|1|1|1|145.60359999|18|1|1|1|1|1|1|1
3480257|1|1|1|234.63897263|18|2|1|1|1|1|1|1
3480258|1|1|1|134.87519197|18|1|1|1|1|1|1|1
3480259|1|1|1|64.285988584|18|1|1|1|1|1|1|1
3480260|1|1|1|169.54099393|18|1|1|1|1|1|1|1
3480261|1|1|1|151.06193579|18|1|1|1|1|1|1|1
3480262|1|1|1|214.83298474|19|2|1|3|1|1|1|1
3480263|1|1|1|256.15705846|19|2|1|2|1|1|1|1
3480264|1|1|1|204.13781811|19|1|1|1|1|1|1|1
3480265|1|1|1|464.38890734|19|1|1|1|2|1|1|1
3480266|1|1|1|360.32325649|19|2|1|1|2|1|1|1
3480267|1|1|1|255.65001825|19|1|1|3|1|1|1|1
3480268|1|1|1|248.66066299|19|1|1|3|1|1|1|1
3480269|1|1|1|342.2682816|19|1|1|1|1|1|1|1
3480270|1|1|1|227.68091762|19|1|1|1|1|1|1|1
3480271|1|1|1|353.69412835|19|1|1|1|1|1|1|1
3480272|1|1|1|410.08668708|19|2|1|4|1|1|1|1
3480273|1|1|1|195.44126334|19|2|1|4|1|1|1|1
3480274|1|1|1|260.22624592|19|2|1|4|1|1|1|1
3480275|1|1|1|269.44705998|19|2|1|4|1|1|1|1
3480276|1|1|1|269.89139856|19|2|1|4|1|1|1|1
3480277|1|1|1|269.44705998|19|2|1|4|1|1|1|1
3480278|1|1|1|269.89139856|19|2|1|4|1|1|1|1
3480279|1|1|1|151.12643223|20|1|1|2|1|1|1|1
3480280|1|1|1|403.18844551|20|1|1|2|1|1|1|1
3480281|1|1|1|196.91888203|20|2|1|2|1|1|1|1
3480282|1|1|1|293.98008545|20|2|1|2|1|1|1|1
3480283|1|1|1|396.24720275|20|2|1|2|1|1|1|1
3480284|1|1|1|258.51793203|20|1|1|1|1|1|1|1
3480285|1|1|1|297.71049934|20|1|1|2|1|1|1|1
3480286|1|1|1|171.73458208|20|1|1|3|1|1|1|1
3480287|1|1|1|529.83580248|20|2|1|3|1|1|1|1
3480288|1|1|1|214.6682276|20|1|1|3|1|1|1|1
3480289|1|1|1|279.71432106|20|1|1|3|1|1|1|1
3480290|1|1|1|375.09039694|20|2|1|1|1|1|1|1
3480291|1|1|1|217.92042976|20|1|1|1|1|1|1|1
3480292|1|1|1|175.32448219|20|1|1|1|1|1|1|1
3480293|1|1|1|300.11959979|20|2|1|1|1|1|1|1
3480294|1|1|1|340.7349889|20|2|1|1|1|1|1|1
3480295|1|1|1|113.31105344|23|1|1|2|1|1|1|1
3480296|1|1|1|263.23973409|23|2|1|1|1|1|1|1
3480297|1|1|1|120.44276978|23|2|1|1|1|1|1|1
3480298|1|1|1|304.48780463|23|1|1|1|1|1|1|1
3480299|1|1|1|262.86911834|23|1|1|1|1|1|1|1
3480300|1|1|1|337.64087985|23|1|1|1|1|1|1|1
3480301|1|1|1|113.31105344|23|2|1|1|1|1|1|1
3480302|1|1|1|307.08196871|23|1|1|1|1|1|1|1
3480303|1|1|1|263.23973409|23|2|1|1|1|1|1|1
3480304|1|1|1|352.51039996|23|1|1|1|1|1|1|1
3480305|1|1|1|628.21259206|23|1|1|3|1|1|1|1
3480306|1|1|1|371.73885108|23|1|1|3|1|1|1|1
3480307|1|1|1|282.27843378|23|1|1|2|1|1|1|1
3480308|1|1|1|172.88390375|23|2|1|2|1|1|1|1
3480309|1|1|1|409.44262495|23|2|1|2|1|1|1|1
3480310|1|1|1|276.89557784|23|2|1|2|1|1|1|1
3480311|1|1|1|99.484014585|27|2|1|1|2|2|1|2
3480312|1|1|1|60.045033357|27|2|1|1|2|2|1|1
3480313|1|1|1|116.11009116|27|2|1|1|2|2|1|1
3480314|1|1|1|121.78408228|27|2|1|3|2|1|1|1
3480315|1|1|1|162.69990467|27|2|1|3|2|1|1|1
3480316|1|1|1|184.51971611|27|2|1|3|2|1|1|1
3480317|1|1|1|105.20191474|27|2|1|3|2|1|1|1
3480318|1|1|1|117.26727259|27|1|1|1|2|2|1|2
3480319|1|1|1|154.3274132|27|2|1|1|2|2|1|2
3480320|1|1|1|130.6905065|27|1|1|1|2|2|1|2
3480321|1|1|1|109.72343684|27|1|1|1|2|2|1|2
3480322|1|1|1|167.90840998|27|1|1|1|2|2|1|2
3480323|1|1|1|130.95201892|27|2|1|1|2|2|1|2
3480324|1|1|1|150.68442546|27|1|1|1|2|2|1|2
3480325|1|1|1|142.12002165|27|1|1|3|2|1|1|1
3480326|1|1|1|101.23301839|27|1|1|1|2|2|1|2
3480327|1|1|1|125.61280672|27|2|1|1|2|2|1|2
3480328|1|1|1|110.85986527|27|2|1|1|2|2|1|2
3480329|1|1|1|105.68439561|27|2|1|1|2|2|1|2
3480330|1|1|1|163.29965751|27|2|1|1|2|2|1|2
3480331|1|1|1|124.5753989|27|2|1|1|2|2|1|2
3480332|1|1|1|110.43201122|27|2|1|1|2|2|1|2
3480333|1|1|1|86.712262595|27|1|1|1|2|2|1|2
3480334|1|1|1|101.63312935|27|2|1|1|2|1|1|1
3480335|1|1|1|96.05650592|27|2|1|1|2|1|1|1
3480336|1|1|1|87.421332559|27|2|1|1|2|1|1|1
3480337|1|1|1|220.88359857|41|2|1|2|1|1|1|1
3480338|1|1|1|311.80134572|41|2|1|2|1|1|1|1
3480339|1|1|1|261.71177936|41|2|1|2|1|1|1|1
3480340|1|1|1|270.22441603|41|2|1|2|1|1|1|1
3480341|1|1|1|335.2287016|41|1|1|2|1|1|1|1
3480342|1|1|1|232.7844343|41|2|1|2|1|1|1|1
3480343|1|1|1|305.72975239|41|3|1|2|1|1|1|1
3480344|1|1|1|305.72975239|41|2|1|2|1|1|1|1
3480345|1|1|1|348.64546103|41|3|1|1|1|1|1|1
3480346|1|1|1|94.434645349|44|1|1|2|1|1|1|1
3480347|1|1|1|118.9709202|44|1|1|2|2|1|1|1
3480348|1|1|1|168.20833716|44|2|1|2|2|1|1|2
3480349|1|1|1|133.010035|44|2|1|2|2|1|1|2
3480350|1|1|1|139.50746827|44|2|1|2|1|1|1|1
3480351|1|1|1|85.31787524|44|1|1|2|1|1|1|1
3480352|1|1|1|168.20833716|44|1|1|2|1|1|1|1
3480353|1|1|1|114.51449676|44|2|1|2|1|1|1|1
3480354|1|1|1|154.62320014|44|1|1|2|1|1|1|1
3480355|1|1|1|73.253362324|44|1|1|4|1|1|1|1
3480356|1|1|1|57.025413153|44|1|1|3|1|1|1|1
3480357|1|1|1|144.31498679|44|1|1|1|1|1|1|1
3480358|1|1|1|68.430495784|44|1|1|2|1|1|1|1
3480359|1|1|1|103.7444377|44|1|1|2|1|1|1|1
3480360|1|1|1|80.913831036|44|1|1|2|1|1|1|1
3480361|1|1|1|54.033946096|44|1|1|2|1|1|1|1
3480362|1|1|1|68.430495784|44|1|1|2|1|1|1|1
3480363|1|1|1|94.132763838|44|1|1|2|1|1|1|1
3480364|1|1|1|49.469980348|44|1|1|2|1|1|1|1
3480365|1|1|1|115.57727024|44|1|1|2|1|1|1|1
3480366|1|1|1|104.09493266|44|1|1|2|1|1|1|1
3480367|1|1|1|359.84083345|47|1|1|5|1|1|1|1
3480368|1|1|1|359.84083345|47|1|1|5|1|1|1|1
3480369|1|1|1|352.92395505|47|1|1|5|1|1|1|1
3480370|1|1|1|477.3248241|47|1|1|1|2|2|1|2
3480371|1|1|1|586.85471942|47|1|1|1|1|1|1|1
3480372|1|1|1|537.15036955|47|1|1|1|1|1|1|1
3480373|1|1|1|317.78371585|47|1|1|1|1|1|1|1
3480374|1|1|1|346.4800527|47|1|1|1|1|1|1|1
3480375|1|1|1|350.17494|47|1|1|1|1|1|1|1
3480376|1|1|1|370.15359781|47|1|1|1|1|1|1|1
3480377|1|1|1|676.74914242|47|2|1|1|1|1|1|1
3480378|1|1|1|333.09012895|47|2|1|1|1|1|1|1
3480379|1|1|1|698.23094915|47|1|1|1|1|1|1|1
3480380|1|1|1|443.40083761|47|2|1|1|1|1|1|1
3480381|1|1|1|472.18131503|47|2|1|1|1|1|1|1
3480382|1|1|1|343.23794489|47|1|1|3|1|1|1|1
3480383|1|1|1|278.73229667|47|1|1|3|1|1|1|1
3480384|1|1|1|669.99134808|47|1|1|3|1|1|1|1
3480385|1|1|1|444.48174998|47|1|1|3|1|1|1|1
3480386|1|1|1|293.43884332|47|1|1|3|1|1|1|1
3480387|1|1|1|339.35070202|47|1|1|3|1|1|1|1
3480388|1|1|1|298.57007151|47|1|1|3|1|1|1|1
3480389|1|1|1|306.33401198|47|1|1|3|1|1|1|1
3480390|1|1|1|381.76281769|47|1|1|3|1|1|1|1
3480391|1|1|1|389.38109919|47|2|1|3|1|1|1|1
3480392|1|1|1|482.16715113|47|2|1|3|1|1|1|1
3480393|1|1|1|965.03077344|50|3|1|3|1|1|1|1
3480394|1|1|1|446.21877345|50|2|1|2|1|1|1|1
3480395|1|1|1|437.64049372|50|1|1|2|1|1|1|1
3480396|1|1|1|632.72353839|50|1|1|2|1|1|1|1
3480397|1|1|1|363.50407374|50|2|1|2|1|1|1|1
3480398|1|1|1|315.06608651|50|2|1|2|1|1|1|1
3480399|1|1|1|393.0062741|50|1|1|2|1|1|1|1
3480400|1|1|1|510.37618128|50|2|1|3|1|1|1|1
3480401|1|1|1|727.58943589|50|2|1|2|1|1|1|1
3480402|1|1|1|659.22310691|50|2|1|2|1|1|1|1
3480403|1|1|1|336.86252065|50|1|1|3|1|1|1|1
3480404|1|1|1|315.2097568|50|1|1|2|1|1|1|1
3480405|1|1|1|274.72410099|50|1|1|2|1|1|1|1
3480406|1|1|1|186.98382251|50|2|1|2|1|1|1|1
3480407|1|1|1|406.6998725|50|2|1|3|1|1|1|1
3480408|1|1|1|493.0359604|50|2|1|3|1|1|1|1
3480409|1|1|1|408.35167368|50|2|1|3|1|1|1|1
3480410|1|1|1|372.62986094|50|1|1|1|1|1|1|1
3480411|1|1|1|538.0158819|50|2|1|1|1|1|1|1
3480412|1|1|1|364.26264087|50|1|1|1|1|1|1|1
3480413|1|1|1|375.75210757|50|1|1|1|1|1|1|1
3480414|1|1|1|380.13459183|50|1|1|1|1|1|1|1
3480415|1|1|1|364.26264087|50|1|1|1|1|1|1|1
3480416|1|1|1|310.7881767|50|2|1|1|1|1|1|1
3480417|1|1|1|442.13205836|50|2|1|1|1|1|1|1
3480418|1|1|1|505.29378098|50|1|1|3|1|1|1|1
3480419|1|1|1|505.29378098|50|1|1|3|1|1|1|1
3480420|1|1|1|450.20870992|50|1|1|3|1|1|1|1
3480421|1|1|1|600.34377429|50|2|1|2|1|1|1|1
3480422|1|1|1|424.55884853|50|1|1|2|1|1|1|1
3480423|1|1|1|638.3058333|50|1|1|2|1|1|1|1
3480424|1|1|1|428.34617958|50|1|1|2|1|1|1|1
3480425|1|1|1|186.03245506|50|1|1|4|1|2|1|1
3480426|1|1|1|126.05833226|52|1|1|1|1|1|1|1
3480427|1|1|1|482.5118261|52|2|1|1|2|1|1|1
3480428|1|1|1|182.42578759|52|2|1|3|2|1|1|1
3480429|1|1|1|367.74585071|52|2|1|1|1|1|1|1
3480430|1|1|1|136.89199108|52|2|1|2|1|1|1|1
3480431|1|1|1|605.07999483|52|2|1|2|1|1|1|1
3480432|1|1|1|605.07999483|52|2|1|2|2|1|1|1
3480433|1|1|1|165.79875746|52|1|1|3|2|1|1|1
3480434|1|1|1|313.58162121|52|2|1|2|2|1|1|1
3480435|1|1|1|407.17811377|52|1|1|2|1|1|1|1
3480436|1|1|1|214.51841291|52|1|1|2|1|1|1|1
3480437|1|1|1|112.05185089|52|2|1|1|1|1|1|1
3480438|1|1|1|258.77341472|52|2|1|1|1|1|1|1
3480439|1|1|1|395.32580509|52|2|1|1|2|1|1|1
3480440|1|1|1|693.28761897|52|1|1|1|1|1|1|1
3480441|1|1|1|360.09921866|54|1|1|2|1|1|1|1
3480442|1|1|1|441.42830908|54|1|1|2|1|1|1|1
3480443|1|1|1|427.43813568|54|2|1|2|1|1|1|1
3480444|1|1|1|648.07618366|54|1|1|2|1|1|1|1
3480445|1|1|1|806.68790146|54|1|1|2|1|1|1|1
3480446|1|1|1|1440.3968746|54|1|1|2|2|1|1|1
3480447|1|1|1|900.41885977|54|1|1|2|1|1|1|1
3480448|1|1|1|528.29611062|54|1|1|4|1|1|1|1
3480449|1|1|1|317.0438773|54|1|1|4|1|1|1|1
3480450|1|1|1|317.0438773|54|1|1|4|2|1|1|1
3480451|1|1|1|352.27097477|54|2|1|1|1|1|1|1
3480452|1|1|1|859.70558652|54|2|1|1|1|1|1|1
3480453|1|1|1|1011.8967061|54|2|1|1|1|1|1|1
3480454|1|1|1|554.10850438|54|1|1|2|1|1|1|1
3480455|1|1|1|221.96895283|63|2|1|2|1|1|1|1
3480456|1|1|1|251.88880679|63|2|1|2|1|1|1|1
3480457|1|1|1|582.97325649|63|1|1|2|1|1|1|1
3480458|1|1|1|162.38380117|63|2|1|2|1|1|1|1
3480459|1|1|1|505.09341088|63|1|1|1|1|1|1|1
3480460|1|1|1|314.64461194|63|2|1|2|1|1|1|1
3480461|1|1|1|319.15948144|63|2|1|1|1|1|1|1
3480462|1|1|1|649.53520467|63|2|1|2|1|1|1|1
3480463|1|1|1|371.54932276|63|1|1|1|1|1|1|1
3480464|1|1|1|173.39255845|63|2|1|2|1|1|1|1
3480465|1|1|1|268.46043882|63|2|1|1|1|1|1|1
3480466|1|1|1|259.36592603|63|1|1|1|1|1|1|1
3480467|1|1|1|371.54932276|63|2|1|2|1|1|1|1
3480468|1|1|1|339.66105736|63|1|1|1|1|1|1|1
3480469|1|1|1|329.73103064|63|2|1|1|1|1|1|1
3480470|1|1|1|156.36958631|63|1|1|2|1|1|1|1
3480471|1|1|1|203.15509707|63|2|1|3|1|1|1|1
3480472|1|1|1|255.27739678|63|2|1|4|1|1|1|1
3480473|1|1|1|180.328884|63|2|1|4|1|1|1|1
3480474|1|1|1|279.25043075|63|2|1|4|1|1|1|1
3480475|1|1|1|257.8958618|63|1|1|4|1|1|1|1
3480476|1|1|1|585.21429936|63|1|1|4|1|1|1|1
3480477|1|1|1|243.05060304|63|1|1|4|1|1|1|1
3480478|1|1|1|257.8958618|63|1|1|4|1|1|1|1
3480479|1|1|1|243.05060304|63|1|1|4|1|1|1|1
3480480|1|1|1|292.25925565|63|2|1|5|1|1|1|1
3480481|1|1|1|298.28937646|63|1|1|3|1|1|1|1
3480482|1|1|1|298.28937646|63|1|1|3|1|1|1|1
3480483|1|1|1|634.42550181|63|1|1|2|1|1|1|1
3480484|1|1|1|263.48894921|63|1|1|2|1|1|1|1
3480485|1|1|1|279.58255927|63|1|1|2|1|1|1|1
3480486|1|1|1|323.62490044|63|1|1|2|1|1|1|1
3480487|1|1|1|637.50677496|63|1|1|2|1|1|1|1
3480488|1|1|1|217.57355694|63|2|1|2|1|1|1|1
3480490|1|1|1|606.88359162|66|2|1|4|1|1|1|1
3480491|1|1|1|907.16510541|66|2|1|4|1|1|1|1
3480492|1|1|1|285.19607036|66|2|1|4|1|1|1|1
3480493|1|1|1|325.76000739|66|2|1|4|1|1|1|1
3480494|1|1|1|247.99658292|66|2|1|2|1|1|1|1
3480495|1|1|1|700.071688|66|1|1|2|1|1|1|1
3480496|1|1|1|1750.8142138|66|2|1|2|1|1|1|1
3480497|1|1|1|863.31226233|66|2|1|3|1|1|1|1
3480498|1|1|1|881.93109419|68|2|1|3|1|1|1|1
3480499|1|1|1|1036.8929418|68|1|1|2|1|1|1|1
3480500|1|1|1|740.41372452|68|1|1|3|1|1|1|1
3480501|1|1|1|744.0920611|68|2|1|2|1|1|1|1
3480502|1|1|1|1239.5767608|68|1|1|3|1|1|1|1
3480503|1|1|1|827.5422272|68|1|1|3|1|1|1|1
3480504|1|1|1|926.95674475|68|1|1|3|1|1|1|1
3480505|1|1|1|938.99897617|68|2|1|3|1|1|1|1
3480506|1|1|1|1364.3502748|68|2|1|3|1|1|1|1
3480507|1|1|1|1037.132219|68|2|1|3|1|1|1|1
3480508|1|1|1|1188.5572772|68|2|1|3|1|1|1|1
3480509|1|1|1|433.44832289|68|2|1|3|1|1|1|1
3480510|1|1|1|3014.5394615|68|2|1|2|1|1|1|1
3480511|1|1|1|925.8998973|68|2|1|3|1|1|1|1
3480512|1|1|1|3315.571552|68|2|1|3|1|1|1|1
3480513|1|1|1|2175.2626816|68|2|1|3|1|1|1|1
3480514|1|1|1|1055.6483784|68|2|1|3|1|1|1|1
3480515|1|1|1|2456.6898592|68|2|1|3|1|1|1|1
3480516|1|1|1|2796.8912898|68|2|1|3|1|1|1|1
3480517|1|1|1|925.8998973|68|2|1|3|1|1|1|1
3480518|1|1|1|497.68401203|68|2|1|2|1|1|1|1
3480519|1|1|1|501.63449191|68|2|1|2|1|1|1|1
3480520|1|1|1|497.68401203|68|2|1|2|1|1|1|1
3480521|1|1|1|497.68401203|68|2|1|2|1|1|1|1
3480522|1|1|1|523.23266649|68|2|1|2|1|1|1|1
3480523|1|1|1|556.24429743|68|2|1|2|1|1|1|1
3480524|1|1|1|1112.4398776|68|1|1|2|1|1|1|1
3480525|1|1|1|1176.3120851|68|2|1|3|1|1|1|1
3480526|1|1|1|1775.2165952|68|2|1|3|1|1|1|1
3480527|1|1|1|796.309176|68|2|1|3|1|1|1|1
3480528|1|1|1|1430.5741391|68|2|1|3|1|1|1|1
3480529|1|1|1|647.39383679|68|2|1|3|1|1|1|1
3480530|1|1|1|647.39383679|68|2|1|3|1|1|1|1
3480531|1|1|1|2087.6732018|68|2|1|3|1|1|1|1
3480532|1|1|1|255.91861692|70|1|1|3|1|1|1|1
3480533|1|1|1|184.60798887|70|2|1|3|1|1|1|1
3480534|1|1|1|159.5250604|70|1|1|1|1|1|1|1
3480535|1|1|1|200.47197765|70|2|1|1|1|1|1|1
3480536|1|1|1|179.55495698|70|2|1|1|1|1|1|1
3480537|1|1|1|269.05515697|70|2|1|1|1|1|1|1
3480538|1|1|1|319.26145057|70|2|1|1|1|1|1|1
3480539|1|1|1|182.38737322|70|1|1|1|1|1|1|1
3480540|1|1|1|237.76595469|70|1|1|1|1|1|1|1
3480541|1|1|1|218.15824346|70|1|1|1|1|1|1|1
3480542|1|1|1|182.38737322|70|2|1|1|1|1|1|1
3480543|1|1|1|196.28201028|70|1|1|1|1|1|1|1
3480544|1|1|1|129.44691548|70|1|1|1|1|1|1|1
3480545|1|1|1|228.47133503|70|2|1|4|1|1|1|1
3480546|1|1|1|164.71506501|70|2|1|4|1|1|1|1
3480547|1|1|1|180.05206522|70|1|1|4|1|1|1|1
3480548|1|1|1|173.9566301|70|2|1|4|1|1|1|1
3480549|1|1|1|297.16690461|70|1|1|4|1|1|1|1
3480550|1|1|1|217.2990012|70|2|1|4|1|1|1|1
3480551|1|1|1|328.16659012|73|2|1|2|1|1|1|1
3480552|1|1|1|633.54642886|73|2|1|3|1|1|1|1
3480553|1|1|1|601.41977387|73|2|1|4|1|1|1|1
3480554|1|1|1|356.39690304|73|2|1|2|1|1|1|1
3480555|1|1|1|667.62672021|73|1|1|3|1|1|1|1
3480556|1|1|1|486.9592177|73|2|1|2|1|1|1|1
3480557|1|1|1|678.03766514|73|2|1|2|1|1|1|1
3480558|1|1|1|372.05705601|73|3|1|2|1|1|1|1
3480559|1|1|1|372.05705601|73|2|1|2|1|1|1|1
3480560|1|1|1|553.40510542|73|2|1|2|1|1|1|1
3480561|1|1|1|438.27234612|73|2|1|2|1|1|1|1
3480562|1|1|1|791.71902292|73|2|1|2|1|1|1|1
3480563|1|1|1|894.22333258|73|2|1|2|1|1|1|1
3480564|1|1|1|325.01214218|73|2|1|3|1|1|1|1
3480565|1|1|1|424.81154463|73|2|1|2|1|1|1|1
3480566|1|1|1|512.70221132|73|2|1|2|1|1|1|1
3480567|1|1|1|462.66225979|73|2|1|2|1|1|1|1
3480568|1|1|1|184.19307585|73|1|1|2|1|1|1|1
3480569|1|1|1|1736.6137403|76|2|1|2|1|1|1|1
3480570|1|1|1|4321.1421331|76|2|1|2|1|1|1|1
3480571|1|1|1|2041.6211366|76|2|1|1|1|1|1|1
3480572|1|1|1|2203.8207638|76|1|1|6|1|1|1|1
3480573|1|1|1|2427.2848496|76|1|1|6|1|1|1|1
3480574|1|1|1|4183.0933107|76|1|1|6|2|1|1|1
3480575|1|1|1|2578.427941|76|1|1|6|1|1|1|1
3480576|1|1|1|2059.2780769|76|1|1|6|1|1|1|1
3480577|1|1|1|989.64242223|76|2|1|4|1|1|1|1
3480578|1|1|1|1140.3510795|76|2|1|4|1|1|1|1
3480579|1|1|1|800.34718037|76|2|1|4|1|1|1|1
3480580|1|1|1|1511.9069215|76|2|1|4|1|1|1|1
3480581|1|1|1|1587.761134|76|1|1|5|1|1|1|1
3480582|1|1|1|36.268345986|88|2|1|2|2|2|1|2
3480583|1|1|1|36.268345986|88|2|1|2|2|2|1|2
3480584|1|1|1|36.268345986|88|2|1|2|2|2|1|2
3480585|1|1|1|31.264660559|88|2|1|2|2|2|1|2
3480586|1|1|1|41.236433182|88|2|1|2|2|2|1|2
3480587|1|1|1|41.199065322|88|2|1|2|2|2|1|2
3480588|1|1|1|37.799676149|88|2|1|2|2|2|1|2
3480589|1|1|1|43.193801189|88|2|1|2|2|2|1|2
3480590|1|1|1|52.054652683|88|1|1|1|2|2|1|2
3480591|1|1|1|43.694520646|88|1|1|1|2|2|1|2
3480592|1|1|1|39.397331101|88|1|1|1|2|2|1|2
3480593|1|1|1|27.849165325|88|1|1|1|2|2|1|2
3480594|1|1|1|44.005593129|88|1|1|1|2|2|1|1
3480595|1|1|1|68.946505158|88|1|1|2|2|2|1|1
3480596|1|1|1|37.934454811|88|2|1|1|2|2|1|1
3480597|1|1|1|62.506228136|88|1|1|1|2|2|1|1
3480598|1|1|1|46.471029954|88|2|1|1|2|2|1|1
3480599|1|1|1|50.285320787|88|2|1|1|2|2|1|1
3480600|1|1|1|37.934454811|88|2|1|1|2|2|1|1
3480601|1|1|1|52.207119409|88|2|1|2|2|1|1|1
3480602|1|1|1|41.367960943|88|1|1|2|2|1|1|1
3480603|1|1|1|35.664872045|88|1|1|2|2|2|1|1
3480606|1|1|1|2150.7916192|05|2|1|5|1|1|1|1
3480607|1|1|1|2982.9185269|05|2|1|5|1|1|1|1
3480608|1|1|1|2154.612604|05|2|1|5|1|1|1|1
3480610|1|1|1|2982.9185269|05|2|1|5|1|1|1|1
3480611|1|1|1|2956.5270764|05|2|1|5|1|1|1|1
3480612|1|1|1|3552.8521398|05|2|1|5|1|1|1|1
3480613|1|1|1|2514.3062863|05|2|1|5|1|1|1|1
3480614|1|1|1|2982.9185269|05|2|1|5|1|1|1|1
3480615|1|1|1|2982.9185269|05|2|1|5|1|1|1|1
3480616|1|1|1|3594.0649199|05|2|1|6|1|1|1|1
3480617|1|1|1|4765.0086892|05|2|1|6|1|1|1|1
3480618|1|1|1|2347.8382022|05|2|1|6|1|1|1|1
3480619|1|1|1|4685.5191055|05|2|1|6|1|1|1|1
3480620|1|1|1|2785.424397|05|2|1|6|1|1|1|1
3480621|1|1|1|3849.4355812|05|2|1|6|1|1|1|1
3480624|1|1|1|5759.448555|05|2|1|6|1|1|1|1
3480626|1|1|1|4663.2996783|05|2|1|5|1|1|1|1
3480627|1|1|1|3917.7821426|05|2|1|4|1|1|1|1
3480628|1|1|1|1936.7060077|05|2|1|5|1|1|1|1
3480629|1|1|1|2715.1009782|05|2|1|5|1|1|1|1
3480630|1|1|1|5062.8983105|05|2|1|2|1|1|1|1
3480632|1|1|1|2163.6463518|05|2|1|2|1|1|1|1
3480633|1|1|1|3321.8293915|05|2|1|2|1|1|1|1
3480634|1|1|1|2163.6463518|05|2|1|2|1|1|1|1
3480635|1|1|1|4144.7306357|05|2|1|2|1|1|1|1
3480636|1|1|1|4986.5371363|05|2|1|2|1|1|1|1
3480637|1|1|1|4351.8062048|05|2|1|3|1|1|1|1
3480638|1|1|1|4235.7026326|05|2|1|3|1|1|1|1
3480639|1|1|1|2786.8114959|05|2|1|3|1|1|1|1
3480640|1|1|1|2012.961172|05|2|1|3|1|1|1|1
3480641|1|1|1|5009.5529565|05|2|1|3|1|1|1|1
3480642|1|1|1|848.9820921|08|2|1|5|1|1|1|1
3480643|1|1|1|1206.5263521|08|2|1|5|2|2|2|2
3480644|1|1|1|1858.717863|08|2|1|5|1|1|1|1
3480645|1|1|1|1133.1241716|08|2|1|5|1|1|1|1
3480646|1|1|1|1381.5086884|08|2|1|5|1|1|1|1
3480649|1|1|1|2160.562678|08|2|1|3|1|1|1|1
3480651|1|1|1|676.04879032|08|2|1|3|1|1|1|1
3480652|1|1|1|977.57790899|08|2|1|3|1|1|1|1
3480653|1|1|1|1174.7816181|08|2|1|3|1|1|1|1
3480654|1|1|1|1243.1751959|08|2|1|3|1|1|1|1
3480655|1|1|1|1150.8875803|08|2|1|3|1|1|1|1
3480656|1|1|1|1621.9996914|08|2|1|3|1|1|1|1
3480657|1|1|1|2003.4679265|08|1|1|3|1|1|1|1
3480658|1|1|1|1054.5478385|08|2|1|3|1|1|1|1
3480659|1|1|1|903.49786525|08|2|1|3|1|1|1|1
3480660|1|1|1|761.52622358|08|1|1|3|1|1|1|1
3480661|1|1|1|1006.1680772|08|2|1|3|1|1|1|1
3480662|1|1|1|3046.1048943|08|1|1|3|1|1|1|1
3480664|1|1|1|1806.3178381|08|2|1|3|1|1|1|1
3480668|1|1|1|1848.3816657|08|2|1|3|1|1|1|1
3480669|1|1|1|1121.0174094|08|2|1|3|1|1|1|1
3480670|1|1|1|1049.5177223|08|2|1|3|1|1|1|1
3480671|1|1|1|1299.6707123|08|1|1|1|1|1|1|1
3480672|1|1|1|970.16631685|08|2|1|1|1|1|1|1
3480675|1|1|1|1150.4158238|08|2|1|3|1|1|1|1
3480676|1|1|1|2983.9394883|08|2|1|3|1|1|1|1
3480677|1|1|1|1769.4542088|08|2|1|3|1|1|1|1
3480678|1|1|1|2316.9216297|08|2|1|3|1|1|1|1
3480680|1|1|1|1083.2682915|08|2|1|3|1|1|1|1
3480681|1|1|1|775.29710251|08|1|1|3|1|1|1|1
3480683|1|1|1|690.18726053|08|1|1|1|1|1|1|1
3480684|1|1|1|717.30701694|08|2|1|1|1|1|1|1
3480685|1|1|1|2760.7490421|08|2|1|1|1|1|1|1
3480686|1|1|1|668.61890864|08|1|1|1|1|1|1|1
3480687|1|1|1|883.4140977|08|2|1|2|1|1|1|1
3480688|1|1|1|1132.120696|08|1|1|2|1|1|1|1
3480689|1|1|1|1843.0662554|08|2|1|1|1|1|1|1
3480690|1|1|1|1585.9444155|08|1|1|1|1|1|1|1
3480693|1|1|1|5377.4633755|11|2|1|2|1|1|1|1
3480695|1|1|1|6242.0293854|11|2|1|3|1|1|1|1
3480696|1|1|1|2566.8592042|11|2|1|3|1|1|1|1
3480697|1|1|1|5439.1983424|11|2|1|3|1|1|1|1
3480698|1|1|1|5394.7272075|11|1|1|2|1|1|1|1
3480699|1|1|1|2979.556223|11|1|1|2|1|1|1|1
3480700|1|1|1|16172.116208|11|1|1|3|1|1|1|1
3480701|1|1|1|8441.5301551|11|1|1|3|1|1|1|1
3480702|1|1|1|7401.634388|11|2|1|2|1|1|1|1
3480703|1|1|1|8074.5102415|11|2|1|3|1|1|1|1
3480704|1|1|1|3777.0116771|11|2|1|3|1|1|1|1
3480705|1|1|1|604.38467419|13|2|1|3|1|1|1|1
3480709|1|1|1|566.23159173|13|1|1|1|1|2|1|1
3480718|1|1|1|550.40509233|13|2|1|2|1|1|1|1
3480720|1|1|1|711.76344369|13|2|1|3|1|1|1|1
3480721|1|1|1|492.90733859|13|2|1|2|1|1|1|1
3480722|1|1|1|718.35369618|13|2|1|3|1|1|1|1
3480723|1|1|1|696.32332629|13|2|1|2|1|1|1|1
3480724|1|1|1|535.3179345|13|2|1|2|1|1|1|1
3480728|1|1|1|739.88738657|13|2|1|3|1|1|1|1
3480730|1|1|1|644.16933009|13|2|1|3|1|1|1|1
3480735|1|1|1|253.68488577|15|2|1|3|1|1|1|1
3480748|1|1|1|278.93439759|15|2|1|4|1|1|1|1
3480749|1|1|1|160.02519644|15|2|1|4|1|1|1|1
3480752|1|1|1|104.99799329|15|2|1|3|1|1|1|1
3480755|1|1|1|157.49698993|15|2|1|4|1|1|1|1
3480756|1|1|1|157.49698993|15|2|1|4|1|1|1|1
3480757|1|1|1|215.70554734|15|2|1|4|1|1|1|1
3480760|1|1|1|242.60844879|15|2|1|3|1|1|1|1
3480761|1|1|1|216.14777718|15|2|1|3|1|1|1|1
3480763|1|1|1|194.52689237|15|2|1|3|1|1|1|1
3480764|1|1|1|155.05373709|15|2|1|4|1|1|1|1
3480766|1|1|1|342.49144917|15|2|1|3|1|1|1|1
3480767|1|1|1|232.58060563|15|2|1|3|1|1|1|1
3480768|1|1|1|157.49698993|15|2|1|3|1|1|1|1
3480771|1|1|1|246.45664624|15|2|1|3|1|1|1|1
3480772|1|1|1|160.52349841|15|2|1|3|1|1|1|1
3480777|1|1|1|203.98247027|17|1|1|4|1|1|1|1
3480786|1|1|1|208.72924344|17|2|1|3|1|1|1|1
3480787|1|1|1|183.88951348|17|2|1|3|1|1|1|1
3480789|1|1|1|242.60715659|17|2|1|6|1|1|1|1
3480792|1|1|1|367.07803995|17|2|1|6|1|1|1|1
3480793|1|1|1|559.67213683|17|2|1|6|1|1|1|1
3480796|1|1|1|393.66132787|17|1|1|2|1|1|1|1
3480798|1|1|1|502.60089088|17|2|1|2|1|1|1|1
3480799|1|1|1|466.40831334|17|1|1|2|1|1|1|1
3480800|1|1|1|292.75756529|17|2|1|2|1|1|1|1
3480801|1|1|1|405.37461202|17|2|1|2|1|1|1|1
3480802|1|1|1|223.90631783|17|2|1|2|1|1|1|1
3480803|1|1|1|239.50833507|17|2|1|3|1|1|1|1
3480805|1|1|1|676.97997543|17|1|1|2|1|1|1|1
3480810|1|1|1|83.514792893|18|2|1|2|1|1|1|1
3480812|1|1|1|83.851065684|18|2|1|2|1|1|1|1
3480813|1|1|1|83.514792893|18|2|1|2|1|1|1|1
3480818|1|1|1|66.46851591|18|1|1|3|1|1|1|1
3480819|1|1|1|79.240774073|18|2|1|3|1|1|1|1
3480825|1|1|1|211.84601567|18|1|1|1|1|1|1|1
3480828|1|1|1|81.872323905|18|1|1|2|1|1|1|1
3480829|1|1|1|158.60558549|18|1|1|2|1|1|1|1
3480831|1|1|1|81.872323905|18|1|1|1|1|1|1|1
3480832|1|1|1|50.20753346|18|1|1|1|1|1|1|1
3480833|1|1|1|57.166359755|18|2|1|1|1|1|1|1
3480834|1|1|1|76.555966598|18|2|1|1|1|1|1|1
3480835|1|1|1|174.66095766|18|1|1|1|1|1|1|1
3480836|1|1|1|123.60784567|18|2|1|1|1|1|1|1
3480837|1|1|1|89.659008813|18|2|1|1|1|1|1|1
3480838|1|1|1|196.7894923|18|2|1|1|1|1|1|1
3480839|1|1|1|170.11423955|18|1|1|1|1|1|1|1
3480841|1|1|1|135.05970332|18|2|1|1|1|1|1|1
3480843|1|1|1|141.29782016|18|1|1|1|1|1|1|1
3480844|1|1|1|114.83284023|18|1|1|1|1|1|1|1
3480849|1|1|1|142.99851948|19|1|1|3|1|1|1|1
3480855|1|1|1|260.37625416|19|1|1|1|1|1|1|1
3480858|1|1|1|283.86821946|19|1|1|1|1|1|1|1
3480863|1|1|1|281.87306509|19|1|1|3|1|1|1|1
3480880|1|1|1|309.55043398|19|2|1|4|1|1|1|1
3480888|1|1|1|226.89050636|20|2|1|1|1|1|1|1
3480889|1|1|1|339.21416635|20|2|1|1|1|1|1|1
3480892|1|1|1|236.86886951|20|3|1|1|1|1|1|1
3480894|1|1|1|136.63803058|20|1|1|2|1|1|1|1
3480897|1|1|1|347.32891589|20|3|1|2|1|1|1|1
3480898|1|1|1|347.32891589|20|3|1|1|1|1|1|1
3480900|1|1|1|332.58684246|20|1|1|2|1|1|1|1
3480901|1|1|1|151.12643223|20|1|1|2|1|1|1|1
3480902|1|1|1|197.06881947|20|2|1|2|1|1|1|1
3480903|1|1|1|422.70680312|20|2|1|2|1|1|1|1
3480906|1|1|1|196.91888203|20|2|1|2|1|1|1|1
3480907|1|1|1|149.10473178|20|2|1|3|1|1|1|1
3480908|1|1|1|207.46457563|20|2|1|3|1|1|1|1
3480909|1|1|1|207.32186129|20|2|1|3|1|1|1|1
3480910|1|1|1|145.39001374|20|2|1|3|1|1|1|1
3480911|1|1|1|308.83325648|20|1|1|3|1|1|1|1
3480912|1|1|1|154.65875094|20|1|1|3|1|1|1|1
3480913|1|1|1|143.8460602|20|1|1|4|1|1|1|1
3480914|1|1|1|143.8460602|20|2|1|3|1|1|1|1
3480915|1|1|1|196.84090726|20|1|1|4|1|1|1|1
3480916|1|1|1|187.57521666|20|1|1|3|1|1|1|1
3480917|1|1|1|279.81787465|20|1|1|3|1|1|1|1
3480918|1|1|1|249.36434987|20|2|1|3|1|1|1|1
3480919|1|1|1|187.43250232|20|1|1|3|1|1|1|1
3480921|1|1|1|171.73458208|20|2|1|3|1|1|1|1
3480922|1|1|1|171.73458208|20|1|1|3|1|1|1|1
3480923|1|1|1|377.93959371|20|2|1|3|1|1|1|1
3480924|1|1|1|230.39863837|20|2|1|3|1|1|1|1
3480925|1|1|1|343.63954761|20|2|1|3|1|1|1|1
3480929|1|1|1|279.71432106|20|1|1|3|1|1|1|1
3480933|1|1|1|314.12080091|20|2|1|1|1|1|1|1
3480939|1|1|1|258.64862918|20|2|1|2|1|1|1|1
3480940|1|1|1|233.83525253|20|2|1|2|1|1|1|1
3480943|1|1|1|334.256244|23|1|1|2|1|1|1|1
3480945|1|1|1|365.10523813|23|2|1|2|1|1|1|1
3480948|1|1|1|472.90803198|23|2|1|4|1|1|1|1
3480951|1|1|1|189.00939425|23|2|1|1|1|1|1|1
3480952|1|1|1|428.98868193|23|2|1|1|1|1|1|1
3480953|1|1|1|164.90181088|23|2|1|1|1|1|1|1
3480954|1|1|1|290.15705405|23|1|1|1|1|1|1|1
3480955|1|1|1|492.87959689|23|1|1|3|1|1|1|1
3480956|1|1|1|309.19089539|23|1|1|3|1|1|1|1
3480957|1|1|1|220.96613568|23|1|1|3|1|1|1|1
3480958|1|1|1|293.92046455|23|1|1|3|1|1|1|1
3480959|1|1|1|478.30407057|23|1|1|3|1|1|1|1
3480962|1|1|1|397.53115122|23|2|1|2|1|1|1|1
3480964|1|1|1|193.14340039|23|1|1|1|2|2|1|1
3480965|1|1|1|141.50984269|27|2|1|3|2|1|1|1
3480966|1|1|1|142.85674791|27|2|1|3|2|1|1|1
3480967|1|1|1|172.19140113|27|1|1|3|2|1|1|1
3480968|1|1|1|106.34009492|27|1|1|1|2|2|1|2
3480970|1|1|1|255.91480173|41|2|1|2|1|1|1|1
3480975|1|1|1|246.05385876|41|1|1|2|1|1|1|1
3480976|1|1|1|169.40832255|41|1|1|2|1|1|1|1
3480977|1|1|1|191.92197153|41|1|1|2|1|1|1|1
3480978|1|1|1|364.23492213|41|2|1|2|1|1|1|1
3480980|1|1|1|348.52620969|41|2|1|2|1|1|1|1
3480981|1|1|1|347.23729243|41|2|1|4|1|1|1|1
3480982|1|1|1|172.93133259|41|2|1|4|1|1|1|1
3480984|1|1|1|274.44841929|41|2|1|4|1|1|1|1
3480990|1|1|1|243.10010064|41|2|1|2|1|1|1|1
3480993|1|1|1|270.71701806|41|2|1|2|1|1|1|1
3480994|1|1|1|270.71701806|41|2|1|2|1|1|1|1
3480996|1|1|1|292.97671936|41|2|1|2|1|1|1|1
3480998|1|1|1|211.76040319|41|1|1|2|1|1|1|1
3481000|1|1|1|305.72975239|41|3|1|1|1|1|1|1
3481001|1|1|1|362.29756933|41|3|1|1|1|1|1|1
3481002|1|1|1|362.29756933|41|2|1|1|1|1|1|1
3481003|1|1|1|488.67221611|41|1|1|1|1|1|1|1
3481005|1|1|1|193.77656872|41|1|1|1|1|1|1|1
3481006|1|1|1|106.54377867|44|1|1|4|1|1|1|1
3481007|1|1|1|161.03456865|44|1|1|2|1|1|1|1
3481008|1|1|1|154.62320014|44|2|1|1|1|1|1|1
3481009|1|1|1|136.72499133|44|1|1|1|1|1|1|1
3481010|1|1|1|157.44499191|44|2|1|2|1|1|1|1
3481011|1|1|1|77.817340281|44|2|1|2|1|1|1|1
3481012|1|1|1|138.06718769|44|1|1|2|1|1|1|2
3481013|1|1|1|118.9709202|44|1|1|1|1|1|1|1
3481014|1|1|1|114.77458562|44|1|1|1|1|1|1|1
3481015|1|1|1|114.74223918|44|1|1|1|1|1|1|1
3481016|1|1|1|75.154319435|44|2|1|1|1|1|1|1
3481017|1|1|1|123.57247206|44|2|1|1|1|1|1|1
3481018|1|1|1|112.38110267|44|1|1|1|1|1|1|1
3481019|1|1|1|127.53373734|44|2|1|1|1|1|1|1
3481020|1|1|1|141.17291975|44|2|1|1|1|1|1|1
3481021|1|1|1|137.44284457|44|2|1|1|1|1|1|1
3481022|1|1|1|119.88712444|44|1|1|1|1|1|1|1
3481023|1|1|1|110.15603224|44|4|1|2|2|1|1|1
3481024|1|1|1|122.52047858|44|2|1|2|1|1|1|1
3481025|1|1|1|97.114603284|44|2|1|2|1|1|1|1
3481026|1|1|1|110.15603224|44|1|1|2|1|1|1|1
3481027|1|1|1|166.83318845|44|1|1|1|2|1|1|1
3481028|1|1|1|162.40911145|44|1|1|1|2|1|1|1
3481029|1|1|1|154.62320014|44|1|1|1|2|2|1|1
3481030|1|1|1|153.41126789|44|1|1|1|2|2|2|1
3481031|1|1|1|61.837475435|44|1|1|1|2|2|2|1
3481032|1|1|1|154.36311127|44|1|1|1|2|2|2|1
3481033|1|1|1|122.90716591|44|1|1|1|2|2|2|1
3481034|1|1|1|130.95316609|44|1|1|1|2|2|2|2
3481035|1|1|1|137.90457713|44|1|1|1|1|2|2|2
3481036|1|1|1|135.31113369|44|1|1|1|2|1|1|1
3481038|1|1|1|104.01695001|44|1|1|2|1|1|1|1
3481039|1|1|1|96.923814212|44|1|1|2|1|1|1|1
3481040|1|1|1|55.120727319|44|1|1|1|1|1|1|1
3481041|1|1|1|117.32110552|44|1|1|1|1|1|1|1
3481042|1|1|1|93.652970974|44|1|1|1|1|2|2|1
3481043|1|1|1|287.44268094|47|1|1|5|1|1|1|1
3481047|1|1|1|603.04333703|47|2|1|2|1|1|1|1
3481048|1|1|1|531.20397941|47|2|1|2|1|1|1|1
3481050|1|1|1|561.8543409|47|2|1|1|2|1|1|2
3481056|1|1|1|273.43116845|47|2|1|6|1|1|1|1
3481059|1|1|1|226.46999104|47|2|1|6|1|1|1|1
3481061|1|1|1|317.19566894|47|2|1|3|1|1|1|1
3481062|1|1|1|403.32570023|47|2|1|3|1|1|1|1
3481082|1|1|1|292.62570156|50|1|1|1|1|1|1|1
3481095|1|1|1|408.94208296|50|1|1|1|1|1|1|1
3481102|1|1|1|291.12009156|52|2|1|1|1|1|1|1
3481104|1|1|1|608.53653066|52|2|1|1|1|1|1|1
3481106|1|1|1|171.11498885|52|2|1|1|2|1|1|1
3481107|1|1|1|450.80085563|52|2|1|2|2|1|1|1
3481108|1|1|1|294.71182782|52|2|1|4|2|1|1|1
3481112|1|1|1|84.802878063|52|1|1|1|1|1|1|1
3481118|1|1|1|189.4624047|52|2|1|2|2|1|1|1
3481119|1|1|1|92.442776987|52|1|1|2|1|1|1|1
3481122|1|1|1|67.231110536|52|1|1|3|2|1|1|1
3481124|1|1|1|92.442776987|52|2|1|2|1|1|1|1
3481125|1|1|1|293.11778437|52|2|1|2|1|1|1|1
3481127|1|1|1|126.05833226|52|2|1|1|1|1|1|1
3481131|1|1|1|73.534027149|52|1|1|2|1|1|1|1
3481132|1|1|1|270.95489716|52|2|1|2|2|1|1|1
3481134|1|1|1|73.534027149|52|1|1|2|1|1|1|1
3481136|1|1|1|126.05833226|52|1|1|1|1|1|1|1
3481152|1|1|1|1614.08078|54|1|1|1|1|1|1|1
3481155|1|1|1|1289.5583798|54|2|1|1|2|1|1|1
3481156|1|1|1|1289.5583798|54|2|1|1|1|1|1|1
3481157|1|1|1|845.1497886|54|2|1|1|1|1|1|1
3481179|1|1|1|198.85958431|63|2|1|1|1|1|1|1
3481182|1|1|1|155.81012446|63|2|1|4|1|1|1|1
3481184|1|1|1|197.48413965|63|2|1|3|1|1|1|1
3481185|1|1|1|175.23864697|63|1|1|4|1|1|1|1
3481189|1|1|1|242.65656087|63|2|1|5|1|1|1|1
3481190|1|1|1|242.65656087|63|2|1|5|1|1|1|1
3481191|1|1|1|243.05060304|63|1|1|5|1|1|1|1
3481194|1|1|1|349.86588935|63|1|1|5|1|1|1|1
3481195|1|1|1|243.05060304|63|1|1|5|1|1|1|1
3481197|1|1|1|211.16993953|63|2|1|4|1|1|1|1
3481198|1|1|1|186.08675369|63|2|1|5|1|1|1|1
3481199|1|1|1|217.57355694|63|1|1|2|1|1|1|1
3481200|1|1|1|348.64460638|63|1|1|2|1|1|1|1
3481202|1|1|1|371.41334381|63|2|1|2|1|1|1|1
3481203|1|1|1|263.48894921|63|2|1|2|1|1|1|1
3481206|1|1|1|257.91644624|66|2|1|6|1|1|1|1
3481207|1|1|1|820.39279098|66|2|1|6|1|1|1|1
3481208|1|1|1|527.54532633|66|2|1|3|1|1|1|1
3481209|1|1|1|554.19699339|66|1|1|3|1|1|1|1
3481211|1|1|1|661.89718203|66|2|1|4|1|1|1|1
3481212|1|1|1|624.35976115|66|2|1|2|1|1|1|1
3481213|1|1|1|556.90793715|66|2|1|2|1|1|1|1
3481215|1|1|1|389.0698253|66|2|1|3|1|1|1|1
3481218|1|1|1|926.95674475|68|1|1|2|1|1|1|1
3481220|1|1|1|1477.9904268|68|1|1|2|1|1|1|1
3481221|1|1|1|1363.5602879|68|2|1|3|1|1|1|1
3481222|1|1|1|1503.186989|68|2|1|4|1|1|1|1
3481226|1|1|1|1363.5602879|68|2|1|3|1|1|1|1
3481227|1|1|1|689.37519935|68|1|1|3|1|1|1|1
3481229|1|1|1|1690.1302162|68|1|1|1|1|1|1|1
3481232|1|1|1|989.78334874|68|2|1|4|1|1|1|1
3481234|1|1|1|957.80949112|68|2|1|3|1|1|1|1
3481235|1|1|1|433.44832289|68|2|1|3|1|1|1|1
3481236|1|1|1|787.57391794|68|2|1|3|1|1|1|1
3481238|1|1|1|433.6762199|68|2|1|3|1|1|1|1
3481239|1|1|1|1700.2534145|68|2|1|4|1|1|1|1
3481242|1|1|1|1326.37228|68|2|1|4|1|1|1|1
3481244|1|1|1|1003.6202082|68|2|1|2|1|1|1|1
3481249|1|1|1|2175.2626816|68|2|1|3|1|1|1|1
3481251|1|1|1|925.8998973|68|2|1|3|1|1|1|1
3481254|1|1|1|1112.4398776|68|2|1|2|1|1|1|1
3481256|1|1|1|1176.3120851|68|2|1|3|1|1|1|1
3481258|1|1|1|203.966143|70|1|1|1|1|1|1|1
3481259|1|1|1|230.32675523|70|1|1|1|1|1|1|1
3481260|1|1|1|190.15544886|70|1|1|1|1|1|1|1
3481261|1|1|1|297.00701528|70|1|1|1|1|1|1|1
3481263|1|1|1|280.42623711|70|2|1|1|1|1|1|1
3481264|1|1|1|388.29095339|70|1|1|3|1|1|1|1
3481265|1|1|1|182.75556169|70|1|1|2|1|1|1|1
3481266|1|1|1|294.68716601|70|1|1|1|1|1|1|1
3481267|1|1|1|182.75556169|70|2|1|3|1|1|1|1
3481268|1|1|1|125.23813207|70|2|1|3|1|1|1|1
3481273|1|1|1|243.97574813|70|1|1|3|1|1|1|1
3481275|1|1|1|150.08845065|70|1|1|1|1|1|1|1
3481277|1|1|1|299.78307228|70|1|1|1|1|1|1|1
3481280|1|1|1|199.7518616|70|1|1|1|1|1|1|1
3481281|1|1|1|201.98293287|70|1|1|1|1|1|1|1
3481282|1|1|1|235.97705427|70|2|1|1|1|1|1|1
3481283|1|1|1|235.97705427|70|1|1|1|1|1|1|1
3481285|1|1|1|97.407436052|70|2|1|2|1|1|1|1
3481286|1|1|1|274.01425635|70|1|1|1|1|1|1|1
3481290|1|1|1|250.27869392|70|1|1|2|1|1|1|1
3481291|1|1|1|97.407436052|70|2|1|2|1|1|1|1
3481292|1|1|1|199.04781316|70|2|1|2|1|1|1|1
3481293|1|1|1|250.27869392|70|2|1|1|1|1|1|1
3481296|1|1|1|143.5265329|70|2|1|4|1|1|1|1
3481297|1|1|1|308.33923844|70|1|1|4|1|1|1|1
3481299|1|1|1|267.36792751|70|2|1|3|1|1|1|1
3481301|1|1|1|209.1320077|70|1|1|4|1|1|1|1
3481302|1|1|1|136.5304571|70|1|1|4|1|1|1|1
3481310|1|1|1|498.16072925|73|2|1|2|1|1|1|1
3481311|1|1|1|638.06021152|73|2|1|2|1|1|1|1
3481314|1|1|1|542.92477811|73|2|1|2|1|1|1|1
3481315|1|1|1|630.21492885|73|2|1|3|1|1|1|1
3481316|1|1|1|372.05705601|73|2|1|2|1|1|1|1
3481317|1|1|1|412.93677486|73|2|1|2|1|1|1|1
3481318|1|1|1|534.59535455|73|2|1|2|1|1|1|1
3481320|1|1|1|486.9592177|73|2|1|2|1|1|1|1
3481321|1|1|1|630.21492885|73|2|1|2|1|1|1|1
3481325|1|1|1|257.7047123|73|1|1|2|1|1|1|1
3481326|1|1|1|534.62008443|73|2|1|4|1|1|1|1
3481327|1|1|1|537.27644185|73|2|1|4|1|1|1|1
3481328|1|1|1|547.82911991|73|2|1|3|1|1|1|1
3481329|1|1|1|534.62008443|73|2|1|4|1|1|1|1
3481330|1|1|1|664.7717425|73|2|1|3|1|1|1|1
3481333|1|1|1|601.41977387|73|2|1|3|1|1|1|1
3481334|1|1|1|431.3735836|73|2|1|2|1|1|1|1
3481337|1|1|1|427.82967173|73|2|1|3|1|1|1|1
3481344|1|1|1|486.9592177|73|2|1|2|1|1|1|1
3481345|1|1|1|671.0946477|73|2|1|2|1|1|1|1
3481346|1|1|1|760.60218163|73|2|1|2|1|1|1|1
3481347|1|1|1|486.9592177|73|1|1|2|1|1|1|1
3481348|1|1|1|412.93677486|73|2|1|2|1|1|1|1
3481349|1|1|1|329.26817689|73|2|1|2|1|1|1|1
3481350|1|1|1|437.35226171|73|2|1|2|1|1|1|1
3481351|1|1|1|556.04985095|73|2|1|2|1|1|1|1
3481352|1|1|1|597.64481662|73|2|1|2|1|1|1|1
3481353|1|1|1|882.30090039|73|2|1|2|1|1|1|1
3481354|1|1|1|882.30090039|73|2|1|2|1|1|1|1
3481357|1|1|1|608.07338758|73|2|1|2|1|1|1|1
3481361|1|1|1|482.64480367|73|2|1|3|1|1|1|1
3481362|1|1|1|414.30796249|73|2|1|3|1|1|1|1
3481363|1|1|1|388.467438|73|2|1|3|1|1|1|1
3481364|1|1|1|388.467438|73|2|1|2|1|1|1|1
3481365|1|1|1|370.22054691|73|2|1|3|1|1|1|1
3481370|1|1|1|192.9641747|73|2|1|2|1|1|1|1
3481371|1|1|1|192.9641747|73|2|1|2|1|1|1|1
3481375|1|1|1|1823.1917897|76|1|1|4|1|1|1|1
3481376|1|1|1|1754.954899|76|2|1|4|1|1|1|1
3481378|1|1|1|1514.6707132|76|2|1|4|1|1|1|1
3481379|1|1|1|1360.4101749|76|2|1|4|1|1|1|1
3481380|1|1|1|1604.2462417|76|1|1|4|1|1|1|1
3481383|1|1|1|1018.6236841|76|2|1|3|1|1|1|1
3481385|1|1|1|2709.0520659|76|2|1|1|1|1|1|1
3481388|1|1|1|1467.6151636|76|2|1|3|1|1|1|1
3481393|1|1|1|1670.0215875|76|2|1|1|2|1|1|1
3481396|1|1|1|2446.8508746|76|1|1|1|1|1|1|1
3481397|1|1|1|1415.7007284|76|2|1|1|1|1|1|1
3481401|1|1|1|1863.125279|76|2|1|3|1|1|1|1
3481402|1|1|1|2631.9060053|76|2|1|3|1|1|1|1
3481408|1|1|1|3082.3287929|76|2|1|1|1|1|1|1
3481409|1|1|1|1742.2030381|76|2|1|1|1|1|1|1
3481410|1|1|1|3126.4522638|76|1|1|1|1|1|1|1
3481412|1|1|1|2017.5243008|76|2|1|1|1|1|1|1
3481414|1|1|1|2851.1003302|76|1|1|6|1|1|1|1
3481416|1|1|1|2578.427941|76|1|1|6|1|1|1|1
3481417|1|1|1|1362.4331113|76|1|1|6|1|1|1|1
3481418|1|1|1|2461.4743013|76|2|1|4|1|1|1|1
3481419|1|1|1|989.64242223|76|2|1|4|1|1|1|1
3481420|1|1|1|1140.3510795|76|2|1|4|1|1|1|1
3481422|1|1|1|1494.2684961|76|2|1|4|1|1|1|1
3481423|1|1|1|2840.1307271|76|2|1|2|1|1|1|1
3481425|1|1|1|3345.2950179|76|2|1|2|1|1|1|1
3481426|1|1|1|2233.640051|76|2|1|2|1|1|1|1
3481427|1|1|1|1764.058892|76|1|1|5|1|1|1|1
3481429|1|1|1|1484.4636333|76|2|1|2|1|1|1|1
3481430|1|1|1|2267.8603823|76|2|1|2|1|1|1|1
3481433|1|1|1|1057.9153196|76|2|1|1|1|1|1|1
3481438|1|1|1|783.61756997|08|2|1|5|1|1|1|1
3481439|1|1|1|783.61756997|08|2|1|5|1|1|1|1
3481442|1|1|1|683.81946608|08|1|1|3|1|1|1|1
3481444|1|1|1|833.32586665|08|1|1|2|1|1|1|1
3481446|1|1|1|1649.6816958|08|1|1|2|1|1|1|1
3481449|1|1|1|888.86367723|08|1|1|1|1|1|1|1
3481451|1|1|1|638.85156196|08|2|1|1|1|1|1|1
3481452|1|1|1|4852.9681829|11|1|1|3|1|1|1|1
3481453|1|1|1|3574.0347971|11|2|1|3|2|1|1|1
3481454|1|1|1|8178.7066661|11|2|1|3|1|1|1|1
3481455|1|1|1|8421.3654046|11|1|1|3|2|1|1|1
3481456|1|1|1|538.72437187|13|2|1|3|1|1|1|1
3481457|1|1|1|738.11148604|13|1|1|1|1|1|1|1
3481458|1|1|1|706.37770897|13|2|1|2|1|1|1|1
3481459|1|1|1|418.44375634|17|1|1|3|1|1|1|1
3481460|1|1|1|553.40510542|73|1|1|2|1|1|1|1
3481463|1|1|1|1935.412578|76|1|1|3|1|1|1|1
3481464|1|1|1|3222.0663608|76|2|1|2|1|1|1|1
3481465|1|1|1|775.73049036|08|2|1|5|1|1|1|1
3481468|1|1|1|123.9032992|44|1|1|1|1|1|1|1
3481479|1|1|1|24.723092343|88|2|1|1|2|2|1|2
3481480|1|1|1|29.518708523|88|2|1|1|2|2|1|2
3481481|1|1|1|37.934454811|88|2|1|1|2|2|1|2
3481482|1|1|1|48.859822841|88|2|1|1|2|2|1|2
3481483|1|1|1|30.105070368|88|2|1|1|2|2|1|2
3481484|1|1|1|53.140597757|88|2|1|1|2|2|1|2
3481485|1|1|1|31.597131386|88|2|1|2|2|2|1|2
3481486|1|1|1|37.934454811|88|2|1|2|2|2|1|2
3481487|1|1|1|57.021451662|88|2|1|2|2|2|1|2
3481488|1|1|1|44.844729231|88|2|1|2|2|2|1|2
3481489|1|1|1|54.166174692|88|2|1|2|2|2|1|1
3481490|1|1|1|51.834977573|88|2|1|1|2|2|1|2
3481491|1|1|1|45.617800966|88|2|1|1|2|2|1|2
3481492|1|1|1|24.629709433|88|2|1|4|2|1|1|1
3481493|1|1|1|30.356432095|88|2|1|4|2|1|1|1
3481494|1|1|1|29.905249937|88|2|1|4|2|1|1|1
3481495|1|1|1|30.356432095|88|2|1|4|2|1|1|1
3481497|1|1|1|42.483926254|88|2|1|4|2|1|1|1
3481498|1|1|1|28.3424812|88|2|1|5|2|1|1|1
3481499|1|1|1|30.356432095|88|2|1|5|2|1|1|1
3481500|1|1|1|29.788401503|88|2|1|5|2|1|1|1
3481501|1|1|1|46.502932061|88|2|1|5|2|1|1|1
3481502|1|1|1|37.799676149|88|2|1|1|2|2|1|2
3481503|1|1|1|45.088366113|88|2|1|1|2|2|1|1
3481504|1|1|1|47.847671605|88|2|1|1|2|2|1|1
3481505|1|1|1|73.346353445|88|2|1|1|2|2|1|1
3481506|1|1|1|27.789295724|88|1|1|1|2|2|1|1
3481507|1|1|1|47.847671605|88|2|1|1|2|2|1|1
3481508|1|1|1|41.395134675|88|2|1|1|2|2|1|1
3481509|1|1|1|45.035200789|88|1|1|1|2|2|1|1
3481510|1|1|1|40.620547504|88|1|1|1|2|2|1|1
3481511|1|1|1|40.620547504|88|2|1|1|2|2|1|1
3481512|1|1|1|46.417219188|88|1|1|1|2|2|1|1
3481513|1|1|1|47.847671605|88|2|1|1|2|2|1|1
3481514|1|1|1|55.770097261|88|1|1|2|2|2|1|1
3481515|1|1|1|72.832484645|88|2|1|2|2|2|1|1
3481516|1|1|1|49.498654872|88|2|1|1|2|2|1|1
3481517|1|1|1|51.191019961|88|2|1|2|2|2|1|1
3481518|1|1|1|58.078732896|88|2|1|2|2|2|1|1
3481519|1|1|1|30.94420647|88|2|1|2|2|2|1|1
3481520|1|1|1|55.253592732|88|1|1|3|2|1|1|1
3481521|1|1|1|60.77782347|88|1|1|3|2|1|1|1
3481522|1|1|1|42.735834164|88|1|1|3|2|1|1|1
3481523|1|1|1|34.736619655|88|1|1|3|2|1|1|1
3481524|1|1|1|59.809589507|88|1|1|3|2|1|1|1
3481525|1|1|1|41.014225297|88|1|1|3|2|1|1|1
3481526|1|1|1|41.014225297|88|1|1|3|2|1|1|1
3481527|1|1|1|41.014225297|88|2|1|3|2|1|1|1
3481528|1|1|1|48.065728699|88|2|1|2|2|1|1|1
3481529|1|1|1|56.208299109|88|2|1|2|2|1|1|2
3481530|1|1|1|42.888530823|88|2|1|2|2|2|1|2
3481531|1|1|1|29.706704722|88|1|1|2|2|2|1|2
3481532|1|1|1|49.961245754|88|2|1|2|2|2|1|1
3481533|1|1|1|45.134404478|88|2|1|2|2|2|1|1
3481534|1|1|1|60.77782347|88|2|1|2|2|1|1|1
3481535|1|1|1|59.809589507|88|1|1|1|2|2|1|2
3481536|1|1|1|51.743918343|88|2|1|1|2|2|1|2
3481537|1|1|1|61.316074335|88|2|1|1|2|2|1|2
3481538|1|1|1|62.565888992|88|2|1|1|2|2|1|2
3481539|1|1|1|57.063636911|88|1|1|1|2|2|1|2
3481540|1|1|1|53.620419177|88|1|1|1|2|2|1|2
3481541|1|1|1|81.617923373|88|2|1|1|2|2|1|2
3481542|1|1|1|78.400176567|88|1|1|1|2|2|1|2
3481543|1|1|1|1405.2483395|08|1|1|3|1|1|1|1
3481563|1|1|1|7643.7866242|11|1|1|2|1|1|1|1
3481564|1|1|1|5693.2618016|11|1|1|2|1|1|1|1
3481569|1|1|1|5617.2571531|11|1|1|2|1|1|1|1
3481571|1|1|1|9465.4799279|11|2|1|3|1|1|1|1
3481577|1|1|1|8317.3979305|11|2|1|3|1|1|1|1
3481579|1|1|1|6372.3261193|11|2|1|3|1|1|1|1
3481580|1|1|1|5197.1816992|11|2|1|3|1|1|1|1
3481584|1|1|1|3165.5811815|11|2|1|2|1|1|1|1
3481589|1|1|1|61.837475435|44|1|1|3|1|1|1|1
3481590|1|1|1|121.12082227|44|1|1|3|1|1|1|1
3481591|1|1|1|130.28127638|44|1|1|2|1|1|1|1
3481592|1|1|1|126.64808756|44|1|1|1|2|2|1|1
3481593|1|1|1|482.74731064|47|2|1|2|1|1|1|1
3481594|1|1|1|328.34564492|47|1|1|3|1|1|1|1
3481595|1|1|1|355.90813137|52|2|1|1|1|1|1|1
3481596|1|1|1|154.69271739|52|1|1|2|2|1|1|1
3481597|1|1|1|575.33878888|52|1|1|1|1|1|1|1
3481598|1|1|1|1155.2697684|66|2|1|2|1|1|1|1
3481600|1|1|1|398.31590826|73|1|1|3|1|1|1|1
3481696|1|1|1|269.68077808|47|2|1|6|1|1|1|1
3481701|1|1|1|380.04193788|47|2|1|6|1|1|1|1
3481702|1|1|1|238.91339714|47|2|1|6|1|1|1|1
3481703|1|1|1|200.62664853|47|1|1|6|1|1|1|1
3481704|1|1|1|365.42300346|47|2|1|6|1|1|1|1
3481705|1|1|1|440.83853817|47|2|1|6|1|1|1|1
3481707|1|1|1|263.42791164|47|2|1|6|1|1|1|1
3481708|1|1|1|252.39800165|47|2|1|6|1|1|1|1
3481709|1|1|1|319.74512802|47|2|1|6|1|1|1|1
3481711|1|1|1|242.72662516|47|1|1|6|1|1|1|1
3481712|1|1|1|245.64205731|47|1|1|6|1|1|1|1
3481713|1|1|1|329.41650452|47|1|1|6|1|1|1|1
3481714|1|1|1|229.75050898|47|2|1|6|1|1|1|1
3481715|1|1|1|329.41650452|47|2|1|6|1|1|1|1
3481717|1|1|1|8770.5250273|11|2|1|3|1|1|1|1
3482011|1|1|1|2011.959247|05|2|1|6|1|1|1|1
3482013|1|1|1|1350.3221176|08|2|1|3|1|1|1|1
3482015|1|1|1|7119.7170359|11|2|1|3|1|1|1|1
3482017|1|1|1|979.04233956|13|2|1|2|1|1|1|1
3482019|1|1|1|270.21093053|15|1|1|2|1|1|1|1
3482021|1|1|1|85.277817838|27|2|1|1|2|1|1|1
3482023|1|1|1|91.819668497|44|1|1|2|1|1|1|1
3482025|1|1|1|817.43306782|68|2|1|3|1|1|1|1
3482027|1|1|1|318.52840238|73|2|1|3|1|1|1|1
3482029|1|1|1|1031.3385499|76|1|1|4|1|1|1|1
3482031|1|1|1|29.788401503|88|2|1|4|2|1|1|1
3482511|1|1|1|238.91339714|47|2|1|6|1|1|1|1
