Directorio|Secuencia_p|Secuencia_encuesta|Orden|Fex_c|llave_hogar|P36|P36S1|P6007|P6007S1|P543|P544S1|P544S2|P544S3|P544S4|P544S5|P544S6|P544S7|P544S8|P544S9|P545|P546|P547
3409624|1|1|1|2446.8408857|34096241|2||2||1|1|2|2|2|2|2|2|2||1||1300000
3409625|1|1|1|2152.596381|34096251|2||2||1|1|2|2|2|2|2|2|2||1||2000000
3409626|1|1|1|2061.4444071|34096261|2||2||1|1|2|2|2|2|2|2|2||1||1300000
3409627|1|1|1|1571.2723199|34096271|2||2||1|1|2|2|2|2|2|2|2||1||2500000
3409628|1|1|1|2257.515059|34096281|2||2||1|1|2|1|2|2|2|2|2||3||4000000
3409630|1|1|1|1974.2704957|34096301|2||2||1|1|2|2|2|2|2|2|2||1||99
3409631|1|1|1|1924.9922282|34096311|2||2||1|1|2|2|2|2|2|2|1||8||1600000
3409632|1|1|1|2459.7254142|34096321|2||2||1|2|1|1|2|2|2|2|2||3||1500000
3409634|1|1|1|2579.8855265|34096341|2||2||1|1|2|2|2|2|2|1|2||1||6000000
3409635|1|1|1|2382.9163427|34096351|2||2||1|1|2|2|2|2|2|2|1||8||1780000
3409637|1|1|1|2157.1055002|34096371|2||2||1|1|2|2|2|2|2|2|2||1||4000000
3409638|1|1|1|943.06287346|34096381|2||2||1|1|2|2|2|2|2|2|2||1||3000000
3409639|1|1|1|1192.4609968|34096391|2||2||2|1|2|2|2|2|2|2|2||1||5000000
3409640|1|1|1|531.29504499|34096401|2||2||1|1|2|2|2|2|2|2|2||1||1000000
3409641|1|1|1|993.23445647|34096411|2||2||1|1|2|2|2|2|2|2|2||1||1500000
3409642|1|1|1|969.16327189|34096421|2||2||1|2|2|1|2|2|2|2|1||3||2000000
3409643|1|1|1|852.82762085|34096431|2||2||1|1|2|1|2|2|2|2|2||1||9000000
3409644|1|1|1|1063.5618684|34096441|2||2||1|1|2|2|2|2|2|2|2||1||98
3409645|1|1|1|1013.1228835|34096451|2||2||1|1|2|1|2|2|2|2|2||3||5000000
3409646|1|1|1|1122.817137|34096461|2||2||1|1|2|2|1|2|2|2|1||1||930000
3409647|1|1|1|1063.5618684|34096471|2||2||1|1|2|2|2|2|2|2|2||1||98
3409648|1|1|1|792.4652368|34096481|2||2||1|1|2|2|2|2|2|2|2||1||1300000
3409649|1|1|1|1524.3472918|34096491|2||2||1|1|2|2|2|2|2|2|2||1||2500000
3409650|1|1|1|1237.0838888|34096501|2||2||2|1|2|2|2|2|2|2|2||1||4000000
3409651|1|1|1|8870.0981267|34096511|2||2||1|1|2|2|2|2|2|2|2||1||2500000
3409652|1|1|1|6393.8459387|34096521|2||1|1|1|1|2|2|2|2|2|2|2||1||3500000
3409653|1|1|1|8230.1459812|34096531|2||2||1|2|2|1|2|2|2|2|2||3||2000000
3409654|1|1|1|7584.1954459|34096541|2||2||1|1|2|2|2|2|2|2|2||1||6000000
3409655|1|1|1|7149.8393932|34096551|2||2||1|1|2|2|1|2|2|2|2||1||1100000
3409656|1|1|1|9325.1439979|34096561|2||2||1|1|2|2|2|2|2|2|2||1||4000000
3409657|1|1|1|8435.742074|34096571|2||2||1|1|2|2|2|2|2|2|2||1||4000000
3409658|1|1|1|5107.9432579|34096581|2||2||1|1|2|2|2|2|2|2|2||1||1400000
3409659|1|1|1|7584.1954459|34096591|2||2||1|1|2|2|2|2|2|2|2||1||1400000
3409660|1|1|1|6637.4883941|34096601|2||2||1|1|2|2|2|2|2|2|2||1||1200000
3409661|1|1|1|2667.3688885|34096611|2||2||1|1|2|2|1|2|1|2|2||1||2600000
3409662|1|1|1|7112.4924673|34096621|2||2||1|1|2|2|2|2|2|2|2||1||1700000
3409663|1|1|1|7112.4924673|34096631|2||2||1|1|2|2|1|2|2|2|2||1||1300000
3409664|1|1|1|4245.2243514|34096641|2||2||1|1|2|2|2|2|2|2|2||1||5000000
3409665|1|1|1|4294.6364305|34096651|2||2||1|1|2|2|2|2|2|2|2||1||5000000
3409666|1|1|1|4234.0519678|34096661|2||2||1|1|2|2|2|2|2|2|2||1||3000000
3409667|1|1|1|6518.2695804|34096671|2||2||1|1|2|2|2|2|2|1|2||1||3500000
3409668|1|1|1|6564.9359348|34096681|2||2||1|2|2|2|2|2|2|1|1||7||15000000
3409669|1|1|1|8064.5483988|34096691|2||2||1|1|2|2|2|2|2|2|2||1||5000000
3409670|1|1|1|6564.9359348|34096701|2||2||1|2|2|1|2|2|2|2|2||3||10000000
3409673|1|1|1|4606.8680355|34096731|2||2||1|1|2|2|2|2|2|2|2||1||1500000
3409674|1|1|1|5512.6537783|34096741|2||2||1|1|2|2|2|2|2|2|2||1||1300000
3409676|1|1|1|4606.8680355|34096761|2||2||1|1|2|2|2|2|2|2|2||1||1500000
3409677|1|1|1|5512.6537783|34096771|2||2||1|2|2|2|2|2|2|2|2|2||900000|
3409678|1|1|1|5234.6192596|34096781|2||2||2|1|2|2|2|2|2|2|2||1||10000000
3409679|1|1|1|7229.0572951|34096791|2||2||1|1|2|1|2|2|2|2|2||3||5000000
3409681|1|1|1|3179.954142|34096811|2||2||1|1|2|2|2|2|2|2|2||1||12000000
3409683|1|1|1|5330.4217613|34096831|2||2||1|2|2|1|2|2|2|2|2||3||1000000
3409685|1|1|1|5401.629253|34096851|2||2||1|1|2|2|2|2|2|2|2||1||3000000
3409686|1|1|1|3404.2513093|34096861|2||2||1|1|2|2|2|2|2|2|2||1||1300000
3409687|1|1|1|6324.5887734|34096871|2||2||1|1|2|1|2|2|2|2|2||1||3000000
3409688|1|1|1|6330.6703465|34096881|2||2||1|1|2|1|2|2|2|2|2||3||1300000
3409690|1|1|1|6955.8296028|34096901|2||2||1|2|1|1|2|2|2|2|2||3||2800000
3409691|1|1|1|5974.4936725|34096911|2||2||1|1|2|1|2|2|2|1|2||1||4000000
3409693|1|1|1|3590.4178968|34096931|2||2||1|2|2|2|2|2|2|2|2|2||2000000|
3409695|1|1|1|4021.3826909|34096951|2||2||1|2|2|1|2|2|2|2|2||3||3000000
3409697|1|1|1|652.21952103|34096971|2||2||1|1|2|2|2|2|2|2|2||1||1000000
3409698|1|1|1|634.50925338|34096981|2||2||1|1|2|2|2|2|2|2|2||1||1000000
3409699|1|1|1|785.16928302|34096991|2||2||1|1|2|2|2|2|2|2|2||1||2600000
3409700|1|1|1|818.04153158|34097001|2||2||1|1|1|2|2|2|2|2|2||1||98
3409701|1|1|1|626.13553142|34097011|2||2||1|1|2|2|2|2|2|2|2||1||2000000
3409706|1|1|1|748.22293855|34097061|2||2||1|1|2|2|2|2|2|2|2||1||1600000
3409708|1|1|1|466.44806515|34097081|2||2||1|1|2|2|2|2|2|2|2||1||98
3409709|1|1|1|538.70049841|34097091|2||2||1|1|1|2|2|2|2|1|2||7||800000
3409711|1|1|1|871.24490719|34097111|2||2||1|1|1|2|2|2|2|2|2||1||900000
3409713|1|1|1|413.62749795|34097131|2||2||1|1|2|2|2|2|2|2|2||1||98
3409717|1|1|1|384.10469143|34097171|2||2||1|1|2|2|2|2|2|2|2||1||98
3409720|1|1|1|724.63827141|34097201|2||2||1|1|2|2|2|2|2|2|2||1||98
3409722|1|1|1|219.5168878|34097221|2||2||1|1|2|2|2|2|2|2|2||1||1000000
3409723|1|1|1|446.10794325|34097231|2||2||1|1|2|2|2|2|2|2|2||1||98
3409725|1|1|1|684.22772783|34097251|2||2||1|1|1|2|2|2|2|2|2||1||98
3409727|1|1|1|647.50767665|34097271|2||2||1|1|2|2|2|2|2|2|2||1||98
3409730|1|1|1|621.57749816|34097301|2||2||1|1|2|2|2|2|2|2|2||1||98
3409732|1|1|1|761.41110406|34097321|2||2||1|1|2|2|2|2|2|2|2||1||98
3409734|1|1|1|578.44430723|34097341|2||2||1|1|2|2|2|2|2|2|2||1||1500000
3409735|1|1|1|883.34684464|34097351|2||2||1|1|2|2|2|2|2|2|2||1||98
3409737|1|1|1|650.1808281|34097371|2||2||1|1|1|2|2|2|2|2|2||1||98
3409739|1|1|1|477.26249763|34097391|2||2||1|1|2|2|2|2|2|2|2||1||1000000
3409740|1|1|1|452.17571559|34097401|2||2||1|1|2|2|2|2|2|2|2||1||3000000
3409741|1|1|1|477.22037367|34097411|2||2||1|1|2|2|2|2|2|2|2||1||1600000
3409742|1|1|1|365.86147966|34097421|2||2||1|1|2|2|2|2|2|2|2||1||99
3409745|1|1|1|690.4158294|34097451|2||2||1|1|2|2|2|2|2|2|2||1||2000000
3409749|1|1|1|442.2041412|34097491|2||2||1|1|2|2|2|2|2|2|2||1||2500000
3409750|1|1|1|571.8084135|34097501|2||2||1|1|2|2|2|2|2|2|2||1||5000000
3409751|1|1|1|442.2041412|34097511|2||2||1|1|2|2|2|2|2|2|2||1||4000000
3409752|1|1|1|400.97227015|34097521|2||2||1|1|2|2|2|2|2|2|2||1||99
3409756|1|1|1|117.45689791|34097561|2||2||1|1|2|2|2|2|2|2|2||1||900000
3409757|1|1|1|129.77622022|34097571|2||2||1|1|2|2|2|2|2|2|2||1||2000000
3409758|1|1|1|82.682213555|34097581|2||2||1|2|1|2|2|2|2|2|2||2||80000
3409759|1|1|1|83.437431963|34097591|2||2||1|1|2|2|2|2|2|2|2||1||250000
3409760|1|1|1|83.437431963|34097601|2||2||1|2|1|2|2|2|2|1|1||7||99
3409761|1|1|1|101.41172065|34097611|2||2||1|1|2|1|2|2|2|2|2||3||1300000
3409762|1|1|1|118.98120993|34097621|2||2||1|1|2|2|2|2|2|1|2||1||1600000
3409763|1|1|1|124.70234286|34097631|2||2||1|1|2|2|2|2|2|2|2||1||1300000
3409764|1|1|1|139.82964037|34097641|2||2||1|1|2|2|2|2|2|2|2||1||1900000
3409765|1|1|1|135.32306452|34097651|2||1|1|1|1|2|2|2|2|2|2|2||1||2600000
3409766|1|1|1|150.62744311|34097661|2||2||1|1|2|2|1|2|2|2|2||1||1400000
3409767|1|1|1|188.87677034|34097671|2||2||2|1|2|2|2|2|2|2|2||1||3000000
3409768|1|1|1|102.89250458|34097681|2||2||1|1|2|2|2|2|2|2|2||1||1280000
3409769|1|1|1|175.1510081|34097691|2||2||1|1|2|2|2|2|2|2|2||1||2100000
3409770|1|1|1|99.330276146|34097701|2||2||1|1|2|2|2|2|2|2|2||1||600000
3409771|1|1|1|175.34504071|34097711|2||2||1|1|2|2|2|2|2|2|2||1||1500000
3409772|1|1|1|107.94063212|34097721|2||2||1|1|2|2|2|2|2|2|2||1||1500000
3409773|1|1|1|153.50224235|34097731|2||2||1|1|2|2|2|2|2|2|2||1||1300000
3409774|1|1|1|153.50224235|34097741|2||2||1|1|2|2|1|2|2|2|2||1||1300000
3409775|1|1|1|144.45864343|34097751|2||2||1|1|2|2|2|2|2|2|2||1||1300000
3409776|1|1|1|113.78844035|34097761|2||2||1|1|1|2|2|2|2|2|1||1||400000
3409777|1|1|1|180.02271665|34097771|2||2||1|2|2|2|2|2|2|2|1||8||1300000
3409778|1|1|1|68.245636585|34097781|2||2||1|2|2|1|2|2|2|2|2||3||3400000
3409779|1|1|1|50.368769936|34097791|2||2||1|1|2|1|1|2|2|2|2||3||1900000
3409780|1|1|1|68.245636585|34097801|2||2||1|1|2|2|2|2|2|2|2||1||1200000
3409781|1|1|1|72.607553894|34097811|2||2||1|1|2|1|2|2|2|2|2||3||3000000
3409782|1|1|1|86.460291053|34097821|2||2||1|2|2|1|2|2|2|2|2||3||3900000
3409783|1|1|1|68.245636585|34097831|2||2||2|1|2|2|2|2|2|2|2||1||700000
3409784|1|1|1|100.07310991|34097841|2||2||1|1|2|2|2|2|2|2|2||1||1800000
3409785|1|1|1|128.29885886|34097851|2||2||1|1|2|2|2|2|2|2|2||1||1000000
3409786|1|1|1|107.54559085|34097861|2||2||1|2|2|2|2|2|2|1|2||7||3000000
3409787|1|1|1|158.73905184|34097871|2||2||1|1|2|2|2|2|2|2|2||1||6500000
3409788|1|1|1|88.293578796|34097881|2||2||1|1|2|2|2|2|2|2|2||1||1300000
3409789|1|1|1|127.73128669|34097891|2||2||1|1|2|2|2|2|2|2|2||1||2500000
3409790|1|1|1|88.293578796|34097901|2||2||1|1|2|2|2|2|2|2|2||1||2000000
3409791|1|1|1|759.34733388|34097911|2||2||1|1|2|2|2|2|2|2|2||1||1600000
3409792|1|1|1|378.69635356|34097921|2||2||1|1|2|2|2|2|2|2|2||1||1000000
3409793|1|1|1|759.34733388|34097931|2||2||1|1|2|2|2|2|2|2|2||1||2000000
3409794|1|1|1|397.46866161|34097941|2||2||1|1|2|2|2|2|2|2|2||1||1000000
3409796|1|1|1|189.83683347|34097961|2||2||1|2|2|1|2|2|2|2|2||3||1300000
3409797|1|1|1|522.23351172|34097971|2||2||1|1|2|2|2|2|2|2|2||1||8000000
3409798|1|1|1|245.37704664|34097981|2||2||1|1|2|1|2|2|2|2|2||3||1500000
3409799|1|1|1|267.72551807|34097991|2||2||2|1|2|2|2|2|2|2|2||1||2500000
3409800|1|1|1|700.9360005|34098001|2||2||1|1|2|2|2|2|2|2|2||1||1300000
3409801|1|1|1|456.63031631|34098011|2||2||1|2|2|2|2|2|2|2|1||8||1850000
3409802|1|1|1|244.01666152|34098021|2||2||1|1|2|2|2|2|2|2|2||1||1500000
3409804|1|1|1|349.56586482|34098041|2||2||1|1|2|2|2|2|2|2|2||1||2000000
3409805|1|1|1|267.72551807|34098051|2||2||1|1|2|2|2|2|2|1|2||1||5000000
3409806|1|1|1|267.72551807|34098061|2||2||1|1|2|2|2|2|2|2|2||1||1300000
3409808|1|1|1|412.54648621|34098081|2||2||1|1|2|2|2|2|2|2|1||1||700000
3409809|1|1|1|267.72551807|34098091|2||2||1|2|2|2|2|2|2|1|2||7||1000000
3409810|1|1|1|175.23400013|34098101|2||2||1|2|2|1|2|2|2|2|2||3||1300000
3409811|1|1|1|282.17816911|34098111|2||2||1|1|2|2|2|2|1|2|2||1||2970000
3409812|1|1|1|175.23400013|34098121|2||2||1|2|1|1|2|2|2|2|2||3||1600000
3409813|1|1|1|175.23400013|34098131|2||2||1|1|2|2|2|2|2|2|2||1||1460000
3409815|1|1|1|265.75202019|34098151|2||2||1|1|2|2|2|2|2|2|2||1||1300000
3409816|1|1|1|700.9360005|34098161|2||2||1|1|2|2|2|2|2|2|2||1||2500000
3409817|1|1|1|183.009538|34098171|2||2||1|1|2|2|2|2|2|2|2||1||1500000
3409818|1|1|1|183.009538|34098181|2||2||1|1|2|2|2|2|2|2|2||1||2500000
3409819|1|1|1|265.75202019|34098191|2||2||1|1|2|2|2|2|2|2|2||1||1600000
3409820|1|1|1|603.42478234|34098201|2||2||2|1|2|2|2|2|2|2|2||1||1300000
3409821|1|1|1|175.23400013|34098211|2||2||1|2|2|2|2|2|2|2|1||8||900000
3409822|1|1|1|308.35766803|34098221|2||2||1|2|2|1|2|2|2|2|2||3||1300000
3409823|1|1|1|265.75202019|34098231|2||2||1|1|2|2|2|2|2|2|2||1||1460000
3409824|1|1|1|700.9360005|34098241|2||2||2|1|2|2|2|2|2|2|2||1||2000000
3409825|1|1|1|700.9360005|34098251|2||2||1|1|2|2|2|2|2|2|2||1||1460000
3409826|1|1|1|754.85415439|34098261|2||2||1|1|2|2|2|2|2|2|2||1||1200000
3409827|1|1|1|754.85415439|34098271|2||2||1|1|2|2|2|2|2|2|2||1||3900000
3409828|1|1|1|625.77448867|34098281|2||2||1|1|2|1|2|2|2|2|2||1||4500000
3409829|1|1|1|534.56318613|34098291|2||2||1|1|2|2|2|2|2|2|2||1||1460000
3409830|1|1|1|188.7135386|34098301|2||2||1|1|2|2|2|2|2|2|2||1||400000
3409831|1|1|1|378.58085214|34098311|2||2||1|1|2|2|2|2|2|2|2||1||1360000
3409832|1|1|1|188.7135386|34098321|2||2||1|2|1|1|2|2|2|2|2||3||1380000
3409833|1|1|1|535.51342522|34098331|2||2||1|1|2|2|2|2|2|2|2||1||1360000
3409834|1|1|1|303.88418212|34098341|2||2||1|1|1|1|1|1|1|2|2||1||1300000
3409835|1|1|1|512.10611588|34098351|2||2||2|1|2|2|2|2|2|2|2||1||3000000
3409911|1|1|1|290.36701639|34099111|2||2||1|1|2|2|2|2|2|2|2||1||800000
3409912|1|1|1|199.19611447|34099121|2||2||1|1|2|2|2|2|2|2|2||1||1600000
3409913|1|1|1|163.94085999|34099131|2||2||1|2|1|2|2|2|2|2|1||8||680000
3409914|1|1|1|118.44104504|34099141|2||2||1|1|1|2|2|2|2|2|1||8||600000
3409915|1|1|1|149.93555929|34099151|2||2||1|1|2|2|2|2|2|2|2||1||2500000
3409916|1|1|1|198.14553262|34099161|2||2||1|1|1|2|2|2|2|2|1||8||400000
3409917|1|1|1|220.70988133|34099171|2||2||1|1|2|2|2|2|2|2|2||1||1300000
3409917|1|2|2|220.70988133|34099172|2||2||1|1|2|2|2|2|2|2|2||1||1200000
3409918|1|1|1|248.75465984|34099181|2||2||1|1|2|2|2|2|2|2|2||1||2500000
3409919|1|1|1|158.17709334|34099191|2||2||1|1|2|2|2|2|2|2|2||1||400000
3409920|1|1|1|138.41513792|34099201|2||2||2|1|2|2|2|2|2|2|2||1||4300000
3409921|1|1|1|124.52849074|34099211|2||2||2|1|2|2|2|2|2|2|2||1||1700000
3409922|1|1|1|220.09523569|34099221|2||2||1|1|2|2|2|2|2|2|2||1||6000000
3409923|1|1|1|138.41513792|34099231|2||2||1|1|2|1|2|2|2|2|2||3||4000000
3409924|1|1|1|115.57697093|34099241|2||2||1|1|2|2|2|2|2|2|1||1||1500000
3409925|1|1|1|105.80455683|34099251|2||2||2|1|2|2|2|2|2|2|2||1||900000
3409926|1|1|1|174.42999937|34099261|2||2||2|1|2|2|2|2|2|2|2||1||2600000
3409927|1|1|1|161.25330491|34099271|1|1|2||1|1|2|2|2|2|2|2|2||1||500000
3409928|1|1|1|160.60957928|34099281|2||2||1|1|2|2|2|2|2|2|2||1||1500000
3409929|1|1|1|222.06542562|34099291|2||2||1|1|2|2|2|2|2|2|1||1||1300000
3409930|1|1|1|217.09168656|34099301|2||2||1|1|2|2|2|2|2|2|2||1||2000000
3409931|1|1|1|162.414371|34099311|2||2||1|1|1|2|2|2|2|2|2||1||1200000
3409932|1|1|1|170.45276266|34099321|2||2||1|1|2|2|2|2|2|2|2||1||1000000
3409932|1|2|2|170.45276266|34099322|2||2||1|1|2|2|2|2|2|2|2||1||1200000
3409933|1|1|1|106.43358849|34099331|2||2||1|2|2|1|2|2|2|2|2||3||3200000
3409934|1|1|1|85.836342191|34099341|2||2||2|1|2|2|2|2|2|1|2||1||2800000
3409935|1|1|1|151.18811863|34099351|2||2||1|1|2|2|2|2|2|2|2||1||1300000
3409936|1|1|1|175.86064526|34099361|2||2||1|1|2|2|2|2|2|2|2||1||1800000
3409937|1|1|1|115.34594827|34099371|2||2||1|2|2|1|2|2|2|2|2||3||2800000
3409938|1|1|1|176.72177792|34099381|2||2||1|1|2|2|2|2|2|2|2||1||2300000
3409939|1|1|1|131.81035919|34099391|2||2||1|1|2|1|2|2|2|2|2||1||3500000
3409940|1|1|1|85.836342191|34099401|2||2||1|1|2|1|2|2|2|2|2||1||4000000
3409941|1|1|1|203.3288904|34099411|2||2||1|2|2|1|1|2|2|2|2||3||3000000
3409942|1|1|1|115.34594827|34099421|2||2||2|2|2|1|2|2|2|2|2||3||2200000
3409943|1|1|1|172.53381705|34099431|2||2||1|1|2|2|2|2|2|2|2||1||4000000
3409944|1|1|1|115.34594827|34099441|2||2||1|1|2|1|2|2|2|2|2||3||1800000
3409945|1|1|1|201.67971893|34099451|2||2||1|1|2|2|2|2|2|2|2||1||98
3409946|1|1|1|183.64959726|34099461|2||2||1|2|2|1|2|2|2|2|2||3||1200000
3409947|1|1|1|231.11056229|34099471|2||2||1|1|2|2|2|2|2|2|2||1||2000000
3409948|1|1|1|227.68985356|34099481|2||2||1|1|2|2|2|2|2|2|2||1||700000
3409949|1|1|1|221.96630703|34099491|2||2||1|2|2|2|2|2|2|1|2||7||950000
3409950|1|1|1|272.93604509|34099501|2||2||1|2|2|2|2|2|2|2|2|2||2200000|
3409951|1|1|1|279.83647293|34099511|2||2||2|1|2|2|2|2|2|2|2||1||2500000
3409952|1|1|1|183.64959726|34099521|2||2||1|1|2|2|2|2|2|2|2||1||1200000
3409953|1|1|1|335.40035713|34099531|2||2||1|1|2|2|2|2|2|2|1||1||1500000
3409954|1|1|1|335.9808042|34099541|2||2||1|2|2|2|1|2|2|2|2||4||500000
3409955|1|1|1|263.92335287|34099551|2||2||1|1|1|2|2|2|2|2|1||1||800000
3409956|1|1|1|358.87802209|34099561|2||2||1|1|2|2|2|2|2|2|2||1||1600000
3409957|1|1|1|341.19984313|34099571|2||2||1|1|2|2|2|2|2|2|2||1||600000
3409958|1|1|1|249.44076824|34099581|2||2||1|1|2|2|2|2|2|2|2||1||2000000
3409959|1|1|1|280.3674527|34099591|2||2||1|1|2|2|2|2|2|2|2||1||2000000
3409960|1|1|1|241.61338665|34099601|2||2||1|1|2|2|2|2|2|2|2||1||700000
3410022|1|1|1|312.14644928|34100221|2||2||2|1|2|2|2|2|2|2|2||1||1500000
3410023|1|1|1|377.81980206|34100231|2||2||1|1|2|2|2|2|2|2|2||1||1200000
3410024|1|1|1|389.4521497|34100241|2||2||1|1|2|2|2|2|2|2|2||1||1000000
3410025|1|1|1|172.06639858|34100251|2||2||1|1|1|1|2|2|2|2|2||3||1700000
3410026|1|1|1|257.74668825|34100261|2||2||1|1|2|2|2|2|2|2|2||1||1000000
3410027|1|1|1|290.58336464|34100271|2||2||2|1|1|2|2|2|2|2|2||1||3000000
3410028|1|1|1|170.12276658|34100281|2||2||1|1|2|2|2|2|2|2|2||1||1400000
3410029|1|1|1|330.94786902|34100291|2||2||2|1|2|2|2|2|2|2|2||1||1300000
3410030|1|1|1|113.79005593|34100301|2||2||1|1|2|2|2|2|2|2|2||1||900000
3410031|1|1|1|522.48579623|34100311|2||2||1|2|2|2|2|2|2|2|1||8||800000
3410032|1|1|1|413.62340055|34100321|2||2||1|1|2|2|2|2|2|2|2||1||1500000
3410033|1|1|1|469.34089622|34100331|2||2||1|1|2|1|2|2|2|2|2||1||2400000
3410034|1|1|1|712.88023674|34100341|2||2||1|1|2|2|2|2|2|2|2||1||1300000
3410035|1|1|1|631.66692536|34100351|2||2||1|1|2|2|2|2|2|2|2||1||1400000
3410036|1|1|1|119.66541496|34100361|2||2||1|1|2|2|2|2|2|2|2||1||500000
3410037|1|1|1|215.94683812|34100371|2||2||1|1|2|2|2|2|2|2|2||1||2600000
3410038|1|1|1|305.48351358|34100381|2||2||1|2|2|1|2|2|2|2|2||3||2300000
3410039|1|1|1|180.18082158|34100391|2||2||1|1|2|2|2|2|2|2|2||1||1900000
3410040|1|1|1|228.38314148|34100401|2||2||1|1|2|2|2|2|2|2|2||1||1500000
3410041|1|1|1|147.77415788|34100411|2||2||1|1|2|2|2|2|2|2|2||1||1800000
3410042|1|1|1|163.17799527|34100421|2||2||1|1|2|2|2|2|2|2|2||1||1300000
3410043|1|1|1|126.3356423|34100431|2||2||1|1|2|2|2|2|2|2|2||1||700000
3410045|1|1|1|293.51185601|34100451|2||2||2|1|2|2|2|2|2|2|2||1||1600000
3410046|1|1|1|158.38183417|34100461|2||2||1|2|2|2|1|2|2|1|2||4||2000000
3410047|1|1|1|239.49537229|34100471|2||2||2|2|2|2|2|2|2|2|1||8||600000
3410048|1|1|1|158.38183417|34100481|2||2||1|1|2|2|2|2|2|2|2||1||1000000
3410049|1|1|1|239.49537229|34100491|2||2||1|1|2|2|2|2|2|2|2||1||1000000
3410050|1|1|1|228.27186061|34100501|2||2||2|2|2|2|2|2|2|2|2|2||800000|
3410051|1|1|1|525.87893336|34100511|2||2||1|1|2|2|2|2|2|2|2||1||2500000
3410052|1|1|1|390.82766901|34100521|2||2||1|2|2|2|2|2|2|2|1||8||700000
3410053|1|1|1|358.75185141|34100531|2||2||1|1|2|2|2|2|2|2|2||1||1800000
3410054|1|1|1|233.14714726|34100541|2||2||1|2|2|2|2|2|2|2|1||8||700000
3410055|1|1|1|435.41611982|34100551|2||2||1|1|2|2|2|2|2|2|2||1||1300000
3410056|1|1|1|228.69584622|34100561|2||2||1|1|2|1|2|2|2|2|2||3||1500000
3410057|1|1|1|323.92025719|34100571|2||2||1|1|2|2|2|2|2|2|2||1||900000
3410058|1|1|1|604.95979101|34100581|2||2||1|1|2|2|2|2|2|2|2||1||1000000
3410059|1|1|1|414.87819209|34100591|2||2||1|1|2|2|2|2|2|2|2||1||2000000
3410060|1|1|1|151.23994775|34100601|2||2||1|1|2|2|2|2|2|2|2||1||1300000
3410061|1|1|1|157.97160156|34100611|2||2||1|1|2|2|2|2|2|2|2||1||98
3410062|1|1|1|151.23994775|34100621|2||2||1|1|2|2|2|2|2|2|2||1||2000000
3410063|1|1|1|151.23994775|34100631|2||2||2|1|2|2|2|2|2|2|2||1||900000
3410064|1|1|1|196.48718308|34100641|2||2||1|1|2|2|2|2|2|2|2||1||1300000
3410064|1|2|2|196.48718308|34100642|2||2||1|1|2|2|2|2|2|2|2||1||600000
3410065|1|1|1|151.23994775|34100651|2||2||1|1|2|2|2|2|2|2|2||1||3500000
3410066|1|1|1|173.8456088|34100661|2||2||1|1|2|2|1|2|2|2|2||1||1300000
3410067|1|1|1|127.64310929|34100671|2||2||1|1|2|2|2|2|2|2|2||1||600000
3410068|1|1|1|121.74318136|34100681|2||2||1|2|2|2|2|2|2|2|1||8||500000
3410068|1|2|2|121.74318136|34100682|2||2||2|1|2|2|2|2|2|2|2||1||700000
3410068|1|3|3|121.74318136|34100683|2||2||1|1|2|2|2|2|2|2|2||1||500000
3410070|1|1|1|107.54840729|34100701|2||2||1|1|2|2|2|2|2|2|2||1||900000
3410071|1|1|1|214.47477654|34100711|2||1|1|2|1|2|2|2|2|2|2|2||1||450000
3410071|1|2|2|214.47477654|34100712|2||2||1|1|2|2|2|2|2|2|2||1||700000
3410072|1|1|1|365.14759098|34100721|2||2||1|1|2|2|2|2|2|2|2||1||1300000
3410073|1|1|1|107.54840729|34100731|2||2||1|1|2|2|2|2|2|2|2||1||800000
3410074|1|1|1|248.64072554|34100741|2||1|3|1|2|2|2|2|2|2|2|1||8||1000000
3410075|1|1|1|62.160181386|34100751|2||2||1|1|1|2|2|2|2|2|2||1||800000
3410076|1|1|1|161.24026521|34100761|2||2||1|1|2|2|2|2|2|2|2||1||700000
3410077|1|1|1|69.447943395|34100771|2||2||1|2|2|2|2|2|2|2|1||8||1200000
3410078|1|1|1|62.160181386|34100781|2||2||1|2|2|2|2|2|2|2|2|2||1200000|
3410079|1|1|1|164.66687981|34100791|2||2||1|2|2|2|2|2|2|2|1||8||500000
3410080|1|1|1|62.160181386|34100801|2||2||1|2|2|2|2|2|2|2|1||8||1000000
3410081|1|1|1|62.160181386|34100811|2||2||1|2|2|2|2|2|2|2|1||8||800000
3410082|1|1|1|180.92983819|34100821|2||2||1|2|2|2|2|2|2|2|1||8||800000
3410083|1|1|1|60.081564954|34100831|2||2||1|2|2|1|2|2|2|2|1||3||1000000
3410084|1|1|1|81.704828917|34100841|2||2||1|2|2|2|2|2|2|2|1||8||1300000
3410086|1|1|1|86.280464631|34100861|2||2||1|2|2|2|2|2|2|2|1||8||1000000
3410087|1|1|1|45.955676123|34100871|2||2||1|2|2|2|1|2|2|2|1||8||1000000
3410088|1|1|1|41.133157065|34100881|2||2||1|2|2|2|2|2|2|2|1||8||850000
3410089|1|1|1|119.05104676|34100891|2||2||1|1|2|2|2|2|2|2|2||1||2500000
3410090|1|1|1|53.262693993|34100901|2||2||1|2|2|2|2|2|2|2|1||8||900000
3410091|1|1|1|164.53262826|34100911|2||1|3|1|2|2|2|2|2|2|2|1||8||800000
3410092|1|1|1|41.133157065|34100921|2||2||1|2|2|2|2|2|2|2|1||8||1000000
3410093|1|1|1|84.235555981|34100931|2||2||1|2|2|1|2|2|2|2|2||3||2000000
3410094|1|1|1|41.133157065|34100941|2||2||1|2|2|2|2|2|2|2|1||8||1300000
3410095|1|1|1|41.133157065|34100951|2||2||1|1|2|2|2|2|2|2|2||1||1500000
3410096|1|1|1|67.306027099|34100961|2||2||1|1|2|2|2|2|2|2|2||1||2000000
3410097|1|1|1|61.73150524|34100971|2||2||1|2|2|2|2|2|2|2|1||8||1000000
3410098|1|1|1|59.560077527|34100981|2||2||1|1|1|2|2|2|2|1|2||1||1400000
3410099|1|1|1|66.483698924|34100991|2||2||1|1|2|2|2|2|2|2|2||1||1000000
3410100|1|1|1|66.483698924|34101001|2||2||1|1|2|1|2|2|2|1|2||3||1000000
3410101|1|1|1|55.253494565|34101011|2||2||1|1|1|2|2|2|2|2|2||1||300000
3410102|1|1|1|192.10016407|34101021|2||1|1|1|2|2|2|2|2|2|2|1||8||700000
3410103|1|1|1|90.411081178|34101031|2||2||1|2|2|2|2|2|2|2|1||8||2900000
3410104|1|1|1|52.797783696|34101041|2||2||1|2|2|2|2|2|2|2|1||8||1500000
3410105|1|1|1|100.7573952|34101051|2||2||1|1|2|2|2|2|2|2|2||1||1500000
3410106|1|1|1|52.797783696|34101061|2||2||1|1|2|2|2|2|2|2|2||1||800000
3410107|1|1|1|178.72420682|34101071|2||2||2|1|2|2|2|2|2|2|2||1||1500000
3410108|1|1|1|52.797783696|34101081|2||2||1|2|2|2|2|2|2|2|1||8||1000000
3410110|1|1|1|52.797783696|34101101|2||2||1|2|2|2|2|2|2|2|1||8||1500000
3410111|1|1|1|230.08121839|34101111|2||2||1|1|2|2|2|2|2|2|2||1||630000
3410112|1|1|1|57.520304599|34101121|2||2||1|1|2|2|2|2|2|2|2||1||700000
3410113|1|1|1|75.135847436|34101131|2||2||1|1|2|2|2|2|2|2|2||1||1300000
3410114|1|1|1|62.003567887|34101141|2||2||1|1|2|2|2|2|2|2|2||1||1000000
3410115|1|1|1|81.53952176|34101151|2||2||2|2|2|2|2|2|2|2|2|1||1200000|
3410116|1|1|1|58.993155192|34101161|2||2||1|2|2|2|2|2|2|2|2|2||2600000|
3410117|1|1|1|162.59358597|34101171|2||1|1|1|2|2|2|2|2|2|2|1||8||800000
3410118|1|1|1|199.25048239|34101181|2||2||1|2|2|2|2|2|2|2|2|2||2000000|
3410119|1|1|1|230.08121839|34101191|2||2||1|1|2|2|2|2|2|2|1||1||800000
3410120|1|1|1|57.520304599|34101201|2||2||2|1|2|2|2|2|2|2|2||1||3000000
3410121|1|1|1|131.35301046|34101211|2||2||1|1|2|2|2|2|2|2|2||1||500000
3410122|1|1|1|136.62393508|34101221|2||2||1|2|2|2|2|2|2|2|1||8||900000
3410123|1|1|1|171.75103363|34101231|2||2||1|1|2|2|2|2|2|2|2||1||400000
3410124|1|1|1|48.754712545|34101241|2||2||1|2|2|2|2|2|2|2|1||8||700000
3410125|1|1|1|40.519229348|34101251|2||2||1|1|2|2|2|2|2|2|1||8||600000
3410126|1|1|1|92.529460572|34101261|2||2||1|1|2|2|2|2|2|2|1||1||600000
3410127|1|1|1|162.07691739|34101271|2||2||1|2|2|2|2|2|2|2|1||8||400000
3410128|1|1|1|132.08311543|34101281|2||2||1|2|2|2|2|2|2|2|1||8||1000000
3410129|1|1|1|132.08311543|34101291|1|1|2||1|1|2|2|2|2|2|2|2||1||700000
3410130|1|1|1|140.19505554|34101301|2||2||1|2|2|2|2|2|2|2|1||8||800000
3410131|1|1|1|77.325442829|34101311|2||2||1|1|2|2|2|2|2|2|2||1||300000
3410132|1|1|1|91.851062457|34101321|2||2||1|2|2|2|2|2|2|2|1||8||820000
3410133|1|1|1|331.32519151|34101331|2||2||1|1|2|2|2|2|2|2|2||1||1000000
3410134|1|1|1|432.76276719|34101341|2||2||1|1|2|2|2|2|2|2|2||1||900000
3410135|1|1|1|220.54450465|34101351|2||2||1|1|2|2|2|2|2|2|2||1||1000000
3410136|1|1|1|292.14802467|34101361|2||2||1|1|2|2|2|2|2|2|2||1||1300000
3410137|1|1|1|331.32519151|34101371|2||2||1|1|2|2|2|2|2|2|2||1||600000
3410138|1|1|1|342.24569282|34101381|2||2||1|1|2|2|2|2|2|2|2||1||2000000
3410139|1|1|1|223.83602122|34101391|2||2||1|1|2|2|2|2|2|1|2||1||7000000
3410140|1|1|1|246.26151349|34101401|2||2||1|1|2|2|2|2|2|2|2||1||1000000
3410141|1|1|1|216.11163274|34101411|2||2||1|1|2|2|2|2|2|2|2||1||2500000
3410142|1|1|1|137.21960415|34101421|2||2||1|1|2|1|2|2|2|2|2||3||2000000
3410143|1|1|1|199.72060197|34101431|2||2||1|2|2|2|2|2|2|2|1||8||500000
3410145|1|1|1|137.21960415|34101451|2||2||1|1|2|2|2|2|2|2|2||1||1500000
3410146|1|1|1|196.03955969|34101461|2||2||1|2|2|1|2|2|2|2|2||3||1300000
3410147|1|1|1|196.03955969|34101471|2||2||1|2|2|1|2|2|2|2|2||3||1300000
3410148|1|1|1|326.35043973|34101481|2||2||2|1|2|2|2|2|2|2|2||1||2600000
3410149|1|1|1|430.38991869|34101491|2||2||1|2|2|1|2|2|2|2|2||3||1800000
3410150|1|1|1|252.46084151|34101501|2||2||1|1|2|2|2|2|2|2|2||1||2000000
3410151|1|1|1|257.21250426|34101511|2||2||2|1|2|2|2|2|1|2|2||1||2500000
3410152|1|1|1|196.03955969|34101521|2||2||1|2|2|1|2|2|2|2|2||3||1000000
3410153|1|1|1|252.46084151|34101531|2||2||2|1|2|2|2|2|2|2|2||1||1300000
3410154|1|1|1|137.21960415|34101541|2||2||1|1|2|2|2|2|2|2|2||1||4000000
3410155|1|1|1|352.16622288|34101551|2||2||1|1|2|1|2|2|2|2|2||3||3500000
3410156|1|1|1|211.19654912|34101561|2||2||1|1|2|2|2|2|2|2|2||1||1500000
3410157|1|1|1|352.16622288|34101571|2||2||1|2|2|1|2|2|2|2|2||3||4200000
3410159|1|1|1|150.94156456|34101591|2||2||1|1|2|2|2|2|2|2|2||1||2000000
3410160|1|1|1|285.65584634|34101601|2||2||1|2|2|1|2|2|2|2|2||3||2500000
3410161|1|1|1|150.94156456|34101611|2||2||1|1|2|2|1|2|2|2|2||1||1500000
3410162|1|1|1|150.94156456|34101621|2||1|1|1|1|2|2|2|2|2|2|2||1||2000000
3410163|1|1|1|263.84604421|34101631|2||2||1|1|2|2|2|2|2|2|2||1||3000000
3410164|1|1|1|234.04730267|34101641|2||2||1|1|2|2|2|2|2|2|2||1||1000000
3410165|1|1|1|280.63853632|34101651|2||2||2|1|2|2|2|2|2|2|2||1||1300000
3410166|1|1|1|330.41336463|34101661|2||2||1|1|2|2|2|2|2|2|2||1||2600000
3410167|1|1|1|203.82919102|34101671|2||2||1|1|2|2|2|2|2|2|2||1||3000000
3410168|1|1|1|137.21960415|34101681|2||2||1|1|2|2|2|2|2|2|2||1||4000000
3410169|1|1|1|170.39972933|34101691|2||2||1|1|2|2|2|2|2|2|2||1||1300000
3410170|1|1|1|273.05518645|34101701|2||2||1|1|2|2|2|2|2|2|2||1||1000000
3410171|1|1|1|524.17585573|34101711|2||2||1|1|2|2|1|2|2|2|2||1||1400000
3410172|1|1|1|491.43341893|34101721|2||2||1|1|2|2|2|2|2|2|1||1||1500000
3410173|1|1|1|343.5964949|34101731|2||2||1|1|2|2|2|2|2|2|2||1||600000
3410174|1|1|1|228.71281964|34101741|2||2||1|1|2|2|2|2|2|2|2||1||99
3410175|1|1|1|466.23676317|34101751|2||2||1|1|2|2|1|2|2|2|2||1||1300000
3410176|1|1|1|227.87871807|34101761|2||2||1|1|2|2|2|2|2|2|2||1||1500000
3410177|1|1|1|280.63853632|34101771|2||2||1|1|2|2|2|2|2|2|2||1||2000000
3410178|1|1|1|170.39972933|34101781|2||2||1|1|2|2|2|2|2|2|2||1||1300000
3410179|1|1|1|501.11615029|34101791|2||2||1|1|2|2|2|2|2|2|2||1||2500000
3410180|1|1|1|309.95940895|34101801|2||2||1|1|2|2|2|2|2|2|2||1||1300000
3410181|1|1|1|391.90777216|34101811|2||2||1|1|2|2|2|2|2|2|2||1||2000000
3410182|1|1|1|420.08546697|34101821|2||2||1|1|2|2|2|2|2|2|2||1||2600000
3410183|1|1|1|159.71057898|34101831|2||2||2|1|2|2|2|2|2|2|2||1||1300000
3410184|1|1|1|170.39972933|34101841|2||2||1|1|2|2|2|2|2|2|2||1||1800000
3410185|1|1|1|137.21960415|34101851|2||2||1|1|1|1|2|2|2|2|2||1||2000000
3410186|1|1|1|320.15111171|34101861|2||2||1|2|1|2|2|2|2|2|1||8||700000
3410188|1|1|1|220.17455765|34101881|2||2||2|1|2|2|2|2|2|2|2||1||1300000
3410189|1|1|1|170.39972933|34101891|2||2||1|1|2|2|2|2|2|2|2||1||600000
3410190|1|1|1|356.50032047|34101901|2||2||1|1|2|2|2|2|2|2|2||1||1500000
3410191|1|1|1|171.54290716|34101911|2||2||1|1|2|2|2|2|2|2|2||1||1800000
3410192|1|1|1|420.08546697|34101921|2||2||2|1|2|2|2|2|2|2|2||1||2300000
3410193|1|1|1|211.546265|34101931|2||2||1|1|2|2|2|2|2|2|2||1||1000000
3410194|1|1|1|222.34816433|34101941|2||2||1|1|2|2|2|2|2|2|2||1||800000
3410195|1|1|1|270.97981482|34101951|2||2||1|1|2|2|2|2|1|2|2||1||2000000
3410196|1|1|1|137.21960415|34101961|2||2||1|1|2|2|1|2|2|2|2||1||1300000
3410197|1|1|1|252.46084151|34101971|2||2||1|1|2|2|2|2|2|2|2||1||1300000
3410198|1|1|1|137.21960415|34101981|2||2||1|1|2|2|2|2|2|2|2||1||1000000
3410199|1|1|1|398.55076031|34101991|2||2||1|2|2|2|2|2|2|2|1||8||300000
3410200|1|1|1|370.42338762|34102001|2||2||1|1|2|2|2|2|2|2|2||1||600000
3410201|1|1|1|137.21960415|34102011|2||2||1|1|2|2|2|2|2|2|2||1||1000000
3410202|1|1|1|91.641838254|34102021|2||2||1|1|2|2|1|2|2|2|2||1||2500000
3410203|1|1|1|58.113530212|34102031|2||2||1|1|2|2|2|2|2|2|2||1||1000000
3410204|1|1|1|101.94736245|34102041|2||2||1|1|2|2|2|2|2|2|1||8||1200000
3410205|1|1|1|88.492704817|34102051|2||2||1|1|2|2|2|2|2|2|2||1||2500000
3410206|1|1|1|65.894087338|34102061|2||2||1|1|2|2|2|2|2|2|1||1||1200000
3410207|1|1|1|87.417031961|34102071|2||2||1|1|2|2|2|2|2|2|2||1||4000000
3410208|1|1|1|97.604131903|34102081|2||2||1|1|2|2|2|2|2|2|2||1||2300000
3410209|1|1|1|160.27726427|34102091|2||2||1|1|2|2|2|2|2|2|2||1||600000
3410210|1|1|1|157.5553066|34102101|2||2||1|1|2|2|2|2|2|2|2||1||1800000
3410211|1|1|1|110.55409199|34102111|2||2||1|1|2|2|2|2|2|2|1||8||970000
3410212|1|1|1|130.22039767|34102121|2||2||2|1|2|2|2|2|2|2|2||1||800000
3410213|1|1|1|120.69312385|34102131|2||2||1|1|2|2|2|2|2|2|2||1||800000
3410214|1|1|1|124.63253645|34102141|2||2||1|1|2|2|2|2|2|2|2||1||400000
3410215|1|1|1|54.485821495|34102151|2||2||1|1|2|2|2|2|2|2|1||8||1000000
3410216|1|1|1|144.45760647|34102161|2||2||1|1|2|2|2|2|2|2|2||1||500000
3410217|1|1|1|54.485821495|34102171|2||2||1|1|2|2|2|2|2|2|2||1||400000
3410219|1|1|1|54.485821495|34102191|2||2||1|1|2|2|2|2|2|2|2||1||2000000
3410220|1|1|1|153.54989437|34102201|2||2||1|1|2|2|2|2|2|2|2||1||1000000
3410221|1|1|1|63.345095873|34102211|2||2||1|1|2|2|2|2|2|2|2||1||900000
3410222|1|1|1|134.22960407|34102221|2||2||1|1|2|2|2|2|2|2|2||1||1300000
3410223|1|1|1|101.46180409|34102231|2||2||1|1|2|2|1|2|2|2|2||1||1300000
3410224|1|1|1|106.89469514|34102241|2||2||1|1|2|2|2|2|2|2|2||1||5000000
3410225|1|1|1|172.97948947|34102251|2||2||1|1|2|2|2|2|2|1|2||1||20000000
3410226|1|1|1|182.23054171|34102261|2||2||1|1|2|2|2|2|2|2|2||1||5000000
3410227|1|1|1|70.257390345|34102271|2||2||1|1|2|2|2|2|2|2|2||1||1300000
3410228|1|1|1|98.743640581|34102281|2||2||1|1|2|2|2|2|2|2|2||1||1800000
3410229|1|1|1|101.46180409|34102291|2||2||1|1|2|2|1|2|2|1|2||7||600000
3410230|1|1|1|80.485392754|34102301|2||2||1|1|2|2|2|2|2|1|2||1||2500000
3410231|1|1|1|81.079143016|34102311|2||2||1|1|2|2|2|2|2|2|2||1||2300000
3410232|1|1|1|144.45760647|34102321|2||2||1|1|2|2|2|2|2|2|2||1||6000000
3410233|1|1|1|57.753440485|34102331|2||2||1|1|2|2|2|2|2|2|2||1||1800000
3410234|1|1|1|67.981442893|34102341|2||2||1|2|2|2|2|2|2|2|1||8||98
3410235|1|1|1|61.254072994|34102351|2||2||1|1|2|1|2|2|2|2|2||3||4000000
3410236|1|1|1|61.254072994|34102361|2||2||1|2|2|1|2|2|2|2|1||3||1300000
3410237|1|1|1|124.63253645|34102371|2||2||1|1|2|2|2|2|2|2|2||1||1600000
3410238|1|1|1|98.743640581|34102381|2||2||1|1|2|2|2|1|2|2|2||1||6000000
3410239|1|1|1|177.38037662|34102391|2||2||2|1|2|2|2|2|2|1|2||1||4000000
3410240|1|1|1|91.23380168|34102401|2||2||1|1|2|2|2|2|2|2|2||1||1300000
3410241|1|1|1|114.55950421|34102411|2||2||1|1|1|2|2|2|2|2|2||1||1560000
3410242|1|1|1|126.21498545|34102421|2||2||2|1|2|2|2|2|2|2|2||1||400000
3410243|1|1|1|90.098087169|34102431|2||2||1|1|2|2|2|2|2|2|2||1||440000
3410244|1|1|1|176.09692207|34102441|2||2||1|1|2|2|2|2|2|2|2||1||700000
3410245|1|1|1|54.485821495|34102451|2||2||1|1|2|2|2|2|2|2|2||1||1300000
3410246|1|1|1|92.657486343|34102461|2||2||2|1|2|2|2|2|2|2|2||1||950000
3410247|1|1|1|143.3180978|34102471|2||2||2|1|2|2|2|2|2|2|2||1||2000000
3410248|1|1|1|81.005799272|34102481|2||2||1|1|2|2|2|2|2|2|2||1||80000
3410249|1|1|1|143.67893164|34102491|2||2||1|1|2|2|2|2|2|2|2||1||400000
3410250|1|1|1|131.35990635|34102501|2||2||1|1|2|2|2|2|2|2|2||1||300000
3410251|1|1|1|124.63253645|34102511|2||2||1|1|2|2|2|2|2|2|2||1||1300000
3410347|1|1|1|411.74302494|34103471|2||2||1|1|2|2|2|2|2|2|2||1||1600000
3410348|1|1|1|311.29359868|34103481|2||1|1|1|2|2|2|1|2|2|2|1||8||1400000
3410349|1|1|1|257.88162857|34103491|2||2||1|1|2|2|2|2|2|2|2||1||3500000
3410350|1|1|1|289.9198061|34103501|2||2||1|1|2|2|2|2|2|2|2||1||2600000
3410351|1|1|1|443.78120246|34103511|2||2||1|1|2|1|2|2|2|2|2||3||2000000
3410352|1|1|1|286.6386195|34103521|2||2||1|2|2|2|2|2|2|2|1||8||1200000
3410353|1|1|1|286.6386195|34103531|2||2||1|1|2|2|2|2|2|2|2||1||1300000
3410354|1|1|1|389.65042878|34103541|2||2||1|1|2|2|2|2|2|2|2||1||2000000
3410355|1|1|1|319.64067058|34103551|2||2||1|1|2|2|2|2|2|2|2||1||1600000
3410356|1|1|1|232.83967184|34103561|2||2||1|1|2|2|2|2|2|2|2||1||2500000
3410357|1|1|1|296.98608763|34103571|2||2||1|1|2|1|2|2|2|2|2||3||2000000
3410358|1|1|1|317.09343082|34103581|2||2||1|1|2|2|2|2|1|2|2||1||2000000
3410359|1|1|1|253.30472217|34103591|2||2||1|1|2|2|2|2|2|2|2||1||2500000
3410360|1|1|1|287.22133502|34103601|2||2||1|1|2|2|2|2|2|2|2||1||1700000
3410361|1|1|1|284.64853689|34103611|2||2||1|1|2|2|2|2|2|2|2||1||1800000
3410362|1|1|1|370.29729512|34103621|2||2||1|1|2|2|2|2|2|2|2||1||1300000
3410363|1|1|1|281.42700824|34103631|2||2||1|1|2|2|2|2|2|2|2||1||2000000
3410364|1|1|1|391.58387076|34103641|2||2||1|1|2|2|2|2|2|2|2||1||1500000
3410365|1|1|1|292.96681466|34103651|2||2||1|1|2|2|2|2|2|2|1||8||800000
3410367|1|1|1|362.70837978|34103671|2||2||1|1|2|2|2|2|2|2|2||1||1000000
3410368|1|1|1|395.5359218|34103681|2||2||1|1|2|2|2|2|2|2|2||1||1600000
3410369|1|1|1|249.51293934|34103691|2||2||1|1|2|2|2|2|2|2|2||1||2500000
3410370|1|1|1|392.07948895|34103701|2||2||1|1|2|2|2|2|2|2|2||1||800000
3410371|1|1|1|369.11264032|34103711|2||2||1|2|2|2|2|2|2|2|1||8||400000
3410372|1|1|1|301.39256848|34103721|2||2||1|1|2|2|2|2|2|2|2||1||1000000
3410373|1|1|1|337.34967871|34103731|2||2||1|1|2|2|2|2|2|2|2||1||1000000
3410374|1|1|1|373.30678895|34103741|2||1|1|1|1|2|2|2|2|2|2|2||1||1200000
3410375|1|1|1|404.66628636|34103751|2||2||1|1|2|2|2|2|2|2|2||1||700000
3410376|1|1|1|441.99289043|34103761|2||2||1|1|2|2|2|2|2|2|2||1||1600000
3410377|1|1|1|296.81386994|34103771|2||2||1|1|2|2|2|2|2|2|2||1||3000000
3410378|1|1|1|402.94009147|34103781|2||2||1|1|2|2|2|2|2|2|2||1||1300000
3410380|1|1|1|581.2842705|34103801|2||2||1|1|2|2|2|2|2|2|2||1||2000000
3410381|1|1|1|364.06818151|34103811|2||2||1|1|2|2|2|2|2|2|2||1||2500000
3410382|1|1|1|416.26949884|34103821|2||2||1|1|2|2|2|2|2|2|2||1||1300000
3410383|1|1|1|409.29854978|34103831|2||2||1|1|2|2|2|2|2|2|2||1||1000000
3410384|1|1|1|288.32472903|34103841|2||2||1|1|2|2|2|2|2|2|2||1||1300000
3410385|1|1|1|398.48034843|34103851|2||2||1|1|2|2|2|2|2|2|2||1||1500000
3410386|1|1|1|599.01033034|34103861|2||2||1|2|2|2|2|2|2|2|1||8||800000
3410387|1|1|1|599.81067039|34103871|2||2||1|2|2|1|2|2|2|2|1||3||2000000
3410388|1|1|1|611.95237472|34103881|2||2||1|1|2|2|2|2|2|2|2||1||1500000
3410389|1|1|1|368.10651823|34103891|2||2||1|1|2|2|2|2|2|2|2||1||23000000
3410390|1|1|1|593.10911398|34103901|2||2||1|2|2|1|2|2|2|2|2||3||3500000
3410391|1|1|1|515.02510697|34103911|2||2||1|1|2|2|2|2|2|2|2||1||5000000
3410392|1|1|1|453.73055403|34103921|2||2||1|1|2|1|2|2|2|2|2||1||10000000
3410393|1|1|1|321.69773044|34103931|2||2||1|1|2|2|2|2|2|1|2||1||3200000
3410393|1|2|2|321.69773044|34103932|2||2||1|1|1|2|2|2|2|2|2||1||400000
3410394|1|1|1|335.69804205|34103941|2||2||1|1|2|2|2|2|2|2|2||1||5000000
3410395|1|1|1|465.51836308|34103951|2||2||1|1|2|2|2|2|2|2|2||1||3000000
3410396|1|1|1|593.10911398|34103961|2||2||1|1|2|2|2|2|2|2|2||1||12000000
3410397|1|1|1|434.67712768|34103971|2||2||1|1|2|2|2|2|2|2|2||1||6000000
3410399|1|1|1|514.28205995|34103991|2||2||1|1|2|2|2|2|2|2|2||1||3000000
3410400|1|1|1|413.98220036|34104001|2||2||1|1|2|2|2|2|2|2|2||1||1000000
3410401|1|1|1|400.16194844|34104011|2||2||1|1|2|2|2|2|2|2|2||1||1000000
3410402|1|1|1|461.1918166|34104021|2||2||1|1|2|2|2|2|2|2|2||1||1200000
3410403|1|1|1|324.43300708|34104031|2||2||1|1|2|2|2|2|2|2|2||1||1000000
3410404|1|1|1|487.52127159|34104041|2||2||1|1|2|2|2|2|2|2|2||1||1200000
3410405|1|1|1|410.10767001|34104051|2||2||1|1|2|2|2|2|2|2|2||1||1000000
3410406|1|1|1|520.53702454|34104061|2||2||1|1|2|2|2|2|2|2|2||1||800000
3410407|1|1|1|215.07145313|34104071|2||2||1|2|2|1|2|2|2|2|2||3||1300000
3410408|1|1|1|221.69156304|34104081|2||2||1|1|2|2|2|2|2|2|1||1||6000000
3410410|1|1|1|307.78027413|34104101|2||2||1|2|2|1|2|2|2|2|2||3||900000
3410411|1|1|1|213.64495505|34104111|2||2||2|1|1|2|2|2|2|2|2||1||700000
3410412|1|1|1|433.71084322|34104121|2||2||1|1|2|2|2|2|2|2|2||1||1000000
3410413|1|1|1|281.28619282|34104131|2||2||1|1|2|2|2|2|2|2|1||1||700000
3410414|1|1|1|213.00614537|34104141|2||2||2|2|2|2|2|2|2|2|1||8||3000000
3410418|1|1|1|214.75395146|34104181|2||2||1|1|1|2|2|2|2|2|2||1||800000
3410419|1|1|1|221.44914797|34104191|2||2||1|1|2|2|2|2|2|2|2||1||500000
3410420|1|1|1|511.20423135|34104201|2||2||1|1|2|2|2|2|2|2|2||1||1300000
3410421|1|1|1|195.83061833|34104211|2||2||1|1|2|2|2|2|2|2|2||1||1300000
3410422|1|1|1|247.65955588|34104221|2||2||1|1|2|2|2|2|2|2|2||1||1300000
3410423|1|1|1|171.45044818|34104231|2||2||1|1|2|1|2|2|2|2|2||3||600000
3410424|1|1|1|207.00627364|34104241|2||2||1|1|2|1|2|2|2|2|2||3||1240000
3410425|1|1|1|280.24566467|34104251|2||2||1|1|2|1|2|2|2|2|2||1||3600000
3410426|1|1|1|138.86999766|34104261|2||2||1|1|2|2|2|2|2|2|2||1||4000000
3410428|1|1|1|191.02559121|34104281|2||2||1|2|1|2|2|2|2|2|1||8||1600000
3410431|1|1|1|283.32718621|34104311|2||2||1|1|2|2|2|2|2|2|2||1||450000
3410432|1|1|1|172.02896537|34104321|2||2||1|1|2|2|2|2|2|2|2||1||98
3410433|1|1|1|140.24378801|34104331|2||2||1|1|2|2|2|2|2|2|2||1||2700000
3410435|1|1|1|268.3868801|34104351|2||2||1|1|2|2|2|2|2|2|2||1||1300000
3410436|1|1|1|282.40035058|34104361|2||2||1|1|1|2|2|2|2|2|2||1||1300000
3410437|1|1|1|197.97197635|34104371|2||2||1|1|1|2|2|2|2|2|2||1||700000
3410438|1|1|1|145.32287233|34104381|1|1|2||1|2|2|1|2|2|2|2|2||3||1300000
3410439|1|1|1|134.46814093|34104391|2||2||1|1|2|2|2|2|2|2|2||1||3000000
3410440|1|1|1|439.82854622|34104401|2||2||1|1|2|2|2|2|2|2|2||1||1300000
3410442|1|1|1|256.66535791|34104421|2||2||1|1|2|2|2|2|2|2|2||1||600000
3410443|1|1|1|552.4876961|34104431|2||2||1|1|2|2|2|2|2|2|2||1||1300000
3410444|1|1|1|678.44651568|34104441|2||2||1|1|2|2|2|2|2|2|2||1||900000
3410445|1|1|1|865.44018861|34104451|2||2||1|1|2|2|2|2|2|2|2||1||3000000
3410446|1|1|1|678.44651568|34104461|2||1|2|1|2|2|2|2|2|2|2|1||8||600000
3410447|1|1|1|666.65815909|34104471|2||2||1|2|1|2|2|2|2|2|1||8||400000
3410448|1|1|1|519.99710257|34104481|2||2||1|1|2|1|2|2|2|2|2||1||2000000
3410449|1|1|1|830.19934121|34104491|2||2||1|2|2|1|2|2|2|2|1||3||1500000
3410450|1|1|1|457.9120774|34104501|2||2||1|1|2|2|2|2|2|2|2||1||2600000
3410451|1|1|1|552.4876961|34104511|2||2||1|1|2|2|2|2|2|2|2||1||1700000
3410452|1|1|1|566.38942347|34104521|2||2||1|2|2|2|2|2|2|2|1||8||700000
3410453|1|1|1|474.86901278|34104531|2||2||1|1|2|2|2|2|2|2|2||1||700000
3410454|1|1|1|547.23543096|34104541|2||2||1|1|2|2|2|2|2|2|2||1||1300000
3410455|1|1|1|633.47885885|34104551|2||2||1|1|2|2|2|2|2|2|2||1||1250000
3410456|1|1|1|655.6973708|34104561|2||2||1|1|1|2|2|2|2|1|1||1||400000
3410457|1|1|1|544.01730381|34104571|2||2||2|1|2|2|2|2|2|2|2||1||1300000
3410459|1|1|1|767.4231753|34104591|2||2||1|1|2|2|2|2|2|2|2||1||800000
3410460|1|1|1|786.57716781|34104601|2||2||1|1|2|2|2|2|2|2|2||1||2000000
3410461|1|1|1|1063.9286409|34104611|2||2||1|1|2|2|2|2|2|2|2||1||600000
3410462|1|1|1|653.55510783|34104621|2||2||1|1|1|2|2|2|2|2|2||1||600000
3410463|1|1|1|592.48985532|34104631|2||1|1|1|2|2|2|2|2|2|2|1||8||1200000
3410464|1|1|1|700.01953625|34104641|2||2||1|1|2|2|2|2|2|2|2||1||800000
3410465|1|1|1|1087.433387|34104651|2||1|2|1|2|2|2|1|2|2|2|1||4||300000
3410466|1|1|1|1029.8419869|34104661|2||2||1|1|2|2|2|2|2|2|2||1||1300000
3410467|1|1|1|746.45549547|34104671|2||2||1|1|1|2|2|2|2|2|2||1||500000
3410468|1|1|1|758.83326988|34104681|2||2||1|1|1|2|2|2|2|2|2||1||500000
3410469|1|1|1|799.95065367|34104691|2||2||1|1|2|2|2|2|2|2|1||1||600000
3410470|1|1|1|644.56897878|34104701|2||2||1|1|2|2|1|2|2|2|2||1||1200000
3410471|1|1|1|777.79948472|34104711|2||2||1|2|2|2|2|2|2|2|1||8||400000
3410472|1|1|1|668.09142573|34104721|2||2||1|1|2|2|2|2|2|2|2||1||3000000
3410473|1|1|1|807.26232884|34104731|2||2||1|1|2|2|1|2|2|2|1||1||1000000
3410474|1|1|1|644.56897878|34104741|2||2||1|1|2|2|2|2|2|2|2||1||3900000
3410475|1|1|1|630.21736572|34104751|2||2||1|1|2|2|2|2|2|2|2||1||2500000
3410476|1|1|1|514.04533357|34104761|2||2||1|1|2|2|2|2|1|2|2||1||1500000
3410477|1|1|1|779.12600065|34104771|2||2||1|1|2|2|2|2|2|2|2||1||1500000
3410478|1|1|1|1088.1352008|34104781|2||2||1|1|1|2|2|2|2|2|2||1||1000000
3410479|1|1|1|899.37363067|34104791|2||2||1|1|2|2|2|2|2|2|2||1||1200000
3410480|1|1|1|644.56897878|34104801|2||2||1|1|2|2|2|2|2|2|2||1||1000000
3410481|1|1|1|544.1139553|34104811|2||2||1|1|2|2|2|2|1|2|2||1||700000
3410482|1|1|1|722.69835227|34104821|2||2||1|2|2|2|2|2|2|2|1||8||300000
3410483|1|1|1|654.89691603|34104831|2||2||1|1|2|2|2|2|2|2|1||1||1500000
3410484|1|1|1|1013.2653723|34104841|2||2||1|1|2|2|2|2|2|2|2||1||1300000
3410485|1|1|1|425.98873696|34104851|2||2||1|1|2|2|2|2|2|2|2||1||1300000
3410486|1|1|1|734.45959533|34104861|2||2||1|1|2|2|2|2|2|2|2||1||1300000
3410487|1|1|1|666.65815909|34104871|2||2||1|1|2|2|2|2|2|2|2||1||900000
3410488|1|1|1|572.64979348|34104881|2||2||1|1|2|2|2|2|2|2|2||1||2000000
3410489|1|1|1|710.90999569|34104891|2||2||1|1|2|2|2|2|2|2|2||1||800000
3410490|1|1|1|1066.3649935|34104901|2||2||1|1|2|1|2|2|2|2|2||3||3300000
3410491|1|1|1|917.04162248|34104911|2||2||1|1|2|2|1|2|2|2|2||4||1000000
3410492|1|1|1|1558.5362651|34104921|2||2||1|1|2|2|2|2|2|2|2||1||1200000
3410493|1|1|1|1089.1075263|34104931|2||2||1|1|2|2|2|2|2|2|2||1||1000000
3410494|1|1|1|1224.2814143|34104941|2||2||1|1|1|2|2|2|2|2|2||1||1000000
3410495|1|1|1|1785.2715566|34104951|2||2||1|1|2|2|2|2|2|2|2||1||700000
3410496|1|1|1|1328.403429|34104961|2||2||1|1|2|2|2|2|2|2|2||1||900000
3410497|1|1|1|1275.5421579|34104971|2||1|2|1|1|1|2|2|2|2|2|2||1||900000
3410498|1|1|1|993.28872939|34104981|2||2||1|1|2|2|2|2|2|2|2||1||1300000
3410499|1|1|1|698.99842883|34104991|2||2||1|1|2|2|2|2|2|2|2||1||1300000
3410500|1|1|1|856.46806721|34105001|2||2||1|1|2|2|2|2|2|2|2||1||1300000
3410501|1|1|1|913.31922014|34105011|2||2||1|1|2|2|2|2|2|2|2||1||1500000
3410502|1|1|1|819.94228844|34105021|2||2||1|1|2|2|2|2|2|2|2||1||1300000
3410502|1|2|2|819.94228844|34105022|2||2||1|1|2|2|2|2|2|2|2||1||1300000
3410503|1|1|1|960.19591694|34105031|2||2||1|1|2|2|2|2|2|2|2||1||130000
3410504|1|1|1|928.46393988|34105041|2||2||1|1|2|1|2|2|2|2|2||3||1300000
3410505|1|1|1|709.09723446|34105051|2||2||1|1|2|1|2|2|2|2|2||1||2600000
3410506|1|1|1|1092.4750681|34105061|2||2||1|1|2|2|2|2|2|2|2||1||1100000
3410507|1|1|1|654.43558454|34105071|2||2||1|1|2|2|2|2|2|2|2||1||2300000
3410508|1|1|1|682.34498605|34105081|2||2||1|1|2|2|2|2|2|2|2||1||2000000
3410509|1|1|1|638.2706447|34105091|2||2||1|1|2|2|2|2|2|2|2||1||400000
3410510|1|1|1|504.3996041|34105101|2||2||1|1|2|2|2|2|2|2|2||1||1300000
3410511|1|1|1|377.68033428|34105111|2||2||1|1|2|2|2|2|2|2|2||1||1600000
3410512|1|1|1|522.78205489|34105121|2||2||1|1|2|2|2|2|2|2|2||1||2400000
3410513|1|1|1|808.52016361|34105131|2||2||1|1|2|2|2|2|2|2|2||1||2500000
3410514|1|1|1|576.55590112|34105141|2||2||1|1|2|2|2|2|2|2|2||1||3200000
3410515|1|1|1|533.56911583|34105151|2||1|3|1|2|2|2|2|2|2|2|1||8||2000000
3410516|1|1|1|673.63728656|34105161|2||2||1|1|2|2|2|2|2|2|2||1||2000000
3410517|1|1|1|249.10577266|34105171|2||2||1|1|2|2|2|2|2|2|1||1||2000000
3410518|1|1|1|333.42014579|34105181|2||2||1|1|2|2|2|2|2|2|1||8||1800000
3410519|1|1|1|249.10577266|34105191|2||2||1|2|1|2|2|2|2|2|1||8||700000
3410520|1|1|1|285.34993191|34105201|2||2||1|2|2|2|2|2|2|2|1||8||800000
3410521|1|1|1|257.38268788|34105211|2||2||1|1|2|2|2|2|2|2|2||1||1200000
3410522|1|1|1|330.10126784|34105221|2||2||2|1|2|2|2|2|2|2|2||1||2500000
3410523|1|1|1|306.83871433|34105231|2||2||2|1|2|2|2|2|2|2|2||1||900000
3410524|1|1|1|333.34508228|34105241|2||2||1|1|2|2|2|2|2|2|2||1||1800000
3410525|1|1|1|232.15296746|34105251|2||2||1|2|2|1|2|2|2|2|2||3||2250000
3410526|1|1|1|357.22991414|34105261|2||2||1|1|2|2|2|2|2|2|2||1||2200000
3410527|1|1|1|244.1662498|34105271|2||2||1|1|2|2|2|2|2|2|2||1||1500000
3410528|1|1|1|332.23666862|34105281|2||2||1|1|2|2|2|2|2|2|2||1||3000000
3410529|1|1|1|288.42114601|34105291|2||2||1|1|2|2|2|2|2|2|2||1||1500000
3410530|1|1|1|225.30416586|34105301|2||2||1|1|2|2|2|2|2|2|2||1||1500000
3410531|1|1|1|236.57216577|34105311|2||2||1|2|2|1|2|2|2|2|2||3||1300000
3410532|1|1|1|276.42524907|34105321|2||2||1|1|2|2|2|2|2|2|2||1||1500000
3410533|1|1|1|233.48587042|34105331|2||2||1|1|2|2|2|2|2|2|2||1||1500000
3410534|1|1|1|276.42524907|34105341|2||2||1|2|2|1|2|2|2|2|2||3||1300000
3410535|1|1|1|192.14010105|34105351|2||2||1|1|2|1|2|2|1|1|2||3||2000000
3410535|1|2|2|192.14010105|34105352|2||2||1|1|1|2|2|2|2|2|2||1||1500000
3410536|1|1|1|337.61787156|34105361|2||2||1|1|2|2|2|2|2|2|2||1||1000000
3410537|1|1|1|205.9979418|34105371|2||2||1|1|2|2|2|2|2|2|2||1||1500000
3410538|1|1|1|206.5235893|34105381|2||2||1|1|2|2|2|2|2|2|2||1||1300000
3410539|1|1|1|287.42973768|34105391|2||2||1|1|2|2|2|2|2|2|1||1||1500000
3410540|1|1|1|203.28012494|34105401|2||2||1|2|2|1|2|2|2|2|2||3||1300000
3410541|1|1|1|335.48441627|34105411|2||2||1|1|2|2|2|2|2|2|2||1||500000
3410542|1|1|1|166.28872778|34105421|2||2||2|1|2|2|2|2|2|2|2||1||800000
3410543|1|1|1|203.28012494|34105431|2||2||1|2|2|2|2|2|2|2|1||8||300000
3410544|1|1|1|188.81207433|34105441|2||2||1|1|2|2|2|2|2|2|2||1||1000000
3410545|1|1|1|287.20357292|34105451|2||2||2|1|2|2|2|2|2|2|2||1||800000
3410546|1|1|1|190.94189528|34105461|2||2||1|1|1|2|2|2|2|2|2||1||500000
3410547|1|1|1|226.01393315|34105471|2||2||1|1|1|2|2|2|2|2|2||1||600000
3410548|1|1|1|227.55625613|34105481|2||2||1|1|2|2|2|2|2|2|2||1||400000
3410549|1|1|1|195.43369995|34105491|2||2||1|1|2|2|2|2|2|2|1||1||3400000
3410551|1|1|1|219.49994763|34105511|1|1|2||1|2|2|1|2|2|2|2|2||3||6500000
3410552|1|1|1|246.89235596|34105521|2||2||1|1|2|2|2|2|2|2|2||1||2500000
3410553|1|1|1|259.60831376|34105531|2||2||1|1|2|2|2|2|2|2|2||1||7000000
3410554|1|1|1|286.75267188|34105541|2||2||2|1|2|2|2|2|2|2|2||1||500000
3410555|1|1|1|296.65684046|34105551|2||2||1|1|2|2|2|2|2|2|1||8||700000
3410556|1|1|1|226.81661255|34105561|2||2||1|1|2|2|2|2|2|2|2||1||600000
3410557|1|1|1|226.81661255|34105571|2||2||1|2|2|2|2|2|2|2|1||8||600000
3410558|1|1|1|329.80210444|34105581|2||2||1|2|2|2|1|2|2|2|2||4||900000
3410559|1|1|1|298.12167967|34105591|2||2||1|1|2|2|2|2|2|2|2||1||1200000
3410560|1|1|1|262.81468015|34105601|2||2||1|1|2|2|2|2|2|2|2||1||2500000
3410561|1|1|1|271.04016659|34105611|2||1|2|1|2|2|2|2|2|2|2|1||8||2700000
3410562|1|1|1|311.52997651|34105621|2||2||1|1|2|2|2|2|2|2|1||1||6500000
3410563|1|1|1|406.54128804|34105631|2||2||1|1|2|2|2|2|2|2|2||1||1500000
3410564|1|1|1|380.32617966|34105641|2||2||1|1|2|2|2|2|2|2|2||1||1800000
3410565|1|1|1|280.7230438|34105651|2||2||1|1|2|2|2|2|2|2|2||1||1500000
3410566|1|1|1|380.32617966|34105661|2||2||1|1|2|2|2|2|2|2|2||1||2000000
3410567|1|1|1|403.1084246|34105671|2||2||1|1|2|2|2|2|2|2|2||1||3000000
3410568|1|1|1|358.83227934|34105681|2||2||1|2|2|1|2|2|2|2|2||3||3000000
3410569|1|1|1|403.60620341|34105691|2||2||1|1|2|1|2|2|2|2|2||3||5000000
3410570|1|1|1|424.03841013|34105701|2||2||1|2|2|1|2|2|2|2|2||3||5000000
3410571|1|1|1|415.01742385|34105711|2||2||1|1|2|2|2|2|2|2|2||1||3200000
3410572|1|1|1|383.17399668|34105721|2||2||1|1|1|2|2|2|2|2|2||1||2100000
3410573|1|1|1|695.99428828|34105731|2||2||2|1|2|1|2|2|2|2|2||1||4100000
3410574|1|1|1|965.53165029|34105741|2||1|2|1|1|1|2|1|2|2|2|2||1||2200000
3410575|1|1|1|862.40176626|34105751|2||2||1|1|2|2|1|2|2|2|2||1||1800000
3410576|1|1|1|424.03841013|34105761|2||2||1|1|2|2|2|2|2|2|2||1||1500000
3410577|1|1|1|608.54112819|34105771|2||2||1|1|2|2|2|2|2|2|2||1||3000000
3410578|1|1|1|358.83227934|34105781|2||2||1|1|2|2|2|2|2|2|2||1||2000000
3410579|1|1|1|338.40007261|34105791|2||2||1|1|1|2|2|2|2|2|2||1||2000000
3410580|1|1|1|632.21734076|34105801|2||2||1|1|1|2|2|2|2|2|2||1||1800000
3410581|1|1|1|463.88132593|34105811|2||2||1|1|2|2|2|2|2|2|2||1||800000
3410582|1|1|1|907.90260376|34105821|2||2||2|1|2|2|2|2|2|2|2||1||1300000
3410583|1|1|1|491.83568835|34105831|2||2||1|1|2|2|2|2|2|2|2||1||1400000
3410584|1|1|1|441.51755686|34105841|2||2||1|1|2|2|1|2|2|2|2||1||2400000
3410585|1|1|1|889.92567824|34105851|2||2||1|1|2|2|2|2|2|2|2||1||2500000
3410586|1|1|1|549.25092368|34105861|2||2||1|1|2|2|2|2|2|2|2||1||2000000
3410587|1|1|1|747.06836391|34105871|2||2||2|1|2|2|2|2|2|2|2||1||6000000
3410588|1|1|1|552.44178394|34105881|2||2||1|1|2|1|2|2|2|2|2||1||4000000
3410589|1|1|1|403.68631426|34105891|2||2||1|2|2|1|2|2|2|2|2||3||3000000
3410590|1|1|1|394.68688955|34105901|2||2||1|1|2|2|2|2|2|2|2||1||5000000
3410591|1|1|1|424.30285421|34105911|2||1|1|1|2|2|2|2|2|2|2|1||8||4200000
3410592|1|1|1|541.5528718|34105921|2||2||1|1|2|2|2|2|2|2|2||1||40000000
3410593|1|1|1|464.50574129|34105931|2||2||1|1|2|2|2|2|2|2|2||1||10000000
3410595|1|1|1|350.87669754|34105951|2||2||1|1|2|2|2|2|2|2|2||1||2900000
3410596|1|1|1|378.13125203|34105961|2||2||1|1|2|2|2|2|2|2|2||1||2600000
3410597|1|1|1|228.60871793|34105971|2||2||1|1|2|2|2|2|2|2|2||1||2200000
3410598|1|1|1|363.06693128|34105981|2||2||1|1|2|2|2|2|2|2|2||1||2000000
3410599|1|1|1|823.27875951|34105991|2||2||1|1|2|2|2|2|2|2|2||1||1300000
3410600|1|1|1|397.20346746|34106001|2||2||1|1|2|2|2|2|2|2|2||1||2600000
3410601|1|1|1|641.97257131|34106011|2||2||2|1|1|2|2|2|2|2|2||1||1300000
3410602|1|1|1|717.25160286|34106021|2||2||1|1|2|2|2|2|2|2|2||1||1300000
3410603|1|1|1|771.82849353|34106031|2||2||1|1|1|2|2|2|2|2|2||1||1300000
3410604|1|1|1|343.69019894|34106041|2||2||1|2|2|2|2|2|2|2|1||8||1000000
3410605|1|1|1|753.88162876|34106051|2||2||1|1|2|2|2|2|2|2|2||1||1300000
3410607|1|1|1|915.44360257|34106071|2||2||1|1|2|2|2|2|2|2|2||1||2600000
3410608|1|1|1|942.35203595|34106081|2||2||1|1|2|2|2|2|2|2|2||1||1300000
3410609|1|1|1|785.56035669|34106091|2||2||1|1|2|2|2|2|2|2|2||1||1300000
3410610|1|1|1|1112.224988|34106101|2||2||2|1|2|2|2|2|2|2|2||1||3000000
3410611|1|1|1|704.85269741|34106111|2||2||1|1|2|2|2|2|2|2|2||1||1300000
3410612|1|1|1|852.22467574|34106121|2||2||1|1|2|2|2|2|2|2|2||1||900000
3410613|1|1|1|955.43330873|34106131|2||2||2|1|2|2|2|2|2|2|2||1||3900000
3410614|1|1|1|861.64437667|34106141|2||2||2|1|2|2|2|2|2|2|2||1||1300000
3410615|1|1|1|999.66404681|34106151|2||2||1|1|2|2|2|2|2|2|2||1||1300000
3410616|1|1|1|730.63653035|34106161|2||2||1|1|2|2|2|2|2|2|2||1||3000000
3410617|1|1|1|848.69671328|34106171|2||2||2|1|2|2|2|2|2|2|2||1||1300000
3410618|1|1|1|693.50831175|34106181|2||2||1|1|2|2|2|2|2|2|2||1||3000000
3410619|1|1|1|699.46631882|34106191|2||2||1|1|2|2|2|2|2|2|2||1||1500000
3410620|1|1|1|780.90140757|34106201|2||2||1|1|2|2|2|2|2|2|2||1||2600000
3410621|1|1|1|841.02711219|34106211|2||2||2|1|2|2|2|2|2|2|2||1||1300000
3410622|1|1|1|710.36737947|34106221|2||2||1|1|2|2|2|2|2|2|2||1||2000000
3410623|1|1|1|762.86966881|34106231|2||2||1|1|2|2|2|2|2|2|2||1||1300000
3410624|1|1|1|807.11553139|34106241|2||2||1|1|2|2|2|2|2|2|2||1||3600000
3410625|1|1|1|772.41790873|34106251|2||2||1|1|2|2|2|2|2|2|2||1||1500000
3410626|1|1|1|764.04233984|34106261|2||2||1|1|2|2|2|1|2|2|2||1||2600000
3410627|1|1|1|816.49844338|34106271|2||2||1|1|2|2|2|2|2|2|2||1||2600000
3410628|1|1|1|735.11772763|34106281|2||2||1|1|2|2|2|2|2|2|2||1||1500000
3410629|1|1|1|598.89940478|34106291|2||2||1|1|2|1|2|2|2|2|2||3||3000000
3410630|1|1|1|511.96749472|34106301|2||2||1|1|2|2|2|2|2|2|2||1||3500000
3410631|1|1|1|652.6508928|34106311|2||2||1|1|2|1|2|2|2|2|2||3||3000000
3410632|1|1|1|472.7122294|34106321|2||2||1|1|2|2|2|2|2|2|2||1||1300000
3410633|1|1|1|590.30598885|34106331|2||2||1|2|2|1|2|2|2|2|2||3||2500000
3410634|1|1|1|629.51968694|34106341|2||2||1|1|2|2|2|2|2|2|2||1||2600000
3410635|1|1|1|663.59756872|34106351|2||2||1|2|2|1|2|2|2|2|2||3||1300000
3410636|1|1|1|465.85115564|34106361|2||2||1|1|2|2|2|2|2|2|2||1||2000000
3410637|1|1|1|536.19285469|34106371|2||2||1|1|2|2|2|2|2|2|2||1||2000000
3410638|1|1|1|715.35744289|34106381|2||2||1|1|2|2|2|2|2|2|2||1||3000000
3410639|1|1|1|476.49258069|34106391|2||2||1|1|2|2|2|1|2|2|2||1||1400000
3410640|1|1|1|454.13936033|34106401|2||2||1|1|2|2|2|2|2|2|2||1||1100000
3410641|1|1|1|448.79082098|34106411|2||2||1|1|2|2|2|2|2|2|2||1||1000000
3410642|1|1|1|564.1351091|34106421|2||2||1|1|2|2|2|2|2|2|2||1||1300000
3410643|1|1|1|370.28927282|34106431|2||2||1|1|2|2|2|2|2|2|2||1||2000000
3410644|1|1|1|477.27917234|34106441|2||2||2|1|1|2|2|2|2|2|2||1||1500000
3410645|1|1|1|480.41930724|34106451|2||2||1|1|2|2|2|2|2|2|2||1||3000000
3410646|1|1|1|520.79062068|34106461|2||2||1|1|2|2|2|2|2|2|2||1||1300000
3410647|1|1|1|651.71777702|34106471|2||2||1|1|2|2|2|2|2|2|2||1||1600000
3410648|1|1|1|240.1425108|34106481|2||2||1|2|2|2|1|2|2|2|1||4||1300000
3410649|1|1|1|446.3592145|34106491|2||2||1|1|2|2|2|2|2|2|2||1||1500000
3410650|1|1|1|1235.8055422|34106501|2||2||1|1|2|2|2|2|2|2|2||1||2800000
3410651|1|1|1|1063.2751154|34106511|2||2||1|1|2|2|2|2|2|2|2||1||2000000
3410652|1|1|1|1150.3177671|34106521|2||2||1|1|2|1|2|2|2|2|2||3||2500000
3410653|1|1|1|630.22365591|34106531|2||2||1|1|2|1|2|2|2|2|2||3||2300000
3410654|1|1|1|597.85963251|34106541|2||2||1|1|2|2|2|2|2|2|2||1||1300000
3410655|1|1|1|493.81403897|34106551|2||2||1|1|2|1|2|2|2|2|2||3||2600000
3410656|1|1|1|679.38040191|34106561|2||2||1|1|2|2|2|2|2|2|1||8||900000
3410657|1|1|1|619.82751457|34106571|2||2||1|1|2|2|2|2|2|2|2||1||1300000
3410658|1|1|1|560.61808532|34106581|2||2||1|2|2|2|2|1|2|1|2||7||1000000
3410659|1|1|1|501.97527141|34106591|2||2||1|1|2|1|2|2|2|2|2||1||3000000
3410660|1|1|1|1506.9606587|34106601|2||2||1|1|1|2|2|2|2|2|2||1||1300000
3410661|1|1|1|1391.2720677|34106611|2||2||1|1|2|2|2|2|2|2|2||1||1300000
3410662|1|1|1|1502.0195729|34106621|2||2||2|1|2|2|2|2|2|2|2||1||2600000
3410663|1|1|1|1321.7880106|34106631|2||2||1|1|2|2|2|2|2|2|2||1||1300000
3410664|1|1|1|1438.8768324|34106641|2||1|1|1|1|2|2|2|2|2|2|2||1||3600000
3410665|1|1|1|1458.2239571|34106651|2||2||2|1|2|2|2|2|2|2|2||1||1300000
3410666|1|1|1|1630.3246404|34106661|2||2||1|1|2|2|2|2|2|2|2||1||2600000
3410667|1|1|1|1257.4953082|34106671|2||2||1|2|2|1|2|2|2|2|2||3||1300000
3410668|1|1|1|1194.6929984|34106681|2||2||1|1|2|2|2|2|2|2|2||1||1600000
3410669|1|1|1|1194.6929984|34106691|2||2||1|1|2|2|2|2|2|2|2||1||2000000
3410670|1|1|1|1603.7900754|34106701|2||2||2|1|2|2|2|2|2|2|2||1||1300000
3410671|1|1|1|210.79754226|34106711|2||2||1|1|2|1|2|2|2|2|2||3||99
3410672|1|1|1|238.39517361|34106721|2||2||1|1|2|2|2|2|2|2|2||1||2000000
3410673|1|1|1|185.18619817|34106731|2||2||2|1|2|2|2|2|2|2|2||1||1800000
3410674|1|1|1|168.80433047|34106741|2||2||1|1|2|1|2|2|2|2|2||3||1300000
3410676|1|1|1|279.44723749|34106761|1|1|2||1|1|2|2|2|2|2|2|2||1||2500000
3410677|1|1|1|187.06849399|34106771|2||2||1|1|2|2|2|2|2|2|2||1||1300000
3410678|1|1|1|197.83299024|34106781|2||2||1|1|2|2|2|2|2|2|2||1||4000000
3410679|1|1|1|238.39517361|34106791|2||2||1|1|2|2|2|2|2|2|2||1||2600000
3410680|1|1|1|187.06849399|34106801|2||2||1|1|2|2|2|2|2|2|2||1||4000000
3410681|1|1|1|241.48786241|34106811|2||2||1|1|2|2|2|2|2|2|2||1||2000000
3410682|1|1|1|207.92243553|34106821|2||2||1|1|2|2|2|2|2|2|2||1||5000000
3410683|1|1|1|162.74577522|34106831|2||2||1|1|2|1|2|2|2|2|2||1||1300000
3410684|1|1|1|145.07352595|34106841|2||2||1|1|2|2|2|2|2|2|2||1||2300000
3410685|1|1|1|168.48330597|34106851|2||2||1|2|2|1|2|2|2|2|2||3||2500000
3410686|1|1|1|221.72184513|34106861|2||2||1|1|2|2|2|2|2|2|2||1||2000000
3410687|1|1|1|162.74577522|34106871|2||2||1|1|2|2|2|2|2|2|2||1||1300000
3410688|1|1|1|114.12573332|34106881|2||2||1|1|2|2|2|2|2|2|2||1||2500000
3410689|1|1|1|114.12573332|34106891|2||2||1|1|2|2|2|2|2|2|2||1||1600000
3410690|1|1|1|167.75343617|34106901|2||2||1|1|2|2|2|2|2|2|2||1||1600000
3410691|1|1|1|145.07352595|34106911|2||2||1|1|2|2|2|2|2|2|2||1||4000000
3410692|1|1|1|349.61623979|34106921|2||2||1|1|2|2|2|2|2|2|2||1||1300000
3410693|1|1|1|283.56462191|34106931|2||2||1|1|2|2|2|2|2|2|2||1||600000
3410694|1|1|1|223.66465989|34106941|2||2||1|1|2|2|2|2|2|2|2||1||1300000
3410695|1|1|1|288.73007669|34106951|2||2||2|1|2|2|2|2|2|2|2||1||2200000
3410696|1|1|1|264.09905747|34106961|2||2||2|1|2|2|2|2|2|2|2||1||1400000
3410697|1|1|1|401.81130444|34106971|2||2||1|1|2|1|2|2|2|2|2||1||5000000
3410698|1|1|1|478.004398|34106981|2||2||1|1|2|2|2|2|2|2|2||1||2100000
3410699|1|1|1|334.11543547|34106991|2||2||1|1|2|2|2|2|2|2|2||1||2000000
3410700|1|1|1|204.23151225|34107001|2||2||1|1|2|2|2|2|2|2|2||1||1500000
3410701|1|1|1|117.34701303|34107011|2||2||1|1|2|2|2|2|2|2|2||1||1500000
3410702|1|1|1|258.15486155|34107021|2||2||1|1|2|2|2|2|2|2|2||1||2500000
3410703|1|1|1|182.48146174|34107031|2||2||1|1|2|2|2|2|2|2|2||1||2600000
3410704|1|1|1|92.971907324|34107041|2||2||1|1|2|2|2|2|2|2|2||1||1300000
3410705|1|1|1|252.0627292|34107051|2||2||1|1|2|2|2|2|2|2|2||1||1300000
3410706|1|1|1|212.90358482|34107061|2||2||1|1|2|2|2|2|2|2|2||1||2400000
3410708|1|1|1|111.35742313|34107081|2||2||1|1|2|2|2|2|2|2|2||1||1400000
3410709|1|1|1|176.79739024|34107091|2||2||1|2|2|2|2|2|2|2|1||8||2400000
3410710|1|1|1|190.65216202|34107101|2||2||1|2|2|2|2|2|2|2|1||8||800000
3410711|1|1|1|97.426068675|34107111|2||2||1|1|2|2|2|2|2|2|1||1||1800000
3410712|1|1|1|197.57550384|34107121|2||2||1|2|2|2|2|2|2|2|1||8||600000
3410713|1|1|1|196.36265417|34107131|2||2||1|1|2|1|2|2|2|2|2||3||2000000
3410714|1|1|1|184.15969301|34107141|2||2||1|1|2|2|2|2|2|2|2||1||1500000
3410715|1|1|1|128.31637187|34107151|2||2||1|2|2|2|2|2|2|1|2||7||1300000
3410716|1|1|1|162.1815279|34107161|2||2||1|1|2|2|2|2|2|2|2||1||1500000
3410717|1|1|1|143.55998096|34107171|2||2||1|1|2|2|2|2|2|2|2||1||1300000
3410718|1|1|1|100.53690361|34107181|2||2||1|1|2|2|2|2|2|2|2||1||1300000
3410719|1|1|1|173.92760783|34107191|2||2||1|2|2|2|1|2|2|2|1||4||700000
3410720|1|1|1|105.49013546|34107201|2||2||1|1|2|2|2|2|2|2|2||1||1300000
3410721|1|1|1|185.86074807|34107211|2||2||1|1|2|2|2|2|2|2|2||1||1700000
3410722|1|1|1|206.6850078|34107221|2||2||1|1|2|2|2|2|2|2|2||1||2600000
3410723|1|1|1|256.73055752|34107231|2||2||1|1|2|2|2|2|2|2|2||1||1600000
3410724|1|1|1|173.92760783|34107241|2||2||1|2|2|2|1|2|2|2|2||4||600000
3410725|1|1|1|213.22402308|34107251|2||2||1|1|2|2|2|2|2|2|2||1||1800000
3410726|1|1|1|177.64595042|34107261|2||2||1|1|2|2|2|2|2|2|1||1||1300000
3410727|1|1|1|159.33531529|34107271|2||2||1|1|2|2|2|2|2|2|2||1||900000
3410728|1|1|1|189.04826105|34107281|2||2||1|1|1|2|2|2|2|2|2||1||2000000
3410729|1|1|1|164.92569266|34107291|2||2||1|1|2|2|2|2|2|2|2||1||1900000
3410730|1|1|1|90.054471932|34107301|2||2||1|1|2|2|2|2|2|2|2||1||1300000
3410731|1|1|1|97.87921318|34107311|2||2||1|1|2|2|2|2|2|2|2||1||2000000
3410732|1|1|1|156.29506091|34107321|2||2||1|1|2|2|2|2|2|2|2||1||1600000
3410732|1|2|2|156.29506091|34107322|2||2||1|1|2|2|2|2|2|2|2||1||2000000
3410733|1|1|1|252.0627292|34107331|2||2||1|1|2|2|2|2|2|2|2||1||1650000
3410734|1|1|1|191.53891626|34107341|2||2||1|2|2|2|2|2|2|2|1||8||600000
3410735|1|1|1|143.13048991|34107351|2||2||1|1|2|2|2|2|2|2|2||1||4500000
3410736|1|1|1|180.5081564|34107361|2||2||1|1|2|2|2|2|1|2|2||1||2000000
3410737|1|1|1|310.53133113|34107371|2||2||1|1|2|2|2|2|2|2|2||1||1300000
3410738|1|1|1|215.3597511|34107381|2||2||1|1|2|2|2|2|2|2|1||1||700000
3410739|1|1|1|192.83302413|34107391|2||2||1|1|2|2|2|2|2|2|2||1||1300000
3410740|1|1|1|488.75838974|34107401|2||2||1|2|2|1|2|2|2|2|2||3||2000000
3410742|1|1|1|488.75838974|34107421|2||2||1|2|2|1|2|2|2|2|2||3||3000000
3410743|1|1|1|281.07752742|34107431|2||2||1|1|2|2|2|2|2|2|2||1||3000000
3410744|1|1|1|278.50708793|34107441|2||2||1|1|2|2|2|2|2|2|2||1||1000000
3410745|1|1|1|533.24987223|34107451|2||2||1|1|2|1|2|2|2|2|2||1||2600000
3410746|1|1|1|381.87461092|34107461|2||2||1|1|2|2|1|2|2|2|2||1||1600000
3410747|1|1|1|414.76039041|34107471|2||2||1|1|2|2|2|2|2|2|2||1||1300000
3410748|1|1|1|493.06173546|34107481|2||2||1|1|2|2|2|2|2|2|2||1||2300000
3410749|1|1|1|248.61824247|34107491|2||2||1|1|2|2|2|2|2|2|2||1||1200000
3410750|1|1|1|248.61824247|34107501|2||2||1|2|2|2|2|2|2|2|1||8||800000
3410751|1|1|1|498.11991766|34107511|2||2||1|1|2|2|2|2|2|2|2||1||1300000
3410752|1|1|1|557.48073108|34107521|2||2||1|1|2|2|2|2|2|2|2||1||2000000
3410753|1|1|1|546.86160003|34107531|2||2||1|2|2|2|2|2|2|2|1||8||300000
3410754|1|1|1|356.88559297|34107541|2||2||1|1|2|2|2|2|2|2|2||1||800000
3410755|1|1|1|285.95248331|34107551|2||2||1|1|2|2|2|2|2|2|2||1||1300000
3410756|1|1|1|557.33920882|34107561|2||2||1|1|2|2|2|2|2|2|2||1||1300000
3410757|1|1|1|394.76639172|34107571|2||2||1|1|2|2|2|2|2|2|2||1||800000
3410759|1|1|1|553.86342958|34107591|2||2||1|2|2|1|2|2|2|2|2||3||1300000
3410760|1|1|1|439.62837136|34107601|2||2||1|1|2|2|2|2|2|2|2||1||1000000
3410761|1|1|1|412.93602662|34107611|2||2||1|1|1|2|2|2|2|1|2||7||800000
3410762|1|1|1|180.03389972|34107621|2||2||1|1|2|2|2|2|2|2|2||1||1350000
3410763|1|1|1|349.19587739|34107631|2||2||1|1|1|2|2|2|2|2|2||1||2325000
3410764|1|1|1|350.27684523|34107641|2||2||1|1|2|2|2|2|2|2|2||1||3000000
3410765|1|1|1|635.78503024|34107651|2||2||1|1|2|2|2|2|2|2|2||1||4000000
3410766|1|1|1|425.09323385|34107661|2||2||1|1|2|2|2|2|2|2|2||1||2300000
3410767|1|1|1|257.19128532|34107671|2||2||1|1|2|2|2|2|2|2|2||1||2000000
3410768|1|1|1|331.21060034|34107681|2||2||1|1|2|2|2|2|2|2|1||8||700000
3410769|1|1|1|741.6640533|34107691|2||2||1|1|2|2|2|2|2|2|2||1||1300000
3410770|1|1|1|349.4227219|34107701|2||2||1|1|2|2|2|2|2|2|2||1||1200000
3410771|1|1|1|558.49208301|34107711|2||2||1|2|2|1|2|2|2|1|2||3||2000000
3410772|1|1|1|462.04666232|34107721|2||2||1|1|2|2|2|2|2|2|2||1||1400000
3410773|1|1|1|205.75302825|34107731|2||2||1|2|1|1|2|2|2|2|2||3||1200000
3410774|1|1|1|451.16159053|34107741|2||2||1|2|2|1|2|2|2|2|2||3||1300000
3410775|1|1|1|597.69916677|34107751|2||2||1|1|1|2|2|2|2|2|1||1||600000
3410776|1|1|1|407.86924911|34107761|2||2||1|1|2|2|2|2|2|2|2||1||700000
3410777|1|1|1|205.75302825|34107771|2||2||1|1|2|2|2|2|2|2|2||1||1400000
3410778|1|1|1|675.46936416|34107781|2||2||1|1|2|2|2|2|2|2|2||1||1300000
3410779|1|1|1|716.15001312|34107791|2||2||1|1|2|2|2|2|2|2|2||1||1600000
3410780|1|1|1|653.75207369|34107801|2||2||1|1|1|2|2|2|2|2|2||1||1680000
3410781|1|1|1|264.96848027|34107811|2||2||1|1|2|1|2|2|2|2|2||3||1300000
3410782|1|1|1|507.55678935|34107821|2||2||1|1|2|2|2|2|2|2|2||1||1300000
3410783|1|1|1|237.90866145|34107831|2||1|4|1|1|2|2|2|2|2|2|2||1||1300000
3410784|1|1|1|321.45049946|34107841|2||2||1|1|2|2|2|2|2|2|1||1||1200000
3410785|1|1|1|542.6442293|34107851|2||2||1|1|2|2|2|2|2|2|2||1||1350000
3410786|1|1|1|298.08954031|34107861|2||2||1|2|2|1|2|2|2|2|2||3||2000000
3410787|1|1|1|447.37591049|34107871|2||2||1|1|2|2|2|2|2|2|2||1||2500000
3410788|1|1|1|651.92924489|34107881|2||2||1|1|2|2|2|2|2|2|2||1||2600000
3410789|1|1|1|298.91204663|34107891|2||2||1|1|2|1|2|2|2|2|2||1||3000000
3410791|1|1|1|565.23647746|34107911|2||2||1|1|2|2|2|2|2|2|2||1||2500000
3410792|1|1|1|526.00383386|34107921|2||2||1|2|2|1|2|2|2|2|2||3||2000000
3410793|1|1|1|526.00383386|34107931|2||2||1|1|2|2|2|2|2|2|2||1||6000000
3410794|1|1|1|1739.1977516|34107941|2||2||1|1|2|1|2|2|2|2|2||1||5000000
3410795|1|1|1|1275.6368663|34107951|2||2||1|1|2|2|2|2|2|2|2||1||98
3410796|1|1|1|1737.5989127|34107961|2||2||1|2|2|2|2|2|2|2|1||8||1400000
3410797|1|1|1|1240.1883592|34107971|2||2||1|1|2|2|2|2|2|2|2||1||10000000
3410798|1|1|1|1502.8079252|34107981|2||2||1|2|2|1|2|2|2|2|2||3||1450000
3410799|1|1|1|1275.6368663|34107991|2||2||1|1|2|2|2|2|2|2|2||1||1350000
3410800|1|1|1|1485.0836716|34108001|2||1|3|1|1|2|2|2|2|2|1|2||1||3900000
3410801|1|1|1|1859.6515393|34108011|2||2||1|1|2|2|2|2|2|2|2||1||2000000
3410802|1|1|1|1440.8865699|34108021|2||2||1|1|2|2|2|2|2|2|2||1||4000000
3410803|1|1|1|1136.3965677|34108031|2||2||1|2|2|1|2|2|2|2|2||3||800000
3410804|1|1|1|1293.8573281|34108041|2||2||1|2|2|1|2|2|2|2|2||3||2600000
3410805|1|1|1|1073.9513332|34108051|2||2||2|1|2|2|2|2|2|2|2||1||2700000
3410806|1|1|1|1130.9898749|34108061|2||1|3|1|1|2|2|2|2|2|2|2||1||3000000
3410807|1|1|1|1726.9297199|34108071|2||2||1|1|2|2|2|2|2|2|2||1||2600000
3410808|1|1|1|1520.6057078|34108081|2||2||1|1|2|1|2|2|2|2|2||3||4300000
3410809|1|1|1|1146.9055312|34108091|2||2||1|1|2|2|2|2|2|2|2||1||2600000
3410810|1|1|1|1981.324319|34108101|2||2||1|2|2|1|2|2|2|2|2||3||3400000
3410811|1|1|1|1713.6002257|34108111|2||2||1|2|2|1|2|2|2|2|1||3||1350000
3410812|1|1|1|1856.582868|34108121|2||2||2|1|2|2|2|2|2|2|2||1||1350000
3410814|1|1|1|1436.177619|34108141|2||2||2|1|2|2|2|2|2|2|2||1||1350000
3410815|1|1|1|1663.2037896|34108151|2||2||1|1|2|2|2|2|2|2|2||1||5176000
3410816|1|1|1|2240.3596695|34108161|2||2||1|1|2|2|2|2|2|2|2||1||800000
3410817|1|1|1|1540.029357|34108171|2||2||1|2|2|1|2|2|2|1|2||3||2200000
3410818|1|1|1|897.83457518|34108181|2||2||1|1|2|1|2|2|2|2|2||1||6100000
3410819|1|1|1|1338.6882436|34108191|2||1|3|1|2|2|2|2|2|2|2|1||8||1400000
3410820|1|1|1|1292.7629456|34108201|2||2||1|1|1|2|2|2|2|2|2||1||1400000
3410821|1|1|1|1130.5936075|34108211|2||2||1|2|2|1|2|2|2|2|1||3||3000000
3410822|1|1|1|858.66279988|34108221|2||2||1|1|2|1|2|2|2|2|2||1||2500000
3410823|1|1|1|834.86581207|34108231|2||2||1|1|2|2|2|2|2|2|1||1||98
3410824|1|1|1|1077.3263726|34108241|2||2||1|1|2|2|2|2|2|2|2||1||3000000
3410825|1|1|1|1517.6533098|34108251|2||2||1|1|2|2|2|2|2|2|2||1||1200000
3410826|1|1|1|975.52406703|34108261|2||2||1|1|2|2|2|2|2|2|2||1||1900000
3410827|1|1|1|1969.3034176|34108271|2||2||1|1|2|2|2|2|2|2|2||1||1000000
3410828|1|1|1|1455.9240843|34108281|2||2||1|1|2|2|2|2|2|2|1||1||1900000
3410829|1|1|1|2165.2567034|34108291|2||2||1|2|1|2|2|2|2|1|1||8||98
3410830|1|1|1|1999.0124963|34108301|2||2||1|1|2|2|2|2|2|2|1||1||98
3410831|1|1|1|2407.0170088|34108311|2||2||1|1|2|2|2|2|2|2|2||1||800000
3410832|1|1|1|2260.5287631|34108321|2||2||1|1|2|2|2|2|2|2|2||1||1200000
3410833|1|1|1|2130.6554187|34108331|2||2||1|1|2|2|2|2|2|2|2||1||1300000
3410834|1|1|1|1607.4486626|34108341|2||2||1|1|2|2|2|2|2|2|2||1||1300000
3410835|1|1|1|1415.8316339|34108351|2||2||1|1|2|2|2|2|2|2|2||1||1350000
3410836|1|1|1|2347.2299351|34108361|2||2||2|1|2|2|2|2|2|2|2||1||1400000
3410837|1|1|1|1147.808283|34108371|2||2||2|1|2|2|2|2|2|2|2||1||900000
3410838|1|1|1|2403.0927803|34108381|2||2||1|1|2|2|2|2|2|2|2||1||900000
3410839|1|1|1|1446.4244473|34108391|2||2||1|1|1|2|2|2|2|2|2||1||1550000
3410840|1|1|1|1556.1038036|34108401|2||2||1|1|2|2|2|2|2|2|2||1||200000
3410841|1|1|1|1235.0456313|34108411|2||2||1|1|2|2|2|2|2|2|2||1||400000
3410842|1|1|1|4236.6832263|34108421|2||2||1|1|2|2|2|2|2|2|2||1||650000
3410843|1|1|1|3194.4029009|34108431|2||2||1|1|2|2|2|2|2|2|2||1||750000
3410844|1|1|1|2522.8772449|34108441|2||2||1|2|2|2|1|2|2|2|2||4||300000
3410845|1|1|1|2053.1856357|34108451|2||2||2|1|2|2|2|2|2|2|2||1||1500000
3410846|1|1|1|1118.4599469|34108461|2||2||1|1|2|1|2|2|2|2|2||1||4000000
3410847|1|1|1|2350.9463747|34108471|1|1|2||2|1|2|1|2|2|2|2|2||3||15000000
3410848|1|1|1|2350.9463747|34108481|2||2||1|2|2|1|2|2|2|2|2||3||7000000
3410849|1|1|1|1949.498836|34108491|2||2||1|1|2|2|2|2|2|2|2||1||3000000
3410851|1|1|1|2354.6854286|34108511|2||2||1|1|2|2|2|2|2|2|2||1||1500000
3410852|1|1|1|1985.8273288|34108521|2||2||1|2|2|1|2|2|2|2|1||8||98
3410853|1|1|1|1887.7755119|34108531|2||2||1|1|2|1|2|2|2|2|1||8||2700000
3410854|1|1|1|1985.8273288|34108541|2||2||1|1|2|1|2|2|2|2|2||3||3000000
3410855|1|1|1|1437.6144146|34108551|2||2||1|1|2|2|2|2|2|2|2||1||99
3410856|1|1|1|1726.2032615|34108561|2||2||1|2|2|1|2|2|2|2|2||3||3100000
3410858|1|1|1|1059.1708066|34108581|2||2||1|1|1|2|2|2|2|2|2||1||98
3410860|1|1|1|1771.6248483|34108601|2||2||1|1|2|2|1|2|2|2|2||1||1550000
3410861|1|1|1|1764.3509019|34108611|2||2||1|1|2|2|2|2|2|2|2||1||2600000
3410862|1|1|1|41.643712625|34108621|2||2||1|2|2|2|2|2|2|2|2|2||1300000|
3410863|1|1|1|34.817421521|34108631|2||2||1|2|2|2|2|2|2|2|2|2||1300000|
3410864|1|1|1|43.545885563|34108641|2||2||1|2|2|2|2|2|2|2|2|2||1050000|
3410865|1|1|1|43.545885563|34108651|2||2||1|2|2|2|2|2|2|2|2|2||700000|
3410866|1|1|1|43.545885563|34108661|2||2||1|2|2|2|2|2|2|2|2|2||1200000|
3410867|1|1|1|21.024702688|34108671|2||2||1|1|2|2|2|2|2|2|2||1||2800000
3410868|1|1|1|25.005219475|34108681|2||2||1|1|2|2|2|2|2|2|2||1||3800000
3410869|1|1|1|37.026913078|34108691|2||2||1|1|2|2|2|2|2|2|2||1||3000000
3410870|1|1|1|41.643712625|34108701|2||2||1|1|2|2|2|2|2|2|2||1||1000000
3410871|1|1|1|29.281715169|34108711|2||2||1|1|2|1|2|2|2|2|2||3||3000000
3410872|1|1|1|28.122278125|34108721|2||2||1|1|2|2|2|2|2|2|1||1||900000
3410873|1|1|1|49.688375211|34108731|2||2||1|2|2|2|2|2|2|2|2|2||400000|
3410874|1|1|1|22.586571773|34108741|2||2||1|2|2|2|2|2|2|2|2|2||2000000|
3410875|1|1|1|16.989931214|34108751|2||2||1|1|2|1|2|2|2|2|2||3||3800000
3410876|1|1|1|52.061510794|34108761|2||2||1|1|2|2|2|2|2|2|2||1||3800000
3410878|1|1|1|28.122278125|34108781|2||2||1|1|2|1|2|2|2|2|2||3||1800000
3410879|1|1|1|28.186010646|34108791|2||2||1|1|2|1|2|2|2|2|2||3||5000000
3410880|1|1|1|29.412862877|34108801|2||2||1|1|2|2|2|2|2|2|2||1||1300000
3410881|1|1|1|30.024451064|34108811|2||2||1|2|2|1|2|2|2|2|2||3||1300000
3410882|1|1|1|36.108006273|34108821|2||2||1|1|2|2|2|2|2|2|2||1||1300000
3410888|1|1|1|22.594002029|34108881|2||2||1|1|2|1|2|2|2|2|2||1||3250000
3410889|1|1|1|41.283620213|34108891|2||2||1|1|2|2|2|2|2|2|2||1||1300000
3410890|1|1|1|81.947808462|34108901|2||2||1|1|2|2|2|2|2|2|2||1||4800000
3410895|1|1|1|38.868089906|34108951|2||2||1|1|2|2|2|2|2|2|2||1||2000000
3410896|1|1|1|41.065207039|34108961|2||2||1|1|2|2|2|2|2|2|2||1||2000000
3410897|1|1|1|41.283620213|34108971|2||2||1|1|2|2|2|2|2|2|2||1||2400000
3410898|1|1|1|2434.0154578|34108981|2||2||1|1|2|1|2|2|2|2|2||1||4900000
3410899|1|1|1|3868.2029887|34108991|2||2||1|1|2|2|2|2|2|2|2||1||800000
3410900|1|1|1|3603.7751839|34109001|2||2||1|1|2|2|2|2|2|2|2||1||2900000
3410901|1|1|1|3479.4770376|34109011|2||2||1|1|2|2|2|2|2|2|2||1||2600000
3410902|1|1|1|7212.5170976|34109021|2||2||1|1|2|2|2|2|2|2|2||1||1300000
3410903|1|1|1|2434.84705|34109031|2||2||1|1|2|2|2|2|2|2|2||1||2100000
3410904|1|1|1|4974.9136326|34109041|2||2||1|1|2|2|2|2|2|2|2||1||2700000
3410905|1|1|1|6281.4880601|34109051|2||2||1|1|2|2|2|2|2|2|2||1||3900000
3410906|1|1|1|3449.2185002|34109061|2||2||1|1|2|2|2|2|2|2|2||1||2600000
3410907|1|1|1|3861.9467657|34109071|2||2||1|1|2|2|2|2|2|2|1||1||1000000
3410908|1|1|1|5236.3484975|34109081|2||2||1|1|2|1|2|2|2|2|2||1||1300000
3410909|1|1|1|3188.7950112|34109091|2||2||1|1|2|2|2|2|2|2|2||1||1300000
3410910|1|1|1|2952.3865232|34109101|2||2||1|1|2|2|2|2|2|2|2||1||2600000
3410911|1|1|1|3310.5911256|34109111|2||2||1|1|2|1|2|2|2|2|2||1||800000
3410912|1|1|1|3410.4129953|34109121|2||2||1|2|2|1|2|2|2|2|2||3||2600000
3410913|1|1|1|3288.6168809|34109131|2||2||1|1|2|2|2|2|2|2|2||1||1300000
3410914|1|1|1|2469.6389343|34109141|2||2||1|1|2|1|2|2|2|2|2||3||2600000
3410915|1|1|1|5468.1296383|34109151|2||2||1|1|2|1|2|2|2|2|2||1||2500000
3410916|1|1|1|3417.2377442|34109161|2||2||1|1|2|2|2|2|2|2|2||1||1358000
3410917|1|1|1|1911.7905925|34109171|2||2||1|2|2|2|2|2|2|1|1||7||700000
3410917|1|2|2|1911.7905925|34109172|2||2||1|1|2|2|2|2|2|2|2||1||1358000
3410918|1|1|1|3063.1073827|34109181|2||2||1|1|2|2|2|2|2|2|2||1||2600000
3410919|1|1|1|2852.5646534|34109191|2||2||1|1|2|2|2|2|2|2|2||1||1300000
3410921|1|1|1|2653.6725939|34109211|2||2||1|1|2|1|2|2|2|2|2||1||5320000
3410922|1|1|1|5701.1997185|34109221|2||2||1|1|2|2|2|2|2|2|2||1||4000000
3410923|1|1|1|2602.8835089|34109231|2||2||1|1|2|2|2|2|2|2|2||1||1500000
3410924|1|1|1|2101.0839225|34109241|2||2||1|1|2|2|2|2|2|2|2||1||3520000
3410925|1|1|1|3076.2798815|34109251|2||2||1|1|2|2|2|2|2|2|2||1||5000000
3410926|1|1|1|2639.1850838|34109261|2||2||1|1|2|1|2|2|2|2|2||3||3900000
3410927|1|1|1|2860.903342|34109271|2||2||1|1|2|2|2|2|2|2|2||1||7000000
3410929|1|1|1|2752.8715062|34109291|2||2||1|1|2|2|2|2|2|2|2||1||2000000
3410930|1|1|1|2743.4276597|34109301|2||2||1|1|2|1|2|2|2|2|2||1||2500000
3410932|1|1|1|2743.4276597|34109321|2||2||1|2|2|1|2|2|2|2|2||3||1500000
3410934|1|1|1|2634.3455781|34109341|2||2||1|1|2|2|2|2|2|2|2||1||900000
3410935|1|1|1|4426.2775578|34109351|2||2||1|1|2|2|2|2|2|2|2||1||10000000
3410936|1|1|1|2285.1948653|34109361|2||2||1|1|2|2|2|2|2|2|2||1||2600000
3410937|1|1|1|2350.2736531|34109371|2||2||1|1|2|2|2|2|2|2|2||1||3000000
3410939|1|1|1|2312.5304688|34109391|2||2||1|1|1|1|1|2|1|2|1||1||98
3410940|1|1|1|2053.954385|34109401|2||2||1|1|2|1|2|2|2|1|2||3||4000000
3410941|1|1|1|2236.6131983|34109411|2||2||1|1|2|2|2|2|2|2|2||1||4500000
3410943|1|1|1|1877.8649423|34109431|2||2||1|1|2|2|2|2|2|2|2||1||12000000
3410944|1|1|1|2840.9547714|34109441|2||2||1|1|2|2|1|2|2|2|1||1||1000000
3410945|1|1|1|2231.3095477|34109451|2||2||1|1|2|1|2|2|2|2|2||1||2800000
3410946|1|1|1|1673.5933976|34109461|2||2||1|2|2|2|2|2|2|2|1||8||100000
3410947|1|1|1|2165.0079345|34109471|2||2||1|1|2|2|2|2|2|2|2||1||2358000
3410948|1|1|1|2235.2023087|34109481|2||2||1|1|1|2|2|2|2|1|2||1||280000
3410949|1|1|1|2165.0079345|34109491|2||2||1|2|2|2|2|2|2|2|2|2||1400000|
3410950|1|1|1|1273.1420171|34109501|2||2||1|1|2|2|2|2|2|2|2||1||1300000
3410951|1|1|1|2235.2023087|34109511|2||2||1|1|2|2|2|2|2|2|2||1||2600000
3410952|1|1|1|2072.2146571|34109521|2||2||1|1|2|2|2|2|2|2|2||1||1200000
3410953|1|1|1|10288.804502|34109531|2||2||1|1|2|2|2|2|2|2|2||1||2300000
3410956|1|1|1|6788.7540381|34109561|2||2||1|1|1|2|2|2|2|2|1||1||7000000
3410958|1|1|1|5998.9154469|34109581|2||2||1|1|2|2|2|2|2|2|2||1||800000
3410959|1|1|1|7534.9848318|34109591|2||2||1|1|2|2|2|2|2|2|2||1||3000000
3410960|1|1|1|5484.6169378|34109601|2||2||1|1|2|2|2|2|2|1|2||1||5274000
3410961|1|1|1|834.35539948|34109611|2||2||2|1|2|2|2|2|2|2|2||1||1500000
3410962|1|1|1|1306.9061933|34109621|2||2||1|1|1|2|2|2|2|2|2||1||1400000
3410963|1|1|1|566.8575359|34109631|2||2||1|1|2|2|2|2|2|2|1||1||1300000
3410964|1|1|1|1170.3025485|34109641|2||2||1|1|2|2|1|2|2|2|2||1||2500000
3410965|1|1|1|1065.9959136|34109651|2||2||1|1|2|2|2|2|2|2|2||1||900000
3410966|1|1|1|1017.0595744|34109661|2||2||1|1|1|2|2|2|2|2|1||1||1300000
3410967|1|1|1|630.14231284|34109671|2||2||1|1|2|2|2|2|2|2|1||1||1600000
3410968|1|1|1|931.768886|34109681|2||2||1|1|2|2|2|2|2|2|1||1||1000000
3410969|1|1|1|1023.1623532|34109691|2||1|3|1|1|2|2|1|2|2|2|1||1||1000000
3410970|1|1|1|630.14231284|34109701|2||2||1|2|1|2|2|2|2|2|1||8||1100000
3410971|1|1|1|951.46450435|34109711|2||2||1|1|2|2|2|2|2|2|1||1||3000000
3410972|1|1|1|835.44908179|34109721|2||2||1|1|2|2|2|2|2|2|2||1||2400000
3410973|1|1|1|542.75056588|34109731|2||2||1|1|2|1|2|2|2|2|2||3||3900000
3410974|1|1|1|780.4487458|34109741|2||2||1|1|2|2|2|2|2|2|2||1||2700000
3410975|1|1|1|887.46907098|34109751|2||2||1|1|2|2|2|2|2|2|2||1||1300000
3410976|1|1|1|1288.4302371|34109761|2||2||1|1|2|2|2|2|2|2|2||1||1800000
3410977|1|1|1|1237.1768793|34109771|2||2||2|1|2|2|2|2|2|2|2||1||1200000
3410978|1|1|1|1776.6763429|34109781|2||2||1|1|2|2|2|2|2|2|2||1||1200000
3410979|1|1|1|1091.992606|34109791|2||2||1|1|2|2|2|2|2|2|2||1||1300000
3410980|1|1|1|966.65710898|34109801|2||2||1|1|2|2|2|2|2|2|2||1||1500000
3410981|1|1|1|1555.6538679|34109811|2||2||1|1|2|2|1|2|2|2|2||1||700000
3410982|1|1|1|966.65710898|34109821|2||2||1|1|2|2|2|2|2|2|2||1||1200000
3410983|1|1|1|1091.992606|34109831|2||2||2|1|2|1|2|2|2|2|2||1||1500000
3410984|1|1|1|990.05989084|34109841|2||2||1|2|1|2|2|2|2|2|1||8||99
3410985|1|1|1|990.05989084|34109851|2||2||1|1|2|2|2|2|2|2|2||1||900000
3410986|1|1|1|1108.2458089|34109861|2||2||1|1|2|2|2|2|2|2|2||1||2600000
3410987|1|1|1|1065.9875484|34109871|2||2||1|1|2|2|2|2|2|2|2||1||1000000
3410988|1|1|1|892.14318963|34109881|2||2||1|1|2|2|2|2|2|1|2||7||1200000
3410989|1|1|1|1886.6027849|34109891|2||2||1|1|2|2|2|2|2|2|2||1||1200000
3410990|1|1|1|966.65710898|34109901|2||2||2|1|2|2|2|2|2|2|2||1||1600000
3410991|1|1|1|1645.2518653|34109911|2||2||1|1|2|2|2|2|2|2|2||1||1100000
3410992|1|1|1|9344.2177602|34109921|2||2||1|1|2|2|2|2|2|2|2||1||600000
3410994|1|1|1|9931.5382847|34109941|2||2||1|1|2|2|2|2|2|2|2||1||1900000
3410995|1|1|1|11396.049982|34109951|2||2||1|1|2|2|2|2|2|2|2||1||560000
3410996|1|1|1|8477.6099035|34109961|2||2||1|1|2|2|2|2|2|2|2||1||2000000
3410997|1|1|1|9966.5090162|34109971|2||2||2|1|2|2|2|2|2|2|2||1||3000000
3410998|1|1|1|9966.5090162|34109981|2||2||1|1|2|2|2|2|2|2|2||1||1200000
3410999|1|1|1|2774.6649954|34109991|2||2||1|2|2|1|2|2|2|1|2||3||1200000
3411000|1|1|1|5116.0799416|34110001|2||2||1|1|2|2|2|2|2|2|2||1||3000000
3411001|1|1|1|6447.6709928|34110011|2||2||1|1|2|2|2|2|2|2|2||1||1700000
3411002|1|1|1|7400.0763946|34110021|2||2||1|2|2|1|2|2|2|1|2||7||6000000
3411003|1|1|1|6809.9547032|34110031|2||2||1|1|2|2|2|2|2|2|2||1||2500000
3411004|1|1|1|6923.6943196|34110041|2||2||1|1|2|2|2|2|2|2|2||1||2000000
3411005|1|1|1|6013.8055107|34110051|2||2||1|2|2|1|2|2|2|2|2||3||1600000
3411007|1|1|1|7842.7551517|34110071|2||2||1|1|2|2|2|2|2|1|2||1||1500000
3411008|1|1|1|4650.406895|34110081|2||2||1|1|2|2|2|2|2|2|2||1||2000000
3411009|1|1|1|4719.1009852|34110091|2||2||1|1|2|2|2|2|2|2|2||1||1200000
3411010|1|1|1|6805.7592568|34110101|2||2||1|1|2|2|2|2|2|2|2||1||98
3411011|1|1|1|10478.42865|34110111|2||2||1|1|2|2|2|2|2|2|2||1||2000000
3411012|1|1|1|8482.0983069|34110121|2||2||1|1|2|2|2|2|2|2|2||1||3500000
3411013|1|1|1|9344.2177602|34110131|2||2||1|2|2|2|1|2|2|2|1||8||1300000
3411014|1|1|1|7647.9826845|34110141|2||2||1|2|2|1|2|2|2|1|1||3||1200000
3411015|1|1|1|9369.5111122|34110151|2||2||1|1|2|2|2|2|2|1|2||1||6000000
3411017|1|1|1|2738.4987255|34110171|2||2||1|1|2|2|2|2|2|2|2||1||2300000
3411018|1|1|1|5980.5633347|34110181|2||2||1|1|2|2|2|2|2|2|2||1||2000000
3411019|1|1|1|8927.4043382|34110191|2||2||1|1|2|2|2|2|2|2|2||1||4000000
3411020|1|1|1|7532.7143411|34110201|2||2||1|1|2|2|2|2|2|2|2||1||1300000
3411021|1|1|1|6630.7997187|34110211|2||2||1|1|2|2|2|2|2|2|2||1||2000000
3411022|1|1|1|6867.9785194|34110221|2||2||1|2|2|1|2|2|2|2|2||3||1800000
3411023|1|1|1|7079.4207407|34110231|2||2||1|1|2|2|2|2|2|2|2||1||1300000
3411025|1|1|1|5668.526831|34110251|2||2||1|1|2|2|2|2|2|2|2||1||5200000
3411026|1|1|1|3615.4035503|34110261|2||2||1|1|2|2|2|2|2|2|2||1||2600000
3411027|1|1|1|3093.0416421|34110271|2||2||1|1|2|2|2|2|2|2|2||1||3000000
3411028|1|1|1|4778.749662|34110281|2||2||1|2|2|1|2|2|2|2|2||3||1200000
3411029|1|1|1|6399.3203746|34110291|2||2||1|1|2|2|2|2|2|2|2||1||10000000
3411030|1|1|1|5399.9274718|34110301|2||2||2|1|2|2|2|2|2|2|2||1||3000000
3411031|1|1|1|5870.3479085|34110311|2||2||1|1|2|2|2|2|2|2|2||1||3000000
3411032|1|1|1|6564.9359348|34110321|1|1|2||1|1|2|2|2|2|2|2|2||1||18000000
3411033|1|1|1|5899.8723566|34110331|1|1|2||1|1|2|1|2|2|2|2|2||3||30000000
3411034|1|1|1|6697.2434851|34110341|2||2||1|1|2|2|2|2|2|2|2||1||1300000
3411035|1|1|1|4918.8190621|34110351|2||2||1|1|2|2|2|2|2|2|2||1||1300000
3411036|1|1|1|4594.7438949|34110361|2||2||1|1|2|2|2|2|2|2|2||1||1300000
3411037|1|1|1|4641.4743265|34110371|1|1|2||1|1|2|2|2|2|2|2|2||1||12000000
3411038|1|1|1|5234.6192596|34110381|2||2||2|2|2|1|2|2|2|1|2||7||5000000
3411039|1|1|1|4884.2387104|34110391|2||2||2|1|2|1|2|2|2|2|2||3||7000000
3411040|1|1|1|5601.6895957|34110401|2||2||2|1|2|1|2|2|2|2|2||3||6000000
3411041|1|1|1|7522.2828249|34110411|2||2||2|1|2|2|2|2|2|2|2||1||8000000
3411042|1|1|1|5330.4217613|34110421|2||2||1|1|2|1|2|2|2|2|2||3||98
3411043|1|1|1|8607.8391334|34110431|2||2||1|1|2|2|2|2|2|2|2||1||2500000
3411044|1|1|1|4767.208566|34110441|2||2||1|1|2|2|2|2|2|1|2||1||3900000
3411045|1|1|1|362.55103618|34110451|2||2||1|1|2|2|2|2|2|2|2||1||3500000
3411046|1|1|1|600.11933148|34110461|2||2||1|1|2|2|2|2|2|2|2||1||5000000
3411047|1|1|1|378.86628459|34110471|2||2||1|1|2|2|2|2|2|2|2||1||99
3411048|1|1|1|582.0237004|34110481|2||2||1|1|2|2|2|2|2|2|2||1||4000000
3411049|1|1|1|362.55103618|34110491|2||2||1|2|2|1|2|2|2|2|2||3||99
3411050|1|1|1|717.94764418|34110501|2||2||1|1|2|2|2|2|2|2|2||1||2000000
3411051|1|1|1|543.21447675|34110511|2||2||1|1|2|2|2|2|2|2|2||1||98
3411052|1|1|1|609.68818104|34110521|2||2||1|1|2|2|2|2|2|2|2||1||900000
3411053|1|1|1|569.76996097|34110531|2||2||1|1|2|2|2|2|2|2|2||1||1000000
3411054|1|1|1|499.59875078|34110541|2||2||1|1|2|2|2|2|2|2|2||1||1000000
3411055|1|1|1|666.45070159|34110551|2||2||1|1|2|2|2|2|2|2|2||1||1600000
3411056|1|1|1|439.92641568|34110561|2||2||1|1|2|2|2|2|2|2|2||1||2000000
3411057|1|1|1|359.1336656|34110571|2||2||1|2|2|1|2|2|2|2|2||3||1600000
3411058|1|1|1|343.66816971|34110581|2||2||1|2|2|1|2|2|2|2|2||3||1600000
3411059|1|1|1|316.54982748|34110591|2||2||1|1|2|1|2|2|2|2|2||1||8000000
3411060|1|1|1|359.1336656|34110601|2||2||1|1|2|1|2|2|2|2|2||3||2900000
3411061|1|1|1|211.38663269|34110611|2||2||1|1|2|2|2|2|2|2|2||1||5000000
3411062|1|1|1|376.2868159|34110621|2||2||1|1|2|2|2|2|2|2|2||1||99
3411063|1|1|1|1148.2932765|34110631|2||2||1|1|2|2|2|2|2|2|2||1||1000000
3411064|1|1|1|523.99695341|34110641|2||2||1|1|2|2|2|2|2|2|2||1||1300000
3411065|1|1|1|727.03283732|34110651|2||2||1|1|2|2|1|2|2|2|2||4||800000
3411066|1|1|1|658.50192782|34110661|2||2||1|1|2|2|2|2|2|2|2||1||98
3411067|1|1|1|893.16180958|34110671|2||2||1|1|2|2|2|2|2|2|2||1||98
3411068|1|1|1|831.4952225|34110681|2||2||1|1|2|2|2|2|2|2|2||1||1600000
3411069|1|1|1|633.38924558|34110691|2||2||1|1|1|2|2|2|2|2|2||1||98
3411070|1|1|1|603.16955113|34110701|2||2||1|1|2|2|2|2|2|2|2||1||2000000
3411071|1|1|1|538.25142991|34110711|2||2||1|1|2|2|2|2|2|2|2||1||98
3411072|1|1|1|628.88638295|34110721|2||2||1|1|2|2|2|2|2|2|2||1||1600000
3411073|1|1|1|428.10596875|34110731|2||2||1|1|2|2|2|2|2|2|2||1||98
3411074|1|1|1|365.86147966|34110741|2||2||1|1|2|2|2|2|2|2|2||1||800000
3411075|1|1|1|599.19823821|34110751|2||2||1|2|2|2|1|2|2|2|2||4||98
3411076|1|1|1|82.682213555|34110761|2||2||1|1|2|2|2|2|2|2|2||1||1500000
3411077|1|1|1|94.595891626|34110771|2||2||1|1|2|2|1|2|2|2|2||1||2715000
3411078|1|1|1|98.638311466|34110781|2||2||1|1|2|2|2|2|2|1|2||7||4000000
3411079|1|1|1|93.924630761|34110791|2||2||1|1|2|1|2|2|2|2|2||3||3100000
3411080|1|1|1|117.12073255|34110801|2||2||1|1|2|1|2|2|2|2|2||1||2700000
3411081|1|1|1|127.38606343|34110811|2||2||1|1|2|2|2|2|2|2|2||1||3000000
3411082|1|1|1|145.51235469|34110821|2||2||1|1|2|2|2|2|2|2|2||1||2500000
3411083|1|1|1|140.54487906|34110831|2||2||1|1|2|2|2|2|2|2|2||1||2300000
3411084|1|1|1|123.68223977|34110841|2||2||1|1|2|2|2|2|2|2|2||1||5000000
3411085|1|1|1|175.34504071|34110851|2||2||1|1|2|2|2|2|2|2|2||1||3000000
3411086|1|1|1|113.29418968|34110861|2||2||1|1|2|2|2|2|2|2|2||1||3800000
3411087|1|1|1|148.09435132|34110871|2||2||1|1|1|2|2|2|2|2|2||1||2500000
3411088|1|1|1|151.78439268|34110881|2||2||1|1|2|2|2|2|2|2|2||1||4000000
3411089|1|1|1|140.54487906|34110891|2||2||1|1|2|2|2|2|2|2|2||1||3000000
3411090|1|1|1|109.01951556|34110901|2||2||1|1|2|1|2|2|2|2|2||1||4500000
3411091|1|1|1|113.29418968|34110911|2||2||1|1|2|2|2|2|2|1|2||1||2800000
3411092|1|1|1|85.56562521|34110921|2||2||1|1|2|1|1|2|2|2|2||3||5000000
3411093|1|1|1|65.121077328|34110931|2||2||1|1|2|2|2|2|2|2|2||1||2800000
3411094|1|1|1|96.325195779|34110941|2||2||1|1|2|2|2|2|2|2|2||1||7000000
3411095|1|1|1|99.630403614|34110951|2||2||1|1|2|2|2|2|2|2|2||1||6000000
3411096|1|1|1|68.245636585|34110961|2||2||1|1|2|2|2|2|2|2|2||1||3000000
3411097|1|1|1|113.13779253|34110971|2||2||1|1|2|2|2|2|2|2|2||1||4000000
3411098|1|1|1|106.84068179|34110981|2||2||1|1|2|2|2|2|1|2|2||1||2000000
3411099|1|1|1|132.78430006|34110991|2||2||1|1|2|2|2|2|2|2|2||1||9000000
3411100|1|1|1|139.66662401|34111001|2||2||1|2|2|1|2|2|2|2|2||3||2000000
3411101|1|1|1|139.66662401|34111011|2||2||1|2|2|1|2|2|2|1|2||3||1300000
3411102|1|1|1|126.17856673|34111021|1|2|2||1|1|2|1|2|2|2|1|2||1||10000000
3411103|1|1|1|156.60919721|34111031|2||2||1|1|2|2|2|2|2|2|2||1||3800000
3411104|1|1|1|111.24990928|34111041|2||2||1|1|2|2|2|2|2|2|2||1||500000
3411105|1|1|1|105.19558645|34111051|2||2||1|1|2|2|2|2|2|2|1||8||4000000
3411106|1|1|1|109.8932727|34111061|2||2||1|2|2|2|2|2|2|1|2||7||400000
3411107|1|1|1|127.84424262|34111071|2||2||1|1|2|2|2|2|2|2|2||1||1400000
3411108|1|1|1|132.80164924|34111081|2||2||1|1|2|2|2|2|2|2|1||8||1060000
3411109|1|1|1|73.310717038|34111091|2||2||1|1|2|2|2|2|2|2|1||1||1500000
3411110|1|1|1|78.74496529|34111101|2||2||1|2|2|1|2|2|2|2|2||3||6000000
3411111|1|1|1|60.577839036|34111111|2||2||1|2|2|2|2|2|2|2|1||8||600000
3411113|1|1|1|81.31791923|34111131|2||2||1|2|2|2|2|2|2|2|2|2||800000|
3411114|1|1|1|82.314003663|34111141|2||2||1|1|2|2|2|2|2|2|2||1||1000000
3411115|1|1|1|110.86905035|34111151|2||2||1|1|2|2|2|1|2|2|2||1||9000000
3411116|1|1|1|103.50519314|34111161|2||2||2|1|2|2|2|2|2|2|1||1||2500000
3411117|1|1|1|111.6365611|34111171|2||2||1|1|2|2|2|2|2|2|2||1||4800000
3411118|1|1|1|107.23053736|34111181|2||2||1|1|2|2|2|2|2|2|2||1||2000000
3411119|1|1|1|126.51500636|34111191|2||2||1|1|2|2|2|2|2|2|2||1||600000
3411120|1|1|1|119.42986402|34111201|1|1|2||2|2|2|1|2|2|2|1|2||3||7000000
3411121|1|1|1|142.16142599|34111211|2||2||1|2|2|1|2|2|2|2|2||3||3000000
3411122|1|1|1|170.77087664|34111221|2||2||1|1|2|1|2|2|2|2|2||3||6000000
3411123|1|1|1|151.30550934|34111231|2||2||1|2|2|1|2|2|2|2|2||3||3000000
3411124|1|1|1|175.12794235|34111241|2||2||1|1|2|1|2|2|2|2|2||3||1900000
3411125|1|1|1|208.48557284|34111251|2||2||1|1|2|1|2|2|2|2|2||1||9000000
3411126|1|1|1|700.9360005|34111261|2||2||1|1|2|2|2|2|2|2|2||1||2000000
3411127|1|1|1|456.63031631|34111271|2||2||1|1|2|2|2|2|2|2|2||1||700000
3411128|1|1|1|349.56586482|34111281|2||2||1|1|2|2|2|2|2|2|2||1||700000
3411129|1|1|1|265.75202019|34111291|2||2||1|1|2|2|2|2|2|2|2||1||700000
3411130|1|1|1|349.56586482|34111301|2||2||1|1|2|2|2|2|2|2|2||1||1800000
3411131|1|1|1|330.70613946|34111311|2||2||1|1|2|1|2|2|2|2|2||3||3540000
3411132|1|1|1|175.23400013|34111321|2||2||1|1|2|1|2|2|2|2|2||1||830000
3411133|1|1|1|494.68284267|34111331|2||2||1|1|2|2|2|2|2|2|2||1||1460000
3411134|1|1|1|469.49468524|34111341|2||2||2|1|2|2|2|2|2|2|2||1||5000000
3411135|1|1|1|759.34733388|34111351|2||2||1|1|2|2|2|2|2|2|2||1||1460000
3411136|1|1|1|290.03597791|34111361|2||2||2|2|2|1|2|2|2|2|2||3||1300000
3411137|1|1|1|456.63031631|34111371|2||2||1|2|1|2|2|2|2|1|2||2||80000
3411138|1|1|1|688.78983854|34111381|2||2||1|1|2|2|2|2|2|2|2||1||600000
3411139|1|1|1|267.72551807|34111391|2||2||1|2|1|2|2|2|2|2|1||8||680000
3411140|1|1|1|408.1394119|34111401|2||2||1|1|2|2|2|2|2|2|2||1||3900000
3411142|1|1|1|199.43568693|34111421|2||2||1|1|2|2|2|2|2|2|2||1||800000
3411143|1|1|1|267.72551807|34111431|2||2||1|1|1|2|2|2|2|2|2||1||680000
3411145|1|1|1|263.31844375|34111451|2||2||2|1|1|2|2|2|2|2|2||1||800000
3411146|1|1|1|175.23400013|34111461|2||2||1|1|2|1|2|2|2|1|2||3||3000000
3411147|1|1|1|366.89414918|34111471|2||2||1|1|2|2|1|2|2|2|2||1||400000
3411148|1|1|1|349.56586482|34111481|2||2||1|1|2|2|2|2|2|2|2||1||2800000
3411149|1|1|1|175.23400013|34111491|2||2||1|1|2|1|2|2|2|2|2||1||3700000
3411151|1|1|1|475.5271076|34111511|2||2||2|1|2|2|2|2|2|2|2||1||3500000
3411152|1|1|1|371.91433625|34111521|2||2||1|1|2|1|2|2|2|2|2||3||3860000
3411153|1|1|1|497.26246627|34111531|2||2||1|1|2|2|2|2|2|2|1||1||4500000
3411154|1|1|1|349.56586482|34111541|2||2||1|1|2|2|2|2|2|2|2||1||6000000
3411155|1|1|1|175.23400013|34111551|2||2||1|2|2|1|2|2|2|2|2||3||1300000
3411156|1|1|1|266.82338264|34111561|2||2||1|1|2|2|2|2|2|2|2||1||98
3411157|1|1|1|175.23400013|34111571|2||2||1|1|2|2|2|2|2|2|2||1||2920000
3411158|1|1|1|175.23400013|34111581|2||2||1|1|2|1|2|2|2|2|2||3||3000000
3411159|1|1|1|175.23400013|34111591|2||2||1|2|2|2|2|2|2|2|1||8||700000
3411160|1|1|1|175.23400013|34111601|2||2||1|1|2|1|2|2|2|2|2||1||6650000
3411161|1|1|1|175.23400013|34111611|2||2||1|1|2|1|2|2|2|2|2||3||4300000
3411162|1|1|1|356.14507326|34111621|2||2||2|1|2|2|2|2|2|2|2||1||1460000
3411163|1|1|1|74.390866107|34111631|2||2||1|1|2|2|2|2|2|2|1||1||1500000
3411164|1|1|1|73.248481125|34111641|2||1|1|1|1|2|2|2|2|2|2|2||1||2600000
3411165|1|1|1|94.434957417|34111651|2||2||1|1|2|2|2|2|2|2|2||1||2000000
3411166|1|1|1|126.87921365|34111661|2||2||1|2|2|1|2|2|2|1|2||3||1200000
3411167|1|1|1|108.25063458|34111671|2||2||1|1|2|2|2|2|2|2|2||1||1500000
3411168|1|1|1|88.153187755|34111681|2||2||1|1|2|2|2|2|2|2|2||1||1500000
3411169|1|1|1|93.761234524|34111691|2||2||1|1|2|2|2|2|2|2|2||1||2500000
3411171|1|1|1|213.89293009|34111711|2||2||1|1|2|2|2|2|2|2|2||1||2700000
3411172|1|1|1|226.9732118|34111721|2||2||2|1|2|1|2|2|2|2|2||3||1500000
3411173|1|1|1|223.87580176|34111731|2||2||2|1|2|2|2|2|2|2|2||1||1300000
3411174|1|1|1|178.50157607|34111741|2||2||1|1|2|2|2|2|2|2|2||1||2000000
3411175|1|1|1|217.62754851|34111751|2||2||1|1|2|2|2|2|2|2|2||1||1200000
3411176|1|1|1|188.89308722|34111761|2||2||1|1|2|2|2|2|2|2|2||1||600000
3411177|1|1|1|155.26342547|34111771|2||2||1|1|2|2|2|2|2|2|2||1||1400000
3411178|1|1|1|106.22247346|34111781|2||2||1|1|2|2|2|2|2|2|2||1||2000000
3411179|1|1|1|150.36822501|34111791|2||2||1|1|2|2|2|2|2|2|2||1||1200000
3411180|1|1|1|164.74977012|34111801|2||2||1|1|2|2|2|2|2|2|2||1||1500000
3411181|1|1|1|117.06890053|34111811|2||2||1|1|1|2|2|2|2|2|2||1||1300000
3411182|1|1|1|181.40996802|34111821|2||2||1|1|2|2|2|2|2|2|2||1||500000
3411183|1|1|1|193.56646298|34111831|2||2||1|1|1|2|2|2|2|2|2||1||300000
3411184|1|1|1|238.57440019|34111841|2||2||1|1|2|2|2|2|2|2|2||1||1000000
3411185|1|1|1|353.6588508|34111851|2||2||1|1|2|2|2|2|2|2|2||1||98
3411186|1|1|1|255.80416745|34111861|2||2||1|1|2|2|2|2|2|2|2||1||1500000
3411187|1|1|1|232.92065301|34111871|2||2||1|1|2|2|2|2|2|2|2||1||2300000
3411188|1|1|1|208.98525962|34111881|2||2||1|1|2|2|2|2|2|2|2||1||5000000
3411189|1|1|1|199.70930129|34111891|2||2||1|1|2|2|2|2|2|2|2||1||1500000
3411190|1|1|1|144.49720014|34111901|2||2||1|1|2|2|2|2|2|2|2||1||1000000
3411192|1|1|1|193.55524898|34111921|2||2||1|1|2|2|2|2|2|2|2||1||800000
3411193|1|1|1|279.58137232|34111931|2||2||2|1|2|2|2|2|2|2|2||1||9500000
3411194|1|1|1|297.23375231|34111941|2||2||1|1|2|2|2|2|2|2|2||1||6000000
3411195|1|1|1|359.30410906|34111951|1|1|2||1|2|2|1|2|2|2|1|2||3||10000000
3411196|1|1|1|527.84090503|34111961|2||2||1|1|2|2|2|2|2|2|2||1||5000000
3411197|1|1|1|181.4879373|34111971|2||2||1|1|2|2|2|2|2|2|2||1||12000000
3411198|1|1|1|274.43501546|34111981|2||2||1|2|2|1|2|2|2|2|2||3||99
3411199|1|1|1|274.43501546|34111991|2||2||1|2|2|2|2|2|2|2|1||8||4000000
3411200|1|1|1|463.46207524|34112001|2||2||1|1|2|2|2|2|2|2|2||1||5000000
3411201|1|1|1|418.26317694|34112011|2||2||1|1|2|2|2|2|2|2|2||1||1900000
3411202|1|1|1|114.27018275|34112021|2||2||2|1|2|2|2|2|2|2|2||1||800000
3411202|1|2|2|114.27018275|34112022|2||2||1|1|2|2|2|2|2|2|2||1||1200000
3411203|1|1|1|114.27018275|34112031|2||2||1|1|2|2|2|2|2|2|2||1||700000
3411204|1|1|1|171.22970336|34112041|2||2||1|1|2|2|2|2|2|2|2||1||2000000
3411205|1|1|1|194.3719378|34112051|2||2||1|1|2|2|2|2|2|2|1||1||800000
3411206|1|1|1|299.36904577|34112061|2||2||2|1|2|2|2|2|2|2|2||1||1300000
3411207|1|1|1|114.27018275|34112071|2||2||1|2|2|1|2|2|2|2|2||3||4000000
3411208|1|1|1|291.80945478|34112081|2||2||2|1|2|2|2|2|2|2|2||1||1300000
3411209|1|1|1|269.46210189|34112091|2||2||1|1|2|2|2|2|2|2|2||1||1600000
3411210|1|1|1|346.43875068|34112101|2||2||1|1|2|2|2|2|2|2|2||1||1400000
3411213|1|1|1|386.61627584|34112131|2||2||1|1|2|2|2|2|2|2|2||1||1000000
3411214|1|1|1|297.82623995|34112141|2||2||1|1|2|2|2|2|2|2|2||1||1400000
3411215|1|1|1|80.661305468|34112151|2||2||1|1|2|2|2|2|2|2|2||1||900000
3411216|1|1|1|80.661305468|34112161|2||2||1|1|2|2|2|2|2|2|2||1||1300000
3411217|1|1|1|244.54500048|34112171|2||2||1|1|2|2|2|2|2|2|2||1||1300000
3411218|1|1|1|249.7418031|34112181|2||2||1|1|2|2|2|2|2|2|2||1||3000000
3411219|1|1|1|133.45192912|34112191|2||2||1|1|1|2|2|2|2|2|2||1||1400000
3411220|1|1|1|128.91205445|34112201|2||2||1|1|2|2|2|2|2|2|2||1||8000000
3411221|1|1|1|80.661305468|34112211|2||2||1|1|2|2|2|2|2|2|2||1||25000000
3411224|1|1|1|80.661305468|34112241|2||2||2|1|2|2|2|2|2|2|2||1||1300000
3411225|1|1|1|215.0711181|34112251|2||2||1|1|2|2|2|2|2|2|2||1||1200000
3411226|1|1|1|211.31932642|34112261|2||2||2|1|2|2|2|2|2|2|2||1||2600000
3411227|1|1|1|256.62312327|34112271|2||2||2|1|2|2|2|2|2|2|2||1||4400000
3411231|1|1|1|492.03224649|34112311|2||2||2|1|2|2|2|2|2|2|2||1||1300000
3411233|1|1|1|251.8016023|34112331|2||2||1|1|2|2|2|2|2|2|2||1||2000000
3411234|1|1|1|263.12484241|34112341|2||2||1|1|2|2|2|2|2|2|2||1||1300000
3411235|1|1|1|157.97160156|34112351|2||2||1|2|2|1|2|2|2|2|2||3||3000000
3411237|1|1|1|107.54840729|34112371|2||2||1|1|2|2|2|2|2|2|2||1||500000
3411240|1|1|1|54.332602989|34112401|2||2||1|2|2|2|2|2|2|2|2|2||1300000|
3411241|1|1|1|64.365015268|34112411|2||2||1|1|2|2|2|2|2|2|2||1||900000
3411242|1|1|1|54.332602989|34112421|2||2||1|1|2|2|2|2|2|2|2||1||3000000
3411243|1|1|1|118.94324262|34112431|1|1|2||1|1|2|1|2|2|2|1|2||1||98
3411245|1|1|1|55.572294583|34112451|2||2||1|2|2|2|2|2|2|2|2|2||3000000|
3411246|1|1|1|165.22792631|34112461|2||2||1|2|2|2|2|2|2|2|2|2||1500000|
3411247|1|1|1|54.332602989|34112471|2||2||1|2|2|2|2|2|2|2|2|2||4000000|
3411248|1|1|1|187.03696062|34112481|2||2||2|1|2|2|2|2|2|2|2||1||400000
3411249|1|1|1|95.474284633|34112491|2||2||1|2|2|2|2|2|2|2|2|2||400000|
3411250|1|1|1|143.32468018|34112501|2||2||1|2|2|2|2|2|2|2|2|2||800000|
3411251|1|1|1|78.326141593|34112511|2||2||1|2|2|2|2|2|2|2|2|2||2000000|
3411252|1|1|1|221.01397826|34112521|2||2||1|1|2|2|2|2|2|2|2||1||600000
3411253|1|1|1|83.389345047|34112531|2||2||1|1|2|2|2|2|2|2|2||1||1800000
3411254|1|1|1|55.253494565|34112541|2||2||1|2|2|2|2|2|2|2|1||8||1000000
3411255|1|1|1|192.10016407|34112551|2||1|3|1|2|2|2|2|2|2|2|1||8||300000
3411256|1|1|1|61.392771739|34112561|2||2||1|2|2|1|2|2|2|2|2||3||2000000
3411257|1|1|1|61.392771739|34112571|2||2||1|2|2|2|2|2|2|2|2|2||1300000|
3411258|1|1|1|61.392771739|34112581|2||2||1|1|2|2|2|2|2|1|2||1||2100000
3411259|1|1|1|78.354612427|34112591|2||2||1|2|2|2|2|2|2|2|2|2||2500000|
3411260|1|1|1|61.392771739|34112601|2||2||1|1|2|2|2|2|2|1|2||1||5000000
3411261|1|1|1|55.253494565|34112611|2||2||2|2|2|2|2|2|2|2|1||8||500000
3411262|1|1|1|154.37205467|34112621|2||2||1|1|2|2|1|2|2|2|2||1||1000000
3411263|1|1|1|227.87871807|34112631|2||2||1|2|2|1|2|2|2|2|2||3||2600000
3411264|1|1|1|320.15111171|34112641|2||2||2|1|2|2|2|2|2|2|2||1||1500000
3411265|1|1|1|196.03955969|34112651|2||2||1|1|2|2|2|2|2|2|2||1||400000
3411266|1|1|1|137.21960415|34112661|2||2||1|1|2|1|2|2|2|2|2||3||1300000
3411268|1|1|1|260.18458064|34112681|2||2||1|1|2|2|1|2|2|2|2||1||1500000
3411269|1|1|1|320.15111171|34112691|2||2||2|2|2|1|2|2|2|2|2||3||1500000
3411270|1|1|1|384.67801528|34112701|2||2||1|1|2|2|2|2|2|2|2||1||2000000
3411271|1|1|1|320.15111171|34112711|2||2||1|2|2|1|2|2|2|2|2||3||2600000
3411272|1|1|1|196.03955969|34112721|2||2||1|1|2|2|2|2|2|2|2||1||1300000
3411273|1|1|1|246.26151349|34112731|2||2||1|2|2|2|2|2|2|2|1||8||1000000
3411274|1|1|1|340.95534985|34112741|2||2||1|1|2|2|2|2|2|2|2||1||4000000
3411275|1|1|1|340.83132598|34112751|2||2||1|1|2|2|2|2|2|2|2||1||1300000
3411276|1|1|1|384.67801528|34112761|2||2||1|1|2|2|2|2|2|2|2||1||1300000
3411277|1|1|1|548.87841659|34112771|2||2||1|1|2|1|2|2|2|2|2||3||1500000
3411278|1|1|1|94.16680532|34112781|2||2||1|1|2|2|2|2|2|2|2||1||2500000
3411279|1|1|1|51.363756853|34112791|2||2||1|2|2|1|2|2|2|2|2||3||1300000
3411280|1|1|1|100.7037742|34112801|2||2||1|1|2|2|2|2|2|1|2||1||3500000
3411281|1|1|1|42.135701956|34112811|2||2||1|1|2|1|2|2|2|2|2||3||1300000
3411282|1|1|1|99.602791396|34112821|2||2||1|1|2|2|2|2|2|2|2||1||1200000
3411283|1|1|1|78.463795162|34112831|2||2||1|1|2|2|2|2|2|2|2||1||700000
3411284|1|1|1|64.683406782|34112841|2||2||1|1|2|2|2|2|2|2|1||8||2800000
3411285|1|1|1|62.242037063|34112851|2||2||1|1|1|2|2|2|2|2|2||1||500000
3411286|1|1|1|52.572315838|34112861|2||2||1|1|2|2|2|2|2|2|2||1||2200000
3411287|1|1|1|67.444536452|34112871|2||2||1|1|2|2|2|2|2|2|2||1||1500000
3411288|1|1|1|74.755575715|34112881|2||2||2|1|2|2|2|2|2|2|2||1||1800000
3411289|1|1|1|67.135665248|34112891|2||2||2|1|2|2|2|2|2|2|2||1||480000
3411291|1|1|1|90.392547782|34112911|2||2||1|1|2|2|2|2|2|2|2||1||500000
3411292|1|1|1|105.73268689|34112921|2||2||1|1|2|2|2|2|2|2|2||1||500000
3411293|1|1|1|67.135665248|34112931|2||2||2|1|2|2|2|2|1|2|2||1||850000
3411294|1|1|1|119.8443564|34112941|2||2||1|1|2|2|2|2|2|2|2||1||360000
3411294|1|2|2|119.8443564|34112942|2||2||1|1|1|2|2|2|2|2|2||1||910000
3411294|1|3|3|119.8443564|34112943|2||2||1|1|2|2|2|2|2|2|2||1||800000
3411295|1|1|1|108.51374494|34112951|2||2||2|1|2|2|2|2|2|2|2||1||800000
3411296|1|1|1|76.382882939|34112961|2||2||2|1|2|2|2|2|2|2|2||1||800000
3411297|1|1|1|114.76354292|34112971|1|1|2||2|1|2|2|2|2|2|2|2||1||1300000
3411298|1|1|1|325.47704667|34112981|2||2||1|1|2|2|2|2|2|2|2||1||9000000
3411299|1|1|1|249.97134303|34112991|2||2||1|1|2|2|2|2|2|2|2||1||2000000
3411300|1|1|1|535.75469605|34113001|2||2||1|1|2|1|2|2|2|2|2||1||7000000
3411301|1|1|1|588.11923342|34113011|2||2||1|1|2|2|2|2|2|2|2||1||1800000
3411302|1|1|1|588.11923342|34113021|2||2||1|2|2|2|2|2|2|2|1||8||1500000
3411303|1|1|1|511.14106358|34113031|2||2||1|1|2|2|2|2|2|2|2||1||2000000
3411304|1|1|1|397.01330953|34113041|2||2||1|1|2|2|2|2|2|2|2||1||2000000
3411305|1|1|1|508.82650831|34113051|2||2||1|1|2|2|2|2|2|2|2||1||1500000
3411306|1|1|1|452.08885271|34113061|2||2||1|1|2|2|2|2|2|2|2||1||1500000
3411307|1|1|1|402.12985504|34113071|2||2||1|1|2|2|2|2|2|2|2||1||3000000
3411308|1|1|1|506.02451807|34113081|2||2||1|1|2|2|2|2|2|2|2||1||3000000
3411309|1|1|1|553.66896048|34113091|2||2||1|2|2|2|2|2|2|2|1||8||500000
3411310|1|1|1|538.16023575|34113101|2||2||1|2|2|1|2|2|2|2|2||3||1600000
3411311|1|1|1|455.24957215|34113111|2||2||1|1|2|2|2|2|2|2|2||1||1500000
3411312|1|1|1|460.4608685|34113121|2||2||1|1|2|2|2|2|2|2|2||1||400000
3411313|1|1|1|477.56479221|34113131|2||2||1|1|2|2|2|2|2|2|2||1||3000000
3411314|1|1|1|510.18404612|34113141|2||2||1|1|2|2|2|2|2|2|2||1||2500000
3411315|1|1|1|518.24922143|34113151|2||2||1|1|2|2|2|2|2|2|2||1||800000
3411316|1|1|1|371.74615394|34113161|2||2||1|1|2|2|2|2|2|2|2||1||1500000
3411317|1|1|1|455.24957215|34113171|2||2||1|1|2|2|2|2|2|2|2||1||1500000
3411318|1|1|1|258.1574378|34113181|2||2||1|1|2|2|2|2|2|2|2||1||2000000
3411320|1|1|1|393.35186309|34113201|2||2||1|2|2|2|2|2|2|2|2|2||98|
3411321|1|1|1|443.7785728|34113211|2||2||1|1|2|2|2|2|2|2|2||1||2500000
3411322|1|1|1|373.62361516|34113221|2||2||1|1|2|2|2|2|2|2|2||1||3000000
3411323|1|1|1|280.77811916|34113231|2||2||1|1|2|2|2|2|2|2|2||1||1500000
3411324|1|1|1|290.22988075|34113241|2||2||1|1|2|2|2|2|2|2|2||1||800000
3411325|1|1|1|286.94518487|34113251|2||2||1|1|2|2|2|2|2|2|1||1||1300000
3411326|1|1|1|355.44180179|34113261|2||2||1|1|2|2|2|2|2|2|2||1||2000000
3411327|1|1|1|551.48524572|34113271|2||2||1|1|2|2|2|2|2|2|2||1||2000000
3411328|1|1|1|428.18621296|34113281|2||2||1|1|2|2|1|2|2|2|2||1||700000
3411329|1|1|1|416.78381866|34113291|2||2||1|1|1|2|2|2|2|2|2||1||2000000
3411330|1|1|1|489.6595291|34113301|2||2||1|1|2|2|2|2|2|2|2||1||2000000
3411331|1|1|1|280.87487187|34113311|2||2||1|1|2|2|2|2|2|2|2||1||1300000
3411332|1|1|1|443.64144784|34113321|2||2||1|1|2|2|2|2|2|2|2||1||1000000
3411333|1|1|1|326.31834278|34113331|2||2||1|1|2|2|2|2|2|2|2||1||1800000
3411334|1|1|1|379.63138078|34113341|2||2||1|1|2|2|2|2|2|2|1||1||500000
3411335|1|1|1|309.45795429|34113351|2||2||1|1|2|2|2|2|2|2|2||1||800000
3411336|1|1|1|496.24789402|34113361|2||2||1|1|2|1|2|2|2|2|2||3||1700000
3411337|1|1|1|336.57377105|34113371|2||2||1|1|2|2|2|2|2|2|2||1||2500000
3411338|1|1|1|420.60854781|34113381|2||2||1|1|2|2|2|2|2|2|2||1||1000000
3411339|1|1|1|427.85562734|34113391|2||2||1|1|2|2|2|2|2|2|2||1||800000
3411340|1|1|1|257.30862948|34113401|2||2||1|1|2|2|2|2|2|2|2||1||3000000
3411341|1|1|1|191.00735135|34113411|2||2||1|1|2|2|2|2|2|2|2||1||3000000
3411342|1|1|1|231.55387975|34113421|2||2||2|1|2|2|2|2|2|2|2||1||900000
3411343|1|1|1|304.7193098|34113431|2||2||1|1|2|2|2|2|2|2|2||1||1700000
3411344|1|1|1|327.70208561|34113441|2||2||1|1|2|2|2|2|2|2|2||1||1500000
3411345|1|1|1|305.52393117|34113451|2||2||1|1|2|2|2|2|2|2|2||1||1140000
3411346|1|1|1|554.85461023|34113461|2||2||1|1|2|2|2|2|2|2|2||1||1600000
3411347|1|1|1|230.75665748|34113471|2||2||1|1|1|2|2|2|2|2|2||1||280000
3411348|1|1|1|239.37240398|34113481|2||2||1|1|2|2|2|2|2|2|2||1||2000000
3411349|1|1|1|241.40042779|34113491|2||2||1|1|1|2|2|2|2|2|2||1||1000000
3411350|1|1|1|263.46253008|34113501|2||2||1|2|2|2|2|2|2|1|2||7||400000
3411352|1|1|1|167.59073748|34113521|2||2||1|1|2|2|2|2|2|2|2||1||250000
3411353|1|1|1|286.45539257|34113531|2||2||1|1|2|2|2|2|2|2|2||1||800000
3411354|1|1|1|165.6714464|34113541|2||2||1|1|2|2|2|2|2|2|2||1||1000000
3411355|1|1|1|224.95850196|34113551|2||2||1|1|2|2|2|2|2|2|2||1||2000000
3411356|1|1|1|220.95914214|34113561|2||2||1|1|2|2|2|2|2|2|2||1||500000
3411357|1|1|1|337.7175762|34113571|2||2||1|1|2|2|2|2|2|2|2||1||500000
3411358|1|1|1|337.7175762|34113581|2||2||1|1|2|2|2|2|2|2|2||1||1300000
3411359|1|1|1|330.50730684|34113591|2||2||1|2|2|2|2|2|2|2|1||8||450000
3411360|1|1|1|330.50730684|34113601|2||2||1|2|2|2|2|2|2|2|1||8||500000
3411362|1|1|1|250.69714865|34113621|2||2||1|2|2|2|2|2|2|2|1||8||400000
3411363|1|1|1|330.50730684|34113631|2||2||1|2|2|2|2|2|2|2|1||8||1000000
3411364|1|1|1|337.7175762|34113641|2||2||1|2|2|2|2|2|2|2|1||8||600000
3411365|1|1|1|281.28619282|34113651|2||2||1|2|2|2|2|2|2|2|1||8||500000
3411366|1|1|1|314.35883106|34113661|2||2||1|1|2|2|2|2|2|2|2||1||1000000
3411367|1|1|1|191.21419035|34113671|2||2||1|1|1|2|2|2|2|2|2||1||480000
3411368|1|1|1|475.62972343|34113681|2||2||1|1|2|2|2|2|2|2|2||1||600000
3411369|1|1|1|249.34846597|34113691|2||2||1|2|2|2|2|2|2|1|2||7||2000000
3411370|1|1|1|213.37812942|34113701|2||2||1|1|2|2|2|2|2|2|2||1||1360000
3411371|1|1|1|209.46043207|34113711|2||2||1|1|2|2|2|2|2|2|2||1||400000
3411372|1|1|1|253.77817612|34113721|2||2||1|1|2|2|2|2|2|2|2||1||1300000
3411373|1|1|1|233.98400541|34113731|2||2||1|1|2|2|2|2|2|2|2||1||400000
3411374|1|1|1|284.6367507|34113741|2||2||1|1|2|2|1|2|2|2|2||1||700000
3411375|1|1|1|198.80573567|34113751|2||2||2|1|2|2|2|2|2|2|2||1||700000
3411376|1|1|1|225.63245831|34113761|2||2||1|1|2|2|2|2|2|2|2||1||600000
3411377|1|1|1|402.39773506|34113771|2||2||1|1|2|2|2|2|2|2|2||1||1300000
3411378|1|1|1|258.92709534|34113781|2||2||1|2|1|2|2|2|2|2|1||8||500000
3411379|1|1|1|360.23208128|34113791|2||2||1|2|2|2|2|2|2|2|1||8||300000
3411380|1|1|1|218.7233585|34113801|2||2||1|1|2|2|2|2|2|2|1||1||300000
3411380|1|2|2|218.7233585|34113802|2||2||1|1|2|2|2|2|2|2|2||1||500000
3411381|1|1|1|621.18698286|34113811|2||2||1|1|2|1|2|2|2|2|2||1||3000000
3411382|1|1|1|529.01868493|34113821|2||2||1|1|2|1|2|2|2|2|2||3||2500000
3411383|1|1|1|683.26763882|34113831|2||2||1|1|2|2|2|2|2|2|2||1||2000000
3411384|1|1|1|560.19009242|34113841|2||2||1|1|2|1|2|2|2|2|2||3||99
3411385|1|1|1|525.99433506|34113851|2||2||1|1|2|2|2|2|2|2|2||1||3900000
3411386|1|1|1|496.75280088|34113861|2||2||1|1|2|2|2|2|2|2|2||1||1200000
3411387|1|1|1|807.90555486|34113871|2||1|2|1|2|2|2|2|2|2|1|1||8||1500000
3411388|1|1|1|542.55944964|34113881|2||2||1|1|2|2|2|2|2|2|2||1||1300000
3411389|1|1|1|987.09988196|34113891|2||2||1|1|2|2|2|2|2|2|2||1||2600000
3411390|1|1|1|631.19531272|34113901|2||2||1|1|2|2|2|2|2|2|2||1||1000000
3411391|1|1|1|761.1330529|34113911|2||2||1|1|2|2|2|2|2|2|2||1||900000
3411392|1|1|1|770.34416778|34113921|2||2||1|1|2|2|2|2|2|2|2||1||1300000
3411393|1|1|1|783.31136002|34113931|2||2||1|1|2|2|2|2|2|2|2||1||1300000
3411394|1|1|1|822.04646729|34113941|2||2||1|1|2|1|2|2|2|2|2||3||7000000
3411395|1|1|1|642.88196507|34113951|2||2||1|1|2|2|2|2|2|2|2||1||1000000
3411396|1|1|1|770.34416778|34113961|2||2||1|1|2|2|2|2|2|2|2||1||1500000
3411397|1|1|1|807.88996751|34113971|2||2||1|1|2|2|2|2|2|2|2||1||800000
3411398|1|1|1|1041.1387355|34113981|2||2||1|1|2|2|2|2|2|2|2||1||500000
3411399|1|1|1|656.53148586|34113991|2||2||1|1|2|2|2|2|2|2|2||1||600000
3411400|1|1|1|959.18280545|34114001|2||2||1|1|2|2|2|2|2|2|2||1||1300000
3411401|1|1|1|908.89337841|34114011|2||2||1|1|2|2|2|2|2|2|2||1||700000
3411402|1|1|1|851.36599084|34114021|2||2||1|1|2|2|2|2|2|2|2||1||2600000
3411403|1|1|1|1076.368756|34114031|2||2||1|1|1|2|2|2|2|2|2||1||1500000
3411404|1|1|1|692.02327834|34114041|2||2||1|1|2|2|2|2|2|2|2||1||2000000
3411405|1|1|1|1002.1591885|34114051|2||2||1|1|2|2|2|2|2|2|1||8||1300000
3411406|1|1|1|970.10391607|34114061|2||2||1|1|2|2|2|2|2|2|2||1||900000
3411407|1|1|1|1048.644664|34114071|2||2||1|1|2|2|2|2|2|2|2||1||1500000
3411408|1|1|1|908.89337841|34114081|2||2||1|1|2|2|2|2|2|2|2||1||1000000
3411409|1|1|1|759.76959509|34114091|2||2||1|2|2|2|2|2|2|1|1||7||600000
3411410|1|1|1|744.44473153|34114101|2||2||1|1|2|2|2|2|2|2|2||1||900000
3411411|1|1|1|744.44473153|34114111|2||2||1|1|2|2|2|2|2|2|2||1||1200000
3411412|1|1|1|719.15330662|34114121|2||2||1|1|2|2|2|2|2|2|2||1||3000000
3411413|1|1|1|904.29839401|34114131|2||2||1|1|2|1|2|2|2|2|2||1||4000000
3411414|1|1|1|633.40344903|34114141|2||2||1|1|2|2|2|2|2|2|2||1||600000
3411415|1|1|1|746.31307599|34114151|2||2||1|1|2|2|2|2|2|2|2||1||1200000
3411416|1|1|1|665.38300166|34114161|2||2||1|1|1|2|2|2|2|2|2||1||1000000
3411417|1|1|1|536.84303925|34114171|2||2||1|1|2|2|2|2|2|2|2||1||700000
3411418|1|1|1|647.71208546|34114181|2||2||1|1|2|2|2|2|2|2|2||1||800000
3411419|1|1|1|501.89453614|34114191|2||2||1|1|2|2|2|2|2|2|2||1||700000
3411420|1|1|1|535.79898544|34114201|2||2||1|1|2|2|2|2|2|2|2||1||900000
3411421|1|1|1|1023.4817371|34114211|2||2||1|1|2|2|2|2|2|2|2||1||2000000
3411421|1|2|2|1023.4817371|34114212|2||2||1|1|2|2|2|2|2|2|2||1||1800000
3411422|1|1|1|613.78387272|34114221|2||2||1|1|2|2|2|2|2|1|2||1||1200000
3411423|1|1|1|776.17935707|34114231|2||2||1|1|2|2|2|2|2|2|2||1||1000000
3411424|1|1|1|678.52963373|34114241|2||2||1|1|2|2|2|1|2|2|2||1||700000
3411425|1|1|1|285.34993191|34114251|2||2||1|1|2|2|2|2|2|2|2||1||800000
3411426|1|1|1|398.31886019|34114261|2||2||1|1|2|2|2|2|2|2|2||1||1300000
3411427|1|1|1|418.51007234|34114271|2||2||1|1|2|1|2|2|2|2|2||3||2000000
3411428|1|1|1|459.59868484|34114281|2||2||1|1|2|2|2|2|2|2|2||1||1000000
3411429|1|1|1|338.80020824|34114291|2||2||1|1|2|2|2|2|2|2|2||1||600000
3411430|1|1|1|443.51093141|34114301|2||2||1|1|2|2|2|2|2|2|2||1||1250000
3411431|1|1|1|232.66994448|34114311|2||2||1|1|2|1|2|2|2|2|2||3||2200000
3411432|1|1|1|294.15274084|34114321|2||2||1|1|2|2|2|2|2|2|2||1||1000000
3411433|1|1|1|250.19156707|34114331|2||2||1|1|2|2|2|2|2|2|2||1||2600000
3411434|1|1|1|304.31250085|34114341|2||2||1|1|2|2|2|2|2|2|2||1||2500000
3411437|1|1|1|235.87719784|34114371|2||2||1|1|2|2|2|2|2|2|2||1||1800000
3411438|1|1|1|215.83544436|34114381|2||2||1|1|2|2|2|2|2|2|2||1||3000000
3411439|1|1|1|229.48310896|34114391|2||2||1|1|2|2|2|2|2|2|2||1||1900000
3411441|1|1|1|287.42973768|34114411|2||2||1|1|2|2|2|2|2|2|2||1||1800000
3411442|1|1|1|426.53573659|34114421|2||2||1|1|2|2|2|2|2|2|2||1||1600000
3411443|1|1|1|426.53573659|34114431|2||2||1|1|2|2|2|2|2|2|2||1||2000000
3411444|1|1|1|329.24992144|34114441|2||2||1|1|2|2|2|2|2|2|2||1||1500000
3411445|1|1|1|338.80020824|34114451|2||2||1|2|2|2|2|2|2|2|1||8||600000
3411446|1|1|1|443.51093141|34114461|2||2||1|1|2|2|2|2|2|2|2||1||2500000
3411447|1|1|1|426.53573659|34114471|2||2||1|1|2|2|2|2|2|2|2||1||3000000
3411448|1|1|1|285.37357276|34114481|2||2||1|1|2|2|2|2|2|2|2||1||8000000
3411449|1|1|1|335.3895082|34114491|2||2||1|1|2|2|2|2|2|2|2||1||1800000
3411450|1|1|1|198.00715262|34114501|2||2||1|1|2|2|2|2|2|2|2||1||500000
3411451|1|1|1|274.79770083|34114511|2||2||1|1|2|2|2|2|2|2|2||1||3000000
3411452|1|1|1|296.27082715|34114521|2||2||1|1|2|2|2|2|2|2|2||1||2500000
3411453|1|1|1|358.83227934|34114531|2||2||1|2|2|1|2|2|2|2|2||3||2100000
3411454|1|1|1|576.69770102|34114541|2||2||1|2|2|1|2|2|2|1|2||3||3000000
3411455|1|1|1|424.03841013|34114551|2||2||1|2|2|1|2|2|2|2|2||3||2200000
3411456|1|1|1|285.62665991|34114561|2||2||1|1|2|1|2|2|2|2|2||3||2800000
3411457|1|1|1|318.98936354|34114571|2||2||1|2|2|1|2|2|2|1|2||3||4000000
3411458|1|1|1|358.83227934|34114581|2||2||1|1|2|1|2|2|2|2|2||3||6500000
3411459|1|1|1|403.60620341|34114591|2||2||1|1|2|2|2|2|2|2|2||1||6000000
3411460|1|1|1|476.31404403|34114601|2||2||1|1|2|2|2|2|2|2|2||1||4000000
3411461|1|1|1|491.83568835|34114611|2||2||1|1|2|2|2|2|2|2|2||1||4500000
3411462|1|1|1|734.81110615|34114621|2||2||1|1|2|2|2|2|2|2|2||1||2000000
3411463|1|1|1|424.03841013|34114631|2||2||1|1|2|2|2|2|2|2|2||1||1400000
3411464|1|1|1|632.21734076|34114641|2||1|1|1|2|2|1|2|2|2|2|1||3||4000000
3411465|1|1|1|306.05886664|34114651|2||2||1|1|2|1|2|2|2|2|2||1||16000000
3411466|1|1|1|491.83568835|34114661|2||2||2|1|2|2|2|2|2|2|2||1||2600000
3411467|1|1|1|576.69770102|34114671|2||2||1|1|2|2|2|2|2|2|2||1||500000
3411468|1|1|1|455.8818373|34114681|2||2||1|1|2|2|2|2|2|2|2||1||1500000
3411469|1|1|1|371.26499744|34114691|2||2||1|1|2|1|2|2|2|2|2||3||3000000
3411470|1|1|1|789.56221492|34114701|2||1|1|1|1|2|2|2|2|2|2|1||1||7000000
3411471|1|1|1|380.70008169|34114711|2||2||2|1|2|1|2|2|2|2|2||3||3300000
3411472|1|1|1|737.44989427|34114721|2||2||1|1|2|2|2|2|2|2|2||1||2500000
3411473|1|1|1|746.14518449|34114731|2||2||1|1|2|2|2|2|2|2|2||1||2700000
3411474|1|1|1|513.59181827|34114741|2||2||1|1|2|1|2|2|2|2|2||3||2900000
3411475|1|1|1|574.88810779|34114751|2||2||1|2|2|1|2|2|2|2|2||3||1500000
3411476|1|1|1|754.79021467|34114761|2||2||1|1|1|2|2|2|2|2|2||1||2700000
3411477|1|1|1|772.08482292|34114771|2||2||1|1|1|2|2|2|2|2|2||1||2600000
3411478|1|1|1|629.42563634|34114781|2||2||1|1|2|2|2|2|2|2|2||1||1700000
3411479|1|1|1|605.54692252|34114791|2||2||1|1|2|2|2|2|2|2|2||1||2400000
3411480|1|1|1|521.3768383|34114801|2||2||1|2|2|1|2|2|2|2|2||3||3200000
3411481|1|1|1|535.35052271|34114811|2||2||1|1|2|2|2|2|2|2|2||1||4000000
3411482|1|1|1|271.98756506|34114821|2||2||1|1|2|2|2|2|2|2|2||1||1300000
3411483|1|1|1|214.08599759|34114831|2||2||1|1|2|2|2|2|2|2|2||1||1500000
3411484|1|1|1|631.32679254|34114841|2||2||1|1|1|2|2|2|2|2|2||1||2700000
3411485|1|1|1|221.50358795|34114851|2||1|2|1|2|2|2|2|2|2|2|1||8||900000
3411486|1|1|1|375.25716503|34114861|2||2||1|1|2|2|2|2|2|2|2||1||2600000
3411487|1|1|1|624.53919245|34114871|2||2||1|1|2|2|2|2|2|2|2||1||4500000
3411488|1|1|1|529.22352631|34114881|2||2||2|1|2|2|2|2|2|2|2||1||3000000
3411489|1|1|1|619.87179776|34114891|2||2||1|1|2|2|2|2|2|2|2||1||4500000
3411490|1|1|1|1139.4206384|34114901|2||2||1|1|2|2|2|2|2|2|2||1||6800000
3411491|1|1|1|772.82231816|34114911|2||2||1|1|2|2|2|2|2|2|2||1||6000000
3411492|1|1|1|805.52943202|34114921|2||2||2|1|2|2|2|2|2|2|2||1||5000000
3411493|1|1|1|1155.637936|34114931|2||2||1|1|2|2|2|2|2|2|2||1||4500000
3411494|1|1|1|808.43792874|34114941|1|1|2||1|1|2|2|2|2|2|2|2||1||5500000
3411495|1|1|1|1235.8055422|34114951|2||2||2|1|2|2|2|2|2|2|2||1||6000000
3411496|1|1|1|1074.511306|34114961|2||2||1|1|2|2|2|2|2|2|2||1||3600000
3411497|1|1|1|885.83245053|34114971|2||2||2|1|2|2|2|2|2|2|2||1||1800000
3411498|1|1|1|790.58246966|34114981|2||2||1|2|2|1|2|2|2|2|2||3||2600000
3411499|1|1|1|780.0262294|34114991|2||2||1|1|2|2|2|2|2|2|2||1||5000000
3411500|1|1|1|1008.2966595|34115001|2||2||1|1|2|2|2|2|2|2|2||1||1300000
3411501|1|1|1|970.043409|34115011|2||2||1|1|2|2|2|2|2|2|2||1||1800000
3411502|1|1|1|770.91433697|34115021|2||2||1|1|2|2|2|2|2|2|2||1||800000
3411504|1|1|1|790.58246966|34115041|2||2||1|1|2|2|2|2|2|2|2||1||1800000
3411505|1|1|1|958.7641921|34115051|2||2||1|1|2|2|2|2|2|2|2||1||1300000
3411506|1|1|1|916.88582381|34115061|2||2||1|1|2|2|2|2|2|2|2||1||1600000
3411507|1|1|1|851.45875196|34115071|2||2||2|1|2|2|2|2|2|2|2||1||1800000
3411508|1|1|1|454.52499271|34115081|2||2||1|1|2|1|2|2|2|2|2||3||1300000
3411509|1|1|1|697.87708779|34115091|2||2||1|1|2|2|2|2|2|2|2||1||4000000
3411510|1|1|1|562.01292955|34115101|2||2||1|1|2|2|2|2|2|2|2||1||2000000
3411511|1|1|1|562.01292955|34115111|2||2||1|1|2|1|2|2|2|2|2||3||3800000
3411512|1|1|1|594.16386072|34115121|2||2||1|1|2|2|2|2|2|2|2||1||1800000
3411513|1|1|1|604.95739687|34115131|2||2||1|1|2|1|2|2|2|2|2||1||5000000
3411514|1|1|1|689.09294281|34115141|2||2||1|1|2|2|2|2|2|2|2||1||2500000
3411515|1|1|1|430.893479|34115151|2||2||1|1|2|1|1|2|2|2|1||3||4000000
3411516|1|1|1|759.41506417|34115161|2||2||1|1|2|2|2|2|2|2|2||1||4000000
3411517|1|1|1|974.57686553|34115171|2||2||1|1|2|2|2|2|2|2|2||1||7000000
3411518|1|1|1|649.08248741|34115181|2||2||1|2|2|1|2|2|2|2|2||3||20000000
3411519|1|1|1|787.1627193|34115191|2||2||1|1|2|2|2|2|2|2|1||1||3000000
3411520|1|1|1|974.57686553|34115201|2||2||1|1|2|2|2|2|2|2|2||1||4700000
3411521|1|1|1|625.37767663|34115211|2||2||2|1|2|1|2|2|2|2|2||1||4500000
3411522|1|1|1|749.63579613|34115221|2||2||1|1|2|2|2|2|2|2|2||1||1900000
3411523|1|1|1|757.63183133|34115231|2||2||2|1|2|2|2|2|2|2|2||1||1300000
3411524|1|1|1|726.9723859|34115241|2||2||1|1|2|2|2|2|2|2|2||1||600000
3411525|1|1|1|633.20955742|34115251|2||2||1|1|2|2|2|2|2|2|2||1||1200000
3411526|1|1|1|678.75665389|34115261|2||2||1|1|2|2|2|2|2|2|2||1||2000000
3411527|1|1|1|1246.1759491|34115271|2||2||1|1|2|2|2|2|2|2|2||1||1800000
3411528|1|1|1|851.49215286|34115281|2||2||1|1|2|2|2|2|2|2|2||1||2600000
3411529|1|1|1|798.23111083|34115291|2||2||2|1|2|2|2|2|2|2|2||1||2000000
3411530|1|1|1|871.19115145|34115301|2||2||1|1|2|2|2|2|2|2|2||1||2600000
3411531|1|1|1|1025.8410112|34115311|2||2||1|1|2|2|2|2|2|2|2||1||800000
3411532|1|1|1|1399.1104038|34115321|2||2||1|1|2|2|2|2|2|2|2||1||2600000
3411533|1|1|1|1001.75126|34115331|2||2||1|1|2|2|2|2|2|2|2||1||900000
3411534|1|1|1|1152.5705916|34115341|2||2||1|2|2|2|2|2|2|2|1||8||800000
3411535|1|1|1|1628.7118503|34115351|2||2||2|1|2|2|2|2|2|2|2||1||2000000
3411536|1|1|1|1013.0111525|34115361|2||2||1|1|2|2|1|2|2|2|2||1||1940000
3411537|1|1|1|1379.9545457|34115371|2||2||1|1|2|2|2|2|2|2|2||1||6000000
3411538|1|1|1|764.41887086|34115381|2||2||2|1|2|2|2|2|2|2|2||1||2000000
3411539|1|1|1|779.56613951|34115391|2||2||1|2|2|2|2|2|2|2|1||8||1000000
3411540|1|1|1|636.30088044|34115401|2||2||1|1|2|2|2|2|2|2|2||1||1000000
3411541|1|1|1|779.67263822|34115411|2||2||1|1|2|2|2|2|2|2|2||1||1500000
3411542|1|1|1|638.5017023|34115421|2||2||1|1|2|2|2|2|2|2|2||1||3000000
3411543|1|1|1|98.421964887|34115431|2||2||1|1|2|2|2|2|2|2|2||1||1000000
3411544|1|1|1|225.75728823|34115441|2||2||1|1|2|2|2|2|2|2|2||1||1200000
3411545|1|1|1|79.593598929|34115451|2||2||1|1|2|2|2|2|2|2|2||1||800000
3411546|1|1|1|174.36007347|34115461|2||2||1|1|2|2|2|2|2|2|2||1||500000
3411547|1|1|1|164.25782514|34115471|2||2||1|1|2|2|2|2|2|2|2||1||800000
3411548|1|1|1|228.16717561|34115481|2||2||2|1|2|2|2|2|2|2|2||1||1800000
3411549|1|1|1|96.955240876|34115491|2||2||1|1|2|2|2|2|2|2|2||1||2000000
3411550|1|1|1|265.18741787|34115501|2||2||1|1|2|2|2|2|2|2|2||1||600000
3411551|1|1|1|242.21691417|34115511|2||2||1|1|2|2|2|2|2|2|2||1||1300000
3411552|1|1|1|161.49631856|34115521|2||2||1|1|2|2|2|2|2|2|2||1||600000
3411553|1|1|1|172.07962634|34115531|2||2||1|2|2|2|2|2|2|2|1||8||600000
3411554|1|1|1|197.13294891|34115541|2||2||1|1|2|2|2|2|2|2|2||1||1300000
3411555|1|1|1|231.00258239|34115551|2||2||1|1|2|2|2|2|2|2|2||1||1500000
3411556|1|1|1|162.03168117|34115561|2||2||1|2|2|2|2|2|2|2|1||8||700000
3411557|1|1|1|97.837503067|34115571|2||2||1|1|2|2|2|2|2|2|1||1||800000
3411558|1|1|1|291.26881103|34115581|2||2||1|1|1|2|2|2|2|2|2||1||1200000
3411559|1|1|1|151.17240667|34115591|2||2||2|1|2|2|2|2|2|2|2||1||900000
3411561|1|1|1|100.32659122|34115611|2||2||1|1|2|2|2|2|2|2|2||1||500000
3411562|1|1|1|167.66253968|34115621|2||2||1|1|2|2|2|2|2|2|2||1||800000
3411563|1|1|1|71.838325188|34115631|2||2||1|1|2|2|2|2|2|2|2||1||600000
3411564|1|1|1|124.26811076|34115641|2||2||1|1|2|2|2|2|2|2|2||1||600000
3411565|1|1|1|110.26350865|34115651|2||2||1|1|2|2|1|2|2|2|2||1||300000
3411566|1|1|1|201.07568141|34115661|2||2||1|1|2|2|2|2|2|2|2||1||600000
3411567|1|1|1|139.13528984|34115671|2||2||1|1|2|2|2|2|2|2|2||1||800000
3411568|1|1|1|105.72214811|34115681|2||2||1|1|2|2|2|2|2|2|2||1||1000000
3411569|1|1|1|181.00523558|34115691|2||2||1|1|2|2|2|2|2|2|2||1||400000
3411570|1|1|1|129.57893645|34115701|2||2||1|1|2|2|2|2|2|2|2||1||400000
3411571|1|1|1|145.56925723|34115711|2||2||1|1|2|2|2|2|2|2|2||1||1000000
3411572|1|1|1|88.17022619|34115721|2||2||1|1|2|2|2|2|2|2|2||1||400000
3411573|1|1|1|87.50831997|34115731|2||2||1|1|2|2|2|2|2|2|2||1||500000
3411574|1|1|1|417.52939297|34115741|2||2||1|2|2|2|2|2|2|2|1||8||900000
3411575|1|1|1|256.91384195|34115751|2||2||1|1|2|2|2|2|2|2|2||1||1500000
3411576|1|1|1|378.59924431|34115761|2||2||1|1|2|1|2|2|2|2|2||1||1300000
3411577|1|1|1|370.32670134|34115771|2||2||1|1|1|2|2|2|2|2|1||8||850000
3411578|1|1|1|318.47878623|34115781|2||2||1|2|1|2|2|2|2|2|1||8||1000000
3411579|1|1|1|330.85183306|34115791|2||2||1|1|2|2|2|2|2|2|2||1||500000
3411580|1|1|1|438.3127223|34115801|2||2||1|2|2|2|2|2|2|2|1||8||500000
3411581|1|1|1|150.88555405|34115811|2||2||1|2|2|2|1|2|2|2|1||4||600000
3411582|1|1|1|327.6486887|34115821|2||2||1|1|2|2|2|2|2|2|2||1||1500000
3411583|1|1|1|479.41818738|34115831|2||2||1|1|1|2|2|2|2|2|1||8||800000
3411584|1|1|1|288.64187427|34115841|2||2||1|1|2|2|2|2|2|2|2||1||700000
3411585|1|1|1|150.88555405|34115851|2||2||1|1|2|1|2|2|2|2|2||1||1600000
3411587|1|1|1|494.03424382|34115871|2||2||1|1|2|2|2|2|2|2|2||1||4500000
3411588|1|1|1|638.05987669|34115881|2||2||1|1|2|2|2|2|2|2|2||1||2000000
3411589|1|1|1|296.66844349|34115891|2||1|1|1|1|2|2|2|2|2|2|2||1||2000000
3411590|1|1|1|485.27331326|34115901|2||2||1|2|2|2|2|2|2|2|2|2||1300000|
3411591|1|1|1|489.72241024|34115911|2||2||1|2|2|1|2|2|2|2|2||3||2000000
3411593|1|1|1|320.170247|34115931|2||2||1|2|1|2|2|2|2|2|1||8||300000
3411594|1|1|1|1794.3451469|34115941|2||2||1|1|2|2|2|2|2|2|2||1||800000
3411595|1|1|1|2392.1716855|34115951|2||2||1|1|2|2|2|2|2|2|2||1||1300000
3411596|1|1|1|1857.8004418|34115961|2||2||1|1|2|2|2|2|2|2|2||1||98
3411597|1|1|1|1794.3451469|34115971|2||2||2|1|2|2|2|2|2|2|2||1||1300000
3411598|1|1|1|2127.672138|34115981|2||2||1|1|2|1|2|2|2|2|2||1||98
3411599|1|1|1|2436.9765531|34115991|2||2||1|1|2|1|2|2|2|1|2||3||98
3411600|1|1|1|1397.4254481|34116001|2||2||1|1|2|1|2|2|2|1|2||1||98
3411601|1|1|1|1498.5885518|34116011|2||2||1|1|1|2|2|2|2|2|2||1||98
3411602|1|1|1|1078.2108109|34116021|2||2||1|1|1|2|2|2|2|2|2||1||98
3411603|1|1|1|1470.2924182|34116031|2||2||1|1|2|2|2|2|2|2|1||1||8000000
3411604|1|1|1|1780.8355523|34116041|2||2||1|2|2|1|2|2|2|2|2||3||98
3411605|1|1|1|1523.166939|34116051|2||2||1|1|2|1|2|2|2|2|2||3||99
3411606|1|1|1|1846.5073428|34116061|1|1|2||1|1|2|2|2|2|2|2|2||1||40000000
3411607|1|1|1|1774.6915833|34116071|2||2||2|1|2|2|2|2|2|1|2||1||15000000
3411608|1|1|1|1587.9834637|34116081|2||2||1|1|2|1|2|2|2|2|2||3||7000000
3411609|1|1|1|1165.4159226|34116091|2||2||1|1|2|2|2|2|2|2|2||1||5000000
3411610|1|1|1|1769.0121299|34116101|2||2||1|1|2|2|2|2|2|2|2||1||14000000
3411611|1|1|1|808.11982503|34116111|2||2||1|2|2|1|2|2|2|2|2||3||2600000
3411612|1|1|1|1629.2146966|34116121|2||2||1|1|2|2|2|2|2|2|2||1||2600000
3411613|1|1|1|1150.5223763|34116131|2||2||1|1|2|2|2|2|2|2|2||1||2000000
3411614|1|1|1|1688.2666932|34116141|2||2||1|1|2|1|2|2|2|2|2||1||2800000
3411615|1|1|1|3116.6230712|34116151|2||2||1|2|2|2|2|2|2|2|1||8||98
3411616|1|1|1|1984.9718766|34116161|2||2||2|1|2|2|2|2|2|2|2||1||1800000
3411617|1|1|1|1623.7528531|34116171|1|1|2||1|1|2|2|2|2|2|2|2||1||98
3411618|1|1|1|1751.2901502|34116181|2||2||1|1|1|2|2|2|2|2|2||1||98
3411619|1|1|1|4133.4680897|34116191|2||2||1|1|2|2|2|2|2|2|2||1||1462000
3411620|1|1|1|5137.3283066|34116201|2||2||1|1|2|2|2|2|2|2|2||1||1462000
3411621|1|1|1|2836.1139631|34116211|2||2||1|1|2|2|2|2|2|2|2||1||1200000
3411622|1|1|1|1760.0986812|34116221|2||2||1|1|2|1|2|2|2|2|2||3||1500000
3411623|1|1|1|3846.5053591|34116231|2||2||1|1|2|2|2|2|2|2|2||1||99
3411624|1|1|1|4133.4680897|34116241|2||2||1|1|2|2|2|2|2|2|2||1||1300000
3411625|1|1|1|5577.0777184|34116251|2||2||1|1|2|2|2|2|2|2|2||1||1600000
3411626|1|1|1|2914.7018756|34116261|2||2||1|2|2|1|2|2|2|2|2||3||1300000
3411627|1|1|1|3441.6094498|34116271|2||2||1|1|2|2|2|2|2|2|2||1||1300000
3411628|1|1|1|2836.1139631|34116281|2||2||1|1|2|2|2|2|2|2|2||1||3000000
3411629|1|1|1|2198.1709979|34116291|2||2||1|1|1|2|2|2|2|2|1||1||180000
3411630|1|1|1|2198.1709979|34116301|2||2||1|2|1|2|2|2|2|2|1||8||500000
3411631|1|1|1|2138.9026138|34116311|2||2||1|2|2|1|2|2|2|2|2||3||1200000
3411632|1|1|1|3757.2241904|34116321|2||2||1|1|2|2|2|2|2|2|2||1||1300000
3411633|1|1|1|1955.6467873|34116331|2||2||1|1|2|2|2|2|2|2|2||1||1500000
3411634|1|1|1|1955.6467873|34116341|2||2||1|1|2|2|2|2|2|2|2||1||1000000
3411635|1|1|1|2138.9026138|34116351|2||2||1|2|2|1|2|2|2|2|2||3||2000000
3411636|1|1|1|3874.4017646|34116361|2||2||1|1|2|2|2|2|2|2|2||1||1500000
3411637|1|1|1|4206.0461127|34116371|2||2||1|1|2|2|2|2|2|2|2||1||1500000
3411638|1|1|1|1534.8823018|34116381|2||2||1|1|2|1|2|2|2|2|2||1||3900000
3411639|1|1|1|2263.9027787|34116391|2||2||1|1|2|2|2|2|2|2|2||1||2600000
3411640|1|1|1|2563.9128724|34116401|2||2||1|1|2|2|2|2|2|2|2||1||800000
3411641|1|1|1|1760.0986812|34116411|2||2||1|1|2|2|2|2|2|2|2||1||6700000
3411642|1|1|1|1760.0986812|34116421|2||2||1|1|2|2|2|2|2|2|2||1||2600000
3411643|1|1|1|3441.6094498|34116431|2||2||1|1|2|2|2|2|2|2|2||1||800000
3411646|1|1|1|5137.3283066|34116461|2||2||1|1|2|2|2|2|2|2|2||1||1500000
3411647|1|1|1|3080.4479506|34116471|2||2||1|1|2|2|2|2|2|2|2||1||1300000
3411648|1|1|1|3441.6094498|34116481|2||2||1|1|2|2|2|2|2|2|2||1||99
3411652|1|1|1|2160.8487338|34116521|2||2||1|1|2|2|2|2|2|2|2||1||15000000
3411653|1|1|1|2160.8487338|34116531|1|1|2||1|2|2|1|2|2|2|2|2||3||10000000
3411654|1|1|1|1825.8015629|34116541|1|1|2||1|1|2|1|2|2|2|2|2||1||8000000
3411655|1|1|1|3392.9485008|34116551|2||2||1|1|2|2|2|2|2|1|2||1||3000000
3411656|1|1|1|4089.5794531|34116561|2||2||1|1|2|2|1|2|2|2|2||1||3000000
3411657|1|1|1|1757.3326067|34116571|2||2||1|1|2|2|2|2|2|2|2||1||1462000
3411658|1|1|1|3888.755351|34116581|2||2||1|1|2|2|2|2|2|2|2||1||3000000
3411659|1|1|1|6032.7637211|34116591|2||2||1|1|2|2|2|2|2|2|2||1||3000000
3411660|1|1|1|2501.7857766|34116601|2||2||1|2|1|2|2|2|2|2|2||2||80000
3411661|1|1|1|2576.5965327|34116611|2||2||1|1|2|2|2|2|2|2|2||1||2000000
3411662|1|1|1|3405.6280626|34116621|2||2||1|1|2|2|2|2|2|2|2||1||2600000
3411663|1|1|1|4665.2332311|34116631|2||2||1|1|2|2|2|2|2|2|2||1||2600000
3411664|1|1|1|2954.0481111|34116641|2||2||1|1|2|2|2|2|2|2|2||1||2000000
3411665|1|1|1|2501.7857766|34116651|2||2||1|2|2|1|2|2|2|2|2||3||1500000
3411667|1|1|1|4620.9850201|34116671|2||2||1|2|2|2|2|2|2|2|1||8||1000000
3411668|1|1|1|8020.1559469|34116681|2||2||1|1|2|2|2|2|2|2|2||1||99
3411669|1|1|1|8841.9309048|34116691|2||2||1|1|2|2|2|2|2|2|2||1||1300000
3411670|1|1|1|6933.267304|34116701|2||1|1|1|2|2|1|2|2|2|2|1||8||3000000
3411671|1|1|1|6365.8759993|34116711|2||2||1|1|2|2|2|2|2|2|2||1||3000000
3411672|1|1|1|5456.3473011|34116721|2||2||1|2|2|1|2|2|2|2|2||3||99
3411673|1|1|1|4537.1263672|34116731|2||2||1|1|2|2|2|2|2|2|2||1||1800000
3411674|1|1|1|8144.7496729|34116741|2||2||1|1|2|2|2|2|2|1|2||1||99
3411676|1|1|1|8953.4069618|34116761|2||2||1|1|2|2|2|2|2|2|2||1||3000000
3411677|1|1|1|3619.105878|34116771|2||2||1|1|2|2|2|2|2|2|2||1||3000000
3411678|1|1|1|8953.4069618|34116781|2||2||1|1|2|2|2|2|2|2|2||1||5233000
3411680|1|1|1|3546.9800814|34116801|2||2||1|1|2|2|2|2|2|2|2||1||2600000
3411681|1|1|1|3330.2413217|34116811|2||2||1|1|2|1|2|2|2|2|2||3||3000000
3411682|1|1|1|8953.4069618|34116821|2||2||2|1|2|2|2|2|2|2|2||1||3500000
3411683|1|1|1|4942.8187154|34116831|2||2||1|1|2|2|2|2|2|2|2||1||1000000
3411684|1|1|1|3407.8478108|34116841|2||2||1|1|2|2|2|2|2|2|2||1||4000000
3411685|1|1|1|3464.0644452|34116851|2||2||1|1|2|2|2|2|2|2|2||1||3500000
3411687|1|1|1|7353.9842555|34116871|2||2||1|2|2|1|2|2|2|2|2||3||4000000
3411688|1|1|1|6213.7232177|34116881|2||2||1|1|2|1|2|2|2|2|2||3||5000000
3411689|1|1|1|7987.5371807|34116891|2||2||1|1|2|2|2|2|2|1|2||1||5500000
3411690|1|1|1|13320.984972|34116901|2||2||1|1|2|2|2|2|2|2|2||1||5000000
3411691|1|1|1|11627.584959|34116911|2||2||1|1|2|2|2|2|2|1|1||1||1000000
3411692|1|1|1|7557.7610709|34116921|2||2||1|2|2|2|2|2|2|2|1||8||1300000
3411693|1|1|1|7557.7610709|34116931|2||2||1|1|2|2|2|2|2|2|1||1||99
3411694|1|1|1|7557.7610709|34116941|2||2||1|1|2|1|2|2|2|2|2||3||3500000
3411695|1|1|1|326.33424848|34116951|2||2||1|1|2|2|2|2|2|2|2||1||3000000
3411697|1|1|1|638.09776427|34116971|2||2||1|2|2|1|2|2|2|2|2||3||2000000
3411698|1|1|1|952.49555609|34116981|1|1|2||1|1|2|2|2|2|2|2|2||1||1350000
3411699|1|1|1|744.2328121|34116991|2||2||1|1|2|2|2|2|2|2|2||1||2600000
3411700|1|1|1|895.46431377|34117001|2||2||1|1|2|1|2|2|2|2|2||1||3900000
3411701|1|1|1|466.54599543|34117011|2||2||1|1|2|2|2|2|2|2|2||1||4000000
3411702|1|1|1|626.59835998|34117021|2||2||1|1|2|2|2|2|2|2|1||1||99
3411704|1|1|1|444.30226172|34117041|2||2||1|1|2|1|2|2|2|2|2||3||99
3411705|1|1|1|475.3668583|34117051|2||2||1|1|2|2|2|2|2|2|2||1||4000000
3411706|1|1|1|1384.1257357|34117061|2||2||1|1|2|2|2|2|2|2|2||1||8000000
3411707|1|1|1|1645.8318103|34117071|2||2||1|1|2|2|2|2|2|2|2||1||99
3411708|1|1|1|819.32779229|34117081|2||2||1|1|2|1|2|2|2|2|2||3||1800000
3411709|1|1|1|582.67695552|34117091|2||2||1|1|2|1|2|2|2|2|2||1||6000000
3411710|1|1|1|921.79089917|34117101|2||2||1|1|2|2|2|2|2|2|2||1||4000000
3411712|1|1|1|1503.6874881|34117121|2||2||1|1|2|2|2|2|2|2|2||1||3000000
3411714|1|1|1|2040.961528|34117141|2||2||1|1|2|2|2|2|2|2|2||1||2000000
3411715|1|1|1|1938.8937184|34117151|2||2||2|1|2|2|2|2|2|2|2||1||3600000
3411716|1|1|1|1313.9562585|34117161|2||2||1|1|2|2|2|2|2|2|2||1||98
3411717|1|1|1|1398.2362716|34117171|2||2||1|1|2|2|2|2|2|2|2||1||3000000
3411718|1|1|1|1208.1723105|34117181|2||2||1|1|2|2|2|2|2|2|2||1||5000000
3411719|1|1|1|1199.8537037|34117191|2||2||1|1|2|2|2|2|2|2|2||1||3500000
3411720|1|1|1|1322.6737082|34117201|2||2||1|1|2|2|2|2|2|2|2||1||2300000
3411721|1|1|1|1089.8570765|34117211|2||2||1|2|2|2|2|2|2|2|1||8||1000000
3411722|1|1|1|1237.1783485|34117221|2||2||1|1|2|2|2|2|2|2|2||1||1200000
3411723|1|1|1|1199.8537037|34117231|2||2||1|1|2|2|2|2|2|2|2||1||1300000
3411724|1|1|1|1300.8166959|34117241|2||2||1|2|2|2|2|2|2|2|2|98||98|
3411725|1|1|1|1345.4463388|34117251|2||2||1|1|2|2|2|2|2|2|2||1||300000
3411726|1|1|1|1083.4481227|34117261|2||2||1|1|2|2|2|2|2|2|2||1||360000
3411727|1|1|1|1476.5303003|34117271|2||2||1|1|2|2|2|2|2|2|2||1||1500000
3411728|1|1|1|1083.4481227|34117281|2||2||1|2|2|2|2|2|2|2|1||8||400000
3411729|1|1|1|5443.3504807|34117291|2||1|1|1|1|2|2|2|2|2|2|2||1||2000000
3411730|1|1|1|3517.6205642|34117301|2||2||1|1|2|2|2|2|2|1|2||1||600000
3411731|1|1|1|5238.1099549|34117311|2||2||1|1|2|1|2|2|2|2|2||3||1200000
3411732|1|1|1|2623.1229576|34117321|2||2||1|1|2|2|2|2|2|2|2||1||1700000
3411733|1|1|1|5221.2693751|34117331|2||2||1|1|2|1|2|2|2|2|2||1||3000000
3411734|1|1|1|2206.0590854|34117341|2||2||1|1|2|2|2|2|2|1|2||1||1500000
3411735|1|1|1|2888.0351059|34117351|2||2||1|1|2|1|2|2|2|2|2||1||4000000
3411736|1|1|1|4343.6123483|34117361|2||2||1|1|2|1|2|2|2|2|2||1||1800000
3411737|1|1|1|4952.7901104|34117371|2||2||1|1|2|2|2|2|2|2|2||1||2600000
3411738|1|1|1|3517.6205642|34117381|2||2||1|1|2|2|2|2|2|2|2||1||500000
3411739|1|1|1|3348.4825403|34117391|2||1|4|1|1|2|2|2|2|2|2|2||1||3000000
3411740|1|1|1|6989.0198666|34117401|2||2||1|1|1|2|2|2|2|2|2||1||2000000
3411741|1|1|1|6413.2265255|34117411|2||2||1|1|2|2|2|2|2|2|2||1||900000
3411742|1|1|1|5755.1058745|34117421|2||2||1|1|2|2|2|2|2|2|2||1||1600000
3411743|1|1|1|7118.5779336|34117431|2||2||1|1|2|2|2|2|2|2|2||1||2000000
3411744|1|1|1|4512.830256|34117441|2||2||1|1|2|2|2|2|2|2|2||1||6000000
3411745|1|1|1|6670.2200121|34117451|2||2||1|1|1|2|2|2|2|2|1||1||1300000
3411746|1|1|1|4934.6717459|34117461|2||2||1|1|2|2|2|2|2|2|2||1||2000000
3411747|1|1|1|3953.0595336|34117471|2||2||1|1|2|2|2|2|2|2|2||1||4000000
3411748|1|1|1|6851.9698582|34117481|2||2||1|1|2|2|2|2|2|2|2||1||1300000
3411749|1|1|1|6718.3835045|34117491|2||1|1|1|1|2|2|2|2|2|2|2||1||2500000
3411751|1|1|1|9560.2231551|34117511|2||2||2|1|1|2|2|2|2|2|2||1||700000
3411752|1|1|1|9476.776821|34117521|2||2||1|1|2|2|2|2|2|2|2||1||4000000
3411753|1|1|1|13717.004352|34117531|2||2||1|1|2|2|2|2|2|2|2||1||3000000
3411754|1|1|1|5430.2190188|34117541|2||2||1|1|2|1|2|2|2|2|2||3||1300000
3411755|1|1|1|7042.9352485|34117551|2||2||1|1|2|1|2|2|2|2|2||1||4000000
3411756|1|1|1|4595.9564279|34117561|2||2||1|1|2|1|2|2|2|2|2||1||4000000
3411757|1|1|1|7407.012909|34117571|2||2||1|1|2|2|2|2|2|2|2||1||1300000
3411758|1|1|1|5642.849655|34117581|2||2||1|1|2|2|2|2|2|2|1||1||800000
3411759|1|1|1|9973.9198232|34117591|2||2||2|1|2|2|2|2|2|2|2||1||99
3411764|1|1|1|9441.4012777|34117641|2||2||1|1|2|2|2|2|2|2|2||1||2000000
3411765|1|1|1|7113.2197801|34117651|2||2||1|2|2|2|2|2|2|2|2|2||99|
3411766|1|1|1|11144.605363|34117661|2||2||2|1|2|2|2|2|2|2|2||1||2000000
3411767|1|1|1|9694.7654481|34117671|2||2||1|1|2|2|2|2|2|2|2||1||3200000
3411768|1|1|1|4222.0610622|34117681|2||2||1|1|2|2|2|2|2|2|2||1||2000000
3411769|1|1|1|5322.8642393|34117691|2||2||1|2|2|1|2|2|2|2|2||3||2600000
3411770|1|1|1|7746.3637967|34117701|2||1|3|1|1|2|2|2|2|2|2|2||1||1300000
3411772|1|1|1|5177.7372978|34117721|2||2||1|1|2|2|2|2|1|2|1||1||1950000
3411773|1|1|1|6409.7693291|34117731|2||2||1|1|2|2|2|2|2|2|2||1||2600000
3411774|1|1|1|4431.2225849|34117741|1|1|2||1|1|2|1|2|2|2|2|2||1||2600000
3411775|1|1|1|5658.3257241|34117751|2||2||1|1|2|1|2|2|2|2|2||1||2600000
3411776|1|1|1|4715.2871211|34117761|2||2||1|2|2|2|2|2|2|2|1||8||1300000
3411777|1|1|1|8005.5856498|34117771|2||2||1|1|2|2|2|2|2|2|2||1||1200000
3411778|1|1|1|8904.0142655|34117781|2||2||1|1|2|1|2|2|2|2|2||1||4000000
3411779|1|1|1|6618.5544296|34117791|2||2||1|1|2|2|2|2|2|2|2||1||2600000
3411780|1|1|1|4099.4691459|34117801|2||2||1|1|2|2|2|2|2|2|2||1||1350000
3411781|1|1|1|2573.7355996|34117811|2||2||1|1|1|2|2|2|2|2|2||1||1500000
3411782|1|1|1|6017.7024089|34117821|2||2||1|1|2|2|2|2|2|2|2||1||1300000
3411783|1|1|1|5251.1816368|34117831|2||2||1|1|2|1|2|2|2|2|2||1||5000000
3411784|1|1|1|4036.6172212|34117841|2||2||1|1|2|2|2|2|2|2|2||1||2600000
3411785|1|1|1|4099.4691459|34117851|2||2||1|1|1|2|2|2|2|2|2||1||2600000
3411786|1|1|1|5915.2583482|34117861|2||2||2|1|2|2|2|2|1|2|1||1||2500000
3411787|1|1|1|6820.0388578|34117871|2||2||2|1|2|2|2|2|2|2|2||1||2000000
3411789|1|1|1|5915.2583482|34117891|2||2||1|1|2|2|2|2|2|1|2||1||1000000
3411790|1|1|1|5707.3614597|34117901|2||2||1|1|2|2|2|2|2|2|2||1||2500000
3411791|1|1|1|7241.0973678|34117911|2||2||1|1|2|2|2|2|2|2|2||1||2600000
3411792|1|1|1|5706.9738334|34117921|2||2||1|1|2|1|2|2|2|2|2||1||500000
3411793|1|1|1|4181.0045019|34117931|2||2||1|1|2|2|2|2|2|2|2||1||1600000
3411795|1|1|1|3227.9132937|34117951|2||2||1|1|2|2|2|2|2|2|2||1||6500000
3411797|1|1|1|5146.9945917|34117971|2||2||1|1|2|1|2|2|2|2|2||3||1200000
3411798|1|1|1|4350.3361897|34117981|2||2||1|1|2|2|2|2|2|2|2||1||700000
3411799|1|1|1|5558.9302289|34117991|2||2||1|1|2|1|2|2|2|2|1||1||2000000
3411800|1|1|1|3913.8847698|34118001|2||2||1|2|2|2|2|2|2|2|2|2||2000000|
3411802|1|1|1|2904.0699679|34118021|2||1|5|1|1|2|2|2|2|2|2|2||1||5000000
3411803|1|1|1|4625.6286903|34118031|2||2||1|1|2|2|2|2|2|2|2||1||99
3411804|1|1|1|3448.1064504|34118041|2||2||1|1|2|2|2|2|2|2|2||1||2500000
3411806|1|1|1|849.25979779|34118061|2||2||1|1|2|2|2|2|2|2|2||1||1500000
3411807|1|1|1|731.6851185|34118071|2||2||1|1|2|2|2|2|2|2|2||1||2600000
3411808|1|1|1|845.18837628|34118081|2||2||1|2|2|1|2|2|2|2|2||3||1800000
3411809|1|1|1|406.87955288|34118091|2||2||1|1|2|2|2|2|2|2|2||1||1800000
3411810|1|1|1|845.18837628|34118101|2||2||1|2|1|2|2|2|2|2|1||8||400000
3411811|1|1|1|539.73513134|34118111|2||2||1|1|2|2|1|2|2|2|2||4||900000
3411812|1|1|1|1188.380621|34118121|2||2||1|1|2|2|2|2|2|2|2||1||2700000
3411813|1|1|1|846.46774578|34118131|2||2||1|2|2|2|2|2|2|2|1||8||600000
3411815|1|1|1|817.83052727|34118151|2||2||1|1|2|2|2|2|2|2|1||8||98
3411816|1|1|1|772.89215055|34118161|2||2||1|1|2|2|2|2|2|2|2||1||2000000
3411817|1|1|1|836.53370731|34118171|2||2||1|1|2|2|2|2|2|2|2||1||2600000
3411818|1|1|1|402.66507637|34118181|2||2||1|1|2|2|2|2|2|2|2||1||2600000
3411819|1|1|1|965.33586707|34118191|2||2||1|1|2|2|2|2|2|2|2||1||900000
3411820|1|1|1|573.37692773|34118201|2||2||1|1|1|2|2|2|2|2|1||1||1200000
3411821|1|1|1|808.97038669|34118211|2||2||1|1|2|2|2|2|2|2|2||1||800000
3411822|1|1|1|300.78993408|34118221|2||2||1|1|2|2|2|2|2|2|2||1||1600000
3411824|1|1|1|837.81530912|34118241|2||2||1|1|2|2|2|2|2|2|2||1||2600000
3411825|1|1|1|377.81459194|34118251|2||2||1|1|1|2|2|2|2|2|2||1||1000000
3411826|1|1|1|662.97186089|34118261|2||2||1|1|1|2|2|2|2|2|2||1||1500000
3411827|1|1|1|653.55993382|34118271|2||2||1|1|2|2|1|2|2|2|2||1||1500000
3411828|1|1|1|955.41727252|34118281|2||2||1|1|2|2|2|2|2|2|1||1||600000
3411829|1|1|1|457.73949699|34118291|2||2||1|1|2|2|2|2|2|2|2||1||2500000
3411830|1|1|1|991.85400739|34118301|2||2||1|1|2|2|2|2|2|2|2||1||3200000
3411831|1|1|1|1163.0612171|34118311|2||2||2|1|2|2|2|2|2|2|2||1||1600000
3411832|1|1|1|615.28137984|34118321|2||2||1|1|2|2|2|2|2|2|2||1||1300000
3411833|1|1|1|1300.1309786|34118331|2||2||1|1|2|2|2|2|2|2|2||1||1300000
3411834|1|1|1|457.73949699|34118341|2||2||1|1|2|2|2|2|1|2|2||1||2600000
3411835|1|1|1|718.13718025|34118351|2||2||1|1|2|2|2|2|2|2|1||1||6000000
3411836|1|1|1|692.96630888|34118361|2||2||1|1|2|2|2|2|2|2|2||1||4000000
3411837|1|1|1|405.16775822|34118371|2||2||1|1|1|2|1|2|1|2|2||1||7000000
3411838|1|1|1|836.49720597|34118381|2||2||1|1|2|2|2|2|2|2|2||1||3000000
3411839|1|1|1|486.53711666|34118391|2||2||1|2|2|1|2|2|2|2|1||3||2600000
3411840|1|1|1|683.86119147|34118401|2||2||1|2|2|2|2|2|2|2|1||8||1500000
3411841|1|1|1|481.24721875|34118411|2||2||2|1|2|1|2|2|2|2|2||3||4000000
3411842|1|1|1|655.60576527|34118421|2||2||2|1|2|2|2|2|2|2|2||1||4000000
3411843|1|1|1|230.56507996|34118431|2||2||1|1|2|2|1|2|2|1|1||1||3500000
3411844|1|1|1|343.59530884|34118441|2||2||2|1|2|2|2|2|2|2|2||1||3000000
3411845|1|1|1|658.95039131|34118451|2||2||1|1|2|2|2|2|2|2|2||1||2600000
3411846|1|1|1|585.83824269|34118461|2||2||1|1|2|2|2|2|2|2|2||1||2700000
3411847|1|1|1|536.69150643|34118471|2||2||1|1|2|2|2|2|2|2|2||1||1800000
3411848|1|1|1|566.55719328|34118481|2||2||1|1|2|2|2|2|2|2|2||1||4000000
3411849|1|1|1|482.69717085|34118491|2||2||1|1|2|1|2|2|2|2|2||3||6000000
3411850|1|1|1|586.15150484|34118501|2||2||2|1|2|2|1|2|2|2|2||1||2700000
3411851|1|1|1|352.62894583|34118511|2||2||1|1|2|2|2|2|2|2|2||1||2800000
3411852|1|1|1|895.98790058|34118521|2||2||2|1|2|2|1|2|2|2|2||1||1300000
3411853|1|1|1|712.59077586|34118531|2||2||1|1|2|2|2|2|2|2|2||1||1000000
3411854|1|1|1|925.47656438|34118541|2||2||2|1|2|2|2|2|2|2|2||1||2600000
3411855|1|1|1|820.82230395|34118551|2||2||1|1|2|2|2|2|2|2|2||1||2700000
3411856|1|1|1|493.90036139|34118561|2||2||1|2|1|2|2|2|1|1|1||7||800000
3411857|1|1|1|1066.6435282|34118571|2||2||1|1|2|2|2|2|2|2|2||1||1600000
3411858|1|1|1|764.09493903|34118581|2||2||1|1|2|2|2|2|2|2|2||1||1800000
3411859|1|1|1|137.92472612|34118591|2||2||1|1|2|2|2|2|2|2|2||1||1100000
3411860|1|1|1|148.84107647|34118601|2||2||1|1|2|2|2|2|2|2|2||1||2600000
3411861|1|1|1|125.62070437|34118611|2||2||1|1|2|1|2|2|2|2|2||3||2000000
3411862|1|1|1|193.41479421|34118621|2||2||1|1|2|2|2|2|1|2|2||1||2600000
3411863|1|1|1|215.31469175|34118631|2||2||1|1|2|1|2|2|2|2|2||3||5000000
3411864|1|1|1|215.60940846|34118641|2||2||1|1|2|2|2|2|2|2|2||1||5400000
3411865|1|1|1|97.000278551|34118651|1|2|2||1|1|2|1|2|2|2|2|2||1||15000000
3411866|1|1|1|271.36324597|34118661|2||2||1|2|2|2|2|2|2|2|1||8||3000000
3411867|1|1|1|467.85344515|34118671|2||2||1|1|2|2|2|2|2|2|2||1||1500000
3411868|1|1|1|621.48465912|34118681|2||2||1|1|2|2|2|2|2|2|2||1||4500000
3411869|1|1|1|530.66997791|34118691|2||2||1|1|1|2|2|2|2|2|2||1||2000000
3411870|1|1|1|495.94406066|34118701|2||2||1|1|2|2|2|2|2|1|2||1||2600000
3411871|1|1|1|656.72772985|34118711|2||2||1|1|2|2|2|2|2|2|2||1||3900000
3411873|1|1|1|553.23327208|34118731|2||2||1|1|2|1|2|2|2|2|2||1||99
3411874|1|1|1|284.65264308|34118741|2||2||1|1|2|1|2|2|2|2|2||1||2000000
3411875|1|1|1|613.73077507|34118751|1|1|2||2|1|2|1|2|2|2|2|2||1||30000000
3411876|1|1|1|613.73077507|34118761|2||2||1|2|2|2|2|2|2|1|2||7||1500000
3411877|1|1|1|819.42619787|34118771|1|1|2||1|2|2|1|2|2|2|2|2||3||3000000
3411878|1|1|1|707.04302987|34118781|2||2||1|1|2|2|2|2|2|2|2||1||6000000
3411879|1|1|1|566.03598695|34118791|2||2||1|1|2|2|2|2|2|2|2||1||2500000
3411880|1|1|1|410.20496022|34118801|2||2||1|1|2|1|2|2|2|2|1||1||4000000
3411881|1|1|1|402.8019787|34118811|2||2||2|1|2|2|2|2|2|2|2||1||1300000
3411882|1|1|1|698.62893841|34118821|2||2||2|1|2|2|2|2|2|2|2||1||5000000
3411883|1|1|1|446.34965459|34118831|2||2||1|2|2|2|2|2|2|2|1||8||1300000
3411884|1|1|1|389.89799547|34118841|2||2||1|1|2|2|2|2|2|2|2||1||2600000
3411885|1|1|1|802.20991235|34118851|2||2||1|1|2|2|2|2|2|2|2||1||2500000
3411886|1|1|1|300.76180086|34118861|2||2||1|1|2|2|2|2|2|2|2||1||1300000
3411887|1|1|1|534.60329774|34118871|2||2||1|1|2|2|2|2|2|2|2||1||2000000
3411888|1|1|1|410.20496022|34118881|2||2||1|1|2|2|2|2|2|2|2||1||1500000
3411889|1|1|1|466.65661935|34118891|2||2||1|2|2|1|2|2|2|2|2||3||1000000
3411890|1|1|1|317.05994822|34118901|2||2||1|1|2|2|2|2|2|2|2||1||650000
3411891|1|1|1|384.92340626|34118911|2||2||1|1|2|2|2|2|2|2|2||1||1700000
3411892|1|1|1|309.6569667|34118921|2||2||1|1|2|2|2|2|2|2|2||1||1300000
3411893|1|1|1|373.51160735|34118931|2||2||1|1|2|2|2|2|2|2|2||1||1460000
3411894|1|1|1|698.62893841|34118941|2||2||2|1|2|2|2|2|1|2|2||1||2000000
3411895|1|1|1|375.51784158|34118951|2||2||1|1|2|2|2|2|2|2|2||1||1300000
3411896|1|1|1|353.2046426|34118961|2||2||1|1|2|2|2|2|2|2|2||1||450000
3411897|1|1|1|466.65661935|34118971|2||2||2|1|2|2|2|2|2|2|2||1||2000000
3411898|1|1|1|725.9167266|34118981|2||2||1|1|2|2|2|2|2|2|2||1||2600000
3411899|1|1|1|208.08222699|34118991|2||2||1|1|2|2|2|2|2|2|2||1||2600000
3411900|1|1|1|373.51160735|34119001|2||2||1|1|2|2|2|2|2|2|2||1||1600000
3411901|1|1|1|204.82815086|34119011|2||2||1|1|2|2|1|2|2|2|2||1||1300000
3411902|1|1|1|384.92340626|34119021|2||2||1|1|2|2|2|2|2|2|2||1||2600000
3411903|1|1|1|384.92340626|34119031|2||2||1|1|2|2|2|2|2|2|2||1||5000000
3411904|1|1|1|244.22692137|34119041|2||2||1|1|2|2|2|2|2|2|2||1||10000000
3411905|1|1|1|345.80166108|34119051|2||1|3|1|1|2|2|2|2|2|2|1||1||2500000
3411906|1|1|1|502.80131372|34119061|2||2||1|1|2|2|2|2|2|1|2||1||8000000
3411907|1|1|1|466.65661935|34119071|2||2||1|2|2|1|2|2|2|2|2||3||1200000
3411908|1|1|1|373.51160735|34119081|2||2||1|1|2|2|2|2|2|2|2||1||9300000
3411909|1|1|1|421.06810064|34119091|2||2||1|1|2|2|2|2|2|2|2||1||1300000
3411910|1|1|1|486.49814596|34119101|2||2||1|1|2|2|2|2|2|2|2||1||1460000
3411911|1|1|1|244.77557986|34119111|2||2||1|1|2|2|2|2|2|1|2||1||2600000
3411912|1|1|1|219.4940259|34119121|2||2||1|1|2|2|2|2|2|2|2||1||3000000
3411913|1|1|1|502.80131372|34119131|2||2||1|1|2|2|2|2|2|2|2||1||250000
3411914|1|1|1|421.06810064|34119141|2||2||1|1|2|2|2|2|2|2|2||1||1460000
3411915|1|1|1|204.82815086|34119151|2||2||1|1|2|2|2|2|2|2|2||1||1300000
3411916|1|1|1|373.51160735|34119161|2||2||1|1|2|2|2|2|2|2|2||1||1750000
3411917|1|1|1|296.75298347|34119171|2||2||1|1|1|2|2|2|2|2|2||1||360000
3411918|1|1|1|504.80754796|34119181|2||2||1|1|2|2|2|2|2|1|2||1||1630000
3411919|1|1|1|446.34965459|34119191|2||2||1|1|2|2|2|2|2|2|2||1||500000
3411920|1|1|1|446.34965459|34119201|2||2||1|2|2|1|2|2|2|2|2||3||1300000
3411921|1|1|1|375.51784158|34119211|2||2||2|1|2|2|2|2|2|2|2||1||1460000
3411922|1|1|1|410.20496022|34119221|2||2||2|1|2|1|2|2|2|2|2||1||2300000
3411923|1|1|1|375.51784158|34119231|2||2||1|1|2|2|2|2|2|2|2||1||1300000
3411924|1|1|1|446.34965459|34119241|2||2||1|1|2|2|2|2|2|2|2||1||1460000
3411925|1|1|1|452.35968582|34119251|2||2||1|1|2|2|2|2|2|2|2||1||400000
3411926|1|1|1|396.33520516|34119261|2||2||1|1|2|2|2|2|2|2|2||1||1500000
3411927|1|1|1|196.54903466|34119271|2||2||1|1|2|2|2|2|2|2|2||1||600000
3411928|1|1|1|213.201302|34119281|2||2||1|1|2|2|2|2|2|2|2||1||1200000
3411929|1|1|1|97.658732963|34119291|2||2||1|1|2|2|2|2|2|2|2||1||1900000
3411930|1|1|1|201.03938244|34119301|2||2||1|1|2|2|2|2|2|2|2||1||200000
3411931|1|1|1|47.774840624|34119311|2||2||1|1|2|2|2|2|2|2|1||1||900000
3411932|1|1|1|140.87312561|34119321|2||2||1|1|2|2|2|2|2|2|2||1||2500000
3411933|1|1|1|98.22234678|34119331|2||2||1|1|2|2|2|2|2|2|2||1||1500000
3411934|1|1|1|103.68140781|34119341|2||2||1|1|2|2|2|2|2|2|2||1||2300000
3411935|1|1|1|95.85623659|34119351|2||2||1|1|2|2|2|2|2|2|2||1||1200000
3411936|1|1|1|47.774840624|34119361|2||2||1|1|2|2|2|2|2|2|2||1||1800000
3411937|1|1|1|56.539266452|34119371|2||2||1|1|2|2|2|2|2|2|2||1||1650000
3411938|1|1|1|71.616404173|34119381|2||2||1|2|2|1|2|2|2|2|1||3||3000000
3411939|1|1|1|89.065327415|34119391|2||2||1|1|2|1|2|2|2|2|2||1||1300000
3411940|1|1|1|96.064926959|34119401|2||2||1|1|2|2|2|2|2|2|2||1||2000000
3411941|1|1|1|140.28014419|34119411|2||2||1|1|2|2|2|2|2|2|2||1||2600000
3411942|1|1|1|125.17170959|34119421|2||2||1|1|2|2|2|2|2|2|2||1||3000000
3411943|1|1|1|64.46766791|34119431|2||2||1|1|2|2|2|2|2|2|2||1||1300000
3411944|1|1|1|160.99036919|34119441|2||2||1|1|2|2|2|2|2|2|2||1||3000000
3411945|1|1|1|164.8778037|34119451|2||2||1|1|2|2|2|2|2|2|2||1||2500000
3411946|1|1|1|96.096119678|34119461|2||2||1|1|2|2|2|2|2|2|2||1||4000000
3411947|1|1|1|187.63675694|34119471|2||2||1|1|2|2|2|2|2|2|2||1||1300000
3411948|1|1|1|158.04860523|34119481|2||2||1|2|2|2|2|2|2|2|1||8||2500000
3411949|1|1|1|142.21976466|34119491|2||2||1|1|2|2|2|2|2|2|2||1||800000
3411950|1|1|1|116.61196797|34119501|2||2||1|2|2|2|1|2|2|2|2||4||1000000
3411951|1|1|1|161.77249313|34119511|2||2||1|2|1|2|2|2|2|2|2||2||90000
3411952|1|1|1|144.12451951|34119521|2||2||1|1|2|2|2|2|2|2|2||1||1300000
3411953|1|1|1|140.97317259|34119531|2||2||1|1|2|2|2|2|2|2|2||1||800000
3411954|1|1|1|108.70830893|34119541|2||2||1|1|2|2|2|2|2|2|2||1||1200000
3411955|1|1|1|140.97317259|34119551|2||2||1|1|2|2|2|2|2|2|1||1||2500000
3411956|1|1|1|101.96796127|34119561|2||2||1|1|2|2|2|2|2|2|1||8||1000000
3411957|1|1|1|217.38867435|34119571|2||2||1|1|2|2|2|2|2|2|2||1||2000000
3411957|1|2|2|217.38867435|34119572|2||2||1|1|2|2|1|2|2|2|2||1||1300000
3411957|1|3|3|217.38867435|34119573|2||2||1|1|2|2|1|2|2|2|2||1||1300000
3411958|1|1|1|97.658732963|34119581|2||2||1|1|2|2|2|2|2|2|2||1||300000
3411959|1|1|1|184.9600861|34119591|2||2||1|1|2|2|2|2|2|2|2||1||200000
3411960|1|1|1|97.658732963|34119601|2||2||1|1|2|2|2|2|2|2|2||1||700000
3411961|1|1|1|149.30800329|34119611|2||2||1|1|1|2|2|2|2|2|2||2||80000
3411962|1|1|1|215.08509196|34119621|2||2||1|1|2|2|2|2|2|2|2||1||1000000
3411963|1|1|1|135.49396186|34119631|2||2||1|1|1|2|2|2|2|2|2||2||400000
3411964|1|1|1|113.71536008|34119641|2||2||1|1|2|2|1|2|2|2|2||4||1000000
3411965|1|1|1|109.07261236|34119651|2||2||1|1|2|2|2|2|2|2|2||1||800000
3411966|1|1|1|88.952200677|34119661|2||2||1|1|2|2|2|2|2|2|2||1||1300000
3411967|1|1|1|131.32978323|34119671|2||2||1|1|2|2|2|2|2|2|2||1||900000
3411968|1|1|1|126.94145899|34119681|2||2||1|1|2|2|2|2|2|2|2||1||1300000
3411969|1|1|1|203.42525537|34119691|2||2||1|1|2|2|2|2|2|2|2||1||1000000
3411970|1|1|1|96.266436841|34119701|2||2||1|1|2|2|2|2|2|2|2||1||1550000
3411971|1|1|1|127.25635096|34119711|2||2||1|1|2|2|1|2|2|2|2||1||1700000
3411972|1|1|1|108.54648008|34119721|2||2||1|1|2|2|2|2|2|2|2||1||1800000
3411973|1|1|1|150.55956437|34119731|2||2||1|1|2|2|2|2|2|2|2||1||1300000
3411974|1|1|1|61.537319368|34119741|2||2||1|1|2|2|2|2|2|2|1||1||3000000
3411975|1|1|1|84.874545664|34119751|2||2||1|1|2|2|2|2|2|2|2||1||5000000
3411976|1|1|1|125.04034653|34119761|1|1|2||1|1|2|2|2|2|2|2|2||1||2000000
3411977|1|1|1|80.935517227|34119771|1|1|2||1|1|2|2|2|2|2|2|2||1||1500000
3411978|1|1|1|133.903774|34119781|2||2||1|1|2|2|2|2|2|2|2||1||2000000
3411979|1|1|1|115.55178081|34119791|2||2||1|1|2|2|2|2|2|2|1||1||400000
3411980|1|1|1|58.606970827|34119801|2||2||1|2|1|2|2|2|2|2|2||2||160000
3411981|1|1|1|115.17003228|34119811|2||2||1|1|2|2|2|2|2|2|2||1||200000
3411982|1|1|1|88.185591115|34119821|2||2||1|1|2|2|2|2|2|2|2||1||850000
3411983|1|1|1|165.11348729|34119831|2||2||1|1|2|2|2|2|2|2|2||1||2100000
3411984|1|1|1|99.861124678|34119841|2||2||1|1|2|2|2|2|2|2|2||1||1800000
3411985|1|1|1|122.29353507|34119851|2||2||1|1|2|2|2|2|2|2|2||1||1300000
3411986|1|1|1|142.513863|34119861|2||2||1|1|2|2|2|2|2|2|2||1||500000
3411987|1|1|1|173.71421538|34119871|2||2||1|1|2|2|1|2|2|2|2||4||700000
3411988|1|1|1|152.07829301|34119881|2||2||1|1|2|2|2|2|2|2|2||1||1300000
3411989|1|1|1|103.76025705|34119891|2||2||1|1|2|2|2|2|2|2|2||1||600000
3411989|1|2|2|103.76025705|34119892|2||2||1|1|1|2|2|2|2|2|2||1||500000
3411990|1|1|1|524.90482976|34119901|2||2||1|1|2|2|2|2|2|2|1||1||500000
3411990|1|2|2|524.90482976|34119902|2||2||1|1|2|2|1|2|2|2|2||1||1000000
3411991|1|1|1|239.49147023|34119911|2||2||1|2|2|2|2|2|2|2|1||8||600000
3411992|1|1|1|277.76996636|34119921|2||2||1|2|2|2|1|2|2|2|1||8||600000
3411993|1|1|1|241.55711445|34119931|2||2||1|2|1|2|2|2|2|2|1||8||280000
3411994|1|1|1|346.5015385|34119941|2||2||1|1|2|2|2|2|2|2|2||1||700000
3411995|1|1|1|103.76025705|34119951|2||2||1|1|2|2|2|2|2|2|2||1||600000
3411996|1|1|1|106.94914577|34119961|2||2||1|1|2|2|2|2|2|2|2||1||800000
3411997|1|1|1|103.76025705|34119971|2||2||1|1|1|2|2|1|2|2|2||1||650000
3411997|1|2|2|103.76025705|34119972|2||2||1|1|1|2|2|2|2|2|2||1||470000
3411998|1|1|1|275.38226811|34119981|2||2||1|1|2|2|2|2|2|2|2||1||1600000
3411999|1|1|1|253.77220291|34119991|2||2||1|1|2|2|2|2|2|2|2||1||1000000
3412000|1|1|1|100.11954627|34120001|2||2||1|1|2|2|2|2|2|2|2||1||400000
3412001|1|1|1|248.35367465|34120011|2||2||1|1|2|1|2|2|2|2|2||3||2500000
3412002|1|1|1|277.47720445|34120021|2||2||1|1|2|2|2|2|2|2|2||1||800000
3412003|1|1|1|307.62153385|34120031|2||2||1|1|2|2|2|2|2|2|2||1||7000000
3412004|1|1|1|116.9471817|34120041|2||2||1|1|2|2|2|2|2|2|2||1||800000
3412005|1|1|1|506.48711643|34120051|2||2||1|1|2|2|2|2|2|2|2||1||500000
3412006|1|1|1|114.95401623|34120061|2||2||1|2|2|2|2|2|2|2|2|99||99|
3412007|1|1|1|256.26617968|34120071|2||2||1|1|2|2|2|2|2|2|2||1||3500000
3412008|1|1|1|204.84134457|34120081|2||2||1|1|2|2|2|2|2|2|2||1||5200000
3412009|1|1|1|95.37862415|34120091|2||2||1|1|2|2|2|2|2|2|2||1||1300000
3412010|1|1|1|468.11688034|34120101|2||2||1|1|2|2|2|2|2|2|2||1||2000000
3412011|1|1|1|421.06173726|34120111|2||2||1|1|2|2|2|2|2|2|2||1||900000
3412012|1|1|1|176.9806765|34120121|2||2||1|1|2|2|2|2|2|2|2||1||2500000
3412013|1|1|1|345.43691337|34120131|2||2||1|1|2|2|2|2|2|2|2||1||1000000
3412014|1|1|1|93.073585012|34120141|2||2||1|1|1|2|2|2|2|1|2||1||1200000
3412015|1|1|1|243.28441049|34120151|2||2||1|1|2|1|2|2|2|2|2||3||2500000
3412016|1|1|1|169.0121746|34120161|2||2||2|1|2|2|2|2|2|2|2||1||7000000
3412017|1|1|1|205.67448164|34120171|2||2||2|1|2|2|2|2|2|2|2||1||1000000
3412018|1|1|1|116.59869275|34120181|2||2||1|1|2|2|2|2|2|2|2||1||15000000
3412019|1|1|1|169.0121746|34120191|2||2||1|1|2|2|2|2|2|2|2||1||3500000
3412020|1|1|1|116.59869275|34120201|2||2||2|1|2|2|2|2|2|2|2||1||3500000
3412021|1|1|1|246.54822127|34120211|2||2||1|1|2|2|2|2|2|2|2||1||300000
3412022|1|1|1|113.12208475|34120221|2||2||1|1|2|2|2|2|2|2|2||1||1000000
3412023|1|1|1|116.59869275|34120231|2||2||1|1|2|2|2|2|2|2|2||1||2900000
3412024|1|1|1|211.89220565|34120241|2||2||1|2|2|1|2|2|2|2|2||3||600000
3412025|1|1|1|239.29614147|34120251|2||2||1|1|2|2|2|2|2|2|2||1||500000
3412026|1|1|1|92.795546126|34120261|2||2||1|1|2|2|2|2|2|2|2||1||1600000
3412026|1|2|2|92.795546126|34120262|2||2||1|1|1|2|2|2|2|2|2||1||480000
3412027|1|1|1|171.98769026|34120271|2||2||1|1|2|2|2|2|2|2|2||1||600000
3412028|1|1|1|91.017769338|34120281|2||2||1|1|2|2|2|2|2|2|2||1||1500000
3412029|1|1|1|135.98680715|34120291|2||2||1|1|2|2|2|2|2|2|2||1||1000000
3412030|1|1|1|104.50365111|34120301|2||2||1|1|2|2|1|2|2|2|2||1||1500000
3412031|1|1|1|293.4932532|34120311|2||2||1|1|2|2|1|2|2|2|2||1||1500000
3412033|1|1|1|417.45477175|34120331|2||2||2|1|2|2|2|2|2|2|2||1||1300000
3412034|1|1|1|375.75961552|34120341|2||2||1|1|2|2|2|2|2|2|2||1||1200000
3412036|1|1|1|356.5926798|34120361|2||2||1|1|2|2|2|2|2|2|2||1||1200000
3412037|1|1|1|204.0109679|34120371|2||2||1|1|2|2|2|2|2|2|2||1||2800000
3412038|1|1|1|298.87063992|34120381|2||2||1|1|2|2|2|2|2|2|2||1||500000
3412039|1|1|1|501.92131167|34120391|2||2||2|1|2|2|2|2|2|2|2||1||1400000
3412040|1|1|1|306.84526746|34120401|2||2||1|1|2|2|2|2|2|2|1||1||900000
3412041|1|1|1|431.88627842|34120411|2||2||1|1|2|2|2|2|2|2|2||1||500000
3412042|1|1|1|274.47841201|34120421|2||2||1|1|2|2|2|2|2|2|2||1||1200000
3412043|1|1|1|526.2086972|34120431|2||2||1|1|2|2|2|2|2|2|2||1||1200000
3412044|1|1|1|526.2086972|34120441|2||2||1|1|2|2|2|2|2|2|2||1||2000000
3412045|1|1|1|621.06139485|34120451|2||2||1|1|2|2|2|2|2|2|1||1||800000
3412046|1|1|1|425.03358669|34120461|2||2||2|1|2|2|2|2|2|2|2||1||1500000
3412047|1|1|1|425.40463766|34120471|2||2||2|1|2|2|2|2|2|2|2||1||1300000
3412048|1|1|1|749.52234583|34120481|2||2||2|1|2|2|2|2|2|2|2||1||1200000
3412049|1|1|1|440.68414704|34120491|2||2||1|1|2|2|2|2|2|2|1||8||1000000
3412050|1|1|1|397.04432848|34120501|2||2||1|2|2|2|2|2|2|2|1||8||900000
3412051|1|1|1|491.12811738|34120511|2||2||2|1|2|2|2|2|2|1|2||1||2300000
3412052|1|1|1|392.8135943|34120521|2||2||2|1|2|2|2|2|2|2|2||1||2600000
3412053|1|1|1|511.52054075|34120531|2||2||1|2|2|1|2|2|2|2|2||3||1400000
3412054|1|1|1|287.94169386|34120541|2||2||1|1|2|2|2|2|1|2|1||1||1500000
3412055|1|1|1|440.68414704|34120551|2||2||2|2|2|1|2|2|2|1|1||3||1600000
3412056|1|1|1|559.26487849|34120561|2||2||1|1|2|2|2|2|2|2|2||1||2800000
3412057|1|1|1|511.52054075|34120571|2||2||1|1|2|2|2|2|2|2|2||1||1300000
3412058|1|1|1|351.11878795|34120581|2||2||1|1|2|1|2|2|2|2|2||1||3000000
3412059|1|1|1|455.70913418|34120591|2||2||2|1|2|2|2|2|2|2|2||1||2500000
3412060|1|1|1|440.68414704|34120601|2||2||1|2|2|2|2|2|2|2|1||8||1000000
3412061|1|1|1|202.52348401|34120611|2||2||1|1|2|2|2|2|2|2|2||1||1200000
3412062|1|1|1|170.93389141|34120621|2||2||1|1|2|2|2|2|2|2|2||1||1000000
3412063|1|1|1|480.67551404|34120631|2||2||1|1|2|2|2|2|2|2|2||1||800000
3412064|1|1|1|391.4859373|34120641|2||2||1|1|2|2|2|2|2|2|2||1||3200000
3412065|1|1|1|222.54326398|34120651|2||2||1|1|2|2|2|2|2|2|2||1||1700000
3412066|1|1|1|336.32500612|34120661|2||2||2|1|2|2|2|2|2|2|2||1||2500000
3412067|1|1|1|357.82191409|34120671|2||2||2|1|2|2|2|2|2|2|2||1||2600000
3412068|1|1|1|272.58310686|34120681|2||2||2|1|2|2|2|2|2|2|2||1||1500000
3412069|1|1|1|392.00520939|34120691|2||2||1|1|2|2|2|2|2|2|2||1||1200000
3412071|1|1|1|340.26127769|34120711|2||2||2|1|2|2|2|2|2|2|2||1||2600000
3412072|1|1|1|324.5574699|34120721|2||2||2|1|2|2|2|2|2|2|2||1||1200000
3412073|1|1|1|214.43569744|34120731|2||2||2|1|2|2|2|2|2|2|2||1||1300000
3412074|1|1|1|162.17374188|34120741|2||2||1|1|2|2|2|2|2|2|2||1||1200000
3412075|1|1|1|236.30513174|34120751|2||2||2|1|2|2|2|2|2|2|2||1||1700000
3412076|1|1|1|231.66305117|34120761|2||2||2|1|2|2|2|2|2|2|2||1||1900000
3412077|1|1|1|149.16309386|34120771|2||2||1|1|2|2|2|2|2|2|2||1||2000000
3412078|1|1|1|216.06190408|34120781|1|1|2||1|1|2|2|2|2|2|2|2||1||5000000
3412079|1|1|1|167.29476357|34120791|2||2||2|1|2|2|2|2|2|2|2||1||900000
3412080|1|1|1|163.35341103|34120801|2||2||1|1|2|2|2|2|2|2|2||1||1400000
3412081|1|1|1|110.96990349|34120811|2||2||1|1|2|2|2|2|2|2|2||1||800000
3412083|1|1|1|155.1046356|34120831|2||2||1|1|2|2|2|2|2|2|1||1||1000000
3412084|1|1|1|230.64700981|34120841|2||2||1|1|2|2|2|2|2|2|2||1||1400000
3412085|1|1|1|191.40640343|34120851|2||2||2|1|2|2|2|2|2|2|1||1||1800000
3412086|1|1|1|227.0673317|34120861|2||2||1|1|2|2|2|2|2|2|2||1||1300000
3412087|1|1|1|202.94322951|34120871|2||2||1|1|2|2|2|2|2|2|2||1||1400000
3412088|1|1|1|242.72714768|34120881|2||2||1|1|2|2|2|2|2|2|2||1||1400000
3412089|1|1|1|182.51781449|34120891|2||2||1|1|2|2|2|2|2|2|2||1||1400000
3412090|1|1|1|183.71658681|34120901|2||2||1|1|2|2|1|2|2|2|2||1||1200000
3412091|1|1|1|146.64249581|34120911|2||2||1|1|2|2|2|2|2|2|2||1||1800000
3412093|1|1|1|220.82387586|34120931|2||2||1|1|2|2|2|2|2|2|1||8||700000
3412096|1|1|1|242.72714768|34120961|2||2||1|1|2|2|2|2|2|2|2||1||1300000
3412097|1|1|1|135.57927168|34120971|2||2||1|1|2|2|2|2|2|1|2||1||12000000
3412099|1|1|1|199.66150251|34120991|1|1|2||1|1|2|2|2|2|2|2|2||1||12000000
3412102|1|1|1|169.25129159|34121021|2||2||1|1|2|1|2|2|2|2|2||3||5000000
3412103|1|1|1|122.63761428|34121031|2||2||1|1|2|2|2|2|2|2|2||1||5000000
3412104|1|1|1|113.7131108|34121041|2||2||1|1|2|2|2|2|2|2|2||1||5500000
3412107|1|1|1|82.523292835|34121071|2||2||1|1|2|1|2|2|2|2|2||3||10000000
3412108|1|1|1|135.57927168|34121081|2||2||1|1|2|2|2|2|2|2|2||1||4000000
3412109|1|1|1|211.84261199|34121091|2||2||1|1|2|2|2|2|2|2|2||1||2800000
3412110|1|1|1|203.88825857|34121101|2||2||1|1|2|2|1|2|2|2|2||1||1300000
3412111|1|1|1|218.11941498|34121111|2||2||1|1|2|2|2|2|2|2|2||1||500000
3412112|1|1|1|293.62154961|34121121|2||2||1|1|2|2|2|2|2|2|2||1||500000
3412113|1|1|1|224.06215567|34121131|2||2||1|1|2|2|1|2|2|2|2||1||1500000
3412115|1|1|1|289.03405158|34121151|2||2||1|1|2|1|2|2|2|2|2||3||2800000
3412116|1|1|1|191.62127232|34121161|2||2||1|1|2|1|2|2|2|2|2||3||13000000
3412117|1|1|1|212.54670567|34121171|2||2||1|1|2|2|2|2|2|2|2||1||300000
3412118|1|1|1|265.66973925|34121181|2||2||1|1|2|2|1|2|2|2|2||1||2800000
3412119|1|1|1|230.00264703|34121191|2||2||1|1|2|2|2|2|2|2|2||1||1000000
3412121|1|1|1|157.15438695|34121211|2||2||1|1|2|2|1|2|2|2|1||1||1900000
3412123|1|1|1|218.72016795|34121231|2||2||1|1|2|2|2|2|2|2|2||1||1300000
3412125|1|1|1|209.87362449|34121251|2||2||1|1|2|2|2|2|2|2|2||1||1800000
3412126|1|1|1|216.24822584|34121261|2||2||1|1|2|2|2|2|2|2|2||1||800000
3412127|1|1|1|169.47408959|34121271|2||2||1|1|2|2|2|2|2|2|2||1||1400000
3412128|1|1|1|138.09162302|34121281|2||2||1|2|2|1|1|2|2|2|2||3||1700000
3412129|1|1|1|196.35871966|34121291|2||2||1|1|2|2|2|2|2|2|2||1||450000
3412130|1|1|1|167.9766563|34121301|2||2||1|1|2|2|2|2|2|2|2||1||1500000
3412131|1|1|1|205.67991917|34121311|2||2||1|1|1|2|2|2|2|2|2||1||750000
3412132|1|1|1|257.34917284|34121321|2||2||2|1|2|2|2|2|2|2|2||1||500000
3412133|1|1|1|400.76321257|34121331|2||2||1|1|2|2|2|2|2|2|2||1||2300000
3412134|1|1|1|351.61244734|34121341|2||2||1|1|1|2|2|2|2|2|2||1||900000
3412135|1|1|1|253.92154933|34121351|2||2||2|1|2|2|2|2|2|2|2||1||1300000
3412136|1|1|1|179.72684142|34121361|2||2||1|1|2|2|2|2|2|2|2||1||500000
3412137|1|1|1|381.49660603|34121371|2||2||1|1|2|2|2|2|2|2|2||1||2300000
3412138|1|1|1|335.26847184|34121381|2||2||2|1|2|2|2|2|2|2|2||1||950000
3412139|1|1|1|359.47714836|34121391|2||2||2|1|2|2|2|2|2|2|2||1||2900000
3412140|1|1|1|342.39976067|34121401|2||2||2|1|2|2|2|2|2|2|2||1||400000
3412141|1|1|1|284.20316536|34121411|2||2||1|1|2|2|2|2|2|2|1||1||850000
3412142|1|1|1|253.92154933|34121421|2||2||2|1|2|2|2|2|2|2|2||1||2000000
3412143|1|1|1|268.81495651|34121431|2||2||1|1|2|1|2|2|2|2|2||1||1000000
3412144|1|1|1|244.66591029|34121441|2||2||1|1|2|2|2|2|2|2|2||1||2500000
3412145|1|1|1|254.21113439|34121451|2||2||1|1|2|2|2|2|2|2|2||1||600000
3412146|1|1|1|327.83360666|34121461|2||2||1|1|1|1|2|2|2|2|2||1||1800000
3412147|1|1|1|318.82639179|34121471|2||2||1|1|2|2|2|2|2|2|2||1||1000000
3412148|1|1|1|284.93997861|34121481|2||2||1|1|2|2|1|2|2|2|2||1||1600000
3412149|1|1|1|285.32583913|34121491|2||2||1|1|2|2|2|2|2|2|2||1||500000
3412150|1|1|1|406.40886797|34121501|2||2||2|1|2|2|2|2|1|1|2||1||900000
3412151|1|1|1|284.7751769|34121511|2||2||1|1|2|2|2|2|2|2|2||1||2900000
3412152|1|1|1|320.94263668|34121521|2||2||2|1|2|2|2|2|2|2|2||1||2300000
3412153|1|1|1|248.34348594|34121531|2||2||1|1|2|2|2|2|2|2|2||1||600000
3412154|1|1|1|264.04036339|34121541|2||2||2|1|2|2|2|2|2|2|2||1||1300000
3412155|1|1|1|386.91530881|34121551|2||2||2|1|2|2|2|2|2|2|2||1||1400000
3412156|1|1|1|322.56879408|34121561|2||2||1|1|2|2|2|2|2|2|2||1||1300000
3412157|1|1|1|258.22323683|34121571|2||2||2|2|2|1|2|2|2|2|2||3||2300000
3412158|1|1|1|273.91648485|34121581|2||2||1|1|2|2|2|2|2|2|2||1||500000
3412160|1|1|1|256.11370743|34121601|2||2||1|1|2|2|2|2|2|2|2||1||800000
3412161|1|1|1|288.42440939|34121611|2||2||1|1|2|1|2|2|2|2|2||3||3700000
3412162|1|1|1|204.3960238|34121621|2||2||1|1|2|2|2|2|2|2|2||1||1300000
3412164|1|1|1|241.89638622|34121641|2||2||1|1|2|2|2|2|2|2|2||1||1400000
3412165|1|1|1|230.35840388|34121651|2||2||1|1|2|2|2|2|2|2|2||1||2800000
3412166|1|1|1|227.26102201|34121661|2||2||1|2|2|2|2|2|2|2|1||8||1500000
3412167|1|1|1|296.01984169|34121671|2||2||1|1|2|2|2|2|2|2|2||1||2600000
3412169|1|1|1|282.83651925|34121691|2||2||1|1|2|2|2|2|2|2|2||1||2700000
3412170|1|1|1|184.17276945|34121701|2||2||1|1|2|2|2|2|2|2|2||1||1000000
3412171|1|1|1|62.897992381|34121711|2||2||1|2|2|1|2|2|2|2|1||3||300000
3412172|1|1|1|51.125416032|34121721|2||2||1|2|2|2|2|2|2|2|2|1||600000|
3412173|1|1|1|34.369843819|34121731|2||2||1|1|2|2|2|2|2|2|2||1||1300000
3412174|1|1|1|110.72154368|34121741|2||2||1|2|2|2|2|2|2|2|2|2||500000|
3412175|1|1|1|74.267556612|34121751|2||2||1|2|2|2|2|2|2|2|2|1||600000|
3412176|1|1|1|71.336036927|34121761|2||2||1|1|2|2|2|2|2|2|2||1||500000
3412177|1|1|1|51.125416032|34121771|2||2||1|2|2|2|2|2|2|2|2|1||700000|
3412178|1|1|1|52.207012314|34121781|2||2||1|1|2|2|2|2|2|2|2||1||2000000
3412179|1|1|1|65.808167954|34121791|2||2||1|1|2|2|2|2|2|2|1||1||700000
3412180|1|1|1|60.801689312|34121801|2||2||1|1|1|2|2|2|2|2|2||1||400000
3412181|1|1|1|60.801689312|34121811|2||2||1|1|2|2|2|2|2|2|2||1||1700000
3412182|1|1|1|166.97821662|34121821|2||2||1|1|1|2|2|2|2|2|2||1||98
3412183|1|1|1|191.51696083|34121831|2||2||1|1|1|2|2|2|2|2|1||1||900000
3412184|1|1|1|77.133616722|34121841|2||2||1|1|2|2|2|2|2|2|2||1||800000
3412185|1|1|1|162.50058448|34121851|2||2||1|1|2|2|2|2|2|2|2||1||2500000
3412187|1|1|1|82.180972541|34121871|2||2||1|2|2|2|2|2|2|2|2|2||98|
3412188|1|1|1|150.97392929|34121881|2||2||1|1|2|2|2|2|2|2|1||8||99
3412190|1|1|1|85.798559568|34121901|2||2||1|1|2|2|2|2|2|2|2||1||2400000
3412191|1|1|1|50.049159748|34121911|2||2||1|1|2|1|2|2|2|2|2||1||1600000
3412192|1|1|1|95.196961442|34121921|2||2||1|2|2|1|2|2|2|2|2||3||1700000
3412193|1|1|1|79.016018637|34121931|2||2||1|1|2|2|2|2|2|2|2||1||4000000
3412194|1|1|1|52.019223078|34121941|2||2||1|2|2|2|2|2|2|2|2|2||1300000|
3412195|1|1|1|126.83787398|34121951|2||2||1|1|2|2|2|2|2|2|2||1||600000
3412196|1|1|1|79.016018637|34121961|2||2||1|1|2|2|2|2|2|2|1||1||300000
3412197|1|1|1|70.649514245|34121971|2||2||1|1|2|2|2|2|2|2|2||1||450000
3412198|1|1|1|112.40495055|34121981|2||2||1|2|2|2|2|2|2|2|2|1||600000|
3412199|1|1|1|110.46492416|34121991|2||2||1|1|2|2|2|2|2|2|2||1||1000000
3412200|1|1|1|149.25254701|34122001|2||2||1|2|2|1|2|2|2|2|2||3||3000000
3412201|1|1|1|62.242727531|34122011|2||2||1|1|1|2|2|2|2|2|1||1||1300000
3412202|1|1|1|79.934732154|34122021|2||2||1|1|2|1|2|2|2|2|2||1||700000
3412203|1|1|1|86.576186234|34122031|2||2||1|1|2|2|1|2|2|2|1||1||500000
3412204|1|1|1|52.801872254|34122041|2||2||1|1|1|2|2|2|2|2|2||1||800000
3412205|1|1|1|89.200021515|34122051|2||2||1|1|2|2|2|2|2|2|2||1||1300000
3412206|1|1|1|89.67173792|34122061|2||2||1|2|2|2|2|2|2|2|2|2||600000|
3412208|1|1|1|104.45310063|34122081|2||2||1|1|2|1|2|2|2|2|2||1||5000000
3412209|1|1|1|156.78713144|34122091|2||2||1|1|2|1|2|2|2|2|2||3||900000
3412211|1|1|1|125.8901076|34122111|2||2||1|2|2|2|2|2|2|2|2|1||2600000|
3412212|1|1|1|83.019341063|34122121|2||2||1|1|2|2|2|2|2|2|2||1||1300000
3412213|1|1|1|81.775004067|34122131|2||2||1|1|2|2|2|2|2|2|2||1||1500000
3412214|1|1|1|66.222888784|34122141|2||2||1|1|2|2|2|2|2|2|2||1||5000000
3412216|1|1|1|75.82141006|34122161|2||2||1|2|2|2|2|2|2|2|2|2||300000|
3412217|1|1|1|73.809476543|34122171|2||2||1|1|1|2|2|2|2|2|1||8||500000
3412218|1|1|1|118.90108132|34122181|2||2||1|1|2|2|1|2|2|2|1||1||300000
3412220|1|1|1|76.852935137|34122201|2||2||1|1|2|2|2|2|2|2|1||8||400000
3412221|1|1|1|78.114038778|34122211|2||2||1|1|2|2|2|2|2|2|2||1||600000
3412222|1|1|1|104.78071438|34122221|2||2||1|2|2|2|2|2|2|2|2|2||98|
3412223|1|1|1|97.146290999|34122231|2||2||1|1|2|2|2|2|2|2|2||1||600000
3412225|1|1|1|82.906080053|34122251|2||2||1|1|1|2|2|2|2|2|1||1||400000
3412226|1|1|1|77.915987261|34122261|2||2||1|2|2|2|2|2|2|2|2|1||300000|
3412227|1|1|1|127.31938773|34122271|2||2||1|1|2|2|2|2|2|2|2||1||400000
3412229|1|1|1|141.60420699|34122291|2||2||1|1|2|2|2|2|2|2|2||1||500000
3412230|1|1|1|122.89023181|34122301|2||2||1|2|2|2|2|2|2|2|2|1||300000|
3412231|1|1|1|138.39276852|34122311|2||2||1|2|2|2|2|2|2|2|2|2||300000|
3412232|1|1|1|127.64404752|34122321|2||1|3|1|1|2|2|2|2|2|2|1||8||600000
3412233|1|1|1|110.06779859|34122331|2||2||1|1|2|2|2|2|2|2|1||1||700000
3412234|1|1|1|114.35012571|34122341|2||2||1|1|2|2|2|2|2|2|2||1||600000
3412235|1|1|1|110.63809615|34122351|2||2||1|1|2|2|2|2|2|2|1||1||1200000
3412236|1|1|1|71.961016973|34122361|2||2||1|1|1|2|2|2|2|2|2||1||300000
3412237|1|1|1|108.49744039|34122371|2||2||1|2|2|2|2|2|2|2|2|1||1500000|
3412238|1|1|1|90.708555828|34122381|2||2||1|1|1|2|2|2|2|2|2||1||500000
3412239|1|1|1|92.628509742|34122391|2||2||1|2|2|2|2|2|2|2|2|2||300000|
3412240|1|1|1|110.58534318|34122401|2||2||1|1|2|2|2|2|2|2|2||1||800000
3412241|1|1|1|70.470168045|34122411|2||2||1|1|2|2|2|2|2|2|2||1||1300000
3412242|1|1|1|47.374649589|34122421|2||2||1|1|2|2|2|2|2|2|1||8||700000
3412243|1|1|1|94.354812108|34122431|2||2||1|1|2|2|2|2|2|2|2||1||1300000
3412244|1|1|1|82.906080053|34122441|2||2||1|2|2|2|2|2|2|2|2|1||200000|
3412245|1|1|1|84.660019968|34122451|2||2||1|1|2|2|2|2|2|2|2||1||800000
3412247|1|1|1|147.35688037|34122471|2||2||1|2|2|2|2|2|2|2|2|1||1500000|
3412248|1|1|1|163.05455318|34122481|2||2||1|1|2|2|2|2|2|2|2||1||1000000
3412249|1|1|1|80.411033657|34122491|2||2||1|1|2|1|2|2|2|2|2||3||1300000
3412250|1|1|1|153.34933485|34122501|2||2||1|1|2|2|2|2|2|2|2||1||98
3412251|1|1|1|84.660019968|34122511|2||2||1|1|2|2|2|2|2|2|2||1||1200000
3412252|1|1|1|791.79931223|34122521|2||2||1|1|2|2|2|2|2|2|2||1||1000000
3412253|1|1|1|344.65109644|34122531|2||2||1|1|2|2|2|2|2|2|2||1||400000
3412254|1|1|1|221.88840957|34122541|2||2||1|1|2|2|2|2|2|2|2||1||800000
3412255|1|1|1|277.40716804|34122551|2||2||1|1|2|2|2|2|2|2|2||1||500000
3412256|1|1|1|197.94982806|34122561|2||2||1|1|2|2|2|2|2|2|2||1||750000
3412257|1|1|1|197.94982806|34122571|2||2||1|1|2|2|2|2|2|2|2||1||1000000
3412258|1|1|1|340.38089765|34122581|2||2||1|1|2|2|2|2|2|2|2||1||700000
3412259|1|1|1|312.74641731|34122591|2||2||1|1|2|2|2|2|2|2|2||1||800000
3412260|1|1|1|312.74641731|34122601|2||2||1|1|2|2|2|2|2|2|2||1||300000
3412261|1|1|1|274.84218591|34122611|2||2||1|1|2|2|2|2|2|2|2||1||900000
3412262|1|1|1|369.97039243|34122621|2||2||1|1|2|2|2|2|2|2|2||1||1500000
3412263|1|1|1|161.37338878|34122631|2||2||1|1|2|2|2|2|2|2|2||1||1400000
3412264|1|1|1|295.68319277|34122641|2||2||1|1|2|2|2|2|2|2|2||1||2000000
3412265|1|1|1|247.54974375|34122651|2||2||1|1|2|2|2|2|2|2|2||1||1400000
3412266|1|1|1|199.88522611|34122661|2||2||1|1|2|2|2|2|2|2|2||1||1500000
3412267|1|1|1|438.98631219|34122671|2||2||1|1|2|2|2|2|2|2|2||1||2000000
3412268|1|1|1|159.68961834|34122681|2||2||1|1|2|2|2|2|2|2|2||1||5000000
3412269|1|1|1|143.96351132|34122691|2||2||1|1|2|2|2|2|2|2|2||1||1500000
3412270|1|1|1|295.68319277|34122701|2||2||1|1|2|2|2|2|2|2|2||1||1800000
3412271|1|1|1|447.63328447|34122711|2||2||1|1|2|2|2|2|2|2|2||1||3000000
3412272|1|1|1|247.54974375|34122721|2||2||1|1|2|2|2|2|2|1|2||7||1500000
3412273|1|1|1|161.37338878|34122731|2||2||1|2|2|1|2|2|2|2|2||3||1600000
3412274|1|1|1|212.03571628|34122741|2||2||1|1|2|2|2|2|2|2|2||1||2400000
3412275|1|1|1|143.96351132|34122751|2||2||1|1|2|2|2|2|2|2|2||1||1500000
3412276|1|1|1|207.35413598|34122761|2||2||1|1|2|2|2|2|2|2|2||1||1400000
3412277|1|1|1|161.37338878|34122771|2||2||1|1|2|2|2|2|2|2|2||1||1390000
3412278|1|1|1|504.01507985|34122781|2||2||1|1|2|2|1|2|2|2|2||1||1200000
3412279|1|1|1|143.96351132|34122791|2||2||1|1|2|2|2|2|2|2|2||1||2000000
3412280|1|1|1|575.85404526|34122801|2||2||1|1|2|2|2|2|2|2|2||1||1800000
3412281|1|1|1|289.16718019|34122811|1|1|2||1|1|2|2|2|2|2|2|2||1||1800000
3412282|1|1|1|143.96351132|34122821|2||2||1|1|2|2|2|2|2|2|2||1||2100000
3412283|1|1|1|267.82921875|34122831|2||2||1|1|2|2|2|2|2|2|2||1||1500000
3412284|1|1|1|269.06937631|34122841|2||2||1|1|2|2|2|2|2|2|2||1||1300000
3412285|1|1|1|159.50794723|34122851|2||2||1|1|2|2|2|2|2|2|2||1||600000
3412286|1|1|1|209.5068378|34122861|2||2||1|1|2|2|2|2|2|2|2||1||2000000
3412287|1|1|1|389.35946687|34122871|2||2||1|1|2|2|2|2|2|2|2||1||1500000
3412288|1|1|1|289.16718019|34122881|2||2||1|1|2|2|2|2|2|2|2||1||1000000
3412289|1|1|1|384.96514685|34122891|2||2||1|1|2|2|2|2|2|1|2||1||3000000
3412290|1|1|1|575.85404526|34122901|2||2||1|1|2|2|2|2|2|2|2||1||2000000
3412291|1|1|1|527.02810871|34122911|2||2||1|1|2|2|2|2|2|2|2||1||1500000
3412292|1|1|1|267.82921875|34122921|2||2||1|1|2|2|2|2|2|2|2||1||800000
3412293|1|1|1|295.68319277|34122931|2||2||1|1|2|2|2|2|2|2|2||1||3000000
3412294|1|1|1|161.37338878|34122941|2||2||1|1|2|1|2|2|2|2|2||3||1500000
3412295|1|1|1|403.37539859|34122951|2||2||1|1|2|2|2|2|2|2|2||1||2000000
3412296|1|1|1|248.97157243|34122961|2||2||1|1|2|1|2|2|2|2|2||3||2400000
3412297|1|1|1|369.26166299|34122971|2||2||1|1|2|2|2|2|2|2|2||1||1800000
3412298|1|1|1|201.12538368|34122981|2||2||1|1|2|2|2|2|2|2|2||1||3000000
3412299|1|1|1|193.80335394|34122991|2||2||1|1|2|2|2|2|2|2|2||1||3000000
3412300|1|1|1|161.37338878|34123001|2||2||1|1|2|2|2|2|2|2|2||1||1500000
3412301|1|1|1|431.67676719|34123011|2||2||1|1|2|2|1|2|2|2|2||1||1600000
3412302|1|1|1|347.92370154|34123021|2||2||1|1|2|2|2|2|2|2|2||1||2500000
3412303|1|1|1|377.20897671|34123031|2||2||1|1|2|2|2|2|2|2|2||1||1800000
3412304|1|1|1|575.85404526|34123041|2||2||1|1|2|2|2|2|2|2|2||1||1800000
3412305|1|1|1|230.55753898|34123051|2||2||1|1|2|2|2|2|2|2|2||1||1500000
3412306|1|1|1|179.78742223|34123061|2||2||1|1|2|2|2|2|2|2|2||1||1000000
3412307|1|1|1|143.96351132|34123071|2||2||1|1|2|2|2|2|2|2|2||1||800000
3412308|1|1|1|300.07751279|34123081|2||2||1|2|2|2|2|2|2|2|1||8||1000000
3412309|1|1|1|292.27277931|34123091|2||2||1|2|2|2|1|2|2|2|1||8||1000000
3412310|1|1|1|575.85404526|34123101|2||2||1|1|2|2|2|2|2|2|2||1||1500000
3412311|1|1|1|281.21986647|34123111|2||2||1|1|2|2|2|2|2|2|2||1||1000000
3412312|1|1|1|161.37338878|34123121|2||2||1|1|2|2|2|2|2|2|1||1||400000
3412313|1|1|1|438.98631219|34123131|2||2||1|2|2|2|2|2|2|2|2|2||1600000|
3412314|1|1|1|230.55753898|34123141|2||2||1|1|2|2|2|2|2|2|2||1||1200000
3412315|1|1|1|227.73920013|34123151|2||2||1|1|2|2|2|2|2|2|2||1||1000000
3412316|1|1|1|247.54974375|34123161|2||2||1|1|2|2|2|2|2|2|2||1||800000
3412317|1|1|1|539.17859887|34123171|2||2||2|1|2|2|2|2|2|2|2||1||1000000
3412318|1|1|1|143.96351132|34123181|2||2||1|1|2|2|2|2|2|2|2||1||1000000
3412319|1|1|1|201.75066766|34123191|2||2||1|1|1|2|2|2|2|2|2||2||150000
3412320|1|1|1|143.96351132|34123201|2||2||1|1|2|2|2|2|2|2|2||1||800000
3412321|1|1|1|269.06937631|34123211|2||2||1|1|2|2|2|2|2|2|2||1||1200000
3412322|1|1|1|247.54974375|34123221|2||2||1|1|2|2|2|2|2|2|2||1||700000
3412323|1|1|1|247.54974375|34123231|2||2||1|2|2|1|2|2|2|2|2||3||1000000
3412324|1|1|1|528.26826627|34123241|2||2||1|1|2|2|2|2|2|2|2||1||1400000
3412325|1|1|1|99.853312977|34123251|2||2||1|1|2|2|2|2|1|2|1||8||4000000
3412326|1|1|1|86.485281166|34123261|2||2||1|1|2|1|2|2|2|2|2||3||1800000
3412327|1|1|1|69.956061629|34123271|2||2||1|1|2|2|2|2|2|2|2||1||2000000
3412328|1|1|1|128.23122513|34123281|2||2||1|1|2|2|2|2|2|2|2||1||1000000
3412329|1|1|1|103.61280445|34123291|2||2||1|1|2|2|2|2|2|2|1||8||600000
3412331|1|1|1|117.31003491|34123311|2||2||1|2|2|2|1|2|2|2|1||8||400000
3412332|1|1|1|103.08036793|34123321|2||2||1|2|2|2|1|2|2|2|2||4||600000
3412333|1|1|1|164.35848276|34123331|2||2||1|1|2|2|2|2|2|2|2||1||1000000
3412334|1|1|1|125.54315008|34123341|2||2||1|1|2|2|2|2|2|2|2||1||1800000
3412335|1|1|1|119.37371764|34123351|2||2||1|1|2|2|2|2|2|2|2||1||2000000
3412336|1|1|1|82.143914253|34123361|2||2||1|1|2|2|2|2|2|2|2||1||1000000
3412337|1|1|1|87.565270442|34123371|2||2||1|1|2|2|2|2|2|2|2||1||1800000
3412338|1|1|1|100.25513099|34123381|2||2||1|2|2|2|1|2|2|2|2||4||700000
3412339|1|1|1|105.14405066|34123391|2||2||1|1|2|2|2|2|2|2|2||1||1200000
3412340|1|1|1|76.167569003|34123401|2||2||1|1|2|2|2|2|2|2|2||1||1000000
3412341|1|1|1|83.929536375|34123411|2||2||1|1|2|2|2|2|2|2|2||1||2000000
3412342|1|1|1|87.565270442|34123421|2||2||1|1|2|2|2|2|2|2|2||1||600000
3412343|1|1|1|120.96914167|34123431|2||2||1|1|2|2|2|2|2|2|2||1||1000000
3412344|1|1|1|104.90679518|34123441|2||2||1|1|2|2|2|2|2|2|2||1||1200000
3412345|1|1|1|85.501587711|34123451|2||2||1|1|2|2|2|2|2|2|2||1||600000
3412346|1|1|1|104.38249646|34123461|2||2||1|1|2|2|2|2|2|2|2||1||400000
3412347|1|1|1|96.373581229|34123471|2||2||1|1|2|2|2|2|2|2|2||1||600000
3412348|1|1|1|108.10936186|34123481|2||2||1|1|2|2|1|2|2|2|2||1||700000
3412349|1|1|1|122.4855754|34123491|2||1|1|1|1|2|2|2|2|2|2|2||1||850000
3412350|1|1|1|110.56540685|34123501|2||2||1|1|2|2|2|2|2|2|2||1||1200000
3412351|1|1|1|111.22121961|34123511|2||2||1|1|2|2|2|2|2|2|2||1||900000
3412352|1|1|1|111.22121961|34123521|2||2||1|1|2|2|2|2|2|2|2||1||99
3412353|1|1|1|111.22121961|34123531|2||2||1|1|2|2|2|2|2|2|1||1||850000
3412354|1|1|1|56.880917936|34123541|2||2||1|1|2|2|2|2|2|2|1||1||950000
3412355|1|1|1|65.882311586|34123551|2||2||1|1|2|2|2|2|2|2|2||1||1000000
3412356|1|1|1|59.436993765|34123561|2||2||1|1|2|2|2|2|2|2|2||1||300000
3412357|1|1|1|62.772104614|34123571|2||2||1|1|2|2|2|2|2|2|2||1||1200000
3412358|1|1|1|51.762767829|34123581|2||2||1|1|2|2|2|2|2|2|2||1||200000
3412359|1|1|1|85.276823011|34123591|2||2||1|1|2|2|2|2|2|2|2||1||1000000
3412360|1|1|1|104.56583781|34123601|2||2||1|1|2|2|2|2|2|2|2||1||300000
3412361|1|1|1|75.648302605|34123611|2||2||1|1|2|2|2|2|2|2|2||1||1200000
3412362|1|1|1|60.927457212|34123621|2||2||1|2|2|1|2|2|2|2|2||3||1300000
3412363|1|1|1|30.092950586|34123631|2||2||1|1|2|2|2|2|2|2|2||1||1200000
3412364|1|1|1|62.898525289|34123641|2||2||1|1|2|2|2|2|2|2|1||1||500000
3412365|1|1|1|68.389986734|34123651|2||2||1|2|2|2|2|2|2|2|1||8||200000
3412366|1|1|1|59.317983795|34123661|2||2||1|1|2|2|2|2|2|2|2||1||1200000
3412367|1|1|1|63.534881036|34123671|2||2||1|1|2|2|2|2|2|2|2||1||1500000
3412368|1|1|1|62.718216389|34123681|2||2||1|1|2|2|2|2|2|2|2||1||1650000
3412369|1|1|1|43.304669458|34123691|2||2||1|1|2|2|2|2|2|1|2||1||1800000
3412370|1|1|1|53.469403197|34123701|2||2||1|1|2|2|2|2|2|2|2||1||1200000
3412371|1|1|1|38.651635391|34123711|2||2||1|1|1|2|2|2|2|2|2||1||1300000
3412372|1|1|1|361.16316772|34123721|2||2||1|1|2|2|2|2|2|2|2||1||1300000
3412373|1|1|1|361.16316772|34123731|2||2||1|2|2|1|2|2|2|2|2||3||98
3412374|1|1|1|516.12612881|34123741|2||2||1|1|2|2|2|2|2|2|2||1||1000000
3412375|1|1|1|361.16316772|34123751|2||2||1|1|2|2|2|2|2|2|2||1||1600000
3412376|1|1|1|361.16316772|34123761|2||2||1|1|2|2|2|2|2|2|2||1||2500000
3412377|1|1|1|782.3201576|34123771|2||2||1|1|2|1|2|2|2|2|2||1||1300000
3412378|1|1|1|361.16316772|34123781|2||2||1|1|2|1|2|2|2|2|2||3||1700000
3412379|1|1|1|898.32951517|34123791|2||2||1|1|2|2|2|2|2|2|2||1||98
3412380|1|1|1|361.16316772|34123801|2||2||1|1|2|2|2|2|2|2|2||1||2000000
3412381|1|1|1|984.54503077|34123811|2||2||1|1|2|2|2|2|2|2|2||1||1000000
3412382|1|1|1|610.90399385|34123821|2||2||1|1|2|2|2|2|2|2|2||1||1000000
3412391|1|1|1|195.58374621|34123911|2||2||1|1|2|2|2|2|2|2|2||1||98
3412392|1|1|1|195.58374621|34123921|2||2||1|1|2|2|2|2|2|2|1||1||2000000
3412393|1|1|1|195.58374621|34123931|2||2||1|1|2|2|2|2|2|2|1||1||2000000
3412394|1|1|1|195.58374621|34123941|2||2||1|2|2|2|2|2|2|2|1||8||98
3412395|1|1|1|532.95361299|34123951|2||2||1|1|2|2|2|2|2|2|2||1||98
3412396|1|1|1|195.58374621|34123961|2||2||1|2|2|1|2|2|2|2|2||3||2600000
3412397|1|1|1|195.58374621|34123971|2||2||1|1|2|2|2|2|2|1|2||1||5000000
3412398|1|1|1|225.94324878|34123981|2||2||1|1|2|2|2|2|2|2|2||1||98
3412399|1|1|1|217.31527357|34123991|2||2||1|1|2|1|2|2|2|2|2||1||5000000
3412400|1|1|1|217.31527357|34124001|2||2||1|2|2|1|2|2|2|2|2||3||3000000
3412403|1|1|1|217.31527357|34124031|2||2||1|2|2|2|2|2|2|2|1||8||98
3412404|1|1|1|800.11532542|34124041|2||2||1|1|2|2|2|2|2|2|2||1||98
3412405|1|1|1|200.02883135|34124051|2||2||1|1|2|1|2|2|2|2|2||3||98
3412406|1|1|1|800.11532542|34124061|2||2||2|1|2|2|2|2|2|2|2||1||4500000
3412407|1|1|1|595.0347726|34124071|2||1|1|1|1|2|2|2|2|2|2|2||1||98
3412409|1|1|1|177.80340565|34124091|2||2||1|1|2|2|2|2|2|2|2||1||98
3412411|1|1|1|177.80340565|34124111|2||2||1|1|2|1|2|2|2|2|2||1||3000000
3412412|1|1|1|177.80340565|34124121|2||2||1|1|2|2|2|2|2|2|2||1||1800000
3412413|1|1|1|177.80340565|34124131|2||2||1|2|1|2|2|2|2|2|1||8||400000
3412414|1|1|1|677.32996338|34124141|2||2||2|1|2|2|2|2|2|2|2||1||4100000
3412415|1|1|1|177.80340565|34124151|2||2||1|1|2|2|2|2|2|2|2||1||3000000
3412416|1|1|1|177.80340565|34124161|2||2||1|1|2|2|2|2|2|2|2||1||1000000
3412417|1|1|1|177.80340565|34124171|2||2||1|2|2|1|2|2|2|2|2||3||98
3412418|1|1|1|177.80340565|34124181|2||2||1|1|2|2|2|2|2|2|2||1||2000000
3412419|1|1|1|177.80340565|34124191|2||2||1|2|2|1|2|2|2|2|1||8||3000000
3412420|1|1|1|483.24795303|34124201|2||2||1|1|2|2|2|2|2|2|2||1||4000000
3412422|1|1|1|293.32355227|34124221|2||2||1|1|2|2|1|2|2|2|2||1||98
3412423|1|1|1|415.93298308|34124231|2||2||1|1|2|2|2|2|2|2|2||1||2000000
3412424|1|1|1|223.30211177|34124241|2||2||1|1|2|2|2|2|2|2|2||1||2700000
3412425|1|1|1|484.69909207|34124251|2||2||1|1|2|2|2|2|2|2|2||1||2600000
3412426|1|1|1|453.71253289|34124261|2||2||1|1|2|2|2|2|2|2|2||1||1200000
3412427|1|1|1|398.03382475|34124271|2||2||1|1|2|2|2|2|2|2|2||1||98
3412428|1|1|1|177.80340565|34124281|2||2||1|1|2|2|2|2|2|2|2||1||1300000
3412429|1|1|1|505.73741326|34124291|2||2||1|1|2|2|2|2|2|2|2||1||3000000
3412430|1|1|1|587.6886643|34124301|2||2||1|1|2|2|2|2|2|2|2||1||98
3412431|1|1|1|223.30211177|34124311|2||2||1|1|2|2|2|2|2|2|2||1||1800000
3412433|1|1|1|711.21362259|34124331|2||2||1|1|2|2|2|2|2|2|2||1||1300000
3412434|1|1|1|711.21362259|34124341|2||2||1|1|2|2|2|2|2|2|2||1||2300000
3412435|1|1|1|177.80340565|34124351|2||2||1|1|1|2|2|2|2|2|2||1||800000
3412436|1|1|1|177.80340565|34124361|2||2||1|1|2|2|2|2|2|2|2||1||500000
3412437|1|1|1|271.2173153|34124371|2||2||1|1|2|2|2|2|2|2|2||1||300000
3412438|1|1|1|604.96097647|34124381|2||2||1|1|2|2|2|2|2|2|2||1||98
3412439|1|1|1|177.80340565|34124391|2||2||1|1|2|2|2|2|2|2|2||1||1000000
3412440|1|1|1|177.80340565|34124401|2||2||1|1|2|2|2|2|2|2|2||1||98
3412441|1|1|1|177.80340565|34124411|2||2||1|1|2|2|2|2|2|2|1||8||500000
3412442|1|1|1|177.80340565|34124421|2||2||1|2|2|2|2|2|2|2|1||8||200000
3412443|1|1|1|711.21362259|34124431|2||2||1|1|2|2|2|2|2|2|2||1||900000
3412444|1|1|1|552.01406202|34124441|2||2||1|1|2|2|2|2|2|2|2||1||1200000
3412445|1|1|1|177.80340565|34124451|2||2||1|2|1|2|2|2|2|2|1||8||500000
3412446|1|1|1|539.79774539|34124461|2||2||1|1|1|2|2|2|2|2|2||1||1700000
3412447|1|1|1|282.69018221|34124471|2||2||1|1|1|2|2|2|2|2|2||1||1500000
3412448|1|1|1|711.21362259|34124481|2||2||1|1|2|2|2|2|2|2|2||1||2100000
3412449|1|1|1|711.21362259|34124491|2||2||1|1|2|2|2|2|2|2|2||1||1900000
3412450|1|1|1|193.76669164|34124501|2||2||1|1|2|2|2|2|2|2|1||1||600000
3412451|1|1|1|177.80340565|34124511|2||2||1|1|2|2|2|2|2|2|2||1||2000000
3412452|1|1|1|702.2003718|34124521|2||2||1|1|2|2|2|2|2|2|2||1||2400000
3412453|1|1|1|385.14223143|34124531|2||2||1|1|2|2|2|2|2|2|2||1||1500000
3412454|1|1|1|385.14223143|34124541|2||2||1|1|2|2|2|2|2|2|2||1||1800000
3412455|1|1|1|270.19687548|34124551|2||2||1|1|2|2|2|2|2|2|2||1||2600000
3412456|1|1|1|558.45521801|34124561|2||2||2|1|2|2|2|2|2|2|2||1||98
3412457|1|1|1|455.16367193|34124571|2||2||1|1|2|2|2|2|2|2|2||1||1600000
3412458|1|1|1|589.72659471|34124581|2||2||1|1|2|2|2|2|2|2|2||1||1000000
3412459|1|1|1|607.11271534|34124591|2||2||1|1|1|2|2|2|2|2|2||1||2000000
3412460|1|1|1|177.80340565|34124601|2||2||1|1|2|2|2|2|2|2|2||1||1600000
3412461|1|1|1|647.79454324|34124611|2||2||1|1|2|2|2|2|2|2|2||1||1500000
3412462|1|1|1|552.01406202|34124621|2||2||1|1|2|2|2|2|2|2|2||1||2000000
3412463|1|1|1|193.76669164|34124631|2||2||1|1|2|2|2|2|2|2|2||1||1500000
3412464|1|1|1|474.06572201|34124641|2||2||1|1|2|2|2|2|2|2|1||1||1300000
3412465|1|1|1|177.80340565|34124651|2||2||2|2|1|2|2|2|2|2|1||8||1000000
3412466|1|1|1|177.80340565|34124661|2||2||1|1|2|2|2|2|2|2|2||1||1800000
3412467|1|1|1|193.76669164|34124671|2||2||1|1|2|2|2|2|2|2|2||1||1500000
3412468|1|1|1|321.6036409|34124681|2||2||1|1|2|2|2|2|2|2|2||1||98
3412469|1|1|1|177.80340565|34124691|2||2||1|2|1|2|2|2|2|2|2||2||80000
3412470|1|1|1|272.60245966|34124701|2||2||1|1|2|2|1|2|2|2|2||1||1150000
3412471|1|1|1|275.75321385|34124711|2||2||1|2|2|1|2|2|2|2|2||3||1260000
3412472|1|1|1|450.3271618|34124721|2||2||1|1|2|2|2|2|2|2|2||1||2900000
3412473|1|1|1|184.94897326|34124731|2||2||1|1|2|2|2|2|2|2|2||1||1340000
3412474|1|1|1|322.86136723|34124741|2||2||1|2|2|1|2|2|2|2|2||3||1600000
3412476|1|1|1|402.4013341|34124761|2||2||1|1|2|2|2|2|2|1|2||1||4000000
3412477|1|1|1|195.01668928|34124771|2||2||1|1|2|2|2|2|2|2|2||1||1000000
3412478|1|1|1|334.64311517|34124781|2||2||1|2|2|2|2|2|2|2|2|1||100000|
3412479|1|1|1|358.11619859|34124791|2||2||1|1|2|2|2|2|2|2|2||1||900000
3412481|1|1|1|172.45242101|34124811|2||2||1|1|2|2|2|2|1|2|2||1||1200000
3412482|1|1|1|382.31204415|34124821|1|1|2||2|1|2|2|2|2|2|2|2||1||1600000
3412483|1|1|1|506.56507342|34124831|2||2||1|1|2|2|2|2|2|2|2||1||1360000
3412484|1|1|1|333.91915814|34124841|2||2||1|1|2|2|2|2|2|2|2||1||99
3412486|1|1|1|312.03209387|34124861|2||2||1|2|2|2|2|2|2|2|1||8||400000
3412487|1|1|1|287.95743564|34124871|2||2||2|1|2|2|2|2|2|2|2||1||1260000
3412488|1|1|1|164.95448966|34124881|2||2||1|1|2|2|2|2|2|2|2||1||1200000
3412489|1|1|1|250.09577858|34124891|2||2||1|1|2|2|2|2|1|2|2||1||2000000
3412490|1|1|1|498.13103909|34124901|2||2||2|1|2|2|2|2|2|2|2||1||1500000
3412491|1|1|1|424.37985544|34124911|2||2||1|1|2|2|2|2|2|2|2||1||1050000
3412494|1|1|1|589.12565427|34124941|2||2||2|1|2|2|2|2|2|2|2||1||2100000
3412495|1|1|1|267.90387199|34124951|2||2||1|1|2|2|1|2|2|2|1||1||1000000
3412496|1|1|1|611.71099569|34124961|2||2||1|1|2|2|2|2|2|2|2||1||1700000
3412497|1|1|1|311.45231466|34124971|2||2||1|1|2|2|1|2|2|2|2||1||800000
3412498|1|1|1|227.4372509|34124981|2||2||1|1|2|2|2|2|2|2|2||1||1000000
3412499|1|1|1|440.3861361|34124991|2||2||1|1|2|2|2|2|2|2|2||1||99
3412500|1|1|1|227.4372509|34125001|2||2||1|1|2|2|1|2|2|2|2||1||740000
3412502|1|1|1|812.27931119|34125021|2||2||1|1|2|2|2|2|2|2|2||1||1500000
3412503|1|1|1|611.71099569|34125031|2||2||1|1|2|2|2|2|2|2|2||1||800000
3412504|1|1|1|440.3861361|34125041|2||2||1|1|2|2|2|2|2|2|2||1||98
3412505|1|1|1|331.8104568|34125051|2||2||1|1|2|2|1|2|2|2|1||1||1600000
3412506|1|1|1|615.9040931|34125061|2||2||1|1|2|2|2|2|2|2|2||1||2480000
3412507|1|1|1|301.04640999|34125071|2||2||1|1|2|2|2|2|2|2|2||1||1000000
3412509|1|1|1|172.45242101|34125091|2||2||1|2|2|2|2|2|2|1|2||7||830000
3412510|1|1|1|301.04640999|34125101|2||2||1|1|1|2|2|2|2|2|2||1||1300000
3412511|1|1|1|199.5113746|34125111|2||2||1|1|2|2|1|2|2|2|2||1||2000000
3412512|1|1|1|268.17366183|34125121|2||2||1|1|2|2|2|2|2|2|2||1||1500000
3412513|1|1|1|305.38893856|34125131|2||2||1|1|2|2|1|2|2|2|1||1||1000000
3412515|1|1|1|301.04640999|34125151|2||2||2|2|2|1|2|2|2|2|2||3||5000000
3412516|1|1|1|446.50528579|34125161|2||2||1|1|2|2|1|2|2|2|2||1||4500000
3412517|1|1|1|327.78727686|34125171|2||2||1|1|2|2|2|2|2|1|2||1||5000000
3412518|1|1|1|134.62194921|34125181|2||2||1|1|2|2|2|2|2|2|2||1||1800000
3412519|1|1|1|258.61327958|34125191|2||2||1|1|2|2|2|2|2|2|2||1||1245000
3412520|1|1|1|243.35867933|34125201|2||2||1|1|2|2|2|2|2|2|2||1||3200000
3412522|1|1|1|256.54389721|34125221|2||2||1|1|1|2|2|2|2|2|2||1||1248000
3412523|1|1|1|265.90561043|34125231|2||2||1|1|2|2|2|2|2|2|2||1||700000
3412526|1|1|1|720.94452026|34125261|2||2||1|1|2|1|2|2|2|2|2||1||2000000
3412527|1|1|1|446.52953037|34125271|2||2||1|1|1|2|2|2|2|2|2||1||2000000
3412528|1|1|1|291.04275988|34125281|2||2||1|1|1|2|2|2|2|2|2||1||400000
3412529|1|1|1|489.99006901|34125291|2||2||1|2|1|2|2|2|2|2|2||2||98
3412530|1|1|1|475.4443071|34125301|2||2||1|2|1|2|1|2|2|2|2||2||1200000
3412531|1|1|1|457.87318122|34125311|2||2||1|2|2|2|2|2|2|2|1||8||98
3412533|1|1|1|410.30635077|34125331|2||2||1|1|2|2|1|2|2|2|2||1||2000000
3412534|1|1|1|253.05518301|34125341|2||2||1|1|2|2|2|2|2|2|2||1||2000000
3412535|1|1|1|145.2380628|34125351|2||2||1|1|2|1|2|2|2|2|2||1||5000000
3412536|1|1|1|134.62013446|34125361|2||2||1|1|2|2|2|2|2|2|2||1||1300000
3412537|1|1|1|148.13288787|34125371|2||2||1|2|2|1|2|2|2|2|2||3||1300000
3412538|1|1|1|276.82129217|34125381|2||2||1|1|2|2|2|2|2|2|2||1||1900000
3412539|1|1|1|356.97702652|34125391|2||2||1|1|2|2|1|2|2|2|2||1||2300000
3412540|1|1|1|198.42493016|34125401|2||2||1|1|2|2|2|2|2|2|2||1||1200000
3412541|1|1|1|307.58726001|34125411|2||2||1|1|2|2|2|2|2|1|2||1||1300000
3412541|1|2|2|307.58726001|34125412|2||2||1|1|2|2|2|2|2|2|2||1||3700000
3412542|1|1|1|337.62044881|34125421|2||2||1|1|2|2|2|2|2|2|2||1||1000000
3412543|1|1|1|408.32277573|34125431|2||2||2|1|1|2|2|2|2|1|2||1||1500000
3412544|1|1|1|225.78570491|34125441|2||2||1|1|2|2|2|2|2|2|2||1||2500000
3412545|1|1|1|315.11241888|34125451|2||2||1|1|2|2|2|2|2|2|2||1||1000000
3412546|1|1|1|295.13497088|34125461|2||2||1|1|2|2|2|2|2|2|2||1||1300000
3412547|1|1|1|273.91556614|34125471|2||2||1|1|2|2|2|2|2|2|2||1||1600000
3412548|1|1|1|238.69352235|34125481|2||2||1|1|2|1|2|2|2|2|2||3||2300000
3412549|1|1|1|194.80526468|34125491|2||2||1|1|2|2|2|2|2|2|2||1||1500000
3412550|1|1|1|142.94958489|34125501|2||2||1|1|2|2|2|2|2|2|2||1||1000000
3412551|1|1|1|306.41119217|34125511|2||2||1|1|2|2|2|2|2|2|2||1||1300000
3412552|1|1|1|132.09519593|34125521|2||2||1|1|2|2|2|2|2|2|2||1||1000000
3412553|1|1|1|265.59475306|34125531|2||2||1|1|2|2|2|2|2|2|2||1||2000000
3412554|1|1|1|179.20814106|34125541|2||2||1|1|2|1|2|2|2|1|2||1||4000000
3412555|1|1|1|339.91533314|34125551|2||2||2|1|2|2|2|2|2|2|2||1||1000000
3412556|1|1|1|323.42809585|34125561|2||2||1|1|2|2|2|2|2|2|2||1||800000
3412557|1|1|1|387.74334488|34125571|2||2||2|1|2|2|2|2|2|2|2||1||1200000
3412558|1|1|1|418.74509088|34125581|2||2||1|1|2|2|2|2|2|2|2||1||300000
3412559|1|1|1|363.03237915|34125591|2||2||1|1|2|2|2|2|2|2|2||1||600000
3412560|1|1|1|247.98006281|34125601|2||2||1|1|2|2|1|2|2|2|2||1||1400000
3412561|1|1|1|279.82343317|34125611|2||2||1|1|2|2|2|2|2|2|2||1||2500000
3412562|1|1|1|240.65080458|34125621|2||2||1|1|2|2|2|2|2|2|2||1||2000000
3412563|1|1|1|277.96832125|34125631|2||2||1|1|2|2|2|2|2|2|2||1||1800000
3412564|1|1|1|295.13497088|34125641|2||2||1|1|2|2|2|2|2|2|2||1||2200000
3412565|1|1|1|244.70355969|34125651|2||2||1|1|2|2|2|2|2|2|2||1||1000000
3412566|1|1|1|420.07243747|34125661|2||2||1|1|2|2|2|2|2|2|2||1||1800000
3412567|1|1|1|201.19597038|34125671|2||2||1|1|2|2|2|2|2|2|2||1||1500000
3412568|1|1|1|223.30042944|34125681|2||2||1|1|2|2|2|2|2|2|2||1||2000000
3412569|1|1|1|227.06370204|34125691|2||2||1|2|2|1|2|2|2|2|2||3||1000000
3412570|1|1|1|235.68691818|34125701|2||2||1|1|2|2|2|2|2|2|2||1||600000
3412571|1|1|1|227.22473399|34125711|2||2||1|1|2|2|2|2|2|2|2||1||1300000
3412572|1|1|1|170.48218652|34125721|2||2||1|1|2|2|2|2|2|2|2||1||1200000
3412573|1|1|1|266.57562535|34125731|2||2||1|1|2|2|2|2|2|2|2||1||3500000
3412574|1|1|1|241.24258127|34125741|2||2||1|1|2|2|2|2|2|2|2||1||3000000
3412575|1|1|1|232.42186347|34125751|2||2||1|1|2|2|2|2|2|2|2||1||1500000
3412576|1|1|1|220.4098548|34125761|2||2||1|1|2|2|2|2|2|2|2||1||1000000
3412577|1|1|1|259.26924776|34125771|2||2||1|2|2|1|2|2|2|2|2||3||1300000
3412578|1|1|1|187.76421515|34125781|2||2||1|1|1|2|2|2|2|2|2||1||800000
3412579|1|1|1|293.10120002|34125791|2||2||1|1|2|2|2|2|2|2|2||1||1500000
3412580|1|1|1|187.89737619|34125801|2||2||1|1|1|2|2|2|2|2|2||1||1000000
3412582|1|1|1|264.90956788|34125821|2||2||1|1|1|2|2|2|2|2|2||1||1300000
3412583|1|1|1|116.33993198|34125831|2||2||1|1|2|2|2|2|2|2|2||1||1800000
3412584|1|1|1|194.89495157|34125841|2||2||1|2|2|2|2|2|2|2|1||8||400000
3412585|1|1|1|476.86564454|34125851|2||2||1|1|1|2|2|2|2|2|2||1||250000
3412586|1|1|1|495.38785484|34125861|2||2||1|1|2|2|2|2|2|2|2||1||1500000
3412587|1|1|1|519.82240476|34125871|2||2||1|1|2|2|2|2|2|2|2||1||1000000
3412588|1|1|1|918.87345832|34125881|2||2||1|1|2|2|2|2|2|2|2||1||1000000
3412589|1|1|1|665.7286193|34125891|2||2||1|1|2|2|2|2|2|2|2||1||1300000
3412590|1|1|1|379.55284869|34125901|2||2||1|2|2|2|2|2|2|2|1||8||600000
3412591|1|1|1|255.39371555|34125911|2||2||1|1|2|2|2|2|2|2|2||1||1000000
3412592|1|1|1|463.59816408|34125921|2||2||1|1|2|2|2|1|2|2|2||1||1200000
3412593|1|1|1|382.37335469|34125931|2||2||1|1|2|2|2|2|2|2|2||1||1500000
3412594|1|1|1|342.2492318|34125941|2||2||1|2|2|2|2|2|2|2|1||8||500000
3412595|1|1|1|411.21362737|34125951|2||2||1|1|2|1|2|2|2|2|2||3||1300000
3412596|1|1|1|366.91775326|34125961|2||2||1|1|2|2|2|2|2|2|2||1||1000000
3412597|1|1|1|441.32962902|34125971|2||2||1|1|2|2|2|2|2|2|2||1||600000
3412598|1|1|1|497.69399812|34125981|2||2||1|1|1|2|2|2|2|2|2||1||1300000
3412599|1|1|1|521.54793459|34125991|2||2||1|1|2|2|2|2|2|2|2||1||1000000
3412600|1|1|1|1096.9849114|34126001|2||2||1|1|2|2|2|2|2|2|2||1||1300000
3412601|1|1|1|454.6424428|34126011|2||2||1|1|1|2|2|2|2|2|2||1||1000000
3412602|1|1|1|748.02175699|34126021|2||2||1|1|2|2|2|2|2|2|2||1||1500000
3412603|1|1|1|454.6424428|34126031|2||2||1|1|1|2|2|2|2|2|2||1||1300000
3412604|1|1|1|535.79072766|34126041|2||2||1|1|2|2|2|2|2|2|2||1||1300000
3412605|1|1|1|733.07060044|34126051|2||2||1|1|2|2|2|2|2|2|2||1||1300000
3412606|1|1|1|714.86808674|34126061|2||2||1|1|2|2|2|2|2|2|2||1||900000
3412607|1|1|1|503.34542089|34126071|2||2||2|1|2|2|2|2|2|2|2||1||1300000
3412608|1|1|1|553.99324137|34126081|2||2||1|1|2|2|2|2|2|2|2||1||1000000
3412609|1|1|1|455.00311617|34126091|2||2||1|1|2|1|2|2|2|2|2||3||6000000
3412610|1|1|1|467.38751311|34126101|2||2||1|1|2|2|2|2|2|2|2||1||1340000
3412611|1|1|1|474.44106086|34126111|2||2||1|2|2|1|2|2|2|2|1||3||1300000
3412612|1|1|1|474.44106086|34126121|2||2||1|2|2|1|2|2|2|2|1||3||1100000
3412613|1|1|1|424.29878868|34126131|2||2||1|1|2|1|2|2|2|2|2||3||3400000
3412614|1|1|1|794.29787415|34126141|2||2||2|1|2|2|2|2|2|2|2||1||1300000
3412615|1|1|1|678.17512273|34126151|2||2||1|1|2|2|2|2|2|2|2||1||900000
3412616|1|1|1|899.43427852|34126161|2||2||1|1|1|2|2|2|2|2|2||1||140000
3412617|1|1|1|977.39758023|34126171|2||2||1|1|2|2|2|2|2|2|2||1||1300000
3412618|1|1|1|1692.5502115|34126181|2||2||1|1|2|2|2|2|1|2|2||1||300000
3412619|1|1|1|858.64691389|34126191|2||2||1|1|2|2|2|2|2|2|2||1||250000
3412620|1|1|1|465.57506999|34126201|2||2||1|1|2|2|2|2|2|2|2||1||1160000
3412621|1|1|1|869.24655766|34126211|2||2||2|1|2|2|2|2|2|2|2||1||1300000
3412622|1|1|1|1088.0871581|34126221|2||2||1|1|2|2|2|2|2|2|2||1||1400000
3412623|1|1|1|977.39758023|34126231|2||2||1|1|2|2|2|2|2|2|2||1||1500000
3412624|1|1|1|1116.3638828|34126241|2||2||1|1|2|2|2|2|2|2|2||1||600000
3412625|1|1|1|681.47387042|34126251|2||2||1|1|2|2|2|2|2|2|2||1||900000
3412626|1|1|1|440.01490753|34126261|2||2||1|1|2|2|2|2|2|2|2||1||3000000
3412627|1|1|1|484.85307839|34126271|2||2||1|1|2|2|2|2|2|2|2||1||2500000
3412628|1|1|1|350.80111832|34126281|2||2||1|1|2|1|2|2|2|2|2||1||2300000
3412629|1|1|1|484.85307839|34126291|2||2||1|2|2|1|2|2|2|2|2||3||1800000
3412630|1|1|1|857.46067886|34126301|2||2||1|1|1|2|2|2|2|2|2||1||780000
3412631|1|1|1|1064.2669016|34126311|2||2||1|1|2|2|2|2|2|2|2||1||1300000
3412632|1|1|1|1036.4706407|34126321|2||2||1|1|2|2|2|2|2|2|2||1||1300000
3412633|1|1|1|1064.2669016|34126331|2||2||1|1|2|2|2|2|2|2|2||1||700000
3412634|1|1|1|799.75994653|34126341|2||2||2|1|2|2|2|2|2|2|2||1||1200000
3412635|1|1|1|818.57672458|34126351|2||2||1|1|2|2|2|2|2|2|1||8||250000
3412636|1|1|1|828.6817183|34126361|2||2||1|1|2|2|2|2|2|2|2||1||600000
3412637|1|1|1|1164.7677318|34126371|2||2||1|1|2|2|2|2|2|2|2||1||800000
3412638|1|1|1|772.80280234|34126381|2||2||1|1|2|2|2|2|2|2|2||1||1350000
3412639|1|1|1|550.96510308|34126391|2||2||1|1|2|2|2|2|2|2|1||1||800000
3412640|1|1|1|550.96510308|34126401|2||2||1|1|2|2|2|2|2|2|2||1||280000
3412641|1|1|1|1191.6920343|34126411|2||2||1|1|2|2|1|2|2|2|1||1||1500000
3412642|1|1|1|716.33349146|34126421|2||2||1|1|2|2|2|2|2|2|2||1||1300000
3412643|1|1|1|460.04294236|34126431|2||2||1|1|2|2|2|2|2|2|2||1||1000000
3412644|1|1|1|411.76860701|34126441|2||2||1|2|1|2|2|2|2|2|2||2||160000
3412645|1|1|1|532.25608132|34126451|2||2||1|1|2|2|2|2|2|2|2||1||1200000
3412646|1|1|1|437.27906685|34126461|2||2||1|1|2|2|2|2|2|2|2||1||900000
3412647|1|1|1|547.58408017|34126471|2||2||1|1|2|1|2|2|2|2|2||3||1500000
3412648|1|1|1|716.33349146|34126481|2||2||1|1|2|2|2|2|2|2|2||1||400000
3412649|1|1|1|684.17830616|34126491|2||2||1|1|2|2|2|2|2|2|2||1||700000
3412650|1|1|1|494.47472527|34126501|2||2||1|1|2|2|2|2|2|2|2||1||700000
3412651|1|1|1|608.47259036|34126511|2||2||1|1|2|2|2|2|2|2|2||1||500000
3412652|1|1|1|498.1631139|34126521|2||2||1|2|2|2|2|2|2|2|1||8||350000
3412653|1|1|1|1300.0276738|34126531|2||2||1|1|2|2|1|2|2|2|2||1||900000
3412654|1|1|1|793.91408005|34126541|2||2||2|1|2|2|2|2|2|2|2||1||1300000
3412655|1|1|1|1112.4333909|34126551|2||2||2|1|2|2|2|2|2|2|2||1||1300000
3412656|1|1|1|630.14633234|34126561|2||2||1|2|2|2|2|2|2|2|1||8||1000000
3412657|1|1|1|870.94474081|34126571|2||2||2|1|2|2|2|2|2|2|2||1||300000
3412658|1|1|1|829.97368341|34126581|2||2||1|2|2|1|2|2|2|2|1||3||1200000
3412659|1|1|1|630.14633234|34126591|2||2||1|1|2|2|2|2|2|2|2||1||1300000
3412660|1|1|1|1138.5751965|34126601|2||2||1|1|2|2|2|2|2|2|2||1||1000000
3412661|1|1|1|920.3450313|34126611|2||2||1|1|2|2|1|2|2|2|1||8||2500000
3412662|1|1|1|1253.1413567|34126621|2||2||2|1|2|1|2|2|2|1|2||1||1250000
3412663|1|1|1|1179.7495665|34126631|2||2||1|1|2|2|2|2|2|2|2||1||1300000
3412664|1|1|1|1179.7495665|34126641|2||2||1|1|2|2|2|2|2|2|2||1||2500000
3412665|1|1|1|163.21861327|34126651|2||2||1|1|2|2|2|2|2|2|2||1||950000
3412666|1|1|1|294.70232004|34126661|2||2||1|1|2|2|2|2|2|1|2||1||1500000
3412667|1|1|1|207.20154552|34126671|2||2||1|1|2|2|2|2|2|2|2||1||1300000
3412669|1|1|1|165.01195237|34126691|2||2||1|1|2|1|2|2|2|2|2||3||1500000
3412670|1|1|1|246.61795797|34126701|2||2||1|1|2|2|2|2|2|2|2||1||1600000
3412671|1|1|1|229.76327964|34126711|2||2||1|1|2|2|2|2|2|2|2||1||98
3412672|1|1|1|215.24197839|34126721|2||2||1|1|2|2|2|2|2|2|2||1||2100000
3412673|1|1|1|308.09440039|34126731|2||2||1|1|2|2|2|2|2|2|2||1||1300000
3412674|1|1|1|291.02974485|34126741|2||2||1|1|2|2|2|2|2|2|2||1||1800000
3412675|1|1|1|202.71002048|34126751|2||2||1|1|2|2|2|2|2|2|2||1||700000
3412676|1|1|1|263.14721757|34126761|2||2||1|2|2|2|2|2|2|2|2|2||500000|
3412677|1|1|1|330.2798608|34126771|2||2||1|1|2|2|2|2|2|2|2||1||1000000
3412678|1|1|1|303.42185162|34126781|2||2||1|1|2|2|2|2|2|2|2||1||900000
3412679|1|1|1|286.60764716|34126791|2||2||1|1|2|2|2|2|2|2|2||1||580000
3412680|1|1|1|346.2781669|34126801|2||2||1|1|2|2|2|2|2|2|1||8||750000
3412682|1|1|1|341.859293|34126821|2||2||1|1|2|2|1|2|2|2|2||1||1500000
3412683|1|1|1|382.38460285|34126831|2||2||1|1|2|2|2|2|2|2|2||1||650000
3412684|1|1|1|310.16976036|34126841|2||2||1|1|2|2|2|2|2|2|2||1||1500000
3412685|1|1|1|288.32363673|34126851|2||2||1|2|2|2|2|2|2|2|1||8||380000
3412686|1|1|1|159.93791239|34126861|2||2||1|1|2|2|2|2|2|2|2||1||1300000
3412687|1|1|1|265.75581552|34126871|2||2||1|1|2|2|2|2|2|2|2||1||650000
3412688|1|1|1|250.40353781|34126881|2||2||1|1|2|2|2|2|2|2|2||1||1000000
3412690|1|1|1|159.74140965|34126901|2||2||1|1|2|2|2|2|2|2|2||1||2900000
3412691|1|1|1|235.99477348|34126911|2||2||1|1|2|2|2|2|2|2|2||1||1400000
3412692|1|1|1|255.32219551|34126921|2||2||1|2|2|2|2|2|2|2|1||8||400000
3412693|1|1|1|182.5057336|34126931|2||2||1|1|2|1|2|2|2|2|2||3||2000000
3412694|1|1|1|187.4243913|34126941|2||2||1|1|2|2|2|2|2|2|2||1||99
3412695|1|1|1|203.54549213|34126951|2||2||1|1|2|2|2|2|2|2|2||1||600000
3412696|1|1|1|147.77848029|34126961|2||2||1|1|2|2|2|2|2|2|2||1||760000
3412697|1|1|1|144.98363599|34126971|2||2||1|1|2|2|2|2|2|2|2||1||1500000
3412698|1|1|1|142.01930809|34126981|2||2||1|1|2|2|2|2|2|2|2||1||1300000
3412699|1|1|1|323.84725826|34126991|2||2||1|1|2|2|1|2|2|2|1||1||1300000
3412700|1|1|1|196.50830557|34127001|2||2||1|2|1|2|2|2|2|1|2||2||200000
3412701|1|1|1|226.19679754|34127011|2||2||1|1|2|2|2|2|2|2|2||1||750000
3412702|1|1|1|232.00923518|34127021|2||2||1|1|2|2|2|2|2|2|2||1||1300000
3412703|1|1|1|142.1887917|34127031|2||2||1|2|2|2|2|2|2|2|1||8||1000000
3412704|1|1|1|125.98312427|34127041|2||2||1|1|2|2|2|2|2|2|2||1||1500000
3412705|1|1|1|325.91700735|34127051|2||2||1|1|2|2|2|2|2|2|2||1||1400000
3412706|1|1|1|282.06828512|34127061|2||2||1|1|2|2|2|2|2|2|2||1||1300000
3412707|1|1|1|250.14394847|34127071|2||2||1|1|2|2|2|2|2|2|2||1||1300000
3412708|1|1|1|230.68885595|34127081|2||2||1|1|2|2|2|2|2|2|2||1||1800000
3412709|1|1|1|183.37851193|34127091|2||2||1|1|2|2|2|2|2|2|2||1||1300000
3412710|1|1|1|282.06828512|34127101|2||2||1|1|2|2|2|2|2|2|2||1||800000
3412711|1|1|1|257.4488438|34127111|2||2||1|1|2|2|2|2|2|2|2||1||1300000
3412712|1|1|1|293.45041604|34127121|2||2||1|1|2|2|2|2|2|2|2||1||1500000
3412714|1|1|1|223.0620604|34127141|2||2||1|1|2|2|2|2|2|2|1||1||1000000
3412715|1|1|1|314.68187175|34127151|2||1|2|1|1|2|2|2|2|2|2|1||8||1200000
3412716|1|1|1|296.56145492|34127161|2||2||1|2|2|1|2|2|2|2|2||3||1200000
3412717|1|1|1|257.55792461|34127171|2||2||1|2|2|1|2|2|2|2|1||3||2400000
3412718|1|1|1|280.77054071|34127181|2||2||1|2|1|1|2|2|2|2|2||3||2600000
3412719|1|1|1|257.55792461|34127191|2||2||1|2|2|1|2|2|2|2|1||3||3000000
3412720|1|1|1|119.70224964|34127201|2||2||1|1|2|1|2|2|2|2|2||3||4000000
3412722|1|1|1|260.89090662|34127221|2||2||1|1|2|2|2|2|2|2|2||1||3200000
3412723|1|1|1|296.56145492|34127231|2||2||1|2|2|1|2|2|2|2|2||3||2500000
3412725|1|1|1|228.92834367|34127251|2||1|3|1|1|2|2|2|2|2|2|2||1||315000
3412726|1|1|1|222.80404924|34127261|2||2||1|1|2|2|2|2|2|2|2||1||1400000
3412727|1|1|1|228.6467825|34127271|2||2||1|1|2|2|2|2|2|2|2||1||600000
3412728|1|1|1|228.6467825|34127281|2||2||1|1|2|2|2|2|2|2|2||1||500000
3412729|1|1|1|217.02386619|34127291|2||2||1|2|2|2|2|2|2|2|1||8||400000
3412730|1|1|1|234.53683388|34127301|2||2||1|2|2|2|2|2|2|2|2|2||400000|
3412731|1|1|1|221.71158415|34127311|2||2||1|1|2|2|2|2|2|2|2||1||800000
3412732|1|1|1|217.02386619|34127321|2||2||1|1|2|2|2|2|2|2|2||1||200000
3412733|1|1|1|131.76636649|34127331|2||2||1|1|2|2|2|2|2|2|2||1||1684000
3412734|1|1|1|228.76131634|34127341|2||2||1|1|2|2|2|2|2|2|2||1||700000
3412735|1|1|1|112.07685954|34127351|2||2||1|1|2|2|2|2|2|2|2||1||600000
3412736|1|1|1|214.69147524|34127361|2||2||1|1|2|1|2|2|2|2|2||3||1500000
3412737|1|1|1|221.5975341|34127371|2||2||1|1|2|1|2|2|2|2|2||3||3700000
3412738|1|1|1|224.77698975|34127381|2||2||1|1|2|2|2|2|2|1|2||1||1800000
3412739|1|1|1|227.68608173|34127391|2||2||1|1|2|2|2|2|2|2|2||1||2000000
3412741|1|1|1|233.43733239|34127411|2||2||1|1|2|2|2|2|2|2|2||1||2000000
3412742|1|1|1|126.54470462|34127421|2||2||1|1|2|2|2|2|2|2|2||1||3700000
3412743|1|1|1|170.49581845|34127431|2||1|1|1|1|2|2|2|2|2|2|1||1||4000000
3412744|1|1|1|173.2385849|34127441|2||2||1|1|2|2|1|2|2|2|2||1||3200000
3412745|1|1|1|231.65235266|34127451|2||2||1|1|2|2|2|2|2|2|2||1||2000000
3412746|1|1|1|279.02108499|34127461|2||2||1|2|2|2|2|2|2|2|1||8||500000
3412747|1|1|1|319.77395541|34127471|2||2||1|2|2|1|2|2|2|2|2||3||1300000
3412748|1|1|1|216.43488817|34127481|2||1|1|1|1|2|2|1|2|2|1|2||1||2000000
3412749|1|1|1|261.22322588|34127491|2||2||1|1|2|2|2|2|2|2|2||1||1300000
3412750|1|1|1|202.81969026|34127501|2||2||1|1|2|2|2|2|2|2|2||1||1300000
3412751|1|1|1|314.88117262|34127511|2||2||1|1|2|2|2|2|2|2|2||1||3500000
3412752|1|1|1|218.96940137|34127521|2||2||1|1|2|2|2|2|2|2|2||1||2600000
3412753|1|1|1|253.87408421|34127531|2||2||1|2|2|1|2|2|2|1|2||3||1300000
3412754|1|1|1|336.88077914|34127541|2||2||1|1|2|2|2|2|2|2|2||1||1300000
3412755|1|1|1|290.64711872|34127551|2||2||1|1|2|1|2|2|2|2|2||1||700000
3412756|1|1|1|284.501875|34127561|2||2||1|2|2|2|2|2|2|2|1||8||600000
3412757|1|1|1|393.02579438|34127571|2||2||1|1|2|2|1|2|2|2|1||4||950000
3412758|1|1|1|207.53957336|34127581|2||2||1|1|2|2|1|2|2|2|1||4||1300000
3412760|1|1|1|341.68604853|34127601|2||2||1|1|2|2|2|2|2|2|1||1||600000
3412761|1|1|1|205.63445878|34127611|2||2||1|1|2|2|2|2|2|2|2||1||1000000
3412762|1|1|1|249.30667242|34127621|2||2||1|2|2|2|2|2|2|2|2|1||80000|
3412763|1|1|1|211.95844725|34127631|2||2||1|1|2|2|1|2|2|2|2||1||1000000
3412764|1|1|1|341.68604853|34127641|2||2||1|2|2|2|2|2|2|2|1||8||450000
3412765|1|1|1|345.85227604|34127651|2||2||1|1|2|2|2|2|2|2|2||1||1300000
3412766|1|1|1|625.72132334|34127661|2||2||1|2|2|1|2|2|2|2|2||3||1300000
3412767|1|1|1|1275.3037706|34127671|2||2||2|1|2|2|2|2|2|2|2||1||1400000
3412768|1|1|1|766.77389396|34127681|2||2||2|2|1|2|2|2|2|1|2||7||1000000
3412769|1|1|1|385.55551155|34127691|2||2||1|1|2|2|2|2|2|2|2||1||1800000
3412770|1|1|1|766.77389396|34127701|2||2||1|1|2|1|2|2|2|2|1||8||1200000
3412771|1|1|1|575.54470817|34127711|2||2||1|2|2|1|2|2|2|2|2||3||2500000
3412772|1|1|1|583.85406198|34127721|2||2||1|2|2|1|2|2|2|1|2||7||5300000
3412773|1|1|1|575.54470817|34127731|2||2||1|2|2|1|2|2|2|2|2||3||3500000
3412774|1|1|1|575.54470817|34127741|2||2||1|1|2|1|2|2|2|1|2||3||4800000
3412775|1|1|1|583.85406198|34127751|2||2||1|1|2|2|2|2|2|1|2||1||4000000
3412776|1|1|1|1090.6785385|34127761|2||2||1|1|2|1|2|2|2|2|2||3||5300000
3412778|1|1|1|627.3604587|34127781|2||1|1|1|1|2|2|2|2|2|2|2||1||2000000
3412779|1|1|1|679.64049692|34127791|2||2||2|1|2|2|2|2|2|2|2||1||2300000
3412780|1|1|1|367.51133917|34127801|2||2||1|1|2|2|2|2|2|2|2||1||2600000
3412781|1|1|1|575.19889388|34127811|2||2||1|1|2|2|2|2|2|2|2||1||1300000
3412782|1|1|1|1181.5684167|34127821|2||2||1|1|2|2|2|2|2|2|2||1||1600000
3412783|1|1|1|679.64049692|34127831|2||2||1|1|2|2|2|2|2|2|1||8||800000
3412784|1|1|1|1012.0345709|34127841|2||2||2|1|2|2|2|2|2|2|2||1||1300000
3412785|1|1|1|344.98250993|34127851|2||2||2|1|2|2|2|2|2|2|2||1||1200000
3412786|1|1|1|564.53230495|34127861|2||2||1|1|2|1|2|2|2|2|2||3||1600000
3412787|1|1|1|425.78459579|34127871|2||2||1|1|2|2|2|2|2|2|2||1||1400000
3412788|1|1|1|424.69910945|34127881|2||2||1|1|2|2|2|2|2|2|2||1||2600000
3412789|1|1|1|334.07937914|34127891|2||2||1|1|2|2|2|2|2|2|2||1||1800000
3412790|1|1|1|1076.5346216|34127901|2||2||2|1|1|1|2|2|2|2|2||1||1800000
3412791|1|1|1|252.71819794|34127911|2||2||1|1|2|2|2|2|2|2|2||1||3900000
3412792|1|1|1|314.36902311|34127921|2||2||1|1|2|2|2|2|2|2|2||1||3500000
3412793|1|1|1|444.40946548|34127931|2||2||1|1|2|2|2|2|2|2|2||1||6000000
3412794|1|1|1|1088.0222408|34127941|2||2||1|1|2|2|2|2|2|2|2||1||2700000
3412795|1|1|1|670.86685541|34127951|2||2||1|2|2|1|2|2|2|2|2||3||3600000
3412796|1|1|1|583.85406198|34127961|2||1|1|1|2|2|1|2|2|2|2|1||3||3500000
3412797|1|1|1|575.54470817|34127971|2||2||1|2|2|1|2|2|2|2|2||3||2500000
3412798|1|1|1|424.69910945|34127981|2||2||2|1|2|2|2|2|2|2|2||1||3900000
3412800|1|1|1|1040.7256588|34128001|2||2||1|1|2|2|2|2|2|2|2||1||2600000
3412801|1|1|1|981.52734884|34128011|2||2||1|1|2|2|2|2|2|2|2||1||1300000
3412804|1|1|1|1199.0927897|34128041|2||2||1|1|2|2|2|2|2|2|2||1||99
3412805|1|1|1|816.714249|34128051|2||2||1|2|1|2|2|2|2|2|1||8||1300000
3412806|1|1|1|675.52565075|34128061|2||2||1|2|2|2|2|2|2|1|1||7||2300000
3412808|1|1|1|1079.9030348|34128081|2||2||1|1|2|2|2|2|2|2|1||1||1300000
3412809|1|1|1|843.57521813|34128091|2||2||1|1|2|2|2|2|2|2|2||1||2500000
3412810|1|1|1|738.07124212|34128101|2||2||1|1|2|2|2|2|2|2|2||1||1500000
3412811|1|1|1|869.99355728|34128111|2||2||1|1|2|2|2|2|2|2|2||1||5200000
3412812|1|1|1|896.3242|34128121|2||2||1|1|2|2|2|2|2|2|2||1||2600000
3412813|1|1|1|884.56776505|34128131|2||2||1|1|2|2|2|2|2|1|2||1||2500000
3412813|1|2|2|884.56776505|34128132|2||2||1|1|2|2|2|2|2|2|2||1||1800000
3412814|1|1|1|828.65408152|34128141|2||2||1|1|2|2|2|2|2|2|2||1||1300000
3412815|1|1|1|817.71301765|34128151|2||2||1|1|2|2|2|2|2|2|2||1||3500000
3412816|1|1|1|773.91569775|34128161|2||2||1|1|2|2|1|2|2|2|2||1||99
3412817|1|1|1|677.70021424|34128171|2||2||1|1|2|2|2|2|2|2|2||1||2600000
3412818|1|1|1|636.45949038|34128181|2||2||1|1|2|2|2|2|2|2|2||1||2600000
3412819|1|1|1|711.28252986|34128191|2||2||1|2|2|1|2|2|2|2|2||3||1500000
3412820|1|1|1|770.74239097|34128201|2||2||1|1|2|2|2|2|2|2|2||1||1800000
3412821|1|1|1|656.8587958|34128211|2||2||1|1|2|2|2|2|2|2|2||1||3500000
3412822|1|1|1|879.92099133|34128221|2||2||1|2|2|2|2|2|2|2|1||8||700000
3412822|1|2|2|879.92099133|34128222|2||2||1|2|2|2|2|2|2|2|2|2||1300000|
3412823|1|1|1|711.28252986|34128231|2||2||1|2|2|2|2|2|2|2|1||8||800000
3412824|1|1|1|1048.5594528|34128241|2||2||1|1|2|1|2|2|2|2|2||3||3900000
3412825|1|1|1|1062.6759178|34128251|2||2||1|2|2|2|2|2|2|2|2|2||1300000|
3412826|1|1|1|961.61492249|34128261|2||2||2|1|2|2|2|2|2|2|2||1||1300000
3412827|1|1|1|1001.3120702|34128271|2||2||1|2|2|2|2|2|2|2|2|2||1300000|
3412828|1|1|1|900.25107487|34128281|2||2||1|1|2|2|2|2|2|2|2||1||3200000
3412829|1|1|1|1039.9495304|34128291|2||1|1|2|1|2|2|2|2|2|2|2||1||1300000
3412830|1|1|1|843.15401858|34128301|2||2||1|1|2|2|2|2|2|2|1||8||500000
3412831|1|1|1|914.18023394|34128311|2||2||1|1|2|2|2|2|2|2|2||1||2500000
3412832|1|1|1|482.63411204|34128321|2||2||1|1|2|2|2|2|2|2|2||1||2100000
3412832|1|2|2|482.63411204|34128322|2||2||2|1|2|2|2|2|2|2|2||1||1300000
3412833|1|1|1|1299.9288941|34128331|2||2||1|1|2|2|2|2|2|2|2||1||2000000
3412834|1|1|1|1226.1875877|34128341|2||2||1|1|2|2|2|2|2|1|2||1||1800000
3412834|1|2|2|1226.1875877|34128342|2||2||1|1|2|2|1|2|2|2|2||1||1800000
3412835|1|1|1|731.96347523|34128351|2||2||1|1|2|2|2|2|2|2|2||1||1400000
3412836|1|1|1|508.12260412|34128361|2||2||1|1|2|2|2|2|2|2|2||1||2800000
3412837|1|1|1|972.42512611|34128371|2||2||1|1|2|2|2|2|2|2|2||1||2600000
3412838|1|1|1|969.31667505|34128381|2||2||1|1|2|2|2|2|2|2|2||1||1800000
3412839|1|1|1|840.04556752|34128391|2||2||1|1|2|2|2|2|2|2|2||1||1300000
3412840|1|1|1|2377.579096|34128401|2||2||1|1|2|2|2|2|2|1|2||1||1300000
3412841|1|1|1|1967.6012261|34128411|2||2||1|1|2|2|2|2|2|2|2||1||1300000
3412842|1|1|1|1525.15064|34128421|2||2||1|1|2|2|2|2|2|2|2||1||3000000
3412843|1|1|1|1347.2131146|34128431|2||2||1|1|2|2|2|2|2|2|2||1||3000000
3412844|1|1|1|1390.767899|34128441|2||2||1|1|2|2|2|2|2|2|2||1||2600000
3412845|1|1|1|1716.3651397|34128451|2||2||1|1|2|2|2|2|2|2|1||1||3900000
3412846|1|1|1|1322.1027201|34128461|2||2||1|2|2|2|1|2|2|2|2||4||700000
3412847|1|1|1|1595.2609547|34128471|2||2||1|2|2|2|2|2|2|2|1||8||800000
3412848|1|1|1|194.61763981|34128481|2||2||1|1|2|2|2|2|2|2|2||1||1700000
3412849|1|1|1|87.124186921|34128491|2||2||1|1|2|2|2|2|2|2|2||1||2000000
3412851|1|1|1|87.124186921|34128511|2||2||1|2|2|1|2|2|2|2|2||3||5000000
3412852|1|1|1|87.124186921|34128521|2||2||1|1|2|2|2|2|2|2|2||1||2700000
3412853|1|1|1|157.44313446|34128531|2||2||1|1|2|2|2|2|2|2|2||1||2000000
3412854|1|1|1|206.2254203|34128541|2||2||1|1|2|2|2|2|2|2|2||1||2000000
3412855|1|1|1|170.74993334|34128551|2||2||1|1|2|2|1|2|2|2|2||1||2500000
3412856|1|1|1|185.46716791|34128561|2||2||1|1|2|2|2|2|2|2|2||1||1700000
3412857|1|1|1|62.085564287|34128571|2||2||1|1|2|2|2|2|2|2|1||8||900000
3412858|1|1|1|181.35013784|34128581|2||2||1|2|2|2|2|2|2|2|1||8||400000
3412859|1|1|1|172.92312341|34128591|2||2||1|1|2|2|2|2|2|2|2||1||1800000
3412860|1|1|1|109.6939821|34128601|2||2||1|1|2|2|2|2|2|2|2||1||1400000
3412861|1|1|1|95.17864007|34128611|2||2||1|2|2|2|2|2|2|2|1||8||600000
3412862|1|1|1|145.51778909|34128621|2||2||1|1|2|2|2|2|2|2|1||1||800000
3412863|1|1|1|139.00561333|34128631|2||2||1|2|2|1|2|2|2|2|2||3||2150000
3412864|1|1|1|145.51778909|34128641|2||2||1|1|2|1|2|2|2|2|2||3||2000000
3412865|1|1|1|112.19554743|34128651|2||2||1|1|2|2|2|2|2|2|2||1||6000000
3412866|1|1|1|153.86589103|34128661|2||2||1|1|2|2|2|2|2|2|2||1||1200000
3412867|1|1|1|308.79129181|34128671|2||2||1|1|2|2|2|2|2|2|2||1||1200000
3412868|1|1|1|110.86707908|34128681|2||2||1|1|2|2|2|2|2|2|2||1||1300000
3412869|1|1|1|200.34919184|34128691|2||2||1|1|2|2|2|2|2|2|2||1||450000
3412870|1|1|1|248.22430952|34128701|2||2||1|1|2|2|2|2|2|2|2||1||650000
3412871|1|1|1|110.86707908|34128711|2||2||1|1|2|2|2|2|2|2|2||1||800000
3412872|1|1|1|378.90696013|34128721|2||2||1|1|2|2|2|2|2|2|2||1||1500000
3412873|1|1|1|131.07069578|34128731|2||2||1|1|2|2|2|2|2|2|2||1||700000
3412874|1|1|1|167.13690259|34128741|2||2||1|1|2|2|2|2|2|2|2||1||1100000
3412875|1|1|1|110.86707908|34128751|2||2||1|1|1|2|2|2|2|2|2||1||1300000
3412876|1|1|1|259.85319481|34128761|2||2||1|1|2|2|2|2|2|2|2||1||500000
3412877|1|1|1|154.91361722|34128771|2||2||1|1|2|2|2|2|2|2|2||1||800000
3412878|1|1|1|110.86707908|34128781|2||2||1|1|2|2|2|2|2|2|2||1||1700000
3412879|1|1|1|110.86707908|34128791|2||2||1|1|2|2|2|2|2|2|2||1||200000
3412880|1|1|1|189.58922496|34128801|2||2||1|1|2|2|2|2|2|2|2||1||1000000
3412881|1|1|1|93.12834643|34128811|2||2||1|2|2|1|1|2|2|2|2||3||3000000
3412882|1|1|1|93.12834643|34128821|2||2||1|2|2|1|2|2|2|2|2||3||1500000
3412883|1|1|1|218.27668364|34128831|2||2||1|1|2|2|2|2|2|2|2||1||3000000
3412884|1|1|1|218.28949627|34128841|2||2||1|1|2|2|2|2|2|2|2||1||1400000
3412885|1|1|1|218.27668364|34128851|2||2||1|2|2|1|2|2|2|2|2||3||5000000
3412886|1|1|1|168.29332115|34128861|2||2||1|1|2|2|2|2|2|2|2||1||1600000
3412887|1|1|1|218.27668364|34128871|2||2||1|2|2|1|2|2|2|2|2||3||2000000
3412888|1|1|1|300.46755396|34128881|2||2||1|2|2|2|2|2|2|2|1||8||200000
3412889|1|1|1|103.47594048|34128891|2||2||1|1|2|2|2|2|2|2|2||1||1200000
3412890|1|1|1|186.99257905|34128901|2||2||1|1|2|2|2|2|2|2|2||1||500000
3412891|1|1|1|133.72681282|34128911|2||2||1|1|2|2|2|2|2|2|1||1||1600000
3412892|1|1|1|393.37930295|34128921|2||2||1|1|2|2|2|2|2|2|2||1||3500000
3412893|1|1|1|337.82799726|34128931|2||2||1|1|2|2|2|2|2|2|2||1||500000
3412894|1|1|1|222.57034658|34128941|2||2||1|2|2|1|2|2|2|2|2||3||1600000
3412895|1|1|1|132.31809082|34128951|2||2||1|1|2|2|2|2|2|2|2||1||600000
3412896|1|1|1|332.88864886|34128961|2||2||1|1|2|2|2|2|2|2|2||1||1300000
3412897|1|1|1|103.47594048|34128971|2||2||1|1|2|2|2|2|2|2|2||1||800000
3412898|1|1|1|145.1265799|34128981|2||2||1|1|2|2|2|2|2|2|2||1||800000
3412899|1|1|1|357.80153542|34128991|2||2||1|1|2|2|2|2|2|2|2||1||800000
3412900|1|1|1|166.21562582|34129001|2||2||1|1|2|2|2|2|2|2|2||1||1400000
3412901|1|1|1|160.94321477|34129011|2||2||1|1|2|2|2|2|2|2|1||1||800000
3412902|1|1|1|91.978613758|34129021|2||2||1|1|2|2|2|2|2|2|2||1||1000000
3412903|1|1|1|177.1281454|34129031|2||2||1|1|2|2|2|2|2|2|2||1||1500000
3412904|1|1|1|177.11549096|34129041|2||2||1|2|2|2|2|2|2|2|1||8||900000
3412905|1|1|1|141.0053927|34129051|2||2||1|1|2|2|2|2|2|2|2||1||3000000
3412906|1|1|1|295.90102121|34129061|2||2||1|1|2|2|2|2|2|2|2||1||1000000
3412907|1|1|1|345.2799596|34129071|2||2||1|1|2|2|2|2|2|2|2||1||1300000
3412909|1|1|1|110.31577962|34129091|2||2||1|1|2|2|2|2|2|2|2||1||1500000
3412910|1|1|1|223.61234634|34129101|2||2||1|2|2|2|1|2|2|2|2||4||1400000
3412911|1|1|1|216.38243581|34129111|2||2||1|1|2|2|2|2|2|2|2||1||2200000
3412912|1|1|1|218.27668364|34129121|2||2||1|2|2|2|2|2|2|2|1||8||300000
3412913|1|1|1|228.536474|34129131|2||2||1|1|2|2|2|2|2|2|2||1||600000
3412914|1|1|1|204.85479563|34129141|2||2||1|1|2|2|2|2|2|2|2||1||400000
3412915|1|1|1|256.11105122|34129151|2||2||1|1|2|2|2|2|2|2|2||1||1300000
3412916|1|1|1|140.39499818|34129161|2||2||1|1|2|2|2|2|2|2|2||1||900000
3412917|1|1|1|180.13138293|34129171|2||2||1|1|2|2|2|2|2|2|1||1||600000
3412918|1|1|1|229.33842234|34129181|2||2||1|1|2|2|2|2|2|2|2||1||700000
3412919|1|1|1|259.38468512|34129191|2||2||1|1|2|2|2|2|2|2|1||1||700000
3412920|1|1|1|140.39499818|34129201|2||2||1|1|2|2|2|2|2|2|2||1||800000
3412921|1|1|1|229.33842234|34129211|2||2||1|1|2|2|2|2|2|2|2||1||2500000
3412927|1|1|1|685.50257665|34129271|2||2||2|1|1|2|2|2|2|2|2||1||960000
3412928|1|1|1|309.2184184|34129281|2||2||1|1|1|2|2|2|2|2|2||1||1100000
3412929|1|1|1|785.25848389|34129291|2||2||1|1|2|2|2|2|2|2|2||1||2000000
3412930|1|1|1|220.85340727|34129301|2||2||1|1|2|2|2|2|2|2|2||1||1500000
3412931|1|1|1|434.15488527|34129311|2||2||1|1|2|2|2|2|2|2|2||1||1600000
3412932|1|1|1|261.98874967|34129321|2||2||1|1|1|2|2|2|2|2|2||1||4000000
3412933|1|1|1|316.77034767|34129331|2||2||1|1|2|2|2|2|2|2|1||8||700000
3412934|1|1|1|883.41362907|34129341|2||2||1|1|2|2|2|2|2|2|2||1||1200000
3412935|1|1|1|316.77034767|34129351|2||2||1|2|2|2|2|2|2|1|1||8||1500000
3412936|1|1|1|679.99985042|34129361|2||2||1|1|2|2|2|2|2|2|2||1||1200000
3412937|1|1|1|202.44895666|34129371|2||2||1|1|2|2|2|2|2|2|2||1||700000
3412938|1|1|1|202.44895666|34129381|2||2||1|2|2|1|2|2|2|2|2||3||4500000
3412939|1|1|1|202.44895666|34129391|2||2||1|2|2|1|2|2|2|2|2||3||3000000
3412940|1|1|1|283.45021687|34129401|2||2||1|1|2|1|2|2|2|2|2||1||3000000
3412941|1|1|1|202.44895666|34129411|2||2||1|1|2|1|2|2|2|2|2||3||4500000
3412942|1|1|1|202.44895666|34129421|2||2||1|1|2|2|2|2|2|2|1||1||3000000
3412943|1|1|1|253.7896112|34129431|2||2||1|1|2|2|2|2|2|2|2||1||4000000
3412944|1|1|1|715.69276991|34129441|2||2||1|1|2|2|2|2|2|2|2||1||3500000
3412945|1|1|1|809.79582665|34129451|2||2||1|1|2|2|2|2|2|2|2||1||3200000
3412946|1|1|1|407.30882179|34129461|2||2||1|1|2|2|2|2|2|1|2||1||2000000
3412947|1|1|1|985.38459782|34129471|2||2||1|1|2|2|2|2|2|2|2||1||1000000
3412948|1|1|1|645.79183002|34129481|2||2||1|1|2|2|2|2|2|2|2||1||2000000
3412949|1|1|1|276.06675909|34129491|2||2||2|2|2|1|2|2|2|2|2||3||2500000
3412950|1|1|1|276.06675909|34129501|2||2||1|2|2|1|2|2|2|2|2||3||2000000
3412951|1|1|1|395.96293459|34129511|2||2||1|2|2|2|2|2|2|2|1||8||900000
3412952|1|1|1|693.82922944|34129521|2||2||1|1|2|2|2|2|2|2|2||1||1200000
3412953|1|1|1|395.96293459|34129531|2||2||1|2|2|2|2|2|2|2|1||8||500000
3412954|1|1|1|981.57310487|34129541|2||2||1|1|2|2|2|2|2|2|2||1||2200000
3412955|1|1|1|395.96293459|34129551|2||2||1|2|2|2|2|2|2|2|1||8||800000
3412956|1|1|1|492.66149779|34129561|2||2||1|1|2|2|2|2|2|1|1||1||10000000
3412957|1|1|1|537.40973241|34129571|2||2||2|1|2|2|2|2|2|2|2||1||4500000
3412958|1|1|1|462.30553286|34129581|1|1|2||1|1|2|2|2|2|2|2|2||1||8000000
3412959|1|1|1|232.07827555|34129591|2||2||1|2|2|1|2|2|2|2|2||3||5000000
3412960|1|1|1|289.00929779|34129601|2||2||1|1|2|2|2|2|2|2|2||1||3500000
3412961|1|1|1|587.6908041|34129611|2||2||1|1|1|2|2|2|2|2|2||1||3000000
3412962|1|1|1|161.80579491|34129621|2||2||1|1|2|2|2|2|2|2|2||1||4000000
3412963|1|1|1|417.55729823|34129631|2||2||1|2|2|1|2|2|2|2|2||3||12000000
3412964|1|1|1|762.47547599|34129641|2||2||1|1|2|2|2|2|2|2|2||1||4000000
3412965|1|1|1|476.65988451|34129651|2||2||1|1|2|2|2|2|2|2|2||1||2400000
3412966|1|1|1|269.8633234|34129661|2||2||1|1|2|1|2|2|2|2|2||1||3000000
3412967|1|1|1|305.60204822|34129671|2||2||1|2|2|1|2|2|2|2|2||3||3000000
3412968|1|1|1|812.54123806|34129681|2||2||1|1|2|1|2|2|2|1|2||3||4300000
3412969|1|1|1|266.86453378|34129691|2||2||1|2|2|1|2|2|2|2|2||3||3000000
3412970|1|1|1|373.63892224|34129701|2||2||1|1|2|1|2|2|2|2|2||1||3000000
3412971|1|1|1|266.86453378|34129711|2||2||1|1|2|2|2|2|2|2|2||1||7000000
3412973|1|1|1|373.63892224|34129731|2||2||1|1|2|2|2|2|2|2|2||1||1200000
3412974|1|1|1|393.73186106|34129741|2||2||2|1|2|2|2|2|2|2|2||1||3000000
3412975|1|1|1|393.73186106|34129751|2||2||1|2|2|1|2|2|2|2|2||3||4000000
3412976|1|1|1|1635.3490317|34129761|2||2||1|1|2|2|2|2|2|2|2||1||1500000
3412977|1|1|1|1923.3137523|34129771|2||2||1|1|2|2|2|2|2|2|2||1||2600000
3412978|1|1|1|1750.3942489|34129781|2||1|1|1|1|2|2|2|2|2|2|2||1||1300000
3412979|1|1|1|1468.283496|34129791|2||2||1|1|2|2|2|2|2|2|2||1||1300000
3412980|1|1|1|1010.9577695|34129801|2||2||1|1|2|2|2|2|2|2|2||1||1300000
3412981|1|1|1|2627.540069|34129811|2||2||1|1|2|1|2|2|2|2|2||3||11500000
3412982|1|1|1|1858.3480774|34129821|2||2||1|1|2|2|2|2|2|2|2||1||3500000
3412983|1|1|1|3551.9020726|34129831|2||2||1|1|2|2|2|2|2|2|2||1||4000000
3412984|1|1|1|2627.540069|34129841|2||2||1|2|2|1|2|2|2|2|2||3||6500000
3412985|1|1|1|1702.3039857|34129851|2||2||1|1|2|2|2|2|2|2|2||1||6000000
3412986|1|1|1|1605.6217297|34129861|2||2||1|2|2|2|2|2|2|2|1||8||1000000
3412988|1|1|1|1328.4469726|34129881|2||2||1|1|2|2|2|2|2|2|2||1||3000000
3412989|1|1|1|1509.2447346|34129891|2||2||1|1|2|2|2|2|2|2|2||1||2300000
3412990|1|1|1|1444.1288433|34129901|2||2||1|1|2|2|2|2|2|2|2||1||2900000
3412991|1|1|1|2397.5370183|34129911|2||2||1|1|2|2|1|2|2|2|2||4||1700000
3412992|1|1|1|1432.9292648|34129921|2||2||1|1|2|2|2|2|2|2|2||1||1300000
3412994|1|1|1|999.49625205|34129941|2||2||1|1|2|2|2|2|2|2|2||1||2300000
3412995|1|1|1|1552.8853289|34129951|2||2||1|1|2|2|2|2|2|2|2||1||1600000
3412996|1|1|1|1735.768894|34129961|2||1|1|1|2|2|2|2|2|2|2|2|1||1700000|
3412997|1|1|1|1472.8444444|34129971|2||2||1|1|2|2|2|2|2|2|2||1||4500000
3412999|1|1|1|1350.2402235|34129991|2||2||1|1|2|2|1|2|2|2|1||4||2000000
3413000|1|1|1|1735.768894|34130001|2||2||1|2|2|1|2|2|2|2|2||3||1300000
3413001|1|1|1|1999.1554021|34130011|2||2||1|1|2|2|2|2|2|2|2||1||1300000
3413002|1|1|1|1884.1087522|34130021|2||2||1|1|2|2|2|2|2|2|1||8||800000
3413003|1|1|1|1747.1044802|34130031|2||2||1|1|2|2|2|2|2|2|2||1||5200000
3413004|1|1|1|1413.7262891|34130041|2||2||1|1|2|2|2|2|2|2|2||1||1500000
3413005|1|1|1|3191.2508479|34130051|2||1|1|1|1|2|2|2|2|2|2|2||1||1300000
3413006|1|1|1|1907.9249286|34130061|2||2||1|1|2|2|2|2|2|2|2||1||1000000
3413008|1|1|1|2366.6730029|34130081|2||1|1|2|2|2|2|2|2|2|2|2|1||2400000|
3413009|1|1|1|2456.7322668|34130091|2||2||1|2|2|2|1|2|2|2|1||8||1500000
3413010|1|1|1|2121.0803009|34130101|2||2||1|1|2|2|2|2|2|2|2||1||1200000
3413011|1|1|1|1817.381881|34130111|2||2||1|1|2|2|2|2|2|2|2||1||1000000
3413012|1|1|1|1919.0573886|34130121|2||2||1|2|2|2|2|2|2|2|1||8||2000000
3413013|1|1|1|2219.6326422|34130131|2||2||1|2|2|1|2|2|2|2|2||3||2600000
3413014|1|1|1|1762.9577929|34130141|2||2||1|1|2|2|2|2|2|1|2||1||2500000
3413015|1|1|1|1631.2166457|34130151|2||2||1|1|2|2|2|2|2|2|2||1||3000000
3413016|1|1|1|1957.0364254|34130161|2||2||1|1|2|2|2|2|2|2|2||1||2300000
3413017|1|1|1|2200.3624807|34130171|2||2||1|1|2|2|2|2|2|2|2||1||2600000
3413019|1|1|1|2691.8127514|34130191|2||2||1|1|2|2|1|2|2|2|2||1||4000000
3413020|1|1|1|2306.3962828|34130201|2||2||1|2|2|2|2|2|2|1|1||7||1500000
3413021|1|1|1|1866.2844252|34130211|2||2||2|1|2|1|2|2|2|2|2||1||2600000
3413022|1|1|1|2203.6972412|34130221|2||2||1|1|2|2|2|2|2|2|2||1||900000
3413023|1|1|1|3050.5088171|34130231|2||2||1|1|2|2|2|2|2|2|2||1||2000000
3413024|1|1|1|2480.5393352|34130241|2||2||1|1|2|2|2|2|2|2|2||1||900000
3413025|1|1|1|2126.1468135|34130251|2||2||1|1|2|2|2|2|2|2|2||1||2600000
3413026|1|1|1|2750.8224117|34130261|2||1|1|1|1|2|2|2|2|2|2|2||1||1300000
3413027|1|1|1|1780.7976498|34130271|2||1|1|1|1|2|1|2|2|2|2|2||3||3300000
3413028|1|1|1|1858.3480774|34130281|2||1|1|1|1|2|2|2|2|2|2|2||1||2600000
3413029|1|1|1|2120.9127544|34130291|2||2||1|1|2|2|2|2|2|2|2||1||900000
3413030|1|1|1|2680.0603308|34130301|2||2||1|1|2|2|2|2|2|2|2||1||800000
3413031|1|1|1|3773.9184037|34130311|2||1|1|1|1|2|2|2|2|2|2|2||1||2000000
3413032|1|1|1|4036.8344529|34130321|2||2||1|1|2|2|2|2|2|2|2||1||750000
3413034|1|1|1|1860.4045014|34130341|2||2||1|1|2|2|2|2|2|2|2||1||500000
3413035|1|1|1|3348.2027962|34130351|2||2||1|1|2|2|2|2|2|2|2||1||1300000
3413036|1|1|1|2139.0684228|34130361|2||2||1|1|2|2|2|2|2|2|2||1||1300000
3413038|1|1|1|2213.3837466|34130381|2||2||1|1|2|2|2|2|2|2|2||1||2500000
3413039|1|1|1|43.938743756|34130391|2||2||1|1|2|2|2|2|2|2|2||1||1300000
3413040|1|1|1|21.700107027|34130401|2||2||1|1|2|2|2|2|2|2|2||1||2350000
3413041|1|1|1|77.047161722|34130411|2||2||1|1|2|2|2|2|2|2|2||1||1600000
3413042|1|1|1|55.152250746|34130421|2||2||1|1|2|2|2|2|2|2|2||1||2800000
3413043|1|1|1|21.700107027|34130431|2||2||1|1|2|2|2|2|2|2|2||1||3500000
3413044|1|1|1|27.297673334|34130441|2||2||1|1|2|2|2|2|2|2|2||1||3000000
3413045|1|1|1|44.334249805|34130451|2||2||1|2|2|1|2|2|2|2|2||3||1200000
3413046|1|1|1|76.450556494|34130461|2||2||1|1|1|2|2|2|2|2|2||1||1700000
3413047|1|1|1|28.737873206|34130471|2||2||1|1|2|2|2|2|2|2|2||1||3200000
3413047|1|2|2|28.737873206|34130472|2||2||1|1|2|2|2|2|2|2|2||1||2600000
3413048|1|1|1|21.700107027|34130481|2||2||1|2|1|2|2|2|2|2|2||2||1600000
3413049|1|1|1|63.937626811|34130491|2||2||1|1|2|2|2|2|2|2|2||1||1300000
3413050|1|1|1|37.833400941|34130501|2||2||1|1|2|2|2|2|2|2|2||1||1300000
3413051|1|1|1|65.757900081|34130511|2||2||1|1|2|2|2|2|2|2|2||1||1800000
3413053|1|1|1|16.43947502|34130531|2||2||1|1|2|2|2|2|2|2|2||1||1600000
3413054|1|1|1|36.499003733|34130541|2||2||1|1|2|2|2|2|2|2|2||1||2300000
3413055|1|1|1|30.374476238|34130551|2||2||1|1|2|2|2|2|2|2|2||1||1300000
3413056|1|1|1|26.249709411|34130561|2||2||1|1|2|2|2|2|2|2|2||1||1300000
3413057|1|1|1|52.767833016|34130571|2||2||1|1|2|2|2|2|2|2|2||1||2500000
3413058|1|1|1|16.43947502|34130581|2||2||1|1|2|2|2|2|2|2|2||1||9500000
3413059|1|1|1|92.010354697|34130591|2||2||1|2|1|1|2|2|2|2|2||3||1800000
3413060|1|1|1|56.989499829|34130601|2||2||1|2|2|1|2|2|2|2|2||3||2300000
3413061|1|1|1|23.837238779|34130611|2||2||1|1|2|2|2|2|2|2|2||1||1500000
3413062|1|1|1|46.146661734|34130621|2||2||1|1|2|2|2|2|2|2|2||1||1300000
3413063|1|1|1|65.293532104|34130631|2||2||1|1|2|2|2|2|2|2|2||1||1300000
3413064|1|1|1|23.837238779|34130641|2||2||1|1|2|2|2|2|2|2|2||1||3500000
3413065|1|1|1|52.331988694|34130651|2||2||1|1|2|2|2|2|2|2|2||1||1000000
3413067|1|1|1|46.773848277|34130671|2||2||1|1|2|2|2|2|2|2|2||1||5000000
3413068|1|1|1|28.458264731|34130681|2||2||1|1|2|2|2|2|2|2|2||1||2000000
3413069|1|1|1|44.042990544|34130691|2||2||1|1|2|2|2|2|2|2|2||1||2000000
3413070|1|1|1|19.16850814|34130701|2||2||1|1|2|2|2|2|2|2|2||1||4800000
3413071|1|1|1|58.451466739|34130711|2||2||1|1|2|2|2|2|2|2|2||1||3900000
3413072|1|1|1|38.076154868|34130721|2||2||1|1|2|2|2|2|2|2|2||1||2500000
3413073|1|1|1|36.081951573|34130731|2||2||1|1|2|2|2|2|2|2|2||1||1800000
3413074|1|1|1|29.854713673|34130741|2||2||1|1|2|2|2|2|2|2|2||1||1000000
3413075|1|1|1|38.076154868|34130751|2||2||1|1|2|2|2|2|2|2|2||1||2000000
3413076|1|1|1|40.411168519|34130761|2||2||1|1|2|2|2|2|2|2|2||1||1500000
3413077|1|1|1|27.232693104|34130771|2||2||1|1|2|2|2|2|2|2|2||1||2000000
3413078|1|1|1|60.496800636|34130781|1|1|2||1|1|1|2|2|2|2|2|2||2||1480000
3413079|1|1|1|27.528742519|34130791|2||2||1|1|2|2|2|2|2|2|2||1||1300000
3413081|1|1|1|45.561714356|34130811|2||2||1|2|2|1|2|2|2|2|2||3||2600000
3413083|1|1|1|31.020083334|34130831|2||2||1|1|2|2|2|2|2|1|2||7||3000000
3413084|1|1|1|65.314915603|34130841|2||2||1|1|2|2|2|2|2|2|2||1||1800000
3413085|1|1|1|55.424960691|34130851|2||2||1|1|2|2|2|2|2|2|2||1||1700000
3413086|1|1|1|32.081487597|34130861|2||2||1|1|2|2|2|2|2|1|2||1||2300000
3413087|1|1|1|24.659212531|34130871|2||2||1|1|2|2|2|2|2|1|2||1||2000000
3413088|1|1|1|36.942994133|34130881|2||2||1|1|2|2|2|2|2|2|2||1||1500000
3413090|1|1|1|24.659212531|34130901|2||2||1|1|2|2|2|2|2|2|2||1||1800000
3413091|1|1|1|41.815015133|34130911|2||2||1|1|2|2|2|2|2|2|2||1||1500000
3413092|1|1|1|42.463828798|34130921|2||2||1|1|2|2|2|2|2|2|2||1||2000000
3413093|1|1|1|50.379829324|34130931|2||2||1|1|2|2|2|2|2|1|2||1||2000000
3413094|1|1|1|2863.7404705|34130941|2||2||1|2|2|2|2|2|2|2|1||8||2000000
3413095|1|1|1|4069.0496379|34130951|2||2||1|1|2|2|2|2|2|2|2||1||2500000
3413096|1|1|1|3919.6122733|34130961|2||2||2|1|2|1|2|2|2|2|2||1||4000000
3413097|1|1|1|2917.2631634|34130971|2||2||1|1|2|2|2|2|2|2|2||1||1700000
3413098|1|1|1|3411.9812516|34130981|2||1|3|1|2|2|2|2|2|2|2|1||8||1500000
3413099|1|1|1|1789.55339|34130991|1|1|2||2|1|2|2|2|2|2|1|2||1||30000000
3413100|1|1|1|3838.5542957|34131001|1|1|2||1|1|2|2|2|2|2|1|2||1||10000000
3413102|1|1|1|1341.0275666|34131021|1|1|1|1|1|1|2|2|2|2|2|2|1||1||99
3413103|1|1|1|2158.3091219|34131031|2||2||1|1|2|2|2|2|2|2|2||1||2500000
3413104|1|1|1|2064.4305116|34131041|1|1|2||1|2|2|1|2|2|2|1|2||3||10000000
3413105|1|1|1|2535.485883|34131051|2||2||1|1|2|2|2|2|2|1|2||7||12000000
3413106|1|1|1|2212.6075027|34131061|2||2||1|1|2|1|2|2|2|2|1||3||4000000
3413107|1|1|1|2212.6075027|34131071|2||2||1|1|2|1|2|2|2|1|2||7||10000000
3413109|1|1|1|1925.1158197|34131091|2||2||1|1|2|2|2|2|2|2|2||1||5000000
3413110|1|1|1|2605.7434768|34131101|2||2||1|2|2|1|2|2|2|2|2||3||7000000
3413111|1|1|1|1232.8727749|34131111|2||2||1|1|2|1|2|2|2|2|2||3||3500000
3413112|1|1|1|1424.7000419|34131121|2||2||1|1|2|2|2|2|2|1|2||1||13000000
3413113|1|1|1|3598.4756267|34131131|2||2||1|1|2|2|2|2|2|2|2||1||10000000
3413116|1|1|1|3236.6652111|34131161|2||2||1|1|2|2|2|2|2|2|2||1||6000000
3413117|1|1|1|2895.3150911|34131171|2||2||1|1|2|2|2|2|2|2|2||1||9000000
3413118|1|1|1|2157.7201627|34131181|1|1|2||1|1|2|2|2|2|2|2|2||1||6000000
3413119|1|1|1|4923.133155|34131191|1|1|2||1|1|2|1|2|2|2|2|2||1||12000000
3413120|1|1|1|3356.5645081|34131201|2||2||1|1|2|1|2|2|2|2|2||1||10000000
3413125|1|1|1|1619.8154476|34131251|2||2||1|1|2|2|2|2|2|2|1||1||2400000
3413126|1|1|1|1529.107221|34131261|2||2||1|1|2|2|2|2|2|2|2||1||4000000
3413127|1|1|1|1284.6866397|34131271|2||2||1|1|2|2|2|2|2|2|2||1||4500000
3413128|1|1|1|1578.7140688|34131281|2||2||1|1|2|1|2|2|2|2|2||1||4600000
3413129|1|1|1|1822.6308528|34131291|2||2||1|1|2|2|2|2|2|2|2||1||6000000
3413130|1|1|1|1417.9731586|34131301|2||2||1|1|2|2|1|2|2|2|2||1||3500000
3413131|1|1|1|1272.541046|34131311|2||2||1|1|2|2|2|2|2|2|2||1||3400000
3413132|1|1|1|1585.3116059|34131321|2||2||1|1|2|2|2|2|2|2|2||1||500000
3413133|1|1|1|2042.855457|34131331|2||2||2|1|2|2|2|2|2|2|2||1||1100000
3413134|1|1|1|1808.777488|34131341|2||2||1|1|2|2|2|2|2|2|2||1||800000
3413135|1|1|1|786.47415267|34131351|2||2||1|1|2|2|2|2|2|2|2||1||1400000
3413136|1|1|1|1590.4431281|34131361|2||2||1|1|2|2|2|2|2|2|2||1||500000
3413137|1|1|1|1053.7684846|34131371|2||2||1|1|2|2|1|2|2|2|2||1||1000000
3413138|1|1|1|1183.7518126|34131381|2||2||1|1|2|2|2|2|2|2|2||1||150000
3413139|1|1|1|966.54047323|34131391|2||2||1|1|1|2|2|2|2|2|2||1||1400000
3413140|1|1|1|540.45863862|34131401|2||2||1|1|2|2|2|2|2|2|2||1||400000
3413141|1|1|1|1000.0897514|34131411|2||2||1|1|2|2|2|2|2|2|1||1||1300000
3413142|1|1|1|741.80810349|34131421|2||2||1|1|2|2|2|2|2|2|2||1||300000
3413143|1|1|1|1080.2371645|34131431|2||2||1|1|2|2|2|2|2|2|2||1||800000
3413144|1|1|1|1102.0222467|34131441|2||2||2|1|2|2|2|2|2|2|2||1||800000
3413145|1|1|1|885.35357312|34131451|2||2||1|1|2|2|1|2|2|2|2||1||1000000
3413146|1|1|1|1279.2716239|34131461|2||2||2|1|2|2|2|2|2|2|2||1||1000000
3413147|1|1|1|1213.9315664|34131471|2||2||1|1|2|2|2|2|2|2|2||1||1300000
3413148|1|1|1|1117.8570923|34131481|2||2||1|1|1|2|2|2|2|2|2||1||700000
3413149|1|1|1|1216.9434224|34131491|2||2||1|1|2|2|2|2|2|2|2||1||3000000
3413150|1|1|1|1544.7197549|34131501|2||2||1|1|1|2|2|2|2|2|2||1||1400000
3413151|1|1|1|1411.3641733|34131511|2||2||1|1|1|2|2|2|2|2|2||1||98
3413152|1|1|1|1334.6234402|34131521|2||2||1|1|2|2|2|2|2|2|2||1||2400000
3413153|1|1|1|1694.3790331|34131531|2||1|3|1|1|2|2|2|2|2|2|1||1||1600000
3413154|1|1|1|1106.7972641|34131541|2||2||1|1|2|1|2|2|2|2|2||1||1800000
3413155|1|1|1|1354.6616771|34131551|2||2||1|1|2|2|2|2|2|2|2||1||600000
3413156|1|1|1|672.04856803|34131561|2||2||1|1|2|2|2|2|2|2|2||1||1300000
3413157|1|1|1|1441.6076913|34131571|2||2||1|1|2|2|2|2|2|2|1||1||800000
3413158|1|1|1|4512.830256|34131581|2||2||1|1|2|2|2|2|2|2|2||1||2000000
3413159|1|1|1|6134.6847749|34131591|2||2||1|1|2|2|2|2|2|2|2||1||2600000
3413160|1|1|1|14392.700068|34131601|2||2||1|1|2|2|2|2|2|2|2||1||1900000
3413161|1|1|1|10614.533437|34131611|2||2||2|1|2|2|2|2|2|2|2||1||3000000
3413162|1|1|1|10101.418776|34131621|2||2||1|1|2|2|2|2|2|2|2||1||1300000
3413163|1|1|1|4823.4548237|34131631|2||2||1|1|2|2|2|2|2|2|2||1||5000000
3413164|1|1|1|7333.3539368|34131641|2||2||1|1|2|2|2|2|2|2|2||1||6000000
3413165|1|1|1|6464.3021752|34131651|2||2||1|1|2|2|2|2|2|2|2||1||4000000
3413166|1|1|1|6837.9980031|34131661|2||2||1|1|2|2|2|2|2|2|2||1||6000000
3413167|1|1|1|5587.2686992|34131671|2||2||1|1|2|1|2|2|2|2|2||1||4000000
3413168|1|1|1|6467.2937485|34131681|2||2||1|1|2|2|2|2|2|2|2||1||3000000
3413169|1|1|1|6850.4854599|34131691|2||2||1|1|2|2|2|2|2|2|2||1||3000000
3413170|1|1|1|5706.9738334|34131701|2||2||1|1|2|2|2|2|2|2|2||1||5000000
3413171|1|1|1|3258.4247662|34131711|2||2||1|1|2|1|2|2|2|2|2||1||2600000
3413172|1|1|1|5183.9807611|34131721|2||2||1|1|2|2|2|2|2|2|2||1||2000000
3413173|1|1|1|5876.0848853|34131731|2||2||1|1|2|2|2|2|2|2|2||1||1300000
3413174|1|1|1|4176.5470182|34131741|2||2||2|1|2|2|2|2|2|2|2||1||4000000
3413175|1|1|1|5867.6137897|34131751|2||2||1|1|2|2|2|2|2|2|2||1||3000000
3413176|1|1|1|2942.6058819|34131761|2||2||1|2|2|1|2|2|2|2|2||3||2000000
3413177|1|1|1|5179.729307|34131771|2||2||1|1|2|2|2|2|2|2|2||1||2500000
3413178|1|1|1|5876.0848853|34131781|2||2||1|1|2|2|2|2|2|2|2||1||1300000
3413179|1|1|1|3335.2742465|34131791|2||2||1|1|2|2|2|2|2|2|2||1||700000
3413180|1|1|1|5867.6137897|34131801|2||2||1|1|2|2|2|2|2|2|2||1||1300000
3413182|1|1|1|4054.5026362|34131821|2||2||1|1|2|2|2|2|2|2|2||1||25000000
3413183|1|1|1|4617.3586965|34131831|2||2||1|1|2|2|2|2|2|2|2||1||4000000
3413184|1|1|1|3517.6205642|34131841|2||2||1|1|2|2|2|2|2|2|2||1||4000000
3413185|1|1|1|4617.3586965|34131851|2||2||1|1|2|2|2|2|2|2|2||1||7000000
3413186|1|1|1|2973.1587569|34131861|2||2||1|1|2|2|2|2|2|2|2||1||8000000
3413187|1|1|1|6043.4901495|34131871|2||2||1|1|2|2|2|2|2|2|2||1||4000000
3413188|1|1|1|7580.397116|34131881|1|2|2||1|1|2|2|2|2|2|1|2||1||15000000
3413189|1|1|1|4625.6286903|34131891|2||2||1|1|2|2|2|2|2|2|2||1||2000000
3413190|1|1|1|5562.0593285|34131901|2||2||1|1|2|2|2|2|2|2|2||1||5000000
3413191|1|1|1|4608.7418824|34131911|2||2||1|1|2|2|2|2|2|2|2||1||7500000
3413192|1|1|1|3913.8847698|34131921|2||2||1|1|2|2|2|2|2|2|2||1||5000000
3413193|1|1|1|735.48094473|34131931|2||2||1|1|2|2|2|2|2|2|2||1||1400000
3413195|1|1|1|493.93268849|34131951|2||2||1|2|1|2|2|2|2|2|1||8||98
3413196|1|1|1|419.8055955|34131961|2||2||1|1|2|1|2|2|2|2|1||1||3000000
3413196|1|2|2|419.8055955|34131962|2||2||1|1|1|2|2|2|2|2|2||1||1800000
3413196|1|3|3|419.8055955|34131963|2||2||1|1|2|2|1|2|2|2|2||1||2000000
3413197|1|1|1|605.10163757|34131971|2||2||2|1|2|2|2|2|2|2|2||1||2600000
3413198|1|1|1|716.57100029|34131981|2||2||2|1|2|2|2|2|2|2|2||1||1300000
3413199|1|1|1|704.74098226|34131991|2||2||1|1|2|2|2|2|2|2|2||1||1800000
3413200|1|1|1|696.09906254|34132001|2||2||1|1|2|2|2|2|2|2|2||1||6000000
3413201|1|1|1|385.28930979|34132011|2||2||1|1|1|2|2|2|2|2|2||1||1600000
3413202|1|1|1|244.80586431|34132021|2||2||1|1|2|2|2|2|2|2|2||1||2700000
3413203|1|1|1|285.21321543|34132031|2||2||1|1|2|2|1|2|2|2|2||1||1100000
3413204|1|1|1|291.68895044|34132041|2||2||1|1|2|2|2|2|2|2|2||1||1800000
3413205|1|1|1|287.85873672|34132051|2||2||1|1|2|2|2|2|2|2|2||1||700000
3413206|1|1|1|287.85873672|34132061|2||2||1|1|2|2|2|2|2|2|2||1||2300000
3413207|1|1|1|291.00662005|34132071|2||2||1|1|2|2|2|2|2|2|2||1||900000
3413208|1|1|1|331.04424754|34132081|2||2||1|1|2|2|2|2|2|2|2||1||3000000
3413209|1|1|1|354.70697983|34132091|2||2||1|1|2|2|2|2|2|2|2||1||3000000
3413210|1|1|1|436.17628121|34132101|2||2||1|1|2|2|2|2|2|2|2||1||700000
3413212|1|1|1|455.98194016|34132121|2||2||1|1|2|2|1|2|2|2|2||4||600000
3413213|1|1|1|1164.1330012|34132131|2||2||1|1|2|2|2|2|2|2|2||1||3000000
3413214|1|1|1|1191.172673|34132141|2||2||1|2|2|1|2|2|2|2|2||3||3500000
3413215|1|1|1|999.80681167|34132151|2||2||1|1|2|2|2|2|2|2|2||1||5000000
3413216|1|1|1|1155.671981|34132161|2||2||1|1|2|2|2|2|2|2|2||1||3000000
3413217|1|1|1|915.67338788|34132171|2||2||1|1|2|2|2|2|2|2|2||1||6000000
3413218|1|1|1|1164.1330012|34132181|2||2||1|1|2|2|2|2|2|2|2||1||3000000
3413219|1|1|1|819.10989676|34132191|2||2||1|1|2|2|2|2|2|2|2||1||2500000
3413220|1|1|1|573.95645389|34132201|2||2||1|1|2|2|2|2|2|2|2||1||4000000
3413221|1|1|1|999.80681167|34132211|2||2||2|1|2|2|2|2|2|2|2||1||1300000
3413222|1|1|1|857.02557434|34132221|2||2||1|1|2|2|1|2|2|2|2||1||2000000
3413223|1|1|1|572.44377137|34132231|2||2||1|1|1|1|2|2|2|2|2||3||3300000
3413224|1|1|1|406.87955288|34132241|2||2||1|1|2|2|1|2|2|2|2||4||1500000
3413225|1|1|1|815.03847525|34132251|2||2||1|1|2|2|2|2|2|2|2||1||1500000
3413226|1|1|1|670.97786842|34132261|2||2||1|1|2|2|2|2|2|2|2||1||1500000
3413227|1|1|1|854.9661378|34132271|2||2||1|1|2|2|2|2|2|2|2||1||2000000
3413228|1|1|1|552.39131396|34132281|2||2||1|2|1|2|2|2|2|1|2||7||800000
3413229|1|1|1|1176.6841988|34132291|2||2||1|1|2|2|2|2|2|2|2||1||1300000
3413230|1|1|1|883.271281|34132301|2||2||1|1|2|2|1|2|2|2|2||1||3000000
3413231|1|1|1|1177.9868296|34132311|2||2||1|1|2|2|2|2|2|2|2||1||2600000
3413232|1|1|1|1212.6308542|34132321|2||2||1|1|2|2|2|2|2|2|1||1||900000
3413233|1|1|1|832.70017322|34132331|2||2||1|1|2|2|2|2|2|2|2||1||1000000
3413234|1|1|1|1212.6308542|34132341|2||2||1|1|2|2|1|2|2|2|2||1||1750000
3413235|1|1|1|1017.9851173|34132351|2||2||1|1|2|2|2|2|2|2|2||1||1200000
3413236|1|1|1|687.15547148|34132361|2||2||1|1|2|1|2|2|2|2|1||3||4000000
3413237|1|1|1|329.21552594|34132371|2||2||1|2|2|1|1|2|2|2|1||3||2500000
3413238|1|1|1|545.22035151|34132381|2||2||1|1|2|1|2|2|2|2|2||3||4000000
3413239|1|1|1|280.8010092|34132391|2||2||1|1|1|2|1|2|2|2|2||1||1700000
3413240|1|1|1|864.13145625|34132401|2||2||1|1|2|2|2|2|2|2|2||1||2800000
3413241|1|1|1|567.02611153|34132411|2||2||1|1|2|1|2|2|2|2|2||3||2500000
3413242|1|1|1|570.96096569|34132421|2||2||1|1|2|2|2|2|2|2|2||1||2000000
3413243|1|1|1|592.55310487|34132431|2||2||2|1|2|2|2|2|2|2|2||1||2000000
3413244|1|1|1|543.3589835|34132441|2||2||1|2|1|2|2|2|2|2|1||8||600000
3413245|1|1|1|443.38372479|34132451|2||2||1|1|2|2|1|2|2|2|1||4||900000
3413246|1|1|1|271.25303525|34132461|2||2||1|1|2|2|2|2|2|2|2||1||3000000
3413247|1|1|1|364.61118806|34132471|2||2||1|1|2|2|2|2|2|2|2||1||1500000
3413248|1|1|1|894.76200593|34132481|2||2||2|1|2|2|2|2|2|2|2||1||800000
3413249|1|1|1|1211.5851643|34132491|2||2||2|1|2|2|2|2|2|2|2||1||1000000
3413250|1|1|1|642.49838932|34132501|2||2||1|1|2|2|2|2|2|2|2||1||800000
3413251|1|1|1|885.1000496|34132511|2||2||1|1|1|2|2|2|2|2|1||1||600000
3413252|1|1|1|985.1230699|34132521|2||2||1|1|2|2|1|2|2|2|2||1||2000000
3413253|1|1|1|736.37775286|34132531|2||2||1|1|1|2|1|2|2|2|2||1||600000
3413254|1|1|1|856.45030216|34132541|2||2||1|1|2|2|2|2|2|2|2||1||600000
3413255|1|1|1|634.97760507|34132551|2||2||1|1|2|2|2|2|2|2|2||1||1500000
3413256|1|1|1|1234.147517|34132561|2||2||1|1|2|2|2|2|2|2|2||1||2600000
3413257|1|1|1|923.28138466|34132571|2||2||1|1|2|2|2|2|2|2|2||1||1600000
3413258|1|1|1|885.1000496|34132581|2||2||1|2|2|2|2|2|2|2|1||8||98
3413259|1|1|1|426.09330954|34132591|2||2||1|1|1|2|2|2|1|2|2||1||1500000
3413260|1|1|1|121.79823126|34132601|2||2||1|1|2|2|2|2|2|2|2||1||700000
3413263|1|1|1|102.75291085|34132631|2||2||1|1|2|2|2|2|2|2|2||1||1300000
3413264|1|1|1|193.32394186|34132641|2||2||1|1|2|2|2|2|2|2|2||1||2100000
3413265|1|1|1|68.355492721|34132651|2||2||1|1|2|2|2|2|2|2|2||1||600000
3413266|1|1|1|67.900194986|34132661|2||2||1|1|2|2|2|2|2|2|2||1||2000000
3413267|1|1|1|135.39035595|34132671|2||2||1|1|2|2|2|2|2|2|2||1||1800000
3413268|1|1|1|156.16635116|34132681|2||2||1|1|2|2|2|2|2|2|2||1||2200000
3413269|1|1|1|272.07249359|34132691|2||2||1|2|2|2|2|2|2|2|1||8||500000
3413270|1|1|1|220.10315487|34132701|2||2||1|1|2|2|2|2|2|2|2||1||1300000
3413271|1|1|1|307.76134292|34132711|2||2||1|1|2|2|2|2|2|2|2||1||4500000
3413272|1|1|1|97.000278551|34132721|2||2||1|1|2|2|2|2|2|2|2||1||1300000
3413273|1|1|1|151.47943056|34132731|2||2||1|1|2|2|2|2|2|2|2||1||5000000
3413274|1|1|1|72.036173098|34132741|2||2||1|1|2|2|2|2|2|2|2||1||1300000
3413275|1|1|1|200.26786803|34132751|2||2||1|1|2|2|2|2|2|2|2||1||1300000
3413276|1|1|1|139.58695827|34132761|2||2||1|2|2|1|2|2|2|2|2||3||2000000
3413277|1|1|1|179.4581491|34132771|2||2||1|2|2|1|2|2|2|2|2||3||1300000
3413278|1|1|1|193.41479421|34132781|2||2||1|1|2|2|2|2|2|2|2||1||2600000
3413279|1|1|1|162.68221155|34132791|2||2||1|2|2|1|2|2|2|2|2||3||3000000
3413280|1|1|1|106.0068973|34132801|2||2||1|1|2|2|2|2|2|2|2||1||2000000
3413282|1|1|1|97.000278551|34132821|2||2||1|1|2|2|2|2|2|2|2||1||5000000
3413283|1|1|1|227.92010772|34132831|2||2||1|1|2|2|2|2|2|2|2||1||10000000
3413285|1|1|1|154.12936628|34132851|2||2||1|1|2|2|2|2|2|2|2||1||12000000
3413286|1|1|1|140.30324643|34132861|2||2||1|1|2|2|2|2|2|2|2||1||1300000
3413287|1|1|1|287.08214926|34132871|2||2||1|1|2|2|2|2|2|2|2||1||2500000
3413288|1|1|1|140.30324643|34132881|2||2||1|1|2|2|2|2|2|2|2||1||15000000
3413289|1|1|1|226.83034016|34132891|2||2||1|1|2|2|2|2|2|2|2||1||7000000
3413290|1|1|1|184.86566043|34132901|2||2||1|1|2|2|2|2|2|2|2||1||6500000
3413292|1|1|1|121.78122767|34132921|2||2||1|1|2|2|2|2|2|2|2||1||5000000
3413293|1|1|1|211.58818651|34132931|2||2||1|1|2|2|2|2|2|2|1||8||400000
3413294|1|1|1|77.111016267|34132941|1|1|2||1|1|2|2|1|2|2|2|2||1||17000000
3413295|1|1|1|110.85688607|34132951|1|2|2||1|1|2|2|2|2|2|2|2||1||9000000
3413296|1|1|1|155.16510286|34132961|2||2||1|1|2|2|2|2|2|2|2||1||5000000
3413297|1|1|1|85.360245125|34132971|2||2||1|1|2|2|2|2|2|2|2||1||2600000
3413297|1|2|2|85.360245125|34132972|2||2||1|2|2|2|1|2|2|2|2||4||500000
3413298|1|1|1|223.48935726|34132981|2||2||1|1|2|2|2|2|2|2|2||1||4600000
3413299|1|1|1|90.229250392|34132991|2||2||1|1|2|2|2|2|2|2|2||1||10000000
3413300|1|1|1|170.20501891|34133001|2||2||1|1|2|2|2|2|2|2|2||1||2000000
3413301|1|1|1|194.00370932|34133011|2||2||1|2|2|2|2|2|2|2|1||8||1100000
3413302|1|1|1|111.92510013|34133021|2||2||1|1|2|2|2|2|2|2|2||1||1300000
3413303|1|1|1|276.92693597|34133031|2||2||1|1|2|2|2|2|2|2|2||1||16000000
3413304|1|1|1|224.05862594|34133041|2||2||1|1|2|1|2|2|2|2|2||3||2100000
3413305|1|1|1|364.1732446|34133051|2||2||1|1|2|2|2|2|2|2|2||1||2600000
3413306|1|1|1|318.98016585|34133061|2||2||1|1|2|2|2|2|2|2|2||1||6000000
3413307|1|1|1|290.68598327|34133071|2||2||1|1|2|2|2|2|2|2|2||1||6000000
3413308|1|1|1|305.86590372|34133081|2||2||1|1|2|1|2|2|2|2|2||3||1300000
3413309|1|1|1|691.35180637|34133091|1|1|2||1|2|2|1|2|2|2|1|2||3||4200000
3413310|1|1|1|281.46893273|34133101|2||2||1|1|2|1|2|2|2|2|2||1||5000000
3413311|1|1|1|421.06810064|34133111|2||2||1|1|2|2|2|2|2|2|1||1||1800000
3413313|1|1|1|421.06810064|34133131|2||2||1|1|2|2|2|2|2|2|2||1||1460000
3413314|1|1|1|232.81512247|34133141|2||2||1|1|2|2|2|2|2|2|2||1||1300000
3413315|1|1|1|375.0956835|34133151|2||2||2|1|2|2|1|2|2|2|1||1||1000000
3413316|1|1|1|557.93245353|34133161|2||2||1|1|2|2|2|2|2|2|2||1||800000
3413317|1|1|1|70.14411493|34133171|2||2||1|1|2|2|2|2|2|2|2||1||2600000
3413318|1|1|1|92.930783498|34133181|2||2||1|1|2|2|2|2|2|2|2||1||800000
3413319|1|1|1|90.369711054|34133191|2||2||1|1|2|2|2|2|2|2|2||1||1800000
3413320|1|1|1|176.24538844|34133201|2||2||1|2|1|2|2|2|2|2|1||2||400000
3413321|1|1|1|109.29114785|34133211|2||2||1|1|2|2|2|2|2|2|2||1||800000
3413322|1|1|1|119.08604432|34133221|2||2||1|1|2|1|2|2|2|2|2||1||6000000
3413323|1|1|1|65.105821975|34133231|2||2||1|1|2|2|2|2|2|2|2||1||5000000
3413324|1|1|1|111.51429186|34133241|2||2||1|1|2|2|2|2|2|2|2||1||1300000
3413325|1|1|1|127.37694936|34133251|2||2||1|1|2|2|2|2|2|2|2||1||4000000
3413326|1|1|1|103.52805453|34133261|2||2||1|1|2|2|2|2|2|2|2||1||1300000
3413327|1|1|1|106.92620551|34133271|2||2||1|1|2|2|2|2|2|2|2||1||99
3413328|1|1|1|153.03288457|34133281|2||2||1|1|2|2|2|2|2|2|2||1||6000000
3413329|1|1|1|100.29635535|34133291|2||2||1|2|2|1|2|2|2|1|2||3||3000000
3413330|1|1|1|82.848562117|34133301|2||2||1|1|2|2|2|2|2|2|2||1||800000
3413331|1|1|1|109.86291783|34133311|2||2||1|1|2|2|2|2|2|2|2||1||500000
3413332|1|1|1|124.23366544|34133321|2||2||1|1|2|2|2|2|2|2|2||1||1300000
3413333|1|1|1|66.016143408|34133331|2||2||1|1|2|2|2|2|2|2|1||1||4000000
3413334|1|1|1|95.231539655|34133341|2||2||1|1|2|2|2|2|2|2|2||1||1900000
3413335|1|1|1|182.02495352|34133351|2||2||1|1|2|2|2|2|2|2|2||1||3000000
3413336|1|1|1|113.91417231|34133361|2||2||1|1|2|2|2|2|2|2|2||1||1100000
3413337|1|1|1|134.02625496|34133371|2||2||1|1|2|2|2|2|2|2|2||1||100000
3413338|1|1|1|271.51331973|34133381|2||2||1|2|2|1|2|2|2|1|2||3||4500000
3413339|1|1|1|296.17686197|34133391|2||2||1|2|2|1|2|2|2|2|2||3||2000000
3413340|1|1|1|282.8858139|34133401|2||2||1|1|2|2|2|2|2|2|2||1||1600000
3413341|1|1|1|273.55384619|34133411|2||2||1|1|2|2|2|2|2|2|2||1||4200000
3413342|1|1|1|414.39854981|34133421|2||2||1|1|2|2|2|2|2|2|2||1||3500000
3413343|1|1|1|414.39854981|34133431|2||2||1|1|2|2|2|2|2|2|2||1||1600000
3413344|1|1|1|132.00787631|34133441|2||2||1|1|2|2|2|2|2|2|2||1||800000
3413345|1|1|1|247.10150305|34133451|2||2||1|1|2|2|2|2|2|2|2||1||1800000
3413346|1|1|1|122.38812644|34133461|2||2||1|1|2|2|2|2|2|2|2||1||1300000
3413347|1|1|1|190.70298509|34133471|2||2||1|2|2|1|2|2|2|2|2||3||2000000
3413348|1|1|1|201.15793463|34133481|2||2||1|1|2|2|2|2|2|2|2||1||800000
3413349|1|1|1|364.73846158|34133491|2||2||1|2|2|1|2|2|2|2|2||3||1300000
3413350|1|1|1|254.27064679|34133501|2||2||1|2|2|1|2|2|2|2|2||3||3000000
3413351|1|1|1|287.15536976|34133511|2||2||1|1|2|2|2|2|2|2|2||1||1000000
3413352|1|1|1|160.46346665|34133521|2||2||1|1|2|2|2|2|2|1|2||1||2000000
3413353|1|1|1|125.40438134|34133531|2||2||1|1|2|2|2|2|2|2|2||1||2000000
3413354|1|1|1|362.01775965|34133541|2||2||1|1|2|2|2|2|2|2|2||1||400000
3413355|1|1|1|287.15536976|34133551|2||2||1|2|2|1|2|2|2|2|2||3||1250000
3413356|1|1|1|300.31733699|34133561|2||2||1|1|2|2|2|2|2|2|2||1||1300000
3413357|1|1|1|208.89522472|34133571|2||2||1|1|2|2|2|2|2|2|2||1||3400000
3413358|1|1|1|317.83830848|34133581|2||2||1|1|2|2|2|2|2|2|2||1||250000
3413359|1|1|1|136.52665401|34133591|2||2||1|1|2|2|2|2|2|2|2||1||1000000
3413360|1|1|1|359.36375479|34133601|2||2||1|1|2|2|2|2|2|1|2||1||850000
3413360|1|2|2|359.36375479|34133602|2||2||1|1|2|2|2|2|2|2|2||1||1200000
3413361|1|1|1|304.94710025|34133611|2||2||1|2|2|2|2|2|2|1|2||7||400000
3413362|1|1|1|234.30054758|34133621|2||2||1|1|2|2|2|2|2|2|2||1||2500000
3413363|1|1|1|203.98021073|34133631|2||2||1|1|2|2|2|2|2|2|2||1||3400000
3413364|1|1|1|349.45388139|34133641|2||2||1|1|2|2|2|2|2|2|2||1||1500000
3413365|1|1|1|455.92307698|34133651|2||2||1|1|2|2|2|2|2|2|2||1||600000
3413366|1|1|1|261.1190309|34133661|2||2||1|1|1|2|2|2|2|2|2||1||1300000
3413367|1|1|1|297.02470353|34133671|2||2||2|1|2|2|2|2|2|2|2||1||1300000
3413368|1|1|1|378.48771234|34133681|2||2||1|1|2|2|2|2|2|2|2||1||400000
3413369|1|1|1|315.49192885|34133691|2||2||1|1|1|2|2|2|2|2|2||1||500000
3413370|1|1|1|200.41039969|34133701|2||2||1|1|2|2|2|2|2|2|2||1||600000
3413371|1|1|1|295.70325323|34133711|2||2||1|1|2|2|2|2|1|2|2||1||1600000
3413373|1|1|1|335.79642382|34133731|2||2||1|1|2|2|2|2|2|2|2||1||3000000
3413374|1|1|1|403.13411176|34133741|2||2||1|1|2|2|2|2|2|2|2||1||1000000
3413375|1|1|1|285.51618587|34133751|2||2||1|1|2|2|2|2|2|2|2||1||1300000
3413376|1|1|1|430.53213173|34133761|2||2||1|1|2|2|2|2|2|2|2||1||1500000
3413377|1|1|1|381.67509129|34133771|2||2||1|1|2|2|2|2|2|2|2||1||1400000
3413378|1|1|1|291.00722172|34133781|2||2||1|1|1|2|1|2|2|2|2||4||1000000
3413379|1|1|1|456.04753757|34133791|2||2||1|1|2|2|2|2|2|2|2||1||2000000
3413380|1|1|1|420.96695776|34133801|2||2||1|1|2|2|2|2|2|2|2||1||1500000
3413381|1|1|1|472.5634497|34133811|2||2||1|1|2|1|2|2|2|2|2||1||4000000
3413382|1|1|1|346.63715657|34133821|2||2||1|1|2|2|2|2|2|2|2||1||1500000
3413383|1|1|1|268.62205082|34133831|2||2||1|1|2|2|2|2|2|2|2||1||800000
3413384|1|1|1|407.35406547|34133841|2||2||1|1|2|2|1|2|2|2|2||1||1300000
3413385|1|1|1|270.35984848|34133851|2||2||1|1|2|2|2|2|2|2|2||1||1400000
3413386|1|1|1|474.18458323|34133861|2||2||1|1|2|2|2|2|2|2|2||1||1400000
3413387|1|1|1|327.26950585|34133871|2||2||1|1|2|2|1|2|1|2|2||1||800000
3413388|1|1|1|287.86692193|34133881|2||2||2|1|2|2|2|2|2|2|2||1||98
3413389|1|1|1|412.47671543|34133891|2||2||1|1|2|1|2|2|2|2|2||1||99
3413390|1|1|1|363.34197141|34133901|2||2||1|2|2|1|2|2|2|2|2||3||3200000
3413391|1|1|1|287.86692193|34133911|2||2||1|1|2|2|2|2|2|2|2||1||10500000
3413392|1|1|1|343.2163499|34133921|2||2||2|1|2|2|2|2|2|2|2||1||3500000
3413393|1|1|1|488.25978662|34133931|2||2||2|1|2|2|2|2|2|2|2||1||1300000
3413394|1|1|1|442.72073322|34133941|2||2||1|1|2|2|2|2|2|2|2||1||1600000
3413395|1|1|1|561.11762907|34133951|2||2||1|1|2|2|2|2|2|2|2||1||1800000
3413396|1|1|1|630.4544188|34133961|2||2||1|1|2|2|2|2|2|2|2||1||1500000
3413397|1|1|1|599.21236981|34133971|2||2||1|1|2|2|2|2|2|2|2||1||700000
3413398|1|1|1|381.51263032|34133981|2||2||1|1|2|2|1|2|2|2|2||1||1000000
3413399|1|1|1|469.07142419|34133991|2||2||1|1|2|2|2|2|2|2|2||1||1900000
3413400|1|1|1|365.94772352|34134001|2||2||1|1|2|2|2|2|2|2|2||1||3500000
3413401|1|1|1|357.82191409|34134011|2||2||1|1|2|2|2|2|2|2|2||1||2600000
3413402|1|1|1|226.44468991|34134021|2||2||2|1|2|2|2|2|2|2|1||1||1600000
3413403|1|1|1|143.96351132|34134031|2||2||1|1|2|1|2|2|2|2|2||3||1800000
3413404|1|1|1|199.88522611|34134041|2||2||1|1|2|2|2|2|2|2|2||1||1500000
3413405|1|1|1|488.31159599|34134051|2||2||1|2|2|2|2|2|2|2|1||8||1000000
3413406|1|1|1|267.82921875|34134061|2||2||1|1|2|2|2|2|2|2|2||1||3000000
3413407|1|1|1|267.82921875|34134071|2||2||1|1|2|2|2|2|2|2|2||1||1800000
3413408|1|1|1|267.82921875|34134081|2||2||1|1|2|2|2|2|2|2|2||1||1300000
3413409|1|1|1|227.45193986|34134091|2||2||1|1|2|2|2|2|2|2|2||1||5000000
3413410|1|1|1|300.07751279|34134101|2||2||1|1|2|2|2|2|2|2|2||1||1800000
3413412|1|1|1|247.54974375|34134121|2||2||1|1|2|2|2|2|2|2|2||1||1000000
3413413|1|1|1|179.78742223|34134131|2||2||1|1|2|2|2|2|2|2|2||1||1400000
3413414|1|1|1|368.02150543|34134141|2||2||1|1|2|2|2|2|2|2|2||1||1200000
3413415|1|1|1|201.75066766|34134151|2||2||1|2|2|1|2|2|2|2|2||3||2000000
3413416|1|1|1|159.68961834|34134161|2||2||1|1|2|2|2|2|2|2|2||1||2500000
3413417|1|1|1|161.37338878|34134171|2||2||1|2|2|1|2|2|2|2|2||3||4000000
3413418|1|1|1|161.37338878|34134181|2||2||1|1|2|2|2|2|2|2|2||1||6000000
3413419|1|1|1|161.37338878|34134191|1|1|2||1|2|2|1|2|2|2|2|2||3||2000000
3413420|1|1|1|161.37338878|34134201|2||2||1|2|2|1|2|2|2|2|2||3||5000000
3413421|1|1|1|161.37338878|34134211|2||2||1|2|2|1|2|2|2|2|2||3||8000000
3413422|1|1|1|247.54974375|34134221|2||2||1|2|2|1|2|2|2|2|2||3||1500000
3413423|1|1|1|289.16718019|34134231|2||2||1|1|2|2|2|2|2|2|2||1||2400000
3413424|1|1|1|437.02398451|34134241|2||2||1|2|2|2|1|2|2|2|2||4||2000000
3413425|1|1|1|143.96351132|34134251|2||2||1|1|2|1|2|2|2|2|2||1||3000000
3413426|1|1|1|384.96514685|34134261|2||2||1|1|2|2|2|2|2|2|2||1||2800000
3413427|1|1|1|143.96351132|34134271|2||2||1|1|2|2|2|2|2|2|2||1||3000000
3413429|1|1|1|401.01253817|34134291|2||2||1|1|2|1|2|2|2|2|2||1||98
3413430|1|1|1|177.80340565|34134301|2||2||1|1|2|2|2|2|2|2|2||1||1500000
3413432|1|1|1|790.23735844|34134321|2||2||1|1|2|2|2|2|2|2|2||1||1700000
3413433|1|1|1|696.91258556|34134331|2||2||1|1|2|2|2|2|2|2|2||1||2000000
3413434|1|1|1|197.55933961|34134341|2||2||1|1|2|2|2|2|2|2|2||1||3000000
3413435|1|1|1|178.14330463|34134351|2||2||1|1|2|2|2|2|2|2|2||1||4000000
3413436|1|1|1|223.30211177|34134361|2||2||1|1|2|2|2|2|2|2|2||1||2500000
3413437|1|1|1|385.14223143|34134371|2||2||1|1|2|2|2|2|2|2|2||1||1200000
3413438|1|1|1|527.41873097|34134381|2||2||1|1|2|2|2|2|2|2|1||1||2000000
3413439|1|1|1|195.58374621|34134391|2||2||1|1|2|2|2|2|2|2|2||1||4500000
3413440|1|1|1|213.1433608|34134401|2||2||1|1|2|2|2|2|2|2|2||1||2800000
3413441|1|1|1|321.27504284|34134411|2||2||1|1|2|2|2|2|2|2|2||1||1000000
3413442|1|1|1|321.27504284|34134421|2||2||2|1|2|2|2|2|2|2|2||1||98
3413443|1|1|1|527.41873097|34134431|2||2||2|1|2|2|2|2|2|2|2||1||98
3413444|1|1|1|423.65645458|34134441|2||2||1|1|2|2|2|2|2|2|2||1||1000000
3413445|1|1|1|607.21546822|34134451|2||2||1|1|2|2|2|2|2|2|2||1||98
3413446|1|1|1|603.06145086|34134461|2||2||1|1|2|2|2|2|2|2|2||1||1500000
3413447|1|1|1|531.82578094|34134471|2||2||1|1|2|1|2|2|2|2|2||3||3600000
3413448|1|1|1|615.9040931|34134481|2||2||1|1|2|2|2|2|2|2|2||1||2000000
3413449|1|1|1|589.12565427|34134491|2||2||1|1|2|2|2|2|2|2|2||1||1500000
3413451|1|1|1|236.3462716|34134511|2||2||1|1|2|2|1|2|2|2|2||1||2000000
3413452|1|1|1|189.94759416|34134521|2||2||1|2|2|2|2|2|2|1|2||7||1000000
3413453|1|1|1|189.94759416|34134531|2||2||1|1|2|1|2|2|2|2|2||1||6000000
3413454|1|1|1|499.93472791|34134541|2||2||1|1|2|1|2|2|2|2|2||3||3000000
3413455|1|1|1|189.94759416|34134551|2||2||1|1|2|2|2|2|2|2|2||1||3500000
3413456|1|1|1|245.76944168|34134561|2||2||1|1|2|2|2|2|2|2|2||1||2800000
3413457|1|1|1|401.17687228|34134571|2||2||1|1|2|2|2|2|2|2|2||1||2600000
3413458|1|1|1|189.94759416|34134581|2||2||1|2|2|2|2|2|2|2|1||8||1500000
3413459|1|1|1|189.94759416|34134591|2||2||1|1|2|2|2|2|2|2|1||8||3000000
3413460|1|1|1|441.28999073|34134601|2||2||1|1|1|2|2|2|2|2|2||1||2700000
3413461|1|1|1|759.79037664|34134611|2||1|1|1|1|2|2|2|2|2|2|2||1||4100000
3413462|1|1|1|212.73497077|34134621|2||2||1|1|2|1|1|2|2|2|2||1||2500000
3413463|1|1|1|303.20349928|34134631|2||2||1|1|2|2|2|2|2|2|2||1||4000000
3413464|1|1|1|134.62194921|34134641|1|1|2||1|2|2|1|2|2|2|2|2||3||3000000
3413465|1|1|1|457.13590463|34134651|2||2||1|1|2|2|2|2|2|2|2||1||7500000
3413466|1|1|1|146.95945443|34134661|2||2||1|1|2|2|2|2|2|2|2||1||2000000
3413467|1|1|1|179.23342927|34134671|2||2||1|1|2|2|2|2|2|2|2||1||2480000
3413468|1|1|1|524.85740108|34134681|2||2||1|1|2|2|2|2|2|2|2||1||2600000
3413469|1|1|1|224.93794045|34134691|2||2||1|1|2|2|2|2|2|2|2||1||1450000
3413471|1|1|1|298.53359571|34134711|2||2||2|1|2|2|2|2|2|2|2||1||1800000
3413472|1|1|1|565.45774978|34134721|2||2||1|1|2|2|2|2|2|2|2||1||2500000
3413473|1|1|1|803.35316492|34134731|2||2||1|1|2|2|2|2|2|2|2||1||5000000
3413474|1|1|1|513.91526699|34134741|2||2||2|1|2|2|2|1|2|2|2||1||3000000
3413475|1|1|1|253.05518301|34134751|2||2||1|1|2|2|2|2|2|2|2||1||3000000
3413476|1|1|1|489.99006901|34134761|2||2||1|1|2|2|2|2|2|2|1||1||500000
3413477|1|1|1|271.94644406|34134771|2||2||1|1|2|2|2|2|2|2|2||1||2000000
3413478|1|1|1|177.55843175|34134781|2||2||1|2|2|2|2|2|2|1|1||7||1300000
3413479|1|1|1|241.96864454|34134791|2||2||1|1|2|2|2|2|2|2|2||1||1300000
3413480|1|1|1|174.79680769|34134801|2||2||2|1|2|2|2|2|2|2|2||1||98
3413481|1|1|1|182.62403465|34134811|2||2||1|1|2|2|2|2|2|2|2||1||900000
3413482|1|1|1|337.62044881|34134821|2||2||1|1|2|2|2|2|2|2|2||1||1000000
3413483|1|1|1|261.99657928|34134831|2||2||1|2|2|2|2|2|2|2|1||8||1000000
3413484|1|1|1|222.19933181|34134841|2||2||2|1|2|2|2|2|2|1|2||7||1000000
3413485|1|1|1|308.26933599|34134851|2||2||1|1|2|2|2|2|2|2|2||1||2000000
3413486|1|1|1|128.89941889|34134861|2||2||1|1|2|2|2|2|1|2|2||1||900000
3413486|1|2|2|128.89941889|34134862|2||2||1|1|2|2|2|2|2|2|2||1||1000000
3413487|1|1|1|154.06264864|34134871|2||2||1|1|2|2|2|2|2|2|2||1||2500000
3413488|1|1|1|147.45955656|34134881|2||2||1|2|2|1|2|2|2|2|2||3||5000000
3413489|1|1|1|100.20233272|34134891|2||2||1|1|2|1|2|2|2|1|2||3||5000000
3413490|1|1|1|149.78927794|34134901|2||2||1|1|2|2|1|2|2|2|2||1||3500000
3413491|1|1|1|180.47354924|34134911|2||2||1|1|2|2|2|2|2|2|2||1||4000000
3413492|1|1|1|246.88814645|34134921|2||2||1|1|2|2|2|2|2|2|2||1||6000000
3413493|1|1|1|291.10731031|34134931|2||2||1|2|2|1|2|2|2|2|2||3||1200000
3413494|1|1|1|291.10731031|34134941|2||2||1|2|2|1|2|2|2|2|2||3||2000000
3413495|1|1|1|184.77723112|34134951|1|1|1|1|1|1|2|2|2|2|2|2|1||1||2500000
3413496|1|1|1|354.28504747|34134961|2||2||1|1|2|2|2|2|2|2|2||1||3000000
3413497|1|1|1|392.22984021|34134971|2||2||1|1|2|2|2|2|2|2|2||1||2300000
3413498|1|1|1|238.70799445|34134981|2||2||1|1|2|2|2|2|2|2|1||1||800000
3413499|1|1|1|288.10794776|34134991|2||2||1|1|2|2|2|2|2|2|2||1||1400000
3413500|1|1|1|215.73828654|34135001|2||2||1|1|2|2|2|2|2|2|2||1||1500000
3413500|1|2|2|215.73828654|34135002|2||2||1|1|2|2|2|2|2|2|2||1||1800000
3413501|1|1|1|158.44071788|34135011|2||2||1|1|2|2|2|2|2|2|2||1||2000000
3413502|1|1|1|211.35213737|34135021|2||2||1|1|2|2|2|2|2|2|2||1||3000000
3413503|1|1|1|236.3882072|34135031|2||2||1|1|2|2|2|2|2|2|2||1||600000
3413504|1|1|1|193.9481743|34135041|2||2||1|1|2|2|2|2|2|2|2||1||900000
3413505|1|1|1|272.04030431|34135051|2||2||1|1|2|2|2|2|2|2|2||1||1300000
3413506|1|1|1|1222.1691648|34135061|2||2||1|1|1|2|2|2|2|2|2||1||1000000
3413507|1|1|1|861.22497541|34135071|2||2||1|1|1|2|2|2|2|2|2||1||750000
3413508|1|1|1|904.21296793|34135081|2||2||1|1|2|2|2|2|2|2|2||1||900000
3413509|1|1|1|568.62477191|34135091|2||2||1|1|2|2|2|2|2|2|2||1||500000
3413510|1|1|1|618.42982281|34135101|2||2||1|1|2|2|2|2|2|2|2||1||1300000
3413511|1|1|1|724.41714314|34135111|2||2||1|1|2|2|2|2|2|2|2||1||800000
3413512|1|1|1|637.32920749|34135121|2||2||1|1|2|2|2|2|2|2|2||1||1300000
3413513|1|1|1|1778.2865267|34135131|2||2||1|1|2|2|2|2|2|2|2||1||600000
3413514|1|1|1|614.45620586|34135141|2||2||1|1|1|2|2|2|2|2|2||1||1000000
3413515|1|1|1|528.72731459|34135151|2||2||1|1|2|2|2|2|2|2|2||1||1300000
3413516|1|1|1|1105.52275|34135161|2||2||1|1|2|2|2|2|2|2|2||1||1300000
3413517|1|1|1|822.17031857|34135171|2||2||1|1|2|2|2|2|2|2|2||1||800000
3413519|1|1|1|450.87433309|34135191|2||1|3|2|1|2|2|2|2|2|2|2||1||2400000
3413520|1|1|1|1454.2380513|34135201|2||2||1|1|2|2|2|2|2|2|2||1||1500000
3413521|1|1|1|450.87433309|34135211|2||2||1|1|2|2|2|2|2|2|2||1||1800000
3413522|1|1|1|562.27763349|34135221|2||2||1|1|2|2|2|2|2|2|1||1||1500000
3413523|1|1|1|625.72132334|34135231|2||1|2|1|2|2|1|2|2|2|2|1||3||1500000
3413524|1|1|1|767.39294423|34135241|2||1|1|1|2|2|1|2|2|2|2|2||3||1300000
3413525|1|1|1|514.85939968|34135251|2||1|1|1|1|2|2|2|2|2|1|2||1||5000000
3413526|1|1|1|530.95282512|34135261|2||2||1|1|2|2|2|2|2|2|1||1||900000
3413527|1|1|1|987.00037758|34135271|2||2||1|1|2|2|2|2|2|2|2||1||1300000
3413528|1|1|1|420.62273878|34135281|2||2||1|2|2|2|2|2|2|2|1||8||700000
3413529|1|1|1|575.54470817|34135291|2||2||1|2|1|2|2|2|2|2|1||8||800000
3413531|1|1|1|627.3604587|34135311|2||2||1|2|2|2|2|2|2|1|1||7||1500000
3413533|1|1|1|420.62273878|34135331|2||1|5|1|1|2|2|2|2|2|2|2||1||2500000
3413535|1|1|1|461.26664544|34135351|2||2||1|1|2|2|2|2|2|2|2||1||1300000
3413536|1|1|1|530.95282512|34135361|2||2||1|1|2|2|2|2|2|2|2||1||1800000
3413537|1|1|1|314.36902311|34135371|2||2||1|1|2|2|2|2|2|2|2||1||10000000
3413538|1|1|1|424.69910945|34135381|2||2||1|1|2|2|2|2|2|1|2||1||4000000
3413539|1|1|1|1132.617533|34135391|2||2||1|1|2|2|2|2|2|2|2||1||1800000
3413540|1|1|1|810.03935139|34135401|2||2||1|1|2|2|2|2|2|2|2||1||2600000
3413542|1|1|1|1552.8130581|34135421|2||2||1|1|2|2|2|2|2|2|2||1||2000000
3413543|1|1|1|1431.2394409|34135431|2||2||1|1|2|2|2|2|2|2|1||1||900000
3413544|1|1|1|859.62341784|34135441|2||2||1|1|2|2|2|2|2|2|2||1||1300000
3413545|1|1|1|1165.2948021|34135451|2||2||1|1|2|2|2|2|2|2|2||1||1450000
3413546|1|1|1|1289.1508873|34135461|2||2||1|1|2|2|2|2|2|2|2||1||2600000
3413546|1|2|2|1289.1508873|34135462|2||2||1|1|2|2|2|2|2|2|2||1||1300000
3413546|1|3|3|1289.1508873|34135463|2||2||1|1|2|2|2|2|2|2|2||1||800000
3413547|1|1|1|1024.4158646|34135471|2||2||1|1|2|1|2|2|2|2|2||3||4600000
3413548|1|1|1|755.05376247|34135481|1|2|2||1|2|2|1|2|2|2|2|2||3||13000000
3413549|1|1|1|1090.2404933|34135491|2||2||1|1|2|1|2|2|2|2|2||1||99
3413550|1|1|1|1164.1007228|34135501|2||2||1|2|2|1|2|2|2|1|2||3||8000000
3413551|1|1|1|931.28632306|34135511|2||2||1|1|2|2|2|2|2|1|2||1||7800000
3413552|1|1|1|655.48139935|34135521|2||2||1|1|2|2|2|2|2|1|1||1||9000000
3413553|1|1|1|1087.4568409|34135531|1|1|2||1|2|2|1|2|2|2|2|2||3||99
3413554|1|1|1|752.27011012|34135541|2||2||1|1|2|2|2|2|2|2|2||1||5500000
3413555|1|1|1|931.28632306|34135551|2||2||1|1|2|2|2|2|2|2|2||1||15000000
3413556|1|1|1|1343.1169357|34135561|1|1|2||1|1|2|2|2|2|2|1|2||1||99
3413557|1|1|1|818.65852502|34135571|1|1|2||1|1|2|2|2|2|2|1|2||1||9500000
3413558|1|1|1|1034.4086492|34135581|2||2||1|2|2|2|2|2|2|2|1||8||1600000
3413559|1|1|1|771.20005981|34135591|2||2||1|1|2|2|2|2|2|2|2||1||1300000
3413560|1|1|1|586.98011207|34135601|2||2||1|1|2|2|2|2|2|2|2||1||3500000
3413561|1|1|1|949.49946841|34135611|2||2||1|1|2|2|2|2|2|2|2||1||1300000
3413562|1|1|1|390.43050347|34135621|2||2||1|1|2|2|2|2|2|1|2||1||5000000
3413563|1|1|1|1455.4148528|34135631|2||2||1|1|2|2|2|2|2|1|2||1||5600000
3413563|1|2|2|1455.4148528|34135632|2||2||1|1|2|2|2|2|2|2|2||1||1300000
3413563|1|3|3|1455.4148528|34135633|2||2||1|1|2|2|2|2|2|2|2||1||2300000
3413564|1|1|1|1048.5594528|34135641|2||2||1|1|2|2|2|2|2|2|2||1||2600000
3413565|1|1|1|838.11232307|34135651|2||2||1|1|2|2|2|2|2|2|2||1||2600000
3413565|1|2|2|838.11232307|34135652|2||2||1|1|2|2|2|2|2|2|2||1||1800000
3413565|1|3|3|838.11232307|34135653|2||2||1|2|2|2|2|2|2|2|1||8||1500000
3413565|1|4|4|838.11232307|34135654|2||2||1|2|2|2|2|2|2|2|1||8||2000000
3413566|1|1|1|788.64524656|34135661|2||2||1|1|2|2|2|2|2|2|2||1||1300000
3413567|1|1|1|949.49946841|34135671|2||2||1|1|2|2|2|2|2|2|2||1||3000000
3413568|1|1|1|722.83340673|34135681|2||2||1|1|2|2|2|2|2|2|1||1||2600000
3413569|1|1|1|437.1863383|34135691|2||2||1|1|2|2|2|2|2|2|2||1||1300000
3413570|1|1|1|795.64613346|34135701|2||2||1|2|2|1|2|2|2|2|2||3||3000000
3413571|1|1|1|632.52255462|34135711|2||2||1|1|2|1|2|2|2|2|2||1||1300000
3413572|1|1|1|385.39042837|34135721|2||2||1|1|2|2|2|2|2|2|1||1||900000
3413572|1|2|2|385.39042837|34135722|2||2||1|1|2|2|2|2|2|2|2||1||1000000
3413573|1|1|1|692.15777555|34135731|2||2||1|1|2|2|2|2|2|2|2||1||5000000
3413574|1|1|1|60.204183551|34135741|2||2||1|1|2|2|2|2|2|2|2||1||2300000
3413575|1|1|1|210.62995431|34135751|2||2||1|1|2|2|2|2|2|2|2||1||1300000
3413576|1|1|1|76.98507102|34135761|2||2||1|1|2|2|2|2|2|2|2||1||2000000
3413577|1|1|1|84.127811109|34135771|2||2||1|1|2|1|2|2|2|2|2||3||10000000
3413578|1|1|1|85.670130015|34135781|2||2||1|1|2|2|2|2|2|2|2||1||1300000
3413579|1|1|1|60.204183551|34135791|2||2||1|1|2|2|2|2|2|2|2||1||1600000
3413580|1|1|1|141.10815912|34135801|2||2||1|2|2|1|2|2|2|2|2||3||2000000
3413581|1|1|1|60.204183551|34135811|2||2||1|1|2|2|2|2|2|2|2||1||2500000
3413582|1|1|1|134.79332202|34135821|2||2||1|1|2|2|2|2|2|2|2||1||1700000
3413583|1|1|1|60.204183551|34135831|2||2||1|1|2|2|2|2|2|2|2||1||1600000
3413584|1|1|1|143.71785789|34135841|2||2||1|1|2|2|2|2|2|2|2||1||1300000
3413585|1|1|1|103.47594048|34135851|2||2||1|1|2|2|2|2|2|2|2||1||1700000
3413586|1|1|1|288.20520569|34135861|2||2||1|1|2|2|2|2|2|2|2||1||1800000
3413587|1|1|1|144.58604274|34135871|2||2||1|1|2|2|2|2|2|2|2||1||2500000
3413588|1|1|1|103.47594048|34135881|2||2||1|1|2|2|2|2|2|2|2||1||1800000
3413589|1|1|1|136.37767344|34135891|2||2||1|1|2|2|2|2|2|2|2||1||1700000
3413590|1|1|1|231.67602222|34135901|2||2||1|1|2|2|2|2|2|2|2||1||1800000
3413591|1|1|1|343.75651138|34135911|2||2||1|1|2|2|2|2|2|2|2||1||1300000
3413592|1|1|1|186.99257905|34135921|2||2||1|1|2|2|2|2|2|2|2||1||2500000
3413593|1|1|1|276.35946539|34135931|2||2||1|1|2|2|2|2|2|2|2||1||3000000
3413594|1|1|1|239.25785787|34135941|2||2||1|1|2|2|2|2|2|2|2||1||3500000
3413595|1|1|1|343.16787664|34135951|2||2||1|2|2|1|2|2|2|2|2||3||1600000
3413596|1|1|1|477.40573077|34135961|2||2||1|1|2|2|2|2|2|2|2||1||6000000
3413597|1|1|1|239.25785787|34135971|2||2||2|1|2|2|2|2|2|2|2||1||2000000
3413598|1|1|1|359.27990804|34135981|2||2||1|2|2|2|2|2|2|2|1||8||700000
3413599|1|1|1|239.25785787|34135991|2||2||1|1|2|1|2|2|2|2|2||3||2700000
3413600|1|1|1|794.65325362|34136001|2||2||2|1|2|2|2|2|2|1|2||1||4500000
3413601|1|1|1|239.25785787|34136011|2||2||1|1|2|1|2|2|2|1|2||3||5000000
3413602|1|1|1|239.25785787|34136021|2||2||2|1|2|2|2|2|2|1|2||1||5000000
3413603|1|1|1|852.8899998|34136031|2||2||1|1|2|2|2|2|2|2|2||1||4000000
3413604|1|1|1|326.80536323|34136041|2||2||1|1|2|1|2|2|2|2|2||3||4500000
3413605|1|1|1|473.83344529|34136051|2||2||1|1|2|2|2|2|2|1|2||1||6000000
3413606|1|1|1|244.12609136|34136061|2||2||1|1|2|2|2|2|2|1|1||1||3500000
3413607|1|1|1|222.0600545|34136071|2||2||1|1|2|2|2|2|2|2|2||1||3500000
3413608|1|1|1|227.61911355|34136081|2||2||1|1|2|2|2|2|2|2|1||1||3000000
3413609|1|1|1|503.86995864|34136091|2||2||1|1|2|2|2|2|2|2|1||1||900000
3413610|1|1|1|248.93092984|34136101|2||2||1|1|2|2|2|2|2|2|2||1||3000000
3413611|1|1|1|222.0600545|34136111|2||2||1|1|2|2|2|2|2|2|2||1||2500000
3413612|1|1|1|329.95013251|34136121|2||2||1|1|2|2|2|2|2|2|2||1||1500000
3413613|1|1|1|267.74636529|34136131|2||2||1|2|2|1|2|2|2|2|2||3||1300000
3413614|1|1|1|186.67371329|34136141|2||2||1|1|2|1|2|2|2|2|2||3||4500000
3413615|1|1|1|370.99753902|34136151|2||2||1|1|2|2|2|2|2|2|2||1||7000000
3413616|1|1|1|372.48139434|34136161|2||2||1|1|2|2|2|2|2|2|2||1||6000000
3413617|1|1|1|362.02325448|34136171|2||2||1|2|2|1|2|2|2|2|1||3||1500000
3413618|1|1|1|1009.6155761|34136181|2||2||2|1|2|2|2|2|2|2|2||1||2500000
3413619|1|1|1|353.39247818|34136191|2||2||1|2|2|1|2|2|2|2|2||3||3000000
3413620|1|1|1|967.24187772|34136201|2||2||1|1|2|2|2|2|2|2|2||1||6000000
3413621|1|1|1|353.39247818|34136211|2||2||1|1|2|2|2|2|2|2|2||1||1100000
3413622|1|1|1|487.54623544|34136221|2||2||1|1|2|2|2|2|2|2|2||1||1700000
3413623|1|1|1|1009.6155761|34136231|2||2||1|1|2|2|1|2|2|2|2||1||1050000
3413624|1|1|1|700.98393884|34136241|2||2||1|1|2|2|2|2|2|2|2||1||2000000
3413624|1|2|2|700.98393884|34136242|2||2||1|2|1|2|2|2|2|2|1||8||600000
3413625|1|1|1|379.02056233|34136251|2||2||1|2|2|1|2|2|2|2|2||3||1500000
3413626|1|1|1|266.86453378|34136261|2||2||1|2|2|1|2|2|2|2|2||3||1800000
3413627|1|1|1|1858.3480774|34136271|2||2||1|1|2|2|2|2|2|2|2||1||15000000
3413628|1|1|1|2282.1909052|34136281|2||2||1|1|2|2|2|2|2|2|2||1||7000000
3413630|1|1|1|1825.7527242|34136301|2||1|1|1|1|2|2|2|2|2|2|2||1||3500000
3413631|1|1|1|2677.6688506|34136311|2||1|1|1|1|2|2|2|2|2|2|2||1||2600000
3413632|1|1|1|2840.5787404|34136321|2||2||1|1|1|2|2|2|2|2|2||1||1700000
3413633|1|1|1|2056.7840918|34136331|2||2||1|1|2|2|2|2|2|2|2||1||1300000
3413634|1|1|1|2315.1700462|34136341|2||2||1|1|2|2|2|2|2|2|2||1||800000
3413635|1|1|1|2202.425244|34136351|2||2||1|1|2|2|2|2|2|2|2||1||1000000
3413636|1|1|1|1734.4582056|34136361|2||2||1|1|2|2|2|2|2|2|2||1||1300000
3413637|1|1|1|2056.7840918|34136371|2||2||1|1|2|2|2|2|2|2|2||1||500000
3413638|1|1|1|2219.327065|34136381|2||2||1|1|2|1|2|2|2|2|2||3||1600000
3413639|1|1|1|1835.2984488|34136391|2||2||1|1|2|2|2|2|2|2|2||1||2000000
3413640|1|1|1|3556.6305904|34136401|2||2||1|1|2|2|2|2|2|2|2||1||1000000
3413641|1|1|1|2675.3895445|34136411|2||2||1|1|2|2|2|2|2|2|2||1||1800000
3413642|1|1|1|1647.8749331|34136421|2||2||1|1|2|2|2|2|2|2|2||1||9000000
3413643|1|1|1|1304.0747341|34136431|2||2||1|1|2|2|2|2|2|2|2||1||3000000
3413644|1|1|1|1593.7686151|34136441|2||2||1|1|2|2|2|2|2|2|2||1||3000000
3413645|1|1|1|1510.7941268|34136451|2||2||1|1|2|2|2|2|2|2|2||1||1600000
3413646|1|1|1|1831.9844774|34136461|2||2||1|1|2|2|2|2|2|2|2||1||2700000
3413647|1|1|1|1138.1335729|34136471|2||2||2|1|2|2|2|2|2|2|2||1||1300000
3413648|1|1|1|1291.9551009|34136481|2||2||1|1|2|2|2|2|2|2|2||1||1300000
3413649|1|1|1|1044.1119036|34136491|2||2||1|1|2|2|2|2|2|2|2||1||2600000
3413650|1|1|1|762.30572458|34136501|2||2||1|1|2|2|2|2|2|2|2||1||2600000
3413651|1|1|1|1291.9551009|34136511|2||2||1|1|2|2|2|2|2|2|2||1||1300000
3413652|1|1|1|1254.2374722|34136521|2||2||1|1|2|2|2|2|2|2|2||1||1000000
3413653|1|1|1|903.97005954|34136531|2||2||1|1|2|2|2|2|2|2|2||1||900000
3413654|1|1|1|1017.5323763|34136541|2||2||1|2|2|1|2|2|2|2|1||3||1300000
3413656|1|1|1|32.080912609|34136561|2||2||1|1|2|2|2|2|2|2|2||1||1800000
3413657|1|1|1|42.737385157|34136571|2||2||1|1|2|2|2|2|2|2|2||1||2700000
3413658|1|1|1|33.452012106|34136581|2||2||1|1|2|2|2|2|2|2|2||1||1300000
3413659|1|1|1|19.727370024|34136591|2||2||1|1|2|2|2|2|2|2|2||1||2000000
3413660|1|1|1|49.45885983|34136601|2||2||1|1|2|2|2|2|2|2|2||1||2500000
3413661|1|1|1|19.727370024|34136611|2||2||1|1|2|2|2|2|2|2|2||1||2100000
3413662|1|1|1|47.475713796|34136621|2||2||1|1|2|2|2|2|2|2|2||1||2400000
3413664|1|1|1|40.303863459|34136641|2||2||1|1|2|1|2|2|2|2|2||1||1350000
3413665|1|1|1|47.475713796|34136651|2||2||1|1|2|2|2|2|2|2|2||1||1500000
3413666|1|1|1|33.971063039|34136661|2||1|2|1|1|2|2|2|2|2|2|2||1||3000000
3413667|1|1|1|52.464228394|34136671|2||2||1|1|2|2|2|2|2|2|2||1||1300000
3413668|1|1|1|47.475713796|34136681|2||2||1|1|2|2|2|2|2|2|2||1||1500000
3413669|1|1|1|32.496541731|34136691|2||2||1|1|2|2|2|2|2|2|2||1||2000000
3413671|1|1|1|46.829250876|34136711|2||2||1|1|2|2|2|2|2|2|2||1||1300000
3413672|1|1|1|60.958436801|34136721|2||2||1|1|2|2|2|2|2|2|2||1||3500000
3413673|1|1|1|63.387804335|34136731|2||2||1|1|2|2|2|2|2|2|2||1||3000000
3413674|1|1|1|22.921325171|34136741|2||2||1|1|2|2|2|2|2|2|2||1||2500000
3413675|1|1|1|49.505286041|34136751|2||2||1|1|2|2|2|2|2|2|2||1||1800000
3413677|1|1|1|2896.4600743|34136771|2||2||1|1|2|2|2|2|2|2|2||1||3900000
3413678|1|1|1|2669.2809662|34136781|2||2||1|1|2|2|2|2|2|2|2||1||2000000
3413679|1|1|1|4071.6943557|34136791|2||2||1|2|2|1|2|2|2|2|2||3||1300000
3413680|1|1|1|5262.4007196|34136801|2||2||2|1|2|2|2|2|2|2|2||1||1300000
3413681|1|1|1|5271.8627026|34136811|2||2||1|2|2|2|2|2|2|2|2|2||1200000|
3413682|1|1|1|4768.0179523|34136821|2||2||1|1|2|1|2|2|2|2|2||3||1500000
3413683|1|1|1|4708.3907967|34136831|2||2||1|1|2|2|2|2|2|2|2||1||1300000
3413684|1|1|1|10750.20184|34136841|2||2||1|1|2|2|2|2|2|2|2||1||1300000
3413687|1|1|1|478.20143242|34136871|2||2||1|1|2|2|2|2|2|2|2||1||3500000
3413688|1|1|1|955.74426055|34136881|2||2||1|1|2|2|2|2|2|2|2||1||3000000
3413689|1|1|1|815.41866765|34136891|2||2||1|1|2|2|2|2|2|2|2||1||9000000
3413690|1|1|1|478.13619516|34136901|2||2||1|2|1|2|2|2|2|2|2||2||80000
3413691|1|1|1|561.39166472|34136911|2||2||1|1|2|2|2|2|2|2|2||1||2500000
3413692|1|1|1|860.16377243|34136921|2||2||1|1|2|2|2|2|2|2|2||1||2000000
3413693|1|1|1|786.59512393|34136931|2||2||1|1|2|2|2|2|2|1|1||8||2000000
3413694|1|1|1|839.85059133|34136941|2||2||1|1|2|2|2|2|2|2|2||1||14000000
3413695|1|1|1|1513.0558303|34136951|2||2||1|1|2|2|2|2|2|2|2||1||6000000
3413696|1|1|1|2464.648853|34136961|2||2||1|1|2|2|2|2|2|2|2||1||4000000
3413697|1|1|1|10123.740426|34136971|2||2||1|1|2|2|2|2|2|2|2||1||1300000
3413698|1|1|1|8495.56291|34136981|2||2||1|1|1|2|2|2|2|2|2||1||960000
3413699|1|1|1|9150.343414|34136991|2||2||1|1|2|2|2|2|2|2|2||1||1300000
3413700|1|1|1|4424.9619216|34137001|2||2||1|1|2|1|2|2|2|1|2||7||1500000
3413701|1|1|1|8725.8824157|34137011|2||2||1|2|2|1|2|2|2|2|2||3||900000
3413702|1|1|1|7052.557341|34137021|2||2||1|1|2|2|2|2|2|2|2||1||1500000
3413703|1|1|1|7023.6845085|34137031|2||2||1|1|2|2|2|2|2|2|2||1||1500000
3413704|1|1|1|7914.6767942|34137041|2||2||1|2|2|2|2|2|2|2|1||8||1200000
3413705|1|1|1|10561.93436|34137051|2||2||1|1|2|2|2|2|2|2|2||1||1300000
3413706|1|1|1|5444.9644007|34137061|2||2||1|1|1|2|2|2|2|2|2||1||1300000
3413707|1|1|1|2865.5314051|34137071|2||2||1|1|2|2|2|2|2|2|2||1||800000
3413708|1|1|1|6003.3455362|34137081|2||2||1|1|1|2|2|2|2|2|2||1||2600000
3413709|1|1|1|5388.7860591|34137091|2||2||2|1|2|2|2|2|2|2|2||1||900000
3413710|1|1|1|4602.0753096|34137101|2||2||1|1|2|2|2|2|2|2|2||1||1300000
3413711|1|1|1|6105.7490462|34137111|2||2||1|1|2|2|2|2|2|2|2||1||800000
3413712|1|1|1|4383.4957585|34137121|2||2||1|1|2|2|2|2|2|2|2||1||1800000
3413713|1|1|1|6046.7390826|34137131|2||2||2|1|2|2|2|2|2|2|2||1||2000000
3413714|1|1|1|5263.7889576|34137141|2||2||1|2|2|2|2|2|2|2|1||8||1300000
3413715|1|1|1|2333.9477774|34137151|2||2||1|1|2|2|2|2|2|2|2||1||1200000
3413716|1|1|1|4965.8422562|34137161|2||2||1|2|2|2|2|2|2|2|1||8||1300000
3413717|1|1|1|4088.8782662|34137171|2||2||1|1|2|2|2|2|2|2|2||1||2600000
3413718|1|1|1|6637.4883941|34137181|2||2||1|1|2|2|2|2|2|2|2||1||1300000
3413719|1|1|1|378.86628459|34137191|2||2||1|1|2|2|2|2|2|1|2||1||5000000
3413720|1|1|1|362.55103618|34137201|2||2||1|1|2|2|2|2|2|2|2||1||3500000
3413721|1|1|1|403.22376165|34137211|2||2||1|1|2|2|2|2|2|2|2||1||2000000
3413722|1|1|1|698.6724018|34137221|2||2||1|2|2|2|2|2|2|2|1||8||700000
3413723|1|1|1|594.81059099|34137231|2||2||1|1|2|2|2|2|2|2|2||1||1600000
3413724|1|1|1|292.68918373|34137241|2||2||1|1|2|2|2|2|2|2|2||1||1600000
3413725|1|1|1|497.26199853|34137251|2||2||1|1|2|2|2|2|2|2|2||1||1200000
3413726|1|1|1|575.23477238|34137261|2||2||1|2|2|2|2|2|2|2|1||8||700000
3413727|1|1|1|472.60487033|34137271|2||2||1|1|2|2|2|2|2|2|1||1||1200000
3413728|1|1|1|488.07036622|34137281|2||2||1|1|2|2|2|2|2|2|2||1||2500000
3413729|1|1|1|384.48619049|34137291|2||2||1|1|2|2|2|2|2|2|2||1||4000000
3413730|1|1|1|343.66816971|34137301|2||2||1|2|2|1|2|2|2|2|2||3||2000000
3413731|1|1|1|504.59673463|34137311|2||2||1|1|2|2|2|2|2|2|2||1||4000000
3413732|1|1|1|513.04859783|34137321|2||2||1|1|2|2|2|2|2|2|2||1||5000000
3413733|1|1|1|780.69564167|34137331|2||2||1|1|2|2|2|2|2|2|2||1||1600000
3413734|1|1|1|891.00547632|34137341|2||2||1|1|2|2|2|2|2|2|2||1||2500000
3413735|1|1|1|992.55705832|34137351|2||2||1|1|2|1|2|2|2|2|2||1||2500000
3413736|1|1|1|628.48391481|34137361|2||2||1|2|2|1|2|2|2|2|2||3||1200000
3413737|1|1|1|698.08711639|34137371|2||2||1|1|2|2|2|2|2|2|2||1||2000000
3413738|1|1|1|965.49244051|34137381|2||2||1|1|2|2|2|2|2|2|2||1||2000000
3413739|1|1|1|795.73552789|34137391|2||2||1|1|2|2|2|2|2|2|2||1||1000000
3413740|1|1|1|495.67524478|34137401|2||2||1|1|2|2|2|2|2|2|2||1||600000
3413741|1|1|1|642.5572885|34137411|2||2||1|1|2|2|2|2|2|2|2||1||3900000
3413742|1|1|1|441.07314863|34137421|2||2||1|1|1|2|2|2|2|2|2||1||1500000
3413743|1|1|1|938.05693888|34137431|2||2||1|1|2|2|2|2|2|2|2||1||700000
3413744|1|1|1|640.17448572|34137441|2||2||1|1|1|2|1|2|2|2|2||1||1400000
3413745|1|1|1|984.57077821|34137451|2||2||1|1|2|2|2|2|2|2|2||1||3100000
3413746|1|1|1|528.24508752|34137461|2||2||1|1|2|2|2|2|2|2|2||1||2000000
3413747|1|1|1|844.73717231|34137471|2||2||1|1|2|2|2|2|2|2|2||1||2000000
3413748|1|1|1|843.65235751|34137481|2||2||1|1|2|2|2|2|2|2|1||1||1800000
3413749|1|1|1|942.20313963|34137491|2||2||1|1|2|2|2|2|2|2|2||1||800000
3413750|1|1|1|706.73969193|34137501|2||2||1|2|2|2|1|2|2|2|2||4||700000
3413751|1|1|1|830.97286367|34137511|2||2||1|1|1|2|2|2|2|2|2||1||600000
3413752|1|1|1|621.57749816|34137521|2||2||1|1|1|2|2|2|2|1|2||1||800000
3413753|1|1|1|954.88263347|34137531|2||2||1|1|2|2|2|2|2|2|2||1||600000
3413754|1|1|1|536.07666866|34137541|2||2||1|1|2|2|1|2|2|2|2||1||900000
3413755|1|1|1|302.66316158|34137551|2||2||1|1|2|2|1|2|2|2|2||1||2000000
3413756|1|1|1|507.83931875|34137561|2||2||1|1|2|2|2|2|2|2|2||1||5000000
3413757|1|1|1|378.23504645|34137571|2||2||1|1|2|2|2|2|2|2|2||1||1600000
3413758|1|1|1|120.70606592|34137581|2||2||1|1|2|2|2|2|2|2|2||1||1800000
3413759|1|1|1|151.78439268|34137591|2||2||1|1|2|2|2|2|2|2|2||1||3500000
3413760|1|1|1|165.82063941|34137601|2||2||1|1|2|2|2|2|2|2|2||1||1300000
3413761|1|1|1|144.23492042|34137611|2||2||1|1|2|2|2|2|2|2|2||1||600000
3413762|1|1|1|140.59921252|34137621|2||2||1|2|2|2|2|2|2|1|1||8||800000
3413763|1|1|1|147.48504456|34137631|2||2||1|1|2|1|2|2|2|2|1||3||1500000
3413764|1|1|1|152.86327612|34137641|2||2||1|1|2|2|2|2|2|2|2||1||1300000
3413765|1|1|1|122.39212206|34137651|2||2||1|1|1|2|2|2|2|1|2||1||1680000
3413766|1|1|1|149.64281144|34137661|2||2||1|2|2|2|2|2|2|2|1||8||100000
3413767|1|1|1|119.19633138|34137671|2||2||1|2|2|2|2|2|2|2|1||8||700000
3413768|1|1|1|154.28448002|34137681|2||2||1|1|2|2|2|2|2|2|2||1||400000
3413769|1|1|1|119.19633138|34137691|2||2||1|1|2|2|2|2|2|2|2||1||1300000
3413770|1|1|1|122.20829601|34137701|2||2||1|1|2|2|2|2|2|2|1||8||500000
3413771|1|1|1|97.343670623|34137711|2||2||1|2|2|2|2|2|2|2|1||8||500000
3413772|1|1|1|96.462582481|34137721|2||2||1|1|2|2|2|2|2|2|2||1||1200000
3413773|1|1|1|165.27364524|34137731|2||2||1|1|2|2|2|2|2|2|2||1||4000000
3413774|1|1|1|160.64960429|34137741|2||2||1|1|2|1|2|2|2|2|2||1||6000000
3413775|1|1|1|135.62621693|34137751|2||2||1|1|2|2|2|2|2|2|2||1||1500000
3413776|1|1|1|180.33319341|34137761|2||2||1|1|2|2|2|2|2|2|2||1||1200000
3413777|1|1|1|105.51825349|34137771|2||2||1|1|2|2|2|2|2|2|2||1||2300000
3413778|1|1|1|131.80751516|34137781|2||2||1|1|2|2|2|2|2|2|1||1||2600000
3413779|1|1|1|164.35320536|34137791|2||2||1|1|2|2|2|2|2|2|2||1||1000000
3413780|1|1|1|155.77768558|34137801|2||2||2|1|2|2|2|2|2|2|2||1||800000
3413781|1|1|1|146.12086726|34137811|2||2||1|1|2|2|2|2|2|2|2||1||1800000
3413782|1|1|1|89.006179346|34137821|2||2||1|1|2|2|2|2|2|2|1||1||500000
3413783|1|1|1|125.49536555|34137831|2||2||1|1|2|2|2|2|2|2|2||1||750000
3413784|1|1|1|89.952849122|34137841|2||2||1|1|2|2|2|2|2|2|2||1||1200000
3413785|1|1|1|131.14253411|34137851|2||1|1|1|1|2|2|2|2|2|1|2||1||1700000
3413787|1|1|1|59.822361101|34137871|2||2||1|1|2|2|2|2|2|2|2||1||2500000
3413788|1|1|1|131.56322529|34137881|2||2||1|1|2|2|2|2|2|2|2||1||4000000
3413789|1|1|1|150.47449024|34137891|2||2||1|1|2|2|2|2|2|2|2||1||2000000
3413790|1|1|1|107.27199178|34137901|2||2||1|1|2|2|2|2|2|2|2||1||2400000
3413791|1|1|1|111.35655791|34137911|2||2||1|1|2|2|2|2|2|2|1||1||2000000
3413792|1|1|1|146.15366565|34137921|1|1|2||1|1|2|2|2|2|2|2|2||1||5000000
3413793|1|1|1|104.11679896|34137931|2||2||1|1|2|2|2|2|2|2|2||1||4000000
3413794|1|1|1|147.57446753|34137941|2||2||1|1|2|2|1|2|2|2|2||1||7000000
3413795|1|1|1|103.41205797|34137951|2||2||1|1|2|1|2|2|2|2|2||1||5000000
3413796|1|1|1|120.52073506|34137961|2||2||1|1|2|1|2|2|2|2|2||1||3000000
3413797|1|1|1|432.49734458|34137971|2||2||1|1|2|2|2|2|2|1|2||1||2000000
3413798|1|1|1|183.009538|34137981|2||2||1|1|2|2|2|2|2|2|2||1||6000000
3413799|1|1|1|700.9360005|34137991|2||2||2|1|2|2|2|2|2|2|2||1||1460000
3413800|1|1|1|348.66372939|34138001|2||2||2|1|2|2|2|2|2|2|2||1||3000000
3413801|1|1|1|677.63368657|34138011|2||2||1|1|2|1|2|2|2|2|2||3||2000000
3413802|1|1|1|536.03708663|34138021|2||2||2|1|2|2|2|2|2|2|2||1||1500000
3413803|1|1|1|435.35320733|34138031|2||2||1|1|2|1|2|2|2|2|2||3||1500000
3413804|1|1|1|456.63031631|34138041|2||2||1|1|2|1|2|2|2|2|2||3||4800000
3413805|1|1|1|175.23400013|34138051|2||2||1|1|2|1|2|2|2|1|2||1||4260000
3413806|1|1|1|455.72818088|34138061|2||2||1|1|2|2|2|2|2|2|2||1||4000000
3413807|1|1|1|175.23400013|34138071|2||2||1|1|2|2|2|2|2|2|2||1||4000000
3413808|1|1|1|175.23400013|34138081|2||2||1|1|2|2|2|2|2|2|2||1||2000000
3413809|1|1|1|261.80319556|34138091|2||2||1|1|2|2|1|2|2|2|2||1||4900000
3413810|1|1|1|373.34552547|34138101|2||2||1|1|2|2|2|2|2|2|2||1||1900000
3413811|1|1|1|373.34552547|34138111|2||2||1|1|2|2|2|2|2|2|2||1||2000000
3413812|1|1|1|1323.9309117|34138121|2||2||2|1|2|2|2|2|2|2|2||1||1460000
3413813|1|1|1|389.91172993|34138131|2||2||2|1|2|1|2|2|2|2|2||1||3800000
3413814|1|1|1|373.34552547|34138141|2||2||1|1|2|2|2|2|2|2|1||8||1300000
3413815|1|1|1|878.95262658|34138151|2||2||2|1|2|2|2|2|2|2|2||1||1460000
3413816|1|1|1|373.34552547|34138161|2||2||1|2|2|1|2|2|2|1|2||3||3000000
3413817|1|1|1|566.1990684|34138171|2||2||1|1|2|2|2|2|2|2|2||1||5000000
3413818|1|1|1|130.15970917|34138181|2||2||1|1|2|2|2|2|2|2|2||1||1500000
3413819|1|1|1|130.94054006|34138191|2||2||1|1|2|2|2|2|2|2|2||1||1000000
3413820|1|1|1|60.875326377|34138201|2||2||1|1|2|1|2|2|2|2|2||1||2000000
3413821|1|1|1|119.80820979|34138211|2||2||1|1|2|2|2|2|2|2|2||1||900000
3413822|1|1|1|86.192723371|34138221|2||2||1|1|2|2|2|2|1|2|2||1||2500000
3413823|1|1|1|115.25137519|34138231|2||2||1|1|2|2|2|2|2|2|1||1||1300000
3413824|1|1|1|130.34446962|34138241|2||2||1|1|1|2|2|2|2|2|2||1||1500000
3413825|1|1|1|135.47985975|34138251|2||2||1|1|2|2|2|2|2|2|1||1||1200000
3413826|1|1|1|158.87134956|34138261|2||2||1|1|2|2|2|2|2|2|2||1||600000
3413827|1|1|1|137.82893006|34138271|2||2||1|1|1|2|2|2|1|2|2||1||1000000
3413828|1|1|1|132.63560346|34138281|2||2||1|1|2|2|2|2|2|2|2||1||1500000
3413829|1|1|1|183.70257736|34138291|2||2||1|1|2|2|2|2|2|2|2||1||700000
3413830|1|1|1|190.67180634|34138301|2||2||1|1|2|2|2|2|2|2|2||1||500000
3413831|1|1|1|79.696205189|34138311|2||2||1|1|2|2|1|2|2|2|2||1||600000
3413832|1|1|1|103.01254265|34138321|2||2||1|1|2|2|2|2|2|2|2||1||2500000
3413833|1|1|1|154.41620245|34138331|2||2||1|1|2|2|2|2|2|2|2||1||2000000
3413834|1|1|1|148.18988356|34138341|2||1|3|1|2|2|2|2|2|2|2|1||8||800000
3413835|1|1|1|129.14110792|34138351|2||1|3|1|2|1|2|2|2|2|2|1||8||1000000
3413836|1|1|1|104.28026477|34138361|2||2||1|1|2|1|2|2|2|2|2||1||2500000
3413837|1|1|1|211.54978374|34138371|2||2||1|1|2|2|2|2|2|2|2||1||1800000
3413838|1|1|1|155.12438758|34138381|2||2||1|1|1|2|2|2|2|2|2||1||1500000
3413839|1|1|1|218.40169312|34138391|2||2||1|1|2|1|2|2|2|2|2||1||2000000
3413840|1|1|1|127.24744509|34138401|2||2||1|1|2|2|2|2|2|2|2||1||1800000
3413841|1|1|1|171.79977203|34138411|2||2||1|1|2|2|2|2|2|2|2||1||1500000
3413842|1|1|1|76.094157971|34138421|2||2||1|1|2|2|2|2|2|2|2||1||1000000
3413843|1|1|1|162.69963647|34138431|2||2||1|1|1|2|2|2|2|2|2||1||1800000
3413844|1|1|1|198.71455121|34138441|2||2||1|1|2|2|2|2|2|2|2||1||1200000
3413845|1|1|1|135.47985975|34138451|2||2||1|1|2|2|2|2|1|2|2||1||1500000
3413846|1|1|1|77.103664342|34138461|2||2||1|1|2|2|2|2|2|2|2||1||1100000
3413847|1|1|1|126.49224781|34138471|2||2||1|1|1|2|2|2|1|2|2||1||1800000
3413848|1|1|1|235.08230221|34138481|2||2||1|1|2|2|1|2|2|2|2||1||900000
3413849|1|1|1|139.94566692|34138491|2||2||1|1|2|2|2|2|2|2|2||1||1800000
3413850|1|1|1|77.103664342|34138501|2||1|1|1|1|2|2|2|2|2|2|2||1||1600000
3413851|1|1|1|134.03655287|34138511|2||2||1|2|1|2|2|2|2|2|1||8||200000
3413852|1|1|1|106.88785388|34138521|2||2||1|1|2|2|2|2|2|2|2||1||1300000
3413853|1|1|1|190.50169629|34138531|2||2||1|2|1|2|1|2|2|2|2||4||400000
3413854|1|1|1|130.37971691|34138541|2||2||1|1|2|2|2|2|2|2|2||1||2000000
3413855|1|1|1|72.854229169|34138551|2||2||1|1|1|2|2|2|1|2|2||1||1700000
3413856|1|1|1|97.432470677|34138561|2||2||1|1|2|2|2|2|2|2|2||1||700000
3413857|1|1|1|213.79956085|34138571|2||2||1|1|2|2|2|2|2|2|2||1||800000
3413858|1|1|1|111.95653354|34138581|2||2||1|1|2|2|2|2|2|2|2||1||1500000
3413859|1|1|1|115.58798928|34138591|2||2||1|1|2|2|2|2|2|2|2||1||1500000
3413860|1|1|1|110.5191997|34138601|2||2||1|2|1|2|2|2|2|2|1||8||200000
3413861|1|1|1|115.2417654|34138611|2||2||1|2|2|1|2|2|2|2|2||3||2000000
3413862|1|1|1|48.700261102|34138621|2||2||1|1|2|2|2|2|2|2|2||1||800000
3413863|1|1|1|74.801608967|34138631|2||2||1|1|2|2|2|2|2|2|2||1||1500000
3413865|1|1|1|80.753242813|34138651|2||2||1|1|2|2|2|2|2|2|2||1||1500000
3413866|1|1|1|139.77604616|34138661|2||2||1|1|2|2|1|2|2|2|2||1||1200000
3413867|1|1|1|104.2604654|34138671|2||2||1|1|2|2|2|2|1|2|2||1||1800000
3413868|1|1|1|62.777680326|34138681|2||2||1|1|2|2|2|2|2|2|1||1||2000000
3413869|1|1|1|125.95110023|34138691|2||2||1|1|2|2|2|2|2|2|2||1||3000000
3413870|1|1|1|163.14587547|34138701|2||2||1|1|2|2|2|2|2|2|2||1||2500000
3413871|1|1|1|77.497912081|34138711|2||2||1|1|2|2|2|2|2|2|2||1||1500000
3413872|1|1|1|120.10175042|34138721|2||2||1|1|2|2|1|2|2|2|2||1||1600000
3413873|1|1|1|124.89703691|34138731|2||2||1|1|2|2|2|2|2|2|2||1||1500000
3413874|1|1|1|151.07866226|34138741|2||2||1|1|2|2|2|2|2|2|2||1||1500000
3413875|1|1|1|171.50379735|34138751|2||2||1|1|2|2|2|2|2|2|2||1||1000000
3413876|1|1|1|86.204358762|34138761|2||2||1|1|2|2|2|2|2|2|2||1||1300000
3413877|1|1|1|172.72348658|34138771|2||2||1|1|2|2|2|2|2|2|2||1||1500000
3413878|1|1|1|176.30256096|34138781|2||2||1|1|2|2|2|2|2|2|2||1||1100000
3413879|1|1|1|246.97989559|34138791|2||2||1|1|2|2|2|2|2|2|2||1||1100000
3413880|1|1|1|95.33813029|34138801|2||2||1|1|2|2|2|2|2|2|2||1||1200000
3413881|1|1|1|94.203572263|34138811|2||2||1|1|2|2|2|2|2|2|2||1||2000000
3413882|1|1|1|140.12255676|34138821|2||2||1|1|2|2|2|2|2|2|2||1||500000
3413883|1|1|1|108.09464068|34138831|2||2||1|1|2|2|2|2|1|2|2||1||2000000
3413884|1|1|1|141.39613775|34138841|2||2||1|1|2|2|2|2|2|2|2||1||2600000
3413885|1|1|1|150.36914655|34138851|2||1|3|1|2|2|2|2|2|2|2|1||8||600000
3413886|1|1|1|107.52731289|34138861|2||2||1|1|2|2|2|2|2|2|2||1||3000000
3413887|1|1|1|158.05579027|34138871|2||2||1|1|2|2|2|2|2|2|2||1||1500000
3413888|1|1|1|79.696205189|34138881|2||2||1|1|2|2|2|2|2|2|2||1||2000000
3413889|1|1|1|158.87134956|34138891|2||2||1|1|2|2|2|2|2|2|2||1||1500000
3413890|1|1|1|141.39613775|34138901|2||2||1|1|2|2|2|2|1|2|2||1||1800000
3413891|1|1|1|122.06723306|34138911|2||1|3|1|1|2|2|2|2|1|2|1||8||2000000
3413892|1|1|1|122.06723306|34138921|2||1|3|1|2|2|2|2|2|1|2|1||8||2500000
3413893|1|1|1|161.17313826|34138931|2||2||1|1|2|2|1|2|2|2|2||1||1800000
3413894|1|1|1|230.09862906|34138941|2||2||1|1|2|2|1|2|2|2|2||1||1200000
3413895|1|1|1|147.95323153|34138951|2||2||1|1|1|2|1|2|2|2|2||1||1200000
3413896|1|1|1|206.15972644|34138961|2||2||1|1|2|2|2|2|2|2|2||1||1000000
3413897|1|1|1|127.4853193|34138971|2||2||1|1|2|2|2|2|2|2|2||1||3000000
3413898|1|1|1|115.78139477|34138981|2||2||1|1|2|2|2|2|2|2|2||1||2000000
3413899|1|1|1|152.69693411|34138991|2||2||1|1|2|2|2|2|2|2|2||1||1500000
3413900|1|1|1|128.54909229|34139001|2||2||1|1|2|2|2|2|2|2|2||1||1000000
3413901|1|1|1|215.01453713|34139011|2||2||1|1|2|2|2|2|2|2|2||1||1300000
3413902|1|1|1|239.61205743|34139021|2||2||1|1|2|2|2|2|2|2|2||1||1800000
3413903|1|1|1|68.669073753|34139031|2||2||1|1|2|1|2|2|2|2|2||3||3000000
3413904|1|1|1|92.276758614|34139041|2||2||1|2|2|1|2|2|2|2|2||3||4000000
3413905|1|1|1|165.92139147|34139051|2||2||1|1|2|1|2|2|2|2|2||3||3000000
3413906|1|1|1|70.536371223|34139061|2||2||1|1|2|1|2|2|2|2|2||1||4000000
3413907|1|1|1|92.276758614|34139071|2||2||2|1|2|2|2|2|2|2|2||1||1800000
3413908|1|1|1|77.666259042|34139081|2||2||1|2|2|2|2|2|2|2|1||8||1500000
3413909|1|1|1|81.982296764|34139091|2||2||1|1|2|1|2|2|2|2|2||3||3200000
3413910|1|1|1|122.11270285|34139101|2||2||1|1|2|2|2|2|2|2|2||1||4000000
3413911|1|1|1|159.76744103|34139111|2||2||1|1|2|2|2|2|2|2|2||1||3000000
3413912|1|1|1|92.276758614|34139121|2||2||2|2|2|1|2|2|2|2|1||3||1800000
3413913|1|1|1|182.19673455|34139131|2||2||1|1|2|2|2|2|2|2|2||1||2800000
3413914|1|1|1|267.30589735|34139141|2||2||1|1|2|2|2|2|2|2|2||1||1900000
3413915|1|1|1|268.8371033|34139151|2||2||1|1|2|2|2|2|2|2|2||1||2000000
3413916|1|1|1|224.31944052|34139161|2||2||2|1|2|2|2|2|2|2|2||1||1300000
3413917|1|1|1|201.56663114|34139171|2||2||1|2|2|1|2|2|2|2|2||3||1200000
3413918|1|1|1|173.0189224|34139181|2||2||2|2|2|1|2|2|2|2|2||3||1200000
3413919|1|1|1|420.55954571|34139191|2||2||1|1|2|2|2|2|2|2|2||1||2000000
3413920|1|1|1|301.06623127|34139201|2||2||2|1|2|2|2|2|2|2|2||1||1700000
3413921|1|1|1|201.56663114|34139211|2||2||1|2|2|2|2|2|2|2|1||8||500000
3413922|1|1|1|284.31986532|34139221|2||2||1|1|2|1|2|2|2|2|2||1||1400000
3413923|1|1|1|222.54229869|34139231|2||2||2|1|2|2|2|2|2|2|2||1||1600000
3413924|1|1|1|241.97756932|34139241|2||2||1|1|2|2|2|2|2|2|2||1||1500000
3413925|1|1|1|156.62294237|34139251|2||2||2|1|2|2|2|2|2|2|2||1||1500000
3413927|1|1|1|142.29963765|34139271|2||2||2|1|2|2|2|2|2|2|2||1||600000
3413928|1|1|1|142.29963765|34139281|2||2||1|1|2|2|2|2|2|2|2||1||1000000
3413929|1|1|1|246.53921416|34139291|2||2||1|1|2|2|2|2|2|2|2||1||2600000
3413930|1|1|1|295.87347162|34139301|2||2||1|1|1|2|2|2|2|2|2||1||1800000
3413931|1|1|1|98.29344097|34139311|2||2||1|1|2|2|2|2|2|2|2||1||1300000
3413932|1|1|1|240.31366864|34139321|2||2||2|1|2|2|2|2|2|2|2||1||1500000
3413933|1|1|1|236.80239834|34139331|2||2||1|1|2|2|2|2|2|2|2||1||1500000
3413935|1|1|1|316.83566077|34139351|2||2||1|1|2|1|2|2|2|2|2||3||2000000
3413936|1|1|1|462.99247407|34139361|2||2||1|2|2|1|2|2|2|2|2||3||1800000
3413937|1|1|1|538.52962248|34139371|2||2||1|1|1|2|2|2|2|2|2||1||3900000
3413938|1|1|1|160.81847778|34139381|2||2||2|1|2|2|2|2|2|2|2||1||1300000
3413939|1|1|1|160.81847778|34139391|2||2||1|2|2|1|2|2|2|2|2||3||1200000
3413940|1|1|1|243.17991648|34139401|2||2||1|2|2|2|2|2|2|1|1||7||1400000
3413941|1|1|1|416.58469029|34139411|2||2||1|1|2|2|2|2|2|2|2||1||800000
3413942|1|1|1|497.92271993|34139421|2||2||1|1|2|2|2|2|2|2|2||1||3500000
3413943|1|1|1|314.15682089|34139431|2||2||1|1|2|2|2|2|2|2|1||1||3500000
3413945|1|1|1|314.15682089|34139451|2||2||1|1|2|2|2|2|2|2|2||1||1300000
3413949|1|1|1|314.15682089|34139491|2||2||1|1|2|2|2|2|2|2|2||1||1300000
3413950|1|1|1|184.48131595|34139501|1|1|2||1|2|2|1|2|2|2|2|2||3||5000000
3413951|1|1|1|187.9408114|34139511|2||2||1|1|2|2|2|2|2|2|2||1||6000000
3413952|1|1|1|410.75480307|34139521|2||2||1|1|2|2|2|2|2|2|2||1||3000000
3413954|1|1|1|405.08021816|34139541|2||2||1|1|2|2|2|2|2|2|2||1||2500000
3413955|1|1|1|408.28656068|34139551|2||2||1|1|2|1|2|2|2|2|2||1||4100000
3413956|1|1|1|405.08021816|34139561|2||2||1|1|2|2|2|2|2|2|2||1||5000000
3413957|1|1|1|154.0989925|34139571|2||2||2|1|2|2|2|2|2|2|2||1||5000000
3413958|1|1|1|313.9458963|34139581|2||2||1|1|2|2|2|2|2|2|2||1||2000000
3413959|1|1|1|49.932787681|34139591|2||2||1|1|2|2|2|2|2|2|2||1||1400000
3413960|1|1|1|102.62518354|34139601|2||2||1|2|2|1|2|2|2|2|2||3||5000000
3413961|1|1|1|71.040207298|34139611|2||2||1|1|2|1|2|2|2|2|2||1||2000000
3413962|1|1|1|71.040207298|34139621|1|1|2||1|1|2|2|2|2|2|2|2||1||600000
3413963|1|1|1|133.17861566|34139631|2||2||1|2|2|2|2|2|2|2|1||8||2000000
3413964|1|1|1|78.969208462|34139641|2||2||1|1|2|1|2|2|2|2|2||1||4000000
3413965|1|1|1|90.667480095|34139651|2||2||1|2|2|2|2|2|2|1|2||7||600000
3413966|1|1|1|71.040207298|34139661|2||2||1|1|2|2|2|2|2|2|1||1||3000000
3413967|1|1|1|143.00789992|34139671|2||2||1|2|2|2|2|2|2|2|1||8||1200000
3413968|1|1|1|52.797783696|34139681|2||2||1|2|2|2|2|2|2|2|1||8||800000
3413969|1|1|1|63.146850932|34139691|2||2||1|2|2|2|2|2|2|2|1||8||400000
3413970|1|1|1|75.981370199|34139701|2||2||1|2|2|2|2|2|2|2|1||8||100000
3413971|1|1|1|120.50718363|34139711|2||2||1|1|2|2|2|2|2|2|2||1||1200000
3413972|1|1|1|63.146850932|34139721|2||2||1|1|2|2|2|2|2|2|1||1||350000
3413973|1|1|1|75.981370199|34139731|2||2||1|1|2|2|2|2|2|2|1||1||200000
3413974|1|1|1|63.146850932|34139741|2||2||1|2|2|2|2|2|2|2|1||8||200000
3413975|1|1|1|70.550291702|34139751|2||2||1|2|2|2|2|2|2|2|1||8||500000
3413976|1|1|1|105.44378568|34139761|2||2||1|2|1|2|2|2|2|2|2||2||1400000
3413977|1|1|1|146.21645593|34139771|2||2||1|2|2|1|2|2|2|2|1||3||600000
3413978|1|1|1|55.253494565|34139781|2||2||1|1|1|2|2|2|2|2|2||1||250000
3413979|1|1|1|105.44378568|34139791|2||2||1|2|2|2|2|2|2|2|1||8||150000
3413980|1|1|1|71.546902379|34139801|2||2||1|2|1|2|2|2|2|2|1||2||200000
3413981|1|1|1|70.519151185|34139811|2||2||1|2|2|2|2|2|2|2|1||8||800000
3413982|1|1|1|63.595529788|34139821|2||2||1|1|2|2|1|2|2|2|1||1||300000
3413983|1|1|1|66.483698924|34139831|2||2||1|2|1|2|2|2|2|2|1||8||280000
3413984|1|1|1|55.253494565|34139841|2||2||1|2|2|2|2|2|2|2|1||8||400000
3413985|1|1|1|193.28562578|34139851|2||2||1|2|2|2|1|2|2|2|2||4||1700000
3413986|1|1|1|70.519151185|34139861|2||2||1|2|2|2|2|2|2|2|1||8||1000000
3413987|1|1|1|126.17653714|34139871|2||2||1|2|2|2|2|2|2|2|1||8||1300000
3413988|1|1|1|66.483698924|34139881|2||2||1|1|1|2|2|2|2|2|1||8||400000
3413989|1|1|1|71.546902379|34139891|2||2||1|1|2|2|2|2|2|2|2||1||200000
3413990|1|1|1|105.44378568|34139901|2||2||1|1|2|2|2|2|2|2|1||1||1000000
3413991|1|1|1|206.27971304|34139911|2||2||1|1|2|2|2|2|2|2|1||8||200000
3413992|1|1|1|66.777108887|34139921|2||2||1|1|2|2|2|2|2|2|1||1||200000
3413993|1|1|1|136.61252251|34139931|2||2||1|2|2|2|1|2|2|2|2||4||600000
3413994|1|1|1|161.55216289|34139941|2||2||1|1|2|2|2|2|2|2|2||1||500000
3413996|1|1|1|172.83143983|34139961|2||1|1|1|1|2|2|2|2|2|2|1||1||300000
3413997|1|1|1|133.76970151|34139971|2||2||1|2|2|2|1|2|2|2|1||8||300000
3413998|1|1|1|117.62093769|34139981|2||2||1|2|2|2|2|2|2|2|1||8||300000
3413999|1|1|1|292.14802467|34139991|2||2||1|1|2|2|2|2|2|2|2||1||1300000
3414000|1|1|1|220.54450465|34140001|2||2||1|1|2|2|2|2|2|2|2||1||300000
3414001|1|1|1|306.27836668|34140011|2||2||1|1|2|2|2|2|2|2|2||1||1300000
3414002|1|1|1|384.67801528|34140021|2||2||1|1|2|2|2|2|2|2|2||1||2300000
3414003|1|1|1|137.21960415|34140031|2||2||1|1|2|2|2|2|2|2|2||1||1600000
3414004|1|1|1|266.38390866|34140041|2||2||1|1|2|2|2|2|2|2|2||1||3200000
3414005|1|1|1|420.08546697|34140051|2||2||2|1|2|2|2|2|2|2|2||1||4000000
3414006|1|1|1|142.22203452|34140061|2||2||1|1|2|2|2|2|2|2|2||1||1300000
3414007|1|1|1|213.97522962|34140071|2||2||1|2|2|2|2|2|2|2|1||8||1000000
3414008|1|1|1|384.29613265|34140081|2||2||1|2|2|1|2|2|2|2|2||3||3000000
3414009|1|1|1|170.39972933|34140091|2||2||1|1|2|2|2|2|2|2|2||1||2500000
3414010|1|1|1|246.26151349|34140101|2||2||1|1|2|2|2|2|2|2|2||1||750000
3414011|1|1|1|137.21960415|34140111|2||2||1|1|2|2|1|2|2|2|2||1||1000000
3414012|1|1|1|196.03955969|34140121|2||2||1|2|2|2|2|2|2|2|1||8||1000000
3414013|1|1|1|307.41769536|34140131|2||2||1|1|2|2|2|2|2|2|2||1||2000000
3414014|1|1|1|349.96943194|34140141|2||2||1|1|1|2|1|2|2|2|2||1||1000000
3414015|1|1|1|196.03955969|34140151|2||2||1|1|2|2|2|2|2|2|2||1||600000
3414017|1|1|1|137.21960415|34140171|2||2||1|2|2|2|2|2|2|2|2|1||1000000|
3414018|1|1|1|320.15111171|34140181|2||2||1|2|2|1|2|2|2|2|2||3||1300000
3414019|1|1|1|280.63853632|34140191|2||2||1|1|2|2|2|2|2|2|2||1||2000000
3414020|1|1|1|137.21960415|34140201|2||2||1|2|2|1|2|2|2|2|2||3||3000000
3414021|1|1|1|246.26151349|34140211|2||2||1|1|2|2|2|2|2|2|2||1||1000000
3414022|1|1|1|384.67801528|34140221|2||2||1|2|2|2|2|2|2|2|1||8||1000000
3414023|1|1|1|280.63853632|34140231|2||2||1|1|2|2|2|2|2|2|2||1||1300000
3414025|1|1|1|196.03955969|34140251|2||2||1|1|2|2|2|2|2|2|2||1||1000000
3414026|1|1|1|420.08546697|34140261|2||2||2|1|2|2|2|2|2|2|2||1||1000000
3414027|1|1|1|137.21960415|34140271|2||1|1|1|1|2|2|2|2|2|2|1||1||1300000
3414028|1|1|1|246.26151349|34140281|2||2||1|1|2|2|2|2|2|2|1||1||1000000
3414029|1|1|1|155.64765407|34140291|2||2||1|1|2|1|2|2|2|2|2||3||3600000
3414030|1|1|1|196.03955969|34140301|2||2||1|2|1|2|2|2|2|1|2||7||600000
3414031|1|1|1|252.46084151|34140311|2||2||1|1|2|2|2|2|2|2|2||1||2600000
3414032|1|1|1|444.05451271|34140321|2||2||1|1|2|2|2|2|2|2|2||1||1800000
3414033|1|1|1|489.52565959|34140331|2||2||1|2|2|2|2|2|2|2|1||8||1000000
3414034|1|1|1|384.67801528|34140341|2||2||1|1|2|2|2|2|2|2|2||1||1300000
3414035|1|1|1|89.381731785|34140351|2||2||1|1|2|2|2|2|2|2|2||1||98
3414036|1|1|1|103.04425308|34140361|2||2||1|2|2|2|2|2|2|2|1||8||600000
3414037|1|1|1|105.47101048|34140371|2||2||1|1|2|2|2|2|2|2|2||1||1300000
3414038|1|1|1|110.39532765|34140381|2||2||1|1|2|2|2|2|2|2|2||1||900000
3414039|1|1|1|124.63253645|34140391|2||2||1|1|2|2|2|2|2|2|2||1||2000000
3414040|1|1|1|80.485392754|34140401|2||2||1|2|1|2|2|2|2|2|1||8||400000
3414041|1|1|1|126.72355933|34140411|2||2||1|1|2|2|2|2|2|2|2||1||1300000
3414042|1|1|1|98.743640581|34140421|2||1|3|1|1|2|2|2|2|2|2|1||1||1000000
3414043|1|1|1|100.67589913|34140431|2||2||1|1|2|2|2|2|2|2|2||1||1500000
3414044|1|1|1|106.89469514|34140441|2||2||1|1|2|2|2|2|2|2|2||1||1800000
3414045|1|1|1|100.32608958|34140451|2||2||1|1|2|2|2|2|2|2|2||1||750000
3414046|1|1|1|94.734434189|34140461|2||2||1|1|2|2|2|2|2|2|2||1||600000
3414047|1|1|1|131.35990635|34140471|2||2||1|1|2|2|2|2|2|2|2||1||750000
3414049|1|1|1|128.20296275|34140491|2||2||1|1|2|2|2|2|2|2|2||1||900000
3414050|1|1|1|126.21498545|34140501|2||2||2|1|2|2|2|2|2|2|2||1||1200000
3414051|1|1|1|98.743640581|34140511|2||2||1|1|2|2|2|2|2|2|2||1||900000
3414052|1|1|1|95.243008073|34140521|2||2||1|1|2|2|2|2|2|2|2||1||500000
3414053|1|1|1|236.77125383|34140531|2||2||1|1|2|2|2|2|2|2|2||1||2300000
3414054|1|1|1|671.9563139|34140541|2||2||1|1|2|1|2|2|2|2|2||3||3000000
3414054|1|2|2|671.9563139|34140542|2||2||1|1|2|2|2|2|2|2|2||1||98
3414055|1|1|1|352.86076071|34140551|2||2||1|1|2|2|2|2|2|2|2||1||1300000
3414056|1|1|1|435.82158121|34140561|2||2||1|1|2|2|2|2|2|2|2||1||800000
3414057|1|1|1|338.51343948|34140571|2||2||1|1|2|2|2|2|2|2|2||1||1800000
3414058|1|1|1|189.08419936|34140581|2||2||2|1|2|2|2|2|2|2|2||1||1800000
3414060|1|1|1|263.26570246|34140601|2||2||1|1|2|2|2|2|2|2|2||1||1600000
3414061|1|1|1|189.08419936|34140611|2||1|2|1|2|2|2|2|2|2|2|1||8||1200000
3414062|1|1|1|232.02043385|34140621|2||2||1|1|2|2|2|2|2|2|2||1||2600000
3414063|1|1|1|289.6800186|34140631|2||2||1|1|2|2|2|2|2|2|2||1||1800000
3414064|1|1|1|263.1791677|34140641|2||2||1|1|2|2|2|2|2|2|2||1||1400000
3414065|1|1|1|232.02043385|34140651|2||2||1|1|2|2|2|2|2|2|2||1||1700000
3414066|1|1|1|364.92691025|34140661|2||2||1|1|2|2|2|2|2|2|2||1||7000000
3414070|1|1|1|289.67361634|34140701|2||2||1|2|2|2|2|2|2|2|1||8||98
3414071|1|1|1|338.42605936|34140711|2||2||1|1|2|2|2|2|2|2|2||1||800000
3414072|1|1|1|391.41580199|34140721|2||2||1|1|2|2|2|2|2|2|2||1||700000
3414073|1|1|1|435.82158121|34140731|2||2||1|1|2|2|2|2|2|2|2||1||500000
3414074|1|1|1|517.79966942|34140741|2||2||1|2|2|2|1|2|2|2|2||4||200000
3414076|1|1|1|426.92084173|34140761|2||2||1|1|2|2|2|2|2|2|2||1||600000
3414077|1|1|1|338.42605936|34140771|2||2||1|1|2|2|2|2|2|2|2||1||700000
3414081|1|1|1|389.47050909|34140811|2||2||1|2|2|1|2|2|2|2|2||3||98
3414082|1|1|1|292.72450553|34140821|2||2||1|2|2|1|2|2|2|2|1||8||3000000
3414085|1|1|1|243.10825632|34140851|2||2||1|1|2|1|2|2|2|2|2||1||5000000
3414086|1|1|1|355.51747696|34140861|2||2||1|1|2|2|2|2|2|2|2||1||2000000
3414087|1|1|1|389.47050909|34140871|2||2||1|2|2|1|2|2|2|2|2||3||1300000
3414088|1|1|1|292.72450553|34140881|2||2||1|1|2|2|2|2|2|2|2||1||3000000
3414090|1|1|1|369.55419873|34140901|2||2||1|1|2|2|2|2|2|2|2||1||2000000
3414091|1|1|1|254.54637004|34140911|2||2||1|1|2|2|2|2|2|2|2||1||1800000
3414092|1|1|1|301.23515318|34140921|2||2||1|1|2|2|2|2|2|2|2||1||2200000
3414093|1|1|1|325.30909359|34140931|2||2||1|1|2|2|2|2|2|2|2||1||1300000
3414094|1|1|1|605.91451896|34140941|2||2||1|1|2|1|2|2|2|2|2||3||3000000
3414095|1|1|1|409.5767042|34140951|2||2||1|1|2|2|2|2|2|2|2||1||700000
3414096|1|1|1|555.03035466|34140961|2||2||1|1|2|2|2|2|2|2|2||1||1800000
3414097|1|1|1|515.39534247|34140971|2||2||1|1|2|2|2|2|2|2|2||1||1300000
3414098|1|1|1|599.01033034|34140981|2||2||1|2|2|2|2|2|2|2|2|99||99|
3414099|1|1|1|460.4608685|34140991|2||2||1|2|2|2|2|2|2|2|1||8||2300000
3414100|1|1|1|475.63445239|34141001|2||2||1|1|2|2|2|2|2|2|2||1||4000000
3414101|1|1|1|366.76082527|34141011|2||2||1|1|2|2|2|2|2|2|2||1||1000000
3414102|1|1|1|168.34461883|34141021|2||2||1|2|2|1|2|2|2|2|2||3||3300000
3414103|1|1|1|294.56395443|34141031|2||2||1|1|2|2|2|2|2|2|2||1||2600000
3414104|1|1|1|233.98400541|34141041|2||2||1|1|2|2|2|2|2|2|2||1||1300000
3414105|1|1|1|171.85179838|34141051|2||2||1|1|1|2|2|2|2|2|2||1||600000
3414106|1|1|1|250.8755745|34141061|2||2||1|1|2|2|2|2|2|1|2||1||1300000
3414107|1|1|1|257.0236559|34141071|2||2||1|1|2|2|2|2|2|2|2||1||980000
3414108|1|1|1|275.75742461|34141081|2||2||1|2|2|1|2|2|2|2|2||3||1300000
3414109|1|1|1|156.2045066|34141091|2||2||1|2|2|1|2|2|2|2|2||3||2000000
3414110|1|1|1|236.39389499|34141101|2||2||1|1|2|2|2|1|2|2|2||1||800000
3414111|1|1|1|161.90441401|34141111|2||2||1|1|2|2|2|2|2|2|2||1||800000
3414112|1|1|1|351.74888472|34141121|2||2||1|1|1|2|2|2|2|2|2||1||500000
3414113|1|1|1|185.03361601|34141131|2||2||1|1|2|2|2|2|2|2|2||1||500000
3414114|1|1|1|901.3831249|34141141|2||2||1|1|2|1|2|2|2|2|2||3||1200000
3414115|1|1|1|686.54854056|34141151|2||2||1|1|2|1|2|2|2|2|2||1||2600000
3414116|1|1|1|659.77944219|34141161|2||2||1|1|1|2|2|2|2|2|2||1||1300000
3414117|1|1|1|769.63598526|34141171|2||2||1|1|2|2|2|2|2|2|2||1||1200000
3414118|1|1|1|830.21848899|34141181|2||2||1|1|2|2|2|2|2|2|2||1||1500000
3414119|1|1|1|873.93594078|34141191|2||2||1|1|2|2|2|2|2|2|2||1||1300000
3414120|1|1|1|749.46590634|34141201|2||2||1|1|2|2|2|2|2|2|2||1||1000000
3414121|1|1|1|789.40397379|34141211|2||2||1|1|2|2|2|2|2|2|2||1||1300000
3414122|1|1|1|1165.8591437|34141221|2||2||1|1|2|2|2|2|2|2|2||1||1000000
3414123|1|1|1|873.93594078|34141231|2||2||1|1|2|2|2|2|2|2|2||1||900000
3414124|1|1|1|878.93259022|34141241|2||2||1|1|2|2|2|2|2|2|2||1||1000000
3414125|1|1|1|435.29116424|34141251|2||2||1|1|2|2|2|2|2|2|2||1||600000
3414126|1|1|1|569.68098911|34141261|2||2||1|1|2|2|2|2|2|2|2||1||1000000
3414127|1|1|1|692.35215089|34141271|2||2||1|1|2|2|2|2|2|2|2||1||900000
3414128|1|1|1|708.48182879|34141281|2||2||1|1|2|2|2|2|2|2|2||1||900000
3414129|1|1|1|451.42084215|34141291|2||2||1|1|2|2|2|2|2|2|2||1||700000
3414130|1|1|1|296.98002448|34141301|2||2||1|1|2|2|2|2|2|2|2||1||900000
3414131|1|1|1|505.51402944|34141311|2||2||1|1|2|2|2|2|2|2|2||1||1800000
3414132|1|1|1|418.4249892|34141321|2||2||1|1|2|2|2|2|2|2|2||1||900000
3414133|1|1|1|368.89231567|34141331|2||2||1|1|2|2|2|2|2|2|2||1||2500000
3414135|1|1|1|191.98678467|34141351|2||2||1|1|2|2|2|2|2|2|1||8||600000
3414137|1|1|1|259.74682631|34141371|2||2||1|2|1|2|2|2|2|2|1||8||700000
3414138|1|1|1|387.5607559|34141381|2||2||1|1|2|2|2|2|2|2|2||1||1500000
3414139|1|1|1|244.54218193|34141391|2||2||1|1|2|2|2|2|2|2|2||1||1500000
3414140|1|1|1|298.54956082|34141401|2||2||1|1|2|2|2|2|2|2|2||1||1600000
3414141|1|1|1|259.74682631|34141411|2||1|2|1|2|2|2|2|2|2|2|1||8||400000
3414142|1|1|1|283.92620936|34141421|2||2||1|1|2|2|2|2|2|2|2||1||1300000
3414143|1|1|1|320.85772212|34141431|2||2||1|1|2|2|2|2|2|2|2||1||900000
3414144|1|1|1|304.46261103|34141441|2||2||1|1|2|1|2|2|2|2|2||3||2600000
3414145|1|1|1|358.87725761|34141451|2||2||1|1|2|2|2|2|2|2|1||1||1800000
3414146|1|1|1|469.79306068|34141461|2||2||1|1|2|2|2|2|2|2|2||1||1500000
3414147|1|1|1|421.15680677|34141471|2||2||1|1|2|2|1|2|2|2|2||1||1800000
3414148|1|1|1|315.01911652|34141481|2||2||1|1|2|1|2|2|2|2|2||1||2700000
3414149|1|1|1|381.3933678|34141491|2||2||1|1|2|2|2|2|2|2|2||1||2000000
3414150|1|1|1|440.92077505|34141501|2||2||1|1|2|2|2|2|2|2|2||1||1300000
3414151|1|1|1|480.68421402|34141511|2||2||1|1|2|2|2|2|2|2|2||1||1300000
3414152|1|1|1|248.45348604|34141521|2||2||1|1|2|2|2|2|2|2|2||1||5200000
3414153|1|1|1|274.58470951|34141531|2||2||1|1|2|2|2|2|2|2|2||1||1000000
3414154|1|1|1|337.03903555|34141541|2||2||1|1|2|2|2|2|2|2|2||1||1000000
3414155|1|1|1|203.77826398|34141551|2||2||1|1|2|2|2|2|2|2|2||1||2000000
3414156|1|1|1|241.44994239|34141561|2||2||1|1|2|2|2|2|2|2|2||1||1300000
3414157|1|1|1|206.5235893|34141571|2||2||1|1|2|1|2|2|2|2|2||3||2300000
3414158|1|1|1|329.24992144|34141581|2||2||1|1|2|2|2|2|2|2|2||1||1300000
3414159|1|1|1|255.92144196|34141591|2||2||1|1|2|2|2|2|2|2|2||1||1300000
3414160|1|1|1|203.28012494|34141601|2||2||1|1|2|2|2|2|2|2|2||1||600000
3414161|1|1|1|306.39912323|34141611|2||2||1|1|2|2|2|2|2|2|1||1||3800000
3414162|1|1|1|219.49994763|34141621|2||2||1|2|2|1|2|2|2|2|2||3||99
3414163|1|1|1|233.39569901|34141631|2||2||1|2|2|1|2|2|2|2|2||3||1300000
3414164|1|1|1|326.58257143|34141641|2||2||1|1|2|2|2|2|2|2|2||1||3000000
3414165|1|1|1|263.39993715|34141651|2||2||1|1|2|2|2|2|2|2|2||1||99
3414167|1|1|1|361.69730148|34141671|2||2||1|1|2|2|2|2|2|2|2||1||2000000
3414168|1|1|1|416.58323607|34141681|2||2||1|1|2|2|2|2|2|2|2||1||3000000
3414169|1|1|1|295.03722532|34141691|2||2||1|1|2|2|2|2|2|2|2||1||850000
3414170|1|1|1|391.91348988|34141701|2||2||1|1|2|2|2|2|2|2|2||1||1000000
3414171|1|1|1|343.31050475|34141711|2||2||1|1|2|2|2|2|2|2|2||1||700000
3414172|1|1|1|239.5247814|34141721|2||2||1|2|2|2|2|2|2|2|1||8||580000
3414173|1|1|1|244.29212494|34141731|2||2||1|1|2|1|2|2|2|2|1||3||1600000
3414174|1|1|1|239.5247814|34141741|2||2||1|1|2|2|2|2|2|2|2||1||680000
3414175|1|1|1|274.37493453|34141751|2||2||1|1|1|2|2|2|2|2|2||1||780000
3414176|1|1|1|305.04771759|34141761|2||2||1|1|2|2|2|2|2|2|2||1||500000
3414177|1|1|1|274.37493453|34141771|2||2||1|1|2|2|2|2|2|2|2||1||800000
3414178|1|1|1|463.88132593|34141781|2||2||1|2|2|2|2|2|2|1|2||7||2800000
3414179|1|1|1|383.17399668|34141791|2||2||1|1|2|1|2|2|2|2|2||1||3500000
3414180|1|1|1|424.03841013|34141801|2||2||1|1|2|2|2|2|2|2|2||1||1000000
3414181|1|1|1|567.01120996|34141811|2||2||1|1|2|2|2|2|2|1|2||1||10000000
3414182|1|1|1|681.74674761|34141821|2||2||1|1|2|2|2|2|2|2|2||1||1400000
3414183|1|1|1|877.92341058|34141831|2||2||1|1|1|2|2|2|2|2|2||1||1260000
3414184|1|1|1|358.83227934|34141841|2||2||2|1|1|2|2|2|2|2|2||1||99
3414185|1|1|1|318.98936354|34141851|2||1|2|1|2|1|2|2|2|2|1|1||7||500000
3414186|1|1|1|494.29096955|34141861|2||2||1|1|2|2|2|2|2|2|2||1||1300000
3414187|1|1|1|563.76720412|34141871|2||2||1|1|1|2|2|2|2|2|2||1||1600000
3414188|1|1|1|443.44911921|34141881|2||2||1|1|2|2|2|2|2|2|2||1||2000000
3414189|1|1|1|563.76720412|34141891|2||2||1|1|2|2|2|2|2|2|2||1||1500000
3414190|1|1|1|358.83227934|34141901|2||2||1|1|2|2|2|2|2|2|2||1||14000000
3414191|1|1|1|358.83227934|34141911|1|1|2||1|1|2|2|2|2|2|2|2||1||20000000
3414192|1|1|1|477.0432114|34141921|2||2||1|2|2|1|2|2|2|2|2||3||3000000
3414193|1|1|1|568.77473269|34141931|2||2||1|1|2|2|2|2|2|2|2||1||1700000
3414194|1|1|1|519.92248856|34141941|2||2||1|1|2|2|2|2|2|2|2||1||2500000
3414195|1|1|1|403.30754618|34141951|2||2||1|2|2|1|2|2|2|2|2||3||1300000
3414196|1|1|1|766.57247519|34141961|2||2||1|1|2|2|2|2|2|2|2||1||2000000
3414197|1|1|1|532.59092305|34141971|2||2||1|1|1|2|2|2|2|2|2||1||2650000
3414198|1|1|1|706.93108432|34141981|2||2||1|1|2|2|1|2|2|2|2||1||1600000
3414199|1|1|1|551.92344259|34141991|2||2||1|1|2|2|2|2|2|2|2||1||2200000
3414200|1|1|1|629.42563634|34142001|2||2||1|1|1|2|2|2|2|2|2||1||1350000
3414201|1|1|1|539.87678215|34142011|2||2||1|1|2|2|2|2|2|2|1||8||1500000
3414202|1|1|1|343.99316227|34142021|2||2||1|2|2|1|2|2|2|2|2||3||1200000
3414203|1|1|1|740.79912492|34142031|2||2||1|1|2|2|2|2|2|2|2||1||1600000
3414204|1|1|1|544.78627062|34142041|2||2||1|1|2|1|2|2|2|2|2||3||2000000
3414205|1|1|1|624.53919245|34142051|2||2||1|1|2|1|2|2|2|2|2||3||3000000
3414206|1|1|1|633.20874187|34142061|2||2||2|1|2|2|2|2|2|2|2||1||7000000
3414207|1|1|1|781.44638136|34142071|2||2||1|1|2|2|2|2|2|2|2||1||5000000
3414208|1|1|1|760.10743908|34142081|2||2||2|1|2|1|2|2|2|2|2||1||8000000
3414209|1|1|1|560.61808532|34142091|2||2||1|2|2|2|2|2|2|1|2||7||800000
3414210|1|1|1|613.45172965|34142101|2||2||1|1|2|1|2|2|2|2|2||3||2600000
3414211|1|1|1|643.42766938|34142111|2||2||1|1|2|2|2|2|2|2|2||1||1300000
3414212|1|1|1|707.33792942|34142121|2||2||1|2|2|1|2|2|2|2|2||3||3000000
3414213|1|1|1|294.54699736|34142131|2||2||2|1|2|2|2|2|2|2|2||1||600000
3414214|1|1|1|229.06346203|34142141|2||2||1|1|2|2|2|2|2|2|2||1||800000
3414215|1|1|1|358.54841882|34142151|2||2||2|1|2|2|2|2|2|2|2||1||1300000
3414216|1|1|1|306.63499314|34142161|2||2||1|1|2|2|2|2|2|2|2||1||800000
3414217|1|1|1|253.44647464|34142171|2||2||1|1|2|2|2|2|2|2|2||1||2500000
3414218|1|1|1|365.96208555|34142181|2||2||1|1|2|2|2|2|2|2|1||1||600000
3414219|1|1|1|141.37590988|34142191|2||2||1|2|2|2|1|2|2|1|2||7||800000
3414220|1|1|1|252.29404863|34142201|2||2||1|1|2|2|2|2|2|2|2||1||900000
3414221|1|1|1|125.07565546|34142211|2||2||1|1|2|2|2|2|2|2|2||1||1300000
3414222|1|1|1|187.01422887|34142221|2||2||1|1|2|1|2|2|2|2|2||3||2300000
3414223|1|1|1|278.2745334|34142231|2||2||1|1|2|2|1|2|2|2|2||1||1900000
3414224|1|1|1|290.76003147|34142241|2||2||1|1|2|2|2|2|2|2|2||1||2700000
3414225|1|1|1|204.84227897|34142251|2||2||1|1|2|2|2|2|2|2|2||1||2000000
3414226|1|1|1|253.33912238|34142261|2||2||1|1|2|2|2|2|2|2|2||1||900000
3414227|1|1|1|149.13567616|34142271|2||2||1|1|2|2|2|2|2|2|2||1||600000
3414228|1|1|1|167.99468485|34142281|2||2||2|1|2|2|2|2|2|2|2||1||1000000
3414229|1|1|1|131.68193192|34142291|2||2||1|1|2|2|2|2|2|2|2||1||1300000
3414230|1|1|1|204.30743778|34142301|2||2||1|1|2|2|2|2|2|2|2||1||1300000
3414231|1|1|1|202.27256047|34142311|2||2||1|1|2|2|2|2|2|2|2||1||1300000
3414232|1|1|1|139.96347609|34142321|2||2||1|1|2|2|2|2|2|2|2||1||900000
3414233|1|1|1|132.34777806|34142331|2||2||1|1|2|2|2|2|2|2|2||1||3000000
3414234|1|1|1|168.45787758|34142341|2||2||1|2|1|2|2|2|2|2|1||8||700000
3414235|1|1|1|211.44476054|34142351|2||2||1|1|2|2|2|2|2|2|2||1||900000
3414236|1|1|1|72.265934266|34142361|2||2||1|1|2|2|2|2|2|2|2||1||700000
3414237|1|1|1|356.71861533|34142371|2||2||1|1|2|2|1|2|2|2|2||1||2500000
3414238|1|1|1|144.78916803|34142381|2||2||1|1|2|2|2|2|2|2|2||1||2500000
3414239|1|1|1|144.78916803|34142391|2||2||1|1|2|2|2|2|2|2|2||1||1350000
3414240|1|1|1|465.41006917|34142401|2||2||1|2|2|1|2|2|2|2|2||3||3500000
3414241|1|1|1|469.95999014|34142411|2||2||2|2|2|1|2|2|2|2|2||3||3000000
3414242|1|1|1|807.4546133|34142421|2||2||1|1|2|2|2|2|2|2|2||1||5000000
3414243|1|1|1|604.48168367|34142431|2||2||1|1|2|2|2|2|2|2|2||1||2000000
3414244|1|1|1|448.07733996|34142441|2||2||1|1|2|2|2|2|2|2|2||1||1300000
3414245|1|1|1|432.36319093|34142451|2||2||1|2|2|1|2|2|2|2|2||3||3000000
3414246|1|1|1|432.36319093|34142461|2||2||1|2|2|1|2|2|2|2|2||3||1600000
3414247|1|1|1|432.36319093|34142471|2||2||1|2|2|1|2|2|2|2|2||3||4000000
3414248|1|1|1|197.17998541|34142481|2||2||1|2|2|1|2|2|2|2|2||3||2500000
3414249|1|1|1|150.88555405|34142491|2||2||1|1|2|2|2|2|2|2|2||1||1300000
3414250|1|1|1|176.50313478|34142501|2||2||1|1|2|2|2|2|2|2|2||1||1000000
3414251|1|1|1|395.88056061|34142511|2||2||1|1|2|2|2|2|2|2|2||1||3500000
3414252|1|1|1|329.22142724|34142521|2||2||1|1|2|2|2|2|2|2|2||1||1500000
3414253|1|1|1|246.24990328|34142531|2||2||1|1|2|2|2|2|2|2|2||1||2400000
3414254|1|1|1|305.8018671|34142541|2||2||1|1|2|2|2|2|2|2|2||1||3000000
3414255|1|1|1|175.7473783|34142551|2||2||1|1|2|2|2|2|2|2|2||1||1400000
3414256|1|1|1|353.68039177|34142561|2||2||1|1|2|2|2|2|2|2|2||1||2000000
3414257|1|1|1|434.453104|34142571|2||2||1|1|2|2|2|2|2|2|2||1||700000
3414258|1|1|1|385.36719191|34142581|2||2||1|2|2|1|2|2|2|2|2||3||1300000
3414259|1|1|1|287.61535893|34142591|2||2||1|1|2|1|2|2|2|2|2||3||1300000
3414260|1|1|1|631.33473847|34142601|2||2||1|1|2|2|2|2|2|2|2||1||4000000
3414261|1|1|1|709.45556845|34142611|2||2||1|1|2|2|2|2|2|2|2||1||1300000
3414262|1|1|1|564.96708082|34142621|2||2||1|1|2|2|2|2|2|2|2||1||1300000
3414263|1|1|1|1849.5291171|34142631|2||2||1|1|2|2|2|2|2|2|2||1||1800000
3414264|1|1|1|1587.9158117|34142641|2||2||1|1|2|2|2|2|2|2|2||1||1500000
3414265|1|1|1|1407.5658792|34142651|2||2||1|1|2|2|2|2|2|2|2||1||1200000
3414267|1|1|1|1993.7168298|34142671|2||2||1|1|2|2|2|2|2|2|2||1||15000000
3414268|1|1|1|2169.0829238|34142681|2||2||1|2|2|2|1|2|2|2|1||8||900000
3414269|1|1|1|1520.6057078|34142691|2||2||2|1|2|2|2|2|2|2|2||1||1900000
3414270|1|1|1|1713.6002257|34142701|2||2||1|1|2|2|2|2|2|2|2||1||98
3414271|1|1|1|1861.4613835|34142711|2||2||1|1|2|2|2|2|2|2|2||1||98
3414272|1|1|1|1313.250384|34142721|2||2||2|2|2|1|2|2|2|2|2||3||1400000
3414273|1|1|1|976.76398291|34142731|2||2||2|1|2|2|2|2|2|2|2||1||2200000
3414274|1|1|1|1662.2140724|34142741|2||2||1|1|2|2|2|2|2|2|2||1||700000
3414275|1|1|1|1518.5979908|34142751|2||2||1|1|2|2|2|2|2|2|2||1||800000
3414276|1|1|1|2657.9685394|34142761|2||2||1|1|2|2|2|2|2|2|2||1||1400000
3414277|1|1|1|2522.8772449|34142771|2||2||1|1|2|2|2|2|2|2|2||1||200000
3414278|1|1|1|1464.4790907|34142781|2||2||1|1|2|2|2|2|2|2|2||1||1000000
3414279|1|1|1|3223.2939932|34142791|2||2||1|1|2|2|1|2|2|2|2||4||99
3414281|1|1|1|1551.5894452|34142811|2||2||1|1|2|2|2|2|2|2|2||1||2600000
3414282|1|1|1|2129.6298999|34142821|2||2||2|1|2|2|2|2|2|2|2||1||1400000
3414283|1|1|1|3416.4948824|34142831|2||2||1|1|2|2|2|2|2|2|2||1||1300000
3414284|1|1|1|1843.1911908|34142841|2||2||1|1|2|2|2|2|2|2|2||1||800000
3414285|1|1|1|1575.428862|34142851|2||2||1|1|2|1|2|2|2|2|2||3||5500000
3414286|1|1|1|2054.4232473|34142861|2||2||1|1|2|2|2|2|2|2|2||1||1600000
3414287|1|1|1|2148.2296977|34142871|2||2||1|1|2|2|2|2|2|2|2||1||1462000
3415552|1|1|1|3129.6060329|34155521|2||2||1|1|2|2|2|2|2|2|2||1||1300000
3415553|1|1|1|1757.3326067|34155531|2||2||1|1|2|2|2|2|2|2|2||1||1462000
3415554|1|1|1|2133.2372572|34155541|2||2||1|1|2|2|2|2|2|2|2||1||1400000
3415555|1|1|1|4199.8201239|34155551|2||2||1|2|1|2|2|2|2|2|1||8||800000
3415556|1|1|1|2199.1449542|34155561|2||2||1|1|2|2|2|2|2|1|2||1||2600000
3415558|1|1|1|4786.9917083|34155581|2||2||1|1|2|2|2|2|2|2|2||1||1500000
3415559|1|1|1|2806.3499609|34155591|2||2||1|1|2|2|2|2|2|2|2||1||1300000
3415560|1|1|1|4199.8201239|34155601|2||2||1|1|2|2|2|2|2|2|2||1||600000
3415561|1|1|1|3991.2527191|34155611|2||2||1|1|2|2|2|2|2|2|2||1||99
3415562|1|1|1|2644.0511576|34155621|2||2||1|1|2|2|2|2|2|2|2||1||1300000
3415563|1|1|1|3080.4479506|34155631|2||2||1|1|2|2|2|2|2|2|2||1||1300000
3415564|1|1|1|5942.7369366|34155641|2||2||1|1|2|2|2|2|2|2|2||1||3000000
3415565|1|1|1|5577.0777184|34155651|2||2||1|1|2|2|2|2|2|2|2||1||1600000
3415566|1|1|1|3468.5472959|34155661|2||2||1|1|2|2|2|2|2|2|2||1||1300000
3415567|1|1|1|2345.2726695|34155671|2||2||1|1|2|2|2|2|2|2|2||1||1300000
3415568|1|1|1|6587.4691145|34155681|2||2||1|1|2|2|2|2|2|2|2||1||1300000
3415569|1|1|1|2552.078264|34155691|2||2||1|1|1|2|2|2|2|2|2||1||1500000
3415570|1|1|1|5577.0777184|34155701|2||2||1|1|2|2|2|2|2|2|2||1||800000
3415571|1|1|1|3824.6234168|34155711|2||2||1|1|2|2|2|2|2|2|2||1||1500000
3415573|1|1|1|4043.2636197|34155731|2||2||1|1|2|2|2|2|2|2|2||1||600000
3415574|1|1|1|3411.9812516|34155741|2||2||1|1|2|1|2|2|2|1|2||1||4700000
3415576|1|1|1|5593.0300106|34155761|2||2||1|1|2|2|2|2|2|2|2||1||2500000
3415578|1|1|1|3465.5039445|34155781|2||2||1|1|2|2|2|2|2|2|2||1||2000000
3415584|1|1|1|1994.1729178|34155841|2||2||1|2|2|1|2|2|2|2|2||3||5000000
3415585|1|1|1|2205.6819641|34155851|2||2||1|1|2|2|2|2|2|2|2||1||3500000
3415586|1|1|1|3676.7193358|34155861|2||2||1|1|2|2|1|2|2|2|2||4||500000
3415586|1|2|2|3676.7193358|34155862|2||2||1|1|2|2|2|2|2|2|2||1||1200000
3415587|1|1|1|1457.9329426|34155871|2||2||1|1|2|2|2|2|2|2|2||1||2000000
3415589|1|1|1|2376.4081736|34155891|2||2||1|1|2|2|2|2|2|2|2||1||1600000
3415590|1|1|1|4151.8245237|34155901|2||2||1|1|2|2|2|2|2|2|2||1||800000
3415592|1|1|1|2111.3292836|34155921|2||2||1|2|2|1|2|2|2|2|1||3||2000000
3415594|1|1|1|5241.1827396|34155941|2||2||1|1|2|2|2|2|1|2|2||1||1500000
3415596|1|1|1|1545.9042017|34155961|2||2||1|1|2|2|2|2|2|2|2||1||1000000
3415597|1|1|1|1489.689636|34155971|2||2||1|1|2|2|2|2|2|2|1||1||1800000
3415598|1|1|1|1279.2057547|34155981|2||2||1|1|2|2|1|2|2|2|2||1||4500000
3415599|1|1|1|1694.8546218|34155991|2||2||1|1|2|2|2|2|2|2|2||1||2900000
3415600|1|1|1|1919.635604|34156001|2||2||2|1|2|2|2|2|2|2|2||1||1300000
3415601|1|1|1|1416.8756989|34156011|2||2||2|1|2|2|2|2|2|2|2||1||4000000
3415602|1|1|1|1872.9448288|34156021|2||2||1|1|2|2|2|2|2|2|2||1||5000000
3415603|1|1|1|2129.6393129|34156031|2||2||2|1|2|2|2|2|2|2|2||1||5000000
3415604|1|1|1|1710.9578487|34156041|2||2||1|1|2|2|2|2|2|2|2||1||3000000
3415605|1|1|1|1339.8351763|34156051|2||2||1|1|2|2|2|2|2|2|2||1||6000000
3415606|1|1|1|1033.9868353|34156061|2||2||1|1|2|2|2|2|2|2|2||1||2400000
3415607|1|1|1|720.07513113|34156071|2||2||1|1|2|2|2|2|2|2|2||1||550000
3415608|1|1|1|1423.6873812|34156081|2||2||1|1|2|2|2|2|2|2|2||1||1300000
3415609|1|1|1|1209.8590919|34156091|2||2||1|1|2|2|2|2|2|2|2||1||900000
3415610|1|1|1|1114.5389565|34156101|2||2||2|1|2|2|2|2|2|2|2||1||1900000
3415611|1|1|1|834.52104439|34156111|2||2||1|1|2|2|2|2|2|2|2||1||800000
3415612|1|1|1|988.48511265|34156121|2||2||2|1|2|2|2|2|2|2|2||1||1300000
3415613|1|1|1|1512.1759|34156131|2||2||1|2|1|2|2|2|2|2|1||8||500000
3415614|1|1|1|657.94964702|34156141|2||2||1|1|2|2|2|2|2|2|2||1||1900000
3415615|1|1|1|1190.2183253|34156151|2||2||2|1|2|1|2|2|2|2|2||1||98
3415616|1|1|1|885.50428277|34156161|2||2||1|1|1|2|2|2|2|2|2||1||950000
3415617|1|1|1|1118.2124484|34156171|2||2||1|1|2|2|2|2|2|2|2||1||1400000
3415618|1|1|1|1252.2589164|34156181|2||2||1|1|2|2|2|2|2|2|2||1||900000
3415619|1|1|1|1398.1155828|34156191|2||2||2|1|2|2|2|2|2|2|2||1||1400000
3415620|1|1|1|1213.0435206|34156201|2||2||1|1|2|2|2|2|2|2|1||1||1300000
3415621|1|1|1|3953.0595336|34156211|2||2||1|1|2|2|2|2|2|2|2||1||2600000
3415622|1|1|1|5571.8888742|34156221|2||2||1|1|2|2|2|2|2|2|2||1||1500000
3415623|1|1|1|6813.3578742|34156231|2||2||2|1|2|2|2|2|2|2|2||1||2200000
3415624|1|1|1|7286.6228302|34156241|2||2||1|1|2|2|2|2|2|2|2||1||6000000
3415625|1|1|1|6583.3438116|34156251|2||2||1|1|2|1|2|2|2|2|2||1||4500000
3415626|1|1|1|6629.5607299|34156261|2||2||1|1|2|2|2|2|2|2|2||1||3600000
3415628|1|1|1|5915.2583482|34156281|2||2||1|1|2|2|2|2|2|2|2||1||4500000
3415629|1|1|1|3167.8304935|34156291|2||2||1|1|2|1|2|2|2|2|2||3||3000000
3415630|1|1|1|3102.2705888|34156301|2||2||1|2|2|1|2|2|2|2|2||3||2300000
3415631|1|1|1|5889.6594061|34156311|2||2||1|1|2|2|2|2|2|1|2||1||20000000
3415632|1|1|1|5868.1579944|34156321|2||2||1|1|2|1|2|2|2|2|2||1||11900000
3415633|1|1|1|6718.2578163|34156331|2||2||1|1|2|2|2|2|2|2|2||1||99
3415634|1|1|1|8274.3114764|34156341|1|1|2||1|1|2|2|2|1|2|2|2||1||16000000
3415636|1|1|1|71.156931638|34156361|1|1|2||1|2|2|1|2|2|2|2|2||3||1800000
3415637|1|1|1|184.86566043|34156371|2||2||1|1|2|2|1|2|2|1|2||1||6000000
3415638|1|1|1|449.0773073|34156381|2||2||1|1|2|2|2|2|2|2|2||1||8000000
3415639|1|1|1|515.0346667|34156391|2||2||1|1|2|2|2|2|2|2|2||1||4000000
3415640|1|1|1|242.76259816|34156401|2||2||2|1|2|2|2|2|2|1|2||1||9000000
3415641|1|1|1|238.96617601|34156411|2||2||1|1|2|2|2|2|2|2|1||1||4800000
3415642|1|1|1|380.28682354|34156421|2||2||1|2|2|1|2|2|2|2|2||3||4000000
3415643|1|1|1|204.82815086|34156431|2||2||2|1|2|2|2|2|2|2|2||1||3900000
3415644|1|1|1|373.51160735|34156441|2||2||1|1|2|2|2|2|2|2|2||1||1680000
3415645|1|1|1|319.06618245|34156451|2||2||1|1|2|2|2|2|2|2|2||1||1800000
3415646|1|1|1|384.92340626|34156461|2||2||1|1|2|2|2|2|2|2|2||1||5000000
3415647|1|1|1|466.65661935|34156471|2||2||1|1|2|2|2|2|2|2|2||1||2500000
3415648|1|1|1|727.91930976|34156481|2||2||1|1|2|2|2|2|2|2|2||1||7000000
3415649|1|1|1|466.65661935|34156491|2||2||1|1|2|2|2|2|2|2|2||1||1300000
3415650|1|1|1|514.21311263|34156501|2||2||1|1|2|2|2|2|2|2|2||1||2100000
3415651|1|1|1|291.35623618|34156511|2||2||1|1|2|2|2|2|2|2|2||1||2500000
3415652|1|1|1|353.2046426|34156521|2||2||1|2|2|1|2|2|2|2|2||3||1200000
3415653|1|1|1|522.64284034|34156531|2||2||1|1|2|2|2|2|2|2|2||1||1800000
3415654|1|1|1|384.92340626|34156541|2||2||1|1|2|2|2|2|2|2|2||1||3000000
3415655|1|1|1|321.06876561|34156551|2||2||1|1|2|2|2|2|2|2|2||1||2600000
3415656|1|1|1|502.80131372|34156561|2||2||1|2|2|2|2|2|2|2|1||8||500000
3415657|1|1|1|217.31617123|34156571|2||2||1|1|2|2|2|2|2|2|2||1||800000
3415658|1|1|1|94.210529624|34156581|2||1|1|1|1|2|2|2|2|2|2|2||1||1000000
3415659|1|1|1|117.01241458|34156591|2||2||1|1|2|2|2|2|2|2|2||1||750000
3415660|1|1|1|198.45310893|34156601|2||2||1|1|2|2|2|2|2|2|2||1||2500000
3415661|1|1|1|176.24538844|34156611|2||2||1|2|2|2|2|2|2|2|1||8||1100000
3415662|1|1|1|103.52805453|34156621|2||2||1|1|2|2|2|2|2|2|2||1||3300000
3415663|1|1|1|124.18104696|34156631|2||2||1|1|2|2|2|2|2|2|2||1||1000000
3415664|1|1|1|156.41012296|34156641|2||2||1|1|2|2|2|2|2|2|2||1||600000
3415665|1|1|1|132.18404133|34156651|2||2||1|1|2|2|2|2|2|2|2||1||1500000
3415666|1|1|1|91.173449608|34156661|2||2||1|1|2|2|2|2|2|2|2||1||2600000
3415667|1|1|1|137.32864729|34156671|2||2||1|2|1|2|2|2|2|2|1||8||100000
3415668|1|1|1|158.7093389|34156681|2||2||1|1|2|2|2|2|2|2|2||1||1300000
3415669|1|1|1|127.58037057|34156691|2||2||1|2|1|2|2|2|2|2|1||8||300000
3415670|1|1|1|258.90548453|34156701|2||2||1|1|2|2|2|2|2|2|2||1||1300000
3415671|1|1|1|80.832900633|34156711|2||2||1|1|2|2|2|2|2|2|2||1||300000
3415672|1|1|1|135.72542464|34156721|2||2||1|1|2|2|2|2|2|2|2||1||1100000
3415673|1|1|1|153.03288457|34156731|2||1|1|1|1|2|2|2|2|2|2|2||1||3500000
3415674|1|1|1|121.72055685|34156741|2||2||1|1|2|2|2|2|2|2|2||1||4000000
3415675|1|1|1|275.82347093|34156751|2||2||1|1|2|2|2|2|2|2|2||1||400000
3415676|1|1|1|314.032411|34156761|2||2||1|1|2|2|2|2|2|2|2||1||800000
3415677|1|1|1|275.45986735|34156771|2||2||1|2|1|2|2|2|2|2|2||2||200000
3415678|1|1|1|598.57568306|34156781|2||2||1|1|2|2|2|2|2|2|2||1||1000000
3415679|1|1|1|411.56026939|34156791|2||2||1|1|2|2|2|2|2|2|1||1||3000000
3415680|1|1|1|275.45986735|34156801|2||2||1|2|2|2|2|2|2|2|1||8||200000
3415681|1|1|1|135.85474645|34156811|2||2||1|1|2|2|2|2|2|2|2||1||400000
3415682|1|1|1|316.75522479|34156821|2||2||1|1|2|2|2|2|2|2|2||1||600000
3415683|1|1|1|585.20795962|34156831|2||2||1|1|2|2|2|2|2|2|2||1||580000
3415684|1|1|1|212.41161687|34156841|2||2||1|1|2|2|2|2|2|2|2||1||720000
3415685|1|1|1|188.45352545|34156851|2||2||1|1|2|2|2|2|2|2|2||1||1300000
3415686|1|1|1|239.63940384|34156861|2||2||1|1|2|2|2|2|2|2|2||1||2500000
3415687|1|1|1|195.28705252|34156871|2||2||1|1|2|2|2|2|2|2|2||1||1050000
3415688|1|1|1|189.42204477|34156881|2||2||1|1|2|2|2|2|2|2|2||1||850000
3415689|1|1|1|86.466880871|34156891|2||2||1|1|1|2|2|2|2|2|2||1||1000000
3415690|1|1|1|195.28705252|34156901|2||2||1|1|2|2|2|2|2|2|2||1||800000
3415691|1|1|1|86.466880871|34156911|2||2||1|1|2|2|2|2|2|2|2||1||2600000
3415692|1|1|1|443.81572844|34156921|2||2||1|1|2|2|2|2|2|2|2||1||1500000
3415693|1|1|1|256.00292548|34156931|2||2||1|1|2|2|2|2|2|2|2||1||99
3415694|1|1|1|270.59614005|34156941|2||1|1|1|1|2|2|2|2|2|2|2||1||3000000
3415695|1|1|1|443.81572844|34156951|2||2||1|1|2|2|2|2|2|2|2||1||1000000
3415696|1|1|1|427.43815713|34156961|2||2||2|1|2|2|2|2|2|2|2||1||1300000
3415697|1|1|1|324.45644993|34156971|2||2||1|1|2|2|2|2|2|2|2||1||1000000
3415698|1|1|1|309.52438934|34156981|2||2||1|1|2|2|2|2|2|2|2||1||1500000
3415699|1|1|1|276.3862873|34156991|2||2||1|1|2|2|2|2|2|2|2||1||900000
3415700|1|1|1|698.36769826|34157001|2||2||1|1|2|2|2|2|2|2|2||1||1500000
3415701|1|1|1|463.65352843|34157011|2||2||1|1|2|2|2|2|2|2|2||1||1400000
3415702|1|1|1|327.26950585|34157021|2||2||1|1|2|2|2|2|2|2|2||1||700000
3415703|1|1|1|589.59412504|34157031|2||2||1|1|2|2|2|2|2|1|2||1||1200000
3415704|1|1|1|306.33671063|34157041|2||2||1|1|2|2|2|2|2|2|2||1||800000
3415705|1|1|1|548.05772224|34157051|2||2||1|1|2|1|2|2|2|2|2||1||2500000
3415706|1|1|1|526.2086972|34157061|2||2||1|1|2|2|2|2|2|2|2||1||800000
3415707|1|1|1|387.4574121|34157071|2||2||1|1|2|2|2|2|2|2|2||1||600000
3415708|1|1|1|378.48771234|34157081|2||2||1|1|2|2|2|2|2|2|2||1||2000000
3415709|1|1|1|385.75712519|34157091|2||2||1|1|2|2|2|2|2|2|2||1||1000000
3415710|1|1|1|282.96913614|34157101|2||2||1|1|2|2|2|2|2|2|2||1||1300000
3415711|1|1|1|378.48771234|34157111|2||2||1|1|2|2|2|2|2|2|2||1||1000000
3415712|1|1|1|397.6542596|34157121|2||2||1|1|2|2|2|2|2|2|2||1||1200000
3415713|1|1|1|327.02498891|34157131|2||2||1|2|2|2|1|2|2|2|1||4||800000
3415714|1|1|1|377.11623299|34157141|2||2||1|1|2|2|2|2|2|2|2||1||99
3415715|1|1|1|338.11655019|34157151|2||2||1|1|2|2|2|2|2|2|2||1||6000000
3415716|1|1|1|324.00130021|34157161|1|1|2||1|1|2|2|2|2|2|2|2||1||2500000
3415717|1|1|1|269.60906932|34157171|2||2||1|1|2|2|2|2|2|2|2||1||5000000
3415718|1|1|1|431.10278296|34157181|2||2||1|1|2|1|2|2|2|2|2||1||5600000
3415719|1|1|1|452.20206087|34157191|2||2||1|1|2|2|2|2|2|2|2||1||1400000
3415720|1|1|1|166.03502145|34157201|2||2||1|1|2|2|2|2|2|2|2||1||5000000
3415721|1|1|1|338.38247005|34157211|2||2||1|1|2|1|2|2|2|2|2||1||5000000
3415722|1|1|1|371.01879165|34157221|2||2||1|1|2|2|2|2|2|2|2||1||7500000
3415723|1|1|1|313.02564413|34157231|2||2||1|1|2|2|2|2|2|2|2||1||10000000
3415724|1|1|1|468.6324456|34157241|2||2||1|2|2|1|2|2|2|2|1||3||3900000
3415725|1|1|1|313.02564413|34157251|1|1|2||1|1|2|2|2|2|2|2|2||1||8000000
3415726|1|1|1|329.33868196|34157261|2||2||2|1|2|2|2|2|2|2|2||1||2000000
3415727|1|1|1|306.94024819|34157271|2||2||1|1|2|2|1|2|2|2|2||1||6000000
3415728|1|1|1|567.59926984|34157281|2||2||2|1|2|2|2|2|2|2|2||1||1300000
3415729|1|1|1|467.32699141|34157291|2||2||1|1|2|2|2|2|2|2|2||1||1000000
3415730|1|1|1|371.50647274|34157301|2||2||2|1|2|2|2|2|2|2|2||1||99
3415731|1|1|1|409.83347155|34157311|2||2||1|1|2|2|2|2|2|2|2||1||2500000
3415732|1|1|1|513.29155509|34157321|2||2||1|1|2|2|2|2|2|2|2||1||2500000
3415733|1|1|1|513.29155509|34157331|2||2||1|1|2|2|2|2|2|2|2||1||1400000
3415734|1|1|1|339.03662365|34157341|2||2||1|1|2|2|2|2|2|2|2||1||99
3415735|1|1|1|434.12217519|34157351|2||2||1|2|2|1|2|2|2|2|2||3||5000000
3415736|1|1|1|243.35382482|34157361|2||2||1|1|2|2|2|2|2|2|2||1||500000
3415737|1|1|1|307.92590105|34157371|2||2||2|1|2|2|2|2|2|2|2||1||1500000
3415738|1|1|1|267.8890503|34157381|2||2||1|1|2|2|2|2|2|2|1||1||500000
3415739|1|1|1|257.03570255|34157391|2||2||1|1|2|2|2|2|2|2|2||1||600000
3415741|1|1|1|356.26081353|34157411|2||2||1|1|2|2|2|2|2|2|2||1||1500000
3415743|1|1|1|256.29586903|34157431|2||2||1|1|2|2|2|2|2|2|2||1||3900000
3415744|1|1|1|215.23334063|34157441|2||2||1|1|1|2|2|2|2|2|2||1||1600000
3415745|1|1|1|275.15713932|34157451|2||2||1|1|2|2|2|2|2|2|2||1||500000
3415747|1|1|1|184.22312826|34157471|2||2||1|1|2|2|2|2|2|2|2||1||400000
3415749|1|1|1|275.15713932|34157491|2||2||1|1|2|2|2|2|2|2|2||1||1300000
3415750|1|1|1|172.26029029|34157501|2||2||1|1|2|2|2|2|2|2|2||1||700000
3415751|1|1|1|231.59629906|34157511|2||2||2|1|2|2|2|2|2|2|2||1||1200000
3415753|1|1|1|324.47731938|34157531|2||2||2|1|2|2|2|2|2|2|2||1||1500000
3415754|1|1|1|246.01720422|34157541|2||2||1|1|2|2|2|2|2|2|2||1||1300000
3415755|1|1|1|181.03418335|34157551|2||1|1|1|1|2|2|1|2|2|2|2||1||1500000
3415756|1|1|1|278.51500892|34157561|2||2||1|1|2|2|2|2|2|2|2||1||1500000
3415757|1|1|1|206.60676869|34157571|2||2||1|1|2|2|2|2|2|2|2||1||500000
3415758|1|1|1|259.92080022|34157581|2||2||1|1|2|2|2|2|2|2|2||1||700000
3415759|1|1|1|283.11559845|34157591|2||2||1|1|1|2|2|2|2|2|2||1||300000
3415760|1|1|1|277.04554607|34157601|2||2||1|1|1|2|2|2|2|2|2||1||500000
3415761|1|1|1|195.45508851|34157611|2||2||1|1|2|2|2|2|2|2|2||1||300000
3415762|1|1|1|259.92080022|34157621|2||2||1|1|2|2|2|2|2|2|2||1||1300000
3415763|1|1|1|345.2830413|34157631|2||2||1|1|2|1|2|2|2|2|2||1||1200000
3415764|1|1|1|329.75038121|34157641|2||2||1|1|2|2|2|2|2|2|2||1||500000
3415765|1|1|1|385.2920632|34157651|2||2||2|1|2|2|2|2|2|2|2||1||1500000
3415766|1|1|1|195.38180775|34157661|2||2||1|1|2|2|2|2|2|2|2||1||600000
3415767|1|1|1|235.84897656|34157671|2||2||1|1|2|2|2|2|2|2|2||1||700000
3415769|1|1|1|284.33621834|34157691|2||2||1|1|2|2|2|2|2|2|2||1||700000
3415770|1|1|1|330.63039189|34157701|2||2||1|1|2|2|2|2|2|2|2||1||800000
3415771|1|1|1|231.51048819|34157711|2||2||1|1|2|2|2|2|2|2|2||1||600000
3415772|1|1|1|266.711481|34157721|2||2||1|1|2|2|2|2|2|2|2||1||1200000
3415773|1|1|1|184.48572054|34157731|2||2||1|1|2|2|2|2|2|2|2||1||500000
3415774|1|1|1|305.3664116|34157741|2||2||1|1|2|2|2|2|2|2|2||1||500000
3415775|1|1|1|220.31631647|34157751|2||2||1|2|1|2|2|2|2|2|2||2||300000
3415776|1|1|1|182.09210404|34157761|2||2||1|1|2|2|2|2|2|2|1||1||700000
3415777|1|1|1|67.997829602|34157771|2||2||1|1|2|2|2|2|2|2|1||1||1600000
3415778|1|1|1|98.237920245|34157781|2||2||1|1|2|2|2|2|2|2|2||1||2000000
3415779|1|1|1|67.997829602|34157791|2||2||1|1|2|1|2|2|2|2|2||1||2600000
3415780|1|1|1|44.148592523|34157801|2||2||1|1|1|1|2|2|2|2|1||1||3000000
3415781|1|1|1|77.120039921|34157811|2||2||1|1|2|2|2|2|2|2|2||1||1300000
3415782|1|1|1|100.92787749|34157821|2||2||1|1|2|2|2|2|2|2|2||1||1000000
3415783|1|1|1|160.57850078|34157831|2||2||1|1|2|2|2|2|2|2|2||1||900000
3415784|1|1|1|100.0983195|34157841|2||2||1|1|2|2|2|2|2|2|2||1||2000000
3415785|1|1|1|213.55018136|34157851|2||2||1|1|1|1|2|2|2|2|2||3||1300000
3415786|1|1|1|126.99002995|34157861|2||2||1|1|2|2|2|2|2|2|2||1||1300000
3415787|1|1|1|126.05677721|34157871|2||2||1|1|2|2|2|2|2|2|2||1||1300000
3415788|1|1|1|180.65081338|34157881|2||2||1|2|2|2|2|2|2|2|2|1||2000000|
3415789|1|1|1|65.945699765|34157891|2||2||1|1|2|2|2|2|2|2|2||1||1300000
3415790|1|1|1|125.96832581|34157901|2||2||1|1|2|1|2|2|2|2|1||3||500000
3415791|1|1|1|127.82997895|34157911|2||2||1|1|2|2|2|2|2|2|2||1||1200000
3415792|1|1|1|87.997520765|34157921|2||2||1|1|2|2|2|2|2|2|1||8||700000
3415793|1|1|1|80.344556665|34157931|2||2||1|1|2|2|2|2|2|2|1||8||1000000
3415794|1|1|1|127.82997895|34157941|2||2||1|1|2|2|2|2|2|2|2||1||1000000
3415795|1|1|1|72.578693226|34157951|2||2||1|1|2|2|2|2|2|2|1||1||1500000
3415796|1|1|1|97.242928697|34157961|2||2||1|2|2|1|2|2|2|1|2||3||6000000
3415797|1|1|1|82.164973573|34157971|2||2||1|1|2|2|2|2|2|2|2||1||1300000
3415798|1|1|1|179.30376531|34157981|2||2||1|1|2|2|2|2|2|2|2||1||5000000
3415799|1|1|1|177.23105248|34157991|2||2||1|1|2|2|2|2|2|2|2||1||3500000
3415800|1|1|1|297.58802083|34158001|2||2||1|1|2|2|2|2|2|2|2||1||30000000
3415801|1|1|1|279.97970891|34158011|2||2||1|1|2|2|2|2|2|2|2||1||1400000
3415802|1|1|1|371.04231956|34158021|2||2||1|1|2|2|2|2|2|2|2||1||1900000
3415803|1|1|1|348.98218799|34158031|2||2||1|1|2|2|2|2|2|2|2||1||1400000
3415804|1|1|1|307.83368293|34158041|2||2||1|1|2|2|2|2|2|2|2||1||2500000
3415805|1|1|1|207.64139625|34158051|2||2||1|1|2|2|2|2|2|2|2||1||1000000
3415806|1|1|1|179.78742223|34158061|2||2||1|1|2|2|2|2|2|2|2||1||1500000
3415807|1|1|1|279.97970891|34158071|2||2||1|1|2|2|2|2|2|2|2||1||2000000
3415808|1|1|1|347.74203043|34158081|2||2||1|1|2|2|2|2|2|2|2||1||2000000
3415809|1|1|1|227.45193986|34158091|2||2||1|1|2|2|2|2|2|2|2||1||1200000
3415810|1|1|1|267.82921875|34158101|2||2||1|1|2|2|2|2|2|2|2||1||1000000
3415811|1|1|1|295.97631394|34158111|2||2||1|1|2|2|2|2|2|2|2||1||2000000
3415812|1|1|1|423.46166153|34158121|2||2||1|1|2|2|2|2|2|2|2||1||1000000
3415813|1|1|1|175.45874195|34158131|2||2||1|2|2|1|2|2|2|2|2||3||1400000
3415814|1|1|1|482.88494341|34158141|2||2||1|1|1|2|2|2|2|2|2||1||1800000
3415815|1|1|1|474.8444439|34158151|2||2||1|1|2|2|2|2|2|2|2||1||1400000
3415816|1|1|1|221.92573443|34158161|2||2||1|2|2|2|2|2|2|2|1||8||400000
3415817|1|1|1|392.82229011|34158171|2||2||1|1|2|2|2|2|2|2|2||1||1600000
3415818|1|1|1|474.8444439|34158181|2||2||1|1|2|2|2|2|2|2|2||1||1400000
3415819|1|1|1|247.54974375|34158191|2||2||1|2|2|1|2|2|2|2|2||3||2500000
3415820|1|1|1|161.37338878|34158201|2||2||1|2|2|1|2|2|2|2|2||3||4000000
3415821|1|1|1|143.96351132|34158211|2||2||1|1|2|1|2|2|2|2|2||3||6000000
3415822|1|1|1|143.96351132|34158221|2||2||1|1|2|2|2|2|2|2|2||1||5000000
3415823|1|1|1|161.37338878|34158231|2||2||1|1|2|2|2|2|2|2|2||1||5000000
3415824|1|1|1|247.54974375|34158241|1|1|2||1|2|2|1|2|2|2|2|2||3||17000000
3415825|1|1|1|248.78990131|34158251|2||2||1|1|2|2|2|2|2|2|2||1||4500000
3415826|1|1|1|161.37338878|34158261|2||2||1|2|2|1|2|2|2|2|2||3||6000000
3415827|1|1|1|275.40371777|34158271|2||2||1|2|2|1|2|2|2|2|2||3||3000000
3415828|1|1|1|143.96351132|34158281|2||2||1|1|2|2|2|2|2|2|2||1||5000000
3415829|1|1|1|143.96351132|34158291|2||2||1|1|2|1|2|2|2|2|2||1||6500000
3415830|1|1|1|201.75066766|34158301|2||2||1|1|2|2|2|2|2|2|2||1||800000
3415831|1|1|1|289.16718019|34158311|2||2||1|1|2|2|2|2|2|2|2||1||500000
3415832|1|1|1|269.06937631|34158321|2||2||1|1|2|2|2|2|2|2|2||1||1000000
3415833|1|1|1|143.96351132|34158331|2||2||1|1|1|2|2|2|2|2|2||1||600000
3415834|1|1|1|201.75066766|34158341|2||2||1|1|2|2|2|2|2|2|2||1||1200000
3415835|1|1|1|241.46787158|34158351|2||2||1|1|2|1|2|2|2|2|2||1||1600000
3415836|1|1|1|179.78742223|34158361|2||2||1|1|2|2|2|2|2|2|2||1||1580000
3415837|1|1|1|247.54974375|34158371|2||2||1|1|2|2|2|2|2|2|2||1||1300000
3415838|1|1|1|98.186357051|34158381|2||2||1|1|2|2|2|2|2|2|2||1||1500000
3415839|1|1|1|79.176523346|34158391|2||2||1|1|2|1|2|2|2|2|2||3||2500000
3415840|1|1|1|105.69038317|34158401|2||2||1|1|2|2|2|2|2|2|1||8||1200000
3415841|1|1|1|83.122546052|34158411|2||1|4|1|1|2|2|2|2|2|2|1||1||2700000
3415842|1|1|1|126.99175603|34158421|2||2||1|1|2|2|2|2|2|2|2||1||3000000
3415843|1|1|1|119.68247678|34158431|2||2||1|1|2|2|2|2|2|2|2||1||1300000
3415844|1|1|1|103.18151312|34158441|2||2||1|2|2|2|2|2|2|2|1||8||420000
3415845|1|1|1|99.571599948|34158451|2||2||1|1|2|2|2|2|2|2|2||1||3000000
3415846|1|1|1|106.31534168|34158461|2||2||1|2|2|1|2|2|2|2|2||3||1200000
3415847|1|1|1|96.302445525|34158471|2||2||1|1|2|2|2|2|2|2|2||1||3800000
3415848|1|1|1|109.40335258|34158481|2||2||1|1|2|2|2|2|2|2|2||1||500000
3415849|1|1|1|117.93656653|34158491|2||2||1|1|2|2|2|2|2|2|2||1||1200000
3415850|1|1|1|138.8711886|34158501|2||2||1|1|2|2|2|2|2|2|2||1||1100000
3415851|1|1|1|132.40348899|34158511|2||2||1|1|2|2|2|2|2|2|2||1||900000
3415852|1|1|1|111.22121961|34158521|2||2||1|1|2|2|2|2|2|2|2||1||750000
3415853|1|1|1|113.90929466|34158531|2||2||1|1|2|2|2|2|2|2|1||1||750000
3415854|1|1|1|126.08050434|34158541|2||2||1|1|2|2|2|2|2|2|2||1||700000
3415855|1|1|1|135.17543595|34158551|2||2||1|1|2|2|2|2|2|2|2||1||1000000
3415856|1|1|1|102.94320604|34158561|2||2||1|1|1|2|2|2|2|2|1||1||1200000
3415857|1|1|1|91.391185817|34158571|2||2||1|1|2|2|2|2|2|2|2||1||3000000
3415858|1|1|1|89.17362825|34158581|2||2||1|1|2|2|2|2|2|2|1||1||2000000
3415859|1|1|1|85.766186715|34158591|2||1|1|1|1|2|2|2|2|2|2|2||1||4500000
3415860|1|1|1|65.715131403|34158601|2||1|3|1|1|2|2|2|2|2|2|2||1||1000000
3415861|1|1|1|67.86559144|34158611|2||2||1|1|2|2|2|2|2|2|1||1||6000000
3415862|1|1|1|56.431047889|34158621|2||2||1|1|2|2|2|2|2|2|2||1||3000000
3415863|1|1|1|83.143343512|34158631|2||2||1|1|2|2|2|2|2|2|2||1||99
3415864|1|1|1|55.231255647|34158641|2||2||1|1|2|2|2|2|2|2|2||1||1200000
3415865|1|1|1|81.191887866|34158651|2||2||1|1|2|2|2|2|2|2|2||1||1200000
3415866|1|1|1|77.613792781|34158661|2||2||1|1|2|2|2|2|2|2|2||1||1500000
3415867|1|1|1|98.450668012|34158671|2||2||1|2|2|1|2|2|2|2|1||3||1800000
3415868|1|1|1|74.326100597|34158681|2||2||1|1|2|2|2|2|2|2|1||8||680000
3415869|1|1|1|52.771524483|34158691|2||2||1|1|2|2|2|2|2|2|2||1||1000000
3415870|1|1|1|85.250007332|34158701|2||2||1|1|2|2|2|2|2|2|2||1||1200000
3415871|1|1|1|123.95685096|34158711|2||2||1|2|2|1|2|2|2|2|2||3||2900000
3415872|1|1|1|59.070433459|34158721|2||2||1|1|1|2|2|2|2|2|2||1||1900000
3415873|1|1|1|67.642997692|34158731|2||2||1|1|2|2|2|2|2|2|2||1||1300000
3415874|1|1|1|67.642997692|34158741|2||2||1|1|2|2|2|2|2|2|2||1||3000000
3415875|1|1|1|58.439814851|34158751|2||2||1|1|2|2|2|2|2|2|2||1||3000000
3415876|1|1|1|76.619062401|34158761|2||2||1|1|2|2|2|2|2|2|2||1||2500000
3415877|1|1|1|49.925029047|34158771|2||2||1|1|2|2|2|2|2|2|2||1||5500000
3415878|1|1|1|60.752878788|34158781|2||2||1|1|2|2|2|2|2|2|2||1||1200000
3415879|1|1|1|102.51159322|34158791|2||2||1|1|2|2|2|2|2|2|2||1||2000000
3415880|1|1|1|85.501587711|34158801|2||2||1|1|2|2|2|2|2|2|2||1||2300000
3415882|1|1|1|85.501587711|34158821|2||2||1|1|2|2|2|2|2|2|2||1||2000000
3415883|1|1|1|120.66770837|34158831|2||2||1|1|2|2|2|2|2|2|2||1||10000000
3415884|1|1|1|86.371795724|34158841|2||2||1|1|2|2|2|2|2|2|2||1||3000000
3415885|1|1|1|98.191448263|34158851|2||2||1|1|2|2|2|2|2|2|2||1||1000000
3415886|1|1|1|133.98226893|34158861|2||2||1|1|1|2|2|2|2|2|2||2||3180000
3415887|1|1|1|106.43804139|34158871|2||2||1|1|2|2|2|1|2|2|2||1||1300000
3415888|1|1|1|84.207596984|34158881|2||2||1|1|2|2|2|2|2|2|2||1||2500000
3415889|1|1|1|82.143914253|34158891|2||2||1|1|2|2|2|2|2|2|2||1||99
3415890|1|1|1|116.46319959|34158901|2||2||1|1|2|2|2|2|2|2|2||1||1000000
3415891|1|1|1|101.79493742|34158911|2||2||1|1|1|2|2|2|2|2|2||1||800000
3415892|1|1|1|84.207596984|34158921|2||2||1|1|2|2|2|2|2|2|2||1||1200000
3415893|1|1|1|55.260162374|34158931|2||2||1|1|2|2|2|2|2|2|2||1||2500000
3415894|1|1|1|68.389986734|34158941|2||2||1|1|2|2|2|2|2|2|2||1||2000000
3415895|1|1|1|55.260162374|34158951|2||2||1|1|2|2|2|2|2|2|2||1||1500000
3415896|1|1|1|59.317983795|34158961|2||2||1|1|2|2|2|2|2|2|2||1||1000000
3415898|1|1|1|677.32996338|34158981|2||2||1|1|2|2|2|2|2|2|2||1||98
3415899|1|1|1|177.80340565|34158991|2||2||2|1|2|2|2|2|2|2|1||1||98
3415902|1|1|1|217.31527357|34159021|2||2||1|1|2|2|2|2|2|2|2||1||98
3415903|1|1|1|243.21514568|34159031|2||2||1|1|2|2|2|2|2|2|2||1||98
3415905|1|1|1|483.24795303|34159051|2||2||1|1|2|2|2|2|2|2|2||1||98
3415906|1|1|1|400.30959607|34159061|2||2||1|1|2|2|2|2|2|2|2||1||2500000
3415907|1|1|1|200.02883135|34159071|2||2||1|1|2|2|2|2|2|2|2||1||3000000
3415908|1|1|1|200.02883135|34159081|2||2||1|1|2|1|2|2|2|2|2||3||98
3415909|1|1|1|200.02883135|34159091|2||2||1|1|2|2|2|2|2|2|2||1||98
3415910|1|1|1|322.69579009|34159101|2||2||1|2|2|2|2|2|2|2|1||8||98
3415911|1|1|1|305.11947971|34159111|2||2||1|2|2|1|2|2|2|2|2||3||3000000
3415912|1|1|1|200.02883135|34159121|2||2||1|2|2|1|2|2|2|2|2||3||98
3415913|1|1|1|305.11947971|34159131|2||2||1|1|2|2|2|2|2|2|2||1||98
3415914|1|1|1|195.58374621|34159141|2||2||2|1|2|2|2|2|2|2|2||1||98
3415915|1|1|1|383.38663775|34159151|2||2||1|1|2|2|2|2|2|2|2||1||1240000
3415916|1|1|1|447.87785089|34159161|2||2||1|2|2|1|2|2|2|2|2||3||2200000
3415917|1|1|1|302.47932953|34159171|2||2||1|1|2|2|2|2|2|2|2||1||800000
3415918|1|1|1|629.82623326|34159181|2||2||1|1|2|2|2|2|2|2|2||1||1300000
3415919|1|1|1|629.82623326|34159191|2||2||1|1|2|2|2|2|2|2|2||1||3300000
3415920|1|1|1|342.58491957|34159201|2||2||1|1|2|2|2|2|2|2|2||1||1300000
3415921|1|1|1|157.45655832|34159211|2||2||1|1|2|2|2|2|2|2|2||1||2500000
3415922|1|1|1|568.39069452|34159221|2||2||2|1|2|2|2|2|2|2|2||1||3300000
3415923|1|1|1|304.88270961|34159231|2||2||1|1|2|2|2|2|2|2|2||1||800000
3415924|1|1|1|534.97814171|34159241|2||2||1|1|1|2|2|2|2|2|2||1||1100000
3415925|1|1|1|606.49933574|34159251|2||2||1|1|2|2|2|2|2|2|2||1||2000000
3415926|1|1|1|151.62483393|34159261|2||2||1|1|2|2|1|2|2|2|2||1||900000
3415927|1|1|1|320.23767875|34159271|2||2||1|2|2|1|2|2|2|2|2||3||2700000
3415928|1|1|1|264.68814791|34159281|2||2||1|2|2|1|2|2|2|2|2||3||5500000
3415929|1|1|1|514.87261944|34159291|2||2||1|1|2|2|2|2|2|2|2||1||7000000
3415930|1|1|1|320.23767875|34159301|2||2||1|1|1|2|2|2|2|1|2||1||1600000
3415931|1|1|1|264.68814791|34159311|2||2||1|2|2|1|2|2|2|2|2||3||1200000
3415932|1|1|1|480.12916809|34159321|2||2||1|1|2|2|2|2|2|2|2||1||2600000
3415933|1|1|1|222.68856105|34159331|2||2||1|1|2|2|2|2|2|2|2||1||1600000
3415934|1|1|1|431.19126073|34159341|2||2||1|1|2|2|2|2|2|1|2||1||3000000
3415935|1|1|1|678.04224053|34159351|2||2||1|1|2|2|2|2|2|1|2||1||3800000
3415936|1|1|1|397.51699869|34159361|2||2||1|1|1|2|2|2|2|2|2||1||1240000
3415937|1|1|1|412.02305471|34159371|2||2||1|1|2|2|2|2|2|2|1||1||200000
3415938|1|1|1|755.27007554|34159381|2||2||2|1|2|2|2|2|2|2|2||1||1900000
3415939|1|1|1|427.83465769|34159391|2||2||1|1|1|2|1|2|2|2|2||1||1000000
3415940|1|1|1|572.43870965|34159401|2||2||1|1|2|2|2|2|2|2|1||1||4000000
3415941|1|1|1|254.61669446|34159411|2||2||1|1|2|2|2|2|2|2|2||1||1200000
3415942|1|1|1|437.44806035|34159421|2||2||1|1|2|2|2|2|2|2|2||1||1200000
3415943|1|1|1|180.86703441|34159431|2||2||2|1|2|2|2|2|2|2|2||1||2000000
3415944|1|1|1|174.78825692|34159441|2||2||1|1|2|2|2|2|2|2|2||1||900000
3415945|1|1|1|181.29762937|34159451|2||2||1|1|2|2|2|2|2|2|2||1||1500000
3415946|1|1|1|297.63739523|34159461|2||2||1|1|2|2|2|2|2|2|2||1||2500000
3415947|1|1|1|297.63739523|34159471|2||2||1|1|2|2|2|2|2|2|2||1||2000000
3415948|1|1|1|409.62431108|34159481|2||2||1|2|2|2|2|2|2|2|1||8||1000000
3415949|1|1|1|244.35588259|34159491|2||2||1|1|2|2|2|2|2|2|2||1||500000
3415950|1|1|1|95.626883735|34159501|2||2||1|1|2|2|2|2|2|2|2||1||1300000
3415951|1|1|1|109.52267915|34159511|2||2||1|1|2|2|2|2|2|2|2||1||500000
3415952|1|1|1|222.19933181|34159521|2||2||1|1|2|2|2|2|2|2|2||1||1000000
3415953|1|1|1|330.02981615|34159531|2||2||1|1|2|1|2|2|2|2|2||1||2500000
3415954|1|1|1|235.59041988|34159541|2||2||1|1|1|2|1|2|2|2|2||1||1100000
3415955|1|1|1|283.55837025|34159551|2||2||1|1|2|2|2|2|2|2|2||1||2000000
3415956|1|1|1|147.33624888|34159561|2||2||1|1|2|1|2|2|2|2|2||3||6000000
3415957|1|1|1|271.41295055|34159571|2||2||2|1|2|2|2|2|2|1|2||1||6000000
3415958|1|1|1|277.21060006|34159581|1|1|2||1|1|2|1|2|2|2|2|2||3||4500000
3415959|1|1|1|302.16271562|34159591|2||2||1|1|2|2|2|2|2|2|2||1||1600000
3415960|1|1|1|276.92144542|34159601|2||2||1|1|2|2|2|2|2|2|2||1||1200000
3415961|1|1|1|304.16962379|34159611|2||2||1|1|2|2|2|2|2|2|2||1||6000000
3415962|1|1|1|203.0328608|34159621|2||2||1|1|2|2|2|2|2|2|1||8||1000000
3415963|1|1|1|146.28963584|34159631|2||2||1|1|2|2|2|2|2|2|2||1||6000000
3415964|1|1|1|396.6345249|34159641|2||2||1|1|2|2|2|2|2|2|2||1||3000000
3415965|1|1|1|521.54793459|34159651|2||2||1|1|2|2|2|2|2|2|2||1||800000
3415966|1|1|1|504.37119924|34159661|2||2||1|1|2|2|2|2|2|2|2||1||1200000
3415967|1|1|1|441.51421056|34159671|2||2||1|1|2|2|2|2|2|2|2||1||1300000
3415968|1|1|1|590.48085932|34159681|2||2||1|1|1|2|2|2|2|2|2||1||500000
3415969|1|1|1|891.57685086|34159691|2||2||1|1|2|2|2|2|2|2|2||1||2000000
3415970|1|1|1|493.96942177|34159701|2||2||1|1|2|2|2|2|2|2|2||1||1300000
3415971|1|1|1|684.34157393|34159711|2||2||1|1|2|2|2|2|2|2|2||1||1300000
3415972|1|1|1|556.15500168|34159721|2||2||1|1|2|2|2|2|2|2|2||1||1000000
3415973|1|1|1|744.16065871|34159731|2||2||1|2|2|1|2|2|2|2|2||3||1400000
3415974|1|1|1|350.80111832|34159741|2||2||1|1|2|2|2|1|2|2|2||1||2500000
3415975|1|1|1|537.69986897|34159751|2||2||1|1|2|2|2|2|2|2|2||1||2000000
3415976|1|1|1|309.53039852|34159761|1|1|2||1|1|2|2|2|2|2|2|2||1||7000000
3415977|1|1|1|575.43857063|34159771|2||2||1|1|2|2|2|2|2|2|2||1||8000000
3415978|1|1|1|427.81153975|34159781|2||2||1|1|2|2|2|2|2|2|2||1||2000000
3415979|1|1|1|498.09184061|34159791|2||2||1|2|2|1|2|2|2|2|2||3||2500000
3415980|1|1|1|651.59838682|34159801|2||2||1|1|2|2|2|2|2|2|2||1||2000000
3415981|1|1|1|649.77800596|34159811|2||2||1|1|2|2|2|2|2|2|2||1||2000000
3415982|1|1|1|309.69617744|34159821|2||2||1|2|2|1|2|2|2|2|1||3||1800000
3415983|1|1|1|1006.2947166|34159831|2||2||1|1|2|2|2|2|2|2|2||1||800000
3415984|1|1|1|1318.8035645|34159841|2||2||1|1|2|1|2|2|2|2|2||1||1000000
3415985|1|1|1|891.57685086|34159851|2||2||1|1|2|2|2|2|2|2|2||1||1300000
3415986|1|1|1|1493.1693698|34159861|2||2||1|1|2|2|2|2|2|2|2||1||1000000
3415987|1|1|1|932.14222746|34159871|2||2||1|1|2|2|2|2|2|2|2||1||1000000
3415988|1|1|1|498.1631139|34159881|2||2||1|2|2|2|2|2|2|2|1||8||300000
3415989|1|1|1|407.7183248|34159891|2||2||1|1|2|2|2|2|2|2|1||1||1300000
3415990|1|1|1|690.57170557|34159901|2||2||1|1|2|2|2|2|2|2|2||1||500000
3415991|1|1|1|633.84238186|34159911|2||2||1|1|1|2|2|2|2|2|2||1||1300000
3415992|1|1|1|614.54084375|34159921|2||2||1|1|2|2|2|2|2|2|2||1||800000
3415993|1|1|1|843.47493366|34159931|2||2||1|1|2|2|2|2|2|2|2||1||500000
3415994|1|1|1|674.69943483|34159941|2||2||1|1|2|2|2|2|2|2|2||1||600000
3415995|1|1|1|1778.2865267|34159951|2||2||1|1|2|2|2|2|2|2|2||1||550000
3415996|1|1|1|258.56259469|34159961|2||2||1|1|2|2|2|2|2|2|2||1||1300000
3415997|1|1|1|328.27139423|34159971|2||2||1|2|2|2|2|2|2|1|2||7||1300000
3415998|1|1|1|240.97421738|34159981|2||2||1|1|2|2|2|2|2|2|2||1||1300000
3415999|1|1|1|473.07935928|34159991|2||2||1|1|2|2|2|2|2|2|2||1||2100000
3416001|1|1|1|332.43762175|34160011|2||2||1|1|2|1|2|2|2|2|2||3||1600000
3416002|1|1|1|292.93163563|34160021|2||2||1|1|2|2|2|2|2|2|2||1||1000000
3416003|1|1|1|234.65022891|34160031|2||2||1|1|1|2|2|2|2|2|1||1||2000000
3416004|1|1|1|321.94740576|34160041|2||2||1|1|2|2|2|2|2|2|1||8||1300000
3416005|1|1|1|303.42185162|34160051|2||2||1|1|2|2|2|2|2|2|2||1||1500000
3416006|1|1|1|249.73256327|34160061|2||2||1|1|2|2|1|2|2|2|2||1||1500000
3416007|1|1|1|182.25542675|34160071|2||2||1|1|2|2|2|2|2|2|2||1||1300000
3416008|1|1|1|285.8511251|34160081|2||2||1|1|2|2|2|2|2|2|2||1||2600000
3416009|1|1|1|251.881352|34160091|2||2||1|2|2|1|2|2|2|2|2||3||2300000
3416010|1|1|1|251.881352|34160101|2||2||1|1|2|2|2|2|2|2|2||1||1700000
3416012|1|1|1|304.89774026|34160121|2||2||1|1|2|2|2|2|2|2|2||1||2500000
3416013|1|1|1|341.68604853|34160131|2||2||1|1|2|2|2|2|2|2|2||1||1300000
3416014|1|1|1|335.36206006|34160141|1|1|2||1|1|2|2|2|2|2|2|2||1||2000000
3416015|1|1|1|341.43340215|34160151|2||2||1|1|2|2|2|2|2|2|2||1||1500000
3416016|1|1|1|292.93163563|34160161|2||2||1|1|1|2|2|2|2|2|2||1||650000
3416017|1|1|1|216.12467477|34160171|2||2||1|1|2|2|1|2|2|2|2||1||1400000
3416018|1|1|1|292.93163563|34160181|2||2||1|1|2|2|2|2|2|2|2||1||650000
3416019|1|1|1|236.55534349|34160191|2||2||1|1|2|2|2|2|2|2|2||1||1200000
3416020|1|1|1|321.94740576|34160201|2||2||1|1|2|2|2|2|2|2|2||1||300000
3416021|1|1|1|303.42185162|34160211|2||2||1|1|2|2|2|2|2|2|2||1||1300000
3416022|1|1|1|530.95282512|34160221|2||2||1|1|2|2|2|2|2|2|1||1||2200000
3416023|1|1|1|444.40946548|34160231|2||2||1|1|2|2|2|2|2|2|2||1||700000
3416024|1|1|1|1090.6785385|34160241|2||2||1|1|2|2|2|2|2|2|2||1||1800000
3416024|1|2|2|1090.6785385|34160242|2||2||1|1|2|2|2|2|2|2|2||1||700000
3416025|1|1|1|683.20906076|34160251|2||1|2|1|1|2|1|2|2|2|2|1||3||3500000
3416026|1|1|1|684.39322767|34160261|1|1|1|1|1|1|1|1|2|2|2|1|2||3||2800000
3416027|1|1|1|463.3081194|34160271|2||1|1|1|1|2|2|2|2|2|2|2||1||2500000
3416028|1|1|1|469.2909925|34160281|2||2||1|1|2|2|2|2|2|2|2||1||4000000
3416029|1|1|1|839.58355204|34160291|2||1|1|1|2|2|2|2|2|2|2|1||8||4000000
3416030|1|1|1|363.40937934|34160301|2||2||1|1|2|2|2|2|2|2|2||1||5000000
3416031|1|1|1|514.62571853|34160311|2||1|1|1|1|2|1|2|2|2|1|2||1||3000000
3416032|1|1|1|890.19698478|34160321|2||2||1|1|2|2|2|2|2|2|2||1||3000000
3416033|1|1|1|827.63468117|34160331|2||2||1|1|2|1|2|2|2|2|1||1||3000000
3416034|1|1|1|713.57305977|34160341|2||2||1|2|2|1|2|2|2|2|2||3||3500000
3416035|1|1|1|363.40937934|34160351|2||1|1|1|1|2|2|2|2|2|2|1||1||3500000
3416035|1|2|2|363.40937934|34160352|2||1|1|1|1|2|2|2|2|2|2|1||1||2000000
3416035|1|3|3|363.40937934|34160353|2||1|1|1|1|2|2|2|2|2|2|1||1||3000000
3416037|1|1|1|452.06341492|34160371|2||1|2|1|1|2|2|2|2|2|2|2||1||1400000
3416039|1|1|1|747.79182378|34160391|2||2||2|1|2|2|2|2|2|2|2||1||4000000
3416040|1|1|1|639.0618853|34160401|2||1|2|1|2|2|2|2|2|2|2|1||8||1000000
3416041|1|1|1|838.02262006|34160411|2||2||1|1|2|2|2|2|2|2|2||1||1300000
3416042|1|1|1|902.14585565|34160421|2||2||1|2|1|2|2|2|2|1|2||7||1000000
3416043|1|1|1|486.2687854|34160431|2||2||2|1|2|2|2|2|2|2|2||1||2600000
3416044|1|1|1|610.71834569|34160441|2||2||2|1|2|2|2|2|2|2|2||1||1300000
3416046|1|1|1|639.0618853|34160461|2||2||1|1|2|2|2|2|2|2|1||1||500000
3416047|1|1|1|610.71834569|34160471|2||1|1|1|1|2|2|2|2|2|2|2||1||5000000
3416048|1|1|1|1568.398374|34160481|2||2||1|1|2|2|1|2|2|2|2||1||2800000
3416050|1|1|1|610.71834569|34160501|2||2||1|1|2|2|2|1|1|2|2||1||8480000
3416052|1|1|1|848.84488711|34160521|2||2||1|1|2|2|2|2|2|2|2||1||1500000
3416053|1|1|1|581.95843353|34160531|2||2||1|1|2|2|2|2|2|2|1||8||800000
3416054|1|1|1|395.86223551|34160541|2||2||1|1|2|2|2|2|2|2|1||1||2600000
3416055|1|1|1|531.06100051|34160551|2||2||1|1|2|2|2|2|2|2|2||1||1300000
3416056|1|1|1|493.0049441|34160561|2||2||1|1|2|2|1|2|2|2|2||1||1800000
3416057|1|1|1|433.93159641|34160571|2||2||1|1|2|2|2|2|2|2|1||1||2200000
3416058|1|1|1|897.23178238|34160581|2||2||1|2|2|1|2|2|2|2|2||3||2000000
3416059|1|1|1|717.78985374|34160591|2||2||1|1|2|2|2|2|2|2|2||1||1900000
3416060|1|1|1|582.2299369|34160601|2||2||1|1|2|2|2|2|2|2|2||1||6000000
3416061|1|1|1|927.05402626|34160611|2||2||1|1|2|2|2|2|2|2|2||1||3000000
3416062|1|1|1|990.01967287|34160621|2||2||1|1|2|2|2|2|2|2|2||1||4500000
3416063|1|1|1|733.32649017|34160631|2||2||1|1|2|2|2|2|2|2|2||1||4500000
3416064|1|1|1|721.1358687|34160641|2||2||1|1|2|2|2|2|2|2|2||1||5000000
3416065|1|1|1|643.68129769|34160651|2||2||1|2|2|2|2|2|2|2|1||8||1300000
3416066|1|1|1|859.25778339|34160661|2||2||1|1|2|2|2|2|2|2|2||1||1300000
3416067|1|1|1|976.20546184|34160671|2||2||1|1|2|1|2|2|2|2|2||1||3500000
3416068|1|1|1|721.1358687|34160681|2||2||1|1|2|2|2|2|2|1|2||1||4500000
3416069|1|1|1|625.1209744|34160691|2||2||1|1|2|2|2|2|2|2|2||1||6500000
3416070|1|1|1|426.8682099|34160701|2||2||1|2|2|2|2|2|2|1|2||7||1300000
3416070|1|2|2|426.8682099|34160702|2||2||1|2|2|2|2|2|1|2|1||6||1000000
3416070|1|3|3|426.8682099|34160703|2||2||1|1|2|2|2|2|2|2|2||1||1500000
3416071|1|1|1|1119.0775626|34160711|2||2||1|1|2|1|2|2|2|2|2||1||3000000
3416072|1|1|1|1197.9500707|34160721|2||2||1|1|2|2|2|2|2|2|2||1||6000000
3416073|1|1|1|777.00897389|34160731|2||2||1|2|2|1|2|2|2|2|2||3||1300000
3416074|1|1|1|1197.9500707|34160741|2||2||1|1|2|2|2|2|2|2|2||1||2500000
3416075|1|1|1|774.14437938|34160751|2||2||1|1|2|2|2|2|2|2|1||1||2600000
3416076|1|1|1|1195.0854762|34160761|2||2||1|1|2|2|2|2|2|1|2||1||3500000
3416077|1|1|1|801.36169436|34160771|2||2||1|2|2|2|2|2|2|1|1||7||1800000
3416077|1|2|2|801.36169436|34160772|2||2||1|1|2|2|2|2|2|2|2||1||1300000
3416077|1|3|3|801.36169436|34160773|2||2||1|1|2|2|1|2|2|2|2||1||1500000
3416077|1|4|4|801.36169436|34160774|2||2||1|1|1|2|2|2|2|2|2||1||1000000
3416077|1|5|5|801.36169436|34160775|2||2||1|1|2|2|1|2|2|2|2||1||1400000
3416078|1|1|1|596.56585493|34160781|2||1|1|1|2|2|2|1|2|2|1|1||8||3900000
3416079|1|1|1|586.02192286|34160791|2||2||1|1|2|2|1|2|2|1|2||1||5000000
3416080|1|1|1|510.59492842|34160801|2||2||1|1|2|1|2|2|2|1|2||1||4000000
3416081|1|1|1|921.57692609|34160811|2||2||1|1|2|2|2|2|2|1|2||1||10500000
3416082|1|1|1|635.51684099|34160821|2||2||1|1|2|2|2|2|2|2|1||1||99
3416083|1|1|1|784.10446093|34160831|2||2||1|2|2|2|2|2|2|2|1||8||3000000
3416084|1|1|1|627.00456491|34160841|1|1|2||1|1|2|2|2|2|2|1|2||1||99
3416085|1|1|1|692.65242529|34160851|2||2||1|1|2|2|2|2|2|2|2||1||15000000
3416086|1|1|1|713.99409414|34160861|2||2||1|1|2|2|2|2|2|2|1||1||2600000
3416087|1|1|1|1233.0478148|34160871|2||2||1|1|2|2|2|2|2|2|2||1||2600000
3416088|1|1|1|1618.1691022|34160881|2||2||1|1|2|2|2|2|2|2|2||1||1700000
3416089|1|1|1|1929.7869028|34160891|2||2||1|1|2|2|2|2|2|2|2||1||1800000
3416089|1|2|2|1929.7869028|34160892|2||2||1|1|2|2|2|2|2|1|2||1||2600000
3416090|1|1|1|1896.0509603|34160901|2||2||1|1|2|2|2|2|2|2|2||1||1300000
3416091|1|1|1|1688.7875394|34160911|2||2||1|1|2|2|2|2|2|2|2||1||2000000
3416092|1|1|1|1420.3566918|34160921|2||2||1|2|1|2|2|2|2|2|1||8||400000
3416094|1|1|1|1296.1338858|34160941|2||2||1|1|2|2|2|2|2|2|2||1||1300000
3416095|1|1|1|1253.2290654|34160951|2||2||1|1|1|2|2|2|2|2|2||1||1500000
3416096|1|1|1|2129.5327312|34160961|2||2||1|1|2|2|2|2|2|2|2||1||1300000
3416097|1|1|1|117.84444241|34160971|2||2||1|1|2|2|2|2|2|2|1||1||1800000
3416098|1|1|1|364.25327704|34160981|2||2||1|1|2|2|2|2|2|2|2||1||1800000
3416099|1|1|1|135.18033773|34160991|2||2||1|1|1|2|2|2|2|2|2||1||800000
3416100|1|1|1|269.30598394|34161001|2||2||1|2|1|2|2|2|2|2|1||8||400000
3416101|1|1|1|95.811055998|34161011|2||2||1|2|2|2|2|2|2|2|1||8||1000000
3416102|1|1|1|320.5028807|34161021|2||2||1|1|2|2|2|2|2|2|2||1||1200000
3416103|1|1|1|189.07922561|34161031|2||2||1|1|2|2|2|2|2|2|2||1||1300000
3416104|1|1|1|202.98931989|34161041|2||2||1|1|2|2|2|2|2|2|2||1||1600000
3416105|1|1|1|221.29539082|34161051|2||2||1|2|2|2|2|2|2|2|1||8||2000000
3416106|1|1|1|215.72151304|34161061|2||2||1|2|2|2|2|2|2|2|1||8||800000
3416107|1|1|1|250.40149185|34161071|2||2||1|1|2|2|2|2|2|2|2||1||1600000
3416108|1|1|1|281.52333105|34161081|2||2||1|1|2|2|2|2|2|2|2||1||800000
3416109|1|1|1|86.229950398|34161091|2||2||1|2|2|2|2|2|2|2|1||8||900000
3416110|1|1|1|120.93881658|34161101|2||2||1|1|2|2|2|2|2|2|2||1||1700000
3416112|1|1|1|155.82714921|34161121|2||2||1|1|2|2|2|2|2|2|2||1||1200000
3416113|1|1|1|251.87519144|34161131|2||2||1|1|2|2|2|2|2|2|2||1||800000
3416114|1|1|1|257.16279319|34161141|2||2||1|1|2|2|2|2|2|2|2||1||2500000
3416115|1|1|1|160.75571409|34161151|2||2||1|1|2|2|2|2|2|2|2||1||1300000
3416116|1|1|1|240.17100474|34161161|2||2||1|1|2|2|2|2|2|2|2||1||2000000
3416117|1|1|1|155.82714921|34161171|2||2||1|1|2|2|2|2|2|2|2||1||800000
3416118|1|1|1|284.82647672|34161181|2||2||1|1|2|2|2|2|2|2|2||1||900000
3416119|1|1|1|92.285076497|34161191|2||1|1|1|1|2|2|2|2|2|2|2||1||700000
3416120|1|1|1|195.94438762|34161201|2||2||1|1|2|2|2|2|2|2|2||1||800000
3416121|1|1|1|321.98798288|34161211|2||2||1|1|2|2|2|2|2|2|2||1||600000
3416122|1|1|1|205.75426624|34161221|2||2||1|1|2|2|2|2|2|2|1||1||1200000
3416123|1|1|1|169.23659849|34161231|2||2||1|1|2|2|2|2|2|2|2||1||1600000
3416124|1|1|1|126.90485343|34161241|2||2||1|1|2|2|2|2|2|2|2||1||300000
3416125|1|1|1|485.47814822|34161251|2||2||1|1|2|1|2|2|2|2|2||3||3000000
3416126|1|1|1|193.24673136|34161261|1|1|2||1|2|2|2|2|2|2|2|1||8||1500000
3416127|1|1|1|193.24673136|34161271|2||2||1|2|2|1|2|2|2|2|2||3||4000000
3416128|1|1|1|190.17932293|34161281|2||2||1|2|2|1|2|2|2|2|2||3||7000000
3416129|1|1|1|414.55374005|34161291|2||2||1|1|2|2|2|2|2|2|2||1||500000
3416130|1|1|1|414.55374005|34161301|2||2||1|1|2|2|2|2|2|2|2||1||1000000
3416131|1|1|1|414.55374005|34161311|2||2||1|1|2|2|2|2|2|2|2||1||300000
3416132|1|1|1|414.55374005|34161321|2||2||1|2|1|2|2|2|2|2|1||8||250000
3416133|1|1|1|414.55374005|34161331|2||2||1|1|2|2|2|2|2|2|2||1||1100000
3416134|1|1|1|216.25229462|34161341|2||2||1|2|2|2|2|2|2|2|1||8||800000
3416135|1|1|1|302.77636802|34161351|2||2||2|1|2|2|2|2|2|2|1||1||1000000
3416136|1|1|1|216.25229462|34161361|2||2||2|1|2|2|2|2|2|2|2||1||1000000
3416137|1|1|1|1898.0943751|34161371|2||2||1|1|2|2|2|2|2|2|2||1||3500000
3416138|1|1|1|1543.4466975|34161381|2||2||1|2|2|2|2|2|2|2|1||8||300000
3416139|1|1|1|1759.9885716|34161391|2||2||1|1|2|2|2|2|2|2|2||1||3000000
3416140|1|1|1|2251.7008938|34161401|2||2||1|1|2|2|2|2|2|2|2||1||2500000
3416141|1|1|1|2166.1663511|34161411|2||2||1|2|2|1|2|2|2|2|2||3||1300000
3416142|1|1|1|2070.7758203|34161421|2||2||1|1|2|2|2|2|2|2|2||1||600000
3416143|1|1|1|3265.3798495|34161431|2||2||1|1|2|2|2|2|2|2|2||1||1800000
3416144|1|1|1|3452.3092859|34161441|2||2||1|1|2|2|2|2|2|2|2||1||800000
3416145|1|1|1|2286.3802525|34161451|2||2||1|1|2|2|2|2|2|2|2||1||5000000
3416146|1|1|1|2323.308421|34161461|2||2||1|2|2|2|2|2|2|2|1||8||1000000
3416147|1|1|1|1668.8918218|34161471|2||2||1|1|2|2|2|2|2|2|2||1||6000000
3416148|1|1|1|1905.2799089|34161481|2||2||1|2|2|1|2|2|2|2|2||3||3000000
3416149|1|1|1|1401.3547035|34161491|2||2||1|1|2|2|2|2|2|2|2||1||1600000
3416150|1|1|1|2003.9411232|34161501|2||2||1|1|2|2|2|2|2|2|2||1||7000000
3416151|1|1|1|1401.3547035|34161511|2||2||1|2|2|1|2|2|2|2|2||3||1700000
3416152|1|1|1|1429.8108012|34161521|2||2||1|1|2|2|2|2|2|2|2||1||3600000
3416153|1|1|1|1629.0459299|34161531|2||2||1|1|2|2|2|2|2|2|2||1||99
3416154|1|1|1|1359.9944754|34161541|2||2||2|2|2|1|2|2|2|1|2||3||4000000
3416155|1|1|1|1466.3479051|34161551|2||2||1|1|2|2|2|2|2|2|2||1||3000000
3416156|1|1|1|1416.4036115|34161561|2||2||2|1|2|2|2|2|2|1|2||1||2000000
3416158|1|1|1|23.858243516|34161581|2||2||1|1|2|2|2|2|2|2|2||1||1500000
3416159|1|1|1|52.430560551|34161591|2||2||1|1|2|2|2|2|2|2|2||1||2000000
3416162|1|1|1|43.043017976|34161621|2||2||1|1|2|2|2|2|2|2|2||1||3700000
3416163|1|1|1|21.371317526|34161631|2||2||1|1|2|2|2|2|2|2|2||1||1800000
3416164|1|1|1|55.686376495|34161641|2||2||1|1|2|2|2|2|2|2|2||1||5600000
3416165|1|1|1|18.928901788|34161651|2||1|2|1|1|2|2|2|2|2|2|2||1||3200000
3416166|1|1|1|37.600202933|34161661|2||2||1|1|2|2|2|2|2|2|2||1||1600000
3416167|1|1|1|57.720823405|34161671|2||2||1|1|2|2|2|2|2|2|2||1||1800000
3416168|1|1|1|14.430205851|34161681|2||2||1|2|2|1|2|2|2|2|2||3||2800000
3416169|1|1|1|22.521814579|34161691|2||2||1|1|2|2|2|1|2|2|2||1||2300000
3416170|1|1|1|14.430205851|34161701|2||2||1|1|2|2|2|2|2|2|2||1||1500000
3416171|1|1|1|46.982415366|34161711|2||2||1|1|2|2|2|2|2|2|2||1||1300000
3416172|1|1|1|20.607751148|34161721|2||2||1|1|2|2|2|2|2|2|2||1||1500000
3416173|1|1|1|14.430205851|34161731|2||2||1|1|2|2|2|2|2|2|2||1||1500000
3416175|1|1|1|37.958316118|34161751|2||2||1|1|2|2|2|2|2|2|2||1||5000000
3416176|1|1|1|18.15249321|34161761|2||2||1|1|2|2|2|2|2|2|2||1||1300000
3416177|1|1|1|98.636850122|34161771|2||2||1|1|2|2|2|2|2|2|2||1||1500000
3416178|1|1|1|45.955169614|34161781|2||1|1|1|1|2|2|2|2|2|2|2||1||1500000
3416179|1|1|1|56.750101412|34161791|2||2||1|1|2|2|2|2|2|2|2||1||2000000
3416181|1|1|1|50.379829324|34161811|2||2||1|1|2|2|2|2|2|2|2||1||2800000
3416182|1|1|1|24.659212531|34161821|2||2||1|1|2|2|2|2|2|2|2||1||7000000
3416183|1|1|1|56.750101412|34161831|2||2||2|1|2|2|2|2|2|2|2||1||2800000
3416184|1|1|1|2896.4600743|34161841|2||2||1|1|2|2|2|2|2|2|2||1||1300000
3416185|1|1|1|2417.8416155|34161851|2||2||1|1|2|2|2|2|2|2|2||1||2000000
3416186|1|1|1|2609.6077782|34161861|2||2||1|1|2|2|2|2|2|2|2||1||2700000
3416187|1|1|1|2108.2954163|34161871|2||2||1|1|2|2|2|2|2|2|2||1||2000000
3416188|1|1|1|1916.5292537|34161881|2||2||1|1|2|2|2|2|2|2|2||1||2000000
3416189|1|1|1|2609.6077782|34161891|2||2||1|1|2|2|2|2|2|2|2||1||2300000
3416190|1|1|1|2896.4600743|34161901|2||2||1|1|2|2|2|2|2|2|2||1||5000000
3416191|1|1|1|2797.9175213|34161911|2||2||1|1|2|2|2|2|2|2|1||1||4000000
3416193|1|1|1|2681.9074762|34161931|2||2||1|1|2|2|2|2|2|2|2||1||3000000
3416195|1|1|1|1743.8504699|34161951|2||2||1|1|2|2|2|2|2|2|2||1||2350000
3416196|1|1|1|2238.7422366|34161961|2||2||1|1|2|2|2|2|2|2|2||1||800000
3416197|1|1|1|2593.8647601|34161971|2||2||1|1|2|2|2|2|2|2|2||1||2600000
3416198|1|1|1|2399.0577298|34161981|2||2||1|1|2|2|2|2|2|2|2||1||1900000
3416199|1|1|1|1869.5743331|34161991|2||2||1|1|2|2|2|2|2|2|2||1||1300000
3416202|1|1|1|3178.6846719|34162021|2||2||1|1|2|2|2|2|2|2|2||1||3200000
3416203|1|1|1|2763.3006858|34162031|2||2||1|1|2|2|2|2|2|2|1||8||1300000
3416204|1|1|1|2752.8715062|34162041|1|1|2||1|1|2|2|1|2|2|2|2||1||2800000
3416205|1|1|1|1593.4619141|34162051|2||2||1|1|2|2|2|2|2|2|2||1||3900000
3416207|1|1|1|1499.7108034|34162071|2||2||1|1|2|2|2|2|2|2|2||1||1500000
3416208|1|1|1|2334.0933753|34162081|2||2||1|1|2|2|1|2|2|2|1||4||3000000
3416209|1|1|1|2248.8484441|34162091|2||2||1|1|2|2|2|2|2|2|2||1||2600000
3416210|1|1|1|3089.5574126|34162101|2||2||1|1|2|2|2|2|2|2|2||1||1300000
3416211|1|1|1|2783.5816301|34162111|2||2||1|1|2|2|2|2|2|2|2||1||2000000
3416212|1|1|1|2870.568556|34162121|2||2||1|1|2|2|2|2|2|2|2||1||1300000
3416214|1|1|1|3778.3261663|34162141|2||2||1|1|2|2|1|2|2|2|2||4||1000000
3416216|1|1|1|3191.2674657|34162161|2||2||1|1|2|2|2|2|2|2|2||1||500000
3416217|1|1|1|1669.6107097|34162171|2||2||1|2|2|2|2|2|2|2|1||8||1300000
3416218|1|1|1|3186.1060817|34162181|2||2||1|1|2|2|2|2|2|2|2||1||1300000
3416219|1|1|1|1905.516782|34162191|2||2||1|1|2|2|2|2|2|2|2||1||1300000
3416220|1|1|1|3122.2878215|34162201|2||2||1|1|2|2|2|2|2|2|2||1||1400000
3416221|1|1|1|2747.5346124|34162211|2||2||1|1|2|2|2|2|2|2|2||1||1300000
3416222|1|1|1|1659.2845517|34162221|2||2||1|1|2|2|2|2|2|2|2||1||1300000
3416223|1|1|1|2759.0508673|34162231|2||2||1|1|2|1|2|2|2|1|2||1||4000000
3416224|1|1|1|2324.3853408|34162241|2||2||1|1|2|2|2|2|2|1|2||1||8000000
3416225|1|1|1|2407.4198847|34162251|2||2||2|1|2|2|2|2|2|1|2||1||20000000
3416226|1|1|1|1798.4541993|34162261|2||2||1|1|2|2|2|2|2|2|1||1||4500000
3416228|1|1|1|2913.7458666|34162281|2||2||1|1|2|2|2|2|2|2|1||1||1000000
3416229|1|1|1|4476.5481524|34162291|2||2||1|1|2|2|1|2|2|2|1||1||1300000
3416230|1|1|1|2923.0620936|34162301|2||2||2|1|2|2|2|2|2|2|2||1||1700000
3416231|1|1|1|2396.1288668|34162311|2||2||2|2|2|2|2|2|2|2|2|2||1300000|
3416233|1|1|1|3137.5424242|34162331|2||2||1|2|2|2|2|2|2|2|1||8||200000
3416234|1|1|1|2706.3543129|34162341|2||2||1|1|2|2|2|2|2|2|2||1||5200000
3416236|1|1|1|5271.8627026|34162361|2||2||1|1|2|2|2|2|2|2|2||1||700000
3416237|1|1|1|6302.3105799|34162371|2||2||1|1|2|2|2|2|2|2|2||1||1300000
3416238|1|1|1|5450.3906523|34162381|2||2||1|1|2|2|2|2|2|2|2||1||800000
3416239|1|1|1|5422.293552|34162391|2||2||1|1|2|1|2|2|2|2|1||1||1300000
3416240|1|1|1|5036.8517034|34162401|2||2||1|1|2|2|2|2|2|2|2||1||2000000
3416241|1|1|1|5840.8522945|34162411|2||2||1|1|2|2|2|2|2|2|2||1||1400000
3416243|1|1|1|2687.55046|34162431|2||2||1|1|2|2|2|2|2|2|2||1||1300000
3416244|1|1|1|4805.0327012|34162441|2||2||1|1|2|2|2|2|2|2|1||1||800000
3416245|1|1|1|5756.2022613|34162451|2||2||1|1|2|2|2|2|2|2|2||1||1300000
3416246|1|1|1|6114.3308409|34162461|2||2||1|1|2|2|2|2|2|2|2||1||1500000
3416247|1|1|1|4582.7525114|34162471|2||2||1|1|2|2|2|2|2|2|2||1||1300000
3416248|1|1|1|5756.2022613|34162481|2||2||1|1|2|2|2|2|2|2|2||1||1000000
3416249|1|1|1|4801.3312647|34162491|2||2||1|1|2|2|2|2|2|2|2||1||1300000
3416250|1|1|1|783.45458928|34162501|2||2||1|1|2|2|2|2|2|2|2||1||1300000
3416251|1|1|1|922.77959604|34162511|2||2||1|1|2|2|2|2|2|2|2||1||4000000
3416252|1|1|1|821.34617447|34162521|2||2||1|1|2|2|2|2|2|2|2||1||10000000
3416253|1|1|1|1024.2130176|34162531|2||2||1|2|2|2|2|1|2|1|2||7||900000
3416254|1|1|1|815.41866765|34162541|2||2||1|2|2|1|2|2|2|2|2||3||4000000
3416256|1|1|1|1046.5680985|34162561|2||2||1|1|2|2|2|2|2|2|2||1||3900000
3416257|1|1|1|638.15033537|34162571|2||2||1|1|2|2|2|2|2|2|1||1||1300000
3416258|1|1|1|478.20143242|34162581|2||2||1|1|2|1|2|2|2|2|2||1||2800000
3416259|1|1|1|484.36672994|34162591|2||2||1|1|1|2|2|2|2|2|2||1||3570000
3416260|1|1|1|395.46743825|34162601|2||2||1|1|1|2|2|2|2|2|2||1||200000
3416261|1|1|1|481.61190116|34162611|2||2||1|1|2|2|2|2|2|1|2||1||3900000
3416263|1|1|1|560.41876696|34162631|2||2||1|2|2|1|2|2|2|2|2||3||600000
3416264|1|1|1|601.53961851|34162641|2||2||1|1|2|2|2|2|2|2|2||1||2400000
3416265|1|1|1|615.6808531|34162651|2||2||1|1|2|1|2|2|2|2|2||1||6200000
3416265|1|2|2|615.6808531|34162652|2||2||1|1|2|2|2|2|2|2|2||1||300000
3416267|1|1|1|4427.8412906|34162671|2||2||1|2|2|2|2|2|2|2|1||8||2500000
3416268|1|1|1|1324.1245147|34162681|2||2||1|2|2|2|2|2|2|2|1||8||400000
3416269|1|1|1|1422.2450912|34162691|2||2||1|1|2|2|2|2|2|2|2||1||1300000
3416270|1|1|1|1595.3428026|34162701|2||2||1|1|2|2|2|2|2|2|2||1||1300000
3416271|1|1|1|1610.5080588|34162711|2||2||1|1|2|2|2|2|2|2|2||1||3000000
3416272|1|1|1|1188.6978552|34162721|2||2||1|1|2|2|2|2|2|1|2||1||1600000
3416273|1|1|1|1331.0984086|34162731|2||2||1|1|2|2|2|2|2|2|1||1||1000000
3416274|1|1|1|1188.6978552|34162741|2||2||1|1|2|2|2|2|2|2|2||1||1300000
3416275|1|1|1|1629.2783904|34162751|2||2||1|1|2|2|2|2|2|2|2||1||1300000
3416276|1|1|1|2646.6221284|34162761|2||2||1|1|2|2|2|2|2|2|2||1||1500000
3416277|1|1|1|809.79647986|34162771|2||2||1|1|2|2|2|2|2|2|2||1||4000000
3416278|1|1|1|1466.5250681|34162781|2||2||1|1|2|2|2|2|2|2|2||1||1350000
3416280|1|1|1|2029.1865042|34162801|2||2||1|1|2|2|2|2|2|2|2||1||98
3416281|1|1|1|1099.0341787|34162811|2||2||1|1|2|2|2|2|2|2|2||1||1300000
3416282|1|1|1|1305.2014183|34162821|2||2||1|1|2|2|2|2|2|2|2||1||98
3416284|1|1|1|1313.7394997|34162841|2||2||2|1|1|2|2|2|2|2|2||1||1000000
3416286|1|1|1|1478.2938573|34162861|2||2||1|1|2|2|2|2|2|2|2||1||98
3416287|1|1|1|835.04900714|34162871|2||2||1|1|2|2|2|2|2|2|2||1||1400000
3416288|1|1|1|1201.8097482|34162881|2||2||1|1|2|2|1|2|2|2|2||4||900000
3416289|1|1|1|1700.3954199|34162891|2||2||1|1|2|2|2|2|2|2|2||1||1500000
3416290|1|1|1|1774.3770586|34162901|2||2||1|1|2|2|2|2|2|2|2||1||1300000
3416291|1|1|1|1655.6511181|34162911|2||2||1|1|1|2|2|2|2|2|2||1||900000
3416292|1|1|1|1048.8465648|34162921|2||2||1|1|2|2|2|2|2|2|2||1||800000
3416294|1|1|1|1359.5679168|34162941|2||2||1|1|2|2|2|2|2|2|2||1||2600000
3416295|1|1|1|1319.6898806|34162951|2||2||1|1|2|2|2|2|2|2|2||1||800000
3416296|1|1|1|1529.9268418|34162961|2||2||1|1|2|2|1|2|2|2|1||1||4200000
3416297|1|1|1|815.68185888|34162971|2||2||1|1|2|1|2|2|2|2|2||1||1300000
3416298|1|1|1|1349.2491795|34162981|2||2||1|1|2|2|2|2|2|2|2||1||1800000
3416299|1|1|1|2052.6081661|34162991|2||2||1|1|2|2|2|2|2|2|2||1||1700000
3416300|1|1|1|1612.7807339|34163001|2||2||1|1|1|2|2|2|2|2|2||1||1500000
3416301|1|1|1|822.05961616|34163011|2||2||1|1|2|2|2|2|2|2|2||1||1300000
3416302|1|1|1|1161.5992845|34163021|2||2||1|1|2|1|2|2|2|2|2||3||1550000
3416303|1|1|1|1763.3652626|34163031|2||2||1|1|2|1|2|2|2|2|2||3||1800000
3416304|1|1|1|789.55236976|34163041|2||2||1|2|2|1|2|2|2|2|2||3||1300000
3416305|1|1|1|1088.7322255|34163051|2||2||1|1|2|2|2|2|2|2|2||1||2600000
3416306|1|1|1|1450.0484047|34163061|2||2||1|1|2|2|2|2|2|2|2||1||1800000
3416307|1|1|1|850.64168641|34163071|2||2||1|1|2|2|2|2|2|2|2||1||1390000
3416308|1|1|1|4293.0382823|34163081|2||2||1|1|2|2|2|2|2|2|2||1||2500000
3416309|1|1|1|6196.3348244|34163091|2||2||1|1|2|1|2|2|2|2|2||1||2200000
3416311|1|1|1|5629.0877908|34163111|2||2||1|1|2|2|2|2|2|2|2||1||4000000
3416312|1|1|1|10990.348283|34163121|2||2||1|1|2|2|2|2|2|2|2||1||4000000
3416313|1|1|1|8076.396608|34163131|2||2||1|1|2|1|2|2|2|2|2||3||2300000
3416314|1|1|1|7643.494281|34163141|2||2||1|1|1|2|2|2|2|2|2||1||3300000
3416315|1|1|1|4985.3516758|34163151|2||2||1|2|2|1|2|2|2|2|2||3||1300000
3416316|1|1|1|5261.6883111|34163161|2||2||1|1|2|2|2|2|2|2|2||1||1800000
3416317|1|1|1|5264.6140852|34163171|2||2||1|1|2|2|2|2|2|2|2||1||1300000
3416319|1|1|1|6005.3856764|34163191|2||2||1|1|2|2|2|2|2|2|2||1||1200000
3416320|1|1|1|7615.5455306|34163201|2||2||1|1|2|2|2|2|2|2|2||1||1200000
3416321|1|1|1|6005.3856764|34163211|2||2||1|1|2|2|2|2|2|2|2||1||1300000
3416322|1|1|1|7058.8363479|34163221|2||2||1|1|2|2|2|2|2|2|1||1||35000000
3416323|1|1|1|4538.7211401|34163231|2||2||1|2|2|1|2|2|2|2|2||3||1300000
3416324|1|1|1|4767.208566|34163241|2||2||1|1|2|2|2|2|2|2|2||1||1600000
3416325|1|1|1|663.516522|34163251|2||2||1|1|2|2|1|2|2|2|2||1||1400000
3416326|1|1|1|756.89510195|34163261|2||2||1|1|2|2|2|2|2|2|2||1||1600000
3416327|1|1|1|1086.8748638|34163271|2||2||1|1|2|2|2|2|2|2|2||1||1300000
3416328|1|1|1|317.07994904|34163281|2||2||1|1|2|2|2|2|2|2|2||1||2600000
3416329|1|1|1|515.50225457|34163291|2||2||1|2|2|1|2|2|2|2|2||3||1300000
3416330|1|1|1|816.57605434|34163301|2||2||1|1|2|2|2|2|2|2|2||1||2000000
3416331|1|1|1|316.08639998|34163311|2||2||1|1|2|2|2|2|2|2|2||1||6000000
3416332|1|1|1|647.78768607|34163321|2||2||1|1|2|2|2|2|2|2|2||1||8000000
3416333|1|1|1|646.22375206|34163331|2||2||1|1|2|2|2|2|2|2|2||1||6000000
3416334|1|1|1|825.49010621|34163341|2||2||1|1|2|2|2|2|2|2|2||1||99
3416335|1|1|1|556.22612008|34163351|2||2||1|2|2|1|2|2|2|2|2||3||99
3416336|1|1|1|394.71771526|34163361|2||2||1|2|2|1|2|2|2|2|2||3||99
3416337|1|1|1|455.82349865|34163371|1|1|2||1|2|2|1|2|2|2|2|2||3||98
3416338|1|1|1|482.57332435|34163381|2||2||1|1|2|2|1|2|2|2|2||1||98
3416339|1|1|1|506.30494156|34163391|2||2||1|1|2|2|2|2|2|2|2||1||98
3416340|1|1|1|394.71771526|34163401|2||2||1|1|2|2|2|2|2|2|2||1||3000000
3416341|1|1|1|619.47392636|34163411|2||2||1|1|2|1|2|2|2|2|2||1||10000000
3416342|1|1|1|356.88617624|34163421|2||2||1|1|2|2|2|2|2|2|2||1||800000
3416343|1|1|1|536.33622072|34163431|2||2||1|1|2|2|2|2|2|2|2||1||2000000
3416344|1|1|1|413.92518914|34163441|2||2||1|1|2|2|2|2|2|2|2||1||3000000
3416345|1|1|1|414.24949764|34163451|2||2||1|1|2|2|2|2|2|2|2||1||3000000
3416346|1|1|1|356.88617624|34163461|2||2||1|1|1|2|2|2|2|2|1||1||500000
3416347|1|1|1|372.9464989|34163471|2||2||1|2|2|1|2|2|2|2|2||3||1600000
3416348|1|1|1|584.73866149|34163481|2||2||1|1|2|2|2|2|2|2|2||1||2400000
3416349|1|1|1|233.19556229|34163491|2||2||1|1|1|2|2|2|2|2|1||1||900000
3416350|1|1|1|522.72471898|34163501|2||2||1|1|2|2|2|2|2|2|2||1||1800000
3416351|1|1|1|356.88617624|34163511|2||2||1|2|2|2|2|2|2|2|1||8||600000
3416352|1|1|1|794.30684005|34163521|2||2||1|1|2|2|2|2|2|2|2||1||3100000
3416353|1|1|1|327.00356974|34163531|2||2||1|1|1|2|2|2|2|2|2||1||2600000
3416354|1|1|1|539.90130063|34163541|2||2||1|2|2|2|1|2|2|2|2||4||1000000
3416355|1|1|1|727.08441589|34163551|2||2||1|1|2|2|2|2|2|2|2||1||99
3416356|1|1|1|552.5133317|34163561|2||2||1|1|2|2|2|2|2|2|2||1||98
3416357|1|1|1|745.49491102|34163571|2||2||1|2|2|1|2|2|2|2|2||3||99
3416358|1|1|1|848.78456308|34163581|2||2||1|1|2|2|2|2|2|2|2||1||700000
3416359|1|1|1|541.24267051|34163591|2||2||1|1|2|1|2|2|2|2|2||3||2000000
3416360|1|1|1|911.99501532|34163601|2||2||1|1|2|2|2|2|2|2|2||1||2000000
3416361|1|1|1|861.86120285|34163611|2||2||1|1|2|1|2|2|2|2|2||1||3600000
3416362|1|1|1|785.19719523|34163621|2||2||1|1|2|2|2|2|2|2|2||1||1800000
3416363|1|1|1|506.5129123|34163631|2||2||1|1|2|1|2|2|2|2|2||1||2600000
3416364|1|1|1|700.42217178|34163641|2||2||1|1|2|2|2|2|2|2|2||1||1400000
3416365|1|1|1|873.34050225|34163651|2||2||1|1|2|2|2|2|2|2|2||1||2200000
3416366|1|1|1|778.1719661|34163661|2||2||1|1|2|2|2|2|2|2|2||1||1800000
3416367|1|1|1|847.65811262|34163671|2||2||1|1|2|2|2|2|2|2|2||1||2900000
3416368|1|1|1|920.21642565|34163681|2||2||1|1|2|2|2|2|2|2|2||1||1600000
3416369|1|1|1|136.27020494|34163691|2||2||1|1|2|2|2|2|2|2|2||1||2300000
3416370|1|1|1|195.68522405|34163701|2||2||1|1|2|2|2|2|2|2|1||8||300000
3416371|1|1|1|159.80959964|34163711|2||2||1|1|2|2|2|2|2|2|2||1||1800000
3416372|1|1|1|125.36016458|34163721|2||2||1|1|2|2|2|2|2|2|2||1||1300000
3416373|1|1|1|161.47449919|34163731|2||2||1|1|2|2|2|2|2|2|2||1||1300000
3416374|1|1|1|140.68963376|34163741|2||2||1|1|2|2|2|2|2|2|2||1||2300000
3416375|1|1|1|161.4402922|34163751|2||2||1|1|2|2|2|2|2|2|2||1||2900000
3416376|1|1|1|112.21157554|34163761|2||2||1|1|1|2|2|2|2|2|2||1||1580000
3416377|1|1|1|191.77223926|34163771|2||2||1|1|2|2|2|2|2|2|2||1||1300000
3416378|1|1|1|141.76618982|34163781|2||2||1|1|2|2|2|2|2|2|2||1||1300000
3416379|1|1|1|101.20947611|34163791|2||2||1|1|2|2|2|2|2|2|1||1||1500000
3416381|1|1|1|130.38447461|34163811|2||2||1|2|2|2|1|2|2|2|2||4||98
3416382|1|1|1|179.36939087|34163821|2||2||1|1|2|2|2|2|2|2|2||1||800000
3416383|1|1|1|189.67502659|34163831|2||2||1|1|2|2|2|2|2|1|2||1||2700000
3416384|1|1|1|193.88581192|34163841|2||2||1|1|2|2|2|2|2|2|2||1||2600000
3416385|1|1|1|130.88752291|34163851|2||2||1|1|2|2|2|2|2|2|2||1||1200000
3416386|1|1|1|150.62744311|34163861|2||2||1|1|2|2|2|2|2|2|2||1||1900000
3416387|1|1|1|94.073147044|34163871|2||2||1|1|2|2|2|2|2|2|1||1||800000
3416388|1|1|1|135.08782497|34163881|2||1|1|1|1|2|2|2|2|2|2|2||1||1300000
3416389|1|1|1|96.875869237|34163891|2||2||1|2|2|2|2|2|2|2|2|1||2800000|
3416391|1|1|1|267.72551807|34163911|2||2||1|2|2|1|2|2|2|2|2||3||6000000
3416392|1|1|1|175.23400013|34163921|2||2||1|2|2|1|2|2|2|2|2||3||1600000
3416393|1|1|1|175.23400013|34163931|2||2||1|1|2|1|2|2|2|2|2||3||3000000
3416394|1|1|1|267.72551807|34163941|2||2||1|1|2|2|2|2|2|2|2||1||3000000
3416395|1|1|1|267.72551807|34163951|2||2||1|1|2|1|2|2|2|2|2||3||2500000
3416396|1|1|1|351.5393627|34163961|2||2||1|1|2|2|2|2|2|1|2||1||2800000
3416397|1|1|1|349.56586482|34163971|2||2||1|1|2|2|2|2|2|1|2||1||8000000
3416398|1|1|1|267.72551807|34163981|2||2||1|1|2|1|2|2|2|1|2||1||3000000
3416399|1|1|1|584.60102035|34163991|2||2||1|1|2|1|2|2|2|2|2||3||1500000
3416400|1|1|1|468.51965662|34164001|2||2||2|2|2|1|2|2|2|2|2||3||2900000
3416401|1|1|1|306.65950022|34164011|2||2||1|2|2|1|2|2|2|2|2||3||4000000
3416402|1|1|1|870.20931598|34164021|2||2||1|1|2|2|2|2|2|2|2||1||5000000
3416403|1|1|1|306.65950022|34164031|2||2||1|1|2|2|2|2|2|2|2||1||1500000
3416404|1|1|1|577.15700705|34164041|2||2||1|1|2|1|2|2|2|2|2||3||2800000
3416405|1|1|1|468.51965662|34164051|2||2||1|1|2|2|2|2|2|2|2||1||3000000
3416406|1|1|1|306.65950022|34164061|2||2||1|1|2|1|2|2|2|2|2||1||1300000
3416407|1|1|1|320.26669151|34164071|2||2||1|1|2|2|2|2|2|2|2||1||6000000
3416408|1|1|1|759.99322855|34164081|2||2||1|1|2|2|2|2|2|2|2||1||1500000
3416409|1|1|1|575.28212277|34164091|2||2||1|1|2|2|2|2|2|2|1||1||10000000
3416410|1|1|1|469.29846706|34164101|2||2||2|1|2|2|2|2|2|2|2||1||680000
3416411|1|1|1|266.82338264|34164111|2||2||2|1|2|2|2|2|2|2|2||1||2600000
3416412|1|1|1|473.05646524|34164121|2||2||1|1|2|2|2|2|2|2|2||1||2290000
3416413|1|1|1|294.49806987|34164131|2||2||1|1|2|2|2|2|2|2|2||1||1500000
3416414|1|1|1|294.49806987|34164141|1|1|2||1|1|2|1|2|2|2|1|2||3||5000000
3416415|1|1|1|246.99820574|34164151|2||2||1|2|2|1|2|2|2|2|2||3||4000000
3416416|1|1|1|310.39598603|34164161|2||2||1|1|2|2|2|2|2|2|2||1||3000000
3416417|1|1|1|192.75740014|34164171|2||2||1|1|2|2|2|2|2|2|2||1||1500000
3416418|1|1|1|403.58356409|34164181|2||2||1|1|2|2|2|2|2|2|2||1||1600000
3416419|1|1|1|345.15879051|34164191|2||2||2|1|2|2|2|2|2|2|2||1||3460000
3416420|1|1|1|194.70444458|34164201|2||2||1|1|2|1|2|2|2|2|2||3||8000000
3416421|1|1|1|194.70444458|34164211|2||2||1|2|2|1|2|2|2|2|2||3||1300000
3416422|1|1|1|600.49351216|34164221|2||2||1|1|2|1|2|2|2|2|2||3||12000000
3416423|1|1|1|295.28002243|34164231|2||2||1|1|2|2|2|2|2|2|2||1||4600000
3416424|1|1|1|194.70444458|34164241|2||2||1|2|2|1|2|2|2|2|1||3||2300000
3416425|1|1|1|295.28002243|34164251|2||2||1|1|2|2|2|2|2|1|2||1||19000000
3416426|1|1|1|194.70444458|34164261|2||2||1|1|2|2|2|2|2|2|2||1||7000000
3416427|1|1|1|1467.5040461|34164271|2||2||1|1|2|2|2|2|2|2|2||1||2000000
3416428|1|1|1|93.502011209|34164281|2||2||1|1|2|2|2|2|2|2|2||1||1500000
3416429|1|1|1|146.44494449|34164291|2||2||1|1|2|2|1|2|2|2|2||1||1200000
3416430|1|1|1|158.05579027|34164301|2||2||1|1|2|2|2|2|2|2|2||1||600000
3416431|1|1|1|158.87134956|34164311|2||2||1|1|1|2|2|2|2|2|2||1||700000
3416432|1|1|1|158.87134956|34164321|2||2||1|1|1|2|2|2|2|2|2||1||380000
3416433|1|1|1|106.7117536|34164331|2||2||1|1|2|2|2|2|2|2|2||1||1200000
3416434|1|1|1|155.76512664|34164341|2||2||1|1|2|2|2|2|2|2|2||1||1800000
3416435|1|1|1|87.384152921|34164351|2||2||1|1|2|2|2|2|2|2|2||1||1700000
3416436|1|1|1|105.16520644|34164361|2||2||1|1|2|2|2|2|2|2|2||1||2000000
3416437|1|1|1|68.992036561|34164371|2||2||1|1|2|2|1|2|2|2|2||1||1500000
3416438|1|1|1|174.34991976|34164381|2||2||1|1|2|2|2|2|2|2|2||1||5000000
3416439|1|1|1|97.850443252|34164391|2||2||1|1|2|2|2|2|2|2|2||1||2500000
3416440|1|1|1|151.02305892|34164401|2||2||1|1|2|2|2|2|2|2|2||1||2800000
3416441|1|1|1|157.19306332|34164411|2||2||1|1|1|2|2|2|2|2|1||1||1300000
3416442|1|1|1|140.06078397|34164421|2||2||1|1|1|2|2|2|2|2|2||1||1000000
3416444|1|1|1|60.875326377|34164441|2||2||1|1|2|2|2|2|2|2|2||1||1500000
3416445|1|1|1|164.8748481|34164451|2||2||1|1|2|2|2|2|2|2|2||1||1300000
3416446|1|1|1|124.25650205|34164461|2||2||1|1|2|2|1|2|2|2|2||1||1800000
3416447|1|1|1|144.31180851|34164471|2||2||1|1|2|2|2|2|2|2|2||1||600000
3416449|1|1|1|206.78132094|34164491|2||1|1|1|1|1|2|1|2|1|2|2||4||1000000
3416450|1|1|1|162.27471381|34164501|2||2||1|1|1|2|2|2|2|2|2||2||500000
3416451|1|1|1|76.23115279|34164511|2||2||1|1|2|2|2|2|2|2|2||1||1700000
3416452|1|1|1|84.814030777|34164521|2||2||1|1|2|2|2|2|2|2|2||1||1500000
3416453|1|1|1|142.6009214|34164531|2||2||1|1|2|2|2|2|2|2|2||1||2500000
3416454|1|1|1|118.47127952|34164541|2||2||1|1|2|2|2|2|2|2|2||1||2800000
3416455|1|1|1|76.23115279|34164551|2||2||1|1|2|2|2|2|2|2|2||1||3000000
3416456|1|1|1|158.45742742|34164561|2||2||1|2|2|1|2|2|2|2|2||3||1100000
3416457|1|1|1|66.962859015|34164571|2||2||1|1|2|2|2|2|2|2|2||1||900000
3416458|1|1|1|159.85900276|34164581|2||2||1|1|2|2|1|2|2|2|2||1||1800000
3416459|1|1|1|157.61072371|34164591|2||1|1|1|1|2|2|2|2|2|2|1||1||2000000
3416460|1|1|1|93.489234151|34164601|2||2||1|1|2|2|2|2|2|2|2||1||2000000
3416462|1|1|1|73.921117857|34164621|2||2||1|1|2|2|2|2|2|2|2||1||1000000
3416463|1|1|1|146.60247214|34164631|2||2||1|1|2|2|2|2|2|2|2||1||1300000
3416464|1|1|1|120.90876369|34164641|2||2||1|1|2|2|2|2|2|2|1||1||1500000
3416466|1|1|1|153.65568719|34164661|2||2||1|1|2|2|2|2|2|1|2||1||2000000
3416468|1|1|1|121.54457216|34164681|2||1|3|1|1|2|2|2|2|2|2|1||1||1500000
3416469|1|1|1|170.32621116|34164691|2||2||1|1|2|2|2|2|2|2|2||1||2000000
3416471|1|1|1|105.2757721|34164711|2||2||1|1|2|2|2|2|2|2|2||1||2000000
3416472|1|1|1|106.21923116|34164721|2||2||1|1|2|2|2|2|2|2|2||1||1500000
3416473|1|1|1|135.03243194|34164731|2||2||1|1|2|2|2|2|2|2|2||1||2000000
3416475|1|1|1|88.799690926|34164751|2||2||1|1|2|2|2|2|2|2|2||1||1200000
3416476|1|1|1|157.04659055|34164761|2||2||1|1|2|2|1|2|2|2|2||1||900000
3416477|1|1|1|76.491191578|34164771|2||2||1|1|2|2|2|2|2|2|2||1||2000000
3416478|1|1|1|129.00872228|34164781|2||2||1|1|2|2|2|2|2|2|2||1||1500000
3416479|1|1|1|77.497912081|34164791|2||2||1|1|2|2|2|2|2|2|1||1||1300000
3416480|1|1|1|85.234069544|34164801|2||2||1|1|2|2|2|2|2|2|2||1||1800000
3416481|1|1|1|83.513546294|34164811|2||2||1|1|2|2|2|2|2|2|2||1||3500000
3416483|1|1|1|204.51641052|34164831|2||2||1|1|2|2|2|2|2|2|2||1||1600000
3416484|1|1|1|278.87348102|34164841|2||2||1|1|2|2|2|2|2|2|2||1||2500000
3416485|1|1|1|367.04500444|34164851|2||2||2|1|2|2|2|2|2|2|2||1||1200000
3416486|1|1|1|201.56663114|34164861|2||2||1|1|2|2|2|2|2|2|2||1||1000000
3416487|1|1|1|212.89470786|34164871|2||2||1|1|2|2|2|2|2|2|2||1||1800000
3416488|1|1|1|268.8371033|34164881|2||2||2|1|1|2|2|2|2|2|2||1||1000000
3416489|1|1|1|439.99944634|34164891|2||2||2|1|2|2|2|2|2|2|2||1||1300000
3416490|1|1|1|309.60032965|34164901|2||2||1|1|2|2|2|2|2|2|2||1||1600000
3416491|1|1|1|181.1605079|34164911|2||2||2|1|2|2|2|2|2|2|2||1||3000000
3416492|1|1|1|193.5119388|34164921|2||2||1|1|2|2|2|2|2|2|2||1||5000000
3416493|1|1|1|214.09212527|34164931|2||2||2|1|2|2|2|2|2|2|2||1||1200000
3416494|1|1|1|151.72206015|34164941|2||2||1|1|2|2|2|2|2|2|2||1||1200000
3416495|1|1|1|160.27292249|34164951|2||2||1|1|2|1|2|2|2|2|2||3||1300000
3416496|1|1|1|119.58784775|34164961|2||2||1|1|2|2|2|2|2|2|2||1||2000000
3416497|1|1|1|101.12984957|34164971|2||2||1|1|2|2|2|2|2|2|2||1||1300000
3416498|1|1|1|318.65156949|34164981|2||2||1|1|2|2|2|2|2|2|2||1||2500000
3416499|1|1|1|262.17500317|34164991|2||2||1|1|2|2|2|2|2|2|2||1||1700000
3416500|1|1|1|192.02650235|34165001|2||2||1|1|2|2|2|2|2|2|2||1||2500000
3416501|1|1|1|367.87003796|34165011|2||2||1|1|2|2|2|2|2|2|2||1||1600000
3416502|1|1|1|123.58494457|34165021|2||2||1|2|2|1|2|2|2|2|1||3||1500000
3416503|1|1|1|204.05462989|34165031|2||2||1|1|2|1|2|2|2|2|2||1||4500000
3416504|1|1|1|190.29232081|34165041|2||2||1|1|2|1|2|2|2|2|2||1||3500000
3416505|1|1|1|98.955455254|34165051|2||2||2|1|2|2|2|2|2|2|2||1||6000000
3416506|1|1|1|154.81842872|34165061|2||2||1|1|2|2|2|2|2|2|2||1||3000000
3416507|1|1|1|491.1621798|34165071|2||2||2|1|2|2|2|2|2|2|2||1||3000000
3416508|1|1|1|179.30086371|34165081|2||2||1|1|2|1|2|2|2|2|2||1||3000000
3416509|1|1|1|223.02774153|34165091|2||2||1|1|2|2|2|2|2|2|2||1||2000000
3416510|1|1|1|244.91325549|34165101|2||2||1|1|2|1|2|2|2|2|2||3||5000000
3416511|1|1|1|258.80072557|34165111|2||2||1|1|2|2|2|2|2|2|2||1||800000
3416512|1|1|1|202.85833014|34165121|2||2||1|1|2|2|2|2|2|2|1||1||1800000
3416513|1|1|1|152.3284515|34165131|2||2||1|1|2|2|2|2|2|2|2||1||4000000
3416514|1|1|1|228.96131784|34165141|2||2||1|1|2|1|2|2|2|2|2||1||8000000
3416515|1|1|1|321.23564267|34165151|2||2||1|1|2|2|2|2|2|2|2||1||2500000
3416516|1|1|1|174.3106214|34165161|2||2||2|1|2|2|2|2|2|2|2||1||3800000
3416517|1|1|1|97.082823802|34165171|2||2||1|1|2|2|2|2|2|2|2||1||1600000
3416518|1|1|1|257.05347874|34165181|2||2||1|1|2|2|2|2|2|2|2||1||3000000
3416519|1|1|1|311.87959613|34165191|2||2||1|2|2|2|2|2|2|2|1||8||800000
3416519|1|2|2|311.87959613|34165192|2||2||1|1|2|2|2|2|2|2|1||8||900000
3416519|1|3|3|311.87959613|34165193|2||2||1|2|2|2|2|2|2|2|1||8||600000
3416519|1|4|4|311.87959613|34165194|2||2||1|1|2|2|2|2|2|2|2||1||2400000
3416519|1|5|5|311.87959613|34165195|2||2||1|1|2|2|2|2|2|2|2||1||1200000
3416520|1|1|1|305.87083703|34165201|2||2||1|1|2|2|2|2|2|2|2||1||9000000
3416521|1|1|1|232.39456752|34165211|2||2||1|1|2|2|2|2|2|2|2||1||3000000
3416522|1|1|1|203.01796374|34165221|2||2||1|1|2|2|2|2|2|2|2||1||2000000
3416523|1|1|1|167.97219262|34165231|2||2||1|2|2|1|2|2|2|2|2||3||2800000
3416524|1|1|1|180.62150018|34165241|2||2||1|1|2|2|2|2|2|2|2||1||4000000
3416525|1|1|1|327.46189889|34165251|2||2||1|1|2|2|2|2|2|2|2||1||2000000
3416526|1|1|1|234.5008216|34165261|2||2||1|1|2|2|2|2|2|2|2||1||4500000
3416527|1|1|1|343.65758175|34165271|2||2||1|1|2|1|2|2|2|2|2||3||2000000
3416528|1|1|1|178.31347695|34165281|2||2||1|1|2|2|2|2|2|2|1||1||1300000
3416529|1|1|1|282.7063333|34165291|2||2||1|1|2|2|2|2|2|2|2||1||2000000
3416530|1|1|1|501.3535599|34165301|2||2||1|1|2|2|2|2|2|2|2||1||2000000
3416531|1|1|1|281.57677204|34165311|2||2||1|1|2|2|2|2|2|2|1||1||1700000
3416532|1|1|1|260.95444609|34165321|2||2||1|1|2|2|2|2|2|2|2||1||1000000
3416533|1|1|1|215.16506124|34165331|2||2||1|2|2|2|2|2|2|2|1||8||400000
3416534|1|1|1|141.13304095|34165341|2||2||1|1|2|2|2|2|2|2|2||1||1300000
3416535|1|1|1|200.98461352|34165351|2||2||1|1|2|2|2|2|2|2|2||1||4000000
3416536|1|1|1|249.53105982|34165361|2||2||1|1|2|2|2|2|2|2|2||1||1300000
3416537|1|1|1|329.07764366|34165371|2||2||1|1|1|2|2|2|2|2|2||1||1400000
3416538|1|1|1|191.54375305|34165381|2||2||1|1|2|2|2|2|2|2|2||1||1300000
3416539|1|1|1|200.98461352|34165391|2||2||1|1|2|2|2|2|2|2|2||1||2000000
3416540|1|1|1|156.89276193|34165401|2||2||1|1|2|2|2|2|2|2|1||1||2000000
3416541|1|1|1|329.07764366|34165411|2||2||1|1|2|2|2|2|2|2|2||1||1000000
3416542|1|1|1|203.45019576|34165421|2||2||1|1|2|2|2|2|2|2|1||8||500000
3416543|1|1|1|246.60247808|34165431|2||2||1|1|2|2|2|2|2|2|2||1||1300000
3416544|1|1|1|243.93563506|34165441|2||2||1|1|2|2|2|2|2|2|2||1||1500000
3416545|1|1|1|372.19841975|34165451|2||2||1|1|2|2|2|2|2|2|2||1||1300000
3416546|1|1|1|277.93242323|34165461|2||2||1|1|1|2|2|2|2|2|2||1||100000
3416547|1|1|1|151.23982988|34165471|2||2||1|1|2|2|2|2|2|2|2||1||1500000
3416548|1|1|1|143.39894999|34165481|2||2||1|1|2|1|2|2|2|2|2||1||1300000
3416549|1|1|1|233.28837475|34165491|2||2||1|1|2|2|2|2|2|2|2||1||1000000
3416550|1|1|1|209.85847064|34165501|2||2||1|1|2|2|2|2|2|2|2||1||300000
3416551|1|1|1|163.49984521|34165511|2||2||1|1|2|1|2|2|2|2|2||3||1500000
3416552|1|1|1|332.73224553|34165521|2||2||1|1|2|2|2|2|2|2|2||1||1400000
3416553|1|1|1|325.1811367|34165531|2||2||1|1|2|2|2|2|2|2|2||1||1300000
3416554|1|1|1|267.36130454|34165541|2||2||1|1|2|2|2|2|2|2|2||1||1500000
3416555|1|1|1|179.72370304|34165551|2||2||1|1|2|2|2|2|2|2|2||1||4000000
3416556|1|1|1|222.40882864|34165561|2||2||1|1|2|2|2|2|2|2|2||1||1200000
3416557|1|1|1|214.99171162|34165571|2||2||1|2|2|1|2|2|2|2|2||3||1300000
3416559|1|1|1|371.50094854|34165591|2||2||1|1|2|2|2|2|2|2|2||1||99
3416560|1|1|1|219.54413934|34165601|2||2||2|1|2|2|2|2|2|2|2||1||99
3416561|1|1|1|279.8720912|34165611|2||2||1|1|2|2|2|2|2|2|2||1||700000
3416562|1|1|1|288.80102526|34165621|2||2||1|1|2|2|2|2|2|1|2||1||2500000
3416563|1|1|1|746.16184742|34165631|2||2||1|1|2|2|2|2|2|2|2||1||600000
3416564|1|1|1|334.84992895|34165641|2||2||1|1|2|2|2|2|2|2|2||1||400000
3416565|1|1|1|533.63942215|34165651|2||2||1|1|2|2|2|2|2|2|2||1||1500000
3416566|1|1|1|195.00447298|34165661|2||2||1|1|2|2|2|2|2|2|2||1||900000
3416567|1|1|1|584.49232385|34165671|2||2||1|1|2|2|2|2|2|2|2||1||5000000
3416568|1|1|1|396.90088228|34165681|2||2||1|1|2|2|2|2|2|2|2||1||1500000
3416569|1|1|1|362.52055204|34165691|2||2||1|1|1|2|2|2|2|2|2||1||900000
3416570|1|1|1|533.63942215|34165701|2||2||1|1|2|2|2|2|2|2|2||1||600000
3416571|1|1|1|360.47998086|34165711|2||2||1|1|2|2|2|2|2|1|2||7||1200000
3416572|1|1|1|243.45118979|34165721|2||2||1|1|2|2|2|2|2|2|2||1||2000000
3416573|1|1|1|296.54510486|34165731|2||2||1|1|2|2|2|2|2|2|2||1||2600000
3416574|1|1|1|455.20665937|34165741|2||2||1|1|2|2|2|2|2|2|2||1||1300000
3416575|1|1|1|265.98436036|34165751|2||1|1|1|1|2|2|2|2|2|2|2||1||2200000
3416576|1|1|1|310.4328357|34165761|2||2||2|1|2|2|2|2|2|2|2||1||1600000
3416577|1|1|1|404.64496187|34165771|2||2||1|1|2|2|2|2|2|2|2||1||1300000
3416578|1|1|1|282.65737402|34165781|2||2||2|1|2|2|2|2|2|2|2||1||1300000
3416579|1|1|1|273.72843996|34165791|2||1|1|1|2|2|2|2|2|2|2|1||8||600000
3416580|1|1|1|363.77981602|34165801|2||2||1|1|1|2|1|2|2|2|2||1||500000
3416581|1|1|1|360.47998086|34165811|2||2||1|1|1|2|2|2|2|2|2||1||380000
3416582|1|1|1|281.2356014|34165821|2||2||1|1|2|2|2|2|2|2|2||1||1300000
3416583|1|1|1|375.13532928|34165831|2||2||1|1|2|2|2|2|2|2|1||1||2500000
3416584|1|1|1|275.09195016|34165841|2||2||2|1|2|2|2|2|2|1|2||1||700000
3416585|1|1|1|404.1989589|34165851|2||2||1|1|2|2|2|2|2|2|2||1||500000
3416586|1|1|1|481.44686722|34165861|2||2||1|1|2|2|2|2|2|2|2||1||450000
3416587|1|1|1|337.35265019|34165871|2||2||1|1|2|2|2|2|2|1|2||7||2000000
3416588|1|1|1|362.52055204|34165881|1|1|2||1|2|2|1|2|2|2|2|2||3||99
3416589|1|1|1|299.23240541|34165891|2||2||1|2|2|2|1|2|2|2|1||8||500000
3416590|1|1|1|701.93610175|34165901|2||2||1|1|2|2|2|2|2|2|2||1||2000000
3416591|1|1|1|283.60870821|34165911|2||2||1|1|2|2|2|2|2|2|2||1||800000
3416592|1|1|1|405.53997847|34165921|2||2||1|1|2|2|2|2|2|2|2||1||900000
3416593|1|1|1|325.10214112|34165931|2||2||1|1|2|2|2|2|2|2|2||1||1000000
3416594|1|1|1|274.89661867|34165941|2||2||1|1|2|2|1|2|2|2|2||1||650000
3416595|1|1|1|307.37161112|34165951|1|1|2||1|1|2|2|2|2|2|2|2||1||99
3416596|1|1|1|322.58769778|34165961|2||2||1|2|2|2|2|2|2|1|1||7||700000
3416597|1|1|1|311.28100279|34165971|2||2||1|1|2|2|2|2|2|2|2||1||3000000
3416598|1|1|1|354.46453977|34165981|2||2||1|2|2|1|2|2|2|2|2||3||99
3416599|1|1|1|458.96320805|34165991|2||2||1|1|2|2|2|2|2|2|2||1||1300000
3416600|1|1|1|258.8030006|34166001|2||2||2|1|2|2|2|2|2|2|2||1||4000000
3416601|1|1|1|400.11725993|34166011|2||2||1|1|2|2|2|2|2|2|2||1||7000000
3416602|1|1|1|397.27126636|34166021|2||2||1|1|2|2|2|2|2|2|2||1||1300000
3416603|1|1|1|200.34629145|34166031|2||2||1|1|2|2|2|2|2|2|2||1||3000000
3416604|1|1|1|284.440141|34166041|2||2||1|1|2|2|2|2|2|2|2||1||1500000
3416605|1|1|1|353.144694|34166051|2||2||1|1|2|2|2|2|2|2|2||1||1500000
3416606|1|1|1|284.440141|34166061|2||2||1|1|2|2|2|2|2|2|2||1||4000000
3416607|1|1|1|270.7468962|34166071|2||2||1|1|2|2|2|2|2|2|2||1||600000
3416608|1|1|1|268.33172586|34166081|2||2||1|1|1|2|2|2|2|2|2||1||2000000
3416609|1|1|1|417.27277109|34166091|2||2||1|1|2|2|2|2|2|2|1||8||500000
3416610|1|1|1|252.26372302|34166101|2||2||1|1|1|2|2|2|2|2|2||1||1380000
3416611|1|1|1|360.32452183|34166111|2||2||1|1|1|2|2|2|2|2|2||1||800000
3416612|1|1|1|467.0191113|34166121|2||2||1|1|2|2|2|2|2|2|1||1||300000
3416613|1|1|1|685.82106519|34166131|2||2||1|1|2|2|1|2|2|2|2||1||500000
3416614|1|1|1|332.31050604|34166141|2||2||1|2|2|2|2|2|2|1|1||7||800000
3416615|1|1|1|291.82594011|34166151|2||2||1|1|1|2|2|2|2|1|2||7||400000
3416616|1|1|1|216.8910978|34166161|2||2||1|1|2|2|2|2|2|2|2||1||1500000
3416617|1|1|1|384.00570879|34166171|2||2||1|1|2|2|2|2|2|2|2||1||600000
3416618|1|1|1|378.19764909|34166181|2||2||1|1|2|2|2|2|2|2|2||1||1400000
3416619|1|1|1|140.28158152|34166191|2||2||1|1|2|2|2|2|2|2|2||1||1300000
3416620|1|1|1|474.2732566|34166201|2||2||1|1|2|2|2|2|2|2|2||1||800000
3416621|1|1|1|199.48827027|34166211|2||2||1|1|2|2|2|2|2|2|1||1||2000000
3416622|1|1|1|207.0393791|34166221|2||2||1|1|2|2|2|2|2|2|2||1||1000000
3416623|1|1|1|199.48827027|34166231|2||2||1|1|2|2|2|2|2|2|2||1||700000
3416624|1|1|1|439.25788374|34166241|2||2||1|1|2|2|2|2|2|2|2||1||1000000
3416625|1|1|1|264.33930521|34166251|2||2||1|2|2|2|2|2|2|2|1||8||900000
3416626|1|1|1|199.48827027|34166261|2||2||1|1|2|2|2|2|2|2|2||1||600000
3416627|1|1|1|400.22956661|34166271|2||2||1|1|2|2|2|2|2|2|2||1||1500000
3416628|1|1|1|404.64496187|34166281|2||2||1|1|1|2|2|2|2|2|2||1||600000
3416629|1|1|1|318.35557103|34166291|2||2||1|1|2|2|2|2|2|1|2||1||700000
3416630|1|1|1|375.26907184|34166301|2||2||1|1|2|2|2|2|2|2|2||1||1000000
3416631|1|1|1|741.35784941|34166311|2||2||2|1|2|2|2|2|2|2|2||1||1400000
3416632|1|1|1|318.35557103|34166321|2||2||1|2|2|2|2|2|2|2|1||8||280000
3416633|1|1|1|525.89534256|34166331|2||2||2|1|2|2|2|2|2|2|2||1||99
3416634|1|1|1|404.64496187|34166341|2||2||1|1|2|2|2|2|2|2|1||1||800000
3416635|1|1|1|273.72843996|34166351|2||2||1|1|2|2|2|2|2|2|2||1||600000
3416636|1|1|1|474.88764209|34166361|2||2||1|1|2|2|2|2|2|2|2||1||350000
3416636|1|2|2|474.88764209|34166362|2||2||1|1|2|2|2|2|2|2|2||1||600000
3416636|1|3|3|474.88764209|34166363|2||2||1|1|2|2|2|2|2|2|2||1||600000
3416637|1|1|1|495.33459806|34166371|2||2||1|1|2|2|1|2|2|2|2||1||500000
3416638|1|1|1|425.71822087|34166381|2||2||1|1|2|2|1|2|2|2|2||1||800000
3416639|1|1|1|576.74824425|34166391|2||2||1|1|2|2|2|2|2|2|2||1||4500000
3416640|1|1|1|304.28918446|34166401|2||2||2|1|2|2|2|2|2|2|2||1||700000
3416641|1|1|1|329.91923636|34166411|2||2||1|2|1|2|2|2|2|2|1||8||300000
3416642|1|1|1|187.04210869|34166421|2||2||1|1|1|2|2|2|2|2|2||1||800000
3416643|1|1|1|207.93164851|34166431|2||2||1|1|2|2|2|2|2|2|2||1||800000
3416644|1|1|1|341.17223593|34166441|2||2||1|1|1|2|2|2|2|2|1||8||350000
3416645|1|1|1|495.62580226|34166451|2||2||1|1|2|2|2|2|2|2|1||1||700000
3416646|1|1|1|187.04210869|34166461|2||2||1|1|2|2|2|2|2|2|2||1||99
3416647|1|1|1|300.54334633|34166471|2||2||1|1|2|2|2|2|2|2|2||1||800000
3416648|1|1|1|325.92099489|34166481|2||2||1|1|2|2|2|2|2|2|2||1||670000
3416649|1|1|1|301.05133973|34166491|2||2||1|1|2|2|2|2|2|2|2||1||3900000
3416650|1|1|1|301.05133973|34166501|2||2||1|2|2|2|2|2|2|2|1||8||99
3416656|1|1|1|181.4879373|34166561|2||2||1|2|2|2|2|2|2|2|1||8||98
3416658|1|1|1|263.12484241|34166581|2||2||1|1|2|2|1|2|2|2|2||4||98
3416659|1|1|1|295.44528611|34166591|2||2||1|1|2|2|2|2|2|2|2||1||1300000
3416660|1|1|1|342.57471223|34166601|2||2||1|1|2|2|2|2|2|2|2||1||1000000
3416661|1|1|1|476.87972541|34166611|2||2||2|1|2|2|2|2|2|2|2||1||1200000
3416662|1|1|1|151.23994775|34166621|2||2||1|1|2|2|2|2|2|2|2||1||2600000
3416663|1|1|1|396.22373705|34166631|2||2||1|1|2|2|2|2|2|2|2||1||2500000
3416664|1|1|1|157.97160156|34166641|2||2||1|1|2|2|2|2|2|2|2||1||98
3416665|1|1|1|295.44528611|34166651|2||2||1|1|2|2|2|2|2|2|2||1||700000
3416666|1|1|1|157.18301976|34166661|2||2||1|1|2|2|1|2|2|2|2||1||1300000
3416667|1|1|1|251.8016023|34166671|2||2||1|1|2|2|2|2|2|2|1||1||1800000
3416668|1|1|1|295.44528611|34166681|2||2||1|1|2|2|2|2|2|2|2||1||1300000
3416669|1|1|1|280.95451942|34166691|2||2||1|1|2|2|2|2|2|2|1||1||250000
3416669|1|2|2|280.95451942|34166692|2||2||1|1|2|2|2|2|2|2|2||1||800000
3416669|1|3|3|280.95451942|34166693|2||2||1|1|2|2|2|2|2|2|2||1||1200000
3416669|1|4|4|280.95451942|34166694|2||2||1|1|2|2|2|2|2|2|2||1||1300000
3416670|1|1|1|247.80722047|34166701|2||2||1|1|2|2|2|2|2|2|2||1||2000000
3416671|1|1|1|360.77335642|34166711|2||2||1|1|2|2|2|2|2|2|2||1||800000
3416672|1|1|1|326.99115867|34166721|2||2||2|1|2|2|2|2|2|2|2||1||500000
3416674|1|1|1|193.17906487|34166741|2||2||1|2|2|2|1|2|2|2|2||4||400000
3416675|1|1|1|360.77335642|34166751|2||2||1|1|2|2|2|2|2|2|2||1||1300000
3416676|1|1|1|283.8476187|34166761|2||2||1|1|2|2|2|2|2|2|2||1||1600000
3416677|1|1|1|425.46214842|34166771|2||2||1|1|2|2|2|2|2|2|2||1||1000000
3416679|1|1|1|196.73250175|34166791|2||2||1|1|2|2|2|2|2|2|2||1||2500000
3416680|1|1|1|187.06078038|34166801|2||2||2|1|2|2|2|2|2|2|2||1||2000000
3416682|1|1|1|113.68214421|34166821|2||2||1|1|2|2|2|2|2|2|2||1||1400000
3416684|1|1|1|95.785300243|34166841|2||2||1|1|2|2|2|2|2|2|2||1||1300000
3416685|1|1|1|251.77636956|34166851|2||2||1|1|2|2|2|2|2|2|2||1||1300000
3416686|1|1|1|383.14120097|34166861|2||2||1|1|2|2|2|2|2|2|2||1||5000000
3416687|1|1|1|113.68214421|34166871|2||2||1|1|2|2|2|2|2|2|1||1||1500000
3416688|1|1|1|100.04868099|34166881|2||2||1|1|2|1|2|2|2|2|2||3||3000000
3416705|1|1|1|71.040207298|34167051|2||2||1|1|2|2|2|2|2|2|1||1||2500000
3416707|1|1|1|66.483698924|34167071|1|1|2||1|1|2|2|2|2|2|2|1||1||500000
3416708|1|1|1|105.44378568|34167081|2||2||1|2|1|2|2|2|2|2|2||2||410000
3416711|1|1|1|214.76180642|34167111|2||2||1|2|2|2|1|2|2|2|1||8||1500000
3416714|1|1|1|61.392771739|34167141|2||2||1|1|2|2|2|2|2|2|2||1||1200000
3416715|1|1|1|79.496558198|34167151|2||2||1|2|2|2|2|2|2|2|1||8||1500000
3416716|1|1|1|78.354612427|34167161|2||2||1|2|2|2|2|2|2|1|2||7||2500000
3416718|1|1|1|55.253494565|34167181|2||2||1|1|2|2|2|2|2|2|2||1||1300000
3416719|1|1|1|54.149710595|34167191|2||2||1|1|2|2|2|2|2|2|2||1||600000
3416720|1|1|1|54.002455753|34167201|2||2||1|1|2|2|2|2|2|2|2||1||1800000
3416730|1|1|1|55.253494565|34167301|2||2||1|1|2|2|1|2|2|2|2||4||500000
3416735|1|1|1|221.01397826|34167351|2||2||1|1|2|2|2|2|2|2|1||1||700000
3416736|1|1|1|116.75752191|34167361|2||2||1|1|2|2|2|2|2|2|1||1||1300000
3416737|1|1|1|232.00688583|34167371|2||2||1|1|2|2|2|2|2|2|2||1||900000
3416738|1|1|1|370.42338762|34167381|2||2||1|1|2|2|2|2|2|2|2||1||1300000
3416739|1|1|1|142.22203452|34167391|2||2||1|1|2|2|2|2|2|2|2||1||1000000
3416740|1|1|1|409.93596301|34167401|2||2||2|1|2|2|2|2|2|2|2||1||2600000
3416741|1|1|1|466.73912746|34167411|2||2||2|1|2|2|2|2|2|2|2||1||4000000
3416742|1|1|1|232.00688583|34167421|2||2||1|1|2|2|1|2|2|2|2||1||2000000
3416743|1|1|1|342.24569282|34167431|2||2||1|1|2|2|2|2|2|2|2||1||2600000
3416744|1|1|1|170.39972933|34167441|2||2||1|1|2|2|2|2|2|2|2||1||1300000
3416745|1|1|1|234.04730267|34167451|2||2||1|1|2|2|2|2|2|2|2||1||2000000
3416746|1|1|1|196.03955969|34167461|2||2||1|2|2|1|2|2|2|2|2||3||1300000
3416747|1|1|1|548.87841659|34167471|2||2||1|1|2|2|2|2|2|2|2||1||8000000
3416748|1|1|1|420.08546697|34167481|2||2||1|1|2|2|2|2|2|2|2||1||4000000
3416749|1|1|1|237.72279602|34167491|2||2||1|1|2|1|2|2|2|2|2||3||9000000
3416750|1|1|1|205.82940622|34167501|2||2||1|1|2|2|2|2|2|2|2||1||1000000
3416751|1|1|1|420.95780447|34167511|2||2||1|1|2|2|2|2|2|2|2||1||2000000
3416752|1|1|1|391.90777216|34167521|2||2||1|1|2|2|2|2|2|2|2||1||3000000
3416753|1|1|1|54.485821495|34167531|2||2||1|1|2|2|2|2|2|2|2||1||700000
3416754|1|1|1|80.485392754|34167541|2||2||1|2|2|2|2|2|2|1|1||7||600000
3416755|1|1|1|61.254072994|34167551|2||2||1|2|2|2|2|2|2|2|1||8||600000
3416756|1|1|1|96.666692735|34167561|2||2||1|1|2|2|2|2|2|2|2||1||1800000
3416757|1|1|1|134.22960407|34167571|2||2||1|1|2|2|2|2|2|2|2||1||4000000
3416758|1|1|1|120.69312385|34167581|2||2||1|1|2|1|2|2|2|2|2||3||1500000
3416759|1|1|1|88.094483066|34167591|2||2||1|1|2|2|2|2|2|2|2||1||1000000
3416760|1|1|1|66.248183953|34167601|2||2||1|1|2|2|2|2|2|2|2||1||98
3416761|1|1|1|106.89469514|34167611|2||2||2|1|2|2|2|2|2|2|2||1||5000000
3416762|1|1|1|52.979088105|34167621|2||2||1|1|2|2|2|2|2|2|1||8||400000
3416763|1|1|1|69.295095146|34167631|2||2||1|1|2|2|2|2|2|2|2||1||500000
3416764|1|1|1|97.489735946|34167641|2||2||1|2|2|2|2|2|2|2|1||8||900000
3416765|1|1|1|160.27726427|34167651|2||2||1|1|2|2|2|2|2|2|2||1||3000000
3416766|1|1|1|80.485392754|34167661|2||2||1|1|2|2|2|2|2|2|2||1||500000
3416767|1|1|1|161.08103843|34167671|2||2||1|1|2|2|2|2|2|2|2||1||600000
3416768|1|1|1|80.485392754|34167681|2||2||1|1|2|2|2|2|2|2|1||1||300000
3416769|1|1|1|136.35401731|34167691|2||2||2|1|2|2|2|2|2|2|2||1||2500000
3416770|1|1|1|102.88548875|34167701|2||2||1|1|2|2|2|2|2|2|2||1||1300000
3416771|1|1|1|96.740036479|34167711|2||2||1|1|2|2|2|2|2|2|2||1||4500000
3416772|1|1|1|104.3315018|34167721|2||2||1|1|2|2|2|2|2|2|1||8||200000
3416773|1|1|1|102.88548875|34167731|2||2||1|1|2|2|2|2|2|2|2||1||2000000
3416774|1|1|1|90.009116623|34167741|2||2||1|2|2|1|2|2|2|2|2||3||8000000
3416775|1|1|1|128.79671301|34167751|2||2||1|1|2|2|2|2|2|2|2||1||1300000
3416776|1|1|1|92.657486343|34167761|2||2||1|1|2|2|2|2|2|2|2||1||3000000
3416777|1|1|1|117.12269755|34167771|2||2||1|1|2|2|2|2|2|2|2||1||1300000
3416778|1|1|1|67.981442893|34167781|2||2||1|1|2|2|2|2|2|2|2||1||1300000
3416779|1|1|1|70.257390345|34167791|2||2||1|1|2|1|2|2|2|2|1||3||1300000
3416780|1|1|1|123.49302777|34167801|2||2||1|1|2|2|2|2|2|2|2||1||1200000
3416781|1|1|1|83.642336356|34167811|2||2||1|1|2|2|2|2|2|2|2||1||2500000
3416782|1|1|1|289.67361634|34167821|2||2||1|1|2|2|2|2|2|2|2||1||1700000
3416783|1|1|1|467.06129293|34167831|2||2||1|1|2|2|2|2|2|2|2||1||1000000
3416784|1|1|1|520.09138103|34167841|2||2||1|1|2|2|2|2|2|2|2||1||1500000
3416786|1|1|1|189.08419936|34167861|2||2||1|1|2|2|2|2|2|2|2||1||700000
3416787|1|1|1|406.06878549|34167871|2||2||1|1|2|2|2|2|2|2|2||1||1500000
3416788|1|1|1|373.81569057|34167881|2||2||1|1|2|2|2|2|2|2|2||1||900000
3416789|1|1|1|418.22787205|34167891|2||2||1|1|2|2|2|2|2|2|2||1||800000
3416790|1|1|1|472.41493766|34167901|2||2||1|1|2|2|2|2|2|2|2||1||1500000
3416791|1|1|1|435.82158121|34167911|2||2||1|1|2|2|2|2|2|2|2||1||99
3416792|1|1|1|263.1791677|34167921|2||2||1|1|2|2|2|2|2|2|2||1||1300000
3416793|1|1|1|382.52702167|34167931|2||2||1|1|2|2|2|2|2|2|2||1||2000000
3416794|1|1|1|302.92150707|34167941|2||2||1|2|2|2|2|2|2|2|1||8||98
3416795|1|1|1|419.32174566|34167951|2||2||1|1|2|2|2|2|2|2|2||1||2000000
3416796|1|1|1|449.06898448|34167961|2||2||1|1|2|2|2|2|2|2|2||1||1600000
3416797|1|1|1|351.67395008|34167971|2||2||1|2|2|2|2|2|2|2|1||8||98
3416798|1|1|1|338.42605936|34167981|2||2||1|1|2|2|2|2|2|2|2||1||2600000
3416799|1|1|1|481.31567714|34167991|2||2||1|1|2|2|2|2|2|2|2||1||2000000
3416800|1|1|1|236.3790568|34168001|2||2||1|1|2|2|2|2|2|2|2||1||2600000
3416801|1|1|1|435.82158121|34168011|2||2||1|1|2|2|2|2|2|2|2||1||99
3416803|1|1|1|338.42605936|34168031|2||2||1|1|2|2|2|2|2|2|2||1||1500000
3416804|1|1|1|435.82158121|34168041|2||2||1|1|2|2|2|2|2|2|2||1||800000
3416805|1|1|1|427.02018101|34168051|2||2||1|1|2|2|2|2|2|2|2||1||800000
3416806|1|1|1|365.00788812|34168061|2||2||1|1|2|2|2|2|2|2|2||1||3000000
3416807|1|1|1|431.27946469|34168071|2||2||1|1|2|2|2|2|2|2|2||1||800000
3416809|1|1|1|387.17850237|34168091|2||2||1|1|2|2|2|2|2|2|2||1||4000000
3416810|1|1|1|302.92150707|34168101|2||2||1|2|2|1|2|2|2|2|2||3||2600000
3416811|1|1|1|285.52369684|34168111|2||2||2|1|2|1|2|2|2|2|2||3||6000000
3416812|1|1|1|565.45775137|34168121|2||2||1|1|2|2|2|2|2|2|2||1||1500000
3416813|1|1|1|373.82209283|34168131|2||2||1|1|2|2|2|2|2|2|2||1||1300000
3416814|1|1|1|413.67935327|34168141|2||2||1|1|2|2|2|2|2|2|2||1||2000000
3416815|1|1|1|432.56323412|34168151|2||2||1|1|2|2|2|2|2|2|2||1||1500000
3416816|1|1|1|189.08419936|34168161|2||2||1|1|2|2|2|2|2|2|2||1||1800000
3416817|1|1|1|524.3222784|34168171|2||2||1|1|2|2|2|2|2|2|2||1||2600000
3416818|1|1|1|189.08419936|34168181|2||2||1|1|2|2|2|2|2|2|2||1||6000000
3416819|1|1|1|378.17480098|34168191|2||2||1|2|2|2|2|2|2|2|1||8||1200000
3416820|1|1|1|581.96350173|34168201|2||2||1|1|2|2|2|2|2|2|2||1||1500000
3416821|1|1|1|280.77287687|34168211|2||2||1|1|2|2|2|2|2|2|2||1||1700000
3416823|1|1|1|440.16824501|34168231|2||2||1|1|2|2|2|2|2|2|2||1||1300000
3416824|1|1|1|511.07487512|34168241|2||2||1|1|2|2|2|2|2|2|2||1||800000
3416825|1|1|1|302.92150707|34168251|2||2||1|1|2|2|2|2|2|2|2||1||99
3416826|1|1|1|254.36496299|34168261|2||2||1|1|2|2|2|2|2|2|2||1||800000
3416828|1|1|1|422.56813359|34168281|2||2||1|1|2|2|2|1|2|2|2||1||3000000
3416829|1|1|1|298.56879892|34168291|2||2||1|1|1|2|2|2|2|2|2||1||99
3416830|1|1|1|371.83150968|34168301|2||2||1|1|2|2|2|2|2|2|2||1||1300000
3416831|1|1|1|498.0818071|34168311|2||2||1|1|2|2|2|2|2|2|2||1||1500000
3416832|1|1|1|316.01553507|34168321|2||2||1|1|2|2|2|2|2|2|2||1||800000
3416836|1|1|1|412.08535949|34168361|2||2||1|1|2|2|2|2|2|2|2||1||1300000
3416837|1|1|1|498.0818071|34168371|2||2||1|1|2|2|2|2|2|2|2||1||99
3416838|1|1|1|216.09622784|34168381|2||1|1|1|2|2|2|2|2|2|2|1||8||800000
3416840|1|1|1|417.059326|34168401|2||2||1|1|2|2|2|2|2|2|2||1||1300000
3416841|1|1|1|387.0635813|34168411|2||2||1|1|2|2|2|2|2|2|2||1||500000
3416842|1|1|1|329.52531988|34168421|2||2||1|1|2|2|2|2|2|2|2||1||600000
3416844|1|1|1|280.77287687|34168441|2||2||1|1|2|2|2|2|2|2|2||1||500000
3416845|1|1|1|435.82158121|34168451|2||2||1|1|2|2|2|2|2|2|2||1||500000
3416846|1|1|1|205.61251997|34168461|2||2||1|1|2|2|2|2|2|2|2||1||800000
3416847|1|1|1|516.70530836|34168471|2||2||1|1|2|2|2|2|2|2|2||1||1300000
3416848|1|1|1|357.39732034|34168481|2||2||1|1|2|2|2|2|2|2|2||1||2000000
3416849|1|1|1|575.45285191|34168491|2||2||2|1|2|2|2|2|2|2|2||1||98
3416850|1|1|1|432.56323412|34168501|2||2||1|1|2|2|2|2|2|2|2||1||99
3416851|1|1|1|334.16677568|34168511|2||2||2|1|2|2|2|2|2|2|2||1||1300000
3416852|1|1|1|286.41526926|34168521|2||2||2|1|2|2|2|2|2|2|2||1||2000000
3416853|1|1|1|289.67361634|34168531|2||2||1|1|2|2|2|2|2|2|2||1||1300000
3416855|1|1|1|218.77894538|34168551|2||2||1|1|2|2|2|2|2|2|2||1||800000
3416856|1|1|1|435.82158121|34168561|2||2||1|1|2|2|2|2|2|2|2||1||1000000
3416857|1|1|1|280.86581389|34168571|2||2||1|1|2|2|2|2|2|2|2||1||800000
3416858|1|1|1|422.58009274|34168581|2||2||1|1|2|2|2|2|2|2|2||1||1000000
3416859|1|1|1|517.79966942|34168591|2||2||1|1|2|2|2|2|2|2|2||1||1300000
3416860|1|1|1|338.50703722|34168601|2||2||1|1|2|2|2|2|2|2|2||1||1000000
3416861|1|1|1|232.02043385|34168611|2||2||1|1|2|2|2|2|2|2|2||1||2000000
3416862|1|1|1|484.57402422|34168621|2||2||1|1|2|2|2|2|2|2|2||1||1300000
3416863|1|1|1|325.35897323|34168631|2||2||1|1|2|2|2|2|2|2|2||1||500000
3416864|1|1|1|420.40414756|34168641|2||2||1|1|2|2|2|2|2|2|2||1||500000
3416865|1|1|1|662.85967548|34168651|2||2||1|1|2|2|2|2|2|2|2||1||1000000
3416866|1|1|1|227.67461541|34168661|2||2||1|1|2|2|2|2|2|2|2||1||800000
3416867|1|1|1|302.92150707|34168671|2||2||1|2|2|2|2|2|2|2|1||8||600000
3416868|1|1|1|347.32124193|34168681|2||2||2|1|2|2|2|2|2|2|2||1||2000000
3416869|1|1|1|435.82158121|34168691|2||2||1|1|2|2|2|2|2|2|2||1||1300000
3416870|1|1|1|488.93264718|34168701|2||2||1|1|2|2|2|2|2|2|2||1||1300000
3416871|1|1|1|429.30488704|34168711|2||2||1|1|2|2|2|2|2|2|2||1||99
3416872|1|1|1|289.67361634|34168721|2||2||1|1|2|2|2|2|2|2|2||1||1300000
3416873|1|1|1|302.92150707|34168731|2||2||1|1|2|2|2|2|2|2|2||1||99
3416874|1|1|1|351.76048484|34168741|2||2||1|2|1|2|2|2|2|2|2||2||99
3416875|1|1|1|302.92150707|34168751|2||2||1|1|2|2|2|2|2|2|2||1||800000
3416877|1|1|1|232.02043385|34168771|2||2||1|1|2|2|2|2|2|2|2||1||1300000
3416879|1|1|1|232.02043385|34168791|2||2||1|1|2|2|2|2|2|2|2||1||1300000
3416880|1|1|1|444.71676379|34168801|2||2||1|1|2|2|2|2|2|2|2||1||900000
3416881|1|1|1|586.31620988|34168811|2||2||1|1|2|2|2|2|2|2|2||1||900000
3416882|1|1|1|387.27143939|34168821|2||2||1|1|2|1|2|2|2|2|2||1||2500000
3416883|1|1|1|498.96553832|34168831|2||2||1|1|2|2|2|2|2|2|2||1||1350000
3416884|1|1|1|238.25191632|34168841|2||2||1|1|2|2|2|2|2|2|2||1||2000000
3416886|1|1|1|415.3507673|34168861|2||2||1|1|2|2|2|2|2|2|2||1||2500000
3416887|1|1|1|321.85957371|34168871|2||2||1|1|2|2|2|2|2|2|2||1||1500000
3416888|1|1|1|430.19833597|34168881|2||2||1|1|2|2|2|2|2|2|2||1||3000000
3416890|1|1|1|449.85727868|34168901|2||2||1|1|2|2|2|2|2|2|2||1||1300000
3416892|1|1|1|489.08911574|34168921|2||2||1|1|2|2|2|2|2|2|2||1||2000000
3416893|1|1|1|430.19833597|34168931|2||2||1|1|2|2|2|2|2|2|2||1||1300000
3416894|1|1|1|366.13924431|34168941|2||2||1|1|2|2|2|2|2|2|2||1||1300000
3416895|1|1|1|221.22026696|34168951|2||2||1|1|2|2|2|2|2|2|2||1||1000000
3416896|1|1|1|350.29263108|34168961|2||2||1|2|1|2|2|2|2|2|2||2||160000
3416897|1|1|1|242.79977181|34168971|2||2||1|1|2|2|2|2|2|2|2||1||1200000
3416898|1|1|1|256.22329129|34168981|2||2||1|1|2|2|2|2|2|2|2||1||2000000
3416899|1|1|1|217.40519197|34168991|2||2||1|1|2|2|2|2|2|2|2||1||1000000
3416900|1|1|1|319.47217618|34169001|2||2||1|1|2|2|2|2|2|2|2||1||100000
3416901|1|1|1|260.63363543|34169011|2||2||1|1|2|2|1|2|2|2|2||1||1000000
3416902|1|1|1|245.57912987|34169021|2||2||1|1|2|2|2|2|2|2|2||1||900000
3416903|1|1|1|366.37665121|34169031|2||2||1|1|2|2|2|2|2|2|2||1||2000000
3416904|1|1|1|449.36099789|34169041|2||2||1|1|2|2|2|2|2|2|2||1||800000
3416905|1|1|1|265.19573426|34169051|2||2||1|1|2|2|2|2|2|2|2||1||2000000
3416906|1|1|1|321.15631349|34169061|2||2||1|1|2|2|2|2|2|2|2||1||1600000
3416907|1|1|1|443.10958356|34169071|2||2||1|1|2|2|2|2|2|2|2||1||600000
3416908|1|1|1|504.42924219|34169081|2||2||1|1|2|2|2|2|2|2|2||1||600000
3416909|1|1|1|470.58405621|34169091|2||2||1|1|2|2|2|2|2|2|2||1||1200000
3416910|1|1|1|654.17552785|34169101|2||2||1|1|2|2|2|2|2|2|2||1||1300000
3416911|1|1|1|595.63364473|34169111|2||2||1|1|2|2|2|2|2|2|2||1||800000
3416912|1|1|1|454.90198894|34169121|2||2||1|2|2|1|2|2|2|2|2||3||1400000
3416913|1|1|1|546.10639148|34169131|2||2||1|1|2|2|2|2|2|2|2||1||1300000
3416914|1|1|1|433.58621094|34169141|2||2||1|1|2|2|2|2|2|2|2||1||1300000
3416915|1|1|1|321.50772877|34169151|2||2||1|1|2|2|2|2|2|2|2||1||2000000
3416916|1|1|1|448.18191201|34169161|2||2||1|1|2|2|2|2|2|2|2||1||700000
3416917|1|1|1|318.60802989|34169171|2||2||1|1|2|2|2|2|2|2|2||1||2800000
3416918|1|1|1|296.81386994|34169181|2||2||1|1|2|2|2|2|2|2|2||1||3000000
3416919|1|1|1|302.45770174|34169191|2||2||1|1|2|2|2|2|2|2|2||1||2500000
3416920|1|1|1|474.7943422|34169201|2||2||1|1|2|2|2|2|2|2|2||1||1300000
3416921|1|1|1|328.22450691|34169211|2||2||1|1|2|2|2|2|2|1|2||1||2500000
3416922|1|1|1|409.5767042|34169221|2||2||1|1|2|1|2|2|2|2|2||3||2400000
3416923|1|1|1|574.23046011|34169231|2||2||1|1|2|2|2|2|2|2|2||1||2600000
3416924|1|1|1|436.43869549|34169241|2||2||1|1|2|2|2|2|2|2|2||1||2800000
3416925|1|1|1|490.61840625|34169251|2||2||1|1|2|2|1|2|2|2|2||1||2300000
3416926|1|1|1|409.5767042|34169261|2||2||1|1|2|2|2|2|2|2|2||1||1800000
3416927|1|1|1|599.01033034|34169271|2||2||1|1|2|2|2|2|2|2|1||1||500000
3416928|1|1|1|497.24200174|34169281|2||2||1|1|2|2|2|2|2|2|2||1||600000
3416929|1|1|1|563.92208938|34169291|2||2||1|2|2|1|2|2|2|2|2||3||1500000
3416930|1|1|1|407.63473495|34169301|2||2||1|1|2|2|2|2|2|2|2||1||1500000
3416931|1|1|1|566.27950678|34169311|2||2||1|1|2|2|1|2|2|2|2||1||1300000
3416932|1|1|1|363.90383626|34169321|2||2||1|1|2|2|2|2|2|2|2||1||2000000
3416933|1|1|1|595.96066464|34169331|2||2||1|1|2|2|2|2|2|2|2||1||3000000
3416936|1|1|1|263.77005348|34169361|2||2||1|1|2|2|2|2|2|2|2||1||2000000
3416937|1|1|1|313.33505631|34169371|2||2||2|1|2|2|2|2|2|1|2||1||1400000
3416938|1|1|1|186.84675274|34169381|2||2||1|2|2|1|2|2|2|2|2||3||2900000
3416939|1|1|1|364.77529493|34169391|2||2||1|1|2|2|2|2|2|2|2||1||1500000
3416940|1|1|1|262.66922593|34169401|2||2||1|1|2|2|2|2|2|2|2||1||800000
3416941|1|1|1|219.5521084|34169411|2||2||1|2|2|2|2|2|2|2|1||8||300000
3416942|1|1|1|226.31013727|34169421|2||2||1|1|2|2|2|2|2|2|1||1||1300000
3416943|1|1|1|241.74906247|34169431|2||2||1|1|2|2|2|2|2|2|2||1||2700000
3416944|1|1|1|213.86030386|34169441|2||2||2|1|2|2|2|2|2|2|2||1||3500000
3416945|1|1|1|322.55431007|34169451|2||2||1|2|2|1|2|2|2|2|2||3||1300000
3416946|1|1|1|250.69714865|34169461|2||2||1|2|2|2|2|2|2|2|1||8||450000
3416947|1|1|1|281.28619282|34169471|2||2||1|2|2|2|2|2|2|2|1||8||600000
3416948|1|1|1|241.82735825|34169481|2||2||1|2|2|1|2|2|2|1|2||3||2500000
3416949|1|1|1|106.41923563|34169491|2||2||1|1|2|2|2|2|2|2|2||1||6000000
3416950|1|1|1|156.2045066|34169501|2||2||2|1|2|2|2|2|2|2|2||1||1000000
3416951|1|1|1|212.10373042|34169511|2||2||1|1|2|2|2|2|2|2|2||1||4000000
3416952|1|1|1|156.2045066|34169521|2||2||1|1|2|2|2|2|2|2|2||1||12000000
3416954|1|1|1|156.2045066|34169541|2||2||2|2|2|1|2|2|2|2|2||3||4000000
3416955|1|1|1|354.20912966|34169551|2||2||1|1|2|2|2|2|2|2|2||1||8000000
3416956|1|1|1|498.22681474|34169561|2||2||1|1|2|2|2|2|2|2|2||1||2200000
3416957|1|1|1|315.20307112|34169571|2||2||1|1|2|2|2|2|2|2|2||1||1000000
3416958|1|1|1|315.20307112|34169581|2||2||1|1|2|2|2|2|2|2|2||1||2500000
3416959|1|1|1|290.48669517|34169591|2||2||1|1|2|2|2|2|2|2|2||1||700000
3416960|1|1|1|361.01703859|34169601|2||2||1|1|2|2|2|2|2|2|2||1||700000
3416961|1|1|1|368.70799257|34169611|2||2||1|1|2|2|2|2|2|2|2||1||2000000
3416962|1|1|1|226.1378411|34169621|2||2||2|1|1|2|2|2|2|2|2||1||1060000
3416963|1|1|1|187.66578664|34169631|2||2||1|1|2|2|2|2|2|2|1||1||1400000
3416964|1|1|1|324.50690108|34169641|2||2||1|1|2|2|2|2|2|2|2||1||1800000
3416965|1|1|1|625.88332997|34169651|2||2||1|1|2|2|2|2|2|2|2||1||2500000
3416966|1|1|1|855.04872605|34169661|2||2||1|1|2|2|2|2|2|2|2||1||6000000
3416967|1|1|1|915.24927616|34169671|2||2||1|1|2|2|2|2|2|2|2||1||10000000
3416968|1|1|1|1264.926478|34169681|2||2||1|2|2|2|2|2|2|2|1||8||3000000
3416969|1|1|1|904.28728821|34169691|2||2||1|1|2|2|2|2|2|2|2||1||5200000
3416970|1|1|1|915.24927616|34169701|2||2||1|1|2|2|2|2|2|2|2||1||1800000
3416971|1|1|1|915.24927616|34169711|2||2||1|1|2|2|2|2|2|2|2||1||1500000
3416972|1|1|1|888.14816598|34169721|2||2||1|1|2|1|2|2|2|2|2||1||2800000
3416973|1|1|1|864.92392375|34169731|2||2||1|1|2|2|2|2|2|2|2||1||900000
3416974|1|1|1|559.3190021|34169741|2||2||1|1|2|2|2|2|2|2|2||1||99
3416975|1|1|1|543.1893242|34169751|2||2||1|1|2|2|2|2|2|2|2||1||1300000
3416976|1|1|1|337.01166146|34169761|2||2||1|1|1|2|2|2|2|2|2||1||2000000
3416977|1|1|1|248.45348604|34169771|2||2||1|2|2|1|2|2|2|2|2||3||1350000
3416978|1|1|1|248.45348604|34169781|2||2||1|1|2|2|2|2|2|2|2||1||1300000
3416979|1|1|1|313.09767981|34169791|2||2||1|1|2|2|2|2|2|2|2||1||1800000
3416980|1|1|1|341.22858927|34169801|2||2||1|1|2|2|2|2|2|2|2||1||5000000
3416981|1|1|1|246.94896427|34169811|2||2||1|1|2|2|2|2|2|2|2||1||99
3416982|1|1|1|264.54372836|34169821|2||2||1|1|2|2|2|2|2|1|2||1||7600000
3416983|1|1|1|455.8818373|34169831|2||2||1|1|2|2|2|2|2|2|2||1||2000000
3416984|1|1|1|894.74297223|34169841|2||2||1|1|2|2|2|2|2|2|2||1||1800000
3416985|1|1|1|508.65525|34169851|2||2||1|1|2|2|2|2|2|2|2||1||1400000
3416986|1|1|1|455.8818373|34169861|2||2||1|1|2|2|2|2|2|2|2||1||2400000
3416987|1|1|1|619.28684385|34169871|2||2||2|1|2|2|2|2|2|2|1||1||1600000
3416988|1|1|1|458.71815753|34169881|2||2||1|2|2|2|1|2|2|1|2||7||1500000
3416989|1|1|1|473.85876283|34169891|2||2||2|1|2|2|2|2|2|2|2||1||1350000
3416990|1|1|1|661.31454089|34169901|2||2||1|1|2|2|2|2|2|2|2||1||2000000
3416991|1|1|1|508.65525|34169911|2||2||1|1|2|2|2|2|2|2|2||1||1300000
3416992|1|1|1|608.54112819|34169921|2||2||1|1|2|2|2|2|2|2|2||1||4000000
3416993|1|1|1|463.88132593|34169931|2||2||1|1|2|2|2|2|2|2|2||1||1500000
3416994|1|1|1|463.88132593|34169941|2||2||1|1|1|2|2|2|2|2|2||1||1400000
3416995|1|1|1|358.83227934|34169951|2||2||2|1|2|2|2|2|2|2|2||1||5000000
3416996|1|1|1|390.67570651|34169961|2||2||1|1|2|1|2|2|2|1|2||3||12500000
3416997|1|1|1|508.65525|34169971|2||2||1|1|2|2|2|2|2|1|2||1||15000000
3416998|1|1|1|476.31404403|34169981|2||2||1|1|2|2|2|2|2|2|2||1||10000000
3416999|1|1|1|358.83227934|34169991|2||2||1|2|2|1|2|2|2|1|1||3||15000000
3417000|1|1|1|266.21595084|34170001|2||2||1|1|2|1|2|2|2|2|1||3||7000000
3417001|1|1|1|338.40007261|34170011|2||2||1|2|2|1|2|2|2|2|2||3||9000000
3417002|1|1|1|358.83227934|34170021|2||2||1|2|2|1|2|2|2|2|2||3||5000000
3417003|1|1|1|859.94648506|34170031|2||2||1|1|2|2|2|2|2|2|2||1||1800000
3417004|1|1|1|371.26499744|34170041|2||2||1|1|2|2|2|2|2|2|2||1||1800000
3417005|1|1|1|403.60620341|34170051|2||2||1|1|2|1|2|2|2|2|2||3||3500000
3417006|1|1|1|578.94614925|34170061|2||2||1|1|2|2|2|2|2|2|2||1||4500000
3417007|1|1|1|424.03841013|34170071|2||2||1|2|2|1|2|2|2|2|2||3||3000000
3417008|1|1|1|476.31404403|34170081|2||2||1|1|2|2|2|2|2|2|2||1||5000000
3417009|1|1|1|684.49297465|34170091|2||2||1|1|2|2|2|2|2|2|2||1||7000000
3417010|1|1|1|508.65525|34170101|2||2||1|1|2|2|2|2|2|2|2||1||4500000
3417011|1|1|1|424.03841013|34170111|2||2||1|1|2|2|2|2|2|2|2||1||800000
3417012|1|1|1|633.79062891|34170121|2||2||1|1|2|2|2|2|2|2|2||1||4200000
3417013|1|1|1|627.15066304|34170131|2||2||2|1|2|2|2|2|2|2|2||1||1300000
3417014|1|1|1|828.64645877|34170141|2||2||1|1|2|2|2|2|2|2|2||1||1500000
3417015|1|1|1|297.33245332|34170151|2||2||1|1|2|1|2|2|2|2|2||1||3000000
3417016|1|1|1|473.27653913|34170161|2||2||1|1|2|1|2|2|2|2|2||1||1300000
3417016|1|2|2|473.27653913|34170162|2||2||1|1|2|2|2|2|2|2|2||1||2400000
3417017|1|1|1|351.39289937|34170171|2||2||2|2|2|1|2|2|2|2|2||3||2400000
3417018|1|1|1|1048.2876458|34170181|2||2||1|1|2|2|2|2|2|2|2||1||3400000
3417019|1|1|1|476.59561452|34170191|2||2||1|2|2|1|2|2|2|2|2||3||2600000
3417020|1|1|1|512.38585751|34170201|2||2||1|1|2|2|2|2|2|2|2||1||10000000
3417021|1|1|1|841.52058527|34170211|2||2||1|1|2|2|2|2|2|2|2||1||1300000
3417022|1|1|1|726.30411881|34170221|1|1|2||1|1|2|1|2|2|2|2|2||3||5000000
3417023|1|1|1|562.38103748|34170231|2||2||1|1|2|2|2|2|2|2|2||1||3500000
3417024|1|1|1|737.12165871|34170241|2||2||1|1|2|2|2|2|2|2|2||1||2000000
3417025|1|1|1|568.94253401|34170251|2||2||1|1|2|2|2|2|2|2|2||1||5500000
3417026|1|1|1|577.22495013|34170261|2||2||1|1|2|1|2|2|2|2|2||3||6000000
3417027|1|1|1|577.22495013|34170271|2||2||2|2|2|1|2|2|2|2|2||3||6000000
3417028|1|1|1|689.46831639|34170281|2||2||1|1|2|2|2|2|2|2|2||1||8000000
3417029|1|1|1|577.22495013|34170291|2||2||1|2|2|1|2|2|2|2|2||3||10000000
3417030|1|1|1|577.45142099|34170301|2||2||1|1|2|2|2|2|2|2|2||1||9000000
3417031|1|1|1|545.59390136|34170311|2||2||1|1|2|2|2|2|2|2|2||1||4000000
3417032|1|1|1|568.94253401|34170321|2||2||1|2|2|2|2|2|2|2|1||8||1600000
3417033|1|1|1|629.3797042|34170331|2||2||1|1|2|2|2|2|2|1|2||1||1800000
3417034|1|1|1|560.61808532|34170341|2||2||1|2|2|1|2|2|2|2|2||3||2000000
3417035|1|1|1|730.42859872|34170351|2||2||1|1|2|2|2|2|2|2|2||1||1800000
3417036|1|1|1|508.86034374|34170361|2||2||1|1|2|2|2|2|2|2|2||1||2600000
3417037|1|1|1|1506.9836208|34170371|2||2||1|1|2|2|2|2|2|2|2||1||1600000
3417038|1|1|1|1585.6089162|34170381|2||2||1|1|2|2|2|2|2|2|2||1||2000000
3417039|1|1|1|1354.0279568|34170391|2||2||2|1|2|2|2|2|2|2|2||1||1500000
3417040|1|1|1|618.33103396|34170401|2||2||1|1|2|2|1|2|2|2|2||4||1000000
3417041|1|1|1|102.14511863|34170411|2||2||1|2|2|1|2|2|2|2|2||3||2000000
3417042|1|1|1|212.0738381|34170421|2||2||1|1|2|2|2|2|2|2|2||1||1300000
3417043|1|1|1|267.43866741|34170431|2||2||1|1|2|2|2|2|2|2|2||1||1300000
3417044|1|1|1|194.76033987|34170441|2||2||2|1|2|2|2|2|2|2|2||1||1400000
3417045|1|1|1|226.34674162|34170451|2||2||1|2|2|2|2|2|2|2|1||8||600000
3417046|1|1|1|106.88283285|34170461|2||2||1|1|2|2|2|2|2|2|2||1||2300000
3417047|1|1|1|299.16536041|34170471|2||2||1|1|2|2|2|2|2|2|2||1||1300000
3417048|1|1|1|227.33154203|34170481|2||2||1|1|2|2|2|2|2|2|1||8||350000
3417049|1|1|1|207.00891743|34170491|2||2||1|1|2|2|2|2|2|2|2||1||1300000
3417050|1|1|1|184.88916154|34170501|2||2||1|1|2|2|2|2|2|2|2||1||650000
3417051|1|1|1|106.88283285|34170511|2||2||1|1|2|2|2|2|2|2|2||1||500000
3417052|1|1|1|207.00891743|34170521|2||2||1|1|2|2|2|2|2|2|2||1||350000
3417053|1|1|1|220.57479376|34170531|2||2||1|1|2|2|2|2|2|2|2||1||600000
3417054|1|1|1|167.9561713|34170541|2||2||1|1|2|2|2|2|2|2|2||1||600000
3417055|1|1|1|174.92387371|34170551|2||2||1|1|2|2|2|2|2|2|2||1||1300000
3417056|1|1|1|89.528503349|34170561|2||2||1|1|2|2|2|2|2|2|2||1||800000
3417057|1|1|1|242.72707256|34170571|2||2||1|1|2|2|2|2|2|2|2||1||1300000
3417058|1|1|1|178.96281139|34170581|2||2||1|2|2|1|2|2|2|2|2||3||1300000
3417059|1|1|1|106.43405876|34170591|2||2||1|1|2|2|2|2|2|2|2||1||4000000
3417060|1|1|1|175.72288908|34170601|2||2||1|1|2|2|2|2|2|2|2||1||1700000
3417061|1|1|1|176.52190445|34170611|2||2||1|1|2|2|2|2|2|2|2||1||1500000
3417062|1|1|1|107.23307412|34170621|2||2||1|1|2|2|2|2|2|2|2||1||1300000
3417063|1|1|1|113.09957194|34170631|2||2||1|1|2|2|1|2|2|2|2||1||6000000
3417064|1|1|1|205.01826687|34170641|2||2||1|1|2|2|2|2|2|2|2||1||3500000
3417065|1|1|1|166.48071849|34170651|2||2||1|1|2|2|2|2|2|2|2||1||6000000
3417066|1|1|1|145.92159804|34170661|2||2||1|1|2|2|2|2|2|2|2||1||9100000
3417067|1|1|1|145.92159804|34170671|2||2||2|1|2|2|2|2|2|2|2||1||6000000
3417068|1|1|1|344.98266059|34170681|1|1|2||1|1|2|2|2|2|2|2|2||1||14000000
3417069|1|1|1|225.37936364|34170691|2||2||1|1|2|2|1|2|2|2|2||1||1300000
3417070|1|1|1|542.98304844|34170701|2||2||1|1|2|1|2|2|2|2|2||1||6000000
3417071|1|1|1|572.97595241|34170711|2||2||1|1|2|2|2|2|2|2|2||1||2000000
3417072|1|1|1|694.20908621|34170721|2||2||1|1|2|2|2|2|2|2|2||1||2000000
3417073|1|1|1|654.04790976|34170731|2||2||1|1|2|2|2|2|2|2|2||1||1200000
3417074|1|1|1|289.9486737|34170741|2||2||1|2|2|2|2|2|2|2|1||8||500000
3417075|1|1|1|495.24213169|34170751|2||2||1|1|1|2|2|2|2|2|2||1||2980000
3417077|1|1|1|509.63861457|34170771|2||2||1|1|2|2|2|2|2|2|2||1||6000000
3417078|1|1|1|529.82085854|34170781|2||2||1|1|2|2|2|2|2|2|2||1||2600000
3417079|1|1|1|464.21800981|34170791|2||2||1|1|2|1|2|2|2|2|2||3||4000000
3417080|1|1|1|464.21800981|34170801|2||2||1|1|2|1|2|2|2|2|2||3||2600000
3417081|1|1|1|214.3260711|34170811|2||2||1|1|2|1|2|2|2|2|2||1||2500000
3417082|1|1|1|276.00883362|34170821|2||2||1|1|2|2|2|2|2|2|2||1||99
3417083|1|1|1|432.36319093|34170831|2||2||1|1|2|2|2|2|2|2|2||1||2500000
3417084|1|1|1|197.17998541|34170841|2||2||1|1|2|2|2|2|2|2|2||1||4900000
3417086|1|1|1|226.32724357|34170861|2||2||1|2|2|1|2|2|2|2|2||3||2500000
3417087|1|1|1|226.32724357|34170871|2||2||1|2|2|1|2|2|2|2|2||3||7000000
3417088|1|1|1|510.53470495|34170881|2||2||1|2|2|1|2|2|2|2|2||3||5000000
3417089|1|1|1|226.32724357|34170891|2||2||1|2|2|1|2|2|2|1|2||7||5500000
3417090|1|1|1|385.36719191|34170901|2||2||1|2|2|1|2|2|2|2|2||3||18000000
3417091|1|1|1|335.94336722|34170911|2||2||1|1|2|2|2|2|2|2|2||1||4000000
3417092|1|1|1|786.21922191|34170921|2||2||1|1|2|2|2|2|2|2|2||1||2000000
3417093|1|1|1|434.453104|34170931|2||2||1|1|2|2|2|2|2|2|2||1||2600000
3417094|1|1|1|364.27408311|34170941|2||2||1|1|2|2|2|2|2|2|2||1||1300000
3417095|1|1|1|305.97350967|34170951|2||2||1|1|2|2|2|2|2|2|2||1||2400000
3417096|1|1|1|560.26492864|34170961|2||2||1|1|2|2|2|2|2|2|2||1||1300000
3417097|1|1|1|548.16576591|34170971|2||2||1|1|2|1|2|2|2|2|2||1||2900000
3417098|1|1|1|394.65555911|34170981|2||2||1|1|2|2|2|2|2|2|2||1||2500000
3417099|1|1|1|467.53422361|34170991|2||2||1|1|2|2|2|2|2|2|2||1||1300000
3417100|1|1|1|413.85588618|34171001|2||2||1|1|2|2|1|2|2|2|2||4||1000000
3417101|1|1|1|1764.3509019|34171011|2||2||2|1|2|2|2|2|2|2|2||1||20000000
3417102|1|1|1|3551.5861769|34171021|2||2||1|1|2|2|2|2|2|2|2||1||20000000
3417103|1|1|1|3416.4948824|34171031|2||2||1|1|2|2|1|2|2|2|2||1||5000000
3417104|1|1|1|1227.5387045|34171041|2||2||1|1|2|2|2|2|2|2|2||1||1500000
3417105|1|1|1|1656.1556727|34171051|2||2||1|1|2|2|2|2|2|2|2||1||600000
3417106|1|1|1|2400.5400487|34171061|2||2||1|1|2|2|2|2|2|2|2||1||2500000
3417107|1|1|1|741.41956461|34171071|2||2||1|1|2|2|2|2|2|2|2||1||480000
3417108|1|1|1|2522.8772449|34171081|2||2||1|1|2|2|2|2|2|2|2||1||900000
3417109|1|1|1|1727.9610316|34171091|2||2||1|1|2|1|2|2|2|2|2||3||5000000
3417111|1|1|1|1667.4278768|34171111|1|1|2||1|1|2|2|2|2|2|1|2||7||99
3417112|1|1|1|1110.5836685|34171121|2||2||1|1|2|2|2|2|2|2|2||1||3000000
3417113|1|1|1|1949.498836|34171131|2||2||1|1|2|2|2|2|2|2|2||1||8000000
3417114|1|1|1|1704.1009059|34171141|2||2||1|1|2|2|2|2|2|2|2||1||98
3417115|1|1|1|2035.9727178|34171151|2||2||1|1|2|2|2|2|2|2|2||1||98
3417116|1|1|1|2405.8407815|34171161|2||2||1|1|2|2|2|2|2|2|2||1||3000000
3417117|1|1|1|2603.8496393|34171171|2||2||1|1|2|2|2|2|2|2|2||1||1350000
3417118|1|1|1|1818.469802|34171181|2||1|3|1|2|2|2|2|2|2|2|1||8||130000
3417119|1|1|1|2148.2296977|34171191|2||2||1|1|2|2|2|2|2|2|2||1||800000
3417120|1|1|1|39.504349801|34171201|2||2||1|1|2|2|2|2|2|2|2||1||3000000
3417121|1|1|1|61.337476861|34171211|2||2||1|1|2|2|2|2|2|1|2||1||13000000
3417122|1|1|1|47.566114184|34171221|2||2||1|2|2|2|2|2|2|2|1||8||4000000
3417123|1|1|1|48.555166955|34171231|2||2||1|1|2|2|2|2|2|2|2||1||10000000
3417124|1|1|1|61.572654129|34171241|2||2||1|1|2|2|2|2|2|2|2||1||5500000
3417125|1|1|1|26.787164416|34171251|2||2||1|1|2|2|2|2|2|2|2||1||5000000
3417126|1|1|1|62.326529632|34171261|2||2||1|1|2|1|2|2|2|2|2||1||8000000
3417127|1|1|1|31.707633978|34171271|2||2||1|2|2|1|2|2|2|2|2||3||5000000
3417128|1|1|1|36.762474178|34171281|2||2||1|2|2|1|2|2|2|2|2||3||2000000
3417129|1|1|1|71.964806906|34171291|2||2||1|1|2|2|2|2|2|2|2||1||3000000
3417130|1|1|1|45.763225515|34171301|2||2||1|1|2|2|2|2|2|2|2||1||7000000
3417131|1|1|1|56.295845745|34171311|2||2||1|1|2|1|2|2|2|2|2||1||5000000
3417132|1|1|1|41.643712625|34171321|2||2||1|1|2|2|2|2|2|2|2||1||3000000
3417133|1|1|1|30.024451064|34171331|2||2||1|1|2|2|2|2|2|2|2||1||4000000
3417134|1|1|1|29.412862877|34171341|2||2||1|1|2|2|2|2|2|2|2||1||8000000
3417135|1|1|1|42.679432216|34171351|2||2||1|1|2|1|2|2|2|2|2||3||6800000
3417136|1|1|1|37.928488107|34171361|2||2||1|1|2|2|2|2|2|2|2||1||3000000
3417137|1|1|1|19.606652895|34171371|2||2||1|2|2|1|2|2|2|2|2||3||2000000
3417138|1|1|1|29.412862877|34171381|2||2||1|2|2|2|2|2|2|1|2||7||1800000
3417139|1|1|1|41.643712625|34171391|2||2||1|1|2|2|2|2|2|2|2||1||1300000
3417140|1|1|1|29.412862877|34171401|2||2||1|1|2|2|2|2|2|2|2||1||1200000
3417141|1|1|1|34.824851777|34171411|2||2||1|1|2|2|2|2|2|2|2||1||2500000
3417142|1|1|1|40.783740259|34171421|2||2||1|1|2|2|2|2|2|2|2||1||4500000
3417143|1|1|1|26.30179629|34171431|2||2||1|2|2|1|2|2|2|2|2||3||2000000
3417144|1|1|1|41.643712625|34171441|2||2||1|1|2|2|2|2|2|2|2||1||1300000
3417145|1|1|1|44.778102075|34171451|2||2||1|1|2|2|2|2|2|2|2||1||3900000
3417146|1|1|1|47.581030302|34171461|2||2||1|1|2|1|2|2|2|2|2||3||2600000
3417147|1|1|1|34.389361297|34171471|2||2||1|1|2|2|2|2|2|2|2||1||3700000
3417148|1|1|1|19.324717647|34171481|2||2||1|1|2|2|2|2|2|2|2||1||1900000
3417149|1|1|1|44.249902792|34171491|2||2||1|1|2|2|2|2|2|2|2||1||2500000
3417150|1|1|1|52.069572052|34171501|2||2||1|1|2|2|2|2|2|2|2||1||5000000
3417151|1|1|1|41.836225776|34171511|2||2||1|1|2|2|2|2|2|2|2||1||2000000
3417152|1|1|1|37.720488807|34171521|2||2||1|1|2|2|2|2|2|2|2||1||2800000
3417153|1|1|1|35.028526241|34171531|2||2||1|1|2|2|2|2|2|2|2||1||1400000
3417154|1|1|1|74.390887838|34171541|2||2||1|1|2|2|2|2|2|2|2||1||1800000
3417155|1|1|1|64.794500517|34171551|2||2||1|1|2|2|2|2|2|2|2||1||400000
3417156|1|1|1|50.355850471|34171561|2||2||1|1|1|2|2|2|2|2|2||1||5000000
3417157|1|1|1|59.479761765|34171571|2||2||1|1|2|2|2|2|2|2|2||1||3000000
3417158|1|1|1|94.016415669|34171581|2||2||1|1|2|2|2|2|2|2|2||1||4000000
3417159|1|1|1|69.672222942|34171591|2||2||1|1|2|2|2|2|2|2|2||1||2500000
3417160|1|1|1|65.459058792|34171601|2||2||1|1|2|2|2|2|2|2|2||1||4500000
3417161|1|1|1|50.144499823|34171611|2||2||1|1|2|2|2|2|2|2|2||1||5200000
3417162|1|1|1|71.141342401|34171621|2||2||1|1|2|2|2|2|2|2|2||1||1500000
3417163|1|1|1|64.794500517|34171631|2||2||1|1|2|2|2|2|2|2|2||1||9750000
3417164|1|1|1|64.794500517|34171641|2||2||1|1|2|2|2|2|2|2|2||1||4000000
3417165|1|1|1|30.024451064|34171651|2||2||1|1|2|1|2|2|2|2|2||1||3500000
3417166|1|1|1|37.928488107|34171661|2||2||1|1|2|2|2|2|2|2|2||1||4000000
3417167|1|1|1|16.564043697|34171671|2||2||1|1|2|2|2|2|2|2|2||1||4500000
3417168|1|1|1|22.461905046|34171681|2||2||1|1|2|2|2|2|2|2|2||1||4500000
3417169|1|1|1|24.676194684|34171691|2||2||1|1|2|2|2|2|2|2|2||1||2500000
3417170|1|1|1|38.540076294|34171701|2||2||1|1|2|1|2|2|2|2|2||1||4500000
3417171|1|1|1|26.029211524|34171711|2||2||1|1|2|2|2|2|2|2|2||1||4000000
3417172|1|1|1|30.810454549|34171721|2||2||1|2|2|2|2|2|2|2|1||8||1400000
3417173|1|1|1|68.429248743|34171731|2||2||1|2|2|1|2|2|2|2|2||3||1500000
3417174|1|1|1|72.983606674|34171741|2||2||1|1|2|2|2|2|2|2|2||1||4500000
3417175|1|1|1|29.559220506|34171751|2||2||1|1|2|2|2|2|2|2|2||1||4800000
3417176|1|1|1|60.562977034|34171761|2||2||1|1|2|1|2|2|2|2|2||1||3900000
3417177|1|1|1|62.867878788|34171771|2||2||1|1|2|2|2|2|2|2|2||1||4000000
3417178|1|1|1|44.456290379|34171781|2||2||1|1|2|2|2|2|2|2|2||1||10000000
3417179|1|1|1|57.62488173|34171791|2||2||1|1|2|2|2|2|2|2|2||1||6200000
3417180|1|1|1|80.565388975|34171801|2||2||1|1|2|2|1|2|2|2|2||1||6300000
3417181|1|1|1|44.456290379|34171811|2||2||1|1|2|2|2|2|2|2|2||1||480000
3417182|1|1|1|41.283620213|34171821|2||2||1|1|2|2|2|2|2|2|2||1||3500000
3417183|1|1|1|26.95914773|34171831|2||2||1|1|2|2|2|2|2|2|2||1||1500000
3417184|1|1|1|68.321515915|34171841|2||2||1|1|2|2|2|2|2|2|2||1||2500000
3417185|1|1|1|34.094587078|34171851|2||2||1|1|2|2|2|2|2|2|2||1||5300000
3417186|1|1|1|41.283620213|34171861|2||2||1|1|2|2|2|2|2|2|2||1||2500000
3417187|1|1|1|40.783740259|34171871|2||2||1|1|2|2|2|2|2|2|2||1||2100000
3417188|1|1|1|16.564043697|34171881|2||2||1|1|2|1|2|2|2|2|2||3||3900000
3417189|1|1|1|21.024702688|34171891|2||2||1|1|2|2|2|2|2|2|2||1||2300000
3417190|1|1|1|28.26770175|34171901|2||2||1|1|2|2|2|2|2|2|2||1||4500000
3417191|1|1|1|27.262305759|34171911|2||2||1|1|2|2|2|2|2|2|2||1||4500000
3417192|1|1|1|45.658401819|34171921|2||2||1|1|2|2|2|2|2|2|2||1||1400000
3417193|1|1|1|30.024451064|34171931|2||2||1|1|2|1|2|2|2|2|2||1||4000000
3417194|1|1|1|36.171738793|34171941|2||2||1|1|2|2|2|2|2|2|2||1||3500000
3417195|1|1|1|34.351256958|34171951|2||2||1|1|2|2|2|2|2|2|2||1||2500000
3417196|1|1|1|39.026990944|34171961|2||2||1|1|2|2|2|2|2|2|2||1||1800000
3417197|1|1|1|33.31168856|34171971|2||2||1|1|2|1|2|2|2|2|2||1||4600000
3417198|1|1|1|41.643712625|34171981|2||2||1|1|2|2|2|2|2|2|2||1||1000000
3417199|1|1|1|36.171738793|34171991|2||2||1|1|2|2|2|2|2|2|2||1||4550000
3417200|1|1|1|4592.7715061|34172001|2||2||1|1|2|2|2|2|2|1|1||7||7000000
3417202|1|1|1|2980.2923956|34172021|2||2||2|1|2|2|2|2|2|2|2||1||4000000
3417203|1|1|1|4519.33037|34172031|2||2||1|1|2|2|2|2|2|2|2||1||1500000
3417204|1|1|1|1619.8154476|34172041|2||2||1|1|2|2|2|2|2|2|2||1||2000000
3417206|1|1|1|1079.4769387|34172061|2||2||1|1|2|2|2|2|2|2|2||1||600000
3417207|1|1|1|2041.3762852|34172071|2||2||1|1|2|2|2|2|2|2|2||1||600000
3417209|1|1|1|1483.2134686|34172091|2||2||1|1|1|2|2|2|2|2|2||1||650000
3417210|1|1|1|983.17715046|34172101|2||2||1|1|2|2|2|2|2|2|2||1||700000
3417214|1|1|1|1041.6249783|34172141|2||2||1|1|2|2|2|2|2|2|2||1||1300000
3417215|1|1|1|1446.0526152|34172151|2||2||1|1|2|2|2|2|2|2|2||1||98
3417216|1|1|1|1520.4350991|34172161|2||2||1|1|2|2|2|2|2|2|2||1||3000000
3417217|1|1|1|1858.0347967|34172171|2||2||2|1|2|2|2|2|2|2|2||1||5000000
3417218|1|1|1|1273.8589206|34172181|2||2||1|2|2|1|2|2|2|2|2||3||98
3417219|1|1|1|1446.0526152|34172191|2||2||1|1|2|2|2|2|2|2|2||1||98
3417220|1|1|1|1661.6409168|34172201|2||1|1|1|1|2|1|2|2|2|2|2||1||99
3417221|1|1|1|1642.4464951|34172211|2||2||1|1|2|2|2|2|2|2|2||1||7000000
3417225|1|1|1|1833.2869795|34172251|2||2||1|1|2|1|2|2|2|2|2||1||2500000
3417226|1|1|1|1574.2416031|34172261|2||2||1|1|2|2|2|2|2|2|2||1||7000000
3417227|1|1|1|1321.5314178|34172271|2||2||1|1|2|2|2|2|2|2|2||1||2000000
3417228|1|1|1|1455.1525573|34172281|2||2||1|1|2|2|2|2|2|2|1||8||10000000
3417229|1|1|1|1733.9530678|34172291|2||2||1|1|2|2|2|2|2|2|2||1||1500000
3417230|1|1|1|1297.7943876|34172301|2||2||1|1|2|2|2|2|2|2|2||1||1300000
3417231|1|1|1|901.91230289|34172311|2||2||1|1|2|2|2|2|2|2|2||1||800000
3417232|1|1|1|1808.777488|34172321|2||2||1|1|2|2|2|2|2|2|2||1||1300000
3417233|1|1|1|819.69051556|34172331|2||2||1|1|2|2|2|2|2|2|2||1||1700000
3417235|1|1|1|1761.0159473|34172351|2||2||1|1|2|2|2|2|2|2|2||1||800000
3417236|1|1|1|1249.6750995|34172361|2||2||1|1|2|2|2|2|2|2|2||1||8000000
3417237|1|1|1|1283.5425168|34172371|2||2||1|1|2|2|2|2|2|2|2||1||3000000
3417238|1|1|1|954.58567765|34172381|2||2||1|1|2|2|2|2|2|2|2||1||1300000
3417240|1|1|1|940.40161502|34172401|2||2||1|1|2|2|2|2|2|2|2||1||1900000
3417241|1|1|1|1654.2760111|34172411|2||2||1|1|2|2|2|2|2|2|2||1||1300000
3417242|1|1|1|1595.6757963|34172421|2||2||1|1|1|2|2|2|2|2|2||1||1280000
3417243|1|1|1|1598.5414258|34172431|2||2||1|1|2|2|2|2|2|2|2||1||2000000
3417244|1|1|1|1809.3221666|34172441|2||2||1|1|2|2|2|2|2|2|2||1||1300000
3417245|1|1|1|1809.3221666|34172451|2||2||1|1|2|2|2|2|2|2|2||1||650000
3417246|1|1|1|1573.1742462|34172461|2||2||1|1|1|2|2|2|2|2|2||1||1032000
3417247|1|1|1|1345.5215267|34172471|2||2||1|1|2|2|2|2|2|2|2||1||1000000
3417248|1|1|1|2213.4771803|34172481|2||2||1|1|2|2|2|2|2|2|2||1||2400000
3417249|1|1|1|702.58357639|34172491|2||2||1|1|2|2|2|2|2|2|2||1||600000
3417250|1|1|1|1809.3221666|34172501|2||2||1|1|2|2|2|2|2|2|2||1||800000
3417251|1|1|1|1041.8562442|34172511|2||2||1|1|2|2|2|2|2|2|2||1||1000000
3417252|1|1|1|1989.4575157|34172521|2||2||1|1|2|2|2|2|2|2|2||1||1300000
3417253|1|1|1|2247.1410027|34172531|2||2||2|1|2|2|2|2|2|2|1||1||2800000
3417254|1|1|1|1228.8712347|34172541|2||2||1|1|2|2|2|2|2|2|2||1||800000
3417255|1|1|1|2630.0927383|34172551|2||2||1|1|2|2|2|2|2|2|2||1||1300000
3417256|1|1|1|2158.09945|34172561|2||2||1|1|2|2|2|2|2|1|2||1||3500000
3417257|1|1|1|1743.8427665|34172571|2||2||1|1|2|2|2|2|2|2|2||1||3000000
3417258|1|1|1|1587.261475|34172581|2||2||1|1|2|2|2|2|2|2|2||1||2000000
3417260|1|1|1|1886.8244273|34172601|2||2||1|2|2|2|2|2|2|2|1||8||98
3417261|1|1|1|1855.7675228|34172611|2||2||2|1|2|2|2|2|2|1|2||1||2400000
3417262|1|1|1|1833.4467812|34172621|2||2||1|1|2|2|2|2|2|1|2||1||1200000
3417263|1|1|1|959.64265351|34172631|2||2||1|1|2|2|2|2|2|2|2||1||1700000
3417264|1|1|1|1196.0905874|34172641|2||2||1|1|2|1|2|2|2|2|2||1||1300000
3417265|1|1|1|993.17139661|34172651|2||2||2|1|2|2|2|2|2|2|2||1||3000000
3417266|1|1|1|886.20102418|34172661|2||2||1|1|2|2|2|2|2|2|2||1||1000000
3417267|1|1|1|937.21575507|34172671|2||2||1|1|2|2|2|2|2|2|2||1||700000
3417268|1|1|1|1239.4508324|34172681|2||2||2|1|2|2|2|2|2|2|2||1||500000
3417269|1|1|1|1092.6172428|34172691|2||2||1|1|2|2|2|2|2|2|2||1||2100000
3417270|1|1|1|1031.5088597|34172701|2||2||1|1|1|2|2|2|2|2|2||1||1300000
3417271|1|1|1|1328.7743178|34172711|2||2||2|1|2|2|2|2|2|2|2||1||700000
3417273|1|1|1|910.70135951|34172731|2||2||1|1|2|2|2|2|2|2|2||1||500000
3417274|1|1|1|1042.5934116|34172741|2||2||1|1|2|2|2|2|2|2|2||1||2100000
3417275|1|1|1|801.55086016|34172751|2||2||1|1|2|2|2|2|2|2|2||1||1300000
3417276|1|1|1|573.35612097|34172761|2||2||1|1|2|2|2|2|2|2|2||1||1500000
3417277|1|1|1|1318.6366528|34172771|2||2||1|1|2|2|2|2|2|2|2||1||2600000
3417279|1|1|1|1504.8024676|34172791|2||2||2|1|2|2|2|2|2|2|2||1||1400000
3417281|1|1|1|1619.6153429|34172811|2||2||2|1|2|2|2|2|2|2|2||1||1400000
3417282|1|1|1|8239.1098421|34172821|2||2||2|1|2|2|2|2|2|2|2||1||2000000
3417283|1|1|1|8910.5613752|34172831|2||2||2|1|2|2|2|2|2|2|2||1||4000000
3417284|1|1|1|8470.0440792|34172841|2||2||1|1|2|2|2|2|2|2|2||1||1600000
3417285|1|1|1|6075.7514729|34172851|1|1|2||1|1|2|1|2|2|2|2|2||1||10000000
3417286|1|1|1|5179.729307|34172861|2||2||1|1|2|2|2|2|2|2|2||1||2300000
3417287|1|1|1|4533.9299241|34172871|2||2||2|1|2|2|2|2|2|2|2||1||3000000
3417288|1|1|1|5464.7747258|34172881|2||1|1|2|1|2|2|2|2|2|2|2||1||3000000
3417289|1|1|1|6473.5462625|34172891|2||2||1|1|2|2|1|2|2|2|2||1||2600000
3417290|1|1|1|4983.4195073|34172901|2||2||1|1|2|2|2|2|2|2|2||1||99
3417291|1|1|1|5889.6594061|34172911|1|1|2||1|1|2|2|2|2|2|2|2||1||10000000
3417293|1|1|1|7653.3714261|34172931|1|1|2||2|1|2|2|2|2|2|2|2||1||10000000
3417294|1|1|1|601.02284535|34172941|2||2||1|1|2|1|2|2|2|2|2||1||7000000
3417295|1|1|1|599.22650514|34172951|1|1|2||1|1|2|2|2|2|2|2|2||1||12000000
3417296|1|1|1|603.91807843|34172961|2||2||1|2|2|1|2|2|2|2|2||3||7500000
3417297|1|1|1|601.93261922|34172971|2||2||1|2|2|1|2|2|2|2|2||3||4000000
3417298|1|1|1|601.02284535|34172981|2||2||1|1|2|2|2|2|2|1|2||1||10000000
3417299|1|1|1|822.72096034|34172991|2||2||1|1|2|2|2|2|2|2|2||1||15000000
3417300|1|1|1|1164.1330012|34173001|2||2||1|1|2|2|2|2|2|2|2||1||1500000
3417301|1|1|1|817.83052727|34173011|2||2||1|1|1|2|2|2|2|2|1||1||700000
3417302|1|1|1|979.22345726|34173021|2||2||1|1|2|2|2|2|2|2|2||1||3500000
3417303|1|1|1|474.0424839|34173031|2||2||1|1|2|2|2|2|2|2|2||1||3500000
3417304|1|1|1|819.10989676|34173041|2||2||1|1|2|1|2|2|2|2|2||3||98
3417305|1|1|1|849.25979779|34173051|2||2||1|1|2|2|2|2|2|2|1||1||900000
3417306|1|1|1|877.89701631|34173061|2||2||1|2|2|1|2|2|2|2|1||3||1600000
3417307|1|1|1|820.94075649|34173071|2||2||1|2|2|2|2|2|2|2|1||8||1000000
3417308|1|1|1|817.83052727|34173081|2||2||1|1|2|2|2|2|2|2|2||1||1000000
3417309|1|1|1|915.67338788|34173091|2||2||2|1|2|2|2|2|2|1|2||7||3000000
3417310|1|1|1|815.03847525|34173101|2||2||1|1|2|2|2|2|2|2|2||1||1000000
3417311|1|1|1|845.18837628|34173111|2||2||1|1|2|2|2|2|2|2|2||1||600000
3417312|1|1|1|606.34466266|34173121|2||2||1|1|2|2|2|2|2|2|2||1||1800000
3417313|1|1|1|1033.832193|34173131|2||2||1|1|2|2|2|2|2|2|2||1||1200000
3417314|1|1|1|881.64800657|34173141|2||2||1|1|2|2|2|2|2|2|2||1||900000
3417315|1|1|1|849.25979779|34173151|2||2||1|1|2|2|2|2|2|2|2||1||1500000
3417316|1|1|1|845.18837628|34173161|2||2||1|1|2|2|2|2|2|2|2||1||750000
3417317|1|1|1|769.67696989|34173171|2||2||1|1|2|2|2|2|2|2|2||1||1600000
3417318|1|1|1|591.50474818|34173181|2||2||1|1|2|2|2|2|2|2|2||1||1300000
3417319|1|1|1|706.36667855|34173191|2||2||1|1|2|2|2|2|2|2|2||1||750000
3417321|1|1|1|244.34903836|34173211|2||2||1|2|2|2|2|2|2|2|2|98||99|
3417322|1|1|1|233.39915659|34173221|2||2||1|1|2|2|2|2|2|2|2||1||800000
3417324|1|1|1|122.2503551|34173241|2||2||1|1|2|2|2|2|2|2|2||1||300000
3417325|1|1|1|193.40136374|34173251|2||2||1|1|2|2|2|2|2|2|2||1||300000
3417326|1|1|1|68.148913649|34173261|2||2||1|2|2|2|2|2|2|1|2||7||170000
3417327|1|1|1|68.148913649|34173271|2||2||1|1|2|2|2|2|2|2|2||1||400000
3417328|1|1|1|72.036173098|34173281|2||2||1|1|2|2|2|2|2|2|2||1||600000
3417329|1|1|1|114.16516366|34173291|2||2||1|1|2|2|2|2|2|2|2||1||3200000
3417330|1|1|1|126.08085347|34173301|2||2||1|2|2|2|2|2|2|2|1||8||600000
3417331|1|1|1|124.72785333|34173311|2||2||1|1|2|2|1|2|2|2|2||1||2000000
3417332|1|1|1|252.66312766|34173321|2||2||1|1|2|1|2|2|2|2|2||3||4000000
3417333|1|1|1|101.65275948|34173331|2||2||1|2|2|1|2|2|2|2|2||3||1300000
3417334|1|1|1|107.47366432|34173341|2||2||1|1|2|2|2|2|2|2|2||1||2500000
3417335|1|1|1|190.91109311|34173351|1|1|2||1|1|2|1|2|2|2|1|2||1||4000000
3417336|1|1|1|76.654225326|34173361|1|1|2||1|2|2|2|2|2|2|1|2||7||3000000
3417337|1|1|1|132.50581205|34173371|2||2||1|2|2|1|2|2|2|2|2||3||3000000
3417338|1|1|1|61.959777209|34173381|2||2||1|1|2|2|2|2|2|2|2||1||1600000
3417339|1|1|1|162.68221155|34173391|2||2||1|2|2|1|2|2|2|2|2||3||2500000
3417340|1|1|1|135.59060154|34173401|2||2||1|2|2|1|2|2|2|2|1||3||3800000
3417341|1|1|1|148.2404489|34173411|2||2||1|1|2|2|2|2|2|2|2||1||2600000
3417342|1|1|1|247.54867827|34173421|2||2||1|1|2|2|2|2|2|2|2||1||5000000
3417343|1|1|1|302.72728624|34173431|2||2||1|2|2|2|2|2|2|2|2|1||1300000|
3417344|1|1|1|89.592984553|34173441|2||2||1|1|2|2|2|2|2|2|2||1||600000
3417345|1|1|1|89.592984553|34173451|2||2||1|1|2|2|2|2|2|2|2||1||760000
3417346|1|1|1|94.703428097|34173461|2||2||1|1|2|2|2|2|2|2|2||1||1700000
3417347|1|1|1|267.841534|34173471|2||2||1|2|2|2|2|2|2|2|1||8||1300000
3417348|1|1|1|178.6449372|34173481|2||2||2|1|2|2|2|2|2|2|2||1||2000000
3417350|1|1|1|145.81818609|34173501|2||2||1|2|2|2|2|2|2|2|2|1||1500000|
3417351|1|1|1|145.81818609|34173511|2||2||1|2|2|2|2|2|2|2|1||8||800000
3417352|1|1|1|419.10514646|34173521|2||2||1|1|2|1|2|2|2|1|2||3||4000000
3417353|1|1|1|384.92340626|34173531|2||2||1|1|2|2|2|2|2|2|2||1||8000000
3417354|1|1|1|204.82815086|34173541|2||2||1|1|2|2|2|2|2|1|2||1||8000000
3417355|1|1|1|325.96013446|34173551|2||2||1|1|2|2|2|2|2|2|2||1||2950000
3417356|1|1|1|421.06810064|34173561|2||2||1|1|2|2|2|2|2|2|2||1||2000000
3417357|1|1|1|521.78775915|34173571|2||2||1|1|2|2|2|2|2|2|2||1||3500000
3417358|1|1|1|384.92340626|34173581|2||2||1|1|2|2|2|2|2|2|2||1||2600000
3417359|1|1|1|583.55303674|34173591|2||2||2|1|2|2|2|2|2|1|2||1||4000000
3417360|1|1|1|609.7499804|34173601|2||2||1|2|2|2|2|2|2|2|1||8||1300000
3417361|1|1|1|578.96863837|34173611|2||2||1|1|2|2|2|2|2|2|2||1||7200000
3417362|1|1|1|345.80166108|34173621|2||2||1|1|2|2|2|2|2|2|2||1||2600000
3417363|1|1|1|317.05994822|34173631|2||2||1|1|2|2|2|2|2|2|2||1||1300000
3417364|1|1|1|208.08222699|34173641|2||2||1|1|2|2|2|2|2|2|2||1||3000000
3417365|1|1|1|615.78785234|34173651|2||2||1|1|2|2|2|2|2|2|2||1||1500000
3417366|1|1|1|466.65661935|34173661|2||2||1|1|2|2|2|2|2|2|2||1||1500000
3417367|1|1|1|811.61547702|34173671|2||2||1|1|2|2|2|2|2|2|2||1||2500000
3417368|1|1|1|204.82815086|34173681|2||2||1|1|2|2|2|2|2|2|2||1||2000000
3417369|1|1|1|811.61547702|34173691|2||2||1|1|2|2|2|2|2|2|2||1||2600000
3417370|1|1|1|521.78775915|34173701|2||2||1|1|2|2|2|2|2|2|2||1||2600000
3417371|1|1|1|269.50847533|34173711|2||2||1|1|2|2|2|2|2|2|2||1||2500000
3417372|1|1|1|384.92340626|34173721|2||2||1|1|2|2|2|2|2|2|2||1||2600000
3417373|1|1|1|232.81512247|34173731|2||2||1|2|2|2|2|2|2|2|1||8||1300000
3417374|1|1|1|337.36691297|34173741|2||2||1|1|2|2|2|2|2|2|2||1||3000000
3417375|1|1|1|502.80131372|34173751|2||2||1|2|2|2|2|2|2|2|1||8||700000
3417376|1|1|1|333.029223|34173761|2||2||1|1|2|2|2|2|2|2|2||1||2000000
3417377|1|1|1|387.53190209|34173771|2||2||1|2|2|2|2|2|2|2|2|98||99|
3417378|1|1|1|495.94406066|34173781|2||2||1|1|2|2|2|2|2|2|2||1||99
3417379|1|1|1|259.29308995|34173791|2||2||1|1|2|2|2|2|2|2|2||1||5000000
3417380|1|1|1|495.94406066|34173801|1|1|2||1|2|2|1|2|2|2|2|2||3||9000000
3417381|1|1|1|440.37245018|34173811|1|1|2||1|1|2|2|2|2|2|2|2||1||20000000
3417382|1|1|1|895.31195764|34173821|1|3|2||1|1|2|2|2|2|2|1|2||1||14000000
3417383|1|1|1|405.12937945|34173831|1|1|2||1|1|2|2|2|2|2|1|2||1||98
3417384|1|1|1|468.46306569|34173841|1|1|2||1|1|2|1|2|2|2|1|2||3||15000000
3417385|1|1|1|334.17977873|34173851|1|1|1|1|1|1|2|2|2|2|2|1|2||1||98
3417386|1|1|1|681.50329914|34173861|2||2||1|1|2|2|2|2|2|2|2||1||2600000
3417387|1|1|1|942.17362415|34173871|2||2||1|1|2|1|2|2|2|2|2||1||2800000
3417388|1|1|1|703.99358614|34173881|2||2||1|1|2|2|2|2|2|2|2||1||2600000
3417389|1|1|1|432.57716671|34173891|2||2||1|1|2|2|2|2|2|2|2||1||3000000
3417390|1|1|1|879.66252454|34173901|2||2||2|2|2|1|2|2|2|2|2||3||1300000
3417391|1|1|1|610.26960874|34173911|2||2||1|1|2|2|2|2|2|2|2||1||1800000
3417392|1|1|1|1033.9744294|34173921|2||2||1|1|2|2|1|2|2|2|2||1||1800000
3417393|1|1|1|403.67377107|34173931|2||2||2|1|2|2|2|2|2|2|2||1||1800000
3417394|1|1|1|403.67377107|34173941|2||2||1|1|2|2|2|2|2|2|2||1||2000000
3417395|1|1|1|249.20032592|34173951|2||2||1|1|2|2|2|2|1|2|2||1||1500000
3417397|1|1|1|219.53232163|34173971|2||2||1|1|2|2|2|2|2|2|2||1||800000
3417398|1|1|1|167.27143779|34173981|2||2||1|1|1|2|2|2|2|2|2||1||1300000
3417399|1|1|1|201.03938244|34173991|2||2||1|1|2|2|2|2|2|2|2||1||700000
3417400|1|1|1|161.36946811|34174001|2||2||1|1|2|2|2|2|2|2|2||1||5000000
3417401|1|1|1|79.506058959|34174011|2||2||1|2|2|2|2|2|2|2|1||8||99
3417402|1|1|1|82.575287795|34174021|2||2||1|1|2|2|2|2|2|2|2||1||1500000
3417403|1|1|1|91.753696282|34174031|2||2||1|1|2|2|2|2|2|2|2||1||900000
3417405|1|1|1|114.55950249|34174051|2||2||1|1|2|2|2|2|2|2|1||1||1600000
3417408|1|1|1|59.246297997|34174081|1|1|2||1|1|2|2|2|2|2|2|2||1||1300000
3417409|1|1|1|77.261844591|34174091|2||2||1|1|1|2|1|2|1|2|2||1||1700000
3417410|1|1|1|107.39196014|34174101|2||2||1|1|2|2|2|2|2|2|2||1||1300000
3417411|1|1|1|140.28014419|34174111|2||2||1|1|2|2|2|2|2|2|2||1||5500000
3417412|1|1|1|144.55588213|34174121|2||2||1|1|2|2|2|2|2|2|2||1||1000000
3417413|1|1|1|135.63739647|34174131|2||2||1|1|2|2|2|2|2|2|2||1||1000000
3417415|1|1|1|67.116412464|34174151|2||2||1|1|2|2|2|2|2|2|2||1||500000
3417416|1|1|1|103.76536806|34174161|2||2||1|1|1|2|2|2|2|2|2||1||500000
3417418|1|1|1|136.36132729|34174181|2||2||1|1|1|2|1|2|1|2|1||1||2300000
3417421|1|1|1|166.4240288|34174211|2||2||1|1|1|2|1|2|2|2|2||1||2000000
3417422|1|1|1|163.21013995|34174221|2||2||1|1|2|2|2|2|1|2|2||1||3500000
3417424|1|1|1|159.2527188|34174241|2||2||1|1|2|2|2|2|2|2|2||1||5000000
3417426|1|1|1|103.52805453|34174261|2||2||1|1|2|2|2|2|2|2|2||1||1000000
3417428|1|1|1|75.504094032|34174281|2||2||1|1|2|2|1|2|1|2|2||1||1400000
3417432|1|1|1|133.903774|34174321|2||2||1|1|2|2|2|2|2|2|2||1||1200000
3417434|1|1|1|208.75407234|34174341|2||2||1|1|2|2|2|2|2|2|2||1||1300000
3417436|1|1|1|153.18261016|34174361|2||2||1|1|2|2|2|2|2|2|2||1||1000000
3417437|1|1|1|137.32864729|34174371|2||2||1|1|2|2|2|2|2|2|2||1||1300000
3417438|1|1|1|134.02625496|34174381|2||2||1|1|2|2|2|2|2|2|2||1||600000
3417439|1|1|1|115.17003228|34174391|2||2||1|1|2|2|1|2|1|2|2||1||1600000
3417440|1|1|1|83.429841671|34174401|2||2||1|1|1|2|2|2|2|2|2||1||1400000
3417441|1|1|1|153.03288457|34174411|1|1|2||1|1|2|2|2|2|2|2|2||1||4000000
3417444|1|1|1|126.96747112|34174441|2||2||1|2|2|2|2|2|2|2|1||8||720000
3417445|1|1|1|139.02801679|34174451|2||2||1|1|2|2|2|2|2|2|2||1||3700000
3417446|1|1|1|160.83150595|34174461|2||2||1|1|2|2|2|2|2|2|2||1||2600000
3417447|1|1|1|138.48159162|34174471|2||2||1|1|2|2|2|2|1|2|2||1||4000000
3417448|1|1|1|129.09557449|34174481|2||2||1|1|2|2|2|2|2|2|2||1||1500000
3417449|1|1|1|175.44531195|34174491|2||2||1|1|2|2|2|2|2|2|2||1||5000000
3417450|1|1|1|72.281930687|34174501|2||2||1|1|1|2|2|2|2|2|1||1||2200000
3417452|1|1|1|132.32878828|34174521|2||2||1|1|2|2|2|2|2|2|2||1||800000
3417453|1|1|1|95.067115473|34174531|2||2||1|1|2|2|2|2|2|2|2||1||2600000
3417455|1|1|1|106.18739756|34174551|2||2||1|1|2|2|2|2|2|2|2||1||1500000
3417456|1|1|1|106.18739756|34174561|2||2||1|1|2|2|2|2|2|1|2||1||1300000
3417457|1|1|1|383.93296922|34174571|2||2||1|1|2|2|2|2|2|2|2||1||2000000
3417458|1|1|1|351.96171077|34174581|2||2||1|1|2|2|2|2|2|2|2||1||1600000
3417459|1|1|1|226.1439003|34174591|2||2||1|1|2|1|2|2|2|2|2||1||2500000
3417460|1|1|1|351.96171077|34174601|2||2||1|1|2|2|2|2|2|2|2||1||2000000
3417461|1|1|1|220.01312718|34174611|2||2||1|1|2|2|2|2|2|2|2||1||2300000
3417462|1|1|1|203.98021073|34174621|2||2||1|1|2|2|2|2|2|2|2||1||4000000
3417463|1|1|1|378.37800607|34174631|2||2||1|2|2|2|2|2|2|2|1||8||600000
3417464|1|1|1|136.52665401|34174641|2||2||1|1|2|2|2|2|2|2|2||1||2000000
3417465|1|1|1|378.37800607|34174651|2||2||1|2|2|2|2|2|2|2|1||8||550000
3417466|1|1|1|362.34508962|34174661|2||2||1|1|2|2|2|2|2|2|2||1||600000
3417467|1|1|1|162.87430701|34174671|2||2||1|2|2|2|2|2|2|2|1||8||700000
3417468|1|1|1|257.98153539|34174681|2||2||1|2|2|2|2|2|2|2|1||8||850000
3417469|1|1|1|205.03726661|34174691|2||2||1|1|2|1|2|2|2|2|2||3||1500000
3417470|1|1|1|408.64925376|34174701|2||2||1|1|2|2|2|2|2|2|1||1||500000
3417471|1|1|1|315.11071857|34174711|2||2||1|1|2|2|2|2|2|2|2||1||2920000
3417472|1|1|1|327.31798883|34174721|2||2||1|1|2|2|2|2|2|1|1||1||1600000
3417473|1|1|1|589.60947634|34174731|2||2||1|1|2|2|2|2|2|2|2||1||2000000
3417474|1|1|1|331.69054551|34174741|2||2||1|2|2|2|2|2|2|2|1||8||500000
3417475|1|1|1|262.26027093|34174751|2||2||1|1|2|2|2|2|2|2|2||1||2920000
3417476|1|1|1|436.40323081|34174761|2||2||1|1|2|2|2|2|2|2|2||1||1000000
3417477|1|1|1|187.73061646|34174771|2||2||1|1|2|2|2|2|2|2|2||1||1300000
3417478|1|1|1|157.58466875|34174781|2||2||1|1|2|2|2|2|2|2|2||1||2920000
3417479|1|1|1|311.08498391|34174791|2||2||1|1|2|2|2|2|2|2|2||1||550000
3417480|1|1|1|593.23010868|34174801|2||2||1|1|2|2|2|2|2|2|2||1||2600000
3417481|1|1|1|118.32310014|34174811|2||2||1|1|2|2|2|2|2|2|2||1||900000
3417482|1|1|1|598.57568306|34174821|2||2||1|1|2|2|2|2|2|2|2||1||1600000
3417483|1|1|1|176.7828493|34174831|2||2||1|1|2|2|2|2|2|2|2||1||2400000
3417484|1|1|1|314.98174209|34174841|2||2||1|1|2|2|2|2|2|1|2||1||6000000
3417485|1|1|1|229.04059255|34174851|2||2||1|2|2|1|2|2|2|2|2||3||2200000
3417486|1|1|1|162.71441369|34174861|2||2||1|1|2|2|2|2|2|2|2||1||4000000
3417487|1|1|1|87.117007795|34174871|2||2||1|1|2|2|2|2|2|1|2||1||4000000
3417488|1|1|1|290.92234436|34174881|2||2||1|1|2|2|2|2|2|2|2||1||6000000
3417489|1|1|1|87.117007795|34174891|2||2||1|1|2|2|2|2|2|2|2||1||2500000
3417490|1|1|1|89.79439557|34174901|2||2||1|1|2|2|2|2|2|2|2||1||4500000
3417491|1|1|1|440.70956884|34174911|2||2||1|1|2|2|2|2|2|2|2||1||2600000
3417492|1|1|1|103.92931971|34174921|2||2||1|1|2|2|2|2|2|2|2||1||14000000
3417493|1|1|1|254.04079297|34174931|2||2||1|1|2|2|2|2|2|2|1||1||1500000
3417494|1|1|1|390.94784186|34174941|2||2||1|2|2|2|2|2|2|1|1||7||700000
3417495|1|1|1|309.52438934|34174951|2||2||1|1|2|2|2|2|2|2|2||1||640000
3417496|1|1|1|318.4052417|34174961|2||2||1|1|2|2|2|2|2|2|2||1||1380000
3417497|1|1|1|387.23392911|34174971|2||2||1|1|2|2|2|2|2|2|2||1||1400000
3417498|1|1|1|296.99785238|34174981|2||2||2|1|2|2|2|2|2|2|2||1||1200000
3417499|1|1|1|331.0260571|34174991|2||2||2|1|2|2|2|2|2|1|2||1||12000000
3417500|1|1|1|291.16631143|34175001|1|1|2||1|2|2|1|2|2|2|1|2||3||99
3417501|1|1|1|179.75495854|34175011|2||2||1|1|2|1|2|2|2|2|2||1||10000000
3417502|1|1|1|324.49536327|34175021|2||2||2|1|2|2|2|2|2|2|2||1||99
3417503|1|1|1|331.86435712|34175031|2||2||1|1|2|2|2|2|2|2|2||1||12000000
3417504|1|1|1|308.75545656|34175041|2||2||1|1|2|2|2|2|2|2|2||1||40000000
3417505|1|1|1|324.49536327|34175051|2||2||1|1|2|2|2|2|2|1|2||1||10000000
3417506|1|1|1|305.00061829|34175061|1|1|2||2|1|2|2|2|2|2|2|1||1||7000000
3417507|1|1|1|208.4023832|34175071|2||2||1|1|2|2|2|2|2|1|1||1||15000000
3417508|1|1|1|189.05410261|34175081|2||2||1|1|1|2|2|2|2|2|1||1||1000000
3417509|1|1|1|477.10965451|34175091|2||2||2|1|2|2|2|2|2|2|1||1||99
3417510|1|1|1|502.28118915|34175101|2||2||1|1|2|2|2|2|2|2|1||8||99
3417511|1|1|1|199.63921384|34175111|2||1|1|1|2|2|2|2|2|2|2|1||8||1000000
3417512|1|1|1|216.19428144|34175121|2||2||2|1|2|1|2|2|2|2|2||1||1500000
3417513|1|1|1|434.12217519|34175131|2||2||1|1|2|2|2|2|2|2|1||8||4000000
3417514|1|1|1|413.49301849|34175141|2||2||1|1|2|2|2|2|2|2|2||1||1300000
3417515|1|1|1|318.16141205|34175151|2||2||1|1|2|2|1|2|2|2|2||1||900000
3417516|1|1|1|144.39751185|34175161|2||2||1|1|1|2|2|2|2|2|2||1||400000
3417517|1|1|1|202.94322951|34175171|2||2||1|1|2|2|2|2|2|2|2||1||1300000
3417518|1|1|1|177.09951532|34175181|2||2||1|1|2|1|2|2|2|2|2||3||5000000
3417519|1|1|1|190.295708|34175191|2||2||1|1|2|2|2|2|2|2|2||1||2800000
3417521|1|1|1|192.78608758|34175211|2||2||1|1|2|2|2|2|2|2|2||1||1800000
3417522|1|1|1|176.35614125|34175221|2||2||1|1|2|2|2|2|2|2|2||1||1200000
3417523|1|1|1|155.46837363|34175231|2||2||1|1|2|2|2|2|2|1|2||1||2800000
3417524|1|1|1|211.65933794|34175241|2||2||1|1|2|2|2|2|2|2|2||1||1500000
3417525|1|1|1|184.43735854|34175251|2||2||1|1|2|2|2|2|2|2|2||1||2800000
3417527|1|1|1|274.04677964|34175271|2||2||1|1|2|2|2|2|2|2|2||1||1300000
3417528|1|1|1|158.66079369|34175281|2||2||1|1|2|2|2|2|2|2|1||1||1000000
3417530|1|1|1|237.47706765|34175301|2||2||1|1|2|2|2|2|2|2|2||1||1800000
3417531|1|1|1|221.33974943|34175311|2||2||1|1|2|2|2|2|2|2|2||1||1300000
3417532|1|1|1|200.40848514|34175321|2||2||1|1|2|2|2|2|2|2|2||1||1400000
3417533|1|1|1|210.0666812|34175331|2||2||1|1|2|2|2|2|2|2|2||1||2000000
3417534|1|1|1|131.35329068|34175341|2||2||1|1|2|2|2|2|2|2|1||1||1800000
3417535|1|1|1|176.73916804|34175351|2||2||1|1|2|2|2|2|2|2|2||1||1300000
3417536|1|1|1|153.29701785|34175361|2||2||1|1|2|2|2|2|2|2|2||1||1800000
3417539|1|1|1|196.39667372|34175391|2||2||1|1|2|2|2|2|2|2|2||1||1800000
3417540|1|1|1|170.03736454|34175401|2||2||1|1|2|2|2|2|2|2|2||1||1800000
3417541|1|1|1|84.230981687|34175411|2||2||1|1|2|2|2|2|2|2|2||1||30000000
3417542|1|1|1|102.89748185|34175421|2||2||1|1|2|2|1|2|2|1|2||1||4000000
3417543|1|1|1|259.15320437|34175431|2||2||1|1|2|2|2|2|2|2|2||1||2000000
3417544|1|1|1|357.28792951|34175441|2||2||1|1|2|2|2|2|2|2|2||1||1400000
3417545|1|1|1|395.08773041|34175451|2||2||1|1|2|2|2|2|2|2|2||1||900000
3417546|1|1|1|316.61446825|34175461|2||2||1|1|2|2|2|2|2|2|2||1||1300000
3417547|1|1|1|220.40030267|34175471|2||2||1|1|2|2|2|2|2|2|2||1||400000
3417548|1|1|1|267.12748638|34175481|2||2||2|1|2|2|2|2|2|2|2||1||1500000
3417549|1|1|1|343.6389453|34175491|2||2||1|1|2|2|2|2|2|2|2||1||800000
3417550|1|1|1|238.58955335|34175501|2||2||1|1|1|2|2|2|2|2|2||1||2200000
3417551|1|1|1|379.30738718|34175511|2||2||1|1|2|2|2|2|2|2|2||1||1300000
3417552|1|1|1|234.82542732|34175521|2||2||1|1|2|2|2|2|2|2|2||1||1300000
3417553|1|1|1|180.99865506|34175531|2||2||1|1|2|2|2|2|2|2|2||1||1300000
3417554|1|1|1|153.29701785|34175541|2||2||2|1|2|2|2|2|2|2|2||1||4000000
3417555|1|1|1|170.05211839|34175551|2||2||1|1|2|2|2|2|2|2|2||1||1900000
3417556|1|1|1|231.34330509|34175561|2||2||1|2|2|1|2|2|2|2|2||3||1900000
3417557|1|1|1|214.61582499|34175571|1|1|2||1|1|2|1|2|2|2|2|2||1||4800000
3417558|1|1|1|261.64452853|34175581|2||2||1|1|2|2|2|2|2|2|2||1||2800000
3417559|1|1|1|251.89479892|34175591|2||2||1|1|2|2|2|2|2|2|2||1||2800000
3417560|1|1|1|214.61582499|34175601|2||2||1|1|2|1|2|2|2|2|2||3||2500000
3417561|1|1|1|248.90634342|34175611|2||1|3|1|1|2|2|2|2|2|2|2||1||3500000
3417562|1|1|1|198.67692981|34175621|2||2||1|1|1|2|2|2|2|2|2||1||2000000
3417563|1|1|1|307.83237828|34175631|2||2||1|1|2|2|2|2|2|2|2||1||3500000
3417564|1|1|1|274.95534321|34175641|2||2||1|1|2|2|2|2|2|2|2||1||1300000
3417565|1|1|1|274.95534321|34175651|2||2||2|1|2|2|2|2|2|2|2||1||2800000
3417566|1|1|1|273.54185985|34175661|2||2||1|1|2|2|2|2|2|2|2||1||1000000
3417567|1|1|1|247.28220027|34175671|2||2||1|2|2|2|2|2|2|2|1||8||1000000
3417568|1|1|1|273.54185985|34175681|2||2||1|1|2|2|2|2|2|2|2||1||2000000
3417570|1|1|1|79.855485518|34175701|2||2||1|2|2|2|2|2|2|2|1||8||2500000
3417574|1|1|1|152.73023179|34175741|2||2||1|2|2|1|2|2|2|2|2||3||3000000
3417584|1|1|1|92.261845679|34175841|2||2||1|2|2|1|2|2|2|2|2||3||900000
3417585|1|1|1|70.649514245|34175851|2||2||1|1|2|2|2|2|2|2|2||1||800000
3417586|1|1|1|188.26283214|34175861|2||2||1|1|2|2|2|2|2|2|2||1||500000
3417589|1|1|1|159.89995747|34175891|2||2||1|1|2|2|2|2|2|2|2||1||6000000
3417592|1|1|1|110.54144007|34175921|2||2||1|2|2|2|2|2|2|2|2|1||1300000|
3417601|1|1|1|123.24746036|34176011|2||2||1|1|2|2|2|2|2|2|2||1||4000000
3417605|1|1|1|50.095134033|34176051|2||2||1|1|2|2|2|2|2|2|2||1||600000
3417607|1|1|1|127.82997895|34176071|2||2||1|1|1|2|2|2|2|2|1||1||1300000
3417608|1|1|1|127.82997895|34176081|2||2||1|1|2|2|2|2|2|2|2||1||1600000
3417614|1|1|1|110.96085625|34176141|2||2||1|1|2|1|2|2|2|2|2||3||1300000
3417615|1|1|1|118.35527588|34176151|2||2||1|1|2|2|2|2|2|2|2||1||3000000
3417616|1|1|1|73.200861724|34176161|2||2||1|1|2|2|2|2|2|2|2||1||1500000
3417619|1|1|1|142.60306466|34176191|2||2||1|1|2|1|2|2|2|2|2||1||1300000
3417620|1|1|1|99.080363834|34176201|2||2||1|1|1|2|2|2|1|1|2||1||1500000
3417621|1|1|1|104.22090164|34176211|2||2||1|1|2|2|1|2|2|2|1||1||3000000
3417622|1|1|1|102.6189129|34176221|2||2||1|2|2|1|2|2|2|2|1||3||1300000
3417623|1|1|1|62.727557014|34176231|2||2||1|2|2|2|2|2|2|2|2|1||300000|
3417626|1|1|1|90.116251985|34176261|2||2||1|2|2|2|2|2|2|2|2|2||200000|
3417628|1|1|1|488.31159599|34176281|2||2||1|2|2|2|2|2|2|2|1||8||3000000
3417629|1|1|1|511.09439039|34176291|2||2||1|1|2|2|2|2|2|2|2||1||2000000
3417631|1|1|1|400.26979947|34176311|2||2||1|1|2|2|1|2|2|2|2||1||2200000
3417632|1|1|1|344.58786796|34176321|2||2||1|1|2|2|2|2|2|2|2||1||2500000
3417633|1|1|1|161.37338878|34176331|2||2||1|2|2|1|2|2|2|2|2||3||7000000
3417634|1|1|1|267.82921875|34176341|2||2||1|1|2|2|2|2|2|2|2||1||4500000
3417635|1|1|1|179.30376531|34176351|2||2||1|1|2|1|2|2|2|2|2||1||8000000
3417636|1|1|1|179.30376531|34176361|2||2||1|2|2|1|2|2|2|2|2||3||7000000
3417637|1|1|1|179.30376531|34176371|2||2||1|1|2|2|2|2|2|2|2||1||7000000
3417638|1|1|1|179.30376531|34176381|2||2||1|1|2|1|2|2|2|2|2||1||12000000
3417639|1|1|1|222.09469568|34176391|2||2||1|1|2|2|2|2|2|2|2||1||3000000
3417640|1|1|1|275.05527083|34176401|2||2||1|1|2|1|2|2|2|2|2||1||8000000
3417641|1|1|1|548.36607016|34176411|2||2||1|1|2|2|2|2|2|2|2||1||1500000
3417642|1|1|1|372.90776111|34176421|2||2||1|1|2|2|1|2|2|2|2||1||1600000
3417643|1|1|1|426.93124024|34176431|2||2||1|1|2|2|2|2|2|2|2||1||1300000
3417644|1|1|1|197.76616445|34176441|2||2||1|1|2|2|2|2|2|2|2||1||3000000
3417645|1|1|1|289.16718019|34176451|2||2||1|1|2|2|1|2|2|2|2||1||5000000
3417646|1|1|1|295.68319277|34176461|2||2||1|1|2|2|2|2|2|2|2||1||12000000
3417649|1|1|1|575.85404526|34176491|2||2||1|1|2|2|1|2|2|2|2||1||1300000
3417650|1|1|1|199.88522611|34176501|2||2||1|1|2|2|2|2|2|2|2||1||1000000
3417651|1|1|1|179.78742223|34176511|2||2||1|1|2|2|2|2|2|2|2||1||1500000
3417654|1|1|1|122.81630534|34176541|2||2||1|1|2|2|2|2|2|2|2||1||465000
3417655|1|1|1|80.519861068|34176551|2||2||1|1|2|2|2|2|2|2|2||1||5000000
3417656|1|1|1|78.104805966|34176561|2||2||1|1|2|2|2|2|2|2|2||1||1800000
3417657|1|1|1|163.59692855|34176571|2||1|1|1|1|2|2|2|2|2|2|2||1||900000
3417658|1|1|1|88.452325481|34176581|2||2||1|1|2|2|2|2|2|2|2||1||4500000
3417659|1|1|1|91.663114458|34176591|2||2||1|1|2|2|2|2|2|2|2||1||7000000
3417660|1|1|1|81.239297376|34176601|2||2||1|1|2|2|2|2|2|2|2||1||9000000
3417661|1|1|1|67.1436291|34176611|2||2||1|1|2|2|2|2|2|2|2||1||3000000
3417662|1|1|1|68.401270169|34176621|2||2||1|1|2|2|2|2|2|2|2||1||4000000
3417663|1|1|1|97.988460319|34176631|2||2||1|1|2|2|2|2|2|2|2||1||99
3417664|1|1|1|83.696139485|34176641|2||2||1|1|2|2|2|2|2|2|2||1||7000000
3417665|1|1|1|65.715131403|34176651|2||2||1|1|2|2|2|2|2|2|2||1||3000000
3417666|1|1|1|73.406004946|34176661|2||2||1|1|2|2|2|2|2|2|2||1||99
3417667|1|1|1|73.406004946|34176671|2||2||1|1|2|2|2|2|2|2|2||1||600000
3417668|1|1|1|83.492735866|34176681|2||2||1|1|2|2|2|2|2|2|2||1||10000000
3417669|1|1|1|102.89010668|34176691|2||2||1|1|2|2|2|2|2|1|2||1||8000000
3417670|1|1|1|82.651534787|34176701|2||2||1|1|2|2|2|2|2|2|2||1||20000000
3417671|1|1|1|112.00868378|34176711|2||2||1|2|2|2|2|2|2|2|1||8||300000
3417672|1|1|1|71.54456869|34176721|2||2||1|1|2|2|2|2|2|2|2||1||6000000
3417673|1|1|1|84.884049935|34176731|2||2||1|1|2|2|2|2|2|2|2||1||2000000
3417674|1|1|1|108.50172412|34176741|2||2||1|1|2|2|2|2|2|2|2||1||1800000
3417675|1|1|1|100.25513099|34176751|2||2||1|1|2|2|2|2|2|2|2||1||1000000
3417676|1|1|1|120.66770837|34176761|2||2||1|1|2|2|2|2|2|2|2||1||1400000
3417677|1|1|1|114.20756182|34176771|2||2||1|1|2|2|2|2|2|2|2||1||2000000
3417678|1|1|1|60.027771504|34176781|2||2||1|1|1|2|2|2|2|2|2||1||800000
3417679|1|1|1|98.43726396|34176791|2||2||1|1|2|2|2|2|2|2|2||1||480000
3417680|1|1|1|117.59665573|34176801|2||2||1|1|2|2|2|2|2|2|2||1||700000
3417681|1|1|1|125.45088659|34176811|2||2||1|1|2|2|2|2|2|2|2||1||700000
3417682|1|1|1|85.501587711|34176821|2||2||1|1|2|2|2|2|2|2|2||1||1300000
3417683|1|1|1|111.46703531|34176831|2||2||1|1|2|2|2|2|2|2|2||1||900000
3417684|1|1|1|138.53310941|34176841|2||2||1|1|2|2|2|2|2|2|2||1||800000
3417685|1|1|1|121.19158467|34176851|2||2||1|1|2|2|2|2|2|2|2||1||500000
3417686|1|1|1|111.22121961|34176861|2||2||1|1|2|2|2|2|2|2|2||1||900000
3417687|1|1|1|106.43804139|34176871|2||2||1|1|2|2|2|2|2|2|2||1||1200000
3417688|1|1|1|85.747403408|34176881|2||2||1|1|2|2|2|2|2|2|2||1||1200000
3417689|1|1|1|104.62017436|34176891|2||2||1|1|2|2|2|2|2|2|2||1||1800000
3417690|1|1|1|81.865853644|34176901|2||2||1|1|2|2|2|2|2|2|2||1||1400000
3417691|1|1|1|105.14405066|34176911|2||2||1|1|2|2|1|2|2|2|1||8||600000
3417692|1|1|1|54.159531584|34176921|2||2||1|1|2|2|2|2|2|2|2||1||5000000
3417693|1|1|1|70.53057308|34176931|2||2||1|1|2|2|2|2|2|2|2||1||600000
3417694|1|1|1|85.501587711|34176941|2||2||2|1|2|2|2|2|2|2|2||1||580000
3417695|1|1|1|84.453412682|34176951|2||2||1|1|2|2|2|2|2|2|2||1||600000
3417696|1|1|1|104.62017436|34176961|2||2||1|1|1|2|2|2|2|2|2||1||500000
3417697|1|1|1|99.823518176|34176971|2||2||1|1|2|2|2|2|2|2|2||1||300000
3417698|1|1|1|132.40348899|34176981|2||2||1|1|2|2|2|2|2|2|2||1||350000
3417699|1|1|1|104.86599005|34176991|2||2||1|1|2|2|2|2|2|2|2||1||550000
3417700|1|1|1|114.67898667|34177001|2||2||1|1|2|2|2|2|2|2|2||1||350000
3417701|1|1|1|83.683720678|34177011|2||2||1|1|2|2|2|2|2|2|2||1||1500000
3417702|1|1|1|97.913387653|34177021|2||2||1|1|2|2|2|2|2|2|2||1||850000
3417703|1|1|1|111.22121961|34177031|2||2||1|1|2|2|2|2|2|2|2||1||600000
3417704|1|1|1|99.823518176|34177041|2||2||1|1|2|2|2|2|2|2|2||1||1400000
3417705|1|1|1|81.865853644|34177051|2||2||1|1|2|2|2|2|2|2|2||1||1200000
3417706|1|1|1|111.22121961|34177061|2||2||1|1|2|2|2|2|2|2|2||1||560000
3417707|1|1|1|101.54912172|34177071|2||2||1|1|2|2|2|2|2|2|2||1||1200000
3417708|1|1|1|83.683720678|34177081|2||2||1|1|2|2|2|2|2|2|2||1||700000
3417709|1|1|1|85.501587711|34177091|2||2||1|1|2|2|2|2|2|2|2||1||1200000
3417710|1|1|1|139.30280141|34177101|2||2||1|1|2|2|1|2|2|2|2||1||1900000
3417711|1|1|1|111.22121961|34177111|2||2||1|1|2|2|2|2|2|2|2||1||800000
3417712|1|1|1|111.22121961|34177121|2||2||1|1|2|2|2|2|2|2|2||1||400000
3417713|1|1|1|131.58889858|34177131|2||2||1|1|2|2|2|2|2|2|2||1||560000
3417717|1|1|1|533.26975128|34177171|2||2||1|1|2|2|2|2|2|2|1||1||98
3417718|1|1|1|207.67872477|34177181|2||2||1|1|2|2|2|2|2|2|2||1||2200000
3417719|1|1|1|177.80340565|34177191|2||2||1|1|2|2|2|2|2|2|2||1||1700000
3417720|1|1|1|177.80340565|34177201|2||2||1|1|2|2|2|2|2|2|1||8||1000000
3417721|1|1|1|706.86538351|34177211|2||2||1|1|2|2|2|2|2|2|2||1||98
3417722|1|1|1|417.18831459|34177221|2||2||1|1|2|2|2|2|2|2|1||1||2200000
3417723|1|1|1|177.80340565|34177231|2||2||1|1|2|1|2|2|2|2|2||1||2000000
3417724|1|1|1|300.75273543|34177241|2||2||1|1|2|2|2|2|2|2|2||1||800000
3417725|1|1|1|438.51984511|34177251|2||2||1|1|2|2|2|2|2|2|2||1||98
3417727|1|1|1|195.58374621|34177271|2||2||1|1|2|2|2|2|2|2|1||1||98
3417730|1|1|1|355.14486965|34177301|2||2||1|1|2|2|2|2|2|2|1||1||98
3417731|1|1|1|506.82824081|34177311|2||2||1|1|2|2|2|2|2|2|2||1||98
3417734|1|1|1|672.39664522|34177341|2||1|3|1|1|2|2|2|1|2|2|2||1||3500000
3417735|1|1|1|200.02883135|34177351|2||2||1|2|2|1|2|2|2|1|2||3||98
3417740|1|1|1|177.80340565|34177401|2||2||1|1|2|1|2|2|2|2|2||1||4600000
3417741|1|1|1|177.80340565|34177411|2||2||1|1|2|1|2|2|2|2|2||1||3500000
3417742|1|1|1|262.53280063|34177421|2||2||1|1|2|2|2|2|2|2|2||1||98
3417744|1|1|1|427.9358127|34177441|2||2||1|1|2|2|2|2|2|2|2||1||3000000
3417745|1|1|1|579.02843425|34177451|2||2||1|1|2|2|2|2|2|2|2||1||1900000
3417749|1|1|1|186.8278193|34177491|2||2||1|1|2|2|2|2|2|2|1||1||800000
3417749|1|2|2|186.8278193|34177492|2||2||1|2|2|1|2|2|2|2|2||3||98
3417754|1|1|1|177.80340565|34177541|2||2||1|1|2|2|2|2|2|2|1||1||98
3417757|1|1|1|367.14650275|34177571|2||2||1|1|1|2|2|2|2|2|2||1||1340000
3417758|1|1|1|390.61958617|34177581|2||2||1|1|2|2|2|2|2|2|1||1||2600000
3417759|1|1|1|358.65880567|34177591|2||2||1|1|2|2|2|2|2|2|2||1||1240000
3417760|1|1|1|194.94621506|34177601|2||2||1|1|2|2|2|2|2|2|2||1||1240000
3417761|1|1|1|194.94621506|34177611|2||2||1|2|2|1|2|2|2|2|2||3||1230000
3417762|1|1|1|340.31333303|34177621|2||2||1|1|2|2|2|2|2|1|2||1||1500000
3417763|1|1|1|452.90288523|34177631|2||2||1|1|2|2|2|2|2|2|2||1||1500000
3417764|1|1|1|252.23705857|34177641|2||2||1|1|2|2|2|2|2|2|2||1||1350000
3417765|1|1|1|194.94621506|34177651|2||2||1|1|2|2|1|2|2|2|2||1||3000000
3417766|1|1|1|352.7319322|34177661|2||2||1|1|2|2|2|2|2|2|2||1||1800000
3417767|1|1|1|661.97908214|34177671|2||2||1|1|2|2|2|2|2|2|2||1||1300000
3417768|1|1|1|624.81858423|34177681|2||2||1|1|2|2|2|2|2|2|2||1||2000000
3417770|1|1|1|374.49821752|34177701|2||2||1|1|2|2|2|2|2|2|2||1||2000000
3417771|1|1|1|585.59688036|34177711|2||2||1|1|2|2|2|2|2|2|2||1||3000000
3417772|1|1|1|494.87541288|34177721|2||2||1|1|1|2|2|2|2|2|2||1||2600000
3417773|1|1|1|401.64314431|34177731|2||2||2|1|2|2|2|2|2|2|2||1||2000000
3417774|1|1|1|231.91281964|34177741|2||2||1|1|2|2|2|2|2|2|1||1||1500000
3417775|1|1|1|413.53561713|34177751|2||2||1|1|2|2|2|2|2|2|2||1||2480000
3417776|1|1|1|383.95899387|34177761|2||2||1|1|2|2|1|2|2|2|1||1||1200000
3417777|1|1|1|294.27656833|34177771|2||2||1|1|2|2|2|2|2|2|2||1||600000
3417778|1|1|1|686.81703875|34177781|2||2||2|1|2|2|2|2|2|2|2||1||1240000
3417779|1|1|1|407.80733046|34177791|2||2||1|1|2|2|2|2|2|2|2||1||1500000
3417780|1|1|1|451.2265586|34177801|2||2||1|1|2|2|2|2|2|2|2||1||98
3417781|1|1|1|151.62483393|34177811|2||2||1|1|2|2|2|2|2|2|2||1||1500000
3417782|1|1|1|241.77270244|34177821|2||1|3|1|1|2|2|2|2|2|2|1||8||1200000
3417784|1|1|1|542.21824481|34177841|2||2||1|1|2|2|2|2|2|2|2||1||2400000
3417785|1|1|1|288.13233229|34177851|2||2||1|1|2|2|1|2|2|2|2||1||1750000
3417786|1|1|1|738.59887021|34177861|2||2||1|1|2|2|2|2|2|2|2||1||2200000
3417787|1|1|1|452.14153034|34177871|2||2||1|1|2|2|2|2|2|2|2||1||3680000
3417788|1|1|1|505.83090858|34177881|2||2||2|1|2|2|2|2|2|2|2||1||2600000
3417788|1|2|2|505.83090858|34177882|2||2||1|1|2|2|1|2|2|2|2||1||1000000
3417789|1|1|1|222.68856105|34177891|2||2||1|1|2|2|2|2|2|2|2||1||3500000
3417790|1|1|1|697.26904585|34177901|2||2||1|1|2|2|2|2|2|2|2||1||2800000
3417791|1|1|1|172.45242101|34177911|2||2||1|2|2|1|2|2|2|2|2||3||1550000
3417792|1|1|1|615.9040931|34177921|2||2||1|1|2|2|2|2|2|2|1||1||3800000
3417793|1|1|1|331.5138416|34177931|2||2||1|1|2|2|2|2|2|2|2||1||600000
3417794|1|1|1|256.54389721|34177941|2||2||1|1|2|1|2|2|2|2|2||3||1300000
3417795|1|1|1|357.82752856|34177951|2||2||2|1|2|2|2|2|2|2|2||1||8000000
3417796|1|1|1|316.24475405|34177961|2||2||1|1|2|2|2|2|2|2|2||1||98
3417797|1|1|1|746.05946486|34177971|2||2||1|1|2|2|2|2|2|2|2||1||98
3417798|1|1|1|688.7657648|34177981|2||2||1|1|2|2|2|2|2|2|2||1||2500000
3417800|1|1|1|225.0802992|34178001|2||2||1|1|2|2|2|2|2|2|2||1||3000000
3417801|1|1|1|589.27839775|34178011|2||2||1|1|2|2|2|2|2|2|2||1||2500000
3417802|1|1|1|137.97615966|34178021|2||2||1|1|1|2|2|2|2|2|2||1||2500000
3417803|1|1|1|190.84470225|34178031|2||2||1|1|2|2|2|2|2|2|2||1||1000000
3417804|1|1|1|241.96864454|34178041|2||2||2|1|2|2|2|2|2|2|2||1||1800000
3417805|1|1|1|235.85117939|34178051|2||2||1|1|2|2|2|2|2|2|2||1||2800000
3417806|1|1|1|293.63219495|34178061|2||2||1|1|2|2|2|2|2|2|2||1||2500000
3417807|1|1|1|192.16614302|34178071|2||2||1|1|2|1|2|2|2|2|2||1||4000000
3417808|1|1|1|337.62044881|34178081|2||2||1|1|2|2|2|2|2|2|1||1||1500000
3417809|1|1|1|258.84740452|34178091|2||2||1|1|2|2|2|2|2|2|2||1||700000
3417810|1|1|1|213.26050028|34178101|2||2||1|1|2|2|2|2|2|2|2||1||750000
3417811|1|1|1|221.17554016|34178111|2||2||1|1|2|2|2|2|2|2|2||1||2000000
3417812|1|1|1|143.30949355|34178121|2||2||1|1|2|2|2|2|2|2|2||1||2000000
3417813|1|1|1|251.91047207|34178131|2||2||1|1|2|2|2|2|2|2|2||1||3500000
3417814|1|1|1|370.30912355|34178141|2||2||1|1|2|1|2|2|2|2|2||1||3000000
3417815|1|1|1|247.09459768|34178151|2||2||1|1|2|1|2|2|2|2|2||3||5000000
3417816|1|1|1|334.81526711|34178161|1|1|2||1|1|2|2|2|2|2|1|2||1||4500000
3417817|1|1|1|207.38604302|34178171|2||2||1|1|2|2|2|2|2|1|2||1||1100000
3417818|1|1|1|288.28134292|34178181|2||2||1|1|2|2|2|2|2|2|1||1||3000000
3417819|1|1|1|325.21570006|34178191|2||2||1|1|2|2|2|2|2|2|2||1||2500000
3417820|1|1|1|227.06370204|34178201|2||2||1|1|2|2|2|2|2|2|1||1||900000
3417821|1|1|1|276.52875163|34178211|2||2||1|1|2|2|2|2|2|2|2||1||2600000
3417822|1|1|1|234.92102352|34178221|2||2||1|1|1|2|2|2|2|2|2||1||1100000
3417823|1|1|1|307.60974224|34178231|2||2||1|1|2|2|2|2|2|2|2||1||1000000
3417824|1|1|1|375.37344315|34178241|2||2||1|1|2|2|2|2|2|2|2||1||2000000
3417825|1|1|1|297.98558773|34178251|2||2||1|1|2|2|2|2|2|2|2||1||1300000
3417826|1|1|1|144.9944537|34178261|2||2||1|1|2|2|2|2|2|2|2||1||1500000
3417827|1|1|1|982.83583226|34178271|2||2||1|1|2|2|2|2|2|2|2||1||3200000
3417828|1|1|1|303.01396907|34178281|1|1|2||1|1|2|2|2|2|2|2|2||1||9000000
3417829|1|1|1|547.49852799|34178291|2||2||1|1|2|2|2|2|2|2|2||1||2500000
3417830|1|1|1|418.80498102|34178301|2||2||1|2|2|1|2|2|2|2|2||3||6000000
3417831|1|1|1|418.80498102|34178311|2||2||1|2|2|1|2|2|2|2|2||3||7000000
3417832|1|1|1|567.29775342|34178321|2||2||1|1|2|2|2|2|2|2|2||1||2800000
3417833|1|1|1|444.75136806|34178331|2||2||1|1|2|2|2|2|2|2|2||1||2000000
3417834|1|1|1|616.29924356|34178341|2||2||1|1|2|2|2|2|2|2|2||1||2500000
3417835|1|1|1|1609.5580723|34178351|2||2||1|1|2|2|2|2|2|2|2||1||1300000
3417836|1|1|1|1493.1693698|34178361|2||2||1|1|2|2|2|2|2|2|2||1||2500000
3417837|1|1|1|1377.2984839|34178371|2||2||1|1|2|2|2|2|2|2|2||1||1300000
3417838|1|1|1|753.34701663|34178381|2||2||1|1|2|2|2|2|2|2|2||1||2500000
3417839|1|1|1|773.91993996|34178391|2||2||1|1|2|2|2|2|2|2|2||1||1300000
3417840|1|1|1|514.89136876|34178401|2||2||1|1|2|2|2|2|2|2|2||1||2000000
3417841|1|1|1|537.69986897|34178411|2||2||1|1|2|1|2|2|2|2|2||3||5000000
3417842|1|1|1|656.76406578|34178421|2||2||1|1|2|2|2|2|2|2|2||1||2500000
3417843|1|1|1|656.76406578|34178431|2||2||1|1|2|2|2|2|2|2|2||1||2000000
3417844|1|1|1|319.24214443|34178441|2||2||1|1|2|2|2|2|2|2|2||1||8000000
3417845|1|1|1|818.57672458|34178451|2||2||1|2|2|1|2|2|2|2|2||3||1300000
3417846|1|1|1|847.07790286|34178461|2||2||1|1|2|2|2|2|2|2|2||1||1000000
3417847|1|1|1|556.15500168|34178471|2||2||1|2|1|2|2|2|2|2|1||2||400000
3417848|1|1|1|611.18361102|34178481|2||2||1|1|1|2|2|2|2|2|2||1||700000
3417849|1|1|1|1014.3808082|34178491|2||2||1|1|2|2|2|2|2|2|2||1||900000
3417850|1|1|1|744.16065871|34178501|2||2||1|2|1|2|2|2|2|2|1||8||380000
3417851|1|1|1|1330.4330408|34178511|2||2||1|1|2|2|1|2|2|2|2||1||1300000
3417852|1|1|1|543.75868412|34178521|2||2||1|1|2|2|2|2|2|2|2||1||700000
3417853|1|1|1|514.89136876|34178531|2||2||1|1|2|2|2|2|2|2|2||1||900000
3417854|1|1|1|790.62814308|34178541|2||2||1|1|2|2|2|2|2|2|2||1||1000000
3417855|1|1|1|1617.0427673|34178551|2||2||1|1|2|2|2|2|2|2|2||1||1200000
3417856|1|1|1|545.75177028|34178561|2||2||1|1|2|2|2|2|2|2|2||1||800000
3417857|1|1|1|444.57163166|34178571|2||2||1|1|2|2|2|2|2|2|2||1||1300000
3417858|1|1|1|681.42915062|34178581|2||2||1|1|2|2|2|2|2|2|2||1||600000
3417860|1|1|1|257.55792461|34178601|2||2||1|2|2|1|2|2|2|2|2||3||1300000
3417861|1|1|1|314.29985507|34178611|2||2||1|1|2|2|2|2|2|2|2||1||3900000
3417862|1|1|1|234.34530851|34178621|2||2||1|1|2|2|2|2|2|2|2||1||800000
3417863|1|1|1|285.82973149|34178631|2||2||1|1|2|2|2|2|2|2|2||1||1800000
3417864|1|1|1|172.89973982|34178641|2||2||1|1|2|1|2|2|2|2|2||1||2000000
3417865|1|1|1|257.55792461|34178651|2||2||1|2|2|2|2|2|2|2|1||8||1200000
3417866|1|1|1|242.7374813|34178661|2||2||1|1|2|2|2|2|2|2|2||1||99
3417867|1|1|1|174.8294106|34178671|2||2||1|1|2|2|2|2|2|2|1||1||1600000
3417868|1|1|1|294.83524616|34178681|2||2||1|1|2|1|2|2|2|2|2||3||3000000
3417869|1|1|1|251.881352|34178691|2||2||1|1|2|2|2|2|2|2|2||1||1500000
3417870|1|1|1|303.42185162|34178701|2||2||1|1|2|2|2|2|2|2|2||1||850000
3417871|1|1|1|389.08381055|34178711|2||2||1|1|2|2|2|2|2|2|2||1||2000000
3417872|1|1|1|377.28231756|34178721|2||2||1|1|2|2|2|2|2|2|2||1||5500000
3417873|1|1|1|341.34958307|34178731|2||2||1|1|2|2|2|2|2|2|2||1||4000000
3417874|1|1|1|393.94066399|34178741|2||2||1|1|2|2|2|2|2|2|2||1||5000000
3417875|1|1|1|243.14025912|34178751|2||2||1|2|2|2|2|2|2|1|2||7||4800000
3417876|1|1|1|224.77698975|34178761|2||2||1|1|2|2|2|2|2|2|2||1||3800000
3417877|1|1|1|247.06850854|34178771|2||2||1|1|2|2|2|2|2|2|1||1||2000000
3417879|1|1|1|448.82536206|34178791|2||2||1|1|2|2|2|2|2|2|2||1||1400000
3417879|1|2|2|448.82536206|34178792|2||2||1|1|2|2|2|2|2|2|2||1||1500000
3417880|1|1|1|520.40339485|34178801|2||2||1|1|2|2|2|2|2|2|2||1||1700000
3417881|1|1|1|519.07668933|34178811|2||1|1|1|1|2|2|2|2|2|2|2||1||1800000
3417882|1|1|1|581.08034556|34178821|2||2||1|2|2|1|2|2|2|2|1||3||1500000
3417882|1|2|2|581.08034556|34178822|2||1|1|1|1|2|2|2|2|2|2|2||1||1400000
3417884|1|1|1|514.09445851|34178841|2||1|1|1|1|2|2|2|2|2|2|2||1||2200000
3417885|1|1|1|389.97150034|34178851|2||2||1|1|1|1|2|2|2|2|2||3||1400000
3417886|1|1|1|1090.6785385|34178861|2||2||1|2|2|2|2|2|2|2|1||8||500000
3417887|1|1|1|575.54470817|34178871|2||1|2|1|2|2|2|2|2|2|2|1||8||500000
3417888|1|1|1|987.00037758|34178881|2||2||1|1|1|2|2|2|2|2|2||1||1300000
3417889|1|1|1|1189.8311329|34178891|2||2||2|1|2|2|2|2|2|2|2||1||2500000
3417890|1|1|1|1138.287663|34178901|2||2||2|2|2|1|2|2|2|2|2||3||3000000
3417891|1|1|1|515.38744288|34178911|2||2||1|1|2|2|2|2|2|2|2||1||6000000
3417892|1|1|1|464.49228632|34178921|2||1|1|1|1|2|2|2|2|2|2|2||1||4000000
3417893|1|1|1|627.86695437|34178931|2||2||1|1|2|2|2|2|2|2|2||1||2000000
3417896|1|1|1|575.54470817|34178961|2||2||1|1|2|2|2|2|2|2|2||1||4000000
3417898|1|1|1|445.49495182|34178981|2||2||1|1|2|2|2|2|1|2|1||1||1500000
3417899|1|1|1|461.26664544|34178991|2||2||1|1|2|2|2|2|2|2|2||1||1500000
3417900|1|1|1|1089.4374414|34179001|2||2||1|1|2|2|2|2|2|2|2||1||2600000
3417901|1|1|1|444.40946548|34179011|2||2||1|1|2|2|1|2|2|2|2||1||1500000
3417902|1|1|1|420.62273878|34179021|2||2||1|1|2|2|2|2|2|2|2||1||3600000
3417903|1|1|1|338.15574982|34179031|2||1|1|1|1|2|2|2|2|2|2|2||1||2800000
3417904|1|1|1|530.95282512|34179041|2||2||1|1|2|2|2|2|2|2|2||1||1400000
3417905|1|1|1|314.36902311|34179051|2||1|1|1|1|2|2|2|2|2|2|2||1||2800000
3417906|1|1|1|443.32397915|34179061|2||2||1|1|2|2|2|2|2|2|2||1||2600000
3417907|1|1|1|424.69910945|34179071|2||2||1|1|2|2|2|2|2|2|2||1||2600000
3417908|1|1|1|486.2687854|34179081|2||2||2|1|2|2|2|2|2|2|2||1||1500000
3417909|1|1|1|747.79182378|34179091|2||2||2|1|1|1|2|2|2|1|2||3||2200000
3417910|1|1|1|902.14585565|34179101|2||2||2|2|2|2|2|2|2|2|1||8||1000000
3417911|1|1|1|639.0618853|34179111|2||2||1|1|2|2|2|2|2|2|2||1||2000000
3417912|1|1|1|514.62571853|34179121|2||2||1|1|2|2|2|2|2|2|2||1||1300000
3417913|1|1|1|1548.0593873|34179131|2||1|1|1|1|2|2|2|2|2|2|2||1||1600000
3417914|1|1|1|674.84158128|34179141|2||1|1|1|1|2|2|2|2|2|2|2||1||1800000
3417915|1|1|1|604.85651481|34179151|2||2||1|1|2|2|2|2|2|2|2||1||1000000
3417916|1|1|1|522.04848139|34179161|2||2||1|1|1|2|2|2|2|2|2||1||2200000
3417917|1|1|1|1390.9653885|34179171|2||2||1|1|2|2|2|2|2|2|2||1||99
3417918|1|1|1|763.51144559|34179181|2||2||1|1|2|2|2|2|2|2|2||1||10000000
3417919|1|1|1|763.12113547|34179191|2||2||1|1|2|2|2|2|2|2|2||1||1000000
3417920|1|1|1|770.65636709|34179201|2||2||1|1|2|2|2|2|2|2|2||1||2600000
3417921|1|1|1|1201.440232|34179211|2||2||1|1|2|2|2|2|2|2|2||1||2600000
3417922|1|1|1|802.90689683|34179221|2||2||1|2|2|2|2|2|2|2|1||8||800000
3417923|1|1|1|697.885501|34179231|2||2||1|1|2|2|2|2|2|2|2||1||1000000
3417924|1|1|1|776.86320143|34179241|2||2||1|1|2|2|2|2|2|2|2||1||1300000
3417925|1|1|1|620.75566243|34179251|2||2||1|1|2|2|2|2|2|2|2||1||1300000
3417926|1|1|1|822.23505581|34179261|2||2||1|1|2|2|2|2|2|2|2||1||3900000
3417927|1|1|1|496.27413404|34179271|2||2||1|1|2|2|1|2|2|2|2||1||1800000
3417928|1|1|1|803.4855467|34179281|2||2||1|1|2|2|2|2|2|1|2||1||6000000
3417929|1|1|1|817.26631443|34179291|2||2||1|1|2|2|2|2|2|2|2||1||8500000
3417930|1|1|1|688.90582632|34179301|2||2||1|1|2|2|2|2|2|2|2||1||1300000
3417931|1|1|1|477.20242729|34179311|2||2||1|2|2|1|2|2|2|2|1||3||1300000
3417931|1|2|2|477.20242729|34179312|2||2||1|1|2|2|1|2|2|2|1||1||1500000
3417932|1|1|1|750.51136832|34179321|2||2||1|1|2|2|1|2|2|1|1||1||950000
3417933|1|1|1|714.53613251|34179331|2||2||1|1|2|2|1|2|2|2|2||1||2600000
3417934|1|1|1|1102.3730655|34179341|2||2||1|1|2|2|2|2|2|2|2||1||3000000
3417935|1|1|1|555.0291013|34179351|2||2||1|2|2|2|1|2|2|2|1||8||1500000
3417936|1|1|1|536.40332237|34179361|2||2||1|1|2|2|2|2|2|2|2||1||1500000
3417937|1|1|1|961.61492249|34179371|2||2||1|1|1|2|2|2|2|2|2||1||2950000
3417938|1|1|1|985.19313047|34179381|1|1|2||1|2|2|2|2|2|2|2|1||8||2600000
3417939|1|1|1|167.77971551|34179391|2||2||1|1|2|2|2|2|2|2|2||1||1200000
3417940|1|1|1|138.66172659|34179401|2||2||1|1|2|2|2|2|2|2|2||1||1400000
3417942|1|1|1|161.28109943|34179421|2||2||1|1|2|2|2|2|2|2|2||1||8000000
3417946|1|1|1|161.28109943|34179461|2||2||1|1|2|2|2|2|2|2|2||1||5000000
3417947|1|1|1|158.98568782|34179471|1|1|2||1|1|2|2|2|2|2|2|2||1||10000000
3417948|1|1|1|73.099814124|34179481|2||2||1|1|2|2|2|2|2|2|2||1||7000000
3417949|1|1|1|150.77106105|34179491|2||2||1|1|2|2|2|2|2|2|1||8||1400000
3417950|1|1|1|120.99141422|34179501|2||2||1|1|2|2|2|2|2|2|2||1||3700000
3417951|1|1|1|59.432335044|34179511|2||2||1|1|2|2|2|2|2|2|2||1||5000000
3417952|1|1|1|194.03454202|34179521|2||2||1|1|2|1|2|2|2|2|2||1||6000000
3417953|1|1|1|133.06520251|34179531|2||2||1|1|2|2|2|2|2|2|2||1||11000000
3417954|1|1|1|139.29908016|34179541|2||2||1|1|2|2|2|2|2|2|2||1||7000000
3417955|1|1|1|107.90447389|34179551|2||2||1|1|2|2|2|2|2|2|2||1||4000000
3417956|1|1|1|223.66562677|34179561|2||2||1|1|2|2|2|2|2|2|2||1||8000000
3417957|1|1|1|107.40086592|34179571|2||2||1|1|2|2|2|2|2|2|2||1||6000000
3417958|1|1|1|120.99141422|34179581|2||2||1|1|2|2|2|2|2|2|2||1||5000000
3417959|1|1|1|134.38283451|34179591|2||2||1|1|2|2|2|2|2|2|2||1||12000000
3417960|1|1|1|131.35727181|34179601|2||2||1|1|2|2|2|2|2|2|2||1||7000000
3417961|1|1|1|246.57511788|34179611|2||2||1|1|2|2|2|2|2|2|2||1||15800000
3417962|1|1|1|163.72292819|34179621|2||2||1|2|2|1|2|2|2|2|2||3||3400000
3417963|1|1|1|168.93099455|34179631|2||2||1|1|2|2|2|2|2|2|2||1||4000000
3417964|1|1|1|262.08023631|34179641|2||2||1|1|2|2|2|2|2|2|2||1||4000000
3417965|1|1|1|410.30939708|34179651|1|2|2||1|1|2|2|2|2|2|2|2||1||20000000
3417966|1|1|1|384.30317314|34179661|2||2||1|1|2|1|2|2|2|2|2||3||5000000
3417967|1|1|1|278.50823714|34179671|2||2||1|1|2|2|2|2|2|2|2||1||6000000
3417969|1|1|1|235.64578168|34179691|2||2||1|2|2|1|2|2|2|2|2||3||4500000
3417969|1|2|2|235.64578168|34179692|2||2||1|1|2|2|2|2|2|2|2||1||4000000
3417970|1|1|1|458.54849544|34179701|2||2||2|1|2|1|2|2|2|2|2||1||5000000
3417971|1|1|1|263.97528972|34179711|2||2||1|2|2|2|2|2|2|2|1||8||1200000
3417972|1|1|1|263.97528972|34179721|2||2||1|2|2|2|2|2|2|2|1||8||1500000
3417973|1|1|1|184.04450606|34179731|2||2||1|2|1|2|2|2|2|2|1||8||1600000
3417974|1|1|1|184.04450606|34179741|2||2||1|2|2|1|2|2|2|2|1||3||3000000
3417975|1|1|1|263.97528972|34179751|2||2||1|2|2|1|2|2|2|2|2||3||1300000
3417976|1|1|1|328.73095484|34179761|2||2||1|1|2|2|2|2|2|2|1||1||2800000
3417977|1|1|1|184.04450606|34179771|2||2||2|2|2|1|2|2|2|2|1||3||3000000
3417978|1|1|1|257.68201534|34179781|2||2||1|1|2|1|2|2|2|2|2||3||3500000
3417979|1|1|1|280.59052168|34179791|2||2||1|1|2|2|2|2|2|2|2||1||6000000
3417980|1|1|1|190.17932293|34179801|2||2||1|2|2|1|2|2|2|2|2||3||4000000
3417981|1|1|1|379.4763501|34179811|1|1|2||2|1|2|2|2|2|2|2|2||1||5000000
3417982|1|1|1|760.7172917|34179821|2||2||1|1|2|2|1|2|2|2|2||1||6000000
3417983|1|1|1|190.17932293|34179831|2||2||1|1|2|2|2|2|2|2|2||1||3500000
3417984|1|1|1|162.57264702|34179841|2||2||1|1|2|2|2|2|2|2|2||1||3000000
3417985|1|1|1|494.9963864|34179851|2||2||1|1|2|2|2|2|2|2|2||1||3000000
3417986|1|1|1|395.96293459|34179861|2||2||1|2|2|2|2|2|2|2|1||8||400000
3417987|1|1|1|414.55374005|34179871|2||2||1|1|2|2|2|2|2|2|2||1||400000
3417988|1|1|1|414.55374005|34179881|2||2||1|1|2|2|2|2|2|2|2||1||600000
3417989|1|1|1|186.67371329|34179891|2||2||1|1|2|1|2|2|2|2|2||1||7000000
3417990|1|1|1|378.86457265|34179901|2||2||1|1|2|2|1|2|2|2|2||1||7000000
3417991|1|1|1|267.74636529|34179911|2||2||1|2|2|1|2|2|2|2|2||3||3500000
3417992|1|1|1|446.06456939|34179921|2||2||1|1|2|2|2|2|2|2|2||1||2200000
3417993|1|1|1|216.25229462|34179931|2||2||1|1|2|2|2|2|2|2|1||1||2500000
3417994|1|1|1|232.24232843|34179941|2||2||2|1|2|2|2|2|2|2|2||1||3300000
3417995|1|1|1|302.77636802|34179951|2||2||1|1|1|2|2|2|2|2|2||1||3000000
3417996|1|1|1|385.25561628|34179961|2||2||1|1|2|2|2|2|2|2|2||1||3400000
3417997|1|1|1|302.77636802|34179971|2||2||1|1|2|2|2|2|2|1|1||1||1700000
3417998|1|1|1|386.25887193|34179981|2||2||1|1|2|2|2|2|2|2|2||1||3000000
3417999|1|1|1|302.77636802|34179991|2||2||1|1|2|2|2|2|2|2|2||1||1500000
3418000|1|1|1|768.89893215|34180001|2||2||1|1|2|2|2|2|2|2|2||1||1300000
3418001|1|1|1|697.29009384|34180011|2||2||1|1|2|2|2|2|2|1|2||1||3000000
3418002|1|1|1|472.89245207|34180021|2||2||1|2|2|1|2|2|2|2|2||3||3600000
3418003|1|1|1|594.35092553|34180031|2||1|1|1|1|2|2|2|2|2|2|2||1||1400000
3418004|1|1|1|416.39254279|34180041|2||2||1|1|2|2|2|2|2|2|2||1||2500000
3418005|1|1|1|579.48948758|34180051|2||2||1|2|2|1|2|2|2|2|2||3||3600000
3418006|1|1|1|233.12304101|34180061|2||2||1|2|2|1|2|2|2|1|2||3||1800000
3418007|1|1|1|343.94967173|34180071|2||2||2|1|2|2|2|2|2|2|2||1||1200000
3418008|1|1|1|408.4210619|34180081|2||2||1|1|2|2|2|2|2|2|2||1||2500000
3418009|1|1|1|458.27460112|34180091|2||2||1|1|2|2|2|2|2|2|2||1||3500000
3418010|1|1|1|458.27460112|34180101|2||2||1|1|2|2|2|2|2|2|2||1||3500000
3418011|1|1|1|416.39254279|34180111|2||1|1|1|2|2|2|1|2|2|2|2||4||2400000
3418012|1|1|1|838.99250634|34180121|2||2||1|1|2|2|1|2|2|2|2||1||1800000
3418013|1|1|1|458.27460112|34180131|2||2||1|1|2|2|2|2|2|2|2||1||2000000
3418014|1|1|1|252.40389402|34180141|2||2||1|2|2|1|2|2|2|2|2||3||1800000
3418015|1|1|1|344.76170187|34180151|2||2||1|1|2|2|2|2|2|2|2||1||2800000
3418016|1|1|1|242.97455319|34180161|2||2||1|2|2|1|2|2|2|2|2||3||4000000
3418018|1|1|1|269.8633234|34180181|2||2||1|1|2|1|2|2|2|2|2||3||3500000
3418019|1|1|1|1067.4581351|34180191|2||2||1|1|2|2|2|2|2|2|1||1||3000000
3418020|1|1|1|1247.7725936|34180201|2||2||1|1|2|2|2|2|2|2|2||1||1700000
3418023|1|1|1|1457.8751813|34180231|2||1|1|1|1|2|2|2|2|2|2|2||1||3000000
3418024|1|1|1|1533.1237887|34180241|2||2||2|1|2|2|2|2|2|2|2||1||99
3418025|1|1|1|1880.5583799|34180251|2||2||1|1|2|1|2|2|2|2|2||1||2800000
3418026|1|1|1|1954.1167759|34180261|2||2||1|1|2|2|2|2|2|2|2||1||3000000
3418027|1|1|1|2029.0332162|34180271|2||2||1|1|2|1|2|2|2|2|2||3||2000000
3418028|1|1|1|2199.5218576|34180281|2||2||1|1|2|2|2|2|2|2|2||1||4000000
3418029|1|1|1|2483.0358749|34180291|2||2||1|1|2|2|2|2|2|2|2||1||1700000
3418030|1|1|1|2462.2322444|34180301|2||2||2|2|2|2|2|2|2|2|1||8||1700000
3418031|1|1|1|2950.4097772|34180311|2||2||1|2|2|1|2|2|2|2|2||3||2000000
3418032|1|1|1|1689.4895341|34180321|2||2||1|1|2|2|2|2|2|2|2||1||7000000
3418033|1|1|1|2134.8986988|34180331|2||2||1|2|2|1|2|2|2|2|2||3||2000000
3418034|1|1|1|1391.0441749|34180341|2||2||1|1|2|2|2|2|2|2|2||1||6000000
3418035|1|1|1|1647.8749331|34180351|2||2||1|2|2|1|2|2|2|2|2||3||3000000
3418036|1|1|1|1363.4061034|34180361|2||2||1|1|2|2|2|2|2|2|2||1||5000000
3418037|1|1|1|2052.2100864|34180371|2||2||1|1|2|2|2|2|2|2|2||1||7000000
3418038|1|1|1|1647.8749331|34180381|2||2||1|1|2|2|2|2|2|2|2||1||1300000
3418039|1|1|1|1073.7122225|34180391|2||1|1|1|1|2|2|2|2|2|2|2||1||3000000
3418040|1|1|1|1820.8934129|34180401|1|1|2||1|1|2|2|2|2|2|2|2||1||5000000
3418041|1|1|1|1688.1226458|34180411|2||2||1|1|2|2|2|2|2|2|2||1||6000000
3418042|1|1|1|1329.4336246|34180421|2||2||1|1|2|2|2|2|2|2|2||1||8000000
3418043|1|1|1|1774.5396783|34180431|2||2||1|1|2|1|2|2|2|2|2||3||15000000
3418044|1|1|1|1774.5396783|34180441|2||2||1|1|2|2|2|2|2|2|2||1||15000000
3418045|1|1|1|1835.1252659|34180451|2||1|1|1|1|2|2|2|2|2|2|2||1||6000000
3418046|1|1|1|1688.1226458|34180461|2||2||1|1|2|2|2|2|2|2|2||1||8000000
3418047|1|1|1|1652.7729309|34180471|2||2||1|1|2|2|2|2|2|2|2||1||1300000
3418048|1|1|1|2427.0767719|34180481|2||2||1|1|2|2|2|2|2|2|2||1||600000
3418049|1|1|1|2586.9098731|34180491|2||2||1|1|2|2|2|2|2|2|2||1||1600000
3418050|1|1|1|936.16863965|34180501|2||2||1|1|2|2|2|2|2|2|2||1||1200000
3418051|1|1|1|811.85780249|34180511|2||2||1|1|2|2|2|2|2|2|2||1||800000
3418052|1|1|1|762.30572458|34180521|2||2||1|1|2|2|2|2|2|2|2||1||3000000
3418053|1|1|1|35.825656408|34180531|2||2||1|1|2|2|2|2|2|2|2||1||8000000
3418054|1|1|1|35.825656408|34180541|2||2||1|1|2|2|2|2|2|2|2||1||7000000
3418056|1|1|1|26.270573606|34180561|2||2||1|1|2|2|2|2|2|2|2||1||5900000
3418057|1|1|1|70.141760087|34180571|2||2||1|1|2|2|2|2|2|2|1||1||3000000
3418058|1|1|1|24.29958099|34180581|1|1|2||1|1|2|2|2|2|2|2|2||1||5000000
3418059|1|1|1|31.861661565|34180591|2||2||1|1|2|2|2|2|2|2|2||1||1000000
3418060|1|1|1|30.204313424|34180601|2||2||1|1|2|2|2|2|2|2|2||1||1500000
3418061|1|1|1|21.673223225|34180611|2||2||1|1|2|2|2|2|2|2|2||1||2800000
3418062|1|1|1|31.760103483|34180621|2||2||1|1|2|2|2|2|2|2|2||1||1500000
3418063|1|1|1|18.198448889|34180631|2||2||1|1|2|2|2|2|2|2|2||1||2900000
3418064|1|1|1|38.31808382|34180641|2||2||1|1|2|2|2|2|2|2|2||1||2000000
3418065|1|1|1|19.624969946|34180651|2||2||1|1|2|2|2|2|2|2|2||1||1300000
3418066|1|1|1|26.729539089|34180661|2||2||1|1|2|2|2|2|2|2|2||1||1500000
3418067|1|1|1|26.729539089|34180671|2||2||1|2|2|1|2|2|2|2|2||3||1600000
3418068|1|1|1|26.729539089|34180681|2||2||1|1|2|2|2|2|2|2|2||1||890000
3418069|1|1|1|24.659212531|34180691|2||2||1|1|2|2|2|2|2|2|2||1||1700000
3418070|1|1|1|27.528742519|34180701|2||2||1|1|2|2|2|2|2|2|2||1||1700000
3418071|1|1|1|24.659212531|34180711|2||2||1|1|2|2|2|2|2|2|2||1||1500000
3418072|1|1|1|31.020083334|34180721|2||2||1|1|2|2|2|2|2|2|2||1||2000000
3418074|1|1|1|33.451653318|34180741|2||2||1|1|2|2|2|2|2|2|2||1||3200000
3418075|1|1|1|45.561714356|34180751|2||2||1|2|2|1|2|2|2|2|2||3||3450000
3418076|1|1|1|38.486645167|34180761|2||2||1|1|2|2|2|2|2|2|2||1||18000000
3418077|1|1|1|24.659212531|34180771|2||2||1|1|2|2|2|2|2|2|2||1||3800000
3418078|1|1|1|64.25351134|34180781|2||2||1|1|2|2|2|2|2|2|2||1||1500000
3418079|1|1|1|2609.6077782|34180791|2||2||1|1|2|2|2|2|2|2|2||1||2700000
3418084|1|1|1|1368.1616493|34180841|2||2||1|1|2|1|2|2|2|2|1||3||98
3418085|1|1|1|1478.3317837|34180851|2||2||1|1|2|2|2|2|2|2|2||1||98
3418086|1|1|1|1514.1222165|34180861|2||2||1|2|2|2|2|2|2|2|1||8||3000000
3418088|1|1|1|1514.1222165|34180881|2||2||1|1|2|2|2|2|2|2|1||1||6000000
3418091|1|1|1|1364.3758688|34180911|2||2||1|1|2|1|2|2|2|2|2||3||4300000
3418094|1|1|1|994.43034694|34180941|2||2||1|1|2|2|2|2|2|2|2||1||1400000
3418095|1|1|1|814.60207673|34180951|2||2||1|1|2|2|2|2|2|2|2||1||3000000
3418096|1|1|1|905.66733534|34180961|2||2||1|1|2|2|2|2|2|2|2||1||4300000
3418097|1|1|1|1054.1810836|34180971|2||1|2|1|1|2|2|2|2|2|2|1||8||2000000
3418098|1|1|1|1218.8934225|34180981|2||2||1|1|2|2|2|2|2|2|1||1||5500000
3418099|1|1|1|1333.2117611|34180991|2||2||1|1|2|2|2|2|2|2|2||1||4000000
3418100|1|1|1|1108.3651721|34181001|2||2||1|1|2|2|2|2|2|2|2||1||98
3418101|1|1|1|734.3056889|34181011|2||2||1|1|2|2|2|2|2|2|2||1||98
3418102|1|1|1|914.13395912|34181021|2||2||1|1|2|2|2|2|2|2|2||1||8000000
3418104|1|1|1|740.95499641|34181041|2||2||1|1|2|2|2|2|2|2|2||1||8000000
3418105|1|1|1|890.86089424|34181051|2||2||1|1|2|2|2|2|2|2|1||1||98
3418106|1|1|1|1179.4291446|34181061|2||2||1|1|2|2|2|2|2|2|2||1||6000000
3418107|1|1|1|855.89760889|34181071|2||2||1|1|2|2|1|2|2|2|2||1||98
3418108|1|1|1|1195.4761622|34181081|2||1|3|1|2|2|2|2|2|2|2|1||8||3000000
3418109|1|1|1|664.99257258|34181091|2||2||1|1|2|2|2|2|2|2|2||1||3000000
3418110|1|1|1|954.39426207|34181101|2||2||1|1|2|2|2|2|2|2|2||1||5000000
3418112|1|1|1|921.15993062|34181121|2||2||1|1|2|2|2|2|2|2|2||1||1400000
3418113|1|1|1|1757.6425597|34181131|2||2||1|1|2|2|2|2|2|2|2||1||1600000
3418114|1|1|1|1595.3428026|34181141|2||2||1|1|2|2|2|2|2|2|2||1||1300000
3418115|1|1|1|2355.3740208|34181151|2||1|1|1|2|2|2|1|2|2|2|2||4||1000000
3418116|1|1|1|2646.6221284|34181161|2||2||2|1|2|2|2|2|2|2|2||1||2600000
3418117|1|1|1|1595.3428026|34181171|2||2||1|1|2|2|2|2|2|2|2||1||1900000
3418118|1|1|1|1269.1771996|34181181|2||2||1|1|2|2|2|2|2|2|2||1||1350000
3418122|1|1|1|1214.0971455|34181221|2||2||1|1|2|2|2|2|2|2|1||8||2000000
3418123|1|1|1|972.11132581|34181231|2||2||1|1|1|1|2|2|2|1|2||3||1300000
3418124|1|1|1|2340.6162436|34181241|2||2||2|1|2|2|2|2|2|2|2||1||2700000
3418125|1|1|1|959.36158648|34181251|2||2||2|1|1|2|2|2|2|2|2||1||2000000
3418126|1|1|1|891.5233914|34181261|2||2||1|2|2|1|2|2|2|2|2||3||2600000
3418127|1|1|1|1221.9587928|34181271|2||2||1|1|2|2|2|2|2|2|2||1||1300000
3418128|1|1|1|1196.5071019|34181281|2||2||1|1|2|2|2|2|2|2|2||1||1300000
3418129|1|1|1|1359.78258|34181291|2||2||2|1|2|2|2|2|2|2|2||1||2500000
3418130|1|1|1|1135.4111629|34181301|2||2||1|1|2|1|2|2|2|2|2||1||1800000
3418131|1|1|1|1161.5992845|34181311|2||2||1|1|1|2|2|2|2|2|2||1||1300000
3418132|1|1|1|1334.055905|34181321|2||2||2|1|2|2|2|2|2|2|2||1||2000000
3418133|1|1|1|713.39199354|34181331|2||2||1|1|2|2|2|2|2|2|2||1||98
3418134|1|1|1|2114.5897403|34181341|2||2||1|1|2|2|2|2|2|2|2||1||800000
3418135|1|1|1|1349.5967284|34181351|2||2||1|1|2|2|2|2|2|2|1||8||1000000
3418136|1|1|1|1069.2479288|34181361|2||2||1|1|2|2|2|2|2|2|2||1||1300000
3418137|1|1|1|1065.9875484|34181371|2||2||2|1|2|2|2|2|2|2|2||1||600000
3418138|1|1|1|1091.992606|34181381|2||2||1|1|2|2|2|2|2|2|2||1||1300000
3418139|1|1|1|892.14318963|34181391|2||2||1|1|2|2|2|2|2|2|2||1||1400000
3418140|1|1|1|950.40390606|34181401|2||2||1|1|2|2|2|2|2|2|2||1||2000000
3418141|1|1|1|1208.0080285|34181411|2||2||2|1|2|2|2|2|2|2|2||1||3000000
3418142|1|1|1|780.4487458|34181421|2||2||1|1|2|1|2|2|2|2|2||3||1300000
3418144|1|1|1|789.55236976|34181441|2||2||1|1|2|2|2|2|2|2|1||8||1500000
3418145|1|1|1|764.19554288|34181451|2||2||1|1|1|2|2|2|2|2|2||1||1500000
3418146|1|1|1|966.65710898|34181461|2||2||1|1|2|2|2|2|2|2|2||1||1350000
3418147|1|1|1|734.62626385|34181471|2||2||1|1|2|2|2|2|2|2|2||1||3500000
3418148|1|1|1|871.21586806|34181481|2||2||1|1|2|1|2|2|2|2|2||3||1300000
3418149|1|1|1|1210.8366287|34181491|2||2||2|1|2|2|2|2|2|2|2||1||3800000
3418150|1|1|1|966.65710898|34181501|2||2||1|1|2|2|2|2|2|2|2||1||2000000
3418151|1|1|1|1133.4941092|34181511|2||2||1|2|2|1|2|2|2|2|2||3||1300000
3418152|1|1|1|701.2607078|34181521|2||2||1|2|2|1|2|2|2|2|2||3||2100000
3418153|1|1|1|1645.2518653|34181531|2||2||2|1|2|2|2|2|2|2|2||1||1300000
3418154|1|1|1|789.55236976|34181541|2||2||1|1|2|1|2|2|2|2|2||3||2000000
3418155|1|1|1|796.70194872|34181551|2||2||1|1|2|2|2|2|2|2|1||1||98
3418156|1|1|1|1038.0528683|34181561|2||2||1|1|2|2|2|2|2|2|2||1||900000
3418158|1|1|1|5669.2676465|34181581|2||2||1|1|2|2|2|2|2|2|2||1||1400000
3418159|1|1|1|10454.044221|34181591|2||2||1|1|2|2|2|2|2|2|2||1||1300000
3418160|1|1|1|8510.1021377|34181601|2||2||1|2|2|1|2|2|2|2|2||3||1300000
3418161|1|1|1|8071.9082045|34181611|2||2||1|1|2|2|2|2|2|2|2||1||1100000
3418162|1|1|1|6809.9547032|34181621|2||2||1|1|2|2|2|2|2|2|2||1||1300000
3418163|1|1|1|3721.1983122|34181631|2||2||1|1|2|2|2|2|2|2|2||1||2500000
3418164|1|1|1|7540.0925455|34181641|2||2||1|1|2|2|2|2|2|2|2||1||1500000
3418165|1|1|1|5526.1457149|34181651|2||2||1|1|2|2|2|2|2|2|2||1||3000000
3418166|1|1|1|7584.1954459|34181661|2||2||1|1|2|2|2|2|2|2|2||1||1700000
3418167|1|1|1|6977.99891|34181671|2||2||1|1|2|2|2|2|2|2|2||1||1300000
3418168|1|1|1|3081.5084731|34181681|2||2||1|1|2|2|2|2|2|2|2||1||1300000
3418169|1|1|1|5899.8723566|34181691|2||2||1|2|2|1|2|2|2|2|2||3||5000000
3418170|1|1|1|5816.6428208|34181701|1|1|2||1|1|2|2|2|2|2|2|2||1||20000000
3418171|1|1|1|5669.7567814|34181711|2||2||1|1|2|2|1|2|2|2|2||1||15000000
3418172|1|1|1|6821.5217266|34181721|2||2||1|1|2|2|2|2|2|2|2||1||98
3418173|1|1|1|7055.5689616|34181731|2||2||1|1|2|2|2|2|2|2|2||1||2500000
3418174|1|1|1|5047.6685717|34181741|2||2||1|1|2|2|2|2|2|2|2||1||1300000
3418175|1|1|1|5616.6674109|34181751|2||2||1|1|2|2|2|2|2|2|2||1||1300000
3418176|1|1|1|4021.3826909|34181761|2||2||1|2|2|1|2|2|2|2|2||3||6000000
3418178|1|1|1|5575.490251|34181781|1|1|2||1|1|2|2|2|2|2|1|2||1||12000000
3418185|1|1|1|942.20313963|34181851|2||2||1|1|2|2|2|2|2|2|2||1||2000000
3418186|1|1|1|761.41110406|34181861|2||2||1|1|2|2|2|2|2|2|2||1||7000000
3418188|1|1|1|954.88263347|34181881|2||2||1|1|2|2|2|2|2|2|2||1||98
3418189|1|1|1|594.81029373|34181891|2||2||1|2|2|1|2|2|2|2|2||3||98
3418194|1|1|1|493.02874835|34181941|2||2||1|1|2|2|2|2|2|2|2||1||98
3418195|1|1|1|606.83543956|34181951|2||2||1|1|2|2|2|2|2|2|2||1||5100000
3418196|1|1|1|710.65036379|34181961|2||2||1|1|2|2|2|2|2|2|2||1||1800000
3418197|1|1|1|470.42772192|34181971|2||2||1|1|2|2|2|2|2|2|2||1||5000000
3418202|1|1|1|145.31380385|34182021|2||2||1|1|2|2|2|2|2|2|2||1||1300000
3418203|1|1|1|131.00374452|34182031|2||1|1|1|1|2|2|1|2|2|2|2||1||2100000
3418204|1|1|1|117.79185167|34182041|2||2||1|1|2|1|2|2|2|2|2||1||6300000
3418205|1|1|1|113.89722976|34182051|2||2||1|1|2|2|2|2|2|2|2||1||2600000
3418206|1|1|1|165.97500199|34182061|2||2||1|1|2|2|2|2|2|2|2||1||3000000
3418207|1|1|1|146.98914592|34182071|2||2||1|1|2|2|2|2|2|2|2||1||4000000
3418210|1|1|1|116.27251595|34182101|2||2||1|2|2|1|2|2|2|1|2||3||5500000
3418211|1|1|1|144.19517305|34182111|2||2||1|1|2|1|2|2|2|2|2||3||8000000
3418214|1|1|1|163.4179315|34182141|2||2||1|1|2|2|2|2|2|2|2||1||400000
3418215|1|1|1|160.78812697|34182151|2||2||1|1|2|2|2|2|2|2|2||1||2160000
3418216|1|1|1|133.30996095|34182161|2||2||2|1|2|2|2|2|2|2|2||1||400000
3418217|1|1|1|149.89737447|34182171|2||2||1|1|2|2|2|2|2|2|2||1||720000
3418218|1|1|1|106.99427851|34182181|2||2||1|1|2|2|2|2|2|2|2||1||1800000
3418219|1|1|1|124.70234286|34182191|2||2||1|2|2|2|2|2|2|1|1||8||99
3418220|1|1|1|164.35320536|34182201|2||2||2|1|2|2|2|2|2|2|2||1||4000000
3418221|1|1|1|282.17816911|34182211|2||2||1|1|2|2|2|2|2|2|2||1||2300000
3418222|1|1|1|311.13155254|34182221|2||2||1|1|2|2|2|2|2|2|2||1||1460000
3418223|1|1|1|214.89468486|34182231|2||2||1|1|2|2|2|2|2|2|2||1||1340000
3418224|1|1|1|214.89468486|34182241|2||2||1|1|2|2|2|2|2|2|2||1||2500000
3418226|1|1|1|945.77728165|34182261|2||2||1|2|2|1|2|2|2|2|2||3||1800000
3418227|1|1|1|392.95169094|34182271|2||2||1|2|2|1|2|2|2|2|2||3||98
3418228|1|1|1|192.75740014|34182281|2||2||1|1|2|2|2|2|2|2|2||1||3000000
3418229|1|1|1|192.75740014|34182291|2||2||1|2|2|2|2|2|2|2|1||8||98
3418230|1|1|1|200.31814283|34182301|2||2||2|1|2|2|2|2|2|2|2||1||3500000
3418231|1|1|1|454.79348381|34182311|2||2||1|1|2|2|2|2|2|2|2||1||2000000
3418232|1|1|1|345.15879051|34182321|2||2||1|1|2|2|2|2|2|2|2||1||98
3418233|1|1|1|175.23400013|34182331|2||2||1|2|2|1|2|2|2|2|2||3||1300000
3418234|1|1|1|220.40480498|34182341|2||2||1|2|2|2|2|2|2|2|1||8||1300000
3418235|1|1|1|450.74307726|34182351|2||2||1|1|2|2|2|2|2|2|2||1||98
3418236|1|1|1|741.77367227|34182361|2||2||1|1|2|2|2|2|2|2|2||1||2000000
3418237|1|1|1|197.08719477|34182371|2||2||1|1|2|2|2|2|2|1|2||1||1900000
3418243|1|1|1|64.933681469|34182431|2||2||1|1|2|2|2|2|2|2|2||1||2500000
3418244|1|1|1|98.97901783|34182441|2||2||1|1|2|2|2|2|2|2|2||1||2500000
3418247|1|1|1|307.99332486|34182471|2||2||1|1|2|2|2|2|2|2|2||1||800000
3418256|1|1|1|130.07655615|34182561|2||2||1|1|1|2|2|2|2|2|2||1||1080000
3418257|1|1|1|223.02774153|34182571|2||2||1|1|2|2|2|2|2|2|2||1||800000
3418262|1|1|1|249.76072881|34182621|2||2||1|1|2|2|2|2|2|2|2||1||2300000
3418263|1|1|1|141.0966418|34182631|2||2||1|1|2|1|2|2|2|2|2||3||1300000
3418267|1|1|1|104.01731122|34182671|2||2||1|1|1|2|2|2|2|2|2||1||1380000
3418268|1|1|1|230.25117469|34182681|2||2||1|1|2|2|2|2|2|2|2||1||4000000
3418270|1|1|1|268.8371033|34182701|2||2||1|1|2|2|2|2|2|2|2||1||1500000
3418271|1|1|1|174.3106214|34182711|2||2||1|1|2|2|2|2|2|2|2||1||2500000
3418272|1|1|1|173.0189224|34182721|2||2||2|2|2|1|2|2|2|2|2||3||1500000
3418273|1|1|1|173.0189224|34182731|2||2||1|1|2|2|2|2|2|2|2||1||3000000
3418274|1|1|1|215.07384776|34182741|2||2||1|1|2|1|2|2|2|2|2||1||98
3418283|1|1|1|260.89264046|34182831|2||2||1|1|2|2|2|2|2|2|2||1||98
3418284|1|1|1|259.39606409|34182841|2||2||1|1|2|2|2|2|2|2|2||1||2000000
3418288|1|1|1|448.11078162|34182881|2||2||1|1|1|2|2|2|2|2|2||1||1200000
3418289|1|1|1|313.68761269|34182891|2||2||1|1|2|2|1|2|2|2|2||1||700000
3418290|1|1|1|508.24256642|34182901|2||2||1|1|2|2|2|2|2|2|2||1||600000
3418293|1|1|1|246.67661543|34182931|2||2||1|1|2|2|2|2|2|2|2||1||2000000
3418294|1|1|1|281.75601388|34182941|2||2||1|1|2|2|2|2|2|2|2||1||1000000
3418295|1|1|1|333.21907152|34182951|2||2||2|1|2|2|2|2|2|2|2||1||1800000
3418298|1|1|1|248.56053811|34182981|2||2||2|1|2|1|2|2|2|2|2||1||3000000
3418299|1|1|1|247.19702791|34182991|2||2||1|1|2|2|2|2|2|1|2||1||3000000
3418300|1|1|1|329.91923636|34183001|2||2||1|2|2|2|2|2|2|2|1||8||1300000
3418301|1|1|1|322.17515677|34183011|2||2||1|1|2|2|2|2|2|2|1||1||3600000
3418303|1|1|1|357.94902971|34183031|2||2||1|1|2|2|2|2|2|2|2||1||800000
3418304|1|1|1|407.83562105|34183041|2||2||1|1|2|2|2|2|2|2|2||1||3000000
3418308|1|1|1|354.46453977|34183081|2||2||1|1|2|2|2|2|2|2|2||1||99
3418309|1|1|1|341.16261963|34183091|2||2||2|1|2|2|2|2|2|2|2||1||2000000
3418310|1|1|1|295.9623393|34183101|1|1|2||1|1|2|2|2|2|2|2|2||1||4500000
3418311|1|1|1|724.88323054|34183111|2||2||2|1|2|2|2|2|2|2|2||1||3000000
3418312|1|1|1|352.46931462|34183121|2||2||1|1|2|1|2|2|2|2|2||1||98
3418313|1|1|1|521.78076833|34183131|2||2||1|1|2|2|2|2|2|2|2||1||4200000
3418317|1|1|1|93.608673063|34183171|2||2||1|2|2|2|2|2|2|2|1||8||1200000
3418318|1|1|1|54.332602989|34183181|2||2||1|2|2|1|2|2|2|1|2||3||3000000
3418319|1|1|1|52.797783696|34183191|2||2||1|2|2|2|2|2|2|1|2||7||1000000
3418321|1|1|1|196.03955969|34183211|2||2||1|2|2|1|2|2|2|2|1||3||1800000
3418322|1|1|1|309.84665998|34183221|2||2||1|1|2|2|2|2|2|2|2||1||2000000
3418323|1|1|1|137.21960415|34183231|2||2||1|1|2|2|2|2|2|2|2||1||2000000
3418324|1|1|1|320.15111171|34183241|2||2||1|2|2|1|2|2|2|2|2||3||3000000
3418326|1|1|1|281.66896517|34183261|2||2||1|1|2|2|2|2|2|2|2||1||1300000
3418327|1|1|1|246.26151349|34183271|2||2||1|1|2|2|2|2|2|2|2||1||1000000
3418328|1|1|1|252.46084151|34183281|2||2||1|1|2|2|2|2|2|2|2||1||3000000
3418329|1|1|1|384.67801528|34183291|2||2||1|1|2|2|2|2|2|2|2||1||98
3418330|1|1|1|170.39972933|34183301|2||2||1|1|2|2|2|2|2|2|2||1||1000000
3418331|1|1|1|384.67801528|34183311|2||2||1|1|2|2|2|2|2|2|2||1||1000000
3418333|1|1|1|287.99529426|34183331|2||2||2|1|2|2|2|2|2|2|2||1||1000000
3418338|1|1|1|289.54093754|34183381|2||2||1|1|1|2|2|2|2|2|2||1||1300000
3418346|1|1|1|509.87031827|34183461|2||2||1|1|2|2|2|2|2|2|2||1||1300000
3418348|1|1|1|64.512015318|34183481|2||2||1|1|2|1|2|2|2|1|2||1||7000000
3418349|1|1|1|60.811185636|34183491|1|1|2||1|1|2|2|2|2|2|2|2||1||20000000
3418354|1|1|1|126.44095293|34183541|2||2||2|1|2|2|2|2|2|2|2||1||500000
3418355|1|1|1|98.536071844|34183551|2||2||1|1|2|2|2|2|2|2|2||1||1000000
3418356|1|1|1|63.494032061|34183561|2||2||2|1|2|2|2|2|2|2|2||1||5000000
3418357|1|1|1|103.62837057|34183571|2||1|1|2|1|2|2|2|2|2|2|2||1||1200000
3418358|1|1|1|53.731733983|34183581|2||2||2|1|2|2|2|2|2|2|2||1||750000
3418359|1|1|1|80.042089892|34183591|2||2||1|2|2|2|1|2|2|2|2||4||900000
3418360|1|1|1|88.453936584|34183601|2||2||1|2|2|1|2|2|2|2|2||3||3300000
3418361|1|1|1|88.671844732|34183611|2||2||1|1|2|2|2|2|2|2|2||1||1300000
3418364|1|1|1|106.89469514|34183641|2||2||1|1|2|2|2|2|2|2|2||1||6000000
3418365|1|1|1|124.63253645|34183651|2||2||1|1|2|2|2|2|2|2|2||1||7000000
3418366|1|1|1|66.686964048|34183661|2||2||1|1|2|2|2|2|2|2|2||1||1200000
3418369|1|1|1|101.58499425|34183691|2||2||1|1|2|2|2|2|2|2|2||1||2500000
3418370|1|1|1|44.423256533|34183701|2||2||1|1|2|1|2|2|2|2|2||1||3500000
3418374|1|1|1|89.762602674|34183741|2||2||1|1|2|2|2|2|2|2|2||1||2200000
3418375|1|1|1|45.269592368|34183751|2||2||1|1|2|2|2|2|2|1|2||7||1500000
3418376|1|1|1|100.68119113|34183761|2||1|1|1|2|2|2|2|2|2|2|1||8||1300000
3418377|1|1|1|111.16582374|34183771|2||2||1|1|2|2|2|2|2|2|2||1||3300000
3418378|1|1|1|75.436807229|34183781|2||2||1|1|2|2|2|2|2|2|2||1||98
3418379|1|1|1|73.044708348|34183791|2||2||1|1|2|2|2|2|2|2|2||1||500000
3418380|1|1|1|78.224124019|34183801|2||2||1|1|2|2|2|2|2|2|2||1||2000000
3418381|1|1|1|72.071857162|34183811|2||2||1|2|2|2|2|2|2|1|2||7||2000000
3418382|1|1|1|100.46421321|34183821|2||2||1|1|2|2|2|2|2|2|2||1||2000000
3418384|1|1|1|79.060992141|34183841|2||2||1|1|2|2|2|2|2|2|2||1||7500000
3418386|1|1|1|66.248183953|34183861|2||2||1|1|2|2|2|2|2|2|2||1||1260000
3418387|1|1|1|146.04005547|34183871|2||2||1|1|2|2|2|2|2|2|2||1||3000000
3418388|1|1|1|103.03242045|34183881|2||2||1|1|2|2|2|2|2|2|2||1||1500000
3418389|1|1|1|111.50560619|34183891|2||2||1|1|2|2|2|2|2|2|2||1||400000
3418390|1|1|1|126.72355933|34183901|2||2||1|1|2|2|2|2|2|2|2||1||450000
3418391|1|1|1|106.89469514|34183911|2||2||1|1|2|2|2|2|2|2|2||1||800000
3418392|1|1|1|151.63171086|34183921|2||2||2|1|2|2|2|2|2|2|2||1||800000
3418393|1|1|1|109.24398634|34183931|2||2||2|1|2|2|2|2|2|2|2||1||2600000
3418394|1|1|1|144.45760647|34183941|2||2||1|1|1|2|2|2|2|2|2||1||600000
3418395|1|1|1|160.27726427|34183951|2||2||1|1|2|2|2|2|2|2|2||1||2000000
3418396|1|1|1|61.254072994|34183961|2||2||1|1|2|2|2|2|2|1|2||1||15000000
3418397|1|1|1|92.575859919|34183971|2||2||1|1|2|2|2|2|2|2|2||1||7000000
3418398|1|1|1|205.61251997|34183981|2||2||1|1|2|2|2|2|2|2|2||1||6000000
3418399|1|1|1|329.6182569|34183991|1|2|2||1|1|2|2|2|2|2|2|2||1||25000000
3418400|1|1|1|516.70530836|34184001|2||2||1|1|2|2|2|2|2|2|2||1||13000000
3418401|1|1|1|289.67361634|34184011|2||2||1|1|2|2|2|2|2|2|2||1||10000000
3418402|1|1|1|189.08419936|34184021|2||2||1|1|2|1|2|2|2|2|2||1||17000000
3418403|1|1|1|409.41366733|34184031|2||2||1|1|2|2|2|2|2|2|2||1||10000000
3418404|1|1|1|440.18020416|34184041|2||2||1|1|2|2|2|2|2|2|2||1||20000000
3418405|1|1|1|205.61251997|34184051|1|1|2||1|1|2|1|2|2|2|2|2||1||15000000
3418406|1|1|1|232.02043385|34184061|2||2||1|1|2|2|2|2|2|2|2||1||6000000
3418407|1|1|1|289.67361634|34184071|2||2||1|1|2|2|2|2|2|2|2||1||12000000
3418408|1|1|1|351.76048484|34184081|1|1|2||1|1|2|2|2|2|2|2|2||1||98
3418409|1|1|1|435.82158121|34184091|2||2||1|1|2|2|2|2|2|2|2||1||1300000
3418410|1|1|1|351.76048484|34184101|2||2||1|1|2|2|2|2|2|2|2||1||600000
3418411|1|1|1|337.34967871|34184111|2||2||1|1|2|2|2|2|2|2|1||1||1000000
3418412|1|1|1|448.17045973|34184121|2||1|1|1|2|2|2|2|2|2|2|1||8||1500000
3418413|1|1|1|563.92208938|34184131|2||2||1|1|2|2|2|2|2|2|2||1||800000
3418414|1|1|1|401.97319544|34184141|2||1|1|1|2|2|2|2|2|2|2|1||8||3500000
3418415|1|1|1|258.1574378|34184151|2||2||1|1|2|2|2|2|2|2|2||1||2000000
3418417|1|1|1|250.53352751|34184171|2||2||1|1|1|2|2|2|2|2|2||1||1500000
3418417|1|2|2|250.53352751|34184172|2||2||2|1|2|2|2|2|2|2|2||1||800000
3418418|1|1|1|291.36633543|34184181|2||2||1|1|1|2|2|2|2|2|2||1||1500000
3418419|1|1|1|181.06742601|34184191|2||2||1|1|2|2|2|2|2|2|2||1||1300000
3418420|1|1|1|220.95914214|34184201|2||2||1|1|2|2|2|2|2|2|2||1||1500000
3418421|1|1|1|337.7175762|34184211|2||2||1|1|2|2|2|2|2|2|2||1||1000000
3418422|1|1|1|220.95914214|34184221|2||2||1|1|2|2|2|2|2|2|2||1||1300000
3418423|1|1|1|281.28619282|34184231|2||2||1|1|2|2|2|2|2|2|1||1||700000
3418424|1|1|1|337.7175762|34184241|2||2||1|1|2|2|2|2|2|2|2||1||500000
3418425|1|1|1|282.28128223|34184251|2||2||1|2|2|1|2|2|2|2|1||3||3500000
3418426|1|1|1|292.20167692|34184261|2||2||2|1|2|2|2|2|2|2|2||1||550000
3418426|1|2|2|292.20167692|34184262|2||2||1|1|2|2|2|2|2|2|2||1||1300000
3418426|1|3|3|292.20167692|34184263|2||2||1|1|2|2|2|2|2|2|2||1||1000000
3418427|1|1|1|257.24191259|34184271|2||2||2|1|2|2|2|2|2|2|2||1||600000
3418427|1|2|2|257.24191259|34184272|2||2||1|1|1|2|2|2|2|2|2||1||900000
3418428|1|1|1|183.12424718|34184281|2||2||1|1|2|2|2|2|2|2|2||1||1300000
3418429|1|1|1|330.98985014|34184291|2||2||1|1|2|2|2|2|2|2|2||1||1000000
3418430|1|1|1|200.55771892|34184301|2||2||1|1|2|2|2|2|2|2|2||1||250000
3418431|1|1|1|281.28619282|34184311|2||2||1|2|2|2|2|2|2|2|1||8||550000
3418432|1|1|1|213.37812942|34184321|2||2||1|1|2|2|2|2|2|2|2||1||2200000
3418433|1|1|1|77.395807734|34184331|2||2||1|1|2|2|2|2|2|2|2||1||99
3418434|1|1|1|87.744495379|34184341|2||2||2|1|1|2|2|2|2|2|2||1||600000
3418435|1|1|1|141.00539193|34184351|2||2||1|1|2|1|2|2|2|2|2||1||1200000
3418436|1|1|1|110.28902602|34184361|2||2||2|1|2|1|2|2|2|2|2||3||2500000
3418437|1|1|1|250.4240945|34184371|2||2||2|1|2|2|2|2|2|2|2||1||2000000
3418438|1|1|1|198.80573567|34184381|2||2||1|1|2|2|2|2|2|2|2||1||700000
3418439|1|1|1|176.55041946|34184391|2||2||1|1|2|2|2|2|2|2|2||1||2500000
3418442|1|1|1|536.57945381|34184421|2||2||1|2|2|1|2|2|2|2|1||3||3000000
3418446|1|1|1|706.68638897|34184461|2||2||1|1|2|2|2|2|2|2|2||1||3500000
3418455|1|1|1|1119.3506724|34184551|2||2||1|1|2|2|2|2|2|2|2||1||600000
3418465|1|1|1|369.66430505|34184651|2||2||1|1|2|2|2|2|2|2|2||1||1300000
3418466|1|1|1|302.76805223|34184661|2||2||1|1|2|2|2|2|2|2|2||1||1300000
3418467|1|1|1|315.74965798|34184671|2||2||1|1|2|2|2|2|2|2|2||1||1300000
3418469|1|1|1|497.13759576|34184691|2||2||1|1|2|2|2|2|2|2|2||1||1300000
3418470|1|1|1|397.59558681|34184701|2||2||1|1|2|2|2|2|2|2|2||1||800000
3418471|1|1|1|424.85263968|34184711|2||2||1|1|2|2|2|2|2|2|2||1||3900000
3418472|1|1|1|245.2291236|34184721|2||2||1|1|2|2|2|2|2|2|2||1||1300000
3418475|1|1|1|220.6670667|34184751|2||2||1|1|2|2|2|2|2|2|2||1||1500000
3418476|1|1|1|191.98678467|34184761|2||2||1|2|2|1|2|2|2|2|2||3||1300000
3418477|1|1|1|144.59057641|34184771|2||2||1|2|2|1|2|2|2|2|2||3||2300000
3418478|1|1|1|259.74682631|34184781|2||2||1|2|2|1|2|2|2|2|2||3||1300000
3418479|1|1|1|240.69900146|34184791|2||2||1|1|2|2|2|2|2|2|2||1||1500000
3418480|1|1|1|443.59209988|34184801|2||2||1|1|2|2|2|2|2|2|2||1||1800000
3418485|1|1|1|241.44994239|34184851|2||2||1|1|2|2|2|2|2|2|2||1||1600000
3418486|1|1|1|241.644779|34184861|2||2||1|1|2|2|2|2|2|2|2||1||1300000
3418487|1|1|1|325.2413497|34184871|2||2||1|1|2|2|1|2|2|2|2||1||2000000
3418489|1|1|1|370.33853394|34184891|2||2||1|1|2|2|2|2|2|2|2||1||3000000
3418491|1|1|1|219.01223346|34184911|2||2||1|1|2|2|2|2|2|2|2||1||3500000
3418493|1|1|1|194.75110366|34184931|2||2||1|1|2|1|2|2|2|1|2||1||99
3418497|1|1|1|333.00310283|34184971|2||2||1|1|2|2|2|2|2|2|2||1||5500000
3418499|1|1|1|375.7388566|34184991|2||2||1|1|2|2|2|2|2|2|2||1||1500000
3418500|1|1|1|416.58323607|34185001|2||2||1|1|2|2|2|2|2|2|2||1||99
3418501|1|1|1|274.37493453|34185011|2||2||1|2|1|2|2|2|2|2|1||8||480000
3418502|1|1|1|308.61544495|34185021|2||2||1|1|2|2|2|2|2|2|2||1||800000
3418503|1|1|1|346.87823212|34185031|2||2||1|1|2|2|2|2|2|2|2||1||1300000
3418504|1|1|1|476.31404403|34185041|2||1|3|1|2|2|2|2|2|2|2|1||8||400000
3418505|1|1|1|872.23969854|34185051|2||2||2|1|2|2|2|2|2|2|2||1||2600000
3418506|1|1|1|508.65525|34185061|2||2||1|1|2|2|2|2|2|2|2||1||4500000
3418507|1|1|1|463.88132593|34185071|2||2||1|1|2|2|2|2|2|2|1||8||99
3418508|1|1|1|463.88132593|34185081|2||2||1|1|2|2|2|2|2|2|2||1||12500000
3418509|1|1|1|461.26423247|34185091|2||2||1|1|2|1|2|2|2|2|2||1||15000000
3418510|1|1|1|364.55927262|34185101|1|1|2||1|2|2|1|2|2|2|2|2||3||16000000
3418513|1|1|1|568.77473269|34185131|2||2||1|1|2|2|2|2|2|2|2||1||900000
3418514|1|1|1|584.01875205|34185141|2||1|1|1|1|2|2|2|2|2|2|2||1||1400000
3418515|1|1|1|578.40686364|34185151|2||2||1|1|2|2|2|2|2|2|2||1||2500000
3418516|1|1|1|839.77301513|34185161|2||2||1|1|2|2|2|2|2|2|2||1||1100000
3418518|1|1|1|571.70024143|34185181|2||2||1|1|2|2|2|2|2|2|2||1||4600000
3418519|1|1|1|822.84334433|34185191|2||2||1|1|2|2|1|2|2|2|1||1||2500000
3418520|1|1|1|466.33653125|34185201|2||2||1|1|1|2|1|2|2|2|2||1||1500000
3418521|1|1|1|614.15274551|34185211|2||2||1|1|2|2|2|2|2|2|2||1||1300000
3418524|1|1|1|717.61415269|34185241|2||2||1|1|2|2|2|2|2|2|2||1||4500000
3418525|1|1|1|569.97469653|34185251|2||2||1|1|2|1|2|2|2|2|2||1||4000000
3418526|1|1|1|737.12165871|34185261|2||2||1|1|2|2|2|2|2|2|2||1||7000000
3418529|1|1|1|583.4495662|34185291|2||2||1|1|2|2|1|2|2|2|2||1||2100000
3418536|1|1|1|1585.6089162|34185361|2||2||2|1|2|2|2|2|2|2|2||1||2600000
3418537|1|1|1|1004.6557472|34185371|2||2||1|1|2|2|2|2|2|2|2||1||1500000
3418543|1|1|1|277.45095252|34185431|2||2||1|1|2|2|2|2|2|2|2||1||1300000
3418545|1|1|1|183.47446078|34185451|2||2||1|1|2|2|1|2|2|2|2||1||1600000
3418546|1|1|1|173.60854245|34185461|2||2||1|1|2|2|2|2|2|2|2||1||1300000
3418548|1|1|1|211.91792008|34185481|2||2||1|1|2|2|2|2|2|2|2||1||2500000
3418551|1|1|1|276.70301246|34185511|2||2||1|1|2|2|1|2|2|2|2||1||99
3418553|1|1|1|154.49328157|34185531|2||2||1|1|2|2|2|2|2|2|2||1||6000000
3418561|1|1|1|622.60329872|34185611|2||1|1|1|1|2|1|2|2|2|2|2||3||6000000
3418562|1|1|1|276.00883362|34185621|2||2||1|2|2|1|2|2|2|2|2||3||99
3418563|1|1|1|241.91631538|34185631|2||2||1|1|2|2|2|2|2|2|2||1||1000000
3418564|1|1|1|276.00883362|34185641|2||2||1|2|2|1|2|2|2|2|2||3||1300000
3418565|1|1|1|318.78910524|34185651|2||2||1|1|2|2|2|2|2|2|2||1||1300000
3418566|1|1|1|510.53470495|34185661|2||2||1|1|2|2|2|2|2|2|2||1||8000000
3418567|1|1|1|226.32724357|34185671|2||2||1|2|2|1|2|2|2|1|1||3||8900000
3418568|1|1|1|226.32724357|34185681|1|1|2||1|2|2|1|2|2|2|2|2||3||7950000
3418569|1|1|1|309.54492541|34185691|2||2||1|1|2|2|2|2|2|2|2||1||1300000
3418570|1|1|1|251.592968|34185701|2||2||1|1|2|2|2|2|2|2|2||1||1300000
3418571|1|1|1|488.75838974|34185711|2||2||1|2|2|1|2|2|2|2|2||3||2600000
3418572|1|1|1|244.06426811|34185721|2||2||1|1|2|2|2|2|2|2|2||1||1300000
3418573|1|1|1|175.7473783|34185731|2||2||1|1|2|2|2|2|2|2|2||1||1300000
3418574|1|1|1|303.43032944|34185741|2||2||1|1|2|2|2|2|2|2|2||1||1800000
3418575|1|1|1|394.65555911|34185751|2||2||1|1|2|2|2|2|2|2|2||1||2000000
3418576|1|1|1|311.48395503|34185761|2||2||1|1|2|2|2|2|2|2|2||1||2000000
3418577|1|1|1|330.07103914|34185771|2||2||1|1|2|2|2|2|2|2|2||1||1800000
3418578|1|1|1|565.51884064|34185781|2||2||1|1|2|2|2|2|2|2|2||1||2300000
3418579|1|1|1|558.49208301|34185791|2||2||1|1|2|2|2|2|2|2|1||1||1400000
3418580|1|1|1|447.51492746|34185801|2||2||1|2|2|2|2|2|2|2|1||8||2000000
3418581|1|1|1|298.08954031|34185811|2||2||1|1|2|2|2|2|2|2|2||1||5000000
3418582|1|1|1|231.47215679|34185821|2||2||1|1|2|2|2|2|2|2|2||1||2000000
3418583|1|1|1|1607.4486626|34185831|2||2||1|1|2|2|2|2|2|2|2||1||500000
3418584|1|1|1|1764.3509019|34185841|2||2||1|1|2|2|2|2|2|2|2||1||8000000
3418585|1|1|1|1786.0540696|34185851|2||2||1|1|2|1|2|2|2|2|2||3||14000000
3418586|1|1|1|1998.9556903|34185861|1|1|2||2|1|2|2|2|2|2|2|2||1||98
3418587|1|1|1|2127.672138|34185871|1|1|2||2|2|2|1|2|2|2|2|2||3||98
3418588|1|1|1|1083.1469345|34185881|2||2||1|1|2|2|2|2|2|2|2||1||1200000
3418589|1|1|1|1701.9376998|34185891|2||2||1|1|2|1|2|2|2|2|2||3||7400000
3418590|1|1|1|1439.441659|34185901|2||2||1|1|2|2|2|2|2|2|2||1||99
3418591|1|1|1|1994.5358186|34185911|2||2||1|2|2|1|2|2|2|2|2||3||98
3418592|1|1|1|1985.8273288|34185921|2||2||1|2|2|1|2|2|2|2|2||3||98
3418593|1|1|1|1059.1708066|34185931|2||2||1|1|2|2|2|2|2|2|2||1||98
3418603|1|1|1|29.281715169|34186031|2||2||1|1|2|2|2|2|2|2|2||1||2500000
3418612|1|1|1|16.564043697|34186121|2||2||1|1|2|2|2|2|2|2|2||1||2500000
3418620|1|1|1|1611.8326998|34186201|2||2||1|2|2|2|2|2|2|2|1||8||2000000
3418621|1|1|1|1689.6253532|34186211|2||2||1|1|2|2|2|2|2|2|2||1||5000000
3418622|1|1|1|1277.6422184|34186221|2||2||1|1|2|2|2|2|2|2|2||1||3000000
3418623|1|1|1|1389.5087434|34186231|2||2||1|1|2|2|2|2|2|2|2||1||2500000
3418624|1|1|1|1518.5551712|34186241|2||2||1|1|2|1|2|2|2|2|2||1||2500000
3418625|1|1|1|1398.4844652|34186251|2||2||1|1|2|1|2|2|2|2|2||3||1800000
3418626|1|1|1|1206.307681|34186261|2||2||1|1|2|2|2|2|2|2|2||1||2000000
3418629|1|1|1|1615.2895768|34186291|2||2||1|1|2|2|2|2|2|2|2||1||1300000
3418636|1|1|1|986.01181156|34186361|2||2||1|1|2|2|2|2|2|2|2||1||1300000
3418637|1|1|1|1513.1896016|34186371|2||2||1|1|2|2|2|2|2|2|2||1||3000000
3418638|1|1|1|1694.3790331|34186381|2||2||1|1|2|2|2|2|2|2|2||1||800000
3418639|1|1|1|1207.1576596|34186391|2||2||1|1|2|2|2|2|2|2|2||1||1300000
3418640|1|1|1|1434.9838357|34186401|2||2||1|1|2|2|2|2|2|2|1||8||600000
3418641|1|1|1|1362.3856662|34186411|2||2||1|1|2|2|2|2|2|2|1||1||98
3418642|1|1|1|1362.3856662|34186421|2||2||1|1|2|2|2|2|2|1|2||7||2500000
3418655|1|1|1|11586.729211|34186551|2||2||2|1|2|2|2|2|2|2|2||1||3000000
3418665|1|1|1|7864.7134929|34186651|2||2||2|1|2|2|2|2|2|2|2||1||1300000
3418666|1|1|1|7624.6499065|34186661|2||2||1|1|2|2|2|2|2|2|2||1||2000000
3418667|1|1|1|7407.012909|34186671|2||2||2|1|2|2|2|2|2|2|2||1||1800000
3418668|1|1|1|5910.5722875|34186681|2||2||1|1|2|2|1|2|2|2|2||1||1800000
3418676|1|1|1|5566.1923364|34186761|1|1|2||1|1|2|2|2|2|2|1|2||1||4000000
3418681|1|1|1|8767.1294351|34186811|2||2||1|1|2|2|2|2|2|2|2||1||12000000
3418682|1|1|1|6355.5886308|34186821|2||2||1|2|2|1|2|2|2|2|1||3||2500000
3418683|1|1|1|3227.9132937|34186831|2||2||1|1|2|2|2|2|2|2|1||1||3000000
3418684|1|1|1|3823.703277|34186841|2||2||1|1|2|1|2|2|2|2|2||1||6000000
3418698|1|1|1|864.70088503|34186981|2||2||1|2|2|2|2|2|2|2|1||8||98
3418711|1|1|1|116.00398659|34187111|2||2||1|1|2|2|1|2|2|2|2||1||1800000
3418712|1|1|1|88.966781745|34187121|2||2||1|1|2|2|2|2|2|2|1||1||700000
3418713|1|1|1|116.00398659|34187131|2||2||1|1|2|2|2|2|2|2|2||1||1700000
3418715|1|1|1|140.06839694|34187151|2||2||1|1|2|2|2|2|2|2|2||1||1300000
3418716|1|1|1|84.066908078|34187161|2||2||1|1|2|2|2|2|2|2|2||1||1300000
3418718|1|1|1|214.09398787|34187181|2||2||1|1|2|2|2|2|1|2|2||1||2000000
3418719|1|1|1|140.30324643|34187191|2||2||1|1|2|2|2|2|2|2|2||1||2600000
3418720|1|1|1|233.97060148|34187201|2||2||1|1|2|2|2|2|2|2|2||1||3000000
3418721|1|1|1|97.000278551|34187211|2||2||1|1|2|2|2|2|2|2|2||1||1300000
3418722|1|1|1|253.9651787|34187221|2||2||1|1|2|2|2|2|2|2|2||1||1300000
3418723|1|1|1|242.24579575|34187231|2||2||1|1|2|2|2|2|2|2|2||1||6000000
3418724|1|1|1|235.65634272|34187241|2||2||1|2|2|2|2|2|2|2|1||8||400000
3418725|1|1|1|158.69799325|34187251|2||2||1|1|2|2|2|2|2|2|2||1||2000000
3418726|1|1|1|145.81818609|34187261|2||2||1|1|2|2|2|2|2|2|2||1||5000000
3418741|1|1|1|578.96863837|34187411|2||2||1|1|2|2|2|2|2|2|2||1||2000000
3418742|1|1|1|410.20496022|34187421|2||2||1|1|2|1|2|2|2|2|2||1||3000000
3418743|1|1|1|337.36691297|34187431|2||2||1|1|2|2|2|2|2|2|2||1||2900000
3418746|1|1|1|244.22692137|34187461|2||2||1|2|2|1|2|2|2|2|2||3||1300000
3418749|1|1|1|384.92340626|34187491|2||2||1|1|2|2|2|2|2|2|2||1||1460000
3418755|1|1|1|443.89169845|34187551|2||2||1|1|2|2|2|2|2|2|2||1||400000
3418756|1|1|1|353.2046426|34187561|2||2||1|2|2|2|2|2|2|2|1||8||500000
3418761|1|1|1|295.86406178|34187611|2||2||1|1|2|2|2|2|2|2|2||1||2800000
3418768|1|1|1|257.98153539|34187681|2||2||1|1|2|2|2|2|1|2|2||1||1800000
3418807|1|1|1|256.86991395|34188071|2||2||1|1|2|2|2|2|2|2|2||1||1300000
3418812|1|1|1|86.50960928|34188121|2||2||1|2|2|2|2|2|2|2|1||8||150000
3418837|1|1|1|197.55933961|34188371|2||2||1|1|2|2|2|2|2|2|2||1||1800000
3418838|1|1|1|427.9358127|34188381|2||2||1|1|2|2|2|2|2|2|2||1||1800000
3418839|1|1|1|351.52902493|34188391|2||2||2|1|2|2|2|2|2|2|2||1||1300000
3418840|1|1|1|552.01406202|34188401|2||2||1|1|2|2|2|2|2|2|2||1||1300000
3418842|1|1|1|266.86591301|34188421|2||2||1|1|2|2|2|2|2|2|2||1||98
3418844|1|1|1|388.74253811|34188441|2||2||2|1|2|2|2|2|2|2|2||1||1300000
3418846|1|1|1|265.90561043|34188461|2||2||1|2|2|1|2|2|2|2|2||3||1200000
3418852|1|1|1|201.9302017|34188521|2||2||1|1|2|2|2|2|2|2|2||1||2600000
3418855|1|1|1|277.79490222|34188551|2||2||1|1|2|2|2|2|2|2|2||1||1000000
3418856|1|1|1|348.37718045|34188561|2||2||1|1|2|2|2|2|2|2|2||1||800000
3418858|1|1|1|315.11241888|34188581|2||2||1|1|2|2|2|2|2|2|1||1||1000000
3418859|1|1|1|277.79490222|34188591|2||2||1|1|2|2|2|2|2|2|2||1||1500000
3418860|1|1|1|100.5886915|34188601|2||2||1|1|2|1|2|2|2|2|2||3||2500000
3418864|1|1|1|222.19933181|34188641|2||2||1|2|2|1|2|2|2|2|2||3||7000000
3418868|1|1|1|204.12609074|34188681|2||2||1|1|2|2|2|2|2|2|2||1||99
3418869|1|1|1|246.88814645|34188691|1|1|2||1|1|2|2|2|2|2|2|2||1||20000000
3418871|1|1|1|140.92382866|34188711|2||2||1|1|2|2|2|2|2|2|2||1||3000000
3418872|1|1|1|240.65080458|34188721|1|1|2||1|1|2|1|2|2|2|2|2||3||4500000
3418874|1|1|1|523.4313636|34188741|2||2||1|1|2|2|1|2|2|2|2||1||2000000
3418875|1|1|1|171.57885746|34188751|2||2||1|1|1|2|2|2|2|2|2||1||2300000
3418876|1|1|1|255.63520433|34188761|2||2||1|1|2|2|1|2|2|2|2||1||1500000
3418877|1|1|1|273.16097047|34188771|2||2||1|1|2|2|2|2|2|2|2||1||1500000
3418879|1|1|1|268.9248169|34188791|2||2||1|1|2|2|2|2|2|2|2||1||1300000
3418880|1|1|1|241.4987093|34188801|2||2||1|1|2|2|2|2|2|2|2||1||4500000
3418885|1|1|1|105.90257957|34188851|2||2||2|1|2|2|2|2|2|2|2||1||3500000
3418886|1|1|1|366.73984906|34188861|2||2||1|1|2|2|2|2|2|2|2||1||2500000
3418887|1|1|1|169.67526932|34188871|2||2||1|1|2|2|2|2|2|2|2||1||2500000
3418891|1|1|1|567.29775342|34188911|2||2||1|1|2|2|2|2|2|2|2||1||9000000
3418895|1|1|1|648.75544605|34188951|1|1|2||1|1|2|2|2|2|2|2|2||1||5000000
3418912|1|1|1|287.44166942|34189121|2||2||1|1|1|2|2|2|1|2|2||1||450000
3418915|1|1|1|262.61711538|34189151|2||1|2|1|2|2|2|2|2|2|2|1||8||1200000
3418916|1|1|1|261.80299387|34189161|2||2||1|1|1|2|2|2|2|2|1||1||1000000
3418918|1|1|1|223.27642702|34189181|2||2||1|1|2|2|2|2|2|2|2||1||2000000
3418919|1|1|1|285.82973149|34189191|2||2||1|2|2|1|2|2|2|2|1||3||1800000
3418920|1|1|1|262.61711538|34189201|2||2||1|2|2|1|2|2|2|2|2||3||2000000
3418922|1|1|1|303.22741895|34189221|2||2||1|1|2|2|2|2|2|1|2||7||800000
3418927|1|1|1|350.42212548|34189271|2||2||1|1|2|2|2|2|2|2|2||1||1300000
3418928|1|1|1|337.26717463|34189281|2||2||1|1|2|2|2|2|2|2|2||1||1300000
3418930|1|1|1|362.19083148|34189301|2||2||1|2|2|1|2|2|2|2|2||3||4800000
3418931|1|1|1|362.19083148|34189311|1|1|2||1|1|2|1|2|2|2|1|2||3||5000000
3418932|1|1|1|408.73998369|34189321|2||2||1|1|2|2|1|2|2|2|2||1||3000000
3418934|1|1|1|173.2385849|34189341|2||2||1|1|2|2|2|2|2|2|2||1||3500000
3418935|1|1|1|227.68608173|34189351|2||2||1|1|2|2|2|2|2|2|2||1||3000000
3418939|1|1|1|515.38744288|34189391|2||1|1|1|1|2|2|2|2|2|2|2||1||4000000
3418940|1|1|1|275.69257957|34189401|2||1|1|1|1|2|2|2|2|2|2|2||1||3000000
3418941|1|1|1|368.89718162|34189411|2||2||1|1|2|2|2|2|2|2|2||1||1600000
3418943|1|1|1|626.27497236|34189431|2||1|4|1|1|2|1|2|2|2|2|2||3||2500000
3418946|1|1|1|461.26664544|34189461|2||2||1|1|2|2|2|2|2|2|2||1||1300000
3418948|1|1|1|575.54470817|34189481|2||2||1|2|2|2|2|2|2|1|2||7||1800000
3418949|1|1|1|469.2909925|34189491|2||2||1|1|2|2|2|2|2|2|2||1||2600000
3418950|1|1|1|627.3604587|34189501|2||2||1|2|2|1|2|2|2|2|2||3||6000000
3418951|1|1|1|468.20550617|34189511|2||2||1|1|2|2|2|2|2|2|2||1||3000000
3418952|1|1|1|575.54470817|34189521|2||2||1|2|2|1|2|2|2|2|2||3||2400000
3418953|1|1|1|338.15574982|34189531|2||2||1|1|2|2|2|2|2|2|2||1||1800000
3418954|1|1|1|296.20427323|34189541|2||2||1|1|2|2|2|2|2|2|2||1||3500000
3418955|1|1|1|1090.6785385|34189551|2||2||2|1|2|2|2|2|2|2|2||1||2600000
3418956|1|1|1|521.10674303|34189561|2||2||1|1|2|2|2|2|2|2|2||1||2600000
3418957|1|1|1|252.71819794|34189571|2||2||2|1|1|2|2|2|2|2|2||1||2600000
3418958|1|1|1|627.3604587|34189581|2||2||1|2|2|1|2|2|2|2|2||3||1300000
3418959|1|1|1|319.53088012|34189591|2||1|1|1|1|2|2|2|2|2|2|2||1||2500000
3418962|1|1|1|420.62273878|34189621|2||2||1|1|2|2|2|2|2|2|2||1||3500000
3418964|1|1|1|639.0618853|34189641|2||2||1|1|2|2|2|2|2|2|1||1||2800000
3418965|1|1|1|363.40937934|34189651|2||1|1|1|1|2|2|2|2|2|2|2||1||4000000
3418966|1|1|1|902.14585565|34189661|2||1|1|1|1|2|2|2|2|2|2|2||1||8000000
3418967|1|1|1|486.2687854|34189671|2||1|1|1|1|2|2|2|2|2|2|2||1||3200000
3418968|1|1|1|606.41744679|34189681|2||2||1|1|2|2|2|2|2|2|2||1||1500000
3418969|1|1|1|453.6243469|34189691|2||1|1|1|1|2|2|2|2|2|2|2||1||3000000
3418970|1|1|1|763.51144559|34189701|2||2||1|1|2|2|2|2|2|2|2||1||99
3418971|1|1|1|606.41744679|34189711|2||2||1|1|2|2|2|2|2|2|2||1||2500000
3418994|1|1|1|173.43720171|34189941|2||2||1|1|2|2|2|2|2|2|2||1||1300000
3419007|1|1|1|89.247998662|34190071|2||2||1|1|2|2|2|2|2|2|2||1||7200000
3419010|1|1|1|89.247998662|34190101|2||2||1|1|2|2|2|2|2|1|2||1||4000000
3419013|1|1|1|106.79739042|34190131|2||2||1|1|2|2|2|2|2|2|2||1||9000000
3419018|1|1|1|106.79739042|34190181|2||2||1|1|2|2|2|2|2|2|2||1||6000000
3419025|1|1|1|289.29148329|34190251|2||2||1|1|2|2|2|2|2|2|2||1||1400000
3419027|1|1|1|291.72411336|34190271|2||2||1|2|1|2|2|2|2|2|1||8||98
3419028|1|1|1|277.17405421|34190281|2||2||1|2|2|2|2|2|2|2|1||8||1000000
3419029|1|1|1|184.04450606|34190291|2||2||1|2|2|1|2|2|2|2|2||3||3000000
3419031|1|1|1|572.54932635|34190311|2||2||1|1|2|2|2|2|2|2|2||1||5700000
3419032|1|1|1|373.85559565|34190321|2||2||1|2|2|1|2|2|2|2|2||3||6500000
3419036|1|1|1|542.69360659|34190361|2||2||1|1|2|2|2|2|2|2|2||1||1500000
3419039|1|1|1|281.80152447|34190391|2||2||1|1|2|2|2|2|2|2|2||1||99
3419049|1|1|1|2203.6972412|34190491|2||2||1|1|2|2|2|2|2|2|2||1||3500000
3419052|1|1|1|2050.0538059|34190521|2||1|1|1|1|2|2|2|2|2|2|2||1||4500000
3419053|1|1|1|1799.9944319|34190531|2||2||1|1|2|2|2|2|2|2|2||1||3800000
3419055|1|1|1|2565.242327|34190551|2||1|2|1|1|2|2|1|2|2|2|2||1||3000000
3419063|1|1|1|1997.9030375|34190631|2||2||1|1|2|2|2|2|2|2|2||1||1600000
3419066|1|1|1|1363.4061034|34190661|2||2||1|2|2|1|2|2|2|2|2||3||1300000
3419067|1|1|1|1647.8749331|34190671|2||2||1|2|2|1|2|2|2|2|2||3||1300000
3419068|1|1|1|1368.1220621|34190681|2||2||1|2|2|1|2|2|2|2|2||3||3000000
3419069|1|1|1|1450.3936341|34190691|2||2||1|2|2|1|2|2|2|2|2||3||4000000
3419070|1|1|1|1892.7742663|34190701|2||2||1|1|2|2|2|2|2|2|2||1||8000000
3419071|1|1|1|1133.9449672|34190711|2||2||1|2|2|1|2|2|2|2|2||3||1200000
3419072|1|1|1|2040.3421879|34190721|2||2||1|2|2|1|2|2|2|2|2||3||3200000
3419073|1|1|1|1984.863805|34190731|2||2||1|1|2|1|2|2|2|2|2||1||9000000
3419079|1|1|1|32.39944132|34190791|2||2||1|1|2|2|2|2|2|2|2||1||5000000
3419084|1|1|1|36.091026686|34190841|2||2||1|2|2|2|2|2|2|1|2||7||850000
3419088|1|1|1|72.917490684|34190881|2||2||1|1|2|2|2|2|2|2|2||1||2000000
3419089|1|1|1|29.986080556|34190891|2||2||1|1|2|2|2|2|2|2|2||1||1500000
3419092|1|1|1|40.41537942|34190921|2||2||1|1|2|2|2|2|2|2|2||1||5000000
3419093|1|1|1|21.371317526|34190931|2||2||1|1|2|2|2|2|2|2|2||1||1500000
3419097|1|1|1|54.136540029|34190971|2||2||1|1|2|2|2|2|2|2|2||1||1500000
3419098|1|1|1|24.659212531|34190981|2||2||1|1|2|1|2|2|2|2|2||3||3000000
3419099|1|1|1|24.659212531|34190991|2||2||1|1|2|2|2|2|2|2|2||1||1500000
3419100|1|1|1|27.528742519|34191001|2||2||1|1|2|2|2|2|2|2|2||1||3000000
3419102|1|1|1|28.670558641|34191021|2||2||1|1|2|2|2|2|2|2|2||1||2600000
3419103|1|1|1|42.350698297|34191031|2||2||1|2|2|1|2|2|2|2|2||3||1300000
3419109|1|1|1|56.750101412|34191091|2||2||1|1|2|2|2|2|2|2|2||1||2000000
3419111|1|1|1|2417.8416155|34191111|2||2||1|1|2|2|2|2|2|2|2||1||1500000
3419112|1|1|1|1869.5743331|34191121|2||2||1|1|2|2|2|2|2|2|2||1||1300000
3419113|1|1|1|2526.2656754|34191131|2||2||1|1|2|2|2|2|2|2|2||1||1300000
3419114|1|1|1|854.96944326|34191141|2||2||1|1|2|2|2|2|2|2|2||1||3000000
3419115|1|1|1|609.23235391|34191151|2||2||1|1|2|2|2|2|2|2|2||1||1800000
3419116|1|1|1|854.96944326|34191161|2||2||1|1|2|2|2|2|2|2|2||1||1500000
3419117|1|1|1|951.17524226|34191171|2||2||1|1|2|2|2|2|2|2|2||1||11000000
3419118|1|1|1|953.25311588|34191181|2||2||1|1|2|2|2|2|2|2|2||1||2000000
3419119|1|1|1|961.51660731|34191191|2||2||2|1|2|2|2|2|2|2|2||1||1200000
3419120|1|1|1|2048.1091381|34191201|2||2||1|1|2|2|2|2|2|2|2||1||1000000
3419122|1|1|1|1486.877837|34191221|2||2||1|1|2|2|2|2|2|2|2||1||1400000
3419123|1|1|1|1269.1771996|34191231|2||2||1|1|2|2|2|2|2|2|2||1||4000000
3419124|1|1|1|1331.0525689|34191241|2||2||1|1|2|2|2|2|2|2|2||1||3900000
3419125|1|1|1|1334.055905|34191251|2||2||2|1|2|2|2|2|2|2|2||1||2100000
3419126|1|1|1|1204.2326215|34191261|2||2||2|1|2|2|2|2|2|2|2||1||1600000
3419127|1|1|1|1357.4509337|34191271|2||2||1|1|2|2|2|2|2|2|2||1||1300000
3419128|1|1|1|1060.6295512|34191281|2||2||2|1|2|2|2|2|2|2|2||1||1300000
3419131|1|1|1|1098.9492602|34191311|2||2||1|1|2|2|2|2|2|2|2||1||2000000
3419132|1|1|1|874.27062215|34191321|2||2||1|1|2|2|2|2|2|2|2||1||2000000
3419135|1|1|1|557.82697049|34191351|2||2||1|1|2|1|2|2|2|2|2||1||2600000
3419136|1|1|1|2156.6236634|34191361|2||2||2|1|2|2|2|2|2|2|2||1||1300000
3419138|1|1|1|890.97530292|34191381|2||2||1|1|2|2|2|2|2|2|2||1||2000000
3419139|1|1|1|773.29916685|34191391|2||2||1|1|2|2|2|2|2|2|2||1||2500000
3419140|1|1|1|957.55348501|34191401|2||2||1|1|2|1|2|2|2|2|2||3||2000000
3419141|1|1|1|866.89488933|34191411|2||2||1|1|2|2|2|2|2|2|2||1||1300000
3419142|1|1|1|859.6367838|34191421|2||2||1|1|2|2|2|2|2|2|2||1||1300000
3419143|1|1|1|764.19554288|34191431|2||2||1|1|2|2|2|2|2|2|2||1||1300000
3419144|1|1|1|973.80668793|34191441|2||2||1|1|2|2|2|2|2|2|2||1||1300000
3419145|1|1|1|2098.3365374|34191451|2||2||1|1|2|2|2|2|2|2|2||1||1300000
3419146|1|1|1|7559.988571|34191461|2||2||1|1|2|2|2|2|2|2|2||1||3000000
3419155|1|1|1|5807.8023448|34191551|2||2||1|1|2|2|2|2|2|2|2||1||1300000
3419163|1|1|1|5261.6883111|34191631|2||2||1|1|2|2|2|2|2|2|2||1||3000000
3419173|1|1|1|4842.6694048|34191731|2||2||1|1|2|2|2|2|2|2|2||1||1670000
3419175|1|1|1|686.95437492|34191751|2||2||1|1|2|2|2|2|2|2|2||1||4000000
3419176|1|1|1|457.89762815|34191761|2||2||1|2|2|2|2|2|2|2|1||8||98
3419177|1|1|1|621.57749816|34191771|2||2||1|1|2|2|2|2|2|2|2||1||3000000
3419178|1|1|1|594.81029373|34191781|2||2||1|1|2|2|2|2|2|2|2||1||1300000
3419179|1|1|1|758.49016375|34191791|2||2||1|2|2|1|2|2|2|2|2||3||1300000
3419181|1|1|1|580.13899828|34191811|2||2||1|1|2|2|2|2|2|2|2||1||2000000
3419182|1|1|1|525.94220578|34191821|2||2||1|1|2|1|2|2|2|2|2||3||2600000
3419183|1|1|1|710.65036379|34191831|2||2||1|1|2|2|2|2|2|2|2||1||4000000
3419184|1|1|1|374.5828467|34191841|2||2||1|1|2|2|2|2|2|2|2||1||98
3419185|1|1|1|494.00192646|34191851|2||2||1|1|2|1|2|2|2|2|2||3||2500000
3419186|1|1|1|891.22379124|34191861|2||2||1|1|2|2|2|2|2|2|2||1||1600000
3419191|1|1|1|92.046138146|34191911|2||2||1|1|2|1|2|2|2|2|2||3||2000000
3419194|1|1|1|154.04393174|34191941|2||2||1|1|2|2|1|2|2|2|2||1||3000000
3419199|1|1|1|82.314003663|34191991|2||2||1|1|2|2|2|2|2|2|1||1||1500000
3419202|1|1|1|90.5652912|34192021|2||2||1|1|2|2|1|2|2|2|2||1||4000000
3419204|1|1|1|76.198190188|34192041|2||2||1|1|2|2|2|2|2|2|1||1||5000000
3419210|1|1|1|573.70338576|34192101|2||2||1|1|2|2|2|2|2|2|2||1||3600000
3419225|1|1|1|251.11072131|34192251|2||2||1|1|2|2|2|2|2|2|2||1||1000000
3419226|1|1|1|385.76153032|34192261|2||2||1|1|2|2|2|2|2|2|2||1||1300000
3419229|1|1|1|310.71134846|34192291|2||2||1|1|2|2|2|2|2|2|2||1||3000000
3419231|1|1|1|249.53105982|34192311|2||2||1|1|2|2|2|2|2|2|2||1||900000
3419232|1|1|1|189.07247214|34192321|2||2||1|1|2|2|2|2|2|2|2||1||600000
3419233|1|1|1|329.91923636|34192331|2||2||1|2|2|1|2|2|2|2|2||3||1500000
3419234|1|1|1|329.91923636|34192341|2||2||1|2|2|1|2|2|2|2|2||3||3000000
3419238|1|1|1|353.144694|34192381|2||2||1|1|2|2|2|2|2|2|2||1||1500000
3419239|1|1|1|232.13180541|34192391|2||2||1|1|2|2|2|2|2|2|2||1||1000000
3419240|1|1|1|222.0398793|34192401|2||2||1|1|2|2|2|2|2|2|2||1||4000000
3419243|1|1|1|143.07793531|34192431|2||2||1|1|2|2|2|2|2|2|2||1||600000
3419245|1|1|1|320.15111171|34192451|2||2||1|2|2|2|2|2|2|1|2||7||1000000
3419246|1|1|1|291.9734169|34192461|2||2||1|1|2|2|2|2|2|2|2||1||1300000
3419249|1|1|1|306.27836668|34192491|2||2||1|1|2|2|2|2|2|2|2||1||1300000
3419251|1|1|1|220.17455765|34192511|2||2||1|1|2|2|2|2|2|2|2||1||4000000
3419253|1|1|1|54.485821495|34192531|2||2||1|1|2|2|2|2|2|2|2||1||2000000
3419254|1|1|1|70.891448997|34192541|2||2||1|1|2|2|2|2|2|2|2||1||660000
3419256|1|1|1|289.9198061|34192561|2||2||1|1|2|2|2|2|2|2|2||1||900000
3419258|1|1|1|284.64853689|34192581|2||2||1|1|2|2|2|2|2|2|2||1||4000000
3419269|1|1|1|191.00735135|34192691|2||2||1|1|2|2|2|2|2|2|2||1||1800000
3419272|1|1|1|215.07145313|34192721|1|1|2||1|1|2|1|2|2|2|2|2||1||6000000
3419275|1|1|1|251.23311436|34192751|2||2||1|1|2|2|2|2|2|2|2||1||600000
3419275|1|2|2|251.23311436|34192752|2||2||1|1|2|2|2|2|2|2|2||1||1300000
3419276|1|1|1|269.95020236|34192761|2||2||1|1|2|2|2|2|2|2|2||1||2600000
3419279|1|1|1|337.7175762|34192791|2||2||1|1|2|2|2|2|2|2|2||1||1300000
3419280|1|1|1|274.32828546|34192801|2||2||1|1|2|1|2|2|2|2|1||3||1500000
3419282|1|1|1|242.74415188|34192821|2||2||1|1|2|2|2|2|2|2|2||1||2000000
3419283|1|1|1|220.95914214|34192831|2||2||1|1|2|2|2|2|2|2|2||1||8000000
3419284|1|1|1|212.01105596|34192841|2||2||1|1|2|2|2|2|2|2|2||1||1300000
3419289|1|1|1|430.75899481|34192891|2||2||1|1|2|2|2|2|2|2|2||1||1300000
3419292|1|1|1|337.7175762|34192921|2||2||1|1|1|2|2|2|2|2|2||1||800000
3419293|1|1|1|207.00627364|34192931|2||2||1|2|2|1|2|2|2|1|1||3||3000000
3419296|1|1|1|266.97963418|34192961|2||2||2|1|2|2|2|2|2|2|2||1||700000
3419297|1|1|1|133.98753799|34192971|2||2||1|1|2|2|2|2|2|2|2||1||700000
3419298|1|1|1|162.03670423|34192981|2||2||1|1|2|1|2|2|2|2|2||3||1300000
3419299|1|1|1|247.65955588|34192991|2||2||1|1|2|2|2|2|2|2|2||1||1000000
3419301|1|1|1|154.25725849|34193011|2||2||1|1|2|2|2|2|2|2|2||1||1000000
3419302|1|1|1|162.44395257|34193021|2||2||1|1|2|2|2|2|2|2|2||1||6000000
3419303|1|1|1|238.34073016|34193031|2||2||1|1|2|2|2|2|2|2|2||1||450000
3419306|1|1|1|301.0506894|34193061|2||2||1|1|2|2|2|2|2|2|2||1||570000
3419307|1|1|1|253.77817612|34193071|2||2||1|1|2|2|2|2|2|2|2||1||800000
3419308|1|1|1|361.01703859|34193081|2||2||2|1|2|2|2|2|2|2|2||1||1300000
3419309|1|1|1|284.36211449|34193091|2||2||1|1|2|2|2|2|2|2|2||1||800000
3419311|1|1|1|898.20933365|34193111|2||2||1|1|2|2|2|2|2|2|2||1||1200000
3419312|1|1|1|323.32621839|34193121|2||2||1|1|2|2|2|2|2|2|2||1||1400000
3419313|1|1|1|508.65525|34193131|2||2||1|1|2|2|2|2|2|2|2||1||1500000
3419314|1|1|1|463.88132593|34193141|2||2||1|1|2|1|2|2|2|2|2||3||10000000
3419315|1|1|1|358.83227934|34193151|2||2||1|1|2|1|2|2|2|2|2||3||99
3419316|1|1|1|358.33450053|34193161|2||2||2|1|2|2|2|2|2|2|2||1||14000000
3419317|1|1|1|508.65525|34193171|2||2||1|1|2|2|2|2|2|2|2||1||99
3419318|1|1|1|811.69942052|34193181|2||2||1|1|2|2|2|2|2|2|2||1||3500000
3419319|1|1|1|556.26549429|34193191|2||2||1|1|2|2|2|2|2|2|2||1||5000000
3419320|1|1|1|519.31215141|34193201|2||2||1|1|2|2|2|2|2|2|1||1||2300000
3419321|1|1|1|900.96748266|34193211|2||2||1|1|2|2|2|2|2|2|2||1||2500000
3419322|1|1|1|558.96639002|34193221|2||2||1|1|2|2|2|2|2|2|2||1||2800000
3419323|1|1|1|521.3768383|34193231|2||2||1|1|2|2|2|2|2|2|2||1||1500000
3419324|1|1|1|883.92601673|34193241|2||2||1|1|2|2|2|2|2|2|2||1||2200000
3419325|1|1|1|675.64573988|34193251|2||2||1|1|2|2|2|2|2|2|2||1||1300000
3419326|1|1|1|535.35052271|34193261|2||2||1|1|2|2|2|2|2|2|2||1||2000000
3419327|1|1|1|430.66628412|34193271|2||2||1|1|2|2|2|2|2|1|2||1||7000000
3419328|1|1|1|391.76390956|34193281|2||2||1|1|2|2|2|2|2|2|2||1||1300000
3419330|1|1|1|432.36319093|34193301|2||2||1|2|2|1|2|2|2|2|2||3||98
3419331|1|1|1|440.35592405|34193311|2||2||1|2|2|1|2|2|2|2|2||3||1300000
3419332|1|1|1|273.82820325|34193321|2||2||1|1|2|2|2|2|2|1|2||1||98
3419338|1|1|1|354.73470456|34193381|2||2||1|1|2|2|2|2|2|2|2||1||6200000
3419349|1|1|1|2215.8088113|34193491|2||2||1|1|2|2|2|2|2|2|2||1||5000000
3419358|1|1|1|1723.9609498|34193581|2||2||1|1|2|2|2|2|2|2|2||1||98
3419367|1|1|1|2727.8255785|34193671|2||2||1|1|2|2|2|2|2|2|2||1||98
3419374|1|1|1|78.081961171|34193741|2||2||1|1|2|2|2|2|2|2|2||1||3500000
3419375|1|1|1|42.349822074|34193751|2||2||1|1|2|2|2|2|2|2|2||1||4500000
3419376|1|1|1|65.975811937|34193761|2||2||1|1|2|2|2|2|2|2|2||1||1800000
3419377|1|1|1|39.301819063|34193771|2||2||1|1|2|2|2|2|2|2|2||1||4500000
3419378|1|1|1|22.775560084|34193781|2||2||1|1|2|2|1|2|2|2|2||1||2000000
3419379|1|1|1|22.775560084|34193791|2||2||1|1|2|2|2|2|2|2|2||1||1400000
3419380|1|1|1|53.574480333|34193801|2||2||1|1|2|2|2|2|2|2|2||1||1300000
3419381|1|1|1|68.321515915|34193811|2||2||1|1|2|2|2|2|2|2|2||1||1500000
3419382|1|1|1|29.443854563|34193821|2||2||1|1|2|2|2|2|2|2|2||1||1300000
3419383|1|1|1|49.73614084|34193831|2||2||1|1|2|2|2|2|2|2|2||1||1600000
3419384|1|1|1|3598.4756267|34193841|1|1|2||1|1|2|2|2|2|2|1|1||1||8000000
3419386|1|1|1|2304.2138338|34193861|2||2||1|1|2|1|2|2|2|2|1||1||2000000
3419387|1|1|1|4753.0285131|34193871|2||2||2|1|2|2|2|2|2|2|2||1||1000000
3419388|1|1|1|3513.8306965|34193881|2||2||1|1|2|2|2|2|2|2|2||1||950000
3419393|1|1|1|7320.4806178|34193931|2||2||1|1|2|2|2|2|2|2|2||1||1300000
3419395|1|1|1|7552.4706395|34193951|2||2||1|1|2|2|2|2|2|2|1||1||1500000
3419396|1|1|1|8090.2946523|34193961|2||2||1|1|2|2|2|2|2|2|2||1||3000000
3419399|1|1|1|8301.5516054|34193991|2||2||1|1|2|2|2|2|2|2|2||1||15000000
3419407|1|1|1|145.84535292|34194071|1|1|2||1|1|2|1|2|2|2|2|2||3||3000000
3419409|1|1|1|128.52338952|34194091|2||2||1|2|2|2|2|2|2|1|2||7||800000
3419410|1|1|1|173.99384411|34194101|2||2||1|1|2|2|2|2|2|2|2||1||1300000
3419413|1|1|1|68.315540974|34194131|2||2||1|2|2|2|2|2|2|2|2|2||500000|
3419413|1|2|2|68.315540974|34194132|2||2||1|2|2|1|2|2|2|2|2||3||4000000
3419416|1|1|1|167.62615499|34194161|2||2||1|1|2|2|2|2|2|2|2||1||1300000
3419418|1|1|1|214.09398787|34194181|2||2||1|1|2|2|2|2|2|2|2||1||2700000
3419419|1|1|1|162.49786068|34194191|2||2||1|1|2|2|2|2|2|2|2||1||2900000
3419424|1|1|1|233.97060148|34194241|2||2||1|1|2|2|2|2|2|2|2||1||3000000
3419425|1|1|1|109.38401469|34194251|2||2||1|1|2|1|2|2|2|2|2||1||2600000
3419426|1|1|1|236.49591723|34194261|2||2||1|1|2|2|2|2|2|2|1||1||3900000
3419430|1|1|1|73.28909935|34194301|2||2||1|1|2|2|2|2|2|2|2||1||5500000
3419434|1|1|1|73.28909935|34194341|2||2||1|1|2|2|2|2|2|2|2||1||2000000
3419435|1|1|1|146.06756244|34194351|2||2||1|1|2|2|2|2|2|2|2||1||1300000
3419436|1|1|1|89.592984553|34194361|2||2||1|1|2|2|2|2|2|2|2||1||300000
3419437|1|1|1|265.90080453|34194371|2||2||1|1|2|2|2|1|2|1|2||1||1300000
3419438|1|1|1|110.64077829|34194381|2||2||1|1|2|2|2|2|2|2|2||1||1500000
3419439|1|1|1|218.24474523|34194391|2||2||1|1|2|2|2|2|2|2|2||1||1300000
3419441|1|1|1|179.4581491|34194411|1|1|2||1|1|2|1|2|2|2|1|2||1||10000000
3419443|1|1|1|76.642195399|34194431|2||2||1|1|2|2|2|1|2|2|2||1||8000000
3419446|1|1|1|189.47692874|34194461|2||2||1|2|2|1|2|2|2|2|2||3||3000000
3419447|1|1|1|123.46685686|34194471|2||2||1|1|2|2|2|2|2|2|2||1||1300000
3419448|1|1|1|125.90174918|34194481|2||2||1|1|2|2|2|2|2|2|2||1||6500000
3419453|1|1|1|212.03463979|34194531|2||2||1|1|2|2|2|2|2|2|2||1||3000000
3419454|1|1|1|299.0120622|34194541|1|1|2||1|1|2|1|2|2|2|2|2||3||2000000
3419455|1|1|1|205.21386103|34194551|1|1|2||1|1|2|2|2|2|2|2|2||1||6000000
3419456|1|1|1|175.71557161|34194561|2||2||1|1|2|2|2|2|2|2|2||1||3000000
3419458|1|1|1|238.19195301|34194581|2||2||1|1|2|2|2|2|2|2|2||1||700000
3419459|1|1|1|243.17141412|34194591|2||2||1|1|2|2|2|2|2|2|2||1||1500000
3419460|1|1|1|385.73545721|34194601|2||2||1|1|2|2|2|2|2|2|2||1||500000
3419462|1|1|1|304.92788124|34194621|2||2||1|1|2|2|2|2|2|2|2||1||900000
3419464|1|1|1|121.24920431|34194641|2||2||1|2|2|2|2|2|2|2|2|2||98|
3419466|1|1|1|100.92787749|34194661|2||2||1|1|2|2|2|2|2|2|2||1||300000
3419473|1|1|1|98.339257354|34194731|2||2||1|1|2|2|2|2|2|2|2||1||300000
3419474|1|1|1|75.69590812|34194741|2||1|3|1|1|2|2|2|2|2|2|2||1||1000000
3419484|1|1|1|134.22135602|34194841|2||2||1|1|2|2|2|2|2|2|2||1||1100000
3419491|1|1|1|295.34940071|34194911|2||2||1|1|2|2|2|2|2|2|2||1||98
3419493|1|1|1|352.7319322|34194931|2||2||1|1|2|2|2|2|2|2|1||1||1800000
3419494|1|1|1|340.31333303|34194941|2||2||1|2|2|2|2|2|2|2|1||8||1300000
3419506|1|1|1|319.74592494|34195061|2||2||1|1|2|2|2|1|2|2|2||1||1240000
3419509|1|1|1|211.47415823|34195091|2||2||1|1|2|2|2|2|2|2|2||1||300000
3419510|1|1|1|326.11363328|34195101|2||2||1|1|2|1|2|2|2|2|2||1||2300000
3419511|1|1|1|251.881352|34195111|2||2||1|2|2|1|2|2|2|2|2||3||1300000
3419512|1|1|1|299.00575764|34195121|2||2||1|2|1|2|2|2|2|2|1||8||600000
3419513|1|1|1|1548.9559455|34195131|2||2||1|1|2|2|2|2|2|1|2||1||2000000
3419514|1|1|1|127.2719978|34195141|2||2||1|1|2|2|2|2|2|2|2||1||1000000
3419515|1|1|1|86.229950398|34195151|2||2||1|1|2|2|2|2|2|2|2||1||2500000
3419516|1|1|1|537.5873545|34195161|2||2||1|1|2|2|2|2|2|2|2||1||6000000
3419517|1|1|1|1270.6369204|34195171|2||1|1|1|1|2|2|2|2|2|2|2||1||4000000
3419518|1|1|1|1079.2961445|34195181|2||2||1|1|2|2|2|2|2|2|2||1||1600000
3419519|1|1|1|1689.4967958|34195191|2||2||1|1|2|1|2|2|2|2|2||3||2100000
3419522|1|1|1|49.11760093|34195221|2||2||1|1|2|2|2|2|2|2|2||1||7900000
3419524|1|1|1|39.486819109|34195241|2||2||1|1|2|2|2|2|2|2|2||1||850000
3419525|1|1|1|27.528742519|34195251|2||2||1|1|2|2|2|2|2|2|2||1||2000000
3419526|1|1|1|1333.2007563|34195261|2||2||1|1|2|2|2|2|2|2|2||1||1000000
3419532|1|1|1|145.31380385|34195321|2||2||1|1|2|2|2|2|2|2|2||1||2000000
3419533|1|1|1|158.27116714|34195331|2||2||1|1|2|2|2|2|2|2|2||1||1300000
3419534|1|1|1|167.79556844|34195341|2||1|3|1|1|2|2|2|2|2|2|2||1||1500000
3419540|1|1|1|351.86984902|34195401|2||2||1|1|2|2|2|2|2|2|2||1||4000000
3419541|1|1|1|201.26670154|34195411|2||2||1|1|1|2|2|2|2|2|2||1||1000000
3419542|1|1|1|357.31634247|34195421|2||2||1|1|2|2|2|2|2|2|2||1||620000
3419543|1|1|1|206.91465239|34195431|2||2||1|1|2|2|2|2|2|2|2||1||1300000
3419546|1|1|1|411.03814211|34195461|2||2||1|1|2|2|2|2|2|2|2||1||1300000
3419550|1|1|1|4995.7612267|34195501|2||2||1|1|2|2|2|2|2|2|2||1||4000000
3419551|1|1|1|145.84535292|34195511|2||2||1|1|2|2|2|2|2|2|2||1||500000
3419553|1|1|1|217.31527357|34195531|2||2||1|1|2|1|2|2|2|2|2||1||98
3419554|1|1|1|217.31527357|34195541|2||2||1|2|2|1|2|2|2|2|2||3||98
3419556|1|1|1|222.08257309|34195561|2||2||1|1|2|2|2|2|2|2|2||1||2500000
3419562|1|1|1|151.44880033|34195621|2||2||1|1|2|2|2|2|2|2|2||1||3000000
3419563|1|1|1|126.99927477|34195631|2||2||1|1|2|2|2|2|2|2|2||1||4600000
3419564|1|1|1|89.247998662|34195641|2||2||1|1|2|2|2|2|2|2|2||1||3000000
3419565|1|1|1|137.05343295|34195651|2||2||1|1|2|2|2|2|2|2|2||1||6000000
3419567|1|1|1|21.330095896|34195671|2||2||1|1|2|2|2|2|2|2|2||1||2000000
3419568|1|1|1|94.104856379|34195681|2||2||1|1|2|2|2|2|2|2|2||1||98
3419569|1|1|1|475.46848446|34195691|2||2||1|1|2|2|2|2|2|2|2||1||99
3419571|1|1|1|6013.8055107|34195711|2||2||1|1|2|2|2|2|2|1|2||7||2000000
3419579|1|1|1|327.42310487|34195791|2||2||1|1|2|2|2|2|2|2|2||1||1200000
3419580|1|1|1|373.63892224|34195801|1|1|2||1|1|2|1|2|2|2|2|2||3||3200000
3419581|1|1|1|7031.2702362|34195811|2||2||1|1|2|2|2|2|2|2|2||1||2600000
3419599|1|1|1|2822.242486|34195991|2||2||1|1|2|2|2|2|2|2|2||1||1600000
3419606|1|1|1|5515.5133587|34196061|2||2||1|1|2|2|2|2|2|2|2||1||3000000
3419607|1|1|1|5494.8198239|34196071|2||2||1|1|2|1|2|2|2|2|2||1||3000000
3419609|1|1|1|67.900194986|34196091|2||2||1|1|2|2|2|2|2|2|2||1||1300000
3419611|1|1|1|76.642195399|34196111|2||2||1|1|2|2|2|2|2|2|2||1||8500000
3419613|1|1|1|55.734881869|34196131|2||2||1|1|2|2|2|2|2|2|2||1||250000
3419618|1|1|1|6438.5502208|34196181|2||2||1|1|2|2|2|2|2|2|2||1||4000000
3419619|1|1|1|175.52476407|34196191|2||2||1|2|2|1|2|2|2|2|2||3||1380000
3419627|1|1|1|2669.2809662|34196271|2||2||1|1|2|2|2|2|2|2|2||1||750000
3419628|1|1|1|11533.904636|34196281|2||2||1|1|2|2|2|2|2|2|2||1||4500000
3419632|1|1|1|410.09403353|34196321|2||1|2|1|2|2|2|2|2|2|2|1||8||3000000
3421960|1|1|1|627.3604587|34219601|2||1|1|1|2|2|2|2|2|2|2|1||8||1500000
3425283|1|1|1|6884.8164715|34252831|2||2||1|1|2|2|2|2|2|2|2||1||2000000
3425284|1|1|1|5264.0394912|34252841|2||2||1|2|2|2|2|2|2|2|1||8||3000000
3425285|1|1|1|436.39276543|34252851|2||2||1|1|2|2|2|2|2|2|2||1||98
3425286|1|1|1|182.10740257|34252861|2||2||2|1|1|2|2|2|2|2|2||2||1600000
3425287|1|1|1|700.9360005|34252871|2||2||1|1|2|2|2|2|2|2|2||1||300000
3425288|1|1|1|95.785300243|34252881|2||2||1|1|2|2|2|2|2|2|2||1||1800000
3425289|1|1|1|107.54840729|34252891|2||2||1|1|2|2|2|2|2|2|2||1||2500000
3425290|1|1|1|131.51867069|34252901|2||2||1|1|2|2|2|2|2|2|2||1||150000
3425291|1|1|1|583.06982195|34252911|2||2||1|1|2|2|2|2|2|2|2||1||1200000
3425292|1|1|1|325.26603621|34252921|2||2||1|1|2|2|2|2|2|2|2||1||800000
3425293|1|1|1|409.32713257|34252931|2||2||1|1|2|2|2|2|2|2|2||1||1300000
3425295|1|1|1|351.76048484|34252951|2||2||1|1|1|2|2|2|2|2|2||1||1240000
3425296|1|1|1|213.00614537|34252961|2||2||1|1|2|2|2|2|2|2|1||1||5500000
3425297|1|1|1|126.48087878|34252971|1|1|2||1|1|2|2|2|2|2|1|2||1||3500000
3425298|1|1|1|175.87444236|34252981|2||2||1|1|2|2|2|2|2|2|2||1||500000
3425299|1|1|1|220.36279889|34252991|2||2||1|1|1|2|2|2|2|2|2||1||780000
3425300|1|1|1|933.39435293|34253001|2||2||2|1|2|2|2|2|2|2|2||1||8000000
3425301|1|1|1|492.84200934|34253011|2||2||1|1|2|2|1|2|2|2|2||1||2000000
3425302|1|1|1|2222.7222673|34253021|2||2||1|1|2|2|2|2|2|2|2||1||18000000
3425303|1|1|1|1187.1611788|34253031|2||2||1|1|2|2|2|2|2|1|2||1||4000000
3425303|1|2|2|1187.1611788|34253032|2||2||1|2|2|2|2|2|2|2|1||8||750000
3425303|1|3|3|1187.1611788|34253033|2||1|3|1|1|2|2|2|2|2|2|1||8||600000
3425303|1|4|4|1187.1611788|34253034|2||1|3|1|1|2|2|2|2|2|2|2||1||1500000
3425304|1|1|1|2067.174272|34253041|2||2||1|1|2|2|2|2|2|2|2||1||600000
3425305|1|1|1|1864.0372791|34253051|2||2||1|1|2|2|2|2|2|2|2||1||780000
3425306|1|1|1|814.89310085|34253061|2||2||1|1|2|2|2|2|2|2|2||1||2000000
3425307|1|1|1|158.73634705|34253071|2||2||1|1|2|2|2|2|2|2|2||1||400000
3425309|1|1|1|243.79518608|34253091|2||2||1|1|2|2|2|2|1|2|2||1||200000
3425310|1|1|1|144.27875914|34253101|2||2||1|1|2|2|2|2|2|2|2||1||2500000
3425311|1|1|1|766.60384411|34253111|2||2||1|1|2|2|2|2|2|2|2||1||98
3425312|1|1|1|202.58251852|34253121|2||2||1|1|2|2|2|2|2|2|2||1||1600000
3425313|1|1|1|341.68604853|34253131|2||2||1|1|2|2|2|2|2|2|2||1||1300000
3425314|1|1|1|777.02476753|34253141|2||2||1|2|2|2|2|2|2|2|2|1||500000|
3425315|1|1|1|520.40339485|34253151|2||1|2|1|1|2|2|2|2|2|2|2||1||1800000
3425316|1|1|1|469.2909925|34253161|2||2||1|1|2|2|2|2|2|2|2||1||5000000
3425317|1|1|1|424.69910945|34253171|2||1|1|1|1|2|2|2|2|2|2|1||1||3000000
3425318|1|1|1|517.03037236|34253181|2||2||1|1|2|1|2|2|2|2|1||3||1500000
3425319|1|1|1|363.40937934|34253191|2||1|1|1|1|2|2|2|2|2|2|2||1||4000000
3425321|1|1|1|639.0618853|34253211|2||2||1|1|2|2|2|2|2|2|1||1||400000
3425321|1|2|2|639.0618853|34253212|2||2||1|2|2|2|2|2|2|1|1||7||500000
3425322|1|1|1|610.71834569|34253221|2||1|1|1|1|2|2|2|2|2|2|2||1||2500000
3425323|1|1|1|311.95208896|34253231|2||2||1|1|2|2|2|2|2|2|2||1||12000000
3425324|1|1|1|1548.6111355|34253241|2||2||2|1|2|2|2|2|2|2|2||1||1600000
3425325|1|1|1|43.662518747|34253251|2||2||1|1|2|2|2|2|2|2|2||1||2800000
3425326|1|1|1|62.348473286|34253261|2||2||1|1|2|2|2|2|2|2|2||1||3600000
3425327|1|1|1|48.386739597|34253271|2||2||1|1|2|2|2|2|2|2|2||1||3000000
3437127|1|1|1|4678.7040491|34371271|2||2||1|1|2|2|2|2|2|2|1||1||4000000
3437128|1|1|1|3979.7747326|34371281|2||2||1|1|2|2|2|2|2|2|2||1||1300000
3437129|1|1|1|4108.2749395|34371291|2||2||1|1|2|2|2|2|2|2|2||1||1500000
3437130|1|1|1|5146.4251007|34371301|2||2||1|1|2|2|2|2|2|2|2||1||2500000
3437131|1|1|1|8788.5916265|34371311|2||2||1|1|2|2|2|2|2|2|2||1||4000000
3437132|1|1|1|4839.0819667|34371321|2||2||1|1|2|2|2|2|2|2|2||1||1600000
3437133|1|1|1|3514.3872728|34371331|2||2||1|1|2|2|2|2|2|2|2||1||50000
3437134|1|1|1|4108.2749395|34371341|2||2||1|1|2|2|2|2|2|2|2||1||1450000
3437135|1|1|1|3972.8762748|34371351|2||2||1|1|2|2|2|2|2|2|2||1||600000
3437136|1|1|1|5483.6970043|34371361|2||2||1|1|2|2|2|2|2|2|2||1||2000000
3437137|1|1|1|2484.8708935|34371371|2||2||1|1|2|2|2|2|2|2|2||1||3900000
3437138|1|1|1|3979.7747326|34371381|2||2||1|1|2|2|2|2|2|2|2||1||1300000
3437139|1|1|1|4108.2749395|34371391|2||2||1|1|2|2|2|2|2|2|2||1||1000000
3437140|1|1|1|2853.2733756|34371401|2||2||1|1|2|2|2|2|2|2|2||1||2000000
3437141|1|1|1|3148.8723067|34371411|2||2||1|2|2|1|2|2|2|2|2||3||1300000
3437143|1|1|1|3152.4907315|34371431|2||2||1|1|2|2|2|2|2|2|2||1||3000000
3437144|1|1|1|3735.7263226|34371441|2||2||1|1|2|2|2|2|2|1|2||1||1600000
3437145|1|1|1|3012.5903941|34371451|2||2||1|1|2|2|2|2|2|2|2||1||1500000
3437147|1|1|1|2292.8138706|34371471|2||2||1|1|2|1|2|2|2|2|2||1||3000000
3437148|1|1|1|2661.6765239|34371481|2||2||1|1|2|1|2|2|2|2|2||1||4000000
3437149|1|1|1|2519.9269448|34371491|2||2||1|1|2|1|2|2|2|2|2||1||99
3437150|1|1|1|6936.177326|34371501|2||2||1|1|2|2|2|2|2|2|2||1||4000000
3437151|1|1|1|2741.2220728|34371511|2||2||1|1|2|2|2|2|2|2|2||1||800000
3437153|1|1|1|2214.9987762|34371531|2||2||1|1|2|2|2|2|2|2|2||1||1300000
3437154|1|1|1|4134.2252444|34371541|2||2||1|1|2|2|2|2|2|2|2||1||2600000
3437155|1|1|1|3064.9569698|34371551|2||2||1|1|2|2|2|2|2|2|2||1||3500000
3437156|1|1|1|2356.6161481|34371561|2||2||1|1|2|1|2|2|2|2|2||1||3500000
3437157|1|1|1|2908.1711563|34371571|2||2||2|1|2|2|1|2|2|2|2||1||1500000
3437158|1|1|1|5453.9827577|34371581|2||2||1|1|2|2|2|2|2|2|2||1||1000000
3437160|1|1|1|3104.2242914|34371601|2||1|1|1|1|2|2|2|2|2|2|2||1||1300000
3437161|1|1|1|4621.809307|34371611|2||2||1|1|2|2|2|2|2|1|2||1||22000000
3437162|1|1|1|3769.7707515|34371621|2||1|3|1|2|2|2|2|2|2|2|1||8||6000000
3437163|1|1|1|4621.809307|34371631|2||2||1|1|2|2|2|2|2|2|2||1||2000000
3437164|1|1|1|4621.809307|34371641|2||2||1|1|2|2|2|2|2|2|2||1||5000000
3437167|1|1|1|4095.1908828|34371671|2||2||1|1|2|2|2|2|2|2|2||1||4500000
3437168|1|1|1|5970.5856368|34371681|2||2||1|1|2|2|2|2|2|1|2||1||2000000
3437169|1|1|1|4276.0482813|34371691|2||2||1|1|2|2|2|2|2|2|2||1||5000000
3437170|1|1|1|4621.809307|34371701|2||2||1|1|2|2|2|2|2|2|2||1||4000000
3437171|1|1|1|3492.449503|34371711|2||2||1|1|2|1|2|2|2|2|2||3||2800000
3437172|1|1|1|5832.4602377|34371721|2||2||1|1|2|2|2|2|2|2|2||1||1300000
3437173|1|1|1|2629.8310008|34371731|2||2||1|1|2|2|2|2|2|2|2||1||2000000
3437174|1|1|1|2168.5727034|34371741|2||2||2|1|2|2|2|2|2|2|1||1||1600000
3437176|1|1|1|2374.5574489|34371761|2||2||1|1|2|2|2|2|2|2|2||1||2600000
3437177|1|1|1|2374.5574489|34371771|2||2||1|2|1|2|2|2|2|2|1||8||700000
3437178|1|1|1|5827.7955662|34371781|2||2||1|1|2|2|2|2|2|2|2||1||1500000
3437179|1|1|1|3380.846962|34371791|2||2||1|1|2|2|2|2|2|2|2||1||2600000
3437180|1|1|1|3856.1690755|34371801|2||2||1|1|2|2|2|2|2|2|2||1||1500000
3437181|1|1|1|1911.721494|34371811|2||2||1|1|2|2|2|2|2|2|2||1||1500000
3437182|1|1|1|2105.480178|34371821|2||2||1|1|2|2|2|2|2|2|2||1||2500000
3437183|1|1|1|3405.3225212|34371831|2||2||1|2|2|2|2|2|2|2|1||8||1300000
3437184|1|1|1|3252.0285838|34371841|2||2||1|1|2|2|2|2|2|2|2||1||2200000
3437185|1|1|1|4285.5806561|34371851|2||2||1|1|2|2|2|2|2|2|2||1||40000000
3437186|1|1|1|2589.6880748|34371861|2||2||1|1|2|1|2|2|2|2|2||3||1300000
3437187|1|1|1|2347.661891|34371871|2||2||2|1|2|2|2|2|2|2|2||1||1500000
3437188|1|1|1|3411.2354851|34371881|2||2||1|1|2|2|2|2|2|2|2||1||1300000
3437189|1|1|1|3886.6771191|34371891|2||2||1|1|2|2|2|2|2|2|2||1||4000000
3437192|1|1|1|1946.4288059|34371921|2||2||1|1|2|2|2|2|2|2|2||1||3500000
3437193|1|1|1|1927.3475659|34371931|2||2||1|1|2|1|2|2|2|2|2||1||2500000
3437195|1|1|1|2688.0576366|34371951|2||2||1|1|2|2|2|2|2|2|2||1||2000000
3437196|1|1|1|2346.7734994|34371961|2||2||1|2|2|1|2|2|2|1|2||3||6000000
3437197|1|1|1|2121.3885345|34371971|2||2||1|1|2|1|2|2|2|2|2||3||6000000
3437198|1|1|1|6444.9671927|34371981|2||2||2|1|2|2|2|2|2|2|2||1||7000000
3437199|1|1|1|2913.4426015|34371991|2||2||1|2|2|1|2|2|2|2|2||3||3000000
3437200|1|1|1|2346.7734994|34372001|2||2||1|1|2|2|2|2|2|2|2||1||2000000
3437201|1|1|1|4784.398902|34372011|2||2||1|2|2|2|1|2|2|1|2||7||4000000
3437202|1|1|1|2351.8323685|34372021|2||2||1|1|2|2|2|2|2|2|2||1||3000000
3437203|1|1|1|1522.8603068|34372031|2||2||1|1|2|2|2|2|2|2|2||1||98
3437205|1|1|1|4667.3342754|34372051|2||2||2|1|2|2|2|2|2|2|2||1||1000000
3437206|1|1|1|1197.7889888|34372061|2||2||1|1|2|2|2|2|2|2|2||1||2000000
3437208|1|1|1|2191.0799678|34372081|2||2||1|1|2|2|2|2|2|2|2||1||1500000
3437209|1|1|1|2023.4844521|34372091|2||2||1|1|2|2|2|2|2|2|2||1||500000
3437210|1|1|1|2512.3102719|34372101|2||2||1|1|1|2|2|2|2|1|2||1||3000000
3437211|1|1|1|2925.8827519|34372111|2||2||1|1|2|2|2|2|2|2|2||1||1500000
3437213|1|1|1|2027.1636296|34372131|2||2||1|1|2|2|2|2|2|2|2||1||2600000
3437214|1|1|1|1928.1015577|34372141|2||2||1|1|2|2|2|2|2|2|2||1||1300000
3437215|1|1|1|1785.9062289|34372151|2||2||1|1|2|2|2|2|2|2|2||1||1500000
3437216|1|1|1|1993.9369243|34372161|2||2||1|2|2|1|2|2|2|2|2||3||98
3437217|1|1|1|5475.9686288|34372171|2||2||1|1|2|2|2|2|2|2|2||1||30000000
3437218|1|1|1|1993.9369243|34372181|2||2||1|2|2|1|2|2|2|1|2||7||10000000
3437219|1|1|1|2418.964207|34372191|2||2||1|1|2|2|2|2|2|2|2||1||10000000
3437220|1|1|1|4548.230203|34372201|2||2||1|1|2|2|2|2|2|2|2||1||6000000
3437222|1|1|1|2423.2624769|34372221|2||2||1|1|2|2|2|2|2|2|2||1||1000000
3437223|1|1|1|1483.703804|34372231|2||2||1|1|2|1|2|2|2|1|2||1||16000000
3437225|1|1|1|2423.2624769|34372251|2||2||1|1|2|2|2|2|2|2|2||1||7000000
3437226|1|1|1|2076.6073055|34372261|2||2||1|1|2|2|2|2|2|2|2||1||6000000
3437227|1|1|1|2475.4075251|34372271|1|1|2||1|2|2|1|2|2|2|2|2||3||9000000
3437228|1|1|1|2423.2624769|34372281|2||2||1|1|2|2|2|2|2|2|2||1||10000000
3437229|1|1|1|2726.9419164|34372291|2||2||1|1|2|2|2|2|2|2|2||1||99
3437230|1|1|1|2332.7382188|34372301|2||2||1|2|2|1|2|2|2|1|2||3||2500000
3437231|1|1|1|2637.0685998|34372311|2||2||1|1|2|2|2|2|2|2|2||1||98
3437232|1|1|1|2726.9419164|34372321|2||2||1|1|2|1|2|2|2|2|2||1||4000000
3437233|1|1|1|2641.6475761|34372331|2||2||1|1|2|2|2|2|2|2|2||1||4000000
3437234|1|1|1|2212.223993|34372341|2||2||1|1|2|2|2|2|2|2|2||1||5000000
3437235|1|1|1|2522.9373434|34372351|2||2||1|1|2|2|2|2|2|2|2||1||3000000
3437237|1|1|1|3641.4519031|34372371|2||2||1|1|2|2|2|2|2|2|2||1||10000000
3437238|1|1|1|2726.9419164|34372381|2||2||1|1|2|2|2|2|2|2|2||1||99
3437239|1|1|1|4201.0447774|34372391|2||2||1|1|2|2|2|2|2|2|2||1||2900000
3437241|1|1|1|4186.7810391|34372411|2||2||1|1|2|2|2|2|2|2|2||1||1300000
3437243|1|1|1|3817.497996|34372431|2||2||1|1|2|2|2|2|2|2|2||1||1500000
3437244|1|1|1|4397.4915359|34372441|2||2||1|1|2|2|2|2|2|2|2||1||1300000
3437246|1|1|1|2941.3127079|34372461|2||2||1|1|2|2|2|2|2|2|2||1||2600000
3437247|1|1|1|2966.7637822|34372471|2||2||1|1|2|2|2|2|1|2|2||1||700000
3437248|1|1|1|2993.0707521|34372481|2||2||1|1|2|2|2|2|2|2|2||1||2000000
3437249|1|1|1|3139.6000668|34372491|2||2||1|1|2|2|2|2|2|2|1||1||1000000
3437250|1|1|1|2069.9839355|34372501|2||2||1|1|2|1|2|2|2|1|1||3||4000000
3437251|1|1|1|8067.6732709|34372511|2||2||1|1|2|1|2|2|2|2|2||1||3000000
3437252|1|1|1|3548.0597346|34372521|2||2||1|1|2|2|2|2|2|2|2||1||3000000
3437253|1|1|1|4008.0873653|34372531|2||2||1|1|2|1|2|2|2|2|2||1||4000000
3437254|1|1|1|3264.7094106|34372541|2||2||1|1|2|2|2|2|2|2|2||1||3000000
3437255|1|1|1|3289.554493|34372551|2||2||1|1|2|1|2|2|2|2|2||1||2500000
3437256|1|1|1|2959.5526247|34372561|2||2||1|1|1|2|2|2|2|2|1||1||1500000
3437257|1|1|1|2375.1407213|34372571|2||2||2|1|2|1|2|2|2|2|2||1||98
3437259|1|1|1|3134.740316|34372591|1|1|2||1|1|2|1|2|2|2|2|2||3||98
3437260|1|1|1|2390.916434|34372601|2||2||1|1|2|2|2|2|2|2|2||1||1200000
3437261|1|1|1|2644.9371416|34372611|2||2||2|1|2|1|2|2|2|2|2||3||1700000
3437262|1|1|1|2390.916434|34372621|2||2||1|1|2|1|2|2|2|2|2||1||3000000
3437263|1|1|1|3635.844422|34372631|2||2||1|1|2|2|2|2|2|2|2||1||3900000
3437264|1|1|1|2390.916434|34372641|2||2||2|1|2|1|2|2|2|2|2||1||3500000
3437265|1|1|1|3247.6961087|34372651|2||2||1|1|2|2|2|2|2|2|2||1||6000000
3437266|1|1|1|2263.7473027|34372661|2||2||1|1|2|2|2|2|2|2|2||1||4000000
3437267|1|1|1|2644.9371416|34372671|2||2||1|1|2|2|2|2|2|2|2||1||2500000
3437268|1|1|1|3395.5107232|34372681|2||2||1|1|2|2|2|2|2|2|2||1||5000000
3437269|1|1|1|2881.7676965|34372691|2||2||1|1|2|2|2|2|2|2|2||1||6500000
3437271|1|1|1|4655.1106575|34372711|2||2||1|1|2|2|2|2|2|2|2||1||3000000
3437272|1|1|1|3757.7675007|34372721|2||2||1|1|2|2|2|2|2|2|2||1||4000000
3437273|1|1|1|4445.5562798|34372731|2||2||1|2|2|1|2|2|2|1|2||3||1800000
3437274|1|1|1|4453.6393617|34372741|2||2||1|1|2|2|2|2|2|2|2||1||3000000
3437275|1|1|1|4085.4352492|34372751|2||2||1|1|2|1|2|2|2|2|2||1||5000000
3437276|1|1|1|4655.1106575|34372761|2||2||1|2|2|2|2|2|2|1|2||7||2800000
3437277|1|1|1|9536.9857593|34372771|2||2||1|1|2|2|2|2|2|2|2||1||4000000
3437278|1|1|1|3908.3341536|34372781|2||2||1|1|2|1|2|2|2|2|2||3||5000000
3437279|1|1|1|3749.6844188|34372791|2||2||1|1|2|2|2|2|2|2|2||1||99
3437280|1|1|1|3157.2252847|34372801|2||2||1|1|2|2|2|2|2|1|2||1||2000000
3437281|1|1|1|4351.818733|34372811|2||2||1|1|2|2|2|2|2|2|2||1||1800000
3437282|1|1|1|7395.1897249|34372821|2||2||1|1|2|2|2|2|2|2|2||1||2000000
3437283|1|1|1|3456.9216447|34372831|2||2||1|1|2|2|2|2|2|2|2||1||1800000
3437284|1|1|1|3348.7947171|34372841|2||2||1|1|2|2|2|2|2|2|2||1||1500000
3437285|1|1|1|2428.3536173|34372851|2||2||1|1|2|1|2|2|2|2|2||3||98
3437286|1|1|1|3063.032908|34372861|2||2||1|1|2|2|2|2|2|2|2||1||2500000
3437287|1|1|1|3198.3067399|34372871|2||2||1|1|2|2|2|2|2|2|2||1||3000000
3437288|1|1|1|4610.4336377|34372881|2||2||1|1|2|2|2|2|2|2|1||1||2000000
3437289|1|1|1|2296.5976087|34372891|2||2||1|1|2|2|1|2|2|2|2||1||4000000
3437290|1|1|1|3192.5020096|34372901|2||2||1|1|2|2|2|2|2|2|2||1||1300000
3437291|1|1|1|1701.0612344|34372911|2||2||1|1|2|2|2|2|2|2|2||1||5000000
3437293|1|1|1|2197.479623|34372931|2||2||1|1|2|2|2|2|2|2|2||1||15000000
3437294|1|1|1|1176.941245|34372941|2||2||1|1|2|1|2|2|2|1|2||1||10000000
3437296|1|1|1|1701.0612344|34372961|1|1|2||1|1|2|2|2|2|2|2|2||1||9000000
3437297|1|1|1|1325.0436844|34372971|2||2||1|1|2|2|2|2|2|2|2||1||3500000
3437298|1|1|1|1627.0100147|34372981|2||2||1|1|2|2|2|2|2|2|2||1||5000000
3437299|1|1|1|1647.8547855|34372991|1|1|2||1|1|2|2|2|2|2|2|2||1||8500000
3437300|1|1|1|1327.9000413|34373001|2||2||1|1|2|2|2|2|2|2|2||1||4000000
3437301|1|1|1|1567.4469257|34373011|2||2||1|1|2|2|2|2|2|2|2||1||1800000
3437302|1|1|1|2278.21212|34373021|2||2||1|1|2|2|2|2|2|2|2||1||2300000
3437303|1|1|1|1008.8748122|34373031|2||2||1|1|2|2|2|2|2|2|1||1||3600000
3437304|1|1|1|1631.5907983|34373041|2||2||1|1|1|2|2|2|2|2|2||1||1350000
3437305|1|1|1|1869.4191944|34373051|2||2||1|1|2|2|2|2|2|2|2||1||1300000
3437306|1|1|1|1554.4205492|34373061|2||2||1|1|2|2|2|2|2|2|2||1||2800000
3437307|1|1|1|1587.1239374|34373071|2||2||2|1|2|2|2|2|2|2|2||1||2100000
3437308|1|1|1|1409.3067043|34373081|2||2||1|1|2|2|2|2|2|2|2||1||1600000
3437309|1|1|1|2112.5660642|34373091|2||2||1|1|2|2|2|2|2|2|2||1||1300000
3437312|1|1|1|1103.8730796|34373121|2||2||1|1|2|2|2|2|2|2|2||1||98
3437313|1|1|1|1103.8730796|34373131|2||2||1|1|2|2|2|2|2|1|1||1||20000000
3437315|1|1|1|1103.8730796|34373151|2||2||1|1|2|2|2|2|2|2|2||1||6000000
3437316|1|1|1|1103.8730796|34373161|2||2||1|1|2|2|2|2|2|2|2||1||4000000
3437317|1|1|1|904.19224159|34373171|2||2||1|1|2|2|2|2|2|2|2||1||98
3437319|1|1|1|1500.5959534|34373191|2||2||1|1|2|2|2|2|2|2|2||1||10000000
3437320|1|1|1|970.13336907|34373201|2||2||1|1|2|2|2|2|2|2|2||1||10000000
3437321|1|1|1|912.29660597|34373211|2||2||1|1|2|2|2|2|2|2|1||1||5000000
3437322|1|1|1|871.82786411|34373221|2||2||1|1|2|1|2|2|2|2|2||1||3000000
3437323|1|1|1|747.95891246|34373231|2||2||1|1|2|1|2|2|2|2|2||1||2100000
3437325|1|1|1|1023.164905|34373251|2||2||1|2|2|1|2|2|2|2|1||3||3000000
3437326|1|1|1|1209.6276608|34373261|2||2||2|1|2|1|2|2|2|2|2||3||3000000
3437327|1|1|1|884.2947661|34373271|2||1|3|1|1|2|2|2|2|2|2|1||8||1600000
3437328|1|1|1|828.07522557|34373281|2||2||1|1|2|1|2|2|2|2|2||1||4000000
3437329|1|1|1|1139.9200354|34373291|2||2||2|1|2|2|2|2|2|2|2||1||6000000
3437330|1|1|1|1731.0096001|34373301|2||2||1|2|2|1|2|2|2|2|1||3||5000000
3437331|1|1|1|1317.2120631|34373311|2||2||1|1|2|1|2|2|2|2|2||1||6000000
3437332|1|1|1|983.86198738|34373321|2||2||1|1|2|2|2|2|2|2|2||1||98
3437333|1|1|1|986.11967158|34373331|2||2||1|1|2|2|2|2|2|2|2||1||1600000
3437334|1|1|1|896.31605915|34373341|2||2||1|2|2|1|2|2|2|2|2||3||2100000
3437335|1|1|1|997.54409491|34373351|2||2||1|1|2|2|2|2|2|2|1||1||1400000
3437335|1|2|2|997.54409491|34373352|2||2||2|1|2|2|2|2|2|2|2||1||1600000
3437336|1|1|1|778.05892678|34373361|2||2||1|1|2|2|2|2|2|2|2||1||2000000
3437337|1|1|1|924.58755531|34373371|2||2||1|2|1|2|2|2|2|2|1||8||700000
3437339|1|1|1|926.10666548|34373391|2||2||2|1|2|2|2|2|2|2|2||1||2000000
3437340|1|1|1|1014.0109249|34373401|2||2||1|1|2|2|2|2|2|2|2||1||3000000
3437341|1|1|1|1093.085461|34373411|2||2||2|1|2|2|2|2|2|2|2||1||2100000
3437342|1|1|1|1186.2282812|34373421|2||2||1|1|2|2|2|2|2|2|2||1||1800000
3437343|1|1|1|1823.832659|34373431|2||2||1|1|2|2|2|2|2|2|2||1||4000000
3437344|1|1|1|1169.2731225|34373441|2||2||2|1|2|2|2|2|2|2|2||1||1400000
3437345|1|1|1|967.0474575|34373451|2||2||1|1|2|2|2|2|2|2|2||1||1500000
3437346|1|1|1|1033.7501351|34373461|2||2||1|1|2|2|2|2|2|2|2||1||1800000
3437347|1|1|1|1702.1176296|34373471|2||2||1|1|2|2|2|2|2|1|2||1||8000000
3437348|1|1|1|1521.7212495|34373481|2||2||1|1|2|2|2|2|2|2|2||1||1300000
3437349|1|1|1|1369.2787493|34373491|2||2||1|1|2|2|2|2|2|2|2||1||1800000
3437350|1|1|1|1489.026014|34373501|2||2||1|1|2|2|2|2|2|2|2||1||2800000
3437351|1|1|1|1972.942445|34373511|2||2||2|1|2|2|2|2|2|2|2||1||3000000
3437352|1|1|1|1374.6459883|34373521|2||2||1|1|2|2|2|2|2|2|2||1||2000000
3437354|1|1|1|1335.3380673|34373541|2||2||1|1|2|2|2|2|2|2|2||1||2500000
3437355|1|1|1|839.398364|34373551|2||2||1|1|2|2|2|2|2|2|2||1||1300000
3437356|1|1|1|1150.2067543|34373561|2||2||1|1|2|2|2|2|2|2|2||1||800000
3437357|1|1|1|963.77320291|34373571|2||2||1|1|2|2|2|2|2|2|2||1||1300000
3437358|1|1|1|889.01418052|34373581|2||2||1|1|2|2|2|2|2|2|2||1||900000
3437359|1|1|1|1139.6094361|34373591|2||2||1|1|2|2|2|2|2|2|2||1||900000
3437360|1|1|1|1027.9349071|34373601|2||2||1|1|2|2|2|2|2|2|2||1||1000000
3437361|1|1|1|976.34480584|34373611|2||2||1|1|2|2|2|2|2|2|2||1||670000
3437362|1|1|1|1388.2304069|34373621|2||2||1|1|2|2|2|2|2|2|2||1||1200000
3437363|1|1|1|1559.6254301|34373631|2||2||1|1|2|2|2|2|2|2|2||1||1200000
3437365|1|1|1|882.67790467|34373651|2||2||1|1|2|2|2|2|2|2|2||1||1500000
3437366|1|1|1|907.73541457|34373661|2||1|2|1|1|2|2|2|2|2|2|1||1||2800000
3437367|1|1|1|920.99435407|34373671|2||2||1|1|2|2|2|2|2|2|2||1||600000
3437368|1|1|1|1193.965798|34373681|2||2||1|1|2|2|2|2|2|2|2||1||1200000
3437369|1|1|1|1157.3520894|34373691|2||2||1|1|2|2|2|2|2|2|2||1||800000
3437370|1|1|1|2007.3310799|34373701|2||2||2|1|2|2|2|2|2|2|2||1||900000
3437371|1|1|1|1022.860471|34373711|2||2||1|2|1|2|2|2|2|2|1||8||580000
3437372|1|1|1|1157.3520894|34373721|2||2||2|1|2|2|2|2|2|2|2||1||600000
3437373|1|1|1|1697.3278744|34373731|2||2||1|1|2|2|2|2|2|2|1||1||1800000
3437374|1|1|1|1468.9655957|34373741|2||2||1|1|2|2|2|2|2|2|2||1||1300000
3437375|1|1|1|1384.1967206|34373751|2||2||1|1|2|2|2|2|2|2|2||1||1800000
3437376|1|1|1|1248.3911703|34373761|2||2||1|1|2|2|2|2|2|2|2||1||2600000
3437379|1|1|1|1060.3907306|34373791|2||2||1|1|2|2|2|2|2|2|2||1||2000000
3437380|1|1|1|904.32667547|34373801|2||2||1|1|2|2|2|2|2|2|2||1||1300000
3437381|1|1|1|1021.1930201|34373811|2||2||1|1|2|2|2|2|2|2|2||1||1800000
3437382|1|1|1|1123.7062918|34373821|2||2||1|1|2|2|2|2|2|2|2||1||1300000
3437383|1|1|1|1545.3971857|34373831|2||2||1|1|2|2|2|2|2|2|2||1||1300000
3437384|1|1|1|754.99079976|34373841|2||2||2|1|2|2|2|2|2|2|2||1||1300000
3437385|1|1|1|936.83844159|34373851|2||2||1|1|2|2|2|2|2|2|2||1||2600000
3437386|1|1|1|875.24056119|34373861|2||2||1|1|2|2|2|2|2|2|2||1||6000000
3437387|1|1|1|588.52685189|34373871|2||2||1|1|2|2|2|2|2|2|2||1||2400000
3437388|1|1|1|1438.2755215|34373881|2||2||1|1|2|2|2|2|2|2|2||1||5000000
3437389|1|1|1|1237.9205147|34373891|2||2||1|1|2|2|2|2|2|2|1||1||1500000
3437390|1|1|1|1127.579273|34373901|2||2||1|2|2|1|2|2|2|2|2||3||1800000
3437391|1|1|1|845.43541003|34373911|2||2||1|2|2|1|2|2|2|2|2||3||1300000
3437392|1|1|1|961.1094754|34373921|2||2||1|1|2|1|2|2|2|2|2||1||3000000
3437393|1|1|1|1127.579273|34373931|2||2||1|2|2|1|2|2|2|2|2||3||1800000
3437394|1|1|1|1146.2147074|34373941|2||2||1|1|2|2|2|2|2|2|1||1||900000
3437395|1|1|1|1017.2380313|34373951|2||2||1|1|2|1|2|2|2|2|2||1||2800000
3437396|1|1|1|965.38546344|34373961|2||2||1|1|2|2|2|2|2|2|2||1||3000000
3437397|1|1|1|906.04703148|34373971|2||1|3|1|2|2|2|2|2|2|2|1||8||3000000
3437399|1|1|1|1183.8399563|34373991|2||2||1|2|2|2|2|2|2|2|1||8||700000
3437400|1|1|1|1143.9889506|34374001|2||2||1|1|2|2|2|2|2|2|2||1||2000000
3437401|1|1|1|1143.9889506|34374011|2||1|2|1|2|2|2|2|2|2|2|1||8||1000000
3437402|1|1|1|1038.2129037|34374021|2||2||1|1|2|2|2|2|2|2|2||1||2000000
3437403|1|1|1|926.26586436|34374031|2||2||1|1|2|2|2|2|2|2|2||1||1000000
3437404|1|1|1|681.39442201|34374041|2||2||1|1|2|2|2|2|2|2|1||1||600000
3437404|1|2|2|681.39442201|34374042|2||2||1|1|2|2|2|2|2|2|2||1||700000
3437405|1|1|1|1624.3494351|34374051|2||2||2|1|2|2|2|2|2|2|2||1||1500000
3437406|1|1|1|1054.1989046|34374061|2||2||2|1|2|2|2|2|2|2|2||1||2000000
3437407|1|1|1|886.38809676|34374071|2||2||1|1|2|2|2|2|2|2|2||1||1400000
3437408|1|1|1|1078.0639094|34374081|2||2||1|1|2|2|2|2|2|2|2||1||3000000
3437409|1|1|1|1390.1881787|34374091|2||2||1|1|2|2|2|2|2|2|1||1||2500000
3437410|1|1|1|1049.4327558|34374101|2||2||1|1|2|2|2|2|2|2|2||1||3600000
3437411|1|1|1|555.5999406|34374111|2||2||1|1|2|2|2|2|2|2|2||1||2000000
3437413|1|1|1|902.31907425|34374131|2||2||1|1|2|2|2|2|2|2|2||1||2600000
3437414|1|1|1|1458.9115767|34374141|2||2||1|1|2|2|2|2|2|2|1||1||2500000
3437416|1|1|1|1056.6343702|34374161|2||2||1|1|2|2|2|2|2|2|2||1||2600000
3437418|1|1|1|1143.8238032|34374181|2||2||1|1|2|2|2|2|2|2|2||1||1300000
3437419|1|1|1|1501.5863706|34374191|2||2||1|1|2|2|2|2|2|2|2||1||3000000
3437420|1|1|1|1067.146706|34374201|2||2||1|1|2|2|2|2|2|2|2||1||2000000
3437421|1|1|1|2286.4427947|34374211|2||2||1|1|2|2|2|2|2|2|2||1||3000000
3437422|1|1|1|2076.3186904|34374221|2||2||1|1|2|2|2|2|2|2|2||1||1200000
3437423|1|1|1|1354.9972319|34374231|2||2||1|1|2|2|2|2|2|2|2||1||1200000
3437424|1|1|1|1615.4029177|34374241|2||2||1|1|2|2|2|2|2|2|2||1||1000000
3437425|1|1|1|1208.5945705|34374251|2||1|1|1|1|2|2|2|2|2|2|1||8||2000000
3437426|1|1|1|1466.5620544|34374261|2||2||1|1|2|2|2|2|2|2|2||1||1800000
3437427|1|1|1|2298.3779704|34374271|2||2||1|1|2|2|2|2|2|2|2||1||1500000
3437428|1|1|1|1135.337005|34374281|2||2||1|1|2|2|2|2|2|2|2||1||480000
3437429|1|1|1|1342.2705645|34374291|2||2||1|2|2|1|2|2|2|1|1||3||800000
3437430|1|1|1|1251.7652901|34374301|2||2||1|1|2|2|2|2|2|2|2||1||800000
3437431|1|1|1|1652.6398097|34374311|2||2||2|1|2|2|2|2|2|2|2||1||2700000
3437432|1|1|1|1201.893251|34374321|2||2||1|1|2|2|2|2|2|2|2||1||2600000
3437435|1|1|1|1155.3577271|34374351|2||2||1|1|2|2|2|2|2|2|2||1||3000000
3437436|1|1|1|1765.8269772|34374361|2||2||1|1|2|2|2|2|2|2|2||1||4000000
3437437|1|1|1|1023.5387132|34374371|2||2||1|1|2|2|2|2|2|2|2||1||3500000
3437438|1|1|1|1087.6964397|34374381|2||2||2|1|2|2|2|2|2|2|2||1||2400000
3437439|1|1|1|849.31214489|34374391|2||2||1|1|2|2|2|2|2|2|2||1||2300000
3437440|1|1|1|1765.8269772|34374401|2||2||1|1|2|2|2|2|2|2|2||1||3000000
3437441|1|1|1|984.75120713|34374411|2||2||1|1|2|2|2|2|2|2|2||1||1500000
3437442|1|1|1|1042.9077114|34374421|2||2||1|1|2|2|2|2|2|2|2||1||3000000
3437443|1|1|1|1817.4347015|34374431|2||2||1|2|2|2|2|2|2|1|2||7||1500000
3437445|1|1|1|1666.2947751|34374451|2||2||1|1|1|2|2|2|2|2|2||1||1800000
3437446|1|1|1|884.21369996|34374461|2||2||1|1|2|2|2|2|2|2|1||1||1800000
3437447|1|1|1|1848.6697838|34374471|2||2||1|1|2|2|2|2|2|2|2||1||1200000
3437448|1|1|1|1337.1394004|34374481|2||2||1|1|1|2|2|2|2|2|1||1||1000000
3437450|1|1|1|1691.1796799|34374501|2||2||1|1|2|2|2|2|2|2|2||1||800000
3437451|1|1|1|1173.6967386|34374511|2||2||1|1|2|2|2|2|2|2|2||1||2200000
3437452|1|1|1|976.98754351|34374521|2||2||1|1|1|2|2|2|2|2|2||1||900000
3437454|1|1|1|1546.5555246|34374541|2||2||1|1|2|1|2|2|2|2|2||1||1600000
3437455|1|1|1|1274.3880216|34374551|2||2||1|1|2|2|2|2|2|2|2||1||1500000
3437457|1|1|1|1502.3318606|34374571|2||2||1|1|2|2|2|2|2|2|2||1||1600000
3437458|1|1|1|1240.4549443|34374581|2||2||1|1|2|2|2|2|2|2|2||1||2300000
3437459|1|1|1|1701.5243232|34374591|2||2||1|1|2|2|2|2|2|2|2||1||1300000
3437460|1|1|1|1321.7865481|34374601|2||2||2|1|2|2|2|2|2|2|2||1||2000000
3437461|1|1|1|1235.5748166|34374611|2||2||1|1|2|2|2|2|2|2|1||8||1000000
3437462|1|1|1|1853.9954515|34374621|2||2||2|1|2|2|2|2|2|2|2||1||1800000
3437463|1|1|1|1150.2398944|34374631|2||2||1|1|2|2|2|2|2|2|2||1||1800000
3437464|1|1|1|1540.4769695|34374641|2||2||1|1|2|2|2|2|2|2|2||1||3000000
3437465|1|1|1|1555.8030005|34374651|2||2||1|1|2|2|2|2|2|2|2||1||2500000
3437466|1|1|1|1328.2875367|34374661|2||2||1|1|2|2|2|2|2|2|2||1||1600000
3437467|1|1|1|1714.3125802|34374671|2||2||1|1|2|1|2|2|2|2|2||1||2800000
3437468|1|1|1|4652.1015911|34374681|2||2||1|1|2|1|2|2|2|2|2||1||4000000
3437472|1|1|1|8296.4293513|34374721|2||2||1|1|2|2|2|2|2|2|2||1||8000000
3437473|1|1|1|7544.3550627|34374731|2||2||1|1|2|2|2|2|2|2|2||1||5000000
3437474|1|1|1|8651.358863|34374741|2||2||1|1|2|2|2|2|2|2|2||1||7000000
3437475|1|1|1|4652.1015911|34374751|2||2||1|2|2|2|2|2|2|1|2||7||2000000
3437477|1|1|1|4076.9726837|34374771|2||2||1|1|2|2|2|2|2|2|2||1||1300000
3437478|1|1|1|5788.4964331|34374781|2||2||1|1|2|2|2|2|2|1|2||7||1000000
3437479|1|1|1|7957.3978843|34374791|2||2||1|1|2|2|2|2|2|2|2||1||1500000
3437480|1|1|1|4076.9726837|34374801|2||2||1|1|2|2|2|2|2|2|2||1||3000000
3437481|1|1|1|7789.4617614|34374811|2||2||1|1|2|2|2|2|2|2|2||1||3500000
3437482|1|1|1|7789.4617614|34374821|2||2||1|1|2|2|2|2|2|2|2||1||6000000
3437483|1|1|1|7463.3407413|34374831|2||2||1|1|2|2|2|1|2|2|2||1||1300000
3437484|1|1|1|6069.4502278|34374841|2||2||1|1|2|2|2|2|2|1|2||1||1200000
3437485|1|1|1|4535.9016676|34374851|2||2||1|1|2|2|2|2|1|2|2||1||1700000
3437486|1|1|1|4076.9726837|34374861|2||2||1|1|2|1|2|2|2|2|2||1||4000000
3437487|1|1|1|5499.2337168|34374871|2||2||1|1|2|2|2|2|2|2|2||1||700000
3437488|1|1|1|9694.8425764|34374881|2||2||1|1|2|2|2|2|2|2|2||1||1200000
3437489|1|1|1|6851.8678165|34374891|2||2||1|2|2|2|2|2|2|2|2|1||1200000|
3437490|1|1|1|9914.6610736|34374901|2||2||1|1|2|2|2|2|2|2|2||1||1000000
3437491|1|1|1|5079.7764487|34374911|2||2||1|1|2|2|2|2|2|2|2||1||1200000
3437492|1|1|1|6851.8678165|34374921|2||2||1|2|2|2|2|2|2|2|2|1||180000|
3437494|1|1|1|15203.456407|34374941|2||2||1|1|2|2|2|2|2|2|2||1||1200000
3437495|1|1|1|6010.0663245|34374951|2||2||1|1|2|2|2|2|2|2|2||1||1200000
3437497|1|1|1|9914.6610736|34374971|2||2||1|1|2|2|2|2|2|2|2||1||1400000
3437498|1|1|1|10318.840204|34374981|2||2||1|1|2|2|2|2|2|2|2||1||2700000
3437499|1|1|1|12765.632437|34374991|2||2||1|1|1|2|2|2|2|2|2||1||500000
3437500|1|1|1|12469.44391|34375001|2||2||1|1|2|2|2|2|2|2|2||1||1500000
3437501|1|1|1|8665.2391161|34375011|2||2||1|2|2|2|2|2|2|2|1||8||300000
3437502|1|1|1|9782.9417582|34375021|2||2||1|1|2|2|2|2|2|2|2||1||1300000
3437503|1|1|1|8232.2198281|34375031|2||2||1|2|2|2|2|2|2|2|2|1||130000|
3437504|1|1|1|6956.7297925|34375041|2||2||1|1|2|1|2|2|2|2|2||3||2000000
3437505|1|1|1|11660.635802|34375051|2||2||1|1|2|2|2|2|2|2|2||1||3000000
3437510|1|1|1|6308.1219398|34375101|2||2||1|1|2|2|2|2|2|2|2||1||2500000
3437511|1|1|1|13315.297139|34375111|2||2||1|1|2|1|2|2|2|2|2||1||4000000
3437512|1|1|1|6841.3477027|34375121|2||2||1|1|2|2|2|2|2|2|2||1||1300000
3437513|1|1|1|8833.1296345|34375131|2||2||1|1|2|2|2|2|2|2|2||1||3000000
3437514|1|1|1|9978.1830725|34375141|2||2||1|1|2|2|2|2|2|2|2||1||6000000
3437515|1|1|1|5189.7317434|34375151|2||2||1|1|2|1|2|2|2|2|2||3||6000000
3437516|1|1|1|8935.4028585|34375161|2||2||1|1|2|2|2|2|2|2|2||1||1300000
3437518|1|1|1|7135.8026975|34375181|2||2||1|1|2|2|2|2|2|2|2||1||3000000
3437519|1|1|1|5621.8148063|34375191|2||2||1|1|2|2|2|2|2|2|2||1||1300000
3437520|1|1|1|4551.3123622|34375201|2||2||1|2|2|1|2|2|2|2|2||3||1300000
3437521|1|1|1|7341.7254462|34375211|2||2||1|1|2|2|2|2|2|2|2||1||1200000
3437522|1|1|1|7349.7340814|34375221|2||2||1|1|2|2|2|2|2|2|2||1||1500000
3437523|1|1|1|5427.1176456|34375231|2||2||1|1|2|2|2|2|1|2|2||1||2400000
3437524|1|1|1|7508.1899392|34375241|2||2||1|1|2|2|2|2|2|2|2||1||2000000
3437525|1|1|1|5461.7264732|34375251|2||2||1|2|2|1|2|2|2|2|2||3||1200000
3437526|1|1|1|7042.0231188|34375261|2||2||1|1|2|2|2|2|2|2|2||1||2500000
3437527|1|1|1|7836.2064751|34375271|2||2||1|1|2|2|2|2|2|2|2||1||1200000
3437528|1|1|1|7147.0282855|34375281|2||2||1|1|2|2|2|2|2|2|2||1||2000000
3437529|1|1|1|7859.6642343|34375291|2||2||1|1|2|2|2|2|2|2|2||1||1300000
3437530|1|1|1|9659.6385529|34375301|2||2||1|1|2|2|2|2|2|2|2||1||1500000
3437531|1|1|1|7282.3019643|34375311|2||2||1|2|2|2|2|2|2|1|2||7||500000
3437532|1|1|1|15491.069668|34375321|2||2||1|1|1|2|2|2|2|2|2||1||1300000
3437533|1|1|1|7857.7126214|34375331|2||2||1|1|2|2|2|2|2|2|2||1||1300000
3437534|1|1|1|9010.1786187|34375341|2||2||1|1|2|2|2|2|2|2|2||1||1300000
3437535|1|1|1|8315.4855661|34375351|2||2||1|1|2|2|2|2|2|1|2||1||460000
3437536|1|1|1|9648.9603727|34375361|2||2||1|1|2|2|2|2|2|2|2||1||1300000
3437537|1|1|1|10728.289078|34375371|2||2||1|1|2|2|2|2|2|2|2||1||1500000
3437538|1|1|1|14514.104295|34375381|2||2||1|1|2|2|2|2|2|2|2||1||1000000
3437539|1|1|1|9751.3237047|34375391|2||2||1|1|2|2|2|2|2|2|2||1||1500000
3437540|1|1|1|5928.8532472|34375401|2||2||1|1|2|2|2|2|2|2|2||1||1860000
3437541|1|1|1|5544.060464|34375411|2||2||1|1|2|2|2|2|2|2|2||1||1300000
3437542|1|1|1|5928.8532472|34375421|2||2||1|1|2|2|2|2|2|2|2||1||3500000
3437543|1|1|1|5736.4568556|34375431|2||2||1|1|2|2|2|2|2|2|2||1||2000000
3437544|1|1|1|7151.2027378|34375441|2||2||1|1|2|2|2|2|2|2|2||1||5000000
3437545|1|1|1|7159.1167335|34375451|2||2||1|1|2|2|2|2|2|2|2||1||1300000
3437546|1|1|1|12169.259091|34375461|2||2||1|1|2|2|2|2|2|2|2||1||4000000
3437547|1|1|1|7419.4643948|34375471|2||2||1|1|2|2|2|2|2|2|2||1||900000
3437548|1|1|1|6958.8063462|34375481|2||2||1|1|2|2|2|2|2|2|2||1||1300000
3437549|1|1|1|6427.137431|34375491|2||1|4|1|1|2|2|2|2|2|2|2||1||4000000
3437550|1|1|1|5870.7995246|34375501|2||2||1|1|2|2|2|2|2|2|2||1||6000000
3437551|1|1|1|6515.8659625|34375511|2||2||1|1|2|2|2|2|2|2|2||1||2000000
3437552|1|1|1|6356.114446|34375521|2||2||1|1|2|2|2|2|2|2|2||1||1300000
3437553|1|1|1|6282.521015|34375531|2||2||1|1|2|2|2|2|2|2|2||1||6000000
3437555|1|1|1|5452.5068464|34375551|2||2||1|1|2|2|2|2|2|2|2||1||3000000
3437557|1|1|1|4453.0196066|34375571|2||2||1|1|2|2|2|2|2|2|2||1||2400000
3437558|1|1|1|5324.0476529|34375581|2||2||1|1|2|2|2|2|2|2|2||1||9000000
3437559|1|1|1|6515.8659625|34375591|2||2||1|1|2|2|2|2|2|2|2||1||4000000
3437560|1|1|1|7811.4465568|34375601|2||2||1|1|2|2|2|2|2|2|2||1||4000000
3437561|1|1|1|5302.3657538|34375611|2||2||1|2|2|2|2|2|2|2|1||8||98
3437562|1|1|1|4418.5154498|34375621|2||2||1|1|2|1|2|2|2|2|2||3||1800000
3437563|1|1|1|5302.3657538|34375631|2||2||1|1|2|2|2|2|2|1|1||1||2500000
3437564|1|1|1|4256.908011|34375641|2||2||1|1|2|2|2|2|2|1|2||1||2900000
3437565|1|1|1|8495.3824681|34375651|2||2||1|1|2|2|2|2|2|2|2||1||4000000
3437566|1|1|1|4418.5154498|34375661|2||2||1|1|2|1|2|2|2|2|2||3||1800000
3437567|1|1|1|7433.4138734|34375671|2||2||1|1|2|2|2|2|2|2|2||1||7000000
3437568|1|1|1|5559.72443|34375681|2||2||1|1|2|2|2|2|2|2|2||1||3000000
3437570|1|1|1|7142.0800256|34375701|2||2||1|1|2|2|2|2|2|2|2||1||2600000
3437571|1|1|1|7653.8719471|34375711|2||2||1|1|2|2|2|2|2|2|2||1||4000000
3437572|1|1|1|7468.6684941|34375721|2||2||1|1|2|2|2|2|2|2|2||1||3000000
3437573|1|1|1|6983.7325757|34375731|2||2||1|1|2|2|2|2|2|2|2||1||700000
3437574|1|1|1|6891.4657316|34375741|2||2||1|1|2|2|2|2|2|2|2||1||2600000
3437575|1|1|1|7183.5800742|34375751|2||2||1|1|2|2|2|2|2|2|2||1||1300000
3437576|1|1|1|11044.159351|34375761|2||2||1|1|2|2|2|2|2|2|2||1||1200000
3437577|1|1|1|5195.4049998|34375771|2||2||1|1|2|2|2|2|2|2|1||1||800000
3437578|1|1|1|11529.09527|34375781|2||2||1|1|2|2|2|2|2|2|2||1||6000000
3437579|1|1|1|6991.3506985|34375791|2||2||1|1|2|2|2|2|2|2|2||1||2000000
3437580|1|1|1|8172.1471449|34375801|2||2||1|1|2|2|2|2|2|2|2||1||3000000
3437581|1|1|1|5761.8213344|34375811|2||2||1|2|2|2|2|2|2|2|1||8||750000
3437582|1|1|1|7066.7534878|34375821|2||2||1|1|2|2|2|2|2|2|2||1||1500000
3437583|1|1|1|7920.727848|34375831|2||2||1|1|2|2|2|2|2|2|2||1||1300000
3437589|1|1|1|5761.8213344|34375891|2||2||1|2|2|2|2|2|2|2|1||8||3000000
3437590|1|1|1|6041.4804111|34375901|2||2||1|1|2|2|2|2|2|2|2||1||98
3437593|1|1|1|3550.9116923|34375931|1|1|2||1|2|2|1|2|2|2|2|2||3||3900000
3437594|1|1|1|3550.9116923|34375941|2||2||1|1|2|2|2|2|2|2|1||8||4000000
3437595|1|1|1|4944.6658214|34375951|2||2||1|1|2|2|2|2|2|2|2||1||5000000
3437596|1|1|1|6930.636867|34375961|2||2||1|1|2|2|2|2|2|2|2||1||2000000
3437597|1|1|1|4789.6551727|34375971|2||2||1|2|2|1|2|2|2|2|2||3||2600000
3437598|1|1|1|4047.5518793|34375981|2||2||1|1|2|1|2|2|2|2|2||3||2600000
3437599|1|1|1|4947.0078524|34375991|2||2||1|1|2|2|2|2|2|2|2||1||2000000
3437600|1|1|1|4340.0031795|34376001|2||2||1|1|2|1|2|2|2|2|2||1||10000000
3437601|1|1|1|9077.783066|34376011|1|1|2||1|1|2|2|2|2|2|2|2||1||10000000
3437602|1|1|1|6161.9478159|34376021|1|1|2||1|2|2|1|2|2|2|2|2||3||8000000
3437603|1|1|1|15351.935251|34376031|2||2||1|1|2|2|2|2|2|2|2||1||20000000
3437604|1|1|1|8072.3493464|34376041|2||2||1|1|2|2|2|2|2|2|2||1||13000000
3437605|1|1|1|6161.9478159|34376051|2||2||1|2|2|1|2|2|2|2|2||3||98
3437606|1|1|1|6659.5205046|34376061|2||2||1|1|2|1|2|2|2|2|2||1||15000000
3437607|1|1|1|3837.9838127|34376071|2||2||1|2|2|1|2|2|2|2|2||3||98
3437608|1|1|1|4340.0031795|34376081|2||2||1|2|2|1|2|2|2|2|2||3||5000000
3437609|1|1|1|4647.9280065|34376091|2||2||1|1|2|1|2|2|2|2|2||1||2000000
3437610|1|1|1|6161.9478159|34376101|2||2||1|2|2|1|2|2|2|2|2||3||9000000
3437615|1|1|1|6542.6062939|34376151|2||2||1|1|2|2|2|2|2|2|2||1||2000000
3437616|1|1|1|5199.6474566|34376161|2||2||1|1|2|1|2|2|2|2|2||3||1300000
3437617|1|1|1|11731.045375|34376171|2||2||1|1|2|2|2|2|2|2|2||1||1300000
3437618|1|1|1|8457.769498|34376181|2||2||1|1|2|2|2|2|2|2|2||1||1500000
3437619|1|1|1|6239.7501873|34376191|2||2||1|1|2|2|2|2|2|2|2||1||1000000
3437620|1|1|1|4394.8011994|34376201|2||2||1|1|2|1|2|2|2|2|2||3||1400000
3437622|1|1|1|251.08430584|34376221|2||2||1|2|2|1|2|2|2|2|2||3||6000000
3437623|1|1|1|302.37134535|34376231|2||2||1|1|2|2|2|2|2|2|2||1||8000000
3437624|1|1|1|597.39726941|34376241|2||2||1|1|2|2|2|2|2|2|2||1||6000000
3437625|1|1|1|410.22873425|34376251|2||2||1|2|2|1|2|2|2|2|2||3||3000000
3437627|1|1|1|226.58818486|34376271|2||2||1|1|2|2|2|2|2|2|2||1||99
3437628|1|1|1|308.74798287|34376281|2||2||1|1|2|2|2|2|2|2|2||1||5000000
3437629|1|1|1|410.22873425|34376291|2||2||1|2|2|1|2|2|2|2|2||3||4800000
3437630|1|1|1|311.34996853|34376301|2||2||1|1|2|2|2|2|2|2|2||1||99
3437631|1|1|1|539.33805728|34376311|2||2||1|1|2|1|2|2|2|2|2||1||10000000
3437632|1|1|1|524.43494802|34376321|2||2||1|1|2|2|2|2|2|2|2||1||8000000
3437634|1|1|1|494.55488527|34376341|2||2||1|1|2|2|2|2|2|2|2||1||900000
3437635|1|1|1|444.78566933|34376351|2||2||1|1|2|2|2|2|2|2|2||1||600000
3437636|1|1|1|749.19278289|34376361|2||2||1|1|2|2|2|2|2|2|2||1||600000
3437637|1|1|1|503.66436745|34376371|2||2||1|1|2|2|2|2|2|2|2||1||600000
3437638|1|1|1|749.19278289|34376381|2||2||1|1|2|2|2|2|2|2|2||1||800000
3437639|1|1|1|674.16149743|34376391|2||2||1|1|2|2|2|2|2|2|2||1||500000
3437640|1|1|1|597.17808258|34376401|2||2||1|1|2|2|2|2|2|2|2||1||1000000
3437641|1|1|1|749.19278289|34376411|2||2||1|1|2|2|2|2|2|2|2||1||600000
3437642|1|1|1|444.78566933|34376421|2||2||1|1|2|2|2|2|2|2|2||1||98
3437643|1|1|1|774.20006134|34376431|2||2||1|1|2|2|2|2|2|2|1||1||98
3437644|1|1|1|613.79042344|34376441|2||2||1|1|2|2|2|2|2|2|2||1||3900000
3437645|1|1|1|641.23221501|34376451|2||2||1|1|2|2|2|2|2|2|2||1||99
3437646|1|1|1|582.65299911|34376461|2||2||1|1|2|2|2|2|2|2|2||1||98
3437647|1|1|1|409.79529855|34376471|2||2||1|1|2|2|2|2|2|2|2||1||4800000
3437648|1|1|1|744.86151211|34376481|2||2||1|1|2|2|2|2|2|2|2||1||20000000
3437650|1|1|1|469.96688402|34376501|2||2||1|1|2|2|2|2|2|2|2||1||3500000
3437651|1|1|1|438.51861942|34376511|2||2||1|1|2|2|2|2|2|2|2||1||99
3437653|1|1|1|582.65299911|34376531|2||2||1|2|2|1|2|2|2|2|2||3||98
3437654|1|1|1|1001.3565969|34376541|2||2||1|1|1|2|2|2|2|2|2||1||1600000
3437655|1|1|1|1246.9894007|34376551|2||2||1|1|2|2|2|2|2|2|2||1||98
3437656|1|1|1|893.43288851|34376561|2||2||1|1|2|2|2|2|2|2|2||1||98
3437657|1|1|1|540.57354228|34376571|2||2||1|1|2|2|2|2|2|2|2||1||1600000
3437658|1|1|1|387.02879991|34376581|2||2||1|1|2|2|2|2|2|2|2||1||98
3437659|1|1|1|656.2347661|34376591|2||2||1|1|2|2|2|2|2|2|2||1||2200000
3437660|1|1|1|1019.5423151|34376601|2||2||1|1|2|2|2|2|2|2|2||1||800000
3437661|1|1|1|853.07214132|34376611|2||2||1|1|1|2|2|2|2|2|2||1||1400000
3437661|1|2|2|853.07214132|34376612|2||2||1|1|1|2|2|2|2|2|2||1||1400000
3437662|1|1|1|577.21068003|34376621|2||2||1|1|2|2|2|2|2|2|2||1||98
3437663|1|1|1|387.02879991|34376631|2||2||1|2|2|2|2|2|2|2|1||8||98
3437664|1|1|1|985.97549865|34376641|2||2||1|1|2|2|2|2|2|2|2||1||1500000
3437665|1|1|1|1062.7404192|34376651|2||2||1|1|2|2|2|2|2|2|2||1||98
3437665|1|2|2|1062.7404192|34376652|2||2||1|1|2|2|2|2|2|2|2||1||98
3437665|1|3|3|1062.7404192|34376653|2||2||1|1|2|2|2|2|2|2|2||1||98
3437665|1|4|4|1062.7404192|34376654|2||2||1|1|2|2|2|2|2|2|2||1||98
3437666|1|1|1|810.28438738|34376661|2||2||1|1|2|2|2|2|2|2|2||1||600000
3437667|1|1|1|475.66179656|34376671|2||2||1|1|1|2|2|2|2|2|2||1||98
3437668|1|1|1|610.25053232|34376681|2||2||1|1|2|2|2|2|2|2|2||1||98
3437669|1|1|1|610.032733|34376691|2||2||1|1|2|2|2|2|2|2|2||1||98
3437671|1|1|1|940.84023905|34376711|2||2||1|1|2|2|1|2|2|2|2||1||1200000
3437672|1|1|1|879.95824226|34376721|2||2||1|1|2|2|1|2|2|2|2||1||1800000
3437673|1|1|1|387.02879991|34376731|2||2||1|2|1|2|2|2|2|2|1||8||800000
3437674|1|1|1|557.81881095|34376741|2||2||1|1|2|2|2|2|2|2|2||1||1800000
3437675|1|1|1|983.31552754|34376751|2||2||1|1|2|2|2|2|2|2|2||1||1400000
3437676|1|1|1|389.45014728|34376761|2||2||1|2|2|2|1|2|2|2|1||8||1200000
3437677|1|1|1|1034.2531316|34376771|2||2||1|1|1|1|2|2|2|2|2||1||1500000
3437678|1|1|1|945.76112758|34376781|2||2||1|1|2|2|1|2|2|2|2||1||98
3437679|1|1|1|694.5294749|34376791|2||2||1|1|2|2|2|2|2|2|2||1||500000
3437680|1|1|1|483.86816259|34376801|2||2||1|1|2|2|2|2|2|2|2||1||1600000
3437681|1|1|1|496.20211533|34376811|2||2||1|1|2|2|2|2|2|2|2||1||700000
3437682|1|1|1|694.5294749|34376821|2||2||1|1|2|2|2|2|2|2|2||1||600000
3437683|1|1|1|486.30567661|34376831|2||2||1|1|2|2|2|2|2|2|2||1||1400000
3437684|1|1|1|500.383878|34376841|2||2||1|1|1|2|2|2|2|2|2||1||600000
3437685|1|1|1|331.73897135|34376851|2||2||1|1|2|2|2|2|2|2|2||1||1600000
3437686|1|1|1|677.39514119|34376861|2||2||1|1|2|2|2|2|2|2|2||1||600000
3437687|1|1|1|448.71194073|34376871|2||2||1|1|2|2|2|2|2|2|2||1||1000000
3437688|1|1|1|395.43857973|34376881|2||2||1|1|2|2|2|2|2|2|2||1||98
3437689|1|1|1|554.83501316|34376891|2||2||1|1|2|2|2|2|2|2|2||1||1500000
3437690|1|1|1|654.27133431|34376901|2||2||1|1|2|2|2|2|2|2|2||1||1000000
3437691|1|1|1|453.94839269|34376911|2||2||1|1|2|2|2|2|2|2|2||1||2000000
3437692|1|1|1|290.61360731|34376921|2||2||1|1|2|2|2|2|2|2|2||1||600000
3437693|1|1|1|577.95666027|34376931|2||2||1|1|2|2|2|2|2|2|2||1||2500000
3437694|1|1|1|392.07768159|34376941|2||2||1|1|2|2|2|2|2|2|2||1||2500000
3437695|1|1|1|271.08107216|34376951|2||2||1|1|1|2|2|2|2|2|2||1||1200000
3437696|1|1|1|625.29963878|34376961|2||2||1|1|2|2|2|2|2|2|2||1||98
3437697|1|1|1|559.44513786|34376971|2||2||1|1|2|2|2|2|2|2|2||1||98
3437698|1|1|1|383.01446797|34376981|2||2||1|1|2|2|2|2|2|2|2||1||2000000
3437699|1|1|1|584.63674452|34376991|2||2||1|1|2|2|2|2|2|2|2||1||1700000
3437700|1|1|1|607.73959959|34377001|2||2||1|1|2|2|2|2|2|2|2||1||1600000
3437701|1|1|1|432.15167327|34377011|2||2||1|1|2|2|2|2|2|2|2||1||1000000
3437702|1|1|1|306.14599721|34377021|2||2||1|1|2|1|2|2|2|2|2||3||2800000
3437703|1|1|1|251.30315927|34377031|2||2||1|1|2|2|2|2|2|2|2||1||2600000
3437704|1|1|1|543.75590138|34377041|2||2||1|1|2|2|2|2|2|2|2||1||2800000
3437705|1|1|1|389.78664059|34377051|2||2||1|1|2|2|2|2|2|2|2||1||2600000
3437706|1|1|1|362.90738739|34377061|2||2||1|2|1|2|2|2|2|2|1||8||98
3437707|1|1|1|463.00612256|34377071|2||2||1|1|2|2|2|2|2|2|2||1||1600000
3437708|1|1|1|1016.2023675|34377081|2||2||1|1|2|2|2|2|2|2|2||1||1600000
3437709|1|1|1|472.77034877|34377091|2||2||1|2|1|2|2|2|2|2|1||8||98
3437710|1|1|1|975.64917415|34377101|2||2||1|1|2|2|2|2|2|2|2||1||1400000
3437711|1|1|1|829.84569075|34377111|2||2||1|1|2|2|2|2|2|2|2||1||1600000
3437712|1|1|1|316.07351993|34377121|2||2||1|2|2|2|2|2|2|1|1||8||1600000
3437713|1|1|1|971.32976428|34377131|2||2||1|1|2|2|2|2|2|1|2||1||2600000
3437714|1|1|1|714.7435087|34377141|2||2||1|1|2|2|2|2|2|2|2||1||1600000
3437715|1|1|1|741.54818529|34377151|2||2||1|1|2|2|2|2|2|2|2||1||1400000
3437716|1|1|1|556.90569424|34377161|2||2||1|1|2|2|2|2|2|2|2||1||98
3437717|1|1|1|722.61685506|34377171|2||2||1|1|2|2|2|2|2|2|2||1||1400000
3437718|1|1|1|803.04101416|34377181|2||2||1|1|2|2|2|2|2|2|2||1||2000000
3437719|1|1|1|486.17063243|34377191|2||2||1|1|2|2|2|2|2|2|2||1||98
3437720|1|1|1|430.89127646|34377201|2||2||1|1|2|2|2|2|2|2|2||1||600000
3437721|1|1|1|346.32640802|34377211|2||2||1|1|2|2|2|2|2|2|2||1||700000
3437722|1|1|1|689.5533612|34377221|2||2||1|1|2|2|2|2|2|2|2||1||98
3437723|1|1|1|460.2460432|34377231|2||2||1|1|2|2|2|2|2|2|2||1||1600000
3437724|1|1|1|347.34148073|34377241|2||2||1|2|2|2|2|2|2|2|1||8||600000
3437725|1|1|1|399.56292323|34377251|2||2||1|1|2|2|2|2|2|2|2||1||98
3437726|1|1|1|372.00478713|34377261|2||2||1|1|2|2|2|2|2|2|2||1||98
3437727|1|1|1|483.24339856|34377271|2||2||1|1|2|2|2|2|2|2|2||1||500000
3437728|1|1|1|939.91701006|34377281|2||2||1|1|2|1|2|2|2|2|2||3||99
3437729|1|1|1|723.62808486|34377291|2||2||1|2|2|1|2|2|2|2|2||3||98
3437730|1|1|1|916.89132172|34377301|2||2||1|1|2|2|2|2|2|2|2||1||10000000
3437731|1|1|1|804.76776701|34377311|2||2||1|1|2|2|2|2|2|2|2||1||7000000
3437734|1|1|1|1559.6677052|34377341|2||2||1|1|2|2|2|2|2|2|2||1||4000000
3437735|1|1|1|1177.7625211|34377351|2||2||1|1|2|2|2|2|2|2|2||1||99
3437737|1|1|1|483.78599989|34377371|2||2||1|1|2|1|2|2|2|2|2||1||20000000
3437738|1|1|1|723.62808486|34377381|2||2||1|1|2|2|2|2|2|2|2||1||12000000
3437739|1|1|1|902.48723875|34377391|2||2||1|1|2|2|2|2|2|2|2||1||1800000
3437740|1|1|1|407.98840594|34377401|2||2||1|1|2|2|2|2|2|2|2||1||1000000
3437741|1|1|1|648.8033837|34377411|2||2||1|1|2|1|2|2|2|2|2||1||2000000
3437742|1|1|1|594.34058795|34377421|2||2||1|2|2|1|2|2|2|2|2||3||3200000
3437744|1|1|1|587.83529581|34377441|2||2||1|1|2|2|2|2|2|2|2||1||2600000
3437745|1|1|1|902.48723875|34377451|2||2||1|1|2|2|2|2|2|2|2||1||2000000
3437746|1|1|1|639.93662638|34377461|2||2||1|1|2|2|2|2|2|2|2||1||1600000
3437747|1|1|1|323.65290374|34377471|2||2||1|1|2|2|2|2|2|2|2||1||98
3437749|1|1|1|559.19295904|34377491|2||2||1|1|2|2|2|2|2|2|2||1||1000000
3437750|1|1|1|857.61958631|34377501|2||2||1|1|2|2|2|2|2|2|2||1||1600000
3437751|1|1|1|841.84830618|34377511|2||2||1|1|2|2|1|2|2|2|2||1||3000000
3437752|1|1|1|884.83696537|34377521|2||2||1|1|2|2|2|2|2|2|2||1||2500000
3437753|1|1|1|578.90246789|34377531|2||2||1|1|2|2|2|2|2|2|2||1||98
3437754|1|1|1|947.08873999|34377541|2||2||1|1|2|2|2|2|2|2|2||1||99
3437755|1|1|1|578.90246789|34377551|2||2||1|1|1|2|2|2|2|2|2||1||1500000
3437756|1|1|1|930.25382151|34377561|2||2||1|1|2|2|2|2|2|2|2||1||1500000
3437757|1|1|1|821.39279876|34377571|2||2||1|1|2|2|2|2|2|2|2||1||800000
3437758|1|1|1|1019.5423151|34377581|2||2||1|1|2|2|2|2|2|1|2||1||3000000
3437759|1|1|1|718.15212744|34377591|2||2||1|1|2|2|2|2|2|2|2||1||1600000
3437760|1|1|1|578.90246789|34377601|2||2||1|1|2|2|2|2|2|2|1||1||1700000
3437762|1|1|1|387.02879991|34377621|2||2||1|1|2|2|2|2|2|2|2||1||98
3437763|1|1|1|545.12098728|34377631|2||2||1|1|2|2|2|2|2|2|2||1||1600000
3437765|1|1|1|799.89879164|34377651|2||2||1|1|2|2|2|2|2|2|2||1||1600000
3437766|1|1|1|810.28438738|34377661|2||2||1|1|2|2|2|2|2|2|2||1||1300000
3437767|1|1|1|661.05948228|34377671|2||2||1|1|2|2|2|2|2|2|2||1||98
3437768|1|1|1|677.04661677|34377681|2||2||1|1|1|2|2|2|2|2|2||1||98
3437770|1|1|1|600.17867569|34377701|2||2||1|2|2|2|2|2|2|2|1||8||98
3437771|1|1|1|769.17887671|34377711|2||2||1|1|2|2|2|2|2|2|2||1||98
3437772|1|1|1|367.38978262|34377721|2||2||1|1|2|2|2|2|2|2|2||1||1000000
3437773|1|1|1|311.2291274|34377731|2||2||1|1|2|2|2|2|2|1|2||1||1900000
3437774|1|1|1|592.3102103|34377741|2||2||1|1|2|2|2|2|2|2|2||1||1200000
3437775|1|1|1|786.65242203|34377751|2||2||1|1|2|2|2|2|2|2|2||1||800000
3437777|1|1|1|496.33466299|34377771|2||2||1|1|2|2|2|2|2|2|2||1||1600000
3437778|1|1|1|367.38978262|34377781|2||2||1|1|2|2|2|2|2|2|2||1||98
3437780|1|1|1|759.79896888|34377801|2||2||1|1|2|2|2|2|2|2|2||1||1200000
3437781|1|1|1|998.18733134|34377811|2||2||1|1|2|2|2|2|2|2|2||1||98
3437782|1|1|1|671.17547644|34377821|2||2||1|1|2|2|1|2|2|2|2||1||600000
3437784|1|1|1|222.49815019|34377841|2||2||1|1|2|2|2|2|2|2|2||1||2500000
3437785|1|1|1|81.675962971|34377851|2||2||1|1|2|2|2|2|2|2|2||1||3700000
3437786|1|1|1|120.3432625|34377861|2||2||1|1|2|2|2|2|2|2|2||1||3200000
3437787|1|1|1|172.61671632|34377871|2||2||1|1|2|1|2|2|2|2|2||1||4200000
3437788|1|1|1|139.27950161|34377881|2||2||1|1|2|2|2|2|2|2|2||1||1000000
3437789|1|1|1|136.2023137|34377891|2||2||1|1|2|2|2|2|2|2|2||1||1800000
3437790|1|1|1|123.89614391|34377901|2||2||1|1|2|2|2|2|2|2|2||1||480000
3437791|1|1|1|91.131466729|34377911|2||2||1|1|2|2|2|2|2|2|2||1||1500000
3437792|1|1|1|136.2023137|34377921|2||2||1|1|2|2|2|2|2|1|2||1||3000000
3437793|1|1|1|110.84828093|34377931|2||2||1|2|2|1|2|2|2|2|2||3||3000000
3437794|1|1|1|116.12677049|34377941|2||2||1|2|2|1|2|2|2|2|2||3||2700000
3437795|1|1|1|116.12677049|34377951|2||2||1|2|2|1|2|2|2|2|2||3||3000000
3437796|1|1|1|134.1068606|34377961|2||2||1|1|2|2|2|2|2|2|2||1||1300000
3437797|1|1|1|164.4703089|34377971|2||2||1|1|2|2|2|2|2|2|2||1||2000000
3437798|1|1|1|145.43516484|34377981|2||2||1|1|2|2|2|2|2|2|2||1||1300000
3437799|1|1|1|123.35691634|34377991|2||2||1|1|2|2|1|2|2|2|1||1||2200000
3437800|1|1|1|142.68813816|34378001|2||2||1|1|2|2|2|2|2|2|2||1||2800000
3437801|1|1|1|194.25539724|34378011|2||2||1|1|2|2|2|2|2|2|2||1||1800000
3437802|1|1|1|116.12677049|34378021|2||2||1|2|2|2|2|2|2|1|2||7||1500000
3437805|1|1|1|122.27487764|34378051|2||2||1|1|2|2|2|2|2|2|2||1||1300000
3437806|1|1|1|126.68374963|34378061|2||2||1|2|1|2|2|2|2|2|1||8||700000
3437808|1|1|1|179.25356023|34378081|2||1|2|1|1|2|2|2|2|2|2|2||1||2000000
3437809|1|1|1|209.38056564|34378091|2||2||2|1|2|2|2|2|2|1|2||7||4000000
3437810|1|1|1|155.65978709|34378101|2||2||1|1|2|1|2|2|2|2|2||3||3200000
3437811|1|1|1|207.61267541|34378111|2||2||1|1|2|2|1|2|2|2|2||1||4300000
3437816|1|1|1|102.6466689|34378161|2||2||1|1|2|1|2|2|2|2|2||3||3900000
3437817|1|1|1|183.51379071|34378171|2||2||1|1|2|1|2|2|2|2|2||1||3900000
3437818|1|1|1|188.33890862|34378181|2||2||1|1|1|2|2|2|2|2|2||1||1920000
3437819|1|1|1|90.952241362|34378191|2||2||1|1|2|2|2|2|2|2|2||1||1000000
3437820|1|1|1|171.09306306|34378201|2||2||1|1|2|1|2|2|2|1|2||3||6500000
3437821|1|1|1|181.40899399|34378211|2||2||1|1|2|2|2|2|2|2|2||1||1300000
3437822|1|1|1|207.72014621|34378221|2||2||1|1|2|2|2|2|2|2|2||1||420000
3437823|1|1|1|118.23816632|34378231|2||2||1|1|2|1|2|2|2|2|2||3||1200000
3437824|1|1|1|133.82966374|34378241|2||2||1|1|2|2|2|2|2|2|2||1||1300000
3437825|1|1|1|118.23816632|34378251|2||2||1|2|2|1|2|2|2|1|2||3||1900000
3437826|1|1|1|90.69676222|34378261|2||2||1|1|2|2|2|2|2|2|2||1||300000
3437827|1|1|1|102.90282671|34378271|2||2||1|1|2|2|2|2|2|2|2||1||800000
3437828|1|1|1|94.62935275|34378281|2||2||1|1|2|2|2|2|2|2|2||1||1000000
3437829|1|1|1|83.871963473|34378291|2||2||2|1|2|2|2|2|2|2|2||1||500000
3437830|1|1|1|76.853021081|34378301|2||2||1|1|2|2|2|2|2|2|2||1||1600000
3437831|1|1|1|91.690104758|34378311|2||2||1|1|2|2|2|2|2|2|2||1||700000
3437832|1|1|1|123.49542851|34378321|2||2||1|1|2|2|2|2|2|2|2||1||1300000
3437836|1|1|1|205.59691383|34378361|2||2||1|1|2|2|2|2|2|2|2||1||2600000
3437837|1|1|1|224.27769396|34378371|2||2||1|1|2|2|2|2|2|2|2||1||2600000
3437838|1|1|1|127.32212752|34378381|2||2||1|1|2|2|2|2|2|2|2||1||2000000
3437839|1|1|1|226.04283848|34378391|2||2||1|1|2|2|1|2|2|2|2||1||1000000
3437840|1|1|1|164.98088428|34378401|2||2||1|1|2|2|2|2|2|2|2||1||1200000
3437841|1|1|1|149.26315898|34378411|2||2||1|1|2|2|2|2|2|2|2||1||1800000
3437842|1|1|1|231.55392846|34378421|2||2||1|1|2|2|2|2|2|2|2||1||1500000
3437843|1|1|1|244.72361861|34378431|2||2||2|1|2|2|2|2|2|2|2||1||1800000
3437844|1|1|1|101.36511289|34378441|2||2||1|1|2|2|2|2|2|2|2||1||2300000
3437846|1|1|1|160.93911499|34378461|2||2||1|1|2|2|2|2|2|2|2||1||2000000
3437847|1|1|1|111.27539225|34378471|2||2||1|1|2|2|2|2|2|2|2||1||8000000
3437848|1|1|1|155.02111093|34378481|2||2||2|1|2|2|2|2|2|2|2||1||2500000
3437849|1|1|1|203.90553536|34378491|2||2||1|1|2|2|2|2|2|2|2||1||99
3437850|1|1|1|148.43787278|34378501|2||2||1|1|2|2|2|2|2|2|2||1||1500000
3437851|1|1|1|167.21882325|34378511|2||2||1|1|2|2|2|2|2|2|2||1||4500000
3437852|1|1|1|136.26132393|34378521|2||2||1|1|2|2|2|2|2|2|2||1||1100000
3437853|1|1|1|189.96118143|34378531|2||2||1|1|2|2|2|2|2|2|2||1||3000000
3437854|1|1|1|124.31279227|34378541|2||2||1|1|2|2|2|2|2|2|2||1||1500000
3437855|1|1|1|188.33052848|34378551|2||2||1|1|2|2|2|2|2|2|2||1||2000000
3437856|1|1|1|77.648078894|34378561|2||2||1|1|2|1|2|2|2|2|2||1||2000000
3437857|1|1|1|105.56979136|34378571|1|1|2||1|1|2|2|2|2|2|1|2||1||950000
3437858|1|1|1|99.848635556|34378581|2||1|4|1|1|2|2|2|2|2|2|2||1||2500000
3437859|1|1|1|114.61263095|34378591|2||2||1|1|2|2|2|2|1|2|2||1||1500000
3437860|1|1|1|155.70588642|34378601|2||2||1|1|2|2|2|2|2|2|2||1||2500000
3437861|1|1|1|109.98725619|34378611|2||2||1|1|2|2|2|2|2|2|2||1||2000000
3437862|1|1|1|183.9873197|34378621|2||2||1|2|2|1|2|2|2|1|2||7||2300000
3437863|1|1|1|159.72449742|34378631|2||2||1|1|2|2|2|2|2|1|2||1||1400000
3437865|1|1|1|141.71730122|34378651|2||2||1|1|2|2|2|2|2|1|2||1||2000000
3437867|1|1|1|90.69676222|34378671|2||2||1|2|2|1|2|2|2|2|2||3||1300000
3437868|1|1|1|67.905134679|34378681|2||1|4|1|1|2|2|2|2|2|2|2||1||2000000
3437869|1|1|1|106.11771551|34378691|2||2||1|1|2|1|2|2|2|1|2||1||9000000
3437871|1|1|1|136.64779577|34378711|2||2||1|1|2|2|2|2|2|2|2||1||2400000
3437872|1|1|1|84.671162367|34378721|2||2||1|1|2|2|2|2|2|2|2||1||3900000
3437873|1|1|1|106.48014866|34378731|2||2||1|1|2|1|2|2|2|2|2||3||4000000
3437875|1|1|1|81.748875817|34378751|2||2||1|1|2|1|2|2|2|2|2||3||3500000
3437876|1|1|1|150.49153691|34378761|2||2||1|1|2|2|2|2|2|2|2||1||1000000
3437877|1|1|1|74.146063813|34378771|2||2||1|1|2|2|2|2|2|2|2||1||1500000
3437878|1|1|1|100.47151025|34378781|2||2||1|1|2|1|2|2|2|2|2||1||3700000
3437879|1|1|1|79.607018125|34378791|2||2||1|1|2|2|2|2|2|2|2||1||3500000
3437880|1|1|1|93.450759263|34378801|2||2||1|1|2|2|2|2|2|2|2||1||2700000
3437881|1|1|1|53.234378943|34378811|2||2||1|2|2|2|2|2|2|2|1||8||400000
3437882|1|1|1|123.49542851|34378821|2||2||1|1|2|2|2|2|2|2|2||1||2800000
3437883|1|1|1|94.62935275|34378831|2||2||2|1|2|2|2|2|2|2|2||1||2600000
3437885|1|1|1|121.78867064|34378851|2||2||1|2|2|1|2|2|2|2|2||3||2400000
3437886|1|1|1|92.963363637|34378861|2||2||1|1|2|2|2|2|2|2|2||1||25000000
3437887|1|1|1|107.59997965|34378871|2||1|2|1|2|2|1|2|2|2|2|2||3||3800000
3437888|1|1|1|102.64963855|34378881|2||2||1|1|2|1|2|2|2|2|2||1||6000000
3437889|1|1|1|121.78867064|34378891|2||2||1|1|2|2|2|2|2|2|2||1||3000000
3437890|1|1|1|157.33792575|34378901|2||2||1|1|2|2|2|2|2|2|2||1||4000000
3437891|1|1|1|112.10239573|34378911|2||2||1|1|2|2|2|2|2|2|2||1||3000000
3437892|1|1|1|92.963363637|34378921|2||2||1|1|2|2|2|2|2|2|2||1||3000000
3437893|1|1|1|114.1157535|34378931|2||2||1|1|2|2|2|2|2|2|2||1||7800000
3437896|1|1|1|193.73345348|34378961|2||2||1|1|2|2|2|2|2|2|2||1||5000000
3437897|1|1|1|155.14043014|34378971|2||2||1|2|2|2|2|2|2|2|1||8||1300000
3437898|1|1|1|172.01608457|34378981|2||2||1|1|2|1|2|2|2|2|2||1||6000000
3437899|1|1|1|172.01608457|34378991|2||2||1|1|2|2|2|2|2|2|2||1||3000000
3437900|1|1|1|138.03400652|34379001|2||2||1|1|2|2|2|2|2|2|2||1||4000000
3437901|1|1|1|172.01608457|34379011|2||2||1|1|2|2|2|2|2|2|2||1||10000000
3437902|1|1|1|149.96091785|34379021|2||2||1|1|2|2|2|2|2|2|2||1||2000000
3437903|1|1|1|193.73345348|34379031|2||2||1|1|2|2|2|2|2|2|2||1||1200000
3437904|1|1|1|108.92380071|34379041|2||2||1|1|2|2|2|2|2|2|2||1||3000000
3437905|1|1|1|172.01608457|34379051|2||2||1|1|2|2|2|2|2|2|2||1||7000000
3437907|1|1|1|95.807946237|34379071|2||2||1|1|2|2|2|2|2|2|2||1||1500000
3437908|1|1|1|84.455833086|34379081|2||2||1|1|2|1|2|2|2|2|2||3||2600000
3437909|1|1|1|86.811211464|34379091|2||2||1|1|2|2|2|2|2|2|2||1||1000000
3437910|1|1|1|119.61477011|34379101|2||2||1|1|2|2|2|2|2|2|2||1||4200000
3437913|1|1|1|127.77959793|34379131|2||2||1|1|2|1|2|2|2|2|2||1||3000000
3437914|1|1|1|103.17846752|34379141|2||2||1|1|2|2|2|2|2|2|2||1||6800000
3437915|1|1|1|87.989804952|34379151|2||2||1|1|2|2|2|2|2|2|2||1||600000
3437917|1|1|1|136.12647625|34379171|2||2||1|1|2|2|2|2|2|2|2||1||7200000
3437918|1|1|1|205.64194123|34379181|2||2||1|1|2|2|2|2|2|2|2||1||2000000
3437919|1|1|1|144.55616909|34379191|2||2||1|2|2|2|2|2|2|2|1||8||600000
3437920|1|1|1|121.503868|34379201|2||2||1|2|2|2|2|2|2|2|1||8||1200000
3437921|1|1|1|144.55616909|34379211|2||2||1|2|2|2|2|2|2|2|1||8||900000
3437922|1|1|1|121.503868|34379221|2||2||1|1|2|2|2|2|2|2|2||1||1150000
3437923|1|1|1|144.55616909|34379231|2||1|1|1|1|2|2|2|2|1|2|2||1||1000000
3437924|1|1|1|151.02630495|34379241|2||2||1|1|2|2|2|2|2|2|1||1||700000
3437925|1|1|1|144.55616909|34379251|2||2||1|2|2|2|2|2|2|2|1||8||1500000
3437927|1|1|1|98.239397955|34379271|2||2||1|1|2|2|2|2|2|2|2||1||3000000
3437928|1|1|1|86.325302497|34379281|2||2||1|1|2|2|2|2|2|2|2||1||1500000
3437929|1|1|1|93.012012283|34379291|2||2||1|1|2|2|2|2|2|2|1||8||800000
3437930|1|1|1|98.239397955|34379301|2||2||1|1|2|2|2|2|1|2|2||1||3000000
3437931|1|1|1|89.862818006|34379311|2||2||1|1|2|2|2|2|2|2|2||1||1800000
3437932|1|1|1|90.488392592|34379321|2||2||2|1|2|2|2|2|2|2|2||1||1500000
3437933|1|1|1|102.42066102|34379331|1|1|2||1|2|2|1|2|2|2|2|2||3||2000000
3437934|1|1|1|102.42066102|34379341|2||2||1|2|2|2|2|2|2|2|1||8||1500000
3437935|1|1|1|117.48395076|34379351|2||2||1|1|2|2|2|2|2|2|2||1||4000000
3437936|1|1|1|130.93856867|34379361|2||2||1|1|2|1|2|2|2|2|2||1||3000000
3437937|1|1|1|129.16733627|34379371|2||2||1|1|2|2|1|2|2|2|2||1||800000
3437938|1|1|1|163.13258975|34379381|2||2||1|1|2|2|2|2|2|2|2||1||2800000
3437939|1|1|1|98.239397955|34379391|2||2||1|1|2|2|1|2|2|2|2||1||2500000
3437940|1|1|1|87.591385259|34379401|2||2||1|1|2|2|1|2|2|2|2||1||2700000
3437943|1|1|1|164.98088428|34379431|2||2||1|1|2|2|2|2|2|2|2||1||1200000
3437944|1|1|1|197.87596106|34379441|2||2||1|1|2|2|2|2|2|2|2||1||1000000
3437945|1|1|1|198.97071658|34379451|2||2||1|1|2|2|2|2|2|2|2||1||1358000
3437946|1|1|1|224.27769396|34379461|2||2||1|1|2|2|2|2|2|2|2||1||1500000
3437947|1|1|1|294.66175969|34379471|2||2||1|1|2|2|2|2|2|1|2||7||600000
3437948|1|1|1|175.94071164|34379481|2||2||1|1|2|2|1|2|2|2|2||1||2900000
3437949|1|1|1|171.91894642|34379491|2||2||1|1|2|2|2|2|2|2|2||1||1200000
3437950|1|1|1|235.76869241|34379501|2||2||2|1|2|1|2|2|2|2|2||1||3600000
3437951|1|1|1|200.08582384|34379511|2||2||1|1|2|2|2|2|2|2|2||1||2000000
3437952|1|1|1|166.98578544|34379521|2||2||1|1|2|2|2|2|2|2|2||1||1900000
3437953|1|1|1|129.09305409|34379531|2||2||1|1|2|1|2|2|2|2|2||3||1800000
3437954|1|1|1|379.58089216|34379541|2||2||2|1|2|2|2|2|2|2|2||1||1460000
3437955|1|1|1|436.74258858|34379551|2||2||1|1|2|2|2|2|2|2|2||1||1500000
3437956|1|1|1|330.54874101|34379561|2||2||1|1|2|2|2|2|2|2|2||1||1500000
3437957|1|1|1|339.37259643|34379571|2||2||1|2|2|1|2|2|2|2|2||3||1300000
3437958|1|1|1|371.40299065|34379581|2||2||2|1|2|2|2|2|2|2|2||1||4000000
3437959|1|1|1|334.66480033|34379591|2||2||1|1|2|1|2|2|2|2|2||3||2800000
3437960|1|1|1|820.61980471|34379601|2||2||1|1|2|1|2|2|2|2|2||3||1800000
3437961|1|1|1|665.96760006|34379611|2||2||1|1|2|2|2|2|2|2|2||1||2400000
3437962|1|1|1|334.66480033|34379621|2||2||1|1|2|2|2|2|2|2|2||1||1460000
3437963|1|1|1|339.37259643|34379631|2||2||1|1|2|2|2|2|2|2|2||1||2200000
3437964|1|1|1|325.84094491|34379641|2||2||1|1|2|2|2|2|2|2|2||1||2000000
3437965|1|1|1|405.60210625|34379651|2||2||1|1|2|2|2|2|2|2|2||1||1460000
3437966|1|1|1|635.60249076|34379661|2||2||2|1|2|2|2|2|2|2|2||1||2920000
3437967|1|1|1|330.54874101|34379671|2||2||1|2|2|2|2|2|2|2|2|1||1200000|
3437968|1|1|1|459.3420535|34379681|2||2||1|1|2|1|2|2|2|2|2||3||2800000
3437969|1|1|1|300.46568473|34379691|2||2||2|2|2|2|2|2|2|1|2||7||1000000
3437970|1|1|1|379.58089216|34379701|2||2||1|1|2|2|2|2|2|2|2||1||1300000
3437971|1|1|1|335.53859013|34379711|2||2||1|2|1|2|2|2|2|2|1||8||1080000
3437972|1|1|1|376.11078675|34379721|2||2||1|1|2|2|2|2|2|2|2||1||1460000
3437973|1|1|1|376.11078675|34379731|2||2||1|1|2|2|2|2|2|2|2||1||1460000
3437974|1|1|1|330.54874101|34379741|2||2||1|1|2|2|2|2|2|2|2||1||500000
3437975|1|1|1|330.54874101|34379751|2||2||1|1|2|2|2|2|2|2|2||1||300000
3437976|1|1|1|445.81040198|34379761|2||2||1|1|2|2|2|2|2|2|2||1||1460000
3437977|1|1|1|287.32714448|34379771|2||2||1|1|1|2|2|2|2|2|2||1||3540000
3437978|1|1|1|447.9855758|34379781|2||2||1|1|2|2|2|2|2|2|2||1||2920000
3437979|1|1|1|622.37755442|34379791|2||2||1|2|2|2|1|2|2|2|2||4||5000000
3437980|1|1|1|507.58858513|34379801|2||2||1|1|2|2|2|2|2|2|2||1||1460000
3437981|1|1|1|413.20603481|34379811|2||2||1|1|2|2|2|2|2|2|2||1||3960000
3437982|1|1|1|411.34857028|34379821|2||2||1|1|2|2|2|2|2|2|2||1||1500000
3437983|1|1|1|453.93698857|34379831|2||2||1|1|2|2|2|2|2|2|2||1||1460000
3437984|1|1|1|503.08046112|34379841|2||2||1|1|2|2|2|2|2|2|2||1||5000000
3437985|1|1|1|264.71923386|34379851|2||2||1|1|2|2|2|2|2|1|2||1||3410000
3437986|1|1|1|552.22393368|34379861|2||2||1|1|2|2|2|2|2|2|2||1||4000000
3437988|1|1|1|414.78872897|34379881|2||2||1|2|2|1|2|2|2|2|2||3||2800000
3437990|1|1|1|376.11078675|34379901|2||2||1|1|2|2|2|2|2|2|2||1||1460000
3437991|1|1|1|330.54874101|34379911|2||2||1|1|2|2|2|2|2|2|2||1||2000000
3437992|1|1|1|376.11078675|34379921|2||2||1|1|2|2|2|2|2|2|2||1||1300000
3437993|1|1|1|330.54874101|34379931|2||2||1|1|2|2|2|2|2|2|2||1||800000
3437994|1|1|1|343.48865574|34379941|2||2||1|1|2|1|2|2|2|2|2||3||3200000
3437995|1|1|1|427.95761319|34379951|2||2||1|2|2|1|2|2|2|2|1||3||1700000
3437996|1|1|1|376.11078675|34379961|2||2||1|1|2|2|2|2|2|2|2||1||800000
3437997|1|1|1|384.93464217|34379971|2||2||1|1|2|2|2|2|2|2|2||1||1460000
3437998|1|1|1|406.47589605|34379981|2||2||1|1|2|2|2|2|2|2|2||1||1460000
3437999|1|1|1|459.3420535|34379991|2||2||1|2|2|1|2|2|2|2|2||3||1300000
3438000|1|1|1|376.11078675|34380001|2||2||1|1|2|2|2|2|2|2|1||1||1600000
3438001|1|1|1|537.30112393|34380011|2||2||1|1|2|2|2|2|2|2|2||1||4000000
3438002|1|1|1|588.01612339|34380021|2||2||2|1|2|2|2|2|2|2|2||1||2180000
3438003|1|1|1|723.48886257|34380031|2||2||1|2|2|2|1|2|2|2|2||4||900000
3438003|1|2|2|723.48886257|34380032|2||2||1|1|2|2|2|2|2|2|2||1||600000
3438004|1|1|1|488.84817737|34380041|2||2||1|1|1|2|2|2|2|2|2||1||3000000
3438005|1|1|1|598.7625111|34380051|2||2||1|2|2|2|2|2|2|2|1||8||1200000
3438006|1|1|1|565.98073435|34380061|2||2||1|1|2|2|2|2|2|2|2||1||1500000
3438007|1|1|1|582.53897153|34380071|2||2||1|1|2|2|2|2|2|2|2||1||1800000
3438014|1|1|1|330.54874101|34380141|2||2||1|1|2|2|2|2|2|2|2||1||700000
3438015|1|1|1|405.60210625|34380151|2||2||1|2|2|2|2|2|2|2|2|1||98|
3438016|1|1|1|376.39283976|34380161|2||2||1|1|1|2|2|2|2|2|2||1||280000
3438017|1|1|1|494.84255312|34380171|2||2||1|1|2|2|2|2|2|2|2||1||300000
3438018|1|1|1|330.54874101|34380181|2||2||1|1|2|2|2|2|2|2|2||1||400000
3438019|1|1|1|330.54874101|34380191|2||2||1|1|2|2|2|2|2|2|2||1||150000
3438020|1|1|1|423.21093706|34380201|2||2||1|1|2|2|2|2|2|2|2||1||700000
3438021|1|1|1|250.78757967|34380211|2||2||1|1|1|2|2|2|2|2|2||1||1180000
3438022|1|1|1|330.54874101|34380221|2||2||1|1|2|2|2|2|2|2|2||1||400000
3438024|1|1|1|384.93464217|34380241|2||2||1|1|2|2|2|2|2|1|2||1||1600000
3438025|1|1|1|325.84094491|34380251|2||2||1|1|2|2|2|2|2|2|2||1||2550000
3438026|1|1|1|384.93464217|34380261|2||2||1|2|2|1|2|2|2|2|2||3||1300000
3438027|1|1|1|339.37259643|34380271|2||2||1|1|2|1|2|2|2|2|2||1||4840000
3438028|1|1|1|454.63425739|34380281|2||2||1|1|2|2|2|2|2|2|2||1||1800000
3438029|1|1|1|322.00693861|34380291|2||2||2|1|2|2|2|2|2|1|2||1||6300000
3438030|1|1|1|330.54874101|34380301|2||2||1|1|2|1|2|2|2|2|2||3||2100000
3438031|1|1|1|339.37259643|34380311|2||2||1|1|2|2|2|2|2|1|2||1||2000000
3438032|1|1|1|296.34962541|34380321|2||2||1|1|2|1|2|2|2|2|2||3||3000000
3438034|1|1|1|638.41716605|34380341|2||2||1|1|2|2|2|2|2|2|2||1||1460000
3438035|1|1|1|391.72100833|34380351|2||2||1|1|2|1|2|2|2|2|2||3||1900000
3438036|1|1|1|669.81846941|34380361|2||2||2|1|2|2|2|2|2|2|2||1||1460000
3438037|1|1|1|458.74944008|34380371|2||2||1|1|2|2|2|2|2|2|2||1||2000000
3438038|1|1|1|466.22920688|34380381|2||2||1|2|2|2|2|2|2|2|1||8||1500000
3438039|1|1|1|433.05147244|34380391|2||2||1|1|2|1|2|2|2|2|2||3||2760000
3438040|1|1|1|417.10166633|34380401|2||2||1|2|2|1|2|2|2|2|2||3||3300000
3438041|1|1|1|381.79417098|34380411|2||2||1|2|2|1|2|2|2|1|2||3||7500000
3438042|1|1|1|371.20162975|34380421|2||2||1|1|2|2|2|2|2|2|2||1||2300000
3438045|1|1|1|405.60210625|34380451|2||2||1|1|2|2|2|2|2|2|2||1||3500000
3438046|1|1|1|376.11078675|34380461|2||2||1|1|2|2|2|2|2|2|2||1||3500000
3438047|1|1|1|419.13375777|34380471|2||2||1|2|2|2|2|2|2|2|1||8||1500000
3438048|1|1|1|419.13375777|34380481|2||2||1|1|2|2|2|2|2|2|2||1||1000000
3438049|1|1|1|384.93464217|34380491|2||2||1|1|2|2|2|2|2|2|2||1||3000000
3438050|1|1|1|330.54874101|34380501|2||2||1|2|2|1|2|2|2|2|2||3||2500000
3438051|1|1|1|371.40299065|34380511|2||2||2|1|2|2|2|2|2|2|2||1||2500000
3438052|1|1|1|452.70225656|34380521|2||2||1|1|2|2|2|2|2|2|2||1||10000000
3438053|1|1|1|376.11078675|34380531|2||2||1|1|2|2|2|2|2|2|2||1||5000000
3438054|1|1|1|371.40299065|34380541|2||2||1|1|2|2|2|2|2|2|2||1||7400000
3438055|1|1|1|330.54874101|34380551|2||2||1|1|2|2|2|2|2|2|2||1||2000000
3438056|1|1|1|397.06030384|34380561|2||2||1|1|2|2|2|2|2|2|2||1||1460000
3438057|1|1|1|350.73552657|34380571|2||2||1|1|1|2|2|2|2|2|2||1||2480000
3438058|1|1|1|499.42321868|34380581|2||2||1|1|2|1|2|2|2|2|2||1||8420000
3438059|1|1|1|419.13375777|34380591|2||2||1|2|2|1|2|2|2|2|2||3||1500000
3438060|1|1|1|449.74204005|34380601|2||2||1|1|2|2|2|2|2|2|2||1||900000
3438061|1|1|1|596.26798483|34380611|2||2||1|1|2|2|2|2|2|2|2||1||3000000
3438062|1|1|1|259.61143509|34380621|2||2||1|1|2|2|2|2|2|2|2||1||3000000
3438063|1|1|1|371.40299065|34380631|2||2||1|1|2|2|2|2|2|2|2||1||1460000
3438064|1|1|1|634.58315975|34380641|2||2||1|1|2|2|2|2|2|2|2||1||2260000
3438065|1|1|1|376.11078675|34380651|2||2||1|1|2|2|2|2|2|2|2||1||1300000
3438066|1|1|1|595.39419503|34380661|2||2||1|1|2|2|2|2|2|2|2||1||2920000
3438067|1|1|1|367.56898435|34380671|2||2||2|1|2|2|2|2|2|2|2||1||4100000
3438068|1|1|1|367.56898435|34380681|2||2||1|1|2|2|2|2|2|2|2||1||1300000
3438069|1|1|1|406.47589605|34380691|2||2||1|1|2|2|2|2|2|2|2||1||1200000
3438070|1|1|1|384.93464217|34380701|2||2||1|1|2|2|2|2|2|1|2||1||2060000
3438071|1|1|1|424.51232108|34380711|2||2||1|1|2|2|2|2|2|2|2||1||3500000
3438072|1|1|1|647.20214144|34380721|2||2||2|1|2|2|2|2|2|2|2||1||1460000
3438073|1|1|1|339.37259643|34380731|2||2||1|2|2|1|2|2|2|2|2||3||1300000
3438074|1|1|1|371.40299065|34380741|2||2||2|1|2|2|2|2|2|2|2||1||1460000
3438076|1|1|1|334.66480033|34380761|2||2||2|1|2|1|2|2|2|2|2||1||2760000
3438077|1|1|1|376.11078675|34380771|2||2||1|1|2|2|2|2|2|2|2||1||1000000
3438078|1|1|1|401.76809995|34380781|2||2||1|2|2|2|2|2|2|2|1||8||1500000
3438079|1|1|1|322.00693861|34380791|2||2||1|1|1|2|2|2|2|2|2||1||660000
3438080|1|1|1|305.17348083|34380801|2||2||1|1|2|1|2|2|2|1|2||3||3300000
3438081|1|1|1|367.56898435|34380811|2||2||2|1|2|2|2|2|2|2|2||1||2500000
3438082|1|1|1|497.61834838|34380821|2||2||1|1|2|2|1|2|2|2|2||1||3400000
3438083|1|1|1|330.54874101|34380831|2||2||1|1|2|2|2|2|2|2|2||1||2000000
3438084|1|1|1|450.51819808|34380841|2||2||1|2|2|2|2|2|2|2|1||8||98
3438086|1|1|1|424.46056074|34380861|2||2||1|1|2|2|2|2|2|2|2||1||300000
3438087|1|1|1|523.75296281|34380871|2||2||1|1|2|2|2|2|2|2|2||1||1358000
3438089|1|1|1|433.80673389|34380891|2||2||1|1|2|2|2|2|2|2|2||1||400000
3438090|1|1|1|424.46056074|34380901|2||2||1|1|2|2|2|2|2|2|2||1||450000
3438091|1|1|1|348.76969238|34380911|2||2||1|1|1|2|2|2|2|2|2||1||600000
3438092|1|1|1|483.66964235|34380921|2||2||2|1|2|2|2|2|2|2|2||1||1460000
3438094|1|1|1|542.87872396|34380941|2||2||2|1|2|2|2|2|2|2|2||1||1300000
3438097|1|1|1|416.31908248|34380971|2||2||1|1|2|2|2|2|2|2|2||1||2600000
3438098|1|1|1|398.80788344|34380981|2||2||1|1|2|2|2|2|2|2|2||1||2260000
3438099|1|1|1|450.51819808|34380991|2||2||1|1|2|2|2|2|2|2|2||1||1460000
3438100|1|1|1|376.11078675|34381001|2||2||1|1|2|2|2|2|2|2|2||1||1460000
3438101|1|1|1|411.61128637|34381011|2||2||1|1|2|2|2|2|2|2|2||1||2250000
3438102|1|1|1|481.3109016|34381021|2||2||1|1|2|2|2|2|2|2|2||1||2360000
3438103|1|1|1|421.55210457|34381031|2||2||1|1|2|2|2|2|2|2|2||1||4500000
3438104|1|1|1|553.94820861|34381041|2||2||2|1|2|2|2|2|2|2|2||1||2600000
3438105|1|1|1|424.08472686|34381051|2||2||1|1|2|2|2|2|2|2|2||1||2000000
3438106|1|1|1|401.76809995|34381061|2||2||1|1|2|2|2|2|2|2|2||1||1460000
3438107|1|1|1|455.39107847|34381071|2||2||1|1|2|2|2|2|2|2|2||1||1460000
3438108|1|1|1|638.61407119|34381081|2||2||1|1|2|1|2|2|2|2|2||3||1300000
3438109|1|1|1|506.42425506|34381091|2||2||2|2|2|1|2|2|2|2|2||3||3900000
3438110|1|1|1|888.4690893|34381101|2||2||1|1|2|2|2|2|2|2|2||1||3000000
3438111|1|1|1|625.44678999|34381111|2||2||1|1|2|2|2|2|2|2|1||1||650000
3438112|1|1|1|623.54184426|34381121|2||2||1|1|2|2|2|2|2|2|2||1||2000000
3438113|1|1|1|566.42455097|34381131|2||2||1|1|2|2|2|2|2|2|2||1||1460000
3438114|1|1|1|567.80935699|34381141|2||2||1|1|2|1|2|2|2|2|2||1||9000000
3438115|1|1|1|561.24633221|34381151|2||2||1|1|2|2|2|2|2|2|2||1||700000
3438116|1|1|1|541.4747946|34381161|2||2||1|1|2|2|2|2|2|2|2||1||4380000
3438117|1|1|1|554.22118593|34381171|2||2||1|1|2|2|2|2|2|2|2||1||98
3438118|1|1|1|554.22118593|34381181|2||2||1|1|2|2|2|2|2|2|2||1||3900000
3438119|1|1|1|280.58280116|34381191|2||2||1|1|2|2|2|2|2|2|2||1||1800000
3438120|1|1|1|302.13900672|34381201|2||2||1|1|2|2|2|2|2|2|2||1||1300000
3438121|1|1|1|178.62981348|34381211|2||2||1|1|2|2|2|2|2|2|2||1||1500000
3438122|1|1|1|129.11335684|34381221|2||2||1|1|2|2|2|2|2|2|2||1||1300000
3438123|1|1|1|89.031669661|34381231|2||2||1|2|1|2|2|2|2|2|1||8||650000
3438124|1|1|1|96.427178295|34381241|2||2||1|1|2|2|2|2|2|2|2||1||1000000
3438125|1|1|1|314.8603755|34381251|2||2||1|1|2|2|2|2|2|2|2||1||900000
3438126|1|1|1|79.032535521|34381261|2||2||1|1|2|2|1|2|2|2|2||1||900000
3438127|1|1|1|79.032535521|34381271|2||2||1|1|1|2|2|2|2|2|2||1||700000
3438128|1|1|1|79.032535521|34381281|2||2||1|1|1|2|2|2|2|2|1||1||700000
3438130|1|1|1|111.92587324|34381301|2||2||1|1|2|2|2|2|2|2|2||1||1500000
3438132|1|1|1|82.325557834|34381321|2||2||1|1|2|2|2|2|2|2|2||1||2000000
3438133|1|1|1|82.325557834|34381331|2||2||1|1|2|2|2|2|2|2|2||1||2300000
3438134|1|1|1|84.258101485|34381341|2||2||1|1|2|2|2|2|2|2|1||1||2500000
3438137|1|1|1|134.49308005|34381371|2||2||1|1|2|2|2|2|2|1|2||1||1800000
3438138|1|1|1|100.44497739|34381381|2||2||1|1|2|2|2|2|2|2|2||1||4000000
3438139|1|1|1|113.5835772|34381391|2||2||1|1|2|2|2|2|2|2|2||1||1500000
3438140|1|1|1|111.92587324|34381401|2||2||1|1|2|2|2|2|2|2|2||1||4000000
3438142|1|1|1|106.17356204|34381421|2||2||1|1|2|2|2|2|2|2|2||1||5000000
3438143|1|1|1|61.46974985|34381431|2||2||1|1|2|2|2|2|2|2|2||1||2000000
3438144|1|1|1|61.46974985|34381441|2||2||1|1|2|2|2|2|2|2|2||1||3000000
3438145|1|1|1|69.246854181|34381451|2||2||1|2|2|1|2|2|2|2|2||3||1800000
3438146|1|1|1|233.42822033|34381461|2||2||1|1|2|2|2|2|2|2|2||1||1800000
3438147|1|1|1|228.91391034|34381471|2||1|1|1|1|2|2|2|2|2|2|1||1||1800000
3438148|1|1|1|69.246854181|34381481|2||1|1|1|1|2|2|2|2|2|2|2||1||2000000
3438149|1|1|1|101.65925205|34381491|2||2||1|1|2|2|2|2|2|2|2||1||2000000
3438150|1|1|1|234.99700523|34381501|2||2||1|1|2|2|2|2|2|2|2||1||3500000
3438151|1|1|1|100.42149977|34381511|2||2||1|1|2|2|2|2|2|2|2||1||3800000
3438154|1|1|1|66.738585551|34381541|2||2||1|1|2|2|2|2|2|2|2||1||1000000
3438155|1|1|1|149.02944685|34381551|2||2||1|1|2|2|2|2|2|2|1||1||1000000
3438156|1|1|1|81.427395005|34381561|2||2||1|1|2|2|2|2|2|2|2||1||1500000
3438158|1|1|1|225.15976305|34381581|2||2||1|1|2|2|2|2|2|2|2||1||800000
3438159|1|1|1|266.9543422|34381591|2||2||1|1|2|2|2|2|2|2|2||1||900000
3438160|1|1|1|266.9543422|34381601|2||2||1|1|2|2|2|2|2|2|2||1||1200000
3438161|1|1|1|155.74420445|34381611|2||2||1|1|2|2|2|2|2|2|2||1||900000
3438162|1|1|1|164.5817226|34381621|2||2||1|1|1|2|2|2|2|2|2||1||400000
3438163|1|1|1|207.79398055|34381631|2||2||1|1|2|2|2|2|2|2|2||1||800000
3438164|1|1|1|66.738585551|34381641|2||2||1|1|2|2|2|2|2|2|2||1||1500000
3438165|1|1|1|48.172212127|34381651|2||2||1|1|2|2|2|2|2|2|2||1||4000000
3438169|1|1|1|48.172212127|34381691|2||2||1|1|2|2|2|2|2|2|2||1||4500000
3438170|1|1|1|130.51871006|34381701|2||2||1|1|2|2|2|2|2|2|2||1||4000000
3438171|1|1|1|48.172212127|34381711|2||2||1|1|2|2|2|2|2|2|2||1||2000000
3438173|1|1|1|83.20540372|34381731|2||2||1|1|2|2|2|2|2|1|2||1||3000000
3438174|1|1|1|48.172212127|34381741|2||2||1|1|2|2|2|2|2|2|2||1||3000000
3438175|1|1|1|48.172212127|34381751|1|1|2||1|1|2|2|2|2|2|2|2||1||5000000
3438176|1|1|1|167.25499555|34381761|2||2||1|1|2|2|2|2|2|2|2||1||1500000
3438177|1|1|1|89.031669661|34381771|2||1|2|1|2|2|2|2|2|2|2|1||8||500000
3438178|1|1|1|79.032535521|34381781|2||2||1|1|2|2|2|2|2|2|2||1||1000000
3438179|1|1|1|79.032535521|34381791|2||2||1|1|2|2|2|2|2|2|1||1||1900000
3438180|1|1|1|79.032535521|34381801|2||2||1|1|2|2|2|2|2|2|2||1||1500000
3438181|1|1|1|79.032535521|34381811|2||2||1|1|2|2|2|2|2|2|2||1||1300000
3438182|1|1|1|79.032535521|34381821|2||2||1|1|2|2|2|2|2|2|2||1||800000
3438183|1|1|1|88.583804636|34381831|2||2||1|1|2|2|2|2|2|2|2||1||1100000
3438184|1|1|1|79.032535521|34381841|2||2||1|1|1|2|2|2|2|2|2||1||700000
3438185|1|1|1|316.13014208|34381851|2||2||1|1|2|2|2|2|2|2|2||1||2000000
3438187|1|1|1|188.65506128|34381871|2||2||1|1|2|2|2|2|2|2|2||1||2000000
3438188|1|1|1|60.591610566|34381881|2||1|1|1|1|2|2|2|2|2|2|2||1||1300000
3438189|1|1|1|60.591610566|34381891|2||2||1|1|2|2|2|2|2|2|2||1||1300000
3438190|1|1|1|73.92750336|34381901|2||2||1|1|2|2|2|2|2|2|2||1||700000
3438192|1|1|1|242.36644226|34381921|2||2||1|1|2|2|2|2|2|2|2||1||900000
3438193|1|1|1|136.94952367|34381931|2||2||1|1|2|2|2|2|2|2|2||1||1000000
3438194|1|1|1|65.851018441|34381941|2||2||1|1|1|2|2|2|2|2|2||1||1000000
3438195|1|1|1|104.65679687|34381951|2||2||1|1|2|2|2|2|2|2|2||1||4000000
3438196|1|1|1|207.89721725|34381961|2||2||1|1|2|2|2|2|2|2|2||1||2000000
3438197|1|1|1|135.30305043|34381971|2||2||1|1|2|2|2|2|2|2|2||1||700000
3438198|1|1|1|76.646837997|34381981|2||2||1|1|2|2|2|2|2|2|2||1||2500000
3438199|1|1|1|68.784720517|34381991|2||2||1|1|2|2|2|2|2|2|2||1||6000000
3438200|1|1|1|104.63904722|34382001|2||2||1|1|2|2|2|1|2|2|2||1||3500000
3438201|1|1|1|166.28199848|34382011|2||2||1|1|2|2|2|2|2|2|2||1||4000000
3438203|1|1|1|68.784720517|34382031|2||2||1|1|2|2|2|2|2|2|2||1||7000000
3438204|1|1|1|63.509257692|34382041|2||2||1|2|2|2|2|2|2|1|1||8||2000000
3438205|1|1|1|167.41719414|34382051|2||2||1|1|2|2|2|2|2|2|2||1||6000000
3438206|1|1|1|175.53123093|34382061|2||2||1|1|2|2|2|2|2|2|2||1||7500000
3438207|1|1|1|102.06505169|34382071|2||2||1|1|2|1|2|2|2|2|2||3||3500000
3438208|1|1|1|126.28740462|34382081|2||2||1|1|2|2|2|2|2|1|2||1||3500000
3438209|1|1|1|168.60274245|34382091|2||2||1|1|2|2|2|2|2|2|2||1||1300000
3438210|1|1|1|57.3060471|34382101|2||2||1|2|1|2|2|2|2|2|1||8||500000
3438211|1|1|1|104.24297938|34382111|2||2||1|1|2|2|2|2|2|2|2||1||700000
3438212|1|1|1|47.483557153|34382121|2||2||1|2|1|2|2|2|2|2|1||8||500000
3438213|1|1|1|61.250318372|34382131|2||2||1|1|2|2|2|2|2|2|2||1||1000000
3438215|1|1|1|168.60274245|34382151|2||2||1|1|2|2|2|2|2|2|2||1||800000
3438216|1|1|1|42.150685611|34382161|2||2||1|1|2|2|2|2|2|2|2||1||800000
3438217|1|1|1|42.150685611|34382171|2||2||1|1|2|2|1|2|2|2|2||1||800000
3438218|1|1|1|47.483557153|34382181|2||2||1|1|1|2|2|2|2|2|2||1||400000
3438219|1|1|1|42.150685611|34382191|2||2||1|1|2|2|2|2|2|2|2||1||1100000
3438220|1|1|1|301.37740212|34382201|2||2||1|1|2|1|2|2|2|2|2||3||1800000
3438221|1|1|1|75.34435053|34382211|2||2||1|1|2|2|2|2|2|2|2||1||2000000
3438223|1|1|1|84.87685841|34382231|2||2||1|1|2|2|2|2|2|2|1||1||1000000
3438224|1|1|1|75.34435053|34382241|2||2||1|1|2|2|2|2|2|2|2||1||1600000
3438225|1|1|1|138.32757731|34382251|2||2||1|1|2|1|2|2|2|2|1||3||2000000
3438226|1|1|1|221.48491515|34382261|2||2||1|1|2|2|1|2|2|2|2||1||1500000
3438228|1|1|1|75.34435053|34382281|2||2||1|1|2|2|2|2|2|2|2||1||2000000
3438229|1|1|1|103.95168985|34382291|2||2||1|1|2|2|2|2|2|2|2||1||2000000
3438231|1|1|1|136.40469525|34382311|2||2||1|1|2|2|1|2|2|2|2||1||2500000
3438232|1|1|1|301.37740212|34382321|2||2||1|1|2|2|2|2|2|2|2||1||2000000
3438233|1|1|1|187.48329072|34382331|2||2||1|1|2|2|2|2|2|2|2||1||1300000
3438234|1|1|1|60.215265159|34382341|2||2||1|1|1|2|2|2|2|2|1||1||1800000
3438235|1|1|1|240.86106064|34382351|2||2||1|1|2|2|2|2|2|2|2||1||2000000
3438236|1|1|1|161.6116187|34382361|2||2||1|1|1|2|2|2|2|2|1||1||1500000
3438238|1|1|1|60.215265159|34382381|2||2||1|1|2|2|1|2|2|2|2||1||2400000
3438239|1|1|1|73.46832632|34382391|2||2||1|1|2|2|2|2|2|2|2||1||3000000
3438240|1|1|1|163.14838758|34382401|2||2||1|1|2|2|1|2|2|2|2||1||1500000
3438241|1|1|1|67.833653075|34382411|2||2||1|2|1|2|2|2|2|2|1||8||500000
3438242|1|1|1|175.6437472|34382421|2||2||1|1|2|2|1|2|2|2|2||1||2000000
3438243|1|1|1|79.032535521|34382431|2||2||1|1|2|2|2|2|2|2|2||1||2500000
3438244|1|1|1|79.032535521|34382441|2||2||1|1|2|2|2|2|2|2|1||1||1600000
3438245|1|1|1|177.03841769|34382451|2||2||1|1|2|2|2|2|2|2|2||1||1300000
3438246|1|1|1|136.50886548|34382461|2||2||1|1|2|2|2|2|2|2|2||1||1600000
3438247|1|1|1|79.032535521|34382471|2||2||1|1|2|2|2|2|2|2|2||1||1000000
3438248|1|1|1|79.032535521|34382481|2||2||1|1|2|2|2|2|2|2|2||1||3000000
3438249|1|1|1|184.75493114|34382491|2||2||1|1|2|2|1|2|2|2|2||1||2000000
3438251|1|1|1|79.032535521|34382511|2||2||1|1|2|2|2|2|2|2|2||1||1200000
3438252|1|1|1|147.5305255|34382521|2||2||1|1|2|2|2|2|2|2|2||1||2000000
3438253|1|1|1|71.632558876|34382531|2||2||1|1|2|2|2|2|2|2|2||1||700000
3438254|1|1|1|95.387898775|34382541|2||2||1|1|1|2|2|2|2|2|2||1||650000
3438255|1|1|1|91.005910319|34382551|2||2||1|1|2|2|2|2|2|2|2||1||1300000
3438257|1|1|1|100.31823786|34382571|2||2||1|1|2|2|2|2|1|2|1||1||2000000
3438258|1|1|1|196.19708871|34382581|2||2||1|1|2|2|2|2|1|2|2||1||1000000
3438259|1|1|1|52.688357014|34382591|2||2||1|1|2|2|2|2|2|2|2||1||800000
3438260|1|1|1|52.688357014|34382601|2||2||1|1|2|2|2|2|2|2|2||1||900000
3438261|1|1|1|52.688357014|34382611|2||2||1|1|2|2|2|2|2|2|2||1||1200000
3438262|1|1|1|117.65482646|34382621|2||2||1|1|2|2|2|2|2|2|2||1||900000
3438263|1|1|1|80.042267854|34382631|2||2||1|1|2|2|2|2|2|2|2||1||1800000
3438264|1|1|1|57.957192715|34382641|2||2||1|1|2|2|1|2|2|2|2||1||1500000
3438265|1|1|1|100.10650135|34382651|2||2||1|1|2|2|2|2|2|2|2||1||1500000
3438266|1|1|1|180.45266732|34382661|2||2||1|1|2|2|2|2|2|2|2||1||1800000
3438267|1|1|1|57.957192715|34382671|2||2||1|1|2|2|2|2|2|2|2||1||3800000
3438269|1|1|1|108.18905203|34382691|2||2||1|2|1|1|2|2|2|2|1||3||2000000
3438270|1|1|1|57.957192715|34382701|2||2||1|1|2|2|2|2|2|2|1||1||1800000
3438271|1|1|1|180.45266732|34382711|2||2||1|1|2|2|2|2|2|2|2||1||1700000
3438272|1|1|1|209.84590458|34382721|2||2||1|1|1|2|2|2|2|2|2||1||1300000
3438273|1|1|1|180.45266732|34382731|2||2||1|1|2|2|2|2|2|2|2||1||1300000
3438274|1|1|1|86.942472816|34382741|2||2||1|1|2|2|2|2|2|2|2||1||2000000
3438275|1|1|1|117.38832432|34382751|2||2||1|1|2|2|2|2|2|2|2||1||1300000
3438277|1|1|1|173.40382082|34382771|2||2||1|1|2|2|2|2|2|2|2||1||1500000
3438280|1|1|1|45.663242746|34382801|2||2||1|1|2|2|2|2|1|2|2||1||1300000
3438281|1|1|1|45.663242746|34382811|2||2||1|1|2|2|2|2|2|2|2||1||1300000
3438282|1|1|1|45.663242746|34382821|2||2||1|1|2|2|2|2|2|2|2||1||700000
3438283|1|1|1|45.663242746|34382831|2||2||1|1|2|2|2|2|2|2|2||1||1100000
3438285|1|1|1|63.063604976|34382851|2||2||1|1|2|2|2|2|2|2|2||1||1000000
3438286|1|1|1|62.081551025|34382861|2||2||1|2|1|2|2|2|2|2|1||8||400000
3438287|1|1|1|102.28886355|34382871|2||2||1|1|1|2|2|2|2|2|1||1||900000
3438288|1|1|1|135.60271177|34382881|2||2||1|1|2|2|2|2|2|2|2||1||2500000
3438289|1|1|1|174.56920389|34382891|2||2||1|1|2|2|2|2|2|2|2||1||2000000
3438290|1|1|1|117.08650854|34382901|2||2||1|1|2|1|2|2|2|2|2||1||4000000
3438291|1|1|1|128.74838314|34382911|2||2||1|2|2|1|2|2|2|2|2||3||2000000
3438292|1|1|1|132.13287712|34382921|2||2||2|1|2|2|2|2|2|2|2||1||1800000
3438293|1|1|1|176.55204709|34382931|2||2||1|1|2|2|2|2|2|2|2||1||1300000
3438294|1|1|1|132.13287712|34382941|2||2||1|1|2|1|2|2|2|2|2||3||1800000
3438295|1|1|1|135.24291061|34382951|2||2||1|1|2|1|2|2|2|2|2||3||15000000
3438296|1|1|1|132.13287712|34382961|2||2||2|2|2|1|2|2|2|2|2||3||2100000
3438297|1|1|1|167.859727|34382971|2||2||1|1|2|2|2|2|2|2|2||1||98
3438298|1|1|1|110.37429617|34382981|2||2||1|2|2|2|2|2|2|1|2||7||1000000
3438299|1|1|1|157.29144562|34382991|2||2||1|1|2|2|2|2|2|2|2||1||2500000
3438300|1|1|1|130.16826296|34383001|2||2||1|1|2|2|2|2|2|2|1||1||1000000
3438302|1|1|1|172.69098602|34383021|2||2||1|1|2|2|2|2|2|2|2||1||2000000
3438303|1|1|1|170.02392277|34383031|2||2||2|1|2|2|2|2|2|2|2||1||1300000
3438304|1|1|1|202.32402393|34383041|2||2||1|1|2|2|2|2|2|2|2||1||700000
3438305|1|1|1|227.18094295|34383051|2||2||2|1|2|2|2|2|2|2|2||1||3000000
3438306|1|1|1|195.49410063|34383061|2||2||1|1|2|2|2|2|2|2|1||1||500000
3438307|1|1|1|263.38141943|34383071|2||2||1|1|2|2|2|2|2|2|2||1||1000000
3438308|1|1|1|267.02401405|34383081|2||2||1|1|2|2|2|2|2|2|2||1||2300000
3438309|1|1|1|159.29982471|34383091|2||2||1|1|2|2|2|2|2|2|2||1||2000000
3438310|1|1|1|242.18703158|34383101|2||2||1|1|2|2|2|2|2|2|2||1||900000
3438311|1|1|1|235.81798093|34383111|2||2||1|1|1|2|2|2|2|2|2||1||560000
3438313|1|1|1|227.99192847|34383131|2||2||1|2|2|1|2|2|2|2|2||3||1300000
3438314|1|1|1|293.74515915|34383141|2||2||1|1|2|2|2|2|2|2|2||1||2500000
3438315|1|1|1|262.1997837|34383151|2||2||1|1|2|2|2|2|2|2|2||1||98
3438316|1|1|1|205.0908081|34383161|2||2||1|1|2|1|2|2|2|2|2||1||3000000
3438317|1|1|1|233.98530324|34383171|2||2||1|1|2|2|2|2|2|2|2||1||1800000
3438318|1|1|1|336.93843686|34383181|2||2||2|1|2|2|2|2|2|2|2||1||2800000
3438319|1|1|1|262.17234719|34383191|2||2||1|1|2|1|2|2|2|2|2||3||3800000
3438320|1|1|1|239.978678|34383201|2||2||2|1|2|1|2|2|2|2|2||3||3500000
3438321|1|1|1|333.29548632|34383211|2||2||1|1|2|2|2|2|2|2|2||1||2000000
3438324|1|1|1|453.94082388|34383241|2||2||1|1|2|2|2|2|2|2|2||1||1700000
3438325|1|1|1|336.84008643|34383251|2||2||1|1|2|2|2|2|2|2|2||1||1700000
3438326|1|1|1|411.71795369|34383261|2||2||1|1|2|2|2|2|2|2|2||1||500000
3438327|1|1|1|281.63708811|34383271|2||2||1|1|2|2|2|2|2|2|1||1||500000
3438328|1|1|1|254.02926229|34383281|2||2||1|1|2|2|2|2|2|2|2||1||700000
3438329|1|1|1|284.74307523|34383291|2||2||1|1|2|2|2|2|2|2|2||1||98
3438330|1|1|1|289.07456087|34383301|2||2||1|1|2|2|2|2|2|2|2||1||400000
3438331|1|1|1|295.84386696|34383311|2||2||1|1|2|2|2|2|2|2|2||1||1500000
3438332|1|1|1|289.07456087|34383321|2||2||1|1|2|2|2|2|2|2|2||1||1000000
3438333|1|1|1|324.93639047|34383331|2||2||1|1|2|2|2|2|2|2|1||8||600000
3438334|1|1|1|321.51258496|34383341|2||2||1|1|2|2|2|2|2|2|2||1||1400000
3438335|1|1|1|298.31442738|34383351|2||2||1|1|2|2|1|2|2|2|2||1||600000
3438340|1|1|1|194.38312529|34383401|2||2||1|1|1|2|2|2|2|2|2||1||1800000
3438341|1|1|1|154.52401464|34383411|2||2||1|1|2|2|2|2|2|2|2||1||700000
3438342|1|1|1|172.04837741|34383421|2||2||1|1|2|1|2|2|2|1|2||3||2600000
3438343|1|1|1|215.46973229|34383431|2||2||1|2|1|2|2|2|2|2|1||8||300000
3438344|1|1|1|290.52212728|34383441|2||2||1|1|2|1|2|2|2|2|2||1||2500000
3438345|1|1|1|131.83373362|34383451|2||2||1|1|2|2|2|2|2|2|1||1||1800000
3438346|1|1|1|203.8019136|34383461|2||2||1|1|2|2|2|2|2|2|2||1||1300000
3438347|1|1|1|201.7923039|34383471|2||2||1|1|2|2|2|2|2|2|2||1||600000
3438348|1|1|1|106.11001186|34383481|2||2||1|1|2|2|2|2|2|2|2||1||2800000
3438349|1|1|1|224.48258491|34383491|2||2||1|1|2|2|2|2|2|2|2||1||1800000
3438350|1|1|1|213.91701081|34383501|2||2||1|1|2|2|2|2|2|2|2||1||6000000
3438351|1|1|1|156.92619018|34383511|2||2||1|1|2|2|2|2|2|2|2||1||2700000
3438352|1|1|1|197.64731852|34383521|2||2||2|1|2|2|2|2|2|2|2||1||3000000
3438353|1|1|1|162.54556446|34383531|2||2||1|1|2|2|2|2|2|2|1||1||1800000
3438354|1|1|1|233.91770397|34383541|2||2||2|1|2|2|2|2|2|2|2||1||1000000
3438355|1|1|1|168.59010715|34383551|2||2||1|1|2|2|2|2|2|2|2||1||2600000
3438356|1|1|1|152.88870497|34383561|2||2||1|1|2|2|2|2|2|2|1||1||600000
3438357|1|1|1|164.89694238|34383571|2||2||1|1|2|2|2|2|2|2|2||1||900000
3438361|1|1|1|239.25728031|34383611|2||2||1|1|2|2|2|2|2|2|2||1||500000
3438362|1|1|1|187.11687801|34383621|2||2||1|1|2|2|2|2|2|2|2||1||1300000
3438363|1|1|1|135.36499434|34383631|2||2||1|1|1|2|2|2|2|2|2||1||900000
3438364|1|1|1|108.18801644|34383641|2||2||1|1|2|2|2|2|2|2|2||1||2500000
3438365|1|1|1|214.02221662|34383651|2||2||1|1|1|2|2|2|2|2|2||1||1000000
3438366|1|1|1|270.55751243|34383661|2||2||1|1|2|2|2|2|2|2|2||1||900000
3438367|1|1|1|244.14476241|34383671|2||2||1|1|2|2|2|2|2|2|2||1||1400000
3438368|1|1|1|270.55751243|34383681|2||2||1|1|2|2|2|2|2|2|2||1||1000000
3438369|1|1|1|213.52962802|34383691|2||2||1|1|2|2|2|2|2|1|1||8||600000
3438372|1|1|1|260.36359323|34383721|2||2||1|1|2|2|2|2|2|2|2||1||600000
3438373|1|1|1|327.81686796|34383731|2||2||1|1|2|2|2|2|2|2|2||1||2000000
3438374|1|1|1|244.06549305|34383741|2||2||1|1|2|2|1|2|2|2|2||1||800000
3438375|1|1|1|229.97482401|34383751|2||2||1|1|2|2|2|2|2|2|2||1||800000
3438376|1|1|1|352.90110317|34383761|2||2||1|1|2|2|2|2|2|2|2||1||1300000
3438377|1|1|1|260.36359323|34383771|2||2||1|1|2|2|2|2|2|2|2||1||3000000
3438378|1|1|1|247.77819503|34383781|2||2||1|1|2|2|2|2|2|2|2||1||1148000
3438382|1|1|1|265.26350644|34383821|2||2||1|1|2|2|2|2|2|1|2||7||850000
3438383|1|1|1|273.96089207|34383831|2||2||1|1|2|2|2|2|2|2|2||1||1100000
3438384|1|1|1|281.37982506|34383841|2||2||1|1|2|2|2|2|2|2|2||1||3500000
3438385|1|1|1|296.81014101|34383851|2||2||1|1|2|2|2|2|2|2|2||1||1300000
3438386|1|1|1|273.93619921|34383861|2||2||2|1|2|2|2|2|2|2|2||1||1500000
3438387|1|1|1|210.61146577|34383871|2||2||1|2|2|2|2|2|2|2|1||8||800000
3438388|1|1|1|299.96593769|34383881|2||2||1|1|2|2|2|2|2|2|2||1||1300000
3438389|1|1|1|245.28920417|34383891|2||2||1|1|2|2|2|2|2|2|2||1||1300000
3438390|1|1|1|299.96593769|34383901|2||2||1|1|2|2|2|2|2|2|2||1||1300000
3438391|1|1|1|277.41413933|34383911|2||2||1|1|2|2|2|2|2|2|2||1||2500000
3438392|1|1|1|236.73807151|34383921|2||2||1|2|2|2|2|2|2|2|1||8||400000
3438393|1|1|1|230.67418645|34383931|2||2||1|2|2|1|2|2|2|2|2||3||1400000
3438394|1|1|1|233.21813781|34383941|2||2||1|1|2|2|2|2|2|2|2||1||1700000
3438395|1|1|1|203.84559166|34383951|2||2||1|1|2|2|2|2|2|2|1||1||3500000
3438396|1|1|1|230.67418645|34383961|2||2||1|2|2|1|2|2|2|2|2||3||1200000
3438397|1|1|1|304.29637054|34383971|2||2||1|1|2|2|2|2|2|2|2||1||3600000
3438398|1|1|1|262.59068396|34383981|2||2||1|2|2|2|2|2|2|2|1||8||1000000
3438399|1|1|1|371.82691028|34383991|2||2||1|1|2|2|2|2|2|2|2||1||8000000
3438400|1|1|1|164.83370815|34384001|2||2||1|1|1|2|2|2|2|2|2||1||1200000
3438401|1|1|1|271.71052029|34384011|2||2||1|1|2|2|2|2|2|2|2||1||2600000
3438403|1|1|1|238.55577503|34384031|2||2||1|2|2|2|2|2|2|2|1||8||600000
3438404|1|1|1|296.9775443|34384041|2||2||1|1|2|2|2|2|2|2|2||1||1700000
3438405|1|1|1|257.98176312|34384051|2||2||1|1|2|2|2|2|2|2|2||1||1000000
3438406|1|1|1|246.90239171|34384061|2||2||1|1|1|2|2|2|2|2|2||1||900000
3438407|1|1|1|204.82997456|34384071|2||2||1|1|2|2|2|2|2|2|2||1||1300000
3438408|1|1|1|260.18257685|34384081|2||2||1|1|1|2|2|2|2|2|2||1||3500000
3438409|1|1|1|198.69164063|34384091|2||2||1|1|2|2|2|2|2|2|2||1||1000000
3438410|1|1|1|176.35013976|34384101|2||2||1|1|2|2|2|2|2|2|2||1||4500000
3438411|1|1|1|270.58650603|34384111|2||2||1|1|2|2|2|2|2|2|2||1||4000000
3438412|1|1|1|263.25174382|34384121|2||2||1|1|2|2|2|2|2|2|2||1||3200000
3438413|1|1|1|181.48408824|34384131|2||2||1|1|1|2|2|2|2|2|2||1||750000
3438414|1|1|1|294.92023179|34384141|2||2||1|1|2|2|2|2|2|2|2||1||1800000
3438415|1|1|1|141.88587374|34384151|2||2||1|1|2|1|2|2|2|2|2||1||3500000
3438416|1|1|1|183.80880773|34384161|2||2||1|1|2|1|2|2|2|2|2||1||98
3438417|1|1|1|282.81231008|34384171|1|1|2||1|1|2|1|2|2|2|2|2||1||9000000
3438418|1|1|1|350.88746426|34384181|2||2||1|1|2|2|2|2|2|2|2||1||8000000
3438419|1|1|1|236.42687352|34384191|2||2||1|1|2|2|2|2|2|2|2||1||9000000
3438420|1|1|1|282.81231008|34384201|2||2||1|1|2|1|2|2|2|2|2||1||8000000
3438421|1|1|1|314.6266063|34384211|2||2||1|1|2|2|2|2|2|2|2||1||9000000
3438422|1|1|1|222.40842185|34384221|2||2||1|1|2|2|2|2|2|2|2||1||5000000
3438423|1|1|1|191.80963993|34384231|2||2||2|1|2|2|2|2|2|2|2||1||8000000
3438424|1|1|1|220.06966569|34384241|2||2||1|1|2|2|2|2|2|2|2||1||5000000
3438425|1|1|1|240.47961193|34384251|2||2||1|1|2|2|2|2|2|2|2||1||1000000
3438426|1|1|1|201.16934865|34384261|2||2||1|2|1|2|2|2|2|2|1||8||300000
3438427|1|1|1|240.47961193|34384271|2||2||1|1|2|2|2|2|2|2|2||1||500000
3438428|1|1|1|201.16934865|34384281|2||2||1|1|2|2|2|2|2|1|2||1||98
3438429|1|1|1|248.89354003|34384291|2||2||1|1|2|2|2|2|2|2|2||1||1300000
3438430|1|1|1|294.08425264|34384301|2||2||1|1|2|2|2|2|2|2|2||1||1200000
3438431|1|1|1|231.35275033|34384311|2||2||1|1|1|2|2|2|2|2|1||1||600000
3438432|1|1|1|299.37252449|34384321|2||2||1|1|1|2|2|2|2|2|2||1||880000
3438433|1|1|1|216.96966102|34384331|2||2||1|1|2|2|2|2|2|2|2||1||800000
3438434|1|1|1|268.76027829|34384341|2||2||1|1|2|2|2|2|2|2|2||1||1300000
3438435|1|1|1|222.14501232|34384351|2||2||1|1|2|2|2|2|2|2|2||1||1000000
3438438|1|1|1|169.41608084|34384381|2||2||1|1|2|2|2|2|2|2|2||1||1000000
3438439|1|1|1|149.15690135|34384391|2||2||2|2|2|1|2|2|2|2|2||3||1500000
3438440|1|1|1|193.79609676|34384401|2||2||1|1|2|2|2|2|2|2|2||1||2500000
3438441|1|1|1|237.8388966|34384411|2||2||1|1|2|2|2|2|2|2|2||1||3000000
3438442|1|1|1|208.04980897|34384421|2||2||1|1|2|2|2|2|2|2|2||1||1300000
3438443|1|1|1|142.45114922|34384431|2||2||1|1|2|2|2|2|2|1|2||1||800000
3438444|1|1|1|208.04980897|34384441|2||2||1|1|2|1|2|2|2|2|2||1||2800000
3438445|1|1|1|235.26740211|34384451|2||2||1|1|2|2|2|2|2|2|2||1||1300000
3438446|1|1|1|199.11483202|34384461|2||2||1|1|2|2|2|2|2|2|1||1||850000
3438448|1|1|1|218.45229942|34384481|2||2||1|1|2|2|2|2|2|2|2||1||1200000
3438449|1|1|1|217.71700031|34384491|2||2||2|1|2|2|2|2|2|2|2||1||2800000
3438450|1|1|1|203.14608901|34384501|2||2||1|1|2|2|2|2|2|2|2||1||1300000
3438451|1|1|1|197.99006364|34384511|2||2||1|1|2|2|2|2|2|2|2||1||3000000
3438452|1|1|1|217.0914763|34384521|2||2||1|1|2|2|2|2|2|2|2||1||2500000
3438453|1|1|1|173.44473652|34384531|2||2||1|2|2|2|2|2|2|2|2|1||1000000|
3438454|1|1|1|191.0439587|34384541|2||2||1|1|2|2|2|2|2|2|2||1||2500000
3438455|1|1|1|184.09777223|34384551|2||2||1|2|2|1|2|2|2|2|1||3||1300000
3438456|1|1|1|144.86626372|34384561|2||2||1|1|2|2|2|2|2|2|2||1||1400000
3438457|1|1|1|199.04375324|34384571|2||2||1|1|2|2|2|2|2|2|2||1||3000000
3438459|1|1|1|501.8414572|34384591|2||2||1|1|2|2|2|2|2|1|2||1||500000
3438460|1|1|1|430.59421818|34384601|2||2||1|1|2|2|2|2|2|2|2||1||1300000
3438461|1|1|1|397.20114227|34384611|2||2||1|2|1|2|2|2|2|2|1||8||300000
3438462|1|1|1|435.19643669|34384621|2||2||1|1|2|2|1|2|2|2|2||1||1200000
3438463|1|1|1|428.66149344|34384631|2||2||2|1|2|2|2|2|2|2|2||1||1800000
3438464|1|1|1|403.22077797|34384641|2||2||1|1|2|2|2|2|2|2|2||1||1300000
3438465|1|1|1|391.07610192|34384651|2||2||1|1|2|2|2|2|2|2|2||1||600000
3438466|1|1|1|554.16161466|34384661|2||2||1|1|2|2|2|2|2|2|2||1||1300000
3438467|1|1|1|251.20162191|34384671|2||2||1|1|2|2|1|2|2|2|2||1||1000000
3438469|1|1|1|281.30340491|34384691|2||2||1|1|2|2|2|2|2|2|2||1||1300000
3438470|1|1|1|281.96161348|34384701|2||2||1|1|2|2|2|2|2|2|2||1||1300000
3438471|1|1|1|276.64034143|34384711|2||2||1|2|2|2|2|2|2|2|1||8||400000
3438472|1|1|1|455.30758437|34384721|2||2||1|1|2|1|2|2|2|2|2||1||1300000
3438473|1|1|1|335.75773324|34384731|2||2||1|1|2|2|2|2|2|2|2||1||1300000
3438474|1|1|1|337.37571921|34384741|2||2||1|1|2|2|2|2|2|2|2||1||600000
3438480|1|1|1|223.53010761|34384801|2||2||1|2|2|2|2|2|2|2|1||8||500000
3438481|1|1|1|267.37556986|34384811|2||2||1|1|2|2|2|2|2|2|2||1||800000
3438481|1|2|2|267.37556986|34384812|2||2||1|1|2|2|2|2|2|2|2||1||500000
3438482|1|1|1|274.87336409|34384821|2||2||1|1|2|2|2|2|2|2|2||1||900000
3438483|1|1|1|314.66490981|34384831|2||2||1|1|2|2|2|2|2|2|1||1||1200000
3438484|1|1|1|302.03740205|34384841|2||2||2|1|2|2|2|2|2|2|2||1||800000
3438485|1|1|1|341.71166591|34384851|2||2||2|1|2|2|2|2|2|2|2||1||1300000
3438486|1|1|1|216.89195597|34384861|2||2||1|1|2|2|2|2|2|2|2||1||1300000
3438487|1|1|1|341.09021659|34384871|2||2||2|1|2|2|2|2|2|2|2||1||500000
3438488|1|1|1|217.60703769|34384881|2||2||1|1|2|2|2|2|2|2|2||1||300000
3438489|1|1|1|329.76032282|34384891|2||2||1|1|2|2|2|2|2|2|2||1||800000
3438490|1|1|1|341.62247844|34384901|2||2||2|1|2|2|2|2|2|2|2||1||1300000
3438491|1|1|1|303.52177937|34384911|2||2||1|1|2|2|2|2|2|2|2||1||1300000
3438492|1|1|1|484.4512285|34384921|2||2||2|1|2|2|2|2|2|2|2||1||500000
3438493|1|1|1|366.20669533|34384931|2||2||1|1|1|2|2|2|2|2|2||1||1000000
3438494|1|1|1|433.26371195|34384941|2||2||1|1|2|1|2|2|2|2|2||1||2000000
3438495|1|1|1|362.16580886|34384951|2||2||2|1|2|2|2|2|2|2|2||1||900000
3438496|1|1|1|466.76219251|34384961|2||2||1|1|2|2|2|2|2|2|2||1||1300000
3438497|1|1|1|361.92095269|34384971|2||2||1|1|2|2|2|2|2|2|2||1||1300000
3438498|1|1|1|471.08617546|34384981|2||2||1|1|2|2|2|2|2|2|2||1||2000000
3438500|1|1|1|419.1182571|34385001|2||2||2|1|2|2|2|2|2|2|2||1||1700000
3438501|1|1|1|415.07800801|34385011|2||2||1|1|1|2|2|2|2|2|2||1||1300000
3438502|1|1|1|414.18097729|34385021|2||2||1|1|2|2|1|2|2|2|2||1||700000
3438503|1|1|1|337.62097093|34385031|2||2||1|2|1|2|2|2|2|2|1||8||300000
3438504|1|1|1|342.13216569|34385041|2||2||2|1|2|2|2|2|2|2|2||1||99
3438505|1|1|1|324.67033483|34385051|2||2||1|1|2|2|2|2|2|2|2||1||6000000
3438506|1|1|1|365.66859435|34385061|2||2||1|1|2|2|2|2|2|2|1||1||300000
3438507|1|1|1|366.75970249|34385071|2||2||1|1|2|2|2|2|2|2|2||1||1300000
3438508|1|1|1|400.42324914|34385081|2||2||1|1|2|2|2|2|2|2|2||1||800000
3438510|1|1|1|320.19123614|34385101|2||2||2|1|2|2|2|2|2|2|2||1||1300000
3438511|1|1|1|415.43632734|34385111|2||2||1|1|1|2|2|2|2|2|2||1||900000
3438512|1|1|1|275.26393087|34385121|2||2||2|1|2|2|2|2|2|2|2||1||3000000
3438513|1|1|1|377.99422138|34385131|2||2||2|1|2|2|2|2|2|2|2||1||1300000
3438514|1|1|1|395.44732816|34385141|2||2||1|1|2|2|1|2|2|2|2||4||600000
3438515|1|1|1|327.65192739|34385151|2||2||1|1|2|2|2|2|2|2|1||8||300000
3438516|1|1|1|431.42861782|34385161|2||2||1|1|2|2|2|2|2|2|2||1||600000
3438517|1|1|1|319.60487167|34385171|2||2||2|1|2|2|2|2|2|2|2||1||400000
3438519|1|1|1|470.65802188|34385191|2||2||1|1|2|2|2|2|2|2|2||1||1400000
3438520|1|1|1|378.57454474|34385201|2||2||1|1|2|2|2|2|2|2|2||1||1300000
3438521|1|1|1|345.37132091|34385211|2||2||1|1|2|2|2|2|2|2|2||1||2100000
3438522|1|1|1|353.3146316|34385221|2||2||1|1|2|2|2|2|2|2|2||1||3500000
3438523|1|1|1|319.25507884|34385231|2||2||1|1|2|2|2|2|2|2|2||1||99
3438524|1|1|1|277.13341964|34385241|2||2||1|1|2|1|2|2|2|2|2||3||3000000
3438525|1|1|1|292.3917937|34385251|2||2||1|1|2|2|2|2|2|2|2||1||12000000
3438526|1|1|1|249.53273099|34385261|2||2||1|1|2|2|2|2|2|2|2||1||2800000
3438527|1|1|1|297.9008567|34385271|2||2||1|2|2|1|2|2|2|2|1||3||4500000
3438528|1|1|1|335.45377018|34385281|2||2||1|1|2|2|2|2|2|2|2||1||4000000
3438531|1|1|1|411.70307945|34385311|2||2||1|2|2|2|2|2|2|2|1||8||500000
3438532|1|1|1|468.70153739|34385321|1|1|2||2|1|2|2|2|2|2|1|2||1||5000000
3438533|1|1|1|555.28821838|34385331|2||2||1|1|2|2|2|2|2|2|2||1||20000000
3438534|1|1|1|320.31197295|34385341|2||2||1|1|2|2|2|2|2|2|2||1||1300000
3438535|1|1|1|521.75855777|34385351|2||2||1|1|2|1|1|2|2|2|2||1||9000000
3438536|1|1|1|542.58563138|34385361|2||2||2|1|2|2|2|2|2|2|2||1||4000000
3438537|1|1|1|551.18706384|34385371|2||2||1|1|2|2|2|2|2|2|2||1||12000000
3438538|1|1|1|484.53802382|34385381|2||2||2|1|2|2|2|2|2|2|2||1||7000000
3438539|1|1|1|481.13206198|34385391|2||2||1|1|2|2|2|2|2|2|2||1||99
3438542|1|1|1|338.28234317|34385421|2||2||2|1|2|2|2|2|2|2|2||1||1300000
3438543|1|1|1|296.4262172|34385431|2||2||1|1|2|2|2|2|2|2|2||1||300000
3438544|1|1|1|310.21893142|34385441|2||2||1|1|2|2|1|2|2|2|2||1||1200000
3438545|1|1|1|366.95522973|34385451|2||2||1|1|2|2|2|2|2|2|2||1||3000000
3438547|1|1|1|323.55292397|34385471|2||2||1|1|2|2|2|2|2|2|1||1||600000
3438548|1|1|1|357.31681611|34385481|2||2||1|1|2|2|2|2|2|2|2||1||600000
3438549|1|1|1|316.98815419|34385491|2||2||1|1|2|2|2|2|2|2|2||1||400000
3438550|1|1|1|317.76091381|34385501|2||2||1|1|2|2|2|2|2|2|1||1||300000
3438551|1|1|1|437.01679162|34385511|2||2||1|1|2|2|2|2|2|2|2||1||1300000
3438554|1|1|1|375.29216959|34385541|2||2||1|1|2|2|2|2|2|2|2||1||6000000
3438555|1|1|1|400.47002673|34385551|2||2||2|1|2|2|2|2|2|2|2||1||2000000
3438556|1|1|1|343.49052469|34385561|2||2||1|1|2|2|2|2|2|2|2||1||1600000
3438557|1|1|1|328.09107617|34385571|2||2||1|2|2|1|2|2|2|1|2||3||4000000
3438558|1|1|1|249.45194241|34385581|2||2||1|2|2|1|2|2|2|2|2||3||1400000
3438559|1|1|1|304.17030149|34385591|2||2||1|1|2|2|2|2|2|2|2||1||3150000
3438564|1|1|1|391.07610192|34385641|2||2||1|1|2|2|2|2|2|2|2||1||1300000
3438565|1|1|1|403.22077797|34385651|2||2||1|1|2|2|2|2|2|2|2||1||1300000
3438566|1|1|1|418.30748452|34385661|2||2||1|1|2|2|1|2|2|2|1||1||500000
3438567|1|1|1|433.01885578|34385671|2||2||1|1|2|2|2|2|2|2|2||1||400000
3438568|1|1|1|434.95158052|34385681|2||2||1|1|2|2|2|2|2|2|2||1||300000
3438569|1|1|1|367.72951716|34385691|2||2||1|1|2|2|2|2|2|2|1||1||560000
3438570|1|1|1|312.66616088|34385701|2||2||2|1|2|2|2|2|2|2|2||1||1300000
3438571|1|1|1|501.8414572|34385711|2||2||1|1|1|2|2|2|2|2|2||1||500000
3438572|1|1|1|436.23523715|34385721|2||2||1|1|2|2|2|2|2|2|2||1||600000
3438572|1|2|2|436.23523715|34385722|2||2||2|1|2|2|2|2|2|2|2||1||1300000
3438575|1|1|1|471.08617546|34385751|2||2||1|1|2|2|2|2|2|2|2||1||1000000
3438576|1|1|1|276.27395243|34385761|2||2||2|1|2|2|2|2|2|2|2||1||1300000
3438577|1|1|1|285.89419828|34385771|2||2||1|1|2|2|2|2|2|2|2||1||800000
3438578|1|1|1|329.64895314|34385781|2||2||1|1|2|2|2|2|2|2|2||1||1000000
3438579|1|1|1|325.15725688|34385791|2||2||1|1|2|2|2|2|2|2|2||1||600000
3438580|1|1|1|265.40869864|34385801|2||2||1|1|2|2|2|2|2|2|2||1||1800000
3438581|1|1|1|348.46026338|34385811|2||2||1|1|2|2|2|2|2|2|2||1||800000
3438582|1|1|1|286.78914141|34385821|2||2||1|2|2|2|2|2|2|2|2|1||600000|
3438583|1|1|1|287.10392567|34385831|2||2||1|1|1|2|1|2|2|2|2||1||1500000
3438584|1|1|1|317.54716091|34385841|2||2||1|1|2|2|2|2|2|2|1||8||400000
3438585|1|1|1|303.77681411|34385851|2||2||2|1|1|2|2|2|2|2|2||1||2800000
3438586|1|1|1|275.86077968|34385861|2||2||1|1|2|2|2|2|2|2|2||1||1300000
3438587|1|1|1|314.95007444|34385871|2||2||2|1|2|2|2|2|2|2|2||1||1500000
3438588|1|1|1|246.0771069|34385881|2||2||1|1|2|2|2|2|2|2|2||1||700000
3438589|1|1|1|196.57762921|34385891|2||2||1|1|2|2|1|2|2|2|1||4||1400000
3438590|1|1|1|268.52287404|34385901|2||2||2|1|2|2|2|2|2|2|2||1||1300000
3438591|1|1|1|266.19900966|34385911|2||2||2|1|2|2|2|2|2|2|2||1||400000
3438592|1|1|1|310.76450882|34385921|2||2||2|1|2|2|2|2|2|2|2||1||1300000
3438593|1|1|1|345.96985384|34385931|2||2||2|1|2|2|2|2|2|2|2||1||1500000
3438594|1|1|1|270.80213785|34385941|2||2||1|1|2|2|2|2|2|1|2||1||1300000
3438597|1|1|1|295.21400329|34385971|2||2||1|1|2|2|2|2|2|2|2||1||800000
3438598|1|1|1|295.85911758|34385981|2||1|1|1|2|2|2|2|2|2|2|1||8||1500000
3438599|1|1|1|290.72965056|34385991|2||2||2|1|2|2|2|2|2|2|2||1||1300000
3438600|1|1|1|348.57213524|34386001|2||2||1|1|2|2|2|2|2|2|2||1||1500000
3438601|1|1|1|298.93779879|34386011|2||2||1|1|2|2|1|2|2|2|1||1||1000000
3438602|1|1|1|346.19864475|34386021|2||1|1|1|1|2|2|2|2|2|2|2||1||1800000
3438604|1|1|1|326.80217925|34386041|2||1|1|1|1|2|2|2|2|2|2|2||1||1300000
3438608|1|1|1|355.54911336|34386081|2||2||1|1|2|2|2|2|2|2|2||1||1300000
3438609|1|1|1|382.49998928|34386091|2||2||1|1|2|2|1|2|2|2|2||1||800000
3438610|1|1|1|418.6175717|34386101|2||2||1|1|2|2|2|2|2|2|2||1||1300000
3438611|1|1|1|267.86083655|34386111|2||1|2|1|1|2|2|2|2|2|2|1||1||400000
3438612|1|1|1|326.40158313|34386121|2||2||2|1|2|2|2|2|2|2|1||1||300000
3438613|1|1|1|386.84667804|34386131|2||2||1|1|2|2|1|2|2|2|2||1||800000
3438614|1|1|1|431.20757841|34386141|2||2||2|1|2|2|2|2|2|2|2||1||1000000
3438615|1|1|1|310.71693952|34386151|2||2||1|1|2|2|2|2|2|2|2||1||400000
3438616|1|1|1|426.22467833|34386161|2||2||1|1|2|2|2|2|2|2|2||1||800000
3438617|1|1|1|349.06066139|34386171|2||2||1|1|2|2|2|2|2|2|2||1||1300000
3438618|1|1|1|257.56684363|34386181|2||2||1|1|2|2|1|2|2|2|2||1||900000
3438619|1|1|1|247.34676797|34386191|2||2||1|1|2|2|2|2|2|2|2||1||1300000
3438620|1|1|1|207.12958501|34386201|2||2||1|2|2|2|2|2|2|2|1||8||600000
3438622|1|1|1|234.87691209|34386221|2||2||1|1|2|2|2|2|2|2|2||1||850000
3438623|1|1|1|324.23192605|34386231|2||2||1|1|2|2|2|2|2|2|2||1||1900000
3438624|1|1|1|297.78402659|34386241|2||2||1|1|2|2|2|2|2|2|2||1||1500000
3438625|1|1|1|286.19069893|34386251|2||2||1|2|1|2|2|2|2|1|1||7||700000
3438626|1|1|1|190.47817926|34386261|2||2||1|1|1|2|2|2|2|2|1||1||850000
3438627|1|1|1|157.41463789|34386271|2||2||1|1|2|2|2|2|2|2|2||1||1500000
3438628|1|1|1|374.66918467|34386281|2||2||1|1|2|2|2|2|2|2|2||1||1800000
3438629|1|1|1|202.68989893|34386291|2||2||1|1|2|2|2|2|2|2|2||1||800000
3438630|1|1|1|236.84510925|34386301|2||2||1|1|2|2|2|2|2|2|2||1||2600000
3438631|1|1|1|361.30215063|34386311|2||2||1|1|2|2|2|2|2|2|2||1||1200000
3438632|1|1|1|375.504437|34386321|2||2||1|1|1|2|2|2|2|2|2||1||700000
3438633|1|1|1|330.84756796|34386331|2||2||1|1|1|2|2|2|2|2|2||1||800000
3438634|1|1|1|430.88683288|34386341|2||1|1|1|1|2|2|2|2|2|2|2||1||1900000
3438635|1|1|1|295.69965255|34386351|2||2||2|1|2|2|2|2|2|2|2||1||3500000
3438636|1|1|1|396.28346517|34386361|2||2||1|1|2|2|2|2|2|2|2||1||2500000
3438637|1|1|1|247.7320987|34386371|2||2||1|1|2|2|2|2|2|2|2||1||4000000
3438638|1|1|1|353.78239565|34386381|2||2||1|1|2|2|2|2|2|2|2||1||2000000
3438639|1|1|1|357.34519086|34386391|2||2||1|1|2|2|2|2|2|2|2||1||2000000
3438640|1|1|1|404.36924973|34386401|2||2||1|1|2|2|2|2|2|2|2||1||1800000
3438641|1|1|1|199.0694022|34386411|2||2||1|2|2|1|2|2|2|2|2||3||2800000
3438643|1|1|1|292.13685734|34386431|2||2||1|1|2|2|2|2|2|2|2||1||2800000
3438644|1|1|1|295.69965255|34386441|2||2||1|1|2|2|2|2|2|2|2||1||1500000
3438647|1|1|1|128.69133072|34386471|2||2||1|1|2|2|2|2|2|2|2||1||3500000
3438648|1|1|1|158.45675861|34386481|2||2||1|1|2|2|2|2|2|2|2||1||2000000
3438649|1|1|1|187.65147124|34386491|2||2||1|2|2|2|2|2|2|2|1||8||1000000
3438652|1|1|1|226.44381107|34386521|2||2||1|1|2|2|2|2|2|2|2||1||2400000
3438653|1|1|1|219.5476512|34386531|2||2||1|1|2|1|2|2|2|2|2||3||3800000
3438654|1|1|1|216.59108544|34386541|2||2||1|1|2|2|2|2|2|2|2||1||2800000
3438655|1|1|1|160.1500436|34386551|2||2||1|1|2|2|2|2|2|2|2||1||2500000
3438656|1|1|1|144.03681157|34386561|2||2||1|1|2|2|2|2|2|2|2||1||2900000
3438657|1|1|1|191.15937134|34386571|2||2||1|2|2|2|2|2|2|2|1||8||2000000
3438658|1|1|1|163.20096979|34386581|2||2||1|1|2|2|2|2|2|2|2||1||6500000
3438659|1|1|1|164.89784531|34386591|2||2||1|1|2|2|2|2|2|2|2||1||3000000
3438660|1|1|1|108.58331029|34386601|2||2||2|1|2|1|2|2|2|2|2||3||14000000
3438662|1|1|1|138.08639001|34386621|2||2||2|1|2|1|2|2|2|2|2||1||9000000
3438663|1|1|1|161.29071957|34386631|2||2||2|2|2|1|2|2|2|2|2||3||13000000
3438664|1|1|1|238.27742255|34386641|2||2||1|1|2|1|2|2|2|2|2||1||9000000
3438665|1|1|1|241.43870193|34386651|2||2||2|1|2|2|2|2|2|2|2||1||9000000
3438666|1|1|1|186.38337134|34386661|2||2||1|1|2|2|2|2|2|2|2||1||4000000
3438667|1|1|1|224.41863837|34386671|2||2||1|2|2|1|2|2|2|1|2||3||8000000
3438668|1|1|1|209.68452177|34386681|2||2||1|1|2|2|2|2|2|1|2||1||12000000
3438669|1|1|1|373.88514057|34386691|2||2||2|1|2|2|2|2|2|1|2||1||39000000
3438671|1|1|1|392.06083312|34386711|2||2||1|1|2|2|2|2|2|2|2||1||8000000
3438672|1|1|1|255.97105187|34386721|2||2||1|1|2|2|2|2|2|2|2||1||5000000
3438673|1|1|1|222.95888883|34386731|2||1|1|1|1|2|2|2|2|2|2|2||1||18000000
3438674|1|1|1|333.9208578|34386741|2||2||1|1|2|2|2|2|2|2|2||1||15000000
3438676|1|1|1|307.48715923|34386761|2||2||1|1|2|2|2|2|2|1|2||1||38000000
3438677|1|1|1|432.07051937|34386771|2||2||2|1|2|2|2|2|2|1|2||1||25000000
3438679|1|1|1|220.43065008|34386791|2||2||1|2|2|1|2|2|2|2|2||3||3200000
3438680|1|1|1|273.40681339|34386801|2||2||1|1|2|2|2|2|2|2|2||1||2800000
3438681|1|1|1|288.4238205|34386811|2||2||1|1|2|1|2|2|2|2|2||3||2800000
3438682|1|1|1|198.05934612|34386821|2||2||1|1|1|2|2|2|2|2|2||1||1900000
3438683|1|1|1|225.36038859|34386831|2||2||1|1|2|2|2|2|2|2|2||1||4500000
3438684|1|1|1|261.11801965|34386841|2||2||1|2|2|1|2|2|2|2|1||3||1600000
3438685|1|1|1|193.54886349|34386851|2||2||1|2|2|1|2|2|2|2|2||3||7000000
3438686|1|1|1|259.38554084|34386861|2||2||1|1|2|2|2|2|2|2|2||1||1200000
3438687|1|1|1|189.99711463|34386871|2||2||1|2|2|1|2|2|2|2|2||3||1300000
3438688|1|1|1|197.10061235|34386881|2||2||1|1|2|1|2|2|2|2|2||3||2000000
3438689|1|1|1|154.59341897|34386891|2||2||1|2|2|1|2|2|2|2|2||3||3000000
3438690|1|1|1|159.60133173|34386901|2||2||1|1|1|2|1|2|2|2|2||1||1800000
3438691|1|1|1|197.87741437|34386911|2||2||1|1|2|2|2|2|2|2|2||1||1300000
3438692|1|1|1|124.65263853|34386921|2||2||1|1|2|2|2|2|2|2|2||1||1600000
3438693|1|1|1|227.21179447|34386931|2||2||1|1|2|2|2|2|2|2|2||1||1300000
3438694|1|1|1|193.54886349|34386941|2||2||1|1|2|2|2|2|2|2|2||1||3000000
3438695|1|1|1|130.29997235|34386951|2||2||1|1|2|2|2|2|2|2|2||1||3000000
3438696|1|1|1|226.51057189|34386961|2||2||1|1|2|2|2|2|2|2|2||1||1500000
3438697|1|1|1|195.84472913|34386971|2||2||1|1|2|2|2|2|2|2|2||1||1300000
3438698|1|1|1|224.8015108|34386981|2||2||1|1|2|2|2|2|2|2|2||1||900000
3438699|1|1|1|95.061167618|34386991|2||2||1|1|2|2|2|2|2|2|2||1||1400000
3438700|1|1|1|194.53915563|34387001|2||2||1|1|2|2|2|2|2|2|2||1||1400000
3438701|1|1|1|256.29261015|34387011|2||2||1|1|1|2|2|2|2|2|2||1||1500000
3438702|1|1|1|289.45832372|34387021|2||2||1|1|2|2|2|2|2|2|2||1||3000000
3438703|1|1|1|289.45832372|34387031|2||2||1|1|2|2|2|2|2|2|2||1||1500000
3438704|1|1|1|289.82768116|34387041|2||2||1|1|2|2|2|2|2|2|2||1||1600000
3438705|1|1|1|150.10957649|34387051|2||2||1|1|2|2|2|2|2|2|2||1||2000000
3438706|1|1|1|374.66918467|34387061|2||2||1|1|2|2|2|2|2|2|2||1||1000000
3438707|1|1|1|297.78402659|34387071|2||2||1|1|2|2|2|2|2|2|2||1||1800000
3438708|1|1|1|326.40788189|34387081|2||2||1|1|2|2|2|2|2|2|2||1||1600000
3438710|1|1|1|247.34676797|34387101|2||2||1|1|2|2|2|2|2|2|2||1||1300000
3438711|1|1|1|247.34676797|34387111|2||2||1|1|2|2|2|2|2|2|2||1||2800000
3438712|1|1|1|140.87550643|34387121|2||2||1|1|2|2|2|2|2|2|2||1||900000
3438713|1|1|1|234.87691209|34387131|2||2||1|1|2|2|1|2|2|2|2||1||1500000
3438714|1|1|1|194.36419606|34387141|2||2||1|1|2|2|1|2|2|2|2||1||1400000
3438715|1|1|1|311.72079427|34387151|2||2||1|1|2|2|2|2|2|2|2||1||1400000
3438716|1|1|1|279.53378112|34387161|2||2||1|1|2|2|2|2|2|2|2||1||1700000
3438717|1|1|1|324.23192605|34387171|2||2||2|1|2|2|2|2|2|2|2||1||1400000
3438719|1|1|1|278.26724552|34387191|2||2||1|1|2|2|2|2|2|2|2||1||1500000
3438721|1|1|1|286.19069893|34387211|2||2||1|1|2|2|2|2|2|2|2||1||600000
3438723|1|1|1|202.68989893|34387231|2||2||1|2|2|2|2|2|2|1|2||7||800000
3438724|1|1|1|140.87550643|34387241|2||2||1|1|2|2|2|2|2|2|2||1||4000000
3438725|1|1|1|275.35223125|34387251|2||2||2|1|2|2|2|2|2|2|2||1||1800000
3438726|1|1|1|258.73822237|34387261|2||2||1|1|2|2|2|2|2|2|2||1||900000
3438727|1|1|1|289.45832372|34387271|2||2||1|1|2|2|2|2|2|2|2||1||2500000
3438728|1|1|1|267.36333734|34387281|2||2||1|1|2|2|2|2|2|2|2||1||1800000
3438729|1|1|1|326.40788189|34387291|2||2||1|1|2|2|2|2|2|2|1||1||700000
3438730|1|1|1|323.8625686|34387301|2||2||1|1|2|2|2|2|2|2|2||1||1900000
3438731|1|1|1|235.27916155|34387311|2||2||1|1|1|2|2|2|2|2|2||1||1300000
3438732|1|1|1|350.26919217|34387321|2||2||1|1|1|2|2|2|2|2|2||1||800000
3438734|1|1|1|186.03849319|34387341|2||2||1|1|2|2|1|2|2|2|2||1||2500000
3438735|1|1|1|293.89800979|34387351|2||2||1|1|2|2|2|2|2|2|2||1||4500000
3438736|1|1|1|326.40788189|34387361|2||2||1|1|2|2|2|2|2|2|2||1||3000000
3438737|1|1|1|318.08217901|34387371|2||2||1|1|2|2|2|2|2|2|2||1||2800000
3438738|1|1|1|243.46075117|34387381|2||2||1|1|2|2|2|2|2|2|2||1||2500000
3438739|1|1|1|241.93607936|34387391|2||2||1|1|2|2|2|2|2|2|2||1||2500000
3438740|1|1|1|252.18870351|34387401|2||2||1|1|2|1|2|2|2|2|2||1||8000000
3438743|1|1|1|279.53378112|34387431|2||2||1|1|2|2|2|2|2|2|2||1||5600000
3438745|1|1|1|230.69536222|34387451|2||2||1|1|2|2|2|2|2|2|2||1||3000000
3438746|1|1|1|214.36719891|34387461|2||2||1|1|2|2|2|2|2|2|2||1||2800000
3438747|1|1|1|207.15158975|34387471|2||2||1|1|2|2|2|2|2|2|2||1||4000000
3438748|1|1|1|179.86092321|34387481|2||2||1|1|2|2|2|2|2|2|2||1||3000000
3438749|1|1|1|250.86388055|34387491|2||2||1|1|2|2|2|2|2|2|2||1||4200000
3438750|1|1|1|303.60240565|34387501|2||2||1|1|2|2|2|2|2|2|2||1||1300000
3438751|1|1|1|284.52862072|34387511|2||2||1|2|2|2|1|2|2|2|2||4||1400000
3438752|1|1|1|356.45643271|34387521|2||2||1|1|2|2|2|2|2|2|2||1||3900000
3438753|1|1|1|248.03193907|34387531|2||2||1|1|2|2|2|2|2|2|2||1||1300000
3438754|1|1|1|214.36719891|34387541|2||2||1|1|2|2|2|2|2|2|2||1||3500000
3438755|1|1|1|284.8487305|34387551|2||2||1|1|2|2|2|2|2|2|2||1||1300000
3438757|1|1|1|240.81632991|34387571|2||2||1|1|2|2|2|2|2|2|1||1||1700000
3438758|1|1|1|363.41591321|34387581|2||2||1|1|2|2|2|2|2|2|2||1||3000000
3438760|1|1|1|301.03637967|34387601|2||2||1|1|2|2|2|2|2|2|2||1||1000000
3438761|1|1|1|260.546547|34387611|2||2||1|1|2|2|2|2|2|2|2||1||1300000
3438762|1|1|1|302.75820706|34387621|2||2||1|1|2|2|2|2|2|2|2||1||1500000
3438763|1|1|1|277.37967776|34387631|2||2||1|1|2|2|2|2|2|2|1||1||1400000
3438764|1|1|1|396.86708668|34387641|2||2||1|1|2|2|2|2|2|2|2||1||1300000
3438765|1|1|1|294.26553078|34387651|2||2||1|1|2|2|2|2|2|2|2||1||900000
3438766|1|1|1|255.76534661|34387661|2||1|1|1|1|2|2|2|2|2|2|2||1||1300000
3438767|1|1|1|308.983242|34387671|2||2||1|1|2|2|2|2|2|2|2||1||900000
3438768|1|1|1|255.76534661|34387681|2||2||1|1|1|2|2|2|2|2|1||1||800000
3438769|1|1|1|349.17284343|34387691|2||2||1|1|2|2|2|2|2|2|2||1||1200000
3438770|1|1|1|266.37344243|34387701|2||2||1|1|2|2|2|2|2|2|2||1||3000000
3438771|1|1|1|260.546547|34387711|2||2||2|1|2|2|2|2|2|2|2||1||2800000
3438772|1|1|1|264.03010537|34387721|2||2||1|1|2|2|2|2|2|2|2||1||1900000
3438773|1|1|1|348.22128521|34387731|2||2||2|1|1|2|2|2|2|2|2||1||1400000
3438774|1|1|1|273.42530998|34387741|2||2||1|2|2|2|2|2|2|2|1||8||1200000
3438775|1|1|1|388.99213745|34387751|2||2||1|1|2|2|2|2|2|2|2||1||2900000
3438776|1|1|1|279.53378112|34387761|2||2||1|1|2|2|2|2|2|2|2||1||1400000
3438777|1|1|1|253.12715756|34387771|2||2||1|1|2|2|2|2|2|2|2||1||1300000
3438778|1|1|1|237.49639328|34387781|2||2||1|1|2|2|2|2|2|2|2||1||1200000
3438779|1|1|1|140.87550643|34387791|2||2||1|1|2|2|2|2|2|2|2||1||1500000
3438780|1|1|1|283.67793413|34387801|2||2||2|1|2|2|2|2|2|2|2||1||1900000
3438781|1|1|1|366.74573126|34387811|2||2||2|1|2|2|2|2|2|2|2||1||1500000
3438782|1|1|1|174.4682931|34387821|2||2||2|1|2|2|2|2|2|2|2||1||2900000
3438783|1|1|1|380.40829837|34387831|2||2||1|1|2|2|2|2|2|2|1||1||1200000
3438784|1|1|1|40.198694287|34387841|2||2||1|2|2|2|2|2|2|2|1||8||3900000
3438785|1|1|1|43.523537699|34387851|2||2||1|1|1|2|2|2|2|1|2||1||600000
3438786|1|1|1|48.080048768|34387861|2||2||1|2|2|2|2|2|2|2|1||8||450000
3438787|1|1|1|48.080048768|34387871|2||2||1|2|2|2|2|2|2|2|1||8||500000
3438788|1|1|1|120.92883639|34387881|2||2||1|2|2|2|1|2|2|2|2||4||600000
3438791|1|1|1|30.232209098|34387911|2||2||1|1|2|2|2|2|2|2|2||1||400000
3438792|1|1|1|59.361311878|34387921|2||2||1|1|2|2|2|2|2|2|2||1||400000
3438793|1|1|1|33.545524881|34387931|2||2||1|1|2|2|2|2|2|2|2||1||3000000
3438794|1|1|1|76.779423936|34387941|2||2||1|2|2|2|2|2|2|2|1||8||1300000
3438795|1|1|1|100.44224139|34387951|2||2||1|1|2|2|2|2|2|2|1||1||2000000
3438797|1|1|1|79.272490381|34387971|2||2||1|1|2|2|2|2|2|2|2||1||1500000
3438798|1|1|1|86.602145594|34387981|2||2||1|2|2|2|2|2|2|2|1||8||500000
3438800|1|1|1|102.66227711|34388001|2||1|3|1|1|2|2|2|2|2|2|1||1||1500000
3438801|1|1|1|48.519006492|34388011|2||2||1|1|2|2|2|2|2|2|2||1||1700000
3438802|1|1|1|56.917333205|34388021|2||2||1|2|2|1|2|2|2|2|2||3||3500000
3438803|1|1|1|67.481030302|34388031|2||2||1|1|2|2|2|2|2|2|2||1||2500000
3438804|1|1|1|59.148898016|34388041|2||2||1|1|2|2|2|2|2|2|2||1||800000
3438806|1|1|1|84.693378099|34388061|2||2||1|1|2|2|2|2|2|2|2||1||1300000
3438807|1|1|1|78.88133001|34388071|2||1|3|1|1|2|2|2|2|2|2|2||1||1400000
3438808|1|1|1|85.427137669|34388081|2||2||1|1|2|2|2|2|2|2|2||1||800000
3438809|1|1|1|63.508743935|34388091|2||2||1|1|2|2|2|2|2|2|1||1||1600000
3438810|1|1|1|68.165498323|34388101|2||1|3|1|1|2|2|2|2|2|2|2||1||500000
3438811|1|1|1|65.593755949|34388111|2||2||1|2|2|1|2|2|2|2|2||3||1300000
3438812|1|1|1|87.38264619|34388121|2||2||1|1|2|2|2|2|2|2|1||1||1000000
3438813|1|1|1|81.570598102|34388131|2||2||1|1|2|2|2|2|2|2|1||1||900000
3438816|1|1|1|65.791076975|34388161|2||2||1|1|2|2|2|2|2|2|2||1||5000000
3438817|1|1|1|117.63025392|34388171|2||2||1|1|2|2|2|2|2|2|2||1||3000000
3438818|1|1|1|196.53992995|34388181|2||2||1|1|2|2|2|2|2|2|2||1||2000000
3438819|1|1|1|107.76646|34388191|2||2||1|2|2|1|2|2|2|2|2||3||2000000
3438820|1|1|1|117.63025392|34388201|2||2||1|2|2|1|2|2|2|2|2||3||3000000
3438821|1|1|1|74.964292513|34388211|2||2||1|1|2|2|2|2|2|2|1||1||1300000
3438822|1|1|1|81.606633186|34388221|2||2||1|2|2|2|2|2|2|2|1||8||1700000
3438823|1|1|1|107.76646|34388231|2||2||1|1|2|2|2|2|2|2|1||1||1500000
3438824|1|1|1|117.63025392|34388241|2||2||1|1|1|2|2|2|2|2|2||1||2000000
3438827|1|1|1|63.097456262|34388271|2||2||1|2|2|2|2|2|2|2|1||8||600000
3438828|1|1|1|72.723508867|34388281|2||2||1|1|2|2|1|2|2|2|1||1||1800000
3438829|1|1|1|53.059133924|34388291|2||2||1|1|2|2|2|2|2|2|2||1||400000
3438831|1|1|1|89.107786342|34388311|2||2||1|1|2|1|2|2|2|1|2||1||5000000
3438833|1|1|1|78.940252013|34388331|2||2||1|1|2|2|2|2|2|2|2||1||2000000
3438834|1|1|1|101.62141245|34388341|2||2||1|2|2|2|1|2|2|2|1||8||1800000
3438835|1|1|1|84.02003426|34388351|2||2||1|2|2|2|1|2|2|2|1||8||1000000
3438838|1|1|1|94.807676631|34388381|2||2||1|2|2|2|2|2|2|2|1||8||700000
3438839|1|1|1|75.457744741|34388391|2||2||1|2|1|2|2|2|2|2|1||8||580000
3438840|1|1|1|65.553806087|34388401|2||2||1|1|2|1|2|2|2|2|2||3||4000000
3438841|1|1|1|86.009406099|34388411|2||2||1|2|2|2|2|2|2|2|1||8||400000
3438842|1|1|1|53.724409635|34388421|2||2||1|2|2|1|2|2|2|1|2||3||2500000
3438843|1|1|1|72.47228552|34388431|2||2||1|2|2|2|2|2|2|2|1||8||500000
3438844|1|1|1|65.102480033|34388441|2||2||1|1|2|2|2|2|2|2|2||1||1000000
3438845|1|1|1|58.484753783|34388451|2||2||1|1|2|2|2|2|2|2|1||1||700000
3438846|1|1|1|58.484753783|34388461|2||2||1|2|2|1|2|2|2|2|2||3||800000
3438848|1|1|1|213.34415547|34388481|2||2||1|1|2|2|2|2|2|2|2||1||300000
3438851|1|1|1|104.53763097|34388511|2||2||1|2|2|1|2|2|2|2|2||3||2500000
3438852|1|1|1|93.264723641|34388521|2||2||1|1|2|2|2|2|2|2|1||1||1800000
3438853|1|1|1|103.02867593|34388531|2||2||1|2|2|2|2|2|2|2|1||8||900000
3438854|1|1|1|137.1578569|34388541|2||2||1|2|2|1|2|2|2|2|2||3||2000000
3438855|1|1|1|64.783305209|34388551|2||2||1|1|2|1|1|2|2|1|2||1||3000000
3438857|1|1|1|75.189802257|34388571|2||2||1|1|2|2|2|2|2|2|1||1||1400000
3438858|1|1|1|94.013291217|34388581|2||2||1|1|2|2|2|2|2|2|1||1||1500000
3438859|1|1|1|131.72651917|34388591|2||2||1|2|2|2|2|2|2|2|1||8||980000
3438861|1|1|1|65.988784931|34388611|2||2||1|1|2|2|2|2|2|2|1||1||1000000
3438862|1|1|1|94.813172095|34388621|2||2||1|1|2|2|2|2|2|2|2||1||1300000
3438863|1|1|1|88.261469854|34388631|2||2||1|1|2|2|1|2|2|2|2||1||1600000
3438864|1|1|1|81.988883672|34388641|2||2||1|2|2|2|2|2|2|2|1||8||500000
3438865|1|1|1|106.99032899|34388651|2||2||1|1|2|2|2|2|2|2|1||1||1400000
3438866|1|1|1|48.015861508|34388661|2||2||1|1|2|2|2|2|2|2|2||1||800000
3438867|1|1|1|134.32991147|34388671|2||2||2|1|2|2|2|2|2|2|2||1||600000
3438868|1|1|1|142.68512514|34388681|2||2||1|2|2|2|2|2|2|2|1||8||600000
3438870|1|1|1|53.426127324|34388701|2||2||1|1|2|2|2|2|2|2|2||1||1000000
3438871|1|1|1|137.18442061|34388711|2||2||1|1|2|2|2|2|2|2|2||1||1300000
3438872|1|1|1|86.142768318|34388721|2||2||1|1|2|2|2|2|2|2|1||1||2500000
3438875|1|1|1|80.422959574|34388751|2||2||1|1|2|2|2|2|2|2|1||1||1500000
3438876|1|1|1|135.09000871|34388761|2||1|1|1|2|2|2|2|2|2|2|1||8||700000
3438877|1|1|1|101.2230056|34388771|2||2||1|1|2|2|2|2|2|2|2||1||2500000
3438878|1|1|1|91.801058521|34388781|1|1|2||1|1|2|2|2|2|2|2|2||1||3800000
3438879|1|1|1|77.919252713|34388791|2||2||1|2|2|1|2|2|2|2|2||3||2500000
3438880|1|1|1|104.19756858|34388801|2||2||1|2|2|2|2|2|2|2|1||8||1300000
3438881|1|1|1|77.903426655|34388811|2||2||1|1|2|2|2|2|2|2|1||1||1500000
3438882|1|1|1|124.65935854|34388821|2||2||1|1|2|2|2|2|2|2|2||1||900000
3438883|1|1|1|121.58590929|34388831|2||2||1|1|2|2|2|2|2|2|2||1||1300000
3438885|1|1|1|90.15009144|34388851|2||2||1|1|2|2|2|2|2|2|2||1||3000000
3438886|1|1|1|90.840669814|34388861|2||2||1|1|2|2|2|2|2|2|2||1||2500000
3438887|1|1|1|77.903426655|34388871|2||2||1|1|2|2|2|2|2|2|2||1||2000000
3438889|1|1|1|104.51211511|34388891|2||2||1|1|2|2|2|2|2|2|2||1||3000000
3438892|1|1|1|90.15009144|34388921|2||2||1|2|2|2|2|2|2|2|1||8||2000000
3438893|1|1|1|121.58590929|34388931|2||2||1|2|2|2|2|2|2|2|1||8||1000000
3438894|1|1|1|71.32318367|34388941|2||2||1|2|2|1|2|2|2|2|2||3||3000000
3438895|1|1|1|96.792432113|34388951|2||2||1|2|2|2|2|2|2|2|1||8||2300000
3438896|1|1|1|96.792432113|34388961|2||2||1|2|2|1|2|2|2|2|2||3||3000000
3438897|1|1|1|152.7515713|34388971|2||2||1|1|2|2|2|2|2|2|2||1||2000000
3438898|1|1|1|75.520555781|34388981|2||2||1|1|2|2|2|2|2|2|1||1||2200000
3438899|1|1|1|101.12411933|34388991|2||2||1|1|2|2|2|2|2|1|2||1||3000000
3438900|1|1|1|96.792432113|34389001|2||2||1|1|2|2|2|2|2|2|1||1||800000
3438901|1|1|1|120.47567531|34389011|2||2||1|1|2|2|1|2|2|2|2||1||1500000
3438902|1|1|1|120.04311656|34389021|2||2||1|1|2|2|2|2|2|2|1||1||1500000
3438903|1|1|1|151.26804699|34389031|2||2||1|2|2|2|2|2|2|2|1||8||800000
3438904|1|1|1|101.43866586|34389041|2||2||1|1|2|2|2|2|2|2|2||1||700000
3438905|1|1|1|129.8769187|34389051|2||2||1|2|1|2|2|2|2|2|1||8||480000
3438906|1|1|1|164.47270447|34389061|2||2||1|1|2|2|2|2|2|2|1||1||1700000
3438907|1|1|1|80.976875902|34389071|2||2||1|1|2|2|2|2|2|2|2||1||600000
3438908|1|1|1|121.16625368|34389081|2||2||1|1|2|2|2|2|2|2|2||1||900000
3438909|1|1|1|101.12411933|34389091|2||2||1|2|2|2|2|2|2|2|1||8||700000
3438912|1|1|1|168.44771718|34389121|2||2||1|1|2|2|2|2|2|2|1||1||1200000
3438913|1|1|1|162.61536522|34389131|2||2||1|1|2|2|2|2|2|2|1||1||1800000
3438914|1|1|1|124.23970293|34389141|2||2||1|1|2|2|2|2|2|2|2||1||800000
3438915|1|1|1|120.01312479|34389151|2||2||1|2|2|2|2|2|2|2|1||8||500000
3438916|1|1|1|147.42956629|34389161|1|1|2||1|1|1|2|2|2|2|2|2||1||900000
3438917|1|1|1|175.23806184|34389171|2||2||1|2|2|2|2|2|2|2|1||8||950000
3438918|1|1|1|155.09081842|34389181|2||2||1|1|2|2|2|2|2|2|2||1||1000000
3438919|1|1|1|90.15009144|34389191|2||2||1|1|2|2|2|2|2|2|2||1||1400000
3438920|1|1|1|98.365216613|34389201|2||2||2|1|2|2|2|2|2|2|2||1||700000
3438922|1|1|1|90.15009144|34389221|2||2||1|1|2|1|2|2|2|2|1||1||2000000
3438923|1|1|1|107.76646|34389231|2||1|2|1|2|2|2|2|2|2|2|1||8||600000
3438924|1|1|1|93.223540688|34389241|2||2||1|1|2|2|2|2|2|2|2||1||1000000
3438925|1|1|1|84.050325149|34389251|2||2||1|1|2|2|2|2|2|2|1||1||800000
3438926|1|1|1|65.791076975|34389261|2||2||1|1|2|2|2|2|2|2|2||1||1300000
3438927|1|1|1|94.543876346|34389271|2||2||1|1|2|2|2|2|2|2|1||1||1600000
3438928|1|1|1|85.370660807|34389281|2||2||1|1|2|2|2|2|2|2|2||1||1600000
3438929|1|1|1|101.12411933|34389291|2||2||1|1|2|2|2|2|2|2|1||1||1800000
3438930|1|1|1|62.717627728|34389301|2||2||1|1|2|2|2|2|2|2|2||1||1500000
3438931|1|1|1|129.8769187|34389311|2||2||1|1|2|2|2|2|2|2|1||1||1500000
3438934|1|1|1|107.78659594|34389341|2||2||1|1|2|2|2|2|2|2|2||1||1300000
3438935|1|1|1|136.84642937|34389351|2||2||1|1|2|2|2|2|2|2|1||1||1500000
3438936|1|1|1|93.255261257|34389361|2||2||1|1|2|2|2|2|2|2|1||1||1300000
3438939|1|1|1|101.75335185|34389391|2||2||1|1|2|2|2|2|2|2|2||1||700000
3438940|1|1|1|178.03112389|34389401|2||2||1|1|2|2|2|2|2|2|2||1||98
3438942|1|1|1|192.49646807|34389421|2||2||1|1|1|2|2|2|2|2|2||1||900000
3438943|1|1|1|148.20781002|34389431|2||2||1|1|2|2|2|2|2|2|2||1||1500000
3438944|1|1|1|129.60228717|34389441|2||2||1|2|2|1|2|2|2|2|2||3||1300000
3438945|1|1|1|330.88061369|34389451|2||2||1|1|2|2|2|2|2|2|2||1||1700000
3438946|1|1|1|205.16424289|34389461|2||2||1|1|1|2|1|2|2|2|1||1||1500000
3438947|1|1|1|321.12100614|34389471|2||2||1|2|2|1|2|2|2|2|2||3||1800000
3438948|1|1|1|373.36458691|34389481|2||2||1|1|2|2|2|2|2|2|2||1||2000000
3438949|1|1|1|301.94757513|34389491|2||2||1|1|2|2|2|2|2|2|2||1||2600000
3438951|1|1|1|381.44923069|34389511|2||2||1|1|2|2|2|2|1|2|2||1||1800000
3438952|1|1|1|658.32388246|34389521|2||2||1|1|2|2|2|2|2|2|2||1||2500000
3438953|1|1|1|286.27555315|34389531|2||2||1|1|2|2|2|2|2|2|2||1||1600000
3438954|1|1|1|301.7564839|34389541|2||2||1|1|2|2|2|2|2|2|2||1||2600000
3438955|1|1|1|349.19360858|34389551|2||2||1|1|2|2|2|2|2|2|2||1||5000000
3438956|1|1|1|333.19441317|34389561|2||2||1|1|2|2|2|2|2|2|2||1||3000000
3438957|1|1|1|285.91899855|34389571|2||2||1|1|2|2|2|2|2|2|2||1||2400000
3438959|1|1|1|441.61664358|34389591|2||2||1|1|2|2|2|2|2|2|2||1||2500000
3438964|1|1|1|368.65568138|34389641|2||2||1|1|2|2|2|2|2|2|2||1||2600000
3438965|1|1|1|187.31999156|34389651|2||2||1|1|2|2|2|2|2|2|2||1||1800000
3438966|1|1|1|438.12040915|34389661|2||2||1|1|2|2|2|2|2|2|2||1||1800000
3438967|1|1|1|192.37069358|34389671|2||1|4|1|1|2|2|2|2|2|2|1||8||1800000
3438968|1|1|1|179.89747009|34389681|2||2||1|1|2|2|2|2|2|2|2||1||1600000
3438969|1|1|1|204.81451223|34389691|2||2||1|1|2|2|2|2|2|2|2||1||1300000
3438970|1|1|1|343.82934233|34389701|2||2||1|1|2|2|2|2|2|2|2||1||1200000
3438971|1|1|1|276.77150541|34389711|2||2||1|1|1|2|2|2|2|2|1||1||1100000
3438972|1|1|1|348.88004435|34389721|2||2||1|1|2|2|2|2|2|2|2||1||1200000
3438973|1|1|1|179.89747009|34389731|2||2||1|2|2|1|2|2|2|2|2||3||1300000
3438974|1|1|1|215.1104676|34389741|1|1|2||1|1|2|2|2|2|2|1|2||1||18000000
3438975|1|1|1|204.81451223|34389751|2||2||1|2|2|2|2|2|2|1|2||7||3000000
3438976|1|1|1|192.49646807|34389761|2||2||1|2|2|1|2|2|2|2|2||3||3000000
3438977|1|1|1|192.49646807|34389771|2||2||1|1|2|2|2|2|2|2|2||1||4000000
3438978|1|1|1|192.49646807|34389781|2||2||1|1|2|2|2|2|2|2|2||1||2500000
3438979|1|1|1|343.47961167|34389791|2||2||1|1|2|2|2|2|2|2|2||1||2600000
3438980|1|1|1|129.60228717|34389801|2||2||1|1|2|2|2|2|2|2|2||1||6000000
3438981|1|1|1|179.89747009|34389811|2||2||1|1|2|2|2|2|2|2|2||1||3800000
3438982|1|1|1|289.08954957|34389821|2||2||1|1|2|2|2|2|2|2|2||1||5000000
3438983|1|1|1|192.49646807|34389831|2||2||1|2|2|1|2|2|2|2|2||3||3000000
3438984|1|1|1|276.562962|34389841|2||2||1|1|2|1|2|2|2|2|2||1||7000000
3438985|1|1|1|246.60557635|34389851|2||1|1|1|1|2|1|2|2|2|2|2||3||4000000
3438986|1|1|1|129.60228717|34389861|2||2||1|1|2|2|2|2|2|2|2||1||6000000
3438987|1|1|1|276.77150541|34389871|2||2||1|1|2|2|2|2|2|2|2||1||4000000
3438988|1|1|1|289.43928023|34389881|2||2||1|1|2|2|2|2|2|2|2||1||2650000
3438989|1|1|1|266.73094404|34389891|2||2||1|1|2|2|2|2|2|2|2||1||5000000
3438990|1|1|1|267.01189786|34389901|2||2||1|1|2|1|2|2|2|2|2||3||1800000
3438991|1|1|1|222.65876356|34389911|2||2||1|1|2|2|2|2|2|2|2||1||1300000
3438992|1|1|1|353.84537181|34389921|2||2||1|1|2|2|2|2|2|2|2||1||2500000
3438993|1|1|1|289.08954957|34389931|2||2||1|1|2|2|2|2|2|2|2||1||4000000
3438994|1|1|1|294.1402516|34389941|1|1|2||1|1|2|2|2|2|2|2|2||1||8000000
3438995|1|1|1|381.44923069|34389951|2||2||1|1|2|2|2|2|2|2|2||1||3000000
3438996|1|1|1|129.60228717|34389961|2||2||1|1|2|1|2|2|2|2|2||1||5000000
3438997|1|1|1|276.77150541|34389971|2||2||1|1|2|2|2|2|2|2|1||1||3000000
3438998|1|1|1|200.3037916|34389981|2||2||1|2|2|1|2|2|2|2|2||3||5000000
3438999|1|1|1|179.89747009|34389991|2||2||1|1|2|2|2|2|2|2|2||1||4500000
3439000|1|1|1|179.89747009|34390001|2||2||1|1|2|1|2|2|2|2|2||1||12000000
3439002|1|1|1|204.81451223|34390021|2||2||1|1|2|2|2|2|2|2|2||1||6000000
3439003|1|1|1|129.60228717|34390031|2||2||1|2|2|1|2|2|2|2|2||3||2500000
3439004|1|1|1|294.89307699|34390041|2||1|3|1|1|2|2|2|2|2|2|1||1||2600000
3439005|1|1|1|279.40235243|34390051|2||2||1|1|2|2|2|2|2|2|2||1||4000000
3439007|1|1|1|284.85614919|34390071|2||2||1|1|2|2|2|2|2|2|1||1||1000000
3439008|1|1|1|192.49646807|34390081|2||2||1|1|2|2|2|2|2|2|2||1||1200000
3439009|1|1|1|276.64573092|34390091|2||2||1|1|2|2|2|2|2|2|2||1||1800000
3439010|1|1|1|259.55430499|34390101|2||2||1|1|2|2|2|2|2|2|2||1||1600000
3439011|1|1|1|363.60497936|34390111|2||2||1|1|2|2|2|2|2|2|2||1||1200000
3439012|1|1|1|179.89747009|34390121|2||2||1|2|2|1|2|2|2|2|2||3||2000000
3439013|1|1|1|236.9183792|34390131|2||2||1|2|2|1|2|2|2|2|1||3||1400000
3439014|1|1|1|333.72000412|34390141|2||2||1|1|2|2|2|2|2|2|2||1||1600000
3439015|1|1|1|227.70946559|34390151|2||2||1|1|2|2|1|2|2|2|2||1||2000000
3439017|1|1|1|334.06973477|34390171|2||2||1|1|2|2|2|2|2|2|2||1||800000
3439018|1|1|1|324.77805223|34390181|2||2||1|1|2|2|2|2|2|2|2||1||1300000
3439019|1|1|1|217.2049668|34390191|2||2||1|1|2|2|2|2|2|2|2||1||1600000
3439020|1|1|1|351.56425545|34390201|2||2||1|1|2|2|2|2|2|2|2||1||1500000
3439021|1|1|1|302.22489537|34390211|2||2||1|1|2|2|2|2|2|2|2||1||1300000
3439022|1|1|1|333.72000412|34390221|2||2||1|1|2|2|2|2|2|2|2||1||900000
3439023|1|1|1|279.32994202|34390231|2||2||1|1|2|2|2|2|2|2|2||1||1300000
3439024|1|1|1|240.50301489|34390241|2||2||1|1|2|2|2|2|2|2|2||1||700000
3439025|1|1|1|187.31999156|34390251|2||2||1|1|2|2|1|2|2|2|2||1||600000
3439026|1|1|1|246.60557635|34390261|2||2||1|1|2|2|2|2|2|2|2||1||800000
3439028|1|1|1|214.91591628|34390281|2||2||1|1|2|2|2|2|2|2|2||1||800000
3439029|1|1|1|321.12100614|34390291|2||2||1|1|2|2|2|2|2|2|2||1||500000
3439030|1|1|1|205.16424289|34390301|2||1|2|1|2|2|2|2|2|2|2|1||8||600000
3439031|1|1|1|179.51740127|34390311|2||2||1|1|2|2|2|2|2|2|2||1||2000000
3439032|1|1|1|397.49813066|34390321|2||2||1|1|2|2|2|2|2|2|2||1||6000000
3439033|1|1|1|319.93142319|34390331|2||2||1|1|2|1|2|2|2|2|2||1||6000000
3439034|1|1|1|247.35902137|34390341|2||2||1|1|2|2|2|2|2|2|2||1||1800000
3439035|1|1|1|288.83217767|34390351|2||2||1|1|2|2|2|2|2|2|2||1||5000000
3439036|1|1|1|214.43215379|34390361|2||2||1|1|1|2|2|2|2|2|2||1||1600000
3439037|1|1|1|250.54689749|34390371|2||2||1|1|2|2|2|2|2|2|2||1||2500000
3439038|1|1|1|178.20314485|34390381|2||2||1|1|2|1|2|2|2|2|2||1||6500000
3439039|1|1|1|441.54138344|34390391|2||2||1|1|2|1|2|2|2|2|2||3||4000000
3439040|1|1|1|281.61995432|34390401|2||2||1|1|2|2|2|2|2|2|2||1||1300000
3439041|1|1|1|264.6826436|34390411|2||2||1|1|1|2|2|2|2|2|1||1||800000
3439042|1|1|1|178.37010551|34390421|2||2||1|1|2|2|2|2|2|2|2||1||1300000
3439043|1|1|1|182.5283171|34390431|2||2||1|1|2|2|2|2|2|2|2||1||1600000
3439044|1|1|1|445.3215801|34390441|2||2||1|1|2|2|2|2|2|2|2||1||1800000
3439045|1|1|1|192.49646807|34390451|2||2||1|2|2|2|2|2|2|1|2||7||1500000
3439046|1|1|1|279.32994202|34390461|2||2||1|1|2|2|2|2|2|2|2||1||1800000
3439047|1|1|1|230.46608709|34390471|2||2||1|1|2|2|2|2|2|2|2||1||900000
3439049|1|1|1|329.82875426|34390491|2||2||1|1|2|2|2|2|2|2|2||1||2600000
3439052|1|1|1|129.60228717|34390521|2||2||1|1|2|1|2|2|2|2|2||1||5000000
3439053|1|1|1|192.49646807|34390531|2||2||1|2|2|1|2|2|2|2|2||3||3000000
3439054|1|1|1|192.49646807|34390541|2||2||1|1|2|2|2|2|2|2|2||1||3000000
3439055|1|1|1|301.94757513|34390551|2||2||1|1|2|2|2|2|2|1|2||1||16000000
3439056|1|1|1|294.1402516|34390561|2||2||1|1|2|2|2|2|2|2|2||1||3500000
3439057|1|1|1|179.89747009|34390571|2||2||1|1|2|2|2|2|2|2|2||1||6000000
3439058|1|1|1|215.1104676|34390581|2||2||1|1|2|2|2|2|2|2|2||1||4500000
3439059|1|1|1|306.9338009|34390591|2||2||1|1|2|2|2|2|2|2|2||1||3000000
3439060|1|1|1|381.44923069|34390601|2||2||1|1|2|2|2|2|2|2|2||1||7000000
3439062|1|1|1|210.3407194|34390621|2||2||1|1|2|2|2|2|2|2|2||1||1300000
3439063|1|1|1|246.60557635|34390631|2||2||1|1|2|2|2|2|2|2|2||1||700000
3439064|1|1|1|309.21491726|34390641|2||2||1|1|2|2|2|2|2|2|2||1||1000000
3439065|1|1|1|204.81451223|34390651|2||2||1|2|2|2|2|2|2|2|1||8||600000
3439066|1|1|1|279.32994202|34390661|2||2||1|1|2|2|2|2|2|2|2||1||1000000
3439067|1|1|1|204.81451223|34390671|2||2||1|1|2|2|2|2|2|2|2||1||1300000
3439068|1|1|1|299.19095362|34390681|2||2||1|1|2|2|2|2|1|2|2||1||1200000
3439069|1|1|1|405.90095346|34390691|2||2||1|1|2|2|2|2|2|2|2||1||1500000
3439070|1|1|1|246.60557635|34390701|2||2||1|1|2|2|2|2|2|2|2||1||1300000
3439072|1|1|1|296.8968731|34390721|2||2||1|1|2|2|2|2|2|2|2||1||2500000
3439073|1|1|1|249.23642336|34390731|2||2||1|1|2|2|2|2|2|2|2||1||1300000
3439074|1|1|1|204.81451223|34390741|2||2||1|1|2|1|2|2|2|2|2||3||2500000
3439075|1|1|1|192.49646807|34390751|2||2||1|2|2|2|2|2|2|2|1||8||800000
3439076|1|1|1|289.08954957|34390761|2||2||1|1|2|2|2|2|2|2|2||1||2000000
3439077|1|1|1|289.08954957|34390771|2||2||1|1|2|2|2|2|2|2|2||1||1300000
3439078|1|1|1|222.65876356|34390781|2||2||1|1|2|2|2|2|2|2|2||1||1500000
3439079|1|1|1|192.37069358|34390791|2||2||1|1|2|2|2|2|2|2|2||1||1500000
3439080|1|1|1|179.89747009|34390801|2||2||1|1|2|2|2|2|2|2|2||1||1600000
3439082|1|1|1|267.01189786|34390821|2||2||1|1|2|2|2|2|2|2|2||1||2500000
3439083|1|1|1|179.89747009|34390831|2||2||1|1|2|2|2|2|2|2|2||1||1200000
3439084|1|1|1|306.9338009|34390841|2||2||1|1|2|2|2|2|2|2|2||1||1900000
3439085|1|1|1|363.95471001|34390851|2||2||1|1|2|2|2|2|2|2|2||1||1900000
3439086|1|1|1|205.16424289|34390861|2||2||1|1|2|2|2|2|2|2|2||1||1300000
3439087|1|1|1|129.60228717|34390871|2||2||1|1|2|2|2|2|2|2|2||1||1000000
3439088|1|1|1|269.5005297|34390881|2||2||1|1|2|2|2|2|2|2|2||1||1300000
3439089|1|1|1|246.60557635|34390891|2||2||1|1|2|2|2|2|2|2|2||1||800000
3439090|1|1|1|192.49646807|34390901|2||2||1|1|1|2|2|2|2|2|2||1||1000000
3439091|1|1|1|264.17250743|34390911|2||2||1|1|2|2|2|2|2|2|2||1||1700000
3439092|1|1|1|289.08954957|34390921|2||2||1|1|2|2|2|2|2|2|2||1||1200000
3439093|1|1|1|518.40914867|34390931|2||2||1|1|1|2|2|2|2|2|2||1||2800000
3439094|1|1|1|455.96466048|34390941|2||2||1|1|2|1|2|2|2|2|2||1||2000000
3439095|1|1|1|179.89747009|34390951|2||2||1|1|2|2|2|2|2|2|2||1||1300000
3439096|1|1|1|192.49646807|34390961|2||2||1|1|2|2|2|2|2|2|1||1||1200000
3439097|1|1|1|262.57470697|34390971|2||2||1|1|2|2|2|2|2|2|2||1||800000
3439098|1|1|1|330.21563429|34390981|2||2||1|1|2|2|2|2|2|2|2||1||1200000
3439099|1|1|1|269.23927678|34390991|2||2||1|1|2|2|2|2|2|2|2||1||1000000
3439100|1|1|1|240.62058509|34391001|2||2||1|2|2|2|2|2|2|2|1||8||800000
3439101|1|1|1|166.16241182|34391011|2||1|1|1|1|2|2|2|2|2|2|1||8||1800000
3439102|1|1|1|162.00285896|34391021|2||2||1|1|2|2|1|2|2|2|2||1||1600000
3439103|1|1|1|349.16242753|34391031|2||2||1|1|2|2|2|2|2|2|2||1||2600000
3439104|1|1|1|277.81958603|34391041|2||2||1|1|2|2|2|2|2|2|2||1||1800000
3439105|1|1|1|323.93901281|34391051|2||2||1|1|2|2|2|2|2|2|2||1||1200000
3439106|1|1|1|224.87183761|34391061|2||2||1|1|2|2|2|2|2|2|2||1||2000000
3439107|1|1|1|85.472312812|34391071|2||2||1|1|2|2|2|2|2|2|2||1||800000
3439108|1|1|1|109.07573824|34391081|2||2||1|1|2|2|2|2|2|2|2||1||98
3439109|1|1|1|50.722104216|34391091|2||2||1|1|2|2|2|2|2|2|2||1||98
3439110|1|1|1|83.174850017|34391101|1|1|2||1|1|2|2|2|2|2|2|2||1||9000000
3439111|1|1|1|39.616269461|34391111|2||2||1|1|2|2|2|2|2|2|2||1||1300000
3439112|1|1|1|53.921162797|34391121|2||2||1|1|2|2|2|2|2|2|2||1||1000000
3439113|1|1|1|35.260191973|34391131|2||2||1|2|2|2|2|2|2|2|1||8||1800000
3439114|1|1|1|46.602643597|34391141|2||2||1|1|2|2|2|2|2|2|2||1||1000000
3439115|1|1|1|35.260191973|34391151|2||2||1|1|2|2|2|2|2|1|1||7||1200000
3439116|1|1|1|85.357361939|34391161|2||2||1|1|2|2|2|2|2|2|2||1||3000000
3439120|1|1|1|85.856649491|34391201|2||2||1|1|2|2|2|2|2|2|2||1||1300000
3439121|1|1|1|129.98723749|34391211|2||2||1|1|2|2|2|2|2|2|2||1||700000
3439122|1|1|1|81.693998359|34391221|2||2||1|1|2|2|2|2|2|2|1||8||1300000
3439123|1|1|1|54.996491723|34391231|2||2||1|2|2|1|2|2|2|2|2||3||1464000
3439124|1|1|1|76.40687597|34391241|2||2||1|2|2|1|2|2|2|2|2||3||900000
3439125|1|1|1|125.79134812|34391251|2||2||1|1|2|2|1|2|2|1|2||1||4000000
3439126|1|1|1|85.669300734|34391261|2||2||1|1|2|2|2|2|2|2|2||1||2000000
3439127|1|1|1|105.75318725|34391271|2||2||1|1|2|2|2|2|2|2|2||1||2000000
3439128|1|1|1|58.490857786|34391281|2||2||1|1|2|2|2|2|2|2|2||1||3000000
3439130|1|1|1|141.60933367|34391301|1|1|2||1|1|2|2|2|2|2|2|2||1||10000000
3439131|1|1|1|53.424533293|34391311|2||2||1|1|2|2|2|2|2|2|2||1||6000000
3439132|1|1|1|78.217727275|34391321|2||2||1|1|2|1|2|2|2|2|2||3||6000000
3439133|1|1|1|53.424533293|34391331|2||2||1|1|2|1|2|2|2|2|2||1||6700000
3439134|1|1|1|93.615173403|34391341|2||2||1|1|2|2|2|2|2|2|2||1||98
3439135|1|1|1|102.17617612|34391351|2||2||1|1|2|1|2|2|2|2|2||1||7000000
3439136|1|1|1|141.41994615|34391361|2||2||1|1|2|2|2|2|2|2|2||1||11000000
3439137|1|1|1|54.371403369|34391371|2||2||1|1|2|2|2|2|2|1|2||1||5000000
3439138|1|1|1|102.17617612|34391381|2||2||1|1|2|2|2|2|2|2|2||1||4000000
3439139|1|1|1|88.206092815|34391391|2||2||1|1|2|2|2|2|2|2|2||1||6000000
3439141|1|1|1|94.447699813|34391411|2||2||1|1|2|2|2|2|2|2|2||1||900000
3439142|1|1|1|147.85094067|34391421|2||2||1|1|2|2|2|2|2|2|2||1||2600000
3439143|1|1|1|93.615173403|34391431|2||2||1|1|2|2|2|2|2|2|2||1||3000000
3439144|1|1|1|77.162429945|34391441|2||1|2|1|1|2|2|2|2|2|2|1||8||1800000
3439145|1|1|1|67.197634254|34391451|2||2||1|1|2|2|2|2|2|2|2||1||2300000
3439146|1|1|1|78.217727275|34391461|2||2||1|1|2|2|2|2|2|2|2||1||1800000
3439147|1|1|1|73.249853732|34391471|2||2||1|1|2|2|1|2|2|2|2||1||1800000
3439148|1|1|1|142.53491132|34391481|2||2||1|1|2|2|2|2|2|2|2||1||1300000
3439149|1|1|1|141.41994615|34391491|2||2||1|1|2|2|2|2|2|2|2||1||600000
3439152|1|1|1|93.615173403|34391521|2||2||1|1|2|2|2|2|2|2|2||1||98
3439153|1|1|1|90.85457064|34391531|2||2||1|1|2|2|2|2|2|1|2||1||5000000
3439154|1|1|1|154.65383934|34391541|2||2||1|1|2|2|2|2|2|2|2||1||1300000
3439155|1|1|1|128.18605297|34391551|2||2||2|1|2|2|2|2|2|2|2||1||2000000
3439156|1|1|1|141.41994615|34391561|2||2||2|1|2|2|2|2|2|2|2||1||1400000
3439157|1|1|1|76.730857967|34391571|2||2||2|1|2|1|2|2|2|2|2||3||3000000
3439158|1|1|1|53.424533293|34391581|2||2||1|2|1|2|2|2|2|2|1||8||800000
3439159|1|1|1|141.41994615|34391591|2||2||2|1|2|2|2|2|2|2|2||1||8000000
3439160|1|1|1|93.615173403|34391601|2||2||1|1|2|2|2|2|2|2|2||1||4000000
3439161|1|1|1|128.04691267|34391611|2||2||1|1|2|2|2|2|2|2|2||1||4000000
3439164|1|1|1|109.15340412|34391641|2||2||1|1|1|2|2|2|2|2|2||1||1700000
3439165|1|1|1|117.46149731|34391651|2||2||2|1|2|2|2|2|2|2|2||1||600000
3439166|1|1|1|149.69465594|34391661|2||2||1|1|2|2|2|2|2|2|2||1||1500000
3439167|1|1|1|168.40564786|34391671|2||2||1|1|2|2|2|2|2|2|2||1||800000
3439168|1|1|1|100.68930681|34391681|2||2||1|1|2|2|2|2|2|2|2||1||900000
3439169|1|1|1|53.424533293|34391691|2||2||1|1|2|2|2|2|2|2|2||1||800000
3439170|1|1|1|141.41994615|34391701|2||2||1|1|2|2|2|2|2|2|2||1||700000
3439171|1|1|1|73.249853732|34391711|2||2||1|1|2|2|2|2|2|2|2||1||700000
3439172|1|1|1|114.81301948|34391721|2||2||1|1|2|2|2|2|2|2|1||1||2000000
3439173|1|1|1|154.65383934|34391731|2||2||1|1|2|2|2|2|2|2|2||1||1000000
3439174|1|1|1|53.424533293|34391741|2||1|1|1|1|2|2|2|2|2|2|1||8||1200000
3439175|1|1|1|126.02250003|34391751|2||2||1|1|2|2|2|2|2|2|1||1||1200000
3439176|1|1|1|53.424533293|34391761|2||2||1|1|2|2|2|2|2|2|2||1||800000
3439177|1|1|1|117.46149731|34391771|2||2||1|1|2|2|2|2|2|2|2||1||800000
3439178|1|1|1|195.01257453|34391781|2||2||1|1|2|2|2|2|2|2|2||1||1500000
3439179|1|1|1|203.0978968|34391791|2||2||1|1|2|2|2|2|2|2|2||1||1200000
3439180|1|1|1|54.371403369|34391801|2||2||1|2|2|2|2|2|2|2|1||8||300000
3439181|1|1|1|101.81296212|34391811|2||2||1|1|2|2|2|2|2|2|2||1||98
3439182|1|1|1|67.008246734|34391821|2||2||1|1|2|2|2|2|2|2|2||1||1600000
3439184|1|1|1|88.942282937|34391841|2||2||1|1|2|2|2|2|2|2|2||1||600000
3439185|1|1|1|53.424533293|34391851|2||2||1|1|2|2|2|2|2|2|2||1||1350000
3439186|1|1|1|54.371403369|34391861|2||2||1|1|2|2|2|2|2|2|1||1||300000
3439187|1|1|1|55.653826974|34391871|2||2||1|1|2|2|2|2|2|2|2||1||1100000
3439188|1|1|1|53.424533293|34391881|2||2||1|1|1|2|2|2|2|1|2||1||800000
3439189|1|1|1|129.32933627|34391891|2||2||1|1|2|2|2|2|2|2|2||1||2000000
3439190|1|1|1|115.26291668|34391901|2||2||1|1|2|2|2|2|2|2|2||1||1300000
3439191|1|1|1|53.424533293|34391911|2||2||1|1|2|2|2|2|2|2|2||1||4000000
3439192|1|1|1|114.81301948|34391921|2||2||1|1|2|2|2|2|2|2|2||1||1000000
3439193|1|1|1|126.02250003|34391931|2||2||1|1|2|2|2|2|2|2|2||1||1000000
3439194|1|1|1|74.082380142|34391941|2||2||1|1|2|2|2|2|2|2|2||1||1200000
3439195|1|1|1|88.206092815|34391951|2||2||1|1|2|2|2|2|2|2|2||1||98
3439196|1|1|1|89.191431259|34391961|2||2||1|1|2|2|2|2|2|2|2||1||600000
3439197|1|1|1|125.3700143|34391971|2||2||1|1|2|2|2|2|2|2|2||1||1000000
3439198|1|1|1|71.735960414|34391981|2||2||1|1|2|2|2|2|2|2|2||1||500000
3439199|1|1|1|67.162808756|34391991|2||2||1|1|2|2|2|2|2|2|2||1||1300000
3439200|1|1|1|91.967528015|34392001|2||2||1|1|2|2|2|2|2|2|2||1||1000000
3439201|1|1|1|125.3700143|34392011|2||2||2|1|2|2|2|2|2|2|2||1||1300000
3439202|1|1|1|89.616000018|34392021|2||2||1|1|2|2|2|2|2|2|2||1||1300000
3439203|1|1|1|37.990779231|34392031|2||2||1|1|2|2|2|2|2|2|1||8||800000
3439204|1|1|1|48.308497334|34392041|1|1|2||1|1|2|1|2|2|2|2|2||1||2500000
3439205|1|1|1|100.69997061|34392051|2||2||1|1|1|2|2|2|2|2|2||1||2000000
3439206|1|1|1|37.990779231|34392061|2||2||1|1|2|2|2|2|2|2|2||1||900000
3439208|1|1|1|103.64798724|34392081|2||2||1|1|2|2|2|2|2|2|2||1||98
3439209|1|1|1|138.65934339|34392091|2||2||1|1|2|2|2|2|2|2|1||8||1000000
3439210|1|1|1|182.73257713|34392101|2||2||1|1|2|2|2|2|2|2|2||1||2200000
3439211|1|1|1|53.424533293|34392111|2||2||1|2|2|1|2|2|2|1|2||3||6000000
3439212|1|1|1|73.249853732|34392121|2||1|1|1|1|2|2|2|2|2|2|2||1||2500000
3439213|1|1|1|53.424533293|34392131|2||2||1|2|2|1|2|2|2|2|2||3||1300000
3439214|1|1|1|126.02250003|34392141|2||2||1|2|2|2|2|2|2|2|1||8||1000000
3439215|1|1|1|62.335356268|34392151|2||2||1|1|2|2|1|2|2|2|2||4||300000
3439216|1|1|1|182.09329242|34392161|2||2||1|1|2|2|2|2|2|2|2||1||1800000
3439217|1|1|1|81.21380663|34392171|2||2||1|1|2|2|2|2|2|2|2||1||1500000
3439219|1|1|1|42.739626634|34392191|2||2||1|1|2|2|2|2|2|2|2||1||300000
3439220|1|1|1|42.739626634|34392201|2||2||1|1|2|2|2|2|2|2|2||1||1000000
3439221|1|1|1|77.184642083|34392211|2||2||2|1|2|2|2|2|2|2|2||1||700000
3439223|1|1|1|123.72307147|34392231|2||2||1|1|2|2|2|2|2|2|2||1||800000
3439224|1|1|1|92.0990211|34392241|2||2||1|1|2|2|2|2|1|2|2||6||98
3439225|1|1|1|58.599882986|34392251|2||2||1|1|2|2|2|2|2|2|2||1||600000
3439226|1|1|1|170.95850654|34392261|2||2||1|1|2|2|2|2|2|2|2||1||1300000
3439229|1|1|1|93.615173403|34392291|2||2||1|1|2|2|2|2|2|2|2||1||1800000
3439230|1|1|1|57.852407604|34392301|2||2||1|1|2|2|2|2|2|2|2||1||900000
3439231|1|1|1|100.04616792|34392311|2||2||1|1|2|2|2|2|2|2|2||1||1000000
3439232|1|1|1|128.04691267|34392321|2||2||1|1|2|2|2|2|2|2|2||1||1300000
3439233|1|1|1|88.942282937|34392331|2||2||1|1|1|2|2|2|2|1|1||8||1000000
3439234|1|1|1|115.12377637|34392341|2||2||1|1|2|2|2|2|2|2|2||1||1500000
3439235|1|1|1|94.447699813|34392351|2||2||1|1|2|2|2|2|2|2|2||1||600000
3439237|1|1|1|87.766170519|34392371|2||2||1|1|2|2|2|2|2|2|2||1||4000000
3439240|1|1|1|141.41994615|34392401|2||2||1|1|2|2|2|2|2|2|2||1||2000000
3439241|1|1|1|94.447699813|34392411|2||2||1|1|2|2|2|2|2|2|2||1||600000
3439242|1|1|1|53.424533293|34392421|2||2||2|1|2|2|2|2|2|2|2||1||800000
3439243|1|1|1|93.615173403|34392431|2||2||1|2|2|2|2|2|2|2|1||8||400000
3439244|1|1|1|76.730857967|34392441|2||2||1|1|2|2|2|2|2|2|2||1||1000000
3439245|1|1|1|155.93626294|34392451|2||2||2|1|2|2|2|2|2|2|2||1||500000
3439246|1|1|1|53.424533293|34392461|2||2||1|2|2|2|2|2|2|2|1||8||500000
3439247|1|1|1|53.424533293|34392471|2||2||1|2|2|2|1|2|2|2|2||4||1000000
3439251|1|1|1|53.424533293|34392511|2||2||1|1|2|2|2|2|2|2|2||1||400000
3439252|1|1|1|105.56027495|34392521|2||2||1|1|2|2|2|2|2|2|2||1||360000
3439253|1|1|1|121.05462648|34392531|2||2||2|1|2|2|2|2|2|2|2||1||500000
3439254|1|1|1|135.76033079|34392541|2||2||1|1|2|2|2|2|2|2|2||1||800000
3439255|1|1|1|115.70576801|34392551|2||2||2|1|2|2|2|2|2|2|2||1||900000
3439256|1|1|1|116.40619998|34392561|2||2||1|1|2|2|2|2|2|2|2||1||620000
3439257|1|1|1|156.12565046|34392571|2||2||1|1|2|2|2|2|2|2|2||1||1020000
3439258|1|1|1|154.84322686|34392581|2||2||1|1|2|2|2|2|2|2|2||1||1000000
3439259|1|1|1|176.30158261|34392591|2||2||2|1|2|2|2|2|2|2|2||1||700000
3439262|1|1|1|170.45257973|34392621|2||2||2|1|2|2|2|2|2|2|2||1||1000000
3439263|1|1|1|128.49680986|34392631|2||2||1|1|2|2|2|2|2|2|2||1||720000
3439264|1|1|1|67.008246734|34392641|2||2||1|1|2|2|2|2|2|2|2||1||1300000
3439265|1|1|1|130.69539049|34392651|2||2||1|1|2|2|2|2|2|2|2||1||600000
3439266|1|1|1|53.424533293|34392661|2||2||1|1|2|2|2|2|2|2|2||1||800000
3439267|1|1|1|213.69813317|34392671|2||2||1|1|2|2|2|2|2|2|2||1||1000000
3439268|1|1|1|59.876820246|34392681|2||2||1|1|2|2|2|2|2|2|2||1||1300000
3439269|1|1|1|213.69813317|34392691|2||2||1|1|2|2|2|2|2|2|2||1||1500000
3439270|1|1|1|86.812274739|34392701|2||2||1|1|2|2|1|2|2|2|2||1||800000
3439271|1|1|1|103.64798724|34392711|2||2||1|1|2|2|2|2|2|2|2||1||1000000
3439272|1|1|1|444.41720176|34392721|2||2||1|1|2|1|2|2|2|2|2||1||3000000
3439273|1|1|1|181.30010961|34392731|2||2||2|2|2|1|2|2|2|2|2||3||98
3439274|1|1|1|315.41763733|34392741|2||2||1|1|1|2|2|2|2|2|1||1||98
3439275|1|1|1|193.90630137|34392751|2||2||1|1|2|2|2|2|2|2|2||1||800000
3439276|1|1|1|244.93808484|34392761|2||2||1|1|2|2|2|2|2|2|2||1||2000000
3439277|1|1|1|328.02812679|34392771|2||2||1|1|2|2|2|2|2|2|2||1||98
3439278|1|1|1|239.46402153|34392781|2||2||1|1|2|2|2|2|2|2|1||1||98
3439280|1|1|1|225.03517396|34392801|2||2||1|2|2|2|2|2|2|2|1||8||98
3439281|1|1|1|352.84532406|34392811|2||2||1|1|2|2|2|2|2|2|2||1||3000000
3439282|1|1|1|231.82062369|34392821|2||2||1|1|2|1|2|2|2|2|2||1||3000000
3439283|1|1|1|517.07378618|34392831|2||2||1|1|2|1|1|2|2|2|2||1||98
3439284|1|1|1|231.82062369|34392841|2||2||1|1|2|2|2|2|2|2|2||1||98
3439285|1|1|1|226.09123742|34392851|2||2||1|1|2|2|2|2|2|2|2||1||5000000
3439286|1|1|1|340.74394014|34392861|2||2||1|1|2|2|2|2|2|2|2||1||2500000
3439287|1|1|1|167.62312512|34392871|2||2||2|1|2|1|2|2|2|2|2||1||98
3439288|1|1|1|162.07144626|34392881|2||2||1|1|2|1|2|2|2|2|2||1||98
3439290|1|1|1|238.4964714|34392901|2||2||1|2|2|1|2|2|2|2|2||3||1700000
3439291|1|1|1|416.83568978|34392911|2||2||1|1|2|2|1|2|2|2|2||1||98
3439293|1|1|1|344.55723308|34392931|2||2||1|1|2|1|2|2|2|2|2||1||3000000
3439294|1|1|1|317.62276222|34392941|2||2||1|1|2|2|2|2|2|2|2||1||98
3439295|1|1|1|279.91371267|34392951|2||2||1|2|2|1|2|2|2|2|2||3||2000000
3439296|1|1|1|494.05799455|34392961|2||2||2|2|2|1|2|2|2|2|2||3||98
3439297|1|1|1|391.50659314|34392971|2||1|1|1|1|2|2|2|2|2|2|2||1||98
3439298|1|1|1|158.0196601|34392981|2||2||1|1|2|2|2|2|2|2|2||1||2000000
3439299|1|1|1|195.90932241|34392991|2||2||1|1|2|1|2|2|2|2|2||3||98
3439300|1|1|1|160.28284453|34393001|2||2||1|1|2|2|2|2|2|2|2||1||98
3439301|1|1|1|232.53405962|34393011|2||2||1|2|2|2|2|2|2|2|1||8||700000
3439302|1|1|1|196.40845207|34393021|2||2||1|2|2|2|2|2|2|1|2||7||1500000
3439304|1|1|1|242.1554893|34393041|2||2||1|1|2|2|2|2|2|2|2||1||98
3439305|1|1|1|279.91371267|34393051|2||2||1|1|2|2|2|2|2|2|2||1||98
3439306|1|1|1|448.87063648|34393061|2||2||1|1|2|2|2|2|2|2|2||1||3400000
3439307|1|1|1|211.51679454|34393071|2||2||1|2|2|1|2|2|2|2|2||3||4000000
3439308|1|1|1|250.42129497|34393081|2||2||1|2|2|2|2|2|2|2|1||8||98
3439309|1|1|1|369.30343396|34393091|2||2||1|1|2|2|2|2|2|2|2||1||8500000
3439310|1|1|1|369.30343396|34393101|2||2||1|1|2|2|2|2|2|2|2||1||5000000
3439313|1|1|1|369.30343396|34393131|2||2||2|1|2|2|2|2|2|2|2||1||98
3439316|1|1|1|258.38188861|34393161|2||2||1|1|2|2|2|2|2|2|1||1||98
3439317|1|1|1|330.30721998|34393171|2||2||1|1|2|2|2|2|2|2|2||1||700000
3439319|1|1|1|355.79813292|34393191|2||2||1|1|2|2|2|2|2|2|2||1||1500000
3439320|1|1|1|266.80247324|34393201|2||2||1|1|2|2|2|2|2|2|2||1||2500000
3439321|1|1|1|145.86430164|34393211|2||2||1|1|2|2|2|2|2|2|2||1||1800000
3439322|1|1|1|218.21437362|34393221|2||2||1|1|2|2|2|2|2|2|2||1||1500000
3439323|1|1|1|408.83231103|34393231|2||2||1|1|2|2|2|2|2|2|2||1||1000000
3439324|1|1|1|306.95166149|34393241|2||2||1|1|2|2|2|2|2|2|2||1||1000000
3439325|1|1|1|432.83954232|34393251|2||2||1|1|2|2|2|2|2|2|2||1||3000000
3439328|1|1|1|241.47767729|34393281|2||2||1|1|2|2|2|2|2|2|2||1||4000000
3439329|1|1|1|203.96262331|34393291|2||2||1|2|2|1|2|2|2|2|2||3||98
3439330|1|1|1|469.0854127|34393301|2||2||1|1|2|2|1|2|2|2|2||1||2000000
3439331|1|1|1|371.59562248|34393311|2||2||1|1|2|2|2|2|2|2|2||1||6000000
3439332|1|1|1|213.95410797|34393321|2||2||1|1|2|1|2|2|2|1|2||3||98
3439334|1|1|1|213.43578101|34393341|2||2||2|1|2|2|2|2|2|2|2||1||98
3439335|1|1|1|187.67910468|34393351|2||2||1|1|2|2|2|2|2|2|2||1||98
3439336|1|1|1|145.86430164|34393361|2||2||2|1|2|2|2|2|2|2|1||1||98
3439337|1|1|1|351.39954519|34393371|2||2||1|2|2|1|2|2|2|2|2||3||1500000
3439338|1|1|1|145.86430164|34393381|2||2||1|1|2|2|2|2|2|2|2||1||3000000
3439339|1|1|1|293.19024205|34393391|2||2||1|1|2|2|2|2|2|2|2||1||1300000
3439340|1|1|1|314.60018293|34393401|2||2||1|1|2|2|2|2|2|2|1||1||98
3439341|1|1|1|187.14165874|34393411|2||2||1|1|2|2|2|2|2|2|2||1||2000000
3439342|1|1|1|257.2083342|34393421|2||2||1|1|2|2|2|2|2|2|2||1||1300000
3439343|1|1|1|316.54580054|34393431|2||2||1|1|2|2|2|2|2|2|2||1||700000
3439344|1|1|1|259.82766749|34393441|2||2||1|1|2|2|2|2|2|2|2||1||98
3439345|1|1|1|258.38188861|34393451|2||2||1|1|2|2|2|2|2|2|2||1||500000
3439346|1|1|1|223.52814397|34393461|2||2||1|1|2|2|2|2|2|2|2||1||1500000
3439347|1|1|1|389.14484758|34393471|2||2||1|1|2|2|2|2|2|2|2||1||98
3439349|1|1|1|274.31776618|34393491|2||2||1|1|2|2|2|2|2|2|2||1||2000000
3439350|1|1|1|371.30245607|34393501|2||2||1|1|1|2|2|2|2|2|2||1||1000000
3439351|1|1|1|329.48976557|34393511|2||2||1|1|2|2|2|2|2|2|2||1||98
3439353|1|1|1|375.1521208|34393531|2||2||1|1|2|2|2|2|2|2|2||1||1300000
3439355|1|1|1|316.54580054|34393551|2||2||1|1|2|2|2|2|2|2|2||1||1000000
3439356|1|1|1|594.89837479|34393561|2||2||1|1|2|2|2|2|2|2|2||1||98
3439357|1|1|1|355.04444211|34393571|2||2||1|1|1|2|2|2|2|2|2||1||98
3439358|1|1|1|1095.8404577|34393581|2||2||1|1|2|2|2|2|2|2|2||1||1500000
3439358|1|2|2|1095.8404577|34393582|2||2||1|1|2|2|2|2|2|2|2||1||700000
3439360|1|1|1|591.99390831|34393601|2||2||1|2|1|2|2|2|2|2|1||8||500000
3439361|1|1|1|476.29054586|34393611|2||2||1|1|1|2|2|2|2|2|2||1||98
3439362|1|1|1|594.89837479|34393621|2||2||1|1|2|2|2|2|2|2|2||1||98
3439363|1|1|1|588.99825413|34393631|2||2||1|1|2|2|2|2|2|2|2||1||1300000
3439364|1|1|1|487.20830115|34393641|2||2||1|1|1|2|2|2|2|2|2||1||98
3439365|1|1|1|439.21148603|34393651|2||2||1|1|2|2|2|2|2|2|2||1||98
3439366|1|1|1|691.20932026|34393661|2||2||1|1|2|2|2|2|2|2|2||1||1300000
3439367|1|1|1|486.13113477|34393671|2||2||1|1|2|2|2|2|2|2|2||1||2600000
3439368|1|1|1|551.08479813|34393681|2||2||1|1|2|1|2|2|2|2|2||3||2000000
3439369|1|1|1|542.07860538|34393691|2||2||1|1|2|2|2|2|2|2|2||1||2000000
3439371|1|1|1|710.07602255|34393711|2||2||2|1|2|2|2|2|2|2|2||1||98
3439372|1|1|1|457.34530688|34393721|2||2||1|1|2|2|2|2|2|2|2||1||98
3439373|1|1|1|371.30245607|34393731|2||2||1|1|2|2|2|2|2|2|2||1||1800000
3439374|1|1|1|397.70608479|34393741|2||2||1|1|2|2|2|2|2|2|2||1||2000000
3439375|1|1|1|316.54580054|34393751|2||2||1|1|2|2|2|2|2|2|2||1||3500000
3439376|1|1|1|145.86430164|34393761|2||2||2|1|2|2|2|2|2|2|2||1||98
3439377|1|1|1|401.47634806|34393771|2||2||1|1|2|1|2|2|2|2|2||1||98
3439378|1|1|1|147.95339495|34393781|2||2||2|1|2|2|2|2|2|2|2||1||98
3439379|1|1|1|206.11730688|34393791|2||2||1|1|2|2|2|2|2|2|2||1||98
3439380|1|1|1|223.1235666|34393801|2||2||2|1|2|2|2|2|2|2|2||1||98
3439381|1|1|1|284.64486476|34393811|2||2||1|1|2|2|2|2|2|2|2||1||1300000
3439382|1|1|1|428.02058912|34393821|2||2||1|1|2|2|2|2|2|2|2||1||98
3439384|1|1|1|407.60197959|34393841|2||2||1|1|2|2|2|2|2|2|2||1||3000000
3439386|1|1|1|181.30010961|34393861|2||2||1|2|2|2|2|2|2|1|1||7||700000
3439388|1|1|1|348.76435199|34393881|2||2||1|1|2|2|2|2|2|2|2||1||1500000
3439389|1|1|1|242.4168304|34393891|2||2||1|1|1|2|2|2|2|2|1||1||98
3439390|1|1|1|217.59963313|34393901|2||2||1|2|2|1|1|2|2|1|2||3||98
3439391|1|1|1|421.66052386|34393911|2||2||1|1|2|2|2|2|2|2|2||1||1000000
3439392|1|1|1|310.18573528|34393921|2||1|3|1|2|2|2|2|2|2|2|1||8||98
3439393|1|1|1|223.52814397|34393931|2||2||1|1|2|2|2|2|2|2|2||1||1500000
3439394|1|1|1|346.40228202|34393941|2||2||1|1|2|2|2|2|2|2|2||1||98
3439396|1|1|1|330.8856737|34393961|2||2||1|2|2|2|2|2|2|1|2||7||1000000
3439398|1|1|1|166.70205901|34393981|2||2||1|1|2|1|2|2|2|2|2||1||98
3439399|1|1|1|207.20012526|34393991|2||2||1|1|2|2|2|2|2|2|2||1||1500000
3439400|1|1|1|428.74528091|34394001|2||2||1|1|2|2|1|2|2|2|2||1||1200000
3439402|1|1|1|295.29358699|34394021|2||2||1|2|2|1|2|2|2|2|2||3||1700000
3439404|1|1|1|276.55460111|34394041|2||2||1|1|2|2|2|2|2|2|2||1||1300000
3439405|1|1|1|266.40452145|34394051|2||2||1|1|2|2|2|2|2|2|2||1||98
3439407|1|1|1|502.28904614|34394071|2||2||2|1|2|2|2|2|2|2|2||1||1200000
3439408|1|1|1|224.59790609|34394081|2||2||2|1|2|2|2|2|2|2|2||1||98
3439410|1|1|1|350.80189885|34394101|2||2||2|1|2|2|2|2|2|2|2||1||98
3439413|1|1|1|205.4693666|34394131|2||2||1|1|2|2|2|2|2|2|2||1||98
3439414|1|1|1|245.3106563|34394141|2||2||1|2|2|1|2|2|2|2|2||3||2500000
3439415|1|1|1|235.56263643|34394151|2||2||1|1|2|1|2|2|2|2|2||1||98
3439416|1|1|1|232.99152699|34394161|2||2||1|1|2|2|2|2|2|2|2||1||2500000
3439417|1|1|1|335.29221595|34394171|2||2||1|1|2|2|2|2|2|2|2||1||800000
3439418|1|1|1|335.29221595|34394181|2||2||1|1|2|2|2|2|2|2|2||1||98
3439419|1|1|1|474.81870081|34394191|2||2||1|1|2|2|2|2|2|2|2||1||98
3439420|1|1|1|583.71727137|34394201|2||2||1|1|2|2|2|2|2|2|2||1||1700000
3439421|1|1|1|474.81870081|34394211|2||2||1|1|2|2|2|2|2|2|2||1||98
3439422|1|1|1|411.47664927|34394221|2||2||1|1|2|2|2|2|2|2|2||1||2000000
3439423|1|1|1|577.11938977|34394231|2||2||1|1|2|2|2|2|2|2|2||1||1300000
3439424|1|1|1|502.50439882|34394241|2||2||1|1|2|2|2|2|2|2|2||1||98
3439425|1|1|1|482.13885041|34394251|2||2||1|1|2|2|2|2|2|2|2||1||98
3439426|1|1|1|321.97023639|34394261|2||2||1|1|2|2|2|2|2|2|2||1||98
3439427|1|1|1|271.95016441|34394271|2||2||1|1|2|2|2|2|2|2|2||1||98
3439428|1|1|1|326.12161284|34394281|2||2||1|1|2|2|2|2|2|2|2||1||98
3439430|1|1|1|258.38188861|34394301|2||2||1|2|2|1|2|2|2|2|2||3||98
3439431|1|1|1|326.12161284|34394311|2||2||1|1|2|2|2|2|2|2|2||1||5500000
3439432|1|1|1|356.41287342|34394321|2||2||1|1|2|2|2|2|2|2|2||1||2000000
3439433|1|1|1|214.64682426|34394331|2||2||1|2|2|1|2|2|2|2|2||3||98
3439434|1|1|1|348.76435199|34394341|2||2||1|1|2|2|2|2|2|2|2||1||3000000
3439435|1|1|1|293.19024205|34394351|2||2||1|1|2|2|2|2|2|2|2||1||98
3439436|1|1|1|403.20339185|34394361|2||2||1|1|2|2|2|2|2|2|2||1||98
3439437|1|1|1|371.30245607|34394371|2||2||1|1|2|2|2|2|2|2|2||1||5000000
3439438|1|1|1|306.95166149|34394381|2||2||2|1|2|2|2|2|2|2|2||1||98
3439439|1|1|1|316.54580054|34394391|2||2||1|1|2|2|2|2|2|2|2||1||98
3439440|1|1|1|383.69346803|34394401|2||2||1|1|2|2|2|2|2|2|2||1||4000000
3439441|1|1|1|796.69399408|34394411|2||2||1|1|2|2|2|2|2|2|2||1||7000000
3439442|1|1|1|537.28224828|34394421|2||2||1|1|2|2|2|2|2|2|2||1||6000000
3439443|1|1|1|372.18800211|34394431|2||2||1|1|2|2|2|2|2|2|2||1||8000000
3439444|1|1|1|519.55553195|34394441|2||2||1|1|2|2|2|2|2|2|2||1||6000000
3439445|1|1|1|383.113469|34394451|2||2||1|1|2|2|2|2|2|2|2||1||8000000
3439446|1|1|1|347.14563985|34394461|2||2||1|1|2|2|2|2|2|2|2||1||3000000
3439447|1|1|1|591.88321658|34394471|2||2||1|2|2|2|2|2|2|1|2||7||2000000
3439450|1|1|1|337.34516709|34394501|2||2||1|1|2|2|2|2|2|2|2||1||3000000
3439451|1|1|1|302.79097297|34394511|2||2||1|1|2|2|2|2|2|2|2||1||1800000
3439452|1|1|1|239.86697879|34394521|2||2||1|1|2|2|2|2|2|2|2||1||1000000
3439453|1|1|1|195.04331944|34394531|2||2||1|1|2|2|2|2|2|2|2||1||2500000
3439454|1|1|1|392.39757329|34394541|2||2||1|1|2|2|2|2|2|2|2||1||2500000
3439455|1|1|1|370.01734663|34394551|2||2||1|2|2|2|2|2|2|2|1||8||800000
3439456|1|1|1|320.85953299|34394561|2||2||1|1|2|2|2|2|2|2|2||1||1000000
3439457|1|1|1|176.16014125|34394571|2||2||1|1|2|2|2|2|2|2|2||1||2000000
3439458|1|1|1|212.77429251|34394581|2||2||1|1|2|2|2|2|2|2|2||1||2600000
3439459|1|1|1|275.64369107|34394591|2||2||1|1|2|2|2|2|2|2|2||1||1300000
3439461|1|1|1|194.0839832|34394611|2||1|1|1|1|2|2|2|2|2|2|2||1||2000000
3439462|1|1|1|477.23294768|34394621|2||2||1|1|2|2|2|2|2|2|2||1||1300000
3439463|1|1|1|408.77908359|34394631|2||2||1|2|2|1|2|2|2|2|2||3||2300000
3439464|1|1|1|194.0839832|34394641|2||2||1|1|2|2|2|2|2|2|2||1||3500000
3439465|1|1|1|205.01657629|34394651|2||2||1|2|2|2|2|2|2|2|2|1||5500000|
3439466|1|1|1|352.62758966|34394661|2||2||1|1|2|2|2|2|2|1|2||7||9000000
3439467|1|1|1|270.1713173|34394671|2||2||1|1|2|2|2|2|2|2|2||1||2200000
3439468|1|1|1|524.19124105|34394681|2||2||1|2|2|2|2|2|2|2|1||8||500000
3439469|1|1|1|408.26541738|34394691|2||2||1|1|2|2|2|2|2|2|2||1||2000000
3439470|1|1|1|460.135465|34394701|2||2||1|1|2|2|2|2|2|2|2||1||2000000
3439471|1|1|1|546.87318367|34394711|2||2||1|1|2|2|2|2|2|2|2||1||1300000
3439472|1|1|1|408.26541738|34394721|2||2||1|1|2|2|2|2|2|2|2||1||4000000
3439473|1|1|1|506.15371537|34394731|2||2||1|1|2|2|2|2|2|2|2||1||5000000
3439474|1|1|1|577.91650191|34394741|2||2||1|1|2|2|2|2|2|2|2||1||2500000
3439475|1|1|1|410.7783736|34394751|2||2||1|1|2|2|2|2|2|2|2||1||3000000
3439476|1|1|1|274.01563272|34394761|2||1|1|1|1|2|2|1|2|2|2|2||1||6000000
3439477|1|1|1|364.47224112|34394771|2||2||1|1|2|2|2|2|2|2|2||1||3000000
3439478|1|1|1|550.61115249|34394781|2||2||1|1|2|1|2|2|2|2|2||1||6000000
3439479|1|1|1|426.6424172|34394791|2||2||1|1|2|2|2|2|2|2|2||1||3000000
3439480|1|1|1|488.21204632|34394801|2||2||1|1|2|2|2|2|2|2|2||1||2500000
3439481|1|1|1|336.63539216|34394811|2||2||1|1|2|2|2|2|2|2|2||1||9000000
3439484|1|1|1|524.45081694|34394841|2||2||1|1|1|2|2|2|2|2|2||1||2000000
3439485|1|1|1|594.32984536|34394851|2||2||1|1|2|2|2|2|2|2|2||1||800000
3439486|1|1|1|401.54245492|34394861|2||2||1|1|2|2|2|2|2|2|2||1||800000
3439487|1|1|1|508.53695474|34394871|2||2||1|1|1|2|2|2|2|2|2||1||600000
3439488|1|1|1|435.55873124|34394881|2||2||1|1|2|2|2|2|2|2|2||1||1300000
3439489|1|1|1|445.94081846|34394891|2||2||1|1|2|2|2|2|2|2|2||1||800000
3439490|1|1|1|272.24749102|34394901|2||2||1|2|2|2|2|2|2|1|1||7||800000
3439491|1|1|1|440.50440209|34394911|2||2||1|1|2|2|2|2|2|2|2||1||1200000
3439492|1|1|1|467.9496855|34394921|2||2||1|1|2|2|2|2|2|2|2||1||1000000
3439493|1|1|1|487.33534554|34394931|2||2||1|1|2|2|2|2|2|2|2||1||2000000
3439494|1|1|1|266.65167278|34394941|2||2||1|1|2|2|2|2|2|2|2||1||600000
3439495|1|1|1|212.77429251|34394951|2||2||1|1|2|2|2|2|2|2|2||1||1000000
3439496|1|1|1|433.36159626|34394961|2||2||1|1|2|2|2|2|2|2|1||1||1200000
3439497|1|1|1|281.35726914|34394971|2||2||1|1|2|2|2|2|2|2|2||1||1000000
3439498|1|1|1|275.64369107|34394981|2||2||1|1|2|2|2|2|2|2|2||1||1500000
3439499|1|1|1|320.85953299|34394991|2||2||1|1|2|2|2|2|2|2|2||1||800000
3439500|1|1|1|212.77429251|34395001|2||2||1|1|2|2|2|2|2|2|2||1||800000
3439501|1|1|1|225.31795489|34395011|2||2||1|1|2|2|2|2|2|2|2||1||1800000
3439502|1|1|1|482.04455882|34395021|2||2||1|1|2|2|2|2|2|2|2||1||900000
3439504|1|1|1|512.17234375|34395041|2||2||1|1|2|2|2|2|2|2|2||1||600000
3439505|1|1|1|145.5629874|34395051|2||2||1|1|2|2|2|2|2|2|2||1||2000000
3439506|1|1|1|216.0141371|34395061|2||2||1|1|2|2|2|2|2|2|2||1||800000
3439507|1|1|1|274.94302884|34395071|2||2||1|1|2|2|2|2|2|2|2||1||500000
3439508|1|1|1|187.56295093|34395081|2||2||1|1|2|2|2|2|2|2|2||1||2800000
3439509|1|1|1|358.42924003|34395091|2||2||1|1|2|2|2|2|2|2|2||1||2000000
3439510|1|1|1|357.92471076|34395101|2||1|2|1|1|2|2|2|2|2|2|2||1||2000000
3439511|1|1|1|202.68649582|34395111|2||2||1|1|2|2|2|2|2|2|2||1||950000
3439514|1|1|1|457.02151253|34395141|2||2||1|1|2|2|2|2|2|2|1||1||600000
3439515|1|1|1|527.10182357|34395151|2||2||1|1|2|2|2|2|2|2|2||1||3000000
3439516|1|1|1|600.88495395|34395161|2||2||1|2|2|1|2|2|2|2|2||3||1500000
3439517|1|1|1|312.86035959|34395171|2||2||1|1|2|2|2|2|2|2|2||1||2000000
3439518|1|1|1|856.25286705|34395181|2||2||1|1|2|2|2|2|2|2|2||1||2500000
3439519|1|1|1|343.95413156|34395191|2||2||1|1|2|2|2|2|2|2|2||1||2000000
3439520|1|1|1|275.2502207|34395201|2||2||1|1|2|2|2|2|2|2|2||1||1300000
3439521|1|1|1|430.69326729|34395211|2||2||1|1|2|2|2|2|2|2|2||1||3000000
3439522|1|1|1|501.34302029|34395221|2||2||1|1|2|2|2|2|2|2|2||1||2000000
3439523|1|1|1|535.6554753|34395231|2||2||1|1|2|2|2|2|2|2|2||1||1500000
3439526|1|1|1|702.80243143|34395261|2||2||1|1|2|2|2|2|2|2|2||1||1500000
3439527|1|1|1|397.31076073|34395271|2||2||1|1|2|2|2|2|2|2|2||1||1200000
3439528|1|1|1|384.0706915|34395281|2||2||1|1|2|2|2|2|2|2|2||1||1400000
3439529|1|1|1|587.15025044|34395291|2||2||1|1|2|2|1|2|2|2|2||1||1000000
3439530|1|1|1|656.94715697|34395301|2||2||1|1|2|2|2|2|2|2|2||1||1300000
3439531|1|1|1|540.30570291|34395311|2||2||1|1|2|2|2|2|2|2|2||1||1800000
3439532|1|1|1|801.1799386|34395321|2||1|4|1|2|2|2|2|2|2|2|1||8||700000
3439533|1|1|1|601.14571116|34395331|2||2||1|1|2|2|2|2|2|2|2||1||1000000
3439534|1|1|1|656.94715697|34395341|2||2||1|1|2|2|2|2|2|2|2||1||1300000
3439539|1|1|1|432.63716684|34395391|2||2||1|2|2|1|2|2|2|2|2||3||1800000
3439540|1|1|1|310.09915245|34395401|2||2||1|1|2|2|2|2|2|2|2||1||1900000
3439541|1|1|1|324.61868402|34395411|2||2||1|1|2|2|2|2|2|2|2||1||1200000
3439542|1|1|1|205.87999046|34395421|2||2||1|1|2|1|2|2|2|2|2||1||1500000
3439543|1|1|1|436.53767757|34395431|2||2||1|1|2|2|2|2|2|2|2||1||5000000
3439544|1|1|1|174.73222355|34395441|2||2||1|1|2|2|2|2|2|2|2||1||2500000
3439546|1|1|1|432.63716684|34395461|2||2||1|2|2|1|2|2|2|2|2||3||3500000
3439547|1|1|1|432.63716684|34395471|2||2||1|2|2|1|2|2|2|2|2||3||2000000
3439548|1|1|1|432.63716684|34395481|2||2||1|1|2|1|2|2|2|2|2||3||2000000
3439549|1|1|1|269.85035114|34395491|2||2||1|1|2|2|2|2|2|2|2||1||3300000
3439550|1|1|1|432.63716684|34395501|2||2||1|1|2|2|2|2|2|2|2||1||1500000
3439551|1|1|1|198.71436637|34395511|2||2||1|1|2|2|2|2|2|2|2||1||2000000
3439552|1|1|1|609.00282133|34395521|2||2||1|1|2|2|2|2|2|2|2||1||1300000
3439553|1|1|1|256.87586011|34395531|2||2||1|1|2|2|2|2|2|2|2||1||2500000
3439554|1|1|1|578.98260316|34395541|2||2||1|1|2|2|2|2|2|2|2||1||1300000
3439555|1|1|1|723.80274309|34395551|2||2||1|1|2|2|2|2|2|2|2||1||2000000
3439556|1|1|1|549.98269426|34395561|2||2||1|1|2|2|2|2|2|2|2||1||1700000
3439557|1|1|1|398.0614527|34395571|2||2||1|2|2|2|2|2|2|2|1||8||2000000
3439558|1|1|1|528.4352254|34395581|2||2||1|1|2|2|2|2|2|2|2||1||1300000
3439559|1|1|1|528.4352254|34395591|2||2||1|1|2|2|2|2|2|2|2||1||700000
3439560|1|1|1|256.87586011|34395601|2||2||1|1|2|2|2|2|2|2|2||1||3000000
3439561|1|1|1|674.02321083|34395611|2||2||1|1|2|2|2|2|2|2|2||1||2000000
3439562|1|1|1|361.54746984|34395621|2||2||1|1|1|2|2|2|2|2|2||1||3000000
3439564|1|1|1|266.77312736|34395641|2||2||1|1|2|2|2|2|2|2|2||1||6000000
3439566|1|1|1|347.16551211|34395661|2||2||1|1|2|2|2|2|2|2|2||1||5000000
3439567|1|1|1|255.7025401|34395671|2||2||1|1|2|1|2|2|2|2|2||1||5000000
3439568|1|1|1|274.05973098|34395681|2||2||1|1|2|2|2|2|2|2|2||1||8000000
3439569|1|1|1|358.0197675|34395691|2||2||1|1|2|2|2|2|2|2|2||1||13000000
3439570|1|1|1|308.75314562|34395701|2||2||1|1|2|2|2|2|2|2|2||1||5000000
3439571|1|1|1|201.97671367|34395711|2||2||1|1|2|2|2|2|2|2|2||1||2500000
3439572|1|1|1|532.80353146|34395721|2||2||1|1|2|1|2|2|2|1|2||1||7000000
3439573|1|1|1|532.80353146|34395731|2||2||1|1|2|1|2|2|2|2|2||3||2500000
3439574|1|1|1|335.02664334|34395741|2||2||1|1|2|2|2|2|2|2|2||1||4000000
3439575|1|1|1|335.02664334|34395751|2||2||1|1|2|2|2|2|2|2|2||1||2000000
3439576|1|1|1|278.76691263|34395761|2||2||1|1|2|2|2|2|2|2|2||1||7000000
3439577|1|1|1|324.86948142|34395771|2||2||1|1|2|2|2|2|2|2|2||1||6000000
3439578|1|1|1|359.86543083|34395781|2||2||1|2|2|1|2|2|2|2|2||3||5000000
3439579|1|1|1|344.76501623|34395791|2||2||1|1|2|1|2|2|2|1|2||1||6300000
3439580|1|1|1|236.181837|34395801|2||2||1|1|2|2|2|2|2|2|2||1||5000000
3439581|1|1|1|256.45877708|34395811|2||2||1|1|2|2|2|2|2|2|2||1||3000000
3439583|1|1|1|723.80274309|34395831|2||2||1|1|2|2|2|2|2|2|2||1||1500000
3439584|1|1|1|588.51164292|34395841|2||2||1|1|2|2|2|2|2|2|2||1||2000000
3439585|1|1|1|424.34826252|34395851|2||2||1|1|2|2|2|2|2|2|2||1||800000
3439586|1|1|1|516.83192075|34395861|2||2||1|1|2|2|2|2|2|2|2||1||1500000
3439587|1|1|1|632.52218828|34395871|2||2||1|1|2|2|2|2|2|2|2||1||800000
3439588|1|1|1|398.0614527|34395881|2||2||1|1|2|2|2|2|2|2|2||1||1300000
3439589|1|1|1|330.30026484|34395891|2||2||1|1|2|2|2|2|2|2|2||1||1500000
3439590|1|1|1|398.95179846|34395901|2||2||1|1|2|2|2|2|2|2|2||1||2000000
3439591|1|1|1|422.47116542|34395911|2||2||1|1|2|2|2|2|2|2|2||1||1400000
3439592|1|1|1|306.78089789|34395921|2||2||1|1|2|2|2|2|2|2|2||1||1300000
3439594|1|1|1|459.17051873|34395941|2||2||1|1|2|2|2|2|2|2|2||1||1300000
3439595|1|1|1|199.79233564|34395951|2||2||1|1|2|2|2|2|2|2|2||1||1500000
3439596|1|1|1|420.27322377|34395961|2||2||1|1|2|2|2|2|2|2|2||1||1800000
3439597|1|1|1|325.23568697|34395971|2||2||1|1|2|2|2|2|2|2|2||1||1800000
3439598|1|1|1|473.66886103|34395981|2||2||1|1|2|2|2|2|2|2|2||1||1500000
3439599|1|1|1|473.66886103|34395991|2||2||1|1|2|2|2|2|2|2|2||1||1300000
3439600|1|1|1|199.79233564|34396001|2||2||1|1|2|2|2|2|2|2|2||1||700000
3439601|1|1|1|339.31669708|34396011|2||2||1|1|2|2|2|2|2|2|2||1||900000
3439604|1|1|1|309.7411739|34396041|2||2||1|1|2|2|2|2|2|2|2||1||6000000
3439605|1|1|1|387.83129246|34396051|2||2||1|1|2|2|2|2|2|2|2||1||6000000
3439606|1|1|1|480.42638269|34396061|2||2||1|1|2|2|2|2|2|2|2||1||2600000
3439607|1|1|1|238.62570324|34396071|2||2||1|1|2|2|2|2|2|1|2||1||2500000
3439608|1|1|1|412.91967025|34396081|2||2||1|1|2|2|2|2|2|2|2||1||1700000
3439609|1|1|1|210.39981471|34396091|2||2||2|1|2|2|2|2|2|2|2||1||2000000
3439614|1|1|1|176.12156204|34396141|2||2||1|1|2|2|2|2|2|2|2||1||1300000
3439615|1|1|1|125.44894113|34396151|2||2||1|1|2|2|2|2|2|2|1||1||400000
3439616|1|1|1|161.75264638|34396161|2||2||1|1|2|2|2|2|2|2|2||1||1300000
3439617|1|1|1|157.2493196|34396171|2||2||1|1|2|2|2|2|2|2|2||1||1200000
3439618|1|1|1|392.43181168|34396181|2||2||1|1|2|2|2|2|2|2|1||1||1300000
3439619|1|1|1|176.59139921|34396191|2||2||1|1|2|2|2|2|2|2|2||1||1700000
3439620|1|1|1|312.96218313|34396201|2||2||1|2|2|1|2|2|2|2|2||3||2000000
3439621|1|1|1|158.33203321|34396211|2||2||1|1|2|2|2|2|2|2|2||1||1500000
3439622|1|1|1|185.06236428|34396221|2||2||1|1|2|2|2|2|2|2|1||1||1600000
3439623|1|1|1|392.43181168|34396231|2||2||1|1|2|2|2|2|2|2|2||1||1500000
3439624|1|1|1|196.74585238|34396241|2||2||1|1|2|1|2|2|2|2|2||1||2500000
3439625|1|1|1|101.3071253|34396251|2||2||1|1|2|2|2|2|2|2|2||1||1300000
3439626|1|1|1|311.52117959|34396261|2||2||1|1|1|2|2|2|2|2|2||1||2500000
3439627|1|1|1|235.07921406|34396271|2||2||1|1|2|2|2|2|2|2|2||1||1300000
3439628|1|1|1|143.33792472|34396281|2||2||2|1|2|2|2|2|2|2|2||1||2600000
3439629|1|1|1|416.6027228|34396291|2||2||1|1|2|2|2|2|2|2|2||1||4000000
3439630|1|1|1|207.88092038|34396301|2||2||2|1|2|1|2|2|2|2|2||1||1300000
3439631|1|1|1|239.99070444|34396311|2||2||1|1|2|2|2|2|2|2|2||1||1200000
3439632|1|1|1|196.74585238|34396321|2||2||1|1|2|2|2|2|2|2|2||1||4000000
3439634|1|1|1|204.78540975|34396341|2||2||1|1|2|2|2|2|2|2|2||1||2000000
3439635|1|1|1|233.9564354|34396351|2||2||2|1|2|2|2|2|2|2|2||1||1500000
3439636|1|1|1|287.15472072|34396361|2||2||1|1|2|2|2|2|2|2|2||1||2000000
3439637|1|1|1|434.22236712|34396371|2||2||1|2|2|1|2|2|2|2|2||3||1300000
3439638|1|1|1|236.44030077|34396381|2||2||1|1|2|2|2|2|2|2|2||1||900000
3439639|1|1|1|438.82339274|34396391|2||2||2|1|2|2|2|2|2|2|2||1||2600000
3439640|1|1|1|368.21198077|34396401|2||2||1|1|2|2|2|2|2|2|2||1||3000000
3439641|1|1|1|232.19114147|34396411|2||2||1|1|2|2|2|2|2|1|2||1||1500000
3439642|1|1|1|204.53631706|34396421|2||2||1|1|2|2|2|2|2|2|2||1||1300000
3439643|1|1|1|387.60042357|34396431|2||2||1|1|2|2|2|2|2|2|2||1||850000
3439644|1|1|1|157.91437351|34396441|2||2||2|1|2|2|2|2|2|2|2||1||2500000
3439645|1|1|1|377.3587258|34396451|2||2||1|1|2|2|2|2|2|2|2||1||700000
3439646|1|1|1|246.35308467|34396461|2||2||1|1|2|2|2|2|2|2|2||1||500000
3439647|1|1|1|297.86733659|34396471|2||2||1|1|2|2|2|2|2|1|2||1||2000000
3439648|1|1|1|432.14258819|34396481|2||2||1|1|2|2|2|2|2|2|2||1||1300000
3439649|1|1|1|206.10594094|34396491|2||2||1|1|2|2|2|2|2|2|2||1||4000000
3439650|1|1|1|309.19623246|34396501|2||2||1|1|2|1|2|2|2|2|2||1||800000
3439651|1|1|1|206.10594094|34396511|2||2||1|1|2|2|2|2|2|2|2||1||3000000
3439652|1|1|1|443.60736025|34396521|2||2||1|2|2|2|2|2|2|2|1||8||700000
3439653|1|1|1|303.41992545|34396531|2||2||1|1|2|2|2|2|2|2|2||1||5000000
3439658|1|1|1|211.84377652|34396581|2||2||1|1|1|2|2|2|2|2|2||1||650000
3439659|1|1|1|111.23653448|34396591|2||2||1|1|1|2|2|2|2|2|2||1||650000
3439659|1|2|2|111.23653448|34396592|2||2||1|1|2|2|2|2|2|2|2||1||700000
3439660|1|1|1|262.1665035|34396601|2||2||1|1|2|2|2|2|2|2|2||1||550000
3439661|1|1|1|126.26154129|34396611|2||2||1|1|2|2|2|2|2|2|2||1||500000
3439662|1|1|1|274.38522005|34396621|2||2||1|1|2|1|2|2|2|2|2||3||1600000
3439663|1|1|1|210.92308019|34396631|2||2||2|1|2|2|2|2|2|2|2||1||700000
3439664|1|1|1|228.61801885|34396641|2||2||1|1|2|2|2|2|2|2|2||1||900000
3439665|1|1|1|177.76010042|34396651|2||2||1|1|2|2|2|2|2|2|2||1||800000
3439666|1|1|1|126.26154129|34396661|2||2||1|1|2|2|2|2|2|2|2||1||500000
3439667|1|1|1|209.69914307|34396671|2||2||2|1|2|2|2|2|2|2|2||1||800000
3439668|1|1|1|280.04693252|34396681|2||2||1|2|2|2|2|2|2|1|2||7||800000
3439669|1|1|1|166.98397993|34396691|2||2||1|1|2|2|2|2|2|2|2||1||1300000
3439670|1|1|1|237.39329649|34396701|2||2||1|1|2|2|2|2|2|2|2||1||1000000
3439671|1|1|1|245.82632849|34396711|2||2||1|1|2|2|2|2|2|2|2||1||800000
3439672|1|1|1|137.2725275|34396721|2||2||1|1|2|2|2|2|2|2|2||1||900000
3439674|1|1|1|220.56073584|34396741|2||2||1|1|1|2|2|2|2|2|1||1||1500000
3439675|1|1|1|279.38158859|34396751|2||2||1|1|2|2|2|2|2|2|2||1||1300000
3439676|1|1|1|276.11252576|34396761|2||2||1|1|2|2|2|2|2|2|2||1||1200000
3439677|1|1|1|309.05246692|34396771|2||2||1|1|2|2|2|2|2|2|2||1||1300000
3439678|1|1|1|305.56388797|34396781|2||2||1|2|2|1|2|2|2|2|2||3||2600000
3439679|1|1|1|266.08779736|34396791|2||2||1|1|2|2|2|2|2|2|2||1||3800000
3439680|1|1|1|308.80164674|34396801|2||2||1|1|2|2|2|2|2|2|2||1||8000000
3439681|1|1|1|266.08779736|34396811|1|1|2||1|1|2|2|2|2|2|2|1||1||2500000
3439682|1|1|1|305.56388797|34396821|1|1|1|1|1|2|2|1|2|2|2|2|2||3||1500000
3439683|1|1|1|283.37188842|34396831|2||2||2|2|2|1|2|2|2|2|2||3||10000000
3439684|1|1|1|450.25389021|34396841|2||2||1|1|2|2|2|2|2|2|2||1||4200000
3439685|1|1|1|435.82214945|34396851|2||2||2|1|2|2|2|2|2|1|2||1||10000000
3439686|1|1|1|226.87065869|34396861|2||2||1|1|2|1|2|2|2|2|2||1||4000000
3439689|1|1|1|152.72045007|34396891|2||2||1|1|2|2|2|2|2|2|1||8||2000000
3439691|1|1|1|256.86704365|34396911|1|1|2||1|1|2|1|2|2|2|2|2||1||8000000
3439692|1|1|1|152.72045007|34396921|2||2||1|2|2|2|2|2|2|2|1||8||1500000
3439693|1|1|1|165.87906789|34396931|1|1|2||1|2|2|1|2|2|2|2|2||3||2800000
3439694|1|1|1|152.72045007|34396941|2||2||1|2|2|2|2|2|2|2|1||8||2500000
3439695|1|1|1|246.2040203|34396951|2||2||1|1|2|2|2|2|2|2|2||1||12000000
3439696|1|1|1|327.65479991|34396961|2||2||1|1|2|2|2|2|2|2|2||1||1600000
3439700|1|1|1|204.87149128|34397001|2||2||1|1|2|2|2|2|2|2|2||1||4000000
3439701|1|1|1|177.6536702|34397011|2||2||1|1|2|2|2|2|2|2|2||1||1300000
3439702|1|1|1|290.41881091|34397021|2||2||1|1|2|2|2|2|2|2|2||1||700000
3439703|1|1|1|398.17253917|34397031|2||2||1|1|2|2|2|2|2|2|2||1||1300000
3439704|1|1|1|348.28092622|34397041|2||2||1|1|2|2|2|2|2|2|2||1||5000000
3439705|1|1|1|425.39036025|34397051|2||2||1|1|2|2|2|2|2|2|2||1||1500000
3439706|1|1|1|367.47484409|34397061|2||2||1|1|2|2|2|2|2|2|2||1||1800000
3439707|1|1|1|177.6536702|34397071|2||2||1|1|2|2|2|2|2|2|2||1||700000
3439710|1|1|1|108.71984178|34397101|2||2||1|1|2|2|2|2|2|2|2||1||7000000
3439711|1|1|1|295.30333635|34397111|2||2||1|1|2|2|2|2|2|2|2||1||2500000
3439712|1|1|1|133.54586098|34397121|2||2||1|1|2|2|2|2|2|2|2||1||3000000
3439713|1|1|1|259.54950701|34397131|2||2||1|1|2|1|2|2|2|1|2||1||7000000
3439714|1|1|1|325.69911074|34397141|2||2||1|2|2|2|2|2|2|2|1||8||1600000
3439715|1|1|1|318.42973589|34397151|2||2||1|2|2|2|2|2|2|2|1||8||1500000
3439716|1|1|1|325.78629796|34397161|2||2||1|1|2|2|2|2|2|2|2||1||2000000
3439717|1|1|1|318.42973589|34397171|1|1|2||2|2|2|1|2|2|2|2|2||3||1300000
3439718|1|1|1|164.21149056|34397181|2||2||1|2|2|1|1|2|2|2|1||3||2000000
3439721|1|1|1|109.214724|34397211|2||2||2|1|2|2|2|2|2|2|2||1||500000
3439721|1|2|2|109.214724|34397212|2||2||1|1|2|2|2|2|2|2|2||1||600000
3439722|1|1|1|208.83376722|34397221|2||2||1|1|2|2|2|2|2|2|2||1||500000
3439723|1|1|1|177.69964|34397231|2||2||1|1|2|2|2|2|2|2|2||1||800000
3439724|1|1|1|196.33238162|34397241|2||2||1|1|2|2|2|2|2|2|2||1||2000000
3439725|1|1|1|96.935376893|34397251|2||2||1|1|2|1|2|2|2|2|2||3||1300000
3439726|1|1|1|129.53966747|34397261|2||2||1|1|2|2|2|2|2|2|2||1||200000
3439727|1|1|1|182.3498144|34397271|2||2||1|1|2|2|2|2|2|2|2||1||600000
3439728|1|1|1|196.06926217|34397281|2||2||1|1|2|2|2|2|2|2|2||1||1300000
3439729|1|1|1|213.15282351|34397291|2||2||1|1|1|2|2|2|2|2|2||1||1080000
3439730|1|1|1|163.49503429|34397301|2||2||1|1|2|2|2|2|2|2|2||1||400000
3439732|1|1|1|363.19678261|34397321|2||2||1|1|2|2|2|2|2|2|2||1||3000000
3439733|1|1|1|356.62044085|34397331|2||2||1|1|2|2|2|2|2|2|2||1||700000
3439734|1|1|1|263.72714084|34397341|2||2||1|1|2|2|2|2|2|2|2||1||500000
3439735|1|1|1|256.38476021|34397351|2||2||2|1|2|2|2|2|2|2|2||1||2000000
3439736|1|1|1|280.57837895|34397361|2||2||1|2|2|2|1|2|2|2|2||4||150000
3439737|1|1|1|204.53631706|34397371|2||2||1|1|2|2|2|2|2|2|2||1||700000
3439738|1|1|1|173.00031769|34397381|2||2||1|1|2|2|2|2|2|2|2||1||2000000
3439739|1|1|1|353.93114593|34397391|2||2||1|1|1|2|2|2|2|2|2||1||900000
3439740|1|1|1|148.2543297|34397401|2||2||1|1|2|2|2|2|2|2|2||1||2000000
3439741|1|1|1|287.92075958|34397411|2||2||1|1|2|1|2|2|2|2|2||1||3800000
3439742|1|1|1|287.92075958|34397421|2||2||1|1|2|2|2|2|2|2|2||1||1100000
3439743|1|1|1|238.2055947|34397431|2||2||1|1|2|2|2|2|2|2|2||1||900000
3439746|1|1|1|204.53631706|34397461|2||2||1|1|2|2|2|2|2|2|2||1||1800000
3439747|1|1|1|157.91437351|34397471|2||2||1|1|2|2|2|2|2|2|2||1||5000000
3439748|1|1|1|287.92075958|34397481|2||2||1|1|2|2|2|2|2|2|2||1||4000000
3439750|1|1|1|378.12476467|34397501|2||2||1|1|2|2|2|2|2|2|1||1||900000
3439751|1|1|1|639.83447556|34397511|2||2||1|1|2|2|2|2|2|2|2||1||2500000
3439754|1|1|1|115.80387391|34397541|2||2||1|1|2|2|2|2|2|2|2||1||1600000
3439755|1|1|1|469.21194874|34397551|2||2||1|1|2|2|2|2|2|2|2||1||1300000
3439756|1|1|1|469.21194874|34397561|2||2||1|1|2|2|2|2|2|2|2||1||550000
3439757|1|1|1|244.7695538|34397571|2||2||1|2|2|2|2|2|2|2|1||8||800000
3439758|1|1|1|250.45863089|34397581|2||2||1|1|2|2|2|2|2|2|2||1||2000000
3439759|1|1|1|210.58012853|34397591|2||2||1|1|2|2|2|2|2|2|2||1||2600000
3439760|1|1|1|180.65892875|34397601|2||2||1|1|2|2|2|2|2|2|2||1||1800000
3439761|1|1|1|261.52165662|34397611|2||2||1|1|2|2|2|2|2|2|2||1||600000
3439762|1|1|1|237.12724285|34397621|2||2||1|1|2|2|2|2|2|2|2||1||1500000
3439763|1|1|1|115.80387391|34397631|2||2||1|1|2|2|2|2|2|2|2||1||1300000
3439764|1|1|1|270.02211923|34397641|2||2||1|2|1|2|2|2|2|2|2||2||80000
3439765|1|1|1|568.01504025|34397651|2||2||1|1|2|2|2|2|2|2|2||1||7000000
3439766|1|1|1|244.86082618|34397661|2||2||1|1|2|2|2|2|2|2|2||1||1000000
3439767|1|1|1|679.95157983|34397671|2||2||1|1|2|2|2|2|2|2|2||1||1500000
3439768|1|1|1|840.27885788|34397681|2||2||1|1|2|2|2|2|2|2|2||1||700000
3439768|1|2|2|840.27885788|34397682|2||2||1|1|2|1|2|2|2|1|2||3||1300000
3439769|1|1|1|546.7572961|34397691|2||2||1|1|2|2|1|2|2|2|2||1||3000000
3439770|1|1|1|383.04659357|34397701|2||2||1|1|2|2|2|2|2|2|2||1||1300000
3439771|1|1|1|530.81411823|34397711|2||2||1|1|2|2|2|2|2|2|2||1||1800000
3439772|1|1|1|244.86082618|34397721|2||2||1|1|2|2|2|2|2|2|2||1||4000000
3439773|1|1|1|372.77263215|34397731|2||2||1|2|2|1|2|2|2|2|2||3||99
3439774|1|1|1|216.19326818|34397741|2||2||1|1|2|2|2|2|2|2|2||1||900000
3439775|1|1|1|305.44370039|34397751|2||2||1|1|2|2|2|2|2|2|2||1||1300000
3439776|1|1|1|654.39258643|34397761|2||2||1|1|2|2|2|2|2|1|2||1||1300000
3439777|1|1|1|331.59625705|34397771|2||1|2|1|2|2|2|1|2|2|2|1||8||900000
3439778|1|1|1|354.19946586|34397781|2||2||1|1|2|2|2|2|2|2|2||1||3000000
3439779|1|1|1|367.29588904|34397791|2||2||1|1|2|2|2|2|2|2|2||1||1200000
3439780|1|1|1|439.32692772|34397801|2||2||1|1|2|2|2|2|2|2|2||1||1500000
3439781|1|1|1|255.5110061|34397811|2||2||1|1|2|2|2|2|2|2|2||1||1300000
3439785|1|1|1|956.64219242|34397851|2||2||1|1|2|2|2|2|2|2|2||1||1000000
3439786|1|1|1|686.72899363|34397861|2||2||1|1|2|2|2|2|2|2|2||1||1300000
3439787|1|1|1|377.61214048|34397871|2||2||1|1|1|2|2|2|2|2|2||1||1300000
3439788|1|1|1|345.74976884|34397881|2||2||1|1|1|2|2|2|2|2|2||1||1500000
3439789|1|1|1|847.73462566|34397891|2||2||1|1|1|2|2|2|2|2|2||1||1200000
3439790|1|1|1|288.07156021|34397901|2||2||1|1|2|2|1|2|1|2|2||1||1500000
3439791|1|1|1|749.60685899|34397911|2||2||1|1|2|2|2|2|2|2|2||1||1200000
3439792|1|1|1|371.65237252|34397921|2||2||1|1|2|2|2|2|2|2|2||1||900000
3439793|1|1|1|722.2345565|34397931|2||2||1|1|2|2|2|2|2|2|2||1||6000000
3439794|1|1|1|562.32753017|34397941|2||2||1|1|2|2|2|2|2|2|2||1||1500000
3439796|1|1|1|317.854399|34397961|2||2||1|1|2|2|2|2|2|2|2||1||1300000
3439797|1|1|1|352.89569267|34397971|2||2||1|1|1|2|2|2|2|2|2||1||800000
3439798|1|1|1|369.78113644|34397981|2||2||1|1|2|2|2|2|2|2|2||1||800000
3439799|1|1|1|841.83758963|34397991|2||2||1|1|2|2|2|2|2|2|2||1||1600000
3439800|1|1|1|795.80788823|34398001|2||2||1|1|2|2|2|2|2|2|2||1||1300000
3439801|1|1|1|710.14754307|34398011|2||2||1|1|1|2|2|2|2|2|2||1||900000
3439802|1|1|1|524.21638298|34398021|2||2||1|1|1|2|2|2|2|2|2||1||300000
3439803|1|1|1|685.1384323|34398031|2||2||1|1|2|2|2|2|2|2|2||1||1500000
3439804|1|1|1|685.05068717|34398041|2||2||1|1|2|2|2|2|2|2|2||1||1800000
3439806|1|1|1|1143.4345473|34398061|2||2||1|1|2|2|2|2|2|2|2||1||1500000
3439807|1|1|1|360.08945026|34398071|2||2||1|1|2|2|1|2|2|2|2||1||600000
3439808|1|1|1|746.40803904|34398081|2||2||1|1|2|2|2|2|2|2|1||8||1300000
3439809|1|1|1|613.10346908|34398091|2||2||1|1|2|2|2|2|2|2|2||1||600000
3439810|1|1|1|360.08945026|34398101|2||2||1|1|2|2|2|2|2|2|2||1||1600000
3439811|1|1|1|1284.7109371|34398111|2||2||1|1|2|2|2|2|2|2|2||1||1300000
3439812|1|1|1|708.90745063|34398121|2||2||1|1|2|2|2|2|2|2|2||1||500000
3439813|1|1|1|1026.2676138|34398131|2||2||1|1|2|2|2|2|2|2|2||1||400000
3439814|1|1|1|804.0548472|34398141|2||2||1|1|2|2|2|2|2|2|2||1||800000
3439815|1|1|1|557.30577615|34398151|2||2||1|1|2|2|2|2|2|2|2||1||900000
3439816|1|1|1|714.90548856|34398161|2||2||1|1|2|2|2|2|2|2|2||1||700000
3439817|1|1|1|393.57470462|34398171|2||2||1|1|1|2|2|2|2|2|2||1||600000
3439818|1|1|1|304.15225508|34398181|2||2||1|1|1|2|2|2|2|2|2||1||1300000
3439819|1|1|1|264.87866584|34398191|2||2||1|1|2|2|2|2|2|2|1||1||800000
3439820|1|1|1|784.00059885|34398201|2||2||1|1|2|2|2|2|2|2|2||1||1300000
3439821|1|1|1|655.65894026|34398211|2||2||1|1|2|2|2|2|2|2|2||1||1300000
3439822|1|1|1|562.58854117|34398221|2||2||1|1|2|2|2|2|2|2|2||1||1000000
3439823|1|1|1|365.46336486|34398231|2||2||1|1|2|2|2|2|2|2|2||1||1300000
3439825|1|1|1|408.73564605|34398251|2||2||1|1|2|2|2|2|2|2|1||1||100000
3439826|1|1|1|644.11818809|34398261|2||2||1|1|2|1|2|2|2|1|2||1||1300000
3439826|1|2|2|644.11818809|34398262|2||2||1|1|2|2|2|2|2|2|2||1||900000
3439826|1|3|3|644.11818809|34398263|2||2||1|1|2|2|2|2|1|2|2||1||800000
3439826|1|4|4|644.11818809|34398264|2||2||1|1|2|2|2|2|2|2|2||1||700000
3439827|1|1|1|491.15547037|34398271|2||2||1|1|2|2|2|2|2|2|2||1||3000000
3439828|1|1|1|560.2871625|34398281|2||2||1|1|2|1|2|2|2|2|2||1||3500000
3439829|1|1|1|349.68534669|34398291|2||2||1|1|2|1|2|2|2|2|2||1||3000000
3439830|1|1|1|276.06857853|34398301|2||2||1|1|2|2|2|2|2|1|2||1||4000000
3439831|1|1|1|452.61091032|34398311|2||2||1|1|2|2|2|2|2|2|2||1||4000000
3439832|1|1|1|710.74164593|34398321|2||2||1|1|2|2|2|2|2|2|2||1||6000000
3439833|1|1|1|276.06857853|34398331|2||2||1|1|2|2|2|2|2|2|2||1||15000000
3439834|1|1|1|726.46312719|34398341|2||2||1|1|2|2|2|2|2|2|2||1||2500000
3439835|1|1|1|315.14102312|34398351|2||2||1|1|2|2|2|2|2|2|2||1||2500000
3439836|1|1|1|858.74209053|34398361|2||2||1|1|2|2|2|2|2|2|2||1||4000000
3439839|1|1|1|908.79123355|34398391|2||2||1|1|2|2|2|2|2|2|2||1||1000000
3439840|1|1|1|366.05661029|34398401|2||2||1|1|2|2|2|2|2|2|2||1||800000
3439841|1|1|1|852.41320412|34398411|2||2||1|1|2|2|2|2|2|2|2||1||1500000
3439842|1|1|1|908.79123355|34398421|2||2||1|1|2|2|2|2|2|2|2||1||1000000
3439843|1|1|1|521.01974356|34398431|2||2||1|1|2|2|2|2|2|2|2||1||2000000
3439844|1|1|1|994.75986029|34398441|2||2||1|1|2|2|2|2|2|2|2||1||1000000
3439845|1|1|1|942.39166711|34398451|2||2||1|1|2|2|2|2|2|2|1||1||1300000
3439846|1|1|1|555.93251903|34398461|2||2||1|1|2|2|2|2|2|2|2||1||1300000
3439847|1|1|1|908.79123355|34398471|2||2||1|1|2|2|2|2|2|2|2||1||900000
3439848|1|1|1|421.38066264|34398481|2||2||1|1|2|2|2|2|2|2|2||1||1300000
3439849|1|1|1|393.57470462|34398491|2||1|2|1|2|2|2|2|2|2|2|1||8||600000
3439850|1|1|1|552.8787985|34398501|2||2||1|1|1|2|2|2|2|2|2||1||1400000
3439851|1|1|1|436.84698582|34398511|2||1|2|1|2|2|2|2|2|2|2|1||8||600000
3439852|1|1|1|668.30048817|34398521|2||2||1|1|1|2|2|2|2|2|2||1||1200000
3439853|1|1|1|635.06190042|34398531|2||2||1|1|2|2|2|2|2|2|2||1||2000000
3439854|1|1|1|240.05963351|34398541|2||2||1|1|2|2|2|2|2|2|2||1||1500000
3439855|1|1|1|365.46336486|34398551|2||2||1|1|2|2|2|2|2|2|2||1||1000000
3439858|1|1|1|908.79123355|34398581|2||2||1|1|2|2|2|2|2|2|2||1||2600000
3439859|1|1|1|858.41124204|34398591|2||2||1|1|2|2|2|2|2|2|2||1||1000000
3439860|1|1|1|569.30185199|34398601|2||2||1|2|2|2|2|2|2|2|1||8||400000
3439861|1|1|1|902.79319563|34398611|2||2||1|1|2|2|2|2|2|2|2||1||2000000
3439862|1|1|1|1009.2882906|34398621|2||2||1|1|2|2|2|2|2|2|2||1||800000
3439863|1|1|1|1007.1904075|34398631|2||2||1|1|2|2|2|2|1|2|2||1||1300000
3439864|1|1|1|553.36398086|34398641|2||2||1|1|2|2|2|2|2|2|2||1||900000
3439865|1|1|1|516.93365882|34398651|2||2||1|1|2|2|2|2|2|1|2||1||900000
3439866|1|1|1|902.79319563|34398661|2||2||1|1|2|2|2|2|2|2|2||1||99
3439867|1|1|1|902.79319563|34398671|2||2||1|1|2|2|2|2|2|2|2||1||1500000
3439869|1|1|1|646.38012448|34398691|2||2||1|1|2|2|2|2|2|2|2||1||1300000
3439870|1|1|1|552.81789765|34398701|2||1|1|1|1|2|2|2|2|2|2|2||1||800000
3439871|1|1|1|600.65178096|34398711|2||2||1|1|2|2|2|2|2|2|2||1||600000
3439872|1|1|1|613.58088493|34398721|2||2||1|1|2|2|2|2|2|2|2||1||800000
3439873|1|1|1|863.16432426|34398731|2||2||1|2|2|1|2|2|2|2|2||3||1240000
3439874|1|1|1|557.13961006|34398741|2||2||1|1|2|2|2|2|2|2|2||1||500000
3439881|1|1|1|570.94869358|34398811|2||2||1|1|2|2|2|2|2|2|2||1||900000
3439882|1|1|1|436.84698582|34398821|2||2||1|1|2|2|2|2|2|2|2||1||360000
3439883|1|1|1|701.53132469|34398831|2||2||1|1|2|2|2|2|2|2|2||1||1300000
3439884|1|1|1|273.23881825|34398841|2||2||1|1|2|2|2|2|2|2|2||1||1000000
3439885|1|1|1|411.62047723|34398851|2||2||1|1|2|2|2|2|2|2|2||1||900000
3439886|1|1|1|701.53132469|34398861|2||2||1|1|2|2|2|2|2|2|2||1||2600000
3439887|1|1|1|410.29500945|34398871|2||2||1|1|2|2|2|2|2|2|2||1||1200000
3439888|1|1|1|436.84698582|34398881|2||2||1|1|2|2|2|2|2|2|2||1||200000
3439889|1|1|1|605.86082237|34398891|2||2||1|1|2|2|2|2|2|2|2||1||100000
3439890|1|1|1|379.534568|34398901|2||2||1|1|2|2|2|2|2|2|2||1||600000
3439891|1|1|1|941.6690542|34398911|2||2||1|1|2|2|2|2|2|2|2||1||1300000
3439892|1|1|1|765.38250221|34398921|2||2||1|1|2|2|2|2|2|2|2||1||700000
3439893|1|1|1|324.08050524|34398931|2||2||1|1|2|2|2|2|2|2|2||1||1300000
3439894|1|1|1|646.93193989|34398941|2||2||1|1|2|2|2|2|2|2|2||1||1000000
3439895|1|1|1|596.28356584|34398951|2||2||1|1|2|2|2|2|2|2|2||1||700000
3439896|1|1|1|596.28356584|34398961|2||2||1|1|2|2|2|2|2|2|2||1||800000
3439897|1|1|1|401.42447919|34398971|2||2||1|1|2|2|1|2|2|2|2||1||1300000
3439898|1|1|1|551.79312217|34398981|2||2||1|1|1|2|2|2|2|2|2||1||500000
3439899|1|1|1|324.08050524|34398991|2||2||1|1|2|2|2|2|2|2|2||1||1300000
3439900|1|1|1|767.17188371|34399001|2||2||1|1|2|2|2|2|2|2|2||1||1000000
3439901|1|1|1|718.25112835|34399011|2||2||1|1|2|2|2|2|2|2|2||1||1300000
3439902|1|1|1|468.91776921|34399021|2||2||1|1|2|2|2|2|2|2|2||1||900000
3439904|1|1|1|2060.7254828|34399041|2||2||1|1|2|2|2|2|2|2|2||1||800000
3439905|1|1|1|1219.3809175|34399051|2||2||1|1|1|2|2|2|2|2|2||1||600000
3439908|1|1|1|1376.2982884|34399081|2||2||1|1|2|2|2|2|2|2|2||1||400000
3439909|1|1|1|1804.4559366|34399091|2||2||1|1|2|2|2|2|2|2|2||1||800000
3439910|1|1|1|2561.7686606|34399101|2||2||1|1|2|2|2|2|2|2|2||1||400000
3439911|1|1|1|1376.2982884|34399111|2||2||1|1|2|2|2|2|2|2|2||1||150000
3439912|1|1|1|1376.2982884|34399121|2||2||1|1|2|2|2|2|2|2|2||1||400000
3439913|1|1|1|1695.4224826|34399131|2||2||1|1|2|2|2|2|2|2|2||1||550000
3439914|1|1|1|1204.1803751|34399141|2||2||1|1|2|2|2|2|2|2|2||1||1300000
3439915|1|1|1|813.89416779|34399151|2||2||1|1|1|2|2|2|2|2|1||1||1000000
3439916|1|1|1|1011.5895447|34399161|2||2||1|1|2|2|2|2|2|2|2||1||1900000
3439917|1|1|1|553.29234749|34399171|2||2||1|1|2|2|2|2|2|2|2||1||900000
3439918|1|1|1|943.57855481|34399181|2||2||1|1|2|1|2|2|2|2|2||1||1000000
3439919|1|1|1|1481.4512798|34399191|2||2||1|1|2|2|2|2|2|2|2||1||2600000
3439920|1|1|1|721.99349728|34399201|2||2||1|1|2|2|2|2|2|2|2||1||2000000
3439921|1|1|1|740.04156641|34399211|2||2||1|1|2|2|2|2|2|2|2||1||900000
3439922|1|1|1|526.41258045|34399221|2||2||1|1|1|2|2|2|2|2|2||1||1000000
3439923|1|1|1|1430.5101428|34399231|2||2||1|2|2|2|2|2|2|1|2||7||1100000
3439924|1|1|1|1082.284528|34399241|2||2||1|1|2|2|2|2|2|2|2||1||1300000
3439925|1|1|1|768.53491544|34399251|2||2||1|1|2|2|2|2|2|2|2||1||1300000
3439926|1|1|1|796.96535663|34399261|2||2||1|1|1|2|2|2|2|2|1||1||300000
3439927|1|1|1|301.86519907|34399271|2||2||1|1|2|2|2|2|2|2|2||1||2500000
3439928|1|1|1|134.33814575|34399281|2||2||1|1|2|1|2|2|2|2|2||3||2350000
3439929|1|1|1|214.7983959|34399291|2||2||1|1|2|2|2|2|2|2|2||1||2600000
3439930|1|1|1|185.71605364|34399301|2||2||1|1|2|2|2|2|2|2|2||1||1300000
3439931|1|1|1|181.31158183|34399311|2||2||1|2|2|1|2|2|2|2|2||3||1350000
3439932|1|1|1|202.01698436|34399321|2||2||1|1|2|2|2|2|2|2|2||1||1200000
3439933|1|1|1|226.35451734|34399331|2||2||1|1|2|2|2|2|2|2|2||1||2000000
3439934|1|1|1|226.17943137|34399341|2||2||1|1|2|2|2|2|2|2|2||1||1800000
3439935|1|1|1|134.33814575|34399351|2||2||1|1|2|2|2|2|2|2|2||1||2000000
3439936|1|1|1|272.78285682|34399361|2||2||1|1|2|2|2|2|2|2|2||1||2000000
3439937|1|1|1|331.86247372|34399371|2||2||1|1|2|2|2|2|2|2|2||1||1500000
3439938|1|1|1|320.07928818|34399381|2||2||1|1|2|2|2|2|2|2|2||1||1500000
3439939|1|1|1|315.52306742|34399391|2||2||1|1|2|2|2|2|2|2|2||1||1300000
3439940|1|1|1|357.72096855|34399401|2||2||1|1|2|2|2|2|2|2|2||1||1000000
3439941|1|1|1|301.02555017|34399411|2||2||1|1|2|2|2|2|2|2|2||1||1350000
3439943|1|1|1|420.48234324|34399431|2||2||1|1|2|2|2|2|2|2|2||1||99
3439946|1|1|1|272.80324264|34399461|2||2||1|1|2|2|2|2|2|2|2||1||800000
3439947|1|1|1|230.88412473|34399471|2||2||1|1|2|2|2|2|2|2|2||1||1200000
3439949|1|1|1|398.97900872|34399491|2||2||1|1|2|2|2|2|2|2|2||1||900000
3439950|1|1|1|304.53722909|34399501|2||2||1|1|2|1|2|2|2|2|2||3||2300000
3439951|1|1|1|314.39380108|34399511|2||2||1|1|2|2|1|2|2|2|2||1||2700000
3439952|1|1|1|372.31527278|34399521|2||2||1|1|2|2|2|2|2|2|2||1||2500000
3439953|1|1|1|221.45815944|34399531|2||2||1|1|2|1|2|2|2|2|2||3||2350000
3439954|1|1|1|232.83313452|34399541|2||2||1|1|2|1|2|2|2|2|2||3||2800000
3439955|1|1|1|256.8987823|34399551|2||2||1|1|2|1|2|2|2|2|1||3||3000000
3439956|1|1|1|208.74421422|34399561|2||2||1|1|2|1|2|2|2|2|2||3||3300000
3439957|1|1|1|292.21710933|34399571|2||2||1|1|2|2|2|2|2|2|2||1||3000000
3439958|1|1|1|333.49179637|34399581|2||2||1|1|2|2|2|2|2|2|2||1||3350000
3439959|1|1|1|247.5642529|34399591|2||2||1|1|2|2|2|2|2|2|2||1||2600000
3439961|1|1|1|282.93476531|34399611|2||2||1|1|2|2|2|2|2|2|2||1||1300000
3439962|1|1|1|221.59335336|34399621|2||2||1|1|2|2|2|2|2|2|2||1||1350000
3439963|1|1|1|136.61506348|34399631|2||2||1|1|2|2|2|2|2|2|2||1||1500000
3439964|1|1|1|256.17189997|34399641|2||2||1|1|2|2|2|2|2|2|2||1||1100000
3439965|1|1|1|277.22824153|34399651|2||2||1|1|2|2|2|2|2|2|2||1||1800000
3439967|1|1|1|209.92012493|34399671|2||2||1|1|2|2|2|2|2|2|2||1||800000
3439968|1|1|1|232.13591231|34399681|2||2||1|1|2|2|2|2|2|2|2||1||1000000
3439969|1|1|1|248.01430998|34399691|2||2||1|1|2|2|2|2|2|2|2||1||3900000
3439970|1|1|1|218.43904667|34399701|2||2||1|1|2|2|2|2|2|2|2||1||1350000
3439971|1|1|1|205.89620309|34399711|2||2||1|1|2|2|2|2|2|2|2||1||500000
3439972|1|1|1|276.54582568|34399721|2||2||1|1|2|2|2|2|2|2|2||1||550000
3439973|1|1|1|265.74161679|34399731|2||2||1|1|2|2|2|2|2|2|2||1||2600000
3439974|1|1|1|276.54582568|34399741|2||2||1|1|2|2|2|2|2|2|2||1||3000000
3439975|1|1|1|205.89620309|34399751|2||2||1|1|2|2|2|2|2|2|2||1||1000000
3439976|1|1|1|300.05874043|34399761|2||2||1|2|2|2|2|2|2|2|1||8||600000
3439977|1|1|1|205.89620309|34399771|2||2||1|1|2|2|2|2|2|2|2||1||600000
3439978|1|1|1|375.61712353|34399781|2||2||1|1|2|2|2|2|2|2|2||1||1350000
3439979|1|1|1|309.57153638|34399791|2||2||1|1|2|2|2|2|2|2|2||1||1500000
3439980|1|1|1|243.92360212|34399801|2||2||1|1|2|2|2|2|2|2|2||1||98
3439981|1|1|1|205.89620309|34399811|2||2||1|1|2|2|2|2|2|2|2||1||98
3439982|1|1|1|195.44773905|34399821|2||2||1|2|2|2|2|2|2|2|1||8||950000
3439983|1|1|1|262.70089367|34399831|2||2||1|1|2|2|2|2|2|2|2||1||1300000
3439984|1|1|1|224.7861725|34399841|2||2||1|1|2|2|2|2|2|2|2||1||1600000
3439985|1|1|1|232.08155469|34399851|2||2||1|1|2|2|2|2|2|2|2||1||1500000
3439986|1|1|1|254.40127674|34399861|2||2||1|1|2|2|2|2|2|2|2||1||1350000
3439988|1|1|1|176.16174639|34399881|2||2||1|1|2|2|2|2|2|2|2||1||1400000
3439989|1|1|1|259.51041419|34399891|2||2||1|1|2|2|2|2|2|2|2||1||99
3439990|1|1|1|271.54221397|34399901|2||2||1|1|2|2|2|2|2|2|2||1||1500000
3439991|1|1|1|231.54538947|34399911|2||2||1|1|2|2|2|2|2|2|2||1||2000000
3439992|1|1|1|214.17812273|34399921|2||2||1|1|2|2|1|2|2|2|2||1||1700000
3439993|1|1|1|261.29533797|34399931|2||2||1|1|2|2|2|2|2|2|2||1||800000
3439994|1|1|1|264.51273079|34399941|2||2||1|1|2|2|2|2|2|2|2||1||800000
3439995|1|1|1|327.09199249|34399951|2||2||1|1|2|2|2|2|2|2|2||1||800000
3439996|1|1|1|139.34736474|34399961|2||2||1|1|2|2|2|2|2|2|2||1||1200000
3439997|1|1|1|316.85451492|34399971|2||2||1|1|2|2|2|2|2|2|2||1||1000000
3439998|1|1|1|192.64105903|34399981|2||2||1|1|2|2|2|2|2|2|2||1||1000000
3439999|1|1|1|182.40358147|34399991|2||2||1|1|2|2|2|2|2|2|2||1||1300000
3440002|1|1|1|208.51757625|34400021|2||2||1|1|2|2|2|2|2|2|2||1||900000
3440003|1|1|1|350.10159663|34400031|1|2|2||1|1|2|2|2|2|2|1|2||1||6000000
3440004|1|1|1|304.91860491|34400041|1|1|2||1|1|2|2|2|2|2|1|2||1||3900000
3440005|1|1|1|204.73502092|34400051|2||2||1|1|2|2|2|2|2|2|2||1||1100000
3440006|1|1|1|377.49552364|34400061|2||2||1|1|2|2|2|2|2|2|2||1||1900000
3440007|1|1|1|218.45190263|34400071|2||2||1|1|2|2|2|2|2|2|2||1||1800000
3440008|1|1|1|229.20113526|34400081|2||2||1|1|2|2|2|2|2|2|2||1||800000
3440009|1|1|1|298.53336379|34400091|2||2||1|1|2|2|2|2|2|2|2||1||1800000
3440010|1|1|1|338.45907024|34400101|2||2||1|2|1|2|2|2|2|2|1||8||680000
3440011|1|1|1|244.39695556|34400111|2||2||1|1|2|2|2|2|2|2|2||1||1350000
3440012|1|1|1|324.74218853|34400121|2||2||1|1|2|2|2|2|2|2|2||1||700000
3440013|1|1|1|328.00164611|34400131|2||2||1|1|2|2|1|2|2|2|2||1||1500000
3440014|1|1|1|193.58537795|34400141|2||2||1|1|2|2|2|2|2|2|2||1||1800000
3440015|1|1|1|193.58537795|34400151|2||2||1|1|2|2|2|2|2|2|1||1||2200000
3440016|1|1|1|223.90002284|34400161|2||2||1|1|2|2|2|2|2|2|2||1||4000000
3440017|1|1|1|253.84430268|34400171|2||2||1|2|2|1|2|2|2|2|2||3||1950000
3440018|1|1|1|227.13318719|34400181|2||2||1|1|2|2|2|2|2|2|2||1||1500000
3440019|1|1|1|193.58537795|34400191|2||2||1|1|2|2|2|2|2|2|1||1||2000000
3440022|1|1|1|188.99427597|34400221|2||2||1|1|2|2|2|2|2|2|2||1||99
3440023|1|1|1|183.29771667|34400231|2||2||1|1|2|2|2|2|2|2|2||1||2400000
3440024|1|1|1|328.41729437|34400241|2||2||1|1|2|2|2|2|2|2|2||1||1500000
3440025|1|1|1|371.47946734|34400251|2||2||1|1|2|2|2|2|2|2|2||1||1000000
3440026|1|1|1|271.05929007|34400261|2||2||1|1|2|2|2|2|2|2|2||1||2600000
3440027|1|1|1|339.74601391|34400271|2||2||1|1|2|1|2|2|2|2|2||1||3500000
3440028|1|1|1|415.8423623|34400281|2||2||1|1|2|2|2|2|2|2|2||1||2500000
3440029|1|1|1|276.57698923|34400291|2||2||1|2|1|2|2|2|2|2|1||8||700000
3440031|1|1|1|371.47946734|34400311|2||2||1|1|2|2|2|2|2|1|2||1||900000
3440033|1|1|1|283.29567505|34400331|2||2||1|1|2|2|2|2|2|2|2||1||1300000
3440034|1|1|1|219.97770928|34400341|2||2||1|1|2|2|2|2|2|2|2||1||3000000
3440035|1|1|1|276.57698923|34400351|2||2||1|2|2|2|2|2|2|2|1||8||700000
3440036|1|1|1|302.78561414|34400361|2||2||1|1|2|1|2|2|2|2|2||3||7000000
3440037|1|1|1|268.69091144|34400371|2||2||1|1|2|2|2|2|2|2|2||1||5000000
3440038|1|1|1|219.0819887|34400381|2||1|1|1|1|2|2|2|2|2|2|2||1||3000000
3440039|1|1|1|287.27745474|34400391|2||2||1|2|2|1|2|2|2|2|2||3||3000000
3440040|1|1|1|253.38929414|34400401|2||2||1|1|2|2|2|2|2|2|2||1||3500000
3440041|1|1|1|234.383606|34400411|2||2||1|1|2|2|2|2|2|2|2||1||4500000
3440042|1|1|1|238.31156121|34400421|2||2||1|1|2|2|2|2|2|2|2||1||3500000
3440043|1|1|1|287.27745474|34400431|2||2||1|1|2|2|2|2|2|2|2||1||2500000
3440044|1|1|1|297.15940397|34400441|2||2||1|1|2|2|2|2|2|2|2||1||4000000
3440045|1|1|1|253.38929414|34400451|2||2||1|1|2|2|2|2|2|2|2||1||4500000
3440046|1|1|1|238.31156121|34400461|2||2||1|2|2|1|2|2|2|2|2||3||3000000
3440048|1|1|1|256.004176|34400481|2||2||1|1|2|2|2|2|2|2|2||1||3500000
3440049|1|1|1|327.65857001|34400491|2||2||1|1|2|2|2|2|2|2|2||1||3500000
3440050|1|1|1|384.25784996|34400501|2||2||1|1|2|2|2|2|2|2|2||1||1300000
3440051|1|1|1|481.01763602|34400511|2||2||1|1|2|2|2|2|2|2|2||1||1300000
3440052|1|1|1|352.52439653|34400521|2||2||1|1|2|1|2|2|2|2|2||3||5000000
3440053|1|1|1|416.1094426|34400531|2||2||1|1|2|2|2|2|2|2|2||1||2000000
3440054|1|1|1|352.52439653|34400541|2||2||1|1|2|2|2|2|2|2|2||1||6000000
3440055|1|1|1|284.12717834|34400551|2||2||1|2|2|1|2|2|2|2|2||3||6000000
3440057|1|1|1|364.73326674|34400571|2||2||1|1|2|1|2|2|2|2|2||3||3500000
3440058|1|1|1|308.16150157|34400581|2||2||1|1|2|2|2|2|2|2|2||1||1300000
3440059|1|1|1|198.95706303|34400591|2||2||1|1|2|2|2|2|2|2|2||1||11000000
3440060|1|1|1|222.4106657|34400601|2||2||1|1|2|2|2|2|2|2|2||1||19000000
3440061|1|1|1|209.17629197|34400611|1|1|2||1|1|2|1|2|2|2|2|2||3||5000000
3440062|1|1|1|209.17629197|34400621|2||2||1|2|2|1|2|2|2|2|2||3||3000000
3440063|1|1|1|252.15575965|34400631|2||2||1|1|2|2|2|2|2|2|2||1||3000000
3440064|1|1|1|222.60717863|34400641|2||2||1|1|2|2|2|2|2|2|2||1||3300000
3440065|1|1|1|153.87876516|34400651|2||2||1|2|2|1|2|2|2|2|2||3||3500000
3440066|1|1|1|242.11782157|34400661|2||2||1|1|2|2|2|2|2|2|1||1||3000000
3440067|1|1|1|252.15575965|34400671|2||2||1|2|2|1|2|2|2|2|2||3||3500000
3440068|1|1|1|187.73710784|34400681|2||2||1|2|2|1|2|2|2|2|2||3||4200000
3440069|1|1|1|187.73710784|34400691|1|1|2||1|1|2|1|2|2|2|1|2||3||98
3440070|1|1|1|208.30564342|34400701|2||2||1|1|2|2|2|2|2|2|2||1||4500000
3440071|1|1|1|161.74831565|34400711|2||2||1|1|2|2|2|2|2|2|2||1||4000000
3440072|1|1|1|273.14666716|34400721|2||2||1|2|2|1|2|2|2|2|2||3||4000000
3440073|1|1|1|296.37057329|34400731|2||2||1|1|2|1|2|2|2|2|2||3||3500000
3440074|1|1|1|226.58933939|34400741|2||2||1|1|2|1|2|2|2|2|2||3||7000000
3440075|1|1|1|215.51940257|34400751|2||2||1|1|2|1|2|2|2|2|2||3||4000000
3440077|1|1|1|139.60844202|34400771|2||2||1|1|2|2|2|2|2|2|2||1||3000000
3440078|1|1|1|273.14666716|34400781|2||2||1|2|2|1|2|2|2|2|2||3||7136950
3440079|1|1|1|255.47437067|34400791|2||2||1|1|2|2|2|2|2|2|2||1||6000000
3440081|1|1|1|310.22146895|34400811|2||2||1|1|1|2|2|2|2|1|2||1||1600000
3440082|1|1|1|316.13391247|34400821|2||2||1|1|2|2|2|2|2|2|2||1||2000000
3440083|1|1|1|338.14690796|34400831|2||2||1|1|2|2|2|2|2|2|2||1||1400000
3440084|1|1|1|310.22146895|34400841|2||2||1|2|2|2|2|2|2|2|1||8||600000
3440085|1|1|1|249.30019404|34400851|2||2||1|1|2|2|2|2|2|2|1||1||800000
3440086|1|1|1|310.22146895|34400861|2||2||1|1|2|2|2|2|2|2|2||1||1300000
3440087|1|1|1|267.72594645|34400871|2||2||1|1|2|2|2|2|2|2|2||1||1500000
3440088|1|1|1|288.33954161|34400881|2||2||1|1|2|2|2|2|2|2|2||1||1800000
3440089|1|1|1|305.75172681|34400891|2||2||1|1|2|2|2|2|2|2|2||1||1300000
3440090|1|1|1|228.40475457|34400901|2||2||1|2|2|1|2|2|2|2|2||3||1350000
3440091|1|1|1|366.67300172|34400911|2||2||1|1|2|2|2|2|2|2|2||1||2400000
3440092|1|1|1|694.54812993|34400921|2||2||1|1|2|2|2|2|2|2|1||1||2300000
3440093|1|1|1|368.71865854|34400931|2||2||1|2|2|1|2|2|2|2|2||3||4000000
3440094|1|1|1|527.42392665|34400941|2||2||1|2|2|1|2|2|2|2|2||3||2000000
3440095|1|1|1|383.31075948|34400951|2||2||1|1|2|2|2|2|2|2|2||1||1300000
3440096|1|1|1|426.84393939|34400961|2||2||1|1|2|2|2|2|2|2|2||1||2500000
3440097|1|1|1|373.41049359|34400971|2||2||1|1|2|2|2|2|2|2|2||1||2600000
3440098|1|1|1|403.80397323|34400981|2||2||1|1|2|2|2|2|2|2|2||1||2600000
3440099|1|1|1|346.97733469|34400991|2||2||1|1|2|2|2|2|2|2|2||1||7000000
3440100|1|1|1|416.9436735|34401001|2||2||1|1|2|2|2|2|2|2|2||1||2000000
3440101|1|1|1|483.89074674|34401011|2||2||1|2|2|1|2|2|2|2|1||3||2000000
3440102|1|1|1|435.73017092|34401021|2||2||1|1|2|2|2|2|2|2|2||1||700000
3440103|1|1|1|527.42392665|34401031|2||2||1|1|2|2|2|2|2|2|2||1||800000
3440104|1|1|1|574.50823707|34401041|2||2||1|1|2|2|2|2|2|2|2||1||1000000
3440105|1|1|1|435.73017092|34401051|2||2||1|1|1|2|2|2|2|2|2||1||800000
3440106|1|1|1|568.345915|34401061|2||2||1|1|2|2|2|2|2|2|2||1||1800000
3440108|1|1|1|335.15018366|34401081|2||2||1|1|2|2|2|2|2|2|2||1||900000
3440109|1|1|1|479.19891169|34401091|2||2||1|1|2|2|2|2|2|2|2||1||750000
3440111|1|1|1|329.37987511|34401111|2||2||1|1|2|2|2|2|2|2|2||1||1400000
3440112|1|1|1|596.07771621|34401121|2||2||1|2|2|1|2|2|2|2|2||3||4700000
3440114|1|1|1|527.42392665|34401141|2||2||1|1|2|2|2|2|2|2|2||1||5000000
3440115|1|1|1|527.42392665|34401151|2||2||1|2|2|1|2|2|2|2|2||3||4500000
3440116|1|1|1|483.89074674|34401161|2||1|2|1|2|2|1|2|2|2|2|1||3||6500000
3440117|1|1|1|574.50823707|34401171|2||2||2|1|2|2|2|2|2|2|2||1||2600000
3440118|1|1|1|532.1157617|34401181|2||2||1|2|2|1|2|2|2|2|2||3||4500000
3440119|1|1|1|486.89610538|34401191|2||2||1|1|2|2|2|2|2|2|2||1||3000000
3440120|1|1|1|387.50515596|34401201|2||2||1|1|2|2|2|2|2|2|2||1||99
3440121|1|1|1|654.98917768|34401211|2||2||1|1|2|2|2|2|2|2|2||1||1400000
3440122|1|1|1|516.38295623|34401221|2||2||1|2|2|2|2|2|2|2|1||8||300000
3440123|1|1|1|518.24540224|34401231|2||2||1|1|2|2|2|2|2|2|2||1||1200000
3440124|1|1|1|451.96454905|34401241|2||2||1|1|2|2|2|2|2|2|2||1||1500000
3440125|1|1|1|310.65781683|34401251|2||2||1|1|2|2|2|2|2|2|2||1||700000
3440126|1|1|1|346.97733469|34401261|2||2||1|1|2|2|2|2|2|2|2||1||1300000
3440127|1|1|1|368.71865854|34401271|2||2||1|1|2|2|2|2|2|2|2||1||1100000
3440128|1|1|1|531.14684735|34401281|2||2||1|1|2|2|2|2|2|2|2||1||1000000
3440129|1|1|1|819.92313298|34401291|2||2||2|1|2|2|2|2|2|2|2||1||600000
3440130|1|1|1|520.61833862|34401301|2||2||1|1|2|2|2|2|2|2|2||1||2600000
3440131|1|1|1|387.50515596|34401311|2||2||1|1|2|2|2|2|2|2|2||1||1000000
3440132|1|1|1|399.17657731|34401321|2||1|3|1|1|2|2|2|2|2|2|1||1||3000000
3440133|1|1|1|431.6665787|34401331|2||2||1|1|2|2|2|2|2|2|2||1||2000000
3440134|1|1|1|346.97733469|34401341|2||2||2|1|2|2|2|2|2|2|2||1||2300000
3440135|1|1|1|368.71865854|34401351|2||2||1|1|1|2|2|2|2|2|2||1||1200000
3440136|1|1|1|416.9436735|34401361|2||2||1|1|2|2|2|2|2|2|2||1||4500000
3440137|1|1|1|335.15018366|34401371|2||2||2|1|2|2|2|2|2|2|2||1||1800000
3440138|1|1|1|479.7607894|34401381|2||2||1|2|1|2|2|2|2|2|1||8||800000
3440139|1|1|1|452.02898819|34401391|2||2||1|1|2|1|2|2|2|2|2||1||3200000
3440140|1|1|1|574.50823707|34401401|2||2||1|1|2|2|2|2|2|2|2||1||4100000
3440141|1|1|1|277.02490281|34401411|2||2||1|1|2|2|2|2|2|2|2||1||2000000
3440142|1|1|1|547.91714039|34401421|2||2||1|1|2|2|2|2|2|2|2||1||2400000
3440143|1|1|1|458.02139155|34401431|2||2||2|1|2|2|2|2|2|2|2||1||1650000
3440144|1|1|1|426.90837852|34401441|2||2||1|1|2|1|2|2|2|2|2||1||2500000
3440145|1|1|1|277.02490281|34401451|2||2||1|1|2|2|2|2|2|2|2||1||4800000
3440146|1|1|1|452.02898819|34401461|2||2||1|1|2|2|2|2|2|2|2||1||4400000
3440147|1|1|1|483.89074674|34401471|2||2||1|1|2|1|2|2|2|2|2||3||3000000
3440148|1|1|1|377.54045094|34401481|2||2||1|1|2|2|2|2|2|2|2||1||3800000
3440149|1|1|1|335.15018366|34401491|2||2||1|1|2|2|2|2|2|2|2||1||5000000
3440150|1|1|1|479.19891169|34401501|2||2||1|1|2|1|2|2|2|2|2||3||4500000
3440151|1|1|1|483.89074674|34401511|2||2||1|1|2|2|2|2|2|2|2||1||3800000
3440152|1|1|1|387.50515596|34401521|2||1|3|1|2|2|2|2|2|2|2|1||8||3200000
3440153|1|1|1|596.07771621|34401531|2||2||1|1|2|1|2|2|2|2|2||3||7000000
3440154|1|1|1|451.96454905|34401541|2||2||1|1|2|2|1|2|2|2|2||1||4800000
3440156|1|1|1|527.42392665|34401561|2||2||1|1|2|2|2|2|2|2|2||1||1400000
3440157|1|1|1|415.63112426|34401571|2||2||1|1|2|2|2|2|2|2|2||1||2500000
3440158|1|1|1|479.19891169|34401581|2||2||1|1|2|2|2|2|2|2|2||1||2000000
3440159|1|1|1|329.37987511|34401591|2||2||1|1|2|2|2|2|2|2|2||1||2000000
3440160|1|1|1|574.50823707|34401601|2||2||1|1|2|2|2|2|2|2|2||1||2300000
3440161|1|1|1|218.89962197|34401611|2||2||1|1|2|2|2|2|2|2|2||1||2900000
3440162|1|1|1|483.89074674|34401621|2||2||1|1|2|2|2|2|2|2|2||1||1400000
3440163|1|1|1|383.31075948|34401631|2||2||1|1|2|2|2|2|2|2|2||1||1400000
3440164|1|1|1|403.80397323|34401641|2||2||1|1|2|2|2|2|2|2|2||1||2600000
3440165|1|1|1|277.02490281|34401651|2||2||1|1|2|2|2|2|2|2|2||1||3000000
3440166|1|1|1|277.02490281|34401661|2||2||1|1|2|2|2|2|2|2|2||1||4500000
3440167|1|1|1|527.42392665|34401671|2||2||1|1|2|2|2|2|2|2|1||1||1200000
3440168|1|1|1|564.54353205|34401681|2||2||1|1|2|2|1|2|2|2|2||1||1700000
3440169|1|1|1|574.50823707|34401691|2||2||1|1|2|2|2|2|2|2|2||1||1500000
3440170|1|1|1|437.37244811|34401701|2||2||1|1|2|2|2|2|2|2|2||1||2000000
3440171|1|1|1|479.7607894|34401711|2||2||1|1|2|2|2|2|2|2|2||1||2600000
3440172|1|1|1|527.42392665|34401721|2||2||1|1|2|2|2|2|2|1|2||1||2100000
3440173|1|1|1|527.42392665|34401731|2||2||1|2|2|1|2|2|2|2|2||3||1700000
3440174|1|1|1|516.38295623|34401741|2||2||1|1|2|2|2|2|2|2|2||1||2000000
3440175|1|1|1|504.38396049|34401751|2||2||1|2|2|1|2|2|2|2|2||3||1800000
3440176|1|1|1|479.19891169|34401761|2||1|1|1|1|2|2|2|2|2|2|2||1||1600000
3440177|1|1|1|701.85820113|34401771|2||2||1|2|2|1|2|2|2|2|2||3||4000000
3440178|1|1|1|593.35191748|34401781|2||2||1|2|2|1|2|2|2|2|2||3||4000000
3440179|1|1|1|377.04395662|34401791|2||2||1|1|2|2|2|2|2|2|2||1||4000000
3440180|1|1|1|576.93580392|34401801|2||2||1|1|2|2|2|2|2|2|2||1||5200000
3440181|1|1|1|539.09877565|34401811|2||1|1|1|1|2|1|2|2|2|2|2||3||5500000
3440182|1|1|1|431.22460442|34401821|2||2||1|1|2|2|2|2|2|2|2||1||4500000
3440183|1|1|1|485.47774625|34401831|2||2||1|2|2|1|2|2|2|2|2||3||3900000
3440184|1|1|1|390.34950153|34401841|2||2||1|1|2|2|2|2|2|2|2||1||6500000
3440187|1|1|1|272.83050634|34401871|2||2||1|1|2|2|2|2|2|2|2||1||1850000
3440189|1|1|1|856.3209969|34401891|2||2||1|1|2|2|2|2|2|2|2||1||1500000
3440190|1|1|1|568.73792853|34401901|2||2||1|1|2|2|2|2|2|2|2||1||3300000
3440191|1|1|1|383.37519862|34401911|2||2||1|1|2|1|2|2|2|1|2||1||7350000
3440192|1|1|1|472.4577628|34401921|2||2||2|1|1|1|2|2|2|2|2||1||2700000
3440193|1|1|1|325.18547864|34401931|2||2||1|1|2|2|2|2|2|2|2||1||1800000
3440194|1|1|1|393.83926821|34401941|2||2||1|1|2|2|2|2|2|2|2||1||2600000
3440195|1|1|1|387.50515596|34401951|2||2||1|1|2|2|2|2|2|2|2||1||1400000
3440196|1|1|1|387.50515596|34401961|2||2||1|1|2|2|2|2|2|2|2||1||1300000
3440197|1|1|1|374.48896708|34401971|2||2||1|1|2|2|2|2|2|2|2||1||1700000
3440198|1|1|1|403.80397323|34401981|2||2||1|1|2|2|2|2|2|2|2||1||1300000
3440199|1|1|1|483.89074674|34401991|2||2||1|2|2|2|2|2|2|2|1||8||700000
3440200|1|1|1|277.02490281|34402001|2||2||1|1|2|2|2|2|2|2|2||1||1500000
3440201|1|1|1|576.37068309|34402011|2||2||1|1|2|2|1|2|2|2|2||1||1600000
3440202|1|1|1|582.20543077|34402021|2||2||2|1|2|1|2|2|2|2|2||1||2680000
3440203|1|1|1|393.90370734|34402031|2||2||1|1|1|2|2|2|2|2|2||1||1800000
3440204|1|1|1|346.97733469|34402041|2||2||1|1|2|2|2|2|2|2|2||1||1500000
3440205|1|1|1|395.20234965|34402051|2||2||1|1|2|2|2|2|2|2|2||1||2400000
3440206|1|1|1|570.3138406|34402061|2||2||1|1|2|2|2|2|2|2|1||1||2000000
3440207|1|1|1|337.01262967|34402071|2||2||1|1|2|2|2|2|2|2|2||1||1000000
3440208|1|1|1|479.19891169|34402081|2||2||1|2|2|1|2|2|2|2|2||3||1300000
3440209|1|1|1|736.74106445|34402091|2||2||1|1|2|2|2|2|2|2|1||1||2500000
3440210|1|1|1|944.1143195|34402101|2||2||1|2|2|1|2|2|2|2|2||3||1300000
3440211|1|1|1|676.98395234|34402111|2||2||1|1|2|2|2|2|2|2|2||1||3100000
3440212|1|1|1|1123.1428012|34402121|2||2||1|2|2|1|2|2|2|2|2||3||2200000
3440213|1|1|1|850.14870934|34402131|2||2||1|1|2|2|2|2|2|2|2||1||2700000
3440214|1|1|1|653.90811812|34402141|2||2||1|1|2|2|2|2|2|2|2||1||2300000
3440215|1|1|1|921.80754069|34402151|2||2||1|1|2|2|2|2|2|2|2||1||2900000
3440216|1|1|1|532.31682888|34402161|2||2||1|1|2|2|2|2|2|2|2||1||3800000
3440217|1|1|1|841.12024417|34402171|2||2||1|1|2|2|2|2|2|2|2||1||4000000
3440218|1|1|1|921.80754069|34402181|2||2||1|1|2|2|2|2|2|2|1||1||2600000
3440220|1|1|1|573.16428236|34402201|2||2||1|1|2|2|1|2|2|2|2||1||3400000
3440221|1|1|1|719.29892993|34402211|1|1|2||1|1|2|2|2|2|2|2|2||1||7000000
3440222|1|1|1|1038.5257515|34402221|2||2||1|2|2|2|2|2|2|2|1||8||99
3440223|1|1|1|1121.8870001|34402231|2||2||1|2|2|1|2|2|2|2|2||3||3800000
3440224|1|1|1|697.91269173|34402241|2||2||1|1|2|2|1|2|2|2|2||1||4100000
3440225|1|1|1|822.7994003|34402251|2||2||1|1|2|2|2|2|2|2|2||1||3700000
3440226|1|1|1|1028.4561406|34402261|2||2||1|1|2|2|2|2|2|1|2||1||2100000
3440227|1|1|1|744.68234757|34402271|2||2||1|1|2|2|2|2|2|2|2||1||4400000
3440228|1|1|1|594.55052055|34402281|2||2||1|1|2|2|2|2|2|2|2||1||5000000
3440230|1|1|1|944.1143195|34402301|2||1|1|1|1|2|2|2|2|2|2|2||1||1500000
3440231|1|1|1|574.83469782|34402311|2||2||1|1|2|2|2|2|2|2|2||1||4000000
3440232|1|1|1|653.90811812|34402321|2||2||1|1|2|2|2|2|2|2|1||1||2200000
3440233|1|1|1|747.87372828|34402331|2||2||1|1|2|2|2|2|2|2|2||1||1600000
3440235|1|1|1|921.80754069|34402351|2||2||1|1|2|2|2|2|2|2|2||1||5000000
3440236|1|1|1|927.97510801|34402361|2||2||1|1|2|2|2|2|2|2|2||1||2500000
3440237|1|1|1|756.05737263|34402371|2||2||1|1|2|2|2|2|2|2|2||1||2000000
3440238|1|1|1|653.90811812|34402381|2||2||1|1|2|2|2|2|2|2|2||1||4500000
3440239|1|1|1|1120.9171842|34402391|2||2||1|1|2|2|2|2|2|2|2||1||2800000
3440240|1|1|1|787.8578294|34402401|2||2||2|1|2|2|2|2|2|2|2||1||5000000
3440241|1|1|1|653.90811812|34402411|2||2||1|1|2|2|2|2|2|2|2||1||10000000
3440242|1|1|1|427.09282834|34402421|2||2||1|1|2|2|2|2|2|2|2||1||4500000
3440243|1|1|1|975.91477627|34402431|2||2||1|1|2|2|2|2|2|2|1||1||4300000
3440244|1|1|1|653.90811812|34402441|2||2||1|1|2|2|2|2|2|2|2||1||5200000
3440245|1|1|1|719.40322839|34402451|2||2||1|1|2|2|2|2|2|2|2||1||4500000
3440247|1|1|1|756.05737263|34402471|2||2||1|1|2|2|2|2|2|1|2||1||3500000
3440249|1|1|1|653.90811812|34402491|2||2||1|1|2|2|2|2|2|2|2||1||3000000
3440250|1|1|1|1035.977269|34402501|2||2||1|1|2|2|2|2|2|2|2||1||1300000
3440251|1|1|1|1015.9077633|34402511|2||2||1|1|2|2|2|2|2|2|2||1||2600000
3440252|1|1|1|1202.8328811|34402521|2||2||1|1|2|2|2|2|2|2|2||1||2800000
3440253|1|1|1|1207.2208243|34402531|2||2||1|1|2|2|2|2|2|2|2||1||1300000
3440254|1|1|1|1470.9693688|34402541|2||2||1|1|2|2|2|2|2|2|2||1||500000
3440255|1|1|1|1485.1356432|34402551|2||2||1|1|2|2|2|2|2|2|2||1||1600000
3440257|1|1|1|874.74656755|34402571|2||2||1|1|2|2|2|2|2|2|2||1||1800000
3440258|1|1|1|1695.0921295|34402581|2||2||2|1|2|2|2|2|2|2|2||1||2600000
3440259|1|1|1|721.43686276|34402591|2||2||1|1|1|2|2|2|2|2|2||1||1500000
3440260|1|1|1|943.46954772|34402601|2||2||2|1|2|2|2|2|2|2|2||1||1300000
3440262|1|1|1|1221.3843666|34402621|2||2||1|1|2|2|2|2|2|2|2||1||1300000
3440263|1|1|1|1328.8202778|34402631|2||2||1|1|2|2|2|2|2|2|2||1||1600000
3440265|1|1|1|1887.2734983|34402651|2||2||1|1|2|2|1|2|2|2|2||1||1300000
3440266|1|1|1|1180.5634281|34402661|2||2||1|1|2|2|2|2|2|2|2||1||1500000
3440267|1|1|1|629.96546681|34402671|2||2||1|1|2|2|2|2|2|2|2||1||600000
3440269|1|1|1|833.10431026|34402691|2||2||1|1|2|2|2|2|2|2|2||1||1300000
3440270|1|1|1|877.13802996|34402701|2||2||1|1|2|2|2|2|2|2|2||1||1300000
3440272|1|1|1|874.10990594|34402721|2||2||1|1|2|2|2|2|2|2|2||1||1300000
3440273|1|1|1|877.13802996|34402731|2||2||1|1|2|2|2|2|2|2|2||1||1300000
3440274|1|1|1|579.9757811|34402741|2||2||1|1|2|2|2|2|2|2|2||1||1300000
3440275|1|1|1|579.9757811|34402751|2||2||1|1|2|2|2|2|2|2|2||1||1300000
3440276|1|1|1|877.13802996|34402761|2||2||1|1|2|2|2|2|2|2|2||1||1900000
3440277|1|1|1|704.4572623|34402771|2||2||1|1|2|2|2|2|2|2|2||1||2300000
3440278|1|1|1|755.26813233|34402781|2||2||1|1|2|2|2|2|2|2|2||1||1500000
3440279|1|1|1|579.87173856|34402791|2||2||1|1|2|2|2|2|2|2|2||1||1300000
3440280|1|1|1|1104.0509704|34402801|2||2||1|1|2|2|2|2|2|2|2||1||600000
3440281|1|1|1|776.80602507|34402811|2||2||1|1|2|2|2|2|2|2|2||1||1300000
3440282|1|1|1|579.87173856|34402821|2||2||1|1|2|2|2|2|2|2|2||1||1300000
3440283|1|1|1|412.22453303|34402831|2||2||1|1|2|2|1|2|2|2|2||1||1200000
3440284|1|1|1|850.07839028|34402841|2||2||1|1|2|1|2|2|2|2|2||1||2600000
3440285|1|1|1|898.1152179|34402851|2||2||1|1|2|2|2|2|2|2|2||1||2600000
3440286|1|1|1|1112.1776111|34402861|2||2||1|1|2|2|2|2|2|2|2||1||1300000
3440287|1|1|1|810.98903688|34402871|2||2||1|2|1|2|2|2|2|2|1||8||500000
3440288|1|1|1|614.05475037|34402881|2||2||1|1|2|2|2|2|2|2|2||1||1300000
3440291|1|1|1|957.58023712|34402911|2||2||1|1|2|2|2|2|2|2|2||1||2600000
3440292|1|1|1|917.52049499|34402921|2||2||1|1|2|2|2|2|2|2|2||1||1300000
3440293|1|1|1|417.37733969|34402931|2||2||1|1|2|2|2|2|2|2|2||1||800000
3440294|1|1|1|1035.0857919|34402941|2||2||1|1|2|2|2|2|2|2|2||1||2600000
3440295|1|1|1|435.9627492|34402951|2||2||1|1|2|2|2|2|2|2|1||1||1300000
3440296|1|1|1|828.12010929|34402961|2||2||1|2|2|2|2|2|2|2|1||8||700000
3440296|1|2|2|828.12010929|34402962|2||2||1|2|2|2|2|2|2|2|1||8||700000
3440298|1|1|1|912.65894317|34402981|2||2||1|1|2|2|2|2|2|2|2||1||3500000
3440299|1|1|1|960.89752217|34402991|2||2||1|1|2|2|2|2|2|2|2||1||1800000
3440300|1|1|1|1198.2462736|34403001|2||2||1|1|2|2|2|2|2|2|2||1||1300000
3440301|1|1|1|1320.8070081|34403011|2||2||2|1|2|2|2|2|2|2|2||1||3000000
3440302|1|1|1|1059.8179138|34403021|2||2||1|2|2|2|2|2|2|2|1||8||1000000
3440303|1|1|1|682.28305597|34403031|2||2||1|1|2|2|2|2|2|2|2||1||2600000
3440304|1|1|1|948.60945314|34403041|2||2||2|1|2|2|2|2|2|2|2||1||2000000
3440306|1|1|1|848.16221766|34403061|2||2||1|1|2|2|2|2|2|2|2||1||1300000
3440307|1|1|1|835.66700365|34403071|2||2||1|1|2|2|2|2|2|2|2||1||1300000
3440308|1|1|1|644.30193173|34403081|2||2||1|1|2|2|2|2|2|2|2||1||1300000
3440309|1|1|1|560.27404986|34403091|2||2||1|1|2|2|2|2|2|2|2||1||1800000
3440310|1|1|1|1218.3298925|34403101|2||2||2|1|2|2|2|2|2|2|2||1||2300000
3440311|1|1|1|1013.7362961|34403111|2||2||1|2|2|1|2|2|2|2|2||3||2600000
3440312|1|1|1|673.44361864|34403121|2||2||1|1|2|2|2|2|2|2|2||1||1000000
3440313|1|1|1|665.28587197|34403131|2||2||1|1|2|2|2|2|2|2|2||1||1800000
3440314|1|1|1|816.43012971|34403141|2||2||1|1|2|2|1|2|2|2|2||1||2000000
3440315|1|1|1|1186.2932372|34403151|2||2||1|1|2|2|2|2|2|2|2||1||1300000
3440316|1|1|1|1192.2951531|34403161|2||2||1|1|2|2|2|2|2|2|2||1||2000000
3440317|1|1|1|1186.2932372|34403171|2||2||1|1|2|2|2|2|2|2|2||1||5000000
3440318|1|1|1|954.18249487|34403181|2||2||1|1|2|1|2|2|2|2|2||3||2000000
3440319|1|1|1|767.56843797|34403191|2||2||1|1|2|2|2|2|2|2|2||1||2000000
3440321|1|1|1|973.47143909|34403211|2||2||1|1|2|1|2|2|2|2|2||1||9000000
3440322|1|1|1|801.77325237|34403221|2||2||2|2|2|1|2|2|2|2|2||3||6000000
3440323|1|1|1|754.67160958|34403231|2||2||2|1|2|2|2|2|2|2|2||1||15000000
3440324|1|1|1|1070.9138246|34403241|2||2||1|2|2|2|2|2|2|1|1||7||1200000
3440325|1|1|1|1066.1668548|34403251|2||2||1|1|2|1|2|2|2|2|2||1||6000000
3440326|1|1|1|428.81936387|34403261|2||2||1|1|2|2|2|2|2|2|2||1||6000000
3440327|1|1|1|801.77325237|34403271|2||2||2|2|2|1|2|2|2|2|2||3||12000000
3440329|1|1|1|741.36453528|34403291|2||2||1|1|2|2|2|2|2|2|2||1||6500000
3440330|1|1|1|622.21895914|34403301|2||2||2|1|2|2|2|2|2|2|2||1||2500000
3440331|1|1|1|615.89413548|34403311|2||2||1|2|2|2|2|2|2|2|1||8||2500000
3440332|1|1|1|884.69911272|34403321|2||2||1|1|2|2|2|2|2|2|2||1||10000000
3440333|1|1|1|884.69911272|34403331|2||2||1|1|2|2|2|2|2|2|2||1||2600000
3440334|1|1|1|738.17251989|34403341|2||2||1|1|2|2|2|2|2|2|1||1||1300000
3440338|1|1|1|881.4834546|34403381|2||2||1|1|2|2|2|2|2|2|2||1||5000000
3440339|1|1|1|795.97072139|34403391|2||2||1|2|2|1|2|2|2|2|2||3||1300000
3440340|1|1|1|959.83024039|34403401|2||2||1|1|2|2|2|2|2|2|2||1||4000000
3440341|1|1|1|1001.9542921|34403411|2||2||1|2|2|2|2|2|2|2|1||8||1500000
3440342|1|1|1|996.91053654|34403421|2||2||1|1|2|2|2|2|2|1|2||1||8000000
3440343|1|1|1|851.90099979|34403431|2||2||1|1|2|1|2|2|2|2|2||1||4000000
3440344|1|1|1|820.405365|34403441|2||2||1|1|2|2|2|2|2|2|2||1||6500000
3440345|1|1|1|948.46619072|34403451|2||2||1|1|2|1|2|2|2|2|2||1||3000000
3440346|1|1|1|715.98675472|34403461|2||2||1|2|2|1|2|2|2|2|2||3||9500000
3440347|1|1|1|851.90099979|34403471|2||2||1|2|2|1|2|2|2|2|1||3||2000000
3440349|1|1|1|1258.6515155|34403491|2||2||1|1|2|2|2|2|2|2|2||1||3000000
3440349|1|2|2|1258.6515155|34403492|2||2||1|1|2|2|2|2|2|2|2||1||2700000
3440349|1|3|3|1258.6515155|34403493|2||2||1|2|2|2|2|2|1|2|1||8||800000
3440350|1|1|1|1168.2836337|34403501|2||2||1|1|2|2|2|2|2|2|2||1||4500000
3440351|1|1|1|875.44555274|34403511|2||2||1|1|1|2|2|2|2|2|2||1||3000000
3440352|1|1|1|1133.5490028|34403521|2||2||1|1|2|2|2|2|2|2|2||1||1300000
3440353|1|1|1|1194.7949439|34403531|2||2||1|1|2|2|2|2|2|2|2||1||2600000
3440354|1|1|1|896.61287387|34403541|2||2||1|1|2|2|2|2|2|2|2||1||1300000
3440355|1|1|1|1250.0188923|34403551|2||2||1|1|2|2|2|2|2|2|2||1||1000000
3440356|1|1|1|1222.2780419|34403561|2||2||1|1|2|2|2|2|2|2|2||1||1300000
3440357|1|1|1|1105.6094594|34403571|2||2||1|1|2|1|2|2|2|2|2||3||2000000
3440358|1|1|1|1050.385511|34403581|2||2||1|2|2|1|2|2|2|2|2||3||1300000
3440359|1|1|1|1250.0188923|34403591|2||2||1|1|2|2|2|2|2|2|2||1||1300000
3440360|1|1|1|1399.9938724|34403601|2||2||1|1|2|2|2|2|2|2|2||1||1300000
3440361|1|1|1|940.03270531|34403611|2||2||2|2|2|1|2|2|2|2|2||3||2600000
3440362|1|1|1|1267.3315039|34403621|2||2||1|1|2|2|2|2|2|2|2||1||4000000
3440363|1|1|1|1454.5329752|34403631|2||2||1|1|2|2|2|2|2|2|2||1||2600000
3440364|1|1|1|1096.1519507|34403641|2||2||1|1|2|2|2|2|2|2|2||1||2000000
3440365|1|1|1|921.6524593|34403651|2||2||1|1|2|2|2|2|2|2|2||1||1300000
3440366|1|1|1|1096.1519507|34403661|2||2||1|1|2|2|2|2|2|2|2||1||1800000
3440367|1|1|1|1339.1838931|34403671|2||2||1|1|2|2|2|2|2|2|2||1||1500000
3440368|1|1|1|688.38531485|34403681|2||2||1|1|2|1|2|2|2|2|2||3||2300000
3440369|1|1|1|1339.1838931|34403691|2||2||1|1|2|2|2|2|2|2|2||1||1000000
3440370|1|1|1|1392.674679|34403701|2||2||1|1|2|2|2|2|2|2|2||1||3200000
3440371|1|1|1|880.86365329|34403711|2||2||1|1|2|2|2|2|2|2|2||1||5000000
3440372|1|1|1|1729.6888349|34403721|2||2||1|1|2|2|2|2|2|2|2||1||4000000
3440373|1|1|1|2089.4849259|34403731|2||2||1|1|2|1|2|2|2|2|2||1||6000000
3440374|1|1|1|1331.3310553|34403741|2||2||1|1|2|2|2|2|2|2|2||1||10000000
3440375|1|1|1|1288.1375955|34403751|2||2||1|1|2|2|2|2|2|2|2||1||2300000
3440376|1|1|1|1703.5108106|34403761|2||2||1|1|2|2|2|2|2|2|2||1||7000000
3440377|1|1|1|779.04984723|34403771|2||2||1|1|2|2|2|2|2|2|2||1||5000000
3440379|1|1|1|1455.676984|34403791|2||2||1|1|2|2|2|2|2|2|2||1||3000000
3440380|1|1|1|1768.1121819|34403801|2||2||1|2|2|1|2|2|2|2|2||3||4500000
3440381|1|1|1|1089.6890608|34403811|2||2||1|1|2|2|2|2|2|2|2||1||5000000
3440382|1|1|1|1802.6241185|34403821|2||2||1|1|2|1|2|2|2|2|2||1||1800000
3440383|1|1|1|777.32896363|34403831|2||2||1|1|2|2|2|2|2|2|2||1||1300000
3440385|1|1|1|971.28220901|34403851|2||2||2|1|2|2|2|2|2|2|2||1||1300000
3440387|1|1|1|1142.1928562|34403871|2||2||1|1|1|2|2|2|2|2|2||1||1300000
3440388|1|1|1|832.87586|34403881|2||2||2|1|2|2|2|2|2|2|2||1||400000
3440389|1|1|1|974.64696094|34403891|2||2||1|1|2|2|2|2|2|2|2||1||1300000
3440390|1|1|1|960.82367497|34403901|2||2||1|1|2|2|2|2|2|2|2||1||1300000
3440391|1|1|1|497.74781665|34403911|2||2||1|1|2|2|2|2|2|2|2||1||1300000
3440392|1|1|1|720.10427353|34403921|2||2||1|1|2|2|2|2|2|2|2||1||2000000
3440393|1|1|1|936.17457732|34403931|2||2||1|1|2|2|2|2|2|2|2||1||1300000
3440394|1|1|1|717.19776782|34403941|2||2||1|1|2|2|2|2|2|2|2||1||1300000
3440397|1|1|1|549.96894683|34403971|2||2||1|1|2|1|2|2|2|2|2||1||4000000
3440398|1|1|1|754.25557844|34403981|2||2||1|1|2|2|2|2|2|2|2||1||1000000
3440399|1|1|1|730.26705637|34403991|2||2||1|1|2|2|2|2|2|2|2||1||1800000
3440400|1|1|1|786.78247671|34404001|2||2||1|1|2|2|2|2|2|2|2||1||2000000
3440401|1|1|1|954.64081318|34404011|2||2||1|1|2|2|2|2|2|2|2||1||1800000
3440401|1|2|2|954.64081318|34404012|2||2||1|1|2|2|2|2|2|2|2||1||1300000
3440401|1|3|3|954.64081318|34404013|2||2||1|1|2|2|2|2|2|2|2||1||2400000
3440402|1|1|1|615.55530105|34404021|2||2||1|1|2|2|2|2|2|2|2||1||1300000
3440403|1|1|1|648.74599025|34404031|2||2||1|2|1|2|2|2|2|2|1||8||1000000
3440403|1|2|2|648.74599025|34404032|2||2||1|1|2|1|2|2|2|2|2||1||1800000
3440404|1|1|1|677.64463861|34404041|2||2||2|1|2|2|2|2|2|2|2||1||2000000
3440405|1|1|1|451.19190341|34404051|2||2||1|1|2|1|2|2|2|2|2||3||2500000
3440406|1|1|1|661.8152788|34404061|2||2||1|1|2|2|2|2|2|2|2||1||1300000
3440407|1|1|1|1551.0068476|34404071|2||2||1|1|2|2|2|2|2|2|2||1||1600000
3440408|1|1|1|1388.5768476|34404081|2||2||1|1|2|2|2|2|2|2|2||1||1500000
3440409|1|1|1|1351.9672145|34404091|2||2||1|1|2|2|2|2|2|2|2||1||800000
3440410|1|1|1|1351.9672145|34404101|2||2||1|1|2|1|2|2|2|2|2||3||1800000
3440411|1|1|1|2448.6866457|34404111|2||2||1|1|2|2|2|2|2|2|2||1||1300000
3440414|1|1|1|1117.4157084|34404141|2||2||1|1|2|2|2|2|2|2|2||1||1300000
3440415|1|1|1|2145.055094|34404151|2||2||1|1|2|2|1|2|2|2|2||1||500000
3440416|1|1|1|1987.9560307|34404161|2||2||1|1|2|1|2|2|2|2|2||1||3000000
3440417|1|1|1|1551.0068476|34404171|2||2||1|1|2|2|2|2|2|2|2||1||2000000
3440418|1|1|1|251.83797382|34404181|2||2||1|1|2|2|2|2|2|2|2||1||800000
3440419|1|1|1|267.62426645|34404191|2||2||1|1|2|2|2|2|2|2|2||1||1300000
3440420|1|1|1|341.51153444|34404201|2||2||1|1|2|2|2|2|2|2|2||1||2200000
3440423|1|1|1|302.6930784|34404231|2||2||1|1|2|2|2|2|2|2|2||1||1000000
3440425|1|1|1|289.30247966|34404251|2||2||1|1|2|2|2|2|2|2|2||1||6300000
3440427|1|1|1|251.43994467|34404271|2||2||1|1|2|2|2|2|2|2|2||1||600000
3440428|1|1|1|241.61802742|34404281|2||2||2|1|2|2|2|2|2|2|2||1||1000000
3440429|1|1|1|203.43049206|34404291|2||2||1|1|2|2|2|2|2|2|2||1||2100000
3440431|1|1|1|107.66237144|34404311|2||2||1|1|1|2|2|2|2|2|2||1||700000
3440432|1|1|1|128.87935108|34404321|2||2||1|1|2|2|2|2|2|2|2||1||2200000
3440433|1|1|1|192.51836936|34404331|2||2||1|1|2|2|2|2|2|2|2||1||1300000
3440434|1|1|1|83.785594822|34404341|2||2||1|1|2|2|2|2|2|2|2||1||1500000
3440435|1|1|1|170.31154258|34404351|2||2||1|1|2|2|2|2|2|2|2||1||1800000
3440436|1|1|1|107.66237144|34404361|2||2||1|1|2|2|2|2|2|2|2||1||1300000
3440437|1|1|1|184.73138792|34404371|2||2||1|1|2|2|2|2|2|2|2||1||2600000
3440438|1|1|1|177.75986125|34404381|2||2||1|1|2|2|2|2|2|2|2||1||2000000
3440439|1|1|1|286.20461142|34404391|2||2||1|1|2|2|2|2|2|2|2||1||2600000
3440440|1|1|1|179.67175827|34404401|2||2||1|2|2|2|2|2|2|1|2||7||1300000
3440441|1|1|1|209.68028422|34404411|2||2||1|1|2|2|2|2|2|2|2||1||2000000
3440443|1|1|1|325.70256373|34404431|2||2||1|1|2|2|2|2|2|2|2||1||3000000
3440446|1|1|1|187.26339418|34404461|2||2||1|1|2|2|2|2|2|2|2||1||1300000
3440448|1|1|1|223.13108538|34404481|2||2||1|1|2|2|2|2|2|2|2||1||2200000
3440451|1|1|1|132.49663439|34404511|2||2||1|1|2|2|2|2|2|2|2||1||1500000
3440453|1|1|1|244.88434375|34404531|2||2||1|1|2|2|2|2|2|2|2||1||2600000
3440455|1|1|1|220.59790634|34404551|2||2||1|1|2|2|2|2|2|2|2||1||500000
3440457|1|1|1|240.6919996|34404571|2||2||1|2|2|2|1|2|2|2|2||4||1500000
3440458|1|1|1|109.22226693|34404581|2||2||1|1|2|1|2|2|2|2|2||1||3000000
3440459|1|1|1|265.68871813|34404591|2||2||1|1|2|2|2|2|2|2|2||1||1300000
3440460|1|1|1|89.363672947|34404601|2||2||1|1|2|1|2|2|2|2|2||3||1700000
3440461|1|1|1|89.363672947|34404611|2||2||1|2|2|1|2|2|2|2|2||3||1300000
3440462|1|1|1|200.35991762|34404621|2||2||1|1|2|2|2|2|2|2|2||1||1300000
3440463|1|1|1|197.54215853|34404631|2||2||1|1|2|2|2|2|2|2|2||1||3700000
3440464|1|1|1|91.333255158|34404641|2||2||1|2|2|2|2|2|2|2|1||8||500000
3440465|1|1|1|89.363672947|34404651|2||2||1|1|2|2|2|2|2|2|2||1||1300000
3440466|1|1|1|91.333255158|34404661|2||2||1|2|2|1|2|2|2|2|2||3||1300000
3440467|1|1|1|106.41316591|34404671|2||2||1|1|2|2|2|2|2|2|2||1||1800000
3440468|1|1|1|126.28388743|34404681|2||2||1|1|2|2|2|2|2|2|2||1||8000000
3440469|1|1|1|213.90929928|34404691|2||2||1|1|2|2|2|2|2|2|2||1||1700000
3440470|1|1|1|89.363672947|34404701|2||2||1|1|2|2|2|2|2|2|2||1||1000000
3440471|1|1|1|201.87831914|34404711|2||2||1|1|2|2|2|2|2|2|2||1||2300000
3440472|1|1|1|180.48919609|34404721|2||2||1|1|2|2|2|2|2|2|2||1||900000
3440474|1|1|1|180.48919609|34404741|2||2||1|1|2|2|2|2|2|2|2||1||1300000
3440475|1|1|1|89.363672947|34404751|2||2||1|1|2|2|2|2|2|2|2||1||1500000
3440476|1|1|1|89.363672947|34404761|2||2||1|2|2|1|2|2|2|2|2||3||1500000
3440477|1|1|1|280.58905569|34404771|2||2||1|1|2|2|2|2|2|2|2||1||4000000
3440479|1|1|1|108.63765835|34404791|2||2||1|1|2|2|2|2|2|2|2||1||3000000
3440480|1|1|1|91.333255158|34404801|2||2||1|2|2|2|2|2|2|1|1||7||4000000
3440481|1|1|1|205.25709769|34404811|2||2||1|1|2|2|2|2|2|2|2||1||5700000
3440482|1|1|1|97.992285431|34404821|1|1|2||1|1|2|2|2|2|2|2|2||1||2500000
3440484|1|1|1|116.3688817|34404841|2||2||1|2|1|2|2|2|2|2|2||2||400000
3440485|1|1|1|340.15736975|34404851|2||2||1|2|2|2|1|2|2|2|2||4||600000
3440486|1|1|1|330.47469382|34404861|2||2||1|1|2|2|2|2|2|2|2||1||800000
3440487|1|1|1|130.81414463|34404871|2||2||1|1|1|2|2|2|2|2|2||1||1300000
3440488|1|1|1|133.30560878|34404881|2||2||1|1|2|2|2|2|2|2|2||1||600000
3440489|1|1|1|114.16656895|34404891|2||2||1|2|2|2|2|2|2|2|1||8||500000
3440490|1|1|1|273.2189478|34404901|2||2||1|1|2|2|2|2|2|2|2||1||1500000
3440491|1|1|1|233.20885909|34404911|2||2||1|1|2|2|2|2|2|2|2||1||500000
3440492|1|1|1|231.73297021|34404921|2||2||1|1|2|2|2|2|2|2|2||1||600000
3440493|1|1|1|271.72709808|34404931|2||2||1|1|2|2|2|2|2|2|2||1||2200000
3440494|1|1|1|250.38168849|34404941|2||2||1|1|2|2|2|2|2|2|2||1||700000
3440495|1|1|1|263.00252341|34404951|2||2||1|1|2|2|2|2|2|2|2||1||3000000
3440496|1|1|1|217.6396185|34404961|2||2||1|1|2|2|2|2|2|2|2||1||900000
3440497|1|1|1|117.07894869|34404971|2||2||1|1|2|2|2|2|2|2|2||1||1300000
3440498|1|1|1|223.52812656|34404981|2||2||1|1|2|2|2|2|2|2|2||1||600000
3440499|1|1|1|208.55967319|34404991|2||2||1|1|2|2|2|2|2|2|2||1||800000
3440500|1|1|1|214.7084175|34405001|2||2||1|1|2|2|2|2|2|2|2||1||900000
3440501|1|1|1|192.0461103|34405011|2||2||1|1|2|2|2|2|2|2|2||1||1300000
3440502|1|1|1|207.90589171|34405021|2||2||1|1|2|2|2|2|2|2|2||1||700000
3440503|1|1|1|125.20977448|34405031|2||2||1|1|2|2|2|2|2|2|2||1||1300000
3440504|1|1|1|252.04579733|34405041|2||2||1|1|2|2|2|2|2|2|2||1||2300000
3440505|1|1|1|112.22340259|34405051|2||2||1|1|2|2|2|2|2|2|2||1||2000000
3440506|1|1|1|213.07237202|34405061|2||2||1|1|2|2|2|2|2|2|2||1||2100000
3440507|1|1|1|203.05034561|34405071|2||2||1|1|2|2|2|2|2|2|2||1||800000
3440508|1|1|1|86.630167486|34405081|2||2||1|2|2|2|2|2|2|2|1||8||600000
3440510|1|1|1|83.157862325|34405101|2||2||1|2|2|1|2|2|2|2|2||3||3000000
3440511|1|1|1|167.95522414|34405111|2||2||1|1|2|2|2|2|2|2|2||1||3000000
3440512|1|1|1|83.157862325|34405121|2||2||1|1|2|2|2|2|2|2|2||1||3000000
3440513|1|1|1|169.59472363|34405131|2||2||1|1|2|2|2|2|2|2|2||1||600000
3440514|1|1|1|181.59406124|34405141|2||2||1|1|2|2|2|2|2|2|2||1||3500000
3440515|1|1|1|94.681521747|34405151|2||2||1|1|2|2|2|2|2|2|2||1||1300000
3440518|1|1|1|83.157862325|34405181|2||2||1|1|2|2|2|2|2|2|2||1||2500000
3440520|1|1|1|340.68272604|34405201|2||2||1|2|2|2|1|2|2|2|1||4||500000
3440521|1|1|1|127.5156022|34405211|2||2||1|1|1|2|2|2|2|2|2||1||500000
3440522|1|1|1|356.08841254|34405221|2||2||1|1|2|2|2|2|2|2|2||1||1000000
3440523|1|1|1|185.350829|34405231|2||2||1|1|2|2|2|2|2|2|2||1||1200000
3440524|1|1|1|305.39278574|34405241|2||2||1|1|2|2|2|2|2|2|2||1||500000
3440525|1|1|1|341.43895191|34405251|2||2||1|1|2|2|2|2|2|2|2||1||1000000
3440526|1|1|1|116.28734364|34405261|2||2||1|1|1|2|2|2|2|2|2||1||600000
3440527|1|1|1|258.43210055|34405271|2||2||1|1|2|2|2|2|2|2|2||1||400000
3440528|1|1|1|365.37149853|34405281|2||2||1|1|2|2|2|2|2|2|2||1||600000
3440529|1|1|1|150.03351147|34405291|2||2||1|1|2|2|2|2|2|2|2||1||1300000
3440531|1|1|1|253.57200351|34405311|2||2||1|1|2|2|2|2|2|2|2||1||700000
3440532|1|1|1|121.14298966|34405321|2||2||1|1|2|2|2|2|2|2|2||1||500000
3440533|1|1|1|241.23996386|34405331|2||2||1|1|2|2|2|2|2|2|2||1||550000
3440535|1|1|1|273.34859024|34405351|2||2||2|1|2|2|2|2|2|2|2||1||1300000
3440536|1|1|1|94.203380422|34405361|2||2||1|2|2|1|2|2|2|1|2||3||6000000
3440537|1|1|1|134.41793588|34405371|2||2||1|1|2|2|2|2|2|2|2||1||1300000
3440537|1|2|2|134.41793588|34405372|2||2||1|1|2|2|2|2|2|2|2||1||1700000
3440537|1|3|3|134.41793588|34405373|2||2||1|1|2|2|2|2|2|2|2||1||1300000
3440537|1|4|4|134.41793588|34405374|2||2||1|1|2|2|2|2|2|2|2||1||1300000
3440538|1|1|1|90.427526196|34405381|2||2||1|1|2|2|2|2|2|2|2||1||4000000
3440539|1|1|1|187.59335684|34405391|2||2||1|1|2|2|2|2|2|2|2||1||3700000
3440540|1|1|1|104.68947684|34405401|2||2||1|1|2|2|2|2|2|2|2||1||3200000
3440541|1|1|1|113.44468083|34405411|2||2||1|1|2|2|2|2|2|2|2||1||1300000
3440543|1|1|1|120.18298528|34405431|2||2||1|1|2|2|2|2|2|2|2||1||98
3440544|1|1|1|116.3688817|34405441|2||2||1|1|2|2|2|2|2|2|1||1||700000
3440546|1|1|1|272.08040101|34405461|2||2||2|1|2|2|2|2|2|2|2||1||3000000
3440547|1|1|1|348.48115759|34405471|2||2||1|1|2|2|2|2|2|2|2||1||6450000
3440548|1|1|1|282.54235008|34405481|2||2||1|1|2|2|2|2|2|2|2||1||4500000
3440549|1|1|1|129.32229492|34405491|2||2||1|1|2|2|2|2|2|2|2||1||2500000
3440550|1|1|1|265.60562299|34405501|1|1|2||1|1|2|1|2|2|2|2|2||1||3000000
3440552|1|1|1|124.98182094|34405521|2||2||1|1|2|2|2|2|2|2|1||1||1500000
3440553|1|1|1|255.84494824|34405531|2||2||1|2|2|2|1|2|2|2|2||4||1200000
3440554|1|1|1|132.29003351|34405541|2||2||1|1|2|2|2|2|2|2|1||1||1300000
3440555|1|1|1|131.52460767|34405551|2||2||1|1|2|2|2|2|2|2|2||1||500000
3440556|1|1|1|278.2018761|34405561|2||2||1|1|2|2|2|2|2|2|2||1||1300000
3440557|1|1|1|231.73297021|34405571|2||2||1|1|2|2|2|2|2|2|2||1||500000
3440558|1|1|1|114.16656895|34405581|2||2||1|2|2|2|2|2|2|1|1||7||700000
3440559|1|1|1|256.97752431|34405591|2||2||1|1|2|2|1|2|2|2|2||1||900000
3440560|1|1|1|278.2018761|34405601|2||2||1|1|2|2|2|2|2|2|2||1||3000000
3440561|1|1|1|239.33033418|34405611|2||2||1|1|2|2|2|2|2|2|2||1||2100000
3440562|1|1|1|133.01645738|34405621|2||2||1|1|2|2|2|2|2|2|2||1||1300000
3440564|1|1|1|176.26747525|34405641|2||2||1|1|2|2|2|2|2|2|2||1||2500000
3440565|1|1|1|320.42486767|34405651|2||2||1|1|2|2|2|2|2|2|2||1||1300000
3440566|1|1|1|116.3688817|34405661|2||2||1|1|2|2|2|2|2|2|2||1||650000
3440567|1|1|1|288.3823809|34405671|2||2||1|1|2|2|2|2|2|2|2||1||1300000
3440568|1|1|1|203.05034561|34405681|2||2||1|1|2|2|2|2|2|2|2||1||1000000
3440569|1|1|1|208.55967319|34405691|2||2||1|1|2|2|2|2|2|2|2||1||700000
3440570|1|1|1|190.06402882|34405701|2||2||1|1|2|2|2|2|2|2|2||1||2500000
3440571|1|1|1|104.73199353|34405711|2||2||2|1|2|2|2|2|2|2|2||1||800000
3440572|1|1|1|230.9142349|34405721|2||2||2|1|2|2|2|2|2|2|2||1||900000
3440573|1|1|1|317.53946841|34405731|2||2||2|1|2|2|2|2|2|2|2||1||1300000
3440574|1|1|1|132.01230028|34405741|2||2||1|1|2|2|2|2|2|2|1||1||600000
3440575|1|1|1|240.64796169|34405751|2||2||1|1|2|2|2|2|2|2|2||1||1300000
3440576|1|1|1|122.21736564|34405761|2||2||1|1|2|2|2|2|2|2|2||1||600000
3440577|1|1|1|109.58753963|34405771|2||2||1|1|2|2|2|2|2|2|2||1||500000
3440578|1|1|1|225.40490732|34405781|2||2||1|1|2|2|2|2|2|2|2||1||500000
3440580|1|1|1|156.36284091|34405801|2||2||1|1|2|2|2|2|2|2|2||1||300000
3440582|1|1|1|72.305493666|34405821|2||2||1|1|2|2|2|2|2|2|1||1||600000
3440583|1|1|1|77.577225966|34405831|2||2||1|1|2|2|2|2|2|2|2||1||400000
3440584|1|1|1|87.175852416|34405841|2||2||1|1|2|2|2|2|2|2|2||1||500000
3440585|1|1|1|213.85507354|34405851|2||2||2|1|2|2|2|2|2|2|2||1||1100000
3440586|1|1|1|183.75515223|34405861|2||2||1|1|2|2|2|2|2|2|2||1||800000
3440587|1|1|1|215.43300084|34405871|2||2||1|1|2|2|2|2|2|2|2||1||700000
3440588|1|1|1|162.49520234|34405881|2||2||1|1|2|2|2|2|2|2|2||1||500000
3440589|1|1|1|410.20183062|34405891|2||2||1|2|2|1|2|2|2|2|2||3||10000000
3440590|1|1|1|221.22908225|34405901|2||2||1|1|2|2|2|2|2|2|2||1||2500000
3440591|1|1|1|435.44559758|34405911|2||2||1|1|2|2|2|2|2|2|2||1||5000000
3440592|1|1|1|411.88571817|34405921|1|1|2||1|2|2|1|2|2|2|2|2||3||5000000
3440593|1|1|1|459.26214414|34405931|2||2||1|1|2|2|2|2|2|2|2||1||3000000
3440594|1|1|1|493.21640024|34405941|2||2||1|1|2|1|2|2|2|2|2||1||6000000
3440595|1|1|1|328.19534733|34405951|2||2||1|1|2|2|2|2|2|2|2||1||20000000
3440596|1|1|1|304.3990869|34405961|2||2||1|1|2|2|2|2|2|2|2||1||6500000
3440597|1|1|1|443.88401373|34405971|2||2||1|1|2|1|2|2|2|2|2||1||3000000
3440598|1|1|1|356.56656243|34405981|2||1|3|1|2|2|2|2|2|2|2|1||8||99
3440601|1|1|1|283.82516014|34406011|2||2||1|1|2|2|2|2|2|2|2||1||1300000
3440602|1|1|1|193.23433436|34406021|2||2||1|1|2|2|2|2|2|2|2||1||3000000
3440603|1|1|1|416.08609421|34406031|2||2||1|1|2|2|2|2|2|2|2||1||900000
3440604|1|1|1|324.68589755|34406041|2||2||1|1|2|2|2|2|2|2|2||1||1800000
3440605|1|1|1|196.28488074|34406051|2||2||1|1|2|1|2|2|2|2|2||1||3500000
3440606|1|1|1|170.96930465|34406061|2||2||1|1|2|2|2|2|2|2|2||1||1300000
3440608|1|1|1|278.65617428|34406081|2||2||1|1|2|2|2|2|2|2|2||1||800000
3440609|1|1|1|219.21289645|34406091|2||2||1|1|2|2|2|2|2|2|1||1||1300000
3440611|1|1|1|216.23495175|34406111|2||2||1|1|2|2|2|2|2|1|2||1||1300000
3440612|1|1|1|480.40253516|34406121|2||2||1|1|2|2|2|2|2|2|2||1||1300000
3440613|1|1|1|298.63949634|34406131|2||2||1|1|2|2|2|2|2|2|2||1||1200000
3440614|1|1|1|535.18519657|34406141|2||2||1|1|2|2|2|2|2|1|2||1||2500000
3440615|1|1|1|575.71175344|34406151|2||2||1|1|2|2|2|2|2|2|2||1||7500000
3440616|1|1|1|654.26665338|34406161|2||2||1|1|2|2|2|2|2|2|2||1||1000000
3440617|1|1|1|216.23495175|34406171|2||2||1|1|2|2|2|2|2|2|2||1||1500000
3440618|1|1|1|334.87961034|34406181|2||2||1|1|2|2|2|2|2|2|2||1||4000000
3440619|1|1|1|293.15358327|34406191|2||2||1|1|1|2|2|2|2|2|2||1||1000000
3440620|1|1|1|340.05195675|34406201|2||2||1|1|2|2|2|2|2|2|2||1||800000
3440622|1|1|1|378.26239424|34406221|2||2||1|1|2|2|2|2|2|2|2||1||600000
3440624|1|1|1|240.54786799|34406241|2||2||1|1|2|2|2|2|2|2|2||1||3000000
3440625|1|1|1|302.73323313|34406251|2||2||1|1|2|2|2|2|2|2|2||1||3200000
3440626|1|1|1|398.56967546|34406261|2||2||1|1|2|2|2|2|2|2|1||1||3000000
3440627|1|1|1|300.94866822|34406271|2||2||1|2|2|1|2|2|2|2|2||3||5000000
3440628|1|1|1|503.94024854|34406281|2||2||1|1|2|2|2|2|2|2|2||1||99
3440629|1|1|1|398.56967546|34406291|2||2||1|1|2|2|2|2|2|2|2||1||4000000
3440630|1|1|1|519.18569723|34406301|2||2||1|2|2|1|2|2|2|2|2||3||1300000
3440631|1|1|1|510.9820788|34406311|2||2||1|1|2|2|2|2|2|2|2||1||1300000
3440632|1|1|1|387.10318379|34406321|2||2||1|1|2|2|2|2|2|2|2||1||2800000
3440633|1|1|1|299.3594786|34406331|2||2||1|1|2|2|2|2|2|2|2||1||1300000
3440635|1|1|1|473.4330585|34406351|2||2||1|1|2|2|2|2|2|2|2||1||1600000
3440636|1|1|1|473.4330585|34406361|2||2||1|1|2|2|2|2|2|2|2||1||1600000
3440637|1|1|1|258.41324912|34406371|2||2||1|1|2|2|2|2|2|2|2||1||1300000
3440638|1|1|1|348.4930937|34406381|2||2||1|1|2|2|2|2|2|2|2||1||2000000
3440640|1|1|1|418.41994571|34406401|2||2||1|1|2|2|2|2|2|2|2||1||1300000
3440642|1|1|1|402.27905419|34406421|2||2||1|1|2|2|2|2|2|2|2||1||1500000
3440643|1|1|1|400.63444099|34406431|2||2||1|1|2|2|2|2|2|2|2||1||1000000
3440644|1|1|1|320.54064535|34406441|2||2||1|1|2|2|2|2|2|2|2||1||2500000
3440645|1|1|1|400.63444099|34406451|2||2||1|2|2|1|2|2|2|2|2||3||864000
3440646|1|1|1|348.25014115|34406461|2||2||1|1|2|2|2|2|2|2|2||1||1300000
3440647|1|1|1|217.2056041|34406471|2||2||1|1|2|2|2|2|2|2|2||1||3000000
3440648|1|1|1|320.05652017|34406481|2||2||1|1|2|2|2|2|2|2|2||1||5000000
3440649|1|1|1|244.91509991|34406491|2||2||1|1|2|2|2|2|2|2|2||1||2200000
3440650|1|1|1|400.63444099|34406501|2||1|1|1|2|2|2|2|2|2|1|2||7||2500000
3440651|1|1|1|349.66388659|34406511|2||2||1|1|2|2|2|2|2|2|2||1||1300000
3440653|1|1|1|504.55538856|34406531|2||2||1|1|2|2|2|2|2|2|2||1||1800000
3440654|1|1|1|504.55538856|34406541|2||2||1|1|2|2|2|2|2|2|2||1||1200000
3440655|1|1|1|350.73540643|34406551|2||2||1|1|2|2|2|2|2|2|2||1||1300000
3440657|1|1|1|963.2110102|34406571|2||2||1|1|1|2|2|2|2|2|2||1||1300000
3440658|1|1|1|454.55620918|34406581|2||2||1|1|2|2|2|2|2|2|2||1||2500000
3440660|1|1|1|632.65289495|34406601|2||2||1|2|2|1|1|2|2|2|2||3||1350000
3440661|1|1|1|341.95202476|34406611|2||2||1|1|2|2|2|2|2|2|2||1||1300000
3440662|1|1|1|617.52138066|34406621|2||2||1|1|2|2|2|2|2|2|2||1||1900000
3440663|1|1|1|545.76514658|34406631|2||2||1|2|2|2|2|2|2|2|1||8||800000
3440664|1|1|1|592.95553038|34406641|2||2||1|1|2|2|2|2|2|2|2||1||1200000
3440665|1|1|1|500.84742941|34406651|2||2||1|2|1|2|2|2|2|2|1||8||600000
3440666|1|1|1|376.93405008|34406661|2||2||1|1|2|2|2|2|2|2|2||1||1000000
3440667|1|1|1|361.93173331|34406671|2||2||1|1|2|2|2|2|2|2|2||1||1300000
3440668|1|1|1|592.95553038|34406681|2||2||1|1|2|2|2|2|2|2|2||1||1500000
3440669|1|1|1|198.21537244|34406691|2||2||1|1|2|2|2|2|2|2|2||1||1300000
3440670|1|1|1|268.72411799|34406701|2||1|1|1|1|2|2|2|2|2|2|1||1||1200000
3440671|1|1|1|407.29449199|34406711|2||2||1|1|2|2|2|2|2|2|1||1||1200000
3440672|1|1|1|500.84742941|34406721|2||2||1|1|2|2|2|2|2|2|2||1||2000000
3440673|1|1|1|527.73577399|34406731|2||2||1|1|2|2|2|2|2|1|1||1||1300000
3440674|1|1|1|601.56548517|34406741|2||2||1|1|2|2|2|2|2|2|2||1||1300000
3440675|1|1|1|586.00261518|34406751|2||2||1|1|1|2|2|2|2|2|1||8||300000
3440676|1|1|1|586.00261518|34406761|2||2||1|2|2|2|2|2|2|2|1||8||400000
3440677|1|1|1|232.86840958|34406771|2||2||1|1|2|2|2|2|2|2|2||1||1350000
3440678|1|1|1|364.7753133|34406781|2||2||1|1|2|2|2|2|2|2|2||1||1300000
3440679|1|1|1|390.25780414|34406791|2||2||1|2|1|2|2|2|2|2|1||8||500000
3440680|1|1|1|364.7753133|34406801|2||2||1|1|2|2|2|2|2|2|2||1||1300000
3440681|1|1|1|582.64864861|34406811|2||2||1|1|2|2|2|2|2|2|2||1||2300000
3440682|1|1|1|232.86840958|34406821|2||2||1|1|2|2|2|2|2|2|2||1||1500000
3440683|1|1|1|315.7038589|34406831|2||2||1|1|2|2|2|2|2|2|2||1||600000
3440684|1|1|1|237.43747367|34406841|2||2||1|1|2|2|2|2|2|2|2||1||1300000
3440685|1|1|1|295.59851742|34406851|2||2||1|1|2|2|2|2|2|2|2||1||1300000
3440686|1|1|1|576.35328861|34406861|2||2||1|1|2|2|2|2|2|2|2||1||400000
3440687|1|1|1|468.14237279|34406871|2||2||1|2|2|2|2|2|2|2|1||8||350000
3440688|1|1|1|336.03856333|34406881|2||2||1|1|2|2|2|2|2|2|2||1||900000
3440689|1|1|1|514.89395273|34406891|2||2||1|1|2|2|2|2|2|2|2||1||1500000
3440690|1|1|1|342.61241347|34406901|2||2||1|1|2|2|2|2|2|2|2||1||1300000
3440691|1|1|1|630.43732373|34406911|2||2||1|2|1|1|2|2|2|2|2||3||1000000
3440692|1|1|1|721.80524634|34406921|2||2||1|1|2|2|2|2|2|2|2||1||1300000
3440694|1|1|1|630.43732373|34406941|2||2||1|1|2|2|2|2|2|2|2||1||1300000
3440695|1|1|1|787.23158071|34406951|2||2||1|1|2|2|2|2|2|2|2||1||1000000
3440696|1|1|1|672.82826335|34406961|2||2||1|1|2|2|2|2|2|2|2||1||2500000
3440697|1|1|1|617.52138066|34406971|2||2||1|1|2|2|2|2|2|2|2||1||1300000
3440699|1|1|1|521.46249922|34406991|2||2||1|1|2|2|2|2|2|2|2||1||1300000
3440700|1|1|1|287.44622235|34407001|2||2||1|1|2|2|2|2|2|1|2||1||800000
3440701|1|1|1|210.69046581|34407011|2||2||1|1|2|2|2|2|2|2|2||1||900000
3440702|1|1|1|530.1928423|34407021|2||2||1|2|2|2|2|2|2|2|1||8||800000
3440703|1|1|1|285.63682472|34407031|2||2||1|1|2|2|1|2|2|2|2||1||1300000
3440704|1|1|1|285.63682472|34407041|2||1|4|1|2|2|2|2|2|2|2|1||8||800000
3440705|1|1|1|532.3692956|34407051|2||2||1|2|2|2|2|2|2|1|2||7||3000000
3440707|1|1|1|632.4508632|34407071|2||2||1|1|2|2|2|2|2|2|2||1||900000
3440708|1|1|1|396.9307152|34407081|2||2||1|1|1|2|2|2|2|2|2||1||1300000
3440709|1|1|1|385.71839233|34407091|2||2||1|1|2|2|2|2|2|2|2||1||2300000
3440710|1|1|1|473.71549628|34407101|2||2||1|1|2|2|2|2|2|2|2||1||4000000
3440711|1|1|1|592.97883679|34407111|2||2||1|2|2|2|2|2|2|2|1||8||1500000
3440712|1|1|1|583.21463729|34407121|2||2||1|1|2|2|2|2|2|2|2||1||3900000
3440713|1|1|1|362.49871752|34407131|2||1|1|1|1|2|2|2|2|2|2|2||1||4000000
3440714|1|1|1|627.37819285|34407141|2||2||1|1|2|2|2|2|2|2|2||1||6000000
3440715|1|1|1|362.49871752|34407151|2||2||1|1|2|2|2|2|2|2|1||1||2800000
3440716|1|1|1|595.41302797|34407161|2||2||1|2|2|1|2|2|2|2|2||3||1300000
3440717|1|1|1|235.64065255|34407171|2||2||1|1|2|2|2|2|2|2|2||1||3000000
3440718|1|1|1|635.44891538|34407181|2||2||1|1|2|2|2|2|2|2|2||1||2000000
3440719|1|1|1|627.37819285|34407191|2||2||1|1|2|2|2|2|2|2|2||1||99
3440720|1|1|1|504.34985899|34407201|2||2||1|1|2|2|2|2|2|2|2||1||1300000
3440721|1|1|1|468.79183848|34407211|2||2||1|1|2|2|2|2|2|2|2||1||1300000
3440722|1|1|1|274.08993077|34407221|2||2||1|1|2|2|2|2|2|2|2||1||1500000
3440723|1|1|1|504.34985899|34407231|2||2||1|1|2|2|2|2|2|2|2||1||800000
3440725|1|1|1|504.06041284|34407251|2||2||1|1|2|2|2|2|2|2|2||1||1300000
3440727|1|1|1|494.01710452|34407271|2||2||1|2|2|2|2|2|2|2|1||8||500000
3440728|1|1|1|272.3174738|34407281|2||2||1|1|2|2|2|2|2|2|2||1||1300000
3440729|1|1|1|366.23518142|34407291|2||2||1|1|2|2|2|2|2|2|2||1||1300000
3440730|1|1|1|436.61211727|34407301|2||2||1|1|2|2|2|2|2|2|2||1||1600000
3440731|1|1|1|436.61211727|34407311|2||2||1|2|2|2|2|2|2|2|1||8||1000000
3440732|1|1|1|506.82316756|34407321|2||2||1|1|2|2|2|2|2|2|2||1||7000000
3440733|1|1|1|515.03344414|34407331|2||2||1|1|2|2|2|2|2|2|2||1||2000000
3440734|1|1|1|418.36503796|34407341|2||2||1|1|2|1|2|2|2|2|2||3||2000000
3440735|1|1|1|383.26667545|34407351|2||2||1|1|2|2|2|2|2|2|2||1||2800000
3440736|1|1|1|577.34639963|34407361|2||2||1|2|1|2|2|2|2|2|1||8||1000000
3440737|1|1|1|513.34304537|34407371|2||2||1|1|2|2|2|2|2|2|2||1||7000000
3440738|1|1|1|418.0889921|34407381|2||2||1|2|2|2|2|2|2|2|1||8||1300000
3440740|1|1|1|418.0889921|34407401|2||1|1|1|2|2|2|2|2|2|2|1||8||2500000
3440741|1|1|1|261.40058213|34407411|2||2||1|1|2|2|2|2|2|2|2||1||2600000
3440742|1|1|1|602.53050981|34407421|2||2||1|1|2|2|2|2|2|2|2||1||2000000
3440743|1|1|1|336.31512206|34407431|2||2||1|1|2|2|2|2|2|1|2||1||2300000
3440744|1|1|1|289.93211532|34407441|2||2||1|1|2|2|2|2|2|2|1||1||2000000
3440745|1|1|1|217.17865443|34407451|2||2||1|1|2|2|2|2|2|2|2||1||5000000
3440746|1|1|1|540.37484891|34407461|2||2||1|2|2|1|2|2|2|2|2||3||2000000
3440747|1|1|1|396.94429722|34407471|2||2||1|1|2|2|2|2|2|2|2||1||2500000
3440748|1|1|1|289.93211532|34407481|2||2||1|1|2|2|2|2|2|2|2||1||1300000
3440751|1|1|1|529.30404056|34407511|2||2||1|1|2|2|2|2|2|2|2||1||500000
3440752|1|1|1|929.95092385|34407521|2||2||2|1|2|2|2|2|2|2|2||1||1300000
3440753|1|1|1|1233.3513375|34407531|2||2||1|1|2|2|2|2|2|2|2||1||1300000
3440754|1|1|1|1574.3072867|34407541|2||2||1|1|2|2|2|2|2|2|2||1||1200000
3440755|1|1|1|1388.555307|34407551|2||2||1|1|2|2|2|2|2|2|2||1||1300000
3440756|1|1|1|1669.106739|34407561|2||2||1|1|2|2|2|2|2|2|2||1||1800000
3440757|1|1|1|3026.964771|34407571|2||2||1|1|2|2|2|2|2|2|2||1||1200000
3440758|1|1|1|1259.0452391|34407581|2||2||1|1|1|2|2|2|2|2|2||1||1000000
3440761|1|1|1|2309.1731839|34407611|2||2||1|1|2|2|2|2|2|2|2||1||2000000
3440762|1|1|1|1388.555307|34407621|2||2||1|1|2|2|2|2|2|2|2||1||800000
3440763|1|1|1|2597.6742509|34407631|2||2||1|1|2|1|2|2|2|2|2||1||4000000
3440764|1|1|1|781.63978513|34407641|2||2||1|1|2|1|2|2|2|2|2||1||4000000
3440765|1|1|1|1799.0878859|34407651|2||2||1|1|2|2|2|2|2|2|2||1||98
3440766|1|1|1|2275.67057|34407661|2||2||1|1|2|1|2|2|2|2|2||1||3000000
3440767|1|1|1|1681.1837281|34407671|2||2||1|1|2|2|2|2|2|2|2||1||2000000
3440768|1|1|1|1540.8875237|34407681|2||2||1|1|2|2|2|2|2|2|2||1||98
3440769|1|1|1|1637.1955142|34407691|2||2||1|1|2|2|2|2|2|2|2||1||1300000
3440770|1|1|1|1789.2305299|34407701|2||2||1|1|2|2|2|2|2|1|2||1||4000000
3440771|1|1|1|1283.0459514|34407711|2||2||2|1|2|2|2|2|2|2|2||1||7000000
3440772|1|1|1|1167.1046761|34407721|2||2||1|1|2|2|2|2|2|2|2||1||1300000
3440773|1|1|1|1681.1837281|34407731|2||2||1|1|2|2|2|2|2|2|2||1||1000000
3440774|1|1|1|1110.5690078|34407741|2||2||1|1|2|2|2|2|2|2|2||1||1600000
3440775|1|1|1|1036.6530638|34407751|2||2||1|1|2|2|2|2|2|2|2||1||500000
3440776|1|1|1|1454.4241253|34407761|1|1|2||1|1|2|2|2|2|2|2|2||1||3500000
3440777|1|1|1|1074.3894519|34407771|2||2||2|1|2|2|2|2|2|2|2||1||1800000
3440778|1|1|1|1161.2277636|34407781|2||2||1|1|2|2|2|2|2|2|1||1||1400000
3440779|1|1|1|1074.3894519|34407791|2||2||1|1|2|2|2|2|2|2|2||1||6000000
3440780|1|1|1|3673.1603889|34407801|2||2||1|1|2|2|2|2|2|2|2||1||98
3440781|1|1|1|1217.8861169|34407811|2||2||1|2|2|2|2|2|2|2|1||8||1200000
3440782|1|1|1|918.29009721|34407821|2||2||2|1|2|2|2|2|2|2|2||1||2100000
3440783|1|1|1|1217.8861169|34407831|2||2||1|1|2|2|2|2|2|2|2||1||1300000
3440784|1|1|1|918.29009721|34407841|2||2||1|1|2|2|2|2|2|2|2||1||2600000
3440785|1|1|1|1530.0795133|34407851|2||2||1|1|2|2|2|2|2|2|2||1||6000000
3440786|1|1|1|935.872679|34407861|2||2||1|1|2|2|2|2|2|2|2||1||3900000
3440787|1|1|1|3802.262398|34407871|2||2||1|1|2|2|2|2|2|2|2||1||3000000
3440789|1|1|1|2275.5827961|34407891|2||2||1|1|2|2|2|2|2|2|2||1||1000000
3440790|1|1|1|3802.262398|34407901|2||2||1|1|2|2|2|2|2|2|2||1||2500000
3440791|1|1|1|2175.9140511|34407911|2||2||1|1|2|2|2|2|2|2|2||1||98
3440792|1|1|1|1386.9342915|34407921|2||2||1|1|2|2|2|2|2|2|2||1||98
3440793|1|1|1|1883.9885762|34407931|2||2||1|1|2|1|2|2|2|2|2||3||2500000
3440794|1|1|1|2175.9140511|34407941|2||2||1|2|2|2|2|2|2|2|1||8||98
3440795|1|1|1|1404.0769143|34407951|2||2||1|1|2|2|2|2|2|2|2||1||2900000
3440796|1|1|1|1260.6916381|34407961|2||2||1|1|2|2|2|2|2|2|1||8||600000
3440797|1|1|1|5247.3719841|34407971|2||2||1|1|2|2|2|2|2|2|2||1||1800000
3440798|1|1|1|1534.8420741|34407981|2||2||1|1|2|2|2|2|2|2|2||1||1700000
3440799|1|1|1|2220.8096521|34407991|2||2||1|1|2|2|2|2|2|2|2||1||600000
3440801|1|1|1|2380.6598531|34408011|2||2||1|1|2|2|1|2|2|2|2||1||1500000
3440802|1|1|1|2821.5670961|34408021|2||2||1|1|2|2|2|2|2|2|2||1||1500000
3440803|1|1|1|2535.8765768|34408031|2||2||1|1|1|2|2|2|2|2|2||2||600000
3440804|1|1|1|1863.892041|34408041|2||2||1|1|2|2|2|2|2|2|2||1||1300000
3440805|1|1|1|3083.1712454|34408051|2||2||1|1|2|2|2|2|2|2|2||1||1400000
3440807|1|1|1|1311.842996|34408071|2||2||1|1|2|1|2|2|2|2|2||1||98
3440809|1|1|1|1958.7770788|34408091|2||2||1|2|2|1|2|2|2|2|2||3||2500000
3440810|1|1|1|1311.842996|34408101|2||2||1|1|2|2|2|2|2|2|2||1||1100000
3440811|1|1|1|2551.9506847|34408111|2||2||1|1|2|2|2|2|2|2|2||1||1500000
3440812|1|1|1|4745.9564389|34408121|2||2||2|1|2|2|2|2|2|2|2||1||1300000
3440813|1|1|1|1685.7868015|34408131|2||2||1|1|2|2|2|2|2|2|2||1||2000000
3440814|1|1|1|2894.9326543|34408141|2||2||1|1|2|2|2|2|2|2|2||1||1300000
3440815|1|1|1|2114.5870164|34408151|2||2||1|2|2|1|2|2|2|2|1||3||2500000
3440817|1|1|1|1752.5586544|34408171|2||2||1|1|2|2|2|2|2|2|1||1||5000000
3440818|1|1|1|1321.4075341|34408181|2||2||1|1|2|2|2|2|2|2|2||1||98
3440819|1|1|1|1552.1888913|34408191|2||2||1|1|2|1|2|2|2|2|2||1||98
3440820|1|1|1|1186.4891097|34408201|2||2||1|1|2|2|2|2|2|2|2||1||1300000
3440820|1|2|2|1186.4891097|34408202|2||2||1|1|2|2|2|2|2|2|2||1||1300000
3440821|1|1|1|1573.5861892|34408211|2||2||1|1|2|2|2|2|2|2|2||1||1300000
3440822|1|1|1|2586.4365048|34408221|2||2||1|2|2|2|2|2|2|2|1||8||600000
3440823|1|1|1|2383.3590422|34408231|2||2||1|1|2|2|2|2|2|2|2||1||700000
3440825|1|1|1|1889.9587163|34408251|2||2||1|1|2|2|2|2|2|2|2||1||2600000
3440826|1|1|1|4810.0909854|34408261|2||2||1|1|2|2|2|2|2|2|2||1||2900000
3440827|1|1|1|2397.3350759|34408271|2||2||1|1|2|2|2|2|1|2|2||1||2500000
3440828|1|1|1|4810.0909854|34408281|2||2||1|1|2|2|2|2|2|2|2||1||1000000
3440829|1|1|1|1332.9678913|34408291|2||2||1|1|2|2|2|2|2|2|2||1||2600000
3440830|1|1|1|1776.2418795|34408301|2||2||1|1|2|2|2|2|2|2|2||1||2000000
3440831|1|1|1|2161.8291478|34408311|2||2||1|1|2|2|2|2|2|2|2||1||98
3440832|1|1|1|1889.9587163|34408321|2||2||1|1|2|2|2|2|2|2|2||1||98
3440833|1|1|1|4338.3735814|34408331|1|1|2||1|1|2|2|2|2|2|2|2||1||98
3440834|1|1|1|1795.5456556|34408341|2||2||1|1|2|2|2|2|2|2|2||1||98
3440835|1|1|1|2270.3164875|34408351|2||2||1|1|2|2|2|2|2|2|2||1||2500000
3440836|1|1|1|1881.2204313|34408361|2||2||2|1|2|1|2|2|2|2|2||3||1300000
3440838|1|1|1|1055.547744|34408381|2||2||2|1|2|2|2|2|2|2|2||1||98
3440839|1|1|1|1705.0550061|34408391|2||2||1|1|2|2|2|2|2|2|2||1||700000
3440840|1|1|1|1651.3453745|34408401|2||2||1|1|2|2|2|2|2|2|2||1||98
3440841|1|1|1|2186.3507871|34408411|2||2||1|1|2|2|2|2|2|1|2||1||1800000
3440842|1|1|1|2516.0439562|34408421|2||2||1|1|2|2|2|2|2|2|2||1||700000
3440843|1|1|1|1576.0900755|34408431|2||2||1|1|2|2|2|2|2|2|2||1||1800000
3440844|1|1|1|1175.5765225|34408441|2||2||1|1|2|2|2|2|2|2|2||1||1200000
3440845|1|1|1|2592.147208|34408451|2||2||1|1|2|1|2|2|2|2|2||3||1700000
3440846|1|1|1|1154.4218365|34408461|2||2||1|1|1|2|2|2|2|2|2||1||3900000
3440847|1|1|1|1723.7238294|34408471|2||2||1|1|2|2|2|2|2|2|2||1||700000
3440848|1|1|1|1176.5256536|34408481|2||2||1|1|2|2|2|2|2|2|2||1||1500000
3440849|1|1|1|2057.436016|34408491|2||2||1|2|2|1|2|2|2|2|2||3||1300000
3440850|1|1|1|2429.887161|34408501|2||1|1|1|1|2|2|2|2|2|2|2||1||98
3440852|1|1|1|2128.4478655|34408521|2||2||2|1|2|2|2|2|2|2|2||1||2600000
3440853|1|1|1|1599.7813148|34408531|2||1|3|1|2|2|2|2|2|1|2|1||8||1500000
3440854|1|1|1|2464.6048273|34408541|2||2||1|1|2|2|2|2|2|2|2||1||600000
3440855|1|1|1|1010.1191069|34408551|2||2||2|1|2|2|2|2|2|2|2||1||99
3440857|1|1|1|1339.6747286|34408571|2||2||1|1|2|2|2|2|2|2|2||1||800000
3440858|1|1|1|2172.606664|34408581|2||2||1|1|2|2|2|2|2|2|2||1||1600000
3440859|1|1|1|1710.0234321|34408591|2||2||1|1|2|2|2|2|2|2|2||1||2500000
3440860|1|1|1|2115.7603568|34408601|2||2||1|1|2|2|2|2|2|2|2||1||1300000
3440862|1|1|1|4040.4764277|34408621|2||2||1|1|1|1|1|2|2|1|2||3||4000000
3440863|1|1|1|2172.606664|34408631|2||2||1|1|2|2|2|2|2|2|2||1||1300000
3440864|1|1|1|2914.7098948|34408641|2||2||2|1|2|2|2|2|2|2|2||1||12000000
3440865|1|1|1|1501.3410326|34408651|2||2||2|1|2|2|2|2|2|2|2||1||3200000
3440866|1|1|1|1020.3107232|34408661|2||2||1|1|2|2|2|2|2|2|2||1||4000000
3440867|1|1|1|1437.9929144|34408671|2||2||1|2|2|1|2|2|2|2|2||3||5400000
3440868|1|1|1|2326.5229764|34408681|2||2||1|2|2|2|2|2|2|2|1||8||2500000
3440869|1|1|1|806.85397175|34408691|2||2||2|1|2|2|2|2|2|2|2||1||1500000
3440870|1|1|1|3227.415887|34408701|2||2||1|1|2|2|2|2|2|2|2||1||5000000
3440872|1|1|1|1344.4016615|34408721|2||2||2|1|2|2|2|2|2|2|2||1||4200000
3440873|1|1|1|1820.0157486|34408731|2||2||2|1|2|2|2|2|2|2|2||1||11000000
3440874|1|1|1|1671.2326147|34408741|2||2||1|2|2|1|2|2|2|2|2||3||2000000
3440875|1|1|1|796.67131946|34408751|2||2||2|1|2|2|2|2|2|1|2||1||7000000
3440877|1|1|1|1056.5886997|34408771|2||2||1|1|2|2|2|2|2|2|2||1||14000000
3440878|1|1|1|1007.4342057|34408781|2||2||1|1|2|2|2|2|2|2|2||1||6000000
3440879|1|1|1|1176.7602452|34408791|2||2||1|1|2|2|2|2|2|2|2||1||8000000
3440880|1|1|1|1823.6388094|34408801|2||2||1|1|2|1|2|2|2|2|2||1||2600000
3440881|1|1|1|1419.8451673|34408811|2||2||1|2|2|1|2|2|2|2|2||3||2600000
3440882|1|1|1|1823.6388094|34408821|2||2||1|2|2|1|2|2|2|2|2||3||1400000
3440885|1|1|1|1176.7602452|34408851|2||2||2|1|2|2|2|2|2|2|2||1||7000000
3440886|1|1|1|1419.8451673|34408861|1|1|2||2|1|2|1|2|2|2|2|2||1||12000000
3440887|1|1|1|1620.092005|34408871|2||2||1|1|2|2|1|2|2|2|2||1||2800000
3440888|1|1|1|1077.3273934|34408881|2||2||1|1|2|2|2|2|2|1|2||1||2150000
3440889|1|1|1|1008.3508514|34408891|2||2||1|1|2|2|2|2|2|2|2||1||3000000
3440890|1|1|1|908.61534205|34408901|2||2||1|1|2|1|2|2|2|2|2||1||98
3440891|1|1|1|1077.3273934|34408911|2||2||1|1|2|2|2|2|2|2|2||1||5000000
3440892|1|1|1|1029.032215|34408921|2||2||1|1|2|1|2|2|2|2|2||1||99
3440893|1|1|1|721.51364781|34408931|2||2||2|1|2|2|2|2|2|2|2||1||1300000
3440894|1|1|1|1760.4320195|34408941|2||2||1|1|2|2|2|2|2|2|2||1||4800000
3440896|1|1|1|3042.7092959|34408961|2||2||1|1|2|2|2|2|2|2|2||1||950000
3440896|1|2|2|3042.7092959|34408962|2||2||1|1|2|2|2|2|2|2|2||1||1300000
3440898|1|1|1|3670.2164717|34408981|2||2||1|1|2|2|2|2|2|2|2||1||1800000
3440899|1|1|1|3616.6979619|34408991|1|1|2||1|1|2|2|2|2|2|2|2||1||3000000
3440900|1|1|1|1603.3636618|34409001|2||2||2|1|2|1|2|2|2|2|2||1||7000000
3440902|1|1|1|3670.2164717|34409021|2||2||1|1|2|1|2|2|2|2|2||3||1500000
3440903|1|1|1|3341.2593877|34409031|2||2||1|1|2|2|2|2|2|2|2||1||3000000
3440906|1|1|1|1650.2351378|34409061|2||2||1|1|2|2|2|1|2|2|1||8||550000
3440907|1|1|1|1835.1864625|34409071|2||2||1|1|2|2|2|2|2|2|2||1||1300000
3440908|1|1|1|925.94251469|34409081|2||2||1|1|2|2|2|2|2|2|2||1||1300000
3440909|1|1|1|2428.1293846|34409091|2||2||2|1|2|2|2|2|2|2|2||1||1300000
3440911|1|1|1|1939.4469938|34409111|2||1|3|1|1|2|2|2|2|2|2|2||1||1300000
3440912|1|1|1|1367.7062472|34409121|2||2||2|1|2|2|2|2|2|2|2||1||2600000
3440913|1|1|1|3703.7700588|34409131|2||2||1|1|2|1|2|2|2|1|2||1||4000000
3440914|1|1|1|1170.9046617|34409141|2||2||1|1|2|2|2|2|2|2|2||1||3600000
3440915|1|1|1|1083.3426973|34409151|2||2||1|1|2|2|2|2|2|2|1||8||800000
3440917|1|1|1|49.448330634|34409171|2||2||1|1|2|2|2|2|2|2|2||1||12000000
3440918|1|1|1|42.068067333|34409181|2||2||1|1|2|2|2|2|2|2|2||1||8000000
3440920|1|1|1|44.403402399|34409201|2||2||1|1|2|2|2|2|2|2|2||1||3500000
3440921|1|1|1|25.263358684|34409211|2||2||1|1|2|2|2|2|2|2|2||1||1600000
3440922|1|1|1|30.108229233|34409221|2||2||1|1|2|2|2|2|2|2|2||1||4800000
3440923|1|1|1|16.856262105|34409231|2||2||1|1|2|2|2|2|2|2|2||1||6000000
3440924|1|1|1|30.108229233|34409241|2||2||1|1|2|2|2|2|2|2|2||1||4800000
3440925|1|1|1|18.271214997|34409251|2||2||1|1|2|2|2|2|2|2|2||1||8000000
3440926|1|1|1|45.127870407|34409261|2||2||1|1|2|2|2|2|2|2|2||1||8000000
3440927|1|1|1|31.641105351|34409271|2||2||1|1|2|2|2|2|2|2|2||1||2500000
3440928|1|1|1|50.595019148|34409281|2||2||1|1|2|2|2|2|2|2|2||1||3800000
3440929|1|1|1|47.485296473|34409291|2||2||1|1|2|2|2|2|2|2|2||1||700000
3440930|1|1|1|47.234846187|34409301|2||2||1|1|2|2|2|2|2|2|2||1||5500000
3440931|1|1|1|31.681047178|34409311|2||2||1|1|2|2|2|2|2|2|2||1||1900000
3440932|1|1|1|47.485296473|34409321|2||2||1|1|2|2|2|2|2|2|2||1||3500000
3440933|1|1|1|24.663442511|34409331|2||2||1|1|2|2|2|2|2|2|2||1||2600000
3440934|1|1|1|33.519422619|34409341|2||2||1|1|2|2|2|2|2|2|2||1||2700000
3440935|1|1|1|36.739066153|34409351|2||2||1|1|2|2|2|2|2|2|2||1||1300000
3440936|1|1|1|40.099239114|34409361|2||2||1|1|2|2|2|2|2|2|2||1||1300000
3440937|1|1|1|17.73681311|34409371|2||2||1|1|2|2|2|2|2|2|2||1||1300000
3440938|1|1|1|55.354564462|34409381|2||2||1|1|2|2|2|2|2|2|2||1||2800000
3440939|1|1|1|21.801215906|34409391|2||2||1|1|2|1|2|2|2|2|2||1||3300000
3440940|1|1|1|25.94937847|34409401|2||2||1|1|2|2|2|2|2|2|2||1||2800000
3440941|1|1|1|39.075267461|34409411|2||2||1|1|1|2|2|2|2|2|2||1||1380000
3440942|1|1|1|14.546245181|34409421|2||2||1|1|2|2|2|2|2|2|2||1||2000000
3440943|1|1|1|21.176030488|34409431|2||2||1|1|2|2|2|2|2|2|2||1||2000000
3440944|1|1|1|18.256873491|34409441|2||2||1|1|2|2|2|2|2|2|2||1||3500000
3440945|1|1|1|26.26081105|34409451|2||2||1|1|2|2|2|2|2|2|2||1||3800000
3440946|1|1|1|37.100841859|34409461|2||2||1|1|2|2|2|2|2|2|2||1||1100000
3440947|1|1|1|34.58989311|34409471|2||2||1|1|2|2|2|2|2|2|2||1||3500000
3440948|1|1|1|14.546245181|34409481|2||2||1|1|2|2|2|2|2|2|2||1||1500000
3440949|1|1|1|33.240652926|34409491|2||2||1|1|2|2|2|2|2|2|2||1||1400000
3440950|1|1|1|32.239062201|34409501|2||2||1|2|2|1|2|2|2|2|2||3||3500000
3440951|1|1|1|21.510603134|34409511|2||2||1|1|2|2|2|2|2|2|2||1||1500000
3440953|1|1|1|49.155399492|34409531|2||2||1|1|2|2|2|2|2|2|2||1||1400000
3440954|1|1|1|49.155399492|34409541|2||2||1|1|2|2|2|2|2|2|2||1||1600000
3440955|1|1|1|44.555888738|34409551|2||2||1|1|2|2|2|2|2|2|2||1||2600000
3440957|1|1|1|30.902456335|34409571|2||2||1|1|2|2|2|2|2|2|2||1||2000000
3440958|1|1|1|21.510603134|34409581|2||2||1|1|2|2|2|2|2|2|2||1||2000000
3440959|1|1|1|26.530716774|34409591|2||2||1|1|2|2|2|2|2|2|2||1||2600000
3440960|1|1|1|43.65933214|34409601|2||2||1|1|2|2|2|2|2|2|2||1||1300000
3440961|1|1|1|46.201048353|34409611|2||2||1|1|2|2|2|2|2|2|2||1||1300000
3440962|1|1|1|39.869057466|34409621|2||2||1|1|2|2|2|2|2|2|2||1||1800000
3440963|1|1|1|39.786059927|34409631|2||2||1|1|2|2|2|2|2|2|2||1||2100000
3440964|1|1|1|41.394020625|34409641|2||2||1|1|2|2|2|2|2|2|2||1||1300000
3440965|1|1|1|27.148683959|34409651|2||2||1|1|2|2|2|2|2|2|2||1||1500000
3440966|1|1|1|50.01450307|34409661|2||2||1|1|2|2|2|2|2|2|2||1||1900000
3440967|1|1|1|46.201048353|34409671|2||2||1|2|2|1|2|2|2|2|2||3||1500000
3440968|1|1|1|19.20323577|34409681|2||2||1|1|1|2|2|2|2|2|2||1||3500000
3440969|1|1|1|54.959655505|34409691|2||2||1|1|2|2|2|2|2|2|2||1||3000000
3440970|1|1|1|37.038350547|34409701|2||2||1|1|2|1|2|2|2|2|2||1||4500000
3440971|1|1|1|43.852739299|34409711|2||2||1|1|2|2|2|2|2|2|2||1||1300000
3440972|1|1|1|60.619527413|34409721|2||2||1|1|2|2|2|2|2|2|2||1||3000000
3440973|1|1|1|31.485245759|34409731|2||2||1|1|2|2|2|2|2|2|2||1||1300000
3440974|1|1|1|46.247493303|34409741|2||2||1|2|2|2|2|2|2|2|1||8||400000
3440975|1|1|1|57.751310442|34409751|2||2||1|1|2|2|2|2|2|2|2||1||2500000
3440976|1|1|1|47.385712643|34409761|2||2||1|1|2|2|2|2|2|2|1||1||800000
3440977|1|1|1|56.509344178|34409771|2||2||1|1|2|2|2|2|2|2|2||1||1600000
3440978|1|1|1|34.558644101|34409781|2||2||1|1|2|2|2|2|2|2|2||1||2000000
3440979|1|1|1|38.012780924|34409791|2||2||1|1|2|2|2|2|2|2|2||1||3500000
3440980|1|1|1|24.54342313|34409801|2||2||1|1|2|2|2|2|2|2|2||1||1500000
3440981|1|1|1|46.247493303|34409811|2||2||1|1|2|2|2|2|2|2|2||1||1900000
3440982|1|1|1|36.33370678|34409821|2||2||1|1|2|2|2|2|2|2|2||1||2100000
3440983|1|1|1|42.81285658|34409831|2||2||1|1|2|2|2|2|2|2|2||1||2000000
3440984|1|1|1|60.518852417|34409841|2||2||1|1|2|2|2|2|2|2|2||1||5500000
3440985|1|1|1|30.919334509|34409851|2||2||1|1|2|2|2|2|2|2|2||1||3500000
3440986|1|1|1|30.919334509|34409861|2||2||1|2|2|1|2|2|2|2|2||3||2000000
3440987|1|1|1|42.453730307|34409871|2||2||1|1|2|2|2|2|2|2|2||1||6000000
3440988|1|1|1|51.486291362|34409881|2||2||1|1|2|2|2|2|2|2|2||1||3300000
3440989|1|1|1|52.617860625|34409891|2||2||1|2|2|1|2|2|2|2|2||3||1300000
3440990|1|1|1|30.919334509|34409901|2||2||1|2|2|1|2|2|2|2|2||3||1300000
3440991|1|1|1|40.315478021|34409911|2||2||1|1|2|2|2|2|2|2|2||1||1500000
3440992|1|1|1|56.268169263|34409921|2||2||1|1|2|2|2|2|2|2|2||1||1900000
3440993|1|1|1|43.127192137|34409931|2||2||1|1|2|2|2|2|2|2|2||1||5800000
3440995|1|1|1|29.621460329|34409951|2||2||1|1|2|2|2|2|2|2|2||1||3900000
3440996|1|1|1|43.74066505|34409961|2||2||1|1|2|2|2|2|2|2|2||1||2000000
3440997|1|1|1|24.886293629|34409971|2||2||1|1|2|2|2|2|2|2|2||1||1000000
3440998|1|1|1|51.492569774|34409981|2||2||1|1|2|1|2|2|2|2|2||3||2800000
3440999|1|1|1|34.356627029|34409991|2||2||1|1|2|1|2|2|2|2|2||3||5500000
3441000|1|1|1|27.468843695|34410001|2||2||1|1|2|1|2|2|2|2|2||1||6000000
3441001|1|1|1|44.898508664|34410011|2||2||1|1|2|1|2|2|2|2|2||1||4000000
3441002|1|1|1|19.081968649|34410021|2||2||1|1|2|1|2|2|2|2|2||1||3200000
3441005|1|1|1|46.201048353|34410051|2||2||1|1|2|2|2|2|2|2|2||1||1000000
3441006|1|1|1|27.148683959|34410061|2||2||1|2|2|1|2|2|2|2|2||3||2500000
3441007|1|1|1|54.959655505|34410071|2||2||1|1|2|2|2|2|2|2|2||1||4500000
3441008|1|1|1|18.114192113|34410081|2||2||1|1|2|2|2|2|2|2|2||1||2500000
3441009|1|1|1|41.394020625|34410091|2||2||1|1|2|2|2|2|2|2|2||1||2500000
3441010|1|1|1|22.341656231|34410101|2||2||1|1|2|2|2|2|2|2|2||1||5000000
3441011|1|1|1|18.114192113|34410111|2||2||1|1|2|2|2|2|2|2|2||1||6500000
3441012|1|1|1|32.702142062|34410121|2||2||1|1|2|2|2|2|2|2|2||1||700000
3441013|1|1|1|19.634738504|34410131|2||2||1|1|2|2|2|2|2|2|2||1||800000
3441014|1|1|1|41.394020625|34410141|2||2||1|1|2|2|2|2|2|2|2||1||4000000
3441015|1|1|1|31.188757524|34410151|2||2||1|1|2|2|2|2|2|2|2||1||7000000
3441016|1|1|1|41.394020625|34410161|2||2||1|1|2|2|2|2|2|2|2||1||1300000
3441017|1|1|1|37.573778662|34410171|2||2||1|1|2|1|2|2|2|2|2||1||5000000
3441018|1|1|1|14.36244761|34410181|2||2||1|1|2|2|2|2|2|2|2||1||3500000
3441019|1|1|1|23.03061577|34410191|2||2||1|1|2|2|2|2|2|2|2||1||5500000
3441020|1|1|1|13.250196082|34410201|2||2||1|1|2|2|2|2|2|2|2||1||1500000
3441021|1|1|1|25.040514297|34410211|2||2||1|1|2|2|2|2|2|2|2||1||3300000
3441022|1|1|1|29.672248372|34410221|2||2||1|1|2|2|2|2|2|2|2||1||4400000
3441023|1|1|1|29.244239812|34410231|2||2||1|1|2|2|2|2|2|2|2||1||5100000
3441024|1|1|1|25.893681005|34410241|2||2||1|1|2|2|2|2|2|2|2||1||2600000
3441025|1|1|1|32.077466709|34410251|2||2||1|1|2|2|2|2|2|2|2||1||5500000
3441026|1|1|1|27.063347933|34410261|2||2||1|1|2|2|2|2|2|2|2||1||2500000
3441027|1|1|1|35.593718473|34410271|2||2||1|1|2|2|2|2|2|2|2||1||4000000
3441028|1|1|1|26.020866339|34410281|2||2||1|1|2|2|2|2|2|2|2||1||3800000
3441029|1|1|1|51.742525781|34410291|2||2||1|1|2|2|2|2|2|2|2||1||1500000
3441030|1|1|1|51.742525781|34410301|2||2||1|1|2|2|2|2|2|2|2||1||1200000
3441031|1|1|1|22.642740141|34410311|2||2||1|1|2|2|2|2|2|2|2||1||2000000
3441032|1|1|1|50.705740889|34410321|2||2||1|1|2|2|2|2|2|2|2||1||4500000
3441033|1|1|1|48.358878624|34410331|2||2||1|1|2|2|2|2|2|2|2||1||1300000
3441034|1|1|1|54.815924123|34410341|2||2||1|1|2|2|2|2|2|2|2||1||2100000
3441035|1|1|1|40.443890014|34410351|2||2||1|1|2|2|2|2|2|2|2||1||1600000
3441036|1|1|1|33.935854948|34410361|2||2||1|1|2|2|2|2|2|2|2||1||1000000
3441037|1|1|1|68.699569381|34410371|2||2||1|1|2|2|2|2|2|2|2||1||3000000
3441038|1|1|1|56.509344178|34410381|2||2||1|1|2|2|2|2|2|2|2||1||1300000
3441040|1|1|1|21.737030535|34410401|2||2||1|1|2|2|2|2|2|2|2||1||2600000
3441041|1|1|1|27.930494094|34410411|2||2||1|1|2|2|2|2|2|2|2||1||6300000
3441042|1|1|1|32.57842075|34410421|2||2||1|2|2|1|2|2|2|2|2||3||1300000
3441043|1|1|1|45.441334154|34410431|2||2||1|1|2|2|2|2|2|2|2||1||3900000
3441044|1|1|1|46.424523479|34410441|2||2||1|1|2|2|2|2|2|2|2||1||2800000
3441045|1|1|1|45.490284137|34410451|2||2||1|1|2|2|2|2|2|2|2||1||4500000
3441046|1|1|1|76.557681066|34410461|2||2||1|1|2|2|2|2|2|2|2||1||5800000
3441047|1|1|1|54.248970411|34410471|2||2||1|1|2|2|2|2|2|2|2||1||3500000
3441048|1|1|1|55.441258024|34410481|2||2||1|1|2|2|2|2|2|2|2||1||1800000
3441049|1|1|1|55.709669952|34410491|2||2||1|1|2|2|2|2|2|2|2||1||1300000
3441050|1|1|1|60.619527413|34410501|2||2||1|1|2|2|2|2|2|2|2||1||1900000
3441051|1|1|1|34.87576367|34410511|2||2||1|1|2|1|2|2|2|2|2||1||4800000
3441052|1|1|1|54.815924123|34410521|2||2||1|1|2|2|2|2|2|2|2||1||6000000
3441054|1|1|1|33.935854948|34410541|2||2||1|1|2|2|2|2|2|2|2||1||1800000
3441055|1|1|1|57.751310442|34410551|2||2||1|2|2|1|2|2|2|2|2||3||1300000
3441056|1|1|1|22.642740141|34410561|2||2||1|1|2|2|2|2|2|2|2||1||5200000
3441057|1|1|1|40.202131066|34410571|2||2||1|1|2|2|2|2|2|2|2||1||2800000
3441058|1|1|1|22.642740141|34410581|2||2||1|1|2|2|2|2|2|2|2||1||1100000
3444917|1|1|1|556.15272959|34449171|2||2||1|1|2|2|2|2|2|2|2||1||8500000
3444918|1|1|1|101.36612842|34449181|2||2||1|1|2|2|2|2|2|2|2||1||800000
3444919|1|1|1|158.92652373|34449191|2||2||1|1|2|2|2|2|2|2|1||8||1300000
3444920|1|1|1|363.40937934|34449201|2||1|2|1|1|2|2|2|2|2|2|1||1||1300000
3444920|1|2|2|363.40937934|34449202|2||1|1|1|1|2|2|2|2|2|2|2||1||3000000
3444921|1|1|1|486.2687854|34449211|2||2||1|1|2|2|2|1|2|2|2||1||8000000
3444922|1|1|1|2461.4447778|34449221|2||1|1|1|1|2|2|2|2|2|2|2||1||4400000
3444923|1|1|1|1483.183578|34449231|2||2||1|1|2|2|2|2|2|2|2||1||1900000
3444925|1|1|1|6530.129562|34449251|2||2||1|1|2|2|2|2|2|1|2||1||2000000
3444926|1|1|1|7920.727848|34449261|2||2||1|1|2|2|2|2|2|2|2||1||1300000
3444928|1|1|1|7247.5565979|34449281|2||2||1|1|2|2|2|2|2|2|2||1||10000000
3444929|1|1|1|3550.9116923|34449291|1|1|2||1|2|2|1|2|2|2|2|2||3||10000000
3444930|1|1|1|3550.9116923|34449301|2||2||1|1|2|2|2|2|2|2|2||1||6000000
3444931|1|1|1|177.65426494|34449311|2||2||1|2|2|2|1|2|2|2|1||8||1450000
3444932|1|1|1|145.28246795|34449321|2||2||1|2|2|1|2|2|2|2|2||3||1600000
3444933|1|1|1|117.25449938|34449331|2||2||1|1|2|2|2|2|2|2|2||1||1200000
3444934|1|1|1|90.69676222|34449341|2||2||1|2|2|1|2|2|2|2|2||3||2500000
3444935|1|1|1|52.688357014|34449351|2||2||1|1|1|2|2|2|2|1|1||1||1200000
3444938|1|1|1|132.28978135|34449381|2||2||1|1|2|2|2|2|2|2|1||1||1800000
3444939|1|1|1|151.82522205|34449391|2||1|1|1|1|2|2|2|2|2|2|1||1||1400000
3444940|1|1|1|302.22489537|34449401|2||2||1|1|2|2|2|2|2|2|2||1||1000000
3444941|1|1|1|310.18573528|34449411|2||2||1|1|2|2|2|2|2|2|2||1||98
3444942|1|1|1|307.66448083|34449421|2||2||2|1|2|2|2|2|2|2|1||1||98
3444944|1|1|1|320.1133499|34449441|2||2||1|1|2|2|2|2|2|2|1||1||98
3444946|1|1|1|228.72085105|34449461|2||2||1|2|2|2|2|2|2|2|1||8||300000
3444947|1|1|1|189.38547876|34449471|2||2||1|1|2|2|2|2|2|2|2||1||1300000
3444948|1|1|1|444.25404267|34449481|2||2||1|2|2|1|2|2|2|2|2||3||2200000
3444948|1|2|2|444.25404267|34449482|2||2||1|1|2|2|2|2|2|2|2||1||800000
3444949|1|1|1|639.83447556|34449491|2||2||1|1|2|2|2|2|2|2|2||1||2500000
3444950|1|1|1|157.91437351|34449501|2||2||2|1|2|2|2|2|2|2|2||1||1500000
3444951|1|1|1|368.21198077|34449511|2||2||1|2|2|1|2|2|2|2|2||3||6000000
3444953|1|1|1|536.0365648|34449531|2||2||1|1|2|2|2|2|1|2|2||1||1000000
3444954|1|1|1|234.1961072|34449541|2||2||1|1|2|2|2|2|2|2|2||1||1700000
3444955|1|1|1|251.0578604|34449551|2||2||1|1|2|2|2|2|2|2|2||1||1200000
3444956|1|1|1|274.96799714|34449561|2||2||1|1|2|2|2|2|2|2|2||1||1300000
3444957|1|1|1|226.6963951|34449571|2||2||1|1|2|2|2|2|2|2|2||1||3000000
3444960|1|1|1|728.30093871|34449601|2||2||1|1|2|2|2|2|2|2|2||1||3500000
3444961|1|1|1|3719.8036954|34449611|2||2||1|1|2|2|2|2|2|2|2||1||1300000
3444962|1|1|1|1823.6388094|34449621|2||2||1|1|2|1|2|2|2|2|2||3||10000000
3444967|1|1|1|244.36360329|34449671|2||2||1|1|2|2|2|2|2|2|2||1||1500000
3444975|1|1|1|240.05675805|34449751|2||2||1|1|2|2|2|2|2|2|2||1||2800000
3444976|1|1|1|630.43732373|34449761|2||2||1|1|2|2|2|2|2|2|2||1||800000
3444977|1|1|1|26.020866339|34449771|2||2||1|1|2|2|2|2|2|2|2||1||3500000
3444978|1|1|1|181.13242594|34449781|2||2||1|1|2|1|1|2|2|2|2||3||1000000
3444979|1|1|1|310.20173234|34449791|2||2||1|1|2|2|2|2|2|2|2||1||1000000
3444980|1|1|1|291.9006856|34449801|2||2||1|1|2|2|2|2|2|2|2||1||1300000
3444981|1|1|1|220.43065008|34449811|2||2||1|2|2|2|2|2|2|2|1||8||800000
3444982|1|1|1|210.1891078|34449821|2||2||1|1|2|2|2|2|2|2|2||1||1300000
3444983|1|1|1|166.1930807|34449831|2||2||1|1|2|2|2|2|2|2|2||1||600000
3444984|1|1|1|166.43443038|34449841|2||2||1|1|1|2|2|2|2|2|2||1||1000000
3444985|1|1|1|192.98720212|34449851|2||2||1|1|2|2|2|2|2|2|2||1||1500000
3444986|1|1|1|167.72026867|34449861|2||2||1|1|2|2|2|2|2|2|2||1||800000
3444987|1|1|1|218.65792211|34449871|1|1|2||1|1|2|2|2|2|2|2|2||1||6000000
3444988|1|1|1|14042.149077|34449881|2||2||1|1|2|2|2|2|2|1|2||7||1000000
3444989|1|1|1|11367.493826|34449891|2||2||1|1|2|2|2|2|2|2|2||1||14000000
3444990|1|1|1|479.19891169|34449901|2||2||1|1|1|2|2|2|2|2|2||1||800000
3444991|1|1|1|479.19891169|34449911|2||2||1|1|2|2|2|2|2|2|1||1||400000
3444992|1|1|1|6030.5510411|34449921|2||2||1|1|2|2|2|2|2|2|2||1||4000000
3444993|1|1|1|3453.9838461|34449931|1|1|2||1|1|2|2|2|2|2|2|2||1||30000000
3444995|1|1|1|392.06083312|34449951|2||2||1|1|2|2|2|2|2|2|2||1||15000000
3444996|1|1|1|359.04867008|34449961|2||2||1|1|2|2|2|2|2|2|2||1||5000000
3444997|1|1|1|289.45832372|34449971|2||2||1|1|2|2|2|2|2|2|2||1||7000000
3444998|1|1|1|191.43395429|34449981|2||2||2|1|2|2|2|2|2|2|2||1||8000000
3444999|1|1|1|54.863744919|34449991|2||2||1|2|2|2|2|2|2|1|2||7||4000000
3445000|1|1|1|21.510603134|34450001|2||2||1|1|2|2|2|2|2|2|2||1||6300000
3445138|1|1|1|2641.6475761|34451381|2||2||1|1|2|2|2|2|2|1|2||1||7800000
3445139|1|1|1|1100.906699|34451391|2||2||1|1|2|2|2|2|2|2|2||1||2000000
3445140|1|1|1|432.15167327|34451401|2||2||1|1|2|2|2|2|2|2|2||1||98
3445141|1|1|1|105.91813792|34451411|2||2||1|1|2|2|2|2|2|2|1||1||99
3445142|1|1|1|150.69522565|34451421|2||2||1|1|2|2|2|2|2|2|2||1||4500000
3445143|1|1|1|334.66480033|34451431|2||2||1|1|2|1|2|2|2|2|2||3||10000000
3445144|1|1|1|75.75863697|34451441|2||2||1|1|2|2|2|2|2|2|2||1||1600000
3445145|1|1|1|115.37954248|34451451|2||2||1|1|2|2|2|2|2|2|2||1||750000
3445146|1|1|1|123.89249183|34451461|2||2||1|2|1|2|2|2|2|2|1||8||700000
3445147|1|1|1|305.18549385|34451471|2||2||1|1|2|2|2|2|2|2|2||1||8500000
3445148|1|1|1|354.37358909|34451481|2||2||1|1|2|2|2|2|2|2|2||1||3000000
3445149|1|1|1|532.1157617|34451491|2||2||1|2|2|1|2|2|2|1|1||3||4700000
3445150|1|1|1|443.36292548|34451501|2||2||1|2|2|1|2|2|2|2|2||3||3900000
3445151|1|1|1|335.15018366|34451511|2||2||1|1|2|2|2|2|2|2|2||1||2600000
3445152|1|1|1|540.50047323|34451521|2||2||1|1|2|2|2|1|2|2|2||1||3500000
3445153|1|1|1|1283.1579295|34451531|2||2||1|1|2|2|2|2|2|2|2||1||1300000
