Directorio|Secuencia_p|Secuencia_encuesta|Orden|Fex_c|area|P5747|P8520S1|P8520S1A1|P8520S2|P8520S3|P8520S4|P8520S5
3409624|1|1|1|2446.8408857|05|1|1|3|1|1|1|1
3409625|1|1|1|2152.596381|05|2|1|3|1|1|1|1
3409626|1|1|1|2061.4444071|05|1|1|3|1|1|1|1
3409627|1|1|1|1571.2723199|05|2|1|3|1|1|1|1
3409628|1|1|1|2257.515059|05|2|1|3|1|1|1|1
3409630|1|1|1|1974.2704957|05|2|1|3|1|1|1|1
3409631|1|1|1|1924.9922282|05|2|1|3|1|1|1|1
3409632|1|1|1|2459.7254142|05|2|1|3|1|1|1|1
3409634|1|1|1|2579.8855265|05|2|1|6|1|1|1|1
3409635|1|1|1|2382.9163427|05|2|1|3|2|1|1|1
3409637|1|1|1|2157.1055002|05|2|1|3|2|1|1|1
3409638|1|1|1|943.06287346|08|2|1|4|1|1|1|1
3409639|1|1|1|1192.4609968|08|2|1|4|1|1|1|1
3409640|1|1|1|531.29504499|08|2|1|4|1|1|1|1
3409641|1|1|1|993.23445647|08|2|1|4|1|1|1|1
3409642|1|1|1|969.16327189|08|2|1|4|1|1|1|1
3409643|1|1|1|852.82762085|08|2|1|4|1|1|1|1
3409644|1|1|1|1063.5618684|08|1|1|2|1|1|1|1
3409645|1|1|1|1013.1228835|08|1|1|2|1|1|1|1
3409646|1|1|1|1122.817137|08|1|1|2|1|1|1|1
3409647|1|1|1|1063.5618684|08|1|1|2|1|1|1|1
3409648|1|1|1|792.4652368|08|1|1|2|1|1|1|1
3409649|1|1|1|1524.3472918|08|2|1|2|1|1|1|1
3409650|1|1|1|1237.0838888|08|2|1|2|1|1|1|1
3409651|1|1|1|8870.0981267|11|2|1|3|1|1|1|1
3409652|1|1|1|6393.8459387|11|2|1|3|1|1|1|1
3409653|1|1|1|8230.1459812|11|2|1|3|1|1|1|1
3409654|1|1|1|7584.1954459|11|2|1|3|1|1|1|1
3409655|1|1|1|7149.8393932|11|2|1|3|1|1|1|1
3409656|1|1|1|9325.1439979|11|2|1|3|1|1|1|1
3409657|1|1|1|8435.742074|11|2|1|3|1|1|1|1
3409658|1|1|1|5107.9432579|11|2|1|3|1|1|1|1
3409659|1|1|1|7584.1954459|11|2|1|3|1|1|1|1
3409660|1|1|1|6637.4883941|11|2|1|2|1|1|1|1
3409661|1|1|1|2667.3688885|11|2|1|2|1|1|1|1
3409662|1|1|1|7112.4924673|11|2|1|2|1|1|1|1
3409663|1|1|1|7112.4924673|11|2|1|2|1|1|1|1
3409664|1|1|1|4245.2243514|11|2|1|4|1|1|1|1
3409665|1|1|1|4294.6364305|11|2|1|4|1|1|1|1
3409666|1|1|1|4234.0519678|11|2|1|4|1|1|1|1
3409667|1|1|1|6518.2695804|11|2|1|4|1|1|1|1
3409668|1|1|1|6564.9359348|11|2|1|6|1|1|1|1
3409669|1|1|1|8064.5483988|11|2|1|6|1|1|1|1
3409670|1|1|1|6564.9359348|11|2|1|6|1|1|1|1
3409673|1|1|1|4606.8680355|11|2|1|3|1|1|1|1
3409674|1|1|1|5512.6537783|11|1|1|3|1|1|1|1
3409676|1|1|1|4606.8680355|11|2|1|3|1|1|1|1
3409677|1|1|1|5512.6537783|11|1|1|3|1|1|1|1
3409678|1|1|1|5234.6192596|11|1|1|5|1|1|1|1
3409679|1|1|1|7229.0572951|11|1|1|5|1|1|1|1
3409681|1|1|1|3179.954142|11|1|1|5|1|1|1|1
3409683|1|1|1|5330.4217613|11|1|1|3|1|1|1|1
3409685|1|1|1|5401.629253|11|1|1|3|1|1|1|1
3409686|1|1|1|3404.2513093|11|1|1|3|1|1|1|1
3409687|1|1|1|6324.5887734|11|1|1|3|2|1|1|1
3409688|1|1|1|6330.6703465|11|1|1|3|1|1|1|1
3409690|1|1|1|6955.8296028|11|1|1|3|1|1|1|1
3409691|1|1|1|5974.4936725|11|1|1|3|1|1|1|1
3409693|1|1|1|3590.4178968|11|1|1|3|1|1|1|1
3409695|1|1|1|4021.3826909|11|1|1|3|1|1|1|1
3409697|1|1|1|652.21952103|13|1|1|1|1|2|1|1
3409698|1|1|1|634.50925338|13|2|1|1|1|2|1|1
3409699|1|1|1|785.16928302|13|2|1|1|1|2|1|1
3409700|1|1|1|818.04153158|13|1|1|1|1|2|1|1
3409701|1|1|1|626.13553142|13|2|1|1|1|2|1|1
3409706|1|1|1|748.22293855|13|1|1|1|1|1|1|1
3409708|1|1|1|466.44806515|13|2|1|1|1|1|1|1
3409709|1|1|1|538.70049841|13|1|1|1|1|1|1|1
3409711|1|1|1|871.24490719|13|1|1|1|1|1|1|1
3409713|1|1|1|413.62749795|13|1|1|1|1|1|1|1
3409717|1|1|1|384.10469143|13|2|1|1|1|1|1|1
3409720|1|1|1|724.63827141|13|2|1|1|1|1|1|1
3409722|1|1|1|219.5168878|13|1|1|1|1|1|1|1
3409723|1|1|1|446.10794325|13|2|1|1|1|1|1|1
3409725|1|1|1|684.22772783|13|1|1|1|1|1|1|1
3409727|1|1|1|647.50767665|13|1|1|9|2|2|2|2
3409730|1|1|1|621.57749816|13|1|1|9|2|2|2|2
3409732|1|1|1|761.41110406|13|1|1|9|2|2|2|2
3409734|1|1|1|578.44430723|13|1|1|9|2|2|2|2
3409735|1|1|1|883.34684464|13|1|1|9|2|2|2|2
3409737|1|1|1|650.1808281|13|1|1|9|2|2|2|2
3409739|1|1|1|477.26249763|13|2|1|2|1|1|1|1
3409740|1|1|1|452.17571559|13|2|1|2|1|1|1|1
3409741|1|1|1|477.22037367|13|2|1|2|1|1|1|1
3409742|1|1|1|365.86147966|13|2|1|2|1|1|1|1
3409745|1|1|1|690.4158294|13|2|1|2|1|1|1|1
3409749|1|1|1|442.2041412|13|2|1|2|1|1|1|1
3409750|1|1|1|571.8084135|13|2|1|2|1|1|1|1
3409751|1|1|1|442.2041412|13|2|1|2|1|1|1|1
3409752|1|1|1|400.97227015|13|2|1|2|1|1|1|1
3409756|1|1|1|117.45689791|15|2|1|2|1|1|1|1
3409757|1|1|1|129.77622022|15|1|1|2|1|1|1|1
3409758|1|1|1|82.682213555|15|3|1|2|2|1|1|1
3409759|1|1|1|83.437431963|15|4|1|2|2|1|1|1
3409760|1|1|1|83.437431963|15|3|1|2|2|1|1|1
3409761|1|1|1|101.41172065|15|1|1|2|1|1|1|1
3409762|1|1|1|118.98120993|15|1|1|2|1|1|1|1
3409763|1|1|1|124.70234286|15|2|1|2|1|1|1|1
3409764|1|1|1|139.82964037|15|2|1|3|1|1|1|1
3409765|1|1|1|135.32306452|15|2|1|2|1|1|1|1
3409766|1|1|1|150.62744311|15|2|1|2|1|1|1|1
3409767|1|1|1|188.87677034|15|1|1|3|1|1|1|1
3409768|1|1|1|102.89250458|15|2|1|3|1|1|1|1
3409769|1|1|1|175.1510081|15|2|1|2|1|1|1|1
3409770|1|1|1|99.330276146|15|1|1|2|1|1|1|1
3409771|1|1|1|175.34504071|15|1|1|3|1|1|1|1
3409772|1|1|1|107.94063212|15|1|1|3|1|1|1|1
3409773|1|1|1|153.50224235|15|1|1|3|1|1|1|1
3409774|1|1|1|153.50224235|15|2|1|3|1|1|1|1
3409775|1|1|1|144.45864343|15|1|1|2|1|1|1|1
3409776|1|1|1|113.78844035|15|1|1|2|1|1|1|1
3409777|1|1|1|180.02271665|15|1|1|2|1|1|1|1
3409778|1|1|1|68.245636585|15|1|1|3|1|1|1|1
3409779|1|1|1|50.368769936|15|1|1|3|1|1|1|1
3409780|1|1|1|68.245636585|15|1|1|3|1|1|1|1
3409781|1|1|1|72.607553894|15|1|1|3|1|1|1|1
3409782|1|1|1|86.460291053|15|1|1|3|1|1|1|1
3409783|1|1|1|68.245636585|15|1|1|3|1|1|1|1
3409784|1|1|1|100.07310991|15|1|1|3|1|1|1|1
3409785|1|1|1|128.29885886|15|1|1|3|1|1|1|1
3409786|1|1|1|107.54559085|15|1|1|3|1|1|1|1
3409787|1|1|1|158.73905184|15|1|1|3|1|1|1|1
3409788|1|1|1|88.293578796|15|1|1|3|1|1|1|1
3409789|1|1|1|127.73128669|15|1|1|3|1|1|1|1
3409790|1|1|1|88.293578796|15|1|1|3|1|1|1|1
3409791|1|1|1|759.34733388|17|2|1|3|1|1|1|1
3409792|1|1|1|378.69635356|17|2|1|3|1|1|1|1
3409793|1|1|1|759.34733388|17|2|1|3|1|1|1|1
3409794|1|1|1|397.46866161|17|2|1|3|1|1|1|1
3409796|1|1|1|189.83683347|17|2|1|3|1|1|1|1
3409797|1|1|1|522.23351172|17|2|1|3|1|1|1|1
3409798|1|1|1|245.37704664|17|2|1|3|1|1|1|1
3409799|1|1|1|267.72551807|17|2|1|3|1|1|1|1
3409800|1|1|1|700.9360005|17|2|1|3|1|1|1|1
3409801|1|1|1|456.63031631|17|2|1|3|1|1|1|1
3409802|1|1|1|244.01666152|17|2|1|3|1|1|1|1
3409804|1|1|1|349.56586482|17|2|1|3|1|1|1|1
3409805|1|1|1|267.72551807|17|2|1|3|1|1|1|1
3409806|1|1|1|267.72551807|17|2|1|3|1|1|1|1
3409808|1|1|1|412.54648621|17|2|1|1|2|1|1|1
3409809|1|1|1|267.72551807|17|2|1|3|1|1|1|1
3409810|1|1|1|175.23400013|17|1|1|2|1|1|1|1
3409811|1|1|1|282.17816911|17|2|1|2|1|1|1|1
3409812|1|1|1|175.23400013|17|2|1|2|1|1|1|1
3409813|1|1|1|175.23400013|17|1|1|2|1|1|1|1
3409815|1|1|1|265.75202019|17|2|1|2|1|1|1|1
3409816|1|1|1|700.9360005|17|2|1|2|1|1|1|1
3409817|1|1|1|183.009538|17|2|1|2|1|1|1|1
3409818|1|1|1|183.009538|17|2|1|2|1|1|1|1
3409819|1|1|1|265.75202019|17|2|1|2|1|1|1|1
3409820|1|1|1|603.42478234|17|1|1|2|1|1|1|1
3409821|1|1|1|175.23400013|17|2|1|2|1|1|1|1
3409822|1|1|1|308.35766803|17|2|1|2|1|1|1|1
3409823|1|1|1|265.75202019|17|2|1|2|1|1|1|1
3409824|1|1|1|700.9360005|17|2|1|2|1|1|1|1
3409825|1|1|1|700.9360005|17|2|1|2|1|1|1|1
3409826|1|1|1|754.85415439|17|2|1|1|1|1|1|1
3409827|1|1|1|754.85415439|17|1|1|1|1|1|1|1
3409828|1|1|1|625.77448867|17|1|1|1|1|1|1|1
3409829|1|1|1|534.56318613|17|1|1|1|1|1|1|1
3409830|1|1|1|188.7135386|17|1|1|1|1|1|1|1
3409831|1|1|1|378.58085214|17|2|1|1|1|1|1|1
3409832|1|1|1|188.7135386|17|2|1|1|1|1|1|1
3409833|1|1|1|535.51342522|17|2|1|1|1|1|1|1
3409834|1|1|1|303.88418212|17|1|1|1|1|1|1|1
3409835|1|1|1|512.10611588|17|2|1|1|1|1|1|1
3409911|1|1|1|290.36701639|19|2|1|2|1|1|1|1
3409912|1|1|1|199.19611447|19|2|1|2|2|1|1|1
3409913|1|1|1|163.94085999|19|1|1|2|2|1|1|1
3409914|1|1|1|118.44104504|19|2|1|2|2|1|1|1
3409915|1|1|1|149.93555929|19|1|1|2|2|1|1|1
3409916|1|1|1|198.14553262|19|1|1|2|2|1|1|1
3409917|1|1|1|220.70988133|19|1|1|2|1|1|1|1
3409918|1|1|1|248.75465984|19|1|1|2|2|1|1|1
3409919|1|1|1|158.17709334|19|1|1|2|2|1|1|1
3409920|1|1|1|138.41513792|19|1|1|3|1|1|1|1
3409921|1|1|1|124.52849074|19|1|1|3|1|1|1|1
3409922|1|1|1|220.09523569|19|1|1|3|1|1|1|1
3409923|1|1|1|138.41513792|19|1|1|3|1|1|1|1
3409924|1|1|1|115.57697093|19|1|1|3|1|1|1|1
3409925|1|1|1|105.80455683|19|1|1|3|1|1|1|1
3409926|1|1|1|174.42999937|19|1|1|3|1|1|1|1
3409927|1|1|1|161.25330491|19|1|1|3|1|1|1|1
3409928|1|1|1|160.60957928|19|1|1|3|2|1|1|1
3409929|1|1|1|222.06542562|19|1|1|3|2|1|1|1
3409930|1|1|1|217.09168656|19|2|1|3|2|1|1|1
3409931|1|1|1|162.414371|19|1|1|2|1|1|1|1
3409932|1|1|1|170.45276266|19|1|1|2|1|1|1|1
3409933|1|1|1|106.43358849|19|2|1|2|1|1|1|1
3409934|1|1|1|85.836342191|19|1|1|3|1|1|1|1
3409935|1|1|1|151.18811863|19|2|1|2|1|1|1|1
3409936|1|1|1|175.86064526|19|2|1|2|1|1|1|1
3409937|1|1|1|115.34594827|19|1|1|4|1|1|1|1
3409938|1|1|1|176.72177792|19|2|1|4|1|1|1|1
3409939|1|1|1|131.81035919|19|1|1|4|1|1|1|1
3409940|1|1|1|85.836342191|19|1|1|4|1|1|1|1
3409941|1|1|1|203.3288904|19|1|1|4|1|1|1|1
3409942|1|1|1|115.34594827|19|2|1|4|1|1|1|1
3409943|1|1|1|172.53381705|19|2|1|4|1|1|1|1
3409944|1|1|1|115.34594827|19|1|1|4|2|1|1|1
3409945|1|1|1|201.67971893|19|1|1|2|1|1|1|1
3409946|1|1|1|183.64959726|19|2|1|2|2|1|1|1
3409947|1|1|1|231.11056229|19|1|1|2|2|1|1|1
3409948|1|1|1|227.68985356|19|2|1|2|1|1|1|1
3409949|1|1|1|221.96630703|19|2|1|2|2|1|1|1
3409950|1|1|1|272.93604509|19|2|1|2|1|1|1|1
3409951|1|1|1|279.83647293|19|1|1|2|1|1|1|1
3409952|1|1|1|183.64959726|19|2|1|2|2|1|1|1
3409953|1|1|1|335.40035713|19|1|1|2|1|1|1|1
3409954|1|1|1|335.9808042|19|2|1|2|1|1|1|1
3409955|1|1|1|263.92335287|19|1|1|2|1|1|1|1
3409956|1|1|1|358.87802209|19|2|1|2|1|1|1|1
3409957|1|1|1|341.19984313|19|2|1|2|1|1|1|1
3409958|1|1|1|249.44076824|19|2|1|2|1|1|1|1
3409959|1|1|1|280.3674527|19|2|1|2|1|1|1|1
3409960|1|1|1|241.61338665|19|1|1|2|1|1|1|1
3410022|1|1|1|312.14644928|23|2|1|2|1|1|1|1
3410023|1|1|1|377.81980206|23|2|1|2|1|2|1|1
3410024|1|1|1|389.4521497|23|2|1|2|1|1|1|1
3410025|1|1|1|172.06639858|23|2|1|2|1|1|1|1
3410026|1|1|1|257.74668825|23|2|1|2|1|1|1|1
3410027|1|1|1|290.58336464|23|2|1|2|1|1|1|1
3410028|1|1|1|170.12276658|23|1|1|2|1|1|1|1
3410029|1|1|1|330.94786902|23|2|1|2|1|1|1|1
3410030|1|1|1|113.79005593|23|2|1|2|1|1|1|1
3410031|1|1|1|522.48579623|23|2|1|2|1|1|1|1
3410032|1|1|1|413.62340055|23|2|1|2|1|1|1|1
3410033|1|1|1|469.34089622|23|2|1|2|1|1|1|1
3410034|1|1|1|712.88023674|23|2|1|2|1|1|1|1
3410035|1|1|1|631.66692536|23|1|1|2|1|1|1|1
3410036|1|1|1|119.66541496|23|1|1|1|1|1|1|1
3410037|1|1|1|215.94683812|23|1|1|1|1|1|1|1
3410038|1|1|1|305.48351358|23|1|1|1|1|1|1|1
3410039|1|1|1|180.18082158|23|1|1|1|1|1|1|1
3410040|1|1|1|228.38314148|23|1|1|1|1|1|1|1
3410041|1|1|1|147.77415788|23|1|1|1|1|1|1|1
3410042|1|1|1|163.17799527|23|1|1|1|1|1|1|1
3410043|1|1|1|126.3356423|23|1|1|1|1|1|1|1
3410045|1|1|1|293.51185601|23|2|1|1|2|1|1|1
3410046|1|1|1|158.38183417|23|2|1|1|1|1|1|1
3410047|1|1|1|239.49537229|23|2|1|1|1|1|1|1
3410048|1|1|1|158.38183417|23|2|1|1|1|1|1|1
3410049|1|1|1|239.49537229|23|1|1|1|1|1|1|1
3410050|1|1|1|228.27186061|23|1|1|1|1|1|1|1
3410051|1|1|1|525.87893336|23|2|1|1|1|1|1|1
3410052|1|1|1|390.82766901|23|2|1|1|1|1|1|1
3410053|1|1|1|358.75185141|23|2|1|1|1|1|1|1
3410054|1|1|1|233.14714726|23|1|1|1|1|1|1|1
3410055|1|1|1|435.41611982|23|1|1|1|1|1|1|1
3410056|1|1|1|228.69584622|23|1|1|1|1|1|1|1
3410057|1|1|1|323.92025719|23|2|1|1|1|1|1|1
3410058|1|1|1|604.95979101|23|1|1|1|1|1|1|1
3410059|1|1|1|414.87819209|23|1|1|1|1|1|1|1
3410060|1|1|1|151.23994775|23|2|1|1|1|1|1|1
3410061|1|1|1|157.97160156|23|2|1|1|1|1|1|1
3410062|1|1|1|151.23994775|23|2|1|1|1|1|1|1
3410063|1|1|1|151.23994775|23|2|1|1|1|1|1|1
3410064|1|1|1|196.48718308|23|1|1|1|1|1|1|1
3410065|1|1|1|151.23994775|23|1|1|1|1|1|1|1
3410066|1|1|1|173.8456088|23|2|1|1|1|1|1|1
3410067|1|1|1|127.64310929|23|2|1|1|1|1|1|1
3410068|1|1|1|121.74318136|23|2|1|1|1|1|1|1
3410070|1|1|1|107.54840729|23|2|1|1|1|1|1|1
3410071|1|1|1|214.47477654|23|2|1|1|1|1|1|1
3410072|1|1|1|365.14759098|23|2|1|1|1|1|1|1
3410073|1|1|1|107.54840729|23|2|1|1|1|1|1|1
3410074|1|1|1|248.64072554|27|1|1|1|2|2|1|1
3410075|1|1|1|62.160181386|27|2|1|1|2|2|1|1
3410076|1|1|1|161.24026521|27|2|1|1|2|2|1|1
3410077|1|1|1|69.447943395|27|1|1|1|2|2|1|1
3410078|1|1|1|62.160181386|27|1|1|1|2|2|1|1
3410079|1|1|1|164.66687981|27|1|1|1|2|2|1|1
3410080|1|1|1|62.160181386|27|1|1|1|2|2|1|1
3410081|1|1|1|62.160181386|27|1|1|1|2|2|1|1
3410082|1|1|1|180.92983819|27|4|1|1|2|2|1|1
3410083|1|1|1|60.081564954|27|2|1|1|2|2|1|1
3410084|1|1|1|81.704828917|27|2|1|1|2|2|1|1
3410086|1|1|1|86.280464631|27|2|1|1|2|2|1|1
3410087|1|1|1|45.955676123|27|2|1|1|2|2|1|1
3410088|1|1|1|41.133157065|27|2|1|1|2|2|1|1
3410089|1|1|1|119.05104676|27|2|1|1|2|2|1|1
3410090|1|1|1|53.262693993|27|2|1|1|2|2|1|1
3410091|1|1|1|164.53262826|27|2|1|1|2|2|1|1
3410092|1|1|1|41.133157065|27|2|1|1|2|2|1|1
3410093|1|1|1|84.235555981|27|2|1|1|2|2|1|1
3410094|1|1|1|41.133157065|27|2|1|1|2|2|1|1
3410095|1|1|1|41.133157065|27|2|1|1|2|2|1|1
3410096|1|1|1|67.306027099|27|2|1|1|2|2|1|1
3410097|1|1|1|61.73150524|27|2|1|1|2|2|1|1
3410098|1|1|1|59.560077527|27|2|1|1|2|2|1|1
3410099|1|1|1|66.483698924|27|2|1|1|2|2|1|1
3410100|1|1|1|66.483698924|27|2|1|1|2|2|1|1
3410101|1|1|1|55.253494565|27|2|1|1|2|2|1|1
3410102|1|1|1|192.10016407|27|2|1|1|2|2|1|1
3410103|1|1|1|90.411081178|27|2|1|1|2|2|1|1
3410104|1|1|1|52.797783696|27|2|1|1|2|2|1|2
3410105|1|1|1|100.7573952|27|2|1|1|2|2|1|2
3410106|1|1|1|52.797783696|27|2|1|1|2|2|1|2
3410107|1|1|1|178.72420682|27|2|1|1|2|2|1|2
3410108|1|1|1|52.797783696|27|2|1|1|2|2|1|2
3410110|1|1|1|52.797783696|27|2|1|1|2|2|1|2
3410111|1|1|1|230.08121839|27|1|1|1|2|2|1|1
3410112|1|1|1|57.520304599|27|2|1|1|2|2|1|1
3410113|1|1|1|75.135847436|27|1|1|1|2|2|1|1
3410114|1|1|1|62.003567887|27|2|1|1|2|2|1|1
3410115|1|1|1|81.53952176|27|2|1|1|2|2|1|1
3410116|1|1|1|58.993155192|27|2|1|1|2|2|1|1
3410117|1|1|1|162.59358597|27|1|1|1|2|2|1|1
3410118|1|1|1|199.25048239|27|2|1|1|2|2|1|1
3410119|1|1|1|230.08121839|27|2|1|1|2|2|1|1
3410120|1|1|1|57.520304599|27|2|1|1|2|2|1|1
3410121|1|1|1|131.35301046|27|2|1|1|2|2|1|1
3410122|1|1|1|136.62393508|27|2|1|1|2|2|1|1
3410123|1|1|1|171.75103363|27|1|1|1|2|2|1|1
3410124|1|1|1|48.754712545|27|1|1|1|2|2|1|2
3410125|1|1|1|40.519229348|27|1|1|1|2|2|1|2
3410126|1|1|1|92.529460572|27|1|1|1|2|2|1|2
3410127|1|1|1|162.07691739|27|1|1|1|2|2|1|2
3410128|1|1|1|132.08311543|27|2|1|1|2|2|1|2
3410129|1|1|1|132.08311543|27|1|1|1|2|2|1|2
3410130|1|1|1|140.19505554|27|1|1|1|2|2|1|2
3410131|1|1|1|77.325442829|27|1|1|1|2|2|1|2
3410132|1|1|1|91.851062457|27|1|1|1|2|2|1|2
3410133|1|1|1|331.32519151|41|1|1|1|1|1|1|1
3410134|1|1|1|432.76276719|41|1|1|1|1|1|1|1
3410135|1|1|1|220.54450465|41|2|1|1|1|1|1|1
3410136|1|1|1|292.14802467|41|1|1|1|1|1|1|1
3410137|1|1|1|331.32519151|41|1|1|1|1|1|1|1
3410138|1|1|1|342.24569282|41|2|1|2|1|1|1|1
3410139|1|1|1|223.83602122|41|1|1|2|1|1|1|1
3410140|1|1|1|246.26151349|41|2|1|2|1|1|1|1
3410141|1|1|1|216.11163274|41|1|1|2|1|1|1|1
3410142|1|1|1|137.21960415|41|2|1|2|1|1|1|1
3410143|1|1|1|199.72060197|41|2|1|2|1|1|1|1
3410145|1|1|1|137.21960415|41|1|1|2|1|1|1|1
3410146|1|1|1|196.03955969|41|1|1|2|1|1|1|1
3410147|1|1|1|196.03955969|41|1|1|2|1|1|1|1
3410148|1|1|1|326.35043973|41|1|1|2|1|1|1|1
3410149|1|1|1|430.38991869|41|1|1|2|1|1|1|1
3410150|1|1|1|252.46084151|41|1|1|2|1|1|1|1
3410151|1|1|1|257.21250426|41|1|1|2|1|1|1|1
3410152|1|1|1|196.03955969|41|1|1|2|1|1|1|1
3410153|1|1|1|252.46084151|41|2|1|2|1|1|1|1
3410154|1|1|1|137.21960415|41|1|1|2|1|1|1|1
3410155|1|1|1|352.16622288|41|2|1|2|1|1|1|1
3410156|1|1|1|211.19654912|41|2|1|2|1|1|1|1
3410157|1|1|1|352.16622288|41|1|1|2|1|1|1|1
3410159|1|1|1|150.94156456|41|1|1|2|1|1|1|1
3410160|1|1|1|285.65584634|41|1|1|2|1|1|1|1
3410161|1|1|1|150.94156456|41|1|1|2|1|1|1|1
3410162|1|1|1|150.94156456|41|2|1|2|1|1|1|1
3410163|1|1|1|263.84604421|41|1|1|2|1|1|1|1
3410164|1|1|1|234.04730267|41|1|1|2|1|1|1|1
3410165|1|1|1|280.63853632|41|1|1|2|1|1|1|1
3410166|1|1|1|330.41336463|41|1|1|2|1|1|1|1
3410167|1|1|1|203.82919102|41|1|1|2|1|1|1|1
3410168|1|1|1|137.21960415|41|1|1|2|1|1|1|1
3410169|1|1|1|170.39972933|41|1|1|2|1|1|1|1
3410170|1|1|1|273.05518645|41|2|1|1|1|1|1|1
3410171|1|1|1|524.17585573|41|2|1|1|1|1|1|1
3410172|1|1|1|491.43341893|41|2|1|1|1|1|1|1
3410173|1|1|1|343.5964949|41|2|1|1|1|1|1|1
3410174|1|1|1|228.71281964|41|2|1|1|1|1|1|1
3410175|1|1|1|466.23676317|41|2|1|1|1|1|1|1
3410176|1|1|1|227.87871807|41|1|1|2|1|1|1|1
3410177|1|1|1|280.63853632|41|1|1|2|1|1|1|1
3410178|1|1|1|170.39972933|41|1|1|2|1|1|1|1
3410179|1|1|1|501.11615029|41|1|1|2|1|1|1|1
3410180|1|1|1|309.95940895|41|1|1|2|1|1|1|1
3410181|1|1|1|391.90777216|41|2|1|2|1|1|1|1
3410182|1|1|1|420.08546697|41|1|1|2|1|1|1|1
3410183|1|1|1|159.71057898|41|1|1|1|1|1|1|1
3410184|1|1|1|170.39972933|41|1|1|2|1|1|1|1
3410185|1|1|1|137.21960415|41|1|1|2|1|1|1|1
3410186|1|1|1|320.15111171|41|1|1|1|1|1|1|1
3410188|1|1|1|220.17455765|41|1|1|1|1|1|1|1
3410189|1|1|1|170.39972933|41|2|1|1|1|1|1|1
3410190|1|1|1|356.50032047|41|2|1|2|1|1|1|1
3410191|1|1|1|171.54290716|41|2|1|2|1|1|1|1
3410192|1|1|1|420.08546697|41|2|1|1|1|1|1|1
3410193|1|1|1|211.546265|41|1|1|1|2|1|1|1
3410194|1|1|1|222.34816433|41|1|1|1|2|1|1|1
3410195|1|1|1|270.97981482|41|1|1|1|2|1|1|1
3410196|1|1|1|137.21960415|41|1|1|1|2|1|1|1
3410197|1|1|1|252.46084151|41|1|1|1|2|1|1|1
3410198|1|1|1|137.21960415|41|1|1|1|2|1|1|1
3410199|1|1|1|398.55076031|41|1|1|1|2|1|1|1
3410200|1|1|1|370.42338762|41|1|1|1|2|1|1|1
3410201|1|1|1|137.21960415|41|1|1|1|2|1|1|1
3410202|1|1|1|91.641838254|44|1|1|2|1|1|1|1
3410203|1|1|1|58.113530212|44|1|1|2|1|1|1|1
3410204|1|1|1|101.94736245|44|1|1|2|1|1|1|1
3410205|1|1|1|88.492704817|44|1|1|2|1|1|1|1
3410206|1|1|1|65.894087338|44|2|1|2|1|1|1|1
3410207|1|1|1|87.417031961|44|2|1|2|1|1|1|1
3410208|1|1|1|97.604131903|44|2|1|1|1|1|1|1
3410209|1|1|1|160.27726427|44|3|1|1|2|1|1|1
3410210|1|1|1|157.5553066|44|2|1|1|1|1|1|1
3410211|1|1|1|110.55409199|44|2|1|1|1|1|1|1
3410212|1|1|1|130.22039767|44|1|1|1|1|1|1|1
3410213|1|1|1|120.69312385|44|2|1|1|1|1|1|1
3410214|1|1|1|124.63253645|44|2|1|1|2|1|1|1
3410215|1|1|1|54.485821495|44|1|1|1|1|2|1|1
3410216|1|1|1|144.45760647|44|2|1|1|1|1|1|1
3410217|1|1|1|54.485821495|44|1|1|1|1|2|1|1
3410219|1|1|1|54.485821495|44|1|1|1|1|1|1|1
3410220|1|1|1|153.54989437|44|1|1|1|1|1|1|1
3410221|1|1|1|63.345095873|44|1|1|2|1|1|1|1
3410222|1|1|1|134.22960407|44|2|1|1|2|1|1|1
3410223|1|1|1|101.46180409|44|2|1|1|1|1|1|1
3410224|1|1|1|106.89469514|44|1|1|2|1|1|1|1
3410225|1|1|1|172.97948947|44|1|1|2|1|1|1|1
3410226|1|1|1|182.23054171|44|1|1|1|1|1|1|1
3410227|1|1|1|70.257390345|44|1|1|2|1|1|1|1
3410228|1|1|1|98.743640581|44|3|1|2|2|1|1|1
3410229|1|1|1|101.46180409|44|2|1|2|1|1|1|1
3410230|1|1|1|80.485392754|44|1|1|2|1|1|1|1
3410231|1|1|1|81.079143016|44|1|1|2|1|1|1|1
3410232|1|1|1|144.45760647|44|2|1|2|1|1|1|1
3410233|1|1|1|57.753440485|44|2|1|2|1|1|1|1
3410234|1|1|1|67.981442893|44|1|1|2|1|1|1|1
3410235|1|1|1|61.254072994|44|1|1|2|1|1|1|1
3410236|1|1|1|61.254072994|44|2|1|2|1|1|1|1
3410237|1|1|1|124.63253645|44|4|1|2|1|1|1|1
3410238|1|1|1|98.743640581|44|3|1|2|1|1|1|1
3410239|1|1|1|177.38037662|44|2|1|1|1|1|2|1
3410240|1|1|1|91.23380168|44|2|1|1|1|2|2|1
3410241|1|1|1|114.55950421|44|2|1|1|1|2|1|1
3410242|1|1|1|126.21498545|44|1|1|1|2|2|2|2
3410243|1|1|1|90.098087169|44|1|1|1|2|2|2|2
3410244|1|1|1|176.09692207|44|1|1|1|2|2|2|2
3410245|1|1|1|54.485821495|44|1|1|1|2|2|2|2
3410246|1|1|1|92.657486343|44|1|1|1|2|2|2|2
3410247|1|1|1|143.3180978|44|1|1|1|2|2|2|1
3410248|1|1|1|81.005799272|44|1|1|1|2|2|2|2
3410249|1|1|1|143.67893164|44|1|1|1|2|2|2|1
3410250|1|1|1|131.35990635|44|1|1|1|2|2|2|1
3410251|1|1|1|124.63253645|44|1|1|1|2|2|2|1
3410347|1|1|1|411.74302494|50|1|1|2|1|1|1|1
3410348|1|1|1|311.29359868|50|2|1|2|1|1|1|1
3410349|1|1|1|257.88162857|50|2|1|2|1|1|1|1
3410350|1|1|1|289.9198061|50|2|1|2|1|1|1|1
3410351|1|1|1|443.78120246|50|2|1|2|1|1|1|1
3410352|1|1|1|286.6386195|50|2|1|2|1|1|1|1
3410353|1|1|1|286.6386195|50|2|1|2|1|1|1|1
3410354|1|1|1|389.65042878|50|1|1|2|1|1|1|1
3410355|1|1|1|319.64067058|50|1|1|2|1|1|1|1
3410356|1|1|1|232.83967184|50|2|1|2|1|1|1|1
3410357|1|1|1|296.98608763|50|1|1|2|1|1|1|1
3410358|1|1|1|317.09343082|50|1|1|2|1|1|1|1
3410359|1|1|1|253.30472217|50|2|1|2|1|1|1|1
3410360|1|1|1|287.22133502|50|1|1|2|1|1|1|1
3410361|1|1|1|284.64853689|50|2|1|2|1|1|1|1
3410362|1|1|1|370.29729512|50|1|1|2|1|1|1|1
3410363|1|1|1|281.42700824|50|1|1|2|1|1|1|1
3410364|1|1|1|391.58387076|50|1|1|1|1|1|1|2
3410365|1|1|1|292.96681466|50|2|1|1|1|1|1|1
3410367|1|1|1|362.70837978|50|2|1|1|1|1|1|2
3410368|1|1|1|395.5359218|50|2|1|1|1|1|1|1
3410369|1|1|1|249.51293934|50|1|1|1|1|1|1|2
3410370|1|1|1|392.07948895|50|2|1|1|1|1|1|2
3410371|1|1|1|369.11264032|50|2|1|1|1|1|1|2
3410372|1|1|1|301.39256848|50|2|1|1|1|1|1|1
3410373|1|1|1|337.34967871|50|2|1|1|1|1|1|2
3410374|1|1|1|373.30678895|50|1|1|1|1|1|1|1
3410375|1|1|1|404.66628636|50|2|1|2|1|1|1|1
3410376|1|1|1|441.99289043|50|1|1|2|1|1|1|1
3410377|1|1|1|296.81386994|50|1|1|2|1|1|1|1
3410378|1|1|1|402.94009147|50|2|1|2|1|1|1|1
3410380|1|1|1|581.2842705|50|1|1|2|1|1|1|1
3410381|1|1|1|364.06818151|50|2|1|2|1|1|1|1
3410382|1|1|1|416.26949884|50|2|1|2|1|1|1|1
3410383|1|1|1|409.29854978|50|2|1|2|1|1|1|1
3410384|1|1|1|288.32472903|50|2|1|2|1|1|1|1
3410385|1|1|1|398.48034843|50|2|1|2|1|1|1|1
3410386|1|1|1|599.01033034|50|1|1|3|1|1|1|1
3410387|1|1|1|599.81067039|50|1|1|3|1|1|1|1
3410388|1|1|1|611.95237472|50|2|1|3|1|1|1|1
3410389|1|1|1|368.10651823|50|1|1|3|1|1|1|1
3410390|1|1|1|593.10911398|50|1|1|3|1|1|1|1
3410391|1|1|1|515.02510697|50|1|1|3|1|1|1|1
3410392|1|1|1|453.73055403|50|1|1|3|1|1|1|1
3410393|1|1|1|321.69773044|50|1|1|3|1|1|1|1
3410394|1|1|1|335.69804205|50|1|1|3|1|1|1|1
3410395|1|1|1|465.51836308|50|1|1|3|1|1|1|1
3410396|1|1|1|593.10911398|50|1|1|3|1|1|1|1
3410397|1|1|1|434.67712768|50|1|1|3|1|1|1|1
3410399|1|1|1|514.28205995|50|1|1|2|1|1|1|1
3410400|1|1|1|413.98220036|50|1|1|2|1|1|1|1
3410401|1|1|1|400.16194844|50|1|1|1|2|1|1|1
3410402|1|1|1|461.1918166|50|1|1|1|2|1|1|1
3410403|1|1|1|324.43300708|50|1|1|1|2|1|1|1
3410404|1|1|1|487.52127159|50|1|1|1|2|1|1|1
3410405|1|1|1|410.10767001|50|1|1|1|2|1|1|1
3410406|1|1|1|520.53702454|50|1|1|1|2|1|1|1
3410407|1|1|1|215.07145313|52|2|1|5|2|1|1|1
3410408|1|1|1|221.69156304|52|1|1|5|2|1|1|1
3410410|1|1|1|307.78027413|52|2|1|2|1|1|1|1
3410411|1|1|1|213.64495505|52|2|1|2|2|1|1|1
3410412|1|1|1|433.71084322|52|2|1|2|1|1|1|1
3410413|1|1|1|281.28619282|52|4|1|3|2|1|1|1
3410414|1|1|1|213.00614537|52|2|1|4|2|1|1|1
3410418|1|1|1|214.75395146|52|3|1|1|2|1|1|1
3410419|1|1|1|221.44914797|52|2|1|2|1|1|1|1
3410420|1|1|1|511.20423135|52|2|1|2|1|1|1|1
3410421|1|1|1|195.83061833|52|1|1|2|1|1|1|1
3410422|1|1|1|247.65955588|52|3|1|2|2|1|1|1
3410423|1|1|1|171.45044818|52|1|1|2|1|1|1|1
3410424|1|1|1|207.00627364|52|1|1|2|1|1|1|1
3410425|1|1|1|280.24566467|52|1|1|2|1|1|1|1
3410426|1|1|1|138.86999766|52|1|1|2|1|1|1|1
3410428|1|1|1|191.02559121|52|2|1|2|2|1|1|1
3410431|1|1|1|283.32718621|52|1|1|1|1|1|1|1
3410432|1|1|1|172.02896537|52|2|1|1|1|1|1|1
3410433|1|1|1|140.24378801|52|2|1|1|2|1|1|1
3410435|1|1|1|268.3868801|52|2|1|1|1|1|1|1
3410436|1|1|1|282.40035058|52|1|1|1|1|1|1|1
3410437|1|1|1|197.97197635|52|1|1|2|2|1|1|1
3410438|1|1|1|145.32287233|52|1|1|2|1|1|1|1
3410439|1|1|1|134.46814093|52|1|1|2|1|1|1|1
3410440|1|1|1|439.82854622|52|2|1|2|2|1|1|1
3410442|1|1|1|256.66535791|52|1|1|2|2|1|1|1
3410443|1|1|1|552.4876961|54|1|1|2|1|1|1|1
3410444|1|1|1|678.44651568|54|2|1|2|1|1|1|1
3410445|1|1|1|865.44018861|54|2|1|2|1|1|1|1
3410446|1|1|1|678.44651568|54|1|1|2|1|1|1|1
3410447|1|1|1|666.65815909|54|1|1|2|1|1|1|1
3410448|1|1|1|519.99710257|54|1|1|2|1|1|1|1
3410449|1|1|1|830.19934121|54|2|1|2|1|1|1|1
3410450|1|1|1|457.9120774|54|1|1|2|1|1|1|1
3410451|1|1|1|552.4876961|54|1|1|2|1|1|1|1
3410452|1|1|1|566.38942347|54|1|1|3|1|1|1|1
3410453|1|1|1|474.86901278|54|1|1|3|1|1|1|1
3410454|1|1|1|547.23543096|54|2|1|3|1|1|1|1
3410455|1|1|1|633.47885885|54|2|1|3|2|1|1|1
3410456|1|1|1|655.6973708|54|2|1|3|2|1|1|1
3410457|1|1|1|544.01730381|54|3|1|3|2|1|1|1
3410459|1|1|1|767.4231753|54|2|1|3|2|1|1|1
3410460|1|1|1|786.57716781|54|1|1|2|1|1|1|1
3410461|1|1|1|1063.9286409|54|2|1|1|1|1|1|1
3410462|1|1|1|653.55510783|54|2|1|1|2|1|1|1
3410463|1|1|1|592.48985532|54|1|1|1|1|1|1|1
3410464|1|1|1|700.01953625|54|1|1|1|1|1|1|1
3410465|1|1|1|1087.433387|54|1|1|1|1|1|1|1
3410466|1|1|1|1029.8419869|54|1|1|1|1|1|1|1
3410467|1|1|1|746.45549547|54|1|1|1|2|1|1|1
3410468|1|1|1|758.83326988|54|1|1|1|1|1|1|1
3410469|1|1|1|799.95065367|54|1|1|1|1|1|1|1
3410470|1|1|1|644.56897878|54|2|1|1|1|1|1|1
3410471|1|1|1|777.79948472|54|2|1|1|1|1|1|1
3410472|1|1|1|668.09142573|54|1|1|1|1|1|1|1
3410473|1|1|1|807.26232884|54|1|1|1|1|1|1|1
3410474|1|1|1|644.56897878|54|1|1|1|1|1|1|1
3410475|1|1|1|630.21736572|54|2|1|1|1|1|1|1
3410476|1|1|1|514.04533357|54|1|1|1|1|1|1|1
3410477|1|1|1|779.12600065|54|1|1|1|1|1|1|1
3410478|1|1|1|1088.1352008|54|2|1|1|1|1|1|1
3410479|1|1|1|899.37363067|54|2|1|1|1|1|1|1
3410480|1|1|1|644.56897878|54|2|1|1|2|1|1|1
3410481|1|1|1|544.1139553|54|1|1|1|1|1|1|1
3410482|1|1|1|722.69835227|54|1|1|2|1|1|1|1
3410483|1|1|1|654.89691603|54|1|1|2|1|1|1|1
3410484|1|1|1|1013.2653723|54|1|1|2|1|1|1|1
3410485|1|1|1|425.98873696|54|1|1|2|1|1|1|1
3410486|1|1|1|734.45959533|54|2|1|2|1|1|1|1
3410487|1|1|1|666.65815909|54|1|1|2|1|1|1|1
3410488|1|1|1|572.64979348|54|2|1|2|1|1|1|1
3410489|1|1|1|710.90999569|54|1|1|2|1|1|1|1
3410490|1|1|1|1066.3649935|54|2|1|2|1|1|1|1
3410491|1|1|1|917.04162248|54|2|1|2|1|1|1|1
3410492|1|1|1|1558.5362651|54|3|1|2|2|1|1|1
3410493|1|1|1|1089.1075263|54|3|1|2|2|1|1|1
3410494|1|1|1|1224.2814143|54|2|1|2|2|1|1|1
3410495|1|1|1|1785.2715566|54|3|1|2|2|1|1|1
3410496|1|1|1|1328.403429|54|3|1|2|2|1|1|1
3410497|1|1|1|1275.5421579|54|1|1|2|1|1|1|1
3410498|1|1|1|993.28872939|54|1|1|2|1|1|1|1
3410499|1|1|1|698.99842883|54|1|1|2|1|1|1|1
3410500|1|1|1|856.46806721|54|1|1|2|1|1|1|1
3410501|1|1|1|913.31922014|54|1|1|2|1|1|1|1
3410502|1|1|1|819.94228844|54|1|1|2|1|1|1|1
3410503|1|1|1|960.19591694|54|1|1|2|1|1|1|1
3410504|1|1|1|928.46393988|54|1|1|2|1|1|1|1
3410505|1|1|1|709.09723446|54|1|1|2|1|1|1|1
3410506|1|1|1|1092.4750681|54|1|1|2|1|1|1|1
3410507|1|1|1|654.43558454|54|1|1|2|1|1|1|1
3410508|1|1|1|682.34498605|54|1|1|3|1|1|1|1
3410509|1|1|1|638.2706447|54|1|1|3|1|1|1|1
3410510|1|1|1|504.3996041|54|1|1|3|1|1|1|1
3410511|1|1|1|377.68033428|54|1|1|3|1|1|1|1
3410512|1|1|1|522.78205489|54|1|1|3|1|1|1|1
3410513|1|1|1|808.52016361|54|1|1|3|1|1|1|1
3410514|1|1|1|576.55590112|54|1|1|3|1|1|1|1
3410515|1|1|1|533.56911583|54|1|1|3|1|1|1|1
3410516|1|1|1|673.63728656|54|1|1|3|1|1|1|1
3410517|1|1|1|249.10577266|63|1|1|2|1|1|1|1
3410518|1|1|1|333.42014579|63|1|1|2|1|1|1|1
3410519|1|1|1|249.10577266|63|1|1|2|1|1|1|1
3410520|1|1|1|285.34993191|63|1|1|2|1|1|1|1
3410521|1|1|1|257.38268788|63|1|1|2|1|1|1|1
3410522|1|1|1|330.10126784|63|1|1|2|1|1|1|1
3410523|1|1|1|306.83871433|63|1|1|2|1|1|1|1
3410524|1|1|1|333.34508228|63|1|1|3|1|1|1|1
3410525|1|1|1|232.15296746|63|1|1|3|1|1|1|1
3410526|1|1|1|357.22991414|63|1|1|3|1|1|1|1
3410527|1|1|1|244.1662498|63|1|1|3|1|1|1|1
3410528|1|1|1|332.23666862|63|1|1|3|1|1|1|1
3410529|1|1|1|288.42114601|63|1|1|3|1|1|1|1
3410530|1|1|1|225.30416586|63|2|1|1|1|1|1|1
3410531|1|1|1|236.57216577|63|2|1|1|1|1|1|1
3410532|1|1|1|276.42524907|63|2|1|1|1|1|1|1
3410533|1|1|1|233.48587042|63|2|1|1|1|1|1|1
3410534|1|1|1|276.42524907|63|1|1|1|1|1|1|1
3410535|1|1|1|192.14010105|63|1|1|1|1|1|1|1
3410536|1|1|1|337.61787156|63|2|1|1|1|1|1|1
3410537|1|1|1|205.9979418|63|2|1|1|1|1|1|1
3410538|1|1|1|206.5235893|63|1|1|1|1|1|1|1
3410539|1|1|1|287.42973768|63|2|1|3|1|1|1|1
3410540|1|1|1|203.28012494|63|1|1|3|1|1|1|1
3410541|1|1|1|335.48441627|63|1|1|1|1|1|1|1
3410542|1|1|1|166.28872778|63|1|1|1|1|1|1|1
3410543|1|1|1|203.28012494|63|1|1|1|1|1|1|1
3410544|1|1|1|188.81207433|63|1|1|1|1|1|1|1
3410545|1|1|1|287.20357292|63|2|1|1|1|1|1|1
3410546|1|1|1|190.94189528|63|1|1|1|1|1|1|1
3410547|1|1|1|226.01393315|63|1|1|1|1|1|1|1
3410548|1|1|1|227.55625613|63|1|1|1|1|1|1|1
3410549|1|1|1|195.43369995|63|2|1|6|1|1|1|1
3410551|1|1|1|219.49994763|63|2|1|5|1|1|1|1
3410552|1|1|1|246.89235596|63|2|1|5|1|1|1|1
3410553|1|1|1|259.60831376|63|2|1|5|1|1|1|1
3410554|1|1|1|286.75267188|63|1|1|1|1|1|1|1
3410555|1|1|1|296.65684046|63|1|1|1|1|1|1|1
3410556|1|1|1|226.81661255|63|1|1|1|1|1|1|1
3410557|1|1|1|226.81661255|63|1|1|1|1|1|2|1
3410558|1|1|1|329.80210444|63|1|1|1|1|1|1|1
3410559|1|1|1|298.12167967|63|1|1|1|1|1|1|1
3410560|1|1|1|262.81468015|63|2|1|5|1|1|1|1
3410561|1|1|1|271.04016659|63|2|1|5|1|1|1|1
3410562|1|1|1|311.52997651|63|2|1|5|1|1|1|1
3410563|1|1|1|406.54128804|63|2|1|3|1|1|1|1
3410564|1|1|1|380.32617966|63|2|1|3|1|1|1|1
3410565|1|1|1|280.7230438|63|2|1|3|1|1|1|1
3410566|1|1|1|380.32617966|63|2|1|3|1|1|1|1
3410567|1|1|1|403.1084246|66|1|1|3|1|1|1|1
3410568|1|1|1|358.83227934|66|1|1|3|1|1|1|1
3410569|1|1|1|403.60620341|66|2|1|5|1|1|1|1
3410570|1|1|1|424.03841013|66|2|1|6|1|1|1|1
3410571|1|1|1|415.01742385|66|2|1|2|1|1|1|1
3410572|1|1|1|383.17399668|66|2|1|2|1|1|1|1
3410573|1|1|1|695.99428828|66|1|1|2|1|1|1|1
3410574|1|1|1|965.53165029|66|2|1|2|1|1|1|1
3410575|1|1|1|862.40176626|66|2|1|2|1|1|1|1
3410576|1|1|1|424.03841013|66|1|1|2|1|1|1|1
3410577|1|1|1|608.54112819|66|2|1|2|1|1|1|1
3410578|1|1|1|358.83227934|66|2|1|2|1|1|1|1
3410579|1|1|1|338.40007261|66|2|1|2|1|1|1|1
3410580|1|1|1|632.21734076|66|2|1|2|1|1|1|1
3410581|1|1|1|463.88132593|66|2|1|2|1|1|1|1
3410582|1|1|1|907.90260376|66|2|1|2|1|1|1|1
3410583|1|1|1|491.83568835|66|2|1|2|1|1|1|1
3410584|1|1|1|441.51755686|66|2|1|2|1|1|1|1
3410585|1|1|1|889.92567824|66|2|1|2|1|1|1|1
3410586|1|1|1|549.25092368|66|1|1|4|1|1|1|1
3410587|1|1|1|747.06836391|66|1|1|4|1|1|1|1
3410588|1|1|1|552.44178394|66|1|1|4|1|1|1|1
3410589|1|1|1|403.68631426|66|1|1|4|1|1|1|1
3410590|1|1|1|394.68688955|66|1|1|4|1|1|1|2
3410591|1|1|1|424.30285421|66|1|1|6|1|1|1|1
3410592|1|1|1|541.5528718|66|1|1|6|1|1|1|1
3410593|1|1|1|464.50574129|66|1|1|6|1|1|1|1
3410595|1|1|1|350.87669754|66|1|1|1|1|1|1|1
3410596|1|1|1|378.13125203|66|1|1|1|1|1|1|1
3410597|1|1|1|228.60871793|66|2|1|1|1|1|1|1
3410598|1|1|1|363.06693128|66|2|1|1|1|1|1|1
3410599|1|1|1|823.27875951|68|2|1|1|2|1|1|1
3410600|1|1|1|397.20346746|68|1|1|1|2|1|1|1
3410601|1|1|1|641.97257131|68|1|1|1|2|1|1|1
3410602|1|1|1|717.25160286|68|1|1|1|2|1|1|1
3410603|1|1|1|771.82849353|68|1|1|1|2|1|1|1
3410604|1|1|1|343.69019894|68|1|1|1|2|1|1|1
3410605|1|1|1|753.88162876|68|1|1|1|2|1|1|1
3410607|1|1|1|915.44360257|68|2|1|1|1|1|1|1
3410608|1|1|1|942.35203595|68|2|1|1|1|1|1|1
3410609|1|1|1|785.56035669|68|2|1|1|1|1|1|1
3410610|1|1|1|1112.224988|68|2|1|1|2|1|1|1
3410611|1|1|1|704.85269741|68|2|1|1|1|1|1|1
3410612|1|1|1|852.22467574|68|2|1|1|1|1|1|1
3410613|1|1|1|955.43330873|68|2|1|1|1|1|1|1
3410614|1|1|1|861.64437667|68|2|1|1|1|1|1|1
3410615|1|1|1|999.66404681|68|2|1|1|1|1|1|1
3410616|1|1|1|730.63653035|68|2|1|1|1|1|1|1
3410617|1|1|1|848.69671328|68|2|1|1|1|1|1|1
3410618|1|1|1|693.50831175|68|2|1|1|1|1|1|1
3410619|1|1|1|699.46631882|68|2|1|1|1|1|1|1
3410620|1|1|1|780.90140757|68|1|1|1|1|1|1|1
3410621|1|1|1|841.02711219|68|2|1|1|1|1|1|1
3410622|1|1|1|710.36737947|68|1|1|1|1|1|1|1
3410623|1|1|1|762.86966881|68|2|1|1|1|1|1|1
3410624|1|1|1|807.11553139|68|1|1|1|1|1|1|1
3410625|1|1|1|772.41790873|68|1|1|1|1|1|1|1
3410626|1|1|1|764.04233984|68|2|1|1|1|1|1|1
3410627|1|1|1|816.49844338|68|2|1|1|1|1|1|1
3410628|1|1|1|735.11772763|68|2|1|1|1|1|1|1
3410629|1|1|1|598.89940478|68|2|1|4|1|1|1|1
3410630|1|1|1|511.96749472|68|2|1|4|1|1|1|1
3410631|1|1|1|652.6508928|68|2|1|4|1|1|1|1
3410632|1|1|1|472.7122294|68|2|1|4|1|1|1|1
3410633|1|1|1|590.30598885|68|2|1|4|1|1|1|1
3410634|1|1|1|629.51968694|68|2|1|4|1|1|1|1
3410635|1|1|1|663.59756872|68|2|1|4|1|1|1|1
3410636|1|1|1|465.85115564|68|2|1|4|1|1|1|1
3410637|1|1|1|536.19285469|68|1|1|4|1|1|1|1
3410638|1|1|1|715.35744289|68|2|1|4|1|1|1|1
3410639|1|1|1|476.49258069|68|2|1|1|2|1|1|1
3410640|1|1|1|454.13936033|68|2|1|1|2|1|1|1
3410641|1|1|1|448.79082098|68|2|1|1|2|1|1|1
3410642|1|1|1|564.1351091|68|2|1|1|2|1|1|1
3410643|1|1|1|370.28927282|68|2|1|1|2|1|1|1
3410644|1|1|1|477.27917234|68|1|1|1|2|1|1|1
3410645|1|1|1|480.41930724|68|1|1|1|2|1|1|1
3410646|1|1|1|520.79062068|68|1|1|1|2|1|1|1
3410647|1|1|1|651.71777702|68|1|1|1|2|1|1|1
3410648|1|1|1|240.1425108|68|2|1|1|2|1|1|1
3410649|1|1|1|446.3592145|68|2|1|1|2|1|1|1
3410650|1|1|1|1235.8055422|68|2|1|4|1|1|1|1
3410651|1|1|1|1063.2751154|68|2|1|4|1|1|1|1
3410652|1|1|1|1150.3177671|68|2|1|4|1|1|1|1
3410653|1|1|1|630.22365591|68|2|1|4|1|1|1|1
3410654|1|1|1|597.85963251|68|2|1|4|1|1|1|1
3410655|1|1|1|493.81403897|68|1|1|4|1|1|1|1
3410656|1|1|1|679.38040191|68|1|1|4|1|1|1|1
3410657|1|1|1|619.82751457|68|1|1|4|1|1|1|1
3410658|1|1|1|560.61808532|68|2|1|4|1|1|1|1
3410659|1|1|1|501.97527141|68|2|1|4|1|1|1|1
3410660|1|1|1|1506.9606587|68|2|1|1|1|1|1|1
3410661|1|1|1|1391.2720677|68|2|1|1|1|1|1|1
3410662|1|1|1|1502.0195729|68|2|1|1|1|1|1|1
3410663|1|1|1|1321.7880106|68|2|1|1|1|1|1|1
3410664|1|1|1|1438.8768324|68|2|1|1|1|1|1|1
3410665|1|1|1|1458.2239571|68|2|1|1|1|1|1|1
3410666|1|1|1|1630.3246404|68|2|1|1|1|1|1|1
3410667|1|1|1|1257.4953082|68|2|1|1|1|1|1|1
3410668|1|1|1|1194.6929984|68|2|1|1|1|1|1|1
3410669|1|1|1|1194.6929984|68|2|1|1|1|1|1|1
3410670|1|1|1|1603.7900754|68|2|1|1|1|1|1|1
3410671|1|1|1|210.79754226|70|2|1|3|1|1|1|1
3410672|1|1|1|238.39517361|70|2|1|3|1|1|1|1
3410673|1|1|1|185.18619817|70|1|1|3|1|1|1|1
3410674|1|1|1|168.80433047|70|1|1|3|1|1|1|1
3410676|1|1|1|279.44723749|70|1|1|3|1|1|1|1
3410677|1|1|1|187.06849399|70|2|1|3|1|1|1|1
3410678|1|1|1|197.83299024|70|1|1|3|1|1|1|1
3410679|1|1|1|238.39517361|70|2|1|3|1|1|1|1
3410680|1|1|1|187.06849399|70|2|1|3|1|1|1|1
3410681|1|1|1|241.48786241|70|2|1|3|1|1|1|1
3410682|1|1|1|207.92243553|70|1|1|2|1|1|1|1
3410683|1|1|1|162.74577522|70|1|1|3|1|1|1|1
3410684|1|1|1|145.07352595|70|2|1|3|1|1|1|1
3410685|1|1|1|168.48330597|70|1|1|3|1|1|1|1
3410686|1|1|1|221.72184513|70|2|1|2|1|1|1|1
3410687|1|1|1|162.74577522|70|1|1|3|1|1|1|1
3410688|1|1|1|114.12573332|70|2|1|3|1|1|1|1
3410689|1|1|1|114.12573332|70|1|1|3|1|1|1|1
3410690|1|1|1|167.75343617|70|1|1|3|1|1|1|1
3410691|1|1|1|145.07352595|70|1|1|3|1|1|1|1
3410692|1|1|1|349.61623979|70|1|1|1|1|1|1|1
3410693|1|1|1|283.56462191|70|1|1|1|1|1|1|1
3410694|1|1|1|223.66465989|70|2|1|1|1|1|1|1
3410695|1|1|1|288.73007669|70|1|1|1|1|1|1|1
3410696|1|1|1|264.09905747|70|1|1|1|1|1|1|1
3410697|1|1|1|401.81130444|70|1|1|1|1|1|1|1
3410698|1|1|1|478.004398|70|1|1|1|1|1|1|1
3410699|1|1|1|334.11543547|70|1|1|1|1|1|1|1
3410700|1|1|1|204.23151225|70|2|1|1|1|1|1|1
3410701|1|1|1|117.34701303|70|2|1|1|1|1|1|1
3410702|1|1|1|258.15486155|70|2|1|1|1|1|1|1
3410703|1|1|1|182.48146174|70|2|1|1|1|1|1|1
3410704|1|1|1|92.971907324|70|2|1|1|1|1|1|1
3410705|1|1|1|252.0627292|70|2|1|1|1|1|1|1
3410706|1|1|1|212.90358482|70|2|1|1|1|1|1|1
3410708|1|1|1|111.35742313|70|2|1|1|1|1|1|1
3410709|1|1|1|176.79739024|70|2|1|3|1|1|1|1
3410710|1|1|1|190.65216202|70|1|1|2|1|1|1|1
3410711|1|1|1|97.426068675|70|2|1|3|1|1|1|1
3410712|1|1|1|197.57550384|70|2|1|2|1|1|1|1
3410713|1|1|1|196.36265417|70|1|1|2|1|1|1|1
3410714|1|1|1|184.15969301|70|1|1|3|1|1|1|1
3410715|1|1|1|128.31637187|70|1|1|2|1|1|1|1
3410716|1|1|1|162.1815279|70|1|1|1|1|1|1|1
3410717|1|1|1|143.55998096|70|1|1|1|1|1|1|1
3410718|1|1|1|100.53690361|70|1|1|1|1|1|1|1
3410719|1|1|1|173.92760783|70|1|1|1|1|1|1|1
3410720|1|1|1|105.49013546|70|1|1|1|1|1|1|1
3410721|1|1|1|185.86074807|70|1|1|1|1|1|1|1
3410722|1|1|1|206.6850078|70|1|1|1|1|1|1|1
3410723|1|1|1|256.73055752|70|1|1|1|1|1|1|1
3410724|1|1|1|173.92760783|70|1|1|1|1|1|1|1
3410725|1|1|1|213.22402308|70|1|1|1|1|1|1|1
3410726|1|1|1|177.64595042|70|1|1|1|1|1|1|1
3410727|1|1|1|159.33531529|70|1|1|2|1|1|1|1
3410728|1|1|1|189.04826105|70|1|1|3|1|1|1|1
3410729|1|1|1|164.92569266|70|1|1|2|1|1|1|1
3410730|1|1|1|90.054471932|70|1|1|2|1|1|1|1
3410731|1|1|1|97.87921318|70|1|1|2|1|1|1|1
3410732|1|1|1|156.29506091|70|1|1|2|1|1|1|1
3410733|1|1|1|252.0627292|70|1|1|2|1|1|1|1
3410734|1|1|1|191.53891626|70|1|1|2|1|1|1|1
3410735|1|1|1|143.13048991|70|1|1|2|1|1|1|1
3410736|1|1|1|180.5081564|70|1|1|2|1|1|1|1
3410737|1|1|1|310.53133113|73|2|1|2|1|1|1|1
3410738|1|1|1|215.3597511|73|2|1|2|1|1|1|1
3410739|1|1|1|192.83302413|73|2|1|2|1|1|1|1
3410740|1|1|1|488.75838974|73|1|1|3|1|1|1|1
3410742|1|1|1|488.75838974|73|2|1|3|1|1|1|1
3410743|1|1|1|281.07752742|73|1|1|3|1|1|1|1
3410744|1|1|1|278.50708793|73|1|1|3|1|1|1|1
3410745|1|1|1|533.24987223|73|1|1|3|1|1|1|1
3410746|1|1|1|381.87461092|73|2|1|3|1|1|1|1
3410747|1|1|1|414.76039041|73|2|1|3|1|1|1|1
3410748|1|1|1|493.06173546|73|1|1|3|1|1|1|1
3410749|1|1|1|248.61824247|73|2|1|2|1|1|1|1
3410750|1|1|1|248.61824247|73|2|1|2|1|1|1|1
3410751|1|1|1|498.11991766|73|2|1|2|1|1|1|1
3410752|1|1|1|557.48073108|73|2|1|2|1|1|1|1
3410753|1|1|1|546.86160003|73|2|1|2|1|1|1|1
3410754|1|1|1|356.88559297|73|2|1|2|1|1|1|1
3410755|1|1|1|285.95248331|73|2|1|2|1|1|1|1
3410756|1|1|1|557.33920882|73|1|1|2|1|1|1|1
3410757|1|1|1|394.76639172|73|1|1|2|1|1|1|1
3410759|1|1|1|553.86342958|73|2|1|2|1|1|1|1
3410760|1|1|1|439.62837136|73|2|1|2|1|1|1|1
3410761|1|1|1|412.93602662|73|2|1|2|1|1|1|1
3410762|1|1|1|180.03389972|73|1|1|2|1|1|1|1
3410763|1|1|1|349.19587739|73|2|1|2|1|1|1|1
3410764|1|1|1|350.27684523|73|1|1|2|1|1|1|1
3410765|1|1|1|635.78503024|73|2|1|2|1|1|1|1
3410766|1|1|1|425.09323385|73|2|1|3|1|1|1|1
3410767|1|1|1|257.19128532|73|2|1|2|1|1|1|1
3410768|1|1|1|331.21060034|73|1|1|3|1|1|1|1
3410769|1|1|1|741.6640533|73|2|1|2|1|1|1|1
3410770|1|1|1|349.4227219|73|2|1|2|1|1|1|1
3410771|1|1|1|558.49208301|73|2|1|2|1|1|1|1
3410772|1|1|1|462.04666232|73|1|1|2|1|1|1|1
3410773|1|1|1|205.75302825|73|1|1|2|1|1|1|1
3410774|1|1|1|451.16159053|73|1|1|2|1|1|1|1
3410775|1|1|1|597.69916677|73|2|1|2|1|1|1|1
3410776|1|1|1|407.86924911|73|2|1|2|1|1|1|1
3410777|1|1|1|205.75302825|73|2|1|2|1|1|1|1
3410778|1|1|1|675.46936416|73|2|1|2|1|1|1|1
3410779|1|1|1|716.15001312|73|2|1|2|1|1|1|1
3410780|1|1|1|653.75207369|73|2|1|2|1|1|1|1
3410781|1|1|1|264.96848027|73|2|1|2|1|1|1|1
3410782|1|1|1|507.55678935|73|2|1|3|1|1|1|1
3410783|1|1|1|237.90866145|73|1|1|3|1|1|1|1
3410784|1|1|1|321.45049946|73|1|1|3|1|1|1|1
3410785|1|1|1|542.6442293|73|1|1|3|1|1|1|1
3410786|1|1|1|298.08954031|73|1|1|3|1|1|1|1
3410787|1|1|1|447.37591049|73|1|1|2|1|1|1|1
3410788|1|1|1|651.92924489|73|1|1|3|1|1|1|1
3410789|1|1|1|298.91204663|73|1|1|3|1|1|1|1
3410791|1|1|1|565.23647746|73|1|1|3|1|1|1|1
3410792|1|1|1|526.00383386|73|1|1|3|1|1|1|1
3410793|1|1|1|526.00383386|73|1|1|3|2|1|1|1
3410794|1|1|1|1739.1977516|76|2|1|3|1|1|1|1
3410795|1|1|1|1275.6368663|76|1|1|3|2|1|1|1
3410796|1|1|1|1737.5989127|76|1|1|3|1|1|1|1
3410797|1|1|1|1240.1883592|76|1|1|3|1|1|1|1
3410798|1|1|1|1502.8079252|76|1|1|3|1|1|1|1
3410799|1|1|1|1275.6368663|76|1|1|3|1|1|1|1
3410800|1|1|1|1485.0836716|76|2|1|3|1|1|1|1
3410801|1|1|1|1859.6515393|76|2|1|3|1|1|1|1
3410802|1|1|1|1440.8865699|76|2|1|3|1|1|1|1
3410803|1|1|1|1136.3965677|76|2|1|2|1|1|1|1
3410804|1|1|1|1293.8573281|76|2|1|2|1|1|1|1
3410805|1|1|1|1073.9513332|76|1|1|2|1|1|1|1
3410806|1|1|1|1130.9898749|76|1|1|2|1|1|1|1
3410807|1|1|1|1726.9297199|76|1|1|2|1|1|1|1
3410808|1|1|1|1520.6057078|76|2|1|2|1|1|1|1
3410809|1|1|1|1146.9055312|76|1|1|2|1|1|1|1
3410810|1|1|1|1981.324319|76|2|1|3|1|1|1|1
3410811|1|1|1|1713.6002257|76|1|1|3|1|1|1|1
3410812|1|1|1|1856.582868|76|1|1|2|1|1|1|1
3410814|1|1|1|1436.177619|76|1|1|2|1|1|1|1
3410815|1|1|1|1663.2037896|76|2|1|3|1|1|1|1
3410816|1|1|1|2240.3596695|76|2|1|3|1|1|1|1
3410817|1|1|1|1540.029357|76|2|1|4|1|1|1|1
3410818|1|1|1|897.83457518|76|1|1|4|1|1|1|1
3410819|1|1|1|1338.6882436|76|1|1|4|1|1|1|1
3410820|1|1|1|1292.7629456|76|1|1|4|1|1|1|1
3410821|1|1|1|1130.5936075|76|2|1|4|1|1|1|1
3410822|1|1|1|858.66279988|76|1|1|4|1|1|1|1
3410823|1|1|1|834.86581207|76|2|1|2|1|1|1|1
3410824|1|1|1|1077.3263726|76|1|1|2|1|1|1|1
3410825|1|1|1|1517.6533098|76|1|1|2|1|1|1|1
3410826|1|1|1|975.52406703|76|2|1|2|1|1|1|1
3410827|1|1|1|1969.3034176|76|2|1|2|1|1|1|1
3410828|1|1|1|1455.9240843|76|1|1|2|1|1|1|1
3410829|1|1|1|2165.2567034|76|2|1|2|1|1|1|1
3410830|1|1|1|1999.0124963|76|2|1|2|1|1|1|1
3410831|1|1|1|2407.0170088|76|2|1|2|1|1|1|1
3410832|1|1|1|2260.5287631|76|2|1|2|2|1|1|1
3410833|1|1|1|2130.6554187|76|2|1|2|1|1|1|1
3410834|1|1|1|1607.4486626|76|1|1|2|1|1|1|1
3410835|1|1|1|1415.8316339|76|1|1|1|2|1|1|1
3410836|1|1|1|2347.2299351|76|1|1|1|2|1|1|1
3410837|1|1|1|1147.808283|76|1|1|1|2|1|1|1
3410838|1|1|1|2403.0927803|76|2|1|1|2|1|1|1
3410839|1|1|1|1446.4244473|76|1|1|1|2|1|1|1
3410840|1|1|1|1556.1038036|76|2|1|1|2|1|1|1
3410841|1|1|1|1235.0456313|76|2|1|1|2|2|2|1
3410842|1|1|1|4236.6832263|76|2|1|1|1|1|1|1
3410843|1|1|1|3194.4029009|76|2|1|1|1|1|1|1
3410844|1|1|1|2522.8772449|76|1|1|1|2|1|1|2
3410845|1|1|1|2053.1856357|76|2|1|4|1|1|1|1
3410846|1|1|1|1118.4599469|76|2|1|4|1|1|1|1
3410847|1|1|1|2350.9463747|76|1|1|3|1|1|1|1
3410848|1|1|1|2350.9463747|76|1|1|3|1|1|1|1
3410849|1|1|1|1949.498836|76|1|1|3|1|1|1|1
3410851|1|1|1|2354.6854286|76|2|1|4|1|1|1|1
3410852|1|1|1|1985.8273288|76|2|1|5|1|1|1|1
3410853|1|1|1|1887.7755119|76|1|1|4|1|1|1|1
3410854|1|1|1|1985.8273288|76|1|1|5|1|1|1|1
3410855|1|1|1|1437.6144146|76|1|1|4|1|1|1|1
3410856|1|1|1|1726.2032615|76|1|1|5|1|1|1|1
3410858|1|1|1|1059.1708066|76|1|1|1|1|1|1|1
3410860|1|1|1|1771.6248483|76|2|1|1|1|1|1|1
3410861|1|1|1|1764.3509019|76|1|1|1|1|1|1|1
3410862|1|1|1|41.643712625|88|2|1|2|2|1|1|2
3410863|1|1|1|34.817421521|88|2|1|2|2|1|1|2
3410864|1|1|1|43.545885563|88|2|1|2|2|1|1|2
3410865|1|1|1|43.545885563|88|2|1|2|2|1|1|2
3410866|1|1|1|43.545885563|88|2|1|2|2|1|1|2
3410867|1|1|1|21.024702688|88|2|1|2|2|1|1|2
3410868|1|1|1|25.005219475|88|1|1|2|2|1|1|2
3410869|1|1|1|37.026913078|88|2|1|2|2|2|1|1
3410870|1|1|1|41.643712625|88|2|1|2|2|1|1|2
3410871|1|1|1|29.281715169|88|1|1|2|2|1|1|1
3410872|1|1|1|28.122278125|88|1|1|2|2|1|1|1
3410873|1|1|1|49.688375211|88|2|1|2|2|1|1|1
3410874|1|1|1|22.586571773|88|2|1|2|2|1|1|1
3410875|1|1|1|16.989931214|88|1|1|2|2|1|1|1
3410876|1|1|1|52.061510794|88|2|1|2|2|1|1|1
3410878|1|1|1|28.122278125|88|1|1|2|2|1|1|1
3410879|1|1|1|28.186010646|88|2|1|2|2|2|1|1
3410880|1|1|1|29.412862877|88|2|1|2|2|2|1|1
3410881|1|1|1|30.024451064|88|2|1|2|2|2|1|1
3410882|1|1|1|36.108006273|88|2|1|2|2|2|1|1
3410888|1|1|1|22.594002029|88|2|1|2|2|1|1|2
3410889|1|1|1|41.283620213|88|1|1|1|2|1|1|1
3410890|1|1|1|81.947808462|88|1|1|1|2|1|1|1
3410895|1|1|1|38.868089906|88|1|1|1|2|1|1|1
3410896|1|1|1|41.065207039|88|2|1|1|2|1|1|1
3410897|1|1|1|41.283620213|88|2|1|1|2|1|1|1
3410898|1|1|1|2434.0154578|05|2|1|2|1|1|1|1
3410899|1|1|1|3868.2029887|05|2|1|2|1|1|1|1
3410900|1|1|1|3603.7751839|05|1|1|2|1|1|1|1
3410901|1|1|1|3479.4770376|05|2|1|1|1|1|1|1
3410902|1|1|1|7212.5170976|05|2|1|2|1|1|1|1
3410903|1|1|1|2434.84705|05|2|1|2|1|1|1|1
3410904|1|1|1|4974.9136326|05|2|1|2|1|1|1|1
3410905|1|1|1|6281.4880601|05|2|1|2|2|1|1|1
3410906|1|1|1|3449.2185002|05|2|1|2|1|1|1|1
3410907|1|1|1|3861.9467657|05|2|1|2|2|1|1|1
3410908|1|1|1|5236.3484975|05|2|1|3|1|1|1|1
3410909|1|1|1|3188.7950112|05|2|1|3|1|1|1|1
3410910|1|1|1|2952.3865232|05|2|1|3|1|1|1|1
3410911|1|1|1|3310.5911256|05|2|1|3|1|1|1|1
3410912|1|1|1|3410.4129953|05|2|1|3|1|1|1|1
3410913|1|1|1|3288.6168809|05|2|1|3|1|1|1|1
3410914|1|1|1|2469.6389343|05|2|1|3|1|1|1|1
3410915|1|1|1|5468.1296383|05|2|1|3|1|1|1|1
3410916|1|1|1|3417.2377442|05|3|1|3|1|1|1|1
3410917|1|1|1|1911.7905925|05|2|1|3|1|1|1|1
3410918|1|1|1|3063.1073827|05|2|1|3|1|1|1|1
3410919|1|1|1|2852.5646534|05|2|1|3|1|1|1|1
3410921|1|1|1|2653.6725939|05|2|1|3|1|1|1|1
3410922|1|1|1|5701.1997185|05|2|1|3|1|1|1|1
3410923|1|1|1|2602.8835089|05|2|1|3|1|1|1|1
3410924|1|1|1|2101.0839225|05|2|1|3|1|1|1|1
3410925|1|1|1|3076.2798815|05|2|1|3|1|1|1|1
3410926|1|1|1|2639.1850838|05|2|1|3|1|1|1|1
3410927|1|1|1|2860.903342|05|2|1|3|2|1|1|1
3410929|1|1|1|2752.8715062|05|2|1|3|1|1|1|1
3410930|1|1|1|2743.4276597|05|2|1|3|1|1|1|1
3410932|1|1|1|2743.4276597|05|2|1|3|1|1|1|1
3410934|1|1|1|2634.3455781|05|2|1|3|1|1|1|1
3410935|1|1|1|4426.2775578|05|2|1|3|1|1|1|1
3410936|1|1|1|2285.1948653|05|1|1|3|1|1|1|1
3410937|1|1|1|2350.2736531|05|2|1|3|2|1|1|1
3410939|1|1|1|2312.5304688|05|2|1|6|1|1|1|1
3410940|1|1|1|2053.954385|05|2|1|6|1|1|1|1
3410941|1|1|1|2236.6131983|05|2|1|6|1|1|1|1
3410943|1|1|1|1877.8649423|05|2|1|6|1|1|1|1
3410944|1|1|1|2840.9547714|05|2|1|1|1|1|1|1
3410945|1|1|1|2231.3095477|05|1|1|1|1|1|1|1
3410946|1|1|1|1673.5933976|05|1|1|1|1|1|2|1
3410947|1|1|1|2165.0079345|05|2|1|1|2|1|1|1
3410948|1|1|1|2235.2023087|05|2|1|1|1|1|1|1
3410949|1|1|1|2165.0079345|05|1|1|1|1|1|1|1
3410950|1|1|1|1273.1420171|05|1|1|1|1|1|1|1
3410951|1|1|1|2235.2023087|05|2|1|1|1|1|1|1
3410952|1|1|1|2072.2146571|05|1|2||2|1|1|1
3410953|1|1|1|10288.804502|05|2|1|3|1|1|1|1
3410956|1|1|1|6788.7540381|05|2|1|3|1|1|1|1
3410958|1|1|1|5998.9154469|05|2|1|3|1|1|1|1
3410959|1|1|1|7534.9848318|05|2|1|3|1|1|1|1
3410960|1|1|1|5484.6169378|05|2|1|3|1|1|1|1
3410961|1|1|1|834.35539948|08|1|1|2|1|1|1|1
3410962|1|1|1|1306.9061933|08|2|1|2|1|1|1|1
3410963|1|1|1|566.8575359|08|2|1|2|1|1|1|1
3410964|1|1|1|1170.3025485|08|1|1|2|1|1|1|1
3410965|1|1|1|1065.9959136|08|2|1|2|1|1|1|1
3410966|1|1|1|1017.0595744|08|1|1|2|1|1|1|1
3410967|1|1|1|630.14231284|08|2|1|2|1|1|1|1
3410968|1|1|1|931.768886|08|2|1|2|1|1|1|1
3410969|1|1|1|1023.1623532|08|2|1|2|1|1|1|1
3410970|1|1|1|630.14231284|08|1|1|2|1|1|1|1
3410971|1|1|1|951.46450435|08|1|1|1|1|1|1|1
3410972|1|1|1|835.44908179|08|1|1|2|1|1|1|1
3410973|1|1|1|542.75056588|08|1|1|1|1|1|1|1
3410974|1|1|1|780.4487458|08|2|1|1|1|1|1|1
3410975|1|1|1|887.46907098|08|1|1|1|1|1|1|1
3410976|1|1|1|1288.4302371|08|2|1|1|1|1|1|1
3410977|1|1|1|1237.1768793|08|3|1|1|1|1|1|1
3410978|1|1|1|1776.6763429|08|3|1|1|1|1|1|1
3410979|1|1|1|1091.992606|08|3|1|1|1|1|1|1
3410980|1|1|1|966.65710898|08|3|1|1|1|1|1|1
3410981|1|1|1|1555.6538679|08|3|1|1|1|2|1|1
3410982|1|1|1|966.65710898|08|3|1|1|1|1|1|1
3410983|1|1|1|1091.992606|08|1|1|1|1|2|1|1
3410984|1|1|1|990.05989084|08|2|1|1|1|2|1|1
3410985|1|1|1|990.05989084|08|2|1|1|1|2|1|1
3410986|1|1|1|1108.2458089|08|2|1|1|1|2|1|1
3410987|1|1|1|1065.9875484|08|2|1|1|1|2|1|1
3410988|1|1|1|892.14318963|08|2|1|1|1|2|1|1
3410989|1|1|1|1886.6027849|08|1|1|1|1|2|1|1
3410990|1|1|1|966.65710898|08|2|1|1|1|2|1|1
3410991|1|1|1|1645.2518653|08|2|1|1|1|2|1|1
3410992|1|1|1|9344.2177602|11|2|1|2|1|1|1|1
3410994|1|1|1|9931.5382847|11|1|1|2|1|1|1|1
3410995|1|1|1|11396.049982|11|2|1|2|2|1|1|1
3410996|1|1|1|8477.6099035|11|2|1|2|1|1|1|1
3410997|1|1|1|9966.5090162|11|1|1|2|1|1|1|1
3410998|1|1|1|9966.5090162|11|1|1|2|1|1|1|1
3410999|1|1|1|2774.6649954|11|2|1|3|1|1|1|1
3411000|1|1|1|5116.0799416|11|1|1|3|1|1|1|1
3411001|1|1|1|6447.6709928|11|1|1|3|1|1|1|1
3411002|1|1|1|7400.0763946|11|2|1|3|1|1|1|1
3411003|1|1|1|6809.9547032|11|2|1|3|1|1|1|1
3411004|1|1|1|6923.6943196|11|1|1|3|1|1|1|1
3411005|1|1|1|6013.8055107|11|1|1|3|1|1|1|1
3411007|1|1|1|7842.7551517|11|1|1|3|1|1|1|1
3411008|1|1|1|4650.406895|11|1|1|3|1|1|1|1
3411009|1|1|1|4719.1009852|11|1|1|3|1|1|1|1
3411010|1|1|1|6805.7592568|11|1|1|3|1|1|1|1
3411011|1|1|1|10478.42865|11|1|1|3|1|1|1|1
3411012|1|1|1|8482.0983069|11|1|1|3|1|1|1|1
3411013|1|1|1|9344.2177602|11|1|1|3|1|1|1|1
3411014|1|1|1|7647.9826845|11|1|1|3|1|1|1|1
3411015|1|1|1|9369.5111122|11|1|1|3|1|1|1|1
3411017|1|1|1|2738.4987255|11|2|1|3|1|1|1|1
3411018|1|1|1|5980.5633347|11|2|1|3|1|1|1|1
3411019|1|1|1|8927.4043382|11|2|1|2|1|1|1|1
3411020|1|1|1|7532.7143411|11|1|1|2|1|1|1|1
3411021|1|1|1|6630.7997187|11|2|1|2|1|1|1|1
3411022|1|1|1|6867.9785194|11|2|1|2|1|1|1|1
3411023|1|1|1|7079.4207407|11|2|1|2|1|1|1|1
3411025|1|1|1|5668.526831|11|1|1|2|1|1|1|1
3411026|1|1|1|3615.4035503|11|1|1|2|1|1|1|1
3411027|1|1|1|3093.0416421|11|2|1|4|1|1|1|1
3411028|1|1|1|4778.749662|11|2|1|4|1|1|1|1
3411029|1|1|1|6399.3203746|11|2|1|4|1|1|1|1
3411030|1|1|1|5399.9274718|11|2|1|4|1|1|1|1
3411031|1|1|1|5870.3479085|11|2|1|4|1|1|1|1
3411032|1|1|1|6564.9359348|11|2|1|6|1|1|1|1
3411033|1|1|1|5899.8723566|11|2|1|6|1|1|1|1
3411034|1|1|1|6697.2434851|11|2|1|2|1|1|1|1
3411035|1|1|1|4918.8190621|11|2|1|3|1|1|1|1
3411036|1|1|1|4594.7438949|11|2|1|2|1|1|1|1
3411037|1|1|1|4641.4743265|11|1|1|5|1|1|1|1
3411038|1|1|1|5234.6192596|11|1|1|5|1|1|1|1
3411039|1|1|1|4884.2387104|11|1|1|5|1|1|1|1
3411040|1|1|1|5601.6895957|11|1|1|5|1|1|1|1
3411041|1|1|1|7522.2828249|11|1|1|5|1|1|1|1
3411042|1|1|1|5330.4217613|11|1|1|3|1|1|1|1
3411043|1|1|1|8607.8391334|11|1|1|3|1|1|1|1
3411044|1|1|1|4767.208566|11|1|1|3|1|1|1|1
3411045|1|1|1|362.55103618|13|2|1|6|1|1|1|1
3411046|1|1|1|600.11933148|13|2|1|6|1|1|1|1
3411047|1|1|1|378.86628459|13|2|1|6|1|1|1|1
3411048|1|1|1|582.0237004|13|2|1|6|1|1|1|1
3411049|1|1|1|362.55103618|13|2|1|6|1|1|1|1
3411050|1|1|1|717.94764418|13|2|1|1|1|1|1|1
3411051|1|1|1|543.21447675|13|2|1|1|1|1|1|1
3411052|1|1|1|609.68818104|13|2|1|1|1|1|1|1
3411053|1|1|1|569.76996097|13|2|1|1|1|1|1|1
3411054|1|1|1|499.59875078|13|2|1|1|1|1|1|1
3411055|1|1|1|666.45070159|13|2|1|1|1|1|1|1
3411056|1|1|1|439.92641568|13|2|1|2|1|1|1|1
3411057|1|1|1|359.1336656|13|2|1|2|1|1|1|1
3411058|1|1|1|343.66816971|13|1|1|2|1|1|1|1
3411059|1|1|1|316.54982748|13|1|1|2|1|1|1|1
3411060|1|1|1|359.1336656|13|1|1|2|1|1|1|1
3411061|1|1|1|211.38663269|13|2|1|2|1|1|1|1
3411062|1|1|1|376.2868159|13|1|1|2|1|1|1|1
3411063|1|1|1|1148.2932765|13|2|1|1|1|1|1|1
3411064|1|1|1|523.99695341|13|2|1|1|1|1|1|1
3411065|1|1|1|727.03283732|13|2|1|1|1|1|1|1
3411066|1|1|1|658.50192782|13|2|1|1|1|1|1|1
3411067|1|1|1|893.16180958|13|2|1|1|1|1|1|1
3411068|1|1|1|831.4952225|13|2|1|1|1|1|1|1
3411069|1|1|1|633.38924558|13|1|1|1|1|1|1|1
3411070|1|1|1|603.16955113|13|1|1|1|1|1|1|1
3411071|1|1|1|538.25142991|13|2|1|2|1|1|1|1
3411072|1|1|1|628.88638295|13|1|1|2|1|1|1|1
3411073|1|1|1|428.10596875|13|2|1|2|1|1|1|1
3411074|1|1|1|365.86147966|13|2|1|2|1|1|1|1
3411075|1|1|1|599.19823821|13|2|1|2|1|1|1|1
3411076|1|1|1|82.682213555|15|1|1|2|1|1|1|1
3411077|1|1|1|94.595891626|15|1|1|2|1|1|1|1
3411078|1|1|1|98.638311466|15|1|1|2|1|1|1|1
3411079|1|1|1|93.924630761|15|1|1|3|1|1|1|1
3411080|1|1|1|117.12073255|15|1|1|3|1|1|1|1
3411081|1|1|1|127.38606343|15|1|1|3|1|1|1|1
3411082|1|1|1|145.51235469|15|1|1|3|1|1|1|1
3411083|1|1|1|140.54487906|15|1|1|3|1|1|1|1
3411084|1|1|1|123.68223977|15|1|1|3|1|1|1|1
3411085|1|1|1|175.34504071|15|1|1|3|1|1|1|1
3411086|1|1|1|113.29418968|15|1|1|2|1|1|1|1
3411087|1|1|1|148.09435132|15|1|1|3|1|1|1|1
3411088|1|1|1|151.78439268|15|1|1|3|1|1|1|1
3411089|1|1|1|140.54487906|15|1|1|3|1|1|1|1
3411090|1|1|1|109.01951556|15|1|1|3|1|1|1|1
3411091|1|1|1|113.29418968|15|2|1|2|1|1|1|1
3411092|1|1|1|85.56562521|15|1|1|3|1|1|1|1
3411093|1|1|1|65.121077328|15|1|1|3|1|1|1|1
3411094|1|1|1|96.325195779|15|1|1|3|1|1|1|1
3411095|1|1|1|99.630403614|15|1|1|3|1|1|1|1
3411096|1|1|1|68.245636585|15|1|1|3|1|1|1|1
3411097|1|1|1|113.13779253|15|1|1|3|1|1|1|1
3411098|1|1|1|106.84068179|15|1|1|3|1|1|1|1
3411099|1|1|1|132.78430006|15|1|1|3|1|1|1|1
3411100|1|1|1|139.66662401|15|2|1|3|1|1|1|1
3411101|1|1|1|139.66662401|15|2|1|3|2|1|1|1
3411102|1|1|1|126.17856673|15|1|1|4|1|1|1|1
3411103|1|1|1|156.60919721|15|2|1|4|1|1|1|1
3411104|1|1|1|111.24990928|15|1|1|3|1|1|1|1
3411105|1|1|1|105.19558645|15|1|1|3|1|1|1|1
3411106|1|1|1|109.8932727|15|2|1|3|1|1|1|1
3411107|1|1|1|127.84424262|15|2|1|2|1|1|1|1
3411108|1|1|1|132.80164924|15|2|1|3|1|1|1|1
3411109|1|1|1|73.310717038|15|2|1|3|1|1|1|1
3411110|1|1|1|78.74496529|15|1|1|3|1|1|1|1
3411111|1|1|1|60.577839036|15|1|1|3|1|1|1|1
3411113|1|1|1|81.31791923|15|1|1|3|1|1|1|1
3411114|1|1|1|82.314003663|15|3|1|3|1|1|1|1
3411115|1|1|1|110.86905035|15|2|1|3|1|1|1|1
3411116|1|1|1|103.50519314|15|2|1|3|1|1|1|1
3411117|1|1|1|111.6365611|15|2|1|3|1|1|1|1
3411118|1|1|1|107.23053736|15|2|1|3|1|1|1|1
3411119|1|1|1|126.51500636|15|2|1|3|1|1|1|1
3411120|1|1|1|119.42986402|15|1|1|5|1|1|1|1
3411121|1|1|1|142.16142599|15|2|1|5|1|1|1|1
3411122|1|1|1|170.77087664|15|1|1|5|1|1|1|1
3411123|1|1|1|151.30550934|15|2|1|5|1|1|1|1
3411124|1|1|1|175.12794235|15|2|1|5|1|1|1|1
3411125|1|1|1|208.48557284|15|1|1|5|1|1|1|1
3411126|1|1|1|700.9360005|17|2|1|4|1|1|1|1
3411127|1|1|1|456.63031631|17|3|1|4|2|1|1|1
3411128|1|1|1|349.56586482|17|3|1|4|2|1|1|1
3411129|1|1|1|265.75202019|17|3|1|4|2|1|1|1
3411130|1|1|1|349.56586482|17|2|1|4|1|1|1|1
3411131|1|1|1|330.70613946|17|2|1|4|2|1|1|1
3411132|1|1|1|175.23400013|17|2|1|4|2|1|1|1
3411133|1|1|1|494.68284267|17|2|1|3|1|1|1|1
3411134|1|1|1|469.49468524|17|2|1|3|1|1|1|1
3411135|1|1|1|759.34733388|17|2|1|3|1|1|1|1
3411136|1|1|1|290.03597791|17|2|1|3|1|1|1|1
3411137|1|1|1|456.63031631|17|1|1|1|2|1|1|1
3411138|1|1|1|688.78983854|17|1|1|1|2|1|1|1
3411139|1|1|1|267.72551807|17|1|1|1|2|1|1|1
3411140|1|1|1|408.1394119|17|1|1|1|2|1|1|1
3411142|1|1|1|199.43568693|17|1|1|1|2|1|1|1
3411143|1|1|1|267.72551807|17|2|1|1|2|1|1|1
3411145|1|1|1|263.31844375|17|2|1|3|2|1|1|1
3411146|1|1|1|175.23400013|17|2|1|3|2|1|1|1
3411147|1|1|1|366.89414918|17|2|1|3|1|1|1|1
3411148|1|1|1|349.56586482|17|2|1|3|1|1|1|1
3411149|1|1|1|175.23400013|17|1|1|3|1|1|1|1
3411151|1|1|1|475.5271076|17|2|1|3|1|1|1|1
3411152|1|1|1|371.91433625|17|2|1|3|1|1|1|1
3411153|1|1|1|497.26246627|17|1|1|3|1|1|1|1
3411154|1|1|1|349.56586482|17|1|1|3|1|1|1|1
3411155|1|1|1|175.23400013|17|1|1|3|1|1|1|1
3411156|1|1|1|266.82338264|17|1|1|3|1|1|1|1
3411157|1|1|1|175.23400013|17|1|1|3|1|1|1|1
3411158|1|1|1|175.23400013|17|1|1|3|1|1|1|1
3411159|1|1|1|175.23400013|17|1|1|3|1|1|1|1
3411160|1|1|1|175.23400013|17|1|1|3|1|1|1|1
3411161|1|1|1|175.23400013|17|1|1|2|1|1|1|1
3411162|1|1|1|356.14507326|17|1|1|1|1|1|1|1
3411163|1|1|1|74.390866107|18|1|1|2|1|1|1|1
3411164|1|1|1|73.248481125|18|1|1|2|1|1|1|1
3411165|1|1|1|94.434957417|18|1|1|2|1|1|1|1
3411166|1|1|1|126.87921365|18|2|1|2|1|1|1|1
3411167|1|1|1|108.25063458|18|2|1|2|1|1|1|1
3411168|1|1|1|88.153187755|18|2|1|2|1|1|1|1
3411169|1|1|1|93.761234524|18|1|1|2|1|1|1|1
3411171|1|1|1|213.89293009|18|1|1|2|1|1|1|1
3411172|1|1|1|226.9732118|19|2|1|2|1|1|1|1
3411173|1|1|1|223.87580176|19|1|1|2|2|1|1|1
3411174|1|1|1|178.50157607|19|1|1|2|2|1|1|1
3411175|1|1|1|217.62754851|19|3|1|2|1|1|1|1
3411176|1|1|1|188.89308722|19|1|1|2|2|1|1|1
3411177|1|1|1|155.26342547|19|2|1|2|1|1|1|1
3411178|1|1|1|106.22247346|19|1|1|2|1|1|1|1
3411179|1|1|1|150.36822501|19|1|1|2|1|1|1|1
3411180|1|1|1|164.74977012|19|1|1|2|1|1|1|1
3411181|1|1|1|117.06890053|19|1|1|2|1|1|1|1
3411182|1|1|1|181.40996802|19|1|1|2|2|1|1|1
3411183|1|1|1|193.56646298|19|1|1|2|2|1|1|1
3411184|1|1|1|238.57440019|19|1|1|2|1|1|1|1
3411185|1|1|1|353.6588508|19|2|1|2|1|1|1|1
3411186|1|1|1|255.80416745|19|2|1|2|1|1|1|1
3411187|1|1|1|232.92065301|19|2|1|2|1|1|1|1
3411188|1|1|1|208.98525962|19|1|1|3|1|1|1|1
3411189|1|1|1|199.70930129|19|1|1|2|1|1|1|1
3411190|1|1|1|144.49720014|19|2|1|2|1|1|1|1
3411192|1|1|1|193.55524898|23|2|1|2|1|1|1|1
3411193|1|1|1|279.58137232|23|1|1|5|1|1|1|1
3411194|1|1|1|297.23375231|23|1|1|5|1|1|1|1
3411195|1|1|1|359.30410906|23|1|1|5|1|1|1|1
3411196|1|1|1|527.84090503|23|1|1|5|1|1|1|1
3411197|1|1|1|181.4879373|23|1|1|5|1|1|1|1
3411198|1|1|1|274.43501546|23|1|1|5|1|1|1|1
3411199|1|1|1|274.43501546|23|1|1|5|1|1|1|1
3411200|1|1|1|463.46207524|23|1|1|5|1|1|1|1
3411201|1|1|1|418.26317694|23|1|1|1|1|1|1|1
3411202|1|1|1|114.27018275|23|1|1|1|1|1|1|1
3411203|1|1|1|114.27018275|23|2|1|1|1|1|1|1
3411204|1|1|1|171.22970336|23|2|1|1|1|1|1|1
3411205|1|1|1|194.3719378|23|2|1|1|1|1|1|1
3411206|1|1|1|299.36904577|23|2|1|1|1|1|1|1
3411207|1|1|1|114.27018275|23|1|1|1|1|1|1|1
3411208|1|1|1|291.80945478|23|2|1|1|1|1|1|1
3411209|1|1|1|269.46210189|23|2|1|1|1|1|1|1
3411210|1|1|1|346.43875068|23|2|1|1|1|1|1|1
3411213|1|1|1|386.61627584|23|1|1|1|1|1|1|1
3411214|1|1|1|297.82623995|23|1|1|1|1|1|1|1
3411215|1|1|1|80.661305468|23|1|1|1|1|1|1|1
3411216|1|1|1|80.661305468|23|1|1|1|1|1|1|1
3411217|1|1|1|244.54500048|23|1|1|1|1|1|1|1
3411218|1|1|1|249.7418031|23|1|1|1|1|1|1|1
3411219|1|1|1|133.45192912|23|1|1|1|1|1|1|1
3411220|1|1|1|128.91205445|23|1|1|1|1|1|1|1
3411221|1|1|1|80.661305468|23|1|1|1|1|1|1|1
3411224|1|1|1|80.661305468|23|1|1|1|1|1|1|1
3411225|1|1|1|215.0711181|23|2|1|1|1|1|1|1
3411226|1|1|1|211.31932642|23|2|1|1|1|1|1|1
3411227|1|1|1|256.62312327|23|1|1|1|1|1|1|1
3411231|1|1|1|492.03224649|23|2|1|1|1|1|1|1
3411233|1|1|1|251.8016023|23|2|1|1|1|1|1|1
3411234|1|1|1|263.12484241|23|2|1|1|1|1|1|1
3411235|1|1|1|157.97160156|23|2|1|1|1|1|1|1
3411237|1|1|1|107.54840729|23|2|1|1|1|1|1|1
3411240|1|1|1|54.332602989|27|2|1|2|2|2|1|1
3411241|1|1|1|64.365015268|27|2|1|1|2|2|1|1
3411242|1|1|1|54.332602989|27|2|1|2|2|2|1|1
3411243|1|1|1|118.94324262|27|2|1|2|2|2|1|1
3411245|1|1|1|55.572294583|27|2|1|2|2|2|1|1
3411246|1|1|1|165.22792631|27|1|1|2|2|2|1|1
3411247|1|1|1|54.332602989|27|2|1|2|2|2|1|1
3411248|1|1|1|187.03696062|27|2|1|1|2|2|1|1
3411249|1|1|1|95.474284633|27|1|1|1|2|2|1|1
3411250|1|1|1|143.32468018|27|1|1|1|2|2|1|1
3411251|1|1|1|78.326141593|27|1|1|1|2|2|1|1
3411252|1|1|1|221.01397826|27|1|1|1|2|2|1|1
3411253|1|1|1|83.389345047|27|2|1|1|2|2|1|1
3411254|1|1|1|55.253494565|27|1|1|1|2|2|1|1
3411255|1|1|1|192.10016407|27|2|1|1|2|2|1|2
3411256|1|1|1|61.392771739|27|1|1|2|2|1|1|1
3411257|1|1|1|61.392771739|27|2|1|2|2|1|1|1
3411258|1|1|1|61.392771739|27|2|1|2|2|1|1|1
3411259|1|1|1|78.354612427|27|2|1|2|2|1|1|1
3411260|1|1|1|61.392771739|27|2|1|2|2|1|1|1
3411261|1|1|1|55.253494565|27|2|1|1|2|2|1|1
3411262|1|1|1|154.37205467|41|1|1|1|1|1|1|1
3411263|1|1|1|227.87871807|41|1|1|2|1|1|1|1
3411264|1|1|1|320.15111171|41|2|1|2|1|1|1|1
3411265|1|1|1|196.03955969|41|2|1|2|1|1|1|1
3411266|1|1|1|137.21960415|41|2|1|2|1|1|1|1
3411268|1|1|1|260.18458064|41|1|1|2|1|1|1|1
3411269|1|1|1|320.15111171|41|1|1|2|1|1|1|1
3411270|1|1|1|384.67801528|41|1|1|2|1|1|1|1
3411271|1|1|1|320.15111171|41|1|1|2|1|1|1|1
3411272|1|1|1|196.03955969|41|2|1|2|1|1|1|1
3411273|1|1|1|246.26151349|41|1|1|2|1|1|1|1
3411274|1|1|1|340.95534985|41|1|1|2|1|1|1|1
3411275|1|1|1|340.83132598|41|2|1|2|1|1|1|1
3411276|1|1|1|384.67801528|41|2|1|2|1|1|1|1
3411277|1|1|1|548.87841659|41|1|1|1|2|1|1|1
3411278|1|1|1|94.16680532|44|2|1|2|1|1|1|1
3411279|1|1|1|51.363756853|44|1|1|2|1|1|1|1
3411280|1|1|1|100.7037742|44|1|1|2|1|1|1|1
3411281|1|1|1|42.135701956|44|1|1|2|1|1|1|1
3411282|1|1|1|99.602791396|44|1|1|2|1|1|1|1
3411283|1|1|1|78.463795162|44|2|1|2|1|1|1|1
3411284|1|1|1|64.683406782|44|1|1|2|1|1|1|1
3411285|1|1|1|62.242037063|44|1|1|2|1|1|1|1
3411286|1|1|1|52.572315838|44|1|1|2|1|1|1|1
3411287|1|1|1|67.444536452|44|1|1|2|1|1|1|1
3411288|1|1|1|74.755575715|44|2|1|1|1|1|1|1
3411289|1|1|1|67.135665248|44|1|1|1|1|1|1|1
3411291|1|1|1|90.392547782|44|1|1|1|1|1|1|1
3411292|1|1|1|105.73268689|44|1|1|1|1|1|1|1
3411293|1|1|1|67.135665248|44|3|1|1|2|1|1|1
3411294|1|1|1|119.8443564|44|1|1|1|1|1|1|1
3411295|1|1|1|108.51374494|44|3|1|1|2|1|1|1
3411296|1|1|1|76.382882939|44|1|1|1|1|1|1|1
3411297|1|1|1|114.76354292|44|1|1|1|1|1|1|1
3411298|1|1|1|325.47704667|50|1|1|2|1|1|1|1
3411299|1|1|1|249.97134303|50|1|1|2|1|1|1|1
3411300|1|1|1|535.75469605|50|1|1|3|1|1|1|1
3411301|1|1|1|588.11923342|50|2|1|3|1|1|1|1
3411302|1|1|1|588.11923342|50|1|1|3|1|1|1|1
3411303|1|1|1|511.14106358|50|1|1|3|1|1|1|1
3411304|1|1|1|397.01330953|50|2|1|3|1|1|1|1
3411305|1|1|1|508.82650831|50|1|1|3|1|1|1|1
3411306|1|1|1|452.08885271|50|2|1|3|1|1|1|1
3411307|1|1|1|402.12985504|50|2|1|3|1|1|1|1
3411308|1|1|1|506.02451807|50|1|1|3|1|1|1|1
3411309|1|1|1|553.66896048|50|2|1|3|1|1|1|1
3411310|1|1|1|538.16023575|50|1|1|2|1|1|1|1
3411311|1|1|1|455.24957215|50|2|1|2|1|1|1|1
3411312|1|1|1|460.4608685|50|1|1|2|1|1|1|1
3411313|1|1|1|477.56479221|50|1|1|2|1|1|1|1
3411314|1|1|1|510.18404612|50|1|1|2|1|1|1|1
3411315|1|1|1|518.24922143|50|1|1|2|1|1|1|1
3411316|1|1|1|371.74615394|50|1|1|2|1|1|1|1
3411317|1|1|1|455.24957215|50|2|1|3|1|1|1|1
3411318|1|1|1|258.1574378|50|1|1|2|1|1|1|1
3411320|1|1|1|393.35186309|50|2|1|2|1|1|1|1
3411321|1|1|1|443.7785728|50|1|1|2|1|1|1|1
3411322|1|1|1|373.62361516|50|1|1|2|1|1|1|1
3411323|1|1|1|280.77811916|50|2|1|2|1|1|1|1
3411324|1|1|1|290.22988075|50|1|1|2|1|1|1|1
3411325|1|1|1|286.94518487|50|2|1|2|1|1|1|1
3411326|1|1|1|355.44180179|50|1|1|2|1|1|1|1
3411327|1|1|1|551.48524572|50|1|1|1|2|1|1|1
3411328|1|1|1|428.18621296|50|1|1|1|2|1|1|1
3411329|1|1|1|416.78381866|50|1|1|1|2|1|1|1
3411330|1|1|1|489.6595291|50|1|1|1|2|1|1|1
3411331|1|1|1|280.87487187|50|2|1|1|1|1|1|1
3411332|1|1|1|443.64144784|50|2|1|1|2|1|1|1
3411333|1|1|1|326.31834278|50|2|1|1|1|1|1|1
3411334|1|1|1|379.63138078|50|1|1|1|1|1|1|1
3411335|1|1|1|309.45795429|50|2|1|1|1|1|1|1
3411336|1|1|1|496.24789402|50|2|1|1|1|1|1|1
3411337|1|1|1|336.57377105|50|2|1|1|1|1|1|1
3411338|1|1|1|420.60854781|50|2|1|1|1|1|1|1
3411339|1|1|1|427.85562734|50|2|1|1|1|1|1|1
3411340|1|1|1|257.30862948|52|2|1|5|2|1|1|1
3411341|1|1|1|191.00735135|52|2|1|5|1|1|1|1
3411342|1|1|1|231.55387975|52|1|1|1|1|1|1|1
3411343|1|1|1|304.7193098|52|2|1|1|1|1|1|1
3411344|1|1|1|327.70208561|52|2|1|1|1|1|1|1
3411345|1|1|1|305.52393117|52|2|1|1|2|1|1|1
3411346|1|1|1|554.85461023|52|2|1|1|2|1|1|1
3411347|1|1|1|230.75665748|52|2|1|1|1|1|1|1
3411348|1|1|1|239.37240398|52|2|1|1|2|1|1|1
3411349|1|1|1|241.40042779|52|2|1|2|1|1|1|1
3411350|1|1|1|263.46253008|52|2|1|2|1|1|1|1
3411352|1|1|1|167.59073748|52|3|1|1|1|1|1|1
3411353|1|1|1|286.45539257|52|2|1|2|2|1|1|1
3411354|1|1|1|165.6714464|52|2|1|2|2|1|1|1
3411355|1|1|1|224.95850196|52|2|1|2|1|1|1|1
3411356|1|1|1|220.95914214|52|3|1|3|2|1|1|1
3411357|1|1|1|337.7175762|52|3|1|3|2|1|1|1
3411358|1|1|1|337.7175762|52|3|1|3|2|1|1|1
3411359|1|1|1|330.50730684|52|3|1|2|2|1|1|1
3411360|1|1|1|330.50730684|52|3|1|2|2|1|1|1
3411362|1|1|1|250.69714865|52|3|1|2|2|1|1|1
3411363|1|1|1|330.50730684|52|3|1|2|2|1|1|1
3411364|1|1|1|337.7175762|52|3|1|2|2|1|1|1
3411365|1|1|1|281.28619282|52|3|1|2|2|1|1|1
3411366|1|1|1|314.35883106|52|1|1|2|1|1|1|1
3411367|1|1|1|191.21419035|52|2|1|2|1|1|1|1
3411368|1|1|1|475.62972343|52|2|1|2|2|1|1|1
3411369|1|1|1|249.34846597|52|2|1|2|1|1|1|1
3411370|1|1|1|213.37812942|52|2|1|2|2|1|1|1
3411371|1|1|1|209.46043207|52|1|1|1|2|1|1|1
3411372|1|1|1|253.77817612|52|1|1|1|2|1|1|1
3411373|1|1|1|233.98400541|52|1|1|1|1|1|1|1
3411374|1|1|1|284.6367507|52|2|1|1|2|1|1|1
3411375|1|1|1|198.80573567|52|2|1|1|1|1|1|1
3411376|1|1|1|225.63245831|52|2|1|1|2|1|1|1
3411377|1|1|1|402.39773506|52|2|1|1|1|1|1|1
3411378|1|1|1|258.92709534|52|1|1|1|1|1|1|1
3411379|1|1|1|360.23208128|52|1|1|1|1|1|1|1
3411380|1|1|1|218.7233585|52|1|1|1|1|1|1|1
3411381|1|1|1|621.18698286|54|1|1|4|1|1|1|1
3411382|1|1|1|529.01868493|54|1|1|5|1|1|1|1
3411383|1|1|1|683.26763882|54|1|1|5|2|1|1|1
3411384|1|1|1|560.19009242|54|2|1|5|1|1|1|1
3411385|1|1|1|525.99433506|54|2|1|5|1|1|1|1
3411386|1|1|1|496.75280088|54|1|1|5|2|1|1|1
3411387|1|1|1|807.90555486|54|1|1|2|1|1|1|1
3411388|1|1|1|542.55944964|54|1|1|2|1|1|1|1
3411389|1|1|1|987.09988196|54|1|1|2|1|1|1|1
3411390|1|1|1|631.19531272|54|1|1|2|1|1|1|1
3411391|1|1|1|761.1330529|54|1|1|2|1|1|1|1
3411392|1|1|1|770.34416778|54|1|1|2|1|1|1|1
3411393|1|1|1|783.31136002|54|1|1|2|1|1|1|1
3411394|1|1|1|822.04646729|54|1|1|2|1|1|1|1
3411395|1|1|1|642.88196507|54|1|1|2|1|1|1|1
3411396|1|1|1|770.34416778|54|1|1|2|1|1|1|1
3411397|1|1|1|807.88996751|54|1|1|2|1|1|1|1
3411398|1|1|1|1041.1387355|54|1|1|1|2|1|1|1
3411399|1|1|1|656.53148586|54|2|1|1|2|1|1|1
3411400|1|1|1|959.18280545|54|2|1|1|1|1|1|1
3411401|1|1|1|908.89337841|54|4|1|1|2|1|1|1
3411402|1|1|1|851.36599084|54|1|1|1|1|1|1|1
3411403|1|1|1|1076.368756|54|2|1|1|1|1|1|1
3411404|1|1|1|692.02327834|54|1|1|1|1|1|1|1
3411405|1|1|1|1002.1591885|54|1|1|1|1|1|1|1
3411406|1|1|1|970.10391607|54|2|1|1|1|1|1|1
3411407|1|1|1|1048.644664|54|1|1|1|1|1|1|1
3411408|1|1|1|908.89337841|54|2|1|1|1|1|1|1
3411409|1|1|1|759.76959509|54|2|1|1|1|1|1|1
3411410|1|1|1|744.44473153|54|2|1|1|2|1|1|1
3411411|1|1|1|744.44473153|54|2|1|1|1|1|1|1
3411412|1|1|1|719.15330662|54|1|1|4|1|1|1|1
3411413|1|1|1|904.29839401|54|2|1|4|1|1|1|1
3411414|1|1|1|633.40344903|54|1|1|1|1|1|1|1
3411415|1|1|1|746.31307599|54|1|1|1|1|1|1|1
3411416|1|1|1|665.38300166|54|2|1|1|1|1|1|1
3411417|1|1|1|536.84303925|54|2|1|1|1|1|1|1
3411418|1|1|1|647.71208546|54|1|1|1|1|1|1|1
3411419|1|1|1|501.89453614|54|1|1|1|2|1|1|1
3411420|1|1|1|535.79898544|54|1|1|1|1|1|1|1
3411421|1|1|1|1023.4817371|54|2|1|1|1|1|1|1
3411422|1|1|1|613.78387272|54|2|1|1|2|1|1|1
3411423|1|1|1|776.17935707|54|2|1|1|2|1|1|1
3411424|1|1|1|678.52963373|54|2|1|1|2|1|1|1
3411425|1|1|1|285.34993191|63|1|1|2|1|1|1|1
3411426|1|1|1|398.31886019|63|1|1|2|1|1|1|1
3411427|1|1|1|418.51007234|63|1|1|2|1|1|1|1
3411428|1|1|1|459.59868484|63|2|1|2|1|1|1|1
3411429|1|1|1|338.80020824|63|2|1|2|1|1|1|1
3411430|1|1|1|443.51093141|63|1|1|2|1|1|1|1
3411431|1|1|1|232.66994448|63|1|1|3|1|1|1|1
3411432|1|1|1|294.15274084|63|1|1|3|1|1|1|1
3411433|1|1|1|250.19156707|63|1|1|3|1|1|1|1
3411434|1|1|1|304.31250085|63|1|1|3|1|1|1|1
3411437|1|1|1|235.87719784|63|1|1|1|1|1|1|1
3411438|1|1|1|215.83544436|63|2|1|1|1|1|1|1
3411439|1|1|1|229.48310896|63|1|1|1|1|1|1|1
3411441|1|1|1|287.42973768|63|2|1|3|1|1|1|1
3411442|1|1|1|426.53573659|63|2|1|3|1|1|1|1
3411443|1|1|1|426.53573659|63|2|1|3|1|1|1|1
3411444|1|1|1|329.24992144|63|2|1|3|1|1|1|1
3411445|1|1|1|338.80020824|63|2|1|3|2|1|1|1
3411446|1|1|1|443.51093141|63|2|1|3|1|1|1|1
3411447|1|1|1|426.53573659|63|2|1|3|1|1|1|1
3411448|1|1|1|285.37357276|63|2|1|5|1|1|1|1
3411449|1|1|1|335.3895082|63|2|1|1|2|1|1|1
3411450|1|1|1|198.00715262|63|1|1|1|2|1|1|1
3411451|1|1|1|274.79770083|63|2|1|5|1|1|1|1
3411452|1|1|1|296.27082715|63|2|1|5|1|1|1|1
3411453|1|1|1|358.83227934|66|2|1|2|1|1|1|1
3411454|1|1|1|576.69770102|66|2|1|2|1|1|1|1
3411455|1|1|1|424.03841013|66|2|1|2|1|1|1|1
3411456|1|1|1|285.62665991|66|1|1|2|1|1|1|1
3411457|1|1|1|318.98936354|66|2|1|5|1|1|1|1
3411458|1|1|1|358.83227934|66|2|1|5|1|1|1|1
3411459|1|1|1|403.60620341|66|2|1|5|1|1|1|1
3411460|1|1|1|476.31404403|66|2|1|5|1|1|1|1
3411461|1|1|1|491.83568835|66|2|1|5|1|1|1|1
3411462|1|1|1|734.81110615|66|2|1|1|1|1|1|1
3411463|1|1|1|424.03841013|66|2|1|2|1|1|1|1
3411464|1|1|1|632.21734076|66|2|1|6|1|1|1|1
3411465|1|1|1|306.05886664|66|2|1|6|1|1|1|1
3411466|1|1|1|491.83568835|66|2|1|2|1|1|1|1
3411467|1|1|1|576.69770102|66|1|1|2|1|1|1|1
3411468|1|1|1|455.8818373|66|2|1|2|1|1|1|1
3411469|1|1|1|371.26499744|66|2|1|2|1|1|1|1
3411470|1|1|1|789.56221492|66|1|1|5|1|1|1|1
3411471|1|1|1|380.70008169|66|1|1|5|1|1|1|1
3411472|1|1|1|737.44989427|66|2|1|3|1|1|1|1
3411473|1|1|1|746.14518449|66|2|1|3|1|1|1|1
3411474|1|1|1|513.59181827|66|2|1|3|1|1|1|1
3411475|1|1|1|574.88810779|66|2|1|2|1|1|1|1
3411476|1|1|1|754.79021467|66|1|1|2|1|1|1|1
3411477|1|1|1|772.08482292|66|1|1|2|1|1|1|1
3411478|1|1|1|629.42563634|66|2|1|2|1|1|1|1
3411479|1|1|1|605.54692252|66|2|1|2|1|1|1|1
3411480|1|1|1|521.3768383|66|2|1|3|1|1|1|1
3411481|1|1|1|535.35052271|66|2|1|3|1|1|1|1
3411482|1|1|1|271.98756506|66|1|1|1|1|1|1|1
3411483|1|1|1|214.08599759|66|1|1|1|1|1|1|1
3411484|1|1|1|631.32679254|66|1|1|1|1|1|1|1
3411485|1|1|1|221.50358795|66|1|1|1|1|1|1|1
3411486|1|1|1|375.25716503|66|1|1|1|1|1|1|1
3411487|1|1|1|624.53919245|68|2|1|4|1|1|1|1
3411488|1|1|1|529.22352631|68|2|1|4|1|1|1|1
3411489|1|1|1|619.87179776|68|2|1|4|1|1|1|1
3411490|1|1|1|1139.4206384|68|2|1|4|1|1|1|1
3411491|1|1|1|772.82231816|68|2|1|4|1|1|1|1
3411492|1|1|1|805.52943202|68|2|1|4|1|1|1|1
3411493|1|1|1|1155.637936|68|2|1|4|1|1|1|1
3411494|1|1|1|808.43792874|68|2|1|4|1|1|1|1
3411495|1|1|1|1235.8055422|68|2|1|4|1|1|1|1
3411496|1|1|1|1074.511306|68|2|1|2|1|1|1|1
3411497|1|1|1|885.83245053|68|1|1|2|1|1|1|1
3411498|1|1|1|790.58246966|68|2|1|2|1|1|1|1
3411499|1|1|1|780.0262294|68|2|1|2|1|1|1|1
3411500|1|1|1|1008.2966595|68|2|1|2|1|1|1|1
3411501|1|1|1|970.043409|68|1|1|2|1|1|1|1
3411502|1|1|1|770.91433697|68|1|1|2|1|1|1|1
3411504|1|1|1|790.58246966|68|1|1|2|1|1|1|1
3411505|1|1|1|958.7641921|68|1|1|2|1|1|1|1
3411506|1|1|1|916.88582381|68|2|1|2|1|1|1|1
3411507|1|1|1|851.45875196|68|1|1|2|1|1|1|1
3411508|1|1|1|454.52499271|68|2|1|3|1|1|1|1
3411509|1|1|1|697.87708779|68|2|1|3|1|1|1|1
3411510|1|1|1|562.01292955|68|2|1|3|1|1|1|1
3411511|1|1|1|562.01292955|68|2|1|3|1|1|1|1
3411512|1|1|1|594.16386072|68|2|1|3|1|1|1|1
3411513|1|1|1|604.95739687|68|2|1|3|1|1|1|1
3411514|1|1|1|689.09294281|68|2|1|3|1|1|1|1
3411515|1|1|1|430.893479|68|2|1|3|1|1|1|1
3411516|1|1|1|759.41506417|68|2|1|3|1|1|1|1
3411517|1|1|1|974.57686553|68|2|1|5|1|1|1|1
3411518|1|1|1|649.08248741|68|2|1|5|1|1|1|1
3411519|1|1|1|787.1627193|68|2|1|5|1|1|1|1
3411520|1|1|1|974.57686553|68|2|1|5|1|1|1|1
3411521|1|1|1|625.37767663|68|2|1|5|1|1|1|1
3411522|1|1|1|749.63579613|68|2|1|2|1|1|1|1
3411523|1|1|1|757.63183133|68|2|1|2|1|1|1|1
3411524|1|1|1|726.9723859|68|1|1|2|1|1|1|1
3411525|1|1|1|633.20955742|68|1|1|2|1|1|1|1
3411526|1|1|1|678.75665389|68|2|1|2|1|1|1|1
3411527|1|1|1|1246.1759491|68|2|1|2|1|1|1|1
3411528|1|1|1|851.49215286|68|2|1|2|1|1|1|1
3411529|1|1|1|798.23111083|68|2|1|2|1|1|1|1
3411530|1|1|1|871.19115145|68|2|1|2|1|1|1|1
3411531|1|1|1|1025.8410112|68|1|1|2|1|1|1|1
3411532|1|1|1|1399.1104038|68|2|1|4|1|1|1|1
3411533|1|1|1|1001.75126|68|1|1|4|1|1|1|1
3411534|1|1|1|1152.5705916|68|2|1|4|1|1|1|1
3411535|1|1|1|1628.7118503|68|2|1|4|1|1|1|1
3411536|1|1|1|1013.0111525|68|2|1|4|1|1|1|1
3411537|1|1|1|1379.9545457|68|2|1|4|1|1|1|1
3411538|1|1|1|764.41887086|68|2|1|2|1|1|1|1
3411539|1|1|1|779.56613951|68|2|1|2|1|1|1|1
3411540|1|1|1|636.30088044|68|2|1|2|1|1|1|1
3411541|1|1|1|779.67263822|68|2|1|2|1|1|1|1
3411542|1|1|1|638.5017023|68|2|1|2|1|1|1|1
3411543|1|1|1|98.421964887|70|2|1|1|1|1|1|1
3411544|1|1|1|225.75728823|70|2|1|1|1|1|1|1
3411545|1|1|1|79.593598929|70|1|1|1|1|1|1|1
3411546|1|1|1|174.36007347|70|1|1|1|1|1|1|1
3411547|1|1|1|164.25782514|70|2|1|1|1|1|1|1
3411548|1|1|1|228.16717561|70|2|1|1|1|1|1|1
3411549|1|1|1|96.955240876|70|1|1|1|1|1|1|1
3411550|1|1|1|265.18741787|70|1|1|1|1|1|1|1
3411551|1|1|1|242.21691417|70|1|1|1|1|1|1|1
3411552|1|1|1|161.49631856|70|1|1|1|1|1|1|1
3411553|1|1|1|172.07962634|70|1|1|1|1|1|1|1
3411554|1|1|1|197.13294891|70|1|1|1|1|1|1|1
3411555|1|1|1|231.00258239|70|1|1|1|1|1|1|1
3411556|1|1|1|162.03168117|70|1|1|1|1|1|1|1
3411557|1|1|1|97.837503067|70|2|1|1|1|1|1|1
3411558|1|1|1|291.26881103|70|1|1|1|1|1|1|1
3411559|1|1|1|151.17240667|70|1|1|1|1|1|1|1
3411561|1|1|1|100.32659122|70|1|1|1|2|1|2|1
3411562|1|1|1|167.66253968|70|1|1|1|2|1|2|1
3411563|1|1|1|71.838325188|70|1|1|1|2|1|2|1
3411564|1|1|1|124.26811076|70|1|1|1|2|1|2|1
3411565|1|1|1|110.26350865|70|1|1|1|2|1|2|1
3411566|1|1|1|201.07568141|70|1|1|1|2|1|2|1
3411567|1|1|1|139.13528984|70|1|1|1|2|1|2|1
3411568|1|1|1|105.72214811|70|2|1|1|2|1|2|1
3411569|1|1|1|181.00523558|70|1|1|1|2|1|2|1
3411570|1|1|1|129.57893645|70|1|1|1|2|1|2|1
3411571|1|1|1|145.56925723|70|1|1|1|2|1|2|1
3411572|1|1|1|88.17022619|70|1|1|1|2|1|2|1
3411573|1|1|1|87.50831997|70|1|1|1|2|1|2|1
3411574|1|1|1|417.52939297|73|1|1|2|1|1|1|1
3411575|1|1|1|256.91384195|73|2|1|2|1|1|1|1
3411576|1|1|1|378.59924431|73|2|1|2|1|1|1|1
3411577|1|1|1|370.32670134|73|2|1|2|1|1|1|1
3411578|1|1|1|318.47878623|73|2|1|2|1|1|1|1
3411579|1|1|1|330.85183306|73|1|1|1|1|1|1|1
3411580|1|1|1|438.3127223|73|1|1|2|1|1|1|1
3411581|1|1|1|150.88555405|73|1|1|2|1|1|1|1
3411582|1|1|1|327.6486887|73|1|1|2|1|1|1|1
3411583|1|1|1|479.41818738|73|1|1|2|1|1|1|1
3411584|1|1|1|288.64187427|73|1|1|2|1|1|1|1
3411585|1|1|1|150.88555405|73|1|1|2|1|1|1|1
3411587|1|1|1|494.03424382|73|2|1|3|1|1|1|1
3411588|1|1|1|638.05987669|73|2|1|3|1|1|1|1
3411589|1|1|1|296.66844349|73|2|1|3|1|1|1|1
3411590|1|1|1|485.27331326|73|2|1|3|1|1|1|1
3411591|1|1|1|489.72241024|73|2|1|3|1|1|1|1
3411593|1|1|1|320.170247|73|2|1|2|1|1|1|1
3411594|1|1|1|1794.3451469|76|2|1|1|2|1|1|1
3411595|1|1|1|2392.1716855|76|2|1|1|1|2|1|1
3411596|1|1|1|1857.8004418|76|2|1|1|2|2|1|1
3411597|1|1|1|1794.3451469|76|2|1|1|2|2|1|1
3411598|1|1|1|2127.672138|76|2|1|6|1|1|1|1
3411599|1|1|1|2436.9765531|76|2|1|2|1|1|1|1
3411600|1|1|1|1397.4254481|76|2|1|2|1|1|1|1
3411601|1|1|1|1498.5885518|76|2|1|3|1|1|1|1
3411602|1|1|1|1078.2108109|76|2|1|1|1|1|1|1
3411603|1|1|1|1470.2924182|76|1|1|6|1|1|1|1
3411604|1|1|1|1780.8355523|76|1|1|6|1|1|1|1
3411605|1|1|1|1523.166939|76|1|1|6|1|1|1|1
3411606|1|1|1|1846.5073428|76|1|1|6|1|1|1|1
3411607|1|1|1|1774.6915833|76|1|1|6|1|1|1|1
3411608|1|1|1|1587.9834637|76|1|1|6|1|1|1|1
3411609|1|1|1|1165.4159226|76|2|1|4|1|1|1|1
3411610|1|1|1|1769.0121299|76|2|1|4|1|1|1|1
3411611|1|1|1|808.11982503|76|2|1|4|1|1|1|1
3411612|1|1|1|1629.2146966|76|2|1|4|1|1|1|1
3411613|1|1|1|1150.5223763|76|2|1|4|1|1|1|1
3411614|1|1|1|1688.2666932|76|1|1|3|1|1|1|1
3411615|1|1|1|3116.6230712|76|2|1|1|1|1|1|1
3411616|1|1|1|1984.9718766|76|2|1|1|1|1|1|1
3411617|1|1|1|1623.7528531|76|2|1|2|1|1|1|1
3411618|1|1|1|1751.2901502|76|2|1|1|1|1|1|1
3411619|1|1|1|4133.4680897|05|2|1|2|1|1|1|1
3411620|1|1|1|5137.3283066|05|2|1|2|1|1|1|1
3411621|1|1|1|2836.1139631|05|2|1|2|1|1|1|1
3411622|1|1|1|1760.0986812|05|2|1|2|1|1|1|1
3411623|1|1|1|3846.5053591|05|2|1|2|1|1|1|1
3411624|1|1|1|4133.4680897|05|2|1|2|1|1|1|1
3411625|1|1|1|5577.0777184|05|2|1|2|1|1|1|1
3411626|1|1|1|2914.7018756|05|2|1|2|1|1|1|1
3411627|1|1|1|3441.6094498|05|2|1|2|1|1|1|1
3411628|1|1|1|2836.1139631|05|2|1|2|1|1|1|1
3411629|1|1|1|2198.1709979|05|2|1|2|1|1|1|1
3411630|1|1|1|2198.1709979|05|2|1|2|1|1|1|1
3411631|1|1|1|2138.9026138|05|2|1|2|1|1|1|1
3411632|1|1|1|3757.2241904|05|1|1|2|1|1|1|1
3411633|1|1|1|1955.6467873|05|2|1|2|1|1|1|1
3411634|1|1|1|1955.6467873|05|2|1|2|1|1|1|1
3411635|1|1|1|2138.9026138|05|2|1|2|1|1|1|1
3411636|1|1|1|3874.4017646|05|2|1|2|1|1|1|1
3411637|1|1|1|4206.0461127|05|2|1|2|1|1|1|1
3411638|1|1|1|1534.8823018|05|2|1|2|1|1|1|1
3411639|1|1|1|2263.9027787|05|2|1|2|1|1|1|1
3411640|1|1|1|2563.9128724|05|2|1|2|2|1|1|1
3411641|1|1|1|1760.0986812|05|1|1|1|2|1|1|1
3411642|1|1|1|1760.0986812|05|2|1|1|2|1|1|1
3411643|1|1|1|3441.6094498|05|2|1|1|2|1|1|1
3411646|1|1|1|5137.3283066|05|1|1|1|2|1|1|1
3411647|1|1|1|3080.4479506|05|2|1|1|2|1|1|1
3411648|1|1|1|3441.6094498|05|2|1|1|2|1|1|1
3411652|1|1|1|2160.8487338|05|2|1|5|1|1|1|1
3411653|1|1|1|2160.8487338|05|2|1|5|1|1|1|1
3411654|1|1|1|1825.8015629|05|2|1|5|1|1|1|1
3411655|1|1|1|3392.9485008|05|2|1|5|1|1|1|1
3411656|1|1|1|4089.5794531|05|2|1|2|1|1|1|1
3411657|1|1|1|1757.3326067|05|2|1|2|1|1|1|1
3411658|1|1|1|3888.755351|05|2|1|2|1|1|1|1
3411659|1|1|1|6032.7637211|05|2|1|2|1|1|1|1
3411660|1|1|1|2501.7857766|05|2|1|2|1|1|1|1
3411661|1|1|1|2576.5965327|05|2|1|2|1|1|1|1
3411662|1|1|1|3405.6280626|05|2|1|2|1|1|1|1
3411663|1|1|1|4665.2332311|05|2|1|2|1|1|1|1
3411664|1|1|1|2954.0481111|05|2|1|2|1|1|1|1
3411665|1|1|1|2501.7857766|05|2|1|2|1|1|1|1
3411667|1|1|1|4620.9850201|05|2|1|3|1|1|1|1
3411668|1|1|1|8020.1559469|05|2|1|3|1|1|1|1
3411669|1|1|1|8841.9309048|05|2|1|3|1|1|1|1
3411670|1|1|1|6933.267304|05|2|1|3|1|1|1|1
3411671|1|1|1|6365.8759993|05|2|1|3|1|1|1|1
3411672|1|1|1|5456.3473011|05|2|1|3|1|1|1|1
3411673|1|1|1|4537.1263672|05|2|1|3|1|1|1|1
3411674|1|1|1|8144.7496729|05|2|1|3|1|1|1|1
3411676|1|1|1|8953.4069618|05|2|1|3|1|1|1|1
3411677|1|1|1|3619.105878|05|2|1|3|1|1|1|1
3411678|1|1|1|8953.4069618|05|1|1|3|1|1|1|1
3411680|1|1|1|3546.9800814|05|2|1|3|1|1|1|1
3411681|1|1|1|3330.2413217|05|2|1|3|1|1|1|1
3411682|1|1|1|8953.4069618|05|2|1|3|1|1|1|1
3411683|1|1|1|4942.8187154|05|2|1|3|1|1|1|1
3411684|1|1|1|3407.8478108|05|2|1|3|1|1|1|1
3411685|1|1|1|3464.0644452|05|2|1|3|1|1|1|1
3411687|1|1|1|7353.9842555|05|2|1|5|1|1|1|1
3411688|1|1|1|6213.7232177|05|2|1|5|1|1|1|1
3411689|1|1|1|7987.5371807|05|2|1|5|1|1|1|1
3411690|1|1|1|13320.984972|05|2|1|5|1|1|1|1
3411691|1|1|1|11627.584959|05|2|1|5|1|1|1|1
3411692|1|1|1|7557.7610709|05|2|1|5|1|1|1|1
3411693|1|1|1|7557.7610709|05|2|1|5|1|1|1|1
3411694|1|1|1|7557.7610709|05|2|1|5|1|1|1|1
3411695|1|1|1|326.33424848|05|2|1|2|1|1|1|1
3411697|1|1|1|638.09776427|05|2|1|2|1|1|1|1
3411698|1|1|1|952.49555609|05|2|1|2|1|1|1|1
3411699|1|1|1|744.2328121|05|2|1|2|1|1|1|1
3411700|1|1|1|895.46431377|05|2|1|1|1|1|1|1
3411701|1|1|1|466.54599543|05|2|1|2|1|1|1|1
3411702|1|1|1|626.59835998|05|1|1|2|1|1|1|1
3411704|1|1|1|444.30226172|05|2|1|2|1|1|1|1
3411705|1|1|1|475.3668583|05|2|1|2|1|1|1|1
3411706|1|1|1|1384.1257357|05|1|1|3|1|1|1|1
3411707|1|1|1|1645.8318103|05|1|1|3|1|1|1|1
3411708|1|1|1|819.32779229|05|1|1|3|1|1|1|1
3411709|1|1|1|582.67695552|05|1|1|3|1|1|1|1
3411710|1|1|1|921.79089917|05|1|1|3|1|1|1|1
3411712|1|1|1|1503.6874881|05|1|1|3|1|1|1|1
3411714|1|1|1|2040.961528|08|1|1|3|1|1|1|1
3411715|1|1|1|1938.8937184|08|1|1|3|1|1|1|1
3411716|1|1|1|1313.9562585|08|1|1|3|1|1|1|1
3411717|1|1|1|1398.2362716|08|1|1|3|1|1|1|1
3411718|1|1|1|1208.1723105|08|2|1|3|1|1|1|1
3411719|1|1|1|1199.8537037|08|2|1|2|1|1|1|1
3411720|1|1|1|1322.6737082|08|2|1|2|1|1|1|1
3411721|1|1|1|1089.8570765|08|2|1|2|1|1|1|1
3411722|1|1|1|1237.1783485|08|2|1|2|1|1|1|1
3411723|1|1|1|1199.8537037|08|2|1|2|1|1|1|1
3411724|1|1|1|1300.8166959|08|2|1|2|1|1|1|1
3411725|1|1|1|1345.4463388|08|2|1|1|1|2|1|1
3411726|1|1|1|1083.4481227|08|1|1|1|1|1|1|1
3411727|1|1|1|1476.5303003|08|2|1|1|1|1|1|1
3411728|1|1|1|1083.4481227|08|1|1|1|1|1|1|1
3411729|1|1|1|5443.3504807|11|2|1|2|1|1|1|1
3411730|1|1|1|3517.6205642|11|2|1|2|1|1|1|1
3411731|1|1|1|5238.1099549|11|1|1|2|1|1|1|1
3411732|1|1|1|2623.1229576|11|1|1|2|1|1|1|1
3411733|1|1|1|5221.2693751|11|1|1|2|1|1|1|1
3411734|1|1|1|2206.0590854|11|2|1|2|1|1|1|1
3411735|1|1|1|2888.0351059|11|2|1|2|1|1|1|1
3411736|1|1|1|4343.6123483|11|2|1|2|1|1|1|1
3411737|1|1|1|4952.7901104|11|2|1|2|1|1|1|1
3411738|1|1|1|3517.6205642|11|2|1|2|1|1|1|1
3411739|1|1|1|3348.4825403|11|2|1|3|1|1|1|1
3411740|1|1|1|6989.0198666|11|2|1|3|1|1|1|1
3411741|1|1|1|6413.2265255|11|2|1|3|1|1|1|1
3411742|1|1|1|5755.1058745|11|2|1|3|1|1|1|1
3411743|1|1|1|7118.5779336|11|2|1|3|1|1|1|1
3411744|1|1|1|4512.830256|11|2|1|3|1|1|1|1
3411745|1|1|1|6670.2200121|11|2|1|2|1|1|1|1
3411746|1|1|1|4934.6717459|11|2|1|2|1|1|1|1
3411747|1|1|1|3953.0595336|11|2|1|2|1|1|1|1
3411748|1|1|1|6851.9698582|11|1|1|1|1|1|1|1
3411749|1|1|1|6718.3835045|11|2|1|1|1|1|1|1
3411751|1|1|1|9560.2231551|11|2|1|1|1|1|1|1
3411752|1|1|1|9476.776821|11|1|1|3|1|1|1|1
3411753|1|1|1|13717.004352|11|2|1|3|1|1|1|1
3411754|1|1|1|5430.2190188|11|1|1|3|1|1|1|1
3411755|1|1|1|7042.9352485|11|1|1|3|1|1|1|1
3411756|1|1|1|4595.9564279|11|1|1|3|1|1|1|1
3411757|1|1|1|7407.012909|11|1|1|1|1|1|1|1
3411758|1|1|1|5642.849655|11|3|1|1|1|1|1|1
3411759|1|1|1|9973.9198232|11|2|1|1|1|1|1|1
3411764|1|1|1|9441.4012777|11|1|1|1|1|1|1|1
3411765|1|1|1|7113.2197801|11|2|1|1|1|1|1|1
3411766|1|1|1|11144.605363|11|2|1|1|1|1|1|1
3411767|1|1|1|9694.7654481|11|1|1|1|1|1|1|1
3411768|1|1|1|4222.0610622|11|1|1|1|1|1|1|1
3411769|1|1|1|5322.8642393|11|2|1|2|1|1|1|1
3411770|1|1|1|7746.3637967|11|2|1|2|1|1|1|1
3411772|1|1|1|5177.7372978|11|2|1|2|1|1|1|1
3411773|1|1|1|6409.7693291|11|2|1|2|1|1|1|1
3411774|1|1|1|4431.2225849|11|2|1|2|1|1|1|1
3411775|1|1|1|5658.3257241|11|2|1|2|1|1|1|1
3411776|1|1|1|4715.2871211|11|1|1|2|1|1|1|1
3411777|1|1|1|8005.5856498|11|1|1|2|1|1|1|1
3411778|1|1|1|8904.0142655|11|1|1|2|1|1|1|1
3411779|1|1|1|6618.5544296|11|1|1|2|1|1|1|1
3411780|1|1|1|4099.4691459|11|1|1|2|1|1|1|1
3411781|1|1|1|2573.7355996|11|1|1|2|1|1|1|1
3411782|1|1|1|6017.7024089|11|1|1|2|1|1|1|1
3411783|1|1|1|5251.1816368|11|1|1|2|1|1|1|1
3411784|1|1|1|4036.6172212|11|1|1|2|1|1|1|1
3411785|1|1|1|4099.4691459|11|1|1|2|1|1|1|1
3411786|1|1|1|5915.2583482|11|1|1|3|1|1|1|1
3411787|1|1|1|6820.0388578|11|1|1|3|1|1|1|1
3411789|1|1|1|5915.2583482|11|2|1|3|1|1|1|1
3411790|1|1|1|5707.3614597|11|2|1|3|1|1|1|1
3411791|1|1|1|7241.0973678|11|1|1|3|1|1|1|1
3411792|1|1|1|5706.9738334|11|1|1|3|1|1|1|1
3411793|1|1|1|4181.0045019|11|1|1|3|1|1|1|1
3411795|1|1|1|3227.9132937|11|2|1|5|1|1|1|1
3411797|1|1|1|5146.9945917|11|2|1|5|1|1|1|1
3411798|1|1|1|4350.3361897|11|2|1|5|1|1|1|1
3411799|1|1|1|5558.9302289|11|2|1|5|1|1|1|1
3411800|1|1|1|3913.8847698|11|2|1|3|1|1|1|1
3411802|1|1|1|2904.0699679|11|2|1|3|1|1|1|1
3411803|1|1|1|4625.6286903|11|2|1|3|1|1|1|1
3411804|1|1|1|3448.1064504|11|2|1|3|1|1|1|1
3411806|1|1|1|849.25979779|13|2|1|1|1|1|1|1
3411807|1|1|1|731.6851185|13|2|1|1|1|1|1|1
3411808|1|1|1|845.18837628|13|2|1|1|1|1|1|1
3411809|1|1|1|406.87955288|13|2|1|1|1|1|1|1
3411810|1|1|1|845.18837628|13|2|1|1|1|1|1|1
3411811|1|1|1|539.73513134|13|2|1|1|1|1|1|1
3411812|1|1|1|1188.380621|13|2|1|1|1|1|1|1
3411813|1|1|1|846.46774578|13|2|1|1|1|1|1|1
3411815|1|1|1|817.83052727|13|2|1|1|1|1|1|1
3411816|1|1|1|772.89215055|13|2|1|1|1|1|1|1
3411817|1|1|1|836.53370731|13|2|1|1|1|1|1|1
3411818|1|1|1|402.66507637|13|2|1|1|1|1|1|1
3411819|1|1|1|965.33586707|13|2|1|1|1|1|1|1
3411820|1|1|1|573.37692773|13|1|1|1|1|1|1|1
3411821|1|1|1|808.97038669|13|2|1|1|1|1|1|1
3411822|1|1|1|300.78993408|13|2|1|1|1|1|1|1
3411824|1|1|1|837.81530912|13|1|1|1|1|1|1|1
3411825|1|1|1|377.81459194|13|2|1|1|1|1|1|1
3411826|1|1|1|662.97186089|13|2|1|1|1|1|1|1
3411827|1|1|1|653.55993382|13|1|1|1|1|1|1|1
3411828|1|1|1|955.41727252|13|1|1|1|1|1|1|1
3411829|1|1|1|457.73949699|13|1|1|1|1|1|1|1
3411830|1|1|1|991.85400739|13|1|1|1|1|1|1|1
3411831|1|1|1|1163.0612171|13|2|1|1|1|1|1|1
3411832|1|1|1|615.28137984|13|1|1|1|2|1|1|1
3411833|1|1|1|1300.1309786|13|1|1|1|1|1|1|1
3411834|1|1|1|457.73949699|13|2|1|1|1|1|1|1
3411835|1|1|1|718.13718025|13|2|1|3|1|1|1|1
3411836|1|1|1|692.96630888|13|2|1|3|1|1|1|1
3411837|1|1|1|405.16775822|13|2|1|3|1|1|1|1
3411838|1|1|1|836.49720597|13|2|1|3|1|1|1|1
3411839|1|1|1|486.53711666|13|2|1|3|1|1|1|1
3411840|1|1|1|683.86119147|13|2|1|3|1|1|1|1
3411841|1|1|1|481.24721875|13|2|1|2|1|1|1|1
3411842|1|1|1|655.60576527|13|2|1|2|1|1|1|1
3411843|1|1|1|230.56507996|13|2|1|2|1|1|1|1
3411844|1|1|1|343.59530884|13|2|1|2|1|1|1|1
3411845|1|1|1|658.95039131|13|2|1|2|1|1|1|1
3411846|1|1|1|585.83824269|13|1|1|2|1|1|1|1
3411847|1|1|1|536.69150643|13|2|1|2|1|1|1|1
3411848|1|1|1|566.55719328|13|2|1|2|1|1|1|1
3411849|1|1|1|482.69717085|13|2|1|2|1|1|1|1
3411850|1|1|1|586.15150484|13|2|1|1|1|1|1|1
3411851|1|1|1|352.62894583|13|2|1|1|1|1|1|1
3411852|1|1|1|895.98790058|13|2|1|1|1|1|1|1
3411853|1|1|1|712.59077586|13|2|1|1|1|1|1|1
3411854|1|1|1|925.47656438|13|2|1|1|1|1|1|1
3411855|1|1|1|820.82230395|13|2|1|1|1|1|1|1
3411856|1|1|1|493.90036139|13|2|1|1|1|1|1|1
3411857|1|1|1|1066.6435282|13|2|1|1|1|1|1|1
3411858|1|1|1|764.09493903|13|2|1|1|1|1|1|1
3411859|1|1|1|137.92472612|15|2|1|1|1|1|1|1
3411860|1|1|1|148.84107647|15|2|1|1|1|1|1|1
3411861|1|1|1|125.62070437|15|1|1|3|1|1|1|1
3411862|1|1|1|193.41479421|15|2|1|2|1|1|1|1
3411863|1|1|1|215.31469175|15|1|1|5|1|1|1|1
3411864|1|1|1|215.60940846|15|1|1|5|1|1|1|1
3411865|1|1|1|97.000278551|15|1|1|5|1|1|1|1
3411866|1|1|1|271.36324597|17|2|1|4|1|1|1|1
3411867|1|1|1|467.85344515|17|2|1|4|1|1|1|1
3411868|1|1|1|621.48465912|17|1|1|4|1|1|1|1
3411869|1|1|1|530.66997791|17|2|1|3|1|1|1|1
3411870|1|1|1|495.94406066|17|1|1|3|1|1|1|1
3411871|1|1|1|656.72772985|17|2|1|4|1|1|1|1
3411873|1|1|1|553.23327208|17|2|1|3|1|1|1|1
3411874|1|1|1|284.65264308|17|1|1|3|1|1|1|1
3411875|1|1|1|613.73077507|17|2|1|5|1|1|1|1
3411876|1|1|1|613.73077507|17|2|1|5|1|1|1|1
3411877|1|1|1|819.42619787|17|2|1|5|1|1|1|1
3411878|1|1|1|707.04302987|17|2|1|5|1|1|1|1
3411879|1|1|1|566.03598695|17|1|1|4|1|1|1|1
3411880|1|1|1|410.20496022|17|1|1|3|1|1|1|1
3411881|1|1|1|402.8019787|17|1|1|3|1|1|1|1
3411882|1|1|1|698.62893841|17|1|1|3|1|1|1|1
3411883|1|1|1|446.34965459|17|1|1|3|1|1|1|1
3411884|1|1|1|389.89799547|17|1|1|3|1|1|1|1
3411885|1|1|1|802.20991235|17|2|1|3|1|1|1|1
3411886|1|1|1|300.76180086|17|1|1|3|1|1|1|1
3411887|1|1|1|534.60329774|17|1|1|3|1|1|1|1
3411888|1|1|1|410.20496022|17|2|1|3|1|1|1|1
3411889|1|1|1|466.65661935|17|2|1|1|1|1|1|1
3411890|1|1|1|317.05994822|17|2|1|1|1|1|1|1
3411891|1|1|1|384.92340626|17|1|1|1|1|1|1|1
3411892|1|1|1|309.6569667|17|2|1|1|1|1|1|1
3411893|1|1|1|373.51160735|17|2|1|1|1|1|1|1
3411894|1|1|1|698.62893841|17|2|1|1|1|1|1|1
3411895|1|1|1|375.51784158|17|2|1|1|1|1|1|1
3411896|1|1|1|353.2046426|17|2|1|1|1|1|1|1
3411897|1|1|1|466.65661935|17|2|1|1|1|1|1|1
3411898|1|1|1|725.9167266|17|2|1|3|2|1|1|1
3411899|1|1|1|208.08222699|17|2|1|3|2|1|1|1
3411900|1|1|1|373.51160735|17|2|1|3|2|1|1|1
3411901|1|1|1|204.82815086|17|1|1|4|1|1|1|1
3411902|1|1|1|384.92340626|17|1|1|4|1|1|1|1
3411903|1|1|1|384.92340626|17|2|1|4|1|1|1|1
3411904|1|1|1|244.22692137|17|2|1|4|1|1|1|1
3411905|1|1|1|345.80166108|17|2|1|4|1|1|1|1
3411906|1|1|1|502.80131372|17|2|1|4|1|1|1|1
3411907|1|1|1|466.65661935|17|2|1|4|1|1|1|1
3411908|1|1|1|373.51160735|17|2|1|4|1|1|1|1
3411909|1|1|1|421.06810064|17|2|1|4|1|1|1|1
3411910|1|1|1|486.49814596|17|2|1|2|1|1|1|1
3411911|1|1|1|244.77557986|17|2|1|2|1|1|1|1
3411912|1|1|1|219.4940259|17|1|1|2|1|1|1|1
3411913|1|1|1|502.80131372|17|2|1|2|1|1|1|1
3411914|1|1|1|421.06810064|17|2|1|2|1|1|1|1
3411915|1|1|1|204.82815086|17|2|1|2|1|1|1|1
3411916|1|1|1|373.51160735|17|1|1|2|1|1|1|1
3411917|1|1|1|296.75298347|17|1|1|2|2|1|1|1
3411918|1|1|1|504.80754796|17|2|1|2|1|1|1|1
3411919|1|1|1|446.34965459|17|2|1|2|1|1|1|1
3411920|1|1|1|446.34965459|17|2|1|2|1|1|1|1
3411921|1|1|1|375.51784158|17|2|1|2|1|1|1|1
3411922|1|1|1|410.20496022|17|2|1|2|1|1|1|1
3411923|1|1|1|375.51784158|17|2|1|2|1|1|1|1
3411924|1|1|1|446.34965459|17|2|1|2|1|1|1|1
3411925|1|1|1|452.35968582|17|2|1|1|1|1|1|1
3411926|1|1|1|396.33520516|17|2|1|1|1|1|1|1
3411927|1|1|1|196.54903466|18|1|1|1|2|2|1|1
3411928|1|1|1|213.201302|18|1|1|1|1|2|1|1
3411929|1|1|1|97.658732963|18|1|1|1|2|2|1|1
3411930|1|1|1|201.03938244|18|1|1|1|2|2|1|1
3411931|1|1|1|47.774840624|18|1|1|2|1|1|1|1
3411932|1|1|1|140.87312561|18|1|1|2|1|1|1|1
3411933|1|1|1|98.22234678|18|1|1|2|1|1|1|1
3411934|1|1|1|103.68140781|18|1|1|2|1|1|1|1
3411935|1|1|1|95.85623659|18|1|1|2|1|1|1|1
3411936|1|1|1|47.774840624|18|2|1|2|1|1|1|1
3411937|1|1|1|56.539266452|18|1|1|1|1|1|1|1
3411938|1|1|1|71.616404173|18|2|1|2|1|1|1|1
3411939|1|1|1|89.065327415|18|1|1|2|1|1|1|1
3411940|1|1|1|96.064926959|18|1|1|2|1|1|1|1
3411941|1|1|1|140.28014419|18|1|1|2|1|1|1|1
3411942|1|1|1|125.17170959|18|2|1|2|1|1|1|1
3411943|1|1|1|64.46766791|18|1|1|2|1|1|1|1
3411944|1|1|1|160.99036919|18|2|1|2|1|1|1|1
3411945|1|1|1|164.8778037|18|1|1|2|1|1|1|1
3411946|1|1|1|96.096119678|18|1|1|1|1|1|1|1
3411947|1|1|1|187.63675694|18|2|1|1|1|1|1|1
3411948|1|1|1|158.04860523|18|2|1|1|1|1|1|1
3411949|1|1|1|142.21976466|18|2|1|1|1|1|1|1
3411950|1|1|1|116.61196797|18|2|1|1|1|1|1|1
3411951|1|1|1|161.77249313|18|1|1|1|1|1|1|1
3411952|1|1|1|144.12451951|18|1|1|2|1|1|1|1
3411953|1|1|1|140.97317259|18|1|1|2|1|1|1|1
3411954|1|1|1|108.70830893|18|1|1|1|1|1|1|1
3411955|1|1|1|140.97317259|18|2|1|2|1|1|1|1
3411956|1|1|1|101.96796127|18|1|1|2|1|1|1|1
3411957|1|1|1|217.38867435|18|2|1|1|1|1|1|1
3411958|1|1|1|97.658732963|18|1|1|1|1|1|1|1
3411959|1|1|1|184.9600861|18|2|1|1|2|1|1|1
3411960|1|1|1|97.658732963|18|1|1|1|1|1|1|1
3411961|1|1|1|149.30800329|18|1|1|1|1|1|1|1
3411962|1|1|1|215.08509196|18|2|1|1|1|1|1|1
3411963|1|1|1|135.49396186|18|1|1|1|1|1|1|1
3411964|1|1|1|113.71536008|18|2|1|1|1|1|1|1
3411965|1|1|1|109.07261236|18|2|1|1|2|2|1|2
3411966|1|1|1|88.952200677|18|2|1|1|2|2|1|1
3411967|1|1|1|131.32978323|18|1|1|1|1|2|1|1
3411968|1|1|1|126.94145899|18|1|1|1|1|2|1|1
3411969|1|1|1|203.42525537|18|2|1|1|1|2|1|1
3411970|1|1|1|96.266436841|18|2|1|1|2|2|1|1
3411971|1|1|1|127.25635096|18|1|1|1|1|2|1|1
3411972|1|1|1|108.54648008|18|2|1|2|1|1|1|1
3411973|1|1|1|150.55956437|18|1|1|2|1|1|1|1
3411974|1|1|1|61.537319368|18|1|1|2|1|1|1|1
3411975|1|1|1|84.874545664|18|2|1|2|1|1|1|1
3411976|1|1|1|125.04034653|18|2|1|2|1|1|1|1
3411977|1|1|1|80.935517227|18|1|1|2|1|1|1|1
3411978|1|1|1|133.903774|18|2|1|2|1|1|1|1
3411979|1|1|1|115.55178081|18|1|1|1|1|1|1|1
3411980|1|1|1|58.606970827|18|1|1|1|1|1|1|1
3411981|1|1|1|115.17003228|18|1|1|1|1|1|1|1
3411982|1|1|1|88.185591115|18|2|1|1|1|1|1|1
3411983|1|1|1|165.11348729|18|1|1|1|1|1|1|1
3411984|1|1|1|99.861124678|18|1|1|1|2|1|1|1
3411985|1|1|1|122.29353507|18|1|1|1|1|1|1|1
3411986|1|1|1|142.513863|18|1|1|1|2|2|1|1
3411987|1|1|1|173.71421538|18|1|1|1|1|1|1|1
3411988|1|1|1|152.07829301|18|1|1|1|1|1|1|1
3411989|1|1|1|103.76025705|19|1|1|2|2|1|1|1
3411990|1|1|1|524.90482976|19|1|1|2|1|1|1|1
3411991|1|1|1|239.49147023|19|1|1|2|1|1|1|1
3411992|1|1|1|277.76996636|19|2|1|2|1|1|1|1
3411993|1|1|1|241.55711445|19|1|1|2|1|1|1|1
3411994|1|1|1|346.5015385|19|2|1|2|2|1|1|1
3411995|1|1|1|103.76025705|19|2|1|2|1|1|1|1
3411996|1|1|1|106.94914577|19|5|1|2|2|1|1|1
3411997|1|1|1|103.76025705|19|1|1|2|1|1|1|1
3411998|1|1|1|275.38226811|19|1|1|2|1|1|1|1
3411999|1|1|1|253.77220291|19|1|1|3|1|1|1|1
3412000|1|1|1|100.11954627|19|1|1|2|1|1|1|1
3412001|1|1|1|248.35367465|19|1|1|2|1|1|1|1
3412002|1|1|1|277.47720445|19|2|1|2|1|1|1|1
3412003|1|1|1|307.62153385|19|2|1|2|1|1|1|1
3412004|1|1|1|116.9471817|19|1|1|2|1|1|1|1
3412005|1|1|1|506.48711643|19|1|1|3|2|1|1|2
3412006|1|1|1|114.95401623|19|1|1|2|1|1|1|1
3412007|1|1|1|256.26617968|19|1|1|3|1|1|1|1
3412008|1|1|1|204.84134457|19|1|1|2|1|1|1|1
3412009|1|1|1|95.37862415|19|1|1|3|1|1|1|1
3412010|1|1|1|468.11688034|19|1|1|2|1|1|1|1
3412011|1|1|1|421.06173726|19|1|1|2|1|1|1|1
3412012|1|1|1|176.9806765|19|1|1|3|1|1|1|1
3412013|1|1|1|345.43691337|19|1|1|2|1|1|1|1
3412014|1|1|1|93.073585012|19|2|1|3|1|1|1|1
3412015|1|1|1|243.28441049|19|1|1|2|2|1|1|1
3412016|1|1|1|169.0121746|19|1|1|2|1|1|1|1
3412017|1|1|1|205.67448164|19|1|1|2|1|1|1|1
3412018|1|1|1|116.59869275|19|1|1|2|1|2|1|1
3412019|1|1|1|169.0121746|19|1|1|2|1|1|1|1
3412020|1|1|1|116.59869275|19|1|1|3|1|2|1|1
3412021|1|1|1|246.54822127|19|1|1|2|2|1|1|1
3412022|1|1|1|113.12208475|19|1|1|2|1|1|1|1
3412023|1|1|1|116.59869275|19|1|1|2|1|1|1|1
3412024|1|1|1|211.89220565|19|1|1|2|1|1|1|1
3412025|1|1|1|239.29614147|19|1|1|2|1|1|1|1
3412026|1|1|1|92.795546126|19|1|1|2|1|1|1|1
3412027|1|1|1|171.98769026|19|1|1|2|1|1|1|1
3412028|1|1|1|91.017769338|19|1|1|2|1|1|1|1
3412029|1|1|1|135.98680715|19|1|1|1|1|1|1|1
3412030|1|1|1|104.50365111|19|2|1|2|1|1|1|1
3412031|1|1|1|293.4932532|20|1|1|0|2|2|1|1
3412033|1|1|1|417.45477175|20|2|1|0|2|2|1|1
3412034|1|1|1|375.75961552|20|1|1|1|2|2|1|1
3412036|1|1|1|356.5926798|20|1|1|1|2|2|1|1
3412037|1|1|1|204.0109679|20|1|1|1|2|2|1|1
3412038|1|1|1|298.87063992|20|2|1|0|2|2|1|1
3412039|1|1|1|501.92131167|20|2|1|1|2|2|1|1
3412040|1|1|1|306.84526746|20|1|1|1|2|2|1|1
3412041|1|1|1|431.88627842|20|1|1|0|2|2|1|1
3412042|1|1|1|274.47841201|20|1|1|1|2|2|1|1
3412043|1|1|1|526.2086972|20|2|1|1|2|2|1|1
3412044|1|1|1|526.2086972|20|1|1|0|2|2|1|1
3412045|1|1|1|621.06139485|20|1|1|1|2|2|1|1
3412046|1|1|1|425.03358669|20|2|1|1|2|2|1|1
3412047|1|1|1|425.40463766|20|2|1|0|2|2|1|1
3412048|1|1|1|749.52234583|20|1|1|0|2|2|1|1
3412049|1|1|1|440.68414704|20|2|1|2|1|1|1|1
3412050|1|1|1|397.04432848|20|2|1|2|1|1|1|1
3412051|1|1|1|491.12811738|20|2|1|2|1|1|1|1
3412052|1|1|1|392.8135943|20|2|1|2|1|1|1|1
3412053|1|1|1|511.52054075|20|2|1|2|1|1|1|1
3412054|1|1|1|287.94169386|20|2|1|2|1|1|1|1
3412055|1|1|1|440.68414704|20|2|1|2|1|1|1|1
3412056|1|1|1|559.26487849|20|2|1|2|1|1|1|1
3412057|1|1|1|511.52054075|20|2|1|2|1|1|1|1
3412058|1|1|1|351.11878795|20|2|1|2|1|1|1|1
3412059|1|1|1|455.70913418|20|2|1|2|1|1|1|1
3412060|1|1|1|440.68414704|20|1|1|2|1|1|1|1
3412061|1|1|1|202.52348401|20|1|1|1|1|1|1|1
3412062|1|1|1|170.93389141|20|1|1|1|1|1|1|1
3412063|1|1|1|480.67551404|20|1|1|1|1|1|1|1
3412064|1|1|1|391.4859373|20|1|1|1|1|1|1|1
3412065|1|1|1|222.54326398|20|1|1|1|1|1|1|1
3412066|1|1|1|336.32500612|20|1|1|1|1|1|1|1
3412067|1|1|1|357.82191409|20|1|1|1|1|1|1|1
3412068|1|1|1|272.58310686|20|1|1|1|1|1|1|1
3412069|1|1|1|392.00520939|20|1|1|1|1|1|1|1
3412071|1|1|1|340.26127769|20|2|1|1|1|1|1|1
3412072|1|1|1|324.5574699|20|2|1|1|1|1|1|1
3412073|1|1|1|214.43569744|20|1|1|1|1|1|1|1
3412074|1|1|1|162.17374188|20|1|1|1|1|1|1|1
3412075|1|1|1|236.30513174|20|1|1|1|1|1|1|1
3412076|1|1|1|231.66305117|23|2|1|1|1|1|1|1
3412077|1|1|1|149.16309386|23|2|1|1|1|1|1|1
3412078|1|1|1|216.06190408|23|2|1|1|1|1|1|1
3412079|1|1|1|167.29476357|23|1|1|1|1|1|1|1
3412080|1|1|1|163.35341103|23|2|1|1|1|1|1|1
3412081|1|1|1|110.96990349|23|1|1|1|1|1|2|1
3412083|1|1|1|155.1046356|23|1|1|1|1|1|1|2
3412084|1|1|1|230.64700981|23|1|1|1|1|1|1|1
3412085|1|1|1|191.40640343|23|2|1|1|1|1|1|1
3412086|1|1|1|227.0673317|23|1|1|1|1|1|1|1
3412087|1|1|1|202.94322951|23|1|1|1|1|1|1|1
3412088|1|1|1|242.72714768|23|2|1|1|1|1|1|1
3412089|1|1|1|182.51781449|23|2|1|1|1|1|1|1
3412090|1|1|1|183.71658681|23|2|1|1|1|1|1|1
3412091|1|1|1|146.64249581|23|1|1|1|1|1|1|1
3412093|1|1|1|220.82387586|23|2|1|1|1|1|1|1
3412096|1|1|1|242.72714768|23|1|1|1|1|1|1|1
3412097|1|1|1|135.57927168|23|1|1|5|1|1|1|1
3412099|1|1|1|199.66150251|23|1|1|5|1|1|1|1
3412102|1|1|1|169.25129159|23|1|1|5|1|1|1|1
3412103|1|1|1|122.63761428|23|1|1|5|1|1|1|1
3412104|1|1|1|113.7131108|23|1|1|5|1|1|1|1
3412107|1|1|1|82.523292835|23|1|1|5|1|1|1|1
3412108|1|1|1|135.57927168|23|1|1|5|1|1|1|1
3412109|1|1|1|211.84261199|23|2|1|2|1|1|1|1
3412110|1|1|1|203.88825857|23|2|1|2|1|1|1|1
3412111|1|1|1|218.11941498|23|1|1|2|1|1|1|1
3412112|1|1|1|293.62154961|23|1|1|2|1|1|1|1
3412113|1|1|1|224.06215567|23|1|1|2|1|1|1|1
3412115|1|1|1|289.03405158|23|1|1|2|1|1|1|1
3412116|1|1|1|191.62127232|23|1|1|2|1|1|1|1
3412117|1|1|1|212.54670567|23|1|1|2|1|1|1|1
3412118|1|1|1|265.66973925|23|1|1|2|1|1|1|1
3412119|1|1|1|230.00264703|23|1|1|2|1|1|1|1
3412121|1|1|1|157.15438695|23|1|1|1|1|1|1|1
3412123|1|1|1|218.72016795|23|2|1|1|1|1|1|1
3412125|1|1|1|209.87362449|23|1|1|1|1|1|1|1
3412126|1|1|1|216.24822584|23|1|1|1|1|1|1|1
3412127|1|1|1|169.47408959|23|1|1|1|1|1|1|1
3412128|1|1|1|138.09162302|23|1|1|1|1|1|1|1
3412129|1|1|1|196.35871966|23|1|1|1|1|1|1|1
3412130|1|1|1|167.9766563|23|1|1|1|1|1|1|1
3412131|1|1|1|205.67991917|23|1|1|1|1|1|1|1
3412132|1|1|1|257.34917284|23|1|1|1|1|1|1|1
3412133|1|1|1|400.76321257|23|2|1|1|1|1|1|1
3412134|1|1|1|351.61244734|23|1|1|1|1|1|1|1
3412135|1|1|1|253.92154933|23|2|1|1|1|1|1|1
3412136|1|1|1|179.72684142|23|2|1|1|1|1|1|1
3412137|1|1|1|381.49660603|23|2|1|1|1|1|1|1
3412138|1|1|1|335.26847184|23|2|1|1|1|1|1|1
3412139|1|1|1|359.47714836|23|2|1|1|1|1|1|1
3412140|1|1|1|342.39976067|23|1|1|1|1|1|1|1
3412141|1|1|1|284.20316536|23|1|1|1|1|1|1|1
3412142|1|1|1|253.92154933|23|2|1|1|1|1|1|1
3412143|1|1|1|268.81495651|23|2|1|1|1|1|1|1
3412144|1|1|1|244.66591029|23|2|1|1|1|1|1|1
3412145|1|1|1|254.21113439|23|2|1|1|1|1|1|1
3412146|1|1|1|327.83360666|23|2|1|1|1|1|1|1
3412147|1|1|1|318.82639179|23|2|1|1|1|1|1|1
3412148|1|1|1|284.93997861|23|2|1|1|1|1|1|1
3412149|1|1|1|285.32583913|23|1|1|1|1|1|1|1
3412150|1|1|1|406.40886797|23|1|1|1|1|1|1|1
3412151|1|1|1|284.7751769|23|2|1|1|1|1|1|1
3412152|1|1|1|320.94263668|23|2|1|1|1|1|1|1
3412153|1|1|1|248.34348594|23|1|1|1|1|1|1|1
3412154|1|1|1|264.04036339|23|1|1|1|1|1|1|1
3412155|1|1|1|386.91530881|23|2|1|1|1|1|1|1
3412156|1|1|1|322.56879408|23|2|1|1|1|1|1|1
3412157|1|1|1|258.22323683|23|1|1|1|1|1|1|1
3412158|1|1|1|273.91648485|23|1|1|1|1|1|1|1
3412160|1|1|1|256.11370743|23|2|1|1|1|1|1|1
3412161|1|1|1|288.42440939|23|1|1|1|1|1|1|1
3412162|1|1|1|204.3960238|23|2|1|1|1|1|1|1
3412164|1|1|1|241.89638622|23|2|1|1|1|1|1|1
3412165|1|1|1|230.35840388|23|1|1|1|1|1|1|1
3412166|1|1|1|227.26102201|23|2|1|1|1|1|1|1
3412167|1|1|1|296.01984169|23|1|1|1|1|1|1|1
3412169|1|1|1|282.83651925|23|1|1|1|1|1|1|1
3412170|1|1|1|184.17276945|23|1|1|1|1|1|1|1
3412171|1|1|1|62.897992381|27|1|1|1|2|2|1|1
3412172|1|1|1|51.125416032|27|2|1|1|2|2|1|2
3412173|1|1|1|34.369843819|27|1|1|1|2|2|1|1
3412174|1|1|1|110.72154368|27|1|1|1|2|2|1|1
3412175|1|1|1|74.267556612|27|1|1|1|2|2|1|1
3412176|1|1|1|71.336036927|27|1|1|1|2|1|1|1
3412177|1|1|1|51.125416032|27|2|1|1|2|2|1|2
3412178|1|1|1|52.207012314|27|1|1|1|2|2|1|1
3412179|1|1|1|65.808167954|27|2|1|1|2|2|1|2
3412180|1|1|1|60.801689312|27|1|1|1|2|2|1|1
3412181|1|1|1|60.801689312|27|1|1|1|2|2|1|2
3412182|1|1|1|166.97821662|27|1|1|1|2|2|1|1
3412183|1|1|1|191.51696083|27|1|1|1|2|2|1|1
3412184|1|1|1|77.133616722|27|1|1|1|2|2|1|1
3412185|1|1|1|162.50058448|27|1|1|1|2|2|1|1
3412187|1|1|1|82.180972541|27|1|1|1|2|2|1|1
3412188|1|1|1|150.97392929|27|1|1|1|2|2|1|1
3412190|1|1|1|85.798559568|27|1|1|1|2|2|1|2
3412191|1|1|1|50.049159748|27|2|1|3|2|1|1|1
3412192|1|1|1|95.196961442|27|1|1|1|2|1|1|1
3412193|1|1|1|79.016018637|27|1|1|1|2|2|1|1
3412194|1|1|1|52.019223078|27|1|1|1|2|2|1|1
3412195|1|1|1|126.83787398|27|1|1|1|2|2|1|2
3412196|1|1|1|79.016018637|27|1|1|1|2|1|1|1
3412197|1|1|1|70.649514245|27|1|1|1|2|2|1|1
3412198|1|1|1|112.40495055|27|1|1|1|2|1|1|1
3412199|1|1|1|110.46492416|27|2|1|1|2|2|1|2
3412200|1|1|1|149.25254701|27|1|1|1|2|1|1|1
3412201|1|1|1|62.242727531|27|1|1|1|2|2|1|2
3412202|1|1|1|79.934732154|27|1|1|1|2|2|1|1
3412203|1|1|1|86.576186234|27|1|1|1|2|2|1|1
3412204|1|1|1|52.801872254|27|1|1|1|2|2|1|2
3412205|1|1|1|89.200021515|27|1|1|1|2|2|1|1
3412206|1|1|1|89.67173792|27|1|1|1|2|2|1|1
3412208|1|1|1|104.45310063|27|1|1|2|2|2|1|1
3412209|1|1|1|156.78713144|27|1|1|1|2|1|1|1
3412211|1|1|1|125.8901076|27|2|1|1|2|1|1|1
3412212|1|1|1|83.019341063|27|1|1|1|2|1|1|1
3412213|1|1|1|81.775004067|27|1|1|2|2|1|1|1
3412214|1|1|1|66.222888784|27|1|1|1|2|2|1|1
3412216|1|1|1|75.82141006|27|1|1|1|2|2|1|2
3412217|1|1|1|73.809476543|27|1|1|1|2|2|2|2
3412218|1|1|1|118.90108132|27|1|1|1|2|2|1|2
3412220|1|1|1|76.852935137|27|1|1|1|2|2|2|2
3412221|1|1|1|78.114038778|27|1|1|1|2|2|1|2
3412222|1|1|1|104.78071438|27|1|1|1|2|2|1|2
3412223|1|1|1|97.146290999|27|1|1|1|2|2|1|2
3412225|1|1|1|82.906080053|27|1|1|1|2|2|1|1
3412226|1|1|1|77.915987261|27|1|1|1|2|2|1|1
3412227|1|1|1|127.31938773|27|1|1|1|2|2|1|1
3412229|1|1|1|141.60420699|27|1|1|1|2|2|1|2
3412230|1|1|1|122.89023181|27|1|1|1|2|2|1|1
3412231|1|1|1|138.39276852|27|1|1|1|2|2|1|1
3412232|1|1|1|127.64404752|27|1|1|1|2|2|1|1
3412233|1|1|1|110.06779859|27|1|1|1|2|2|1|1
3412234|1|1|1|114.35012571|27|1|1|1|2|2|1|1
3412235|1|1|1|110.63809615|27|1|1|1|2|2|1|1
3412236|1|1|1|71.961016973|27|1|1|1|2|2|1|1
3412237|1|1|1|108.49744039|27|1|1|1|2|2|1|1
3412238|1|1|1|90.708555828|27|1|1|1|2|2|1|2
3412239|1|1|1|92.628509742|27|1|1|1|2|2|1|1
3412240|1|1|1|110.58534318|27|1|1|1|2|2|1|2
3412241|1|1|1|70.470168045|27|1|1|1|2|2|1|1
3412242|1|1|1|47.374649589|27|1|1|1|2|2|1|2
3412243|1|1|1|94.354812108|27|1|1|1|2|2|1|2
3412244|1|1|1|82.906080053|27|1|1|1|2|2|1|2
3412245|1|1|1|84.660019968|27|1|1|1|2|2|1|2
3412247|1|1|1|147.35688037|27|1|1|1|2|2|1|2
3412248|1|1|1|163.05455318|27|1|1|1|2|2|1|2
3412249|1|1|1|80.411033657|27|1|1|1|2|2|1|1
3412250|1|1|1|153.34933485|27|1|1|1|2|2|1|2
3412251|1|1|1|84.660019968|27|1|1|1|2|2|1|2
3412252|1|1|1|791.79931223|41|1|1|1|1|1|1|1
3412253|1|1|1|344.65109644|41|1|1|1|1|1|1|1
3412254|1|1|1|221.88840957|41|1|1|1|1|1|1|1
3412255|1|1|1|277.40716804|41|1|1|1|1|1|1|1
3412256|1|1|1|197.94982806|41|1|1|1|1|1|1|1
3412257|1|1|1|197.94982806|41|1|1|1|1|1|1|1
3412258|1|1|1|340.38089765|41|1|1|1|1|1|1|1
3412259|1|1|1|312.74641731|41|1|1|1|1|1|1|1
3412260|1|1|1|312.74641731|41|1|1|1|1|1|1|1
3412261|1|1|1|274.84218591|41|1|1|1|1|1|1|1
3412262|1|1|1|369.97039243|41|1|1|1|1|1|1|1
3412263|1|1|1|161.37338878|41|1|1|2|1|1|1|1
3412264|1|1|1|295.68319277|41|1|1|2|1|1|1|1
3412265|1|1|1|247.54974375|41|1|1|2|1|1|1|1
3412266|1|1|1|199.88522611|41|2|1|2|1|1|1|1
3412267|1|1|1|438.98631219|41|1|1|2|1|1|1|1
3412268|1|1|1|159.68961834|41|1|1|2|1|1|1|1
3412269|1|1|1|143.96351132|41|1|1|2|1|1|1|1
3412270|1|1|1|295.68319277|41|1|1|2|1|1|1|1
3412271|1|1|1|447.63328447|41|1|1|2|1|1|1|1
3412272|1|1|1|247.54974375|41|2|1|2|1|1|1|1
3412273|1|1|1|161.37338878|41|1|1|2|1|1|1|1
3412274|1|1|1|212.03571628|41|2|1|2|1|1|1|1
3412275|1|1|1|143.96351132|41|1|1|2|1|1|1|1
3412276|1|1|1|207.35413598|41|1|1|2|1|1|1|1
3412277|1|1|1|161.37338878|41|1|1|1|1|1|1|1
3412278|1|1|1|504.01507985|41|1|1|2|1|1|1|1
3412279|1|1|1|143.96351132|41|1|1|2|1|1|1|1
3412280|1|1|1|575.85404526|41|2|1|2|1|1|1|1
3412281|1|1|1|289.16718019|41|1|1|2|1|1|1|1
3412282|1|1|1|143.96351132|41|2|1|2|1|1|1|1
3412283|1|1|1|267.82921875|41|2|1|2|1|1|1|1
3412284|1|1|1|269.06937631|41|1|1|1|1|1|1|1
3412285|1|1|1|159.50794723|41|1|1|1|1|1|1|1
3412286|1|1|1|209.5068378|41|2|1|1|1|1|1|1
3412287|1|1|1|389.35946687|41|1|1|1|1|1|1|1
3412288|1|1|1|289.16718019|41|1|1|1|1|1|1|1
3412289|1|1|1|384.96514685|41|1|1|1|1|1|1|1
3412290|1|1|1|575.85404526|41|2|1|1|1|1|1|1
3412291|1|1|1|527.02810871|41|2|1|1|1|1|1|1
3412292|1|1|1|267.82921875|41|2|1|1|1|1|1|1
3412293|1|1|1|295.68319277|41|1|1|2|1|1|1|1
3412294|1|1|1|161.37338878|41|1|1|2|1|1|1|1
3412295|1|1|1|403.37539859|41|1|1|2|1|1|1|1
3412296|1|1|1|248.97157243|41|1|1|2|1|1|1|1
3412297|1|1|1|369.26166299|41|1|1|2|1|1|1|1
3412298|1|1|1|201.12538368|41|1|1|2|1|1|1|1
3412299|1|1|1|193.80335394|41|1|1|2|1|1|1|1
3412300|1|1|1|161.37338878|41|2|1|2|1|1|1|1
3412301|1|1|1|431.67676719|41|1|1|2|1|1|1|1
3412302|1|1|1|347.92370154|41|1|1|2|1|1|1|1
3412303|1|1|1|377.20897671|41|2|1|2|1|1|1|1
3412304|1|1|1|575.85404526|41|2|1|2|1|1|1|1
3412305|1|1|1|230.55753898|41|1|1|2|1|1|1|1
3412306|1|1|1|179.78742223|41|2|1|2|1|1|1|1
3412307|1|1|1|143.96351132|41|1|1|2|1|1|1|1
3412308|1|1|1|300.07751279|41|2|1|2|1|1|1|1
3412309|1|1|1|292.27277931|41|1|1|2|1|1|1|1
3412310|1|1|1|575.85404526|41|1|1|2|1|1|1|1
3412311|1|1|1|281.21986647|41|1|1|2|1|1|1|1
3412312|1|1|1|161.37338878|41|1|1|2|1|1|1|1
3412313|1|1|1|438.98631219|41|2|1|2|1|1|1|1
3412314|1|1|1|230.55753898|41|2|1|2|1|1|1|1
3412315|1|1|1|227.73920013|41|2|1|2|1|1|1|1
3412316|1|1|1|247.54974375|41|2|1|2|1|1|1|1
3412317|1|1|1|539.17859887|41|1|1|1|1|1|1|1
3412318|1|1|1|143.96351132|41|1|1|1|1|1|1|1
3412319|1|1|1|201.75066766|41|1|1|1|1|1|1|1
3412320|1|1|1|143.96351132|41|1|1|1|1|1|1|1
3412321|1|1|1|269.06937631|41|1|1|1|1|1|1|1
3412322|1|1|1|247.54974375|41|1|1|1|1|1|1|1
3412323|1|1|1|247.54974375|41|1|1|1|1|1|1|1
3412324|1|1|1|528.26826627|41|1|1|1|1|1|1|1
3412325|1|1|1|99.853312977|44|1|1|3|1|1|1|1
3412326|1|1|1|86.485281166|44|2|1|3|1|1|1|1
3412327|1|1|1|69.956061629|44|1|1|3|1|1|1|1
3412328|1|1|1|128.23122513|44|1|1|2|1|1|1|1
3412329|1|1|1|103.61280445|44|2|1|2|1|1|1|1
3412331|1|1|1|117.31003491|44|3|1|2|2|1|1|1
3412332|1|1|1|103.08036793|44|2|1|2|1|1|1|1
3412333|1|1|1|164.35848276|44|1|1|2|1|1|1|1
3412334|1|1|1|125.54315008|44|2|1|2|1|1|1|1
3412335|1|1|1|119.37371764|44|1|1|2|1|1|1|1
3412336|1|1|1|82.143914253|44|2|1|2|1|1|1|1
3412337|1|1|1|87.565270442|44|2|1|2|1|1|1|1
3412338|1|1|1|100.25513099|44|1|1|1|1|1|1|1
3412339|1|1|1|105.14405066|44|1|1|1|1|1|1|1
3412340|1|1|1|76.167569003|44|1|1|1|1|1|1|1
3412341|1|1|1|83.929536375|44|2|1|1|1|1|1|1
3412342|1|1|1|87.565270442|44|2|1|1|1|1|1|1
3412343|1|1|1|120.96914167|44|1|1|1|1|1|1|1
3412344|1|1|1|104.90679518|44|1|1|1|2|2|1|1
3412345|1|1|1|85.501587711|44|1|1|1|2|1|1|1
3412346|1|1|1|104.38249646|44|1|1|1|2|2|1|2
3412347|1|1|1|96.373581229|44|1|1|1|2|2|1|1
3412348|1|1|1|108.10936186|44|1|1|1|1|1|1|1
3412349|1|1|1|122.4855754|44|1|1|1|2|1|1|1
3412350|1|1|1|110.56540685|44|1|1|1|2|1|1|1
3412351|1|1|1|111.22121961|44|1|1|1|2|2|1|1
3412352|1|1|1|111.22121961|44|1|1|1|2|1|1|1
3412353|1|1|1|111.22121961|44|1|1|1|1|2|1|1
3412354|1|1|1|56.880917936|44|1|1|1|1|2|1|1
3412355|1|1|1|65.882311586|44|1|1|1|1|2|1|1
3412356|1|1|1|59.436993765|44|1|1|1|1|2|1|1
3412357|1|1|1|62.772104614|44|2|1|1|1|2|1|1
3412358|1|1|1|51.762767829|44|4|1|1|2|2|1|1
3412359|1|1|1|85.276823011|44|2|1|1|1|2|1|1
3412360|1|1|1|104.56583781|44|1|1|1|1|2|1|1
3412361|1|1|1|75.648302605|44|1|1|1|1|2|1|1
3412362|1|1|1|60.927457212|44|1|1|2|1|1|1|1
3412363|1|1|1|30.092950586|44|1|1|2|1|1|1|1
3412364|1|1|1|62.898525289|44|1|1|2|1|1|1|1
3412365|1|1|1|68.389986734|44|1|1|2|1|1|1|1
3412366|1|1|1|59.317983795|44|1|1|1|1|1|1|1
3412367|1|1|1|63.534881036|44|1|1|2|1|1|1|1
3412368|1|1|1|62.718216389|44|1|1|2|1|1|1|1
3412369|1|1|1|43.304669458|44|1|1|2|1|1|1|1
3412370|1|1|1|53.469403197|44|1|1|2|1|1|1|1
3412371|1|1|1|38.651635391|44|1|1|2|1|1|1|1
3412372|1|1|1|361.16316772|47|1|1|3|1|1|1|1
3412373|1|1|1|361.16316772|47|1|1|3|1|1|1|1
3412374|1|1|1|516.12612881|47|1|1|3|1|1|1|1
3412375|1|1|1|361.16316772|47|2|1|3|1|1|1|1
3412376|1|1|1|361.16316772|47|1|1|3|1|1|1|1
3412377|1|1|1|782.3201576|47|2|1|3|1|1|1|1
3412378|1|1|1|361.16316772|47|1|1|3|1|1|1|1
3412379|1|1|1|898.32951517|47|2|1|3|1|1|1|1
3412380|1|1|1|361.16316772|47|1|1|3|1|1|1|1
3412381|1|1|1|984.54503077|47|1|1|3|1|1|1|1
3412382|1|1|1|610.90399385|47|2|1|3|1|1|1|1
3412391|1|1|1|195.58374621|47|1|1|4|1|1|1|1
3412392|1|1|1|195.58374621|47|1|1|4|1|1|1|1
3412393|1|1|1|195.58374621|47|1|1|4|1|1|1|1
3412394|1|1|1|195.58374621|47|1|1|4|1|1|1|1
3412395|1|1|1|532.95361299|47|1|1|4|1|1|1|1
3412396|1|1|1|195.58374621|47|2|1|4|1|1|1|1
3412397|1|1|1|195.58374621|47|2|1|4|1|1|1|1
3412398|1|1|1|225.94324878|47|2|1|4|1|1|1|1
3412399|1|1|1|217.31527357|47|1|1|6|1|1|1|1
3412400|1|1|1|217.31527357|47|2|1|6|1|1|1|1
3412403|1|1|1|217.31527357|47|1|1|6|1|1|1|1
3412404|1|1|1|800.11532542|47|1|1|3|1|1|1|1
3412405|1|1|1|200.02883135|47|1|1|3|1|1|1|1
3412406|1|1|1|800.11532542|47|1|1|3|1|1|1|1
3412407|1|1|1|595.0347726|47|1|1|3|1|1|1|1
3412409|1|1|1|177.80340565|47|1|1|3|1|1|1|1
3412411|1|1|1|177.80340565|47|1|1|3|1|1|1|1
3412412|1|1|1|177.80340565|47|2|1|3|1|1|1|1
3412413|1|1|1|177.80340565|47|2|1|3|1|1|1|1
3412414|1|1|1|677.32996338|47|1|1|3|1|1|1|1
3412415|1|1|1|177.80340565|47|1|1|3|1|1|1|1
3412416|1|1|1|177.80340565|47|1|1|3|1|1|1|1
3412417|1|1|1|177.80340565|47|1|1|3|1|1|1|1
3412418|1|1|1|177.80340565|47|1|1|3|1|1|1|1
3412419|1|1|1|177.80340565|47|1|1|3|1|1|1|1
3412420|1|1|1|483.24795303|47|1|1|3|1|1|1|1
3412422|1|1|1|293.32355227|47|1|1|3|1|1|1|1
3412423|1|1|1|415.93298308|47|1|1|2|1|1|1|1
3412424|1|1|1|223.30211177|47|2|1|3|1|1|1|1
3412425|1|1|1|484.69909207|47|2|1|3|1|1|1|1
3412426|1|1|1|453.71253289|47|2|1|2|1|1|1|1
3412427|1|1|1|398.03382475|47|2|1|2|1|1|1|1
3412428|1|1|1|177.80340565|47|1|1|2|1|1|1|1
3412429|1|1|1|505.73741326|47|2|1|3|1|1|1|1
3412430|1|1|1|587.6886643|47|2|1|3|1|1|1|1
3412431|1|1|1|223.30211177|47|2|1|2|1|1|1|1
3412433|1|1|1|711.21362259|47|2|1|2|1|1|1|1
3412434|1|1|1|711.21362259|47|2|1|2|1|1|1|1
3412435|1|1|1|177.80340565|47|3|1|1|1|1|1|1
3412436|1|1|1|177.80340565|47|3|1|1|1|1|1|1
3412437|1|1|1|271.2173153|47|3|1|1|1|1|1|1
3412438|1|1|1|604.96097647|47|2|1|1|1|1|1|1
3412439|1|1|1|177.80340565|47|2|1|1|1|1|1|1
3412440|1|1|1|177.80340565|47|1|1|1|1|1|1|1
3412441|1|1|1|177.80340565|47|1|1|1|2|1|1|1
3412442|1|1|1|177.80340565|47|1|1|1|1|1|1|1
3412443|1|1|1|711.21362259|47|1|1|1|1|1|2|1
3412444|1|1|1|552.01406202|47|3|1|1|2|2|1|2
3412445|1|1|1|177.80340565|47|2|1|1|1|1|1|1
3412446|1|1|1|539.79774539|47|1|1|1|1|1|1|1
3412447|1|1|1|282.69018221|47|1|1|2|1|1|1|1
3412448|1|1|1|711.21362259|47|2|1|2|1|1|1|1
3412449|1|1|1|711.21362259|47|2|1|2|1|1|1|1
3412450|1|1|1|193.76669164|47|1|1|2|1|1|1|1
3412451|1|1|1|177.80340565|47|2|1|2|1|1|1|1
3412452|1|1|1|702.2003718|47|1|1|2|1|1|1|1
3412453|1|1|1|385.14223143|47|2|1|2|1|1|1|1
3412454|1|1|1|385.14223143|47|2|1|2|1|1|1|1
3412455|1|1|1|270.19687548|47|2|1|2|1|1|1|1
3412456|1|1|1|558.45521801|47|2|1|1|1|1|1|1
3412457|1|1|1|455.16367193|47|2|1|1|1|1|1|1
3412458|1|1|1|589.72659471|47|2|1|1|1|1|1|1
3412459|1|1|1|607.11271534|47|2|1|1|1|1|1|1
3412460|1|1|1|177.80340565|47|2|1|1|1|1|1|1
3412461|1|1|1|647.79454324|47|2|1|1|1|1|1|1
3412462|1|1|1|552.01406202|47|2|1|1|1|2|1|1
3412463|1|1|1|193.76669164|47|2|1|1|1|2|1|1
3412464|1|1|1|474.06572201|47|1|1|1|2|2|1|1
3412465|1|1|1|177.80340565|47|1|1|1|1|2|1|1
3412466|1|1|1|177.80340565|47|2|1|1|1|2|1|1
3412467|1|1|1|193.76669164|47|2|1|1|1|2|1|1
3412468|1|1|1|321.6036409|47|2|1|1|1|2|1|1
3412469|1|1|1|177.80340565|47|1|1|1|1|2|1|1
3412470|1|1|1|272.60245966|50|2|1|2|1|1|1|1
3412471|1|1|1|275.75321385|50|1|1|2|1|1|1|1
3412472|1|1|1|450.3271618|50|2|1|2|1|1|1|1
3412473|1|1|1|184.94897326|50|2|1|2|1|1|1|1
3412474|1|1|1|322.86136723|50|1|1|2|1|1|1|1
3412476|1|1|1|402.4013341|50|2|1|2|1|1|1|1
3412477|1|1|1|195.01668928|50|2|1|2|1|1|1|1
3412478|1|1|1|334.64311517|50|2|1|2|1|1|1|1
3412479|1|1|1|358.11619859|50|2|1|2|2|1|1|1
3412481|1|1|1|172.45242101|50|2|1|2|2|1|1|1
3412482|1|1|1|382.31204415|50|1|1|1|1|1|1|1
3412483|1|1|1|506.56507342|50|1|1|2|1|1|1|1
3412484|1|1|1|333.91915814|50|1|1|2|1|1|1|1
3412486|1|1|1|312.03209387|50|1|1|1|2|1|1|1
3412487|1|1|1|287.95743564|50|1|1|1|1|1|1|2
3412488|1|1|1|164.95448966|50|2|1|1|1|1|1|1
3412489|1|1|1|250.09577858|50|2|1|1|1|1|1|1
3412490|1|1|1|498.13103909|50|2|1|1|1|1|1|1
3412491|1|1|1|424.37985544|50|2|1|1|1|1|1|1
3412494|1|1|1|589.12565427|50|1|1|1|1|1|1|1
3412495|1|1|1|267.90387199|50|1|1|1|1|1|1|1
3412496|1|1|1|611.71099569|50|1|1|2|1|1|1|1
3412497|1|1|1|311.45231466|50|1|2||2|1|1|1
3412498|1|1|1|227.4372509|50|1|1|1|2|1|1|1
3412499|1|1|1|440.3861361|50|1|1|1|1|1|1|1
3412500|1|1|1|227.4372509|50|1|1|2|1|1|1|1
3412502|1|1|1|812.27931119|50|2|1|2|1|1|1|1
3412503|1|1|1|611.71099569|50|2|1|2|1|1|1|1
3412504|1|1|1|440.3861361|50|2|1|2|1|1|1|1
3412505|1|1|1|331.8104568|50|4|1|3|1|1|1|1
3412506|1|1|1|615.9040931|50|3|1|2|1|1|1|1
3412507|1|1|1|301.04640999|50|1|1|3|1|1|1|1
3412509|1|1|1|172.45242101|50|2|1|3|1|1|1|1
3412510|1|1|1|301.04640999|50|1|1|2|1|1|1|1
3412511|1|1|1|199.5113746|50|2|1|3|1|1|1|1
3412512|1|1|1|268.17366183|50|2|1|2|1|1|1|1
3412513|1|1|1|305.38893856|50|2|1|3|2|1|1|1
3412515|1|1|1|301.04640999|50|1|1|3|1|1|1|1
3412516|1|1|1|446.50528579|50|2|1|3|1|1|1|1
3412517|1|1|1|327.78727686|50|2|1|3|1|1|1|1
3412518|1|1|1|134.62194921|50|2|1|3|1|1|1|1
3412519|1|1|1|258.61327958|50|2|1|3|1|1|1|1
3412520|1|1|1|243.35867933|50|2|1|3|1|1|1|1
3412522|1|1|1|256.54389721|50|1|1|2|1|1|1|1
3412523|1|1|1|265.90561043|50|1|1|2|1|1|1|1
3412526|1|1|1|720.94452026|50|1|1|2|1|1|1|1
3412527|1|1|1|446.52953037|50|2|1|2|1|1|1|1
3412528|1|1|1|291.04275988|50|1|1|2|1|1|1|1
3412529|1|1|1|489.99006901|50|2|1|2|1|1|1|1
3412530|1|1|1|475.4443071|50|2|1|2|1|1|1|1
3412531|1|1|1|457.87318122|50|2|1|2|1|1|1|1
3412533|1|1|1|410.30635077|50|2|1|2|1|1|1|1
3412534|1|1|1|253.05518301|50|2|1|2|1|1|1|1
3412535|1|1|1|145.2380628|52|1|1|3|2|1|1|1
3412536|1|1|1|134.62013446|52|1|1|3|2|1|1|1
3412537|1|1|1|148.13288787|52|1|1|3|1|1|1|1
3412538|1|1|1|276.82129217|52|1|1|3|1|1|1|1
3412539|1|1|1|356.97702652|52|2|1|3|2|1|1|1
3412540|1|1|1|198.42493016|52|2|1|3|2|1|1|1
3412541|1|1|1|307.58726001|52|2|1|2|2|1|1|1
3412542|1|1|1|337.62044881|52|2|1|2|2|1|1|1
3412543|1|1|1|408.32277573|52|4|1|1|1|1|1|1
3412544|1|1|1|225.78570491|52|2|1|1|2|1|1|1
3412545|1|1|1|315.11241888|52|2|1|1|2|1|1|1
3412546|1|1|1|295.13497088|52|2|1|1|1|1|1|1
3412547|1|1|1|273.91556614|52|2|1|1|1|1|1|1
3412548|1|1|1|238.69352235|52|2|1|1|1|1|1|1
3412549|1|1|1|194.80526468|52|2|1|2|2|1|1|1
3412550|1|1|1|142.94958489|52|2|1|2|1|1|1|1
3412551|1|1|1|306.41119217|52|2|1|2|1|1|1|1
3412552|1|1|1|132.09519593|52|1|1|2|2|1|1|1
3412553|1|1|1|265.59475306|52|2|1|3|1|1|1|1
3412554|1|1|1|179.20814106|52|1|1|3|1|1|1|1
3412555|1|1|1|339.91533314|52|2|1|1|2|2|1|1
3412556|1|1|1|323.42809585|52|1|1|1|2|2|1|1
3412557|1|1|1|387.74334488|52|2|1|1|2|2|1|1
3412558|1|1|1|418.74509088|52|2|1|1|2|1|1|1
3412559|1|1|1|363.03237915|52|2|1|1|2|2|1|1
3412560|1|1|1|247.98006281|52|2|1|3|2|1|1|1
3412561|1|1|1|279.82343317|52|1|1|3|2|1|1|1
3412562|1|1|1|240.65080458|52|1|1|3|2|1|1|1
3412563|1|1|1|277.96832125|52|1|1|3|2|1|1|1
3412564|1|1|1|295.13497088|52|1|1|3|1|1|1|1
3412565|1|1|1|244.70355969|52|1|1|3|2|1|1|1
3412566|1|1|1|420.07243747|52|1|1|3|1|1|1|1
3412567|1|1|1|201.19597038|52|2|1|2|2|1|1|1
3412568|1|1|1|223.30042944|52|1|1|2|2|1|1|1
3412569|1|1|1|227.06370204|52|2|1|2|2|1|1|1
3412570|1|1|1|235.68691818|52|1|1|2|1|1|1|1
3412571|1|1|1|227.22473399|52|4|1|2|2|1|1|1
3412572|1|1|1|170.48218652|52|2|1|2|2|1|1|1
3412573|1|1|1|266.57562535|52|2|1|2|1|1|1|1
3412574|1|1|1|241.24258127|52|1|1|1|1|1|1|1
3412575|1|1|1|232.42186347|52|1|1|1|1|1|1|1
3412576|1|1|1|220.4098548|52|2|1|1|1|1|1|1
3412577|1|1|1|259.26924776|52|2|1|2|2|1|1|1
3412578|1|1|1|187.76421515|52|2|1|1|1|1|1|1
3412579|1|1|1|293.10120002|52|2|1|1|2|1|1|1
3412580|1|1|1|187.89737619|52|2|1|1|2|1|1|1
3412582|1|1|1|264.90956788|52|2|1|1|1|1|1|1
3412583|1|1|1|116.33993198|52|2|1|1|2|1|1|1
3412584|1|1|1|194.89495157|52|2|1|1|2|1|1|1
3412585|1|1|1|476.86564454|54|1|1|2|1|1|1|1
3412586|1|1|1|495.38785484|54|1|1|2|1|1|1|1
3412587|1|1|1|519.82240476|54|2|1|2|1|1|1|1
3412588|1|1|1|918.87345832|54|2|1|2|1|1|1|1
3412589|1|1|1|665.7286193|54|1|1|2|1|1|1|1
3412590|1|1|1|379.55284869|54|1|1|2|1|1|1|1
3412591|1|1|1|255.39371555|54|1|1|2|1|1|1|1
3412592|1|1|1|463.59816408|54|2|1|2|1|1|1|1
3412593|1|1|1|382.37335469|54|1|1|2|1|1|1|1
3412594|1|1|1|342.2492318|54|1|1|2|1|1|1|1
3412595|1|1|1|411.21362737|54|1|1|2|1|1|1|1
3412596|1|1|1|366.91775326|54|2|1|1|2|1|1|1
3412597|1|1|1|441.32962902|54|2|1|1|2|1|1|1
3412598|1|1|1|497.69399812|54|1|1|1|1|1|1|1
3412599|1|1|1|521.54793459|54|2|1|1|2|1|1|1
3412600|1|1|1|1096.9849114|54|1|1|1|1|1|1|1
3412601|1|1|1|454.6424428|54|1|1|1|1|1|1|1
3412602|1|1|1|748.02175699|54|1|1|1|1|1|1|1
3412603|1|1|1|454.6424428|54|1|1|1|1|1|1|1
3412604|1|1|1|535.79072766|54|2|1|1|1|1|1|1
3412605|1|1|1|733.07060044|54|2|1|1|1|1|1|1
3412606|1|1|1|714.86808674|54|2|1|1|1|1|1|1
3412607|1|1|1|503.34542089|54|2|1|1|1|1|1|1
3412608|1|1|1|553.99324137|54|1|1|1|1|1|1|1
3412609|1|1|1|455.00311617|54|1|1|2|1|1|1|1
3412610|1|1|1|467.38751311|54|1|1|2|1|1|1|1
3412611|1|1|1|474.44106086|54|1|1|2|1|1|1|1
3412612|1|1|1|474.44106086|54|2|1|2|1|1|1|1
3412613|1|1|1|424.29878868|54|1|1|2|1|1|1|1
3412614|1|1|1|794.29787415|54|2|1|2|1|1|1|1
3412615|1|1|1|678.17512273|54|1|1|2|1|1|1|1
3412616|1|1|1|899.43427852|54|1|1|1|2|1|1|1
3412617|1|1|1|977.39758023|54|1|1|1|2|1|1|1
3412618|1|1|1|1692.5502115|54|1|1|1|2|1|1|1
3412619|1|1|1|858.64691389|54|1|1|1|2|1|1|1
3412620|1|1|1|465.57506999|54|1|1|1|2|1|1|1
3412621|1|1|1|869.24655766|54|1|1|1|2|1|1|1
3412622|1|1|1|1088.0871581|54|1|1|1|2|1|1|1
3412623|1|1|1|977.39758023|54|1|1|1|2|1|1|1
3412624|1|1|1|1116.3638828|54|2|1|1|2|1|1|1
3412625|1|1|1|681.47387042|54|2|1|1|2|1|1|1
3412626|1|1|1|440.01490753|54|1|1|4|1|1|1|1
3412627|1|1|1|484.85307839|54|1|1|4|1|1|1|1
3412628|1|1|1|350.80111832|54|1|1|4|1|1|1|1
3412629|1|1|1|484.85307839|54|1|1|4|1|1|1|1
3412630|1|1|1|857.46067886|54|1|1|1|1|1|1|1
3412631|1|1|1|1064.2669016|54|2|1|1|1|1|1|1
3412632|1|1|1|1036.4706407|54|1|1|1|1|1|1|1
3412633|1|1|1|1064.2669016|54|2|1|1|1|1|1|1
3412634|1|1|1|799.75994653|54|1|1|1|1|1|1|1
3412635|1|1|1|818.57672458|54|1|1|1|2|1|1|1
3412636|1|1|1|828.6817183|54|2|1|1|1|1|1|1
3412637|1|1|1|1164.7677318|54|2|1|1|2|1|1|1
3412638|1|1|1|772.80280234|54|1|1|1|1|1|1|1
3412639|1|1|1|550.96510308|54|1|1|2|1|1|1|1
3412640|1|1|1|550.96510308|54|3|1|1|2|1|1|1
3412641|1|1|1|1191.6920343|54|3|1|1|2|1|1|1
3412642|1|1|1|716.33349146|54|1|1|2|1|1|1|1
3412643|1|1|1|460.04294236|54|2|1|2|1|1|1|1
3412644|1|1|1|411.76860701|54|1|1|2|1|1|1|1
3412645|1|1|1|532.25608132|54|2|1|2|1|1|1|1
3412646|1|1|1|437.27906685|54|3|1|2|1|1|1|1
3412647|1|1|1|547.58408017|54|1|1|2|1|1|1|1
3412648|1|1|1|716.33349146|54|3|1|2|2|1|1|1
3412649|1|1|1|684.17830616|54|1|1|1|1|1|1|1
3412650|1|1|1|494.47472527|54|2|1|1|2|1|1|1
3412651|1|1|1|608.47259036|54|1|1|1|2|1|1|1
3412652|1|1|1|498.1631139|54|1|1|1|2|1|1|1
3412653|1|1|1|1300.0276738|54|1|1|1|1|1|1|1
3412654|1|1|1|793.91408005|54|1|1|1|1|1|1|1
3412655|1|1|1|1112.4333909|54|1|1|1|2|1|1|1
3412656|1|1|1|630.14633234|54|2|1|2|1|1|1|1
3412657|1|1|1|870.94474081|54|1|1|1|1|1|1|1
3412658|1|1|1|829.97368341|54|1|1|1|1|1|1|1
3412659|1|1|1|630.14633234|54|2|1|1|1|1|1|1
3412660|1|1|1|1138.5751965|54|1|1|1|1|1|1|1
3412661|1|1|1|920.3450313|54|2|1|2|1|1|1|1
3412662|1|1|1|1253.1413567|54|1|1|2|1|1|1|1
3412663|1|1|1|1179.7495665|54|1|1|1|1|1|1|1
3412664|1|1|1|1179.7495665|54|1|1|1|1|1|1|1
3412665|1|1|1|163.21861327|63|1|1|3|1|1|1|1
3412666|1|1|1|294.70232004|63|2|1|3|1|1|1|1
3412667|1|1|1|207.20154552|63|1|1|3|1|1|1|1
3412669|1|1|1|165.01195237|63|1|1|3|1|1|1|1
3412670|1|1|1|246.61795797|63|2|1|3|1|1|1|1
3412671|1|1|1|229.76327964|63|2|1|2|1|1|1|1
3412672|1|1|1|215.24197839|63|1|1|2|1|1|1|1
3412673|1|1|1|308.09440039|63|2|1|3|1|1|1|1
3412674|1|1|1|291.02974485|63|2|1|3|1|1|1|1
3412675|1|1|1|202.71002048|63|1|1|2|1|1|1|1
3412676|1|1|1|263.14721757|63|2|1|2|1|1|1|1
3412677|1|1|1|330.2798608|63|1|1|2|1|1|1|1
3412678|1|1|1|303.42185162|63|1|1|2|1|1|1|1
3412679|1|1|1|286.60764716|63|1|1|2|1|1|1|1
3412680|1|1|1|346.2781669|63|1|1|2|1|1|1|1
3412682|1|1|1|341.859293|63|2|1|2|1|1|1|1
3412683|1|1|1|382.38460285|63|1|1|2|1|1|1|1
3412684|1|1|1|310.16976036|63|1|1|2|1|1|1|1
3412685|1|1|1|288.32363673|63|1|1|3|1|1|1|1
3412686|1|1|1|159.93791239|63|2|1|2|1|1|1|1
3412687|1|1|1|265.75581552|63|2|1|2|1|1|1|1
3412688|1|1|1|250.40353781|63|2|1|2|1|1|1|1
3412690|1|1|1|159.74140965|63|1|1|3|1|1|1|1
3412691|1|1|1|235.99477348|63|1|1|3|1|1|1|1
3412692|1|1|1|255.32219551|63|1|1|1|1|1|1|1
3412693|1|1|1|182.5057336|63|1|1|3|1|1|1|1
3412694|1|1|1|187.4243913|63|2|1|2|1|1|1|1
3412695|1|1|1|203.54549213|63|1|1|1|2|1|1|1
3412696|1|1|1|147.77848029|63|1|1|1|2|1|1|1
3412697|1|1|1|144.98363599|63|1|1|1|2|1|1|1
3412698|1|1|1|142.01930809|63|1|1|1|2|1|1|1
3412699|1|1|1|323.84725826|63|1|1|1|2|1|1|1
3412700|1|1|1|196.50830557|63|2|1|1|2|1|1|1
3412701|1|1|1|226.19679754|63|1|1|1|2|1|1|1
3412702|1|1|1|232.00923518|63|2|1|1|2|1|1|1
3412703|1|1|1|142.1887917|63|2|1|1|2|1|1|1
3412704|1|1|1|125.98312427|63|1|1|1|2|1|1|1
3412705|1|1|1|325.91700735|63|1|1|2|1|1|1|1
3412706|1|1|1|282.06828512|63|2|1|2|1|1|1|1
3412707|1|1|1|250.14394847|63|1|1|1|1|1|1|1
3412708|1|1|1|230.68885595|63|1|1|1|1|1|1|1
3412709|1|1|1|183.37851193|63|2|1|2|1|1|1|1
3412710|1|1|1|282.06828512|63|1|1|1|1|1|1|1
3412711|1|1|1|257.4488438|63|2|1|2|1|1|1|1
3412712|1|1|1|293.45041604|63|1|1|1|2|1|1|1
3412714|1|1|1|223.0620604|63|1|1|1|1|1|1|1
3412715|1|1|1|314.68187175|63|1|1|1|1|1|1|1
3412716|1|1|1|296.56145492|63|1|1|4|1|1|1|1
3412717|1|1|1|257.55792461|63|1|1|4|1|1|1|1
3412718|1|1|1|280.77054071|63|1|1|4|1|1|1|1
3412719|1|1|1|257.55792461|63|1|1|4|1|1|1|1
3412720|1|1|1|119.70224964|63|1|1|4|1|1|1|1
3412722|1|1|1|260.89090662|63|1|1|4|1|1|1|1
3412723|1|1|1|296.56145492|63|1|1|4|1|1|1|1
3412725|1|1|1|228.92834367|63|2|1|1|1|1|1|1
3412726|1|1|1|222.80404924|63|2|1|1|1|1|1|1
3412727|1|1|1|228.6467825|63|2|1|1|1|1|1|1
3412728|1|1|1|228.6467825|63|2|1|1|1|1|1|1
3412729|1|1|1|217.02386619|63|1|1|1|1|1|1|1
3412730|1|1|1|234.53683388|63|1|1|1|1|1|1|1
3412731|1|1|1|221.71158415|63|1|1|1|1|1|1|1
3412732|1|1|1|217.02386619|63|1|1|1|1|1|1|1
3412733|1|1|1|131.76636649|63|1|1|1|1|1|1|1
3412734|1|1|1|228.76131634|63|1|1|1|1|1|1|1
3412735|1|1|1|112.07685954|63|1|1|1|1|1|1|1
3412736|1|1|1|214.69147524|63|2|1|4|1|1|1|1
3412737|1|1|1|221.5975341|63|2|1|4|1|1|1|1
3412738|1|1|1|224.77698975|63|2|1|3|1|1|1|1
3412739|1|1|1|227.68608173|63|2|1|4|1|1|1|1
3412741|1|1|1|233.43733239|63|2|1|4|1|1|1|1
3412742|1|1|1|126.54470462|63|2|1|4|1|1|1|1
3412743|1|1|1|170.49581845|63|2|1|4|1|1|1|1
3412744|1|1|1|173.2385849|63|2|1|4|1|1|1|1
3412745|1|1|1|231.65235266|63|1|1|2|1|1|1|1
3412746|1|1|1|279.02108499|63|1|1|3|1|1|1|1
3412747|1|1|1|319.77395541|63|1|1|3|1|1|1|1
3412748|1|1|1|216.43488817|63|2|1|3|1|1|1|1
3412749|1|1|1|261.22322588|63|1|1|3|1|1|1|1
3412750|1|1|1|202.81969026|63|2|1|3|1|1|1|1
3412751|1|1|1|314.88117262|63|1|1|3|1|1|1|1
3412752|1|1|1|218.96940137|63|1|1|3|1|1|1|1
3412753|1|1|1|253.87408421|63|1|1|3|1|1|1|1
3412754|1|1|1|336.88077914|63|2|1|2|1|1|1|1
3412755|1|1|1|290.64711872|63|2|1|3|1|1|1|1
3412756|1|1|1|284.501875|63|2|1|3|1|1|1|1
3412757|1|1|1|393.02579438|63|2|1|1|1|1|1|1
3412758|1|1|1|207.53957336|63|2|1|1|1|1|1|1
3412760|1|1|1|341.68604853|63|1|1|1|1|1|1|1
3412761|1|1|1|205.63445878|63|1|1|1|1|1|1|1
3412762|1|1|1|249.30667242|63|1|1|1|2|1|1|1
3412763|1|1|1|211.95844725|63|2|1|1|1|1|1|1
3412764|1|1|1|341.68604853|63|1|1|1|2|1|1|1
3412765|1|1|1|345.85227604|63|2|1|1|1|1|1|1
3412766|1|1|1|625.72132334|66|1|1|3|1|1|1|1
3412767|1|1|1|1275.3037706|66|2|1|2|1|1|1|1
3412768|1|1|1|766.77389396|66|2|1|2|1|1|1|1
3412769|1|1|1|385.55551155|66|2|1|2|1|1|1|1
3412770|1|1|1|766.77389396|66|2|1|2|1|1|1|1
3412771|1|1|1|575.54470817|66|2|1|5|2|1|1|1
3412772|1|1|1|583.85406198|66|2|1|6|2|1|1|1
3412773|1|1|1|575.54470817|66|2|1|6|2|1|1|1
3412774|1|1|1|575.54470817|66|2|1|6|1|1|1|1
3412775|1|1|1|583.85406198|66|2|1|6|2|1|1|1
3412776|1|1|1|1090.6785385|66|2|1|6|2|1|1|1
3412778|1|1|1|627.3604587|66|2|1|6|1|1|1|1
3412779|1|1|1|679.64049692|66|2|1|2|1|1|1|1
3412780|1|1|1|367.51133917|66|2|1|1|1|1|1|1
3412781|1|1|1|575.19889388|66|2|1|1|1|1|1|1
3412782|1|1|1|1181.5684167|66|2|1|1|1|1|1|1
3412783|1|1|1|679.64049692|66|2|1|1|2|1|1|1
3412784|1|1|1|1012.0345709|66|2|1|1|1|1|1|1
3412785|1|1|1|344.98250993|66|2|1|1|1|1|1|1
3412786|1|1|1|564.53230495|66|1|1|1|1|1|1|1
3412787|1|1|1|425.78459579|66|2|1|2|1|1|1|1
3412788|1|1|1|424.69910945|66|2|1|2|1|1|1|1
3412789|1|1|1|334.07937914|66|2|1|2|1|1|1|1
3412790|1|1|1|1076.5346216|66|2|1|2|1|1|1|1
3412791|1|1|1|252.71819794|66|2|1|4|1|1|1|1
3412792|1|1|1|314.36902311|66|2|1|4|1|1|1|1
3412793|1|1|1|444.40946548|66|2|1|4|1|1|1|1
3412794|1|1|1|1088.0222408|66|2|1|4|1|1|1|1
3412795|1|1|1|670.86685541|66|2|1|4|1|1|1|1
3412796|1|1|1|583.85406198|66|2|1|5|1|1|1|1
3412797|1|1|1|575.54470817|66|2|1|5|1|1|1|1
3412798|1|1|1|424.69910945|66|2|1|5|1|1|1|1
3412800|1|1|1|1040.7256588|68|2|1|3|1|1|1|1
3412801|1|1|1|981.52734884|68|2|1|3|1|1|1|1
3412804|1|1|1|1199.0927897|68|1|1|3|1|1|1|1
3412805|1|1|1|816.714249|68|2|1|3|1|1|1|1
3412806|1|1|1|675.52565075|68|3|1|2|1|1|1|1
3412808|1|1|1|1079.9030348|68|2|1|2|1|1|1|1
3412809|1|1|1|843.57521813|68|2|1|3|1|1|1|1
3412810|1|1|1|738.07124212|68|2|1|2|1|1|1|1
3412811|1|1|1|869.99355728|68|2|1|2|1|1|1|1
3412812|1|1|1|896.3242|68|2|1|3|1|1|1|1
3412813|1|1|1|884.56776505|68|1|1|2|1|1|1|1
3412814|1|1|1|828.65408152|68|2|1|2|1|1|1|1
3412815|1|1|1|817.71301765|68|2|1|3|1|1|1|1
3412816|1|1|1|773.91569775|68|1|1|3|1|1|1|1
3412817|1|1|1|677.70021424|68|1|1|3|1|1|1|1
3412818|1|1|1|636.45949038|68|1|1|3|1|1|1|1
3412819|1|1|1|711.28252986|68|1|1|3|1|1|1|1
3412820|1|1|1|770.74239097|68|1|1|3|1|1|1|1
3412821|1|1|1|656.8587958|68|2|1|3|1|1|1|1
3412822|1|1|1|879.92099133|68|1|1|3|1|1|1|1
3412823|1|1|1|711.28252986|68|2|1|3|1|1|1|1
3412824|1|1|1|1048.5594528|68|1|1|3|1|1|1|1
3412825|1|1|1|1062.6759178|68|1|1|2|1|1|1|1
3412826|1|1|1|961.61492249|68|2|1|2|1|1|1|1
3412827|1|1|1|1001.3120702|68|2|1|2|1|1|1|1
3412828|1|1|1|900.25107487|68|2|1|2|1|1|1|1
3412829|1|1|1|1039.9495304|68|2|1|2|1|1|1|1
3412830|1|1|1|843.15401858|68|1|1|2|1|1|1|1
3412831|1|1|1|914.18023394|68|2|1|3|1|1|1|1
3412832|1|1|1|482.63411204|68|2|1|2|1|1|1|1
3412833|1|1|1|1299.9288941|68|2|1|3|1|1|1|1
3412834|1|1|1|1226.1875877|68|2|1|3|1|1|1|1
3412835|1|1|1|731.96347523|68|2|1|2|1|1|1|1
3412836|1|1|1|508.12260412|68|2|1|3|1|1|1|1
3412837|1|1|1|972.42512611|68|2|1|2|1|1|1|1
3412838|1|1|1|969.31667505|68|2|1|3|1|1|1|1
3412839|1|1|1|840.04556752|68|2|1|2|1|1|1|1
3412840|1|1|1|2377.579096|68|2|1|3|1|1|1|1
3412841|1|1|1|1967.6012261|68|1|1|3|1|1|1|1
3412842|1|1|1|1525.15064|68|2|1|3|1|1|1|1
3412843|1|1|1|1347.2131146|68|2|1|3|1|1|1|1
3412844|1|1|1|1390.767899|68|2|1|3|1|1|1|1
3412845|1|1|1|1716.3651397|68|1|1|3|1|1|1|1
3412846|1|1|1|1322.1027201|68|1|1|3|1|1|1|1
3412847|1|1|1|1595.2609547|68|1|1|3|1|1|1|1
3412848|1|1|1|194.61763981|70|1|1|1|1|1|1|1
3412849|1|1|1|87.124186921|70|1|1|1|1|1|1|1
3412851|1|1|1|87.124186921|70|1|1|1|1|1|1|1
3412852|1|1|1|87.124186921|70|1|1|1|1|1|1|1
3412853|1|1|1|157.44313446|70|1|1|1|1|1|1|1
3412854|1|1|1|206.2254203|70|1|1|1|1|1|1|1
3412855|1|1|1|170.74993334|70|2|1|1|1|1|1|1
3412856|1|1|1|185.46716791|70|1|1|1|1|1|1|1
3412857|1|1|1|62.085564287|70|1|1|2|1|1|1|1
3412858|1|1|1|181.35013784|70|1|1|2|1|1|1|1
3412859|1|1|1|172.92312341|70|2|1|2|1|1|1|1
3412860|1|1|1|109.6939821|70|1|1|2|1|1|1|1
3412861|1|1|1|95.17864007|70|1|1|2|1|1|1|1
3412862|1|1|1|145.51778909|70|1|1|2|1|1|1|1
3412863|1|1|1|139.00561333|70|1|1|2|1|1|1|1
3412864|1|1|1|145.51778909|70|1|1|2|1|1|1|1
3412865|1|1|1|112.19554743|70|1|1|2|1|1|1|1
3412866|1|1|1|153.86589103|70|1|1|1|1|1|1|1
3412867|1|1|1|308.79129181|70|1|1|1|1|1|1|1
3412868|1|1|1|110.86707908|70|1|1|1|1|1|1|1
3412869|1|1|1|200.34919184|70|1|1|1|1|1|1|1
3412870|1|1|1|248.22430952|70|1|1|1|1|1|1|1
3412871|1|1|1|110.86707908|70|1|1|1|1|1|1|1
3412872|1|1|1|378.90696013|70|1|1|1|1|1|1|1
3412873|1|1|1|131.07069578|70|1|1|1|1|1|1|1
3412874|1|1|1|167.13690259|70|1|1|1|1|1|1|1
3412875|1|1|1|110.86707908|70|1|1|1|1|1|1|1
3412876|1|1|1|259.85319481|70|1|1|1|1|1|1|1
3412877|1|1|1|154.91361722|70|1|1|1|1|1|1|1
3412878|1|1|1|110.86707908|70|1|1|1|1|1|1|1
3412879|1|1|1|110.86707908|70|1|1|1|1|1|1|1
3412880|1|1|1|189.58922496|70|2|1|3|1|1|1|1
3412881|1|1|1|93.12834643|70|2|1|3|1|1|1|1
3412882|1|1|1|93.12834643|70|2|1|3|1|1|1|1
3412883|1|1|1|218.27668364|70|1|1|3|1|1|1|1
3412884|1|1|1|218.28949627|70|2|1|3|1|1|1|1
3412885|1|1|1|218.27668364|70|1|1|3|1|1|1|1
3412886|1|1|1|168.29332115|70|1|1|3|1|1|1|1
3412887|1|1|1|218.27668364|70|1|1|3|1|1|1|1
3412888|1|1|1|300.46755396|70|1|1|1|1|1|1|1
3412889|1|1|1|103.47594048|70|2|1|1|1|1|1|1
3412890|1|1|1|186.99257905|70|1|1|1|1|1|1|1
3412891|1|1|1|133.72681282|70|1|1|1|1|1|1|1
3412892|1|1|1|393.37930295|70|1|1|1|1|1|1|1
3412893|1|1|1|337.82799726|70|1|1|1|1|1|1|1
3412894|1|1|1|222.57034658|70|1|1|1|1|1|1|1
3412895|1|1|1|132.31809082|70|1|1|1|1|1|1|1
3412896|1|1|1|332.88864886|70|2|1|1|1|1|1|1
3412897|1|1|1|103.47594048|70|2|1|1|1|1|1|1
3412898|1|1|1|145.1265799|70|2|1|1|1|1|1|1
3412899|1|1|1|357.80153542|70|2|1|1|1|1|1|1
3412900|1|1|1|166.21562582|70|1|1|2|1|1|1|1
3412901|1|1|1|160.94321477|70|1|1|2|1|1|1|1
3412902|1|1|1|91.978613758|70|2|1|2|1|1|1|1
3412903|1|1|1|177.1281454|70|2|1|2|1|1|1|1
3412904|1|1|1|177.11549096|70|2|1|2|1|1|1|1
3412905|1|1|1|141.0053927|70|2|1|2|1|1|1|1
3412906|1|1|1|295.90102121|70|2|1|2|1|1|1|1
3412907|1|1|1|345.2799596|70|1|1|2|1|1|1|1
3412909|1|1|1|110.31577962|70|1|1|2|1|1|1|1
3412910|1|1|1|223.61234634|70|1|1|1|1|1|1|1
3412911|1|1|1|216.38243581|70|1|1|1|1|1|1|1
3412912|1|1|1|218.27668364|70|1|1|1|1|1|1|1
3412913|1|1|1|228.536474|70|1|1|1|1|1|1|1
3412914|1|1|1|204.85479563|70|1|1|1|1|1|1|1
3412915|1|1|1|256.11105122|70|2|1|1|1|1|1|1
3412916|1|1|1|140.39499818|70|2|1|1|1|1|1|1
3412917|1|1|1|180.13138293|70|2|1|1|1|1|1|1
3412918|1|1|1|229.33842234|70|1|1|1|1|1|1|1
3412919|1|1|1|259.38468512|70|2|1|1|1|1|1|1
3412920|1|1|1|140.39499818|70|1|1|1|1|1|1|1
3412921|1|1|1|229.33842234|70|1|1|1|1|1|1|1
3412927|1|1|1|685.50257665|73|2|1|2|1|1|1|1
3412928|1|1|1|309.2184184|73|2|1|2|1|1|1|1
3412929|1|1|1|785.25848389|73|2|1|2|1|1|1|1
3412930|1|1|1|220.85340727|73|2|1|2|2|1|1|1
3412931|1|1|1|434.15488527|73|2|1|2|1|1|1|1
3412932|1|1|1|261.98874967|73|2|1|2|1|1|1|1
3412933|1|1|1|316.77034767|73|1|1|2|1|1|1|1
3412934|1|1|1|883.41362907|73|2|1|2|2|1|1|1
3412935|1|1|1|316.77034767|73|2|1|2|1|1|1|1
3412936|1|1|1|679.99985042|73|2|1|2|2|1|1|1
3412937|1|1|1|202.44895666|73|1|1|3|1|1|1|1
3412938|1|1|1|202.44895666|73|1|1|3|1|1|1|1
3412939|1|1|1|202.44895666|73|1|1|3|1|1|1|1
3412940|1|1|1|283.45021687|73|1|1|3|2|1|1|1
3412941|1|1|1|202.44895666|73|1|1|3|1|1|1|1
3412942|1|1|1|202.44895666|73|1|1|3|1|1|1|1
3412943|1|1|1|253.7896112|73|1|1|3|1|1|1|1
3412944|1|1|1|715.69276991|73|1|1|3|1|1|1|1
3412945|1|1|1|809.79582665|73|1|1|3|1|1|1|1
3412946|1|1|1|407.30882179|73|2|1|3|1|1|1|1
3412947|1|1|1|985.38459782|73|2|1|3|2|1|1|1
3412948|1|1|1|645.79183002|73|1|1|2|1|1|1|1
3412949|1|1|1|276.06675909|73|1|1|3|1|1|1|1
3412950|1|1|1|276.06675909|73|1|1|3|1|1|1|1
3412951|1|1|1|395.96293459|73|2|1|3|1|1|1|1
3412952|1|1|1|693.82922944|73|2|1|3|1|1|1|1
3412953|1|1|1|395.96293459|73|2|1|3|1|1|1|1
3412954|1|1|1|981.57310487|73|1|1|3|1|1|1|1
3412955|1|1|1|395.96293459|73|1|1|3|1|1|1|1
3412956|1|1|1|492.66149779|73|2|1|3|1|1|1|1
3412957|1|1|1|537.40973241|73|2|1|3|1|1|1|1
3412958|1|1|1|462.30553286|73|2|1|3|1|1|1|1
3412959|1|1|1|232.07827555|73|2|1|3|1|1|1|1
3412960|1|1|1|289.00929779|73|2|1|3|1|1|1|1
3412961|1|1|1|587.6908041|73|2|1|3|1|1|1|1
3412962|1|1|1|161.80579491|73|2|1|3|1|1|1|1
3412963|1|1|1|417.55729823|73|2|1|3|1|1|1|1
3412964|1|1|1|762.47547599|73|1|1|3|1|1|1|1
3412965|1|1|1|476.65988451|73|1|1|3|1|1|1|1
3412966|1|1|1|269.8633234|73|1|1|3|1|1|1|1
3412967|1|1|1|305.60204822|73|1|1|3|1|1|1|1
3412968|1|1|1|812.54123806|73|1|1|3|1|1|1|1
3412969|1|1|1|266.86453378|73|1|1|3|1|1|1|1
3412970|1|1|1|373.63892224|73|1|1|3|1|1|1|1
3412971|1|1|1|266.86453378|73|1|1|3|1|1|1|1
3412973|1|1|1|373.63892224|73|1|1|3|1|1|1|1
3412974|1|1|1|393.73186106|73|1|1|3|1|1|1|1
3412975|1|1|1|393.73186106|73|1|1|3|1|1|1|1
3412976|1|1|1|1635.3490317|76|1|1|2|1|1|1|1
3412977|1|1|1|1923.3137523|76|1|1|2|1|1|1|1
3412978|1|1|1|1750.3942489|76|1|1|2|1|1|1|1
3412979|1|1|1|1468.283496|76|1|1|2|1|1|1|1
3412980|1|1|1|1010.9577695|76|1|1|2|1|1|1|1
3412981|1|1|1|2627.540069|76|2|1|5|1|1|1|1
3412982|1|1|1|1858.3480774|76|2|1|5|1|1|1|1
3412983|1|1|1|3551.9020726|76|2|1|5|1|1|1|1
3412984|1|1|1|2627.540069|76|2|1|5|1|1|1|1
3412985|1|1|1|1702.3039857|76|2|1|5|1|1|1|1
3412986|1|1|1|1605.6217297|76|1|1|3|1|1|1|1
3412988|1|1|1|1328.4469726|76|1|1|3|1|1|1|1
3412989|1|1|1|1509.2447346|76|1|1|3|1|1|1|1
3412990|1|1|1|1444.1288433|76|1|1|3|1|1|1|1
3412991|1|1|1|2397.5370183|76|1|1|3|1|1|1|1
3412992|1|1|1|1432.9292648|76|1|1|3|1|1|1|1
3412994|1|1|1|999.49625205|76|2|1|3|1|1|1|1
3412995|1|1|1|1552.8853289|76|2|1|3|1|1|1|1
3412996|1|1|1|1735.768894|76|2|1|3|1|1|1|1
3412997|1|1|1|1472.8444444|76|2|1|3|1|1|1|1
3412999|1|1|1|1350.2402235|76|2|1|3|1|1|1|1
3413000|1|1|1|1735.768894|76|2|1|3|1|1|1|1
3413001|1|1|1|1999.1554021|76|2|1|3|1|1|1|1
3413002|1|1|1|1884.1087522|76|2|1|3|1|1|1|1
3413003|1|1|1|1747.1044802|76|2|1|3|1|1|1|1
3413004|1|1|1|1413.7262891|76|2|1|2|1|1|1|1
3413005|1|1|1|3191.2508479|76|2|1|2|1|1|1|1
3413006|1|1|1|1907.9249286|76|2|1|2|1|1|1|1
3413008|1|1|1|2366.6730029|76|2|1|2|1|1|1|1
3413009|1|1|1|2456.7322668|76|2|1|2|1|1|1|1
3413010|1|1|1|2121.0803009|76|2|1|1|1|1|1|1
3413011|1|1|1|1817.381881|76|2|1|2|1|1|1|1
3413012|1|1|1|1919.0573886|76|2|1|2|1|1|1|1
3413013|1|1|1|2219.6326422|76|2|1|4|1|1|1|1
3413014|1|1|1|1762.9577929|76|2|1|4|1|1|1|1
3413015|1|1|1|1631.2166457|76|2|1|2|1|1|1|1
3413016|1|1|1|1957.0364254|76|1|1|2|1|1|1|1
3413017|1|1|1|2200.3624807|76|2|1|2|1|1|1|1
3413019|1|1|1|2691.8127514|76|1|1|2|2|1|1|1
3413020|1|1|1|2306.3962828|76|2|1|2|1|1|1|1
3413021|1|1|1|1866.2844252|76|1|1|2|1|1|1|1
3413022|1|1|1|2203.6972412|76|3|1|2|2|1|1|1
3413023|1|1|1|3050.5088171|76|2|1|2|1|1|1|1
3413024|1|1|1|2480.5393352|76|3|1|2|1|1|1|1
3413025|1|1|1|2126.1468135|76|1|1|2|1|1|1|1
3413026|1|1|1|2750.8224117|76|2|1|2|1|1|1|1
3413027|1|1|1|1780.7976498|76|2|1|2|1|1|1|1
3413028|1|1|1|1858.3480774|76|3|1|2|1|1|1|1
3413029|1|1|1|2120.9127544|76|2|1|2|1|1|1|1
3413030|1|1|1|2680.0603308|76|1|1|2|1|1|1|1
3413031|1|1|1|3773.9184037|76|2|1|2|1|1|1|1
3413032|1|1|1|4036.8344529|76|2|1|2|1|1|1|1
3413034|1|1|1|1860.4045014|76|2|1|2|1|1|1|1
3413035|1|1|1|3348.2027962|76|2|1|2|1|1|1|1
3413036|1|1|1|2139.0684228|76|1|1|2|1|1|1|1
3413038|1|1|1|2213.3837466|76|1|1|2|1|1|1|1
3413039|1|1|1|43.938743756|88|1|1|1|2|2|1|2
3413040|1|1|1|21.700107027|88|2|1|1|2|2|1|2
3413041|1|1|1|77.047161722|88|2|1|1|2|2|1|2
3413042|1|1|1|55.152250746|88|2|1|1|2|2|1|2
3413043|1|1|1|21.700107027|88|2|1|1|2|2|1|2
3413044|1|1|1|27.297673334|88|2|1|1|2|2|1|2
3413045|1|1|1|44.334249805|88|2|1|1|2|2|1|2
3413046|1|1|1|76.450556494|88|2|1|1|2|2|1|2
3413047|1|1|1|28.737873206|88|2|1|1|2|2|1|2
3413048|1|1|1|21.700107027|88|2|1|1|2|2|1|2
3413049|1|1|1|63.937626811|88|2|1|2|2|1|1|1
3413050|1|1|1|37.833400941|88|2|1|2|2|1|1|1
3413051|1|1|1|65.757900081|88|2|1|2|2|1|1|1
3413053|1|1|1|16.43947502|88|2|1|2|2|1|1|1
3413054|1|1|1|36.499003733|88|1|1|2|2|1|1|1
3413055|1|1|1|30.374476238|88|2|1|2|2|1|1|1
3413056|1|1|1|26.249709411|88|2|1|2|2|1|1|1
3413057|1|1|1|52.767833016|88|2|1|1|2|1|1|1
3413058|1|1|1|16.43947502|88|2|1|1|2|1|1|1
3413059|1|1|1|92.010354697|88|1|1|3|2|2|1|2
3413060|1|1|1|56.989499829|88|1|1|3|2|2|1|2
3413061|1|1|1|23.837238779|88|2|1|3|2|2|1|2
3413062|1|1|1|46.146661734|88|1|1|3|2|2|1|2
3413063|1|1|1|65.293532104|88|1|1|3|2|2|1|2
3413064|1|1|1|23.837238779|88|1|1|3|2|2|1|2
3413065|1|1|1|52.331988694|88|1|1|3|2|2|1|2
3413067|1|1|1|46.773848277|88|1|1|3|2|2|1|2
3413068|1|1|1|28.458264731|88|1|1|3|2|2|1|2
3413069|1|1|1|44.042990544|88|1|1|3|2|2|1|2
3413070|1|1|1|19.16850814|88|2|1|3|2|1|1|1
3413071|1|1|1|58.451466739|88|2|1|3|2|1|1|1
3413072|1|1|1|38.076154868|88|2|1|3|2|1|2|1
3413073|1|1|1|36.081951573|88|2|1|3|2|1|1|1
3413074|1|1|1|29.854713673|88|1|1|3|2|1|1|1
3413075|1|1|1|38.076154868|88|2|1|3|2|2|1|2
3413076|1|1|1|40.411168519|88|2|1|3|2|2|2|2
3413077|1|1|1|27.232693104|88|1|1|3|2|1|1|2
3413078|1|1|1|60.496800636|88|1|1|3|2|1|1|2
3413079|1|1|1|27.528742519|88|1|1|3|2|1|1|2
3413081|1|1|1|45.561714356|88|2|1|3|2|1|1|2
3413083|1|1|1|31.020083334|88|1|1|3|2|2|1|2
3413084|1|1|1|65.314915603|88|1|1|1|2|2|1|2
3413085|1|1|1|55.424960691|88|1|1|1|2|2|1|2
3413086|1|1|1|32.081487597|88|1|1|2|2|2|1|2
3413087|1|1|1|24.659212531|88|1|1|2|2|2|1|2
3413088|1|1|1|36.942994133|88|2|1|2|2|2|1|2
3413090|1|1|1|24.659212531|88|2|1|2|2|2|1|2
3413091|1|1|1|41.815015133|88|2|1|2|2|2|1|2
3413092|1|1|1|42.463828798|88|2|1|2|2|2|1|2
3413093|1|1|1|50.379829324|88|1|1|2|2|2|1|2
3413094|1|1|1|2863.7404705|05|2|1|3|1|1|1|1
3413095|1|1|1|4069.0496379|05|2|1|3|1|1|1|1
3413096|1|1|1|3919.6122733|05|2|1|3|1|1|1|1
3413097|1|1|1|2917.2631634|05|2|1|3|1|1|1|1
3413098|1|1|1|3411.9812516|05|2|1|3|1|1|1|1
3413099|1|1|1|1789.55339|05|2|1|5|1|1|1|1
3413100|1|1|1|3838.5542957|05|2|1|5|1|1|1|1
3413102|1|1|1|1341.0275666|05|2|1|5|1|1|1|1
3413103|1|1|1|2158.3091219|05|2|1|2|1|1|1|1
3413104|1|1|1|2064.4305116|05|2|1|6|1|1|1|1
3413105|1|1|1|2535.485883|05|2|1|6|1|1|1|1
3413106|1|1|1|2212.6075027|05|2|1|6|1|1|1|1
3413107|1|1|1|2212.6075027|05|2|1|6|1|1|1|1
3413109|1|1|1|1925.1158197|05|2|1|6|1|1|1|1
3413110|1|1|1|2605.7434768|05|2|1|6|1|1|1|1
3413111|1|1|1|1232.8727749|05|2|1|5|1|1|1|1
3413112|1|1|1|1424.7000419|05|2|1|5|1|1|1|1
3413113|1|1|1|3598.4756267|05|2|1|5|1|1|1|1
3413116|1|1|1|3236.6652111|05|2|1|5|1|1|1|1
3413117|1|1|1|2895.3150911|05|2|1|5|1|1|1|1
3413118|1|1|1|2157.7201627|05|2|1|5|1|1|1|1
3413119|1|1|1|4923.133155|05|2|1|5|1|1|1|1
3413120|1|1|1|3356.5645081|05|2|1|5|1|1|1|1
3413125|1|1|1|1619.8154476|05|2|1|3|1|1|1|1
3413126|1|1|1|1529.107221|05|2|1|3|1|1|1|1
3413127|1|1|1|1284.6866397|08|2|1|4|1|1|1|1
3413128|1|1|1|1578.7140688|08|1|1|3|1|1|1|1
3413129|1|1|1|1822.6308528|08|1|1|3|1|1|1|1
3413130|1|1|1|1417.9731586|08|1|1|3|1|1|1|1
3413131|1|1|1|1272.541046|08|1|1|3|1|1|1|1
3413132|1|1|1|1585.3116059|08|2|1|1|1|1|1|1
3413133|1|1|1|2042.855457|08|2|1|1|1|1|1|1
3413134|1|1|1|1808.777488|08|2|1|1|1|1|1|1
3413135|1|1|1|786.47415267|08|2|1|1|1|1|1|1
3413136|1|1|1|1590.4431281|08|2|1|1|1|1|1|1
3413137|1|1|1|1053.7684846|08|2|1|1|2|1|1|1
3413138|1|1|1|1183.7518126|08|2|1|1|1|1|1|1
3413139|1|1|1|966.54047323|08|2|1|1|1|1|1|1
3413140|1|1|1|540.45863862|08|1|1|1|2|2|1|2
3413141|1|1|1|1000.0897514|08|1|1|1|2|2|2|2
3413142|1|1|1|741.80810349|08|2|1|1|1|1|1|1
3413143|1|1|1|1080.2371645|08|2|1|1|2|1|1|1
3413144|1|1|1|1102.0222467|08|2|1|1|1|2|1|1
3413145|1|1|1|885.35357312|08|1|1|1|1|2|1|1
3413146|1|1|1|1279.2716239|08|2|1|1|1|2|1|1
3413147|1|1|1|1213.9315664|08|1|1|1|1|2|1|1
3413148|1|1|1|1117.8570923|08|2|1|1|1|2|1|2
3413149|1|1|1|1216.9434224|08|2|1|1|1|1|1|1
3413150|1|1|1|1544.7197549|08|1|1|1|1|1|1|1
3413151|1|1|1|1411.3641733|08|2|1|2|1|1|1|1
3413152|1|1|1|1334.6234402|08|2|1|2|1|1|1|1
3413153|1|1|1|1694.3790331|08|1|1|2|1|1|1|1
3413154|1|1|1|1106.7972641|08|2|1|2|1|1|1|1
3413155|1|1|1|1354.6616771|08|1|1|1|1|1|1|1
3413156|1|1|1|672.04856803|08|2|1|1|1|1|1|1
3413157|1|1|1|1441.6076913|08|1|1|1|1|1|1|1
3413158|1|1|1|4512.830256|11|2|1|3|1|1|1|1
3413159|1|1|1|6134.6847749|11|2|1|3|1|1|1|1
3413160|1|1|1|14392.700068|11|2|1|1|1|1|1|1
3413161|1|1|1|10614.533437|11|2|1|2|1|1|1|1
3413162|1|1|1|10101.418776|11|2|1|2|1|1|1|1
3413163|1|1|1|4823.4548237|11|2|1|3|1|1|1|1
3413164|1|1|1|7333.3539368|11|2|1|3|1|1|1|1
3413165|1|1|1|6464.3021752|11|2|1|3|1|1|1|1
3413166|1|1|1|6837.9980031|11|2|1|3|1|1|1|1
3413167|1|1|1|5587.2686992|11|1|1|3|1|1|1|1
3413168|1|1|1|6467.2937485|11|1|1|3|1|1|1|1
3413169|1|1|1|6850.4854599|11|1|1|3|1|1|1|1
3413170|1|1|1|5706.9738334|11|1|1|3|1|1|1|1
3413171|1|1|1|3258.4247662|11|1|1|3|1|1|1|1
3413172|1|1|1|5183.9807611|11|1|1|3|1|1|1|1
3413173|1|1|1|5876.0848853|11|1|1|3|1|1|1|1
3413174|1|1|1|4176.5470182|11|1|1|3|1|1|1|1
3413175|1|1|1|5867.6137897|11|1|1|3|1|1|1|1
3413176|1|1|1|2942.6058819|11|1|1|3|1|1|1|1
3413177|1|1|1|5179.729307|11|2|1|3|1|1|1|1
3413178|1|1|1|5876.0848853|11|1|1|3|1|1|1|1
3413179|1|1|1|3335.2742465|11|2|1|3|1|1|1|1
3413180|1|1|1|5867.6137897|11|2|1|3|1|1|1|1
3413182|1|1|1|4054.5026362|11|2|1|4|1|1|1|1
3413183|1|1|1|4617.3586965|11|2|1|4|1|1|1|1
3413184|1|1|1|3517.6205642|11|2|1|4|1|1|1|1
3413185|1|1|1|4617.3586965|11|2|1|4|1|1|1|1
3413186|1|1|1|2973.1587569|11|2|1|4|1|1|1|1
3413187|1|1|1|6043.4901495|11|2|1|4|1|1|1|1
3413188|1|1|1|7580.397116|11|2|1|3|1|1|1|1
3413189|1|1|1|4625.6286903|11|2|1|3|1|1|1|1
3413190|1|1|1|5562.0593285|11|2|1|3|1|1|1|1
3413191|1|1|1|4608.7418824|11|2|1|3|1|1|1|1
3413192|1|1|1|3913.8847698|11|2|1|3|1|1|1|1
3413193|1|1|1|735.48094473|13|2|1|2|1|1|1|1
3413195|1|1|1|493.93268849|13|2|1|2|1|1|1|1
3413196|1|1|1|419.8055955|13|2|1|2|1|1|1|1
3413197|1|1|1|605.10163757|13|2|1|2|1|1|1|1
3413198|1|1|1|716.57100029|13|2|1|2|1|1|1|1
3413199|1|1|1|704.74098226|13|2|1|2|1|1|1|1
3413200|1|1|1|696.09906254|13|2|1|2|1|1|1|1
3413201|1|1|1|385.28930979|13|2|1|2|1|1|1|1
3413202|1|1|1|244.80586431|13|2|1|2|1|1|1|1
3413203|1|1|1|285.21321543|13|2|1|1|1|1|1|1
3413204|1|1|1|291.68895044|13|2|1|1|1|1|1|1
3413205|1|1|1|287.85873672|13|2|1|1|1|1|1|1
3413206|1|1|1|287.85873672|13|1|1|1|1|1|1|1
3413207|1|1|1|291.00662005|13|2|1|1|1|1|1|1
3413208|1|1|1|331.04424754|13|2|1|2|1|1|1|1
3413209|1|1|1|354.70697983|13|2|1|2|1|1|1|1
3413210|1|1|1|436.17628121|13|2|1|2|1|1|1|1
3413212|1|1|1|455.98194016|13|2|1|2|1|1|1|1
3413213|1|1|1|1164.1330012|13|2|1|4|1|1|1|1
3413214|1|1|1|1191.172673|13|2|1|4|1|1|1|1
3413215|1|1|1|999.80681167|13|2|1|4|1|1|1|1
3413216|1|1|1|1155.671981|13|2|1|4|1|1|1|1
3413217|1|1|1|915.67338788|13|2|1|4|1|1|1|1
3413218|1|1|1|1164.1330012|13|2|1|4|1|1|1|1
3413219|1|1|1|819.10989676|13|2|1|4|1|1|1|1
3413220|1|1|1|573.95645389|13|2|1|4|1|1|1|1
3413221|1|1|1|999.80681167|13|2|1|2|1|1|1|1
3413222|1|1|1|857.02557434|13|2|1|2|1|1|1|1
3413223|1|1|1|572.44377137|13|2|1|2|1|1|1|1
3413224|1|1|1|406.87955288|13|2|1|2|1|1|1|1
3413225|1|1|1|815.03847525|13|2|1|1|1|1|1|1
3413226|1|1|1|670.97786842|13|2|1|1|1|1|1|1
3413227|1|1|1|854.9661378|13|2|1|1|1|1|1|1
3413228|1|1|1|552.39131396|13|2|1|1|1|1|1|1
3413229|1|1|1|1176.6841988|13|2|1|1|1|1|1|1
3413230|1|1|1|883.271281|13|1|1|1|1|1|1|1
3413231|1|1|1|1177.9868296|13|2|1|1|1|1|1|1
3413232|1|1|1|1212.6308542|13|2|1|1|1|1|1|1
3413233|1|1|1|832.70017322|13|2|1|1|1|1|1|1
3413234|1|1|1|1212.6308542|13|2|1|1|1|1|1|1
3413235|1|1|1|1017.9851173|13|1|1|1|1|1|1|1
3413236|1|1|1|687.15547148|13|2|1|3|1|1|1|1
3413237|1|1|1|329.21552594|13|2|1|3|1|1|1|1
3413238|1|1|1|545.22035151|13|1|1|1|1|1|1|1
3413239|1|1|1|280.8010092|13|2|1|1|1|1|1|1
3413240|1|1|1|864.13145625|13|2|1|1|1|1|1|1
3413241|1|1|1|567.02611153|13|2|1|1|1|1|1|1
3413242|1|1|1|570.96096569|13|2|1|1|1|1|1|1
3413243|1|1|1|592.55310487|13|2|1|1|1|1|1|1
3413244|1|1|1|543.3589835|13|2|1|1|1|1|1|1
3413245|1|1|1|443.38372479|13|2|1|1|1|1|1|1
3413246|1|1|1|271.25303525|13|2|1|1|1|1|1|1
3413247|1|1|1|364.61118806|13|2|1|1|1|1|1|1
3413248|1|1|1|894.76200593|13|1|1|1|1|1|1|1
3413249|1|1|1|1211.5851643|13|1|1|1|1|1|1|1
3413250|1|1|1|642.49838932|13|1|1|1|1|1|1|1
3413251|1|1|1|885.1000496|13|1|1|1|1|1|1|1
3413252|1|1|1|985.1230699|13|2|1|1|1|1|1|1
3413253|1|1|1|736.37775286|13|2|1|1|1|1|1|1
3413254|1|1|1|856.45030216|13|1|1|1|2|1|1|1
3413255|1|1|1|634.97760507|13|2|1|1|1|1|1|1
3413256|1|1|1|1234.147517|13|1|1|1|1|1|1|1
3413257|1|1|1|923.28138466|13|2|1|1|1|1|1|1
3413258|1|1|1|885.1000496|13|1|1|1|1|1|1|1
3413259|1|1|1|426.09330954|13|2|1|1|1|1|1|1
3413260|1|1|1|121.79823126|15|1|1|3|1|1|1|1
3413263|1|1|1|102.75291085|15|2|1|1|1|1|1|1
3413264|1|1|1|193.32394186|15|2|1|1|1|1|1|1
3413265|1|1|1|68.355492721|15|2|1|1|1|1|1|1
3413266|1|1|1|67.900194986|15|1|1|3|1|1|1|1
3413267|1|1|1|135.39035595|15|2|1|3|1|1|1|1
3413268|1|1|1|156.16635116|15|2|1|2|1|1|1|1
3413269|1|1|1|272.07249359|15|2|1|2|1|1|1|1
3413270|1|1|1|220.10315487|15|1|1|2|1|1|1|1
3413271|1|1|1|307.76134292|15|2|1|2|1|1|1|1
3413272|1|1|1|97.000278551|15|2|1|2|1|1|1|1
3413273|1|1|1|151.47943056|15|2|1|2|1|1|1|1
3413274|1|1|1|72.036173098|15|2|1|2|1|1|1|1
3413275|1|1|1|200.26786803|15|1|1|3|1|1|1|1
3413276|1|1|1|139.58695827|15|1|1|3|1|1|1|1
3413277|1|1|1|179.4581491|15|1|1|3|1|1|1|1
3413278|1|1|1|193.41479421|15|1|1|3|1|1|1|1
3413279|1|1|1|162.68221155|15|2|1|4|1|1|1|1
3413280|1|1|1|106.0068973|15|2|1|4|1|1|1|1
3413282|1|1|1|97.000278551|15|1|1|5|1|1|1|1
3413283|1|1|1|227.92010772|15|1|1|5|1|1|1|1
3413285|1|1|1|154.12936628|15|1|1|5|1|1|1|1
3413286|1|1|1|140.30324643|15|1|1|5|1|1|1|1
3413287|1|1|1|287.08214926|15|1|1|5|1|1|1|1
3413288|1|1|1|140.30324643|15|1|1|5|1|1|1|1
3413289|1|1|1|226.83034016|15|2|1|4|1|1|1|1
3413290|1|1|1|184.86566043|15|2|1|4|1|1|1|1
3413292|1|1|1|121.78122767|15|2|1|4|1|1|1|1
3413293|1|1|1|211.58818651|15|2|1|4|1|1|1|1
3413294|1|1|1|77.111016267|15|2|1|4|1|1|1|1
3413295|1|1|1|110.85688607|15|2|1|3|1|1|1|1
3413296|1|1|1|155.16510286|15|1|1|3|1|1|1|1
3413297|1|1|1|85.360245125|15|1|1|3|1|1|1|1
3413298|1|1|1|223.48935726|15|1|1|3|1|1|1|1
3413299|1|1|1|90.229250392|15|1|1|3|1|1|1|1
3413300|1|1|1|170.20501891|15|1|1|3|1|1|1|1
3413301|1|1|1|194.00370932|15|2|1|4|2|1|1|1
3413302|1|1|1|111.92510013|15|2|1|3|1|1|1|1
3413303|1|1|1|276.92693597|15|1|1|4|1|1|1|1
3413304|1|1|1|224.05862594|15|1|1|4|1|1|1|1
3413305|1|1|1|364.1732446|15|2|1|4|1|1|1|1
3413306|1|1|1|318.98016585|15|1|1|4|1|1|1|1
3413307|1|1|1|290.68598327|15|1|1|4|1|1|1|1
3413308|1|1|1|305.86590372|15|1|1|5|1|1|1|1
3413309|1|1|1|691.35180637|17|2|1|5|1|1|1|1
3413310|1|1|1|281.46893273|17|1|1|3|1|1|1|1
3413311|1|1|1|421.06810064|17|2|1|3|1|1|1|1
3413313|1|1|1|421.06810064|17|2|1|3|1|1|1|1
3413314|1|1|1|232.81512247|17|2|1|3|2|1|1|1
3413315|1|1|1|375.0956835|17|2|1|1|1|1|1|1
3413316|1|1|1|557.93245353|17|2|1|1|1|1|1|1
3413317|1|1|1|70.14411493|18|2|1|2|1|1|1|1
3413318|1|1|1|92.930783498|18|2|1|2|1|1|1|1
3413319|1|1|1|90.369711054|18|2|1|2|1|1|1|1
3413320|1|1|1|176.24538844|18|2|1|1|1|1|1|1
3413321|1|1|1|109.29114785|18|1|1|1|1|1|1|1
3413322|1|1|1|119.08604432|18|1|1|2|1|1|1|1
3413323|1|1|1|65.105821975|18|1|1|2|1|1|1|1
3413324|1|1|1|111.51429186|18|1|1|2|1|1|1|1
3413325|1|1|1|127.37694936|18|1|1|2|1|1|1|1
3413326|1|1|1|103.52805453|18|1|1|2|1|1|1|1
3413327|1|1|1|106.92620551|18|1|1|2|1|1|1|1
3413328|1|1|1|153.03288457|18|2|1|2|1|1|1|1
3413329|1|1|1|100.29635535|18|1|1|2|1|1|1|1
3413330|1|1|1|82.848562117|18|1|1|2|1|1|1|1
3413331|1|1|1|109.86291783|18|2|1|2|1|1|1|1
3413332|1|1|1|124.23366544|18|2|1|2|1|1|1|1
3413333|1|1|1|66.016143408|18|1|1|2|1|1|1|1
3413334|1|1|1|95.231539655|18|1|1|2|1|1|1|1
3413335|1|1|1|182.02495352|18|1|1|1|1|1|1|1
3413336|1|1|1|113.91417231|18|1|1|1|1|1|1|1
3413337|1|1|1|134.02625496|18|1|1|0|2|2|1|2
3413338|1|1|1|271.51331973|19|1|1|2|1|1|1|1
3413339|1|1|1|296.17686197|19|2|1|2|1|1|1|1
3413340|1|1|1|282.8858139|19|1|1|2|1|1|1|1
3413341|1|1|1|273.55384619|19|2|1|2|1|1|1|1
3413342|1|1|1|414.39854981|19|2|1|2|1|1|1|1
3413343|1|1|1|414.39854981|19|2|1|2|2|1|1|1
3413344|1|1|1|132.00787631|19|1|1|2|1|1|1|1
3413345|1|1|1|247.10150305|19|2|1|2|1|1|1|1
3413346|1|1|1|122.38812644|19|2|1|2|1|1|1|1
3413347|1|1|1|190.70298509|19|1|1|2|1|1|1|1
3413348|1|1|1|201.15793463|19|2|1|2|1|1|1|1
3413349|1|1|1|364.73846158|19|1|1|2|1|1|1|1
3413350|1|1|1|254.27064679|19|1|1|2|1|1|1|1
3413351|1|1|1|287.15536976|19|1|1|2|1|1|1|1
3413352|1|1|1|160.46346665|19|1|1|2|1|1|1|1
3413353|1|1|1|125.40438134|19|2|1|2|2|1|1|1
3413354|1|1|1|362.01775965|19|1|1|2|1|1|1|1
3413355|1|1|1|287.15536976|19|1|1|2|2|1|1|1
3413356|1|1|1|300.31733699|19|1|1|2|2|1|1|1
3413357|1|1|1|208.89522472|19|2|1|2|1|1|1|1
3413358|1|1|1|317.83830848|19|1|1|2|1|1|1|1
3413359|1|1|1|136.52665401|19|1|1|2|1|1|1|1
3413360|1|1|1|359.36375479|19|1|1|2|1|1|1|1
3413361|1|1|1|304.94710025|19|1|1|2|1|1|1|1
3413362|1|1|1|234.30054758|19|1|1|2|1|1|1|1
3413363|1|1|1|203.98021073|19|2|1|2|1|1|1|1
3413364|1|1|1|349.45388139|19|1|1|2|1|1|1|1
3413365|1|1|1|455.92307698|19|2|1|2|1|1|1|1
3413366|1|1|1|261.1190309|19|1|1|2|1|1|1|1
3413367|1|1|1|297.02470353|20|1|1|1|2|2|1|1
3413368|1|1|1|378.48771234|20|1|1|1|2|2|1|1
3413369|1|1|1|315.49192885|20|2|1|1|2|2|1|1
3413370|1|1|1|200.41039969|20|1|1|1|2|2|1|1
3413371|1|1|1|295.70325323|20|1|1|1|2|2|1|1
3413373|1|1|1|335.79642382|20|2|1|2|1|1|1|1
3413374|1|1|1|403.13411176|20|2|1|2|1|1|1|1
3413375|1|1|1|285.51618587|20|2|1|2|1|1|1|1
3413376|1|1|1|430.53213173|20|2|1|2|1|1|1|1
3413377|1|1|1|381.67509129|20|2|1|2|1|1|1|1
3413378|1|1|1|291.00722172|20|1|1|2|1|1|1|1
3413379|1|1|1|456.04753757|20|2|1|2|1|1|1|1
3413380|1|1|1|420.96695776|20|2|1|2|1|1|1|1
3413381|1|1|1|472.5634497|20|2|1|2|1|1|1|1
3413382|1|1|1|346.63715657|20|2|1|2|1|1|1|1
3413383|1|1|1|268.62205082|20|2|1|2|1|1|1|1
3413384|1|1|1|407.35406547|20|2|1|2|1|1|1|1
3413385|1|1|1|270.35984848|20|2|1|2|1|1|1|1
3413386|1|1|1|474.18458323|20|2|1|2|1|1|1|1
3413387|1|1|1|327.26950585|20|1|1|0|2|2|1|1
3413388|1|1|1|287.86692193|20|1|1|3|1|1|1|1
3413389|1|1|1|412.47671543|20|1|1|3|1|1|1|1
3413390|1|1|1|363.34197141|20|1|1|3|1|1|1|1
3413391|1|1|1|287.86692193|20|1|1|3|1|1|1|1
3413392|1|1|1|343.2163499|20|1|1|3|1|1|1|1
3413393|1|1|1|488.25978662|20|2|1|1|1|1|1|1
3413394|1|1|1|442.72073322|20|2|1|1|1|1|1|1
3413395|1|1|1|561.11762907|20|2|1|1|1|1|1|1
3413396|1|1|1|630.4544188|20|2|1|1|1|1|1|1
3413397|1|1|1|599.21236981|20|2|1|1|1|1|1|1
3413398|1|1|1|381.51263032|20|2|1|1|1|1|1|1
3413399|1|1|1|469.07142419|20|2|1|1|1|1|1|1
3413400|1|1|1|365.94772352|20|1|1|1|1|1|1|1
3413401|1|1|1|357.82191409|20|1|1|2|1|1|1|1
3413402|1|1|1|226.44468991|20|1|1|3|1|1|1|1
3413403|1|1|1|143.96351132|41|1|1|2|1|1|1|1
3413404|1|1|1|199.88522611|41|2|1|2|1|1|1|1
3413405|1|1|1|488.31159599|41|2|1|2|1|1|1|1
3413406|1|1|1|267.82921875|41|2|1|2|1|1|1|1
3413407|1|1|1|267.82921875|41|2|1|2|1|1|1|1
3413408|1|1|1|267.82921875|41|2|1|2|1|1|1|1
3413409|1|1|1|227.45193986|41|1|1|2|1|1|1|1
3413410|1|1|1|300.07751279|41|1|1|2|1|1|1|1
3413412|1|1|1|247.54974375|41|1|1|2|1|1|1|1
3413413|1|1|1|179.78742223|41|1|1|2|1|1|1|1
3413414|1|1|1|368.02150543|41|1|1|2|1|1|1|1
3413415|1|1|1|201.75066766|41|1|1|2|1|1|1|1
3413416|1|1|1|159.68961834|41|1|1|2|1|1|1|1
3413417|1|1|1|161.37338878|41|1|1|3|1|1|1|1
3413418|1|1|1|161.37338878|41|1|1|3|1|1|1|1
3413419|1|1|1|161.37338878|41|1|1|3|1|1|1|1
3413420|1|1|1|161.37338878|41|1|1|3|1|1|1|1
3413421|1|1|1|161.37338878|41|1|1|3|1|1|1|1
3413422|1|1|1|247.54974375|41|1|1|3|1|1|1|1
3413423|1|1|1|289.16718019|41|1|1|2|1|1|1|1
3413424|1|1|1|437.02398451|41|1|1|2|1|1|1|1
3413425|1|1|1|143.96351132|41|1|1|2|1|1|1|1
3413426|1|1|1|384.96514685|41|1|1|2|1|1|1|1
3413427|1|1|1|143.96351132|41|1|1|2|1|1|1|1
3413429|1|1|1|401.01253817|47|1|1|3|1|1|1|1
3413430|1|1|1|177.80340565|47|2|1|2|1|1|1|1
3413432|1|1|1|790.23735844|47|2|1|1|1|1|1|1
3413433|1|1|1|696.91258556|47|2|1|1|1|1|1|1
3413434|1|1|1|197.55933961|47|2|1|1|1|1|1|1
3413435|1|1|1|178.14330463|47|1|1|1|1|1|1|1
3413436|1|1|1|223.30211177|47|2|1|1|2|2|1|1
3413437|1|1|1|385.14223143|47|2|1|2|1|1|1|1
3413438|1|1|1|527.41873097|47|2|1|2|1|1|1|1
3413439|1|1|1|195.58374621|47|1|1|2|1|1|1|1
3413440|1|1|1|213.1433608|47|1|1|2|1|1|1|1
3413441|1|1|1|321.27504284|47|2|1|2|1|1|1|1
3413442|1|1|1|321.27504284|47|2|1|2|1|1|1|1
3413443|1|1|1|527.41873097|47|2|1|2|1|1|1|1
3413444|1|1|1|423.65645458|47|1|1|2|1|1|1|1
3413445|1|1|1|607.21546822|47|1|1|2|1|1|1|1
3413446|1|1|1|603.06145086|47|2|1|2|1|1|1|1
3413447|1|1|1|531.82578094|50|1|1|1|2|1|1|1
3413448|1|1|1|615.9040931|50|2|1|2|1|1|1|1
3413449|1|1|1|589.12565427|50|1|1|1|1|1|1|1
3413451|1|1|1|236.3462716|50|2|1|2|1|1|1|1
3413452|1|1|1|189.94759416|50|2|1|3|1|1|1|1
3413453|1|1|1|189.94759416|50|2|1|3|1|1|1|1
3413454|1|1|1|499.93472791|50|1|1|3|1|1|1|1
3413455|1|1|1|189.94759416|50|1|1|3|1|1|1|1
3413456|1|1|1|245.76944168|50|2|1|3|1|1|1|1
3413457|1|1|1|401.17687228|50|2|1|3|1|1|1|1
3413458|1|1|1|189.94759416|50|2|1|3|1|1|1|1
3413459|1|1|1|189.94759416|50|2|1|3|1|1|1|1
3413460|1|1|1|441.28999073|50|2|1|3|1|1|1|1
3413461|1|1|1|759.79037664|50|2|1|3|1|1|1|1
3413462|1|1|1|212.73497077|50|2|1|3|1|1|1|1
3413463|1|1|1|303.20349928|50|2|1|3|1|1|1|1
3413464|1|1|1|134.62194921|50|2|1|3|1|1|1|1
3413465|1|1|1|457.13590463|50|2|1|3|1|1|1|1
3413466|1|1|1|146.95945443|50|1|1|2|1|1|1|1
3413467|1|1|1|179.23342927|50|1|1|2|1|1|1|1
3413468|1|1|1|524.85740108|50|1|1|2|1|1|1|1
3413469|1|1|1|224.93794045|50|1|1|2|1|1|1|1
3413471|1|1|1|298.53359571|50|2|1|2|1|1|1|1
3413472|1|1|1|565.45774978|50|2|1|2|2|1|1|1
3413473|1|1|1|803.35316492|50|1|1|2|1|1|1|1
3413474|1|1|1|513.91526699|50|1|1|2|1|1|1|1
3413475|1|1|1|253.05518301|50|1|1|1|1|1|1|1
3413476|1|1|1|489.99006901|50|3|1|2|2|1|1|1
3413477|1|1|1|271.94644406|52|2|1|2|2|1|1|1
3413478|1|1|1|177.55843175|52|1|1|3|1|1|1|1
3413479|1|1|1|241.96864454|52|2|1|2|2|1|1|1
3413480|1|1|1|174.79680769|52|2|1|2|2|1|1|1
3413481|1|1|1|182.62403465|52|2|1|2|2|1|1|1
3413482|1|1|1|337.62044881|52|1|1|3|2|1|1|1
3413483|1|1|1|261.99657928|52|2|1|3|2|1|1|1
3413484|1|1|1|222.19933181|52|1|1|3|2|1|1|1
3413485|1|1|1|308.26933599|52|1|1|1|2|2|1|1
3413486|1|1|1|128.89941889|52|2|1|1|2|2|1|1
3413487|1|1|1|154.06264864|52|2|1|4|2|1|1|1
3413488|1|1|1|147.45955656|52|2|1|4|2|1|1|1
3413489|1|1|1|100.20233272|52|2|1|4|2|1|1|1
3413490|1|1|1|149.78927794|52|2|1|4|2|1|1|1
3413491|1|1|1|180.47354924|52|2|1|4|2|1|1|1
3413492|1|1|1|246.88814645|52|2|1|3|2|1|1|1
3413493|1|1|1|291.10731031|52|2|1|3|2|1|1|1
3413494|1|1|1|291.10731031|52|2|1|3|2|1|1|1
3413495|1|1|1|184.77723112|52|1|1|3|1|1|1|1
3413496|1|1|1|354.28504747|52|1|1|3|2|1|1|1
3413497|1|1|1|392.22984021|52|1|1|3|2|1|1|1
3413498|1|1|1|238.70799445|52|2|1|1|1|1|1|1
3413499|1|1|1|288.10794776|52|2|1|1|1|1|1|1
3413500|1|1|1|215.73828654|52|2|1|3|2|1|1|1
3413501|1|1|1|158.44071788|52|2|1|3|2|1|1|1
3413502|1|1|1|211.35213737|52|2|1|3|2|1|1|1
3413503|1|1|1|236.3882072|52|2|1|1|2|1|1|1
3413504|1|1|1|193.9481743|52|2|1|1|1|1|1|1
3413505|1|1|1|272.04030431|52|2|1|1|2|1|1|1
3413506|1|1|1|1222.1691648|54|1|1|2|1|1|1|1
3413507|1|1|1|861.22497541|54|1|1|2|1|1|1|1
3413508|1|1|1|904.21296793|54|1|1|2|1|1|1|1
3413509|1|1|1|568.62477191|54|1|1|2|1|1|1|1
3413510|1|1|1|618.42982281|54|1|1|2|1|1|1|1
3413511|1|1|1|724.41714314|54|1|1|2|1|1|1|1
3413512|1|1|1|637.32920749|54|1|1|2|2|1|1|1
3413513|1|1|1|1778.2865267|54|1|1|2|2|1|1|1
3413514|1|1|1|614.45620586|54|1|1|2|1|1|1|1
3413515|1|1|1|528.72731459|54|1|1|2|1|1|1|1
3413516|1|1|1|1105.52275|54|1|1|2|1|1|1|1
3413517|1|1|1|822.17031857|54|1|1|2|2|1|1|1
3413519|1|1|1|450.87433309|66|1|1|3|1|1|1|1
3413520|1|1|1|1454.2380513|66|2|1|3|1|1|1|1
3413521|1|1|1|450.87433309|66|1|1|3|1|1|1|1
3413522|1|1|1|562.27763349|66|2|1|3|1|1|1|1
3413523|1|1|1|625.72132334|66|2|1|3|2|1|1|1
3413524|1|1|1|767.39294423|66|1|1|3|1|1|1|1
3413525|1|1|1|514.85939968|66|2|1|6|1|1|1|1
3413526|1|1|1|530.95282512|66|1|1|1|2|1|1|1
3413527|1|1|1|987.00037758|66|2|1|1|2|1|1|1
3413528|1|1|1|420.62273878|66|2|1|1|1|1|1|1
3413529|1|1|1|575.54470817|66|1|1|1|1|1|1|1
3413531|1|1|1|627.3604587|66|1|1|3|1|1|1|1
3413533|1|1|1|420.62273878|66|2|1|3|1|1|1|1
3413535|1|1|1|461.26664544|66|2|1|1|1|1|1|1
3413536|1|1|1|530.95282512|66|2|1|2|1|1|1|1
3413537|1|1|1|314.36902311|66|2|1|5|1|1|1|1
3413538|1|1|1|424.69910945|66|2|1|5|1|1|1|1
3413539|1|1|1|1132.617533|68|2|1|3|1|1|1|1
3413540|1|1|1|810.03935139|68|2|1|3|1|1|1|1
3413542|1|1|1|1552.8130581|68|1|1|2|1|1|1|1
3413543|1|1|1|1431.2394409|68|3|1|2|1|1|1|1
3413544|1|1|1|859.62341784|68|3|1|2|1|1|1|1
3413545|1|1|1|1165.2948021|68|3|1|2|1|1|1|1
3413546|1|1|1|1289.1508873|68|1|1|2|1|1|1|1
3413547|1|1|1|1024.4158646|68|1|1|3|1|1|1|1
3413548|1|1|1|755.05376247|68|2|1|6|1|1|1|1
3413549|1|1|1|1090.2404933|68|2|1|6|1|1|1|1
3413550|1|1|1|1164.1007228|68|2|1|6|1|1|1|1
3413551|1|1|1|931.28632306|68|2|1|6|1|1|1|1
3413552|1|1|1|655.48139935|68|2|1|6|1|1|1|1
3413553|1|1|1|1087.4568409|68|2|1|6|1|1|1|1
3413554|1|1|1|752.27011012|68|2|1|6|1|1|1|1
3413555|1|1|1|931.28632306|68|2|1|6|1|1|1|1
3413556|1|1|1|1343.1169357|68|2|1|6|1|1|1|1
3413557|1|1|1|818.65852502|68|2|1|6|1|1|1|1
3413558|1|1|1|1034.4086492|68|2|1|4|1|1|1|1
3413559|1|1|1|771.20005981|68|2|1|4|1|1|1|1
3413560|1|1|1|586.98011207|68|2|1|4|1|1|1|1
3413561|1|1|1|949.49946841|68|2|1|1|1|1|1|1
3413562|1|1|1|390.43050347|68|2|1|4|1|1|1|1
3413563|1|1|1|1455.4148528|68|2|1|4|1|1|1|1
3413564|1|1|1|1048.5594528|68|2|1|4|1|1|1|1
3413565|1|1|1|838.11232307|68|2|1|4|1|1|1|1
3413566|1|1|1|788.64524656|68|2|1|4|1|1|1|1
3413567|1|1|1|949.49946841|68|2|1|4|1|1|1|1
3413568|1|1|1|722.83340673|68|2|1|4|1|1|1|1
3413569|1|1|1|437.1863383|68|1|1|3|1|1|1|1
3413570|1|1|1|795.64613346|68|1|1|2|1|1|1|1
3413571|1|1|1|632.52255462|68|1|1|2|1|1|1|1
3413572|1|1|1|385.39042837|68|1|1|2|1|1|1|1
3413573|1|1|1|692.15777555|68|1|1|2|1|1|1|1
3413574|1|1|1|60.204183551|70|1|1|3|1|1|1|1
3413575|1|1|1|210.62995431|70|1|1|3|1|1|1|1
3413576|1|1|1|76.98507102|70|1|1|3|1|1|1|1
3413577|1|1|1|84.127811109|70|1|1|3|1|1|1|1
3413578|1|1|1|85.670130015|70|1|1|3|1|1|1|1
3413579|1|1|1|60.204183551|70|1|1|3|1|1|1|1
3413580|1|1|1|141.10815912|70|1|1|3|1|1|1|1
3413581|1|1|1|60.204183551|70|1|1|3|1|1|1|1
3413582|1|1|1|134.79332202|70|2|1|3|1|1|1|1
3413583|1|1|1|60.204183551|70|2|1|3|1|1|1|1
3413584|1|1|1|143.71785789|70|2|1|1|1|1|1|1
3413585|1|1|1|103.47594048|70|2|1|1|1|1|1|1
3413586|1|1|1|288.20520569|70|2|1|1|1|1|1|1
3413587|1|1|1|144.58604274|70|2|1|1|1|1|1|1
3413588|1|1|1|103.47594048|70|2|1|1|1|1|1|1
3413589|1|1|1|136.37767344|70|2|1|1|1|1|1|1
3413590|1|1|1|231.67602222|70|2|1|1|1|1|1|1
3413591|1|1|1|343.75651138|70|2|1|1|1|1|1|1
3413592|1|1|1|186.99257905|70|2|1|1|1|1|1|1
3413593|1|1|1|276.35946539|70|2|1|1|1|1|1|1
3413594|1|1|1|239.25785787|73|1|1|3|1|1|1|1
3413595|1|1|1|343.16787664|73|1|1|3|1|1|1|1
3413596|1|1|1|477.40573077|73|1|1|3|1|1|1|1
3413597|1|1|1|239.25785787|73|1|1|3|1|1|1|1
3413598|1|1|1|359.27990804|73|1|1|3|1|1|1|1
3413599|1|1|1|239.25785787|73|1|1|3|1|1|1|1
3413600|1|1|1|794.65325362|73|1|1|3|1|1|1|1
3413601|1|1|1|239.25785787|73|2|1|3|1|1|1|1
3413602|1|1|1|239.25785787|73|2|1|3|1|1|1|1
3413603|1|1|1|852.8899998|73|1|1|3|1|1|1|1
3413604|1|1|1|326.80536323|73|1|1|3|1|1|1|1
3413605|1|1|1|473.83344529|73|2|1|4|1|1|1|1
3413606|1|1|1|244.12609136|73|2|1|3|1|1|1|1
3413607|1|1|1|222.0600545|73|2|1|2|1|1|1|1
3413608|1|1|1|227.61911355|73|2|1|3|1|1|1|1
3413609|1|1|1|503.86995864|73|2|1|2|1|1|1|1
3413610|1|1|1|248.93092984|73|2|1|3|1|1|1|1
3413611|1|1|1|222.0600545|73|2|1|2|1|1|1|1
3413612|1|1|1|329.95013251|73|2|1|2|1|1|1|1
3413613|1|1|1|267.74636529|73|2|1|3|1|1|1|1
3413614|1|1|1|186.67371329|73|2|1|4|1|1|1|1
3413615|1|1|1|370.99753902|73|2|1|4|1|1|1|1
3413616|1|1|1|372.48139434|73|2|1|4|1|1|1|1
3413617|1|1|1|362.02325448|73|2|1|1|1|1|1|1
3413618|1|1|1|1009.6155761|73|2|1|1|1|1|1|1
3413619|1|1|1|353.39247818|73|2|1|2|1|1|1|1
3413620|1|1|1|967.24187772|73|2|1|1|1|1|1|1
3413621|1|1|1|353.39247818|73|1|1|1|1|1|1|1
3413622|1|1|1|487.54623544|73|2|1|1|1|1|1|1
3413623|1|1|1|1009.6155761|73|2|1|1|1|1|1|1
3413624|1|1|1|700.98393884|73|2|1|1|1|1|1|1
3413625|1|1|1|379.02056233|73|2|1|1|1|1|1|1
3413626|1|1|1|266.86453378|73|1|1|3|1|1|1|1
3413627|1|1|1|1858.3480774|76|2|1|5|1|1|1|1
3413628|1|1|1|2282.1909052|76|2|1|5|1|1|1|1
3413630|1|1|1|1825.7527242|76|2|1|4|1|1|1|1
3413631|1|1|1|2677.6688506|76|1|1|2|1|1|1|1
3413632|1|1|1|2840.5787404|76|2|1|2|1|1|1|1
3413633|1|1|1|2056.7840918|76|2|1|1|2|2|1|1
3413634|1|1|1|2315.1700462|76|2|1|1|1|2|1|1
3413635|1|1|1|2202.425244|76|2|1|1|1|2|1|1
3413636|1|1|1|1734.4582056|76|1|1|1|2|1|1|1
3413637|1|1|1|2056.7840918|76|2|1|1|1|1|1|1
3413638|1|1|1|2219.327065|76|1|1|1|1|1|1|1
3413639|1|1|1|1835.2984488|76|1|1|1|1|1|1|1
3413640|1|1|1|3556.6305904|76|1|1|1|2|1|1|1
3413641|1|1|1|2675.3895445|76|1|1|1|2|1|1|1
3413642|1|1|1|1647.8749331|76|2|1|4|1|1|1|1
3413643|1|1|1|1304.0747341|76|2|1|3|1|1|1|1
3413644|1|1|1|1593.7686151|76|2|1|4|1|1|1|1
3413645|1|1|1|1510.7941268|76|1|1|2|1|1|1|1
3413646|1|1|1|1831.9844774|76|1|1|2|1|1|1|1
3413647|1|1|1|1138.1335729|76|1|1|2|1|1|1|1
3413648|1|1|1|1291.9551009|76|2|1|2|1|1|1|1
3413649|1|1|1|1044.1119036|76|2|1|2|1|1|1|1
3413650|1|1|1|762.30572458|76|2|1|2|1|1|1|1
3413651|1|1|1|1291.9551009|76|1|1|2|1|1|1|1
3413652|1|1|1|1254.2374722|76|1|1|1|1|1|1|1
3413653|1|1|1|903.97005954|76|2|1|2|1|1|1|1
3413654|1|1|1|1017.5323763|76|2|1|2|1|1|1|1
3413656|1|1|1|32.080912609|88|2|1|3|2|1|1|1
3413657|1|1|1|42.737385157|88|1|1|2|2|2|1|2
3413658|1|1|1|33.452012106|88|2|1|1|2|1|1|1
3413659|1|1|1|19.727370024|88|1|1|1|2|1|1|1
3413660|1|1|1|49.45885983|88|1|1|2|2|2|1|2
3413661|1|1|1|19.727370024|88|2|1|2|2|2|1|2
3413662|1|1|1|47.475713796|88|1|1|2|2|2|1|2
3413664|1|1|1|40.303863459|88|1|1|2|2|2|1|2
3413665|1|1|1|47.475713796|88|1|1|1|2|1|1|1
3413666|1|1|1|33.971063039|88|1|1|1|2|2|1|2
3413667|1|1|1|52.464228394|88|2|1|1|2|2|1|2
3413668|1|1|1|47.475713796|88|2|1|1|2|2|2|1
3413669|1|1|1|32.496541731|88|1|1|1|2|1|1|1
3413671|1|1|1|46.829250876|88|1|1|1|2|1|1|1
3413672|1|1|1|60.958436801|88|1|1|2|2|2|1|2
3413673|1|1|1|63.387804335|88|2|1|2|2|2|1|2
3413674|1|1|1|22.921325171|88|2|1|2|2|2|1|2
3413675|1|1|1|49.505286041|88|2|1|2|2|2|1|2
3413677|1|1|1|2896.4600743|05|2|1|3|1|1|1|1
3413678|1|1|1|2669.2809662|05|2|1|3|2|1|1|1
3413679|1|1|1|4071.6943557|05|2|1|1|1|1|1|1
3413680|1|1|1|5262.4007196|05|2|1|1|1|2|1|1
3413681|1|1|1|5271.8627026|05|2|1|1|1|1|1|1
3413682|1|1|1|4768.0179523|05|2|1|2|1|1|1|1
3413683|1|1|1|4708.3907967|05|2|1|2|1|1|1|1
3413684|1|1|1|10750.20184|05|2|1|2|1|1|1|1
3413687|1|1|1|478.20143242|05|2|1|2|1|1|1|1
3413688|1|1|1|955.74426055|05|2|1|2|1|1|1|1
3413689|1|1|1|815.41866765|05|2|1|2|1|1|1|1
3413690|1|1|1|478.13619516|05|2|1|2|1|1|1|1
3413691|1|1|1|561.39166472|05|2|1|2|1|1|1|1
3413692|1|1|1|860.16377243|08|2|1|4|1|1|1|1
3413693|1|1|1|786.59512393|08|2|1|4|1|1|1|1
3413694|1|1|1|839.85059133|08|2|1|4|1|1|1|1
3413695|1|1|1|1513.0558303|08|2|1|4|1|1|1|1
3413696|1|1|1|2464.648853|11|2|1|3|1|1|1|1
3413697|1|1|1|10123.740426|11|1|1|2|1|1|1|1
3413698|1|1|1|8495.56291|11|1|1|2|1|1|1|1
3413699|1|1|1|9150.343414|11|1|1|3|1|1|1|1
3413700|1|1|1|4424.9619216|11|1|1|2|1|1|1|1
3413701|1|1|1|8725.8824157|11|1|1|2|1|1|1|1
3413702|1|1|1|7052.557341|11|2|1|2|1|1|1|1
3413703|1|1|1|7023.6845085|11|2|1|2|1|1|1|1
3413704|1|1|1|7914.6767942|11|1|1|2|1|1|1|1
3413705|1|1|1|10561.93436|11|1|1|2|1|1|1|1
3413706|1|1|1|5444.9644007|11|1|1|1|1|1|1|1
3413707|1|1|1|2865.5314051|11|1|1|2|1|1|1|1
3413708|1|1|1|6003.3455362|11|1|1|1|1|1|1|1
3413709|1|1|1|5388.7860591|11|2|1|2|1|1|1|1
3413710|1|1|1|4602.0753096|11|1|1|2|1|1|1|1
3413711|1|1|1|6105.7490462|11|1|1|1|1|1|1|1
3413712|1|1|1|4383.4957585|11|1|1|1|1|1|1|1
3413713|1|1|1|6046.7390826|11|2|1|1|1|1|1|1
3413714|1|1|1|5263.7889576|11|1|1|1|1|1|1|1
3413715|1|1|1|2333.9477774|11|2|1|1|1|1|1|1
3413716|1|1|1|4965.8422562|11|1|1|1|1|1|1|1
3413717|1|1|1|4088.8782662|11|2|1|2|1|1|1|1
3413718|1|1|1|6637.4883941|11|1|1|2|1|1|1|1
3413719|1|1|1|378.86628459|13|2|1|6|1|1|1|1
3413720|1|1|1|362.55103618|13|2|1|6|1|1|1|1
3413721|1|1|1|403.22376165|13|2|1|2|1|1|1|1
3413722|1|1|1|698.6724018|13|1|1|2|1|1|1|1
3413723|1|1|1|594.81059099|13|2|1|2|1|1|1|1
3413724|1|1|1|292.68918373|13|1|1|2|1|1|1|1
3413725|1|1|1|497.26199853|13|2|1|2|1|1|1|1
3413726|1|1|1|575.23477238|13|2|1|2|1|1|1|1
3413727|1|1|1|472.60487033|13|2|1|2|1|1|1|1
3413728|1|1|1|488.07036622|13|2|1|2|1|1|1|1
3413729|1|1|1|384.48619049|13|1|1|2|1|1|1|1
3413730|1|1|1|343.66816971|13|2|1|2|1|1|1|1
3413731|1|1|1|504.59673463|13|2|1|2|1|1|1|1
3413732|1|1|1|513.04859783|13|1|1|2|1|1|1|1
3413733|1|1|1|780.69564167|13|2|1|1|1|1|1|1
3413734|1|1|1|891.00547632|13|2|1|1|1|1|1|1
3413735|1|1|1|992.55705832|13|2|1|1|1|1|1|1
3413736|1|1|1|628.48391481|13|2|1|1|1|1|1|1
3413737|1|1|1|698.08711639|13|2|1|1|1|1|1|1
3413738|1|1|1|965.49244051|13|2|1|1|1|1|1|1
3413739|1|1|1|795.73552789|13|1|1|1|1|2|1|1
3413740|1|1|1|495.67524478|13|1|1|1|1|2|1|1
3413741|1|1|1|642.5572885|13|2|1|1|1|2|1|1
3413742|1|1|1|441.07314863|13|1|1|1|1|2|1|1
3413743|1|1|1|938.05693888|13|2|1|1|1|2|1|1
3413744|1|1|1|640.17448572|13|2|1|2|1|1|1|1
3413745|1|1|1|984.57077821|13|2|1|2|1|1|1|1
3413746|1|1|1|528.24508752|13|2|1|2|1|1|1|1
3413747|1|1|1|844.73717231|13|2|1|2|1|1|1|1
3413748|1|1|1|843.65235751|13|2|1|2|1|1|1|1
3413749|1|1|1|942.20313963|13|2|1|9|2|2|2|2
3413750|1|1|1|706.73969193|13|1|1|9|2|2|2|2
3413751|1|1|1|830.97286367|13|1|1|9|2|2|2|2
3413752|1|1|1|621.57749816|13|1|1|9|2|2|2|2
3413753|1|1|1|954.88263347|13|1|1|9|2|2|2|2
3413754|1|1|1|536.07666866|13|1|1|9|2|2|2|2
3413755|1|1|1|302.66316158|13|2|1|2|1|1|1|1
3413756|1|1|1|507.83931875|13|2|1|2|1|1|1|1
3413757|1|1|1|378.23504645|13|2|1|2|1|1|1|1
3413758|1|1|1|120.70606592|15|2|1|2|1|1|1|1
3413759|1|1|1|151.78439268|15|1|1|2|1|1|1|1
3413760|1|1|1|165.82063941|15|2|1|2|1|1|1|1
3413761|1|1|1|144.23492042|15|1|1|2|1|1|1|1
3413762|1|1|1|140.59921252|15|1|1|2|1|1|1|1
3413763|1|1|1|147.48504456|15|1|1|2|1|1|1|1
3413764|1|1|1|152.86327612|15|2|1|3|1|1|1|1
3413765|1|1|1|122.39212206|15|2|1|3|1|1|1|1
3413766|1|1|1|149.64281144|15|1|1|2|1|1|1|1
3413767|1|1|1|119.19633138|15|2|1|2|1|1|1|1
3413768|1|1|1|154.28448002|15|1|1|3|1|1|1|1
3413769|1|1|1|119.19633138|15|1|1|2|1|1|1|1
3413770|1|1|1|122.20829601|15|1|1|2|1|1|1|1
3413771|1|1|1|97.343670623|15|1|1|2|1|1|1|1
3413772|1|1|1|96.462582481|15|1|1|2|1|1|1|1
3413773|1|1|1|165.27364524|15|2|1|4|1|1|1|1
3413774|1|1|1|160.64960429|15|2|1|4|1|1|1|1
3413775|1|1|1|135.62621693|15|1|1|3|1|1|1|1
3413776|1|1|1|180.33319341|15|1|1|2|1|1|1|1
3413777|1|1|1|105.51825349|15|1|1|1|1|1|1|1
3413778|1|1|1|131.80751516|15|1|1|2|1|1|1|1
3413779|1|1|1|164.35320536|15|2|1|2|1|1|1|1
3413780|1|1|1|155.77768558|15|2|1|2|1|1|1|1
3413781|1|1|1|146.12086726|15|2|1|2|1|1|1|1
3413782|1|1|1|89.006179346|15|1|1|1|1|1|1|1
3413783|1|1|1|125.49536555|15|2|1|2|1|1|1|1
3413784|1|1|1|89.952849122|15|2|1|2|1|1|1|1
3413785|1|1|1|131.14253411|15|2|1|2|1|1|1|1
3413787|1|1|1|59.822361101|15|1|1|3|1|1|1|1
3413788|1|1|1|131.56322529|15|2|1|3|1|1|1|1
3413789|1|1|1|150.47449024|15|2|1|3|1|1|1|1
3413790|1|1|1|107.27199178|15|2|1|3|1|1|1|1
3413791|1|1|1|111.35655791|15|2|1|3|1|1|1|1
3413792|1|1|1|146.15366565|15|1|1|5|1|1|1|1
3413793|1|1|1|104.11679896|15|2|1|5|1|1|1|1
3413794|1|1|1|147.57446753|15|2|1|5|1|1|1|1
3413795|1|1|1|103.41205797|15|1|1|5|1|1|1|1
3413796|1|1|1|120.52073506|15|1|1|5|1|1|1|1
3413797|1|1|1|432.49734458|17|2|1|4|1|1|1|1
3413798|1|1|1|183.009538|17|1|1|3|1|1|1|1
3413799|1|1|1|700.9360005|17|1|1|3|1|1|1|1
3413800|1|1|1|348.66372939|17|1|1|3|1|1|1|1
3413801|1|1|1|677.63368657|17|2|1|3|1|1|1|1
3413802|1|1|1|536.03708663|17|1|1|3|1|1|1|1
3413803|1|1|1|435.35320733|17|1|1|3|1|1|1|1
3413804|1|1|1|456.63031631|17|2|1|3|1|1|1|1
3413805|1|1|1|175.23400013|17|2|1|3|1|1|1|1
3413806|1|1|1|455.72818088|17|1|1|3|1|1|1|1
3413807|1|1|1|175.23400013|17|1|1|3|1|1|1|1
3413808|1|1|1|175.23400013|17|1|1|3|1|1|1|1
3413809|1|1|1|261.80319556|17|1|1|3|1|1|1|1
3413810|1|1|1|373.34552547|17|2|1|3|1|1|1|1
3413811|1|1|1|373.34552547|17|1|1|3|2|1|1|1
3413812|1|1|1|1323.9309117|17|2|1|3|1|1|1|1
3413813|1|1|1|389.91172993|17|1|1|3|1|1|1|1
3413814|1|1|1|373.34552547|17|2|1|3|1|1|1|1
3413815|1|1|1|878.95262658|17|2|1|3|1|1|1|1
3413816|1|1|1|373.34552547|17|2|1|3|1|1|1|1
3413817|1|1|1|566.1990684|17|2|1|3|1|1|1|1
3413818|1|1|1|130.15970917|18|1|1|1|1|1|1|1
3413819|1|1|1|130.94054006|18|1|1|1|1|1|1|2
3413820|1|1|1|60.875326377|18|1|1|1|1|1|1|1
3413821|1|1|1|119.80820979|18|1|1|1|1|1|1|1
3413822|1|1|1|86.192723371|18|1|1|1|1|1|1|1
3413823|1|1|1|115.25137519|18|1|1|1|1|1|1|1
3413824|1|1|1|130.34446962|18|1|1|1|1|1|1|1
3413825|1|1|1|135.47985975|18|1|1|1|1|1|1|1
3413826|1|1|1|158.87134956|18|1|1|1|2|1|1|1
3413827|1|1|1|137.82893006|18|1|1|1|2|1|1|1
3413828|1|1|1|132.63560346|18|1|1|1|2|1|1|1
3413829|1|1|1|183.70257736|18|1|1|1|2|1|1|1
3413830|1|1|1|190.67180634|18|1|1|1|2|1|1|1
3413831|1|1|1|79.696205189|18|2|1|1|2|1|1|1
3413832|1|1|1|103.01254265|18|1|1|3|1|1|1|1
3413833|1|1|1|154.41620245|18|1|1|3|1|1|1|1
3413834|1|1|1|148.18988356|18|2|1|3|1|1|1|1
3413835|1|1|1|129.14110792|18|2|1|3|1|1|1|1
3413836|1|1|1|104.28026477|18|1|1|3|1|1|1|1
3413837|1|1|1|211.54978374|18|1|1|1|1|1|1|1
3413838|1|1|1|155.12438758|18|1|1|1|1|1|1|1
3413839|1|1|1|218.40169312|18|1|1|1|1|1|1|1
3413840|1|1|1|127.24744509|18|1|1|1|1|1|1|1
3413841|1|1|1|171.79977203|18|1|1|1|1|1|1|1
3413842|1|1|1|76.094157971|18|1|1|1|1|1|1|1
3413843|1|1|1|162.69963647|18|2|1|1|1|1|1|1
3413844|1|1|1|198.71455121|18|2|1|1|1|1|1|1
3413845|1|1|1|135.47985975|18|2|1|1|1|1|1|1
3413846|1|1|1|77.103664342|18|1|1|1|1|1|1|1
3413847|1|1|1|126.49224781|18|1|1|1|1|1|1|1
3413848|1|1|1|235.08230221|18|1|1|1|1|1|1|1
3413849|1|1|1|139.94566692|18|2|1|1|1|1|1|1
3413850|1|1|1|77.103664342|18|1|1|1|2|2|2|2
3413851|1|1|1|134.03655287|18|1|1|1|1|1|1|1
3413852|1|1|1|106.88785388|18|1|1|1|1|1|1|1
3413853|1|1|1|190.50169629|18|2|1|1|1|1|1|1
3413854|1|1|1|130.37971691|18|1|1|1|1|1|1|1
3413855|1|1|1|72.854229169|18|2|1|1|1|1|1|1
3413856|1|1|1|97.432470677|18|1|1|1|1|1|1|1
3413857|1|1|1|213.79956085|18|1|1|1|1|1|1|1
3413858|1|1|1|111.95653354|18|1|1|1|1|1|1|2
3413859|1|1|1|115.58798928|18|1|1|1|1|1|1|2
3413860|1|1|1|110.5191997|18|1|1|1|1|1|1|2
3413861|1|1|1|115.2417654|18|1|1|1|1|1|1|2
3413862|1|1|1|48.700261102|18|1|1|1|1|1|1|2
3413863|1|1|1|74.801608967|18|1|1|1|1|1|1|2
3413865|1|1|1|80.753242813|18|2|1|1|1|1|1|1
3413866|1|1|1|139.77604616|18|1|1|1|1|1|1|1
3413867|1|1|1|104.2604654|18|1|1|1|1|1|1|1
3413868|1|1|1|62.777680326|18|1|1|1|1|1|1|1
3413869|1|1|1|125.95110023|18|1|1|2|1|1|1|1
3413870|1|1|1|163.14587547|18|1|1|2|1|1|1|1
3413871|1|1|1|77.497912081|18|1|1|2|1|1|1|1
3413872|1|1|1|120.10175042|18|1|1|2|1|1|1|1
3413873|1|1|1|124.89703691|18|1|1|1|1|1|1|1
3413874|1|1|1|151.07866226|18|1|1|1|1|1|1|1
3413875|1|1|1|171.50379735|18|2|1|1|1|1|1|1
3413876|1|1|1|86.204358762|18|1|1|1|1|1|1|1
3413877|1|1|1|172.72348658|18|1|1|1|2|1|1|1
3413878|1|1|1|176.30256096|18|1|1|1|1|1|1|1
3413879|1|1|1|246.97989559|18|2|1|1|1|1|1|1
3413880|1|1|1|95.33813029|18|1|1|1|1|1|1|1
3413881|1|1|1|94.203572263|18|1|1|1|1|1|1|1
3413882|1|1|1|140.12255676|18|1|1|1|1|1|1|1
3413883|1|1|1|108.09464068|18|2|1|2|1|1|1|1
3413884|1|1|1|141.39613775|18|2|1|2|1|1|1|1
3413885|1|1|1|150.36914655|18|2|1|2|1|1|1|1
3413886|1|1|1|107.52731289|18|2|1|2|1|1|1|1
3413887|1|1|1|158.05579027|18|2|1|2|1|1|1|1
3413888|1|1|1|79.696205189|18|2|1|2|1|1|1|1
3413889|1|1|1|158.87134956|18|2|1|2|1|1|1|1
3413890|1|1|1|141.39613775|18|2|1|2|1|1|1|1
3413891|1|1|1|122.06723306|18|2|1|2|1|1|1|1
3413892|1|1|1|122.06723306|18|2|1|2|1|1|1|1
3413893|1|1|1|161.17313826|18|1|1|1|1|1|1|1
3413894|1|1|1|230.09862906|18|2|1|1|1|1|1|1
3413895|1|1|1|147.95323153|18|1|1|1|1|1|1|1
3413896|1|1|1|206.15972644|18|2|1|1|1|1|1|1
3413897|1|1|1|127.4853193|18|1|1|1|1|1|1|1
3413898|1|1|1|115.78139477|18|1|1|1|1|1|1|1
3413899|1|1|1|152.69693411|18|1|1|1|1|1|1|1
3413900|1|1|1|128.54909229|18|2|1|1|1|1|1|1
3413901|1|1|1|215.01453713|18|1|1|1|1|1|1|1
3413902|1|1|1|239.61205743|18|2|1|1|1|1|1|1
3413903|1|1|1|68.669073753|19|1|1|4|1|1|1|1
3413904|1|1|1|92.276758614|19|1|1|4|1|1|1|1
3413905|1|1|1|165.92139147|19|1|1|4|1|1|1|1
3413906|1|1|1|70.536371223|19|1|1|4|1|1|1|1
3413907|1|1|1|92.276758614|19|1|1|4|1|1|1|1
3413908|1|1|1|77.666259042|19|1|1|4|1|1|1|1
3413909|1|1|1|81.982296764|19|1|1|4|1|1|1|1
3413910|1|1|1|122.11270285|19|2|1|4|1|1|1|1
3413911|1|1|1|159.76744103|19|2|1|4|1|1|1|1
3413912|1|1|1|92.276758614|19|1|1|4|2|1|1|1
3413913|1|1|1|182.19673455|19|1|1|4|2|1|1|1
3413914|1|1|1|267.30589735|19|1|1|4|1|1|1|1
3413915|1|1|1|268.8371033|19|1|1|2|1|1|1|1
3413916|1|1|1|224.31944052|19|1|1|2|1|1|1|1
3413917|1|1|1|201.56663114|19|2|1|2|1|1|1|1
3413918|1|1|1|173.0189224|19|1|1|2|1|1|1|1
3413919|1|1|1|420.55954571|19|1|1|2|1|1|1|1
3413920|1|1|1|301.06623127|19|2|1|2|1|1|1|1
3413921|1|1|1|201.56663114|19|1|1|2|1|1|1|1
3413922|1|1|1|284.31986532|23|1|1|1|1|1|1|1
3413923|1|1|1|222.54229869|23|2|1|1|1|1|1|1
3413924|1|1|1|241.97756932|23|2|1|1|1|1|1|1
3413925|1|1|1|156.62294237|23|1|1|1|1|1|1|1
3413927|1|1|1|142.29963765|23|2|1|1|1|1|1|1
3413928|1|1|1|142.29963765|23|2|1|1|1|1|1|1
3413929|1|1|1|246.53921416|23|1|1|1|1|1|1|1
3413930|1|1|1|295.87347162|23|1|1|1|1|1|1|1
3413931|1|1|1|98.29344097|23|1|1|1|1|1|1|1
3413932|1|1|1|240.31366864|23|1|1|1|1|1|1|1
3413933|1|1|1|236.80239834|23|1|1|1|1|1|1|1
3413935|1|1|1|316.83566077|23|2|1|1|1|1|1|1
3413936|1|1|1|462.99247407|23|2|1|1|1|1|1|1
3413937|1|1|1|538.52962248|23|2|1|1|1|1|1|1
3413938|1|1|1|160.81847778|23|1|1|1|1|1|1|1
3413939|1|1|1|160.81847778|23|1|1|1|1|1|1|1
3413940|1|1|1|243.17991648|23|2|1|1|1|1|1|1
3413941|1|1|1|416.58469029|23|1|1|1|1|1|1|1
3413942|1|1|1|497.92271993|23|1|1|1|1|1|1|1
3413943|1|1|1|314.15682089|23|2|1|1|1|1|1|1
3413945|1|1|1|314.15682089|23|2|1|2|2|1|1|1
3413949|1|1|1|314.15682089|23|2|1|1|1|1|1|1
3413950|1|1|1|184.48131595|23|1|1|4|1|1|1|1
3413951|1|1|1|187.9408114|23|1|1|4|1|1|1|1
3413952|1|1|1|410.75480307|23|1|1|4|1|1|1|1
3413954|1|1|1|405.08021816|23|2|1|4|1|1|1|1
3413955|1|1|1|408.28656068|23|1|1|4|1|1|1|1
3413956|1|1|1|405.08021816|23|2|1|4|1|1|1|1
3413957|1|1|1|154.0989925|23|1|1|4|1|1|1|1
3413958|1|1|1|313.9458963|23|1|1|4|1|1|1|1
3413959|1|1|1|49.932787681|27|2|1|1|2|2|1|2
3413960|1|1|1|102.62518354|27|1|1|2|2|2|1|1
3413961|1|1|1|71.040207298|27|2|1|3|2|1|1|1
3413962|1|1|1|71.040207298|27|1|1|3|2|1|1|2
3413963|1|1|1|133.17861566|27|2|1|3|2|1|1|1
3413964|1|1|1|78.969208462|27|2|1|3|2|1|1|1
3413965|1|1|1|90.667480095|27|2|1|3|2|1|1|1
3413966|1|1|1|71.040207298|27|1|1|3|2|1|1|1
3413967|1|1|1|143.00789992|27|1|1|1|2|2|1|1
3413968|1|1|1|52.797783696|27|2|1|1|2|2|1|1
3413969|1|1|1|63.146850932|27|1|1|1|2|1|1|2
3413970|1|1|1|75.981370199|27|1|1|1|2|2|1|2
3413971|1|1|1|120.50718363|27|1|1|1|2|2|1|2
3413972|1|1|1|63.146850932|27|1|1|1|2|2|1|2
3413973|1|1|1|75.981370199|27|1|1|1|2|2|1|2
3413974|1|1|1|63.146850932|27|1|1|1|2|2|1|2
3413975|1|1|1|70.550291702|27|1|1|1|2|2|1|2
3413976|1|1|1|105.44378568|27|1|1|1|2|2|1|2
3413977|1|1|1|146.21645593|27|1|1|1|2|2|1|2
3413978|1|1|1|55.253494565|27|1|1|1|2|2|1|2
3413979|1|1|1|105.44378568|27|1|1|1|2|2|1|2
3413980|1|1|1|71.546902379|27|1|1|1|2|2|1|2
3413981|1|1|1|70.519151185|27|1|1|1|2|2|1|2
3413982|1|1|1|63.595529788|27|1|1|1|2|2|1|2
3413983|1|1|1|66.483698924|27|1|1|1|2|2|1|2
3413984|1|1|1|55.253494565|27|1|1|1|2|2|1|2
3413985|1|1|1|193.28562578|27|1|1|1|2|2|1|2
3413986|1|1|1|70.519151185|27|1|1|1|2|2|1|2
3413987|1|1|1|126.17653714|27|2|1|1|2|2|1|2
3413988|1|1|1|66.483698924|27|2|1|1|2|2|1|2
3413989|1|1|1|71.546902379|27|1|1|1|2|2|1|2
3413990|1|1|1|105.44378568|27|2|1|1|2|2|1|2
3413991|1|1|1|206.27971304|27|1|1|1|2|2|1|2
3413992|1|1|1|66.777108887|27|1|1|1|2|2|2|2
3413993|1|1|1|136.61252251|27|1|1|1|2|2|1|2
3413994|1|1|1|161.55216289|27|1|1|1|2|2|1|2
3413996|1|1|1|172.83143983|27|1|1|1|2|2|1|2
3413997|1|1|1|133.76970151|27|1|1|1|2|2|1|2
3413998|1|1|1|117.62093769|27|1|1|1|2|2|1|2
3413999|1|1|1|292.14802467|41|1|1|1|1|1|1|1
3414000|1|1|1|220.54450465|41|1|1|1|1|1|1|1
3414001|1|1|1|306.27836668|41|2|1|2|1|1|1|1
3414002|1|1|1|384.67801528|41|2|1|2|1|1|1|1
3414003|1|1|1|137.21960415|41|2|1|2|1|1|1|1
3414004|1|1|1|266.38390866|41|2|1|2|1|1|1|1
3414005|1|1|1|420.08546697|41|2|1|2|1|1|1|1
3414006|1|1|1|142.22203452|41|2|1|2|1|1|1|1
3414007|1|1|1|213.97522962|41|2|1|2|1|1|1|1
3414008|1|1|1|384.29613265|41|1|1|2|1|1|1|1
3414009|1|1|1|170.39972933|41|2|1|2|1|1|1|1
3414010|1|1|1|246.26151349|41|2|1|2|1|1|1|1
3414011|1|1|1|137.21960415|41|2|1|2|1|1|1|1
3414012|1|1|1|196.03955969|41|2|1|2|1|1|1|1
3414013|1|1|1|307.41769536|41|2|1|2|1|1|1|1
3414014|1|1|1|349.96943194|41|2|1|2|1|1|1|1
3414015|1|1|1|196.03955969|41|1|1|2|1|1|1|1
3414017|1|1|1|137.21960415|41|2|1|2|1|1|1|1
3414018|1|1|1|320.15111171|41|1|1|2|1|1|1|1
3414019|1|1|1|280.63853632|41|2|1|2|1|1|1|1
3414020|1|1|1|137.21960415|41|1|1|2|1|1|1|1
3414021|1|1|1|246.26151349|41|2|1|2|1|1|1|1
3414022|1|1|1|384.67801528|41|1|1|2|1|1|1|1
3414023|1|1|1|280.63853632|41|1|1|2|1|1|1|1
3414025|1|1|1|196.03955969|41|1|1|2|1|1|1|1
3414026|1|1|1|420.08546697|41|1|1|1|1|1|1|1
3414027|1|1|1|137.21960415|41|1|1|2|1|1|1|1
3414028|1|1|1|246.26151349|41|4|1|2|1|1|1|1
3414029|1|1|1|155.64765407|41|1|1|2|1|1|1|1
3414030|1|1|1|196.03955969|41|2|1|2|1|1|1|1
3414031|1|1|1|252.46084151|41|1|1|2|1|1|1|1
3414032|1|1|1|444.05451271|41|2|1|2|1|1|1|1
3414033|1|1|1|489.52565959|41|1|1|2|1|1|1|1
3414034|1|1|1|384.67801528|41|1|1|2|1|1|1|1
3414035|1|1|1|89.381731785|44|1|1|1|1|1|1|1
3414036|1|1|1|103.04425308|44|1|1|1|1|1|1|1
3414037|1|1|1|105.47101048|44|2|1|1|2|2|1|2
3414038|1|1|1|110.39532765|44|1|1|1|2|1|1|1
3414039|1|1|1|124.63253645|44|1|1|1|1|1|1|1
3414040|1|1|1|80.485392754|44|2|1|1|1|1|1|1
3414041|1|1|1|126.72355933|44|2|1|1|1|1|1|1
3414042|1|1|1|98.743640581|44|2|1|1|1|1|1|2
3414043|1|1|1|100.67589913|44|1|1|1|2|2|2|1
3414044|1|1|1|106.89469514|44|1|1|9|1|2|1|1
3414045|1|1|1|100.32608958|44|1|1|9|2|2|1|2
3414046|1|1|1|94.734434189|44|1|1|9|1|2|1|1
3414047|1|1|1|131.35990635|44|1|1|1|1|2|1|1
3414049|1|1|1|128.20296275|44|1|1|9|2|2|2|1
3414050|1|1|1|126.21498545|44|1|1|9|2|2|1|1
3414051|1|1|1|98.743640581|44|1|1|9|2|2|1|1
3414052|1|1|1|95.243008073|44|1|1|9|2|2|1|2
3414053|1|1|1|236.77125383|47|1|1|3|1|1|1|1
3414054|1|1|1|671.9563139|47|1|1|3|1|1|1|1
3414055|1|1|1|352.86076071|47|1|1|3|1|1|1|1
3414056|1|1|1|435.82158121|47|2|1|3|1|1|1|1
3414057|1|1|1|338.51343948|47|1|1|3|1|1|1|1
3414058|1|1|1|189.08419936|47|2|1|3|1|1|1|1
3414060|1|1|1|263.26570246|47|1|1|3|1|1|1|1
3414061|1|1|1|189.08419936|47|2|1|3|1|1|1|1
3414062|1|1|1|232.02043385|47|1|1|3|1|1|1|1
3414063|1|1|1|289.6800186|47|1|1|3|1|1|1|1
3414064|1|1|1|263.1791677|47|1|1|3|1|1|1|1
3414065|1|1|1|232.02043385|47|1|1|3|1|1|1|1
3414066|1|1|1|364.92691025|47|2|1|3|1|1|1|1
3414070|1|1|1|289.67361634|47|1|1|1|1|1|1|2
3414071|1|1|1|338.42605936|47|1|1|1|1|1|1|2
3414072|1|1|1|391.41580199|47|1|1|1|1|2|1|2
3414073|1|1|1|435.82158121|47|1|1|1|1|2|1|1
3414074|1|1|1|517.79966942|47|1|1|1|2|2|1|1
3414076|1|1|1|426.92084173|47|1|1|1|2|2|1|1
3414077|1|1|1|338.42605936|47|1|1|1|1|1|1|2
3414081|1|1|1|389.47050909|47|1|1|6|1|1|1|1
3414082|1|1|1|292.72450553|47|1|1|6|1|1|1|1
3414085|1|1|1|243.10825632|47|1|1|6|1|1|1|1
3414086|1|1|1|355.51747696|47|1|1|6|1|1|1|1
3414087|1|1|1|389.47050909|47|1|1|6|1|1|1|1
3414088|1|1|1|292.72450553|47|1|1|6|1|1|1|1
3414090|1|1|1|369.55419873|50|1|1|3|1|1|1|1
3414091|1|1|1|254.54637004|50|2|1|3|1|1|1|1
3414092|1|1|1|301.23515318|50|2|1|3|1|1|1|1
3414093|1|1|1|325.30909359|50|2|1|3|1|1|1|1
3414094|1|1|1|605.91451896|50|1|1|1|1|1|1|1
3414095|1|1|1|409.5767042|50|2|1|1|2|1|1|1
3414096|1|1|1|555.03035466|50|1|1|1|1|1|1|1
3414097|1|1|1|515.39534247|50|1|1|2|1|1|1|1
3414098|1|1|1|599.01033034|50|1|1|2|1|1|1|1
3414099|1|1|1|460.4608685|50|2|1|2|1|1|1|1
3414100|1|1|1|475.63445239|50|2|1|2|1|1|1|1
3414101|1|1|1|366.76082527|50|2|1|1|1|1|1|1
3414102|1|1|1|168.34461883|52|1|1|5|2|1|1|1
3414103|1|1|1|294.56395443|52|1|1|2|1|1|1|1
3414104|1|1|1|233.98400541|52|2|1|1|1|1|1|1
3414105|1|1|1|171.85179838|52|2|1|2|1|1|1|1
3414106|1|1|1|250.8755745|52|2|1|2|1|1|1|1
3414107|1|1|1|257.0236559|52|2|1|2|2|1|1|1
3414108|1|1|1|275.75742461|52|2|1|2|1|1|1|1
3414109|1|1|1|156.2045066|52|1|1|2|2|1|1|1
3414110|1|1|1|236.39389499|52|1|1|1|1|1|1|1
3414111|1|1|1|161.90441401|52|2|1|1|1|1|1|1
3414112|1|1|1|351.74888472|52|1|1|1|2|1|1|1
3414113|1|1|1|185.03361601|52|1|1|1|1|1|1|1
3414114|1|1|1|901.3831249|54|1|1|4|1|1|1|1
3414115|1|1|1|686.54854056|54|2|1|4|1|1|1|1
3414116|1|1|1|659.77944219|54|2|1|4|2|1|1|1
3414117|1|1|1|769.63598526|54|2|1|4|1|1|1|1
3414118|1|1|1|830.21848899|54|2|1|3|1|1|1|1
3414119|1|1|1|873.93594078|54|1|1|1|1|1|1|1
3414120|1|1|1|749.46590634|54|1|1|1|1|1|1|1
3414121|1|1|1|789.40397379|54|1|1|1|1|1|1|1
3414122|1|1|1|1165.8591437|54|2|1|1|2|1|1|1
3414123|1|1|1|873.93594078|54|2|1|1|1|1|1|1
3414124|1|1|1|878.93259022|54|2|1|1|1|1|1|1
3414125|1|1|1|435.29116424|54|2|1|1|1|1|1|1
3414126|1|1|1|569.68098911|54|2|1|1|1|1|1|1
3414127|1|1|1|692.35215089|54|2|1|1|1|1|1|1
3414128|1|1|1|708.48182879|54|2|1|1|1|1|1|1
3414129|1|1|1|451.42084215|54|2|1|1|1|1|1|1
3414130|1|1|1|296.98002448|63|1|1|2|1|1|1|1
3414131|1|1|1|505.51402944|63|1|1|2|1|1|1|1
3414132|1|1|1|418.4249892|63|1|1|2|1|1|1|1
3414133|1|1|1|368.89231567|63|1|1|3|1|1|1|1
3414135|1|1|1|191.98678467|63|1|1|1|1|1|1|1
3414137|1|1|1|259.74682631|63|1|1|2|1|1|1|1
3414138|1|1|1|387.5607559|63|1|1|2|1|1|1|1
3414139|1|1|1|244.54218193|63|1|1|2|1|1|1|1
3414140|1|1|1|298.54956082|63|2|1|2|1|1|1|1
3414141|1|1|1|259.74682631|63|1|1|2|1|1|1|1
3414142|1|1|1|283.92620936|63|1|1|2|1|1|1|1
3414143|1|1|1|320.85772212|63|1|1|2|2|1|1|1
3414144|1|1|1|304.46261103|63|1|1|3|1|1|1|1
3414145|1|1|1|358.87725761|63|1|1|2|1|1|1|1
3414146|1|1|1|469.79306068|63|1|1|2|1|1|1|1
3414147|1|1|1|421.15680677|63|2|1|2|1|1|1|1
3414148|1|1|1|315.01911652|63|1|1|2|1|1|1|1
3414149|1|1|1|381.3933678|63|1|1|2|1|1|1|1
3414150|1|1|1|440.92077505|63|2|1|2|1|1|1|1
3414151|1|1|1|480.68421402|63|2|1|2|1|1|1|1
3414152|1|1|1|248.45348604|63|1|1|2|1|1|1|1
3414153|1|1|1|274.58470951|63|1|1|1|1|1|1|1
3414154|1|1|1|337.03903555|63|2|1|2|1|1|1|1
3414155|1|1|1|203.77826398|63|2|1|1|1|1|1|1
3414156|1|1|1|241.44994239|63|2|2||1|1|1|1
3414157|1|1|1|206.5235893|63|1|1|1|1|1|1|1
3414158|1|1|1|329.24992144|63|2|1|3|1|1|1|1
3414159|1|1|1|255.92144196|63|2|1|1|1|1|1|1
3414160|1|1|1|203.28012494|63|1|1|1|1|1|1|1
3414161|1|1|1|306.39912323|63|2|1|5|1|1|1|1
3414162|1|1|1|219.49994763|63|2|1|5|1|1|1|1
3414163|1|1|1|233.39569901|63|1|1|1|1|1|1|1
3414164|1|1|1|326.58257143|63|2|1|4|1|1|1|1
3414165|1|1|1|263.39993715|63|2|1|4|1|1|1|1
3414167|1|1|1|361.69730148|63|2|1|3|1|1|1|1
3414168|1|1|1|416.58323607|63|2|1|3|1|1|1|1
3414169|1|1|1|295.03722532|63|1|1|1|1|1|1|1
3414170|1|1|1|391.91348988|63|1|1|1|1|1|1|1
3414171|1|1|1|343.31050475|63|1|1|1|1|1|1|1
3414172|1|1|1|239.5247814|63|1|1|1|1|1|1|1
3414173|1|1|1|244.29212494|63|1|1|1|1|1|1|1
3414174|1|1|1|239.5247814|63|1|1|1|1|1|1|1
3414175|1|1|1|274.37493453|63|1|1|1|1|1|1|1
3414176|1|1|1|305.04771759|63|1|1|1|1|1|1|1
3414177|1|1|1|274.37493453|63|1|1|1|1|1|1|1
3414178|1|1|1|463.88132593|66|2|1|2|1|1|1|1
3414179|1|1|1|383.17399668|66|2|1|2|1|1|1|1
3414180|1|1|1|424.03841013|66|2|1|2|1|1|1|1
3414181|1|1|1|567.01120996|66|2|1|5|2|1|1|1
3414182|1|1|1|681.74674761|66|2|1|5|1|1|1|1
3414183|1|1|1|877.92341058|66|2|1|1|1|1|1|1
3414184|1|1|1|358.83227934|66|2|1|1|1|1|1|1
3414185|1|1|1|318.98936354|66|2|1|1|1|1|1|1
3414186|1|1|1|494.29096955|66|2|1|1|1|1|1|1
3414187|1|1|1|563.76720412|66|2|1|1|1|1|1|1
3414188|1|1|1|443.44911921|66|2|1|1|1|1|1|1
3414189|1|1|1|563.76720412|66|2|1|1|1|1|1|1
3414190|1|1|1|358.83227934|66|2|1|6|1|1|1|1
3414191|1|1|1|358.83227934|66|2|1|6|1|1|1|1
3414192|1|1|1|477.0432114|66|1|1|4|1|1|1|1
3414193|1|1|1|568.77473269|66|2|1|3|1|1|1|1
3414194|1|1|1|519.92248856|66|2|1|3|1|1|1|1
3414195|1|1|1|403.30754618|66|2|1|1|1|1|1|1
3414196|1|1|1|766.57247519|66|2|1|1|1|1|1|1
3414197|1|1|1|532.59092305|66|2|1|1|1|1|1|1
3414198|1|1|1|706.93108432|66|2|1|2|1|1|1|1
3414199|1|1|1|551.92344259|66|2|1|2|1|1|1|1
3414200|1|1|1|629.42563634|66|2|1|2|1|1|1|1
3414201|1|1|1|539.87678215|66|2|1|2|1|1|1|1
3414202|1|1|1|343.99316227|66|2|1|3|1|1|1|1
3414203|1|1|1|740.79912492|68|2|1|1|1|1|1|1
3414204|1|1|1|544.78627062|68|1|1|3|1|1|1|1
3414205|1|1|1|624.53919245|68|2|1|4|1|1|1|1
3414206|1|1|1|633.20874187|68|2|1|4|1|1|1|1
3414207|1|1|1|781.44638136|68|2|1|4|1|1|1|1
3414208|1|1|1|760.10743908|68|2|1|6|1|1|1|1
3414209|1|1|1|560.61808532|68|1|1|4|1|1|1|1
3414210|1|1|1|613.45172965|68|2|1|2|1|1|1|1
3414211|1|1|1|643.42766938|68|2|1|3|1|1|1|1
3414212|1|1|1|707.33792942|68|2|1|5|1|1|1|1
3414213|1|1|1|294.54699736|70|1|1|1|1|1|1|1
3414214|1|1|1|229.06346203|70|1|1|1|1|1|1|1
3414215|1|1|1|358.54841882|70|1|1|1|1|1|1|1
3414216|1|1|1|306.63499314|70|2|1|1|1|1|1|1
3414217|1|1|1|253.44647464|70|1|1|1|1|1|1|1
3414218|1|1|1|365.96208555|70|1|1|1|1|1|1|1
3414219|1|1|1|141.37590988|70|2|1|1|1|1|1|1
3414220|1|1|1|252.29404863|70|2|1|1|1|1|1|1
3414221|1|1|1|125.07565546|70|2|1|1|1|1|1|1
3414222|1|1|1|187.01422887|70|1|1|1|1|1|1|1
3414223|1|1|1|278.2745334|70|1|1|1|1|1|1|1
3414224|1|1|1|290.76003147|70|2|1|1|1|1|1|1
3414225|1|1|1|204.84227897|70|2|1|1|1|1|1|1
3414226|1|1|1|253.33912238|70|2|1|1|1|1|1|1
3414227|1|1|1|149.13567616|70|1|1|1|1|1|1|1
3414228|1|1|1|167.99468485|70|1|1|1|1|1|1|1
3414229|1|1|1|131.68193192|70|1|1|1|1|1|1|1
3414230|1|1|1|204.30743778|70|1|1|1|1|1|1|1
3414231|1|1|1|202.27256047|70|2|1|1|1|1|1|1
3414232|1|1|1|139.96347609|70|2|1|1|1|1|1|1
3414233|1|1|1|132.34777806|70|1|1|1|1|1|1|1
3414234|1|1|1|168.45787758|70|1|1|1|1|1|1|1
3414235|1|1|1|211.44476054|70|2|1|1|1|1|1|1
3414236|1|1|1|72.265934266|70|1|1|1|1|1|1|1
3414237|1|1|1|356.71861533|73|2|1|2|1|1|1|1
3414238|1|1|1|144.78916803|73|2|1|2|1|1|1|1
3414239|1|1|1|144.78916803|73|2|1|2|1|1|1|1
3414240|1|1|1|465.41006917|73|1|1|3|1|1|1|1
3414241|1|1|1|469.95999014|73|1|1|3|1|1|1|1
3414242|1|1|1|807.4546133|73|1|1|3|1|1|1|1
3414243|1|1|1|604.48168367|73|1|1|3|1|1|1|1
3414244|1|1|1|448.07733996|73|1|1|3|1|1|1|1
3414245|1|1|1|432.36319093|73|1|1|3|1|1|1|1
3414246|1|1|1|432.36319093|73|1|1|3|1|1|1|1
3414247|1|1|1|432.36319093|73|1|1|3|1|1|1|1
3414248|1|1|1|197.17998541|73|1|1|3|1|1|1|1
3414249|1|1|1|150.88555405|73|1|1|2|1|1|1|1
3414250|1|1|1|176.50313478|73|1|1|2|1|1|1|1
3414251|1|1|1|395.88056061|73|2|1|2|1|1|1|1
3414252|1|1|1|329.22142724|73|2|1|2|1|1|1|1
3414253|1|1|1|246.24990328|73|2|1|3|1|1|1|1
3414254|1|1|1|305.8018671|73|2|1|3|1|1|1|1
3414255|1|1|1|175.7473783|73|2|1|3|1|1|1|1
3414256|1|1|1|353.68039177|73|2|1|3|1|1|1|1
3414257|1|1|1|434.453104|73|2|1|3|1|1|1|1
3414258|1|1|1|385.36719191|73|1|1|3|1|1|1|1
3414259|1|1|1|287.61535893|73|2|1|3|1|1|1|1
3414260|1|1|1|631.33473847|73|2|1|3|1|1|1|1
3414261|1|1|1|709.45556845|73|2|1|2|1|1|1|1
3414262|1|1|1|564.96708082|73|2|1|2|1|1|1|1
3414263|1|1|1|1849.5291171|76|2|1|1|2|2|1|1
3414264|1|1|1|1587.9158117|76|2|1|1|2|2|1|1
3414265|1|1|1|1407.5658792|76|2|1|2|1|1|1|1
3414267|1|1|1|1993.7168298|76|2|1|5|1|1|1|1
3414268|1|1|1|2169.0829238|76|2|1|2|1|1|1|1
3414269|1|1|1|1520.6057078|76|2|1|2|1|1|1|1
3414270|1|1|1|1713.6002257|76|2|1|3|1|1|1|1
3414271|1|1|1|1861.4613835|76|2|1|3|1|1|1|1
3414272|1|1|1|1313.250384|76|1|1|2|1|1|1|1
3414273|1|1|1|976.76398291|76|2|1|3|1|1|1|1
3414274|1|1|1|1662.2140724|76|2|1|1|2|1|1|1
3414275|1|1|1|1518.5979908|76|2|1|1|1|1|1|1
3414276|1|1|1|2657.9685394|76|1|1|1|1|1|1|1
3414277|1|1|1|2522.8772449|76|2|1|1|1|1|1|1
3414278|1|1|1|1464.4790907|76|2|1|1|1|1|1|1
3414279|1|1|1|3223.2939932|76|1|1|6|1|1|1|1
3414281|1|1|1|1551.5894452|76|1|1|1|1|1|1|1
3414282|1|1|1|2129.6298999|76|1|1|1|1|1|1|1
3414283|1|1|1|3416.4948824|76|2|1|1|1|1|1|1
3414284|1|1|1|1843.1911908|76|2|1|1|1|1|1|1
3414285|1|1|1|1575.428862|76|1|1|1|1|1|1|1
3414286|1|1|1|2054.4232473|76|2|1|1|1|1|1|1
3414287|1|1|1|2148.2296977|76|1|1|1|1|1|1|1
3415552|1|1|1|3129.6060329|05|2|1|2|1|1|1|1
3415553|1|1|1|1757.3326067|05|2|1|2|1|1|1|1
3415554|1|1|1|2133.2372572|05|2|1|2|1|1|1|1
3415555|1|1|1|4199.8201239|05|2|1|2|1|1|1|1
3415556|1|1|1|2199.1449542|05|2|1|2|1|1|1|1
3415558|1|1|1|4786.9917083|05|2|1|2|1|1|1|1
3415559|1|1|1|2806.3499609|05|2|1|2|1|1|1|1
3415560|1|1|1|4199.8201239|05|2|1|2|1|1|1|1
3415561|1|1|1|3991.2527191|05|2|1|2|1|1|1|1
3415562|1|1|1|2644.0511576|05|2|1|2|1|1|1|1
3415563|1|1|1|3080.4479506|05|2|1|1|2|1|1|1
3415564|1|1|1|5942.7369366|05|2|1|1|2|1|1|1
3415565|1|1|1|5577.0777184|05|2|1|1|2|1|1|1
3415566|1|1|1|3468.5472959|05|2|1|1|2|1|1|1
3415567|1|1|1|2345.2726695|05|2|1|1|2|1|1|1
3415568|1|1|1|6587.4691145|05|2|1|1|2|1|1|1
3415569|1|1|1|2552.078264|05|2|1|1|2|1|1|1
3415570|1|1|1|5577.0777184|05|2|1|1|2|1|1|1
3415571|1|1|1|3824.6234168|05|2|1|1|2|1|1|1
3415573|1|1|1|4043.2636197|05|2|1|1|2|1|1|1
3415574|1|1|1|3411.9812516|05|2|1|3|1|1|1|1
3415576|1|1|1|5593.0300106|05|2|1|3|1|1|1|1
3415578|1|1|1|3465.5039445|05|2|1|3|1|1|1|1
3415584|1|1|1|1994.1729178|05|2|1|6|1|1|1|1
3415585|1|1|1|2205.6819641|05|2|1|1|2|1|1|1
3415586|1|1|1|3676.7193358|05|2|1|1|2|1|1|1
3415587|1|1|1|1457.9329426|05|2|1|1|2|1|1|1
3415589|1|1|1|2376.4081736|05|2|1|1|2|1|1|1
3415590|1|1|1|4151.8245237|05|2|1|1|2|1|1|1
3415592|1|1|1|2111.3292836|05|2|1|1|2|1|1|1
3415594|1|1|1|5241.1827396|05|2|1|1|2|1|1|1
3415596|1|1|1|1545.9042017|05|1|1|1|2|1|1|1
3415597|1|1|1|1489.689636|08|2|1|4|1|1|1|1
3415598|1|1|1|1279.2057547|08|2|1|4|1|1|1|1
3415599|1|1|1|1694.8546218|08|2|1|4|1|1|1|1
3415600|1|1|1|1919.635604|08|2|1|4|1|1|1|1
3415601|1|1|1|1416.8756989|08|2|1|4|1|1|1|1
3415602|1|1|1|1872.9448288|08|2|1|4|1|1|1|1
3415603|1|1|1|2129.6393129|08|1|1|3|1|1|1|1
3415604|1|1|1|1710.9578487|08|1|1|3|1|1|1|1
3415605|1|1|1|1339.8351763|08|2|1|3|1|1|1|1
3415606|1|1|1|1033.9868353|08|1|1|3|1|1|1|1
3415607|1|1|1|720.07513113|08|2|1|1|1|1|1|1
3415608|1|1|1|1423.6873812|08|2|1|1|1|1|1|1
3415609|1|1|1|1209.8590919|08|2|1|1|1|1|1|1
3415610|1|1|1|1114.5389565|08|2|1|1|1|1|1|1
3415611|1|1|1|834.52104439|08|2|1|1|1|1|1|1
3415612|1|1|1|988.48511265|08|1|1|1|1|2|1|2
3415613|1|1|1|1512.1759|08|2|1|1|1|2|1|2
3415614|1|1|1|657.94964702|08|2|1|2|1|1|1|1
3415615|1|1|1|1190.2183253|08|1|1|2|1|1|1|1
3415616|1|1|1|885.50428277|08|2|1|1|1|1|1|1
3415617|1|1|1|1118.2124484|08|2|1|1|1|1|1|1
3415618|1|1|1|1252.2589164|08|2|1|1|1|1|1|1
3415619|1|1|1|1398.1155828|08|1|1|1|1|1|1|1
3415620|1|1|1|1213.0435206|08|2|1|1|1|1|1|1
3415621|1|1|1|3953.0595336|11|2|1|2|1|1|1|1
3415622|1|1|1|5571.8888742|11|1|1|2|1|1|1|1
3415623|1|1|1|6813.3578742|11|2|1|2|1|1|1|1
3415624|1|1|1|7286.6228302|11|1|1|3|1|1|1|1
3415625|1|1|1|6583.3438116|11|1|1|3|1|1|1|1
3415626|1|1|1|6629.5607299|11|1|1|3|1|1|1|1
3415628|1|1|1|5915.2583482|11|1|1|3|1|1|1|1
3415629|1|1|1|3167.8304935|11|1|1|3|1|1|1|1
3415630|1|1|1|3102.2705888|11|1|1|3|1|1|1|1
3415631|1|1|1|5889.6594061|11|2|1|4|1|1|1|1
3415632|1|1|1|5868.1579944|11|2|1|4|1|1|1|1
3415633|1|1|1|6718.2578163|11|2|1|4|1|1|1|1
3415634|1|1|1|8274.3114764|11|2|1|4|1|1|1|1
3415636|1|1|1|71.156931638|15|1|1|3|1|1|1|1
3415637|1|1|1|184.86566043|15|2|1|4|1|1|1|1
3415638|1|1|1|449.0773073|17|2|1|4|1|1|1|1
3415639|1|1|1|515.0346667|17|1|1|4|1|1|1|1
3415640|1|1|1|242.76259816|17|1|1|4|1|1|1|1
3415641|1|1|1|238.96617601|17|1|1|4|1|1|1|1
3415642|1|1|1|380.28682354|17|2|1|4|1|1|1|1
3415643|1|1|1|204.82815086|17|1|1|3|1|1|1|1
3415644|1|1|1|373.51160735|17|2|1|3|1|1|1|1
3415645|1|1|1|319.06618245|17|2|1|3|1|1|1|1
3415646|1|1|1|384.92340626|17|2|1|3|1|1|1|1
3415647|1|1|1|466.65661935|17|2|1|3|1|1|1|1
3415648|1|1|1|727.91930976|17|2|1|3|1|1|1|1
3415649|1|1|1|466.65661935|17|2|1|3|1|1|1|1
3415650|1|1|1|514.21311263|17|2|1|3|1|1|1|1
3415651|1|1|1|291.35623618|17|2|1|3|1|1|1|1
3415652|1|1|1|353.2046426|17|2|1|2|1|1|1|1
3415653|1|1|1|522.64284034|17|2|1|2|1|1|1|1
3415654|1|1|1|384.92340626|17|2|1|2|1|1|1|1
3415655|1|1|1|321.06876561|17|2|1|2|1|1|1|1
3415656|1|1|1|502.80131372|17|2|1|1|1|1|1|1
3415657|1|1|1|217.31617123|18|1|1|1|1|2|1|1
3415658|1|1|1|94.210529624|18|2|1|2|1|1|1|1
3415659|1|1|1|117.01241458|18|4|1|1|2|1|1|1
3415660|1|1|1|198.45310893|18|2|1|1|1|1|1|1
3415661|1|1|1|176.24538844|18|2|1|1|1|1|1|1
3415662|1|1|1|103.52805453|18|1|1|2|1|1|1|1
3415663|1|1|1|124.18104696|18|1|1|1|1|2|1|1
3415664|1|1|1|156.41012296|18|1|1|2|1|1|1|1
3415665|1|1|1|132.18404133|18|2|1|2|1|1|1|1
3415666|1|1|1|91.173449608|18|1|1|1|1|1|1|1
3415667|1|1|1|137.32864729|18|1|1|1|1|1|1|1
3415668|1|1|1|158.7093389|18|2|1|1|1|1|1|1
3415669|1|1|1|127.58037057|18|2|1|1|1|1|1|1
3415670|1|1|1|258.90548453|18|1|1|1|1|1|1|1
3415671|1|1|1|80.832900633|18|1|1|1|1|2|1|1
3415672|1|1|1|135.72542464|18|1|1|1|1|1|1|1
3415673|1|1|1|153.03288457|18|1|1|1|1|1|1|1
3415674|1|1|1|121.72055685|18|1|1|1|1|1|1|1
3415675|1|1|1|275.82347093|19|1|1|2|1|1|1|1
3415676|1|1|1|314.032411|19|1|1|1|1|1|1|1
3415677|1|1|1|275.45986735|19|1|1|1|1|1|1|1
3415678|1|1|1|598.57568306|19|1|1|1|1|1|1|1
3415679|1|1|1|411.56026939|19|1|1|1|1|1|1|1
3415680|1|1|1|275.45986735|19|1|1|1|1|1|1|1
3415681|1|1|1|135.85474645|19|1|1|1|2|1|1|1
3415682|1|1|1|316.75522479|19|1|1|1|1|1|1|1
3415683|1|1|1|585.20795962|19|1|1|1|2|1|1|1
3415684|1|1|1|212.41161687|19|1|1|1|1|1|1|1
3415685|1|1|1|188.45352545|19|2|1|2|1|1|1|1
3415686|1|1|1|239.63940384|19|1|1|2|1|1|1|1
3415687|1|1|1|195.28705252|19|1|1|2|1|1|1|1
3415688|1|1|1|189.42204477|19|2|1|2|1|1|1|1
3415689|1|1|1|86.466880871|19|1|1|1|1|1|1|1
3415690|1|1|1|195.28705252|19|1|1|1|1|1|1|1
3415691|1|1|1|86.466880871|19|1|1|2|1|1|1|1
3415692|1|1|1|443.81572844|20|3|1|2|1|1|1|1
3415693|1|1|1|256.00292548|20|2|1|2|1|1|1|1
3415694|1|1|1|270.59614005|20|2|1|2|1|1|1|1
3415695|1|1|1|443.81572844|20|2|1|2|1|1|1|1
3415696|1|1|1|427.43815713|20|2|1|2|1|1|1|1
3415697|1|1|1|324.45644993|20|3|1|2|1|1|1|1
3415698|1|1|1|309.52438934|20|3|1|2|1|1|1|1
3415699|1|1|1|276.3862873|20|3|1|2|1|1|1|1
3415700|1|1|1|698.36769826|20|1|1|2|1|1|1|1
3415701|1|1|1|463.65352843|20|2|1|2|1|1|1|1
3415702|1|1|1|327.26950585|20|3|1|2|1|1|1|1
3415703|1|1|1|589.59412504|20|2|1|2|1|1|1|1
3415704|1|1|1|306.33671063|20|2|1|2|1|1|1|1
3415705|1|1|1|548.05772224|20|1|1|2|1|1|1|1
3415706|1|1|1|526.2086972|20|2|1|2|1|1|1|1
3415707|1|1|1|387.4574121|20|3|1|2|1|1|1|1
3415708|1|1|1|378.48771234|20|1|1|1|2|2|1|1
3415709|1|1|1|385.75712519|20|2|1|1|2|2|1|1
3415710|1|1|1|282.96913614|20|2|1|1|2|2|1|1
3415711|1|1|1|378.48771234|20|2|1|1|2|2|1|1
3415712|1|1|1|397.6542596|20|1|1|2|1|1|1|1
3415713|1|1|1|327.02498891|20|2|1|2|1|1|1|1
3415714|1|1|1|377.11623299|20|1|1|3|1|1|1|1
3415715|1|1|1|338.11655019|20|1|1|3|1|1|1|1
3415716|1|1|1|324.00130021|20|1|1|3|1|1|1|1
3415717|1|1|1|269.60906932|20|1|1|3|1|1|1|1
3415718|1|1|1|431.10278296|20|1|1|3|1|1|1|1
3415719|1|1|1|452.20206087|20|1|1|3|1|1|1|1
3415720|1|1|1|166.03502145|20|1|1|3|1|1|1|1
3415721|1|1|1|338.38247005|20|1|1|3|1|1|1|1
3415722|1|1|1|371.01879165|20|1|1|3|1|1|1|1
3415723|1|1|1|313.02564413|20|1|1|4|1|1|1|1
3415724|1|1|1|468.6324456|20|1|1|3|1|1|1|1
3415725|1|1|1|313.02564413|20|1|1|4|1|1|1|1
3415726|1|1|1|329.33868196|20|1|1|4|1|1|1|1
3415727|1|1|1|306.94024819|20|1|1|4|1|1|1|1
3415728|1|1|1|567.59926984|20|2|1|1|1|1|1|1
3415729|1|1|1|467.32699141|20|2|1|1|1|1|1|1
3415730|1|1|1|371.50647274|20|1|1|3|1|1|1|1
3415731|1|1|1|409.83347155|20|1|1|3|1|1|1|1
3415732|1|1|1|513.29155509|20|1|1|3|1|1|1|1
3415733|1|1|1|513.29155509|20|1|1|3|1|1|1|1
3415734|1|1|1|339.03662365|20|1|1|3|1|1|1|1
3415735|1|1|1|434.12217519|20|1|1|3|1|1|1|1
3415736|1|1|1|243.35382482|23|1|1|1|1|1|1|1
3415737|1|1|1|307.92590105|23|1|1|1|1|1|1|1
3415738|1|1|1|267.8890503|23|2|1|1|1|1|1|1
3415739|1|1|1|257.03570255|23|2|1|1|1|1|1|1
3415741|1|1|1|356.26081353|23|2|1|1|1|1|1|1
3415743|1|1|1|256.29586903|23|2|1|1|1|1|1|1
3415744|1|1|1|215.23334063|23|2|1|1|1|1|1|1
3415745|1|1|1|275.15713932|23|2|1|1|1|1|1|1
3415747|1|1|1|184.22312826|23|1|1|1|1|1|1|1
3415749|1|1|1|275.15713932|23|2|1|1|1|1|1|1
3415750|1|1|1|172.26029029|23|2|1|1|1|1|1|1
3415751|1|1|1|231.59629906|23|1|1|1|1|1|1|1
3415753|1|1|1|324.47731938|23|1|1|1|1|1|1|1
3415754|1|1|1|246.01720422|23|1|1|1|1|2|1|1
3415755|1|1|1|181.03418335|23|1|1|1|1|1|1|1
3415756|1|1|1|278.51500892|23|1|1|1|1|1|1|1
3415757|1|1|1|206.60676869|23|1|1|1|1|1|1|1
3415758|1|1|1|259.92080022|23|2|1|1|1|1|1|1
3415759|1|1|1|283.11559845|23|1|1|1|1|1|1|1
3415760|1|1|1|277.04554607|23|1|1|1|1|1|1|1
3415761|1|1|1|195.45508851|23|2|1|1|1|1|1|1
3415762|1|1|1|259.92080022|23|2|1|1|1|1|1|1
3415763|1|1|1|345.2830413|23|2|1|1|1|1|1|1
3415764|1|1|1|329.75038121|23|2|1|1|1|1|1|1
3415765|1|1|1|385.2920632|23|1|1|1|1|1|1|1
3415766|1|1|1|195.38180775|23|1|1|1|1|1|1|1
3415767|1|1|1|235.84897656|23|2|1|1|1|1|1|1
3415769|1|1|1|284.33621834|23|2|1|1|1|1|1|1
3415770|1|1|1|330.63039189|23|2|1|1|1|1|1|1
3415771|1|1|1|231.51048819|23|2|1|1|1|1|1|1
3415772|1|1|1|266.711481|23|1|1|1|1|1|1|1
3415773|1|1|1|184.48572054|23|2|1|1|1|1|1|1
3415774|1|1|1|305.3664116|23|2|1|1|1|1|1|1
3415775|1|1|1|220.31631647|23|1|1|1|1|1|1|1
3415776|1|1|1|182.09210404|27|1|1|1|2|2|1|1
3415777|1|1|1|67.997829602|27|2|1|3|2|2|1|1
3415778|1|1|1|98.237920245|27|1|1|1|2|1|1|1
3415779|1|1|1|67.997829602|27|1|1|1|2|1|1|1
3415780|1|1|1|44.148592523|27|1|1|1|2|1|1|1
3415781|1|1|1|77.120039921|27|2|1|3|2|2|1|2
3415782|1|1|1|100.92787749|27|1|1|1|2|2|1|1
3415783|1|1|1|160.57850078|27|1|1|1|2|2|1|1
3415784|1|1|1|100.0983195|27|2|1|1|2|2|1|1
3415785|1|1|1|213.55018136|27|1|1|2|2|1|1|1
3415786|1|1|1|126.99002995|27|1|1|1|2|2|1|1
3415787|1|1|1|126.05677721|27|1|1|1|2|1|1|1
3415788|1|1|1|180.65081338|27|2|1|1|2|1|1|1
3415789|1|1|1|65.945699765|27|1|1|1|2|2|1|1
3415790|1|1|1|125.96832581|27|2|1|1|2|1|1|1
3415791|1|1|1|127.82997895|27|2|1|1|2|2|1|1
3415792|1|1|1|87.997520765|27|2|1|1|2|1|1|1
3415793|1|1|1|80.344556665|27|2|1|1|2|1|1|1
3415794|1|1|1|127.82997895|27|2|1|1|2|1|1|1
3415795|1|1|1|72.578693226|27|2|1|2|2|1|1|1
3415796|1|1|1|97.242928697|27|1|1|1|2|1|1|1
3415797|1|1|1|82.164973573|27|1|1|1|2|2|1|2
3415798|1|1|1|179.30376531|41|2|1|5|1|1|1|1
3415799|1|1|1|177.23105248|41|2|1|5|1|1|1|1
3415800|1|1|1|297.58802083|41|2|1|5|1|1|1|1
3415801|1|1|1|279.97970891|41|1|1|2|1|1|1|1
3415802|1|1|1|371.04231956|41|1|1|2|1|1|1|1
3415803|1|1|1|348.98218799|41|1|1|2|1|1|1|1
3415804|1|1|1|307.83368293|41|1|1|2|1|1|1|1
3415805|1|1|1|207.64139625|41|1|1|2|1|1|1|1
3415806|1|1|1|179.78742223|41|1|1|2|1|1|1|1
3415807|1|1|1|279.97970891|41|2|1|2|1|1|1|1
3415808|1|1|1|347.74203043|41|1|1|2|1|1|1|1
3415809|1|1|1|227.45193986|41|1|1|2|1|1|1|1
3415810|1|1|1|267.82921875|41|1|1|2|1|1|1|1
3415811|1|1|1|295.97631394|41|2|1|2|1|1|1|1
3415812|1|1|1|423.46166153|41|2|1|2|1|1|1|1
3415813|1|1|1|175.45874195|41|1|1|2|1|1|1|1
3415814|1|1|1|482.88494341|41|2|1|2|1|1|1|1
3415815|1|1|1|474.8444439|41|2|1|2|1|1|1|1
3415816|1|1|1|221.92573443|41|1|1|2|1|1|1|1
3415817|1|1|1|392.82229011|41|2|1|2|1|1|1|1
3415818|1|1|1|474.8444439|41|2|1|2|1|1|1|1
3415819|1|1|1|247.54974375|41|1|1|4|1|1|1|1
3415820|1|1|1|161.37338878|41|1|1|4|1|1|1|1
3415821|1|1|1|143.96351132|41|1|1|4|1|1|1|1
3415822|1|1|1|143.96351132|41|1|1|4|1|1|1|1
3415823|1|1|1|161.37338878|41|1|1|4|1|1|1|1
3415824|1|1|1|247.54974375|41|1|1|4|1|1|1|1
3415825|1|1|1|248.78990131|41|1|1|4|1|1|1|1
3415826|1|1|1|161.37338878|41|1|1|4|1|1|1|1
3415827|1|1|1|275.40371777|41|1|1|4|1|1|1|1
3415828|1|1|1|143.96351132|41|1|1|4|1|1|1|1
3415829|1|1|1|143.96351132|41|1|1|4|1|1|1|1
3415830|1|1|1|201.75066766|41|2|1|1|1|1|1|1
3415831|1|1|1|289.16718019|41|2|1|1|1|1|1|1
3415832|1|1|1|269.06937631|41|1|1|1|1|1|1|1
3415833|1|1|1|143.96351132|41|2|1|1|1|1|1|1
3415834|1|1|1|201.75066766|41|1|1|1|1|1|1|1
3415835|1|1|1|241.46787158|41|1|1|1|1|1|1|1
3415836|1|1|1|179.78742223|41|2|1|1|1|1|1|1
3415837|1|1|1|247.54974375|41|1|1|1|1|1|1|1
3415838|1|1|1|98.186357051|44|1|1|1|1|1|1|1
3415839|1|1|1|79.176523346|44|1|1|3|1|1|1|1
3415840|1|1|1|105.69038317|44|1|1|3|1|1|1|1
3415841|1|1|1|83.122546052|44|1|1|3|1|1|1|1
3415842|1|1|1|126.99175603|44|1|1|2|1|1|1|1
3415843|1|1|1|119.68247678|44|1|1|3|1|1|1|1
3415844|1|1|1|103.18151312|44|2|1|2|1|1|1|1
3415845|1|1|1|99.571599948|44|2|1|2|1|1|1|1
3415846|1|1|1|106.31534168|44|1|1|2|1|1|1|1
3415847|1|1|1|96.302445525|44|1|1|3|1|1|1|1
3415848|1|1|1|109.40335258|44|1|1|0|2|2|2|1
3415849|1|1|1|117.93656653|44|1|1|0|2|2|1|2
3415850|1|1|1|138.8711886|44|1|1|0|2|2|2|1
3415851|1|1|1|132.40348899|44|1|1|0|2|2|2|1
3415852|1|1|1|111.22121961|44|1|1|0|2|2|1|2
3415853|1|1|1|113.90929466|44|1|2||2|2|1|2
3415854|1|1|1|126.08050434|44|1|1|0|2|2|2|1
3415855|1|1|1|135.17543595|44|1|1|0|2|2|2|1
3415856|1|1|1|102.94320604|44|1|1|0|2|2|2|1
3415857|1|1|1|91.391185817|44|2|1|2|1|1|1|1
3415858|1|1|1|89.17362825|44|2|1|2|1|1|1|1
3415859|1|1|1|85.766186715|44|2|1|2|1|1|1|1
3415860|1|1|1|65.715131403|44|2|1|2|1|1|1|1
3415861|1|1|1|67.86559144|44|2|1|3|1|1|1|1
3415862|1|1|1|56.431047889|44|2|1|2|1|1|1|1
3415863|1|1|1|83.143343512|44|2|1|2|1|1|1|1
3415864|1|1|1|55.231255647|44|2|1|1|1|1|1|1
3415865|1|1|1|81.191887866|44|1|1|2|1|1|1|1
3415866|1|1|1|77.613792781|44|1|1|2|1|1|1|1
3415867|1|1|1|98.450668012|44|2|1|1|1|1|1|1
3415868|1|1|1|74.326100597|44|2|1|1|1|1|1|1
3415869|1|1|1|52.771524483|44|1|1|1|1|1|1|1
3415870|1|1|1|85.250007332|44|2|1|2|1|2|1|1
3415871|1|1|1|123.95685096|44|1|1|2|1|1|1|1
3415872|1|1|1|59.070433459|44|2|1|3|1|1|1|1
3415873|1|1|1|67.642997692|44|2|1|3|1|1|1|1
3415874|1|1|1|67.642997692|44|2|1|3|1|1|1|1
3415875|1|1|1|58.439814851|44|2|1|3|1|1|1|1
3415876|1|1|1|76.619062401|44|2|1|3|1|1|1|1
3415877|1|1|1|49.925029047|44|2|1|3|1|1|1|1
3415878|1|1|1|60.752878788|44|1|1|2|1|1|1|1
3415879|1|1|1|102.51159322|44|2|1|1|1|1|1|1
3415880|1|1|1|85.501587711|44|2|1|2|1|1|1|1
3415882|1|1|1|85.501587711|44|2|1|2|1|1|1|1
3415883|1|1|1|120.66770837|44|2|1|2|1|1|1|1
3415884|1|1|1|86.371795724|44|2|1|2|1|1|1|1
3415885|1|1|1|98.191448263|44|2|1|2|1|1|1|1
3415886|1|1|1|133.98226893|44|2|1|2|1|1|1|1
3415887|1|1|1|106.43804139|44|1|1|2|1|1|1|1
3415888|1|1|1|84.207596984|44|2|1|2|1|1|1|1
3415889|1|1|1|82.143914253|44|2|1|2|1|1|1|1
3415890|1|1|1|116.46319959|44|2|1|1|1|1|1|1
3415891|1|1|1|101.79493742|44|2|1|0|2|1|1|1
3415892|1|1|1|84.207596984|44|2|1|1|1|1|1|1
3415893|1|1|1|55.260162374|44|1|1|2|1|1|1|1
3415894|1|1|1|68.389986734|44|1|1|2|1|1|1|1
3415895|1|1|1|55.260162374|44|1|1|2|1|1|1|1
3415896|1|1|1|59.317983795|44|1|1|2|1|1|1|1
3415898|1|1|1|677.32996338|47|1|1|3|1|1|1|1
3415899|1|1|1|177.80340565|47|1|1|3|1|1|1|1
3415902|1|1|1|217.31527357|47|2|1|6|1|1|1|1
3415903|1|1|1|243.21514568|47|1|1|6|1|1|1|1
3415905|1|1|1|483.24795303|47|1|1|3|1|1|1|1
3415906|1|1|1|400.30959607|47|1|1|2|1|1|1|1
3415907|1|1|1|200.02883135|47|1|1|5|1|1|1|1
3415908|1|1|1|200.02883135|47|2|1|5|1|1|1|1
3415909|1|1|1|200.02883135|47|2|1|5|1|1|1|1
3415910|1|1|1|322.69579009|47|2|1|5|1|1|1|1
3415911|1|1|1|305.11947971|47|2|1|5|1|1|1|1
3415912|1|1|1|200.02883135|47|2|1|5|1|1|1|1
3415913|1|1|1|305.11947971|47|2|1|5|1|1|1|1
3415914|1|1|1|195.58374621|47|2|1|2|1|1|1|1
3415915|1|1|1|383.38663775|50|1|1|2|1|1|1|1
3415916|1|1|1|447.87785089|50|1|1|2|1|1|1|1
3415917|1|1|1|302.47932953|50|2|1|2|1|1|1|1
3415918|1|1|1|629.82623326|50|2|1|2|1|1|1|1
3415919|1|1|1|629.82623326|50|1|1|2|1|1|1|1
3415920|1|1|1|342.58491957|50|2|1|2|1|1|1|1
3415921|1|1|1|157.45655832|50|2|1|2|1|1|1|1
3415922|1|1|1|568.39069452|50|2|1|2|1|1|1|1
3415923|1|1|1|304.88270961|50|2|1|3|1|1|1|1
3415924|1|1|1|534.97814171|50|1|1|2|1|1|1|1
3415925|1|1|1|606.49933574|50|2|1|2|1|1|1|1
3415926|1|1|1|151.62483393|50|2|1|2|1|1|1|1
3415927|1|1|1|320.23767875|50|2|1|2|1|1|1|1
3415928|1|1|1|264.68814791|50|2|1|2|1|1|1|1
3415929|1|1|1|514.87261944|50|2|1|2|1|1|1|1
3415930|1|1|1|320.23767875|50|2|1|2|1|1|1|1
3415931|1|1|1|264.68814791|50|2|1|2|1|1|1|1
3415932|1|1|1|480.12916809|50|2|1|2|1|1|1|1
3415933|1|1|1|222.68856105|50|1|1|2|1|1|1|1
3415934|1|1|1|431.19126073|50|2|1|2|1|1|1|1
3415935|1|1|1|678.04224053|50|2|1|2|1|1|1|1
3415936|1|1|1|397.51699869|50|1|1|2|1|1|1|1
3415937|1|1|1|412.02305471|50|1|1|2|1|1|1|1
3415938|1|1|1|755.27007554|50|1|1|2|1|1|1|1
3415939|1|1|1|427.83465769|50|2|1|2|1|1|1|1
3415940|1|1|1|572.43870965|50|2|1|1|1|1|1|1
3415941|1|1|1|254.61669446|50|3|1|2|1|1|1|1
3415942|1|1|1|437.44806035|50|2|1|2|1|1|1|1
3415943|1|1|1|180.86703441|52|2|1|3|1|1|1|1
3415944|1|1|1|174.78825692|52|2|1|3|2|1|1|1
3415945|1|1|1|181.29762937|52|2|1|3|2|1|1|1
3415946|1|1|1|297.63739523|52|2|1|2|2|1|1|1
3415947|1|1|1|297.63739523|52|2|1|2|2|1|1|1
3415948|1|1|1|409.62431108|52|2|1|2|2|1|1|1
3415949|1|1|1|244.35588259|52|2|1|2|1|1|1|1
3415950|1|1|1|95.626883735|52|2|1|2|1|1|1|1
3415951|1|1|1|109.52267915|52|2|1|2|1|1|1|1
3415952|1|1|1|222.19933181|52|1|1|3|1|1|1|1
3415953|1|1|1|330.02981615|52|2|1|3|1|1|1|1
3415954|1|1|1|235.59041988|52|2|1|1|2|2|1|1
3415955|1|1|1|283.55837025|52|1|1|1|2|2|1|1
3415956|1|1|1|147.33624888|52|2|1|4|2|1|1|1
3415957|1|1|1|271.41295055|52|2|1|4|2|1|1|1
3415958|1|1|1|277.21060006|52|2|1|3|2|1|1|1
3415959|1|1|1|302.16271562|52|2|1|3|2|1|1|1
3415960|1|1|1|276.92144542|52|2|1|2|2|1|1|1
3415961|1|1|1|304.16962379|52|2|1|2|2|1|1|1
3415962|1|1|1|203.0328608|52|2|1|3|2|1|1|1
3415963|1|1|1|146.28963584|52|2|1|3|2|1|1|1
3415964|1|1|1|396.6345249|52|2|1|3|2|1|1|1
3415965|1|1|1|521.54793459|54|1|1|1|1|1|1|1
3415966|1|1|1|504.37119924|54|1|1|2|1|1|1|1
3415967|1|1|1|441.51421056|54|1|1|2|1|1|1|1
3415968|1|1|1|590.48085932|54|2|1|2|1|1|1|1
3415969|1|1|1|891.57685086|54|2|1|2|1|1|1|1
3415970|1|1|1|493.96942177|54|1|1|2|1|1|1|1
3415971|1|1|1|684.34157393|54|1|1|2|2|1|1|1
3415972|1|1|1|556.15500168|54|1|1|2|1|1|1|1
3415973|1|1|1|744.16065871|54|2|1|2|1|1|1|1
3415974|1|1|1|350.80111832|54|1|1|4|1|1|1|1
3415975|1|1|1|537.69986897|54|1|1|4|1|1|1|1
3415976|1|1|1|309.53039852|54|1|1|5|1|1|1|1
3415977|1|1|1|575.43857063|54|1|1|5|1|1|1|1
3415978|1|1|1|427.81153975|54|1|1|5|1|1|1|1
3415979|1|1|1|498.09184061|54|1|1|5|1|1|1|1
3415980|1|1|1|651.59838682|54|1|1|5|1|1|1|1
3415981|1|1|1|649.77800596|54|1|1|5|1|1|1|1
3415982|1|1|1|309.69617744|54|1|1|5|1|1|1|1
3415983|1|1|1|1006.2947166|54|2|1|1|1|1|1|1
3415984|1|1|1|1318.8035645|54|1|1|1|1|1|1|1
3415985|1|1|1|891.57685086|54|1|1|1|1|1|1|1
3415986|1|1|1|1493.1693698|54|1|1|1|1|1|1|1
3415987|1|1|1|932.14222746|54|1|1|1|1|1|1|1
3415988|1|1|1|498.1631139|54|1|1|1|1|1|1|1
3415989|1|1|1|407.7183248|54|1|1|1|1|1|1|1
3415990|1|1|1|690.57170557|54|1|1|1|1|1|1|1
3415991|1|1|1|633.84238186|54|2|1|1|2|1|1|1
3415992|1|1|1|614.54084375|54|1|1|2|1|1|1|1
3415993|1|1|1|843.47493366|54|1|1|1|2|1|1|1
3415994|1|1|1|674.69943483|54|1|1|1|1|1|1|1
3415995|1|1|1|1778.2865267|54|1|1|2|2|1|1|1
3415996|1|1|1|258.56259469|63|2|1|2|1|1|1|1
3415997|1|1|1|328.27139423|63|2|1|2|1|1|1|1
3415998|1|1|1|240.97421738|63|2|1|2|1|1|1|1
3415999|1|1|1|473.07935928|63|1|1|2|1|1|1|1
3416001|1|1|1|332.43762175|63|1|1|2|1|1|1|1
3416002|1|1|1|292.93163563|63|1|1|2|1|1|1|1
3416003|1|1|1|234.65022891|63|1|1|2|1|1|1|1
3416004|1|1|1|321.94740576|63|1|1|2|1|1|1|1
3416005|1|1|1|303.42185162|63|1|1|2|1|1|1|1
3416006|1|1|1|249.73256327|63|1|1|2|1|1|1|1
3416007|1|1|1|182.25542675|63|2|1|3|2|1|1|1
3416008|1|1|1|285.8511251|63|2|1|4|2|1|1|1
3416009|1|1|1|251.881352|63|2|1|2|2|1|1|1
3416010|1|1|1|251.881352|63|2|1|3|2|1|1|1
3416012|1|1|1|304.89774026|63|2|1|4|2|1|1|1
3416013|1|1|1|341.68604853|63|2|1|1|1|1|1|1
3416014|1|1|1|335.36206006|63|2|1|1|1|1|1|1
3416015|1|1|1|341.43340215|63|2|1|2|1|1|1|1
3416016|1|1|1|292.93163563|63|3|1|1|2|1|1|1
3416017|1|1|1|216.12467477|63|3|1|1|2|1|1|1
3416018|1|1|1|292.93163563|63|3|1|1|2|1|1|1
3416019|1|1|1|236.55534349|63|3|1|1|2|1|1|1
3416020|1|1|1|321.94740576|63|3|1|1|2|1|1|1
3416021|1|1|1|303.42185162|63|1|1|1|2|1|1|1
3416022|1|1|1|530.95282512|66|2|1|6|1|1|1|1
3416023|1|1|1|444.40946548|66|1|1|1|2|1|1|1
3416024|1|1|1|1090.6785385|66|1|1|1|2|1|1|1
3416025|1|1|1|683.20906076|66|1|1|3|1|1|1|1
3416026|1|1|1|684.39322767|66|1|1|3|1|1|1|1
3416027|1|1|1|463.3081194|66|1|1|3|1|1|1|1
3416028|1|1|1|469.2909925|66|2|1|5|1|1|1|1
3416029|1|1|1|839.58355204|66|1|1|4|1|1|1|1
3416030|1|1|1|363.40937934|66|1|1|4|1|1|1|1
3416031|1|1|1|514.62571853|66|1|1|4|1|1|1|1
3416032|1|1|1|890.19698478|66|2|1|4|1|1|1|1
3416033|1|1|1|827.63468117|66|2|1|4|1|1|1|1
3416034|1|1|1|713.57305977|66|1|1|4|1|1|1|1
3416035|1|1|1|363.40937934|66|1|1|4|1|1|1|1
3416037|1|1|1|452.06341492|66|1|1|2|1|1|1|1
3416039|1|1|1|747.79182378|66|2|1|2|1|1|1|1
3416040|1|1|1|639.0618853|66|2|1|2|1|1|1|1
3416041|1|1|1|838.02262006|66|2|1|1|1|1|1|1
3416042|1|1|1|902.14585565|66|2|1|1|1|1|1|1
3416043|1|1|1|486.2687854|66|2|1|1|1|1|1|1
3416044|1|1|1|610.71834569|66|2|1|1|1|1|1|1
3416046|1|1|1|639.0618853|66|1|1|1|1|1|1|1
3416047|1|1|1|610.71834569|66|2|1|4|1|1|1|1
3416048|1|1|1|1568.398374|66|2|1|4|1|1|1|1
3416050|1|1|1|610.71834569|66|2|1|4|1|1|1|1
3416052|1|1|1|848.84488711|68|2|1|3|1|1|1|1
3416053|1|1|1|581.95843353|68|2|1|2|1|1|1|1
3416054|1|1|1|395.86223551|68|2|1|2|1|1|1|1
3416055|1|1|1|531.06100051|68|2|1|2|1|1|1|1
3416056|1|1|1|493.0049441|68|2|1|2|1|1|1|1
3416057|1|1|1|433.93159641|68|2|1|2|1|1|1|1
3416058|1|1|1|897.23178238|68|2|1|2|1|1|1|1
3416059|1|1|1|717.78985374|68|2|1|1|1|1|1|1
3416060|1|1|1|582.2299369|68|2|1|2|1|1|1|1
3416061|1|1|1|927.05402626|68|2|1|4|1|1|1|1
3416062|1|1|1|990.01967287|68|2|1|4|1|1|1|1
3416063|1|1|1|733.32649017|68|2|1|4|1|1|1|1
3416064|1|1|1|721.1358687|68|2|1|4|1|1|1|1
3416065|1|1|1|643.68129769|68|2|1|4|1|1|1|1
3416066|1|1|1|859.25778339|68|2|1|4|1|1|1|1
3416067|1|1|1|976.20546184|68|2|1|4|1|1|1|1
3416068|1|1|1|721.1358687|68|2|1|4|1|1|1|1
3416069|1|1|1|625.1209744|68|2|1|4|1|1|1|1
3416070|1|1|1|426.8682099|68|2|1|4|1|1|1|1
3416071|1|1|1|1119.0775626|68|2|1|4|1|1|1|1
3416072|1|1|1|1197.9500707|68|2|1|4|1|1|1|1
3416073|1|1|1|777.00897389|68|2|1|4|1|1|1|1
3416074|1|1|1|1197.9500707|68|2|1|4|1|1|1|1
3416075|1|1|1|774.14437938|68|2|1|4|1|1|1|1
3416076|1|1|1|1195.0854762|68|2|1|4|1|1|1|1
3416077|1|1|1|801.36169436|68|1|1|2|1|1|1|1
3416078|1|1|1|596.56585493|68|2|1|4|1|1|1|1
3416079|1|1|1|586.02192286|68|2|1|4|1|1|1|1
3416080|1|1|1|510.59492842|68|2|1|4|1|1|1|1
3416081|1|1|1|921.57692609|68|2|1|4|1|1|1|1
3416082|1|1|1|635.51684099|68|2|1|4|1|1|1|1
3416083|1|1|1|784.10446093|68|2|1|4|1|1|1|1
3416084|1|1|1|627.00456491|68|2|1|4|1|1|1|1
3416085|1|1|1|692.65242529|68|2|1|4|1|1|1|1
3416086|1|1|1|713.99409414|68|2|1|4|1|1|1|1
3416087|1|1|1|1233.0478148|68|1|1|1|1|1|1|1
3416088|1|1|1|1618.1691022|68|2|1|1|1|1|1|1
3416089|1|1|1|1929.7869028|68|2|1|1|1|1|1|1
3416090|1|1|1|1896.0509603|68|1|1|1|1|1|1|1
3416091|1|1|1|1688.7875394|68|2|1|1|1|1|1|1
3416092|1|1|1|1420.3566918|68|2|1|1|1|1|1|1
3416094|1|1|1|1296.1338858|68|2|1|1|1|1|1|1
3416095|1|1|1|1253.2290654|68|1|1|1|1|1|1|1
3416096|1|1|1|2129.5327312|68|2|1|3|1|1|1|1
3416097|1|1|1|117.84444241|70|1|1|1|1|1|1|1
3416098|1|1|1|364.25327704|70|1|1|1|1|1|1|1
3416099|1|1|1|135.18033773|70|1|1|1|1|1|1|1
3416100|1|1|1|269.30598394|70|1|1|1|1|1|1|1
3416101|1|1|1|95.811055998|70|1|1|1|1|1|1|1
3416102|1|1|1|320.5028807|70|1|1|1|1|1|1|1
3416103|1|1|1|189.07922561|70|2|1|1|1|1|1|1
3416104|1|1|1|202.98931989|70|2|1|1|1|1|1|1
3416105|1|1|1|221.29539082|70|1|1|1|1|1|1|1
3416106|1|1|1|215.72151304|70|1|1|1|1|1|1|1
3416107|1|1|1|250.40149185|70|1|1|1|1|1|1|1
3416108|1|1|1|281.52333105|70|1|1|1|1|1|1|1
3416109|1|1|1|86.229950398|70|1|1|1|1|1|1|1
3416110|1|1|1|120.93881658|70|1|1|1|1|1|1|1
3416112|1|1|1|155.82714921|70|2|1|1|1|1|1|1
3416113|1|1|1|251.87519144|70|2|1|1|1|1|1|1
3416114|1|1|1|257.16279319|70|1|1|1|1|1|1|1
3416115|1|1|1|160.75571409|70|1|1|1|1|1|1|1
3416116|1|1|1|240.17100474|70|2|1|1|1|1|1|1
3416117|1|1|1|155.82714921|70|1|1|1|1|1|1|1
3416118|1|1|1|284.82647672|70|1|1|1|2|2|2|1
3416119|1|1|1|92.285076497|70|1|1|1|2|2|2|1
3416120|1|1|1|195.94438762|70|1|1|1|2|2|2|1
3416121|1|1|1|321.98798288|70|1|1|1|2|2|2|1
3416122|1|1|1|205.75426624|70|1|1|1|2|2|2|1
3416123|1|1|1|169.23659849|70|1|1|1|2|2|2|1
3416124|1|1|1|126.90485343|70|1|1|1|2|2|2|1
3416125|1|1|1|485.47814822|73|2|1|4|1|1|1|1
3416126|1|1|1|193.24673136|73|1|1|4|1|1|1|1
3416127|1|1|1|193.24673136|73|2|1|4|1|1|1|1
3416128|1|1|1|190.17932293|73|2|1|4|1|1|1|1
3416129|1|1|1|414.55374005|73|3|1|1|2|1|1|1
3416130|1|1|1|414.55374005|73|3|1|1|2|1|1|1
3416131|1|1|1|414.55374005|73|3|1|1|2|1|1|1
3416132|1|1|1|414.55374005|73|3|1|1|2|1|1|1
3416133|1|1|1|414.55374005|73|2|1|1|1|1|1|1
3416134|1|1|1|216.25229462|73|2|1|1|1|1|1|1
3416135|1|1|1|302.77636802|73|1|1|2|1|1|1|1
3416136|1|1|1|216.25229462|73|2|1|2|1|1|1|1
3416137|1|1|1|1898.0943751|76|2|1|2|1|1|1|1
3416138|1|1|1|1543.4466975|76|1|1|1|1|1|1|1
3416139|1|1|1|1759.9885716|76|2|1|4|1|1|1|1
3416140|1|1|1|2251.7008938|76|2|1|2|1|1|1|1
3416141|1|1|1|2166.1663511|76|2|1|2|1|1|1|1
3416142|1|1|1|2070.7758203|76|2|1|2|1|1|1|1
3416143|1|1|1|3265.3798495|76|2|1|2|1|1|1|1
3416144|1|1|1|3452.3092859|76|1|1|1|1|1|1|1
3416145|1|1|1|2286.3802525|76|2|1|4|1|1|1|1
3416146|1|1|1|2323.308421|76|2|1|4|1|1|1|1
3416147|1|1|1|1668.8918218|76|2|1|4|1|1|1|1
3416148|1|1|1|1905.2799089|76|2|1|4|1|1|1|1
3416149|1|1|1|1401.3547035|76|1|1|3|1|1|1|1
3416150|1|1|1|2003.9411232|76|1|1|3|1|1|1|1
3416151|1|1|1|1401.3547035|76|1|1|3|1|1|1|1
3416152|1|1|1|1429.8108012|76|1|1|3|1|1|1|1
3416153|1|1|1|1629.0459299|76|1|1|3|1|1|1|1
3416154|1|1|1|1359.9944754|76|1|1|3|1|1|1|1
3416155|1|1|1|1466.3479051|76|1|1|3|1|1|1|1
3416156|1|1|1|1416.4036115|76|1|1|3|1|1|1|1
3416158|1|1|1|23.858243516|88|2|1|2|2|2|1|2
3416159|1|1|1|52.430560551|88|2|1|2|2|2|1|2
3416162|1|1|1|43.043017976|88|1|1|3|2|2|1|2
3416163|1|1|1|21.371317526|88|2|1|2|2|2|1|2
3416164|1|1|1|55.686376495|88|2|1|3|2|2|1|2
3416165|1|1|1|18.928901788|88|1|1|2|2|2|1|2
3416166|1|1|1|37.600202933|88|2|1|2|2|2|1|2
3416167|1|1|1|57.720823405|88|2|1|2|2|2|1|2
3416168|1|1|1|14.430205851|88|2|1|3|2|2|1|2
3416169|1|1|1|22.521814579|88|2|1|3|2|2|1|2
3416170|1|1|1|14.430205851|88|2|1|3|2|2|1|2
3416171|1|1|1|46.982415366|88|2|1|1|2|2|1|2
3416172|1|1|1|20.607751148|88|2|1|2|2|2|1|2
3416173|1|1|1|14.430205851|88|2|1|1|2|1|1|2
3416175|1|1|1|37.958316118|88|1|1|3|2|1|1|2
3416176|1|1|1|18.15249321|88|2|1|3|2|1|1|2
3416177|1|1|1|98.636850122|88|1|1|1|2|2|1|2
3416178|1|1|1|45.955169614|88|1|1|2|2|2|1|2
3416179|1|1|1|56.750101412|88|1|1|1|2|2|1|2
3416181|1|1|1|50.379829324|88|1|1|3|2|2|1|2
3416182|1|1|1|24.659212531|88|1|1|3|2|2|1|2
3416183|1|1|1|56.750101412|88|1|1|2|2|2|1|2
3416184|1|1|1|2896.4600743|05|2|1|3|1|1|1|1
3416185|1|1|1|2417.8416155|05|2|1|3|1|1|1|1
3416186|1|1|1|2609.6077782|05|2|1|3|1|1|1|1
3416187|1|1|1|2108.2954163|05|2|1|3|1|1|1|1
3416188|1|1|1|1916.5292537|05|2|1|3|1|1|1|1
3416189|1|1|1|2609.6077782|05|2|1|3|1|1|1|1
3416190|1|1|1|2896.4600743|05|2|1|3|1|1|1|1
3416191|1|1|1|2797.9175213|05|2|1|3|1|1|1|1
3416193|1|1|1|2681.9074762|05|2|1|2|1|1|1|1
3416195|1|1|1|1743.8504699|05|2|1|2|1|1|1|1
3416196|1|1|1|2238.7422366|05|2|1|2|1|1|1|1
3416197|1|1|1|2593.8647601|05|2|1|2|1|1|1|1
3416198|1|1|1|2399.0577298|05|2|1|2|1|1|1|1
3416199|1|1|1|1869.5743331|05|2|1|2|1|1|1|1
3416202|1|1|1|3178.6846719|05|2|1|2|1|1|1|1
3416203|1|1|1|2763.3006858|05|2|1|2|1|1|1|1
3416204|1|1|1|2752.8715062|05|2|1|3|1|1|1|1
3416205|1|1|1|1593.4619141|05|2|1|3|1|2|1|1
3416207|1|1|1|1499.7108034|05|1|1|3|1|1|1|1
3416208|1|1|1|2334.0933753|05|1|1|3|1|1|1|1
3416209|1|1|1|2248.8484441|05|1|1|3|1|1|1|1
3416210|1|1|1|3089.5574126|05|2|1|3|2|1|1|1
3416211|1|1|1|2783.5816301|05|1|1|3|1|1|1|1
3416212|1|1|1|2870.568556|05|2|1|2|1|1|1|1
3416214|1|1|1|3778.3261663|05|1|1|2|1|1|1|1
3416216|1|1|1|3191.2674657|05|1|1|2|1|1|1|1
3416217|1|1|1|1669.6107097|05|1|1|2|1|1|1|1
3416218|1|1|1|3186.1060817|05|2|1|2|1|1|1|1
3416219|1|1|1|1905.516782|05|1|1|2|1|1|1|1
3416220|1|1|1|3122.2878215|05|2|1|2|1|1|1|1
3416221|1|1|1|2747.5346124|05|1|1|2|1|1|1|1
3416222|1|1|1|1659.2845517|05|1|1|2|1|1|1|1
3416223|1|1|1|2759.0508673|05|2|1|6|1|1|1|1
3416224|1|1|1|2324.3853408|05|2|1|6|1|1|1|1
3416225|1|1|1|2407.4198847|05|2|1|6|1|1|1|1
3416226|1|1|1|1798.4541993|05|2|1|6|1|1|1|1
3416228|1|1|1|2913.7458666|05|2|1|2|1|1|1|1
3416229|1|1|1|4476.5481524|05|2|1|2|2|1|1|1
3416230|1|1|1|2923.0620936|05|2|1|2|1|1|1|1
3416231|1|1|1|2396.1288668|05|2|1|2|1|1|1|1
3416233|1|1|1|3137.5424242|05|2|1|2|2|1|1|1
3416234|1|1|1|2706.3543129|05|2|1|2|1|1|1|1
3416236|1|1|1|5271.8627026|05|1|1|1|1|1|1|1
3416237|1|1|1|6302.3105799|05|2|1|3|1|1|1|1
3416238|1|1|1|5450.3906523|05|2|1|1|1|1|1|1
3416239|1|1|1|5422.293552|05|2|1|1|1|1|1|1
3416240|1|1|1|5036.8517034|05|2|1|1|1|1|1|1
3416241|1|1|1|5840.8522945|05|2|1|1|1|1|1|1
3416243|1|1|1|2687.55046|05|1|1|2|1|1|1|1
3416244|1|1|1|4805.0327012|05|2|1|2|1|1|1|1
3416245|1|1|1|5756.2022613|05|1|1|2|1|1|1|1
3416246|1|1|1|6114.3308409|05|2|1|2|2|1|1|1
3416247|1|1|1|4582.7525114|05|2|1|2|1|1|1|1
3416248|1|1|1|5756.2022613|05|2|1|2|1|1|1|1
3416249|1|1|1|4801.3312647|05|2|1|2|1|1|1|1
3416250|1|1|1|783.45458928|05|2|1|2|1|1|1|1
3416251|1|1|1|922.77959604|05|2|1|2|1|1|1|1
3416252|1|1|1|821.34617447|05|2|1|2|1|1|1|1
3416253|1|1|1|1024.2130176|05|2|1|3|1|1|1|1
3416254|1|1|1|815.41866765|05|2|1|2|1|1|1|1
3416256|1|1|1|1046.5680985|05|2|1|2|1|1|1|1
3416257|1|1|1|638.15033537|05|2|1|2|1|1|1|1
3416258|1|1|1|478.20143242|05|2|1|2|1|1|1|1
3416259|1|1|1|484.36672994|05|2|1|2|1|1|1|1
3416260|1|1|1|395.46743825|05|2|1|2|1|1|1|1
3416261|1|1|1|481.61190116|05|2|1|2|1|1|1|1
3416263|1|1|1|560.41876696|05|2|1|2|2|1|1|1
3416264|1|1|1|601.53961851|05|2|1|2|2|1|1|1
3416265|1|1|1|615.6808531|05|1|1|2|1|1|1|1
3416267|1|1|1|4427.8412906|05|2|1|3|1|1|1|1
3416268|1|1|1|1324.1245147|08|1|1|1|1|1|1|1
3416269|1|1|1|1422.2450912|08|2|1|1|1|1|1|1
3416270|1|1|1|1595.3428026|08|2|1|1|1|1|1|1
3416271|1|1|1|1610.5080588|08|2|1|1|1|1|1|1
3416272|1|1|1|1188.6978552|08|2|1|1|1|1|1|1
3416273|1|1|1|1331.0984086|08|2|1|1|1|1|1|1
3416274|1|1|1|1188.6978552|08|2|1|1|1|1|1|1
3416275|1|1|1|1629.2783904|08|2|1|1|1|1|1|1
3416276|1|1|1|2646.6221284|08|1|1|1|1|1|1|1
3416277|1|1|1|809.79647986|08|2|1|1|1|1|1|1
3416278|1|1|1|1466.5250681|08|2|1|1|1|1|1|1
3416280|1|1|1|2029.1865042|08|1|1|6|1|1|1|1
3416281|1|1|1|1099.0341787|08|2|1|4|1|1|1|1
3416282|1|1|1|1305.2014183|08|2|1|4|1|1|1|1
3416284|1|1|1|1313.7394997|08|2|1|2|1|1|1|1
3416286|1|1|1|1478.2938573|08|1|1|1|1|1|1|1
3416287|1|1|1|835.04900714|08|1|1|1|1|1|1|1
3416288|1|1|1|1201.8097482|08|1|1|1|1|1|1|1
3416289|1|1|1|1700.3954199|08|1|1|1|1|1|1|1
3416290|1|1|1|1774.3770586|08|1|1|1|1|1|1|1
3416291|1|1|1|1655.6511181|08|1|1|1|1|1|1|1
3416292|1|1|1|1048.8465648|08|1|1|1|1|1|1|1
3416294|1|1|1|1359.5679168|08|1|1|1|1|1|1|1
3416295|1|1|1|1319.6898806|08|1|1|1|1|1|1|1
3416296|1|1|1|1529.9268418|08|2|1|2|1|1|1|1
3416297|1|1|1|815.68185888|08|1|1|2|1|1|1|1
3416298|1|1|1|1349.2491795|08|2|1|2|1|1|1|1
3416299|1|1|1|2052.6081661|08|2|1|2|1|1|1|1
3416300|1|1|1|1612.7807339|08|1|1|2|1|1|1|1
3416301|1|1|1|822.05961616|08|2|1|2|1|1|1|1
3416302|1|1|1|1161.5992845|08|1|1|1|1|1|1|1
3416303|1|1|1|1763.3652626|08|1|1|2|1|1|1|1
3416304|1|1|1|789.55236976|08|1|1|1|1|1|1|1
3416305|1|1|1|1088.7322255|08|2|1|1|1|1|1|1
3416306|1|1|1|1450.0484047|08|2|1|1|1|1|1|1
3416307|1|1|1|850.64168641|08|1|1|1|1|1|1|1
3416308|1|1|1|4293.0382823|11|1|1|3|1|1|1|1
3416309|1|1|1|6196.3348244|11|2|1|2|1|1|1|1
3416311|1|1|1|5629.0877908|11|2|1|3|1|1|1|1
3416312|1|1|1|10990.348283|11|1|1|3|1|1|1|1
3416313|1|1|1|8076.396608|11|1|1|3|1|1|1|1
3416314|1|1|1|7643.494281|11|1|1|3|1|1|1|1
3416315|1|1|1|4985.3516758|11|2|1|3|1|1|1|1
3416316|1|1|1|5261.6883111|11|2|1|3|1|1|1|1
3416317|1|1|1|5264.6140852|11|2|1|3|1|1|1|1
3416319|1|1|1|6005.3856764|11|2|1|2|1|1|1|1
3416320|1|1|1|7615.5455306|11|2|1|2|1|1|1|1
3416321|1|1|1|6005.3856764|11|2|1|2|1|1|1|1
3416322|1|1|1|7058.8363479|11|2|1|6|1|1|1|1
3416323|1|1|1|4538.7211401|11|1|1|3|1|1|1|1
3416324|1|1|1|4767.208566|11|1|1|3|1|1|1|1
3416325|1|1|1|663.516522|13|2|1|1|1|1|1|1
3416326|1|1|1|756.89510195|13|2|1|1|1|1|1|1
3416327|1|1|1|1086.8748638|13|2|1|1|1|1|1|1
3416328|1|1|1|317.07994904|13|1|1|1|1|1|1|1
3416329|1|1|1|515.50225457|13|2|1|1|1|1|1|1
3416330|1|1|1|816.57605434|13|2|1|1|1|1|1|1
3416331|1|1|1|316.08639998|13|2|1|4|1|1|1|1
3416332|1|1|1|647.78768607|13|2|1|4|1|1|1|1
3416333|1|1|1|646.22375206|13|2|1|4|1|1|1|1
3416334|1|1|1|825.49010621|13|2|1|4|1|1|1|1
3416335|1|1|1|556.22612008|13|2|1|4|1|1|1|1
3416336|1|1|1|394.71771526|13|2|1|4|1|1|1|1
3416337|1|1|1|455.82349865|13|2|1|4|1|1|1|1
3416338|1|1|1|482.57332435|13|2|1|4|1|1|1|1
3416339|1|1|1|506.30494156|13|2|1|4|1|1|1|1
3416340|1|1|1|394.71771526|13|2|1|4|1|1|1|1
3416341|1|1|1|619.47392636|13|2|1|4|1|1|1|1
3416342|1|1|1|356.88617624|13|2|1|2|1|1|1|1
3416343|1|1|1|536.33622072|13|2|1|2|1|1|1|1
3416344|1|1|1|413.92518914|13|2|1|2|1|1|1|1
3416345|1|1|1|414.24949764|13|2|1|2|1|1|1|1
3416346|1|1|1|356.88617624|13|1|1|2|1|1|1|1
3416347|1|1|1|372.9464989|13|2|1|2|1|1|1|1
3416348|1|1|1|584.73866149|13|2|1|2|1|1|1|1
3416349|1|1|1|233.19556229|13|2|1|2|1|1|1|1
3416350|1|1|1|522.72471898|13|1|1|1|1|1|1|1
3416351|1|1|1|356.88617624|13|1|1|1|1|1|1|1
3416352|1|1|1|794.30684005|13|1|1|1|1|1|1|1
3416353|1|1|1|327.00356974|13|2|1|1|1|1|1|1
3416354|1|1|1|539.90130063|13|2|1|1|1|1|1|1
3416355|1|1|1|727.08441589|13|1|1|3|1|1|1|1
3416356|1|1|1|552.5133317|13|1|1|3|1|1|1|1
3416357|1|1|1|745.49491102|13|2|1|3|1|1|1|1
3416358|1|1|1|848.78456308|13|2|1|3|1|1|1|1
3416359|1|1|1|541.24267051|13|1|1|3|1|1|1|1
3416360|1|1|1|911.99501532|13|1|1|3|1|1|1|1
3416361|1|1|1|861.86120285|13|2|1|3|1|1|1|1
3416362|1|1|1|785.19719523|13|2|1|3|1|1|1|1
3416363|1|1|1|506.5129123|13|1|1|3|1|1|1|1
3416364|1|1|1|700.42217178|13|2|1|1|1|1|1|1
3416365|1|1|1|873.34050225|13|2|1|1|1|1|1|1
3416366|1|1|1|778.1719661|13|2|1|1|1|1|1|1
3416367|1|1|1|847.65811262|13|1|1|1|1|1|1|1
3416368|1|1|1|920.21642565|13|1|1|1|1|1|1|1
3416369|1|1|1|136.27020494|15|1|1|2|1|1|1|1
3416370|1|1|1|195.68522405|15|2|1|2|1|1|1|1
3416371|1|1|1|159.80959964|15|1|1|2|1|1|1|1
3416372|1|1|1|125.36016458|15|1|1|2|1|1|1|1
3416373|1|1|1|161.47449919|15|1|1|2|2|1|1|1
3416374|1|1|1|140.68963376|15|1|1|2|2|1|1|1
3416375|1|1|1|161.4402922|15|2|1|2|1|1|1|1
3416376|1|1|1|112.21157554|15|1|1|1|1|1|1|1
3416377|1|1|1|191.77223926|15|1|1|2|1|1|1|1
3416378|1|1|1|141.76618982|15|2|1|2|1|1|1|1
3416379|1|1|1|101.20947611|15|1|1|2|1|1|1|1
3416381|1|1|1|130.38447461|15|1|1|3|1|1|1|1
3416382|1|1|1|179.36939087|15|2|1|2|1|1|1|1
3416383|1|1|1|189.67502659|15|1|1|2|1|1|1|1
3416384|1|1|1|193.88581192|15|2|1|2|1|1|1|1
3416385|1|1|1|130.88752291|15|2|1|2|1|1|1|1
3416386|1|1|1|150.62744311|15|2|1|1|1|1|1|1
3416387|1|1|1|94.073147044|15|3|1|2|1|1|1|1
3416388|1|1|1|135.08782497|15|1|1|3|1|1|1|1
3416389|1|1|1|96.875869237|15|1|1|3|1|1|1|1
3416391|1|1|1|267.72551807|17|1|1|4|1|1|1|1
3416392|1|1|1|175.23400013|17|1|1|4|1|1|1|1
3416393|1|1|1|175.23400013|17|1|1|4|1|1|1|1
3416394|1|1|1|267.72551807|17|1|1|4|1|1|1|1
3416395|1|1|1|267.72551807|17|1|1|4|1|1|1|1
3416396|1|1|1|351.5393627|17|1|1|4|1|1|1|1
3416397|1|1|1|349.56586482|17|1|1|4|1|1|1|1
3416398|1|1|1|267.72551807|17|1|1|4|1|1|1|1
3416399|1|1|1|584.60102035|17|2|1|3|1|1|1|1
3416400|1|1|1|468.51965662|17|1|1|4|2|1|2|2
3416401|1|1|1|306.65950022|17|1|1|4|1|1|1|1
3416402|1|1|1|870.20931598|17|1|1|4|1|1|1|1
3416403|1|1|1|306.65950022|17|1|1|4|1|1|1|1
3416404|1|1|1|577.15700705|17|1|1|4|1|1|1|1
3416405|1|1|1|468.51965662|17|1|1|4|1|1|1|1
3416406|1|1|1|306.65950022|17|1|1|4|1|1|1|1
3416407|1|1|1|320.26669151|17|1|1|4|1|1|1|1
3416408|1|1|1|759.99322855|17|1|1|4|1|1|1|1
3416409|1|1|1|575.28212277|17|1|1|4|1|1|1|1
3416410|1|1|1|469.29846706|17|1|1|1|2|1|1|1
3416411|1|1|1|266.82338264|17|2|1|3|1|1|1|1
3416412|1|1|1|473.05646524|17|1|1|3|1|1|1|1
3416413|1|1|1|294.49806987|17|1|1|4|1|1|1|1
3416414|1|1|1|294.49806987|17|1|1|4|1|1|1|1
3416415|1|1|1|246.99820574|17|1|1|4|1|1|1|1
3416416|1|1|1|310.39598603|17|1|1|4|1|1|1|1
3416417|1|1|1|192.75740014|17|1|1|4|1|1|1|1
3416418|1|1|1|403.58356409|17|1|1|4|1|1|1|1
3416419|1|1|1|345.15879051|17|2|1|2|1|1|1|1
3416420|1|1|1|194.70444458|17|2|1|6|1|1|1|1
3416421|1|1|1|194.70444458|17|2|1|6|1|1|1|1
3416422|1|1|1|600.49351216|17|1|1|6|1|1|1|1
3416423|1|1|1|295.28002243|17|2|1|6|1|1|1|1
3416424|1|1|1|194.70444458|17|2|1|6|1|1|1|1
3416425|1|1|1|295.28002243|17|2|1|6|1|1|1|1
3416426|1|1|1|194.70444458|17|2|1|6|1|1|1|1
3416427|1|1|1|1467.5040461|17|2|1|3|1|1|1|1
3416428|1|1|1|93.502011209|18|1|1|1|1|1|1|1
3416429|1|1|1|146.44494449|18|1|1|1|1|1|1|1
3416430|1|1|1|158.05579027|18|2|1|1|2|1|1|1
3416431|1|1|1|158.87134956|18|2|1|1|2|1|1|1
3416432|1|1|1|158.87134956|18|2|1|1|2|1|1|1
3416433|1|1|1|106.7117536|18|1|1|1|2|1|1|1
3416434|1|1|1|155.76512664|18|2|1|3|1|1|1|1
3416435|1|1|1|87.384152921|18|2|1|3|1|1|1|1
3416436|1|1|1|105.16520644|18|2|1|3|1|1|1|1
3416437|1|1|1|68.992036561|18|1|1|3|1|1|1|1
3416438|1|1|1|174.34991976|18|1|1|3|1|1|1|1
3416439|1|1|1|97.850443252|18|1|1|2|1|1|1|1
3416440|1|1|1|151.02305892|18|1|1|2|1|1|1|1
3416441|1|1|1|157.19306332|18|2|1|1|1|1|1|1
3416442|1|1|1|140.06078397|18|2|1|1|1|1|1|1
3416444|1|1|1|60.875326377|18|2|1|1|1|1|1|1
3416445|1|1|1|164.8748481|18|2|1|1|2|1|1|1
3416446|1|1|1|124.25650205|18|2|1|1|1|1|1|1
3416447|1|1|1|144.31180851|18|1|1|1|1|1|1|1
3416449|1|1|1|206.78132094|18|1|1|1|2|1|1|1
3416450|1|1|1|162.27471381|18|1|1|1|2|1|1|1
3416451|1|1|1|76.23115279|18|1|1|2|1|1|1|1
3416452|1|1|1|84.814030777|18|1|1|2|2|1|1|1
3416453|1|1|1|142.6009214|18|1|1|2|1|1|1|1
3416454|1|1|1|118.47127952|18|2|1|2|1|1|1|1
3416455|1|1|1|76.23115279|18|1|1|2|1|1|1|1
3416456|1|1|1|158.45742742|18|1|1|2|1|1|1|1
3416457|1|1|1|66.962859015|18|1|1|2|1|1|1|1
3416458|1|1|1|159.85900276|18|1|1|2|1|1|1|1
3416459|1|1|1|157.61072371|18|1|1|2|1|1|1|1
3416460|1|1|1|93.489234151|18|1|1|2|1|1|1|1
3416462|1|1|1|73.921117857|18|2|1|2|1|1|1|1
3416463|1|1|1|146.60247214|18|2|1|2|1|1|1|1
3416464|1|1|1|120.90876369|18|1|1|2|1|1|1|1
3416466|1|1|1|153.65568719|18|1|1|2|1|1|1|1
3416468|1|1|1|121.54457216|18|2|1|2|1|1|1|1
3416469|1|1|1|170.32621116|18|1|1|2|1|1|1|1
3416471|1|1|1|105.2757721|18|2|1|2|1|1|1|1
3416472|1|1|1|106.21923116|18|2|1|1|1|1|1|1
3416473|1|1|1|135.03243194|18|2|1|1|1|1|1|1
3416475|1|1|1|88.799690926|18|2|1|1|1|1|1|1
3416476|1|1|1|157.04659055|18|2|1|1|1|1|1|1
3416477|1|1|1|76.491191578|18|1|1|2|1|1|1|1
3416478|1|1|1|129.00872228|18|1|1|2|1|1|1|1
3416479|1|1|1|77.497912081|18|1|1|2|1|1|1|1
3416480|1|1|1|85.234069544|18|1|1|2|1|1|1|1
3416481|1|1|1|83.513546294|18|1|1|2|1|1|1|1
3416483|1|1|1|204.51641052|19|1|1|1|2|1|1|1
3416484|1|1|1|278.87348102|19|1|1|1|2|1|1|1
3416485|1|1|1|367.04500444|19|1|1|1|2|1|1|1
3416486|1|1|1|201.56663114|19|2|1|1|2|1|1|1
3416487|1|1|1|212.89470786|19|1|1|1|2|1|1|1
3416488|1|1|1|268.8371033|19|2|1|1|2|1|1|1
3416489|1|1|1|439.99944634|19|2|1|1|2|1|1|1
3416490|1|1|1|309.60032965|19|1|1|1|2|1|1|1
3416491|1|1|1|181.1605079|19|1|1|3|1|1|1|1
3416492|1|1|1|193.5119388|19|1|1|3|1|1|1|1
3416493|1|1|1|214.09212527|19|2|1|3|1|1|1|1
3416494|1|1|1|151.72206015|19|2|1|3|1|1|1|1
3416495|1|1|1|160.27292249|19|1|1|3|1|1|1|1
3416496|1|1|1|119.58784775|19|2|1|3|1|1|1|1
3416497|1|1|1|101.12984957|19|1|1|3|1|1|1|1
3416498|1|1|1|318.65156949|19|1|1|3|1|1|1|1
3416499|1|1|1|262.17500317|19|2|1|2|1|1|1|1
3416500|1|1|1|192.02650235|19|2|1|2|1|1|1|1
3416501|1|1|1|367.87003796|19|1|1|2|1|1|1|1
3416502|1|1|1|123.58494457|19|1|1|2|1|1|1|1
3416503|1|1|1|204.05462989|19|1|1|2|2|1|1|1
3416504|1|1|1|190.29232081|19|1|1|2|1|1|1|1
3416505|1|1|1|98.955455254|19|2|1|2|1|1|1|1
3416506|1|1|1|154.81842872|19|2|1|2|1|1|1|1
3416507|1|1|1|491.1621798|19|1|1|3|1|1|1|1
3416508|1|1|1|179.30086371|19|1|1|3|1|1|1|1
3416509|1|1|1|223.02774153|19|1|1|3|1|1|1|1
3416510|1|1|1|244.91325549|19|1|1|3|1|1|1|1
3416511|1|1|1|258.80072557|19|1|1|3|2|1|1|1
3416512|1|1|1|202.85833014|19|1|1|3|1|1|1|1
3416513|1|1|1|152.3284515|19|1|1|3|2|1|1|1
3416514|1|1|1|228.96131784|19|1|1|3|1|1|1|1
3416515|1|1|1|321.23564267|19|1|1|3|1|1|1|1
3416516|1|1|1|174.3106214|19|1|1|3|1|1|1|1
3416517|1|1|1|97.082823802|19|1|1|4|2|1|1|1
3416518|1|1|1|257.05347874|19|1|1|3|1|1|1|1
3416519|1|1|1|311.87959613|19|1|1|3|2|1|1|1
3416520|1|1|1|305.87083703|19|2|1|3|2|1|1|1
3416521|1|1|1|232.39456752|19|1|1|3|2|1|1|1
3416522|1|1|1|203.01796374|19|2|1|3|1|1|1|1
3416523|1|1|1|167.97219262|19|1|1|3|1|1|1|1
3416524|1|1|1|180.62150018|19|2|1|3|1|1|1|1
3416525|1|1|1|327.46189889|19|2|1|3|1|1|1|1
3416526|1|1|1|234.5008216|19|1|1|3|1|1|1|1
3416527|1|1|1|343.65758175|20|2|1|2|1|1|1|1
3416528|1|1|1|178.31347695|20|2|1|2|1|1|1|1
3416529|1|1|1|282.7063333|20|1|1|2|1|1|1|1
3416530|1|1|1|501.3535599|20|2|1|2|1|1|1|1
3416531|1|1|1|281.57677204|20|2|1|2|1|1|1|1
3416532|1|1|1|260.95444609|20|2|1|2|1|1|1|1
3416533|1|1|1|215.16506124|20|1|1|2|1|1|1|1
3416534|1|1|1|141.13304095|20|2|1|2|1|1|1|1
3416535|1|1|1|200.98461352|20|1|1|2|1|1|1|1
3416536|1|1|1|249.53105982|20|2|1|2|1|1|1|1
3416537|1|1|1|329.07764366|20|2|1|2|1|1|1|1
3416538|1|1|1|191.54375305|20|2|1|2|1|1|1|1
3416539|1|1|1|200.98461352|20|2|1|2|1|1|1|1
3416540|1|1|1|156.89276193|20|2|1|2|1|1|1|1
3416541|1|1|1|329.07764366|20|2|1|2|1|1|1|1
3416542|1|1|1|203.45019576|20|2|1|2|1|1|1|1
3416543|1|1|1|246.60247808|20|1|1|1|2|2|1|1
3416544|1|1|1|243.93563506|20|1|1|1|2|2|1|1
3416545|1|1|1|372.19841975|20|1|1|1|2|2|1|1
3416546|1|1|1|277.93242323|20|1|1|1|2|2|1|1
3416547|1|1|1|151.23982988|20|1|1|1|2|2|1|1
3416548|1|1|1|143.39894999|20|1|1|1|2|2|1|1
3416549|1|1|1|233.28837475|20|1|1|1|2|2|1|1
3416550|1|1|1|209.85847064|20|2|1|1|2|2|1|1
3416551|1|1|1|163.49984521|20|1|1|2|1|1|1|1
3416552|1|1|1|332.73224553|20|2|1|2|1|1|1|1
3416553|1|1|1|325.1811367|20|2|1|2|1|1|1|1
3416554|1|1|1|267.36130454|20|2|1|2|1|1|1|1
3416555|1|1|1|179.72370304|20|1|1|2|1|1|1|1
3416556|1|1|1|222.40882864|20|2|1|2|1|1|1|1
3416557|1|1|1|214.99171162|20|2|1|2|1|1|1|1
3416559|1|1|1|371.50094854|20|2|1|2|1|1|1|1
3416560|1|1|1|219.54413934|20|2|1|2|1|1|1|1
3416561|1|1|1|279.8720912|20|2|1|2|1|1|1|1
3416562|1|1|1|288.80102526|20|1|1|2|1|1|1|1
3416563|1|1|1|746.16184742|20|2|1|2|1|1|1|1
3416564|1|1|1|334.84992895|20|2|1|2|1|1|1|1
3416565|1|1|1|533.63942215|20|2|1|2|1|1|1|1
3416566|1|1|1|195.00447298|20|2|1|2|1|1|1|1
3416567|1|1|1|584.49232385|20|2|1|2|1|1|1|1
3416568|1|1|1|396.90088228|20|2|1|2|1|1|1|1
3416569|1|1|1|362.52055204|20|2|1|2|1|1|1|1
3416570|1|1|1|533.63942215|20|2|1|2|1|1|1|1
3416571|1|1|1|360.47998086|20|2|1|2|1|1|1|1
3416572|1|1|1|243.45118979|20|1|1|2|1|1|1|1
3416573|1|1|1|296.54510486|20|1|1|2|1|1|1|1
3416574|1|1|1|455.20665937|20|1|1|2|1|1|1|1
3416575|1|1|1|265.98436036|20|1|1|2|1|1|1|1
3416576|1|1|1|310.4328357|20|1|1|2|1|1|1|1
3416577|1|1|1|404.64496187|20|1|1|2|1|1|1|1
3416578|1|1|1|282.65737402|20|1|1|2|1|1|1|1
3416579|1|1|1|273.72843996|20|1|1|1|2|2|1|1
3416580|1|1|1|363.77981602|20|1|1|1|2|2|1|1
3416581|1|1|1|360.47998086|20|1|1|1|2|2|1|1
3416582|1|1|1|281.2356014|20|2|1|1|2|2|1|1
3416583|1|1|1|375.13532928|20|2|1|1|2|2|1|1
3416584|1|1|1|275.09195016|20|2|1|1|2|2|1|1
3416585|1|1|1|404.1989589|20|2|1|1|2|2|1|1
3416586|1|1|1|481.44686722|20|2|1|1|2|2|1|1
3416587|1|1|1|337.35265019|20|1|1|4|1|1|1|1
3416588|1|1|1|362.52055204|20|1|1|4|1|1|1|1
3416589|1|1|1|299.23240541|20|2|1|3|1|1|1|1
3416590|1|1|1|701.93610175|20|2|1|3|1|1|1|1
3416591|1|1|1|283.60870821|20|2|1|3|1|1|1|1
3416592|1|1|1|405.53997847|20|1|1|3|1|1|1|1
3416593|1|1|1|325.10214112|20|2|1|3|1|1|1|1
3416594|1|1|1|274.89661867|20|2|1|2|1|1|1|1
3416595|1|1|1|307.37161112|20|1|1|3|1|1|1|1
3416596|1|1|1|322.58769778|20|2|1|3|1|1|1|1
3416597|1|1|1|311.28100279|20|1|1|3|1|1|1|1
3416598|1|1|1|354.46453977|20|1|1|4|1|1|1|1
3416599|1|1|1|458.96320805|20|1|1|3|1|1|1|1
3416600|1|1|1|258.8030006|20|1|1|3|1|1|1|1
3416601|1|1|1|400.11725993|20|1|1|3|1|1|1|1
3416602|1|1|1|397.27126636|20|1|1|3|1|1|1|1
3416603|1|1|1|200.34629145|20|1|1|3|1|1|1|1
3416604|1|1|1|284.440141|20|1|1|3|1|1|1|1
3416605|1|1|1|353.144694|20|1|1|3|1|1|1|1
3416606|1|1|1|284.440141|20|1|1|3|1|1|1|1
3416607|1|1|1|270.7468962|20|2|1|2|1|1|1|1
3416608|1|1|1|268.33172586|20|1|1|1|1|1|1|1
3416609|1|1|1|417.27277109|20|2|1|1|1|1|1|1
3416610|1|1|1|252.26372302|20|1|1|1|1|1|1|1
3416611|1|1|1|360.32452183|20|2|1|1|1|1|1|1
3416612|1|1|1|467.0191113|20|2|1|1|1|1|1|1
3416613|1|1|1|685.82106519|20|1|1|1|1|1|1|1
3416614|1|1|1|332.31050604|20|2|1|1|1|1|1|1
3416615|1|1|1|291.82594011|20|2|1|1|1|1|1|1
3416616|1|1|1|216.8910978|20|2|1|1|1|1|1|1
3416617|1|1|1|384.00570879|20|1|1|1|1|1|1|1
3416618|1|1|1|378.19764909|20|1|1|1|1|1|1|1
3416619|1|1|1|140.28158152|20|1|1|1|1|1|1|1
3416620|1|1|1|474.2732566|20|1|1|1|1|1|1|1
3416621|1|1|1|199.48827027|20|1|1|1|1|1|1|1
3416622|1|1|1|207.0393791|20|1|1|1|1|1|1|1
3416623|1|1|1|199.48827027|20|1|1|1|1|1|1|1
3416624|1|1|1|439.25788374|20|1|1|1|1|1|1|1
3416625|1|1|1|264.33930521|20|1|1|1|1|1|1|1
3416626|1|1|1|199.48827027|20|1|1|1|1|1|1|1
3416627|1|1|1|400.22956661|20|1|1|1|1|1|1|1
3416628|1|1|1|404.64496187|20|2|1|1|1|1|1|1
3416629|1|1|1|318.35557103|20|2|1|1|1|1|1|1
3416630|1|1|1|375.26907184|20|1|1|1|1|1|1|1
3416631|1|1|1|741.35784941|20|2|1|1|1|1|1|1
3416632|1|1|1|318.35557103|20|2|1|1|1|1|1|1
3416633|1|1|1|525.89534256|20|2|1|1|1|1|1|1
3416634|1|1|1|404.64496187|20|1|1|1|1|1|1|1
3416635|1|1|1|273.72843996|20|2|1|1|1|1|1|1
3416636|1|1|1|474.88764209|20|1|1|1|1|1|1|1
3416637|1|1|1|495.33459806|20|1|1|1|1|1|1|1
3416638|1|1|1|425.71822087|20|1|1|1|1|1|1|1
3416639|1|1|1|576.74824425|20|1|1|1|1|1|1|1
3416640|1|1|1|304.28918446|20|1|1|1|1|1|1|1
3416641|1|1|1|329.91923636|20|1|1|1|1|1|1|1
3416642|1|1|1|187.04210869|20|1|1|1|1|1|1|1
3416643|1|1|1|207.93164851|20|1|1|1|1|1|1|1
3416644|1|1|1|341.17223593|20|1|1|1|1|1|1|1
3416645|1|1|1|495.62580226|20|1|1|1|1|1|1|1
3416646|1|1|1|187.04210869|20|1|1|1|1|1|1|1
3416647|1|1|1|300.54334633|20|1|1|1|1|1|1|1
3416648|1|1|1|325.92099489|20|2|1|1|1|1|1|1
3416649|1|1|1|301.05133973|23|2|1|4|1|1|1|1
3416650|1|1|1|301.05133973|23|1|1|4|1|1|1|1
3416656|1|1|1|181.4879373|23|1|1|5|1|1|1|1
3416658|1|1|1|263.12484241|23|2|1|1|1|1|1|1
3416659|1|1|1|295.44528611|23|1|1|1|1|1|1|1
3416660|1|1|1|342.57471223|23|2|1|1|1|1|1|1
3416661|1|1|1|476.87972541|23|2|1|1|1|1|1|1
3416662|1|1|1|151.23994775|23|2|1|1|1|1|1|1
3416663|1|1|1|396.22373705|23|2|1|1|1|1|1|1
3416664|1|1|1|157.97160156|23|2|1|1|1|1|1|1
3416665|1|1|1|295.44528611|23|2|1|1|1|1|1|1
3416666|1|1|1|157.18301976|23|2|1|1|1|1|1|1
3416667|1|1|1|251.8016023|23|2|1|1|1|1|1|1
3416668|1|1|1|295.44528611|23|2|1|1|1|1|1|1
3416669|1|1|1|280.95451942|23|1|1|1|1|1|1|2
3416670|1|1|1|247.80722047|23|1|1|1|1|1|1|1
3416671|1|1|1|360.77335642|23|1|1|2|1|1|1|1
3416672|1|1|1|326.99115867|23|1|1|2|1|1|1|1
3416674|1|1|1|193.17906487|23|1|1|2|1|1|1|1
3416675|1|1|1|360.77335642|23|2|1|2|1|1|1|1
3416676|1|1|1|283.8476187|23|1|1|2|1|1|1|1
3416677|1|1|1|425.46214842|23|2|1|2|1|1|1|1
3416679|1|1|1|196.73250175|23|1|1|2|1|1|1|1
3416680|1|1|1|187.06078038|23|2|1|1|1|1|1|1
3416682|1|1|1|113.68214421|23|1|1|1|1|1|1|1
3416684|1|1|1|95.785300243|23|1|1|1|1|1|1|1
3416685|1|1|1|251.77636956|23|1|1|1|1|1|1|1
3416686|1|1|1|383.14120097|23|1|1|1|1|1|1|1
3416687|1|1|1|113.68214421|23|2|1|1|1|1|1|1
3416688|1|1|1|100.04868099|23|2|1|1|1|1|1|1
3416705|1|1|1|71.040207298|27|2|1|3|2|1|1|1
3416707|1|1|1|66.483698924|27|2|1|1|2|2|1|2
3416708|1|1|1|105.44378568|27|2|1|1|2|2|1|1
3416711|1|1|1|214.76180642|27|2|1|2|2|1|1|1
3416714|1|1|1|61.392771739|27|2|1|2|2|1|1|1
3416715|1|1|1|79.496558198|27|2|1|2|2|1|1|1
3416716|1|1|1|78.354612427|27|1|1|2|2|1|1|1
3416718|1|1|1|55.253494565|27|2|1|1|2|2|1|2
3416719|1|1|1|54.149710595|27|2|1|1|2|2|1|2
3416720|1|1|1|54.002455753|27|2|1|1|2|2|1|2
3416730|1|1|1|55.253494565|27|2|1|1|2|2|1|2
3416735|1|1|1|221.01397826|27|1|1|1|2|2|1|2
3416736|1|1|1|116.75752191|27|1|1|1|2|2|1|2
3416737|1|1|1|232.00688583|41|2|1|2|1|1|1|1
3416738|1|1|1|370.42338762|41|2|1|2|1|1|1|1
3416739|1|1|1|142.22203452|41|1|1|2|1|1|1|1
3416740|1|1|1|409.93596301|41|1|1|2|1|1|1|1
3416741|1|1|1|466.73912746|41|1|1|2|1|1|1|1
3416742|1|1|1|232.00688583|41|1|1|2|1|1|1|1
3416743|1|1|1|342.24569282|41|1|1|2|1|1|1|1
3416744|1|1|1|170.39972933|41|2|1|2|1|1|1|1
3416745|1|1|1|234.04730267|41|2|1|2|1|1|1|1
3416746|1|1|1|196.03955969|41|1|1|2|1|1|1|1
3416747|1|1|1|548.87841659|41|1|1|2|1|1|1|1
3416748|1|1|1|420.08546697|41|2|1|2|1|1|1|1
3416749|1|1|1|237.72279602|41|1|1|2|1|1|1|1
3416750|1|1|1|205.82940622|41|1|1|1|1|1|1|1
3416751|1|1|1|420.95780447|41|2|1|1|1|1|1|1
3416752|1|1|1|391.90777216|41|1|1|2|1|1|1|1
3416753|1|1|1|54.485821495|44|1|1|1|1|2|1|1
3416754|1|1|1|80.485392754|44|1|1|2|1|1|1|1
3416755|1|1|1|61.254072994|44|1|1|2|1|1|1|1
3416756|1|1|1|96.666692735|44|1|1|2|1|1|1|1
3416757|1|1|1|134.22960407|44|2|1|2|1|1|1|1
3416758|1|1|1|120.69312385|44|2|1|2|1|1|1|1
3416759|1|1|1|88.094483066|44|1|1|2|1|2|1|2
3416760|1|1|1|66.248183953|44|1|1|2|1|1|1|1
3416761|1|1|1|106.89469514|44|1|1|2|1|1|1|1
3416762|1|1|1|52.979088105|44|1|1|1|1|1|1|1
3416763|1|1|1|69.295095146|44|2|1|1|1|2|1|1
3416764|1|1|1|97.489735946|44|1|1|1|1|1|1|1
3416765|1|1|1|160.27726427|44|1|1|2|1|1|1|1
3416766|1|1|1|80.485392754|44|1|1|1|1|1|1|1
3416767|1|1|1|161.08103843|44|1|1|1|1|1|1|2
3416768|1|1|1|80.485392754|44|1|1|1|1|1|1|1
3416769|1|1|1|136.35401731|44|1|1|1|1|1|1|1
3416770|1|1|1|102.88548875|44|1|1|1|1|1|1|1
3416771|1|1|1|96.740036479|44|1|1|1|1|1|1|1
3416772|1|1|1|104.3315018|44|1|1|1|1|1|1|1
3416773|1|1|1|102.88548875|44|1|1|1|1|1|1|1
3416774|1|1|1|90.009116623|44|1|1|2|1|1|1|1
3416775|1|1|1|128.79671301|44|1|1|2|1|1|1|1
3416776|1|1|1|92.657486343|44|1|1|2|1|1|1|1
3416777|1|1|1|117.12269755|44|1|1|2|1|1|1|1
3416778|1|1|1|67.981442893|44|1|1|2|1|1|1|1
3416779|1|1|1|70.257390345|44|1|1|2|1|1|1|1
3416780|1|1|1|123.49302777|44|2|1|0|2|2|1|2
3416781|1|1|1|83.642336356|44|1|1|2|1|1|1|1
3416782|1|1|1|289.67361634|47|1|1|3|1|1|1|1
3416783|1|1|1|467.06129293|47|1|1|3|1|1|1|1
3416784|1|1|1|520.09138103|47|1|1|3|1|1|1|1
3416786|1|1|1|189.08419936|47|1|1|3|1|1|1|1
3416787|1|1|1|406.06878549|47|2|1|2|1|1|1|1
3416788|1|1|1|373.81569057|47|2|1|2|1|1|1|1
3416789|1|1|1|418.22787205|47|2|1|2|1|1|1|1
3416790|1|1|1|472.41493766|47|1|1|2|1|1|1|1
3416791|1|1|1|435.82158121|47|1|1|2|1|1|1|1
3416792|1|1|1|263.1791677|47|1|1|2|1|1|1|1
3416793|1|1|1|382.52702167|47|2|1|2|1|1|1|1
3416794|1|1|1|302.92150707|47|1|1|2|1|1|1|1
3416795|1|1|1|419.32174566|47|1|1|2|1|1|1|1
3416796|1|1|1|449.06898448|47|2|1|2|1|1|1|1
3416797|1|1|1|351.67395008|47|1|1|2|1|1|1|1
3416798|1|1|1|338.42605936|47|1|1|2|1|1|1|1
3416799|1|1|1|481.31567714|47|2|1|2|1|1|1|1
3416800|1|1|1|236.3790568|47|1|1|2|1|1|1|1
3416801|1|1|1|435.82158121|47|2|1|2|1|1|1|1
3416803|1|1|1|338.42605936|47|2|1|2|1|1|1|1
3416804|1|1|1|435.82158121|47|2|1|2|1|1|1|1
3416805|1|1|1|427.02018101|47|1|1|2|1|1|1|1
3416806|1|1|1|365.00788812|47|1|1|2|1|1|1|1
3416807|1|1|1|431.27946469|47|2|1|2|1|1|1|1
3416809|1|1|1|387.17850237|47|1|1|3|1|1|1|1
3416810|1|1|1|302.92150707|47|1|1|3|1|1|1|1
3416811|1|1|1|285.52369684|47|2|1|3|1|1|1|1
3416812|1|1|1|565.45775137|47|1|1|3|1|1|1|1
3416813|1|1|1|373.82209283|47|1|1|3|1|1|1|1
3416814|1|1|1|413.67935327|47|2|1|3|1|1|1|1
3416815|1|1|1|432.56323412|47|2|1|3|1|1|1|1
3416816|1|1|1|189.08419936|47|2|1|3|1|1|1|1
3416817|1|1|1|524.3222784|47|2|1|3|1|1|1|1
3416818|1|1|1|189.08419936|47|1|1|3|1|1|1|1
3416819|1|1|1|378.17480098|47|2|1|3|1|1|1|1
3416820|1|1|1|581.96350173|47|1|1|1|1|1|1|1
3416821|1|1|1|280.77287687|47|1|1|1|1|1|1|1
3416823|1|1|1|440.16824501|47|1|1|1|1|1|1|1
3416824|1|1|1|511.07487512|47|1|1|1|1|1|1|1
3416825|1|1|1|302.92150707|47|1|1|1|1|1|1|1
3416826|1|1|1|254.36496299|47|1|1|1|1|1|1|1
3416828|1|1|1|422.56813359|47|1|1|1|1|1|1|1
3416829|1|1|1|298.56879892|47|1|1|1|1|1|1|1
3416830|1|1|1|371.83150968|47|2|1|2|1|1|1|1
3416831|1|1|1|498.0818071|47|2|1|2|1|1|1|1
3416832|1|1|1|316.01553507|47|2|1|2|1|1|1|1
3416836|1|1|1|412.08535949|47|2|1|2|1|1|1|1
3416837|1|1|1|498.0818071|47|2|1|2|1|1|1|1
3416838|1|1|1|216.09622784|47|1|1|2|1|1|1|1
3416840|1|1|1|417.059326|47|2|1|2|1|1|1|1
3416841|1|1|1|387.0635813|47|1|1|1|1|1|1|1
3416842|1|1|1|329.52531988|47|1|1|2|1|1|1|1
3416844|1|1|1|280.77287687|47|1|1|1|1|1|1|1
3416845|1|1|1|435.82158121|47|1|1|1|1|1|1|1
3416846|1|1|1|205.61251997|47|1|1|1|1|1|1|1
3416847|1|1|1|516.70530836|47|1|1|1|2|1|1|1
3416848|1|1|1|357.39732034|47|1|1|1|1|1|1|1
3416849|1|1|1|575.45285191|47|1|1|1|1|1|1|1
3416850|1|1|1|432.56323412|47|1|1|1|1|1|1|1
3416851|1|1|1|334.16677568|47|2|1|1|1|2|1|1
3416852|1|1|1|286.41526926|47|2|1|1|1|2|1|1
3416853|1|1|1|289.67361634|47|1|1|1|1|2|1|1
3416855|1|1|1|218.77894538|47|1|1|2|1|2|1|1
3416856|1|1|1|435.82158121|47|1|1|2|1|1|1|1
3416857|1|1|1|280.86581389|47|1|1|2|1|1|1|1
3416858|1|1|1|422.58009274|47|1|1|2|1|2|1|1
3416859|1|1|1|517.79966942|47|1|1|1|1|2|1|1
3416860|1|1|1|338.50703722|47|1|1|1|1|2|1|1
3416861|1|1|1|232.02043385|47|1|1|1|1|1|1|1
3416862|1|1|1|484.57402422|47|2|1|1|1|1|1|1
3416863|1|1|1|325.35897323|47|1|1|1|1|1|1|1
3416864|1|1|1|420.40414756|47|2|1|1|2|1|1|1
3416865|1|1|1|662.85967548|47|2|1|1|1|1|1|1
3416866|1|1|1|227.67461541|47|1|1|1|1|1|1|1
3416867|1|1|1|302.92150707|47|2|1|1|1|1|1|1
3416868|1|1|1|347.32124193|47|2|1|1|1|1|1|1
3416869|1|1|1|435.82158121|47|2|1|1|1|1|1|1
3416870|1|1|1|488.93264718|47|1|1|1|1|1|1|1
3416871|1|1|1|429.30488704|47|2|1|1|1|1|1|1
3416872|1|1|1|289.67361634|47|3|1|3|1|1|1|1
3416873|1|1|1|302.92150707|47|3|1|3|1|1|1|1
3416874|1|1|1|351.76048484|47|3|1|3|1|1|1|1
3416875|1|1|1|302.92150707|47|3|1|3|1|1|1|1
3416877|1|1|1|232.02043385|47|3|1|3|1|1|1|1
3416879|1|1|1|232.02043385|47|3|1|3|1|1|1|1
3416880|1|1|1|444.71676379|47|3|1|3|1|1|1|1
3416881|1|1|1|586.31620988|47|3|1|3|1|1|1|1
3416882|1|1|1|387.27143939|47|1|1|3|1|1|1|1
3416883|1|1|1|498.96553832|47|1|1|2|1|1|1|1
3416884|1|1|1|238.25191632|47|1|1|2|1|1|1|1
3416886|1|1|1|415.3507673|47|1|1|2|1|1|1|1
3416887|1|1|1|321.85957371|47|1|1|2|1|1|1|1
3416888|1|1|1|430.19833597|47|1|1|2|1|1|1|1
3416890|1|1|1|449.85727868|47|1|1|2|1|1|1|1
3416892|1|1|1|489.08911574|47|1|1|2|1|1|1|1
3416893|1|1|1|430.19833597|47|1|1|2|1|1|1|1
3416894|1|1|1|366.13924431|47|1|1|2|1|1|1|1
3416895|1|1|1|221.22026696|50|1|1|1|1|1|1|1
3416896|1|1|1|350.29263108|50|1|1|1|1|1|1|1
3416897|1|1|1|242.79977181|50|1|1|1|1|1|1|1
3416898|1|1|1|256.22329129|50|1|1|1|1|1|1|1
3416899|1|1|1|217.40519197|50|1|1|1|1|1|1|1
3416900|1|1|1|319.47217618|50|2|1|1|1|1|1|1
3416901|1|1|1|260.63363543|50|1|1|1|1|1|1|1
3416902|1|1|1|245.57912987|50|1|1|1|1|1|1|1
3416903|1|1|1|366.37665121|50|1|1|1|1|1|1|1
3416904|1|1|1|449.36099789|50|1|1|1|1|1|1|1
3416905|1|1|1|265.19573426|50|1|1|1|1|1|1|1
3416906|1|1|1|321.15631349|50|2|1|1|1|1|1|1
3416907|1|1|1|443.10958356|50|1|1|0|2|2|2|2
3416908|1|1|1|504.42924219|50|1|1|0|2|2|2|2
3416909|1|1|1|470.58405621|50|1|1|0|2|2|2|2
3416910|1|1|1|654.17552785|50|1|1|0|2|2|2|2
3416911|1|1|1|595.63364473|50|1|1|0|2|2|2|2
3416912|1|1|1|454.90198894|50|1|1|0|2|2|2|2
3416913|1|1|1|546.10639148|50|1|1|0|2|2|2|2
3416914|1|1|1|433.58621094|50|1|1|0|2|2|2|2
3416915|1|1|1|321.50772877|50|1|1|0|2|2|2|2
3416916|1|1|1|448.18191201|50|1|1|0|2|2|2|2
3416917|1|1|1|318.60802989|50|1|1|2|1|1|1|1
3416918|1|1|1|296.81386994|50|1|1|2|1|1|1|1
3416919|1|1|1|302.45770174|50|1|1|3|1|1|1|1
3416920|1|1|1|474.7943422|50|1|1|3|1|1|1|1
3416921|1|1|1|328.22450691|50|2|1|3|1|1|1|1
3416922|1|1|1|409.5767042|50|2|1|1|1|1|1|1
3416923|1|1|1|574.23046011|50|2|1|1|1|1|1|1
3416924|1|1|1|436.43869549|50|1|1|1|1|1|1|1
3416925|1|1|1|490.61840625|50|2|1|1|1|1|1|1
3416926|1|1|1|409.5767042|50|2|1|1|1|1|1|1
3416927|1|1|1|599.01033034|50|1|1|2|1|1|1|1
3416928|1|1|1|497.24200174|50|1|1|2|1|1|1|1
3416929|1|1|1|563.92208938|50|2|1|2|1|1|1|1
3416930|1|1|1|407.63473495|50|2|1|2|1|1|1|1
3416931|1|1|1|566.27950678|50|2|1|2|1|1|1|1
3416932|1|1|1|363.90383626|50|2|1|2|1|1|1|1
3416933|1|1|1|595.96066464|50|1|1|3|1|1|1|1
3416936|1|1|1|263.77005348|52|2|1|1|1|1|1|1
3416937|1|1|1|313.33505631|52|2|1|1|1|1|1|1
3416938|1|1|1|186.84675274|52|1|1|1|1|1|1|1
3416939|1|1|1|364.77529493|52|2|1|1|2|1|1|1
3416940|1|1|1|262.66922593|52|2|1|2|2|1|1|1
3416941|1|1|1|219.5521084|52|1|1|2|1|1|1|1
3416942|1|1|1|226.31013727|52|1|1|2|2|1|1|1
3416943|1|1|1|241.74906247|52|2|1|4|2|1|1|1
3416944|1|1|1|213.86030386|52|2|1|1|2|1|1|1
3416945|1|1|1|322.55431007|52|1|1|2|2|1|1|1
3416946|1|1|1|250.69714865|52|3|1|2|2|1|1|1
3416947|1|1|1|281.28619282|52|3|1|2|2|1|1|1
3416948|1|1|1|241.82735825|52|1|1|4|2|1|1|1
3416949|1|1|1|106.41923563|52|1|1|4|2|1|1|1
3416950|1|1|1|156.2045066|52|1|1|4|2|1|1|1
3416951|1|1|1|212.10373042|52|1|1|4|2|1|1|1
3416952|1|1|1|156.2045066|52|1|1|4|2|1|1|1
3416954|1|1|1|156.2045066|52|1|1|4|2|1|1|1
3416955|1|1|1|354.20912966|52|1|1|4|2|1|1|1
3416956|1|1|1|498.22681474|52|1|1|1|2|1|1|1
3416957|1|1|1|315.20307112|52|1|1|1|1|1|1|1
3416958|1|1|1|315.20307112|52|1|1|1|1|1|1|1
3416959|1|1|1|290.48669517|52|1|1|1|1|1|1|1
3416960|1|1|1|361.01703859|52|2|1|1|2|1|1|1
3416961|1|1|1|368.70799257|52|2|1|1|1|1|1|1
3416962|1|1|1|226.1378411|52|1|1|1|1|1|1|1
3416963|1|1|1|187.66578664|52|1|1|1|1|1|1|1
3416964|1|1|1|324.50690108|52|1|1|1|1|1|1|1
3416965|1|1|1|625.88332997|54|2|1|3|1|1|1|1
3416966|1|1|1|855.04872605|54|1|1|4|1|1|1|1
3416967|1|1|1|915.24927616|54|2|1|3|1|1|1|1
3416968|1|1|1|1264.926478|54|2|1|3|1|1|1|1
3416969|1|1|1|904.28728821|54|2|1|3|1|1|1|1
3416970|1|1|1|915.24927616|54|2|1|3|1|1|1|1
3416971|1|1|1|915.24927616|54|2|1|3|1|1|1|1
3416972|1|1|1|888.14816598|54|2|1|3|1|1|1|1
3416973|1|1|1|864.92392375|54|2|1|1|2|1|1|1
3416974|1|1|1|559.3190021|54|2|1|1|1|1|1|1
3416975|1|1|1|543.1893242|54|2|1|1|1|1|1|1
3416976|1|1|1|337.01166146|63|1|1|2|1|1|1|1
3416977|1|1|1|248.45348604|63|2|1|2|1|1|1|1
3416978|1|1|1|248.45348604|63|2|1|2|1|1|1|1
3416979|1|1|1|313.09767981|63|2|1|2|1|1|1|1
3416980|1|1|1|341.22858927|63|2|1|5|1|1|1|1
3416981|1|1|1|246.94896427|63|2|1|4|1|1|1|1
3416982|1|1|1|264.54372836|66|2|1|2|1|1|1|1
3416983|1|1|1|455.8818373|66|2|1|3|1|1|1|1
3416984|1|1|1|894.74297223|66|2|1|2|1|1|1|1
3416985|1|1|1|508.65525|66|2|1|2|1|1|1|1
3416986|1|1|1|455.8818373|66|2|1|2|1|1|1|1
3416987|1|1|1|619.28684385|66|2|1|3|1|1|1|1
3416988|1|1|1|458.71815753|66|2|1|2|1|1|1|1
3416989|1|1|1|473.85876283|66|2|1|2|1|1|1|1
3416990|1|1|1|661.31454089|66|2|1|2|1|1|1|1
3416991|1|1|1|508.65525|66|2|1|4|2|1|1|1
3416992|1|1|1|608.54112819|66|2|1|5|1|1|1|1
3416993|1|1|1|463.88132593|66|2|1|4|1|1|1|1
3416994|1|1|1|463.88132593|66|2|1|1|1|1|1|1
3416995|1|1|1|358.83227934|66|2|1|6|1|1|1|1
3416996|1|1|1|390.67570651|66|2|1|6|1|1|1|1
3416997|1|1|1|508.65525|66|2|1|6|1|1|1|1
3416998|1|1|1|476.31404403|66|2|1|6|1|1|1|1
3416999|1|1|1|358.83227934|66|2|1|6|1|1|1|1
3417000|1|1|1|266.21595084|66|2|1|6|1|1|1|1
3417001|1|1|1|338.40007261|66|2|1|6|1|1|1|1
3417002|1|1|1|358.83227934|66|2|1|6|1|1|1|1
3417003|1|1|1|859.94648506|66|2|1|1|1|1|1|1
3417004|1|1|1|371.26499744|66|2|1|1|1|1|1|1
3417005|1|1|1|403.60620341|66|2|1|4|1|1|1|1
3417006|1|1|1|578.94614925|66|2|1|4|1|1|1|1
3417007|1|1|1|424.03841013|66|2|1|4|1|1|1|1
3417008|1|1|1|476.31404403|66|2|1|4|1|1|1|1
3417009|1|1|1|684.49297465|66|2|1|4|1|1|1|1
3417010|1|1|1|508.65525|66|2|1|4|1|1|1|1
3417011|1|1|1|424.03841013|66|2|1|4|1|1|1|1
3417012|1|1|1|633.79062891|66|2|1|4|1|1|1|1
3417013|1|1|1|627.15066304|66|2|1|3|1|1|1|1
3417014|1|1|1|828.64645877|66|2|1|2|1|1|1|1
3417015|1|1|1|297.33245332|66|2|1|2|1|1|1|1
3417016|1|1|1|473.27653913|66|2|1|2|1|1|1|1
3417017|1|1|1|351.39289937|66|2|1|2|1|1|1|1
3417018|1|1|1|1048.2876458|66|2|1|2|1|1|1|1
3417019|1|1|1|476.59561452|66|2|1|3|1|1|1|1
3417020|1|1|1|512.38585751|66|2|1|3|1|1|1|1
3417021|1|1|1|841.52058527|68|2|1|1|1|1|1|1
3417022|1|1|1|726.30411881|68|2|1|3|1|1|1|1
3417023|1|1|1|562.38103748|68|2|1|4|1|1|1|1
3417024|1|1|1|737.12165871|68|2|1|4|1|1|1|1
3417025|1|1|1|568.94253401|68|2|1|6|1|1|1|1
3417026|1|1|1|577.22495013|68|2|1|6|1|1|1|1
3417027|1|1|1|577.22495013|68|2|1|6|1|1|1|1
3417028|1|1|1|689.46831639|68|2|1|6|1|1|1|1
3417029|1|1|1|577.22495013|68|2|1|6|1|1|1|1
3417030|1|1|1|577.45142099|68|2|1|6|1|1|1|1
3417031|1|1|1|545.59390136|68|2|1|6|1|1|1|1
3417032|1|1|1|568.94253401|68|2|1|6|1|1|1|1
3417033|1|1|1|629.3797042|68|2|1|6|1|1|1|1
3417034|1|1|1|560.61808532|68|1|1|4|1|1|1|1
3417035|1|1|1|730.42859872|68|2|1|4|1|1|1|1
3417036|1|1|1|508.86034374|68|1|1|2|1|1|1|1
3417037|1|1|1|1506.9836208|68|2|1|4|1|1|1|1
3417038|1|1|1|1585.6089162|68|2|1|4|1|1|1|1
3417039|1|1|1|1354.0279568|68|2|1|4|1|1|1|1
3417040|1|1|1|618.33103396|68|2|1|2|1|1|1|1
3417041|1|1|1|102.14511863|70|1|1|3|1|1|1|1
3417042|1|1|1|212.0738381|70|2|1|1|1|1|1|1
3417043|1|1|1|267.43866741|70|1|1|1|1|1|1|1
3417044|1|1|1|194.76033987|70|1|1|1|1|1|1|1
3417045|1|1|1|226.34674162|70|1|1|1|1|1|1|1
3417046|1|1|1|106.88283285|70|1|1|1|1|1|1|1
3417047|1|1|1|299.16536041|70|1|1|1|1|1|1|1
3417048|1|1|1|227.33154203|70|1|1|1|1|1|1|1
3417049|1|1|1|207.00891743|70|1|1|1|1|1|1|1
3417050|1|1|1|184.88916154|70|2|1|1|1|1|1|1
3417051|1|1|1|106.88283285|70|1|1|1|1|1|1|1
3417052|1|1|1|207.00891743|70|1|1|1|1|1|1|1
3417053|1|1|1|220.57479376|70|2|1|1|1|1|1|1
3417054|1|1|1|167.9561713|70|1|1|2|1|1|1|1
3417055|1|1|1|174.92387371|70|1|1|2|1|1|1|1
3417056|1|1|1|89.528503349|70|2|1|2|1|1|1|1
3417057|1|1|1|242.72707256|70|2|1|2|1|1|1|1
3417058|1|1|1|178.96281139|70|1|1|2|1|1|1|1
3417059|1|1|1|106.43405876|70|2|1|2|1|1|1|1
3417060|1|1|1|175.72288908|70|1|1|2|1|1|1|1
3417061|1|1|1|176.52190445|70|2|1|2|1|1|1|1
3417062|1|1|1|107.23307412|70|1|1|2|1|1|1|1
3417063|1|1|1|113.09957194|70|2|1|2|1|1|1|1
3417064|1|1|1|205.01826687|70|2|1|2|1|1|1|1
3417065|1|1|1|166.48071849|70|2|1|6|1|1|1|1
3417066|1|1|1|145.92159804|70|2|1|6|1|1|1|1
3417067|1|1|1|145.92159804|70|2|1|6|1|1|1|1
3417068|1|1|1|344.98266059|70|2|1|6|1|1|1|1
3417069|1|1|1|225.37936364|73|1|1|3|1|1|1|1
3417070|1|1|1|542.98304844|73|2|1|3|1|1|1|1
3417071|1|1|1|572.97595241|73|2|1|3|2|2|2|2
3417072|1|1|1|694.20908621|73|2|1|3|1|1|1|1
3417073|1|1|1|654.04790976|73|1|1|3|1|1|1|1
3417074|1|1|1|289.9486737|73|2|1|3|1|1|1|1
3417075|1|1|1|495.24213169|73|3|1|3|1|1|1|1
3417077|1|1|1|509.63861457|73|1|1|3|1|1|1|1
3417078|1|1|1|529.82085854|73|1|1|3|1|1|1|1
3417079|1|1|1|464.21800981|73|1|1|3|1|1|1|1
3417080|1|1|1|464.21800981|73|2|1|3|1|1|1|1
3417081|1|1|1|214.3260711|73|1|1|3|1|1|1|1
3417082|1|1|1|276.00883362|73|2|1|3|1|1|1|1
3417083|1|1|1|432.36319093|73|1|1|3|1|1|1|1
3417084|1|1|1|197.17998541|73|1|1|3|1|1|1|1
3417086|1|1|1|226.32724357|73|2|1|4|1|1|1|1
3417087|1|1|1|226.32724357|73|2|1|4|1|1|1|1
3417088|1|1|1|510.53470495|73|2|1|4|1|1|1|1
3417089|1|1|1|226.32724357|73|2|1|4|1|1|1|1
3417090|1|1|1|385.36719191|73|2|1|4|1|1|1|1
3417091|1|1|1|335.94336722|73|2|1|4|1|1|1|1
3417092|1|1|1|786.21922191|73|1|1|3|1|1|1|1
3417093|1|1|1|434.453104|73|2|1|3|1|1|1|1
3417094|1|1|1|364.27408311|73|2|1|3|1|1|1|1
3417095|1|1|1|305.97350967|73|2|1|2|1|1|1|1
3417096|1|1|1|560.26492864|73|2|1|2|1|1|1|1
3417097|1|1|1|548.16576591|73|2|1|2|1|1|1|1
3417098|1|1|1|394.65555911|73|2|1|2|1|1|1|1
3417099|1|1|1|467.53422361|73|1|1|2|1|1|1|1
3417100|1|1|1|413.85588618|73|1|1|3|1|1|1|1
3417101|1|1|1|1764.3509019|76|2|1|6|1|1|1|1
3417102|1|1|1|3551.5861769|76|2|1|5|1|1|1|1
3417103|1|1|1|3416.4948824|76|2|1|5|1|1|1|1
3417104|1|1|1|1227.5387045|76|1|1|2|1|1|1|1
3417105|1|1|1|1656.1556727|76|2|1|2|1|1|1|1
3417106|1|1|1|2400.5400487|76|1|1|2|1|1|1|1
3417107|1|1|1|741.41956461|76|1|1|1|2|2|1|1
3417108|1|1|1|2522.8772449|76|1|1|1|1|1|1|1
3417109|1|1|1|1727.9610316|76|1|1|6|1|1|1|1
3417111|1|1|1|1667.4278768|76|1|1|6|1|1|1|1
3417112|1|1|1|1110.5836685|76|2|1|3|1|1|1|1
3417113|1|1|1|1949.498836|76|1|1|3|1|1|1|1
3417114|1|1|1|1704.1009059|76|1|1|3|1|1|1|1
3417115|1|1|1|2035.9727178|76|1|1|4|1|1|1|1
3417116|1|1|1|2405.8407815|76|2|1|2|1|1|1|1
3417117|1|1|1|2603.8496393|76|1|1|1|1|1|1|1
3417118|1|1|1|1818.469802|76|2|1|1|1|1|1|1
3417119|1|1|1|2148.2296977|76|3|1|1|1|1|1|1
3417120|1|1|1|39.504349801|88|1|1|5|2|1|1|1
3417121|1|1|1|61.337476861|88|1|1|5|2|1|1|1
3417122|1|1|1|47.566114184|88|2|1|5|2|1|1|1
3417123|1|1|1|48.555166955|88|1|1|5|2|1|1|1
3417124|1|1|1|61.572654129|88|2|1|5|2|1|1|1
3417125|1|1|1|26.787164416|88|2|1|5|2|1|1|1
3417126|1|1|1|62.326529632|88|1|1|5|2|1|1|1
3417127|1|1|1|31.707633978|88|1|1|5|2|1|1|1
3417128|1|1|1|36.762474178|88|2|1|5|2|1|1|1
3417129|1|1|1|71.964806906|88|2|1|5|2|1|1|1
3417130|1|1|1|45.763225515|88|1|1|5|2|1|1|1
3417131|1|1|1|56.295845745|88|1|1|5|2|1|1|1
3417132|1|1|1|41.643712625|88|2|1|4|2|1|1|1
3417133|1|1|1|30.024451064|88|2|1|4|2|1|1|1
3417134|1|1|1|29.412862877|88|2|1|4|2|1|1|1
3417135|1|1|1|42.679432216|88|2|1|3|2|1|1|1
3417136|1|1|1|37.928488107|88|2|1|3|2|1|1|1
3417137|1|1|1|19.606652895|88|1|1|3|2|1|1|1
3417138|1|1|1|29.412862877|88|2|1|3|2|1|1|1
3417139|1|1|1|41.643712625|88|2|1|3|2|1|1|1
3417140|1|1|1|29.412862877|88|2|1|3|2|1|1|1
3417141|1|1|1|34.824851777|88|2|1|3|2|1|1|1
3417142|1|1|1|40.783740259|88|2|1|3|2|1|1|1
3417143|1|1|1|26.30179629|88|2|1|3|2|1|1|1
3417144|1|1|1|41.643712625|88|2|1|3|2|1|1|1
3417145|1|1|1|44.778102075|88|2|1|1|2|2|1|1
3417146|1|1|1|47.581030302|88|1|1|1|2|2|1|1
3417147|1|1|1|34.389361297|88|2|1|1|2|2|1|1
3417148|1|1|1|19.324717647|88|1|1|1|2|2|1|1
3417149|1|1|1|44.249902792|88|1|1|1|2|2|1|1
3417150|1|1|1|52.069572052|88|2|1|1|2|2|1|1
3417151|1|1|1|41.836225776|88|2|1|1|2|2|1|1
3417152|1|1|1|37.720488807|88|2|1|1|2|2|1|1
3417153|1|1|1|35.028526241|88|2|1|1|2|2|1|1
3417154|1|1|1|74.390887838|88|2|1|3|2|1|1|1
3417155|1|1|1|64.794500517|88|1|1|3|2|1|1|1
3417156|1|1|1|50.355850471|88|2|1|3|2|1|1|1
3417157|1|1|1|59.479761765|88|2|1|3|2|1|1|1
3417158|1|1|1|94.016415669|88|2|1|3|2|1|1|1
3417159|1|1|1|69.672222942|88|2|1|3|2|1|1|1
3417160|1|1|1|65.459058792|88|2|1|3|2|1|1|1
3417161|1|1|1|50.144499823|88|1|1|3|2|1|1|1
3417162|1|1|1|71.141342401|88|2|1|3|2|1|1|1
3417163|1|1|1|64.794500517|88|2|1|3|2|1|1|1
3417164|1|1|1|64.794500517|88|2|1|3|2|1|1|1
3417165|1|1|1|30.024451064|88|1|1|2|2|2|1|1
3417166|1|1|1|37.928488107|88|1|1|2|2|2|1|1
3417167|1|1|1|16.564043697|88|2|1|2|2|2|1|1
3417168|1|1|1|22.461905046|88|2|1|2|2|2|1|1
3417169|1|1|1|24.676194684|88|2|1|2|2|2|1|1
3417170|1|1|1|38.540076294|88|2|1|2|2|2|1|1
3417171|1|1|1|26.029211524|88|1|1|3|2|1|1|1
3417172|1|1|1|30.810454549|88|1|1|3|2|1|1|1
3417173|1|1|1|68.429248743|88|1|1|3|2|1|1|1
3417174|1|1|1|72.983606674|88|1|1|3|2|1|1|1
3417175|1|1|1|29.559220506|88|1|1|3|2|1|1|1
3417176|1|1|1|60.562977034|88|1|1|3|2|1|1|1
3417177|1|1|1|62.867878788|88|2|1|3|2|1|1|1
3417178|1|1|1|44.456290379|88|1|1|2|2|2|1|2
3417179|1|1|1|57.62488173|88|1|1|2|2|2|1|2
3417180|1|1|1|80.565388975|88|1|1|2|2|2|1|2
3417181|1|1|1|44.456290379|88|1|1|2|2|2|1|2
3417182|1|1|1|41.283620213|88|1|1|2|2|2|1|2
3417183|1|1|1|26.95914773|88|2|1|1|2|1|1|1
3417184|1|1|1|68.321515915|88|1|1|1|2|1|1|1
3417185|1|1|1|34.094587078|88|1|1|1|2|1|1|1
3417186|1|1|1|41.283620213|88|1|1|1|2|1|1|1
3417187|1|1|1|40.783740259|88|2|1|1|2|2|1|1
3417188|1|1|1|16.564043697|88|1|1|1|2|2|1|1
3417189|1|1|1|21.024702688|88|2|1|1|2|2|1|1
3417190|1|1|1|28.26770175|88|1|1|1|2|2|1|1
3417191|1|1|1|27.262305759|88|1|1|1|2|2|1|1
3417192|1|1|1|45.658401819|88|2|1|1|2|2|1|1
3417193|1|1|1|30.024451064|88|1|1|1|2|2|1|1
3417194|1|1|1|36.171738793|88|1|1|1|2|2|1|1
3417195|1|1|1|34.351256958|88|1|1|1|2|2|1|1
3417196|1|1|1|39.026990944|88|1|1|1|2|2|1|1
3417197|1|1|1|33.31168856|88|1|1|1|2|2|1|1
3417198|1|1|1|41.643712625|88|2|1|1|2|2|1|1
3417199|1|1|1|36.171738793|88|1|1|1|2|2|1|1
3417200|1|1|1|4592.7715061|05|2|1|6|1|1|1|1
3417202|1|1|1|2980.2923956|05|2|1|3|1|1|1|1
3417203|1|1|1|4519.33037|05|2|1|3|1|1|1|1
3417204|1|1|1|1619.8154476|05|2|1|3|1|1|1|1
3417206|1|1|1|1079.4769387|08|2|1|1|1|2|1|2
3417207|1|1|1|2041.3762852|08|1|1|1|1|2|1|1
3417209|1|1|1|1483.2134686|08|2|1|1|1|2|1|1
3417210|1|1|1|983.17715046|08|1|1|1|1|1|1|1
3417214|1|1|1|1041.6249783|08|2|1|1|2|2|1|2
3417215|1|1|1|1446.0526152|08|2|1|4|1|1|1|1
3417216|1|1|1|1520.4350991|08|2|1|4|1|1|1|1
3417217|1|1|1|1858.0347967|08|2|1|4|1|1|1|1
3417218|1|1|1|1273.8589206|08|2|1|4|1|1|1|1
3417219|1|1|1|1446.0526152|08|2|1|4|1|1|1|1
3417220|1|1|1|1661.6409168|08|2|1|4|1|1|1|1
3417221|1|1|1|1642.4464951|08|2|1|4|1|1|1|1
3417225|1|1|1|1833.2869795|08|2|1|4|1|1|1|1
3417226|1|1|1|1574.2416031|08|2|1|4|1|1|1|1
3417227|1|1|1|1321.5314178|08|2|1|4|1|1|1|1
3417228|1|1|1|1455.1525573|08|2|1|4|1|1|1|1
3417229|1|1|1|1733.9530678|08|1|1|3|1|1|1|1
3417230|1|1|1|1297.7943876|08|2|1|3|1|1|1|1
3417231|1|1|1|901.91230289|08|2|1|1|1|1|1|1
3417232|1|1|1|1808.777488|08|2|1|1|1|1|1|1
3417233|1|1|1|819.69051556|08|2|1|1|1|1|1|1
3417235|1|1|1|1761.0159473|08|2|1|1|1|1|1|1
3417236|1|1|1|1249.6750995|08|2|1|3|1|1|1|1
3417237|1|1|1|1283.5425168|08|1|1|3|1|1|1|1
3417238|1|1|1|954.58567765|08|2|1|1|1|1|1|1
3417240|1|1|1|940.40161502|08|2|1|1|1|1|1|1
3417241|1|1|1|1654.2760111|08|2|1|1|1|1|1|1
3417242|1|1|1|1595.6757963|08|2|1|1|1|1|1|1
3417243|1|1|1|1598.5414258|08|2|1|1|1|1|1|1
3417244|1|1|1|1809.3221666|08|3|1|1|1|1|1|1
3417245|1|1|1|1809.3221666|08|3|1|1|1|1|1|1
3417246|1|1|1|1573.1742462|08|3|1|1|1|1|1|1
3417247|1|1|1|1345.5215267|08|3|1|1|1|1|1|1
3417248|1|1|1|2213.4771803|08|3|1|1|1|1|1|1
3417249|1|1|1|702.58357639|08|2|1|1|1|1|1|1
3417250|1|1|1|1809.3221666|08|3|1|1|1|1|1|1
3417251|1|1|1|1041.8562442|08|3|1|1|1|1|1|1
3417252|1|1|1|1989.4575157|08|1|1|2|1|1|1|1
3417253|1|1|1|2247.1410027|08|2|1|2|1|1|1|1
3417254|1|1|1|1228.8712347|08|2|1|2|1|1|1|1
3417255|1|1|1|2630.0927383|08|2|1|2|1|1|1|1
3417256|1|1|1|2158.09945|08|2|1|2|1|1|1|1
3417257|1|1|1|1743.8427665|08|2|1|2|1|1|1|1
3417258|1|1|1|1587.261475|08|2|1|2|1|1|1|1
3417260|1|1|1|1886.8244273|08|2|1|2|1|1|1|1
3417261|1|1|1|1855.7675228|08|2|1|2|1|1|1|1
3417262|1|1|1|1833.4467812|08|2|1|2|1|1|1|1
3417263|1|1|1|959.64265351|08|2|1|2|1|1|1|1
3417264|1|1|1|1196.0905874|08|2|1|2|1|1|1|1
3417265|1|1|1|993.17139661|08|2|1|2|1|1|1|1
3417266|1|1|1|886.20102418|08|1|1|1|2|2|2|2
3417267|1|1|1|937.21575507|08|1|1|1|1|1|1|1
3417268|1|1|1|1239.4508324|08|2|1|1|1|1|1|1
3417269|1|1|1|1092.6172428|08|2|1|1|1|1|1|1
3417270|1|1|1|1031.5088597|08|2|1|1|1|1|1|1
3417271|1|1|1|1328.7743178|08|2|1|1|1|1|1|1
3417273|1|1|1|910.70135951|08|1|1|1|1|2|1|1
3417274|1|1|1|1042.5934116|08|1|1|1|1|1|1|1
3417275|1|1|1|801.55086016|08|2|1|1|1|1|1|1
3417276|1|1|1|573.35612097|08|1|1|1|1|1|1|1
3417277|1|1|1|1318.6366528|08|2|1|1|1|1|1|1
3417279|1|1|1|1504.8024676|08|2|1|1|1|1|1|1
3417281|1|1|1|1619.6153429|08|2|1|1|1|1|1|1
3417282|1|1|1|8239.1098421|11|2|1|2|1|1|1|1
3417283|1|1|1|8910.5613752|11|2|1|2|1|1|1|1
3417284|1|1|1|8470.0440792|11|2|1|2|1|1|1|1
3417285|1|1|1|6075.7514729|11|2|1|3|1|1|1|1
3417286|1|1|1|5179.729307|11|1|1|3|1|1|1|1
3417287|1|1|1|4533.9299241|11|1|1|3|1|1|1|1
3417288|1|1|1|5464.7747258|11|2|1|3|1|1|1|1
3417289|1|1|1|6473.5462625|11|2|1|4|1|1|1|1
3417290|1|1|1|4983.4195073|11|2|1|4|1|1|1|1
3417291|1|1|1|5889.6594061|11|2|1|4|1|1|1|1
3417293|1|1|1|7653.3714261|11|2|1|5|1|1|1|1
3417294|1|1|1|601.02284535|13|2|1|6|1|1|1|1
3417295|1|1|1|599.22650514|13|2|1|5|1|1|1|1
3417296|1|1|1|603.91807843|13|2|1|6|1|1|1|1
3417297|1|1|1|601.93261922|13|2|1|6|1|1|1|1
3417298|1|1|1|601.02284535|13|2|1|5|1|1|1|1
3417299|1|1|1|822.72096034|13|2|1|5|1|1|1|1
3417300|1|1|1|1164.1330012|13|2|1|1|1|1|1|1
3417301|1|1|1|817.83052727|13|2|1|1|1|1|1|1
3417302|1|1|1|979.22345726|13|2|1|2|1|1|1|1
3417303|1|1|1|474.0424839|13|2|1|2|1|1|1|1
3417304|1|1|1|819.10989676|13|2|1|4|1|1|1|1
3417305|1|1|1|849.25979779|13|1|1|2|1|1|1|1
3417306|1|1|1|877.89701631|13|2|1|2|1|1|1|1
3417307|1|1|1|820.94075649|13|2|1|2|1|1|1|1
3417308|1|1|1|817.83052727|13|2|1|2|1|1|1|1
3417309|1|1|1|915.67338788|13|2|1|2|1|1|1|1
3417310|1|1|1|815.03847525|13|3|1|2|1|1|1|1
3417311|1|1|1|845.18837628|13|3|1|2|1|1|1|1
3417312|1|1|1|606.34466266|13|2|1|2|1|1|1|1
3417313|1|1|1|1033.832193|13|2|1|2|1|1|1|1
3417314|1|1|1|881.64800657|13|2|1|2|1|1|1|1
3417315|1|1|1|849.25979779|13|2|1|2|1|1|1|1
3417316|1|1|1|845.18837628|13|2|1|2|1|1|1|1
3417317|1|1|1|769.67696989|13|2|1|1|1|1|1|1
3417318|1|1|1|591.50474818|13|1|1|1|1|1|1|1
3417319|1|1|1|706.36667855|13|2|1|1|1|1|1|1
3417321|1|1|1|244.34903836|15|1|1|3|1|1|1|1
3417322|1|1|1|233.39915659|15|2|1|2|1|1|1|1
3417324|1|1|1|122.2503551|15|2|1|2|1|1|1|1
3417325|1|1|1|193.40136374|15|1|1|2|1|1|1|1
3417326|1|1|1|68.148913649|15|2|1|2|2|1|1|1
3417327|1|1|1|68.148913649|15|1|1|2|1|1|1|1
3417328|1|1|1|72.036173098|15|2|1|2|1|1|1|1
3417329|1|1|1|114.16516366|15|2|1|2|1|1|1|1
3417330|1|1|1|126.08085347|15|2|1|2|1|1|1|1
3417331|1|1|1|124.72785333|15|1|1|3|1|1|1|1
3417332|1|1|1|252.66312766|15|1|1|3|1|1|1|1
3417333|1|1|1|101.65275948|15|1|1|3|1|1|1|1
3417334|1|1|1|107.47366432|15|2|1|3|1|1|1|1
3417335|1|1|1|190.91109311|15|2|1|3|1|1|1|1
3417336|1|1|1|76.654225326|15|1|1|3|1|1|1|1
3417337|1|1|1|132.50581205|15|1|1|3|1|1|1|1
3417338|1|1|1|61.959777209|15|2|1|3|1|1|1|1
3417339|1|1|1|162.68221155|15|2|1|4|1|1|1|1
3417340|1|1|1|135.59060154|15|2|1|4|1|1|1|1
3417341|1|1|1|148.2404489|15|2|1|4|1|1|1|1
3417342|1|1|1|247.54867827|15|2|1|4|1|1|1|1
3417343|1|1|1|302.72728624|15|1|1|1|1|1|1|1
3417344|1|1|1|89.592984553|15|1|1|1|1|1|1|1
3417345|1|1|1|89.592984553|15|1|1|1|1|1|1|1
3417346|1|1|1|94.703428097|15|1|1|1|1|1|1|1
3417347|1|1|1|267.841534|15|1|1|1|1|1|1|1
3417348|1|1|1|178.6449372|15|2|1|1|1|1|1|1
3417350|1|1|1|145.81818609|15|2|1|3|1|1|1|1
3417351|1|1|1|145.81818609|15|2|1|3|1|1|1|1
3417352|1|1|1|419.10514646|17|2|1|3|1|1|1|1
3417353|1|1|1|384.92340626|17|2|1|3|1|1|1|1
3417354|1|1|1|204.82815086|17|2|1|3|1|1|1|1
3417355|1|1|1|325.96013446|17|2|1|3|1|1|1|1
3417356|1|1|1|421.06810064|17|2|1|3|1|1|1|1
3417357|1|1|1|521.78775915|17|2|1|3|1|1|1|1
3417358|1|1|1|384.92340626|17|2|1|3|1|1|1|1
3417359|1|1|1|583.55303674|17|2|1|4|1|1|1|1
3417360|1|1|1|609.7499804|17|2|1|4|1|1|1|1
3417361|1|1|1|578.96863837|17|2|1|5|1|1|1|1
3417362|1|1|1|345.80166108|17|2|1|1|1|1|1|1
3417363|1|1|1|317.05994822|17|1|1|3|2|1|1|1
3417364|1|1|1|208.08222699|17|1|1|3|1|1|1|1
3417365|1|1|1|615.78785234|17|2|1|3|1|1|1|1
3417366|1|1|1|466.65661935|17|1|1|3|1|1|1|1
3417367|1|1|1|811.61547702|17|1|1|3|1|1|1|1
3417368|1|1|1|204.82815086|17|1|1|3|1|1|1|1
3417369|1|1|1|811.61547702|17|1|1|3|1|1|1|1
3417370|1|1|1|521.78775915|17|1|1|3|1|1|1|1
3417371|1|1|1|269.50847533|17|1|1|3|1|1|1|1
3417372|1|1|1|384.92340626|17|1|1|3|1|1|1|1
3417373|1|1|1|232.81512247|17|2|1|4|1|1|1|1
3417374|1|1|1|337.36691297|17|2|1|3|1|1|1|1
3417375|1|1|1|502.80131372|17|2|1|3|1|1|1|1
3417376|1|1|1|333.029223|17|1|1|2|1|1|1|1
3417377|1|1|1|387.53190209|17|1|1|6|1|1|1|1
3417378|1|1|1|495.94406066|17|1|1|6|1|1|1|1
3417379|1|1|1|259.29308995|17|1|1|6|1|1|1|1
3417380|1|1|1|495.94406066|17|1|1|6|1|1|1|1
3417381|1|1|1|440.37245018|17|1|1|6|1|1|1|1
3417382|1|1|1|895.31195764|17|1|1|6|1|1|1|1
3417383|1|1|1|405.12937945|17|1|1|6|1|1|1|1
3417384|1|1|1|468.46306569|17|1|1|6|1|1|1|1
3417385|1|1|1|334.17977873|17|1|1|6|1|1|1|1
3417386|1|1|1|681.50329914|17|2|1|3|1|1|1|1
3417387|1|1|1|942.17362415|17|1|1|3|1|1|1|1
3417388|1|1|1|703.99358614|17|2|1|3|1|1|1|1
3417389|1|1|1|432.57716671|17|2|1|3|1|1|1|1
3417390|1|1|1|879.66252454|17|2|1|3|1|1|1|1
3417391|1|1|1|610.26960874|17|2|1|3|1|1|1|1
3417392|1|1|1|1033.9744294|17|2|1|3|1|1|1|1
3417393|1|1|1|403.67377107|17|2|1|3|1|1|1|1
3417394|1|1|1|403.67377107|17|1|1|3|1|1|1|1
3417395|1|1|1|249.20032592|18|1|1|1|1|2|1|1
3417397|1|1|1|219.53232163|18|1|1|1|2|2|1|1
3417398|1|1|1|167.27143779|18|1|1|1|1|2|1|1
3417399|1|1|1|201.03938244|18|1|1|1|2|2|1|1
3417400|1|1|1|161.36946811|18|1|1|1|1|2|1|1
3417401|1|1|1|79.506058959|18|2|1|2|1|1|1|1
3417402|1|1|1|82.575287795|18|1|1|2|1|1|1|1
3417403|1|1|1|91.753696282|18|2|1|2|1|1|1|1
3417405|1|1|1|114.55950249|18|2|1|2|1|1|1|1
3417408|1|1|1|59.246297997|18|2|1|2|1|1|1|1
3417409|1|1|1|77.261844591|18|1|1|1|1|1|1|1
3417410|1|1|1|107.39196014|18|1|1|2|1|1|1|1
3417411|1|1|1|140.28014419|18|1|1|2|1|1|1|1
3417412|1|1|1|144.55588213|18|1|1|2|1|1|1|1
3417413|1|1|1|135.63739647|18|1|1|2|1|1|1|1
3417415|1|1|1|67.116412464|18|1|1|2|1|1|1|1
3417416|1|1|1|103.76536806|18|2|1|2|1|1|1|1
3417418|1|1|1|136.36132729|18|2|1|2|1|1|1|1
3417421|1|1|1|166.4240288|18|1|1|1|1|1|1|1
3417422|1|1|1|163.21013995|18|1|1|1|1|1|1|1
3417424|1|1|1|159.2527188|18|1|1|2|1|1|1|1
3417426|1|1|1|103.52805453|18|1|1|2|1|1|1|1
3417428|1|1|1|75.504094032|18|1|1|1|1|2|1|1
3417432|1|1|1|133.903774|18|2|1|2|1|1|1|1
3417434|1|1|1|208.75407234|18|1|1|1|1|1|1|1
3417436|1|1|1|153.18261016|18|2|1|1|1|1|1|1
3417437|1|1|1|137.32864729|18|1|1|1|1|1|1|1
3417438|1|1|1|134.02625496|18|1|1|1|2|2|1|1
3417439|1|1|1|115.17003228|18|1|1|1|1|1|1|1
3417440|1|1|1|83.429841671|18|1|1|1|2|1|1|1
3417441|1|1|1|153.03288457|18|1|1|1|1|1|1|1
3417444|1|1|1|126.96747112|18|2|1|1|1|1|1|1
3417445|1|1|1|139.02801679|18|2|1|1|1|1|1|1
3417446|1|1|1|160.83150595|18|2|1|1|1|1|1|1
3417447|1|1|1|138.48159162|18|2|1|1|1|1|1|1
3417448|1|1|1|129.09557449|18|2|1|1|1|1|1|1
3417449|1|1|1|175.44531195|18|2|1|1|1|1|1|1
3417450|1|1|1|72.281930687|18|1|1|1|1|1|1|1
3417452|1|1|1|132.32878828|18|1|1|1|1|1|1|1
3417453|1|1|1|95.067115473|18|2|1|1|1|1|1|1
3417455|1|1|1|106.18739756|19|1|1|3|2|1|1|1
3417456|1|1|1|106.18739756|19|1|1|3|1|1|1|1
3417457|1|1|1|383.93296922|19|1|1|3|1|1|1|1
3417458|1|1|1|351.96171077|19|2|1|3|2|1|1|1
3417459|1|1|1|226.1439003|19|1|1|3|1|1|1|1
3417460|1|1|1|351.96171077|19|1|1|3|1|1|1|1
3417461|1|1|1|220.01312718|19|2|1|4|1|1|1|1
3417462|1|1|1|203.98021073|19|2|1|4|1|1|1|1
3417463|1|1|1|378.37800607|19|3|1|4|1|1|1|1
3417464|1|1|1|136.52665401|19|2|1|4|1|1|1|1
3417465|1|1|1|378.37800607|19|3|1|4|1|1|1|1
3417466|1|1|1|362.34508962|19|3|1|4|1|1|1|1
3417467|1|1|1|162.87430701|19|3|1|4|1|1|1|1
3417468|1|1|1|257.98153539|19|3|1|4|1|1|1|1
3417469|1|1|1|205.03726661|19|1|1|2|1|1|1|1
3417470|1|1|1|408.64925376|19|1|1|2|1|1|1|1
3417471|1|1|1|315.11071857|19|1|1|3|1|1|1|1
3417472|1|1|1|327.31798883|19|1|1|3|1|1|1|1
3417473|1|1|1|589.60947634|19|1|1|3|1|1|1|1
3417474|1|1|1|331.69054551|19|1|1|3|1|1|1|1
3417475|1|1|1|262.26027093|19|1|1|3|1|1|1|1
3417476|1|1|1|436.40323081|19|1|1|1|1|1|1|1
3417477|1|1|1|187.73061646|19|1|1|2|1|1|1|1
3417478|1|1|1|157.58466875|19|1|1|2|1|1|1|1
3417479|1|1|1|311.08498391|19|1|1|2|1|1|1|1
3417480|1|1|1|593.23010868|19|1|1|2|1|1|1|1
3417481|1|1|1|118.32310014|19|1|1|2|1|1|1|1
3417482|1|1|1|598.57568306|19|2|1|2|1|1|1|1
3417483|1|1|1|176.7828493|19|1|1|2|1|1|1|1
3417484|1|1|1|314.98174209|19|1|1|4|1|1|1|1
3417485|1|1|1|229.04059255|19|2|1|4|1|1|1|1
3417486|1|1|1|162.71441369|19|1|1|4|1|1|1|1
3417487|1|1|1|87.117007795|19|1|1|4|1|1|1|1
3417488|1|1|1|290.92234436|19|1|1|4|1|1|1|1
3417489|1|1|1|87.117007795|19|2|1|4|1|1|1|1
3417490|1|1|1|89.79439557|19|1|1|4|1|1|1|1
3417491|1|1|1|440.70956884|19|2|1|4|1|1|1|1
3417492|1|1|1|103.92931971|19|1|1|5|2|1|1|1
3417493|1|1|1|254.04079297|20|1|1|2|1|1|1|1
3417494|1|1|1|390.94784186|20|2|1|2|1|1|1|1
3417495|1|1|1|309.52438934|20|2|1|2|1|1|1|1
3417496|1|1|1|318.4052417|20|2|1|2|1|1|1|1
3417497|1|1|1|387.23392911|20|2|1|1|2|2|1|1
3417498|1|1|1|296.99785238|20|1|1|0|2|2|1|1
3417499|1|1|1|331.0260571|20|2|1|6|1|1|1|1
3417500|1|1|1|291.16631143|20|2|1|6|1|1|1|1
3417501|1|1|1|179.75495854|20|2|1|6|1|1|1|1
3417502|1|1|1|324.49536327|20|2|1|6|1|1|1|1
3417503|1|1|1|331.86435712|20|2|1|6|1|1|1|1
3417504|1|1|1|308.75545656|20|2|1|6|1|1|1|1
3417505|1|1|1|324.49536327|20|2|1|6|1|1|1|1
3417506|1|1|1|305.00061829|20|2|1|6|1|1|1|1
3417507|1|1|1|208.4023832|20|2|1|6|1|1|1|1
3417508|1|1|1|189.05410261|20|1|1|3|1|1|1|1
3417509|1|1|1|477.10965451|20|1|1|3|1|1|1|1
3417510|1|1|1|502.28118915|20|2|1|2|1|1|1|1
3417511|1|1|1|199.63921384|20|1|1|3|1|1|1|1
3417512|1|1|1|216.19428144|20|1|1|3|1|1|1|1
3417513|1|1|1|434.12217519|20|1|1|3|1|1|1|1
3417514|1|1|1|413.49301849|20|2|1|1|1|1|1|1
3417515|1|1|1|318.16141205|20|1|1|1|1|1|1|1
3417516|1|1|1|144.39751185|23|1|1|1|1|1|1|1
3417517|1|1|1|202.94322951|23|1|1|1|1|1|1|1
3417518|1|1|1|177.09951532|23|2|1|2|1|1|1|1
3417519|1|1|1|190.295708|23|2|1|2|1|1|1|1
3417521|1|1|1|192.78608758|23|2|1|2|1|1|1|1
3417522|1|1|1|176.35614125|23|1|1|2|1|1|1|1
3417523|1|1|1|155.46837363|23|2|1|2|1|1|1|1
3417524|1|1|1|211.65933794|23|2|1|2|1|1|1|1
3417525|1|1|1|184.43735854|23|2|1|2|1|1|1|1
3417527|1|1|1|274.04677964|23|1|1|2|1|1|1|1
3417528|1|1|1|158.66079369|23|2|1|2|1|1|1|1
3417530|1|1|1|237.47706765|23|1|1|2|1|1|1|1
3417531|1|1|1|221.33974943|23|2|1|2|1|1|1|1
3417532|1|1|1|200.40848514|23|2|1|2|1|1|1|1
3417533|1|1|1|210.0666812|23|2|1|2|1|1|1|1
3417534|1|1|1|131.35329068|23|2|1|2|1|1|1|1
3417535|1|1|1|176.73916804|23|2|1|2|1|1|1|1
3417536|1|1|1|153.29701785|23|1|1|2|1|1|1|1
3417539|1|1|1|196.39667372|23|1|1|2|1|1|1|1
3417540|1|1|1|170.03736454|23|2|1|2|1|1|1|1
3417541|1|1|1|84.230981687|23|1|1|5|1|1|1|1
3417542|1|1|1|102.89748185|23|1|1|5|1|1|1|1
3417543|1|1|1|259.15320437|23|2|1|1|1|2|1|1
3417544|1|1|1|357.28792951|23|2|1|1|1|2|1|1
3417545|1|1|1|395.08773041|23|2|1|1|1|2|1|1
3417546|1|1|1|316.61446825|23|2|1|1|1|2|1|1
3417547|1|1|1|220.40030267|23|2|1|1|1|2|1|1
3417548|1|1|1|267.12748638|23|1|1|1|1|2|1|1
3417549|1|1|1|343.6389453|23|1|1|1|1|2|1|1
3417550|1|1|1|238.58955335|23|1|1|1|1|2|1|1
3417551|1|1|1|379.30738718|23|1|1|1|1|2|1|1
3417552|1|1|1|234.82542732|23|2|1|1|1|2|1|1
3417553|1|1|1|180.99865506|23|1|1|2|1|1|1|1
3417554|1|1|1|153.29701785|23|1|1|1|1|1|1|1
3417555|1|1|1|170.05211839|23|1|1|1|1|1|1|1
3417556|1|1|1|231.34330509|23|1|1|1|1|1|1|1
3417557|1|1|1|214.61582499|23|1|1|1|1|1|1|1
3417558|1|1|1|261.64452853|23|1|1|1|1|1|1|1
3417559|1|1|1|251.89479892|23|1|1|1|1|1|1|1
3417560|1|1|1|214.61582499|23|1|1|1|1|1|1|1
3417561|1|1|1|248.90634342|23|1|1|1|1|1|1|1
3417562|1|1|1|198.67692981|23|1|1|1|1|1|1|1
3417563|1|1|1|307.83237828|23|1|1|1|1|1|1|1
3417564|1|1|1|274.95534321|23|2|1|1|1|1|1|1
3417565|1|1|1|274.95534321|23|2|1|1|1|1|1|1
3417566|1|1|1|273.54185985|23|1|1|1|1|1|1|1
3417567|1|1|1|247.28220027|23|1|1|1|1|1|1|1
3417568|1|1|1|273.54185985|23|1|1|1|1|1|1|1
3417570|1|1|1|79.855485518|27|1|1|1|2|2|1|2
3417574|1|1|1|152.73023179|27|1|1|2|2|1|1|1
3417584|1|1|1|92.261845679|27|2|1|3|2|1|1|1
3417585|1|1|1|70.649514245|27|1|1|1|2|2|1|1
3417586|1|1|1|188.26283214|27|2|1|1|2|1|1|1
3417589|1|1|1|159.89995747|27|1|1|1|2|2|1|1
3417592|1|1|1|110.54144007|27|1|1|1|2|2|1|1
3417601|1|1|1|123.24746036|27|1|1|1|2|1|1|1
3417605|1|1|1|50.095134033|27|1|1|1|2|2|1|2
3417607|1|1|1|127.82997895|27|2|1|1|2|1|1|1
3417608|1|1|1|127.82997895|27|2|1|1|2|2|1|1
3417614|1|1|1|110.96085625|27|1|1|1|2|1|1|1
3417615|1|1|1|118.35527588|27|2|1|1|2|1|1|2
3417616|1|1|1|73.200861724|27|2|1|1|2|1|1|1
3417619|1|1|1|142.60306466|27|2|1|1|2|1|1|1
3417620|1|1|1|99.080363834|27|2|1|1|2|2|1|1
3417621|1|1|1|104.22090164|27|2|1|1|2|1|1|1
3417622|1|1|1|102.6189129|27|2|1|1|2|1|1|1
3417623|1|1|1|62.727557014|27|1|1|1|2|2|1|2
3417626|1|1|1|90.116251985|27|1|1|1|2|2|1|1
3417628|1|1|1|488.31159599|41|2|1|2|1|1|1|1
3417629|1|1|1|511.09439039|41|2|1|2|1|1|1|1
3417631|1|1|1|400.26979947|41|1|1|2|1|1|1|1
3417632|1|1|1|344.58786796|41|1|1|2|1|1|1|1
3417633|1|1|1|161.37338878|41|1|1|3|1|1|1|1
3417634|1|1|1|267.82921875|41|1|1|3|1|1|1|1
3417635|1|1|1|179.30376531|41|2|1|5|1|1|1|1
3417636|1|1|1|179.30376531|41|2|1|5|1|1|1|1
3417637|1|1|1|179.30376531|41|2|1|5|1|1|1|1
3417638|1|1|1|179.30376531|41|2|1|5|1|1|1|1
3417639|1|1|1|222.09469568|41|2|1|5|1|1|1|1
3417640|1|1|1|275.05527083|41|2|1|5|1|1|1|1
3417641|1|1|1|548.36607016|41|1|1|2|1|1|1|1
3417642|1|1|1|372.90776111|41|1|1|2|1|1|1|1
3417643|1|1|1|426.93124024|41|2|1|2|1|1|1|1
3417644|1|1|1|197.76616445|41|2|1|2|1|1|1|1
3417645|1|1|1|289.16718019|41|1|1|4|1|1|1|1
3417646|1|1|1|295.68319277|41|1|1|4|1|1|1|1
3417649|1|1|1|575.85404526|41|2|1|1|1|1|1|1
3417650|1|1|1|199.88522611|41|1|1|1|1|1|1|1
3417651|1|1|1|179.78742223|41|1|1|1|1|1|1|1
3417654|1|1|1|122.81630534|44|1|1|2|1|1|1|1
3417655|1|1|1|80.519861068|44|1|1|3|1|1|1|1
3417656|1|1|1|78.104805966|44|1|1|3|1|1|1|1
3417657|1|1|1|163.59692855|44|1|1|0|2|2|2|2
3417658|1|1|1|88.452325481|44|1|1|2|1|1|1|1
3417659|1|1|1|91.663114458|44|2|1|3|1|1|1|1
3417660|1|1|1|81.239297376|44|2|1|2|1|1|1|1
3417661|1|1|1|67.1436291|44|2|1|2|1|1|1|1
3417662|1|1|1|68.401270169|44|2|1|2|1|1|1|1
3417663|1|1|1|97.988460319|44|2|1|3|1|1|1|1
3417664|1|1|1|83.696139485|44|2|1|3|1|1|1|1
3417665|1|1|1|65.715131403|44|2|1|2|1|1|1|1
3417666|1|1|1|73.406004946|44|2|1|2|1|1|1|1
3417667|1|1|1|73.406004946|44|1|1|1|1|1|1|1
3417668|1|1|1|83.492735866|44|2|1|3|1|1|1|1
3417669|1|1|1|102.89010668|44|2|1|3|1|1|1|1
3417670|1|1|1|82.651534787|44|2|1|3|1|1|1|1
3417671|1|1|1|112.00868378|44|2|1|2|1|1|1|1
3417672|1|1|1|71.54456869|44|1|1|2|1|1|1|1
3417673|1|1|1|84.884049935|44|1|1|2|1|1|1|1
3417674|1|1|1|108.50172412|44|1|1|1|1|1|1|1
3417675|1|1|1|100.25513099|44|1|1|1|1|1|1|1
3417676|1|1|1|120.66770837|44|1|1|1|1|1|1|1
3417677|1|1|1|114.20756182|44|2|1|1|1|1|1|1
3417678|1|1|1|60.027771504|44|1|1|1|1|1|1|1
3417679|1|1|1|98.43726396|44|2|1|1|1|1|1|1
3417680|1|1|1|117.59665573|44|1|1|1|1|1|1|1
3417681|1|1|1|125.45088659|44|1|1|1|1|1|1|1
3417682|1|1|1|85.501587711|44|1|1|1|1|1|1|1
3417683|1|1|1|111.46703531|44|2|1|1|1|1|1|1
3417684|1|1|1|138.53310941|44|1|1|1|1|1|1|1
3417685|1|1|1|121.19158467|44|1|1|1|1|1|1|1
3417686|1|1|1|111.22121961|44|1|1|1|1|1|1|1
3417687|1|1|1|106.43804139|44|2|1|1|1|1|1|1
3417688|1|1|1|85.747403408|44|1|1|1|1|1|1|1
3417689|1|1|1|104.62017436|44|2|1|2|1|1|1|1
3417690|1|1|1|81.865853644|44|2|1|1|1|1|1|1
3417691|1|1|1|105.14405066|44|1|1|1|1|1|1|1
3417692|1|1|1|54.159531584|44|1|1|2|1|1|1|1
3417693|1|1|1|70.53057308|44|1|1|0|2|2|2|2
3417694|1|1|1|85.501587711|44|1|1|0|2|2|2|2
3417695|1|1|1|84.453412682|44|1|1|0|2|2|1|2
3417696|1|1|1|104.62017436|44|1|1|0|2|2|2|2
3417697|1|1|1|99.823518176|44|3|1|0|2|2|2|2
3417698|1|1|1|132.40348899|44|3|1|1|2|2|2|2
3417699|1|1|1|104.86599005|44|1|1|0|2|2|2|2
3417700|1|1|1|114.67898667|44|1|1|0|2|2|2|2
3417701|1|1|1|83.683720678|44|1|1|0|2|2|2|2
3417702|1|1|1|97.913387653|44|1|1|0|2|2|2|2
3417703|1|1|1|111.22121961|44|1|1|0|2|2|2|2
3417704|1|1|1|99.823518176|44|1|1|1|1|2|1|1
3417705|1|1|1|81.865853644|44|2|1|1|1|2|1|1
3417706|1|1|1|111.22121961|44|2|1|1|2|2|1|2
3417707|1|1|1|101.54912172|44|3|1|1|1|2|1|1
3417708|1|1|1|83.683720678|44|3|1|1|2|2|1|1
3417709|1|1|1|85.501587711|44|3|1|1|2|2|1|1
3417710|1|1|1|139.30280141|44|2|1|1|1|1|1|1
3417711|1|1|1|111.22121961|44|2|1|1|1|1|1|1
3417712|1|1|1|111.22121961|44|3|1|1|2|2|1|1
3417713|1|1|1|131.58889858|44|2|1|1|1|2|1|1
3417717|1|1|1|533.26975128|47|1|1|3|1|1|1|1
3417718|1|1|1|207.67872477|47|1|1|3|1|1|1|1
3417719|1|1|1|177.80340565|47|1|1|3|1|1|1|1
3417720|1|1|1|177.80340565|47|1|1|3|1|2|1|1
3417721|1|1|1|706.86538351|47|1|1|3|1|1|1|1
3417722|1|1|1|417.18831459|47|1|1|3|1|2|1|2
3417723|1|1|1|177.80340565|47|1|1|3|1|1|1|1
3417724|1|1|1|300.75273543|47|1|1|3|1|1|1|1
3417725|1|1|1|438.51984511|47|1|1|3|1|1|1|1
3417727|1|1|1|195.58374621|47|2|1|4|1|1|1|1
3417730|1|1|1|355.14486965|47|1|1|4|1|1|1|1
3417731|1|1|1|506.82824081|47|1|1|6|1|1|1|1
3417734|1|1|1|672.39664522|47|2|1|3|1|1|1|1
3417735|1|1|1|200.02883135|47|2|1|3|1|1|1|1
3417740|1|1|1|177.80340565|47|1|1|3|1|1|1|1
3417741|1|1|1|177.80340565|47|1|1|3|1|1|1|1
3417742|1|1|1|262.53280063|47|1|1|2|1|1|1|1
3417744|1|1|1|427.9358127|47|2|1|1|1|1|1|1
3417745|1|1|1|579.02843425|47|2|1|2|1|1|1|1
3417749|1|1|1|186.8278193|47|1|1|1|1|1|1|1
3417754|1|1|1|177.80340565|47|1|1|1|1|1|1|1
3417757|1|1|1|367.14650275|50|1|1|2|1|1|1|1
3417758|1|1|1|390.61958617|50|2|1|2|1|1|1|1
3417759|1|1|1|358.65880567|50|2|1|2|1|1|1|1
3417760|1|1|1|194.94621506|50|2|1|3|1|1|1|1
3417761|1|1|1|194.94621506|50|1|1|3|1|1|1|1
3417762|1|1|1|340.31333303|50|1|1|3|1|1|1|1
3417763|1|1|1|452.90288523|50|2|1|3|1|1|1|1
3417764|1|1|1|252.23705857|50|1|1|3|1|1|1|1
3417765|1|1|1|194.94621506|50|2|1|3|1|1|1|1
3417766|1|1|1|352.7319322|50|2|1|3|1|1|1|1
3417767|1|1|1|661.97908214|50|2|1|3|1|1|1|1
3417768|1|1|1|624.81858423|50|1|1|3|1|1|1|1
3417770|1|1|1|374.49821752|50|2|1|3|1|1|1|1
3417771|1|1|1|585.59688036|50|1|1|1|1|1|1|1
3417772|1|1|1|494.87541288|50|1|1|2|1|1|1|1
3417773|1|1|1|401.64314431|50|1|1|1|1|1|1|1
3417774|1|1|1|231.91281964|50|1|1|1|1|1|1|1
3417775|1|1|1|413.53561713|50|1|1|1|1|1|1|1
3417776|1|1|1|383.95899387|50|1|1|2|1|1|1|1
3417777|1|1|1|294.27656833|50|1|1|2|1|1|1|1
3417778|1|1|1|686.81703875|50|1|1|2|1|1|1|1
3417779|1|1|1|407.80733046|50|2|1|2|1|1|1|1
3417780|1|1|1|451.2265586|50|2|1|2|1|1|1|1
3417781|1|1|1|151.62483393|50|2|1|2|1|1|1|1
3417782|1|1|1|241.77270244|50|1|1|2|1|1|1|1
3417784|1|1|1|542.21824481|50|1|1|2|1|1|1|1
3417785|1|1|1|288.13233229|50|2|1|2|1|1|1|1
3417786|1|1|1|738.59887021|50|1|1|2|1|1|1|1
3417787|1|1|1|452.14153034|50|1|1|2|1|1|1|1
3417788|1|1|1|505.83090858|50|2|1|2|1|1|1|1
3417789|1|1|1|222.68856105|50|2|1|3|1|1|1|1
3417790|1|1|1|697.26904585|50|2|1|2|1|1|1|1
3417791|1|1|1|172.45242101|50|1|1|3|1|1|1|1
3417792|1|1|1|615.9040931|50|1|1|3|1|1|1|1
3417793|1|1|1|331.5138416|50|2|1|3|1|1|1|1
3417794|1|1|1|256.54389721|50|1|1|2|1|1|1|1
3417795|1|1|1|357.82752856|50|1|1|2|1|1|1|1
3417796|1|1|1|316.24475405|50|1|1|2|1|1|1|1
3417797|1|1|1|746.05946486|50|1|1|2|1|1|1|1
3417798|1|1|1|688.7657648|50|1|1|2|1|1|1|1
3417800|1|1|1|225.0802992|52|1|1|3|1|1|1|1
3417801|1|1|1|589.27839775|52|2|1|2|2|1|1|1
3417802|1|1|1|137.97615966|52|2|1|2|1|1|1|1
3417803|1|1|1|190.84470225|52|2|1|2|1|1|1|1
3417804|1|1|1|241.96864454|52|1|1|2|2|1|1|1
3417805|1|1|1|235.85117939|52|2|1|2|2|1|1|1
3417806|1|1|1|293.63219495|52|2|1|2|1|1|1|1
3417807|1|1|1|192.16614302|52|1|1|3|1|1|1|1
3417808|1|1|1|337.62044881|52|2|1|3|2|1|1|1
3417809|1|1|1|258.84740452|52|4|1|1|2|1|1|1
3417810|1|1|1|213.26050028|52|2|1|1|2|2|1|1
3417811|1|1|1|221.17554016|52|2|1|4|2|1|1|1
3417812|1|1|1|143.30949355|52|2|1|4|2|1|1|1
3417813|1|1|1|251.91047207|52|2|1|4|2|1|1|1
3417814|1|1|1|370.30912355|52|1|1|3|2|1|1|1
3417815|1|1|1|247.09459768|52|2|1|3|2|1|1|1
3417816|1|1|1|334.81526711|52|2|1|3|2|1|1|1
3417817|1|1|1|207.38604302|52|1|1|3|2|1|1|1
3417818|1|1|1|288.28134292|52|1|1|2|1|1|1|1
3417819|1|1|1|325.21570006|52|1|1|2|1|1|1|1
3417820|1|1|1|227.06370204|52|4|1|2|2|1|1|1
3417821|1|1|1|276.52875163|52|2|1|1|1|1|1|1
3417822|1|1|1|234.92102352|52|2|1|1|1|1|1|1
3417823|1|1|1|307.60974224|52|2|1|1|2|1|1|1
3417824|1|1|1|375.37344315|52|2|1|2|2|1|1|1
3417825|1|1|1|297.98558773|52|2|1|2|2|1|1|1
3417826|1|1|1|144.9944537|52|2|1|1|2|1|1|1
3417827|1|1|1|982.83583226|54|2|1|5|1|1|1|1
3417828|1|1|1|303.01396907|54|2|1|5|1|1|1|1
3417829|1|1|1|547.49852799|54|2|1|5|1|1|1|1
3417830|1|1|1|418.80498102|54|2|1|5|1|1|1|1
3417831|1|1|1|418.80498102|54|2|1|5|1|1|1|1
3417832|1|1|1|567.29775342|54|2|1|5|1|1|1|1
3417833|1|1|1|444.75136806|54|2|1|5|1|1|1|1
3417834|1|1|1|616.29924356|54|2|1|5|1|1|1|1
3417835|1|1|1|1609.5580723|54|1|1|2|1|1|1|1
3417836|1|1|1|1493.1693698|54|1|1|2|1|1|1|1
3417837|1|1|1|1377.2984839|54|2|1|2|1|1|1|1
3417838|1|1|1|753.34701663|54|2|1|2|1|1|1|1
3417839|1|1|1|773.91993996|54|1|1|2|1|1|1|1
3417840|1|1|1|514.89136876|54|1|1|4|1|1|1|1
3417841|1|1|1|537.69986897|54|1|1|4|1|1|1|1
3417842|1|1|1|656.76406578|54|1|1|4|1|1|1|1
3417843|1|1|1|656.76406578|54|1|1|4|1|1|1|1
3417844|1|1|1|319.24214443|54|1|1|4|1|1|1|1
3417845|1|1|1|818.57672458|54|1|1|1|1|1|1|1
3417846|1|1|1|847.07790286|54|1|1|1|2|1|1|1
3417847|1|1|1|556.15500168|54|1|1|1|1|1|1|1
3417848|1|1|1|611.18361102|54|1|1|1|1|1|1|1
3417849|1|1|1|1014.3808082|54|1|1|1|1|1|1|1
3417850|1|1|1|744.16065871|54|1|1|1|2|1|1|1
3417851|1|1|1|1330.4330408|54|1|1|1|1|1|1|1
3417852|1|1|1|543.75868412|54|1|1|1|1|1|1|1
3417853|1|1|1|514.89136876|54|1|1|1|2|1|1|1
3417854|1|1|1|790.62814308|54|1|1|1|1|1|1|1
3417855|1|1|1|1617.0427673|54|2|1|2|1|1|1|1
3417856|1|1|1|545.75177028|54|1|1|1|2|1|1|1
3417857|1|1|1|444.57163166|54|1|1|2|2|1|1|1
3417858|1|1|1|681.42915062|54|2|1|1|1|1|1|1
3417860|1|1|1|257.55792461|63|2|1|2|1|1|1|1
3417861|1|1|1|314.29985507|63|2|1|2|1|1|1|1
3417862|1|1|1|234.34530851|63|2|1|3|1|1|1|1
3417863|1|1|1|285.82973149|63|2|1|2|1|1|1|1
3417864|1|1|1|172.89973982|63|2|1|2|1|1|1|1
3417865|1|1|1|257.55792461|63|2|1|2|1|1|1|1
3417866|1|1|1|242.7374813|63|2|1|3|1|1|1|1
3417867|1|1|1|174.8294106|63|2|1|2|1|1|1|1
3417868|1|1|1|294.83524616|63|1|1|4|1|1|1|1
3417869|1|1|1|251.881352|63|2|1|3|2|1|1|1
3417870|1|1|1|303.42185162|63|2|1|2|1|1|1|1
3417871|1|1|1|389.08381055|63|2|1|5|1|1|1|1
3417872|1|1|1|377.28231756|63|2|1|5|1|1|1|1
3417873|1|1|1|341.34958307|63|2|1|5|1|1|1|1
3417874|1|1|1|393.94066399|63|2|1|5|1|1|1|1
3417875|1|1|1|243.14025912|63|2|1|5|1|1|1|1
3417876|1|1|1|224.77698975|63|2|1|3|1|1|1|1
3417877|1|1|1|247.06850854|63|2|1|4|1|1|1|1
3417879|1|1|1|448.82536206|66|1|1|3|1|1|1|1
3417880|1|1|1|520.40339485|66|1|1|3|1|1|1|1
3417881|1|1|1|519.07668933|66|3|1|3|1|1|1|1
3417882|1|1|1|581.08034556|66|1|1|3|1|1|1|1
3417884|1|1|1|514.09445851|66|1|1|3|1|1|1|1
3417885|1|1|1|389.97150034|66|1|1|1|1|1|1|1
3417886|1|1|1|1090.6785385|66|1|1|1|2|1|1|1
3417887|1|1|1|575.54470817|66|1|1|1|2|1|1|1
3417888|1|1|1|987.00037758|66|1|1|1|2|1|1|1
3417889|1|1|1|1189.8311329|66|1|1|3|1|1|1|1
3417890|1|1|1|1138.287663|66|1|1|3|1|1|1|1
3417891|1|1|1|515.38744288|66|1|1|3|2|1|1|1
3417892|1|1|1|464.49228632|66|1|1|3|1|1|1|1
3417893|1|1|1|627.86695437|66|1|1|3|1|1|1|1
3417896|1|1|1|575.54470817|66|1|1|3|1|1|1|1
3417898|1|1|1|445.49495182|66|2|1|3|1|1|1|1
3417899|1|1|1|461.26664544|66|2|1|1|1|1|1|1
3417900|1|1|1|1089.4374414|66|2|1|1|1|1|1|1
3417901|1|1|1|444.40946548|66|2|1|2|1|1|1|1
3417902|1|1|1|420.62273878|66|2|1|2|1|1|1|1
3417903|1|1|1|338.15574982|66|1|1|3|1|1|1|1
3417904|1|1|1|530.95282512|66|1|1|1|1|1|1|1
3417905|1|1|1|314.36902311|66|1|1|1|1|1|1|1
3417906|1|1|1|443.32397915|66|2|1|1|1|1|1|1
3417907|1|1|1|424.69910945|66|2|1|1|1|1|1|1
3417908|1|1|1|486.2687854|66|2|1|2|1|1|1|1
3417909|1|1|1|747.79182378|66|2|1|2|1|1|1|1
3417910|1|1|1|902.14585565|66|2|1|2|1|1|1|1
3417911|1|1|1|639.0618853|66|2|1|2|1|1|1|1
3417912|1|1|1|514.62571853|66|2|1|1|1|1|1|1
3417913|1|1|1|1548.0593873|66|1|1|1|1|1|1|1
3417914|1|1|1|674.84158128|66|1|1|1|1|1|1|1
3417915|1|1|1|604.85651481|66|2|1|1|2|1|1|1
3417916|1|1|1|522.04848139|66|2|1|1|1|1|1|1
3417917|1|1|1|1390.9653885|66|2|1|1|1|1|1|1
3417918|1|1|1|763.51144559|66|2|1|4|1|1|1|1
3417919|1|1|1|763.12113547|68|2|1|3|1|1|1|1
3417920|1|1|1|770.65636709|68|2|1|3|1|1|1|1
3417921|1|1|1|1201.440232|68|2|1|3|1|1|1|1
3417922|1|1|1|802.90689683|68|1|1|3|1|1|1|1
3417923|1|1|1|697.885501|68|3|1|2|1|1|1|1
3417924|1|1|1|776.86320143|68|2|1|2|1|1|1|1
3417925|1|1|1|620.75566243|68|2|1|2|1|1|1|1
3417926|1|1|1|822.23505581|68|2|1|2|1|1|1|1
3417927|1|1|1|496.27413404|68|2|1|2|1|1|1|1
3417928|1|1|1|803.4855467|68|2|1|4|1|1|1|1
3417929|1|1|1|817.26631443|68|2|1|4|1|1|1|1
3417930|1|1|1|688.90582632|68|2|1|2|1|1|1|1
3417931|1|1|1|477.20242729|68|1|1|2|1|1|1|1
3417932|1|1|1|750.51136832|68|2|1|2|1|1|1|1
3417933|1|1|1|714.53613251|68|2|1|2|1|1|1|1
3417934|1|1|1|1102.3730655|68|2|1|2|1|1|1|1
3417935|1|1|1|555.0291013|68|2|1|2|1|1|1|1
3417936|1|1|1|536.40332237|68|2|1|2|1|1|1|1
3417937|1|1|1|961.61492249|68|2|1|2|1|1|1|1
3417938|1|1|1|985.19313047|68|2|1|4|1|1|1|1
3417939|1|1|1|167.77971551|70|1|1|2|1|1|1|1
3417940|1|1|1|138.66172659|70|1|1|2|1|1|1|1
3417942|1|1|1|161.28109943|70|2|1|3|1|1|1|1
3417946|1|1|1|161.28109943|70|2|1|3|1|1|1|1
3417947|1|1|1|158.98568782|70|1|1|4|1|1|1|1
3417948|1|1|1|73.099814124|70|1|1|4|1|1|1|1
3417949|1|1|1|150.77106105|70|1|1|4|1|1|1|1
3417950|1|1|1|120.99141422|70|1|1|4|1|1|1|1
3417951|1|1|1|59.432335044|70|2|1|4|1|1|1|1
3417952|1|1|1|194.03454202|70|2|1|4|1|1|1|1
3417953|1|1|1|133.06520251|70|1|1|4|1|1|1|1
3417954|1|1|1|139.29908016|70|1|1|4|1|1|1|1
3417955|1|1|1|107.90447389|70|1|1|4|1|1|1|1
3417956|1|1|1|223.66562677|70|1|1|4|1|1|1|1
3417957|1|1|1|107.40086592|70|1|1|4|1|1|1|1
3417958|1|1|1|120.99141422|70|1|1|4|1|1|1|1
3417959|1|1|1|134.38283451|70|1|1|4|1|1|1|1
3417960|1|1|1|131.35727181|70|1|1|5|1|1|1|1
3417961|1|1|1|246.57511788|70|1|1|5|1|1|1|1
3417962|1|1|1|163.72292819|70|2|1|5|1|1|1|1
3417963|1|1|1|168.93099455|70|2|1|5|1|1|1|1
3417964|1|1|1|262.08023631|70|2|1|5|1|1|1|1
3417965|1|1|1|410.30939708|70|2|1|5|1|1|1|1
3417966|1|1|1|384.30317314|73|2|1|3|1|1|1|1
3417967|1|1|1|278.50823714|73|1|1|3|1|1|1|1
3417969|1|1|1|235.64578168|73|1|1|3|1|1|1|1
3417970|1|1|1|458.54849544|73|1|1|2|1|1|1|1
3417971|1|1|1|263.97528972|73|1|1|2|1|1|1|1
3417972|1|1|1|263.97528972|73|1|1|2|1|1|1|1
3417973|1|1|1|184.04450606|73|1|1|2|1|1|1|1
3417974|1|1|1|184.04450606|73|1|1|2|1|1|1|1
3417975|1|1|1|263.97528972|73|1|1|2|1|1|1|1
3417976|1|1|1|328.73095484|73|1|1|2|1|1|1|1
3417977|1|1|1|184.04450606|73|1|1|2|1|1|1|1
3417978|1|1|1|257.68201534|73|1|1|2|1|1|1|1
3417979|1|1|1|280.59052168|73|2|1|4|1|1|1|1
3417980|1|1|1|190.17932293|73|2|1|4|1|1|1|1
3417981|1|1|1|379.4763501|73|2|1|4|1|1|1|1
3417982|1|1|1|760.7172917|73|2|1|4|1|1|1|1
3417983|1|1|1|190.17932293|73|2|1|4|1|1|1|1
3417984|1|1|1|162.57264702|73|2|1|2|1|1|1|1
3417985|1|1|1|494.9963864|73|2|1|2|1|1|1|1
3417986|1|1|1|395.96293459|73|3|1|2|1|1|1|1
3417987|1|1|1|414.55374005|73|3|1|2|1|1|1|1
3417988|1|1|1|414.55374005|73|3|1|2|1|1|1|1
3417989|1|1|1|186.67371329|73|2|1|4|1|1|1|1
3417990|1|1|1|378.86457265|73|2|1|4|1|1|1|1
3417991|1|1|1|267.74636529|73|2|1|4|1|1|1|1
3417992|1|1|1|446.06456939|73|2|1|2|1|1|1|1
3417993|1|1|1|216.25229462|73|2|1|2|1|1|1|1
3417994|1|1|1|232.24232843|73|2|1|2|1|1|1|1
3417995|1|1|1|302.77636802|73|1|1|2|1|1|1|1
3417996|1|1|1|385.25561628|73|1|1|2|1|1|1|1
3417997|1|1|1|302.77636802|73|2|1|2|1|1|1|1
3417998|1|1|1|386.25887193|73|1|1|2|1|1|1|1
3417999|1|1|1|302.77636802|73|2|1|2|1|1|1|1
3418000|1|1|1|768.89893215|73|2|1|2|1|1|1|1
3418001|1|1|1|697.29009384|73|2|1|2|1|1|1|1
3418002|1|1|1|472.89245207|73|2|1|2|1|1|1|1
3418003|1|1|1|594.35092553|73|2|1|2|1|1|1|1
3418004|1|1|1|416.39254279|73|2|1|2|1|1|1|1
3418005|1|1|1|579.48948758|73|2|1|2|1|1|1|1
3418006|1|1|1|233.12304101|73|2|1|2|1|1|1|1
3418007|1|1|1|343.94967173|73|2|1|2|1|1|1|1
3418008|1|1|1|408.4210619|73|2|1|2|1|1|1|1
3418009|1|1|1|458.27460112|73|2|1|2|1|1|1|1
3418010|1|1|1|458.27460112|73|2|1|2|1|1|1|1
3418011|1|1|1|416.39254279|73|2|1|2|1|1|1|1
3418012|1|1|1|838.99250634|73|2|1|2|1|1|1|1
3418013|1|1|1|458.27460112|73|2|1|2|1|1|1|1
3418014|1|1|1|252.40389402|73|1|1|1|1|1|1|1
3418015|1|1|1|344.76170187|73|2|1|1|1|1|1|1
3418016|1|1|1|242.97455319|73|2|1|3|1|1|1|1
3418018|1|1|1|269.8633234|73|1|1|3|1|1|1|1
3418019|1|1|1|1067.4581351|73|1|1|3|1|1|1|1
3418020|1|1|1|1247.7725936|76|1|1|1|1|1|1|1
3418023|1|1|1|1457.8751813|76|1|1|3|1|1|1|1
3418024|1|1|1|1533.1237887|76|2|1|3|1|1|1|1
3418025|1|1|1|1880.5583799|76|2|1|4|1|1|1|1
3418026|1|1|1|1954.1167759|76|2|1|4|1|1|1|1
3418027|1|1|1|2029.0332162|76|2|1|4|1|1|1|1
3418028|1|1|1|2199.5218576|76|2|1|4|1|1|1|1
3418029|1|1|1|2483.0358749|76|2|1|4|1|1|1|1
3418030|1|1|1|2462.2322444|76|2|1|4|1|1|1|1
3418031|1|1|1|2950.4097772|76|2|1|4|1|1|1|1
3418032|1|1|1|1689.4895341|76|2|1|4|1|1|1|1
3418033|1|1|1|2134.8986988|76|2|1|4|1|1|1|1
3418034|1|1|1|1391.0441749|76|2|1|4|1|1|1|1
3418035|1|1|1|1647.8749331|76|2|1|4|1|1|1|1
3418036|1|1|1|1363.4061034|76|2|1|4|1|1|1|1
3418037|1|1|1|2052.2100864|76|2|1|4|1|1|1|1
3418038|1|1|1|1647.8749331|76|2|1|4|1|1|1|1
3418039|1|1|1|1073.7122225|76|2|1|4|1|1|1|1
3418040|1|1|1|1820.8934129|76|2|1|6|1|1|1|1
3418041|1|1|1|1688.1226458|76|2|1|6|1|1|1|1
3418042|1|1|1|1329.4336246|76|2|1|6|1|1|1|1
3418043|1|1|1|1774.5396783|76|2|1|6|1|1|1|1
3418044|1|1|1|1774.5396783|76|2|1|6|1|1|1|1
3418045|1|1|1|1835.1252659|76|2|1|6|1|1|1|1
3418046|1|1|1|1688.1226458|76|2|1|6|1|1|1|1
3418047|1|1|1|1652.7729309|76|2|1|2|1|1|1|1
3418048|1|1|1|2427.0767719|76|2|1|2|1|1|1|1
3418049|1|1|1|2586.9098731|76|2|1|2|1|1|1|1
3418050|1|1|1|936.16863965|76|1|1|2|1|1|1|1
3418051|1|1|1|811.85780249|76|1|1|2|1|1|1|1
3418052|1|1|1|762.30572458|76|2|1|2|1|1|1|1
3418053|1|1|1|35.825656408|88|2|1|4|2|1|1|1
3418054|1|1|1|35.825656408|88|2|1|4|2|1|1|1
3418056|1|1|1|26.270573606|88|2|1|4|2|1|1|1
3418057|1|1|1|70.141760087|88|1|1|4|2|1|1|1
3418058|1|1|1|24.29958099|88|2|1|3|2|1|1|1
3418059|1|1|1|31.861661565|88|1|1|3|2|1|1|1
3418060|1|1|1|30.204313424|88|1|1|3|2|1|1|1
3418061|1|1|1|21.673223225|88|1|1|3|2|2|1|2
3418062|1|1|1|31.760103483|88|2|1|3|2|1|1|2
3418063|1|1|1|18.198448889|88|2|1|3|2|2|1|2
3418064|1|1|1|38.31808382|88|1|1|3|2|1|1|2
3418065|1|1|1|19.624969946|88|1|1|3|2|2|1|2
3418066|1|1|1|26.729539089|88|1|1|3|2|1|1|2
3418067|1|1|1|26.729539089|88|1|1|2|2|2|1|2
3418068|1|1|1|26.729539089|88|1|1|2|2|2|1|2
3418069|1|1|1|24.659212531|88|1|1|2|2|2|1|2
3418070|1|1|1|27.528742519|88|1|1|3|2|2|1|1
3418071|1|1|1|24.659212531|88|2|1|3|2|2|1|2
3418072|1|1|1|31.020083334|88|1|1|3|2|1|1|1
3418074|1|1|1|33.451653318|88|2|1|3|2|1|1|1
3418075|1|1|1|45.561714356|88|1|1|3|2|1|1|1
3418076|1|1|1|38.486645167|88|2|1|3|2|1|1|1
3418077|1|1|1|24.659212531|88|1|1|3|2|1|1|1
3418078|1|1|1|64.25351134|88|2|1|3|2|2|1|2
3418079|1|1|1|2609.6077782|05|2|1|3|1|1|1|1
3418084|1|1|1|1368.1616493|08|2|1|6|1|1|1|1
3418085|1|1|1|1478.3317837|08|2|1|6|1|1|1|1
3418086|1|1|1|1514.1222165|08|2|1|6|1|1|1|1
3418088|1|1|1|1514.1222165|08|2|1|6|1|1|1|1
3418091|1|1|1|1364.3758688|08|1|1|6|1|1|1|1
3418094|1|1|1|994.43034694|08|2|1|5|1|1|1|1
3418095|1|1|1|814.60207673|08|2|1|5|1|1|1|1
3418096|1|1|1|905.66733534|08|2|1|5|1|1|1|1
3418097|1|1|1|1054.1810836|08|2|1|5|1|1|1|1
3418098|1|1|1|1218.8934225|08|2|1|5|1|1|1|1
3418099|1|1|1|1333.2117611|08|2|1|5|1|1|1|1
3418100|1|1|1|1108.3651721|08|2|1|5|1|1|1|1
3418101|1|1|1|734.3056889|08|2|1|5|1|1|1|1
3418102|1|1|1|914.13395912|08|2|1|5|1|1|1|1
3418104|1|1|1|740.95499641|08|1|1|5|1|1|1|1
3418105|1|1|1|890.86089424|08|2|1|4|1|1|1|1
3418106|1|1|1|1179.4291446|08|2|1|4|1|1|1|1
3418107|1|1|1|855.89760889|08|2|1|4|1|1|1|1
3418108|1|1|1|1195.4761622|08|2|1|4|1|1|1|1
3418109|1|1|1|664.99257258|08|2|1|4|1|1|1|1
3418110|1|1|1|954.39426207|08|2|1|4|1|1|1|1
3418112|1|1|1|921.15993062|08|1|1|1|1|1|1|1
3418113|1|1|1|1757.6425597|08|1|1|1|1|1|1|1
3418114|1|1|1|1595.3428026|08|2|1|1|1|1|1|1
3418115|1|1|1|2355.3740208|08|1|1|1|1|1|1|1
3418116|1|1|1|2646.6221284|08|1|1|1|1|1|1|1
3418117|1|1|1|1595.3428026|08|3|1|1|1|1|1|1
3418118|1|1|1|1269.1771996|08|2|1|1|1|1|1|1
3418122|1|1|1|1214.0971455|08|2|1|2|1|1|1|1
3418123|1|1|1|972.11132581|08|2|1|2|1|1|1|1
3418124|1|1|1|2340.6162436|08|2|1|2|1|1|1|1
3418125|1|1|1|959.36158648|08|1|1|2|1|1|1|1
3418126|1|1|1|891.5233914|08|1|1|1|1|1|1|1
3418127|1|1|1|1221.9587928|08|2|1|2|1|1|1|1
3418128|1|1|1|1196.5071019|08|2|1|2|1|1|1|1
3418129|1|1|1|1359.78258|08|2|1|1|1|1|1|1
3418130|1|1|1|1135.4111629|08|1|1|2|1|1|1|1
3418131|1|1|1|1161.5992845|08|2|1|2|1|1|1|1
3418132|1|1|1|1334.055905|08|2|1|1|1|1|1|1
3418133|1|1|1|713.39199354|08|2|1|2|1|1|1|1
3418134|1|1|1|2114.5897403|08|2|1|1|1|1|1|1
3418135|1|1|1|1349.5967284|08|2|1|1|1|1|1|1
3418136|1|1|1|1069.2479288|08|1|1|1|1|1|1|1
3418137|1|1|1|1065.9875484|08|2|1|1|1|1|1|1
3418138|1|1|1|1091.992606|08|2|1|1|1|1|1|1
3418139|1|1|1|892.14318963|08|1|1|1|1|1|1|1
3418140|1|1|1|950.40390606|08|1|1|1|1|1|1|1
3418141|1|1|1|1208.0080285|08|2|1|1|1|1|1|1
3418142|1|1|1|780.4487458|08|1|1|1|1|1|1|1
3418144|1|1|1|789.55236976|08|1|1|2|1|1|1|1
3418145|1|1|1|764.19554288|08|1|1|2|1|1|1|1
3418146|1|1|1|966.65710898|08|2|1|2|1|1|1|1
3418147|1|1|1|734.62626385|08|1|1|2|1|1|1|1
3418148|1|1|1|871.21586806|08|1|1|2|1|1|1|1
3418149|1|1|1|1210.8366287|08|2|1|2|1|1|1|1
3418150|1|1|1|966.65710898|08|2|1|2|1|1|1|1
3418151|1|1|1|1133.4941092|08|1|1|2|1|1|1|1
3418152|1|1|1|701.2607078|08|2|1|2|1|1|1|1
3418153|1|1|1|1645.2518653|08|1|1|2|1|1|1|1
3418154|1|1|1|789.55236976|08|1|1|2|1|1|1|1
3418155|1|1|1|796.70194872|08|1|1|2|1|1|1|1
3418156|1|1|1|1038.0528683|08|1|1|1|1|2|1|1
3418158|1|1|1|5669.2676465|11|2|1|2|1|1|1|1
3418159|1|1|1|10454.044221|11|2|1|2|1|1|1|1
3418160|1|1|1|8510.1021377|11|1|1|2|1|1|1|1
3418161|1|1|1|8071.9082045|11|2|1|2|1|1|1|1
3418162|1|1|1|6809.9547032|11|2|1|3|1|1|1|1
3418163|1|1|1|3721.1983122|11|1|1|3|1|1|1|1
3418164|1|1|1|7540.0925455|11|1|1|3|1|1|1|1
3418165|1|1|1|5526.1457149|11|1|1|3|1|1|1|1
3418166|1|1|1|7584.1954459|11|2|1|3|1|1|1|1
3418167|1|1|1|6977.99891|11|1|1|2|1|1|1|1
3418168|1|1|1|3081.5084731|11|1|1|2|1|1|1|1
3418169|1|1|1|5899.8723566|11|2|1|6|1|1|1|1
3418170|1|1|1|5816.6428208|11|2|1|6|1|1|1|1
3418171|1|1|1|5669.7567814|11|1|1|5|1|1|1|1
3418172|1|1|1|6821.5217266|11|1|1|5|1|1|1|1
3418173|1|1|1|7055.5689616|11|1|1|3|1|1|1|1
3418174|1|1|1|5047.6685717|11|1|1|3|1|1|1|1
3418175|1|1|1|5616.6674109|11|1|1|3|1|1|1|1
3418176|1|1|1|4021.3826909|11|1|1|3|1|1|1|1
3418178|1|1|1|5575.490251|11|1|1|3|1|1|1|1
3418185|1|1|1|942.20313963|13|2|1|3|1|1|1|1
3418186|1|1|1|761.41110406|13|2|1|3|1|1|1|1
3418188|1|1|1|954.88263347|13|2|1|3|1|1|1|1
3418189|1|1|1|594.81029373|13|2|1|3|1|1|1|1
3418194|1|1|1|493.02874835|13|2|1|2|1|1|1|1
3418195|1|1|1|606.83543956|13|2|1|2|1|1|1|1
3418196|1|1|1|710.65036379|13|2|1|2|1|1|1|1
3418197|1|1|1|470.42772192|13|2|1|2|1|1|1|1
3418202|1|1|1|145.31380385|15|2|1|2|1|1|1|1
3418203|1|1|1|131.00374452|15|1|1|2|1|1|1|1
3418204|1|1|1|117.79185167|15|1|1|2|1|1|1|1
3418205|1|1|1|113.89722976|15|1|1|2|1|1|1|1
3418206|1|1|1|165.97500199|15|1|1|2|1|1|1|1
3418207|1|1|1|146.98914592|15|1|1|2|1|1|1|1
3418210|1|1|1|116.27251595|15|2|1|3|1|1|1|1
3418211|1|1|1|144.19517305|15|1|1|3|1|1|1|1
3418214|1|1|1|163.4179315|15|2|1|2|2|1|1|1
3418215|1|1|1|160.78812697|15|2|1|2|1|1|1|1
3418216|1|1|1|133.30996095|15|2|1|2|2|1|1|1
3418217|1|1|1|149.89737447|15|2|1|2|2|1|1|1
3418218|1|1|1|106.99427851|15|1|1|2|1|1|1|1
3418219|1|1|1|124.70234286|15|2|1|2|1|1|1|1
3418220|1|1|1|164.35320536|15|2|1|2|1|1|1|1
3418221|1|1|1|282.17816911|17|2|1|4|1|1|1|1
3418222|1|1|1|311.13155254|17|2|1|3|1|1|1|1
3418223|1|1|1|214.89468486|17|2|1|3|1|1|1|1
3418224|1|1|1|214.89468486|17|2|1|3|1|1|1|1
3418226|1|1|1|945.77728165|17|1|1|4|1|1|1|1
3418227|1|1|1|392.95169094|17|1|1|4|1|1|1|1
3418228|1|1|1|192.75740014|17|1|1|4|2|1|1|1
3418229|1|1|1|192.75740014|17|1|1|4|1|1|1|1
3418230|1|1|1|200.31814283|17|2|1|4|1|1|1|1
3418231|1|1|1|454.79348381|17|2|1|4|2|1|1|1
3418232|1|1|1|345.15879051|17|2|1|2|1|1|1|1
3418233|1|1|1|175.23400013|17|2|1|2|1|1|1|1
3418234|1|1|1|220.40480498|17|2|1|6|2|1|1|1
3418235|1|1|1|450.74307726|17|2|1|6|1|1|1|1
3418236|1|1|1|741.77367227|17|2|1|1|1|1|1|1
3418237|1|1|1|197.08719477|17|2|1|1|1|1|1|1
3418243|1|1|1|64.933681469|18|2|1|2|1|1|1|1
3418244|1|1|1|98.97901783|18|2|1|2|1|1|1|1
3418247|1|1|1|307.99332486|19|1|1|2|1|1|1|1
3418256|1|1|1|130.07655615|19|2|1|1|1|1|1|1
3418257|1|1|1|223.02774153|19|1|1|1|2|1|1|1
3418262|1|1|1|249.76072881|19|2|1|3|1|1|1|1
3418263|1|1|1|141.0966418|19|1|1|3|1|1|1|1
3418267|1|1|1|104.01731122|19|1|1|2|1|1|1|1
3418268|1|1|1|230.25117469|19|2|1|2|1|1|1|1
3418270|1|1|1|268.8371033|19|1|1|3|1|1|1|1
3418271|1|1|1|174.3106214|19|1|1|3|2|1|1|1
3418272|1|1|1|173.0189224|19|1|1|3|1|1|1|1
3418273|1|1|1|173.0189224|19|1|1|3|1|1|1|1
3418274|1|1|1|215.07384776|19|1|1|3|1|1|1|1
3418283|1|1|1|260.89264046|19|2|1|3|1|1|1|1
3418284|1|1|1|259.39606409|19|1|1|3|1|1|1|1
3418288|1|1|1|448.11078162|20|1|1|1|2|2|1|1
3418289|1|1|1|313.68761269|20|2|1|1|2|2|1|1
3418290|1|1|1|508.24256642|20|2|1|1|2|2|1|1
3418293|1|1|1|246.67661543|20|1|1|2|1|1|1|1
3418294|1|1|1|281.75601388|20|1|1|2|1|1|1|1
3418295|1|1|1|333.21907152|20|1|1|2|1|1|1|1
3418298|1|1|1|248.56053811|20|1|1|4|1|1|1|1
3418299|1|1|1|247.19702791|20|1|1|4|1|1|1|1
3418300|1|1|1|329.91923636|20|1|1|4|1|1|1|1
3418301|1|1|1|322.17515677|20|1|1|4|1|1|1|1
3418303|1|1|1|357.94902971|20|1|1|2|1|1|1|1
3418304|1|1|1|407.83562105|20|2|1|3|1|1|1|1
3418308|1|1|1|354.46453977|20|1|1|3|1|1|1|1
3418309|1|1|1|341.16261963|20|1|1|4|1|1|1|1
3418310|1|1|1|295.9623393|20|1|1|4|1|1|1|1
3418311|1|1|1|724.88323054|20|1|1|3|1|1|1|1
3418312|1|1|1|352.46931462|20|2|1|4|1|1|1|1
3418313|1|1|1|521.78076833|20|2|1|4|1|1|1|1
3418317|1|1|1|93.608673063|27|2|1|1|2|2|1|1
3418318|1|1|1|54.332602989|27|2|1|2|2|2|1|1
3418319|1|1|1|52.797783696|27|2|1|1|2|2|1|2
3418321|1|1|1|196.03955969|41|2|1|2|1|1|1|1
3418322|1|1|1|309.84665998|41|2|1|2|1|1|1|1
3418323|1|1|1|137.21960415|41|2|1|2|1|1|1|1
3418324|1|1|1|320.15111171|41|2|1|2|1|1|1|1
3418326|1|1|1|281.66896517|41|2|1|2|1|1|1|1
3418327|1|1|1|246.26151349|41|2|1|2|1|1|1|1
3418328|1|1|1|252.46084151|41|2|1|2|1|1|1|1
3418329|1|1|1|384.67801528|41|2|1|2|1|1|1|1
3418330|1|1|1|170.39972933|41|2|1|2|1|1|1|1
3418331|1|1|1|384.67801528|41|2|1|2|1|1|1|1
3418333|1|1|1|287.99529426|41|2|1|1|1|1|1|1
3418338|1|1|1|289.54093754|41|2|1|1|1|1|1|1
3418346|1|1|1|509.87031827|41|1|1|2|1|1|1|1
3418348|1|1|1|64.512015318|44|1|1|2|1|1|1|1
3418349|1|1|1|60.811185636|44|1|1|3|1|1|1|1
3418354|1|1|1|126.44095293|44|2|1|2|2|1|1|1
3418355|1|1|1|98.536071844|44|1|1|2|1|1|1|1
3418356|1|1|1|63.494032061|44|1|1|2|1|1|1|1
3418357|1|1|1|103.62837057|44|1|1|2|1|1|1|1
3418358|1|1|1|53.731733983|44|1|1|2|1|1|1|1
3418359|1|1|1|80.042089892|44|3|1|2|1|1|1|1
3418360|1|1|1|88.453936584|44|1|1|2|1|2|1|1
3418361|1|1|1|88.671844732|44|1|1|2|1|1|1|1
3418364|1|1|1|106.89469514|44|1|1|2|1|1|1|1
3418365|1|1|1|124.63253645|44|2|1|2|1|1|1|1
3418366|1|1|1|66.686964048|44|1|1|2|1|1|1|1
3418369|1|1|1|101.58499425|44|2|1|2|1|1|1|1
3418370|1|1|1|44.423256533|44|1|1|2|1|1|1|1
3418374|1|1|1|89.762602674|44|1|1|2|1|1|1|1
3418375|1|1|1|45.269592368|44|1|1|2|1|1|1|1
3418376|1|1|1|100.68119113|44|1|1|2|1|1|1|1
3418377|1|1|1|111.16582374|44|1|1|2|1|1|1|1
3418378|1|1|1|75.436807229|44|1|1|2|1|1|1|1
3418379|1|1|1|73.044708348|44|1|1|2|1|1|1|1
3418380|1|1|1|78.224124019|44|1|1|2|1|1|1|1
3418381|1|1|1|72.071857162|44|1|1|2|1|1|1|2
3418382|1|1|1|100.46421321|44|1|1|2|1|1|1|2
3418384|1|1|1|79.060992141|44|1|1|2|1|1|1|1
3418386|1|1|1|66.248183953|44|1|1|2|1|1|1|1
3418387|1|1|1|146.04005547|44|1|1|2|1|1|1|1
3418388|1|1|1|103.03242045|44|1|1|1|1|1|1|1
3418389|1|1|1|111.50560619|44|1|2||2|2|2|2
3418390|1|1|1|126.72355933|44|1|1|9|2|2|1|1
3418391|1|1|1|106.89469514|44|1|1|1|2|2|2|2
3418392|1|1|1|151.63171086|44|1|1|9|2|2|2|1
3418393|1|1|1|109.24398634|44|1|1|1|1|2|1|1
3418394|1|1|1|144.45760647|44|1|1|9|2|2|2|2
3418395|1|1|1|160.27726427|44|1|1|2|1|1|1|1
3418396|1|1|1|61.254072994|44|1|1|2|1|1|1|1
3418397|1|1|1|92.575859919|44|1|1|2|1|1|1|1
3418398|1|1|1|205.61251997|47|2|1|5|1|1|1|1
3418399|1|1|1|329.6182569|47|2|1|5|1|1|1|1
3418400|1|1|1|516.70530836|47|2|1|5|1|1|1|1
3418401|1|1|1|289.67361634|47|2|1|5|1|1|1|1
3418402|1|1|1|189.08419936|47|2|1|5|1|1|1|1
3418403|1|1|1|409.41366733|47|2|1|5|1|1|1|1
3418404|1|1|1|440.18020416|47|2|1|5|1|1|1|1
3418405|1|1|1|205.61251997|47|2|1|5|1|1|1|1
3418406|1|1|1|232.02043385|47|2|1|5|1|1|1|1
3418407|1|1|1|289.67361634|47|2|1|5|1|1|1|1
3418408|1|1|1|351.76048484|47|2|1|5|1|1|1|1
3418409|1|1|1|435.82158121|47|1|1|1|1|1|1|1
3418410|1|1|1|351.76048484|47|1|1|1|1|1|1|1
3418411|1|1|1|337.34967871|50|2|1|1|1|1|1|1
3418412|1|1|1|448.17045973|50|1|1|2|1|1|1|1
3418413|1|1|1|563.92208938|50|1|1|2|1|1|1|1
3418414|1|1|1|401.97319544|50|1|1|3|1|1|1|1
3418415|1|1|1|258.1574378|50|1|1|2|1|1|1|1
3418417|1|1|1|250.53352751|52|1|1|2|1|1|1|1
3418418|1|1|1|291.36633543|52|2|1|2|2|1|1|1
3418419|1|1|1|181.06742601|52|1|1|2|1|1|1|1
3418420|1|1|1|220.95914214|52|3|1|3|2|1|1|1
3418421|1|1|1|337.7175762|52|3|1|3|2|1|1|1
3418422|1|1|1|220.95914214|52|3|1|3|2|1|1|1
3418423|1|1|1|281.28619282|52|3|1|3|2|1|1|1
3418424|1|1|1|337.7175762|52|3|1|3|2|1|1|1
3418425|1|1|1|282.28128223|52|2|1|4|2|1|1|1
3418426|1|1|1|292.20167692|52|1|1|1|2|1|1|1
3418427|1|1|1|257.24191259|52|2|1|1|1|1|1|1
3418428|1|1|1|183.12424718|52|1|1|1|2|1|1|1
3418429|1|1|1|330.98985014|52|2|1|1|2|1|1|1
3418430|1|1|1|200.55771892|52|3|1|1|2|1|1|1
3418431|1|1|1|281.28619282|52|3|1|2|1|1|1|1
3418432|1|1|1|213.37812942|52|1|1|2|2|1|1|1
3418433|1|1|1|77.395807734|52|2|1|1|1|1|1|1
3418434|1|1|1|87.744495379|52|2|1|1|1|1|1|1
3418435|1|1|1|141.00539193|52|1|1|1|1|1|1|1
3418436|1|1|1|110.28902602|52|1|1|2|1|1|1|1
3418437|1|1|1|250.4240945|52|2|1|2|1|1|1|1
3418438|1|1|1|198.80573567|52|1|1|1|2|1|1|1
3418439|1|1|1|176.55041946|52|1|1|1|1|1|1|1
3418442|1|1|1|536.57945381|54|1|1|5|1|1|1|1
3418446|1|1|1|706.68638897|54|1|1|4|1|1|1|1
3418455|1|1|1|1119.3506724|54|3|1|2|2|1|1|1
3418465|1|1|1|369.66430505|63|1|1|2|1|1|1|1
3418466|1|1|1|302.76805223|63|1|1|2|1|1|1|1
3418467|1|1|1|315.74965798|63|1|1|2|1|1|1|1
3418469|1|1|1|497.13759576|63|1|1|2|1|1|1|1
3418470|1|1|1|397.59558681|63|1|1|2|1|1|1|1
3418471|1|1|1|424.85263968|63|1|1|2|1|1|1|1
3418472|1|1|1|245.2291236|63|1|1|1|1|1|1|1
3418475|1|1|1|220.6670667|63|2|1|1|1|1|1|1
3418476|1|1|1|191.98678467|63|1|1|1|1|1|1|1
3418477|1|1|1|144.59057641|63|1|1|1|1|1|1|1
3418478|1|1|1|259.74682631|63|1|1|2|1|1|1|1
3418479|1|1|1|240.69900146|63|1|1|2|1|1|1|1
3418480|1|1|1|443.59209988|63|1|1|2|1|1|1|1
3418485|1|1|1|241.44994239|63|2|1|3|1|1|1|1
3418486|1|1|1|241.644779|63|1|1|2|1|1|1|1
3418487|1|1|1|325.2413497|63|1|1|2|1|1|1|1
3418489|1|1|1|370.33853394|63|2|1|3|2|1|1|1
3418491|1|1|1|219.01223346|63|2|1|5|1|1|1|1
3418493|1|1|1|194.75110366|63|2|1|5|1|1|1|1
3418497|1|1|1|333.00310283|63|2|1|4|1|1|1|1
3418499|1|1|1|375.7388566|63|2|1|4|1|1|1|1
3418500|1|1|1|416.58323607|63|2|1|4|1|1|1|1
3418501|1|1|1|274.37493453|63|1|1|1|1|1|1|1
3418502|1|1|1|308.61544495|63|1|1|1|1|1|1|1
3418503|1|1|1|346.87823212|63|1|1|1|1|1|1|1
3418504|1|1|1|476.31404403|66|2|1|3|1|1|1|1
3418505|1|1|1|872.23969854|66|2|1|2|1|1|1|1
3418506|1|1|1|508.65525|66|2|1|6|1|1|1|1
3418507|1|1|1|463.88132593|66|2|1|6|1|1|1|1
3418508|1|1|1|463.88132593|66|2|1|6|1|1|1|1
3418509|1|1|1|461.26423247|66|1|1|6|1|1|1|1
3418510|1|1|1|364.55927262|66|1|1|6|1|1|1|1
3418513|1|1|1|568.77473269|66|2|1|4|1|1|1|1
3418514|1|1|1|584.01875205|66|2|1|3|1|1|1|1
3418515|1|1|1|578.40686364|66|2|1|2|1|1|1|1
3418516|1|1|1|839.77301513|66|2|1|2|1|1|1|1
3418518|1|1|1|571.70024143|66|2|1|3|1|1|1|1
3418519|1|1|1|822.84334433|66|2|1|3|1|1|1|1
3418520|1|1|1|466.33653125|66|1|1|1|1|1|1|1
3418521|1|1|1|614.15274551|68|2|1|1|2|1|1|1
3418524|1|1|1|717.61415269|68|2|1|4|1|1|1|1
3418525|1|1|1|569.97469653|68|2|1|4|1|1|1|1
3418526|1|1|1|737.12165871|68|2|1|4|1|1|1|1
3418529|1|1|1|583.4495662|68|2|1|4|1|1|1|1
3418536|1|1|1|1585.6089162|68|2|1|4|1|1|1|1
3418537|1|1|1|1004.6557472|68|2|1|2|1|1|1|1
3418543|1|1|1|277.45095252|70|2|1|1|1|1|1|1
3418545|1|1|1|183.47446078|70|2|1|1|1|1|1|1
3418546|1|1|1|173.60854245|70|1|1|2|1|1|1|1
3418548|1|1|1|211.91792008|70|2|1|3|1|1|1|1
3418551|1|1|1|276.70301246|70|2|1|6|1|1|1|1
3418553|1|1|1|154.49328157|70|2|1|6|1|1|1|1
3418561|1|1|1|622.60329872|73|2|1|3|1|1|1|1
3418562|1|1|1|276.00883362|73|2|1|3|1|1|1|1
3418563|1|1|1|241.91631538|73|1|1|3|1|1|1|1
3418564|1|1|1|276.00883362|73|2|1|3|1|1|1|1
3418565|1|1|1|318.78910524|73|2|1|3|1|1|1|1
3418566|1|1|1|510.53470495|73|2|1|4|1|1|1|1
3418567|1|1|1|226.32724357|73|2|1|4|1|1|1|1
3418568|1|1|1|226.32724357|73|2|1|4|1|1|1|1
3418569|1|1|1|309.54492541|73|2|1|3|1|1|1|1
3418570|1|1|1|251.592968|73|2|1|3|1|1|1|1
3418571|1|1|1|488.75838974|73|1|1|3|1|1|1|1
3418572|1|1|1|244.06426811|73|2|1|3|1|1|1|1
3418573|1|1|1|175.7473783|73|2|1|3|1|1|1|1
3418574|1|1|1|303.43032944|73|2|1|3|1|1|1|1
3418575|1|1|1|394.65555911|73|2|1|3|1|1|1|1
3418576|1|1|1|311.48395503|73|2|1|3|1|1|1|1
3418577|1|1|1|330.07103914|73|2|1|3|1|1|1|1
3418578|1|1|1|565.51884064|73|2|1|3|1|1|1|1
3418579|1|1|1|558.49208301|73|2|1|2|1|1|1|1
3418580|1|1|1|447.51492746|73|2|1|3|1|1|1|1
3418581|1|1|1|298.08954031|73|1|1|3|1|1|1|1
3418582|1|1|1|231.47215679|73|1|1|3|1|1|1|1
3418583|1|1|1|1607.4486626|76|2|1|1|2|2|2|1
3418584|1|1|1|1764.3509019|76|2|1|6|1|1|1|1
3418585|1|1|1|1786.0540696|76|2|1|6|1|1|1|1
3418586|1|1|1|1998.9556903|76|2|1|6|1|1|1|1
3418587|1|1|1|2127.672138|76|2|1|5|1|1|1|1
3418588|1|1|1|1083.1469345|76|2|1|3|1|1|1|1
3418589|1|1|1|1701.9376998|76|1|1|3|1|1|1|1
3418590|1|1|1|1439.441659|76|1|1|5|1|1|1|1
3418591|1|1|1|1994.5358186|76|1|1|4|1|1|1|1
3418592|1|1|1|1985.8273288|76|1|1|4|1|1|1|1
3418593|1|1|1|1059.1708066|76|1|1|1|1|1|1|1
3418603|1|1|1|29.281715169|88|2|1|2|2|1|1|1
3418612|1|1|1|16.564043697|88|1|1|1|2|1|1|1
3418620|1|1|1|1611.8326998|08|2|1|4|1|1|1|1
3418621|1|1|1|1689.6253532|08|2|1|4|1|1|1|1
3418622|1|1|1|1277.6422184|08|1|1|4|1|1|1|1
3418623|1|1|1|1389.5087434|08|2|1|4|1|1|1|1
3418624|1|1|1|1518.5551712|08|2|1|4|1|1|1|1
3418625|1|1|1|1398.4844652|08|1|1|3|1|1|1|1
3418626|1|1|1|1206.307681|08|2|1|3|1|1|1|1
3418629|1|1|1|1615.2895768|08|2|1|2|1|1|1|1
3418636|1|1|1|986.01181156|08|2|1|2|1|1|1|1
3418637|1|1|1|1513.1896016|08|2|1|2|1|1|1|1
3418638|1|1|1|1694.3790331|08|2|1|2|1|1|1|1
3418639|1|1|1|1207.1576596|08|2|1|2|1|1|1|1
3418640|1|1|1|1434.9838357|08|2|1|2|1|1|1|1
3418641|1|1|1|1362.3856662|08|2|1|2|1|1|1|1
3418642|1|1|1|1362.3856662|08|2|1|2|1|1|1|1
3418655|1|1|1|11586.729211|11|2|1|1|1|1|1|1
3418665|1|1|1|7864.7134929|11|2|1|1|1|1|1|1
3418666|1|1|1|7624.6499065|11|2|1|1|1|1|1|1
3418667|1|1|1|7407.012909|11|2|1|1|1|1|1|1
3418668|1|1|1|5910.5722875|11|2|1|1|1|1|1|1
3418676|1|1|1|5566.1923364|11|2|1|4|1|1|1|1
3418681|1|1|1|8767.1294351|11|2|1|4|1|1|1|1
3418682|1|1|1|6355.5886308|11|2|1|5|1|1|1|1
3418683|1|1|1|3227.9132937|11|2|1|5|1|1|1|1
3418684|1|1|1|3823.703277|11|2|1|3|1|1|1|1
3418698|1|1|1|864.70088503|13|1|1|1|1|1|1|1
3418711|1|1|1|116.00398659|15|2|1|1|1|1|1|1
3418712|1|1|1|88.966781745|15|2|1|1|1|1|1|1
3418713|1|1|1|116.00398659|15|2|1|1|1|1|1|1
3418715|1|1|1|140.06839694|15|2|1|2|1|1|1|1
3418716|1|1|1|84.066908078|15|2|1|2|1|1|1|1
3418718|1|1|1|214.09398787|15|2|1|2|1|1|1|1
3418719|1|1|1|140.30324643|15|2|1|2|1|1|1|1
3418720|1|1|1|233.97060148|15|2|1|2|1|1|1|1
3418721|1|1|1|97.000278551|15|2|1|2|1|1|1|1
3418722|1|1|1|253.9651787|15|2|1|2|1|1|1|1
3418723|1|1|1|242.24579575|15|1|1|3|1|1|1|1
3418724|1|1|1|235.65634272|15|1|1|4|1|1|1|1
3418725|1|1|1|158.69799325|15|1|1|3|1|1|1|1
3418726|1|1|1|145.81818609|15|2|1|3|1|1|1|1
3418741|1|1|1|578.96863837|17|2|1|5|1|1|1|1
3418742|1|1|1|410.20496022|17|1|1|3|1|1|1|1
3418743|1|1|1|337.36691297|17|2|1|3|1|1|1|1
3418746|1|1|1|244.22692137|17|1|1|3|1|1|1|1
3418749|1|1|1|384.92340626|17|2|1|2|1|1|1|1
3418755|1|1|1|443.89169845|17|2|1|1|1|1|1|1
3418756|1|1|1|353.2046426|17|2|1|1|2|1|1|1
3418761|1|1|1|295.86406178|19|2|1|3|1|1|1|1
3418768|1|1|1|257.98153539|19|2|1|4|1|1|1|1
3418807|1|1|1|256.86991395|20|1|1|4|1|1|1|1
3418812|1|1|1|86.50960928|27|1|1|3|2|2|1|2
3418837|1|1|1|197.55933961|47|2|1|1|1|1|1|1
3418838|1|1|1|427.9358127|47|2|1|1|1|1|1|1
3418839|1|1|1|351.52902493|47|2|1|1|1|1|1|1
3418840|1|1|1|552.01406202|47|2|1|2|1|1|1|1
3418842|1|1|1|266.86591301|47|1|1|6|2|1|1|1
3418844|1|1|1|388.74253811|50|1|1|2|1|1|1|1
3418846|1|1|1|265.90561043|50|1|1|2|1|1|1|1
3418852|1|1|1|201.9302017|52|2|1|2|2|1|1|1
3418855|1|1|1|277.79490222|52|2|1|1|1|1|1|1
3418856|1|1|1|348.37718045|52|4|1|1|2|1|1|1
3418858|1|1|1|315.11241888|52|4|1|1|2|1|1|1
3418859|1|1|1|277.79490222|52|1|1|1|2|1|1|1
3418860|1|1|1|100.5886915|52|2|1|2|1|1|1|1
3418864|1|1|1|222.19933181|52|1|1|3|1|1|1|1
3418868|1|1|1|204.12609074|52|2|1|4|2|1|1|1
3418869|1|1|1|246.88814645|52|2|1|3|1|1|1|1
3418871|1|1|1|140.92382866|52|1|1|3|1|1|1|1
3418872|1|1|1|240.65080458|52|1|1|3|1|1|1|1
3418874|1|1|1|523.4313636|52|2|1|2|2|1|1|1
3418875|1|1|1|171.57885746|52|2|1|2|1|1|1|1
3418876|1|1|1|255.63520433|52|2|1|1|1|1|1|1
3418877|1|1|1|273.16097047|52|2|1|1|1|1|1|1
3418879|1|1|1|268.9248169|52|2|1|3|2|1|1|1
3418880|1|1|1|241.4987093|52|2|1|2|2|1|1|1
3418885|1|1|1|105.90257957|52|2|1|3|2|1|1|1
3418886|1|1|1|366.73984906|52|2|1|3|2|1|1|1
3418887|1|1|1|169.67526932|52|2|1|3|2|1|1|1
3418891|1|1|1|567.29775342|54|2|1|5|1|1|1|1
3418895|1|1|1|648.75544605|54|1|1|4|1|1|1|1
3418912|1|1|1|287.44166942|63|2|1|3|1|1|1|1
3418915|1|1|1|262.61711538|63|2|1|2|1|1|1|1
3418916|1|1|1|261.80299387|63|2|1|1|1|1|1|1
3418918|1|1|1|223.27642702|63|1|1|2|1|1|1|1
3418919|1|1|1|285.82973149|63|1|1|4|1|1|1|1
3418920|1|1|1|262.61711538|63|1|1|4|1|1|1|1
3418922|1|1|1|303.22741895|63|1|1|4|1|1|1|1
3418927|1|1|1|350.42212548|63|2|1|1|1|1|1|1
3418928|1|1|1|337.26717463|63|2|1|2|1|1|1|1
3418930|1|1|1|362.19083148|63|2|1|5|1|1|1|1
3418931|1|1|1|362.19083148|63|2|1|5|1|1|1|1
3418932|1|1|1|408.73998369|63|2|1|5|1|1|1|1
3418934|1|1|1|173.2385849|63|2|1|4|1|1|1|1
3418935|1|1|1|227.68608173|63|2|1|4|1|1|1|1
3418939|1|1|1|515.38744288|66|1|1|3|1|1|1|1
3418940|1|1|1|275.69257957|66|1|1|3|1|1|1|1
3418941|1|1|1|368.89718162|66|1|1|3|1|1|1|1
3418943|1|1|1|626.27497236|66|1|1|3|1|1|1|1
3418946|1|1|1|461.26664544|66|2|1|2|1|1|1|1
3418948|1|1|1|575.54470817|66|2|1|4|1|1|1|1
3418949|1|1|1|469.2909925|66|2|1|4|1|1|1|1
3418950|1|1|1|627.3604587|66|2|1|4|1|1|1|1
3418951|1|1|1|468.20550617|66|2|1|4|1|1|1|1
3418952|1|1|1|575.54470817|66|2|1|4|1|1|1|1
3418953|1|1|1|338.15574982|66|1|1|1|1|1|1|1
3418954|1|1|1|296.20427323|66|2|1|1|1|1|1|1
3418955|1|1|1|1090.6785385|66|1|1|1|1|1|1|1
3418956|1|1|1|521.10674303|66|1|1|1|1|1|1|1
3418957|1|1|1|252.71819794|66|1|1|1|1|1|1|1
3418958|1|1|1|627.3604587|66|1|1|1|1|1|1|1
3418959|1|1|1|319.53088012|66|1|1|2|1|1|1|1
3418962|1|1|1|420.62273878|66|2|1|5|1|1|1|1
3418964|1|1|1|639.0618853|66|1|1|4|1|1|1|1
3418965|1|1|1|363.40937934|66|1|1|4|1|1|1|1
3418966|1|1|1|902.14585565|66|1|1|4|1|1|1|1
3418967|1|1|1|486.2687854|66|2|1|2|1|1|1|1
3418968|1|1|1|606.41744679|66|2|1|2|1|1|1|1
3418969|1|1|1|453.6243469|66|2|1|4|1|1|1|1
3418970|1|1|1|763.51144559|66|2|1|4|1|1|1|1
3418971|1|1|1|606.41744679|66|2|1|4|1|1|1|1
3418994|1|1|1|173.43720171|70|2|1|3|1|1|1|1
3419007|1|1|1|89.247998662|70|2|1|3|1|1|1|1
3419010|1|1|1|89.247998662|70|2|1|3|1|1|1|1
3419013|1|1|1|106.79739042|70|1|1|5|1|1|1|1
3419018|1|1|1|106.79739042|70|2|1|5|1|1|1|1
3419025|1|1|1|289.29148329|73|2|1|3|1|1|1|1
3419027|1|1|1|291.72411336|73|2|1|3|1|1|1|1
3419028|1|1|1|277.17405421|73|1|1|3|1|1|1|1
3419029|1|1|1|184.04450606|73|1|1|2|1|1|1|1
3419031|1|1|1|572.54932635|73|2|1|4|1|1|1|1
3419032|1|1|1|373.85559565|73|2|1|4|1|1|1|1
3419036|1|1|1|542.69360659|73|3|1|2|1|1|1|1
3419039|1|1|1|281.80152447|73|2|1|3|1|1|1|1
3419049|1|1|1|2203.6972412|76|2|1|5|1|1|1|1
3419052|1|1|1|2050.0538059|76|2|1|2|1|1|1|1
3419053|1|1|1|1799.9944319|76|2|1|2|1|1|1|1
3419055|1|1|1|2565.242327|76|2|1|4|1|1|1|1
3419063|1|1|1|1997.9030375|76|1|1|2|1|1|1|1
3419066|1|1|1|1363.4061034|76|2|1|4|1|1|1|1
3419067|1|1|1|1647.8749331|76|2|1|4|1|1|1|1
3419068|1|1|1|1368.1220621|76|1|1|3|1|1|1|1
3419069|1|1|1|1450.3936341|76|1|1|3|1|1|1|1
3419070|1|1|1|1892.7742663|76|1|1|3|1|1|1|1
3419071|1|1|1|1133.9449672|76|1|1|3|1|1|1|1
3419072|1|1|1|2040.3421879|76|2|1|6|1|1|1|1
3419073|1|1|1|1984.863805|76|2|1|6|1|1|1|1
3419079|1|1|1|32.39944132|88|2|1|3|2|1|1|1
3419084|1|1|1|36.091026686|88|1|1|2|2|1|1|1
3419088|1|1|1|72.917490684|88|1|1|2|2|2|1|2
3419089|1|1|1|29.986080556|88|2|1|2|2|1|1|2
3419092|1|1|1|40.41537942|88|1|1|3|2|1|1|1
3419093|1|1|1|21.371317526|88|2|1|2|2|1|1|2
3419097|1|1|1|54.136540029|88|1|1|2|2|1|1|2
3419098|1|1|1|24.659212531|88|1|1|2|2|2|1|2
3419099|1|1|1|24.659212531|88|2|1|2|2|2|1|2
3419100|1|1|1|27.528742519|88|2|1|3|2|1|1|1
3419102|1|1|1|28.670558641|88|1|1|2|2|2|1|2
3419103|1|1|1|42.350698297|88|2|1|1|2|1|1|1
3419109|1|1|1|56.750101412|88|1|1|3|2|1|1|2
3419111|1|1|1|2417.8416155|05|2|1|3|1|1|1|1
3419112|1|1|1|1869.5743331|05|2|1|2|1|1|1|1
3419113|1|1|1|2526.2656754|05|2|1|2|1|1|1|1
3419114|1|1|1|854.96944326|05|2|1|2|1|1|1|1
3419115|1|1|1|609.23235391|05|2|1|2|1|1|1|1
3419116|1|1|1|854.96944326|05|2|1|2|1|1|1|1
3419117|1|1|1|951.17524226|08|2|1|4|1|1|1|1
3419118|1|1|1|953.25311588|08|2|1|4|1|1|1|1
3419119|1|1|1|961.51660731|08|2|1|1|1|1|1|1
3419120|1|1|1|2048.1091381|08|3|1|1|1|1|1|1
3419122|1|1|1|1486.877837|08|2|1|1|1|1|1|1
3419123|1|1|1|1269.1771996|08|2|1|1|1|1|1|1
3419124|1|1|1|1331.0525689|08|1|1|2|1|1|1|1
3419125|1|1|1|1334.055905|08|2|1|2|1|1|1|1
3419126|1|1|1|1204.2326215|08|2|1|2|1|1|1|1
3419127|1|1|1|1357.4509337|08|2|1|2|1|1|1|1
3419128|1|1|1|1060.6295512|08|1|1|2|1|1|1|1
3419131|1|1|1|1098.9492602|08|2|1|1|1|1|1|1
3419132|1|1|1|874.27062215|08|2|1|2|1|1|1|1
3419135|1|1|1|557.82697049|08|1|1|2|1|1|1|1
3419136|1|1|1|2156.6236634|08|2|1|2|1|1|1|1
3419138|1|1|1|890.97530292|08|2|1|2|1|1|1|1
3419139|1|1|1|773.29916685|08|1|1|1|1|1|1|1
3419140|1|1|1|957.55348501|08|2|1|2|1|1|1|1
3419141|1|1|1|866.89488933|08|1|1|2|1|1|1|1
3419142|1|1|1|859.6367838|08|2|1|2|1|1|1|1
3419143|1|1|1|764.19554288|08|1|1|2|1|1|1|1
3419144|1|1|1|973.80668793|08|1|1|2|1|1|1|1
3419145|1|1|1|2098.3365374|08|2|1|1|1|2|1|1
3419146|1|1|1|7559.988571|11|1|1|2|1|1|1|1
3419155|1|1|1|5807.8023448|11|1|1|2|1|1|1|1
3419163|1|1|1|5261.6883111|11|2|1|3|1|1|1|1
3419173|1|1|1|4842.6694048|11|1|1|3|1|1|1|1
3419175|1|1|1|686.95437492|13|2|1|3|1|1|1|1
3419176|1|1|1|457.89762815|13|2|1|3|1|1|1|1
3419177|1|1|1|621.57749816|13|2|1|3|1|1|1|1
3419178|1|1|1|594.81029373|13|2|1|3|1|1|1|1
3419179|1|1|1|758.49016375|13|2|1|3|1|1|1|1
3419181|1|1|1|580.13899828|13|2|1|2|1|1|1|1
3419182|1|1|1|525.94220578|13|2|1|2|1|1|1|1
3419183|1|1|1|710.65036379|13|2|1|2|1|1|1|1
3419184|1|1|1|374.5828467|13|2|1|2|1|1|1|1
3419185|1|1|1|494.00192646|13|2|1|2|1|1|1|1
3419186|1|1|1|891.22379124|13|2|1|2|1|1|1|1
3419191|1|1|1|92.046138146|15|1|1|2|1|1|1|1
3419194|1|1|1|154.04393174|15|1|1|2|1|1|1|1
3419199|1|1|1|82.314003663|15|3|1|3|1|1|1|1
3419202|1|1|1|90.5652912|15|2|1|3|1|1|1|1
3419204|1|1|1|76.198190188|15|2|1|5|1|1|1|1
3419210|1|1|1|573.70338576|17|1|1|4|2|1|1|1
3419225|1|1|1|251.11072131|18|1|1|1|1|1|1|1
3419226|1|1|1|385.76153032|20|2|1|2|1|1|1|1
3419229|1|1|1|310.71134846|20|2|1|3|1|1|1|1
3419231|1|1|1|249.53105982|20|2|1|2|1|1|1|1
3419232|1|1|1|189.07247214|20|2|1|2|1|1|1|1
3419233|1|1|1|329.91923636|20|2|1|3|1|1|1|1
3419234|1|1|1|329.91923636|20|1|1|4|1|1|1|1
3419238|1|1|1|353.144694|20|1|1|3|1|1|1|1
3419239|1|1|1|232.13180541|20|1|1|3|1|1|1|1
3419240|1|1|1|222.0398793|20|1|1|3|1|1|1|1
3419243|1|1|1|143.07793531|27|1|1|1|2|2|1|2
3419245|1|1|1|320.15111171|41|1|1|2|1|1|1|1
3419246|1|1|1|291.9734169|41|1|1|2|1|1|1|1
3419249|1|1|1|306.27836668|41|1|1|2|1|1|1|1
3419251|1|1|1|220.17455765|41|1|1|2|1|1|1|1
3419253|1|1|1|54.485821495|44|1|1|1|1|1|1|1
3419254|1|1|1|70.891448997|44|1|1|1|1|1|1|1
3419256|1|1|1|289.9198061|50|4|1|2|1|1|1|1
3419258|1|1|1|284.64853689|50|1|1|2|1|1|1|1
3419269|1|1|1|191.00735135|52|2|1|5|2|1|1|1
3419272|1|1|1|215.07145313|52|2|1|5|2|1|1|1
3419275|1|1|1|251.23311436|52|1|1|2|2|1|1|1
3419276|1|1|1|269.95020236|52|2|1|2|1|1|1|1
3419279|1|1|1|337.7175762|52|4|1|3|1|1|1|1
3419280|1|1|1|274.32828546|52|2|1|4|1|1|1|1
3419282|1|1|1|242.74415188|52|2|1|4|1|1|1|1
3419283|1|1|1|220.95914214|52|2|1|4|2|1|1|1
3419284|1|1|1|212.01105596|52|2|2||1|1|1|1
3419289|1|1|1|430.75899481|52|1|1|1|2|1|1|1
3419292|1|1|1|337.7175762|52|3|1|2|1|1|1|1
3419293|1|1|1|207.00627364|52|1|1|4|2|1|1|1
3419296|1|1|1|266.97963418|52|2|1|2|1|1|1|1
3419297|1|1|1|133.98753799|52|1|1|2|1|1|1|1
3419298|1|1|1|162.03670423|52|2|1|3|1|1|1|1
3419299|1|1|1|247.65955588|52|3|1|2|2|1|1|1
3419301|1|1|1|154.25725849|52|2|1|1|2|1|1|1
3419302|1|1|1|162.44395257|52|2|1|2|2|1|1|1
3419303|1|1|1|238.34073016|52|1|1|2|1|1|1|1
3419306|1|1|1|301.0506894|52|2|1|1|1|1|1|1
3419307|1|1|1|253.77817612|52|1|1|1|2|1|1|1
3419308|1|1|1|361.01703859|52|1|1|1|1|1|1|1
3419309|1|1|1|284.36211449|52|2|1|1|1|1|1|1
3419311|1|1|1|898.20933365|54|2|1|2|1|1|1|1
3419312|1|1|1|323.32621839|63|1|1|1|1|1|1|1
3419313|1|1|1|508.65525|66|2|1|2|1|1|1|1
3419314|1|1|1|463.88132593|66|2|1|6|1|1|1|1
3419315|1|1|1|358.83227934|66|2|1|6|1|1|1|1
3419316|1|1|1|358.33450053|66|2|1|6|1|1|1|1
3419317|1|1|1|508.65525|66|2|1|6|1|1|1|1
3419318|1|1|1|811.69942052|66|2|1|4|1|1|1|1
3419319|1|1|1|556.26549429|66|2|1|4|1|1|1|1
3419320|1|1|1|519.31215141|66|2|1|4|1|1|1|1
3419321|1|1|1|900.96748266|66|1|1|3|1|1|1|1
3419322|1|1|1|558.96639002|66|2|1|3|1|1|1|1
3419323|1|1|1|521.3768383|66|2|1|2|1|1|1|1
3419324|1|1|1|883.92601673|66|2|1|2|1|1|1|1
3419325|1|1|1|675.64573988|66|2|1|2|1|1|1|1
3419326|1|1|1|535.35052271|66|2|1|3|1|1|1|1
3419327|1|1|1|430.66628412|66|2|1|3|1|1|1|1
3419328|1|1|1|391.76390956|73|2|1|3|1|1|1|1
3419330|1|1|1|432.36319093|73|2|1|3|1|1|1|1
3419331|1|1|1|440.35592405|73|1|1|3|1|1|1|1
3419332|1|1|1|273.82820325|73|1|1|3|1|1|1|1
3419338|1|1|1|354.73470456|73|2|1|3|1|1|1|1
3419349|1|1|1|2215.8088113|76|2|1|5|1|1|1|1
3419358|1|1|1|1723.9609498|76|1|1|4|1|1|1|1
3419367|1|1|1|2727.8255785|76|1|1|3|1|1|1|1
3419374|1|1|1|78.081961171|88|1|1|5|2|1|1|1
3419375|1|1|1|42.349822074|88|1|1|5|2|1|1|1
3419376|1|1|1|65.975811937|88|1|1|5|2|1|1|1
3419377|1|1|1|39.301819063|88|1|1|5|2|1|1|1
3419378|1|1|1|22.775560084|88|2|1|1|2|1|1|1
3419379|1|1|1|22.775560084|88|2|1|1|2|1|1|1
3419380|1|1|1|53.574480333|88|1|1|1|2|1|1|1
3419381|1|1|1|68.321515915|88|1|1|1|2|1|1|1
3419382|1|1|1|29.443854563|88|1|1|1|2|1|1|1
3419383|1|1|1|49.73614084|88|1|1|1|2|1|1|1
3419384|1|1|1|3598.4756267|05|2|1|5|1|1|1|1
3419386|1|1|1|2304.2138338|08|2|1|1|1|1|1|1
3419387|1|1|1|4753.0285131|11|2|1|2|1|1|1|1
3419388|1|1|1|3513.8306965|11|2|1|2|1|1|1|1
3419393|1|1|1|7320.4806178|11|2|1|3|1|1|1|1
3419395|1|1|1|7552.4706395|11|1|1|2|1|1|1|1
3419396|1|1|1|8090.2946523|11|1|1|3|1|1|1|1
3419399|1|1|1|8301.5516054|11|2|1|4|1|1|1|1
3419407|1|1|1|145.84535292|15|1|1|3|1|1|1|1
3419409|1|1|1|128.52338952|15|1|1|3|1|1|1|1
3419410|1|1|1|173.99384411|15|1|1|3|1|1|1|1
3419413|1|1|1|68.315540974|15|1|1|3|1|1|1|1
3419416|1|1|1|167.62615499|15|2|1|2|1|1|1|1
3419418|1|1|1|214.09398787|15|2|1|2|1|1|1|1
3419419|1|1|1|162.49786068|15|2|1|2|1|1|1|1
3419424|1|1|1|233.97060148|15|1|1|3|1|1|1|1
3419425|1|1|1|109.38401469|15|2|1|3|1|1|1|1
3419426|1|1|1|236.49591723|15|1|1|3|1|1|1|1
3419430|1|1|1|73.28909935|15|2|1|4|1|1|1|1
3419434|1|1|1|73.28909935|15|2|1|4|1|1|1|1
3419435|1|1|1|146.06756244|15|1|1|1|1|1|1|1
3419436|1|1|1|89.592984553|15|1|1|1|1|1|1|1
3419437|1|1|1|265.90080453|15|1|1|2|1|1|1|1
3419438|1|1|1|110.64077829|15|1|1|2|1|1|1|1
3419439|1|1|1|218.24474523|15|2|1|1|1|1|1|1
3419441|1|1|1|179.4581491|15|1|1|5|1|1|1|1
3419443|1|1|1|76.642195399|15|2|1|4|1|1|1|1
3419446|1|1|1|189.47692874|15|1|1|3|1|1|1|1
3419447|1|1|1|123.46685686|15|1|1|3|1|1|1|1
3419448|1|1|1|125.90174918|15|2|1|3|1|1|1|1
3419453|1|1|1|212.03463979|15|2|1|3|1|1|1|1
3419454|1|1|1|299.0120622|15|1|1|3|1|1|1|1
3419455|1|1|1|205.21386103|15|1|1|4|1|1|1|1
3419456|1|1|1|175.71557161|15|1|1|4|1|1|1|1
3419458|1|1|1|238.19195301|23|1|1|2|1|1|1|1
3419459|1|1|1|243.17141412|23|1|1|1|1|1|1|1
3419460|1|1|1|385.73545721|23|2|1|1|1|1|1|1
3419462|1|1|1|304.92788124|23|2|1|1|1|1|1|1
3419464|1|1|1|121.24920431|27|1|1|1|2|2|1|1
3419466|1|1|1|100.92787749|27|1|1|1|2|2|1|1
3419473|1|1|1|98.339257354|27|1|1|1|2|2|1|2
3419474|1|1|1|75.69590812|27|1|1|1|2|2|1|1
3419484|1|1|1|134.22135602|44|2|1|2|1|1|1|1
3419491|1|1|1|295.34940071|47|1|1|3|1|1|1|1
3419493|1|1|1|352.7319322|50|1|1|3|1|1|1|1
3419494|1|1|1|340.31333303|50|1|1|3|1|1|1|1
3419506|1|1|1|319.74592494|50|1|1|2|1|1|1|1
3419509|1|1|1|211.47415823|52|2|1|1|2|1|1|1
3419510|1|1|1|326.11363328|63|1|1|2|1|1|1|1
3419511|1|1|1|251.881352|63|2|1|3|2|1|1|1
3419512|1|1|1|299.00575764|63|1|1|1|1|1|1|1
3419513|1|1|1|1548.9559455|68|2|1|1|1|1|1|1
3419514|1|1|1|127.2719978|70|2|1|1|1|1|1|1
3419515|1|1|1|86.229950398|70|1|1|1|1|1|1|1
3419516|1|1|1|537.5873545|73|2|1|4|1|1|1|1
3419517|1|1|1|1270.6369204|76|1|1|3|1|1|1|2
3419518|1|1|1|1079.2961445|76|2|1|3|1|1|1|1
3419519|1|1|1|1689.4967958|76|2|1|1|1|1|1|1
3419522|1|1|1|49.11760093|88|2|1|4|2|1|1|1
3419524|1|1|1|39.486819109|88|2|1|2|2|2|1|2
3419525|1|1|1|27.528742519|88|1|1|3|2|2|1|1
3419526|1|1|1|1333.2007563|05|2|1|1|1|1|1|1
3419532|1|1|1|145.31380385|15|2|1|2|1|1|1|1
3419533|1|1|1|158.27116714|15|2|1|2|1|1|1|1
3419534|1|1|1|167.79556844|15|2|1|2|1|1|1|1
3419540|1|1|1|351.86984902|47|1|1|3|1|1|1|1
3419541|1|1|1|201.26670154|47|1|1|3|1|1|1|1
3419542|1|1|1|357.31634247|47|2|1|1|1|1|1|2
3419543|1|1|1|206.91465239|52|2|1|1|2|1|1|1
3419546|1|1|1|411.03814211|41|2|1|1|1|1|1|1
3419550|1|1|1|4995.7612267|11|1|1|2|1|1|1|1
3419551|1|1|1|145.84535292|15|1|1|3|1|1|1|1
3419553|1|1|1|217.31527357|47|2|1|6|1|1|1|1
3419554|1|1|1|217.31527357|47|2|1|6|1|1|1|1
3419556|1|1|1|222.08257309|50|2|1|3|1|1|1|1
3419562|1|1|1|151.44880033|70|2|1|3|1|1|1|1
3419563|1|1|1|126.99927477|70|2|1|3|1|1|1|1
3419564|1|1|1|89.247998662|70|2|1|3|1|1|1|1
3419565|1|1|1|137.05343295|70|2|1|3|1|1|1|1
3419567|1|1|1|21.330095896|88|2|1|2|2|1|2|2
3419568|1|1|1|94.104856379|23|1|1|1|1|1|1|1
3419569|1|1|1|475.46848446|23|1|1|4|1|1|1|1
3419571|1|1|1|6013.8055107|11|1|1|3|1|1|1|1
3419579|1|1|1|327.42310487|50|1|1|2|2|1|1|1
3419580|1|1|1|373.63892224|73|1|1|3|1|1|1|1
3419581|1|1|1|7031.2702362|05|2|1|3|1|1|1|1
3419599|1|1|1|2822.242486|05|2|1|3|1|1|1|1
3419606|1|1|1|5515.5133587|11|2|1|2|1|1|1|1
3419607|1|1|1|5494.8198239|11|1|1|3|1|1|1|1
3419609|1|1|1|67.900194986|15|1|1|3|1|1|1|1
3419611|1|1|1|76.642195399|15|2|1|4|1|1|1|1
3419613|1|1|1|55.734881869|27|1|1|1|2|1|1|2
3419618|1|1|1|6438.5502208|11|1|1|3|1|1|1|1
3419619|1|1|1|175.52476407|15|1|1|3|1|1|1|1
3419627|1|1|1|2669.2809662|05|2|1|3|1|1|1|1
3419628|1|1|1|11533.904636|05|2|1|3|1|1|1|1
3419632|1|1|1|410.09403353|66|1|1|6|1|1|1|1
3421960|1|1|1|627.3604587|66|1|1|3|1|1|1|1
3425283|1|1|1|6884.8164715|11|2|1|3|1|1|1|1
3425284|1|1|1|5264.0394912|11|2|1|3|2|1|1|1
3425285|1|1|1|436.39276543|13|2|1|2|1|1|1|1
3425286|1|1|1|182.10740257|17|2|1|1|2|1|1|1
3425287|1|1|1|700.9360005|17|1|1|1|2|1|1|1
3425288|1|1|1|95.785300243|23|1|1|1|1|1|1|1
3425289|1|1|1|107.54840729|23|2|1|1|1|1|1|1
3425290|1|1|1|131.51867069|44|1|1|0|2|2|1|1
3425291|1|1|1|583.06982195|47|2|1|1|1|2|1|1
3425292|1|1|1|325.26603621|47|1|1|1|1|2|1|1
3425293|1|1|1|409.32713257|47|1|1|1|1|1|1|1
3425295|1|1|1|351.76048484|47|3|1|3|1|1|1|1
3425296|1|1|1|213.00614537|52|2|1|4|1|1|1|1
3425297|1|1|1|126.48087878|52|1|1|4|2|1|1|1
3425298|1|1|1|175.87444236|52|2|1|1|2|1|1|1
3425299|1|1|1|220.36279889|63|1|1|2|2|1|1|1
3425300|1|1|1|933.39435293|66|1|1|6|1|1|1|1
3425301|1|1|1|492.84200934|73|2|1|2|1|1|1|1
3425302|1|1|1|2222.7222673|76|1|1|6|1|1|1|1
3425303|1|1|1|1187.1611788|76|1|1|3|1|1|1|1
3425304|1|1|1|2067.174272|08|1|1|1|2|2|1|2
3425305|1|1|1|1864.0372791|08|2|1|1|1|2|2|1
3425306|1|1|1|814.89310085|13|2|1|1|1|1|1|1
3425307|1|1|1|158.73634705|15|1|1|3|1|1|1|1
3425309|1|1|1|243.79518608|23|2|1|1|1|2|1|1
3425310|1|1|1|144.27875914|44|2|1|2|1|1|1|1
3425311|1|1|1|766.60384411|47|1|1|4|1|1|1|1
3425312|1|1|1|202.58251852|50|1|1|3|1|1|1|1
3425313|1|1|1|341.68604853|63|1|1|2|1|1|1|1
3425314|1|1|1|777.02476753|66|1|1|3|1|1|1|1
3425315|1|1|1|520.40339485|66|1|1|3|1|1|1|1
3425316|1|1|1|469.2909925|66|5|1|6|1|1|1|1
3425317|1|1|1|424.69910945|66|2|1|3|1|1|1|1
3425318|1|1|1|517.03037236|66|1|1|3|1|1|1|1
3425319|1|1|1|363.40937934|66|1|1|4|1|1|1|1
3425321|1|1|1|639.0618853|66|1|1|1|1|1|1|1
3425322|1|1|1|610.71834569|66|2|1|4|1|1|1|1
3425323|1|1|1|311.95208896|70|2|1|5|1|1|1|1
3425324|1|1|1|1548.6111355|76|1|1|3|1|1|1|1
3425325|1|1|1|43.662518747|88|1|1|3|2|2|1|2
3425326|1|1|1|62.348473286|88|1|1|2|2|2|1|2
3425327|1|1|1|48.386739597|88|1|1|1|2|2|1|2
3437127|1|1|1|4678.7040491|05|2|1|2|1|1|1|1
3437128|1|1|1|3979.7747326|05|2|1|2|1|1|1|1
3437129|1|1|1|4108.2749395|05|2|1|2|1|1|1|1
3437130|1|1|1|5146.4251007|05|2|1|2|1|1|1|1
3437131|1|1|1|8788.5916265|05|2|1|2|1|1|1|1
3437132|1|1|1|4839.0819667|05|2|1|2|1|1|1|1
3437133|1|1|1|3514.3872728|05|2|1|2|1|1|1|1
3437134|1|1|1|4108.2749395|05|2|1|2|1|1|1|1
3437135|1|1|1|3972.8762748|05|2|1|2|1|1|1|1
3437136|1|1|1|5483.6970043|05|2|1|2|1|1|1|1
3437137|1|1|1|2484.8708935|05|2|1|2|1|1|1|1
3437138|1|1|1|3979.7747326|05|2|1|2|1|1|1|1
3437139|1|1|1|4108.2749395|05|2|1|2|1|1|1|1
3437140|1|1|1|2853.2733756|05|2|1|3|1|1|1|1
3437141|1|1|1|3148.8723067|05|2|1|3|1|1|1|1
3437143|1|1|1|3152.4907315|05|2|1|3|1|1|1|1
3437144|1|1|1|3735.7263226|05|1|1|3|1|1|1|1
3437145|1|1|1|3012.5903941|05|2|1|3|1|1|1|1
3437147|1|1|1|2292.8138706|05|2|1|3|1|1|1|1
3437148|1|1|1|2661.6765239|05|2|1|3|1|1|1|1
3437149|1|1|1|2519.9269448|05|2|1|3|1|1|1|1
3437150|1|1|1|6936.177326|05|2|1|3|1|1|1|1
3437151|1|1|1|2741.2220728|05|2|1|2|2|1|1|1
3437153|1|1|1|2214.9987762|05|2|1|3|1|1|1|1
3437154|1|1|1|4134.2252444|05|2|1|3|1|1|1|1
3437155|1|1|1|3064.9569698|05|2|1|3|1|1|1|1
3437156|1|1|1|2356.6161481|05|2|1|3|1|1|1|1
3437157|1|1|1|2908.1711563|05|2|1|3|2|1|1|1
3437158|1|1|1|5453.9827577|05|2|1|3|1|1|1|1
3437160|1|1|1|3104.2242914|05|2|1|3|1|1|1|1
3437161|1|1|1|4621.809307|05|2|1|4|1|1|1|1
3437162|1|1|1|3769.7707515|05|2|1|4|1|1|1|1
3437163|1|1|1|4621.809307|05|2|1|4|1|1|1|1
3437164|1|1|1|4621.809307|05|2|1|4|1|1|1|1
3437167|1|1|1|4095.1908828|05|2|1|4|1|1|1|1
3437168|1|1|1|5970.5856368|05|2|1|4|1|1|1|1
3437169|1|1|1|4276.0482813|05|2|1|4|1|1|1|1
3437170|1|1|1|4621.809307|05|2|1|4|1|1|1|1
3437171|1|1|1|3492.449503|05|2|1|2|1|1|1|1
3437172|1|1|1|5832.4602377|05|1|1|2|1|1|1|1
3437173|1|1|1|2629.8310008|05|2|1|2|1|1|1|1
3437174|1|1|1|2168.5727034|05|2|1|2|1|1|1|1
3437176|1|1|1|2374.5574489|05|2|1|2|1|1|1|1
3437177|1|1|1|2374.5574489|05|2|1|2|1|1|1|1
3437178|1|1|1|5827.7955662|05|2|1|2|1|1|1|1
3437179|1|1|1|3380.846962|05|2|1|2|1|1|1|1
3437180|1|1|1|3856.1690755|05|2|1|2|1|1|1|1
3437181|1|1|1|1911.721494|05|2|1|2|1|1|1|1
3437182|1|1|1|2105.480178|05|2|1|2|1|1|1|1
3437183|1|1|1|3405.3225212|05|2|1|3|2|1|1|1
3437184|1|1|1|3252.0285838|05|2|1|3|1|1|1|1
3437185|1|1|1|4285.5806561|05|2|1|3|1|1|1|1
3437186|1|1|1|2589.6880748|05|2|1|3|1|1|1|1
3437187|1|1|1|2347.661891|05|2|1|3|1|1|1|1
3437188|1|1|1|3411.2354851|05|2|1|2|2|1|1|1
3437189|1|1|1|3886.6771191|05|2|1|3|1|1|1|1
3437192|1|1|1|1946.4288059|05|2|1|3|1|1|1|1
3437193|1|1|1|1927.3475659|05|2|1|3|1|1|1|1
3437195|1|1|1|2688.0576366|05|2|1|4|1|1|1|1
3437196|1|1|1|2346.7734994|05|1|1|5|1|1|1|1
3437197|1|1|1|2121.3885345|05|2|1|4|1|1|1|1
3437198|1|1|1|6444.9671927|05|2|1|4|1|1|1|1
3437199|1|1|1|2913.4426015|05|2|1|4|1|1|1|1
3437200|1|1|1|2346.7734994|05|2|1|4|1|1|1|1
3437201|1|1|1|4784.398902|05|2|1|4|1|1|1|1
3437202|1|1|1|2351.8323685|05|2|1|4|1|1|1|1
3437203|1|1|1|1522.8603068|05|2|1|4|1|1|1|1
3437205|1|1|1|4667.3342754|05|2|1|2|1|1|1|1
3437206|1|1|1|1197.7889888|05|2|1|2|1|1|1|1
3437208|1|1|1|2191.0799678|05|2|1|2|1|1|1|1
3437209|1|1|1|2023.4844521|05|2|1|2|2|1|1|1
3437210|1|1|1|2512.3102719|05|2|1|2|1|1|1|1
3437211|1|1|1|2925.8827519|05|2|1|2|1|1|1|1
3437213|1|1|1|2027.1636296|05|2|1|2|1|1|1|1
3437214|1|1|1|1928.1015577|05|2|1|2|2|1|1|1
3437215|1|1|1|1785.9062289|05|2|1|2|2|1|1|1
3437216|1|1|1|1993.9369243|05|2|1|6|1|1|1|1
3437217|1|1|1|5475.9686288|05|1|1|6|1|1|1|1
3437218|1|1|1|1993.9369243|05|2|1|6|1|1|1|1
3437219|1|1|1|2418.964207|05|2|1|6|1|1|1|1
3437220|1|1|1|4548.230203|05|2|1|6|1|1|1|1
3437222|1|1|1|2423.2624769|05|2|1|6|1|1|1|1
3437223|1|1|1|1483.703804|05|2|1|6|1|1|1|1
3437225|1|1|1|2423.2624769|05|2|1|6|1|1|1|1
3437226|1|1|1|2076.6073055|05|2|1|6|1|1|1|1
3437227|1|1|1|2475.4075251|05|2|1|5|1|1|1|1
3437228|1|1|1|2423.2624769|05|2|1|5|1|1|1|1
3437229|1|1|1|2726.9419164|05|2|1|4|1|1|1|1
3437230|1|1|1|2332.7382188|05|2|1|5|1|1|1|1
3437231|1|1|1|2637.0685998|05|2|1|5|1|1|1|1
3437232|1|1|1|2726.9419164|05|2|1|5|1|1|1|1
3437233|1|1|1|2641.6475761|05|2|1|5|1|1|1|1
3437234|1|1|1|2212.223993|05|2|1|5|1|1|1|1
3437235|1|1|1|2522.9373434|05|2|1|5|1|1|1|1
3437237|1|1|1|3641.4519031|05|2|1|5|1|1|1|1
3437238|1|1|1|2726.9419164|05|2|1|5|1|1|1|1
3437239|1|1|1|4201.0447774|05|2|1|1|2|1|1|1
3437241|1|1|1|4186.7810391|05|2|1|1|2|1|1|1
3437243|1|1|1|3817.497996|05|2|1|1|2|1|1|1
3437244|1|1|1|4397.4915359|05|2|1|1|2|1|1|1
3437246|1|1|1|2941.3127079|05|2|1|1|2|1|1|1
3437247|1|1|1|2966.7637822|05|2|1|1|2|1|1|1
3437248|1|1|1|2993.0707521|05|2|1|1|1|1|1|1
3437249|1|1|1|3139.6000668|05|2|1|1|2|1|1|1
3437250|1|1|1|2069.9839355|05|1|1|3|2|1|1|1
3437251|1|1|1|8067.6732709|05|2|1|3|1|1|1|1
3437252|1|1|1|3548.0597346|05|2|1|3|1|1|1|1
3437253|1|1|1|4008.0873653|05|2|1|3|1|1|1|1
3437254|1|1|1|3264.7094106|05|2|1|3|1|1|1|1
3437255|1|1|1|3289.554493|05|2|1|3|1|1|1|1
3437256|1|1|1|2959.5526247|05|2|1|3|1|1|1|1
3437257|1|1|1|2375.1407213|05|2|1|4|1|1|1|1
3437259|1|1|1|3134.740316|05|2|1|3|1|1|1|1
3437260|1|1|1|2390.916434|05|2|1|3|1|1|1|1
3437261|1|1|1|2644.9371416|05|2|1|3|1|1|1|1
3437262|1|1|1|2390.916434|05|2|1|3|1|1|1|1
3437263|1|1|1|3635.844422|05|2|1|3|1|1|1|1
3437264|1|1|1|2390.916434|05|2|1|3|1|1|1|1
3437265|1|1|1|3247.6961087|05|2|1|3|1|1|1|1
3437266|1|1|1|2263.7473027|05|2|1|3|1|1|1|1
3437267|1|1|1|2644.9371416|05|2|1|3|1|1|1|1
3437268|1|1|1|3395.5107232|05|2|1|3|1|1|1|1
3437269|1|1|1|2881.7676965|05|2|1|3|1|1|1|1
3437271|1|1|1|4655.1106575|05|2|1|4|1|1|1|1
3437272|1|1|1|3757.7675007|05|2|1|4|1|1|1|1
3437273|1|1|1|4445.5562798|05|2|1|4|1|1|1|1
3437274|1|1|1|4453.6393617|05|2|1|4|1|1|1|1
3437275|1|1|1|4085.4352492|05|2|1|4|1|1|1|1
3437276|1|1|1|4655.1106575|05|2|1|4|1|1|1|1
3437277|1|1|1|9536.9857593|05|2|1|3|1|1|1|1
3437278|1|1|1|3908.3341536|05|2|1|3|1|1|1|1
3437279|1|1|1|3749.6844188|05|2|1|4|1|1|1|1
3437280|1|1|1|3157.2252847|05|2|1|3|1|1|1|1
3437281|1|1|1|4351.818733|05|2|1|3|1|1|1|1
3437282|1|1|1|7395.1897249|05|2|1|3|1|1|1|1
3437283|1|1|1|3456.9216447|05|2|1|3|1|1|1|1
3437284|1|1|1|3348.7947171|05|2|1|3|1|1|1|1
3437285|1|1|1|2428.3536173|05|2|1|3|1|1|1|1
3437286|1|1|1|3063.032908|05|2|1|3|1|1|1|1
3437287|1|1|1|3198.3067399|05|2|1|3|1|1|1|1
3437288|1|1|1|4610.4336377|05|2|1|3|1|1|1|1
3437289|1|1|1|2296.5976087|05|2|1|3|1|1|1|1
3437290|1|1|1|3192.5020096|05|2|1|3|1|1|1|1
3437291|1|1|1|1701.0612344|05|2|1|4|1|1|1|1
3437293|1|1|1|2197.479623|05|2|1|4|1|1|1|1
3437294|1|1|1|1176.941245|05|2|1|4|1|1|1|1
3437296|1|1|1|1701.0612344|05|2|1|4|1|1|1|1
3437297|1|1|1|1325.0436844|05|2|1|4|1|1|1|1
3437298|1|1|1|1627.0100147|05|2|1|4|1|1|1|1
3437299|1|1|1|1647.8547855|05|2|1|4|1|1|1|1
3437300|1|1|1|1327.9000413|05|2|1|4|1|1|1|1
3437301|1|1|1|1567.4469257|08|1|1|1|1|1|1|1
3437302|1|1|1|2278.21212|08|2|1|1|1|1|1|1
3437303|1|1|1|1008.8748122|08|1|1|1|1|1|1|1
3437304|1|1|1|1631.5907983|08|2|1|1|1|1|1|1
3437305|1|1|1|1869.4191944|08|1|1|1|1|1|1|1
3437306|1|1|1|1554.4205492|08|1|1|1|1|1|1|1
3437307|1|1|1|1587.1239374|08|2|1|1|1|1|1|1
3437308|1|1|1|1409.3067043|08|1|1|1|1|1|1|1
3437309|1|1|1|2112.5660642|08|2|1|1|1|1|1|1
3437312|1|1|1|1103.8730796|08|2|1|6|1|1|1|1
3437313|1|1|1|1103.8730796|08|2|1|6|1|1|1|1
3437315|1|1|1|1103.8730796|08|2|1|6|1|1|1|1
3437316|1|1|1|1103.8730796|08|2|1|6|1|1|1|1
3437317|1|1|1|904.19224159|08|2|1|6|1|1|1|1
3437319|1|1|1|1500.5959534|08|2|1|6|1|1|1|1
3437320|1|1|1|970.13336907|08|2|1|6|1|1|1|1
3437321|1|1|1|912.29660597|08|2|1|6|1|1|1|1
3437322|1|1|1|871.82786411|08|2|1|4|1|1|1|1
3437323|1|1|1|747.95891246|08|2|1|4|1|1|1|1
3437325|1|1|1|1023.164905|08|2|1|4|1|1|1|1
3437326|1|1|1|1209.6276608|08|1|1|4|1|1|1|1
3437327|1|1|1|884.2947661|08|2|1|4|1|1|1|1
3437328|1|1|1|828.07522557|08|1|1|4|1|1|1|1
3437329|1|1|1|1139.9200354|08|2|1|4|1|1|1|1
3437330|1|1|1|1731.0096001|08|2|1|4|1|1|1|1
3437331|1|1|1|1317.2120631|08|1|1|4|1|1|1|1
3437332|1|1|1|983.86198738|08|1|1|2|1|1|1|1
3437333|1|1|1|986.11967158|08|1|1|2|1|1|1|1
3437334|1|1|1|896.31605915|08|1|1|2|1|1|1|1
3437335|1|1|1|997.54409491|08|1|1|2|1|1|1|1
3437336|1|1|1|778.05892678|08|1|1|2|1|1|1|1
3437337|1|1|1|924.58755531|08|2|1|2|1|1|1|1
3437339|1|1|1|926.10666548|08|1|1|2|1|1|1|1
3437340|1|1|1|1014.0109249|08|2|1|2|1|1|1|1
3437341|1|1|1|1093.085461|08|1|1|2|1|1|1|1
3437342|1|1|1|1186.2282812|08|2|1|3|1|1|1|1
3437343|1|1|1|1823.832659|08|1|1|3|1|1|1|1
3437344|1|1|1|1169.2731225|08|2|1|3|1|1|1|1
3437345|1|1|1|967.0474575|08|2|1|3|1|1|1|1
3437346|1|1|1|1033.7501351|08|2|1|3|1|1|1|1
3437347|1|1|1|1702.1176296|08|2|1|3|1|1|1|1
3437348|1|1|1|1521.7212495|08|2|1|3|1|1|1|1
3437349|1|1|1|1369.2787493|08|1|1|3|1|1|1|1
3437350|1|1|1|1489.026014|08|2|1|3|1|1|1|1
3437351|1|1|1|1972.942445|08|2|1|3|1|1|1|1
3437352|1|1|1|1374.6459883|08|1|1|3|1|1|1|1
3437354|1|1|1|1335.3380673|08|1|1|3|1|1|1|1
3437355|1|1|1|839.398364|08|1|1|0|2|2|1|1
3437356|1|1|1|1150.2067543|08|1|1|0|2|2|1|1
3437357|1|1|1|963.77320291|08|1|1|0|2|2|1|1
3437358|1|1|1|889.01418052|08|1|1|0|2|2|1|1
3437359|1|1|1|1139.6094361|08|1|1|0|2|2|1|1
3437360|1|1|1|1027.9349071|08|1|1|0|2|2|1|1
3437361|1|1|1|976.34480584|08|2|1|0|2|2|1|1
3437362|1|1|1|1388.2304069|08|1|1|0|2|2|1|1
3437363|1|1|1|1559.6254301|08|1|1|0|2|2|1|1
3437365|1|1|1|882.67790467|08|2|1|1|1|1|1|1
3437366|1|1|1|907.73541457|08|1|1|1|1|1|1|1
3437367|1|1|1|920.99435407|08|1|1|1|1|1|1|1
3437368|1|1|1|1193.965798|08|1|1|1|1|1|1|1
3437369|1|1|1|1157.3520894|08|1|1|1|2|1|1|1
3437370|1|1|1|2007.3310799|08|2|1|1|1|1|1|1
3437371|1|1|1|1022.860471|08|1|1|1|2|1|1|1
3437372|1|1|1|1157.3520894|08|1|1|1|2|1|1|1
3437373|1|1|1|1697.3278744|08|2|1|1|2|1|1|1
3437374|1|1|1|1468.9655957|08|1|1|1|2|1|1|1
3437375|1|1|1|1384.1967206|08|2|1|1|1|1|1|1
3437376|1|1|1|1248.3911703|08|2|1|1|1|1|1|1
3437379|1|1|1|1060.3907306|08|1|1|1|1|1|1|1
3437380|1|1|1|904.32667547|08|1|1|1|1|1|1|1
3437381|1|1|1|1021.1930201|08|2|1|1|1|1|1|1
3437382|1|1|1|1123.7062918|08|2|1|1|1|1|1|1
3437383|1|1|1|1545.3971857|08|2|1|1|1|1|1|1
3437384|1|1|1|754.99079976|08|2|1|1|1|1|1|1
3437385|1|1|1|936.83844159|08|2|1|1|1|1|1|1
3437386|1|1|1|875.24056119|08|1|1|2|1|1|1|1
3437387|1|1|1|588.52685189|08|1|1|2|1|1|1|1
3437388|1|1|1|1438.2755215|08|1|1|2|1|1|1|1
3437389|1|1|1|1237.9205147|08|1|1|2|1|1|1|1
3437390|1|1|1|1127.579273|08|1|1|2|1|1|1|1
3437391|1|1|1|845.43541003|08|1|1|2|1|1|1|1
3437392|1|1|1|961.1094754|08|1|1|2|1|1|1|1
3437393|1|1|1|1127.579273|08|2|1|2|1|1|1|1
3437394|1|1|1|1146.2147074|08|1|1|2|1|1|1|1
3437395|1|1|1|1017.2380313|08|1|1|2|1|1|1|1
3437396|1|1|1|965.38546344|08|2|1|2|1|1|1|1
3437397|1|1|1|906.04703148|08|1|1|2|1|1|1|1
3437399|1|1|1|1183.8399563|08|2|1|2|1|1|1|1
3437400|1|1|1|1143.9889506|08|2|1|2|1|1|1|1
3437401|1|1|1|1143.9889506|08|1|1|2|1|1|1|1
3437402|1|1|1|1038.2129037|08|2|1|2|1|1|1|1
3437403|1|1|1|926.26586436|08|1|1|2|1|1|1|1
3437404|1|1|1|681.39442201|08|1|1|2|1|1|1|1
3437405|1|1|1|1624.3494351|08|2|1|2|1|1|1|1
3437406|1|1|1|1054.1989046|08|1|1|2|1|1|1|1
3437407|1|1|1|886.38809676|08|2|1|2|1|1|1|1
3437408|1|1|1|1078.0639094|08|1|1|2|1|1|1|1
3437409|1|1|1|1390.1881787|08|1|1|1|1|1|1|1
3437410|1|1|1|1049.4327558|08|2|1|1|1|1|1|1
3437411|1|1|1|555.5999406|08|2|1|1|1|1|1|1
3437413|1|1|1|902.31907425|08|2|1|1|1|1|1|1
3437414|1|1|1|1458.9115767|08|1|1|1|1|1|1|1
3437416|1|1|1|1056.6343702|08|2|1|1|1|1|1|1
3437418|1|1|1|1143.8238032|08|2|1|1|1|1|1|1
3437419|1|1|1|1501.5863706|08|2|1|1|1|1|1|1
3437420|1|1|1|1067.146706|08|1|1|1|1|1|1|1
3437421|1|1|1|2286.4427947|08|2|1|1|1|1|1|1
3437422|1|1|1|2076.3186904|08|1|1|1|1|1|1|1
3437423|1|1|1|1354.9972319|08|1|1|1|1|1|1|1
3437424|1|1|1|1615.4029177|08|2|1|1|1|1|1|1
3437425|1|1|1|1208.5945705|08|2|1|1|1|1|1|1
3437426|1|1|1|1466.5620544|08|2|1|1|1|1|1|1
3437427|1|1|1|2298.3779704|08|2|1|1|1|1|1|1
3437428|1|1|1|1135.337005|08|2|1|1|1|1|1|1
3437429|1|1|1|1342.2705645|08|2|1|1|1|1|1|1
3437430|1|1|1|1251.7652901|08|2|1|1|1|1|1|1
3437431|1|1|1|1652.6398097|08|2|1|1|1|1|1|1
3437432|1|1|1|1201.893251|08|2|1|2|1|1|1|1
3437435|1|1|1|1155.3577271|08|2|1|2|1|1|1|1
3437436|1|1|1|1765.8269772|08|2|1|2|1|1|1|1
3437437|1|1|1|1023.5387132|08|2|1|2|1|1|1|1
3437438|1|1|1|1087.6964397|08|2|1|2|1|1|1|1
3437439|1|1|1|849.31214489|08|2|1|2|1|1|1|1
3437440|1|1|1|1765.8269772|08|2|1|2|1|1|1|1
3437441|1|1|1|984.75120713|08|2|1|2|1|1|1|1
3437442|1|1|1|1042.9077114|08|2|1|2|1|1|1|1
3437443|1|1|1|1817.4347015|08|2|1|1|1|1|1|1
3437445|1|1|1|1666.2947751|08|2|1|1|1|1|1|1
3437446|1|1|1|884.21369996|08|2|1|1|1|1|1|1
3437447|1|1|1|1848.6697838|08|2|1|1|1|1|1|1
3437448|1|1|1|1337.1394004|08|2|1|1|1|1|1|1
3437450|1|1|1|1691.1796799|08|2|1|1|1|1|1|1
3437451|1|1|1|1173.6967386|08|1|1|1|1|1|1|1
3437452|1|1|1|976.98754351|08|1|1|1|1|1|1|1
3437454|1|1|1|1546.5555246|08|1|1|2|1|1|1|1
3437455|1|1|1|1274.3880216|08|1|1|2|1|1|1|1
3437457|1|1|1|1502.3318606|08|1|1|2|1|1|1|1
3437458|1|1|1|1240.4549443|08|2|1|2|1|1|1|1
3437459|1|1|1|1701.5243232|08|1|1|2|1|1|1|1
3437460|1|1|1|1321.7865481|08|2|1|2|1|1|1|1
3437461|1|1|1|1235.5748166|08|1|1|2|1|1|1|1
3437462|1|1|1|1853.9954515|08|2|1|2|1|1|1|1
3437463|1|1|1|1150.2398944|08|1|1|2|1|1|1|1
3437464|1|1|1|1540.4769695|08|1|1|2|1|1|1|1
3437465|1|1|1|1555.8030005|08|1|1|2|1|1|1|1
3437466|1|1|1|1328.2875367|08|2|1|2|1|1|1|1
3437467|1|1|1|1714.3125802|08|2|1|2|1|1|1|1
3437468|1|1|1|4652.1015911|11|1|1|3|1|1|1|1
3437472|1|1|1|8296.4293513|11|1|1|3|1|1|1|1
3437473|1|1|1|7544.3550627|11|1|1|3|1|1|1|1
3437474|1|1|1|8651.358863|11|1|1|3|1|1|1|1
3437475|1|1|1|4652.1015911|11|1|1|3|1|1|1|1
3437477|1|1|1|4076.9726837|11|1|1|3|1|1|1|1
3437478|1|1|1|5788.4964331|11|2|1|3|1|1|1|1
3437479|1|1|1|7957.3978843|11|2|1|3|1|1|1|1
3437480|1|1|1|4076.9726837|11|1|1|3|1|1|1|1
3437481|1|1|1|7789.4617614|11|2|1|3|1|1|1|1
3437482|1|1|1|7789.4617614|11|2|1|3|1|1|1|1
3437483|1|1|1|7463.3407413|11|2|1|3|1|1|1|1
3437484|1|1|1|6069.4502278|11|2|1|3|1|1|1|1
3437485|1|1|1|4535.9016676|11|2|1|3|1|1|1|1
3437486|1|1|1|4076.9726837|11|2|1|3|1|1|1|1
3437487|1|1|1|5499.2337168|11|1|1|3|1|1|1|1
3437488|1|1|1|9694.8425764|11|2|1|1|1|1|1|1
3437489|1|1|1|6851.8678165|11|3|1|1|1|1|1|1
3437490|1|1|1|9914.6610736|11|2|1|1|1|1|1|1
3437491|1|1|1|5079.7764487|11|2|1|1|1|1|1|1
3437492|1|1|1|6851.8678165|11|3|1|1|1|1|1|1
3437494|1|1|1|15203.456407|11|2|1|1|1|1|1|1
3437495|1|1|1|6010.0663245|11|2|1|1|1|1|1|1
3437497|1|1|1|9914.6610736|11|3|1|1|1|1|1|1
3437498|1|1|1|10318.840204|11|2|1|1|1|1|1|1
3437499|1|1|1|12765.632437|11|2|1|1|1|1|1|1
3437500|1|1|1|12469.44391|11|1|1|1|1|1|1|1
3437501|1|1|1|8665.2391161|11|1|1|1|1|1|1|1
3437502|1|1|1|9782.9417582|11|1|1|1|1|1|1|1
3437503|1|1|1|8232.2198281|11|1|2||2|1|1|2
3437504|1|1|1|6956.7297925|11|1|1|1|1|1|1|1
3437505|1|1|1|11660.635802|11|1|1|1|1|1|1|1
3437510|1|1|1|6308.1219398|11|1|1|3|1|1|1|1
3437511|1|1|1|13315.297139|11|1|1|3|1|1|1|1
3437512|1|1|1|6841.3477027|11|1|1|3|1|1|1|1
3437513|1|1|1|8833.1296345|11|1|1|3|1|1|1|1
3437514|1|1|1|9978.1830725|11|1|1|3|1|1|1|1
3437515|1|1|1|5189.7317434|11|1|1|3|1|1|1|1
3437516|1|1|1|8935.4028585|11|1|1|3|1|1|1|1
3437518|1|1|1|7135.8026975|11|2|1|2|1|1|1|1
3437519|1|1|1|5621.8148063|11|1|1|2|1|1|1|1
3437520|1|1|1|4551.3123622|11|1|1|2|1|1|1|1
3437521|1|1|1|7341.7254462|11|2|1|2|1|1|1|1
3437522|1|1|1|7349.7340814|11|2|1|2|1|1|1|1
3437523|1|1|1|5427.1176456|11|2|1|2|1|1|1|1
3437524|1|1|1|7508.1899392|11|2|1|2|1|1|1|1
3437525|1|1|1|5461.7264732|11|2|1|2|1|1|1|1
3437526|1|1|1|7042.0231188|11|1|1|2|1|1|1|1
3437527|1|1|1|7836.2064751|11|2|1|2|1|1|1|1
3437528|1|1|1|7147.0282855|11|2|1|2|2|1|1|1
3437529|1|1|1|7859.6642343|11|1|1|1|1|1|1|1
3437530|1|1|1|9659.6385529|11|2|1|1|1|1|1|1
3437531|1|1|1|7282.3019643|11|2|1|1|1|1|1|1
3437532|1|1|1|15491.069668|11|2|1|2|1|1|1|1
3437533|1|1|1|7857.7126214|11|1|1|1|2|1|1|1
3437534|1|1|1|9010.1786187|11|2|1|1|1|1|1|1
3437535|1|1|1|8315.4855661|11|1|1|1|1|1|1|1
3437536|1|1|1|9648.9603727|11|1|1|1|1|1|1|1
3437537|1|1|1|10728.289078|11|1|1|1|1|1|1|1
3437538|1|1|1|14514.104295|11|1|1|1|1|1|1|1
3437539|1|1|1|9751.3237047|11|1|1|1|1|1|1|1
3437540|1|1|1|5928.8532472|11|2|1|2|1|1|1|1
3437541|1|1|1|5544.060464|11|1|1|2|1|1|1|1
3437542|1|1|1|5928.8532472|11|2|1|2|1|1|1|1
3437543|1|1|1|5736.4568556|11|2|1|2|1|1|1|1
3437544|1|1|1|7151.2027378|11|2|1|2|1|1|1|1
3437545|1|1|1|7159.1167335|11|2|1|2|1|1|1|1
3437546|1|1|1|12169.259091|11|2|1|2|1|1|1|1
3437547|1|1|1|7419.4643948|11|2|1|2|1|1|1|1
3437548|1|1|1|6958.8063462|11|2|1|2|1|1|1|1
3437549|1|1|1|6427.137431|11|2|1|3|1|1|1|1
3437550|1|1|1|5870.7995246|11|2|1|3|1|1|1|1
3437551|1|1|1|6515.8659625|11|2|1|3|1|1|1|1
3437552|1|1|1|6356.114446|11|2|1|3|1|1|1|1
3437553|1|1|1|6282.521015|11|2|1|3|1|1|1|1
3437555|1|1|1|5452.5068464|11|2|1|3|1|1|1|1
3437557|1|1|1|4453.0196066|11|2|1|3|1|1|1|1
3437558|1|1|1|5324.0476529|11|2|1|3|1|1|1|1
3437559|1|1|1|6515.8659625|11|2|1|3|1|1|1|1
3437560|1|1|1|7811.4465568|11|2|1|3|1|1|1|1
3437561|1|1|1|5302.3657538|11|2|1|3|1|1|1|1
3437562|1|1|1|4418.5154498|11|2|1|3|1|1|1|1
3437563|1|1|1|5302.3657538|11|2|1|3|1|1|1|1
3437564|1|1|1|4256.908011|11|2|1|3|1|1|1|1
3437565|1|1|1|8495.3824681|11|2|1|3|1|1|1|1
3437566|1|1|1|4418.5154498|11|2|1|3|1|1|1|1
3437567|1|1|1|7433.4138734|11|2|1|3|1|1|1|1
3437568|1|1|1|5559.72443|11|2|1|3|1|1|1|1
3437570|1|1|1|7142.0800256|11|2|1|2|1|1|1|1
3437571|1|1|1|7653.8719471|11|2|1|2|1|1|1|1
3437572|1|1|1|7468.6684941|11|2|1|2|1|1|1|1
3437573|1|1|1|6983.7325757|11|2|1|2|1|1|1|1
3437574|1|1|1|6891.4657316|11|2|1|2|1|1|1|1
3437575|1|1|1|7183.5800742|11|2|1|2|1|1|1|1
3437576|1|1|1|11044.159351|11|2|1|2|1|1|1|1
3437577|1|1|1|5195.4049998|11|2|1|2|1|1|1|1
3437578|1|1|1|11529.09527|11|2|1|2|1|1|1|1
3437579|1|1|1|6991.3506985|11|2|1|2|1|1|1|1
3437580|1|1|1|8172.1471449|11|2|1|3|1|1|1|1
3437581|1|1|1|5761.8213344|11|2|1|3|2|1|1|1
3437582|1|1|1|7066.7534878|11|2|1|3|2|1|1|1
3437583|1|1|1|7920.727848|11|2|1|3|2|1|1|1
3437589|1|1|1|5761.8213344|11|2|1|3|1|1|1|1
3437590|1|1|1|6041.4804111|11|2|1|3|1|1|1|1
3437593|1|1|1|3550.9116923|11|2|1|4|1|1|1|1
3437594|1|1|1|3550.9116923|11|2|1|4|1|1|1|1
3437595|1|1|1|4944.6658214|11|2|1|4|1|1|1|1
3437596|1|1|1|6930.636867|11|2|1|4|1|1|1|1
3437597|1|1|1|4789.6551727|11|2|1|4|1|1|1|1
3437598|1|1|1|4047.5518793|11|2|1|4|1|1|1|1
3437599|1|1|1|4947.0078524|11|1|1|5|1|1|1|1
3437600|1|1|1|4340.0031795|11|1|1|5|1|1|1|1
3437601|1|1|1|9077.783066|11|1|1|5|1|1|1|1
3437602|1|1|1|6161.9478159|11|1|1|5|1|1|1|1
3437603|1|1|1|15351.935251|11|1|1|5|1|1|1|1
3437604|1|1|1|8072.3493464|11|1|1|5|1|1|1|1
3437605|1|1|1|6161.9478159|11|1|1|5|1|1|1|1
3437606|1|1|1|6659.5205046|11|1|1|5|1|1|1|1
3437607|1|1|1|3837.9838127|11|1|1|4|1|1|1|1
3437608|1|1|1|4340.0031795|11|1|1|4|1|1|1|1
3437609|1|1|1|4647.9280065|11|1|1|5|1|1|1|1
3437610|1|1|1|6161.9478159|11|1|1|5|1|1|1|1
3437615|1|1|1|6542.6062939|11|2|1|3|1|1|1|1
3437616|1|1|1|5199.6474566|11|1|1|3|1|1|1|1
3437617|1|1|1|11731.045375|11|2|1|3|2|1|1|1
3437618|1|1|1|8457.769498|11|2|1|3|2|1|1|1
3437619|1|1|1|6239.7501873|11|2|1|3|2|1|1|1
3437620|1|1|1|4394.8011994|11|2|1|3|1|1|1|1
3437622|1|1|1|251.08430584|13|2|1|6|1|1|1|1
3437623|1|1|1|302.37134535|13|2|1|6|1|1|1|1
3437624|1|1|1|597.39726941|13|2|1|6|1|1|1|1
3437625|1|1|1|410.22873425|13|2|1|6|1|1|1|1
3437627|1|1|1|226.58818486|13|2|1|6|1|1|1|1
3437628|1|1|1|308.74798287|13|2|1|6|1|1|1|1
3437629|1|1|1|410.22873425|13|2|1|6|1|1|1|1
3437630|1|1|1|311.34996853|13|2|1|6|1|1|1|1
3437631|1|1|1|539.33805728|13|2|1|6|1|1|1|1
3437632|1|1|1|524.43494802|13|2|1|6|1|1|1|1
3437634|1|1|1|494.55488527|13|1|1|1|2|1|1|1
3437635|1|1|1|444.78566933|13|1|1|1|2|1|1|1
3437636|1|1|1|749.19278289|13|2|1|1|2|1|1|1
3437637|1|1|1|503.66436745|13|2|1|1|2|1|1|1
3437638|1|1|1|749.19278289|13|2|1|1|2|1|1|1
3437639|1|1|1|674.16149743|13|2|1|1|2|1|1|1
3437640|1|1|1|597.17808258|13|1|1|1|2|1|1|1
3437641|1|1|1|749.19278289|13|1|1|1|2|1|1|1
3437642|1|1|1|444.78566933|13|2|1|1|2|1|1|1
3437643|1|1|1|774.20006134|13|1|1|1|2|1|1|1
3437644|1|1|1|613.79042344|13|2|1|4|1|1|1|1
3437645|1|1|1|641.23221501|13|2|1|4|1|1|1|1
3437646|1|1|1|582.65299911|13|2|1|5|1|1|1|1
3437647|1|1|1|409.79529855|13|2|1|4|1|1|1|1
3437648|1|1|1|744.86151211|13|2|1|5|1|1|2|1
3437650|1|1|1|469.96688402|13|2|1|5|1|1|1|1
3437651|1|1|1|438.51861942|13|2|1|4|1|1|1|1
3437653|1|1|1|582.65299911|13|2|1|5|1|1|1|1
3437654|1|1|1|1001.3565969|13|2|1|1|1|1|1|1
3437655|1|1|1|1246.9894007|13|1|1|1|1|1|1|1
3437656|1|1|1|893.43288851|13|1|1|1|1|1|1|1
3437657|1|1|1|540.57354228|13|2|1|1|1|1|1|1
3437658|1|1|1|387.02879991|13|1|1|1|1|1|1|1
3437659|1|1|1|656.2347661|13|1|1|1|1|1|1|1
3437660|1|1|1|1019.5423151|13|2|1|1|1|1|1|1
3437661|1|1|1|853.07214132|13|1|1|1|1|1|1|1
3437662|1|1|1|577.21068003|13|2|1|1|1|1|1|1
3437663|1|1|1|387.02879991|13|2|1|1|1|1|1|1
3437664|1|1|1|985.97549865|13|2|1|1|1|1|1|1
3437665|1|1|1|1062.7404192|13|2|1|1|1|1|1|1
3437666|1|1|1|810.28438738|13|1|1|1|1|1|1|1
3437667|1|1|1|475.66179656|13|2|1|1|1|1|1|1
3437668|1|1|1|610.25053232|13|1|1|1|1|1|1|1
3437669|1|1|1|610.032733|13|1|1|1|1|1|1|1
3437671|1|1|1|940.84023905|13|2|1|1|1|1|1|1
3437672|1|1|1|879.95824226|13|1|1|1|1|1|1|1
3437673|1|1|1|387.02879991|13|2|1|1|1|1|1|1
3437674|1|1|1|557.81881095|13|2|1|1|1|1|1|1
3437675|1|1|1|983.31552754|13|2|1|1|1|1|1|1
3437676|1|1|1|389.45014728|13|2|1|1|1|1|1|1
3437677|1|1|1|1034.2531316|13|1|1|2|1|1|1|1
3437678|1|1|1|945.76112758|13|2|1|1|1|1|1|1
3437679|1|1|1|694.5294749|13|2|1|1|1|1|1|1
3437680|1|1|1|483.86816259|13|1|1|2|1|1|1|1
3437681|1|1|1|496.20211533|13|2|1|1|1|1|1|1
3437682|1|1|1|694.5294749|13|2|1|2|1|1|1|1
3437683|1|1|1|486.30567661|13|2|1|1|1|1|1|1
3437684|1|1|1|500.383878|13|2|1|2|1|1|1|1
3437685|1|1|1|331.73897135|13|2|1|2|1|1|1|1
3437686|1|1|1|677.39514119|13|2|1|2|1|1|1|1
3437687|1|1|1|448.71194073|13|2|1|2|1|1|1|1
3437688|1|1|1|395.43857973|13|2|1|2|1|1|1|1
3437689|1|1|1|554.83501316|13|2|1|2|1|1|1|1
3437690|1|1|1|654.27133431|13|2|1|2|1|1|1|1
3437691|1|1|1|453.94839269|13|2|1|2|1|1|1|1
3437692|1|1|1|290.61360731|13|2|1|2|1|1|1|1
3437693|1|1|1|577.95666027|13|2|1|2|1|1|1|1
3437694|1|1|1|392.07768159|13|2|1|2|1|1|1|1
3437695|1|1|1|271.08107216|13|2|1|2|1|1|1|1
3437696|1|1|1|625.29963878|13|2|1|2|1|1|1|1
3437697|1|1|1|559.44513786|13|2|1|2|1|1|1|1
3437698|1|1|1|383.01446797|13|2|1|2|1|1|1|1
3437699|1|1|1|584.63674452|13|2|1|2|1|1|1|1
3437700|1|1|1|607.73959959|13|2|1|2|1|1|1|1
3437701|1|1|1|432.15167327|13|2|1|2|1|1|1|1
3437702|1|1|1|306.14599721|13|2|1|2|1|1|1|1
3437703|1|1|1|251.30315927|13|2|1|2|1|1|1|1
3437704|1|1|1|543.75590138|13|2|1|2|1|1|1|1
3437705|1|1|1|389.78664059|13|1|1|2|1|1|1|1
3437706|1|1|1|362.90738739|13|1|1|2|1|1|1|1
3437707|1|1|1|463.00612256|13|2|1|1|1|1|1|1
3437708|1|1|1|1016.2023675|13|2|1|1|1|1|1|1
3437709|1|1|1|472.77034877|13|2|1|1|1|1|1|1
3437710|1|1|1|975.64917415|13|2|1|1|1|1|1|1
3437711|1|1|1|829.84569075|13|2|1|1|1|1|1|1
3437712|1|1|1|316.07351993|13|2|1|1|1|1|1|1
3437713|1|1|1|971.32976428|13|2|1|1|1|1|1|1
3437714|1|1|1|714.7435087|13|2|1|1|1|1|1|1
3437715|1|1|1|741.54818529|13|2|1|1|1|1|1|1
3437716|1|1|1|556.90569424|13|2|1|1|1|1|1|1
3437717|1|1|1|722.61685506|13|2|1|1|1|1|1|1
3437718|1|1|1|803.04101416|13|2|1|1|1|1|1|1
3437719|1|1|1|486.17063243|13|2|1|1|2|2|2|1
3437720|1|1|1|430.89127646|13|1|1|1|2|2|2|1
3437721|1|1|1|346.32640802|13|1|1|1|2|2|2|1
3437722|1|1|1|689.5533612|13|1|1|1|2|2|2|1
3437723|1|1|1|460.2460432|13|1|1|1|2|2|2|1
3437724|1|1|1|347.34148073|13|1|1|1|2|2|2|1
3437725|1|1|1|399.56292323|13|2|1|1|2|2|2|1
3437726|1|1|1|372.00478713|13|2|1|1|2|2|2|1
3437727|1|1|1|483.24339856|13|1|1|1|2|2|2|1
3437728|1|1|1|939.91701006|13|2|1|4|1|1|1|1
3437729|1|1|1|723.62808486|13|2|1|4|1|1|1|1
3437730|1|1|1|916.89132172|13|2|1|4|1|1|1|1
3437731|1|1|1|804.76776701|13|2|1|4|1|1|1|1
3437734|1|1|1|1559.6677052|13|2|1|4|1|1|1|1
3437735|1|1|1|1177.7625211|13|2|1|4|1|1|1|1
3437737|1|1|1|483.78599989|13|2|1|4|1|1|1|1
3437738|1|1|1|723.62808486|13|2|1|4|1|1|1|1
3437739|1|1|1|902.48723875|13|1|1|2|1|1|1|1
3437740|1|1|1|407.98840594|13|2|1|2|1|1|1|1
3437741|1|1|1|648.8033837|13|2|1|2|1|1|1|1
3437742|1|1|1|594.34058795|13|1|1|2|1|1|1|1
3437744|1|1|1|587.83529581|13|2|1|2|1|1|1|1
3437745|1|1|1|902.48723875|13|2|1|2|1|1|1|1
3437746|1|1|1|639.93662638|13|2|1|2|1|1|1|1
3437747|1|1|1|323.65290374|13|2|1|2|1|1|1|1
3437749|1|1|1|559.19295904|13|2|1|2|1|1|1|1
3437750|1|1|1|857.61958631|13|1|1|1|1|1|1|1
3437751|1|1|1|841.84830618|13|1|1|1|1|1|1|1
3437752|1|1|1|884.83696537|13|2|1|1|1|1|1|1
3437753|1|1|1|578.90246789|13|1|1|1|1|1|1|1
3437754|1|1|1|947.08873999|13|2|1|2|1|1|1|1
3437755|1|1|1|578.90246789|13|1|1|1|1|1|1|1
3437756|1|1|1|930.25382151|13|2|1|1|1|1|1|1
3437757|1|1|1|821.39279876|13|1|1|1|1|1|1|1
3437758|1|1|1|1019.5423151|13|2|1|1|1|1|1|1
3437759|1|1|1|718.15212744|13|1|1|1|1|1|1|1
3437760|1|1|1|578.90246789|13|2|1|1|1|1|1|1
3437762|1|1|1|387.02879991|13|1|1|1|1|1|1|1
3437763|1|1|1|545.12098728|13|2|1|1|1|1|1|1
3437765|1|1|1|799.89879164|13|1|1|1|1|1|1|1
3437766|1|1|1|810.28438738|13|2|1|1|1|1|1|1
3437767|1|1|1|661.05948228|13|1|1|1|1|1|1|1
3437768|1|1|1|677.04661677|13|1|1|1|1|1|1|1
3437770|1|1|1|600.17867569|13|2|1|1|1|1|1|1
3437771|1|1|1|769.17887671|13|1|1|1|1|1|1|1
3437772|1|1|1|367.38978262|13|2|1|1|1|1|1|1
3437773|1|1|1|311.2291274|13|2|1|1|1|1|1|1
3437774|1|1|1|592.3102103|13|1|1|1|1|1|1|1
3437775|1|1|1|786.65242203|13|2|1|1|1|1|1|1
3437777|1|1|1|496.33466299|13|2|1|1|1|1|1|1
3437778|1|1|1|367.38978262|13|2|1|1|1|1|1|1
3437780|1|1|1|759.79896888|13|1|1|1|1|1|1|1
3437781|1|1|1|998.18733134|13|2|1|1|1|1|1|1
3437782|1|1|1|671.17547644|13|2|1|1|1|1|1|1
3437784|1|1|1|222.49815019|15|2|1|3|1|1|1|1
3437785|1|1|1|81.675962971|15|1|1|3|1|1|1|1
3437786|1|1|1|120.3432625|15|1|1|3|1|1|1|1
3437787|1|1|1|172.61671632|15|1|1|3|1|1|1|1
3437788|1|1|1|139.27950161|15|1|1|3|1|1|1|1
3437789|1|1|1|136.2023137|15|1|1|3|1|1|1|1
3437790|1|1|1|123.89614391|15|1|1|3|1|1|1|1
3437791|1|1|1|91.131466729|15|1|1|3|1|1|1|1
3437792|1|1|1|136.2023137|15|2|1|3|1|1|1|1
3437793|1|1|1|110.84828093|15|1|1|3|1|1|1|1
3437794|1|1|1|116.12677049|15|1|1|3|1|1|1|1
3437795|1|1|1|116.12677049|15|1|1|3|1|1|1|1
3437796|1|1|1|134.1068606|15|1|1|3|1|1|1|1
3437797|1|1|1|164.4703089|15|1|1|3|1|1|1|1
3437798|1|1|1|145.43516484|15|1|1|3|1|1|1|1
3437799|1|1|1|123.35691634|15|1|1|3|1|1|1|1
3437800|1|1|1|142.68813816|15|1|1|3|1|1|1|1
3437801|1|1|1|194.25539724|15|1|1|2|1|1|1|1
3437802|1|1|1|116.12677049|15|1|1|3|1|1|1|1
3437805|1|1|1|122.27487764|15|1|1|3|1|1|1|1
3437806|1|1|1|126.68374963|15|1|1|3|1|1|1|1
3437808|1|1|1|179.25356023|15|2|1|3|1|1|1|1
3437809|1|1|1|209.38056564|15|2|1|3|1|1|1|1
3437810|1|1|1|155.65978709|15|2|1|3|1|1|1|1
3437811|1|1|1|207.61267541|15|2|1|3|1|1|1|1
3437816|1|1|1|102.6466689|15|1|1|2|1|1|1|1
3437817|1|1|1|183.51379071|15|1|1|2|1|1|1|1
3437818|1|1|1|188.33890862|15|2|1|2|1|1|1|1
3437819|1|1|1|90.952241362|15|1|1|2|1|1|1|1
3437820|1|1|1|171.09306306|15|1|1|2|1|1|1|1
3437821|1|1|1|181.40899399|15|2|1|2|1|1|1|1
3437822|1|1|1|207.72014621|15|1|1|2|1|1|1|1
3437823|1|1|1|118.23816632|15|2|1|2|1|1|1|1
3437824|1|1|1|133.82966374|15|1|1|2|1|1|1|1
3437825|1|1|1|118.23816632|15|2|1|2|1|1|1|1
3437826|1|1|1|90.69676222|15|2|1|1|1|1|1|1
3437827|1|1|1|102.90282671|15|2|1|1|1|1|1|1
3437828|1|1|1|94.62935275|15|2|1|1|1|1|1|1
3437829|1|1|1|83.871963473|15|2|1|1|1|1|1|1
3437830|1|1|1|76.853021081|15|2|1|1|1|1|1|1
3437831|1|1|1|91.690104758|15|2|1|1|1|1|1|1
3437832|1|1|1|123.49542851|15|2|1|1|1|1|1|1
3437836|1|1|1|205.59691383|15|1|1|2|1|1|1|1
3437837|1|1|1|224.27769396|15|2|1|2|1|1|1|1
3437838|1|1|1|127.32212752|15|1|1|2|2|1|1|1
3437839|1|1|1|226.04283848|15|1|1|2|1|1|1|1
3437840|1|1|1|164.98088428|15|2|1|2|1|1|1|1
3437841|1|1|1|149.26315898|15|1|1|2|1|1|1|1
3437842|1|1|1|231.55392846|15|2|1|2|1|1|1|1
3437843|1|1|1|244.72361861|15|2|1|2|1|1|1|1
3437844|1|1|1|101.36511289|15|2|1|2|1|1|1|1
3437846|1|1|1|160.93911499|15|1|1|4|1|1|1|1
3437847|1|1|1|111.27539225|15|1|1|4|1|1|1|1
3437848|1|1|1|155.02111093|15|1|1|4|1|1|1|1
3437849|1|1|1|203.90553536|15|1|1|4|1|1|1|1
3437850|1|1|1|148.43787278|15|1|1|4|1|1|1|1
3437851|1|1|1|167.21882325|15|1|1|4|1|1|1|1
3437852|1|1|1|136.26132393|15|1|1|2|2|1|1|1
3437853|1|1|1|189.96118143|15|2|1|2|2|1|1|1
3437854|1|1|1|124.31279227|15|1|1|2|2|1|1|1
3437855|1|1|1|188.33052848|15|1|1|4|1|1|1|1
3437856|1|1|1|77.648078894|15|2|1|2|2|1|1|1
3437857|1|1|1|105.56979136|15|1|1|3|1|1|1|1
3437858|1|1|1|99.848635556|15|2|1|3|1|1|1|1
3437859|1|1|1|114.61263095|15|1|1|3|1|1|1|1
3437860|1|1|1|155.70588642|15|2|1|3|1|1|1|1
3437861|1|1|1|109.98725619|15|2|1|3|1|1|1|1
3437862|1|1|1|183.9873197|15|2|1|3|1|1|1|1
3437863|1|1|1|159.72449742|15|2|1|3|1|1|1|1
3437865|1|1|1|141.71730122|15|1|1|3|1|1|1|1
3437867|1|1|1|90.69676222|15|2|1|3|1|1|1|1
3437868|1|1|1|67.905134679|15|1|1|3|1|1|1|1
3437869|1|1|1|106.11771551|15|1|1|3|1|1|1|1
3437871|1|1|1|136.64779577|15|1|1|3|1|1|1|1
3437872|1|1|1|84.671162367|15|2|1|3|1|1|1|1
3437873|1|1|1|106.48014866|15|1|1|3|1|1|1|1
3437875|1|1|1|81.748875817|15|2|1|3|1|1|1|1
3437876|1|1|1|150.49153691|15|2|1|3|1|1|1|1
3437877|1|1|1|74.146063813|15|1|1|3|1|1|1|1
3437878|1|1|1|100.47151025|15|2|1|3|1|1|1|1
3437879|1|1|1|79.607018125|15|2|1|2|1|1|1|1
3437880|1|1|1|93.450759263|15|2|1|3|1|1|1|1
3437881|1|1|1|53.234378943|15|1|1|3|1|1|1|1
3437882|1|1|1|123.49542851|15|2|1|3|1|1|1|1
3437883|1|1|1|94.62935275|15|2|1|3|1|1|1|1
3437885|1|1|1|121.78867064|15|2|1|5|1|1|1|1
3437886|1|1|1|92.963363637|15|2|1|5|1|1|1|1
3437887|1|1|1|107.59997965|15|2|1|5|1|1|1|1
3437888|1|1|1|102.64963855|15|2|1|5|1|1|1|1
3437889|1|1|1|121.78867064|15|2|1|5|1|1|1|1
3437890|1|1|1|157.33792575|15|2|1|5|1|1|1|1
3437891|1|1|1|112.10239573|15|2|1|5|1|1|1|1
3437892|1|1|1|92.963363637|15|2|1|5|1|1|1|1
3437893|1|1|1|114.1157535|15|2|1|5|1|1|1|1
3437896|1|1|1|193.73345348|15|2|1|5|1|1|1|1
3437897|1|1|1|155.14043014|15|2|1|5|1|1|1|1
3437898|1|1|1|172.01608457|15|2|1|5|1|1|1|1
3437899|1|1|1|172.01608457|15|2|1|5|1|1|1|1
3437900|1|1|1|138.03400652|15|2|1|5|1|1|1|1
3437901|1|1|1|172.01608457|15|2|1|5|1|1|1|1
3437902|1|1|1|149.96091785|15|2|1|5|1|1|1|1
3437903|1|1|1|193.73345348|15|2|1|5|1|1|1|1
3437904|1|1|1|108.92380071|15|2|1|5|1|1|1|1
3437905|1|1|1|172.01608457|15|2|1|5|1|1|1|1
3437907|1|1|1|95.807946237|15|2|1|4|1|1|1|1
3437908|1|1|1|84.455833086|15|2|1|4|1|1|1|1
3437909|1|1|1|86.811211464|15|2|1|4|1|1|1|1
3437910|1|1|1|119.61477011|15|2|1|4|1|1|1|1
3437913|1|1|1|127.77959793|15|2|1|4|1|1|1|1
3437914|1|1|1|103.17846752|15|1|1|4|1|1|1|1
3437915|1|1|1|87.989804952|15|2|1|3|1|1|1|1
3437917|1|1|1|136.12647625|15|2|1|3|1|1|1|1
3437918|1|1|1|205.64194123|15|2|1|3|1|1|1|1
3437919|1|1|1|144.55616909|15|2|1|3|2|1|1|1
3437920|1|1|1|121.503868|15|2|1|3|1|1|1|1
3437921|1|1|1|144.55616909|15|2|1|3|1|1|1|1
3437922|1|1|1|121.503868|15|2|1|3|1|1|1|1
3437923|1|1|1|144.55616909|15|2|1|3|1|1|1|1
3437924|1|1|1|151.02630495|15|2|1|3|1|1|1|1
3437925|1|1|1|144.55616909|15|2|1|4|1|1|1|1
3437927|1|1|1|98.239397955|15|2|1|4|1|1|1|1
3437928|1|1|1|86.325302497|15|1|1|4|1|1|1|1
3437929|1|1|1|93.012012283|15|2|1|4|2|1|1|1
3437930|1|1|1|98.239397955|15|2|1|4|1|1|1|1
3437931|1|1|1|89.862818006|15|2|1|4|1|1|1|1
3437932|1|1|1|90.488392592|15|2|1|4|1|1|1|1
3437933|1|1|1|102.42066102|15|1|1|4|1|1|1|1
3437934|1|1|1|102.42066102|15|1|1|4|1|1|1|1
3437935|1|1|1|117.48395076|15|2|1|4|1|1|1|1
3437936|1|1|1|130.93856867|15|1|1|4|1|1|1|1
3437937|1|1|1|129.16733627|15|2|1|4|1|1|1|1
3437938|1|1|1|163.13258975|15|2|1|4|1|1|1|1
3437939|1|1|1|98.239397955|15|1|1|4|1|1|1|1
3437940|1|1|1|87.591385259|15|2|1|4|1|1|1|1
3437943|1|1|1|164.98088428|15|4|1|3|1|1|1|1
3437944|1|1|1|197.87596106|15|2|1|3|1|1|1|1
3437945|1|1|1|198.97071658|15|2|1|3|1|1|1|1
3437946|1|1|1|224.27769396|15|1|1|3|1|1|1|1
3437947|1|1|1|294.66175969|15|2|1|3|1|1|1|1
3437948|1|1|1|175.94071164|15|2|1|3|1|1|1|1
3437949|1|1|1|171.91894642|15|2|1|3|1|1|1|1
3437950|1|1|1|235.76869241|15|2|1|3|1|1|1|1
3437951|1|1|1|200.08582384|15|2|1|3|1|1|1|1
3437952|1|1|1|166.98578544|15|2|1|3|1|1|1|1
3437953|1|1|1|129.09305409|15|2|1|3|1|1|1|1
3437954|1|1|1|379.58089216|17|2|1|2|1|1|1|1
3437955|1|1|1|436.74258858|17|1|1|2|1|1|1|1
3437956|1|1|1|330.54874101|17|1|1|2|1|1|1|1
3437957|1|1|1|339.37259643|17|2|1|2|1|1|1|1
3437958|1|1|1|371.40299065|17|2|1|2|1|1|1|1
3437959|1|1|1|334.66480033|17|2|1|2|1|1|1|1
3437960|1|1|1|820.61980471|17|1|1|2|1|1|1|1
3437961|1|1|1|665.96760006|17|2|1|2|1|1|1|1
3437962|1|1|1|334.66480033|17|2|1|2|1|1|1|1
3437963|1|1|1|339.37259643|17|1|1|2|1|1|1|1
3437964|1|1|1|325.84094491|17|1|1|2|1|1|1|1
3437965|1|1|1|405.60210625|17|1|1|2|1|1|1|1
3437966|1|1|1|635.60249076|17|1|1|2|1|1|1|1
3437967|1|1|1|330.54874101|17|2|1|2|1|1|1|1
3437968|1|1|1|459.3420535|17|2|1|2|1|1|1|1
3437969|1|1|1|300.46568473|17|2|1|2|1|1|1|1
3437970|1|1|1|379.58089216|17|2|1|2|1|1|1|1
3437971|1|1|1|335.53859013|17|2|1|1|2|1|1|1
3437972|1|1|1|376.11078675|17|2|1|2|1|1|1|1
3437973|1|1|1|376.11078675|17|2|1|1|2|1|1|1
3437974|1|1|1|330.54874101|17|2|1|2|2|1|1|2
3437975|1|1|1|330.54874101|17|1|2||2|2|1|2
3437976|1|1|1|445.81040198|17|2|1|2|1|1|1|1
3437977|1|1|1|287.32714448|17|2|1|2|1|1|1|1
3437978|1|1|1|447.9855758|17|2|1|2|1|1|1|1
3437979|1|1|1|622.37755442|17|2|1|3|1|1|1|1
3437980|1|1|1|507.58858513|17|1|1|3|1|1|1|1
3437981|1|1|1|413.20603481|17|1|1|3|1|1|1|1
3437982|1|1|1|411.34857028|17|2|1|3|1|1|1|1
3437983|1|1|1|453.93698857|17|2|1|3|1|1|1|1
3437984|1|1|1|503.08046112|17|2|1|3|1|1|1|1
3437985|1|1|1|264.71923386|17|1|1|3|1|1|1|1
3437986|1|1|1|552.22393368|17|1|1|3|1|1|1|1
3437988|1|1|1|414.78872897|17|1|1|3|1|1|1|1
3437990|1|1|1|376.11078675|17|3|1|3|1|1|1|1
3437991|1|1|1|330.54874101|17|3|1|3|1|1|1|1
3437992|1|1|1|376.11078675|17|3|1|3|1|1|1|1
3437993|1|1|1|330.54874101|17|2|1|3|2|1|1|1
3437994|1|1|1|343.48865574|17|2|1|3|1|1|1|1
3437995|1|1|1|427.95761319|17|2|1|3|1|1|1|1
3437996|1|1|1|376.11078675|17|3|1|3|1|1|1|1
3437997|1|1|1|384.93464217|17|2|1|3|1|1|1|1
3437998|1|1|1|406.47589605|17|3|1|3|1|1|1|1
3437999|1|1|1|459.3420535|17|2|1|3|1|1|1|1
3438000|1|1|1|376.11078675|17|3|1|3|1|1|1|1
3438001|1|1|1|537.30112393|17|2|1|4|1|1|1|1
3438002|1|1|1|588.01612339|17|2|1|4|1|1|1|1
3438003|1|1|1|723.48886257|17|2|1|4|2|1|1|1
3438004|1|1|1|488.84817737|17|2|1|4|2|1|1|1
3438005|1|1|1|598.7625111|17|2|1|4|2|1|1|1
3438006|1|1|1|565.98073435|17|2|1|4|2|1|1|1
3438007|1|1|1|582.53897153|17|2|1|4|1|1|1|1
3438014|1|1|1|330.54874101|17|3|1|1|2|1|1|1
3438015|1|1|1|405.60210625|17|1|1|1|2|1|1|1
3438016|1|1|1|376.39283976|17|2|1|1|1|1|1|1
3438017|1|1|1|494.84255312|17|1|1|1|1|1|1|1
3438018|1|1|1|330.54874101|17|3|1|1|2|1|1|1
3438019|1|1|1|330.54874101|17|3|1|1|2|1|1|1
3438020|1|1|1|423.21093706|17|2|1|1|2|1|1|1
3438021|1|1|1|250.78757967|17|1|1|1|1|1|1|1
3438022|1|1|1|330.54874101|17|1|1|1|2|1|1|1
3438024|1|1|1|384.93464217|17|2|1|4|1|1|1|1
3438025|1|1|1|325.84094491|17|2|1|4|1|1|1|1
3438026|1|1|1|384.93464217|17|2|1|4|1|1|1|1
3438027|1|1|1|339.37259643|17|2|1|4|1|1|1|1
3438028|1|1|1|454.63425739|17|2|1|4|1|1|1|1
3438029|1|1|1|322.00693861|17|2|1|4|1|1|1|1
3438030|1|1|1|330.54874101|17|2|1|4|1|1|1|1
3438031|1|1|1|339.37259643|17|2|1|4|1|1|1|1
3438032|1|1|1|296.34962541|17|2|1|4|1|1|1|1
3438034|1|1|1|638.41716605|17|2|1|4|1|1|1|1
3438035|1|1|1|391.72100833|17|1|1|3|1|1|1|1
3438036|1|1|1|669.81846941|17|2|1|3|1|1|1|1
3438037|1|1|1|458.74944008|17|2|1|3|1|1|1|1
3438038|1|1|1|466.22920688|17|2|1|3|1|1|1|1
3438039|1|1|1|433.05147244|17|1|1|3|1|1|1|1
3438040|1|1|1|417.10166633|17|2|1|3|2|1|1|1
3438041|1|1|1|381.79417098|17|1|1|3|1|1|1|1
3438042|1|1|1|371.20162975|17|2|1|3|1|1|1|1
3438045|1|1|1|405.60210625|17|2|1|5|1|1|1|1
3438046|1|1|1|376.11078675|17|2|1|5|1|1|1|1
3438047|1|1|1|419.13375777|17|2|1|5|1|1|1|1
3438048|1|1|1|419.13375777|17|2|1|5|1|1|1|1
3438049|1|1|1|384.93464217|17|2|1|5|1|1|1|1
3438050|1|1|1|330.54874101|17|2|1|5|1|1|1|1
3438051|1|1|1|371.40299065|17|2|1|5|1|1|1|1
3438052|1|1|1|452.70225656|17|2|1|5|1|1|1|1
3438053|1|1|1|376.11078675|17|2|1|5|1|1|1|1
3438054|1|1|1|371.40299065|17|2|1|5|1|1|1|1
3438055|1|1|1|330.54874101|17|2|1|5|1|1|1|1
3438056|1|1|1|397.06030384|17|2|1|2|1|1|1|1
3438057|1|1|1|350.73552657|17|2|1|2|1|1|1|1
3438058|1|1|1|499.42321868|17|1|1|2|1|1|1|1
3438059|1|1|1|419.13375777|17|1|1|2|1|1|1|1
3438060|1|1|1|449.74204005|17|2|1|2|1|1|1|1
3438061|1|1|1|596.26798483|17|1|1|2|1|1|1|1
3438062|1|1|1|259.61143509|17|1|1|2|1|1|1|1
3438063|1|1|1|371.40299065|17|1|1|2|1|1|1|1
3438064|1|1|1|634.58315975|17|1|1|2|1|1|1|1
3438065|1|1|1|376.11078675|17|2|1|2|1|1|1|1
3438066|1|1|1|595.39419503|17|2|1|2|1|1|1|1
3438067|1|1|1|367.56898435|17|2|1|2|1|1|1|1
3438068|1|1|1|367.56898435|17|2|1|2|1|1|1|1
3438069|1|1|1|406.47589605|17|2|1|2|2|1|1|1
3438070|1|1|1|384.93464217|17|2|1|2|1|1|1|1
3438071|1|1|1|424.51232108|17|2|1|2|1|1|1|1
3438072|1|1|1|647.20214144|17|2|1|2|1|1|1|1
3438073|1|1|1|339.37259643|17|1|1|2|1|1|1|1
3438074|1|1|1|371.40299065|17|2|1|2|1|1|1|1
3438076|1|1|1|334.66480033|17|2|1|2|1|1|1|1
3438077|1|1|1|376.11078675|17|2|1|2|1|1|1|1
3438078|1|1|1|401.76809995|17|2|1|2|1|1|1|1
3438079|1|1|1|322.00693861|17|2|1|2|1|1|1|1
3438080|1|1|1|305.17348083|17|2|1|2|1|1|1|1
3438081|1|1|1|367.56898435|17|2|1|2|1|1|1|1
3438082|1|1|1|497.61834838|17|2|1|2|1|1|1|1
3438083|1|1|1|330.54874101|17|2|1|2|2|1|1|1
3438084|1|1|1|450.51819808|17|2|1|2|1|1|1|1
3438086|1|1|1|424.46056074|17|1|1|1|2|2|1|2
3438087|1|1|1|523.75296281|17|2|1|1|2|2|1|2
3438089|1|1|1|433.80673389|17|1|1|1|2|2|1|2
3438090|1|1|1|424.46056074|17|1|1|1|2|2|1|2
3438091|1|1|1|348.76969238|17|1|1|1|2|2|1|2
3438092|1|1|1|483.66964235|17|1|1|1|2|2|1|2
3438094|1|1|1|542.87872396|17|1|1|1|2|2|1|2
3438097|1|1|1|416.31908248|17|2|1|1|1|1|1|1
3438098|1|1|1|398.80788344|17|2|1|1|1|1|1|1
3438099|1|1|1|450.51819808|17|2|1|1|1|1|1|1
3438100|1|1|1|376.11078675|17|2|1|1|1|1|1|1
3438101|1|1|1|411.61128637|17|2|1|1|1|1|1|1
3438102|1|1|1|481.3109016|17|2|1|1|1|1|1|1
3438103|1|1|1|421.55210457|17|2|1|1|1|1|1|1
3438104|1|1|1|553.94820861|17|2|1|1|1|1|1|1
3438105|1|1|1|424.08472686|17|2|1|1|1|1|1|1
3438106|1|1|1|401.76809995|17|2|1|1|1|1|1|1
3438107|1|1|1|455.39107847|17|2|1|3|1|1|1|1
3438108|1|1|1|638.61407119|17|2|1|3|1|1|1|1
3438109|1|1|1|506.42425506|17|2|1|3|1|1|1|1
3438110|1|1|1|888.4690893|17|2|1|3|1|1|1|1
3438111|1|1|1|625.44678999|17|2|1|3|1|1|1|1
3438112|1|1|1|623.54184426|17|2|1|3|1|1|1|1
3438113|1|1|1|566.42455097|17|2|1|3|1|1|1|1
3438114|1|1|1|567.80935699|17|1|1|3|1|1|1|1
3438115|1|1|1|561.24633221|17|2|1|3|2|1|1|1
3438116|1|1|1|541.4747946|17|2|1|3|1|1|1|1
3438117|1|1|1|554.22118593|17|2|1|3|1|1|1|1
3438118|1|1|1|554.22118593|17|2|1|3|1|1|1|1
3438119|1|1|1|280.58280116|18|1|1|1|1|1|1|1
3438120|1|1|1|302.13900672|18|1|1|1|1|1|1|1
3438121|1|1|1|178.62981348|18|2|1|1|1|1|1|1
3438122|1|1|1|129.11335684|18|1|1|1|1|1|1|1
3438123|1|1|1|89.031669661|18|1|1|1|1|1|1|1
3438124|1|1|1|96.427178295|18|1|1|1|1|1|1|1
3438125|1|1|1|314.8603755|18|1|1|1|1|1|1|1
3438126|1|1|1|79.032535521|18|1|1|1|1|1|1|1
3438127|1|1|1|79.032535521|18|1|1|1|1|1|1|1
3438128|1|1|1|79.032535521|18|1|1|1|1|1|1|1
3438130|1|1|1|111.92587324|18|1|1|3|1|1|1|1
3438132|1|1|1|82.325557834|18|2|1|3|1|1|1|1
3438133|1|1|1|82.325557834|18|1|1|3|1|1|1|1
3438134|1|1|1|84.258101485|18|2|1|3|1|1|1|1
3438137|1|1|1|134.49308005|18|2|1|3|1|1|1|1
3438138|1|1|1|100.44497739|18|2|1|3|1|1|1|1
3438139|1|1|1|113.5835772|18|2|1|3|1|1|1|1
3438140|1|1|1|111.92587324|18|2|1|3|1|1|1|1
3438142|1|1|1|106.17356204|18|1|1|3|1|1|1|1
3438143|1|1|1|61.46974985|18|1|1|3|1|1|1|1
3438144|1|1|1|61.46974985|18|2|1|3|1|1|1|1
3438145|1|1|1|69.246854181|18|1|1|3|1|1|1|1
3438146|1|1|1|233.42822033|18|1|1|3|1|1|1|1
3438147|1|1|1|228.91391034|18|1|1|3|1|1|1|1
3438148|1|1|1|69.246854181|18|1|1|3|1|1|1|1
3438149|1|1|1|101.65925205|18|2|1|3|1|1|1|1
3438150|1|1|1|234.99700523|18|1|1|3|1|1|1|1
3438151|1|1|1|100.42149977|18|1|1|3|1|1|1|1
3438154|1|1|1|66.738585551|18|1|1|1|1|1|1|1
3438155|1|1|1|149.02944685|18|2|1|1|1|1|1|1
3438156|1|1|1|81.427395005|18|1|1|1|1|1|1|1
3438158|1|1|1|225.15976305|18|2|1|1|1|1|1|1
3438159|1|1|1|266.9543422|18|1|1|1|1|1|1|1
3438160|1|1|1|266.9543422|18|2|1|1|1|1|1|1
3438161|1|1|1|155.74420445|18|1|1|1|1|1|1|1
3438162|1|1|1|164.5817226|18|1|1|1|1|1|1|1
3438163|1|1|1|207.79398055|18|2|1|1|1|1|1|1
3438164|1|1|1|66.738585551|18|1|1|1|1|1|1|1
3438165|1|1|1|48.172212127|18|1|1|3|1|1|1|1
3438169|1|1|1|48.172212127|18|2|1|3|1|1|1|1
3438170|1|1|1|130.51871006|18|2|1|3|1|1|1|1
3438171|1|1|1|48.172212127|18|2|1|3|1|1|1|1
3438173|1|1|1|83.20540372|18|1|1|4|1|1|1|1
3438174|1|1|1|48.172212127|18|1|1|3|1|1|1|1
3438175|1|1|1|48.172212127|18|1|1|4|1|1|1|1
3438176|1|1|1|167.25499555|18|2|1|2|1|1|1|1
3438177|1|1|1|89.031669661|18|2|1|2|1|1|1|1
3438178|1|1|1|79.032535521|18|1|1|2|1|1|1|1
3438179|1|1|1|79.032535521|18|2|1|2|1|1|1|1
3438180|1|1|1|79.032535521|18|1|1|2|1|1|1|1
3438181|1|1|1|79.032535521|18|1|1|2|1|1|1|1
3438182|1|1|1|79.032535521|18|1|1|2|1|1|1|1
3438183|1|1|1|88.583804636|18|2|1|2|1|1|1|1
3438184|1|1|1|79.032535521|18|2|1|2|1|1|1|1
3438185|1|1|1|316.13014208|18|1|1|2|1|1|1|1
3438187|1|1|1|188.65506128|18|1|1|1|1|1|1|1
3438188|1|1|1|60.591610566|18|2|1|1|1|1|1|1
3438189|1|1|1|60.591610566|18|2|1|1|1|1|1|1
3438190|1|1|1|73.92750336|18|1|1|1|2|1|1|1
3438192|1|1|1|242.36644226|18|1|1|1|1|1|1|1
3438193|1|1|1|136.94952367|18|2|1|1|1|1|1|1
3438194|1|1|1|65.851018441|18|2|1|1|1|1|1|1
3438195|1|1|1|104.65679687|18|1|1|1|1|1|1|1
3438196|1|1|1|207.89721725|18|1|1|1|1|1|1|1
3438197|1|1|1|135.30305043|18|2|1|1|1|1|1|1
3438198|1|1|1|76.646837997|18|2|1|3|1|1|1|1
3438199|1|1|1|68.784720517|18|2|1|3|1|1|1|1
3438200|1|1|1|104.63904722|18|2|1|3|1|1|1|1
3438201|1|1|1|166.28199848|18|2|1|3|1|1|1|1
3438203|1|1|1|68.784720517|18|2|1|3|1|1|1|1
3438204|1|1|1|63.509257692|18|2|1|3|1|1|1|1
3438205|1|1|1|167.41719414|18|2|1|3|1|1|1|1
3438206|1|1|1|175.53123093|18|2|1|4|1|1|1|1
3438207|1|1|1|102.06505169|18|2|1|3|1|1|1|1
3438208|1|1|1|126.28740462|18|2|1|3|1|1|1|1
3438209|1|1|1|168.60274245|18|1|1|1|1|1|1|2
3438210|1|1|1|57.3060471|18|1|1|1|1|1|1|1
3438211|1|1|1|104.24297938|18|1|1|1|1|1|1|2
3438212|1|1|1|47.483557153|18|1|1|1|1|1|1|2
3438213|1|1|1|61.250318372|18|1|1|1|1|1|1|2
3438215|1|1|1|168.60274245|18|2|1|1|2|1|1|2
3438216|1|1|1|42.150685611|18|1|1|1|1|1|1|1
3438217|1|1|1|42.150685611|18|1|1|1|1|1|1|2
3438218|1|1|1|47.483557153|18|1|1|1|1|1|1|2
3438219|1|1|1|42.150685611|18|1|1|1|1|1|1|1
3438220|1|1|1|301.37740212|18|1|1|2|1|1|1|1
3438221|1|1|1|75.34435053|18|1|1|2|1|1|1|1
3438223|1|1|1|84.87685841|18|2|1|2|1|1|1|1
3438224|1|1|1|75.34435053|18|1|1|2|1|1|1|1
3438225|1|1|1|138.32757731|18|1|1|2|1|1|1|1
3438226|1|1|1|221.48491515|18|1|1|2|1|1|1|1
3438228|1|1|1|75.34435053|18|1|1|2|1|1|1|1
3438229|1|1|1|103.95168985|18|2|1|2|1|1|1|1
3438231|1|1|1|136.40469525|18|1|1|2|1|1|1|1
3438232|1|1|1|301.37740212|18|1|1|2|1|1|1|1
3438233|1|1|1|187.48329072|18|2|1|2|1|1|1|1
3438234|1|1|1|60.215265159|18|2|1|2|1|1|1|1
3438235|1|1|1|240.86106064|18|1|1|2|1|1|1|1
3438236|1|1|1|161.6116187|18|1|1|2|1|1|1|1
3438238|1|1|1|60.215265159|18|1|1|2|1|1|1|1
3438239|1|1|1|73.46832632|18|2|1|2|1|1|1|1
3438240|1|1|1|163.14838758|18|2|1|2|1|1|1|1
3438241|1|1|1|67.833653075|18|1|1|2|1|1|1|1
3438242|1|1|1|175.6437472|18|1|1|2|1|1|1|1
3438243|1|1|1|79.032535521|18|1|1|2|1|1|1|1
3438244|1|1|1|79.032535521|18|1|1|2|1|1|1|1
3438245|1|1|1|177.03841769|18|1|1|2|1|1|1|1
3438246|1|1|1|136.50886548|18|1|1|2|1|1|1|1
3438247|1|1|1|79.032535521|18|1|1|2|1|1|1|1
3438248|1|1|1|79.032535521|18|1|1|2|1|1|1|1
3438249|1|1|1|184.75493114|18|1|1|2|1|1|1|1
3438251|1|1|1|79.032535521|18|1|1|2|1|1|1|1
3438252|1|1|1|147.5305255|18|1|1|2|1|1|1|1
3438253|1|1|1|71.632558876|18|1|1|1|1|1|1|1
3438254|1|1|1|95.387898775|18|1|1|1|1|1|1|1
3438255|1|1|1|91.005910319|18|1|1|1|1|1|1|1
3438257|1|1|1|100.31823786|18|1|1|1|1|1|1|1
3438258|1|1|1|196.19708871|18|1|1|1|1|1|1|1
3438259|1|1|1|52.688357014|18|1|1|1|2|1|1|1
3438260|1|1|1|52.688357014|18|1|1|1|1|1|1|1
3438261|1|1|1|52.688357014|18|1|1|1|1|1|1|1
3438262|1|1|1|117.65482646|18|1|1|1|2|1|1|1
3438263|1|1|1|80.042267854|18|1|1|2|1|1|1|1
3438264|1|1|1|57.957192715|18|1|1|2|1|1|1|1
3438265|1|1|1|100.10650135|18|2|1|2|1|1|1|1
3438266|1|1|1|180.45266732|18|2|1|2|1|1|1|1
3438267|1|1|1|57.957192715|18|1|1|2|1|1|1|1
3438269|1|1|1|108.18905203|18|1|1|2|1|1|1|1
3438270|1|1|1|57.957192715|18|1|1|2|1|1|1|1
3438271|1|1|1|180.45266732|18|2|1|2|1|1|1|1
3438272|1|1|1|209.84590458|18|2|1|2|1|1|1|1
3438273|1|1|1|180.45266732|18|2|1|2|1|1|1|1
3438274|1|1|1|86.942472816|18|1|1|1|1|1|1|1
3438275|1|1|1|117.38832432|18|1|1|1|1|1|1|1
3438277|1|1|1|173.40382082|18|1|1|1|1|1|1|1
3438280|1|1|1|45.663242746|18|1|1|1|1|1|1|1
3438281|1|1|1|45.663242746|18|1|1|1|1|1|1|1
3438282|1|1|1|45.663242746|18|1|1|1|1|1|1|1
3438283|1|1|1|45.663242746|18|1|1|1|1|1|1|1
3438285|1|1|1|63.063604976|18|1|1|1|1|1|1|1
3438286|1|1|1|62.081551025|18|1|1|1|1|1|1|1
3438287|1|1|1|102.28886355|18|1|1|1|1|1|1|1
3438288|1|1|1|135.60271177|18|1|1|1|1|1|1|1
3438289|1|1|1|174.56920389|18|2|1|1|1|1|1|1
3438290|1|1|1|117.08650854|19|1|1|3|2|1|1|1
3438291|1|1|1|128.74838314|19|2|1|3|1|1|1|1
3438292|1|1|1|132.13287712|19|1|1|3|1|1|1|1
3438293|1|1|1|176.55204709|19|2|1|3|1|1|1|1
3438294|1|1|1|132.13287712|19|2|1|3|1|1|1|1
3438295|1|1|1|135.24291061|19|1|1|3|2|1|1|1
3438296|1|1|1|132.13287712|19|1|1|3|1|1|1|1
3438297|1|1|1|167.859727|19|2|1|3|1|1|1|1
3438298|1|1|1|110.37429617|19|1|1|3|1|1|1|1
3438299|1|1|1|157.29144562|19|2|1|3|1|1|1|1
3438300|1|1|1|130.16826296|19|2|1|3|1|1|1|1
3438302|1|1|1|172.69098602|19|1|1|1|2|1|1|1
3438303|1|1|1|170.02392277|19|2|1|1|1|1|1|1
3438304|1|1|1|202.32402393|19|2|1|1|2|1|1|1
3438305|1|1|1|227.18094295|19|2|1|1|1|1|1|1
3438306|1|1|1|195.49410063|19|2|1|1|1|1|1|1
3438307|1|1|1|263.38141943|19|2|1|1|1|1|1|1
3438308|1|1|1|267.02401405|19|1|1|1|1|1|1|1
3438309|1|1|1|159.29982471|19|3|1|1|1|1|1|1
3438310|1|1|1|242.18703158|19|3|1|1|1|1|1|1
3438311|1|1|1|235.81798093|19|2|1|1|2|1|1|1
3438313|1|1|1|227.99192847|19|1|1|3|1|1|1|1
3438314|1|1|1|293.74515915|19|2|1|3|1|1|1|1
3438315|1|1|1|262.1997837|19|2|1|3|2|1|1|1
3438316|1|1|1|205.0908081|19|1|1|3|1|1|1|1
3438317|1|1|1|233.98530324|19|1|1|3|1|1|1|1
3438318|1|1|1|336.93843686|19|2|1|3|1|1|1|1
3438319|1|1|1|262.17234719|19|1|1|3|1|1|1|1
3438320|1|1|1|239.978678|19|2|1|3|1|1|1|1
3438321|1|1|1|333.29548632|19|1|1|3|1|1|1|1
3438324|1|1|1|453.94082388|19|2|1|1|2|1|1|1
3438325|1|1|1|336.84008643|19|2|1|1|1|1|1|1
3438326|1|1|1|411.71795369|19|1|1|1|2|1|1|1
3438327|1|1|1|281.63708811|19|2|1|1|1|1|1|1
3438328|1|1|1|254.02926229|19|2|1|1|2|1|1|1
3438329|1|1|1|284.74307523|19|2|1|1|1|1|1|1
3438330|1|1|1|289.07456087|19|2|1|1|2|1|1|1
3438331|1|1|1|295.84386696|19|1|1|1|1|1|1|1
3438332|1|1|1|289.07456087|19|2|1|1|1|1|1|1
3438333|1|1|1|324.93639047|19|2|1|1|2|1|1|1
3438334|1|1|1|321.51258496|19|2|1|1|1|1|1|1
3438335|1|1|1|298.31442738|19|2|1|1|1|1|1|1
3438340|1|1|1|194.38312529|19|1|1|3|1|1|1|1
3438341|1|1|1|154.52401464|19|1|1|3|1|1|1|1
3438342|1|1|1|172.04837741|19|1|1|3|1|1|1|1
3438343|1|1|1|215.46973229|19|4|1|3|1|1|1|1
3438344|1|1|1|290.52212728|19|1|1|3|2|1|1|1
3438345|1|1|1|131.83373362|19|1|1|3|1|1|1|1
3438346|1|1|1|203.8019136|19|2|1|3|1|1|1|1
3438347|1|1|1|201.7923039|19|2|1|3|2|1|1|1
3438348|1|1|1|106.11001186|19|2|1|3|1|1|1|1
3438349|1|1|1|224.48258491|19|2|1|3|1|1|1|1
3438350|1|1|1|213.91701081|19|1|1|3|1|1|1|1
3438351|1|1|1|156.92619018|19|2|1|1|1|1|1|1
3438352|1|1|1|197.64731852|19|2|1|1|1|1|1|1
3438353|1|1|1|162.54556446|19|2|1|1|1|1|1|1
3438354|1|1|1|233.91770397|19|2|1|1|1|1|1|1
3438355|1|1|1|168.59010715|19|2|1|1|1|1|1|1
3438356|1|1|1|152.88870497|19|2|1|1|1|1|1|1
3438357|1|1|1|164.89694238|19|2|1|1|2|1|1|1
3438361|1|1|1|239.25728031|19|1|1|1|1|1|1|1
3438362|1|1|1|187.11687801|19|2|1|1|1|1|1|1
3438363|1|1|1|135.36499434|19|2|1|1|1|1|1|1
3438364|1|1|1|108.18801644|19|1|1|1|1|1|1|1
3438365|1|1|1|214.02221662|19|2|1|1|1|1|1|1
3438366|1|1|1|270.55751243|19|2|1|1|2|1|1|1
3438367|1|1|1|244.14476241|19|2|1|1|2|1|1|1
3438368|1|1|1|270.55751243|19|2|1|1|2|1|1|1
3438369|1|1|1|213.52962802|19|2|1|1|1|1|1|1
3438372|1|1|1|260.36359323|19|1|1|1|2|2|1|2
3438373|1|1|1|327.81686796|19|2|1|1|1|1|1|1
3438374|1|1|1|244.06549305|19|1|1|1|2|2|1|2
3438375|1|1|1|229.97482401|19|2|1|1|1|1|1|1
3438376|1|1|1|352.90110317|19|1|1|1|1|2|1|1
3438377|1|1|1|260.36359323|19|2|1|2|1|1|1|1
3438378|1|1|1|247.77819503|19|1|1|1|2|2|1|1
3438382|1|1|1|265.26350644|19|2|1|2|1|1|1|1
3438383|1|1|1|273.96089207|19|1|1|2|1|1|1|1
3438384|1|1|1|281.37982506|19|2|1|2|1|1|1|1
3438385|1|1|1|296.81014101|19|1|1|2|1|1|1|1
3438386|1|1|1|273.93619921|19|1|1|2|1|1|1|1
3438387|1|1|1|210.61146577|19|3|1|2|2|1|1|1
3438388|1|1|1|299.96593769|19|1|1|2|1|1|1|1
3438389|1|1|1|245.28920417|19|1|1|2|1|1|1|1
3438390|1|1|1|299.96593769|19|1|1|2|1|1|1|1
3438391|1|1|1|277.41413933|19|1|1|2|1|1|1|1
3438392|1|1|1|236.73807151|19|2|1|3|1|1|1|1
3438393|1|1|1|230.67418645|19|2|1|3|1|1|1|1
3438394|1|1|1|233.21813781|19|2|1|3|1|1|1|1
3438395|1|1|1|203.84559166|19|2|1|3|1|1|1|1
3438396|1|1|1|230.67418645|19|2|1|3|1|1|1|1
3438397|1|1|1|304.29637054|19|1|1|3|2|1|1|1
3438398|1|1|1|262.59068396|19|2|1|3|2|1|1|1
3438399|1|1|1|371.82691028|19|2|1|3|1|1|1|1
3438400|1|1|1|164.83370815|19|2|1|3|2|1|1|1
3438401|1|1|1|271.71052029|19|2|1|3|1|1|1|1
3438403|1|1|1|238.55577503|19|1|1|3|2|1|1|1
3438404|1|1|1|296.9775443|19|1|1|3|1|1|1|1
3438405|1|1|1|257.98176312|19|1|1|3|2|1|1|1
3438406|1|1|1|246.90239171|19|1|1|3|1|1|1|1
3438407|1|1|1|204.82997456|19|1|1|3|1|1|1|1
3438408|1|1|1|260.18257685|19|1|1|3|1|1|1|1
3438409|1|1|1|198.69164063|19|1|1|3|1|1|1|1
3438410|1|1|1|176.35013976|19|2|1|3|1|1|1|1
3438411|1|1|1|270.58650603|19|2|1|3|1|1|1|1
3438412|1|1|1|263.25174382|19|1|1|3|2|1|1|1
3438413|1|1|1|181.48408824|19|1|1|3|1|1|1|1
3438414|1|1|1|294.92023179|19|1|1|3|1|1|1|1
3438415|1|1|1|141.88587374|19|1|1|5|1|1|1|1
3438416|1|1|1|183.80880773|19|1|1|5|1|1|1|1
3438417|1|1|1|282.81231008|19|1|1|5|1|1|1|1
3438418|1|1|1|350.88746426|19|1|1|5|1|1|1|1
3438419|1|1|1|236.42687352|19|1|1|5|1|1|1|1
3438420|1|1|1|282.81231008|19|1|1|5|1|1|1|1
3438421|1|1|1|314.6266063|19|1|1|5|1|1|1|1
3438422|1|1|1|222.40842185|19|1|1|5|1|1|1|1
3438423|1|1|1|191.80963993|19|1|1|5|1|1|1|1
3438424|1|1|1|220.06966569|19|1|1|5|1|1|1|1
3438425|1|1|1|240.47961193|19|1|1|1|2|1|1|1
3438426|1|1|1|201.16934865|19|2|1|1|1|1|1|1
3438427|1|1|1|240.47961193|19|2|1|1|1|1|1|1
3438428|1|1|1|201.16934865|19|2|1|1|1|1|1|1
3438429|1|1|1|248.89354003|19|2|1|1|1|1|1|1
3438430|1|1|1|294.08425264|19|2|1|1|1|1|1|1
3438431|1|1|1|231.35275033|19|1|1|1|1|1|1|1
3438432|1|1|1|299.37252449|19|2|1|1|1|1|1|1
3438433|1|1|1|216.96966102|19|1|1|1|2|1|1|1
3438434|1|1|1|268.76027829|19|2|1|1|1|1|1|1
3438435|1|1|1|222.14501232|19|2|1|1|1|1|1|1
3438438|1|1|1|169.41608084|19|2|1|1|1|1|1|1
3438439|1|1|1|149.15690135|19|2|1|1|1|1|1|1
3438440|1|1|1|193.79609676|19|2|1|1|1|1|1|1
3438441|1|1|1|237.8388966|19|2|1|1|1|1|1|1
3438442|1|1|1|208.04980897|19|2|1|1|1|1|1|1
3438443|1|1|1|142.45114922|19|2|1|1|1|1|1|1
3438444|1|1|1|208.04980897|19|2|1|1|1|1|1|1
3438445|1|1|1|235.26740211|19|2|1|1|1|1|1|1
3438446|1|1|1|199.11483202|19|2|1|1|1|1|1|1
3438448|1|1|1|218.45229942|19|2|1|3|2|1|1|1
3438449|1|1|1|217.71700031|19|1|1|3|1|1|1|1
3438450|1|1|1|203.14608901|19|1|1|3|1|1|1|1
3438451|1|1|1|197.99006364|19|2|1|3|1|1|1|1
3438452|1|1|1|217.0914763|19|1|1|3|1|1|1|1
3438453|1|1|1|173.44473652|19|1|1|3|1|1|1|1
3438454|1|1|1|191.0439587|19|1|1|3|1|1|1|1
3438455|1|1|1|184.09777223|19|2|1|3|1|1|1|1
3438456|1|1|1|144.86626372|19|2|1|3|1|1|1|1
3438457|1|1|1|199.04375324|19|1|1|3|1|1|1|1
3438459|1|1|1|501.8414572|20|2|1|2|1|1|1|1
3438460|1|1|1|430.59421818|20|2|1|2|1|1|1|1
3438461|1|1|1|397.20114227|20|2|1|2|1|1|1|1
3438462|1|1|1|435.19643669|20|1|1|2|1|1|1|1
3438463|1|1|1|428.66149344|20|2|1|2|1|1|1|1
3438464|1|1|1|403.22077797|20|2|1|2|1|1|1|1
3438465|1|1|1|391.07610192|20|2|1|2|1|1|1|1
3438466|1|1|1|554.16161466|20|2|1|2|1|1|1|1
3438467|1|1|1|251.20162191|20|2|1|2|1|1|1|1
3438469|1|1|1|281.30340491|20|2|1|2|1|1|1|1
3438470|1|1|1|281.96161348|20|2|1|2|1|1|1|1
3438471|1|1|1|276.64034143|20|1|1|2|1|1|1|1
3438472|1|1|1|455.30758437|20|1|1|2|1|1|1|1
3438473|1|1|1|335.75773324|20|1|1|2|1|1|1|1
3438474|1|1|1|337.37571921|20|2|1|2|1|1|1|1
3438480|1|1|1|223.53010761|20|2|1|2|1|1|1|1
3438481|1|1|1|267.37556986|20|2|1|2|1|1|1|1
3438482|1|1|1|274.87336409|20|2|1|2|1|1|1|1
3438483|1|1|1|314.66490981|20|2|1|2|1|1|1|1
3438484|1|1|1|302.03740205|20|2|1|2|1|1|1|1
3438485|1|1|1|341.71166591|20|2|1|1|1|1|1|1
3438486|1|1|1|216.89195597|20|1|1|1|1|1|1|1
3438487|1|1|1|341.09021659|20|2|1|1|1|1|1|1
3438488|1|1|1|217.60703769|20|2|1|1|1|1|1|1
3438489|1|1|1|329.76032282|20|4|1|2|2|2|1|1
3438490|1|1|1|341.62247844|20|1|1|3|1|1|1|1
3438491|1|1|1|303.52177937|20|1|1|2|1|1|1|1
3438492|1|1|1|484.4512285|20|2|1|2|1|1|1|1
3438493|1|1|1|366.20669533|20|1|1|3|1|1|1|1
3438494|1|1|1|433.26371195|20|1|1|2|1|1|1|1
3438495|1|1|1|362.16580886|20|2|1|2|1|1|1|1
3438496|1|1|1|466.76219251|20|2|1|2|1|1|1|1
3438497|1|1|1|361.92095269|20|2|1|2|1|1|1|1
3438498|1|1|1|471.08617546|20|1|1|2|1|1|1|1
3438500|1|1|1|419.1182571|20|1|1|2|1|1|1|1
3438501|1|1|1|415.07800801|20|2|1|2|1|1|1|1
3438502|1|1|1|414.18097729|20|2|1|2|1|1|1|1
3438503|1|1|1|337.62097093|20|2|1|2|1|1|1|1
3438504|1|1|1|342.13216569|20|2|1|2|1|1|1|1
3438505|1|1|1|324.67033483|20|2|1|2|1|1|1|1
3438506|1|1|1|365.66859435|20|2|1|2|1|1|1|1
3438507|1|1|1|366.75970249|20|1|1|2|1|1|1|1
3438508|1|1|1|400.42324914|20|2|1|2|1|1|1|1
3438510|1|1|1|320.19123614|20|2|1|1|2|2|2|1
3438511|1|1|1|415.43632734|20|1|1|1|2|2|1|1
3438512|1|1|1|275.26393087|20|2|1|1|2|2|1|1
3438513|1|1|1|377.99422138|20|1|1|1|2|2|1|1
3438514|1|1|1|395.44732816|20|1|1|1|2|2|1|1
3438515|1|1|1|327.65192739|20|1|1|1|2|2|1|1
3438516|1|1|1|431.42861782|20|2|1|1|2|2|1|1
3438517|1|1|1|319.60487167|20|1|1|1|2|2|1|1
3438519|1|1|1|470.65802188|20|1|1|1|2|2|1|1
3438520|1|1|1|378.57454474|20|1|1|1|2|2|1|1
3438521|1|1|1|345.37132091|20|1|1|5|1|1|1|1
3438522|1|1|1|353.3146316|20|1|1|5|1|1|1|1
3438523|1|1|1|319.25507884|20|1|1|4|1|1|1|1
3438524|1|1|1|277.13341964|20|1|1|5|1|1|1|1
3438525|1|1|1|292.3917937|20|1|1|5|1|1|1|1
3438526|1|1|1|249.53273099|20|1|1|6|1|1|1|1
3438527|1|1|1|297.9008567|20|1|1|5|1|1|1|1
3438528|1|1|1|335.45377018|20|1|1|4|1|1|1|1
3438531|1|1|1|411.70307945|20|1|1|4|1|1|1|1
3438532|1|1|1|468.70153739|20|1|1|4|1|1|1|1
3438533|1|1|1|555.28821838|20|1|1|4|1|1|1|1
3438534|1|1|1|320.31197295|20|1|1|4|1|1|1|1
3438535|1|1|1|521.75855777|20|2|1|5|1|1|1|1
3438536|1|1|1|542.58563138|20|2|1|4|1|1|1|1
3438537|1|1|1|551.18706384|20|1|1|5|1|1|1|1
3438538|1|1|1|484.53802382|20|1|1|5|1|1|1|1
3438539|1|1|1|481.13206198|20|2|1|5|1|1|1|1
3438542|1|1|1|338.28234317|20|1|1|1|2|2|1|1
3438543|1|1|1|296.4262172|20|1|1|1|2|2|1|1
3438544|1|1|1|310.21893142|20|1|1|1|2|2|1|1
3438545|1|1|1|366.95522973|20|1|1|1|2|2|1|1
3438547|1|1|1|323.55292397|20|1|1|1|2|2|1|1
3438548|1|1|1|357.31681611|20|1|1|1|2|2|1|1
3438549|1|1|1|316.98815419|20|1|1|1|2|2|1|1
3438550|1|1|1|317.76091381|20|1|1|1|2|2|1|1
3438551|1|1|1|437.01679162|20|1|1|1|2|2|1|1
3438554|1|1|1|375.29216959|20|2|1|3|1|1|1|1
3438555|1|1|1|400.47002673|20|2|1|2|1|1|1|1
3438556|1|1|1|343.49052469|20|2|1|3|1|1|1|1
3438557|1|1|1|328.09107617|20|1|1|2|1|1|1|1
3438558|1|1|1|249.45194241|20|1|1|3|1|1|1|1
3438559|1|1|1|304.17030149|20|1|1|2|1|1|1|1
3438564|1|1|1|391.07610192|20|2|1|1|1|1|1|1
3438565|1|1|1|403.22077797|20|2|1|1|1|1|1|1
3438566|1|1|1|418.30748452|20|2|1|1|1|1|1|1
3438567|1|1|1|433.01885578|20|2|1|1|1|1|1|1
3438568|1|1|1|434.95158052|20|3|1|1|1|1|1|1
3438569|1|1|1|367.72951716|20|3|1|1|1|1|1|1
3438570|1|1|1|312.66616088|20|1|1|1|1|1|1|1
3438571|1|1|1|501.8414572|20|1|1|1|1|1|1|1
3438572|1|1|1|436.23523715|20|1|1|1|1|1|1|1
3438575|1|1|1|471.08617546|20|3|1|1|1|1|1|1
3438576|1|1|1|276.27395243|20|1|1|1|1|1|1|1
3438577|1|1|1|285.89419828|20|1|1|1|1|1|1|1
3438578|1|1|1|329.64895314|20|1|1|1|1|1|1|1
3438579|1|1|1|325.15725688|20|2|1|1|1|1|1|1
3438580|1|1|1|265.40869864|20|2|1|1|1|1|1|1
3438581|1|1|1|348.46026338|20|1|1|1|1|1|1|1
3438582|1|1|1|286.78914141|20|2|1|1|1|1|1|1
3438583|1|1|1|287.10392567|20|1|1|1|1|1|1|1
3438584|1|1|1|317.54716091|20|2|1|1|1|1|1|1
3438585|1|1|1|303.77681411|20|1|1|1|1|1|1|1
3438586|1|1|1|275.86077968|20|1|1|1|1|1|1|1
3438587|1|1|1|314.95007444|20|1|1|1|1|1|1|1
3438588|1|1|1|246.0771069|20|1|1|1|1|1|1|1
3438589|1|1|1|196.57762921|20|1|1|1|1|1|1|1
3438590|1|1|1|268.52287404|20|1|1|1|1|1|1|1
3438591|1|1|1|266.19900966|20|2|1|1|1|1|1|1
3438592|1|1|1|310.76450882|20|1|1|1|1|1|1|1
3438593|1|1|1|345.96985384|20|1|1|1|1|1|1|1
3438594|1|1|1|270.80213785|20|1|1|1|1|1|1|1
3438597|1|1|1|295.21400329|20|2|1|1|1|1|1|1
3438598|1|1|1|295.85911758|20|2|1|1|1|1|1|1
3438599|1|1|1|290.72965056|20|2|1|1|1|1|1|1
3438600|1|1|1|348.57213524|20|2|1|1|1|1|1|1
3438601|1|1|1|298.93779879|20|2|1|1|1|1|1|1
3438602|1|1|1|346.19864475|20|2|1|1|1|1|1|1
3438604|1|1|1|326.80217925|20|2|1|1|1|1|1|1
3438608|1|1|1|355.54911336|20|1|1|1|2|2|1|1
3438609|1|1|1|382.49998928|20|2|1|1|2|2|1|1
3438610|1|1|1|418.6175717|20|1|1|1|2|2|1|1
3438611|1|1|1|267.86083655|20|1|1|1|2|2|1|1
3438612|1|1|1|326.40158313|20|1|1|1|2|2|1|1
3438613|1|1|1|386.84667804|20|2|1|1|2|2|1|1
3438614|1|1|1|431.20757841|20|1|1|1|2|2|1|1
3438615|1|1|1|310.71693952|20|1|1|1|2|2|1|1
3438616|1|1|1|426.22467833|20|1|1|1|2|2|1|1
3438617|1|1|1|349.06066139|20|2|1|1|2|2|1|1
3438618|1|1|1|257.56684363|23|2|1|1|1|1|1|1
3438619|1|1|1|247.34676797|23|2|1|1|1|1|1|1
3438620|1|1|1|207.12958501|23|1|1|1|1|1|1|1
3438622|1|1|1|234.87691209|23|3|1|1|1|1|1|1
3438623|1|1|1|324.23192605|23|2|1|1|1|1|1|1
3438624|1|1|1|297.78402659|23|1|1|1|1|1|1|1
3438625|1|1|1|286.19069893|23|2|1|1|1|1|1|1
3438626|1|1|1|190.47817926|23|1|1|1|1|1|1|1
3438627|1|1|1|157.41463789|23|1|1|1|1|1|1|1
3438628|1|1|1|374.66918467|23|1|1|1|1|1|1|1
3438629|1|1|1|202.68989893|23|2|1|1|1|1|1|1
3438630|1|1|1|236.84510925|23|2|1|1|1|1|1|1
3438631|1|1|1|361.30215063|23|1|1|1|1|1|1|1
3438632|1|1|1|375.504437|23|1|1|1|1|1|1|1
3438633|1|1|1|330.84756796|23|2|1|1|1|1|1|1
3438634|1|1|1|430.88683288|23|2|1|1|1|1|1|1
3438635|1|1|1|295.69965255|23|2|1|3|1|1|1|1
3438636|1|1|1|396.28346517|23|2|1|3|1|1|1|1
3438637|1|1|1|247.7320987|23|2|1|3|1|1|1|1
3438638|1|1|1|353.78239565|23|2|1|3|1|1|1|1
3438639|1|1|1|357.34519086|23|1|1|3|1|1|1|1
3438640|1|1|1|404.36924973|23|2|1|3|1|1|1|1
3438641|1|1|1|199.0694022|23|1|1|3|1|1|1|1
3438643|1|1|1|292.13685734|23|1|1|3|1|1|1|1
3438644|1|1|1|295.69965255|23|1|1|3|1|1|1|1
3438647|1|1|1|128.69133072|23|1|1|3|1|1|1|1
3438648|1|1|1|158.45675861|23|1|1|3|1|1|1|1
3438649|1|1|1|187.65147124|23|1|1|3|1|1|1|1
3438652|1|1|1|226.44381107|23|2|1|3|1|1|1|1
3438653|1|1|1|219.5476512|23|2|1|3|1|1|1|1
3438654|1|1|1|216.59108544|23|1|1|3|1|1|1|1
3438655|1|1|1|160.1500436|23|1|1|3|1|1|1|1
3438656|1|1|1|144.03681157|23|2|1|3|1|1|1|1
3438657|1|1|1|191.15937134|23|1|1|3|1|1|1|1
3438658|1|1|1|163.20096979|23|2|1|4|1|1|1|1
3438659|1|1|1|164.89784531|23|2|1|4|1|1|1|1
3438660|1|1|1|108.58331029|23|1|1|4|1|1|1|1
3438662|1|1|1|138.08639001|23|2|1|4|1|1|1|1
3438663|1|1|1|161.29071957|23|1|1|4|1|1|1|1
3438664|1|1|1|238.27742255|23|1|1|4|1|1|1|1
3438665|1|1|1|241.43870193|23|2|1|4|1|1|1|1
3438666|1|1|1|186.38337134|23|2|1|4|1|1|1|1
3438667|1|1|1|224.41863837|23|1|1|4|1|1|1|1
3438668|1|1|1|209.68452177|23|1|1|5|1|1|1|1
3438669|1|1|1|373.88514057|23|1|1|5|1|1|1|1
3438671|1|1|1|392.06083312|23|1|1|5|1|1|1|1
3438672|1|1|1|255.97105187|23|1|1|5|1|1|1|1
3438673|1|1|1|222.95888883|23|1|1|5|1|1|1|1
3438674|1|1|1|333.9208578|23|1|1|5|1|1|1|1
3438676|1|1|1|307.48715923|23|1|1|5|1|1|1|1
3438677|1|1|1|432.07051937|23|1|1|5|1|1|1|1
3438679|1|1|1|220.43065008|23|1|1|1|1|1|1|1
3438680|1|1|1|273.40681339|23|1|1|1|1|1|1|1
3438681|1|1|1|288.4238205|23|1|1|1|1|1|1|1
3438682|1|1|1|198.05934612|23|1|1|1|1|1|1|1
3438683|1|1|1|225.36038859|23|1|1|1|1|1|1|1
3438684|1|1|1|261.11801965|23|1|1|1|1|1|1|1
3438685|1|1|1|193.54886349|23|1|1|2|1|1|1|1
3438686|1|1|1|259.38554084|23|2|1|2|1|1|1|1
3438687|1|1|1|189.99711463|23|2|1|2|1|1|1|1
3438688|1|1|1|197.10061235|23|1|1|2|1|1|1|1
3438689|1|1|1|154.59341897|23|1|1|2|1|1|1|1
3438690|1|1|1|159.60133173|23|1|1|2|1|1|1|1
3438691|1|1|1|197.87741437|23|1|1|2|1|1|1|1
3438692|1|1|1|124.65263853|23|1|1|2|1|1|1|1
3438693|1|1|1|227.21179447|23|1|1|2|1|1|1|1
3438694|1|1|1|193.54886349|23|1|1|2|1|1|1|1
3438695|1|1|1|130.29997235|23|1|1|2|1|1|1|1
3438696|1|1|1|226.51057189|23|1|1|2|1|1|1|1
3438697|1|1|1|195.84472913|23|1|1|1|1|1|1|1
3438698|1|1|1|224.8015108|23|1|1|1|1|1|1|1
3438699|1|1|1|95.061167618|23|1|1|1|1|1|1|1
3438700|1|1|1|194.53915563|23|1|1|1|1|1|1|1
3438701|1|1|1|256.29261015|23|1|1|1|1|1|1|1
3438702|1|1|1|289.45832372|23|1|1|1|1|1|1|1
3438703|1|1|1|289.45832372|23|1|1|1|1|1|1|1
3438704|1|1|1|289.82768116|23|2|1|1|1|1|1|1
3438705|1|1|1|150.10957649|23|2|1|1|1|1|1|1
3438706|1|1|1|374.66918467|23|2|1|1|1|1|1|1
3438707|1|1|1|297.78402659|23|2|1|1|1|1|1|1
3438708|1|1|1|326.40788189|23|2|1|1|1|1|1|1
3438710|1|1|1|247.34676797|23|2|1|1|1|1|1|1
3438711|1|1|1|247.34676797|23|2|1|1|1|1|1|1
3438712|1|1|1|140.87550643|23|2|1|1|1|1|1|1
3438713|1|1|1|234.87691209|23|2|1|1|1|1|1|1
3438714|1|1|1|194.36419606|23|1|1|1|1|1|1|1
3438715|1|1|1|311.72079427|23|2|1|1|1|1|1|1
3438716|1|1|1|279.53378112|23|2|1|1|1|1|1|1
3438717|1|1|1|324.23192605|23|2|1|1|1|1|1|1
3438719|1|1|1|278.26724552|23|2|1|1|1|1|1|1
3438721|1|1|1|286.19069893|23|2|1|1|1|1|1|1
3438723|1|1|1|202.68989893|23|2|1|1|1|1|1|1
3438724|1|1|1|140.87550643|23|1|1|1|1|1|1|1
3438725|1|1|1|275.35223125|23|2|1|1|1|1|1|1
3438726|1|1|1|258.73822237|23|2|1|1|1|1|1|1
3438727|1|1|1|289.45832372|23|2|1|1|1|1|1|1
3438728|1|1|1|267.36333734|23|2|1|1|1|1|1|1
3438729|1|1|1|326.40788189|23|2|1|1|1|1|1|1
3438730|1|1|1|323.8625686|23|2|1|1|1|1|1|1
3438731|1|1|1|235.27916155|23|2|1|1|1|1|1|1
3438732|1|1|1|350.26919217|23|2|1|1|1|1|1|1
3438734|1|1|1|186.03849319|23|1|1|2|1|1|1|1
3438735|1|1|1|293.89800979|23|1|1|2|1|1|1|1
3438736|1|1|1|326.40788189|23|1|1|2|1|1|1|1
3438737|1|1|1|318.08217901|23|1|1|2|1|1|1|1
3438738|1|1|1|243.46075117|23|1|1|2|1|1|1|1
3438739|1|1|1|241.93607936|23|1|1|2|1|1|1|1
3438740|1|1|1|252.18870351|23|1|1|2|1|1|1|1
3438743|1|1|1|279.53378112|23|1|1|2|1|1|1|1
3438745|1|1|1|230.69536222|23|1|1|2|1|1|1|1
3438746|1|1|1|214.36719891|23|1|1|1|1|1|1|1
3438747|1|1|1|207.15158975|23|1|1|1|1|1|1|1
3438748|1|1|1|179.86092321|23|1|1|1|1|1|1|1
3438749|1|1|1|250.86388055|23|1|1|1|1|1|1|1
3438750|1|1|1|303.60240565|23|1|1|1|1|1|1|1
3438751|1|1|1|284.52862072|23|1|1|1|1|1|1|1
3438752|1|1|1|356.45643271|23|1|1|1|1|1|1|1
3438753|1|1|1|248.03193907|23|1|1|1|1|1|1|1
3438754|1|1|1|214.36719891|23|1|1|1|1|1|1|1
3438755|1|1|1|284.8487305|23|1|1|1|1|1|1|1
3438757|1|1|1|240.81632991|23|1|1|1|1|1|1|1
3438758|1|1|1|363.41591321|23|1|1|1|1|1|1|1
3438760|1|1|1|301.03637967|23|1|1|1|1|1|1|1
3438761|1|1|1|260.546547|23|2|1|1|1|1|1|1
3438762|1|1|1|302.75820706|23|1|1|1|1|1|1|1
3438763|1|1|1|277.37967776|23|1|1|1|1|1|1|1
3438764|1|1|1|396.86708668|23|1|1|1|1|1|1|1
3438765|1|1|1|294.26553078|23|1|1|1|1|1|1|1
3438766|1|1|1|255.76534661|23|1|1|1|1|1|1|1
3438767|1|1|1|308.983242|23|1|1|1|1|1|1|1
3438768|1|1|1|255.76534661|23|2|1|1|1|1|1|1
3438769|1|1|1|349.17284343|23|2|1|1|1|1|1|1
3438770|1|1|1|266.37344243|23|2|1|1|1|1|1|1
3438771|1|1|1|260.546547|23|1|1|1|1|1|1|1
3438772|1|1|1|264.03010537|23|2|1|1|1|1|1|1
3438773|1|1|1|348.22128521|23|1|1|1|1|1|1|1
3438774|1|1|1|273.42530998|23|1|1|1|1|1|1|1
3438775|1|1|1|388.99213745|23|1|1|1|1|1|1|1
3438776|1|1|1|279.53378112|23|1|1|1|1|1|1|1
3438777|1|1|1|253.12715756|23|1|1|1|1|1|1|1
3438778|1|1|1|237.49639328|23|1|1|1|1|1|1|1
3438779|1|1|1|140.87550643|23|1|1|1|1|1|1|1
3438780|1|1|1|283.67793413|23|1|1|1|1|1|1|1
3438781|1|1|1|366.74573126|23|1|1|1|1|1|1|1
3438782|1|1|1|174.4682931|23|1|1|1|1|1|1|1
3438783|1|1|1|380.40829837|23|1|1|1|1|1|1|1
3438784|1|1|1|40.198694287|27|1|1|1|2|2|1|1
3438785|1|1|1|43.523537699|27|2|1|1|2|2|1|1
3438786|1|1|1|48.080048768|27|1|1|1|2|2|1|1
3438787|1|1|1|48.080048768|27|1|1|1|2|2|1|1
3438788|1|1|1|120.92883639|27|2|1|1|2|2|1|1
3438791|1|1|1|30.232209098|27|1|1|1|2|2|1|1
3438792|1|1|1|59.361311878|27|1|1|1|2|2|1|1
3438793|1|1|1|33.545524881|27|2|1|1|2|2|1|2
3438794|1|1|1|76.779423936|27|2|1|1|2|2|1|1
3438795|1|1|1|100.44224139|27|1|1|1|2|2|1|1
3438797|1|1|1|79.272490381|27|2|1|1|2|2|1|1
3438798|1|1|1|86.602145594|27|2|1|1|2|2|1|2
3438800|1|1|1|102.66227711|27|1|1|1|2|2|1|2
3438801|1|1|1|48.519006492|27|1|1|1|2|2|1|2
3438802|1|1|1|56.917333205|27|2|1|1|2|1|1|1
3438803|1|1|1|67.481030302|27|2|1|1|2|1|1|1
3438804|1|1|1|59.148898016|27|2|1|1|2|1|1|1
3438806|1|1|1|84.693378099|27|1|1|1|2|2|1|2
3438807|1|1|1|78.88133001|27|1|1|1|2|2|1|2
3438808|1|1|1|85.427137669|27|1|1|1|2|2|1|1
3438809|1|1|1|63.508743935|27|1|1|2|2|2|1|2
3438810|1|1|1|68.165498323|27|1|1|1|2|2|1|2
3438811|1|1|1|65.593755949|27|1|1|2|2|2|1|2
3438812|1|1|1|87.38264619|27|1|1|1|2|2|1|1
3438813|1|1|1|81.570598102|27|1|1|2|2|2|1|2
3438816|1|1|1|65.791076975|27|2|1|3|2|1|1|1
3438817|1|1|1|117.63025392|27|1|1|2|2|1|1|1
3438818|1|1|1|196.53992995|27|2|1|3|2|1|1|1
3438819|1|1|1|107.76646|27|1|1|3|2|2|1|1
3438820|1|1|1|117.63025392|27|1|1|2|2|2|1|1
3438821|1|1|1|74.964292513|27|1|1|2|2|1|1|1
3438822|1|1|1|81.606633186|27|2|1|2|2|1|1|1
3438823|1|1|1|107.76646|27|2|1|3|2|1|1|1
3438824|1|1|1|117.63025392|27|2|1|3|2|1|1|1
3438827|1|1|1|63.097456262|27|1|1|1|2|2|1|1
3438828|1|1|1|72.723508867|27|2|1|1|2|2|1|1
3438829|1|1|1|53.059133924|27|2|1|1|2|2|1|1
3438831|1|1|1|89.107786342|27|2|1|1|2|2|1|1
3438833|1|1|1|78.940252013|27|2|1|1|2|2|1|2
3438834|1|1|1|101.62141245|27|1|1|1|2|2|1|2
3438835|1|1|1|84.02003426|27|2|1|1|2|2|1|2
3438838|1|1|1|94.807676631|27|1|1|1|2|2|1|1
3438839|1|1|1|75.457744741|27|1|1|1|2|1|1|1
3438840|1|1|1|65.553806087|27|1|1|1|2|2|1|1
3438841|1|1|1|86.009406099|27|2|1|1|2|2|1|1
3438842|1|1|1|53.724409635|27|2|1|1|2|2|1|1
3438843|1|1|1|72.47228552|27|2|1|1|2|1|1|1
3438844|1|1|1|65.102480033|27|1|1|1|2|1|1|1
3438845|1|1|1|58.484753783|27|1|1|1|2|1|1|1
3438846|1|1|1|58.484753783|27|1|1|2|2|1|1|1
3438848|1|1|1|213.34415547|27|1|1|1|2|2|1|2
3438851|1|1|1|104.53763097|27|1|1|2|2|1|1|2
3438852|1|1|1|93.264723641|27|1|1|2|2|2|1|2
3438853|1|1|1|103.02867593|27|1|1|2|2|2|1|2
3438854|1|1|1|137.1578569|27|1|1|2|2|2|1|2
3438855|1|1|1|64.783305209|27|1|1|2|2|2|1|2
3438857|1|1|1|75.189802257|27|1|1|1|2|2|1|2
3438858|1|1|1|94.013291217|27|2|1|1|2|2|1|2
3438859|1|1|1|131.72651917|27|1|1|1|2|2|1|2
3438861|1|1|1|65.988784931|27|2|1|1|2|2|1|2
3438862|1|1|1|94.813172095|27|1|1|1|2|2|1|2
3438863|1|1|1|88.261469854|27|1|1|1|2|2|1|2
3438864|1|1|1|81.988883672|27|1|1|1|2|2|1|2
3438865|1|1|1|106.99032899|27|2|1|1|2|2|1|2
3438866|1|1|1|48.015861508|27|2|1|1|2|2|1|2
3438867|1|1|1|134.32991147|27|2|1|1|2|2|1|1
3438868|1|1|1|142.68512514|27|1|1|1|2|2|1|1
3438870|1|1|1|53.426127324|27|2|1|1|2|2|1|2
3438871|1|1|1|137.18442061|27|2|1|1|2|2|1|2
3438872|1|1|1|86.142768318|27|1|1|1|2|2|1|2
3438875|1|1|1|80.422959574|27|1|1|1|2|2|1|2
3438876|1|1|1|135.09000871|27|2|1|1|2|2|1|2
3438877|1|1|1|101.2230056|27|1|1|1|2|2|1|2
3438878|1|1|1|91.801058521|27|1|1|1|2|2|1|2
3438879|1|1|1|77.919252713|27|1|1|1|2|2|1|2
3438880|1|1|1|104.19756858|27|2|1|1|2|2|1|1
3438881|1|1|1|77.903426655|27|2|1|1|2|2|1|1
3438882|1|1|1|124.65935854|27|2|1|1|2|2|1|1
3438883|1|1|1|121.58590929|27|2|1|1|2|2|1|1
3438885|1|1|1|90.15009144|27|2|1|1|2|2|1|1
3438886|1|1|1|90.840669814|27|2|1|1|2|2|1|2
3438887|1|1|1|77.903426655|27|2|1|1|2|2|1|1
3438889|1|1|1|104.51211511|27|2|1|1|2|2|1|1
3438892|1|1|1|90.15009144|27|1|1|2|2|2|1|2
3438893|1|1|1|121.58590929|27|1|1|2|2|2|1|1
3438894|1|1|1|71.32318367|27|2|1|2|2|2|1|1
3438895|1|1|1|96.792432113|27|1|1|2|2|1|1|1
3438896|1|1|1|96.792432113|27|1|1|2|2|2|1|2
3438897|1|1|1|152.7515713|27|2|1|2|2|1|1|1
3438898|1|1|1|75.520555781|27|1|1|2|2|2|1|1
3438899|1|1|1|101.12411933|27|2|1|2|2|1|1|1
3438900|1|1|1|96.792432113|27|1|1|1|2|2|1|2
3438901|1|1|1|120.47567531|27|1|1|1|2|2|1|2
3438902|1|1|1|120.04311656|27|1|1|1|2|2|1|2
3438903|1|1|1|151.26804699|27|1|1|1|2|2|1|2
3438904|1|1|1|101.43866586|27|1|1|1|2|2|1|2
3438905|1|1|1|129.8769187|27|1|1|1|2|2|1|2
3438906|1|1|1|164.47270447|27|1|1|1|2|2|1|2
3438907|1|1|1|80.976875902|27|1|1|1|2|2|1|2
3438908|1|1|1|121.16625368|27|1|1|1|2|2|1|2
3438909|1|1|1|101.12411933|27|1|1|1|2|2|1|2
3438912|1|1|1|168.44771718|27|2|1|1|2|2|1|2
3438913|1|1|1|162.61536522|27|1|1|1|2|2|1|2
3438914|1|1|1|124.23970293|27|2|1|1|2|2|1|2
3438915|1|1|1|120.01312479|27|1|1|1|2|2|1|2
3438916|1|1|1|147.42956629|27|1|1|1|2|2|1|2
3438917|1|1|1|175.23806184|27|1|1|1|2|2|1|2
3438918|1|1|1|155.09081842|27|1|1|1|2|2|1|2
3438919|1|1|1|90.15009144|27|1|1|1|2|2|1|2
3438920|1|1|1|98.365216613|27|2|1|1|2|2|1|2
3438922|1|1|1|90.15009144|27|1|1|1|2|2|1|2
3438923|1|1|1|107.76646|27|1|1|1|2|2|1|2
3438924|1|1|1|93.223540688|27|1|1|1|2|2|1|2
3438925|1|1|1|84.050325149|27|1|1|1|2|2|1|2
3438926|1|1|1|65.791076975|27|2|1|1|2|2|1|2
3438927|1|1|1|94.543876346|27|1|1|1|2|2|1|2
3438928|1|1|1|85.370660807|27|1|1|1|2|2|1|2
3438929|1|1|1|101.12411933|27|2|1|1|2|2|1|1
3438930|1|1|1|62.717627728|27|1|1|1|2|2|1|2
3438931|1|1|1|129.8769187|27|2|1|1|2|2|1|2
3438934|1|1|1|107.78659594|27|2|1|1|2|2|1|2
3438935|1|1|1|136.84642937|27|1|1|1|2|2|1|2
3438936|1|1|1|93.255261257|27|2|1|1|2|2|1|1
3438939|1|1|1|101.75335185|27|1|1|1|2|2|1|2
3438940|1|1|1|178.03112389|27|2|1|1|2|2|1|2
3438942|1|1|1|192.49646807|41|1|1|2|1|1|1|1
3438943|1|1|1|148.20781002|41|1|1|2|1|1|1|1
3438944|1|1|1|129.60228717|41|1|1|2|1|1|1|1
3438945|1|1|1|330.88061369|41|1|1|2|1|1|1|1
3438946|1|1|1|205.16424289|41|1|1|2|1|1|1|1
3438947|1|1|1|321.12100614|41|1|1|2|1|1|1|1
3438948|1|1|1|373.36458691|41|1|1|2|1|1|1|1
3438949|1|1|1|301.94757513|41|1|1|2|1|1|1|1
3438951|1|1|1|381.44923069|41|1|1|2|1|1|1|1
3438952|1|1|1|658.32388246|41|2|1|2|1|1|1|1
3438953|1|1|1|286.27555315|41|2|1|3|1|1|1|1
3438954|1|1|1|301.7564839|41|2|1|3|1|1|1|1
3438955|1|1|1|349.19360858|41|2|1|3|1|1|1|1
3438956|1|1|1|333.19441317|41|2|1|2|1|1|1|1
3438957|1|1|1|285.91899855|41|2|1|3|1|1|1|1
3438959|1|1|1|441.61664358|41|2|1|2|1|1|1|1
3438964|1|1|1|368.65568138|41|2|1|2|1|1|1|1
3438965|1|1|1|187.31999156|41|2|1|2|1|1|1|1
3438966|1|1|1|438.12040915|41|1|1|2|1|1|1|1
3438967|1|1|1|192.37069358|41|1|1|2|1|1|1|1
3438968|1|1|1|179.89747009|41|1|1|2|1|1|1|1
3438969|1|1|1|204.81451223|41|1|1|2|1|1|1|1
3438970|1|1|1|343.82934233|41|2|1|2|1|1|1|1
3438971|1|1|1|276.77150541|41|1|1|2|1|1|1|1
3438972|1|1|1|348.88004435|41|2|1|2|1|1|1|1
3438973|1|1|1|179.89747009|41|2|1|2|1|1|1|1
3438974|1|1|1|215.1104676|41|2|1|4|1|1|1|1
3438975|1|1|1|204.81451223|41|2|1|4|1|1|1|1
3438976|1|1|1|192.49646807|41|2|1|4|1|1|1|1
3438977|1|1|1|192.49646807|41|2|1|4|1|1|1|1
3438978|1|1|1|192.49646807|41|2|1|4|1|1|1|1
3438979|1|1|1|343.47961167|41|2|1|4|1|1|1|1
3438980|1|1|1|129.60228717|41|2|1|4|1|1|1|1
3438981|1|1|1|179.89747009|41|2|1|4|1|1|1|1
3438982|1|1|1|289.08954957|41|2|1|4|1|1|1|1
3438983|1|1|1|192.49646807|41|2|1|4|1|1|1|1
3438984|1|1|1|276.562962|41|1|1|2|1|1|1|1
3438985|1|1|1|246.60557635|41|1|1|2|1|1|1|1
3438986|1|1|1|129.60228717|41|1|1|2|1|1|1|1
3438987|1|1|1|276.77150541|41|1|1|2|1|1|1|1
3438988|1|1|1|289.43928023|41|1|1|2|1|1|1|1
3438989|1|1|1|266.73094404|41|1|1|2|1|1|1|1
3438990|1|1|1|267.01189786|41|2|1|2|1|1|1|1
3438991|1|1|1|222.65876356|41|2|1|2|1|1|1|1
3438992|1|1|1|353.84537181|41|1|1|2|1|1|1|1
3438993|1|1|1|289.08954957|41|1|1|2|1|1|1|1
3438994|1|1|1|294.1402516|41|1|1|3|1|1|1|1
3438995|1|1|1|381.44923069|41|1|1|2|1|1|1|1
3438996|1|1|1|129.60228717|41|1|1|2|1|1|1|1
3438997|1|1|1|276.77150541|41|2|1|4|1|1|1|1
3438998|1|1|1|200.3037916|41|2|1|4|1|1|1|1
3438999|1|1|1|179.89747009|41|2|1|4|1|1|1|1
3439000|1|1|1|179.89747009|41|2|1|4|1|1|1|1
3439002|1|1|1|204.81451223|41|2|1|4|1|1|1|1
3439003|1|1|1|129.60228717|41|2|1|4|1|1|1|1
3439004|1|1|1|294.89307699|41|2|1|4|1|1|1|1
3439005|1|1|1|279.40235243|41|2|1|4|1|1|1|1
3439007|1|1|1|284.85614919|41|2|1|2|1|1|1|1
3439008|1|1|1|192.49646807|41|2|1|2|1|1|1|1
3439009|1|1|1|276.64573092|41|2|1|2|1|1|1|1
3439010|1|1|1|259.55430499|41|2|1|2|1|1|1|1
3439011|1|1|1|363.60497936|41|2|1|2|1|1|1|1
3439012|1|1|1|179.89747009|41|1|1|2|1|1|1|1
3439013|1|1|1|236.9183792|41|1|1|2|1|1|1|1
3439014|1|1|1|333.72000412|41|2|1|2|1|1|1|1
3439015|1|1|1|227.70946559|41|2|1|2|1|1|1|1
3439017|1|1|1|334.06973477|41|1|1|1|2|2|1|1
3439018|1|1|1|324.77805223|41|1|1|1|1|2|1|1
3439019|1|1|1|217.2049668|41|1|1|1|2|2|1|1
3439020|1|1|1|351.56425545|41|1|1|1|1|2|1|1
3439021|1|1|1|302.22489537|41|1|1|1|1|2|1|1
3439022|1|1|1|333.72000412|41|1|1|1|1|2|1|1
3439023|1|1|1|279.32994202|41|1|1|1|1|2|1|1
3439024|1|1|1|240.50301489|41|1|1|1|1|2|1|1
3439025|1|1|1|187.31999156|41|1|1|1|1|2|1|1
3439026|1|1|1|246.60557635|41|1|1|1|1|2|1|1
3439028|1|1|1|214.91591628|41|1|1|1|1|2|1|1
3439029|1|1|1|321.12100614|41|1|1|1|1|2|1|1
3439030|1|1|1|205.16424289|41|1|1|1|1|2|1|1
3439031|1|1|1|179.51740127|41|2|1|2|1|1|1|1
3439032|1|1|1|397.49813066|41|2|1|2|1|1|1|1
3439033|1|1|1|319.93142319|41|1|1|2|1|1|1|1
3439034|1|1|1|247.35902137|41|1|1|2|1|1|1|1
3439035|1|1|1|288.83217767|41|1|1|2|1|1|1|1
3439036|1|1|1|214.43215379|41|1|1|2|1|1|1|1
3439037|1|1|1|250.54689749|41|1|1|2|1|1|1|1
3439038|1|1|1|178.20314485|41|1|1|2|1|1|1|1
3439039|1|1|1|441.54138344|41|1|1|2|1|1|1|1
3439040|1|1|1|281.61995432|41|1|1|2|1|1|1|1
3439041|1|1|1|264.6826436|41|1|1|2|1|1|1|1
3439042|1|1|1|178.37010551|41|2|1|1|1|1|1|1
3439043|1|1|1|182.5283171|41|2|1|1|1|1|1|1
3439044|1|1|1|445.3215801|41|1|1|1|1|1|1|1
3439045|1|1|1|192.49646807|41|2|1|1|1|1|1|1
3439046|1|1|1|279.32994202|41|1|1|1|1|1|1|1
3439047|1|1|1|230.46608709|41|1|1|1|1|1|1|1
3439049|1|1|1|329.82875426|41|1|1|1|1|1|1|1
3439052|1|1|1|129.60228717|41|1|1|4|1|1|1|1
3439053|1|1|1|192.49646807|41|1|1|4|1|1|1|1
3439054|1|1|1|192.49646807|41|1|1|4|1|1|1|1
3439055|1|1|1|301.94757513|41|1|1|4|1|1|1|1
3439056|1|1|1|294.1402516|41|1|1|4|1|1|1|1
3439057|1|1|1|179.89747009|41|1|1|4|1|1|1|1
3439058|1|1|1|215.1104676|41|1|1|4|1|1|1|1
3439059|1|1|1|306.9338009|41|1|1|4|1|1|1|1
3439060|1|1|1|381.44923069|41|1|1|4|1|1|1|1
3439062|1|1|1|210.3407194|41|2|1|1|1|1|1|1
3439063|1|1|1|246.60557635|41|2|1|1|1|1|1|1
3439064|1|1|1|309.21491726|41|2|1|1|1|1|1|1
3439065|1|1|1|204.81451223|41|2|1|1|1|1|1|1
3439066|1|1|1|279.32994202|41|2|1|1|1|1|1|1
3439067|1|1|1|204.81451223|41|2|1|1|1|1|1|1
3439068|1|1|1|299.19095362|41|2|1|1|1|1|1|1
3439069|1|1|1|405.90095346|41|2|1|1|1|1|1|1
3439070|1|1|1|246.60557635|41|2|1|1|1|1|1|1
3439072|1|1|1|296.8968731|41|1|1|1|1|1|1|1
3439073|1|1|1|249.23642336|41|1|1|1|1|1|1|1
3439074|1|1|1|204.81451223|41|2|1|2|1|1|1|1
3439075|1|1|1|192.49646807|41|2|1|1|1|1|1|1
3439076|1|1|1|289.08954957|41|2|1|1|1|1|1|1
3439077|1|1|1|289.08954957|41|2|1|1|1|1|1|1
3439078|1|1|1|222.65876356|41|2|1|2|1|1|1|1
3439079|1|1|1|192.37069358|41|2|1|1|1|1|1|1
3439080|1|1|1|179.89747009|41|1|1|1|1|1|1|1
3439082|1|1|1|267.01189786|41|1|1|1|1|1|1|1
3439083|1|1|1|179.89747009|41|1|1|1|1|1|1|1
3439084|1|1|1|306.9338009|41|1|1|1|1|1|1|1
3439085|1|1|1|363.95471001|41|1|1|1|1|1|1|1
3439086|1|1|1|205.16424289|41|1|1|1|1|1|1|1
3439087|1|1|1|129.60228717|41|1|1|1|1|1|1|1
3439088|1|1|1|269.5005297|41|1|1|1|1|1|1|1
3439089|1|1|1|246.60557635|41|1|1|1|1|1|1|1
3439090|1|1|1|192.49646807|41|1|1|1|1|1|1|1
3439091|1|1|1|264.17250743|41|1|1|1|1|1|1|1
3439092|1|1|1|289.08954957|41|1|1|1|1|1|1|1
3439093|1|1|1|518.40914867|41|1|1|1|1|1|1|1
3439094|1|1|1|455.96466048|41|1|1|1|1|1|1|1
3439095|1|1|1|179.89747009|41|1|1|1|1|1|1|1
3439096|1|1|1|192.49646807|41|1|1|1|1|1|1|1
3439097|1|1|1|262.57470697|41|1|1|1|1|1|1|1
3439098|1|1|1|330.21563429|41|1|1|1|1|1|1|1
3439099|1|1|1|269.23927678|41|1|1|1|1|1|1|1
3439100|1|1|1|240.62058509|41|1|1|1|1|1|1|1
3439101|1|1|1|166.16241182|41|1|1|1|1|1|1|1
3439102|1|1|1|162.00285896|41|2|1|1|1|1|1|1
3439103|1|1|1|349.16242753|41|2|1|1|1|1|1|1
3439104|1|1|1|277.81958603|41|1|1|1|1|1|1|1
3439105|1|1|1|323.93901281|41|1|1|1|1|1|1|1
3439106|1|1|1|224.87183761|41|1|1|1|1|1|1|1
3439107|1|1|1|85.472312812|44|1|1|2|1|1|1|1
3439108|1|1|1|109.07573824|44|1|1|2|1|1|1|1
3439109|1|1|1|50.722104216|44|2|1|2|1|1|1|1
3439110|1|1|1|83.174850017|44|1|1|2|1|1|1|1
3439111|1|1|1|39.616269461|44|1|1|2|1|1|1|1
3439112|1|1|1|53.921162797|44|1|1|2|1|1|1|1
3439113|1|1|1|35.260191973|44|2|1|2|1|1|1|1
3439114|1|1|1|46.602643597|44|2|1|2|1|1|1|1
3439115|1|1|1|35.260191973|44|1|1|2|1|1|1|1
3439116|1|1|1|85.357361939|44|1|1|2|1|1|1|1
3439120|1|1|1|85.856649491|44|1|1|3|1|1|1|1
3439121|1|1|1|129.98723749|44|1|1|3|1|1|1|1
3439122|1|1|1|81.693998359|44|1|1|3|1|1|1|1
3439123|1|1|1|54.996491723|44|1|1|3|1|1|1|1
3439124|1|1|1|76.40687597|44|1|1|3|1|1|1|1
3439125|1|1|1|125.79134812|44|1|1|3|1|1|1|1
3439126|1|1|1|85.669300734|44|1|1|3|1|1|1|1
3439127|1|1|1|105.75318725|44|1|1|3|1|1|1|1
3439128|1|1|1|58.490857786|44|1|1|2|1|1|1|1
3439130|1|1|1|141.60933367|44|2|1|3|1|1|1|1
3439131|1|1|1|53.424533293|44|2|1|3|1|1|1|1
3439132|1|1|1|78.217727275|44|2|1|3|1|1|2|1
3439133|1|1|1|53.424533293|44|2|1|3|1|1|1|1
3439134|1|1|1|93.615173403|44|2|1|3|1|1|1|1
3439135|1|1|1|102.17617612|44|2|1|3|1|1|1|1
3439136|1|1|1|141.41994615|44|2|1|3|1|1|1|1
3439137|1|1|1|54.371403369|44|2|1|3|1|1|1|1
3439138|1|1|1|102.17617612|44|2|1|3|1|1|1|1
3439139|1|1|1|88.206092815|44|2|1|3|1|1|1|1
3439141|1|1|1|94.447699813|44|2|1|2|1|1|1|1
3439142|1|1|1|147.85094067|44|2|1|1|1|1|1|1
3439143|1|1|1|93.615173403|44|1|1|2|1|1|1|1
3439144|1|1|1|77.162429945|44|1|1|2|1|1|1|1
3439145|1|1|1|67.197634254|44|1|1|2|1|1|1|1
3439146|1|1|1|78.217727275|44|2|1|2|1|1|1|1
3439147|1|1|1|73.249853732|44|1|1|2|1|1|1|1
3439148|1|1|1|142.53491132|44|2|1|2|1|1|1|1
3439149|1|1|1|141.41994615|44|1|1|2|1|1|1|1
3439152|1|1|1|93.615173403|44|1|1|1|1|1|1|1
3439153|1|1|1|90.85457064|44|2|1|1|1|1|1|1
3439154|1|1|1|154.65383934|44|2|1|1|1|1|1|1
3439155|1|1|1|128.18605297|44|2|1|1|1|1|1|1
3439156|1|1|1|141.41994615|44|2|1|1|1|1|1|1
3439157|1|1|1|76.730857967|44|1|1|2|1|1|1|1
3439158|1|1|1|53.424533293|44|1|1|1|1|1|1|1
3439159|1|1|1|141.41994615|44|1|1|1|1|1|1|1
3439160|1|1|1|93.615173403|44|2|1|1|1|1|1|1
3439161|1|1|1|128.04691267|44|2|1|2|1|1|1|1
3439164|1|1|1|109.15340412|44|1|1|1|1|1|1|1
3439165|1|1|1|117.46149731|44|3|1|1|2|1|1|1
3439166|1|1|1|149.69465594|44|2|1|1|1|1|1|1
3439167|1|1|1|168.40564786|44|1|1|1|1|1|1|1
3439168|1|1|1|100.68930681|44|1|1|1|1|1|1|1
3439169|1|1|1|53.424533293|44|1|1|1|1|1|1|1
3439170|1|1|1|141.41994615|44|3|1|1|2|1|1|1
3439171|1|1|1|73.249853732|44|2|1|1|1|1|1|1
3439172|1|1|1|114.81301948|44|1|1|1|1|1|1|1
3439173|1|1|1|154.65383934|44|2|1|1|1|1|1|1
3439174|1|1|1|53.424533293|44|2|1|2|1|1|1|1
3439175|1|1|1|126.02250003|44|2|1|2|1|1|1|1
3439176|1|1|1|53.424533293|44|2|1|2|1|1|1|1
3439177|1|1|1|117.46149731|44|3|1|2|2|1|1|1
3439178|1|1|1|195.01257453|44|2|1|2|1|1|1|1
3439179|1|1|1|203.0978968|44|2|1|2|1|1|1|1
3439180|1|1|1|54.371403369|44|3|1|2|2|1|1|1
3439181|1|1|1|101.81296212|44|1|1|2|1|1|1|1
3439182|1|1|1|67.008246734|44|2|1|2|1|1|1|1
3439184|1|1|1|88.942282937|44|1|1|1|1|1|1|1
3439185|1|1|1|53.424533293|44|1|1|2|1|1|1|1
3439186|1|1|1|54.371403369|44|1|1|1|1|1|1|1
3439187|1|1|1|55.653826974|44|1|1|1|1|1|1|1
3439188|1|1|1|53.424533293|44|2|1|1|1|1|1|1
3439189|1|1|1|129.32933627|44|2|1|1|1|1|1|1
3439190|1|1|1|115.26291668|44|2|1|1|1|1|1|1
3439191|1|1|1|53.424533293|44|2|1|1|1|1|1|1
3439192|1|1|1|114.81301948|44|2|1|2|1|1|1|1
3439193|1|1|1|126.02250003|44|2|1|1|1|1|1|1
3439194|1|1|1|74.082380142|44|2|1|1|1|1|1|1
3439195|1|1|1|88.206092815|44|1|1|1|1|1|1|1
3439196|1|1|1|89.191431259|44|2|1|1|1|2|2|1
3439197|1|1|1|125.3700143|44|2|1|1|1|1|2|1
3439198|1|1|1|71.735960414|44|2|1|1|2|1|1|1
3439199|1|1|1|67.162808756|44|2|1|1|1|1|2|1
3439200|1|1|1|91.967528015|44|1|1|1|1|1|1|1
3439201|1|1|1|125.3700143|44|1|1|1|1|1|1|1
3439202|1|1|1|89.616000018|44|1|1|1|1|1|1|1
3439203|1|1|1|37.990779231|44|1|1|1|1|1|1|1
3439204|1|1|1|48.308497334|44|1|1|1|1|1|1|1
3439205|1|1|1|100.69997061|44|2|1|1|1|1|1|1
3439206|1|1|1|37.990779231|44|1|1|1|1|1|1|1
3439208|1|1|1|103.64798724|44|1|1|2|1|1|1|1
3439209|1|1|1|138.65934339|44|1|1|2|1|1|1|1
3439210|1|1|1|182.73257713|44|2|1|2|1|1|1|1
3439211|1|1|1|53.424533293|44|2|1|2|1|1|1|1
3439212|1|1|1|73.249853732|44|2|1|2|1|1|1|1
3439213|1|1|1|53.424533293|44|1|1|2|1|1|1|1
3439214|1|1|1|126.02250003|44|1|1|2|1|1|1|1
3439215|1|1|1|62.335356268|44|1|1|2|1|1|1|1
3439216|1|1|1|182.09329242|44|1|1|2|1|1|1|1
3439217|1|1|1|81.21380663|44|1|1|2|1|1|1|1
3439219|1|1|1|42.739626634|44|1|1|1|1|1|1|1
3439220|1|1|1|42.739626634|44|1|1|1|1|1|1|1
3439221|1|1|1|77.184642083|44|1|1|1|1|1|1|1
3439223|1|1|1|123.72307147|44|1|1|1|1|1|1|1
3439224|1|1|1|92.0990211|44|1|1|1|1|1|1|1
3439225|1|1|1|58.599882986|44|1|1|1|1|1|1|1
3439226|1|1|1|170.95850654|44|1|1|1|1|1|1|1
3439229|1|1|1|93.615173403|44|1|1|1|1|1|1|1
3439230|1|1|1|57.852407604|44|1|1|2|1|1|1|1
3439231|1|1|1|100.04616792|44|1|1|1|1|1|1|1
3439232|1|1|1|128.04691267|44|1|1|1|1|1|1|1
3439233|1|1|1|88.942282937|44|1|1|2|1|1|1|1
3439234|1|1|1|115.12377637|44|1|1|1|1|1|1|1
3439235|1|1|1|94.447699813|44|1|1|1|1|1|1|1
3439237|1|1|1|87.766170519|44|1|1|2|1|1|1|1
3439240|1|1|1|141.41994615|44|1|1|1|1|1|1|1
3439241|1|1|1|94.447699813|44|1|1|1|1|1|1|1
3439242|1|1|1|53.424533293|44|2|1|1|1|1|1|1
3439243|1|1|1|93.615173403|44|2|1|1|1|1|1|1
3439244|1|1|1|76.730857967|44|1|1|1|1|1|1|1
3439245|1|1|1|155.93626294|44|1|1|1|1|1|1|1
3439246|1|1|1|53.424533293|44|2|1|1|1|1|1|1
3439247|1|1|1|53.424533293|44|1|1|1|1|1|1|1
3439251|1|1|1|53.424533293|44|1|1|9|2|2|2|2
3439252|1|1|1|105.56027495|44|1|1|9|2|2|2|2
3439253|1|1|1|121.05462648|44|1|1|9|2|2|2|2
3439254|1|1|1|135.76033079|44|1|1|9|2|2|2|2
3439255|1|1|1|115.70576801|44|1|1|9|2|2|2|2
3439256|1|1|1|116.40619998|44|1|1|9|2|2|2|2
3439257|1|1|1|156.12565046|44|1|1|9|2|2|2|2
3439258|1|1|1|154.84322686|44|1|1|9|2|2|2|2
3439259|1|1|1|176.30158261|44|1|1|9|2|2|2|2
3439262|1|1|1|170.45257973|44|1|1|9|2|2|2|1
3439263|1|1|1|128.49680986|44|1|1|1|2|2|2|1
3439264|1|1|1|67.008246734|44|1|1|1|2|2|2|1
3439265|1|1|1|130.69539049|44|3|1|9|2|2|2|1
3439266|1|1|1|53.424533293|44|3|1|9|2|2|2|1
3439267|1|1|1|213.69813317|44|1|1|9|2|2|2|1
3439268|1|1|1|59.876820246|44|1|1|9|2|2|2|1
3439269|1|1|1|213.69813317|44|1|1|1|2|2|2|1
3439270|1|1|1|86.812274739|44|1|1|9|2|2|2|1
3439271|1|1|1|103.64798724|44|1|1|9|2|2|2|1
3439272|1|1|1|444.41720176|47|1|1|3|1|1|1|1
3439273|1|1|1|181.30010961|47|1|1|3|1|1|1|1
3439274|1|1|1|315.41763733|47|2|1|3|1|1|1|1
3439275|1|1|1|193.90630137|47|2|1|3|1|1|1|1
3439276|1|1|1|244.93808484|47|2|1|3|1|1|1|1
3439277|1|1|1|328.02812679|47|2|1|3|1|1|1|1
3439278|1|1|1|239.46402153|47|2|1|3|1|1|1|1
3439280|1|1|1|225.03517396|47|1|1|3|1|1|1|1
3439281|1|1|1|352.84532406|47|1|1|3|1|1|1|1
3439282|1|1|1|231.82062369|47|1|1|3|1|1|1|1
3439283|1|1|1|517.07378618|47|1|1|3|1|1|1|1
3439284|1|1|1|231.82062369|47|1|1|3|1|1|1|1
3439285|1|1|1|226.09123742|47|1|1|3|1|1|1|1
3439286|1|1|1|340.74394014|47|2|1|3|1|1|1|1
3439287|1|1|1|167.62312512|47|1|1|3|1|1|1|1
3439288|1|1|1|162.07144626|47|1|1|3|1|1|1|1
3439290|1|1|1|238.4964714|47|1|1|3|1|1|1|1
3439291|1|1|1|416.83568978|47|2|1|3|1|1|1|1
3439293|1|1|1|344.55723308|47|2|1|4|1|1|1|1
3439294|1|1|1|317.62276222|47|2|1|4|1|1|1|1
3439295|1|1|1|279.91371267|47|2|1|4|1|1|1|1
3439296|1|1|1|494.05799455|47|2|1|4|1|1|1|1
3439297|1|1|1|391.50659314|47|2|1|4|1|1|1|1
3439298|1|1|1|158.0196601|47|1|1|4|1|1|1|1
3439299|1|1|1|195.90932241|47|2|1|4|1|1|1|1
3439300|1|1|1|160.28284453|47|2|1|4|1|1|1|1
3439301|1|1|1|232.53405962|47|1|1|4|1|1|1|1
3439302|1|1|1|196.40845207|47|1|1|4|1|1|1|1
3439304|1|1|1|242.1554893|47|2|1|4|1|1|1|1
3439305|1|1|1|279.91371267|47|2|1|4|1|1|1|1
3439306|1|1|1|448.87063648|47|2|1|3|1|1|1|1
3439307|1|1|1|211.51679454|47|2|1|3|1|1|1|1
3439308|1|1|1|250.42129497|47|2|1|3|1|1|1|1
3439309|1|1|1|369.30343396|47|2|1|3|1|1|1|1
3439310|1|1|1|369.30343396|47|2|1|3|1|1|1|1
3439313|1|1|1|369.30343396|47|2|1|3|1|1|1|1
3439316|1|1|1|258.38188861|47|1|1|1|1|1|1|1
3439317|1|1|1|330.30721998|47|2|1|1|1|1|1|1
3439319|1|1|1|355.79813292|47|1|1|1|2|1|1|2
3439320|1|1|1|266.80247324|47|1|1|1|1|1|1|1
3439321|1|1|1|145.86430164|47|1|1|1|2|1|1|1
3439322|1|1|1|218.21437362|47|1|1|1|2|1|1|2
3439323|1|1|1|408.83231103|47|1|1|1|2|1|1|1
3439324|1|1|1|306.95166149|47|1|1|1|2|1|1|1
3439325|1|1|1|432.83954232|47|2|1|3|1|1|1|1
3439328|1|1|1|241.47767729|47|2|1|3|1|1|1|1
3439329|1|1|1|203.96262331|47|1|1|3|1|1|1|1
3439330|1|1|1|469.0854127|47|2|1|3|1|1|1|1
3439331|1|1|1|371.59562248|47|2|1|3|1|1|1|1
3439332|1|1|1|213.95410797|47|2|1|3|1|1|1|1
3439334|1|1|1|213.43578101|47|2|1|3|1|1|1|1
3439335|1|1|1|187.67910468|47|2|1|3|1|1|1|1
3439336|1|1|1|145.86430164|47|1|1|1|1|1|1|2
3439337|1|1|1|351.39954519|47|1|1|1|1|2|1|1
3439338|1|1|1|145.86430164|47|1|1|1|1|1|1|2
3439339|1|1|1|293.19024205|47|2|1|1|1|1|1|2
3439340|1|1|1|314.60018293|47|1|1|1|1|1|1|2
3439341|1|1|1|187.14165874|47|1|1|1|1|1|1|2
3439342|1|1|1|257.2083342|47|1|1|1|1|1|1|2
3439343|1|1|1|316.54580054|47|1|1|1|2|2|1|2
3439344|1|1|1|259.82766749|47|2|1|1|1|2|1|2
3439345|1|1|1|258.38188861|47|2|1|1|1|1|1|2
3439346|1|1|1|223.52814397|47|2|1|1|1|1|1|2
3439347|1|1|1|389.14484758|47|2|1|1|1|2|1|2
3439349|1|1|1|274.31776618|47|2|1|1|1|1|1|1
3439350|1|1|1|371.30245607|47|2|1|1|1|1|1|2
3439351|1|1|1|329.48976557|47|2|1|1|1|2|1|2
3439353|1|1|1|375.1521208|47|2|1|1|1|1|1|1
3439355|1|1|1|316.54580054|47|2|1|1|1|1|1|1
3439356|1|1|1|594.89837479|47|1|1|2|1|1|1|1
3439357|1|1|1|355.04444211|47|1|1|2|1|1|1|1
3439358|1|1|1|1095.8404577|47|1|1|1|1|1|1|1
3439360|1|1|1|591.99390831|47|1|1|1|1|1|1|1
3439361|1|1|1|476.29054586|47|1|1|1|1|1|1|1
3439362|1|1|1|594.89837479|47|1|1|2|1|1|1|1
3439363|1|1|1|588.99825413|47|2|1|2|1|1|1|1
3439364|1|1|1|487.20830115|47|2|1|2|1|1|1|1
3439365|1|1|1|439.21148603|47|2|1|2|1|1|1|1
3439366|1|1|1|691.20932026|47|2|1|1|1|1|1|1
3439367|1|1|1|486.13113477|47|1|1|2|1|1|1|1
3439368|1|1|1|551.08479813|47|2|1|2|1|1|1|1
3439369|1|1|1|542.07860538|47|2|1|1|1|1|1|1
3439371|1|1|1|710.07602255|47|1|1|2|1|1|1|1
3439372|1|1|1|457.34530688|47|1|1|3|1|1|1|1
3439373|1|1|1|371.30245607|47|2|1|3|1|1|1|1
3439374|1|1|1|397.70608479|47|1|1|3|1|1|1|1
3439375|1|1|1|316.54580054|47|1|1|3|1|1|1|1
3439376|1|1|1|145.86430164|47|2|1|3|1|1|1|1
3439377|1|1|1|401.47634806|47|1|1|3|1|1|1|1
3439378|1|1|1|147.95339495|47|1|1|3|1|1|1|1
3439379|1|1|1|206.11730688|47|1|1|3|1|1|1|1
3439380|1|1|1|223.1235666|47|1|1|3|1|1|1|1
3439381|1|1|1|284.64486476|47|2|1|3|1|1|1|1
3439382|1|1|1|428.02058912|47|1|1|3|1|1|1|1
3439384|1|1|1|407.60197959|47|2|1|2|1|1|1|1
3439386|1|1|1|181.30010961|47|1|1|2|1|1|1|1
3439388|1|1|1|348.76435199|47|1|1|2|1|1|1|1
3439389|1|1|1|242.4168304|47|1|1|2|1|1|1|1
3439390|1|1|1|217.59963313|47|2|1|2|1|1|1|1
3439391|1|1|1|421.66052386|47|2|1|2|1|1|1|1
3439392|1|1|1|310.18573528|47|1|1|2|1|1|1|1
3439393|1|1|1|223.52814397|47|2|1|2|1|1|1|1
3439394|1|1|1|346.40228202|47|1|1|3|1|1|1|1
3439396|1|1|1|330.8856737|47|1|1|3|1|1|1|1
3439398|1|1|1|166.70205901|47|2|1|3|1|1|1|1
3439399|1|1|1|207.20012526|47|2|1|3|1|1|1|1
3439400|1|1|1|428.74528091|47|2|1|3|1|1|1|1
3439402|1|1|1|295.29358699|47|2|1|3|1|1|1|1
3439404|1|1|1|276.55460111|47|2|1|3|1|1|1|1
3439405|1|1|1|266.40452145|47|2|1|5|1|1|1|1
3439407|1|1|1|502.28904614|47|1|1|4|1|1|1|1
3439408|1|1|1|224.59790609|47|2|1|4|1|1|1|1
3439410|1|1|1|350.80189885|47|1|1|4|1|1|1|1
3439413|1|1|1|205.4693666|47|2|1|4|1|1|1|1
3439414|1|1|1|245.3106563|47|2|1|4|1|1|1|1
3439415|1|1|1|235.56263643|47|1|1|4|1|1|1|1
3439416|1|1|1|232.99152699|47|1|1|2|1|2|1|2
3439417|1|1|1|335.29221595|47|1|1|2|2|2|1|1
3439418|1|1|1|335.29221595|47|1|1|2|1|2|1|2
3439419|1|1|1|474.81870081|47|1|1|2|1|1|1|1
3439420|1|1|1|583.71727137|47|1|1|2|2|2|1|1
3439421|1|1|1|474.81870081|47|1|1|2|1|2|1|1
3439422|1|1|1|411.47664927|47|1|1|2|1|2|1|2
3439423|1|1|1|577.11938977|47|1|1|2|1|1|1|1
3439424|1|1|1|502.50439882|47|2|1|2|1|1|1|1
3439425|1|1|1|482.13885041|47|2|1|2|1|1|1|1
3439426|1|1|1|321.97023639|47|1|1|2|1|1|1|1
3439427|1|1|1|271.95016441|47|1|1|2|1|1|1|1
3439428|1|1|1|326.12161284|47|1|1|3|1|1|1|1
3439430|1|1|1|258.38188861|47|1|1|3|1|1|1|1
3439431|1|1|1|326.12161284|47|1|1|3|1|1|1|1
3439432|1|1|1|356.41287342|47|1|1|3|1|1|1|1
3439433|1|1|1|214.64682426|47|1|1|3|1|1|1|1
3439434|1|1|1|348.76435199|47|1|1|3|1|1|1|1
3439435|1|1|1|293.19024205|47|1|1|3|1|1|1|1
3439436|1|1|1|403.20339185|47|1|1|3|1|1|1|1
3439437|1|1|1|371.30245607|47|1|1|3|1|1|1|1
3439438|1|1|1|306.95166149|47|1|1|3|1|1|1|1
3439439|1|1|1|316.54580054|47|1|1|3|1|1|1|1
3439440|1|1|1|383.69346803|50|1|1|5|1|1|1|1
3439441|1|1|1|796.69399408|50|1|1|5|1|1|1|1
3439442|1|1|1|537.28224828|50|1|1|5|1|1|1|1
3439443|1|1|1|372.18800211|50|1|1|5|1|1|1|1
3439444|1|1|1|519.55553195|50|1|1|5|1|1|1|1
3439445|1|1|1|383.113469|50|1|1|5|1|1|1|1
3439446|1|1|1|347.14563985|50|1|1|5|1|1|1|1
3439447|1|1|1|591.88321658|50|1|1|5|1|1|1|1
3439450|1|1|1|337.34516709|50|2|1|3|1|1|1|1
3439451|1|1|1|302.79097297|50|2|1|3|1|1|1|1
3439452|1|1|1|239.86697879|50|1|1|3|1|1|1|1
3439453|1|1|1|195.04331944|50|2|1|3|1|1|1|1
3439454|1|1|1|392.39757329|50|2|1|3|1|1|1|1
3439455|1|1|1|370.01734663|50|2|1|3|1|1|1|1
3439456|1|1|1|320.85953299|50|1|1|3|1|1|1|1
3439457|1|1|1|176.16014125|50|2|1|3|1|1|1|1
3439458|1|1|1|212.77429251|50|2|1|3|1|1|1|1
3439459|1|1|1|275.64369107|50|2|1|3|1|1|1|1
3439461|1|1|1|194.0839832|50|1|1|3|1|1|1|1
3439462|1|1|1|477.23294768|50|2|1|3|1|1|1|1
3439463|1|1|1|408.77908359|50|1|1|3|1|1|1|1
3439464|1|1|1|194.0839832|50|1|1|3|1|1|1|1
3439465|1|1|1|205.01657629|50|1|1|3|1|1|1|1
3439466|1|1|1|352.62758966|50|2|1|3|1|1|1|1
3439467|1|1|1|270.1713173|50|1|1|3|1|1|1|1
3439468|1|1|1|524.19124105|50|2|1|3|1|1|1|1
3439469|1|1|1|408.26541738|50|1|1|3|1|1|1|1
3439470|1|1|1|460.135465|50|1|1|3|1|1|1|1
3439471|1|1|1|546.87318367|50|2|1|3|1|1|1|1
3439472|1|1|1|408.26541738|50|1|1|3|1|1|1|1
3439473|1|1|1|506.15371537|50|1|1|3|1|1|1|1
3439474|1|1|1|577.91650191|50|1|1|3|1|1|1|1
3439475|1|1|1|410.7783736|50|1|1|3|1|1|1|1
3439476|1|1|1|274.01563272|50|1|1|3|1|1|1|1
3439477|1|1|1|364.47224112|50|1|1|3|1|1|1|1
3439478|1|1|1|550.61115249|50|1|1|3|1|1|1|1
3439479|1|1|1|426.6424172|50|1|1|3|1|1|1|1
3439480|1|1|1|488.21204632|50|1|1|3|1|1|1|1
3439481|1|1|1|336.63539216|50|1|1|3|1|1|1|1
3439484|1|1|1|524.45081694|50|1|1|1|2|1|1|1
3439485|1|1|1|594.32984536|50|1|1|1|2|1|1|1
3439486|1|1|1|401.54245492|50|1|1|1|2|1|1|1
3439487|1|1|1|508.53695474|50|1|1|1|2|1|1|1
3439488|1|1|1|435.55873124|50|1|1|1|2|1|1|1
3439489|1|1|1|445.94081846|50|1|1|1|2|1|1|1
3439490|1|1|1|272.24749102|50|1|1|1|2|1|1|1
3439491|1|1|1|440.50440209|50|1|1|1|2|1|1|1
3439492|1|1|1|467.9496855|50|1|1|1|2|1|1|1
3439493|1|1|1|487.33534554|50|1|1|1|2|1|1|1
3439494|1|1|1|266.65167278|50|1|1|1|2|1|1|1
3439495|1|1|1|212.77429251|50|1|1|1|2|1|1|1
3439496|1|1|1|433.36159626|50|1|1|1|2|1|1|1
3439497|1|1|1|281.35726914|50|1|1|1|2|1|1|1
3439498|1|1|1|275.64369107|50|1|1|1|2|1|1|1
3439499|1|1|1|320.85953299|50|1|1|1|2|1|1|1
3439500|1|1|1|212.77429251|50|2|1|1|2|1|1|1
3439501|1|1|1|225.31795489|50|2|1|1|2|1|1|1
3439502|1|1|1|482.04455882|50|1|1|1|2|1|1|1
3439504|1|1|1|512.17234375|50|1|1|1|2|1|1|1
3439505|1|1|1|145.5629874|50|1|1|1|2|1|1|1
3439506|1|1|1|216.0141371|50|1|1|1|2|1|1|1
3439507|1|1|1|274.94302884|50|2|1|1|1|1|1|1
3439508|1|1|1|187.56295093|50|1|1|1|2|1|1|1
3439509|1|1|1|358.42924003|50|2|1|1|1|1|1|1
3439510|1|1|1|357.92471076|50|1|1|1|1|1|1|1
3439511|1|1|1|202.68649582|50|1|1|1|1|1|1|1
3439514|1|1|1|457.02151253|50|1|1|2|1|1|1|1
3439515|1|1|1|527.10182357|50|1|1|2|1|1|1|1
3439516|1|1|1|600.88495395|50|1|1|2|1|1|1|1
3439517|1|1|1|312.86035959|50|1|1|2|1|1|1|1
3439518|1|1|1|856.25286705|50|1|1|2|1|1|1|1
3439519|1|1|1|343.95413156|50|1|1|2|1|1|1|1
3439520|1|1|1|275.2502207|50|1|1|2|1|1|1|1
3439521|1|1|1|430.69326729|50|2|1|2|1|1|1|1
3439522|1|1|1|501.34302029|50|2|1|2|1|1|1|1
3439523|1|1|1|535.6554753|50|1|1|2|1|1|1|1
3439526|1|1|1|702.80243143|50|2|1|1|2|1|1|1
3439527|1|1|1|397.31076073|50|2|1|1|2|1|1|1
3439528|1|1|1|384.0706915|50|1|1|1|2|1|1|1
3439529|1|1|1|587.15025044|50|2|1|1|2|1|1|1
3439530|1|1|1|656.94715697|50|1|1|1|2|1|1|1
3439531|1|1|1|540.30570291|50|2|1|1|2|1|1|1
3439532|1|1|1|801.1799386|50|1|1|1|2|1|1|1
3439533|1|1|1|601.14571116|50|2|1|1|2|1|1|1
3439534|1|1|1|656.94715697|50|1|1|1|2|1|1|1
3439539|1|1|1|432.63716684|50|1|1|3|1|1|1|1
3439540|1|1|1|310.09915245|50|1|1|3|1|1|1|1
3439541|1|1|1|324.61868402|50|2|1|3|1|1|1|1
3439542|1|1|1|205.87999046|50|1|1|3|1|1|1|1
3439543|1|1|1|436.53767757|50|1|1|3|1|1|1|1
3439544|1|1|1|174.73222355|50|1|1|3|1|1|1|1
3439546|1|1|1|432.63716684|50|1|1|3|1|1|1|1
3439547|1|1|1|432.63716684|50|1|1|3|1|1|1|1
3439548|1|1|1|432.63716684|50|1|1|3|1|1|1|1
3439549|1|1|1|269.85035114|50|1|1|3|1|1|1|1
3439550|1|1|1|432.63716684|50|1|1|3|1|1|1|1
3439551|1|1|1|198.71436637|50|1|1|3|1|1|1|1
3439552|1|1|1|609.00282133|50|1|1|3|1|1|1|1
3439553|1|1|1|256.87586011|50|2|1|3|1|1|1|1
3439554|1|1|1|578.98260316|50|2|1|3|2|1|1|1
3439555|1|1|1|723.80274309|50|2|1|3|1|1|1|1
3439556|1|1|1|549.98269426|50|2|1|3|2|1|1|1
3439557|1|1|1|398.0614527|50|2|1|3|2|1|1|1
3439558|1|1|1|528.4352254|50|2|1|3|2|1|1|1
3439559|1|1|1|528.4352254|50|2|1|3|1|1|1|1
3439560|1|1|1|256.87586011|50|2|1|3|2|1|1|1
3439561|1|1|1|674.02321083|50|1|1|3|1|1|1|1
3439562|1|1|1|361.54746984|50|1|1|3|1|1|1|1
3439564|1|1|1|266.77312736|50|1|1|3|1|1|1|1
3439566|1|1|1|347.16551211|50|1|1|3|1|1|1|1
3439567|1|1|1|255.7025401|50|1|1|3|1|1|1|1
3439568|1|1|1|274.05973098|50|1|1|3|1|1|1|1
3439569|1|1|1|358.0197675|50|1|1|3|1|1|1|1
3439570|1|1|1|308.75314562|50|1|1|3|1|1|1|1
3439571|1|1|1|201.97671367|50|1|1|3|1|1|1|1
3439572|1|1|1|532.80353146|50|1|1|3|1|1|1|1
3439573|1|1|1|532.80353146|50|1|1|3|1|1|1|1
3439574|1|1|1|335.02664334|50|1|1|3|1|1|1|1
3439575|1|1|1|335.02664334|50|1|1|3|1|1|1|1
3439576|1|1|1|278.76691263|50|1|1|3|1|1|1|1
3439577|1|1|1|324.86948142|50|1|1|3|1|1|1|1
3439578|1|1|1|359.86543083|50|1|1|3|1|1|1|1
3439579|1|1|1|344.76501623|50|1|1|3|1|1|1|1
3439580|1|1|1|236.181837|50|1|1|3|1|1|1|1
3439581|1|1|1|256.45877708|50|1|1|3|1|1|1|1
3439583|1|1|1|723.80274309|50|2|1|1|2|1|1|1
3439584|1|1|1|588.51164292|50|2|1|1|2|1|1|1
3439585|1|1|1|424.34826252|50|2|1|1|2|1|1|1
3439586|1|1|1|516.83192075|50|2|1|1|2|1|1|1
3439587|1|1|1|632.52218828|50|2|1|1|2|1|1|1
3439588|1|1|1|398.0614527|50|2|1|1|2|1|1|1
3439589|1|1|1|330.30026484|50|2|1|1|2|1|1|1
3439590|1|1|1|398.95179846|50|2|1|1|2|1|1|1
3439591|1|1|1|422.47116542|50|2|1|1|2|1|1|1
3439592|1|1|1|306.78089789|50|2|1|1|2|1|1|1
3439594|1|1|1|459.17051873|50|2|1|2|1|1|1|1
3439595|1|1|1|199.79233564|50|2|1|2|1|1|1|1
3439596|1|1|1|420.27322377|50|2|1|2|1|1|1|1
3439597|1|1|1|325.23568697|50|2|1|2|1|1|1|1
3439598|1|1|1|473.66886103|50|2|1|2|1|1|1|1
3439599|1|1|1|473.66886103|50|2|1|2|1|1|1|1
3439600|1|1|1|199.79233564|50|2|1|2|1|1|1|1
3439601|1|1|1|339.31669708|50|1|1|2|1|1|1|1
3439604|1|1|1|309.7411739|52|2|1|3|1|1|1|1
3439605|1|1|1|387.83129246|52|2|1|3|2|1|1|1
3439606|1|1|1|480.42638269|52|2|1|3|2|1|1|1
3439607|1|1|1|238.62570324|52|2|1|3|2|1|1|1
3439608|1|1|1|412.91967025|52|2|1|3|2|1|1|1
3439609|1|1|1|210.39981471|52|2|1|3|2|1|1|1
3439614|1|1|1|176.12156204|52|1|1|1|1|1|1|1
3439615|1|1|1|125.44894113|52|1|1|1|1|1|1|1
3439616|1|1|1|161.75264638|52|2|1|1|1|1|1|1
3439617|1|1|1|157.2493196|52|2|1|2|1|1|1|1
3439618|1|1|1|392.43181168|52|2|1|1|2|1|1|1
3439619|1|1|1|176.59139921|52|2|1|1|1|1|1|1
3439620|1|1|1|312.96218313|52|2|1|1|1|1|1|1
3439621|1|1|1|158.33203321|52|1|1|1|2|1|1|1
3439622|1|1|1|185.06236428|52|2|1|1|1|1|1|1
3439623|1|1|1|392.43181168|52|2|1|2|1|1|1|1
3439624|1|1|1|196.74585238|52|2|1|3|2|1|1|1
3439625|1|1|1|101.3071253|52|1|1|3|2|1|1|1
3439626|1|1|1|311.52117959|52|1|1|3|2|1|1|1
3439627|1|1|1|235.07921406|52|1|1|3|2|1|1|1
3439628|1|1|1|143.33792472|52|1|1|3|2|1|1|1
3439629|1|1|1|416.6027228|52|1|1|3|2|1|1|1
3439630|1|1|1|207.88092038|52|1|1|3|2|1|1|1
3439631|1|1|1|239.99070444|52|1|1|3|2|1|1|1
3439632|1|1|1|196.74585238|52|1|1|2|2|1|1|1
3439634|1|1|1|204.78540975|52|2|1|2|1|1|1|1
3439635|1|1|1|233.9564354|52|2|1|2|1|1|1|1
3439636|1|1|1|287.15472072|52|2|1|2|1|1|1|1
3439637|1|1|1|434.22236712|52|2|1|2|1|1|1|1
3439638|1|1|1|236.44030077|52|2|1|2|1|1|1|1
3439639|1|1|1|438.82339274|52|2|1|2|2|1|1|1
3439640|1|1|1|368.21198077|52|2|1|2|2|1|1|1
3439641|1|1|1|232.19114147|52|2|1|2|2|1|1|1
3439642|1|1|1|204.53631706|52|2|1|2|1|1|1|1
3439643|1|1|1|387.60042357|52|2|1|2|2|1|1|1
3439644|1|1|1|157.91437351|52|2|1|2|2|1|1|1
3439645|1|1|1|377.3587258|52|2|1|2|1|1|1|1
3439646|1|1|1|246.35308467|52|1|1|2|1|1|1|1
3439647|1|1|1|297.86733659|52|2|1|3|2|1|1|1
3439648|1|1|1|432.14258819|52|2|1|3|1|1|1|1
3439649|1|1|1|206.10594094|52|2|1|3|1|1|1|1
3439650|1|1|1|309.19623246|52|2|1|3|2|1|1|1
3439651|1|1|1|206.10594094|52|2|1|3|1|1|1|1
3439652|1|1|1|443.60736025|52|2|1|3|1|1|1|1
3439653|1|1|1|303.41992545|52|2|1|3|2|1|1|1
3439658|1|1|1|211.84377652|52|1|1|1|1|1|1|1
3439659|1|1|1|111.23653448|52|1|1|1|2|1|1|1
3439660|1|1|1|262.1665035|52|1|1|1|2|1|1|1
3439661|1|1|1|126.26154129|52|2|1|1|2|1|1|1
3439662|1|1|1|274.38522005|52|1|1|1|2|1|1|1
3439663|1|1|1|210.92308019|52|1|1|1|2|1|1|1
3439664|1|1|1|228.61801885|52|3|1|1|1|1|1|1
3439665|1|1|1|177.76010042|52|2|1|1|2|1|1|1
3439666|1|1|1|126.26154129|52|2|1|1|2|1|1|1
3439667|1|1|1|209.69914307|52|3|1|1|2|1|1|1
3439668|1|1|1|280.04693252|52|2|1|1|2|1|1|1
3439669|1|1|1|166.98397993|52|2|1|1|2|1|1|1
3439670|1|1|1|237.39329649|52|2|1|1|2|1|1|1
3439671|1|1|1|245.82632849|52|2|1|1|2|1|1|1
3439672|1|1|1|137.2725275|52|2|1|1|2|1|1|1
3439674|1|1|1|220.56073584|52|2|1|1|2|1|1|1
3439675|1|1|1|279.38158859|52|2|1|1|2|1|1|1
3439676|1|1|1|276.11252576|52|2|1|1|2|1|1|1
3439677|1|1|1|309.05246692|52|2|1|1|2|1|1|1
3439678|1|1|1|305.56388797|52|1|1|4|2|1|1|1
3439679|1|1|1|266.08779736|52|1|1|4|2|1|1|1
3439680|1|1|1|308.80164674|52|1|1|4|2|1|1|1
3439681|1|1|1|266.08779736|52|1|1|4|2|1|1|1
3439682|1|1|1|305.56388797|52|1|1|4|2|1|1|1
3439683|1|1|1|283.37188842|52|1|1|4|2|1|1|1
3439684|1|1|1|450.25389021|52|1|1|4|2|1|1|1
3439685|1|1|1|435.82214945|52|1|1|4|2|1|1|1
3439686|1|1|1|226.87065869|52|1|1|4|2|1|1|1
3439689|1|1|1|152.72045007|52|2|1|4|2|1|1|1
3439691|1|1|1|256.86704365|52|1|1|4|1|1|1|1
3439692|1|1|1|152.72045007|52|1|1|4|2|1|1|1
3439693|1|1|1|165.87906789|52|1|1|4|2|1|1|1
3439694|1|1|1|152.72045007|52|2|1|4|2|1|1|1
3439695|1|1|1|246.2040203|52|1|1|3|2|1|1|1
3439696|1|1|1|327.65479991|52|2|1|4|2|1|1|1
3439700|1|1|1|204.87149128|52|2|1|2|1|1|1|1
3439701|1|1|1|177.6536702|52|2|1|2|2|1|1|1
3439702|1|1|1|290.41881091|52|2|1|2|2|1|1|1
3439703|1|1|1|398.17253917|52|2|1|2|1|1|1|1
3439704|1|1|1|348.28092622|52|2|1|2|1|1|1|1
3439705|1|1|1|425.39036025|52|2|1|2|1|1|1|1
3439706|1|1|1|367.47484409|52|2|1|2|1|1|1|1
3439707|1|1|1|177.6536702|52|2|1|2|2|1|1|1
3439710|1|1|1|108.71984178|52|1|1|2|1|1|1|1
3439711|1|1|1|295.30333635|52|1|1|2|1|1|1|1
3439712|1|1|1|133.54586098|52|1|1|2|1|1|1|1
3439713|1|1|1|259.54950701|52|1|1|2|1|1|1|1
3439714|1|1|1|325.69911074|52|1|1|2|1|1|1|1
3439715|1|1|1|318.42973589|52|1|1|2|1|1|1|1
3439716|1|1|1|325.78629796|52|1|1|2|1|1|1|1
3439717|1|1|1|318.42973589|52|1|1|2|2|1|1|1
3439718|1|1|1|164.21149056|52|1|1|2|2|1|1|1
3439721|1|1|1|109.214724|52|1|1|1|1|1|1|1
3439722|1|1|1|208.83376722|52|3|1|2|1|1|1|1
3439723|1|1|1|177.69964|52|3|1|2|2|1|1|1
3439724|1|1|1|196.33238162|52|2|1|2|2|1|1|1
3439725|1|1|1|96.935376893|52|3|1|1|1|1|1|1
3439726|1|1|1|129.53966747|52|3|1|2|2|1|1|1
3439727|1|1|1|182.3498144|52|2|1|1|1|1|1|1
3439728|1|1|1|196.06926217|52|2|1|1|2|1|1|1
3439729|1|1|1|213.15282351|52|1|1|2|2|1|1|1
3439730|1|1|1|163.49503429|52|3|1|1|2|1|1|1
3439732|1|1|1|363.19678261|52|2|1|2|2|1|1|1
3439733|1|1|1|356.62044085|52|2|1|2|1|1|1|1
3439734|1|1|1|263.72714084|52|2|1|2|2|1|1|1
3439735|1|1|1|256.38476021|52|2|1|2|2|1|1|1
3439736|1|1|1|280.57837895|52|2|1|2|2|1|1|1
3439737|1|1|1|204.53631706|52|2|1|2|2|1|1|1
3439738|1|1|1|173.00031769|52|2|1|2|2|1|1|1
3439739|1|1|1|353.93114593|52|2|1|2|1|1|1|1
3439740|1|1|1|148.2543297|52|2|1|2|1|1|1|1
3439741|1|1|1|287.92075958|52|2|1|2|2|1|1|1
3439742|1|1|1|287.92075958|52|2|1|2|2|1|1|1
3439743|1|1|1|238.2055947|52|2|1|2|2|1|1|1
3439746|1|1|1|204.53631706|52|2|1|3|2|1|1|1
3439747|1|1|1|157.91437351|52|2|1|3|2|1|1|1
3439748|1|1|1|287.92075958|52|2|1|3|2|1|1|1
3439750|1|1|1|378.12476467|52|2|1|3|1|1|1|1
3439751|1|1|1|639.83447556|52|2|1|3|1|1|1|1
3439754|1|1|1|115.80387391|52|2|1|1|1|1|1|1
3439755|1|1|1|469.21194874|52|2|1|1|1|1|1|1
3439756|1|1|1|469.21194874|52|2|1|1|1|1|1|1
3439757|1|1|1|244.7695538|52|2|1|1|1|1|1|1
3439758|1|1|1|250.45863089|52|2|1|1|1|1|1|1
3439759|1|1|1|210.58012853|52|2|1|1|1|1|1|1
3439760|1|1|1|180.65892875|52|2|1|1|1|1|1|1
3439761|1|1|1|261.52165662|52|2|1|1|1|1|1|1
3439762|1|1|1|237.12724285|52|2|1|1|1|1|1|1
3439763|1|1|1|115.80387391|52|2|1|1|1|1|1|1
3439764|1|1|1|270.02211923|52|2|1|1|1|1|1|1
3439765|1|1|1|568.01504025|54|1|1|3|1|1|1|1
3439766|1|1|1|244.86082618|54|1|1|3|1|1|1|1
3439767|1|1|1|679.95157983|54|1|1|3|1|1|1|1
3439768|1|1|1|840.27885788|54|1|1|3|2|1|1|1
3439769|1|1|1|546.7572961|54|2|1|3|1|1|1|1
3439770|1|1|1|383.04659357|54|1|1|3|1|1|1|1
3439771|1|1|1|530.81411823|54|1|1|3|1|1|1|1
3439772|1|1|1|244.86082618|54|1|1|3|1|1|1|1
3439773|1|1|1|372.77263215|54|1|1|2|1|1|1|1
3439774|1|1|1|216.19326818|54|2|1|3|1|1|1|1
3439775|1|1|1|305.44370039|54|2|1|2|1|1|1|1
3439776|1|1|1|654.39258643|54|1|1|2|1|1|1|1
3439777|1|1|1|331.59625705|54|1|1|3|1|1|1|1
3439778|1|1|1|354.19946586|54|1|1|2|2|1|1|1
3439779|1|1|1|367.29588904|54|2|1|3|1|1|1|1
3439780|1|1|1|439.32692772|54|2|1|2|2|1|1|1
3439781|1|1|1|255.5110061|54|2|1|2|1|1|1|1
3439785|1|1|1|956.64219242|54|2|1|1|2|1|1|1
3439786|1|1|1|686.72899363|54|1|1|1|1|1|1|1
3439787|1|1|1|377.61214048|54|1|1|1|1|1|1|1
3439788|1|1|1|345.74976884|54|1|1|1|1|1|1|1
3439789|1|1|1|847.73462566|54|1|1|1|1|1|1|1
3439790|1|1|1|288.07156021|54|1|1|1|1|1|1|1
3439791|1|1|1|749.60685899|54|1|1|1|1|1|1|1
3439792|1|1|1|371.65237252|54|1|1|1|2|1|1|1
3439793|1|1|1|722.2345565|54|2|1|1|1|1|1|1
3439794|1|1|1|562.32753017|54|2|1|1|1|1|1|1
3439796|1|1|1|317.854399|54|2|1|2|1|1|1|1
3439797|1|1|1|352.89569267|54|1|1|2|1|1|1|1
3439798|1|1|1|369.78113644|54|1|1|2|1|1|1|1
3439799|1|1|1|841.83758963|54|1|1|2|1|1|1|1
3439800|1|1|1|795.80788823|54|1|1|2|1|1|1|1
3439801|1|1|1|710.14754307|54|1|1|2|1|1|1|1
3439802|1|1|1|524.21638298|54|1|1|2|1|1|1|1
3439803|1|1|1|685.1384323|54|2|1|2|1|1|1|1
3439804|1|1|1|685.05068717|54|1|1|2|1|1|1|1
3439806|1|1|1|1143.4345473|54|1|1|1|1|1|1|1
3439807|1|1|1|360.08945026|54|2|1|1|1|1|1|1
3439808|1|1|1|746.40803904|54|2|1|1|1|1|1|1
3439809|1|1|1|613.10346908|54|1|1|1|1|1|1|1
3439810|1|1|1|360.08945026|54|1|1|1|2|1|1|1
3439811|1|1|1|1284.7109371|54|1|1|1|1|1|1|1
3439812|1|1|1|708.90745063|54|1|1|1|1|1|1|1
3439813|1|1|1|1026.2676138|54|2|1|1|2|1|1|1
3439814|1|1|1|804.0548472|54|1|1|1|1|1|1|1
3439815|1|1|1|557.30577615|54|1|1|1|1|1|1|1
3439816|1|1|1|714.90548856|54|1|1|1|1|1|1|1
3439817|1|1|1|393.57470462|54|1|1|2|1|1|1|1
3439818|1|1|1|304.15225508|54|2|1|2|1|1|1|1
3439819|1|1|1|264.87866584|54|2|1|2|1|1|1|1
3439820|1|1|1|784.00059885|54|1|1|2|1|1|1|1
3439821|1|1|1|655.65894026|54|1|1|2|1|1|1|1
3439822|1|1|1|562.58854117|54|1|1|2|1|1|1|1
3439823|1|1|1|365.46336486|54|2|1|2|2|1|1|1
3439825|1|1|1|408.73564605|54|1|1|2|1|1|1|1
3439826|1|1|1|644.11818809|54|1|1|1|1|1|1|1
3439827|1|1|1|491.15547037|54|1|1|4|1|1|1|1
3439828|1|1|1|560.2871625|54|1|1|4|1|1|1|1
3439829|1|1|1|349.68534669|54|1|1|4|1|1|1|1
3439830|1|1|1|276.06857853|54|1|1|4|1|1|1|1
3439831|1|1|1|452.61091032|54|1|1|4|1|1|1|1
3439832|1|1|1|710.74164593|54|1|1|4|1|1|1|1
3439833|1|1|1|276.06857853|54|1|1|4|1|1|1|1
3439834|1|1|1|726.46312719|54|1|1|4|1|1|1|1
3439835|1|1|1|315.14102312|54|1|1|4|1|1|1|1
3439836|1|1|1|858.74209053|54|1|1|4|1|1|1|1
3439839|1|1|1|908.79123355|54|2|1|1|2|1|1|1
3439840|1|1|1|366.05661029|54|1|1|1|1|1|1|2
3439841|1|1|1|852.41320412|54|2|1|1|1|1|1|1
3439842|1|1|1|908.79123355|54|2|1|1|1|1|1|1
3439843|1|1|1|521.01974356|54|2|1|1|1|1|1|1
3439844|1|1|1|994.75986029|54|2|1|1|1|1|1|1
3439845|1|1|1|942.39166711|54|2|1|1|1|1|1|1
3439846|1|1|1|555.93251903|54|2|1|1|1|1|1|1
3439847|1|1|1|908.79123355|54|1|1|1|2|1|1|1
3439848|1|1|1|421.38066264|54|2|1|1|1|1|1|1
3439849|1|1|1|393.57470462|54|1|1|2|1|1|1|1
3439850|1|1|1|552.8787985|54|1|1|2|1|1|1|1
3439851|1|1|1|436.84698582|54|1|1|2|1|1|1|1
3439852|1|1|1|668.30048817|54|1|1|2|1|1|1|1
3439853|1|1|1|635.06190042|54|1|1|1|1|1|1|1
3439854|1|1|1|240.05963351|54|1|1|1|1|1|1|1
3439855|1|1|1|365.46336486|54|1|1|2|1|1|1|1
3439858|1|1|1|908.79123355|54|2|1|1|2|1|1|1
3439859|1|1|1|858.41124204|54|2|1|1|1|1|1|1
3439860|1|1|1|569.30185199|54|2|1|1|1|1|1|1
3439861|1|1|1|902.79319563|54|2|1|1|1|1|1|1
3439862|1|1|1|1009.2882906|54|1|1|1|1|1|1|1
3439863|1|1|1|1007.1904075|54|2|1|1|2|1|1|1
3439864|1|1|1|553.36398086|54|2|1|1|1|1|1|1
3439865|1|1|1|516.93365882|54|2|1|1|1|1|1|1
3439866|1|1|1|902.79319563|54|1|1|1|1|1|1|1
3439867|1|1|1|902.79319563|54|2|1|1|1|1|1|1
3439869|1|1|1|646.38012448|54|2|1|1|1|1|1|1
3439870|1|1|1|552.81789765|54|2|1|1|2|1|1|1
3439871|1|1|1|600.65178096|54|2|1|1|1|1|1|1
3439872|1|1|1|613.58088493|54|2|1|1|1|1|1|1
3439873|1|1|1|863.16432426|54|2|1|1|1|1|1|1
3439874|1|1|1|557.13961006|54|2|1|1|1|1|1|1
3439881|1|1|1|570.94869358|54|1|1|1|1|1|1|1
3439882|1|1|1|436.84698582|54|1|1|1|1|1|1|1
3439883|1|1|1|701.53132469|54|2|1|1|1|1|1|1
3439884|1|1|1|273.23881825|54|1|1|1|1|1|1|1
3439885|1|1|1|411.62047723|54|2|1|1|2|1|1|1
3439886|1|1|1|701.53132469|54|1|1|1|1|1|1|1
3439887|1|1|1|410.29500945|54|2|1|1|2|1|1|1
3439888|1|1|1|436.84698582|54|1|1|1|1|1|1|1
3439889|1|1|1|605.86082237|54|1|1|1|1|1|1|1
3439890|1|1|1|379.534568|54|1|1|1|1|1|1|1
3439891|1|1|1|941.6690542|54|1|1|1|1|1|1|1
3439892|1|1|1|765.38250221|54|1|1|1|1|1|1|1
3439893|1|1|1|324.08050524|54|1|1|1|1|1|1|1
3439894|1|1|1|646.93193989|54|1|1|1|1|1|1|1
3439895|1|1|1|596.28356584|54|1|1|1|1|1|1|1
3439896|1|1|1|596.28356584|54|1|1|1|1|1|1|1
3439897|1|1|1|401.42447919|54|1|1|1|1|1|1|1
3439898|1|1|1|551.79312217|54|1|1|1|2|1|1|1
3439899|1|1|1|324.08050524|54|1|1|1|1|1|1|1
3439900|1|1|1|767.17188371|54|3|1|1|2|1|1|1
3439901|1|1|1|718.25112835|54|3|1|1|2|1|1|1
3439902|1|1|1|468.91776921|54|3|1|1|2|1|1|1
3439904|1|1|1|2060.7254828|54|1|1|1|2|2|1|2
3439905|1|1|1|1219.3809175|54|1|1|1|2|2|1|2
3439908|1|1|1|1376.2982884|54|1|1|1|2|2|1|2
3439909|1|1|1|1804.4559366|54|1|1|1|2|2|1|2
3439910|1|1|1|2561.7686606|54|1|1|1|2|2|1|2
3439911|1|1|1|1376.2982884|54|1|1|1|2|2|1|2
3439912|1|1|1|1376.2982884|54|1|1|1|2|2|1|2
3439913|1|1|1|1695.4224826|54|1|1|1|2|2|1|2
3439914|1|1|1|1204.1803751|54|1|1|2|1|1|1|1
3439915|1|1|1|813.89416779|54|1|1|1|1|1|1|1
3439916|1|1|1|1011.5895447|54|1|1|2|1|1|1|1
3439917|1|1|1|553.29234749|54|1|1|2|1|1|1|1
3439918|1|1|1|943.57855481|54|1|1|2|1|1|1|1
3439919|1|1|1|1481.4512798|54|1|1|2|1|1|1|1
3439920|1|1|1|721.99349728|54|1|1|2|1|1|1|1
3439921|1|1|1|740.04156641|54|1|1|2|1|1|1|1
3439922|1|1|1|526.41258045|54|1|1|2|1|1|1|1
3439923|1|1|1|1430.5101428|54|2|1|2|2|1|1|1
3439924|1|1|1|1082.284528|54|1|1|2|1|1|1|1
3439925|1|1|1|768.53491544|54|2|1|2|2|1|1|1
3439926|1|1|1|796.96535663|54|1|1|2|1|1|1|1
3439927|1|1|1|301.86519907|63|1|1|1|1|1|1|1
3439928|1|1|1|134.33814575|63|2|1|2|1|1|1|1
3439929|1|1|1|214.7983959|63|2|1|2|1|1|1|1
3439930|1|1|1|185.71605364|63|2|1|1|1|1|1|1
3439931|1|1|1|181.31158183|63|2|1|2|2|1|1|1
3439932|1|1|1|202.01698436|63|1|1|2|1|1|1|1
3439933|1|1|1|226.35451734|63|1|1|2|1|1|1|1
3439934|1|1|1|226.17943137|63|1|1|2|1|1|1|1
3439935|1|1|1|134.33814575|63|2|1|2|1|1|1|1
3439936|1|1|1|272.78285682|63|2|1|2|1|1|1|1
3439937|1|1|1|331.86247372|63|1|1|2|1|1|1|1
3439938|1|1|1|320.07928818|63|1|1|2|1|1|1|1
3439939|1|1|1|315.52306742|63|1|1|2|1|1|1|1
3439940|1|1|1|357.72096855|63|1|1|1|1|1|1|1
3439941|1|1|1|301.02555017|63|1|1|2|1|1|1|1
3439943|1|1|1|420.48234324|63|1|1|1|1|1|1|1
3439946|1|1|1|272.80324264|63|1|1|1|1|1|1|1
3439947|1|1|1|230.88412473|63|1|1|2|1|1|1|1
3439949|1|1|1|398.97900872|63|1|1|2|1|1|1|1
3439950|1|1|1|304.53722909|63|1|1|3|1|1|1|1
3439951|1|1|1|314.39380108|63|2|1|3|1|1|1|1
3439952|1|1|1|372.31527278|63|1|1|2|1|1|1|1
3439953|1|1|1|221.45815944|63|2|1|2|1|1|1|1
3439954|1|1|1|232.83313452|63|1|1|2|1|1|1|1
3439955|1|1|1|256.8987823|63|1|1|3|1|1|1|1
3439956|1|1|1|208.74421422|63|1|1|3|1|1|1|1
3439957|1|1|1|292.21710933|63|2|1|3|1|1|1|1
3439958|1|1|1|333.49179637|63|2|1|2|1|1|1|1
3439959|1|1|1|247.5642529|63|1|1|2|1|1|1|1
3439961|1|1|1|282.93476531|63|1|1|2|1|1|1|1
3439962|1|1|1|221.59335336|63|1|1|1|1|1|1|1
3439963|1|1|1|136.61506348|63|1|1|2|1|1|1|1
3439964|1|1|1|256.17189997|63|1|1|2|1|1|1|1
3439965|1|1|1|277.22824153|63|1|1|2|1|1|1|1
3439967|1|1|1|209.92012493|63|2|1|2|1|1|1|1
3439968|1|1|1|232.13591231|63|1|1|2|1|1|1|1
3439969|1|1|1|248.01430998|63|1|1|2|1|1|1|1
3439970|1|1|1|218.43904667|63|1|1|2|1|1|1|1
3439971|1|1|1|205.89620309|63|1|1|2|2|1|1|1
3439972|1|1|1|276.54582568|63|2|1|1|1|1|1|1
3439973|1|1|1|265.74161679|63|1|1|2|1|1|1|1
3439974|1|1|1|276.54582568|63|1|1|1|1|1|1|1
3439975|1|1|1|205.89620309|63|3|1|1|1|1|1|1
3439976|1|1|1|300.05874043|63|3|1|2|1|1|1|1
3439977|1|1|1|205.89620309|63|3|1|1|1|1|1|1
3439978|1|1|1|375.61712353|63|2|1|1|1|1|1|1
3439979|1|1|1|309.57153638|63|1|1|1|1|1|1|1
3439980|1|1|1|243.92360212|63|1|1|1|1|1|1|1
3439981|1|1|1|205.89620309|63|1|1|1|1|1|1|1
3439982|1|1|1|195.44773905|63|1|1|2|1|1|1|1
3439983|1|1|1|262.70089367|63|1|1|2|1|1|1|1
3439984|1|1|1|224.7861725|63|2|1|2|1|1|1|1
3439985|1|1|1|232.08155469|63|1|1|2|1|1|1|1
3439986|1|1|1|254.40127674|63|1|1|2|1|1|1|1
3439988|1|1|1|176.16174639|63|2|1|2|1|1|1|1
3439989|1|1|1|259.51041419|63|1|1|2|1|1|1|1
3439990|1|1|1|271.54221397|63|2|1|2|1|1|1|1
3439991|1|1|1|231.54538947|63|1|1|2|1|1|1|1
3439992|1|1|1|214.17812273|63|2|1|2|1|1|1|1
3439993|1|1|1|261.29533797|63|2|1|1|1|1|1|1
3439994|1|1|1|264.51273079|63|2|1|1|1|1|1|1
3439995|1|1|1|327.09199249|63|2|1|1|1|1|1|1
3439996|1|1|1|139.34736474|63|2|1|1|1|1|1|1
3439997|1|1|1|316.85451492|63|1|1|1|1|1|1|1
3439998|1|1|1|192.64105903|63|2|1|2|1|1|1|1
3439999|1|1|1|182.40358147|63|2|1|1|1|1|1|1
3440002|1|1|1|208.51757625|63|2|1|1|1|1|1|1
3440003|1|1|1|350.10159663|63|1|1|1|1|1|1|1
3440004|1|1|1|304.91860491|63|1|1|1|1|1|1|1
3440005|1|1|1|204.73502092|63|1|1|1|1|1|1|1
3440006|1|1|1|377.49552364|63|1|1|1|1|1|1|1
3440007|1|1|1|218.45190263|63|2|1|1|1|1|1|1
3440008|1|1|1|229.20113526|63|1|1|1|1|1|1|1
3440009|1|1|1|298.53336379|63|1|1|2|1|1|1|1
3440010|1|1|1|338.45907024|63|1|1|1|1|1|1|1
3440011|1|1|1|244.39695556|63|2|1|1|1|1|1|1
3440012|1|1|1|324.74218853|63|2|1|1|1|1|1|1
3440013|1|1|1|328.00164611|63|1|1|1|1|1|1|1
3440014|1|1|1|193.58537795|63|2|1|3|1|1|1|1
3440015|1|1|1|193.58537795|63|2|1|3|2|1|1|1
3440016|1|1|1|223.90002284|63|2|1|3|1|1|1|1
3440017|1|1|1|253.84430268|63|2|1|3|1|1|1|1
3440018|1|1|1|227.13318719|63|2|1|3|2|1|1|1
3440019|1|1|1|193.58537795|63|2|1|3|2|1|1|1
3440022|1|1|1|188.99427597|63|2|1|3|1|1|1|1
3440023|1|1|1|183.29771667|63|2|1|3|1|1|1|1
3440024|1|1|1|328.41729437|63|2|1|2|1|1|1|1
3440025|1|1|1|371.47946734|63|2|1|1|2|1|1|1
3440026|1|1|1|271.05929007|63|2|1|1|1|1|1|1
3440027|1|1|1|339.74601391|63|2|1|1|1|1|1|1
3440028|1|1|1|415.8423623|63|2|1|1|1|1|1|1
3440029|1|1|1|276.57698923|63|1|1|1|1|1|1|1
3440031|1|1|1|371.47946734|63|2|1|1|1|1|1|1
3440033|1|1|1|283.29567505|63|1|1|1|1|1|1|1
3440034|1|1|1|219.97770928|63|1|1|1|1|1|1|1
3440035|1|1|1|276.57698923|63|2|1|1|1|1|1|1
3440036|1|1|1|302.78561414|63|1|1|5|1|1|1|1
3440037|1|1|1|268.69091144|63|1|1|4|1|1|1|1
3440038|1|1|1|219.0819887|63|1|1|5|1|1|1|1
3440039|1|1|1|287.27745474|63|1|1|4|1|1|1|1
3440040|1|1|1|253.38929414|63|1|1|5|1|1|1|1
3440041|1|1|1|234.383606|63|1|1|4|1|1|1|1
3440042|1|1|1|238.31156121|63|1|1|4|1|1|1|1
3440043|1|1|1|287.27745474|63|1|1|4|1|1|1|1
3440044|1|1|1|297.15940397|63|1|1|5|1|1|1|1
3440045|1|1|1|253.38929414|63|1|1|4|1|1|1|1
3440046|1|1|1|238.31156121|63|1|1|5|1|1|1|1
3440048|1|1|1|256.004176|63|1|1|2|1|1|1|1
3440049|1|1|1|327.65857001|63|1|1|3|2|1|1|2
3440050|1|1|1|384.25784996|63|1|1|2|1|1|1|1
3440051|1|1|1|481.01763602|63|1|1|2|2|1|1|1
3440052|1|1|1|352.52439653|63|1|1|3|1|1|1|1
3440053|1|1|1|416.1094426|63|1|1|3|1|1|1|1
3440054|1|1|1|352.52439653|63|1|1|2|1|1|1|1
3440055|1|1|1|284.12717834|63|1|1|4|2|1|1|1
3440057|1|1|1|364.73326674|63|1|1|2|1|1|1|1
3440058|1|1|1|308.16150157|63|1|1|3|1|1|1|1
3440059|1|1|1|198.95706303|63|2|1|5|1|1|1|1
3440060|1|1|1|222.4106657|63|2|1|5|1|1|1|1
3440061|1|1|1|209.17629197|63|2|1|5|1|1|1|1
3440062|1|1|1|209.17629197|63|2|1|5|1|1|1|1
3440063|1|1|1|252.15575965|63|2|1|5|1|1|1|1
3440064|1|1|1|222.60717863|63|2|1|5|1|1|1|1
3440065|1|1|1|153.87876516|63|2|1|5|1|1|1|1
3440066|1|1|1|242.11782157|63|2|1|5|1|1|1|1
3440067|1|1|1|252.15575965|63|2|1|5|1|1|1|1
3440068|1|1|1|187.73710784|63|2|1|5|1|1|1|1
3440069|1|1|1|187.73710784|63|2|1|5|1|1|1|1
3440070|1|1|1|208.30564342|63|2|1|5|1|1|1|1
3440071|1|1|1|161.74831565|63|2|1|5|1|1|1|1
3440072|1|1|1|273.14666716|63|2|1|5|1|1|1|1
3440073|1|1|1|296.37057329|63|2|1|5|1|1|1|1
3440074|1|1|1|226.58933939|63|2|1|5|1|1|1|1
3440075|1|1|1|215.51940257|63|2|1|5|1|1|1|1
3440077|1|1|1|139.60844202|63|2|1|5|1|1|1|1
3440078|1|1|1|273.14666716|63|2|1|5|1|1|1|1
3440079|1|1|1|255.47437067|63|2|1|5|1|1|1|1
3440081|1|1|1|310.22146895|63|1|1|1|1|1|1|1
3440082|1|1|1|316.13391247|63|1|1|1|1|1|1|1
3440083|1|1|1|338.14690796|63|1|1|1|1|1|1|1
3440084|1|1|1|310.22146895|63|1|1|1|1|1|1|1
3440085|1|1|1|249.30019404|63|1|1|1|1|1|1|1
3440086|1|1|1|310.22146895|63|1|1|1|1|1|1|1
3440087|1|1|1|267.72594645|63|1|1|1|1|1|1|1
3440088|1|1|1|288.33954161|63|1|1|1|1|1|1|1
3440089|1|1|1|305.75172681|63|1|1|1|1|1|1|1
3440090|1|1|1|228.40475457|63|1|1|1|1|1|1|1
3440091|1|1|1|366.67300172|63|1|1|1|1|1|1|1
3440092|1|1|1|694.54812993|66|2|1|4|1|1|1|1
3440093|1|1|1|368.71865854|66|2|1|4|1|1|1|1
3440094|1|1|1|527.42392665|66|2|1|4|1|1|1|1
3440095|1|1|1|383.31075948|66|2|1|4|1|1|1|1
3440096|1|1|1|426.84393939|66|2|1|4|1|1|1|1
3440097|1|1|1|373.41049359|66|2|1|4|1|1|1|1
3440098|1|1|1|403.80397323|66|2|1|4|1|1|1|1
3440099|1|1|1|346.97733469|66|2|1|3|1|1|1|1
3440100|1|1|1|416.9436735|66|2|1|4|1|1|1|1
3440101|1|1|1|483.89074674|66|2|1|4|1|1|1|1
3440102|1|1|1|435.73017092|66|1|1|0|2|1|1|1
3440103|1|1|1|527.42392665|66|1|1|0|2|1|1|1
3440104|1|1|1|574.50823707|66|1|1|0|2|1|1|1
3440105|1|1|1|435.73017092|66|1|1|0|2|1|1|1
3440106|1|1|1|568.345915|66|1|1|0|2|1|1|1
3440108|1|1|1|335.15018366|66|3|1|0|2|1|1|1
3440109|1|1|1|479.19891169|66|3|1|0|2|1|1|1
3440111|1|1|1|329.37987511|66|3|1|0|2|1|1|1
3440112|1|1|1|596.07771621|66|2|1|5|1|1|1|1
3440114|1|1|1|527.42392665|66|2|1|5|1|1|1|1
3440115|1|1|1|527.42392665|66|2|1|5|1|1|1|1
3440116|1|1|1|483.89074674|66|2|1|5|1|1|1|1
3440117|1|1|1|574.50823707|66|2|1|5|1|1|1|1
3440118|1|1|1|532.1157617|66|2|1|5|1|1|1|1
3440119|1|1|1|486.89610538|66|2|1|5|1|1|1|1
3440120|1|1|1|387.50515596|66|2|1|5|1|1|1|1
3440121|1|1|1|654.98917768|66|1|1|0|2|1|1|1
3440122|1|1|1|516.38295623|66|1|1|0|2|1|1|1
3440123|1|1|1|518.24540224|66|1|1|0|2|1|1|1
3440124|1|1|1|451.96454905|66|1|1|0|2|1|1|1
3440125|1|1|1|310.65781683|66|1|1|0|2|2|2|2
3440126|1|1|1|346.97733469|66|1|1|0|2|1|1|1
3440127|1|1|1|368.71865854|66|1|1|0|2|1|1|1
3440128|1|1|1|531.14684735|66|1|1|0|2|1|1|1
3440129|1|1|1|819.92313298|66|1|1|0|2|1|1|1
3440130|1|1|1|520.61833862|66|1|1|0|2|1|1|1
3440131|1|1|1|387.50515596|66|1|1|0|2|1|1|1
3440132|1|1|1|399.17657731|66|1|1|1|1|1|1|1
3440133|1|1|1|431.6665787|66|1|1|1|1|1|1|1
3440134|1|1|1|346.97733469|66|1|1|1|1|1|1|1
3440135|1|1|1|368.71865854|66|1|1|1|1|1|1|1
3440136|1|1|1|416.9436735|66|2|1|1|1|1|1|1
3440137|1|1|1|335.15018366|66|2|1|1|1|1|1|1
3440138|1|1|1|479.7607894|66|1|1|1|1|1|1|1
3440139|1|1|1|452.02898819|66|2|1|1|1|1|1|1
3440140|1|1|1|574.50823707|66|2|1|1|1|1|1|1
3440141|1|1|1|277.02490281|66|2|1|1|1|1|1|1
3440142|1|1|1|547.91714039|66|1|1|1|1|1|1|1
3440143|1|1|1|458.02139155|66|2|1|1|1|1|1|1
3440144|1|1|1|426.90837852|66|1|1|1|1|1|1|1
3440145|1|1|1|277.02490281|66|2|1|5|1|1|1|1
3440146|1|1|1|452.02898819|66|2|1|5|1|1|1|1
3440147|1|1|1|483.89074674|66|2|1|5|1|1|1|1
3440148|1|1|1|377.54045094|66|2|1|5|1|1|1|1
3440149|1|1|1|335.15018366|66|2|1|5|1|1|1|1
3440150|1|1|1|479.19891169|66|2|1|5|1|1|1|1
3440151|1|1|1|483.89074674|66|2|1|5|1|1|1|1
3440152|1|1|1|387.50515596|66|2|1|5|1|1|1|1
3440153|1|1|1|596.07771621|66|2|1|5|1|1|1|1
3440154|1|1|1|451.96454905|66|2|1|5|1|1|1|1
3440156|1|1|1|527.42392665|66|2|1|1|1|1|1|1
3440157|1|1|1|415.63112426|66|2|1|1|1|1|1|1
3440158|1|1|1|479.19891169|66|2|1|1|1|1|1|1
3440159|1|1|1|329.37987511|66|2|1|1|1|1|1|1
3440160|1|1|1|574.50823707|66|2|1|1|1|1|1|1
3440161|1|1|1|218.89962197|66|2|1|1|1|1|1|1
3440162|1|1|1|483.89074674|66|2|1|1|1|1|1|1
3440163|1|1|1|383.31075948|66|2|1|1|1|1|1|1
3440164|1|1|1|403.80397323|66|2|1|1|1|1|1|1
3440165|1|1|1|277.02490281|66|2|1|1|1|1|1|1
3440166|1|1|1|277.02490281|66|2|1|1|1|1|1|1
3440167|1|1|1|527.42392665|66|1|1|2|1|1|1|1
3440168|1|1|1|564.54353205|66|2|1|2|1|1|1|1
3440169|1|1|1|574.50823707|66|2|1|2|1|1|1|1
3440170|1|1|1|437.37244811|66|2|1|2|1|1|1|1
3440171|1|1|1|479.7607894|66|2|1|2|1|1|1|1
3440172|1|1|1|527.42392665|66|2|1|2|1|1|1|1
3440173|1|1|1|527.42392665|66|1|1|2|1|1|1|1
3440174|1|1|1|516.38295623|66|2|1|2|1|1|1|1
3440175|1|1|1|504.38396049|66|2|1|2|1|1|1|1
3440176|1|1|1|479.19891169|66|1|1|2|1|1|1|1
3440177|1|1|1|701.85820113|66|1|1|5|1|1|1|1
3440178|1|1|1|593.35191748|66|1|1|5|1|1|1|1
3440179|1|1|1|377.04395662|66|1|1|5|1|1|1|1
3440180|1|1|1|576.93580392|66|2|1|5|1|1|1|1
3440181|1|1|1|539.09877565|66|2|1|5|1|1|1|1
3440182|1|1|1|431.22460442|66|2|1|5|1|1|1|1
3440183|1|1|1|485.47774625|66|1|1|5|1|1|1|1
3440184|1|1|1|390.34950153|66|2|1|5|1|1|1|1
3440187|1|1|1|272.83050634|66|2|1|1|1|1|1|1
3440189|1|1|1|856.3209969|66|2|1|1|1|1|1|1
3440190|1|1|1|568.73792853|66|2|1|1|1|1|1|1
3440191|1|1|1|383.37519862|66|2|1|1|1|1|1|1
3440192|1|1|1|472.4577628|66|2|1|1|1|1|1|1
3440193|1|1|1|325.18547864|66|2|1|1|1|1|1|1
3440194|1|1|1|393.83926821|66|2|1|1|1|1|1|1
3440195|1|1|1|387.50515596|66|2|1|1|1|1|1|1
3440196|1|1|1|387.50515596|66|2|1|1|1|1|1|1
3440197|1|1|1|374.48896708|66|1|1|1|1|1|1|1
3440198|1|1|1|403.80397323|66|1|1|1|1|1|1|1
3440199|1|1|1|483.89074674|66|1|1|1|1|1|1|1
3440200|1|1|1|277.02490281|66|1|1|1|1|1|1|1
3440201|1|1|1|576.37068309|66|1|1|1|1|1|1|1
3440202|1|1|1|582.20543077|66|1|1|1|1|1|1|1
3440203|1|1|1|393.90370734|66|1|1|1|1|1|1|1
3440204|1|1|1|346.97733469|66|2|1|1|1|1|1|1
3440205|1|1|1|395.20234965|66|2|1|1|1|1|1|1
3440206|1|1|1|570.3138406|66|1|1|1|1|1|1|1
3440207|1|1|1|337.01262967|66|1|1|1|1|1|1|1
3440208|1|1|1|479.19891169|66|1|1|1|1|1|1|1
3440209|1|1|1|736.74106445|66|1|1|3|1|1|1|1
3440210|1|1|1|944.1143195|66|1|1|3|1|1|1|1
3440211|1|1|1|676.98395234|66|1|1|3|1|1|1|1
3440212|1|1|1|1123.1428012|66|1|1|3|1|1|1|1
3440213|1|1|1|850.14870934|66|1|1|3|1|1|1|1
3440214|1|1|1|653.90811812|66|1|1|3|1|1|1|1
3440215|1|1|1|921.80754069|66|1|1|3|1|1|1|1
3440216|1|1|1|532.31682888|66|1|1|3|1|1|1|1
3440217|1|1|1|841.12024417|66|1|1|3|1|1|1|1
3440218|1|1|1|921.80754069|66|1|1|3|1|1|1|1
3440220|1|1|1|573.16428236|66|1|1|3|1|1|1|1
3440221|1|1|1|719.29892993|66|1|1|3|2|1|1|1
3440222|1|1|1|1038.5257515|66|1|1|3|2|1|1|1
3440223|1|1|1|1121.8870001|66|1|1|3|1|1|1|1
3440224|1|1|1|697.91269173|66|1|1|3|1|1|1|1
3440225|1|1|1|822.7994003|66|1|1|3|1|1|1|1
3440226|1|1|1|1028.4561406|66|1|1|3|1|1|1|1
3440227|1|1|1|744.68234757|66|1|1|3|1|1|1|1
3440228|1|1|1|594.55052055|66|1|1|3|1|1|1|1
3440230|1|1|1|944.1143195|66|2|1|3|1|1|1|1
3440231|1|1|1|574.83469782|66|2|1|3|1|1|1|1
3440232|1|1|1|653.90811812|66|2|1|3|1|1|1|1
3440233|1|1|1|747.87372828|66|2|1|3|1|1|1|1
3440235|1|1|1|921.80754069|66|2|1|3|1|1|1|1
3440236|1|1|1|927.97510801|66|2|1|3|1|1|1|1
3440237|1|1|1|756.05737263|66|2|1|3|1|1|1|1
3440238|1|1|1|653.90811812|66|2|1|3|1|1|1|1
3440239|1|1|1|1120.9171842|66|2|1|1|1|1|1|1
3440240|1|1|1|787.8578294|66|2|1|4|1|1|1|1
3440241|1|1|1|653.90811812|66|2|1|4|1|1|1|1
3440242|1|1|1|427.09282834|66|2|1|4|1|1|1|1
3440243|1|1|1|975.91477627|66|2|1|4|1|1|1|1
3440244|1|1|1|653.90811812|66|2|1|4|1|1|1|1
3440245|1|1|1|719.40322839|66|2|1|4|1|1|1|1
3440247|1|1|1|756.05737263|66|2|1|4|1|1|1|1
3440249|1|1|1|653.90811812|66|2|1|4|1|1|1|1
3440250|1|1|1|1035.977269|68|2|1|2|1|1|1|1
3440251|1|1|1|1015.9077633|68|2|1|1|1|1|1|1
3440252|1|1|1|1202.8328811|68|2|1|2|1|1|1|1
3440253|1|1|1|1207.2208243|68|2|1|2|1|1|1|1
3440254|1|1|1|1470.9693688|68|1|1|2|1|1|1|1
3440255|1|1|1|1485.1356432|68|1|1|2|1|1|1|1
3440257|1|1|1|874.74656755|68|2|1|2|1|1|1|1
3440258|1|1|1|1695.0921295|68|1|1|2|1|1|1|1
3440259|1|1|1|721.43686276|68|2|1|2|1|1|1|1
3440260|1|1|1|943.46954772|68|2|1|2|1|1|1|1
3440262|1|1|1|1221.3843666|68|2|1|2|1|1|1|1
3440263|1|1|1|1328.8202778|68|2|1|2|1|1|1|1
3440265|1|1|1|1887.2734983|68|2|1|2|1|1|1|1
3440266|1|1|1|1180.5634281|68|2|1|2|1|1|1|1
3440267|1|1|1|629.96546681|68|3|1|2|1|1|1|1
3440269|1|1|1|833.10431026|68|3|1|2|2|1|1|1
3440270|1|1|1|877.13802996|68|3|1|2|1|1|1|1
3440272|1|1|1|874.10990594|68|3|1|2|2|1|1|1
3440273|1|1|1|877.13802996|68|3|1|2|2|1|1|1
3440274|1|1|1|579.9757811|68|3|1|2|2|1|1|1
3440275|1|1|1|579.9757811|68|3|1|2|1|1|1|1
3440276|1|1|1|877.13802996|68|3|1|2|2|1|1|1
3440277|1|1|1|704.4572623|68|2|1|2|1|1|1|1
3440278|1|1|1|755.26813233|68|1|1|1|1|1|1|1
3440279|1|1|1|579.87173856|68|1|1|2|1|1|1|1
3440280|1|1|1|1104.0509704|68|1|1|1|1|1|1|1
3440281|1|1|1|776.80602507|68|1|1|2|1|1|1|1
3440282|1|1|1|579.87173856|68|1|1|1|1|1|1|1
3440283|1|1|1|412.22453303|68|1|1|2|1|1|1|1
3440284|1|1|1|850.07839028|68|1|1|1|1|1|1|1
3440285|1|1|1|898.1152179|68|1|1|2|1|1|1|1
3440286|1|1|1|1112.1776111|68|1|1|1|1|1|1|1
3440287|1|1|1|810.98903688|68|1|1|2|1|1|1|1
3440288|1|1|1|614.05475037|68|1|1|1|1|1|1|1
3440291|1|1|1|957.58023712|68|2|1|4|1|1|1|1
3440292|1|1|1|917.52049499|68|2|1|3|1|1|1|1
3440293|1|1|1|417.37733969|68|2|1|3|1|1|1|1
3440294|1|1|1|1035.0857919|68|2|1|3|1|1|1|1
3440295|1|1|1|435.9627492|68|2|1|3|1|1|1|1
3440296|1|1|1|828.12010929|68|2|1|3|1|1|1|1
3440298|1|1|1|912.65894317|68|2|1|3|1|1|2|1
3440299|1|1|1|960.89752217|68|2|1|3|1|1|1|1
3440300|1|1|1|1198.2462736|68|1|1|2|1|1|1|1
3440301|1|1|1|1320.8070081|68|2|1|2|1|1|1|1
3440302|1|1|1|1059.8179138|68|1|1|2|1|1|1|1
3440303|1|1|1|682.28305597|68|2|1|2|1|1|1|1
3440304|1|1|1|948.60945314|68|2|1|2|1|1|1|1
3440306|1|1|1|848.16221766|68|1|1|2|1|1|1|1
3440307|1|1|1|835.66700365|68|2|1|2|1|1|1|1
3440308|1|1|1|644.30193173|68|1|1|2|1|1|1|1
3440309|1|1|1|560.27404986|68|1|1|2|1|1|1|1
3440310|1|1|1|1218.3298925|68|2|1|2|1|1|1|1
3440311|1|1|1|1013.7362961|68|1|1|2|1|1|1|1
3440312|1|1|1|673.44361864|68|2|1|2|1|1|1|1
3440313|1|1|1|665.28587197|68|1|1|2|1|1|1|1
3440314|1|1|1|816.43012971|68|2|1|2|1|1|1|1
3440315|1|1|1|1186.2932372|68|2|1|2|1|1|1|1
3440316|1|1|1|1192.2951531|68|2|1|2|1|1|1|1
3440317|1|1|1|1186.2932372|68|2|1|2|1|1|1|1
3440318|1|1|1|954.18249487|68|1|1|2|1|1|1|1
3440319|1|1|1|767.56843797|68|1|1|2|1|1|1|1
3440321|1|1|1|973.47143909|68|2|1|6|1|1|1|1
3440322|1|1|1|801.77325237|68|2|1|6|1|1|1|1
3440323|1|1|1|754.67160958|68|2|1|6|1|1|1|1
3440324|1|1|1|1070.9138246|68|2|1|6|1|1|1|1
3440325|1|1|1|1066.1668548|68|2|1|6|1|1|1|1
3440326|1|1|1|428.81936387|68|2|1|6|1|1|1|1
3440327|1|1|1|801.77325237|68|2|1|6|1|1|1|1
3440329|1|1|1|741.36453528|68|2|1|6|1|1|1|1
3440330|1|1|1|622.21895914|68|2|1|4|1|1|1|1
3440331|1|1|1|615.89413548|68|2|1|4|1|1|1|1
3440332|1|1|1|884.69911272|68|2|1|4|1|1|1|1
3440333|1|1|1|884.69911272|68|2|1|4|1|1|1|1
3440334|1|1|1|738.17251989|68|2|1|4|1|1|1|1
3440338|1|1|1|881.4834546|68|2|1|4|1|1|1|1
3440339|1|1|1|795.97072139|68|2|1|4|1|1|1|1
3440340|1|1|1|959.83024039|68|2|1|4|1|1|1|1
3440341|1|1|1|1001.9542921|68|2|1|4|1|1|1|1
3440342|1|1|1|996.91053654|68|2|1|4|1|1|1|1
3440343|1|1|1|851.90099979|68|2|1|4|1|1|1|1
3440344|1|1|1|820.405365|68|2|1|4|1|1|1|1
3440345|1|1|1|948.46619072|68|2|1|4|1|1|1|1
3440346|1|1|1|715.98675472|68|2|1|4|1|1|1|1
3440347|1|1|1|851.90099979|68|2|1|4|1|1|1|1
3440349|1|1|1|1258.6515155|68|2|1|4|1|1|1|1
3440350|1|1|1|1168.2836337|68|2|1|4|1|1|1|1
3440351|1|1|1|875.44555274|68|2|1|2|1|1|1|1
3440352|1|1|1|1133.5490028|68|1|1|2|1|1|1|1
3440353|1|1|1|1194.7949439|68|2|1|2|1|1|1|1
3440354|1|1|1|896.61287387|68|1|1|2|1|1|1|1
3440355|1|1|1|1250.0188923|68|2|1|2|1|1|1|1
3440356|1|1|1|1222.2780419|68|2|1|2|1|1|1|1
3440357|1|1|1|1105.6094594|68|1|1|2|1|1|1|1
3440358|1|1|1|1050.385511|68|1|1|2|1|1|1|1
3440359|1|1|1|1250.0188923|68|1|1|2|1|1|1|1
3440360|1|1|1|1399.9938724|68|2|1|2|1|1|1|1
3440361|1|1|1|940.03270531|68|2|1|2|1|1|1|1
3440362|1|1|1|1267.3315039|68|2|1|2|1|1|1|1
3440363|1|1|1|1454.5329752|68|2|1|2|1|1|1|1
3440364|1|1|1|1096.1519507|68|2|1|2|1|1|1|1
3440365|1|1|1|921.6524593|68|2|1|2|1|1|1|1
3440366|1|1|1|1096.1519507|68|2|1|2|1|1|1|1
3440367|1|1|1|1339.1838931|68|1|1|2|1|1|1|1
3440368|1|1|1|688.38531485|68|2|1|2|1|1|1|1
3440369|1|1|1|1339.1838931|68|2|1|2|1|1|1|1
3440370|1|1|1|1392.674679|68|2|1|2|1|1|1|1
3440371|1|1|1|880.86365329|68|2|1|2|1|1|1|1
3440372|1|1|1|1729.6888349|68|2|1|4|1|1|1|1
3440373|1|1|1|2089.4849259|68|2|1|4|1|1|1|1
3440374|1|1|1|1331.3310553|68|2|1|4|1|1|1|1
3440375|1|1|1|1288.1375955|68|2|1|4|1|1|1|1
3440376|1|1|1|1703.5108106|68|2|1|4|1|1|1|1
3440377|1|1|1|779.04984723|68|2|1|4|1|1|1|1
3440379|1|1|1|1455.676984|68|2|1|4|1|1|1|1
3440380|1|1|1|1768.1121819|68|2|1|4|1|1|1|1
3440381|1|1|1|1089.6890608|68|2|1|4|1|1|1|1
3440382|1|1|1|1802.6241185|68|2|1|4|1|1|1|1
3440383|1|1|1|777.32896363|68|1|1|1|2|1|1|1
3440385|1|1|1|971.28220901|68|1|1|1|2|1|1|1
3440387|1|1|1|1142.1928562|68|2|1|1|1|1|1|1
3440388|1|1|1|832.87586|68|1|1|1|2|1|1|1
3440389|1|1|1|974.64696094|68|1|1|1|1|1|1|1
3440390|1|1|1|960.82367497|68|1|1|1|2|1|1|1
3440391|1|1|1|497.74781665|68|1|1|1|1|1|1|1
3440392|1|1|1|720.10427353|68|1|1|1|2|1|1|1
3440393|1|1|1|936.17457732|68|1|1|1|1|1|1|1
3440394|1|1|1|717.19776782|68|1|1|3|1|1|1|1
3440397|1|1|1|549.96894683|68|2|1|3|1|1|1|1
3440398|1|1|1|754.25557844|68|1|1|3|1|1|1|1
3440399|1|1|1|730.26705637|68|2|1|3|1|1|1|1
3440400|1|1|1|786.78247671|68|1|1|3|1|1|1|1
3440401|1|1|1|954.64081318|68|1|1|3|1|1|1|1
3440402|1|1|1|615.55530105|68|1|1|3|1|1|1|1
3440403|1|1|1|648.74599025|68|1|1|3|1|1|1|1
3440404|1|1|1|677.64463861|68|1|1|3|1|1|1|1
3440405|1|1|1|451.19190341|68|1|1|3|1|1|1|1
3440406|1|1|1|661.8152788|68|1|1|3|1|1|1|1
3440407|1|1|1|1551.0068476|68|1|1|3|1|1|1|1
3440408|1|1|1|1388.5768476|68|1|1|3|1|1|1|1
3440409|1|1|1|1351.9672145|68|1|1|3|1|1|1|1
3440410|1|1|1|1351.9672145|68|1|1|3|1|1|1|1
3440411|1|1|1|2448.6866457|68|2|1|3|1|1|1|1
3440414|1|1|1|1117.4157084|68|1|1|3|1|1|1|1
3440415|1|1|1|2145.055094|68|2|1|3|1|1|1|1
3440416|1|1|1|1987.9560307|68|2|1|3|1|1|1|1
3440417|1|1|1|1551.0068476|68|2|1|3|1|1|1|1
3440418|1|1|1|251.83797382|70|1|1|1|1|1|1|1
3440419|1|1|1|267.62426645|70|1|1|1|1|1|1|1
3440420|1|1|1|341.51153444|70|1|1|1|1|1|1|1
3440423|1|1|1|302.6930784|70|1|1|1|1|1|1|1
3440425|1|1|1|289.30247966|70|1|1|1|1|1|1|1
3440427|1|1|1|251.43994467|70|1|1|1|1|1|1|1
3440428|1|1|1|241.61802742|70|1|1|2|1|1|1|1
3440429|1|1|1|203.43049206|70|1|1|2|1|1|1|1
3440431|1|1|1|107.66237144|70|1|1|1|1|1|1|1
3440432|1|1|1|128.87935108|70|2|1|2|1|1|1|1
3440433|1|1|1|192.51836936|70|2|1|2|1|1|1|1
3440434|1|1|1|83.785594822|70|2|1|1|1|1|1|1
3440435|1|1|1|170.31154258|70|1|1|2|1|1|1|1
3440436|1|1|1|107.66237144|70|1|1|1|1|1|1|1
3440437|1|1|1|184.73138792|70|2|1|2|1|1|1|1
3440438|1|1|1|177.75986125|70|1|1|1|1|1|1|1
3440439|1|1|1|286.20461142|70|2|1|2|1|1|1|1
3440440|1|1|1|179.67175827|70|2|1|2|1|1|1|1
3440441|1|1|1|209.68028422|70|1|1|2|1|1|1|1
3440443|1|1|1|325.70256373|70|2|1|2|1|1|1|1
3440446|1|1|1|187.26339418|70|1|1|2|1|1|1|1
3440448|1|1|1|223.13108538|70|1|1|2|1|1|1|1
3440451|1|1|1|132.49663439|70|1|1|1|1|1|1|1
3440453|1|1|1|244.88434375|70|2|1|2|1|1|1|1
3440455|1|1|1|220.59790634|70|2|1|1|1|1|1|1
3440457|1|1|1|240.6919996|70|2|1|1|1|1|1|1
3440458|1|1|1|109.22226693|70|1|1|1|1|1|1|1
3440459|1|1|1|265.68871813|70|2|1|1|1|1|1|1
3440460|1|1|1|89.363672947|70|1|1|2|1|1|1|1
3440461|1|1|1|89.363672947|70|2|1|2|1|1|1|1
3440462|1|1|1|200.35991762|70|2|1|2|1|1|1|1
3440463|1|1|1|197.54215853|70|1|1|2|1|1|1|1
3440464|1|1|1|91.333255158|70|1|1|2|1|1|1|1
3440465|1|1|1|89.363672947|70|1|1|2|1|1|1|1
3440466|1|1|1|91.333255158|70|1|1|2|1|1|1|1
3440467|1|1|1|106.41316591|70|1|1|2|1|1|1|1
3440468|1|1|1|126.28388743|70|1|1|2|1|1|1|1
3440469|1|1|1|213.90929928|70|1|1|2|1|1|1|1
3440470|1|1|1|89.363672947|70|1|1|2|1|1|1|1
3440471|1|1|1|201.87831914|70|1|1|2|1|1|1|1
3440472|1|1|1|180.48919609|70|2|1|4|1|1|1|1
3440474|1|1|1|180.48919609|70|1|1|3|2|1|1|1
3440475|1|1|1|89.363672947|70|2|1|3|1|1|1|1
3440476|1|1|1|89.363672947|70|1|1|3|1|1|1|1
3440477|1|1|1|280.58905569|70|2|1|4|1|1|1|1
3440479|1|1|1|108.63765835|70|1|1|4|1|1|1|1
3440480|1|1|1|91.333255158|70|2|1|4|1|1|1|1
3440481|1|1|1|205.25709769|70|2|1|4|1|1|1|1
3440482|1|1|1|97.992285431|70|1|1|4|1|1|1|1
3440484|1|1|1|116.3688817|70|1|1|1|1|1|1|1
3440485|1|1|1|340.15736975|70|1|1|1|1|1|1|1
3440486|1|1|1|330.47469382|70|1|1|1|1|1|1|1
3440487|1|1|1|130.81414463|70|1|1|1|1|1|1|1
3440488|1|1|1|133.30560878|70|1|1|1|1|1|1|1
3440489|1|1|1|114.16656895|70|1|1|1|1|1|1|1
3440490|1|1|1|273.2189478|70|1|1|1|1|1|1|1
3440491|1|1|1|233.20885909|70|1|1|1|1|1|1|1
3440492|1|1|1|231.73297021|70|1|1|1|1|1|1|1
3440493|1|1|1|271.72709808|70|1|1|1|1|1|1|1
3440494|1|1|1|250.38168849|70|1|1|1|1|1|1|1
3440495|1|1|1|263.00252341|70|1|1|1|1|1|1|1
3440496|1|1|1|217.6396185|70|1|1|1|1|1|1|1
3440497|1|1|1|117.07894869|70|1|1|1|1|1|1|1
3440498|1|1|1|223.52812656|70|1|1|1|1|1|1|1
3440499|1|1|1|208.55967319|70|1|1|1|1|1|1|1
3440500|1|1|1|214.7084175|70|1|1|1|2|1|1|1
3440501|1|1|1|192.0461103|70|1|1|1|1|1|1|1
3440502|1|1|1|207.90589171|70|1|1|1|1|1|1|1
3440503|1|1|1|125.20977448|70|1|1|1|1|1|1|1
3440504|1|1|1|252.04579733|70|1|1|1|1|1|1|1
3440505|1|1|1|112.22340259|70|1|1|1|1|1|1|1
3440506|1|1|1|213.07237202|70|1|1|1|1|1|1|1
3440507|1|1|1|203.05034561|70|1|1|1|1|1|1|1
3440508|1|1|1|86.630167486|70|1|1|2|1|1|1|1
3440510|1|1|1|83.157862325|70|2|1|2|1|1|1|1
3440511|1|1|1|167.95522414|70|2|1|2|1|1|1|1
3440512|1|1|1|83.157862325|70|1|1|2|1|1|1|1
3440513|1|1|1|169.59472363|70|2|1|2|1|1|1|1
3440514|1|1|1|181.59406124|70|2|1|2|1|1|1|1
3440515|1|1|1|94.681521747|70|1|1|2|1|1|1|1
3440518|1|1|1|83.157862325|70|1|1|2|1|1|1|1
3440520|1|1|1|340.68272604|70|2|1|1|1|1|1|1
3440521|1|1|1|127.5156022|70|1|1|1|1|1|1|1
3440522|1|1|1|356.08841254|70|2|1|1|1|1|1|1
3440523|1|1|1|185.350829|70|1|1|1|1|1|1|1
3440524|1|1|1|305.39278574|70|1|1|1|1|1|1|1
3440525|1|1|1|341.43895191|70|2|1|1|1|1|1|1
3440526|1|1|1|116.28734364|70|2|1|1|1|1|1|1
3440527|1|1|1|258.43210055|70|2|1|1|1|1|1|1
3440528|1|1|1|365.37149853|70|1|1|1|1|1|1|1
3440529|1|1|1|150.03351147|70|1|1|1|1|1|1|1
3440531|1|1|1|253.57200351|70|1|1|1|1|1|1|1
3440532|1|1|1|121.14298966|70|1|1|1|1|1|1|1
3440533|1|1|1|241.23996386|70|2|1|1|1|1|1|1
3440535|1|1|1|273.34859024|70|1|1|3|1|1|1|1
3440536|1|1|1|94.203380422|70|2|1|3|1|1|1|1
3440537|1|1|1|134.41793588|70|3|1|3|1|1|1|1
3440538|1|1|1|90.427526196|70|1|1|3|1|1|1|1
3440539|1|1|1|187.59335684|70|2|1|3|1|1|1|1
3440540|1|1|1|104.68947684|70|2|1|3|1|1|1|1
3440541|1|1|1|113.44468083|70|2|1|3|1|1|1|1
3440543|1|1|1|120.18298528|70|2|1|3|1|1|1|1
3440544|1|1|1|116.3688817|70|1|1|2|1|1|1|1
3440546|1|1|1|272.08040101|70|1|1|2|1|1|1|1
3440547|1|1|1|348.48115759|70|1|1|2|1|1|1|1
3440548|1|1|1|282.54235008|70|1|1|2|1|1|1|1
3440549|1|1|1|129.32229492|70|1|1|2|1|1|1|1
3440550|1|1|1|265.60562299|70|1|1|2|1|1|1|1
3440552|1|1|1|124.98182094|70|2|1|2|1|1|1|1
3440553|1|1|1|255.84494824|70|2|1|2|1|1|1|1
3440554|1|1|1|132.29003351|70|2|1|2|1|1|1|1
3440555|1|1|1|131.52460767|70|1|1|1|1|1|1|1
3440556|1|1|1|278.2018761|70|2|1|1|1|1|1|1
3440557|1|1|1|231.73297021|70|1|1|1|1|1|1|1
3440558|1|1|1|114.16656895|70|2|1|1|1|1|1|1
3440559|1|1|1|256.97752431|70|1|1|1|1|1|1|1
3440560|1|1|1|278.2018761|70|1|1|1|1|1|1|1
3440561|1|1|1|239.33033418|70|1|1|1|1|1|1|1
3440562|1|1|1|133.01645738|70|1|1|1|1|1|1|1
3440564|1|1|1|176.26747525|70|1|1|1|1|1|1|1
3440565|1|1|1|320.42486767|70|2|1|1|1|1|1|1
3440566|1|1|1|116.3688817|70|2|1|1|1|1|1|1
3440567|1|1|1|288.3823809|70|2|1|1|1|1|1|1
3440568|1|1|1|203.05034561|70|1|1|1|1|1|1|2
3440569|1|1|1|208.55967319|70|2|1|1|1|1|1|1
3440570|1|1|1|190.06402882|70|1|1|1|1|1|1|1
3440571|1|1|1|104.73199353|70|1|1|1|1|1|1|1
3440572|1|1|1|230.9142349|70|2|1|1|1|1|1|1
3440573|1|1|1|317.53946841|70|2|1|1|1|1|1|1
3440574|1|1|1|132.01230028|70|1|1|1|1|1|1|1
3440575|1|1|1|240.64796169|70|1|1|1|1|1|1|1
3440576|1|1|1|122.21736564|70|2|1|1|1|1|1|1
3440577|1|1|1|109.58753963|70|1|1|1|1|1|1|1
3440578|1|1|1|225.40490732|70|1|1|1|1|1|1|1
3440580|1|1|1|156.36284091|70|1|1|1|2|1|2|1
3440582|1|1|1|72.305493666|70|1|1|1|2|1|2|1
3440583|1|1|1|77.577225966|70|1|1|1|2|1|2|1
3440584|1|1|1|87.175852416|70|1|1|1|2|1|2|1
3440585|1|1|1|213.85507354|70|1|1|1|2|1|2|1
3440586|1|1|1|183.75515223|70|1|1|1|2|1|2|1
3440587|1|1|1|215.43300084|70|1|1|1|2|1|2|2
3440588|1|1|1|162.49520234|70|1|1|1|2|1|2|1
3440589|1|1|1|410.20183062|73|2|1|4|1|1|1|1
3440590|1|1|1|221.22908225|73|2|1|4|1|1|1|1
3440591|1|1|1|435.44559758|73|2|1|4|1|1|1|1
3440592|1|1|1|411.88571817|73|2|1|4|1|1|1|1
3440593|1|1|1|459.26214414|73|2|1|4|1|1|1|1
3440594|1|1|1|493.21640024|73|2|1|4|1|1|1|1
3440595|1|1|1|328.19534733|73|2|1|4|1|1|1|1
3440596|1|1|1|304.3990869|73|2|1|4|1|1|1|1
3440597|1|1|1|443.88401373|73|2|1|4|1|1|1|1
3440598|1|1|1|356.56656243|73|2|1|4|1|1|1|1
3440601|1|1|1|283.82516014|73|2|1|2|1|1|1|1
3440602|1|1|1|193.23433436|73|2|1|2|1|1|1|1
3440603|1|1|1|416.08609421|73|2|1|2|1|1|1|1
3440604|1|1|1|324.68589755|73|2|1|2|1|1|1|1
3440605|1|1|1|196.28488074|73|1|1|2|1|1|1|1
3440606|1|1|1|170.96930465|73|1|1|2|1|1|1|1
3440608|1|1|1|278.65617428|73|2|1|2|1|1|1|1
3440609|1|1|1|219.21289645|73|2|1|3|1|1|1|1
3440611|1|1|1|216.23495175|73|2|1|2|1|1|1|1
3440612|1|1|1|480.40253516|73|2|1|2|1|1|1|1
3440613|1|1|1|298.63949634|73|2|1|2|1|1|1|1
3440614|1|1|1|535.18519657|73|2|1|2|1|1|1|1
3440615|1|1|1|575.71175344|73|2|1|2|1|1|1|1
3440616|1|1|1|654.26665338|73|2|1|2|1|1|1|1
3440617|1|1|1|216.23495175|73|2|1|2|1|1|1|1
3440618|1|1|1|334.87961034|73|2|1|2|1|1|1|1
3440619|1|1|1|293.15358327|73|2|1|2|1|1|1|1
3440620|1|1|1|340.05195675|73|2|1|2|1|1|1|1
3440622|1|1|1|378.26239424|73|1|1|3|1|1|1|1
3440624|1|1|1|240.54786799|73|1|1|3|1|1|1|1
3440625|1|1|1|302.73323313|73|1|1|3|1|1|1|1
3440626|1|1|1|398.56967546|73|1|1|3|1|1|1|1
3440627|1|1|1|300.94866822|73|1|1|3|1|1|1|1
3440628|1|1|1|503.94024854|73|2|1|3|1|1|1|1
3440629|1|1|1|398.56967546|73|1|1|3|1|1|1|1
3440630|1|1|1|519.18569723|73|2|1|3|1|1|1|1
3440631|1|1|1|510.9820788|73|2|1|3|1|1|1|1
3440632|1|1|1|387.10318379|73|2|1|3|1|1|1|1
3440633|1|1|1|299.3594786|73|2|1|3|1|1|1|1
3440635|1|1|1|473.4330585|73|2|1|3|1|1|1|1
3440636|1|1|1|473.4330585|73|2|1|2|1|1|1|1
3440637|1|1|1|258.41324912|73|2|1|2|1|1|1|1
3440638|1|1|1|348.4930937|73|2|1|2|1|1|1|1
3440640|1|1|1|418.41994571|73|2|1|3|1|1|1|1
3440642|1|1|1|402.27905419|73|2|1|3|1|1|1|1
3440643|1|1|1|400.63444099|73|2|1|4|1|1|1|1
3440644|1|1|1|320.54064535|73|2|1|4|1|1|1|1
3440645|1|1|1|400.63444099|73|2|1|4|1|1|1|1
3440646|1|1|1|348.25014115|73|2|1|4|1|1|1|1
3440647|1|1|1|217.2056041|73|2|1|4|1|1|1|1
3440648|1|1|1|320.05652017|73|2|1|3|1|1|1|1
3440649|1|1|1|244.91509991|73|2|1|3|1|1|1|1
3440650|1|1|1|400.63444099|73|2|1|4|1|1|1|1
3440651|1|1|1|349.66388659|73|2|1|4|1|1|1|1
3440653|1|1|1|504.55538856|73|2|1|2|1|1|1|1
3440654|1|1|1|504.55538856|73|1|1|2|1|1|1|1
3440655|1|1|1|350.73540643|73|2|1|2|1|1|1|1
3440657|1|1|1|963.2110102|73|1|1|2|1|1|1|1
3440658|1|1|1|454.55620918|73|2|1|2|1|1|1|1
3440660|1|1|1|632.65289495|73|1|1|2|1|1|1|1
3440661|1|1|1|341.95202476|73|1|1|2|1|1|1|1
3440662|1|1|1|617.52138066|73|1|1|2|1|1|1|1
3440663|1|1|1|545.76514658|73|1|1|2|1|1|1|1
3440664|1|1|1|592.95553038|73|2|1|3|1|1|1|1
3440665|1|1|1|500.84742941|73|2|1|3|1|1|1|1
3440666|1|1|1|376.93405008|73|2|1|3|1|1|1|1
3440667|1|1|1|361.93173331|73|2|1|3|1|1|1|1
3440668|1|1|1|592.95553038|73|2|1|3|1|1|1|1
3440669|1|1|1|198.21537244|73|2|1|3|1|1|1|1
3440670|1|1|1|268.72411799|73|2|1|3|1|1|1|1
3440671|1|1|1|407.29449199|73|2|1|3|1|1|1|1
3440672|1|1|1|500.84742941|73|2|1|3|1|1|1|1
3440673|1|1|1|527.73577399|73|2|1|2|1|1|1|1
3440674|1|1|1|601.56548517|73|1|1|1|2|2|1|1
3440675|1|1|1|586.00261518|73|1|1|1|2|1|1|1
3440676|1|1|1|586.00261518|73|2|1|1|2|1|1|1
3440677|1|1|1|232.86840958|73|1|1|1|2|1|1|1
3440678|1|1|1|364.7753133|73|2|1|1|1|1|1|1
3440679|1|1|1|390.25780414|73|1|1|1|2|1|1|1
3440680|1|1|1|364.7753133|73|1|1|1|2|1|2|1
3440681|1|1|1|582.64864861|73|1|1|1|2|1|1|1
3440682|1|1|1|232.86840958|73|1|1|1|2|1|2|1
3440683|1|1|1|315.7038589|73|1|1|1|2|1|1|1
3440684|1|1|1|237.43747367|73|1|1|1|2|2|2|1
3440685|1|1|1|295.59851742|73|1|1|1|2|1|2|1
3440686|1|1|1|576.35328861|73|1|1|1|2|2|2|1
3440687|1|1|1|468.14237279|73|1|1|1|2|1|1|1
3440688|1|1|1|336.03856333|73|1|1|1|1|1|1|1
3440689|1|1|1|514.89395273|73|1|1|1|1|1|1|1
3440690|1|1|1|342.61241347|73|1|1|2|1|1|1|1
3440691|1|1|1|630.43732373|73|2|1|1|1|1|1|1
3440692|1|1|1|721.80524634|73|2|1|1|1|1|1|1
3440694|1|1|1|630.43732373|73|2|1|1|1|1|1|1
3440695|1|1|1|787.23158071|73|2|1|1|1|1|1|1
3440696|1|1|1|672.82826335|73|2|1|1|1|1|1|1
3440697|1|1|1|617.52138066|73|2|1|2|1|1|1|1
3440699|1|1|1|521.46249922|73|2|1|1|1|1|1|1
3440700|1|1|1|287.44622235|73|2|1|1|1|1|1|1
3440701|1|1|1|210.69046581|73|2|1|1|1|1|1|1
3440702|1|1|1|530.1928423|73|1|1|2|1|1|1|1
3440703|1|1|1|285.63682472|73|2|1|1|1|1|1|1
3440704|1|1|1|285.63682472|73|2|1|1|1|1|1|1
3440705|1|1|1|532.3692956|73|2|1|1|1|1|1|1
3440707|1|1|1|632.4508632|73|2|1|1|1|1|1|1
3440708|1|1|1|396.9307152|73|1|1|1|1|1|1|1
3440709|1|1|1|385.71839233|73|1|1|1|1|1|1|1
3440710|1|1|1|473.71549628|73|2|1|4|1|1|1|1
3440711|1|1|1|592.97883679|73|2|1|4|1|1|1|1
3440712|1|1|1|583.21463729|73|2|1|4|1|1|1|1
3440713|1|1|1|362.49871752|73|2|1|4|1|1|1|1
3440714|1|1|1|627.37819285|73|2|1|4|1|1|1|1
3440715|1|1|1|362.49871752|73|2|1|4|1|1|1|1
3440716|1|1|1|595.41302797|73|2|1|4|1|1|1|1
3440717|1|1|1|235.64065255|73|2|1|4|1|1|1|1
3440718|1|1|1|635.44891538|73|2|1|4|1|1|1|1
3440719|1|1|1|627.37819285|73|2|1|4|1|1|1|1
3440720|1|1|1|504.34985899|73|1|1|1|1|1|1|1
3440721|1|1|1|468.79183848|73|2|1|1|1|1|1|1
3440722|1|1|1|274.08993077|73|1|1|1|1|1|1|1
3440723|1|1|1|504.34985899|73|2|1|1|1|1|1|1
3440725|1|1|1|504.06041284|73|1|1|1|1|1|1|1
3440727|1|1|1|494.01710452|73|2|1|2|1|1|1|1
3440728|1|1|1|272.3174738|73|1|1|2|1|1|1|1
3440729|1|1|1|366.23518142|73|2|1|2|1|1|1|1
3440730|1|1|1|436.61211727|73|1|1|2|1|1|1|1
3440731|1|1|1|436.61211727|73|1|1|2|1|1|1|1
3440732|1|1|1|506.82316756|73|2|1|3|1|1|1|1
3440733|1|1|1|515.03344414|73|2|1|3|1|1|1|1
3440734|1|1|1|418.36503796|73|2|1|3|1|1|1|1
3440735|1|1|1|383.26667545|73|2|1|3|1|1|1|1
3440736|1|1|1|577.34639963|73|2|1|3|1|1|1|1
3440737|1|1|1|513.34304537|73|2|1|3|1|2|1|1
3440738|1|1|1|418.0889921|73|2|1|3|1|1|1|1
3440740|1|1|1|418.0889921|73|2|1|3|1|1|1|1
3440741|1|1|1|261.40058213|73|2|1|3|1|1|1|1
3440742|1|1|1|602.53050981|73|2|1|3|1|1|1|1
3440743|1|1|1|336.31512206|73|2|1|3|1|1|1|1
3440744|1|1|1|289.93211532|73|2|1|3|1|1|1|1
3440745|1|1|1|217.17865443|73|2|1|3|1|1|1|1
3440746|1|1|1|540.37484891|73|2|1|3|1|1|1|1
3440747|1|1|1|396.94429722|73|2|1|3|1|1|1|1
3440748|1|1|1|289.93211532|73|2|1|3|1|1|1|1
3440751|1|1|1|529.30404056|73|2|1|3|1|1|1|1
3440752|1|1|1|929.95092385|76|1|1|1|1|1|1|1
3440753|1|1|1|1233.3513375|76|1|1|1|1|1|1|1
3440754|1|1|1|1574.3072867|76|1|1|1|2|1|1|1
3440755|1|1|1|1388.555307|76|2|1|1|2|1|1|1
3440756|1|1|1|1669.106739|76|2|1|1|2|1|1|1
3440757|1|1|1|3026.964771|76|2|1|1|2|1|1|1
3440758|1|1|1|1259.0452391|76|2|1|1|1|1|1|1
3440761|1|1|1|2309.1731839|76|2|1|1|1|1|1|1
3440762|1|1|1|1388.555307|76|1|1|1|1|1|1|1
3440763|1|1|1|2597.6742509|76|1|1|4|1|1|1|1
3440764|1|1|1|781.63978513|76|1|1|4|1|1|1|1
3440765|1|1|1|1799.0878859|76|1|1|4|1|1|1|1
3440766|1|1|1|2275.67057|76|2|1|4|1|1|1|1
3440767|1|1|1|1681.1837281|76|2|1|4|1|1|1|1
3440768|1|1|1|1540.8875237|76|2|1|4|1|1|1|1
3440769|1|1|1|1637.1955142|76|3|1|4|2|1|1|1
3440770|1|1|1|1789.2305299|76|2|1|4|1|1|1|1
3440771|1|1|1|1283.0459514|76|1|1|4|1|1|1|1
3440772|1|1|1|1167.1046761|76|3|1|4|2|1|1|1
3440773|1|1|1|1681.1837281|76|2|1|4|1|1|1|1
3440774|1|1|1|1110.5690078|76|1|1|4|1|1|1|1
3440775|1|1|1|1036.6530638|76|3|1|4|2|1|1|1
3440776|1|1|1|1454.4241253|76|1|1|4|2|2|2|2
3440777|1|1|1|1074.3894519|76|2|1|3|1|1|1|1
3440778|1|1|1|1161.2277636|76|2|1|3|1|1|1|1
3440779|1|1|1|1074.3894519|76|2|1|3|1|1|1|1
3440780|1|1|1|3673.1603889|76|2|1|3|1|1|1|1
3440781|1|1|1|1217.8861169|76|2|1|3|1|1|1|1
3440782|1|1|1|918.29009721|76|2|1|3|1|1|1|1
3440783|1|1|1|1217.8861169|76|2|1|3|1|1|1|1
3440784|1|1|1|918.29009721|76|2|1|3|1|1|1|1
3440785|1|1|1|1530.0795133|76|2|1|3|1|1|1|1
3440786|1|1|1|935.872679|76|2|1|3|1|1|1|1
3440787|1|1|1|3802.262398|76|1|1|2|1|1|1|1
3440789|1|1|1|2275.5827961|76|1|1|2|1|1|1|1
3440790|1|1|1|3802.262398|76|2|1|2|1|1|1|1
3440791|1|1|1|2175.9140511|76|1|1|2|1|1|1|1
3440792|1|1|1|1386.9342915|76|2|1|2|1|1|1|1
3440793|1|1|1|1883.9885762|76|2|1|2|1|1|1|1
3440794|1|1|1|2175.9140511|76|2|1|2|1|1|1|1
3440795|1|1|1|1404.0769143|76|1|1|2|1|1|1|1
3440796|1|1|1|1260.6916381|76|1|1|2|1|1|1|1
3440797|1|1|1|5247.3719841|76|2|1|3|2|1|1|1
3440798|1|1|1|1534.8420741|76|2|1|3|2|1|1|1
3440799|1|1|1|2220.8096521|76|2|1|3|1|1|1|1
3440801|1|1|1|2380.6598531|76|1|1|3|1|1|1|1
3440802|1|1|1|2821.5670961|76|1|1|3|1|1|1|1
3440803|1|1|1|2535.8765768|76|2|1|3|2|1|1|1
3440804|1|1|1|1863.892041|76|2|1|3|1|1|1|1
3440805|1|1|1|3083.1712454|76|1|1|3|1|1|1|1
3440807|1|1|1|1311.842996|76|1|1|3|1|1|1|1
3440809|1|1|1|1958.7770788|76|1|1|3|1|1|1|1
3440810|1|1|1|1311.842996|76|1|1|3|1|1|1|1
3440811|1|1|1|2551.9506847|76|2|1|4|1|1|1|1
3440812|1|1|1|4745.9564389|76|2|1|4|1|1|1|1
3440813|1|1|1|1685.7868015|76|2|1|4|1|1|1|1
3440814|1|1|1|2894.9326543|76|1|1|4|1|1|1|1
3440815|1|1|1|2114.5870164|76|1|1|3|1|1|1|1
3440817|1|1|1|1752.5586544|76|2|1|4|1|1|1|1
3440818|1|1|1|1321.4075341|76|2|1|4|1|1|1|1
3440819|1|1|1|1552.1888913|76|1|1|4|1|1|1|1
3440820|1|1|1|1186.4891097|76|1|1|4|1|1|1|1
3440821|1|1|1|1573.5861892|76|2|1|4|1|1|1|1
3440822|1|1|1|2586.4365048|76|2|1|3|1|1|1|1
3440823|1|1|1|2383.3590422|76|1|1|2|1|1|1|1
3440825|1|1|1|1889.9587163|76|2|1|2|1|1|1|1
3440826|1|1|1|4810.0909854|76|1|1|2|1|1|1|1
3440827|1|1|1|2397.3350759|76|2|1|2|1|1|1|1
3440828|1|1|1|4810.0909854|76|2|1|2|1|1|1|1
3440829|1|1|1|1332.9678913|76|2|1|2|1|1|1|1
3440830|1|1|1|1776.2418795|76|1|1|3|1|1|1|1
3440831|1|1|1|2161.8291478|76|1|1|2|1|1|1|1
3440832|1|1|1|1889.9587163|76|2|1|3|1|1|1|1
3440833|1|1|1|4338.3735814|76|2|1|2|1|1|1|1
3440834|1|1|1|1795.5456556|76|2|1|3|1|1|1|1
3440835|1|1|1|2270.3164875|76|2|1|2|1|1|1|1
3440836|1|1|1|1881.2204313|76|1|1|2|1|1|1|1
3440838|1|1|1|1055.547744|76|2|1|2|1|1|1|1
3440839|1|1|1|1705.0550061|76|2|1|2|1|1|1|1
3440840|1|1|1|1651.3453745|76|1|1|2|1|1|1|1
3440841|1|1|1|2186.3507871|76|2|1|2|1|1|1|1
3440842|1|1|1|2516.0439562|76|2|1|2|1|1|1|1
3440843|1|1|1|1576.0900755|76|2|1|2|1|1|1|1
3440844|1|1|1|1175.5765225|76|2|1|2|1|1|1|1
3440845|1|1|1|2592.147208|76|1|1|2|1|1|1|1
3440846|1|1|1|1154.4218365|76|1|1|2|1|1|1|1
3440847|1|1|1|1723.7238294|76|1|1|1|1|1|1|1
3440848|1|1|1|1176.5256536|76|2|1|1|1|1|1|1
3440849|1|1|1|2057.436016|76|1|1|1|1|1|1|1
3440850|1|1|1|2429.887161|76|2|1|1|1|1|1|1
3440852|1|1|1|2128.4478655|76|1|1|1|1|1|1|1
3440853|1|1|1|1599.7813148|76|1|1|1|1|1|1|1
3440854|1|1|1|2464.6048273|76|2|1|2|1|1|1|1
3440855|1|1|1|1010.1191069|76|2|1|2|1|1|1|1
3440857|1|1|1|1339.6747286|76|1|1|2|1|1|1|1
3440858|1|1|1|2172.606664|76|1|1|2|1|1|1|1
3440859|1|1|1|1710.0234321|76|1|1|2|1|1|1|1
3440860|1|1|1|2115.7603568|76|1|1|2|1|1|1|1
3440862|1|1|1|4040.4764277|76|2|1|2|1|1|1|1
3440863|1|1|1|2172.606664|76|1|1|2|1|1|1|1
3440864|1|1|1|2914.7098948|76|2|1|6|1|1|1|1
3440865|1|1|1|1501.3410326|76|2|1|6|1|1|1|1
3440866|1|1|1|1020.3107232|76|2|1|6|1|1|1|1
3440867|1|1|1|1437.9929144|76|2|1|6|1|1|1|1
3440868|1|1|1|2326.5229764|76|2|1|6|1|1|1|1
3440869|1|1|1|806.85397175|76|2|1|6|1|1|1|1
3440870|1|1|1|3227.415887|76|2|1|6|1|1|1|1
3440872|1|1|1|1344.4016615|76|2|1|6|1|1|1|1
3440873|1|1|1|1820.0157486|76|2|1|6|1|1|1|1
3440874|1|1|1|1671.2326147|76|2|1|6|1|1|1|1
3440875|1|1|1|796.67131946|76|2|1|5|1|1|1|1
3440877|1|1|1|1056.5886997|76|2|1|5|1|1|1|1
3440878|1|1|1|1007.4342057|76|2|1|5|1|1|1|1
3440879|1|1|1|1176.7602452|76|2|1|5|1|1|1|1
3440880|1|1|1|1823.6388094|76|2|1|5|1|1|1|1
3440881|1|1|1|1419.8451673|76|2|1|5|1|1|1|1
3440882|1|1|1|1823.6388094|76|2|1|5|1|1|1|1
3440885|1|1|1|1176.7602452|76|2|1|5|1|1|1|1
3440886|1|1|1|1419.8451673|76|2|1|6|1|1|1|1
3440887|1|1|1|1620.092005|76|1|1|3|1|1|1|1
3440888|1|1|1|1077.3273934|76|1|1|3|1|1|1|1
3440889|1|1|1|1008.3508514|76|1|1|3|1|1|1|1
3440890|1|1|1|908.61534205|76|1|1|3|1|1|1|1
3440891|1|1|1|1077.3273934|76|1|1|3|1|1|1|1
3440892|1|1|1|1029.032215|76|1|1|3|1|1|1|1
3440893|1|1|1|721.51364781|76|1|1|3|1|1|1|1
3440894|1|1|1|1760.4320195|76|2|1|3|1|1|1|1
3440896|1|1|1|3042.7092959|76|1|1|4|1|1|1|1
3440898|1|1|1|3670.2164717|76|2|1|4|2|1|1|1
3440899|1|1|1|3616.6979619|76|2|1|4|2|1|1|1
3440900|1|1|1|1603.3636618|76|2|1|5|1|1|1|1
3440902|1|1|1|3670.2164717|76|2|1|3|1|1|1|1
3440903|1|1|1|3341.2593877|76|2|1|4|1|1|1|1
3440906|1|1|1|1650.2351378|76|2|1|1|1|1|1|1
3440907|1|1|1|1835.1864625|76|1|1|1|1|1|1|1
3440908|1|1|1|925.94251469|76|1|1|1|1|1|1|1
3440909|1|1|1|2428.1293846|76|1|1|1|1|1|1|1
3440911|1|1|1|1939.4469938|76|1|1|1|1|1|1|1
3440912|1|1|1|1367.7062472|76|2|1|1|1|1|1|1
3440913|1|1|1|3703.7700588|76|2|1|1|1|1|1|1
3440914|1|1|1|1170.9046617|76|2|1|1|1|1|1|1
3440915|1|1|1|1083.3426973|76|2|1|1|1|1|1|1
3440917|1|1|1|49.448330634|88|2|1|5|2|1|1|1
3440918|1|1|1|42.068067333|88|2|1|5|2|1|1|1
3440920|1|1|1|44.403402399|88|2|1|5|2|1|1|1
3440921|1|1|1|25.263358684|88|2|1|5|2|1|1|1
3440922|1|1|1|30.108229233|88|2|1|5|2|1|1|1
3440923|1|1|1|16.856262105|88|2|1|5|2|1|1|1
3440924|1|1|1|30.108229233|88|2|1|5|2|1|1|1
3440925|1|1|1|18.271214997|88|2|1|5|2|1|1|1
3440926|1|1|1|45.127870407|88|2|1|5|2|1|1|1
3440927|1|1|1|31.641105351|88|2|1|3|2|2|1|1
3440928|1|1|1|50.595019148|88|1|1|3|2|2|1|1
3440929|1|1|1|47.485296473|88|1|1|3|2|2|1|1
3440930|1|1|1|47.234846187|88|1|1|3|2|2|1|1
3440931|1|1|1|31.681047178|88|1|1|3|2|2|1|1
3440932|1|1|1|47.485296473|88|2|1|3|2|2|1|1
3440933|1|1|1|24.663442511|88|1|1|2|2|2|1|2
3440934|1|1|1|33.519422619|88|1|1|2|2|2|1|2
3440935|1|1|1|36.739066153|88|1|1|2|2|2|1|2
3440936|1|1|1|40.099239114|88|1|1|2|2|2|1|2
3440937|1|1|1|17.73681311|88|2|1|2|2|2|1|2
3440938|1|1|1|55.354564462|88|1|1|2|2|2|1|2
3440939|1|1|1|21.801215906|88|1|1|2|2|1|1|1
3440940|1|1|1|25.94937847|88|2|1|2|2|1|1|1
3440941|1|1|1|39.075267461|88|1|1|2|2|1|1|1
3440942|1|1|1|14.546245181|88|2|1|2|2|1|1|1
3440943|1|1|1|21.176030488|88|2|1|2|2|1|1|1
3440944|1|1|1|18.256873491|88|2|1|2|2|1|1|1
3440945|1|1|1|26.26081105|88|1|1|2|2|1|1|1
3440946|1|1|1|37.100841859|88|2|1|2|2|1|1|1
3440947|1|1|1|34.58989311|88|1|1|2|2|1|1|1
3440948|1|1|1|14.546245181|88|2|1|2|2|1|1|1
3440949|1|1|1|33.240652926|88|2|1|2|2|1|1|1
3440950|1|1|1|32.239062201|88|1|1|2|2|2|1|1
3440951|1|1|1|21.510603134|88|1|1|2|2|2|1|1
3440953|1|1|1|49.155399492|88|2|1|2|2|2|1|1
3440954|1|1|1|49.155399492|88|2|1|2|2|2|1|1
3440955|1|1|1|44.555888738|88|2|1|2|2|2|1|1
3440957|1|1|1|30.902456335|88|2|1|2|2|2|1|1
3440958|1|1|1|21.510603134|88|2|1|2|2|2|1|1
3440959|1|1|1|26.530716774|88|2|1|2|2|2|1|1
3440960|1|1|1|43.65933214|88|2|1|1|2|2|1|1
3440961|1|1|1|46.201048353|88|1|1|1|2|2|1|1
3440962|1|1|1|39.869057466|88|2|1|1|2|2|1|1
3440963|1|1|1|39.786059927|88|1|1|1|2|2|1|1
3440964|1|1|1|41.394020625|88|3|1|1|2|2|1|1
3440965|1|1|1|27.148683959|88|1|1|1|2|2|1|1
3440966|1|1|1|50.01450307|88|1|1|1|2|2|1|1
3440967|1|1|1|46.201048353|88|1|1|1|2|2|1|1
3440968|1|1|1|19.20323577|88|1|1|1|2|2|1|1
3440969|1|1|1|54.959655505|88|1|1|1|2|2|1|1
3440970|1|1|1|37.038350547|88|1|1|1|2|2|1|1
3440971|1|1|1|43.852739299|88|1|1|1|2|2|1|1
3440972|1|1|1|60.619527413|88|2|1|1|2|2|1|1
3440973|1|1|1|31.485245759|88|2|1|1|2|2|1|1
3440974|1|1|1|46.247493303|88|2|1|1|2|2|1|1
3440975|1|1|1|57.751310442|88|2|1|1|2|2|1|1
3440976|1|1|1|47.385712643|88|2|1|1|2|2|1|1
3440977|1|1|1|56.509344178|88|2|1|1|2|2|1|1
3440978|1|1|1|34.558644101|88|1|1|1|2|2|1|1
3440979|1|1|1|38.012780924|88|1|1|1|2|2|1|1
3440980|1|1|1|24.54342313|88|1|1|1|2|2|1|1
3440981|1|1|1|46.247493303|88|1|1|1|2|2|1|1
3440982|1|1|1|36.33370678|88|1|1|1|2|2|1|1
3440983|1|1|1|42.81285658|88|1|1|1|2|2|1|1
3440984|1|1|1|60.518852417|88|2|1|3|2|1|1|1
3440985|1|1|1|30.919334509|88|2|1|3|2|1|1|1
3440986|1|1|1|30.919334509|88|2|1|3|2|1|1|1
3440987|1|1|1|42.453730307|88|2|1|3|2|1|1|1
3440988|1|1|1|51.486291362|88|2|1|3|2|1|1|1
3440989|1|1|1|52.617860625|88|2|1|3|2|1|1|1
3440990|1|1|1|30.919334509|88|2|1|3|2|1|1|1
3440991|1|1|1|40.315478021|88|2|1|3|2|1|1|1
3440992|1|1|1|56.268169263|88|2|1|3|2|1|1|1
3440993|1|1|1|43.127192137|88|1|1|3|2|1|1|1
3440995|1|1|1|29.621460329|88|2|1|3|2|2|1|1
3440996|1|1|1|43.74066505|88|2|1|3|2|2|1|1
3440997|1|1|1|24.886293629|88|2|1|3|2|2|1|1
3440998|1|1|1|51.492569774|88|1|1|3|2|2|1|1
3440999|1|1|1|34.356627029|88|1|1|3|2|2|1|1
3441000|1|1|1|27.468843695|88|1|1|3|2|2|1|1
3441001|1|1|1|44.898508664|88|1|1|3|2|2|1|1
3441002|1|1|1|19.081968649|88|1|1|3|2|2|1|1
3441005|1|1|1|46.201048353|88|1|1|3|2|1|1|1
3441006|1|1|1|27.148683959|88|1|1|3|2|1|1|1
3441007|1|1|1|54.959655505|88|1|1|3|2|1|1|1
3441008|1|1|1|18.114192113|88|1|1|3|2|1|1|1
3441009|1|1|1|41.394020625|88|1|1|3|2|1|1|1
3441010|1|1|1|22.341656231|88|1|1|3|2|1|1|1
3441011|1|1|1|18.114192113|88|1|1|3|2|1|1|1
3441012|1|1|1|32.702142062|88|1|1|3|2|1|1|1
3441013|1|1|1|19.634738504|88|1|1|3|2|1|1|1
3441014|1|1|1|41.394020625|88|2|1|3|2|1|1|1
3441015|1|1|1|31.188757524|88|2|1|3|2|1|1|1
3441016|1|1|1|41.394020625|88|1|1|3|2|1|1|1
3441017|1|1|1|37.573778662|88|1|1|3|2|1|1|1
3441018|1|1|1|14.36244761|88|2|1|3|2|1|1|1
3441019|1|1|1|23.03061577|88|2|1|3|2|1|1|1
3441020|1|1|1|13.250196082|88|2|1|3|2|1|1|1
3441021|1|1|1|25.040514297|88|2|1|3|2|1|1|1
3441022|1|1|1|29.672248372|88|2|1|3|2|1|1|1
3441023|1|1|1|29.244239812|88|2|1|3|2|1|1|1
3441024|1|1|1|25.893681005|88|2|1|3|2|1|1|1
3441025|1|1|1|32.077466709|88|2|1|3|2|1|1|1
3441026|1|1|1|27.063347933|88|2|1|3|2|1|1|1
3441027|1|1|1|35.593718473|88|1|1|3|2|1|1|1
3441028|1|1|1|26.020866339|88|2|1|1|2|1|1|1
3441029|1|1|1|51.742525781|88|1|1|1|2|1|1|1
3441030|1|1|1|51.742525781|88|2|1|1|2|1|1|1
3441031|1|1|1|22.642740141|88|1|1|1|2|1|1|1
3441032|1|1|1|50.705740889|88|1|1|1|2|1|1|1
3441033|1|1|1|48.358878624|88|2|1|1|2|1|1|1
3441034|1|1|1|54.815924123|88|2|1|1|2|1|1|1
3441035|1|1|1|40.443890014|88|2|1|1|2|1|1|1
3441036|1|1|1|33.935854948|88|2|1|1|2|1|1|1
3441037|1|1|1|68.699569381|88|2|1|1|2|1|1|1
3441038|1|1|1|56.509344178|88|2|1|1|2|1|1|1
3441040|1|1|1|21.737030535|88|2|1|1|2|2|1|1
3441041|1|1|1|27.930494094|88|2|1|1|2|2|1|1
3441042|1|1|1|32.57842075|88|2|1|1|2|2|1|1
3441043|1|1|1|45.441334154|88|2|1|1|2|2|1|1
3441044|1|1|1|46.424523479|88|1|1|1|2|2|1|1
3441045|1|1|1|45.490284137|88|2|1|1|2|2|1|1
3441046|1|1|1|76.557681066|88|1|1|1|2|2|1|1
3441047|1|1|1|54.248970411|88|2|1|1|2|2|1|1
3441048|1|1|1|55.441258024|88|2|1|1|2|2|1|1
3441049|1|1|1|55.709669952|88|2|1|1|2|2|1|1
3441050|1|1|1|60.619527413|88|1|1|2|2|2|1|1
3441051|1|1|1|34.87576367|88|1|1|2|2|2|1|1
3441052|1|1|1|54.815924123|88|1|1|2|2|2|1|1
3441054|1|1|1|33.935854948|88|2|1|2|2|2|1|1
3441055|1|1|1|57.751310442|88|2|1|2|2|2|1|1
3441056|1|1|1|22.642740141|88|1|1|2|2|2|1|1
3441057|1|1|1|40.202131066|88|1|1|2|2|2|1|1
3441058|1|1|1|22.642740141|88|1|1|2|2|2|1|1
3444917|1|1|1|556.15272959|47|1|1|6|1|1|1|1
3444918|1|1|1|101.36612842|15|1|1|3|1|1|1|1
3444919|1|1|1|158.92652373|15|2|1|1|1|1|1|1
3444920|1|1|1|363.40937934|66|2|1|2|1|1|1|1
3444921|1|1|1|486.2687854|66|2|1|4|1|1|1|1
3444922|1|1|1|2461.4447778|76|2|1|2|1|1|1|1
3444923|1|1|1|1483.183578|08|1|1|2|1|1|1|1
3444925|1|1|1|6530.129562|11|1|1|3|1|1|1|1
3444926|1|1|1|7920.727848|11|2|1|3|2|1|1|1
3444928|1|1|1|7247.5565979|11|2|1|4|1|1|1|1
3444929|1|1|1|3550.9116923|11|2|1|4|1|1|1|1
3444930|1|1|1|3550.9116923|11|2|1|4|1|1|1|1
3444931|1|1|1|177.65426494|15|2|1|3|1|1|1|1
3444932|1|1|1|145.28246795|15|1|1|2|1|1|1|1
3444933|1|1|1|117.25449938|15|1|1|3|1|1|1|1
3444934|1|1|1|90.69676222|15|2|1|3|1|1|1|1
3444935|1|1|1|52.688357014|18|1|1|1|1|1|1|1
3444938|1|1|1|132.28978135|27|2|1|1|2|2|1|2
3444939|1|1|1|151.82522205|27|2|1|1|2|2|1|2
3444940|1|1|1|302.22489537|41|1|1|1|1|2|1|1
3444941|1|1|1|310.18573528|47|1|1|1|1|1|1|1
3444942|1|1|1|307.66448083|47|2|1|1|1|2|1|2
3444944|1|1|1|320.1133499|47|2|1|2|1|1|1|1
3444946|1|1|1|228.72085105|50|2|1|3|1|1|1|1
3444947|1|1|1|189.38547876|52|2|1|1|2|1|1|1
3444948|1|1|1|444.25404267|52|2|1|3|1|1|1|1
3444949|1|1|1|639.83447556|52|2|1|3|1|1|1|1
3444950|1|1|1|157.91437351|52|2|1|3|2|1|1|1
3444951|1|1|1|368.21198077|52|2|1|3|2|1|1|1
3444953|1|1|1|536.0365648|54|1|1|2|1|1|1|1
3444954|1|1|1|234.1961072|63|1|1|2|1|1|1|1
3444955|1|1|1|251.0578604|63|2|1|1|1|1|1|1
3444956|1|1|1|274.96799714|63|2|1|1|1|1|1|1
3444957|1|1|1|226.6963951|63|2|1|1|1|1|1|1
3444960|1|1|1|728.30093871|66|1|1|3|1|1|1|1
3444961|1|1|1|3719.8036954|76|1|1|1|2|1|1|1
3444962|1|1|1|1823.6388094|76|2|1|4|1|1|1|1
3444967|1|1|1|244.36360329|20|2|1|1|2|2|1|1
3444975|1|1|1|240.05675805|70|1|1|1|1|1|1|1
3444976|1|1|1|630.43732373|73|2|1|1|1|1|1|1
3444977|1|1|1|26.020866339|88|2|1|2|2|2|1|1
3444978|1|1|1|181.13242594|23|1|1|1|1|1|1|1
3444979|1|1|1|310.20173234|23|1|1|1|1|1|1|1
3444980|1|1|1|291.9006856|23|1|1|1|1|1|1|1
3444981|1|1|1|220.43065008|23|1|1|1|1|1|1|1
3444982|1|1|1|210.1891078|23|1|1|1|1|1|1|1
3444983|1|1|1|166.1930807|23|1|1|1|1|1|1|1
3444984|1|1|1|166.43443038|23|1|1|1|1|1|1|1
3444985|1|1|1|192.98720212|23|1|1|1|1|1|1|1
3444986|1|1|1|167.72026867|23|1|1|1|1|1|1|1
3444987|1|1|1|218.65792211|50|1|1|3|1|1|1|1
3444988|1|1|1|14042.149077|11|2|1|3|1|1|1|1
3444989|1|1|1|11367.493826|11|2|1|4|1|1|1|1
3444990|1|1|1|479.19891169|66|3|1|0|2|1|1|1
3444991|1|1|1|479.19891169|66|3|1|0|2|1|1|1
3444992|1|1|1|6030.5510411|11|2|1|3|1|1|1|1
3444993|1|1|1|3453.9838461|11|2|1|4|1|1|1|1
3444995|1|1|1|392.06083312|23|1|1|5|1|1|1|1
3444996|1|1|1|359.04867008|23|1|1|5|1|1|1|1
3444997|1|1|1|289.45832372|23|1|1|2|1|1|1|1
3444998|1|1|1|191.43395429|52|2|1|4|2|1|1|1
3444999|1|1|1|54.863744919|88|1|1|2|2|2|1|1
3445000|1|1|1|21.510603134|88|2|1|2|2|2|1|1
3445138|1|1|1|2641.6475761|05|2|1|5|1|1|1|1
3445139|1|1|1|1100.906699|08|1|1|1|1|1|1|1
3445140|1|1|1|432.15167327|13|2|1|6|1|1|1|1
3445141|1|1|1|105.91813792|15|1|1|3|1|1|1|1
3445142|1|1|1|150.69522565|15|1|1|3|1|1|1|1
3445143|1|1|1|334.66480033|17|2|1|4|1|1|1|1
3445144|1|1|1|75.75863697|44|2|1|2|1|1|1|1
3445145|1|1|1|115.37954248|44|1|1|1|1|1|1|1
3445146|1|1|1|123.89249183|44|1|1|1|1|1|1|1
3445147|1|1|1|305.18549385|50|1|1|3|1|1|1|1
3445148|1|1|1|354.37358909|54|1|1|4|1|1|1|1
3445149|1|1|1|532.1157617|66|2|1|4|1|1|1|1
3445150|1|1|1|443.36292548|66|2|1|5|1|1|1|1
3445151|1|1|1|335.15018366|66|2|1|1|1|1|1|1
3445152|1|1|1|540.50047323|66|2|1|3|1|1|1|1
3445153|1|1|1|1283.1579295|76|2|1|1|1|1|1|1
