Directorio|Secuencia_p|Secuencia_encuesta|Orden|Fex_c|area|P5747|P8520S1|P8520S1A1|P8520S2|P8520S3|P8520S4|P8520S5
3453438|1|1|1|4063.7562514|05|2|1|2|1|1|1|1
3453439|1|1|1|2991.9552187|05|2|1|2|1|1|1|1
3453440|1|1|1|4013.5616904|05|2|1|2|1|1|1|1
3453441|1|1|1|4073.1814748|05|2|1|2|2|1|1|1
3453442|1|1|1|3477.9141823|05|2|1|2|1|1|1|1
3453443|1|1|1|3497.8924599|05|2|1|2|1|1|1|1
3453444|1|1|1|3311.1602493|05|2|1|2|1|1|1|1
3453445|1|1|1|4063.7562514|05|2|1|2|1|1|1|1
3453446|1|1|1|4063.7562514|05|2|1|2|2|1|1|1
3453447|1|1|1|3414.1056524|05|2|1|2|1|1|1|1
3453448|1|1|1|3451.5809455|05|2|1|2|1|1|1|1
3453449|1|1|1|2883.1854685|05|2|1|2|1|1|1|1
3453450|1|1|1|2604.3941399|05|2|1|2|1|1|1|1
3453451|1|1|1|2724.3703477|05|2|1|2|1|1|1|1
3453452|1|1|1|1543.9648467|05|2|1|2|1|1|1|1
3453453|1|1|1|1638.1065557|05|2|1|2|1|1|1|1
3453454|1|1|1|2724.3703477|05|2|1|2|1|1|1|1
3453455|1|1|1|2043.825435|05|2|1|2|1|1|1|1
3453456|1|1|1|2049.7498612|05|2|1|2|1|1|1|1
3453457|1|1|1|1989.0417447|05|2|1|2|1|1|1|1
3453458|1|1|1|3846.8077573|05|2|1|2|1|1|1|1
3453459|1|1|1|3879.6349395|05|2|1|3|2|1|1|1
3453460|1|1|1|2352.1688073|05|2|1|3|1|1|1|1
3453461|1|1|1|3684.3926144|05|2|1|3|1|1|1|1
3453462|1|1|1|5148.6107348|05|2|1|3|1|1|1|1
3453463|1|1|1|3288.5017748|05|2|1|3|1|1|1|1
3453464|1|1|1|2991.9552187|05|2|1|3|1|1|1|1
3453465|1|1|1|3251.5404648|05|2|1|3|1|1|1|1
3453466|1|1|1|5069.0126728|05|2|1|3|1|1|1|1
3453467|1|1|1|1988.3001902|05|2|1|3|1|1|1|1
3453468|1|1|1|2589.1744368|05|2|1|2|1|1|1|1
3453469|1|1|1|3176.8444307|05|2|1|2|1|1|1|1
3453470|1|1|1|3385.2191666|05|2|1|2|1|1|1|1
3453471|1|1|1|2919.8841213|05|2|1|2|2|1|1|1
3453472|1|1|1|3809.3977213|05|2|1|2|1|1|1|1
3453473|1|1|1|2655.8754543|05|2|1|2|1|1|1|1
3453474|1|1|1|2919.8841213|05|2|1|2|1|1|1|1
3453475|1|1|1|2336.2920377|05|2|1|2|1|1|1|1
3453476|1|1|1|3020.9629202|05|2|1|2|1|1|1|1
3453477|1|1|1|2995.964285|05|2|1|2|1|1|1|1
3453478|1|1|1|3704.8025833|05|2|1|2|1|1|1|1
3453479|1|1|1|2818.9454935|05|2|1|2|1|1|1|1
3453480|1|1|1|4006.8580058|05|2|1|3|1|1|1|1
3453481|1|1|1|2524.4016023|05|2|1|3|1|1|1|1
3453482|1|1|1|2095.5257977|05|2|1|3|1|1|1|1
3453483|1|1|1|3785.6886412|05|2|1|3|1|1|1|1
3453484|1|1|1|2854.249461|05|2|1|4|1|1|1|1
3453485|1|1|1|2715.5862962|05|2|1|4|1|1|1|1
3453486|1|1|1|2691.1096953|05|2|1|4|2|1|1|1
3453487|1|1|1|5094.7557174|05|1|1|3|2|1|1|1
3453488|1|1|1|3054.6175499|05|2|1|4|1|1|1|1
3453489|1|1|1|3877.5007565|05|2|1|3|1|1|1|1
3453490|1|1|1|3019.3503|05|2|1|3|1|1|1|1
3453491|1|1|1|3670.4957351|05|2|1|3|1|1|1|1
3453492|1|1|1|3019.3503|05|2|1|3|1|1|1|1
3453493|1|1|1|2895.5065055|05|2|1|3|1|1|1|1
3453494|1|1|1|3877.5007565|05|2|1|3|1|1|1|1
3453495|1|1|1|3102.5115269|05|2|1|3|1|1|1|1
3453496|1|1|1|4218.7347756|05|2|1|3|1|1|1|1
3453497|1|1|1|2215.0692157|05|1|1|2|1|1|1|1
3453498|1|1|1|3236.9621403|05|1|1|2|1|1|1|1
3453499|1|1|1|2918.7487107|05|2|1|2|1|1|1|1
3453500|1|1|1|3863.0813135|05|2|1|2|1|1|1|1
3453501|1|1|1|2418.6789955|05|2|1|2|1|1|1|1
3453502|1|1|1|2276.0783254|05|1|1|2|1|1|1|1
3453503|1|1|1|3487.2997613|05|2|1|2|1|1|1|1
3453505|1|1|1|3142.6663171|05|2|1|2|1|1|1|1
3453506|1|1|1|2276.0783254|05|2|1|2|1|1|1|1
3453507|1|1|1|2900.3480194|05|2|1|2|1|1|1|1
3453509|1|1|1|4767.6481085|05|1|1|5|1|1|1|1
3453510|1|1|1|4470.1318765|05|2|1|5|1|1|1|1
3453511|1|1|1|4267.5984335|05|1|1|5|1|1|1|1
3453512|1|1|1|5575.91394|05|1|1|5|1|1|1|1
3453513|1|1|1|2917.3576368|05|2|1|2|1|1|1|1
3453514|1|1|1|2167.6936432|05|2|1|2|1|1|1|1
3453515|1|1|1|2709.1708342|05|2|1|2|1|1|1|1
3453516|1|1|1|3918.9881057|05|2|1|2|1|1|1|1
3453518|1|1|1|2023.0613139|05|2|1|2|1|1|1|1
3453519|1|1|1|2464.2143391|05|2|1|2|1|1|1|1
3453520|1|1|1|2406.1104251|05|2|1|2|1|1|1|1
3453521|1|1|1|3679.1250605|05|2|1|2|1|1|1|1
3453522|1|1|1|4155.4629681|05|2|1|2|1|1|1|1
3453523|1|1|1|2081.1652279|05|2|1|2|1|1|1|1
3453524|1|1|1|2311.6672818|05|2|1|3|1|1|1|1
3453525|1|1|1|2935.7926426|05|2|1|3|1|1|1|1
3453526|1|1|1|3931.5885295|05|2|1|3|1|1|1|1
3453527|1|1|1|2900.9597698|05|2|1|3|1|1|1|1
3453528|1|1|1|3912.4796663|05|2|1|3|1|1|1|1
3453529|1|1|1|2081.7325924|05|2|1|3|1|1|1|1
3453531|1|1|1|2297.8032139|05|2|1|3|1|1|1|1
3453532|1|1|1|3829.7325191|05|2|1|3|1|1|1|1
3453533|1|1|1|4185.3170397|05|2|1|4|1|1|1|1
3453535|1|1|1|5578.9273602|05|2|1|3|1|1|1|1
3453537|1|1|1|4533.4596479|05|2|1|3|1|1|1|1
3453538|1|1|1|5578.9273602|05|2|1|3|1|1|1|1
3453539|1|1|1|4185.3170397|05|2|1|3|1|1|1|1
3453540|1|1|1|4645.64492|05|2|1|4|1|1|1|1
3453541|1|1|1|5578.9273602|05|2|1|4|1|1|1|1
3453542|1|1|1|4297.5023119|05|2|1|4|1|1|1|1
3453543|1|1|1|5087.9572674|05|2|1|2|1|1|1|1
3453544|1|1|1|4188.4009185|05|2|1|2|1|1|1|1
3453545|1|1|1|3695.032006|05|2|1|2|1|1|1|1
3453546|1|1|1|3462.7674883|05|2|1|2|1|1|1|1
3453547|1|1|1|5129.3825622|05|2|1|2|1|1|1|1
3453548|1|1|1|3791.7087819|05|2|1|2|1|1|1|1
3453549|1|1|1|7419.183221|05|2|1|2|1|1|1|1
3453550|1|1|1|4084.4691805|05|2|1|2|1|1|1|1
3453551|1|1|1|5526.0746989|05|2|1|2|1|1|1|1
3453552|1|1|1|3606.7386539|05|2|1|2|1|1|1|1
3453553|1|1|1|1587.6003795|08|2|1|6|1|1|1|1
3453554|1|1|1|1456.6427378|08|2|1|6|1|1|1|1
3453555|1|1|1|1280.4466546|08|2|1|6|1|1|1|1
3453556|1|1|1|849.75834617|08|2|1|6|1|1|1|1
3453557|1|1|1|1803.0487048|08|2|1|3|1|1|1|1
3453558|1|1|1|1859.3451537|08|1|1|3|1|1|1|1
3453559|1|1|1|1700.4610629|08|1|1|3|1|1|1|1
3453560|1|1|1|948.63548198|08|2|1|3|1|1|1|1
3453561|1|1|1|1569.9634969|08|2|1|3|1|1|1|1
3453562|1|1|1|754.03303852|08|2|1|3|1|1|1|1
3453563|1|1|1|886.1969322|08|1|1|3|1|1|1|1
3453564|1|1|1|1367.3771446|08|1|1|1|1|1|1|1
3453565|1|1|1|2200.6915327|08|2|1|1|1|1|1|1
3453566|1|1|1|944.44111853|08|1|1|1|1|1|1|1
3453567|1|1|1|696.96704048|08|2|1|1|1|1|1|1
3453568|1|1|1|893.89502043|08|2|1|1|1|1|1|1
3453569|1|1|1|824.51601842|08|2|1|1|1|1|1|1
3453570|1|1|1|1053.179426|08|1|1|1|1|1|1|1
3453571|1|1|1|1937.0399122|08|1|1|1|1|1|1|1
3453572|1|1|1|1698.8707135|08|2|1|1|1|1|1|1
3453573|1|1|1|1185.8020204|08|2|1|3|1|1|1|1
3453574|1|1|1|946.72075075|08|1|1|3|1|1|1|1
3453575|1|1|1|1884.1112618|08|2|1|3|1|1|1|1
3453576|1|1|1|1600.1639683|08|2|1|3|1|1|1|1
3453577|1|1|1|1006.4595786|08|1|1|3|1|1|1|1
3453578|1|1|1|1644.6417057|08|2|1|3|1|1|1|1
3453579|1|1|1|923.20858215|08|1|1|3|1|1|1|1
3453580|1|1|1|1422.9153875|08|2|1|3|1|1|1|1
3453581|1|1|1|1185.8020204|08|1|1|3|1|1|1|1
3453582|1|1|1|1138.4966176|08|2|1|3|1|1|1|1
3453583|1|1|1|1104.82049|08|2|1|2|1|1|1|1
3453584|1|1|1|1104.82049|08|2|1|2|1|1|1|1
3453585|1|1|1|1295.1049448|08|2|1|2|1|1|1|1
3453586|1|1|1|764.77685081|08|2|1|2|1|1|1|1
3453587|1|1|1|1062.9785393|08|1|1|2|1|1|1|1
3453588|1|1|1|1041.1769118|08|2|1|2|1|1|1|1
3453589|1|1|1|1034.2618078|08|1|1|1|1|1|1|1
3453590|1|1|1|1015.8000291|08|1|1|1|1|1|1|1
3453591|1|1|1|764.05598205|08|1|1|1|1|1|1|1
3453592|1|1|1|696.51969408|08|2|1|1|1|1|1|1
3453593|1|1|1|665.9912008|08|2|1|1|1|1|1|1
3453594|1|1|1|1248.5509181|08|1|1|1|1|1|1|1
3453595|1|1|1|776.28948603|08|1|1|1|1|1|1|1
3453596|1|1|1|1522.2957921|08|2|1|1|1|1|1|1
3453597|1|1|1|1536.4441139|08|2|1|1|1|1|1|1
3453598|1|1|1|918.82324085|08|2|1|1|1|1|1|1
3453599|1|1|1|1299.1534151|08|2|1|1|1|1|1|1
3453600|1|1|1|1373.6179513|08|2|1|1|1|1|1|1
3453601|1|1|1|1664.2946662|08|2|1|1|1|1|1|1
3453602|1|1|1|1471.5215261|08|2|1|1|1|1|1|1
3453603|1|1|1|1279.4250756|08|2|1|1|2|1|1|1
3453604|1|1|1|665.56444133|08|2|1|1|1|1|1|1
3453605|1|1|1|1426.086904|08|1|1|1|1|1|1|1
3453606|1|1|1|1514.801571|08|2|1|3|1|1|1|1
3453607|1|1|1|1678.0568428|08|2|1|3|1|1|1|1
3453608|1|1|1|871.97963885|08|2|1|3|1|1|1|1
3453609|1|1|1|1394.1628215|08|2|1|3|1|1|1|1
3453610|1|1|1|648.20384013|08|1|1|3|1|1|1|1
3453611|1|1|1|1703.5302022|08|1|1|1|1|1|1|1
3453612|1|1|1|2168.3065651|08|1|1|1|1|1|1|1
3453613|1|1|1|2018.3453686|08|1|1|1|1|1|1|1
3453614|1|1|1|1165.898151|08|2|1|1|1|1|1|1
3453615|1|1|1|1048.4918485|08|1|1|1|1|1|1|1
3453616|1|1|1|1499.2121396|08|2|1|1|1|1|1|1
3453617|1|1|1|1471.6340321|08|2|1|1|1|1|1|1
3453618|1|1|1|1483.4570825|08|1|1|1|1|1|1|1
3453619|1|1|1|1480.1521219|08|1|1|1|1|1|1|1
3453620|1|1|1|1608.1317993|08|1|1|1|1|1|1|1
3453621|1|1|1|1060.8269441|08|1|1|1|1|1|1|1
3453622|1|1|1|1397.7633033|08|1|1|1|1|1|1|1
3453623|1|1|1|1269.2717065|08|1|1|1|1|1|1|1
3453624|1|1|1|1243.2230087|08|1|1|1|1|1|1|1
3453625|1|1|1|1406.827642|08|1|1|1|1|1|1|1
3453626|1|1|1|1397.7633033|08|1|1|1|1|1|1|1
3453627|1|1|1|1562.5409404|08|1|1|1|1|1|1|1
3453628|1|1|1|979.6131559|08|2|1|1|1|1|1|1
3453629|1|1|1|1416.192386|08|2|1|1|1|1|1|1
3453630|1|1|1|1203.8435682|08|2|1|1|1|1|1|1
3453631|1|1|1|1021.0879287|08|2|1|1|1|1|1|1
3453632|1|1|1|1049.4127279|08|2|1|1|1|1|1|1
3453633|1|1|1|1494.3342439|08|1|1|1|1|1|1|1
3453634|1|1|1|1047.7889938|08|2|1|1|1|1|1|1
3453635|1|1|1|873.11194785|08|2|1|1|1|1|1|1
3453636|1|1|1|994.80997154|08|2|1|1|1|1|1|1
3453637|1|1|1|1687.5821308|08|1|1|1|1|1|1|1
3453638|1|1|1|681.75860827|08|2|1|1|1|1|1|1
3453639|1|1|1|1852.9923553|08|1|1|1|1|1|1|1
3453640|1|1|1|1456.1147764|08|2|1|1|1|1|1|1
3453641|1|1|1|1715.8906975|08|1|1|1|1|1|1|1
3453642|1|1|1|1491.4256721|08|1|1|1|1|1|1|1
3453643|1|1|1|1419.4817389|08|1|1|1|1|1|1|1
3453644|1|1|1|1583.3402601|08|2|1|1|1|1|1|1
3453645|1|1|1|1687.6432135|08|1|1|1|1|1|1|1
3453646|1|1|1|1378.6220999|08|1|1|1|1|1|1|1
3453647|1|1|1|2211.2945181|08|1|1|1|1|1|1|1
3453648|1|1|1|1468.5520164|08|2|1|1|1|1|1|1
3453649|1|1|1|2135.143253|08|1|1|1|1|1|1|1
3453650|1|1|1|1436.7391218|08|2|1|1|1|1|1|1
3453651|1|1|1|2823.1859479|08|1|1|1|1|1|1|1
3453652|1|1|1|1435.9048997|08|2|1|1|1|1|1|1
3453653|1|1|1|1562.3248972|08|1|1|1|1|1|1|1
3453654|1|1|1|1851.8318811|08|1|1|2|1|1|1|1
3453655|1|1|1|1595.7904691|08|1|1|2|1|1|1|1
3453656|1|1|1|1614.7064408|08|1|1|2|1|1|1|1
3453657|1|1|1|1864.2820901|08|1|1|2|1|1|1|1
3453658|1|1|1|1930.0304582|08|1|1|2|1|1|1|1
3453659|1|1|1|2407.2114601|08|1|1|2|1|1|1|1
3453660|1|1|1|2101.4075304|08|2|1|2|1|1|1|1
3453661|1|1|1|1739.609438|08|1|1|2|1|1|1|1
3453662|1|1|1|6375.7534671|11|1|1|2|1|1|1|1
3453663|1|1|1|5112.5998246|11|2|1|2|1|1|1|1
3453664|1|1|1|5999.7050676|11|1|1|2|1|1|1|1
3453665|1|1|1|2855.1843163|11|1|1|1|1|1|1|1
3453666|1|1|1|9358.664163|11|2|1|2|1|1|1|1
3453667|1|1|1|7270.3161637|11|1|1|1|1|1|1|1
3453668|1|1|1|5499.4863621|11|1|1|2|1|1|1|1
3453669|1|1|1|5269.4547136|11|1|1|1|1|1|1|1
3453670|1|1|1|4568.4306628|11|1|1|2|1|1|1|1
3453671|1|1|1|4557.5925248|11|3|1|1|1|1|1|1
3453672|1|1|1|4568.4306628|11|2|1|2|1|1|1|1
3453673|1|1|1|3692.1635578|11|2|1|1|1|1|1|1
3453674|1|1|1|7098.2551183|11|2|1|3|1|1|1|1
3453675|1|1|1|6746.8686814|11|2|1|3|1|1|1|1
3453676|1|1|1|4809.2502831|11|2|1|3|1|1|1|1
3453677|1|1|1|7744.4100327|11|2|1|3|1|1|1|1
3453678|1|1|1|7678.862637|11|2|1|3|1|1|1|1
3453679|1|1|1|5503.8959841|11|2|1|3|1|1|1|1
3453680|1|1|1|7421.7382101|11|2|1|3|1|1|1|1
3453681|1|1|1|8066.7608659|11|2|1|3|1|1|1|1
3453682|1|1|1|4941.3897901|11|1|1|2|1|1|1|1
3453683|1|1|1|5255.0913986|11|1|1|2|1|1|1|1
3453684|1|1|1|7630.2045811|11|2|1|2|1|1|1|1
3453685|1|1|1|4764.2509411|11|1|1|2|1|1|1|1
3453686|1|1|1|5967.4975063|11|2|1|2|1|1|1|1
3453687|1|1|1|4764.2509411|11|2|1|2|1|1|1|1
3453688|1|1|1|6632.2645341|11|2|1|2|1|1|1|1
3453689|1|1|1|8201.1514261|11|2|1|2|1|1|1|1
3453690|1|1|1|5340.3836217|11|2|1|1|1|1|1|1
3453691|1|1|1|5979.5356094|11|2|1|1|1|1|1|1
3453692|1|1|1|8658.6588861|11|2|1|1|1|1|1|1
3453693|1|1|1|6112.0930535|11|2|1|1|1|1|1|1
3453694|1|1|1|8084.0771394|11|2|1|1|1|1|1|1
3453695|1|1|1|8658.6588861|11|2|1|2|1|1|1|1
3453696|1|1|1|6474.7723492|11|2|1|3|1|1|1|1
3453697|1|1|1|4278.7702507|11|2|1|3|1|1|1|1
3453698|1|1|1|7772.6073711|11|2|1|3|1|1|1|1
3453699|1|1|1|5489.3177064|11|1|1|3|1|1|1|1
3453700|1|1|1|5204.0710937|11|1|1|3|1|1|1|1
3453701|1|1|1|7416.0390531|11|2|1|3|1|1|1|1
3453702|1|1|1|6441.7885989|11|1|1|3|1|1|1|1
3453703|1|1|1|4893.4151319|11|2|1|3|1|1|1|1
3453704|1|1|1|8596.8912124|11|2|1|2|1|1|1|1
3453705|1|1|1|7213.3115729|11|1|1|2|1|1|1|1
3453706|1|1|1|7196.1987234|11|2|1|2|1|1|1|1
3453707|1|1|1|12973.7782|11|2|1|2|1|1|1|1
3453708|1|1|1|5486.7779078|11|2|1|2|1|1|1|1
3453709|1|1|1|9473.2185278|11|1|1|2|1|1|1|1
3453710|1|1|1|9545.2032501|11|2|1|2|1|1|1|1
3453711|1|1|1|7196.1987234|11|1|1|2|1|1|1|1
3453712|1|1|1|6922.399194|11|1|1|2|1|1|1|1
3453713|1|1|1|5933.5406015|11|1|1|2|1|1|1|1
3453714|1|1|1|5282.1021482|11|1|1|2|1|1|1|1
3453715|1|1|1|3771.5677686|11|1|1|1|1|1|1|1
3453716|1|1|1|5265.6009209|11|1|1|2|1|1|1|1
3453717|1|1|1|6572.2956291|11|1|1|2|1|1|1|1
3453718|1|1|1|7889.151657|11|1|1|2|1|1|1|1
3453719|1|1|1|5268.1230269|11|1|1|2|1|1|1|1
3453720|1|1|1|5979.2691742|11|1|1|2|1|1|1|1
3453721|1|1|1|6062.7993312|11|1|1|2|1|1|1|1
3453722|1|1|1|5063.0224087|11|2|1|4|1|1|1|1
3453723|1|1|1|2795.0751728|11|2|1|4|1|1|1|1
3453724|1|1|1|4461.6432085|11|2|1|4|2|1|1|1
3453725|1|1|1|3333.1360714|11|2|1|4|2|1|1|1
3453726|1|1|1|7202.9016031|11|2|1|4|1|1|1|1
3453727|1|1|1|9646.9063251|11|2|1|4|1|1|1|1
3453728|1|1|1|6133.4732811|11|2|1|4|1|1|1|1
3453729|1|1|1|3603.823832|11|2|1|4|1|1|1|1
3453730|1|1|1|9299.3593765|11|1|1|2|1|2|1|1
3453731|1|1|1|4410.5312331|11|2|1|2|1|1|1|1
3453732|1|1|1|7239.1931398|11|2|1|2|1|1|1|1
3453733|1|1|1|4302.7597981|11|1|1|2|1|1|1|1
3453734|1|1|1|4557.5925248|11|2|1|2|1|1|1|1
3453735|1|1|1|6071.2752809|11|1|1|2|1|1|1|1
3453736|1|1|1|11765.734523|11|2|1|4|2|1|1|1
3453737|1|1|1|13137.766848|11|2|1|4|1|1|1|1
3453739|1|1|1|8418.3502987|11|2|1|4|1|1|1|1
3453740|1|1|1|8879.7786427|11|2|1|4|1|1|1|1
3453741|1|1|1|11032.573715|11|2|1|4|1|1|1|1
3453742|1|1|1|12676.338504|11|1|1|4|2|1|1|1
3453743|1|1|1|10881.968725|11|1|1|4|1|1|1|1
3453744|1|1|1|12573.335453|11|2|1|4|2|1|1|1
3453745|1|1|1|5102.0304841|11|2|1|3|1|1|1|1
3453746|1|1|1|4517.8122738|11|2|1|3|1|1|1|1
3453747|1|1|1|7068.3221049|11|2|1|3|1|1|1|1
3453748|1|1|1|6761.3213113|11|2|1|3|1|1|1|1
3453749|1|1|1|3875.0793892|11|2|1|3|1|1|1|1
3453750|1|1|1|7620.203305|11|2|1|3|1|1|1|1
3453751|1|1|1|7561.6886308|11|2|1|3|1|1|1|1
3453754|1|1|1|5070.993321|11|2|1|5|1|1|1|1
3453756|1|1|1|7798.5865587|11|2|1|5|1|1|1|1
3453757|1|1|1|6480.934269|11|2|1|5|1|1|1|1
3453758|1|1|1|5070.993321|11|2|1|5|1|1|1|1
3453759|1|1|1|6659.718965|11|2|1|5|1|1|1|1
3453760|1|1|1|5058.9629041|11|2|1|4|1|1|1|1
3453761|1|1|1|3484.475809|11|2|1|5|1|1|1|1
3453762|1|1|1|7749.6249972|11|2|1|3|1|1|1|1
3453763|1|1|1|8253.0155639|11|2|1|3|1|1|1|1
3453764|1|1|1|8497.9598055|11|2|1|3|1|1|1|1
3453765|1|1|1|12348.505165|11|1|1|3|1|1|1|1
3453766|1|1|1|5596.542656|11|2|1|3|1|1|1|1
3453767|1|1|1|7408.2333209|11|1|1|3|1|1|1|1
3453768|1|1|1|6924.7791099|11|2|1|3|2|1|1|1
3453769|1|1|1|7436.8174682|11|2|1|3|1|1|1|1
3453770|1|1|1|7789.9569886|11|1|1|3|1|1|1|1
3453771|1|1|1|7902.459217|11|1|1|3|1|1|1|1
3453772|1|1|1|6847.3029484|11|2|1|3|1|1|1|1
3453773|1|1|1|3273.1641575|11|2|1|3|1|1|1|1
3453774|1|1|1|8164.5035411|11|2|1|3|1|1|1|1
3453775|1|1|1|7066.2134575|11|2|1|3|1|1|1|1
3453776|1|1|1|5655.9342531|11|1|1|2|1|1|1|1
3453777|1|1|1|4051.1933554|11|1|1|2|1|1|1|1
3453778|1|1|1|5646.3003527|11|1|1|2|1|1|1|1
3453779|1|1|1|6139.6401747|11|1|1|2|1|1|1|1
3453780|1|1|1|3815.0414756|11|1|1|2|1|1|1|1
3453781|1|1|1|3883.6614879|11|2|1|2|1|1|1|1
3453782|1|1|1|5968.805333|11|2|1|2|1|1|1|1
3453783|1|1|1|6281.0239635|11|1|1|2|1|1|1|1
3453785|1|1|1|6692.0262887|11|2|1|2|1|1|1|1
3453786|1|1|1|4072.2294179|11|1|1|3|1|1|1|1
3453787|1|1|1|448.63418217|13|2|1|6|1|1|1|1
3453788|1|1|1|374.40223387|13|2|1|6|1|1|1|1
3453789|1|1|1|379.09542956|13|2|1|6|1|1|1|1
3453790|1|1|1|374.40223387|13|2|1|5|1|1|1|1
3453791|1|1|1|693.1300538|13|1|1|1|1|2|1|1
3453792|1|1|1|571.71744464|13|1|1|1|1|2|1|1
3453793|1|1|1|571.71744464|13|2|1|1|1|2|1|1
3453794|1|1|1|649.94396412|13|1|1|1|1|2|1|1
3453795|1|1|1|513.42393398|13|1|1|1|1|2|1|1
3453796|1|1|1|446.05856399|13|2|1|1|1|2|1|1
3453797|1|1|1|649.94396412|13|2|1|1|1|2|1|1
3453798|1|1|1|405.15031185|13|2|1|1|1|2|1|2
3453799|1|1|1|917.31744453|13|1|1|1|1|2|1|1
3453800|1|1|1|857.78798965|13|2|1|1|1|2|1|1
3453801|1|1|1|505.38181291|13|2|1|1|1|2|1|1
3453802|1|1|1|445.83127861|13|1|1|1|1|2|1|1
3453803|1|1|1|849.33941624|13|2|1|1|1|2|1|1
3453804|1|1|1|655.45883744|13|2|1|1|1|2|1|1
3453805|1|1|1|751.18224795|13|2|1|1|1|2|1|1
3453806|1|1|1|820.98164584|13|1|1|1|1|2|1|1
3453807|1|1|1|794.63668644|13|2|1|1|1|2|1|1
3453808|1|1|1|421.63432074|13|1|1|1|1|2|1|1
3453809|1|1|1|531.28467692|13|2|1|1|1|2|1|1
3453810|1|1|1|747.56039962|13|2|1|1|1|2|1|1
3453811|1|1|1|747.96179078|13|1|1|1|1|2|1|1
3453812|1|1|1|365.38166246|13|2|1|2|1|1|1|1
3453813|1|1|1|365.38166246|13|2|1|2|1|1|1|1
3453814|1|1|1|543.99676813|13|1|1|2|1|1|1|1
3453815|1|1|1|667.00339316|13|1|1|2|1|1|1|1
3453816|1|1|1|543.99676813|13|1|1|2|1|1|1|1
3453817|1|1|1|819.105335|13|1|1|2|1|1|1|1
3453818|1|1|1|582.79668067|13|1|1|2|1|1|1|1
3453819|1|1|1|591.75235156|13|2|1|2|1|1|1|1
3453820|1|1|1|862.56969187|13|2|1|2|1|1|1|1
3453821|1|1|1|812.42995516|13|1|1|2|1|1|1|1
3453822|1|1|1|604.22103916|13|2|1|2|1|1|1|1
3453823|1|1|1|842.61029736|13|1|1|2|1|1|1|1
3453825|1|1|1|833.81055545|13|1|1|2|1|1|1|1
3453826|1|1|1|755.98680061|13|1|1|2|1|1|1|1
3453827|1|1|1|862.88154985|13|2|1|2|1|1|1|1
3453828|1|1|1|680.57983002|13|2|1|2|1|1|1|1
3453829|1|1|1|1099.7832|13|2|1|2|1|1|1|1
3453830|1|1|1|862.56969187|13|2|1|2|1|1|1|1
3453831|1|1|1|459.79005563|13|2|1|2|1|1|1|1
3453832|1|1|1|739.56306683|13|2|1|2|1|1|1|1
3453833|1|1|1|581.09958189|13|2|1|2|1|1|1|1
3453834|1|1|1|614.14831214|13|1|1|2|1|2|1|1
3453835|1|1|1|572.62405624|13|2|1|2|1|2|1|1
3453836|1|1|1|424.83891528|13|1|1|2|1|2|1|1
3453837|1|1|1|551.92337784|13|2|1|2|1|2|1|1
3453838|1|1|1|472.92913752|13|2|1|2|1|2|1|1
3453839|1|1|1|566.69580906|13|1|1|2|1|2|1|1
3453840|1|1|1|543.34280529|13|2|1|2|1|2|1|1
3453841|1|1|1|439.12130938|13|1|1|2|1|2|1|1
3453842|1|1|1|498.69496925|13|2|1|2|1|1|1|1
3453843|1|1|1|428.57522222|13|1|1|2|1|1|1|1
3453844|1|1|1|557.86856921|13|2|1|2|1|1|1|1
3453845|1|1|1|586.25536564|13|2|1|2|1|1|1|1
3453846|1|1|1|437.59302947|13|2|1|2|1|1|1|1
3453847|1|1|1|614.91541371|13|2|1|2|1|1|1|1
3453848|1|1|1|353.02140904|13|2|1|2|1|1|1|1
3453849|1|1|1|505.51255676|13|2|1|2|1|1|1|1
3453850|1|1|1|467.33148328|13|2|1|2|1|1|1|1
3453851|1|1|1|592.40492632|13|2|1|2|1|1|1|1
3453852|1|1|1|566.5074253|13|2|1|2|1|1|1|1
3453853|1|1|1|482.98606993|13|2|1|2|1|1|1|1
3453854|1|1|1|722.39698767|13|1|1|2|1|1|1|1
3453855|1|1|1|482.98606993|13|2|1|2|1|1|1|1
3453856|1|1|1|765.19361205|13|2|1|2|1|1|1|1
3453857|1|1|1|602.80480039|13|2|1|2|1|1|1|1
3453858|1|1|1|650.00851977|13|1|1|2|1|1|1|1
3453859|1|1|1|625.60553018|13|2|1|2|1|1|1|1
3453860|1|1|1|602.5590941|13|2|1|1|1|1|1|1
3453861|1|1|1|647.15231143|13|2|1|2|1|1|1|1
3453862|1|1|1|679.72321643|13|2|1|2|1|1|1|1
3453863|1|1|1|812.42995516|13|1|1|4|1|1|1|1
3453864|1|1|1|744.82714801|13|1|1|4|1|1|1|1
3453865|1|1|1|528.81406857|13|2|1|3|1|1|1|1
3453866|1|1|1|944.2363221|13|1|1|4|1|1|1|1
3453867|1|1|1|862.56969187|13|2|1|3|1|1|1|1
3453868|1|1|1|768.96559828|13|1|1|3|1|1|1|1
3453869|1|1|1|862.56969187|13|2|1|3|1|1|1|1
3453870|1|1|1|726.25480958|13|2|1|3|1|1|1|1
3453871|1|1|1|560.35229788|13|1|1|1|1|1|1|1
3453872|1|1|1|701.66519464|13|1|1|1|1|1|1|1
3453873|1|1|1|696.59628332|13|1|1|1|1|1|1|1
3453874|1|1|1|758.90662219|13|2|1|1|1|1|1|1
3453875|1|1|1|679.81026002|13|1|1|1|1|1|1|1
3453876|1|1|1|604.95984891|13|2|1|1|1|1|1|1
3453877|1|1|1|707.77926856|13|1|1|1|1|1|1|1
3453878|1|1|1|646.4245904|13|1|1|1|1|1|1|1
3453879|1|1|1|903.42857805|13|1|1|1|2|1|1|1
3453880|1|1|1|629.42083497|13|2|1|1|1|1|1|1
3453881|1|1|1|479.32273102|13|1|1|1|2|1|1|1
3453882|1|1|1|739.93395664|13|1|1|1|1|1|1|1
3453883|1|1|1|729.03054603|13|1|1|1|2|1|1|1
3453884|1|1|1|747.56039962|13|1|1|1|1|1|1|1
3453885|1|1|1|698.98787972|13|1|1|1|1|1|1|1
3453886|1|1|1|739.93395664|13|2|1|1|2|1|1|1
3453887|1|1|1|783.73327583|13|1|1|1|2|1|1|1
3453888|1|1|1|347.36590964|13|1|1|1|2|1|1|1
3453889|1|1|1|853.76994997|13|2|1|3|1|1|1|1
3453890|1|1|1|849.98883347|13|2|1|3|1|1|1|1
3453891|1|1|1|848.20065179|13|2|1|3|1|1|1|1
3453892|1|1|1|702.00418851|13|2|1|3|1|1|1|1
3453893|1|1|1|908.08874245|13|2|1|3|1|1|1|1
3453894|1|1|1|841.18909157|13|2|1|3|1|1|1|1
3453895|1|1|1|680.57983002|13|2|1|3|1|1|1|1
3453896|1|1|1|528.81406857|13|2|1|3|1|1|1|1
3453897|1|1|1|858.94450437|13|1|1|1|1|1|1|1
3453898|1|1|1|917.04441334|13|2|1|1|1|1|1|1
3453900|1|1|1|505.30910621|13|2|1|1|1|1|1|1
3453901|1|1|1|862.56969187|13|1|1|1|1|1|1|1
3453902|1|1|1|764.78654252|13|1|1|1|1|1|1|1
3453903|1|1|1|455.1256113|13|1|1|1|1|1|1|1
3453904|1|1|1|726.25480958|13|1|1|1|1|1|1|1
3453906|1|1|1|917.20034233|13|1|1|2|1|1|1|1
3453907|1|1|1|498.58996817|13|1|1|1|1|1|1|1
3453908|1|1|1|185.16236242|15|1|1|1|1|1|1|1
3453909|1|1|1|196.01469765|15|2|1|1|1|1|1|1
3453910|1|1|1|132.21318697|15|2|1|1|1|1|1|1
3453911|1|1|1|258.11091262|15|1|1|3|1|1|1|1
3453912|1|1|1|143.62773183|15|1|1|3|1|1|1|1
3453913|1|1|1|215.65901176|15|2|1|3|1|1|1|1
3453914|1|1|1|163.95732697|15|1|1|3|1|1|1|1
3453915|1|1|1|89.890339055|15|1|1|3|1|1|1|1
3453916|1|1|1|132.21318697|15|1|1|3|1|1|1|1
3453917|1|1|1|132.21318697|15|2|1|3|1|1|1|1
3453918|1|1|1|141.67345715|15|2|1|3|1|1|1|1
3453919|1|1|1|185.86914642|15|2|1|3|1|1|1|1
3453920|1|1|1|185.86914642|15|2|1|3|1|1|1|1
3453921|1|1|1|192.93285831|15|2|1|3|1|1|1|1
3453922|1|1|1|159.79665326|15|2|1|3|1|1|1|1
3453923|1|1|1|132.21318697|15|1|1|3|1|1|1|1
3453924|1|1|1|112.69792581|15|1|1|3|1|1|1|1
3453925|1|1|1|132.21318697|15|1|1|3|1|1|1|1
3453926|1|1|1|192.93285831|15|1|1|3|1|1|1|1
3453927|1|1|1|135.2950263|15|1|1|3|1|1|1|1
3453928|1|1|1|117.25568946|15|1|1|3|1|1|1|1
3453929|1|1|1|98.877992072|15|2|1|3|1|1|1|1
3453930|1|1|1|75.750853618|15|1|1|3|1|1|1|1
3453931|1|1|1|141.16136025|15|2|1|3|1|1|1|1
3453932|1|1|1|117.25568946|15|1|1|3|1|1|1|1
3453933|1|1|1|179.01329524|15|2|1|3|1|1|1|1
3453934|1|1|1|183.34754753|15|1|1|3|1|1|1|1
3453935|1|1|1|179.96013809|15|1|1|1|1|1|1|1
3453936|1|1|1|168.52677946|15|1|1|1|1|1|1|1
3453937|1|1|1|100.57169679|15|2|1|1|1|1|1|1
3453938|1|1|1|75.750853618|15|2|1|1|1|1|1|1
3453939|1|1|1|156.72196142|15|1|1|1|1|1|1|1
3453940|1|1|1|128.84615761|15|1|1|2|1|1|1|1
3453941|1|1|1|120.04711184|15|1|1|2|1|1|1|1
3453942|1|1|1|88.152373337|15|3|1|2|1|1|1|1
3453943|1|1|1|121.96470076|15|2|1|2|1|1|1|1
3453944|1|1|1|54.385228239|15|1|1|2|1|1|1|1
3453945|1|1|1|142.3963947|15|1|1|3|1|1|1|1
3453946|1|1|1|102.83261654|15|2|1|3|1|1|1|1
3453947|1|1|1|85.506456624|15|2|1|3|1|1|1|1
3453948|1|1|1|136.29649543|15|2|1|3|1|1|1|1
3453949|1|1|1|72.104874219|15|2|1|3|1|1|1|1
3453950|1|1|1|72.104874219|15|2|1|3|1|1|1|1
3453951|1|1|1|55.239853254|15|1|1|3|1|1|1|1
3453952|1|1|1|83.558734163|15|2|1|3|1|1|1|1
3453953|1|1|1|135.58387456|15|2|1|3|1|1|1|1
3453954|1|1|1|143.9435854|15|2|1|3|1|1|1|1
3453955|1|1|1|116.67238578|15|1|1|3|1|1|1|1
3453956|1|1|1|117.84495059|15|1|1|3|1|1|1|1
3453957|1|1|1|73.240581447|15|1|1|3|1|1|1|1
3453958|1|1|1|72.068016641|15|1|1|3|1|1|1|1
3453959|1|1|1|97.625901778|15|1|1|3|1|1|1|1
3453960|1|1|1|79.32791218|15|1|1|3|1|1|1|1
3453961|1|1|1|135.2950263|15|2|1|5|1|1|1|1
3453962|1|1|1|167.03916631|15|2|1|5|1|1|1|1
3453963|1|1|1|207.81496948|15|2|1|5|1|1|1|1
3453964|1|1|1|162.7098363|15|2|1|5|1|1|1|1
3453965|1|1|1|197.96897232|15|2|1|5|1|1|1|1
3453966|1|1|1|196.01469765|15|2|1|5|1|1|1|1
3453967|1|1|1|185.86914642|15|2|1|5|1|1|1|1
3453968|1|1|1|137.58601272|15|2|1|5|1|1|1|1
3453969|1|1|1|163.78116959|15|2|1|5|1|1|1|1
3453970|1|1|1|110.47146289|15|2|1|5|1|1|1|1
3453971|1|1|1|153.67109284|15|2|1|5|1|1|1|1
3453972|1|1|1|85.886454698|15|2|1|1|1|1|1|1
3453973|1|1|1|167.04212687|15|2|1|1|1|1|1|1
3453974|1|1|1|181.60758885|15|2|1|1|1|1|1|1
3453975|1|1|1|154.87568147|15|2|1|1|1|1|1|1
3453976|1|1|1|199.4644608|15|2|1|1|1|1|1|1
3453977|1|1|1|181.60758885|15|2|1|1|1|1|1|1
3453978|1|1|1|104.54117208|15|2|1|4|1|1|1|1
3453979|1|1|1|113.37449196|15|1|1|4|1|1|1|1
3453980|1|1|1|60.847995121|15|2|1|4|1|1|1|1
3453981|1|1|1|91.033323301|15|2|1|4|1|1|1|1
3453982|1|1|1|138.98426061|15|1|1|4|1|1|1|1
3453983|1|1|1|103.70878736|15|2|1|4|1|1|1|1
3453984|1|1|1|132.21318697|15|2|1|5|1|1|1|1
3453985|1|1|1|217.2197331|15|2|1|5|1|1|1|1
3453986|1|1|1|114.08999085|15|2|1|5|1|1|1|1
3453987|1|1|1|207.81496948|15|2|1|5|1|1|1|1
3453988|1|1|1|132.21318697|15|2|1|5|1|1|1|1
3453989|1|1|1|114.08999085|15|2|1|5|1|1|1|1
3453990|1|1|1|114.08999085|15|2|1|5|1|1|1|1
3453991|1|1|1|132.21318697|15|2|1|5|1|1|1|1
3453992|1|1|1|159.32480993|15|1|1|3|1|1|1|1
3453993|1|1|1|111.80616699|15|1|1|3|1|1|1|1
3453994|1|1|1|149.41346862|15|1|1|3|1|1|1|1
3453995|1|1|1|96.24365491|15|1|1|3|1|1|1|1
3453996|1|1|1|96.645171225|15|1|1|3|1|1|1|1
3453997|1|1|1|141.00140167|15|1|1|3|1|1|1|1
3453998|1|1|1|485.3821121|17|2|1|4|1|1|1|1
3453999|1|1|1|508.25513337|17|2|1|4|1|1|1|1
3454000|1|1|1|669.13359221|17|2|1|4|1|1|1|1
3454001|1|1|1|616.46637626|17|2|1|4|1|1|1|1
3454002|1|1|1|370.63407453|17|2|1|4|1|1|1|1
3454003|1|1|1|513.99381315|17|2|1|4|1|1|1|1
3454004|1|1|1|485.3821121|17|2|1|4|1|1|1|1
3454005|1|1|1|555.56804826|17|2|1|4|1|1|1|1
3454006|1|1|1|423.30129047|17|2|1|4|1|1|1|1
3454007|1|1|1|394.47757387|17|2|1|4|1|1|1|1
3454008|1|1|1|376.72488758|17|2|1|4|1|1|1|1
3454009|1|1|1|306.33471547|17|2|1|3|1|1|1|1
3454010|1|1|1|509.27743373|17|2|1|4|1|1|1|1
3454011|1|1|1|562.45190707|17|2|1|4|1|1|1|1
3454012|1|1|1|431.19906009|17|2|1|4|1|1|1|1
3454013|1|1|1|398.9315977|17|2|1|4|1|1|1|1
3454014|1|1|1|408.99234997|17|2|1|3|1|1|1|1
3454015|1|1|1|431.19906009|17|2|1|3|1|1|1|1
3454016|1|1|1|412.52859219|17|2|1|4|1|1|1|1
3454017|1|1|1|509.27743373|17|2|1|4|1|1|1|1
3454018|1|1|1|777.90710124|17|2|1|3|1|1|1|1
3454019|1|1|1|281.93399831|17|2|1|3|1|1|1|1
3454020|1|1|1|459.00095291|17|2|1|3|2|1|1|1
3454021|1|1|1|425.80729484|17|2|1|3|1|1|1|1
3454022|1|1|1|534.24895504|17|2|1|3|2|1|1|1
3454023|1|1|1|617.78609402|17|2|1|3|1|1|1|1
3454024|1|1|1|620.84860356|17|2|1|3|1|1|1|1
3454025|1|1|1|379.86426164|17|2|1|3|1|1|1|1
3454026|1|1|1|624.35470883|17|2|1|3|1|1|1|1
3454027|1|1|1|512.83549401|17|2|1|3|1|1|1|1
3454028|1|1|1|320.444997|17|2|1|3|1|1|1|1
3454029|1|1|1|231.56761478|17|2|1|3|1|1|1|1
3454030|1|1|1|608.35682747|17|2|1|3|1|1|1|1
3454031|1|1|1|646.74647487|17|2|1|3|1|1|1|1
3454032|1|1|1|388.17661303|17|2|1|3|1|1|1|1
3454033|1|1|1|397.76488699|17|2|1|3|1|1|1|1
3454034|1|1|1|247.87417237|17|2|1|3|1|1|1|1
3454035|1|1|1|364.52290913|17|2|1|3|1|1|1|1
3454036|1|1|1|337.2449525|17|3|1|3|2|1|1|1
3454037|1|1|1|337.2449525|17|3|1|3|2|1|1|1
3454038|1|1|1|337.2449525|17|3|1|3|2|1|1|1
3454039|1|1|1|364.52290913|17|3|1|3|2|1|1|1
3454040|1|1|1|337.2449525|17|3|1|3|2|1|1|1
3454041|1|1|1|439.03626998|17|3|1|3|2|1|1|1
3454042|1|1|1|337.2449525|17|3|1|3|2|1|1|1
3454043|1|1|1|391.97192338|17|2|1|3|1|1|1|1
3454044|1|1|1|391.97192338|17|2|1|3|1|1|1|1
3454045|1|1|1|349.44217614|17|2|1|3|1|1|1|1
3454046|1|1|1|362.63990374|17|2|1|3|1|1|1|1
3454047|1|1|1|447.04337876|17|2|1|3|1|1|1|1
3454048|1|1|1|358.59107236|17|2|1|3|1|1|1|1
3454049|1|1|1|206.07921986|17|2|1|3|1|1|1|1
3454050|1|1|1|434.93773977|17|2|1|3|1|1|1|1
3454051|1|1|1|358.59107236|17|2|1|3|1|1|1|1
3454052|1|1|1|409.37996648|17|2|1|3|1|1|1|1
3454053|1|1|1|293.53147491|17|1|1|2|1|1|1|1
3454054|1|1|1|391.87417961|17|1|1|2|1|1|1|1
3454055|1|1|1|396.28197264|17|1|1|2|1|1|1|1
3454056|1|1|1|370.04845489|17|1|1|2|1|1|1|1
3454057|1|1|1|459.87045259|17|1|1|2|1|1|1|1
3454058|1|1|1|289.36033065|17|1|1|2|1|1|1|1
3454059|1|1|1|364.9618659|17|2|1|2|1|1|1|1
3454060|1|1|1|335.97593432|17|1|1|2|1|1|1|1
3454061|1|1|1|367.81679084|17|2|1|3|1|1|1|1
3454062|1|1|1|336.49302308|17|2|1|3|1|1|1|1
3454063|1|1|1|321.3498173|17|2|1|3|1|1|1|1
3454064|1|1|1|614.46608852|17|2|1|3|1|1|1|1
3454065|1|1|1|419.49448707|17|2|1|3|1|1|1|1
3454066|1|1|1|317.55049373|17|1|1|3|1|1|1|1
3454067|1|1|1|314.00565015|17|2|1|3|1|1|1|1
3454068|1|1|1|336.49302308|17|2|1|3|1|1|1|1
3454069|1|1|1|336.49302308|17|2|1|3|1|1|1|1
3454070|1|1|1|582.11873112|17|2|1|6|1|1|1|1
3454071|1|1|1|508.57859823|17|1|1|6|1|1|1|1
3454072|1|1|1|522.1606138|17|1|1|6|1|1|1|1
3454073|1|1|1|597.59239841|17|2|1|6|1|1|1|1
3454074|1|1|1|582.11873112|17|2|1|6|1|1|1|1
3454075|1|1|1|443.53092455|17|2|1|6|1|1|1|1
3454076|1|1|1|369.50432723|17|2|1|1|1|1|1|1
3454077|1|1|1|434.17669934|17|2|1|1|1|1|1|1
3454078|1|1|1|422.93441144|17|2|1|1|1|1|1|1
3454079|1|1|1|441.71754367|17|2|1|1|1|1|1|1
3454080|1|1|1|355.26409005|17|2|1|1|1|1|1|1
3454081|1|1|1|447.40753704|17|2|1|1|1|1|1|1
3454082|1|1|1|607.07994561|17|2|1|1|1|1|1|1
3454083|1|1|1|608.56226753|17|2|1|1|1|1|1|1
3454084|1|1|1|360.64003664|17|2|1|2|1|1|1|1
3454085|1|1|1|268.85012233|17|2|1|2|1|1|1|1
3454086|1|1|1|513.79781154|17|1|1|2|1|1|1|1
3454087|1|1|1|294.64149575|17|1|1|2|1|1|1|1
3454088|1|1|1|364.56581947|17|1|1|2|1|1|1|1
3454089|1|1|1|330.25610742|17|1|1|2|1|1|1|1
3454090|1|1|1|166.24878241|17|1|1|2|1|1|1|1
3454091|1|1|1|316.21264407|17|2|1|2|1|1|1|1
3454092|1|1|1|442.44132907|17|2|1|2|1|1|1|1
3454093|1|1|1|272.99863342|17|2|1|2|1|1|1|1
3454094|1|1|1|380.85074023|17|2|1|2|1|1|1|1
3454095|1|1|1|434.79238559|17|2|1|3|1|1|1|1
3454096|1|1|1|379.86426164|17|2|1|3|1|1|1|1
3454097|1|1|1|523.66976781|17|2|1|3|1|1|1|1
3454098|1|1|1|486.94308733|17|1|1|3|1|1|1|1
3454099|1|1|1|402.25602768|17|3|1|3|1|1|1|1
3454100|1|1|1|331.2792708|17|2|1|3|1|1|1|1
3454101|1|1|1|495.79097842|17|1|1|2|1|1|1|1
3454102|1|1|1|454.11650083|17|2|1|2|1|1|1|1
3454103|1|1|1|765.79491593|17|1|1|2|1|1|1|1
3454104|1|1|1|606.47143238|17|2|1|2|1|1|1|1
3454105|1|1|1|735.19006954|17|2|1|2|1|1|1|1
3454106|1|1|1|338.19196293|17|2|1|2|1|1|1|1
3454107|1|1|1|555.71941152|17|1|1|2|1|1|1|1
3454108|1|1|1|659.35742158|17|1|1|2|1|1|1|1
3454109|1|1|1|103.05119883|18|1|1|1|1|1|1|1
3454110|1|1|1|119.13736178|18|2|1|1|1|1|1|1
3454111|1|1|1|161.93892985|18|1|1|1|1|1|1|1
3454112|1|1|1|80.314168973|18|1|1|1|1|1|1|1
3454113|1|1|1|182.19399739|18|2|1|1|1|1|1|1
3454114|1|1|1|129.68114381|18|2|1|1|1|1|1|1
3454115|1|1|1|128.84936368|18|2|1|1|1|1|1|1
3454116|1|1|1|90.223156032|18|1|1|1|1|1|1|1
3454117|1|1|1|71.151456765|18|2|1|1|1|1|1|1
3454118|1|1|1|64.824071759|18|1|1|1|1|1|1|1
3454119|1|1|1|72.955788949|18|2|1|1|1|1|1|1
3454120|1|1|1|114.30983283|18|1|1|1|1|1|1|1
3454121|1|1|1|102.46387833|18|2|1|1|1|1|1|1
3454122|1|1|1|99.099438189|18|1|1|1|1|1|1|1
3454123|1|1|1|111.48091632|18|2|1|1|1|1|1|1
3454124|1|1|1|123.13348333|18|2|1|1|1|1|1|1
3454125|1|1|1|143.11073602|18|1|1|1|1|1|1|1
3454126|1|1|1|95.776210709|18|1|1|1|1|1|1|1
3454127|1|1|1|154.75299079|18|2|1|1|1|1|1|1
3454128|1|1|1|109.43368342|18|1|1|1|1|1|1|1
3454129|1|1|1|148.64915728|18|2|1|1|2|1|1|1
3454130|1|1|1|116.31087153|18|1|1|1|1|1|1|1
3454131|1|1|1|164.28089897|18|2|1|1|1|1|1|1
3454132|1|1|1|182.32620988|18|1|1|1|1|1|1|1
3454133|1|1|1|123.43894361|18|1|1|1|1|1|1|1
3454134|1|1|1|50.007818706|18|1|1|1|1|1|1|1
3454135|1|1|1|128.07984791|18|2|1|1|1|1|1|1
3454136|1|1|1|113.69061501|18|1|1|1|1|1|1|1
3454137|1|1|1|96.048812556|18|1|1|1|1|1|1|1
3454138|1|1|1|54.023380417|18|1|1|1|1|1|1|1
3454139|1|1|1|54.935050385|18|2|1|1|1|1|1|1
3454140|1|1|1|80.743845657|18|1|1|1|1|1|1|1
3454141|1|1|1|125.84346892|18|1|1|1|1|1|1|1
3454142|1|1|1|136.90074914|18|1|1|1|1|1|1|1
3454143|1|1|1|169.88868305|18|1|1|2|1|1|1|1
3454144|1|1|1|94.437593878|18|2|1|2|1|1|1|1
3454145|1|1|1|153.48233026|18|2|1|2|1|1|1|1
3454146|1|1|1|121.29883775|18|2|1|2|1|1|1|1
3454147|1|1|1|217.02520277|18|1|1|2|1|1|1|1
3454148|1|1|1|139.7600575|18|1|1|2|1|1|1|1
3454149|1|1|1|154.88475678|18|1|1|2|1|1|1|1
3454150|1|1|1|67.510555253|18|2|1|2|1|1|1|1
3454151|1|1|1|75.976374122|18|2|1|2|1|1|1|1
3454152|1|1|1|173.68548505|18|2|1|2|1|1|1|1
3454153|1|1|1|153.48233026|18|2|1|2|1|1|1|1
3454154|1|1|1|107.0808195|18|2|1|1|1|1|1|1
3454155|1|1|1|162.80542792|18|1|1|1|1|1|1|1
3454156|1|1|1|109.20329603|18|2|1|1|1|1|1|1
3454157|1|1|1|107.0808195|18|2|1|1|1|1|1|1
3454158|1|1|1|107.36540292|18|2|1|1|1|1|1|1
3454159|1|1|1|46.673964126|18|2|1|1|1|1|1|1
3454161|1|1|1|141.80927435|18|1|1|1|1|1|1|1
3454162|1|1|1|107.94247352|18|1|1|1|1|1|1|1
3454163|1|1|1|136.79210428|18|2|1|1|1|1|1|1
3454164|1|1|1|156.84720447|18|2|1|1|1|1|1|1
3454165|1|1|1|139.74586106|18|1|1|1|1|1|1|1
3454166|1|1|1|118.1620117|18|2|1|1|1|1|1|1
3454167|1|1|1|205.35112371|18|2|1|1|1|1|1|1
3454168|1|1|1|142.05760094|18|2|1|1|1|1|1|1
3454169|1|1|1|188.76520338|18|2|1|1|1|1|1|1
3454170|1|1|1|136.79210428|18|2|1|1|1|1|1|1
3454171|1|1|1|162.485314|18|2|1|1|1|1|1|1
3454172|1|1|1|55.008600577|18|1|1|1|1|1|1|1
3454173|1|1|1|97.833253052|18|1|1|1|1|1|1|1
3454174|1|1|1|167.1114192|18|1|1|1|1|1|1|1
3454175|1|1|1|167.1114192|18|2|1|1|1|1|1|1
3454176|1|1|1|141.85690822|18|1|1|1|1|1|1|1
3454177|1|1|1|118.76848555|18|1|1|1|1|1|1|1
3454178|1|1|1|140.37878843|18|1|1|1|1|1|1|1
3454179|1|1|1|157.30457067|18|1|1|3|1|1|1|1
3454180|1|1|1|192.52650607|18|1|1|3|1|1|1|1
3454181|1|1|1|75.011728059|18|1|1|3|1|1|1|1
3454182|1|1|1|172.58009476|18|2|1|3|1|1|1|1
3454183|1|1|1|142.05760094|18|1|1|3|1|1|1|1
3454184|1|1|1|185.78289224|18|1|1|3|1|1|1|1
3454185|1|1|1|136.79210428|18|1|1|3|1|1|1|1
3454186|1|1|1|140.60996147|18|1|1|3|1|1|1|1
3454187|1|1|1|178.19426875|18|1|1|3|1|1|1|1
3454188|1|1|1|141.85690822|18|2|1|1|1|1|1|1
3454189|1|1|1|126.5377963|18|1|1|1|1|1|1|1
3454190|1|1|1|156.20694463|18|2|1|1|1|1|1|1
3454191|1|1|1|126.5377963|18|1|1|1|1|1|1|1
3454192|1|1|1|88.130261703|18|2|1|1|1|1|1|1
3454193|1|1|1|55.008600577|18|1|1|1|1|1|1|1
3454194|1|1|1|78.427270354|18|2|1|1|1|1|1|1
3454195|1|1|1|97.833253052|18|1|1|1|1|1|1|1
3454196|1|1|1|150.59082405|18|1|1|1|1|1|1|1
3454197|1|1|1|100.03389574|18|2|1|2|1|1|1|1
3454198|1|1|1|114.56934021|18|2|1|2|1|1|1|1
3454199|1|1|1|164.06311273|18|2|1|2|1|1|1|1
3454200|1|1|1|169.87853621|18|2|1|2|1|1|1|1
3454201|1|1|1|78.557122051|18|2|1|2|1|1|1|1
3454202|1|1|1|177.14024576|18|2|1|2|1|1|1|1
3454203|1|1|1|203.89280374|18|1|1|2|1|1|1|1
3454204|1|1|1|129.99914377|18|2|1|2|1|1|1|1
3454205|1|1|1|153.55836785|18|2|1|1|1|1|1|1
3454206|1|1|1|86.634999377|18|1|1|1|1|1|1|1
3454207|1|1|1|130.05571168|18|1|1|1|2|1|1|1
3454208|1|1|1|74.835940746|18|2|1|1|1|1|1|1
3454209|1|1|1|65.418439982|18|2|1|1|1|1|1|1
3454210|1|1|1|74.546275481|18|1|1|1|1|1|1|1
3454211|1|1|1|89.680148665|18|1|1|1|1|1|1|1
3454212|1|1|1|61.844712029|18|1|1|1|1|1|1|1
3454213|1|1|1|84.492354909|18|1|1|1|1|1|1|1
3454214|1|1|1|93.386287004|18|2|1|1|1|1|1|1
3454215|1|1|1|120.78607828|18|2|1|1|1|1|1|1
3454216|1|1|1|120.78607828|18|1|1|1|1|1|1|1
3454217|1|1|1|194.43385551|18|1|1|1|1|1|1|1
3454218|1|1|1|70.422311463|18|1|1|1|1|1|1|1
3454219|1|1|1|130.06801262|18|1|1|1|2|1|1|1
3454220|1|1|1|171.44989191|18|1|1|1|1|1|1|1
3454221|1|1|1|120.78607828|18|1|1|1|1|1|1|1
3454222|1|1|1|124.73598813|18|1|1|1|1|1|1|1
3454223|1|1|1|130.04802457|18|2|1|1|1|1|1|1
3454224|1|1|1|94.023384126|18|1|1|1|1|1|1|1
3454225|1|1|1|94.343540471|18|1|1|1|1|1|1|1
3454226|1|1|1|62.778583094|18|2|1|1|1|1|1|1
3454227|1|1|1|59.092735428|18|2|1|1|1|1|1|1
3454228|1|1|1|84.124340717|18|2|1|1|1|1|1|1
3454229|1|1|1|109.79304313|18|1|1|1|1|1|1|1
3454230|1|1|1|145.83767162|18|1|1|1|1|1|1|1
3454231|1|1|1|159.92699526|18|1|1|1|1|1|1|1
3454232|1|1|1|147.42616258|18|1|1|1|1|1|1|1
3454233|1|1|1|155.03663069|18|1|1|1|1|1|1|1
3454234|1|1|1|65.010164318|18|1|1|1|1|1|1|1
3454235|1|1|1|161.03658706|18|1|1|1|1|1|1|1
3454236|1|1|1|105.33911661|18|1|1|1|1|1|1|1
3454237|1|1|1|118.2057869|18|1|1|1|1|1|1|1
3454238|1|1|1|75.978995944|18|1|1|1|1|1|1|1
3454239|1|1|1|102.40707681|18|1|1|1|1|1|1|1
3454240|1|1|1|90.939905216|18|1|1|1|1|1|1|1
3454241|1|1|1|104.94273256|18|1|1|1|1|1|1|1
3454242|1|1|1|174.88456772|19|2|1|2|2|1|1|1
3454243|1|1|1|170.34953488|19|2|1|2|1|1|1|1
3454244|1|1|1|235.41877934|19|2|1|2|1|1|1|1
3454245|1|1|1|163.78054059|19|1|1|2|1|1|1|1
3454246|1|1|1|161.59271046|19|1|1|2|1|1|1|1
3454247|1|1|1|168.55460712|19|1|1|2|1|1|1|1
3454248|1|1|1|189.77964303|19|2|1|2|1|1|1|1
3454249|1|1|1|161.59271046|19|2|1|2|1|1|1|1
3454250|1|1|1|191.03316812|19|2|1|2|1|1|1|1
3454251|1|1|1|103.91524199|19|2|1|2|1|1|1|1
3454252|1|1|1|293.10725487|19|1|1|4|2|1|1|1
3454253|1|1|1|291.9171575|19|2|1|4|1|1|1|1
3454254|1|1|1|260.26307481|19|2|1|4|2|1|1|1
3454255|1|1|1|299.68855468|19|2|1|4|1|1|1|1
3454256|1|1|1|260.26307481|19|2|1|4|2|1|1|1
3454257|1|1|1|209.72702011|19|1|1|4|1|1|1|1
3454258|1|1|1|184.20227741|19|2|1|4|2|1|1|1
3454259|1|1|1|295.02314785|19|2|1|4|2|1|1|1
3454260|1|1|1|260.26307481|19|2|1|4|2|1|1|1
3454261|1|1|1|190.78316478|19|2|1|2|2|1|1|1
3454262|1|1|1|153.69109496|19|1|1|2|1|1|1|1
3454263|1|1|1|171.33564832|19|1|1|2|1|1|1|1
3454264|1|1|1|90.092461988|19|2|1|2|1|1|1|1
3454265|1|1|1|165.68471606|19|1|1|2|2|1|1|1
3454266|1|1|1|193.2897516|19|1|1|2|1|1|1|1
3454267|1|1|1|186.5934779|19|2|1|2|1|1|1|1
3454268|1|1|1|209.02809743|19|1|1|2|1|1|1|1
3454269|1|1|1|117.13910428|19|1|1|2|1|1|1|1
3454270|1|1|1|193.07786873|19|1|1|2|1|1|1|1
3454271|1|1|1|197.37003254|19|1|1|2|2|1|1|1
3454272|1|1|1|333.28774831|19|1|1|2|1|1|1|1
3454273|1|1|1|294.16060009|19|1|1|2|1|1|1|1
3454274|1|1|1|99.101708187|19|1|1|2|2|1|1|1
3454275|1|1|1|292.43057267|19|1|1|2|2|1|1|1
3454276|1|1|1|216.07750675|19|1|1|2|2|1|1|1
3454277|1|1|1|211.78534293|19|1|1|2|2|1|1|1
3454278|1|1|1|112.20684167|19|1|1|2|2|1|1|1
3454279|1|1|1|396.67306063|19|1|1|2|1|1|1|1
3454280|1|1|1|272.90083369|19|1|1|2|1|1|1|1
3454281|1|1|1|275.86676612|19|1|1|2|1|1|1|1
3454282|1|1|1|154.14367931|19|1|1|2|1|1|1|1
3454283|1|1|1|245.14863726|19|1|1|2|1|1|1|1
3454284|1|1|1|318.91606992|19|1|1|2|1|1|1|1
3454285|1|1|1|274.73033362|19|1|1|2|1|1|1|1
3454286|1|1|1|190.61515508|19|1|1|2|1|1|1|1
3454287|1|1|1|268.03538162|19|1|1|2|1|1|1|1
3454288|1|1|1|286.17474718|19|1|1|2|2|1|1|1
3454289|1|1|1|242.67412343|19|1|1|2|1|1|1|1
3454290|1|1|1|382.33542286|19|1|1|2|1|1|1|1
3454291|1|1|1|296.48064549|19|1|1|2|1|1|1|1
3454292|1|1|1|279.89021685|19|2|1|2|1|1|1|1
3454293|1|1|1|287.30909693|19|2|1|2|1|1|1|1
3454294|1|1|1|218.64869374|19|1|1|3|1|1|1|1
3454295|1|1|1|225.30681758|19|1|1|3|1|1|1|1
3454296|1|1|1|215.39013088|19|1|1|3|1|1|1|1
3454297|1|1|1|229.16784393|19|1|1|3|1|1|1|1
3454298|1|1|1|241.5866131|19|1|1|3|1|1|1|1
3454299|1|1|1|152.44326407|19|3|1|3|2|1|1|1
3454300|1|1|1|244.15708787|19|3|1|3|1|1|1|1
3454301|1|1|1|152.44326407|19|3|1|3|1|1|1|1
3454302|1|1|1|117.12020058|19|1|1|3|2|1|1|1
3454303|1|1|1|248.01811422|19|3|1|3|1|1|1|1
3454304|1|1|1|244.15708787|19|3|1|3|2|1|1|1
3454305|1|1|1|155.05540607|19|1|1|4|1|1|1|1
3454306|1|1|1|116.85014624|19|1|1|4|1|1|1|1
3454307|1|1|1|113.78874074|19|1|1|4|1|1|1|1
3454308|1|1|1|314.79296456|19|1|1|4|1|1|1|1
3454309|1|1|1|120.09124078|19|1|1|4|1|1|1|1
3454310|1|1|1|192.63138838|19|1|1|4|1|1|1|1
3454311|1|1|1|196.65341601|19|1|1|4|1|1|1|1
3454312|1|1|1|139.65944942|19|1|1|4|1|1|1|1
3454313|1|1|1|120.87217388|19|1|1|4|1|1|1|1
3454314|1|1|1|170.04312326|19|2|1|4|1|1|1|1
3454315|1|1|1|191.79343514|19|2|1|4|1|1|1|1
3454316|1|1|1|488.81236834|19|2|1|4|1|1|1|1
3454317|1|1|1|269.14095347|19|2|1|4|1|1|1|1
3454318|1|1|1|175.89607392|19|2|1|4|1|1|1|1
3454319|1|1|1|154.14576205|19|2|1|4|1|1|1|1
3454320|1|1|1|386.64851277|19|1|1|1|1|1|1|1
3454321|1|1|1|115.61865955|19|1|1|1|1|1|1|1
3454322|1|1|1|236.01934434|19|1|1|1|1|1|1|1
3454323|1|1|1|196.13720284|19|2|1|1|1|1|1|1
3454324|1|1|1|258.06844823|19|1|1|1|1|1|1|1
3454325|1|1|1|362.76646616|19|1|1|1|1|1|1|1
3454326|1|1|1|257.46718937|19|1|1|1|1|1|1|1
3454327|1|1|1|212.62871895|19|1|1|1|2|1|1|1
3454328|1|1|1|214.87322422|19|2|1|1|1|1|1|1
3454329|1|1|1|98.255155762|19|2|1|1|1|1|1|1
3454330|1|1|1|167.25227061|19|1|1|1|1|1|1|1
3454331|1|1|1|219.59204503|19|1|1|1|2|1|1|1
3454332|1|1|1|182.55838587|19|1|1|1|1|1|1|1
3454333|1|1|1|174.1176691|19|1|1|1|1|1|1|1
3454334|1|1|1|171.70484831|19|1|1|1|1|1|1|1
3454335|1|1|1|247.54225311|19|1|1|1|1|1|1|1
3454336|1|1|1|167.93413011|19|1|1|1|1|1|1|1
3454337|1|1|1|92.487457231|19|2|1|1|1|1|1|1
3454338|1|1|1|165.62587028|19|1|1|1|1|1|1|1
3454339|1|1|1|152.0204345|19|1|1|1|2|1|1|1
3454340|1|1|1|129.42619916|19|1|1|1|2|1|1|1
3454341|1|1|1|138.65034928|19|1|1|1|2|1|1|1
3454342|1|1|1|82.211073094|19|1|1|1|2|1|1|1
3454343|1|1|1|148.66868499|19|1|1|1|2|1|1|1
3454344|1|1|1|81.604975763|19|1|1|1|2|1|1|1
3454345|1|1|1|152.0204345|19|1|1|1|1|1|1|1
3454346|1|1|1|158.10069223|19|1|1|1|2|1|1|1
3454347|1|1|1|72.07396959|19|1|1|1|1|1|1|1
3454348|1|1|1|275.0469479|19|2|1|1|1|1|1|1
3454349|1|1|1|230.22736827|19|2|1|1|1|1|1|1
3454350|1|1|1|133.51322235|19|2|1|1|1|1|1|1
3454351|1|1|1|166.44094923|19|2|1|1|1|1|1|1
3454352|1|1|1|173.3129366|19|2|1|1|1|1|1|1
3454353|1|1|1|178.69025442|19|2|1|1|1|1|1|1
3454354|1|1|1|165.68471606|19|2|1|1|1|1|1|1
3454355|1|1|1|183.91117741|19|2|1|1|1|1|1|1
3454356|1|1|1|201.08468707|19|1|1|2|2|1|1|1
3454357|1|1|1|192.0699067|19|1|1|2|1|1|1|1
3454358|1|1|1|144.83785564|19|2|1|2|1|1|1|1
3454359|1|1|1|287.47513191|19|1|1|2|1|1|1|1
3454360|1|1|1|302.24841213|19|1|1|2|1|1|1|1
3454361|1|1|1|110.47112947|19|2|1|2|1|1|1|1
3454362|1|1|1|130.06457542|19|2|1|2|1|1|1|1
3454363|1|1|1|219.83519161|19|1|1|2|1|1|1|1
3454364|1|1|1|177.29662648|19|1|1|2|1|1|1|1
3454365|1|1|1|192.93164652|20|1|1|3|1|1|1|1
3454366|1|1|1|241.26668257|20|1|1|3|1|1|1|1
3454367|1|1|1|278.63064512|20|1|1|3|1|1|1|1
3454368|1|1|1|148.37925429|20|1|1|3|1|1|1|1
3454369|1|1|1|232.05452015|20|1|1|3|1|1|1|1
3454370|1|1|1|302.12274077|20|2|1|3|1|1|1|1
3454371|1|1|1|277.52719468|20|1|1|3|1|1|1|1
3454372|1|1|1|148.37925429|20|2|1|2|1|1|1|1
3454373|1|1|1|248.71189291|20|1|1|2|1|1|1|1
3454374|1|1|1|282.13044721|20|1|1|2|1|1|1|1
3454375|1|1|1|263.31593248|20|1|1|2|1|1|1|1
3454376|1|1|1|248.71189291|20|2|1|1|1|1|1|1
3454377|1|1|1|848.7833155|20|1|1|2|1|1|1|1
3454378|1|1|1|248.71189291|20|1|1|1|1|1|1|1
3454379|1|1|1|372.25008167|20|2|1|1|1|1|1|1
3454380|1|1|1|457.55536749|20|2|1|2|1|1|1|1
3454381|1|1|1|597.07611305|20|2|1|2|1|1|1|1
3454382|1|1|1|317.41790589|20|1|1|2|1|1|1|1
3454383|1|1|1|266.66969305|20|1|1|2|1|1|1|1
3454384|1|1|1|609.69130249|20|1|1|2|1|1|1|1
3454385|1|1|1|211.02827277|20|1|1|2|1|1|1|1
3454386|1|1|1|521.65604437|20|1|1|2|1|1|1|1
3454387|1|1|1|259.43426372|20|1|1|2|1|1|1|1
3454388|1|1|1|546.32790021|20|1|1|2|1|1|1|1
3454389|1|1|1|274.39167505|20|1|1|2|1|1|1|1
3454390|1|1|1|211.02827277|20|1|1|2|1|1|1|1
3454391|1|1|1|428.72867952|20|1|1|2|1|1|1|1
3454393|1|1|1|440.22439342|20|1|1|2|1|1|1|1
3454394|1|1|1|490.01675548|20|2|1|2|1|1|1|1
3454395|1|1|1|357.29834688|20|1|1|2|1|1|1|1
3454396|1|1|1|279.44838648|20|1|1|2|1|1|1|1
3454397|1|1|1|235.21343205|20|1|1|2|1|1|1|1
3454398|1|1|1|636.56717946|20|1|1|2|1|1|1|1
3454399|1|1|1|427.46581141|20|1|1|2|1|1|1|1
3454400|1|1|1|484.70724864|20|1|1|2|1|1|1|1
3454401|1|1|1|321.39838288|20|1|1|2|1|1|1|1
3454402|1|1|1|496.14196492|20|2|1|2|1|1|1|1
3454403|1|1|1|210.25393653|20|1|1|2|1|1|1|1
3454404|1|1|1|434.94324338|20|2|1|2|1|1|1|1
3454405|1|1|1|494.76751004|20|2|2||1|1|1|1
3454406|1|1|1|242.85989902|20|2|1|2|1|1|1|1
3454407|1|1|1|191.56090916|20|2|1|2|1|1|1|1
3454408|1|1|1|241.45324054|20|2|1|2|1|1|1|1
3454409|1|1|1|503.43315399|20|2|1|2|1|1|1|1
3454410|1|1|1|266.85371681|20|2|1|2|1|1|1|1
3454411|1|1|1|390.37686601|20|1|1|2|1|1|1|1
3454412|1|1|1|575.12005329|20|2|1|3|1|1|1|1
3454413|1|1|1|509.16516043|20|2|1|2|1|1|1|1
3454414|1|1|1|373.99042384|20|2|1|2|1|1|1|1
3454415|1|1|1|225.39316165|20|2|1|3|1|1|1|1
3454416|1|1|1|334.1753427|20|2|1|3|1|1|1|1
3454417|1|1|1|470.37311529|20|2|1|3|1|1|1|1
3454418|1|1|1|621.88801375|20|2|1|3|1|1|1|1
3454419|1|1|1|236.63406425|20|1|1|3|1|1|1|1
3454420|1|1|1|236.63406425|20|1|1|3|1|1|1|1
3454421|1|1|1|236.63406425|20|1|1|1|1|1|1|1
3454422|1|1|1|386.02669211|20|2|1|3|1|1|1|1
3454423|1|1|1|542.22576163|20|2|1|3|1|1|1|1
3454424|1|1|1|225.6061101|20|1|1|3|1|1|1|1
3454425|1|1|1|427.07029023|20|1|1|3|1|1|1|1
3454426|1|1|1|150.24385032|20|1|1|3|1|1|1|1
3454427|1|1|1|326.40854218|20|1|1|3|1|1|1|1
3454428|1|1|1|226.72707564|20|1|1|3|1|1|1|1
3454429|1|1|1|498.18165899|20|2|1|1|1|1|1|1
3454430|1|1|1|592.27429881|20|2|1|1|1|1|1|1
3454431|1|1|1|341.14708826|20|1|1|1|1|1|1|1
3454432|1|1|1|467.33160858|20|1|1|1|1|1|1|1
3454433|1|1|1|437.21527656|20|2|1|1|1|1|1|1
3454434|1|1|1|460.37750974|20|2|1|1|1|1|1|1
3454435|1|1|1|367.64446868|20|2|1|1|1|1|1|1
3454436|1|1|1|267.1696486|20|1|1|1|1|1|1|1
3454437|1|1|1|337.62848893|20|2|1|1|1|1|1|1
3454438|1|1|1|454.00948338|20|2|1|1|1|1|1|1
3454439|1|1|1|493.55962582|20|2|1|1|1|1|1|1
3454440|1|1|1|450.4526649|20|2|1|1|1|1|1|1
3454441|1|1|1|240.89737565|20|2|1|1|1|1|1|1
3454442|1|1|1|268.19008304|20|2|1|1|1|1|1|1
3454443|1|1|1|277.77582078|20|1|1|1|1|1|1|1
3454444|1|1|1|241.29125162|20|1|1|1|1|1|1|1
3454445|1|1|1|170.27636369|20|1|1|1|1|1|1|1
3454446|1|1|1|245.09631245|20|1|1|1|1|1|1|1
3454447|1|1|1|245.09631245|20|2|1|3|1|1|1|1
3454448|1|1|1|410.56004651|20|2|1|3|1|1|1|1
3454449|1|1|1|330.09975713|20|1|1|3|1|1|1|1
3454450|1|1|1|321.08890754|20|1|1|1|1|1|1|1
3454451|1|1|1|330.09975713|20|2|1|1|1|1|1|1
3454452|1|1|1|468.63864833|20|1|1|2|1|1|1|1
3454453|1|1|1|260.97519803|20|1|1|1|1|1|1|1
3454454|1|1|1|236.63830856|20|1|1|1|1|1|1|1
3454455|1|1|1|228.2148113|20|2|1|1|1|1|1|1
3454456|1|1|1|329.01724337|20|1|1|1|1|1|1|1
3454457|1|1|1|426.4829379|20|1|1|1|1|1|1|1
3454458|1|1|1|245.09631245|20|1|1|1|1|1|1|1
3454459|1|1|1|409.02010025|20|2|1|4|1|1|1|1
3454460|1|1|1|544.90966313|20|1|1|1|1|1|1|1
3454461|1|1|1|592.27429881|20|1|1|1|1|1|1|1
3454462|1|1|1|566.12277852|20|2|1|1|1|1|1|1
3454463|1|1|1|532.95378495|20|2|1|1|1|1|1|1
3454464|1|1|1|382.84219137|20|2|1|1|1|1|1|1
3454465|1|1|1|293.99108041|20|2|1|1|1|1|1|1
3454466|1|1|1|284.06263593|20|2|1|1|1|1|1|1
3454467|1|1|1|225.36577548|20|2|1|1|1|1|1|1
3454468|1|1|1|217.69374908|20|2|1|1|1|1|1|1
3454469|1|1|1|483.54472544|20|2|1|1|1|1|1|1
3454470|1|1|1|328.51306065|20|2|1|1|1|1|1|1
3454471|1|1|1|369.80926571|20|2|1|1|1|1|1|1
3454472|1|1|1|572.11176949|20|2|1|1|1|1|1|1
3454473|1|1|1|535.34292549|20|2|1|1|1|1|1|1
3454474|1|1|1|478.29347789|20|2|1|1|1|1|1|1
3454475|1|1|1|411.11668986|20|2|1|1|1|1|1|1
3454476|1|1|1|356.11960244|20|2|1|1|1|1|1|1
3454477|1|1|1|620.57864718|20|2|1|1|1|1|1|1
3454478|1|1|1|383.89314079|20|2|1|1|1|1|1|1
3454479|1|1|1|349.26224525|20|2|1|1|1|1|1|1
3454480|1|1|1|323.08608278|20|2|1|1|1|1|1|1
3454481|1|1|1|470.39215392|20|2|1|1|1|1|1|1
3454482|1|1|1|238.39813219|20|2|1|1|1|1|1|1
3454483|1|1|1|550.65710027|20|2|1|2|1|1|1|1
3454484|1|1|1|271.43165185|20|2|1|2|1|1|1|1
3454486|1|1|1|121.33015335|23|1|1|3|1|1|1|1
3454487|1|1|1|158.67826483|23|2|1|3|1|1|1|1
3454488|1|1|1|121.33015335|23|2|1|3|1|1|1|1
3454489|1|1|1|121.33015335|23|2|1|3|1|1|1|1
3454490|1|1|1|366.67179986|23|1|1|3|1|1|1|1
3454491|1|1|1|388.76261986|23|1|1|3|1|1|1|1
3454492|1|1|1|483.1175007|23|1|1|3|1|1|1|1
3454494|1|1|1|389.34390008|23|2|1|3|1|1|1|1
3454495|1|1|1|101.10846112|23|1|1|5|1|1|1|1
3454496|1|1|1|302.40741975|23|1|1|5|1|1|1|1
3454497|1|1|1|267.81437195|23|2|1|5|1|1|1|1
3454498|1|1|1|223.77835238|23|1|1|5|1|1|1|1
3454499|1|1|1|364.82481764|23|1|1|5|1|1|1|1
3454500|1|1|1|101.10846112|23|1|1|5|1|1|1|1
3454501|1|1|1|223.77835238|23|1|1|5|1|1|1|1
3454503|1|1|1|379.97974328|23|1|1|2|1|1|1|1
3454504|1|1|1|407.04135009|23|1|1|2|1|1|1|1
3454505|1|1|1|407.04135009|23|1|1|2|1|1|1|1
3454506|1|1|1|246.93773393|23|1|1|2|1|1|1|1
3454507|1|1|1|209.69588035|23|1|1|2|1|1|1|1
3454508|1|1|1|335.38941358|23|1|1|2|1|1|1|1
3454509|1|1|1|132.08853236|23|1|1|2|1|1|1|1
3454510|1|1|1|150.87722954|23|1|1|2|1|1|1|1
3454511|1|1|1|385.43298091|23|1|1|1|1|1|1|1
3454512|1|1|1|283.81163011|23|2|1|1|1|1|1|1
3454513|1|1|1|280.31667086|23|1|1|1|1|1|1|1
3454514|1|1|1|234.4867107|23|1|1|1|1|1|1|1
3454515|1|1|1|279.72294047|23|1|1|1|1|1|1|1
3454516|1|1|1|398.24471138|23|1|1|1|1|1|1|1
3454517|1|1|1|295.07399814|23|1|1|1|1|1|1|1
3454518|1|1|1|318.09703883|23|1|1|1|1|1|1|1
3454519|1|1|1|158.56173838|23|1|1|1|1|1|1|1
3454520|1|1|1|126.38557641|23|2|1|1|1|1|1|1
3454521|1|1|1|165.89535944|23|2|1|1|1|1|1|1
3454522|1|1|1|163.91361176|23|2|1|1|1|1|1|1
3454523|1|1|1|152.61290242|23|1|1|1|1|1|1|1
3454524|1|1|1|236.30022679|23|1|1|1|1|1|1|1
3454525|1|1|1|258.44839741|23|1|1|1|1|1|1|1
3454526|1|1|1|195.97198986|23|1|1|1|1|1|1|1
3454527|1|1|1|202.16186101|23|1|1|1|1|1|1|1
3454528|1|1|1|169.40629631|23|1|1|1|1|1|1|1
3454529|1|1|1|246.11537342|23|1|1|1|1|1|1|1
3454530|1|1|1|357.70917007|23|1|1|1|1|1|1|1
3454531|1|1|1|263.45499927|23|2|1|1|1|1|1|1
3454532|1|1|1|347.76853271|23|2|1|1|1|1|1|1
3454533|1|1|1|245.32341635|23|1|1|3|1|1|1|1
3454534|1|1|1|131.44099946|23|2|1|3|1|1|1|1
3454535|1|1|1|131.44099946|23|2|1|3|1|1|1|1
3454536|1|1|1|290.91185809|23|1|1|3|1|1|1|1
3454537|1|1|1|131.44099946|23|2|1|3|2|1|1|1
3454538|1|1|1|217.29355718|23|2|1|3|1|1|1|1
3454539|1|1|1|144.489074|23|2|1|2|1|1|1|1
3454541|1|1|1|271.90210632|23|1|1|1|1|1|1|1
3454543|1|1|1|183.15781384|23|2|1|1|1|1|1|1
3454544|1|1|1|183.15781384|23|2|1|1|1|1|1|1
3454545|1|1|1|348.91819495|23|2|1|1|1|1|1|1
3454547|1|1|1|262.49808352|23|2|1|1|1|1|1|1
3454548|1|1|1|262.49808352|23|2|1|1|1|1|1|1
3454549|1|1|1|178.08133033|23|2|1|1|1|1|1|1
3454550|1|1|1|144.86237145|23|2|1|1|1|1|1|1
3454551|1|1|1|87.627332975|23|1|1|1|1|1|1|1
3454552|1|1|1|144.86237145|23|2|1|1|1|1|1|1
3454553|1|1|1|344.25336452|23|2|1|1|1|1|1|1
3454554|1|1|1|347.69455682|23|1|1|1|2|2|1|1
3454555|1|1|1|596.53560736|23|1|1|1|2|2|1|1
3454556|1|1|1|210.37485929|23|1|1|1|2|2|1|1
3454557|1|1|1|307.50521065|23|1|1|1|2|2|1|1
3454558|1|1|1|181.36563859|23|1|1|1|2|2|1|1
3454559|1|1|1|306.64965179|23|1|1|1|2|2|1|1
3454560|1|1|1|432.63875019|23|1|1|1|2|2|1|1
3454561|1|1|1|151.66269169|23|1|1|1|2|2|1|1
3454562|1|1|1|151.66269169|23|1|1|1|2|2|1|1
3454563|1|1|1|201.58863785|23|1|1|1|2|2|1|1
3454564|1|1|1|138.18156354|23|2|1|1|1|1|1|1
3454565|1|1|1|138.18156354|23|2|1|1|1|1|1|1
3454566|1|1|1|397.92883758|23|2|1|1|1|1|1|1
3454567|1|1|1|138.18156354|23|2|1|1|1|1|1|1
3454568|1|1|1|288.82578336|23|2|1|1|1|1|1|1
3454569|1|1|1|191.6748718|23|2|1|1|1|1|1|1
3454571|1|1|1|151.8987701|23|2|1|1|1|1|1|1
3454572|1|1|1|298.47433616|23|1|1|1|1|1|1|1
3454573|1|1|1|405.93406157|23|2|1|1|1|1|1|1
3454574|1|1|1|118.55513764|23|1|1|1|1|2|1|1
3454575|1|1|1|322.5679144|23|1|1|1|1|2|1|1
3454576|1|1|1|247.24946263|23|1|1|1|1|2|1|1
3454577|1|1|1|242.18592436|23|2|1|1|1|2|1|1
3454579|1|1|1|285.16201348|23|2|1|1|1|2|1|1
3454580|1|1|1|225.42500164|23|1|1|1|1|2|1|1
3454581|1|1|1|310.57860494|23|1|1|1|1|2|1|1
3454583|1|1|1|232.32453019|23|1|1|1|1|2|1|1
3454584|1|1|1|247.24946263|23|2|1|1|1|2|1|1
3454585|1|1|1|129.92462294|27|1|1|1|2|2|1|1
3454586|1|1|1|157.32919588|27|1|1|1|2|2|1|2
3454587|1|1|1|126.89655945|27|1|1|1|2|2|1|2
3454588|1|1|1|170.18274039|27|1|1|1|2|2|1|1
3454589|1|1|1|150.39400462|27|1|1|1|2|2|2|2
3454590|1|1|1|164.23443304|27|1|1|1|2|2|2|1
3454591|1|1|1|135.49928054|27|1|1|1|2|2|1|1
3454592|1|1|1|145.91495937|27|1|1|1|2|2|2|1
3454593|1|1|1|144.44569727|27|1|1|1|2|2|1|1
3454594|1|1|1|190.51427557|27|1|1|2|2|1|1|1
3454595|1|1|1|177.55252989|27|1|1|2|2|1|1|1
3454596|1|1|1|163.10058954|27|1|1|3|2|1|1|1
3454597|1|1|1|149.33367831|27|2|1|3|2|1|1|1
3454598|1|1|1|138.86245279|27|2|1|1|2|1|1|1
3454599|1|1|1|144.1141729|27|2|1|1|2|2|1|2
3454600|1|1|1|147.83965754|27|2|1|1|2|2|1|1
3454601|1|1|1|134.36984367|27|1|1|1|2|2|1|1
3454602|1|1|1|135.80620517|27|2|1|1|2|1|1|1
3454603|1|1|1|113.86075376|27|1|1|1|2|2|1|2
3454604|1|1|1|135.80620517|27|2|1|1|2|1|1|1
3454605|1|1|1|89.871300908|27|2|1|1|2|2|1|1
3454606|1|1|1|68.228982604|27|2|1|1|2|2|1|1
3454607|1|1|1|89.535949813|27|2|1|1|2|2|1|1
3454608|1|1|1|105.98928422|27|2|1|2|2|1|1|1
3454609|1|1|1|80.256470313|27|1|1|1|2|2|1|1
3454610|1|1|1|98.691540264|27|1|1|1|2|1|1|1
3454611|1|1|1|105.69075803|27|1|1|3|2|2|1|1
3454612|1|1|1|89.503629135|27|1|1|1|2|2|1|1
3454613|1|1|1|96.307014778|27|2|1|2|2|2|1|1
3454614|1|1|1|81.28765967|27|1|1|2|2|2|1|1
3454615|1|1|1|98.529598498|27|2|1|2|2|1|1|1
3454616|1|1|1|149.28906595|27|2|1|1|2|2|2|2
3454617|1|1|1|149.05846684|27|2|1|1|2|2|1|2
3454618|1|1|1|149.93871919|27|2|1|1|2|2|1|2
3454619|1|1|1|170.88849725|27|1|1|1|2|1|1|1
3454620|1|1|1|168.38244054|27|2|1|1|2|2|1|2
3454621|1|1|1|147.52935691|27|2|1|1|2|2|1|1
3454622|1|1|1|123.02903865|27|2|1|1|2|2|1|1
3454623|1|1|1|143.13562681|27|1|1|1|2|2|1|1
3454624|1|1|1|147.83862247|27|1|1|1|2|2|1|1
3454625|1|1|1|159.77200608|27|1|1|1|2|2|1|2
3454626|1|1|1|163.36759152|27|2|1|1|2|2|2|2
3454628|1|1|1|138.29485576|27|1|1|1|2|2|1|2
3454629|1|1|1|159.12906649|27|1|1|1|2|2|2|1
3454630|1|1|1|161.10309679|27|1|1|1|2|2|1|2
3454631|1|1|1|179.73651336|27|2|1|1|2|2|1|2
3454632|1|1|1|120.23766294|27|1|1|1|2|2|1|1
3454633|1|1|1|157.32919588|27|1|1|1|2|2|2|1
3454634|1|1|1|152.18788276|27|1|1|1|2|2|1|2
3454635|1|1|1|139.22858785|27|1|1|1|2|2|2|1
3454636|1|1|1|135.49928054|27|2|1|1|2|2|2|1
3454637|1|1|1|107.41391102|27|1|1|1|2|2|2|2
3454638|1|1|1|164.77655792|27|1|1|1|2|2|1|1
3454639|1|1|1|140.83339294|27|1|1|1|2|2|1|1
3454640|1|1|1|153.42206811|27|1|1|1|2|2|1|2
3454641|1|1|1|148.92474252|27|1|1|1|2|2|1|1
3454642|1|1|1|174.2067205|27|1|1|1|2|1|1|1
3454643|1|1|1|119.53873669|27|1|1|1|2|2|1|2
3454644|1|1|1|129.92462294|27|1|1|1|2|2|1|1
3454645|1|1|1|160.29751268|27|1|1|2|2|2|1|1
3454646|1|1|1|87.880830892|27|2|1|1|2|2|1|1
3454648|1|1|1|80.210135797|27|2|1|1|2|1|1|1
3454649|1|1|1|75.933186723|27|2|1|1|2|1|1|1
3454650|1|1|1|74.260231029|27|2|1|1|2|1|1|1
3454651|1|1|1|69.809720804|27|2|1|1|2|1|1|1
3454652|1|1|1|70.593327258|27|2|1|1|2|1|1|1
3454653|1|1|1|80.210135797|27|2|1|1|2|1|1|1
3454654|1|1|1|65.321205811|27|2|1|1|2|2|1|1
3454655|1|1|1|160.29751268|27|1|1|1|2|2|1|1
3454656|1|1|1|160.29751268|27|1|1|1|2|2|1|2
3454657|1|1|1|183.79495784|27|1|1|1|2|1|1|1
3454658|1|1|1|133.07292711|27|2|1|1|2|1|1|1
3454659|1|1|1|115.56212793|27|1|1|1|2|2|1|1
3454660|1|1|1|99.741730965|27|1|1|1|2|2|1|1
3454661|1|1|1|111.43205774|27|1|1|1|2|2|1|1
3454662|1|1|1|95.278056821|27|1|1|1|2|2|1|1
3454663|1|1|1|91.973164814|27|1|1|1|2|2|1|2
3454664|1|1|1|89.81665799|27|1|1|1|2|2|1|1
3454665|1|1|1|83.964324899|27|1|1|1|2|2|1|1
3454666|1|1|1|94.858650675|27|1|1|1|2|2|1|1
3454667|1|1|1|232.03375955|41|1|1|2|1|1|1|1
3454668|1|1|1|239.19753842|41|1|1|2|1|1|1|1
3454669|1|1|1|126.44124713|41|1|1|2|1|1|1|1
3454670|1|1|1|197.1151237|41|1|1|2|1|1|1|1
3454671|1|1|1|225.65699399|41|1|1|2|1|1|1|1
3454672|1|1|1|259.30461893|41|1|1|2|1|1|1|1
3454673|1|1|1|259.30461893|41|1|1|2|1|1|1|1
3454674|1|1|1|139.61754975|41|1|1|2|1|1|1|1
3454675|1|1|1|301.07219751|41|2|1|1|1|1|1|1
3454676|1|1|1|417.48262853|41|2|1|2|1|1|1|1
3454677|1|1|1|303.76903038|41|2|1|1|1|1|1|1
3454678|1|1|1|315.08074684|41|3|1|1|2|1|1|1
3454679|1|1|1|287.70333159|41|2|1|2|1|1|1|1
3454680|1|1|1|253.54003431|41|1|1|2|1|1|1|1
3454681|1|1|1|292.12826921|41|1|1|2|1|1|1|1
3454682|1|1|1|369.52884953|41|1|1|2|1|1|1|1
3454683|1|1|1|521.66419616|41|2|1|2|1|1|1|1
3454684|1|1|1|219.24667957|41|1|1|2|1|1|1|1
3454685|1|1|1|255.95745181|41|2|1|2|1|1|1|1
3454686|1|1|1|287.70333159|41|1|1|1|2|1|1|1
3454687|1|1|1|269.78586712|41|1|1|1|1|1|1|1
3454688|1|1|1|272.0231506|41|1|1|1|2|1|1|1
3454689|1|1|1|369.52884953|41|1|1|1|2|1|1|1
3454690|1|1|1|349.0639101|41|1|1|1|2|1|1|1
3454691|1|1|1|332.81807729|41|1|1|1|2|1|1|1
3454692|1|1|1|287.70333159|41|1|1|1|2|1|1|1
3454693|1|1|1|485.93928055|41|1|1|1|2|1|1|1
3454694|1|1|1|454.19340077|41|1|1|1|2|1|1|1
3454695|1|1|1|380.80978987|41|1|1|1|2|1|1|1
3454696|1|1|1|170.38434868|41|2|1|2|1|1|1|1
3454697|1|1|1|410.65450751|41|2|1|2|1|1|1|1
3454698|1|1|1|240.73797983|41|2|1|2|1|1|1|1
3454699|1|1|1|406.39888539|41|1|1|2|1|1|1|1
3454701|1|1|1|231.24502896|41|2|1|2|1|1|1|1
3454702|1|1|1|137.6909203|41|2|1|2|1|1|1|1
3454703|1|1|1|287.5842087|41|1|1|2|1|1|1|1
3454704|1|1|1|281.479834|41|2|1|2|1|1|1|1
3454705|1|1|1|277.22421189|41|1|1|2|1|1|1|1
3454706|1|1|1|316.73901389|41|2|1|2|1|1|1|1
3454707|1|1|1|209.89915068|41|2|1|2|1|1|1|1
3454708|1|1|1|405.4865842|41|1|1|3|1|1|1|1
3454709|1|1|1|163.1441179|41|1|1|3|1|1|1|1
3454710|1|1|1|228.80863759|41|1|1|3|1|1|1|1
3454711|1|1|1|159.21485064|41|1|1|3|1|1|1|1
3454712|1|1|1|197.54062127|41|1|1|3|1|1|1|1
3454713|1|1|1|370.96917997|41|1|1|3|1|1|1|1
3454714|1|1|1|218.63576248|41|1|1|3|1|1|1|1
3454715|1|1|1|214.24990286|41|2|1|4|1|1|1|1
3454716|1|1|1|202.55190868|41|2|1|4|1|1|1|1
3454717|1|1|1|358.95533683|41|2|1|4|1|1|1|1
3454718|1|1|1|215.70794118|41|2|1|4|1|1|1|1
3454719|1|1|1|173.43377172|41|2|1|4|1|1|1|1
3454720|1|1|1|202.55190868|41|2|1|4|1|1|1|1
3454721|1|1|1|183.736428|41|2|1|4|1|1|1|1
3454722|1|1|1|145.75388842|41|2|1|4|1|1|1|1
3454723|1|1|1|211.60484233|41|2|1|3|1|1|1|1
3454724|1|1|1|214.46537762|41|2|1|4|1|1|1|1
3454725|1|1|1|172.71311149|41|2|1|4|1|1|1|1
3454726|1|1|1|105.71168604|41|2|1|4|1|1|1|1
3454727|1|1|1|108.86399872|41|2|1|4|1|1|1|1
3454728|1|1|1|119.33990424|41|2|1|3|1|1|1|1
3454729|1|1|1|588.19836248|41|1|1|2|1|1|1|1
3454730|1|1|1|323.06972882|41|1|1|2|1|1|1|1
3454731|1|1|1|289.0562862|41|1|1|2|1|1|1|1
3454732|1|1|1|284.30065918|41|1|1|2|1|1|1|1
3454733|1|1|1|235.77043091|41|1|1|2|1|1|1|1
3454734|1|1|1|359.5132353|41|1|1|2|1|1|1|1
3454735|1|1|1|244.96768892|41|1|1|2|1|1|1|1
3454736|1|1|1|186.37692841|41|1|1|2|1|1|1|1
3454737|1|1|1|318.3141018|41|1|1|2|1|1|1|1
3454738|1|1|1|571.01264625|41|1|1|2|1|1|1|1
3454739|1|1|1|281.90356974|41|1|1|2|1|1|1|1
3454740|1|1|1|310.98300703|41|1|1|2|1|1|1|1
3454741|1|1|1|242.92314737|41|1|1|2|1|1|1|1
3454742|1|1|1|252.59292556|41|1|1|2|1|1|1|1
3454743|1|1|1|274.95678326|41|1|1|2|1|1|1|1
3454744|1|1|1|282.07124249|41|1|1|2|1|1|1|1
3454745|1|1|1|252.59292556|41|1|1|2|1|1|1|1
3454746|1|1|1|279.99376498|41|2|1|2|1|1|1|1
3454747|1|1|1|227.39074657|41|2|1|2|1|1|1|1
3454748|1|1|1|271.5960836|41|2|1|2|1|1|1|1
3454749|1|1|1|218.50435133|41|1|1|2|1|1|1|1
3454750|1|1|1|227.39074657|41|2|1|2|1|1|1|1
3454751|1|1|1|214.80953234|41|1|1|2|1|1|1|1
3454752|1|1|1|438.67669553|41|2|1|2|1|1|1|1
3454753|1|1|1|250.51544804|41|1|1|2|1|1|1|1
3454754|1|1|1|484.40246786|41|1|1|2|1|1|1|1
3454755|1|1|1|225.48162173|41|1|1|2|1|1|1|1
3454756|1|1|1|173.43377172|41|1|1|2|1|1|1|1
3454757|1|1|1|146.34684837|41|1|1|2|1|1|1|1
3454758|1|1|1|237.55426041|41|1|1|2|1|1|1|1
3454759|1|1|1|188.72580708|41|1|1|2|1|1|1|1
3454760|1|1|1|256.52407232|41|1|1|2|1|1|1|1
3454761|1|1|1|338.54727126|41|1|1|2|1|1|1|1
3454762|1|1|1|151.27224323|41|1|1|2|1|1|1|1
3454763|1|1|1|299.142402|41|1|1|2|1|1|1|1
3454764|1|1|1|220.20921715|41|1|1|2|1|1|1|1
3454765|1|1|1|130.04142473|41|1|1|2|1|1|1|1
3454766|1|1|1|159.75966893|41|1|1|2|1|1|1|1
3454767|1|1|1|266.20303356|41|1|1|2|1|1|1|1
3454768|1|1|1|438.8664431|41|1|1|2|1|1|1|1
3454769|1|1|1|130.04142473|41|1|1|2|1|1|1|1
3454770|1|1|1|218.39808291|41|2|1|2|1|1|1|1
3454771|1|1|1|240.50398803|41|1|1|2|1|1|1|1
3454772|1|1|1|220.20921715|41|4|1|2|2|1|1|1
3454773|1|1|1|291.54111098|41|1|1|2|1|1|1|1
3454774|1|1|1|195.64232655|41|1|1|2|1|1|1|1
3454775|1|1|1|321.06702465|41|1|1|2|1|1|1|1
3454776|1|1|1|275.8367367|41|1|1|2|1|1|1|1
3454777|1|1|1|221.14714177|41|1|1|2|1|1|1|1
3454778|1|1|1|199.22633277|41|1|1|1|1|1|1|1
3454779|1|1|1|155.47424998|41|1|1|2|1|1|1|1
3454780|1|1|1|172.03836445|41|1|1|2|1|1|1|1
3454781|1|1|1|344.67098675|41|1|1|2|1|1|1|1
3454782|1|1|1|207.48966845|41|1|1|2|1|1|1|1
3454783|1|1|1|323.69603047|41|1|1|2|1|1|1|1
3454784|1|1|1|212.34460225|41|2|1|1|1|1|1|1
3454785|1|1|1|281.12892844|41|2|1|1|1|1|1|1
3454787|1|1|1|181.94127304|41|2|1|1|1|1|1|1
3454788|1|1|1|217.25492719|41|2|1|1|1|1|1|1
3454789|1|1|1|168.71759926|41|2|1|1|1|1|1|1
3454790|1|1|1|191.15815509|41|2|1|1|1|1|1|1
3454791|1|1|1|148.84270162|41|2|1|1|1|1|1|1
3454792|1|1|1|212.34460225|41|2|1|1|1|1|1|1
3454793|1|1|1|162.50127675|41|2|1|1|1|1|1|1
3454794|1|1|1|233.16270051|41|2|1|2|1|1|1|1
3454795|1|1|1|211.59785624|41|2|1|2|1|1|1|1
3454796|1|1|1|252.32502882|41|1|1|2|1|1|1|1
3454797|1|1|1|233.16270051|41|1|1|2|1|1|1|1
3454798|1|1|1|231.24502896|41|1|1|2|1|1|1|1
3454799|1|1|1|504.0074028|41|1|1|2|1|1|1|1
3454800|1|1|1|135.99344157|41|1|1|2|1|1|1|1
3454801|1|1|1|260.37345461|41|1|1|2|1|1|1|1
3454802|1|1|1|260.37345461|41|2|1|2|1|1|1|1
3454803|1|1|1|273.43140821|41|2|1|2|1|1|1|1
3454804|1|1|1|231.24502896|41|1|1|2|1|1|1|1
3454805|1|1|1|195.97415114|41|2|1|2|1|1|1|1
3454806|1|1|1|244.96768892|41|1|1|1|2|2|1|1
3454807|1|1|1|385.86323512|41|1|1|1|2|1|1|1
3454808|1|1|1|385.86323512|41|1|1|1|2|1|1|1
3454809|1|1|1|278.98113154|41|1|1|1|2|1|1|1
3454810|1|1|1|230.643904|41|1|1|1|2|1|1|1
3454811|1|1|1|361.91032474|41|2|1|1|2|1|1|1
3454812|1|1|1|373.99704653|41|2|1|1|2|1|1|1
3454813|1|1|1|361.91032474|41|1|1|1|2|1|1|1
3454814|1|1|1|73.795305284|44|2|1|3|1|1|1|1
3454815|1|1|1|81.818680125|44|2|1|3|1|1|1|1
3454816|1|1|1|66.51642386|44|2|1|3|1|1|1|1
3454817|1|1|1|80.352723027|44|2|1|3|1|1|1|1
3454818|1|1|1|96.589358505|44|1|1|3|1|1|1|1
3454819|1|1|1|117.98186118|44|1|1|3|1|1|1|1
3454820|1|1|1|114.65465842|44|3|1|2|1|1|1|1
3454821|1|1|1|135.45027861|44|3|1|2|1|1|1|1
3454822|1|1|1|133.22110828|44|3|1|2|1|1|1|1
3454823|1|1|1|111.00292269|44|2|1|2|1|1|1|1
3454824|1|1|1|109.45473994|44|3|1|2|1|1|1|1
3454825|1|1|1|56.727483306|44|1|1|2|1|1|1|1
3454826|1|1|1|114.78960432|44|3|1|2|1|1|1|1
3454827|1|1|1|67.828232182|44|3|1|2|1|1|1|1
3454828|1|1|1|95.023462658|44|3|1|2|1|1|1|1
3454829|1|1|1|171.19588031|44|2|1|2|1|1|1|1
3454830|1|1|1|72.614616997|44|2|1|1|1|1|1|1
3454831|1|1|1|64.751490906|44|2|1|1|1|1|1|1
3454832|1|1|1|35.927406094|44|2|1|1|1|1|1|2
3454833|1|1|1|94.493693263|44|2|1|1|1|1|1|2
3454834|1|1|1|83.337165306|44|1|1|1|1|1|1|1
3454835|1|1|1|95.072207606|44|1|1|1|1|1|1|2
3454836|1|1|1|78.611398293|44|2|1|1|1|1|1|1
3454837|1|1|1|60.18152635|44|1|1|1|1|1|1|1
3454838|1|1|1|106.74549344|44|1|1|1|1|1|1|1
3454839|1|1|1|136.78491633|44|2|1|1|1|1|1|1
3454840|1|1|1|117.01877466|44|1|1|1|1|1|1|1
3454841|1|1|1|136.78491633|44|2|1|1|1|1|1|1
3454842|1|1|1|114.78960432|44|1|1|1|1|2|1|1
3454843|1|1|1|82.259509467|44|1|1|1|1|1|1|1
3454844|1|1|1|85.307421818|44|1|1|1|1|1|1|1
3454845|1|1|1|134.55574599|44|1|1|1|1|1|1|1
3454846|1|1|1|84.623625709|44|2|1|1|1|1|1|1
3454847|1|1|1|155.21642028|44|2|1|1|1|1|1|1
3454848|1|1|1|139.01408666|44|2|1|1|1|1|1|1
3454849|1|1|1|71.961969846|44|1|1|1|1|1|1|1
3454850|1|1|1|146.21943488|44|2|1|1|1|1|1|1
3454851|1|1|1|95.023462658|44|2|1|1|1|1|1|1
3454852|1|1|1|67.558340366|44|2|1|1|1|2|1|1
3454853|1|1|1|87.459427942|44|2|1|1|2|2|1|1
3454854|1|1|1|67.828232182|44|1|1|1|2|1|1|1
3454855|1|1|1|69.48595195|44|2|1|2|1|1|1|1
3454856|1|1|1|41.600154425|44|2|1|2|1|1|1|1
3454857|1|1|1|71.080555324|44|2|1|3|1|1|1|1
3454858|1|1|1|87.210450792|44|2|1|2|1|1|1|1
3454859|1|1|1|49.641743268|44|2|1|2|1|1|1|1
3454860|1|1|1|49.641743268|44|2|1|2|1|1|1|1
3454861|1|1|1|97.868405507|44|2|1|2|1|1|1|1
3454862|1|1|1|97.532038772|44|2|1|2|1|1|1|1
3454863|1|1|1|80.365769624|44|2|1|2|1|1|1|1
3454864|1|1|1|81.721131358|44|1|1|2|1|1|1|1
3454865|1|1|1|102.77056924|44|2|1|1|1|1|1|1
3454866|1|1|1|100.03132411|44|2|1|1|1|1|1|1
3454867|1|1|1|59.524885276|44|2|1|1|1|1|1|1
3454868|1|1|1|105.20748921|44|2|1|1|1|1|1|1
3454869|1|1|1|95.7522295|44|2|1|1|1|1|1|1
3454870|1|1|1|88.551980479|44|2|1|2|1|1|1|1
3454871|1|1|1|88.551980479|44|2|1|2|1|1|1|1
3454872|1|1|1|95.7522295|44|2|1|1|1|1|1|1
3454873|1|1|1|149.9790661|44|1|1|1|1|1|1|2
3454874|1|1|1|56.727483306|44|1|1|1|1|1|1|1
3454875|1|1|1|72.180056313|44|1|1|1|1|1|1|1
3454876|1|1|1|114.78960432|44|2|1|1|1|1|1|1
3454877|1|1|1|133.22110828|44|2|1|1|1|1|1|1
3454878|1|1|1|94.88851675|44|2|1|1|1|1|1|1
3454879|1|1|1|146.11857246|44|2|1|1|1|1|1|1
3454880|1|1|1|126.3524308|44|2|1|2|1|1|1|1
3454881|1|1|1|133.32197069|44|1|1|0|2|2|2|2
3454882|1|1|1|69.597853604|44|1|1|0|2|2|2|2
3454883|1|1|1|95.023462658|44|1|1|0|2|2|2|2
3454884|1|1|1|95.023462658|44|1|1|0|2|2|2|2
3454885|1|1|1|145.98362656|44|1|1|0|2|2|2|2
3454886|1|1|1|87.59437385|44|1|1|1|2|2|2|2
3454887|1|1|1|133.22110828|44|1|1|0|2|2|2|2
3454888|1|1|1|95.458446367|44|1|1|0|2|2|2|2
3454889|1|1|1|114.78960432|44|1|1|1|2|2|2|2
3454890|1|1|1|144.00064984|44|1|1|0|2|2|2|2
3454891|1|1|1|139.25386376|44|1|1|1|2|2|1|1
3454892|1|1|1|67.038555676|44|1|1|1|2|2|1|1
3454893|1|1|1|52.945651086|44|1|1|1|2|2|1|1
3454894|1|1|1|98.749470599|44|1|1|1|2|2|2|1
3454895|1|1|1|102.28370679|44|2|1|1|2|2|1|1
3454896|1|1|1|133.27120122|44|2|1|1|2|2|1|1
3454897|1|1|1|116.38031074|44|1|1|1|2|2|1|1
3454898|1|1|1|168.59788813|44|1|1|1|2|2|1|1
3454900|1|1|1|107.66889835|44|1|1|1|2|2|1|1
3454901|1|1|1|157.30914823|44|1|1|0|2|2|2|1
3454902|1|1|1|131.33899397|44|2|1|1|2|2|1|1
3454903|1|1|1|136.78491633|44|2|1|1|2|2|2|1
3454904|1|1|1|69.162869895|44|1|1|1|2|2|2|1
3454905|1|1|1|56.727483306|44|1|1|1|2|2|2|1
3454906|1|1|1|109.45473994|44|1|1|1|1|2|2|1
3454907|1|1|1|123.85336865|44|1|1|1|2|2|2|1
3454908|1|1|1|114.78960432|44|2|1|1|1|2|2|1
3454909|1|1|1|145.13696713|44|2|1|1|1|2|2|1
3454910|1|1|1|89.688598275|44|1|1|1|1|2|2|1
3454911|1|1|1|114.78960432|44|1|1|1|2|2|2|1
3454912|1|1|1|140.91865399|44|1|1|1|2|2|2|1
3454913|1|1|1|128.7996876|44|1|1|1|1|2|1|1
3454914|1|1|1|87.59437385|44|1|1|1|2|2|1|1
3454915|1|1|1|182.21720654|44|1|1|1|2|2|2|1
3454916|1|1|1|153.76574774|44|1|1|1|2|2|1|1
3454917|1|1|1|136.78491633|44|1|1|1|1|1|1|1
3454918|1|1|1|109.58968585|44|1|1|1|1|2|1|1
3454919|1|1|1|144.88479716|44|1|1|1|1|2|1|1
3454920|1|1|1|99.157200321|44|1|1|1|1|2|1|1
3454921|1|1|1|67.693286274|44|2|1|1|2|2|1|2
3454923|1|1|1|179.58444264|47|1|1|4|1|1|1|1
3454924|1|1|1|241.72047419|47|2|1|4|1|1|1|1
3454925|1|1|1|136.22334763|47|2|1|4|1|1|1|1
3454926|1|1|1|189.93148352|47|1|1|4|1|1|1|1
3454927|1|1|1|341.58516916|47|2|1|4|1|1|1|1
3454929|1|1|1|336.24790089|47|1|1|3|1|1|1|1
3454930|1|1|1|176.74492655|47|2|1|3|1|1|1|1
3454932|1|1|1|326.06253252|47|1|1|3|1|1|1|1
3454933|1|1|1|134.09485782|47|1|1|3|1|1|1|1
3454934|1|1|1|366.85695184|47|1|1|3|1|1|1|1
3454935|1|1|1|245.02836108|47|2|1|3|1|1|1|1
3454936|1|1|1|306.00177703|47|1|1|3|1|1|1|1
3454937|1|1|1|134.09485782|47|2|1|3|1|1|1|1
3454938|1|1|1|394.34596705|47|1|1|3|1|1|1|1
3454940|1|1|1|176.57692608|47|2|1|4|1|1|1|1
3454941|1|1|1|277.59152385|47|2|1|4|1|1|1|1
3454942|1|1|1|126.6451435|47|1|1|4|1|1|1|1
3454943|1|1|1|402.7942813|47|1|1|4|1|1|1|1
3454944|1|1|1|126.6451435|47|1|1|4|1|1|1|1
3454945|1|1|1|126.6451435|47|1|1|4|1|1|1|1
3454946|1|1|1|488.02110065|47|2|1|4|1|1|1|1
3454947|1|1|1|449.43636808|47|2|1|3|1|1|1|1
3454948|1|1|1|299.170338|47|2|1|3|1|1|1|2
3454949|1|1|1|396.7008723|47|1|1|3|1|1|1|1
3454950|1|1|1|323.0849501|47|2|1|3|1|1|1|1
3454951|1|1|1|651.38280351|47|1|1|3|1|1|1|2
3454952|1|1|1|220.08590505|47|2|1|3|1|1|1|2
3454953|1|1|1|240.78164353|47|2|1|3|1|1|1|1
3454954|1|1|1|423.05465981|47|2|1|3|1|1|1|1
3454955|1|1|1|457.20956869|47|2|1|3|1|1|1|1
3454957|1|1|1|371.09122108|47|2|1|1|1|1|1|1
3454958|1|1|1|310.74273187|47|1|1|1|1|1|1|1
3454959|1|1|1|211.30098808|47|1|1|1|1|1|1|1
3454960|1|1|1|563.76299833|47|2|1|1|1|1|1|1
3454961|1|1|1|211.30098808|47|2|1|1|1|1|1|1
3454962|1|1|1|447.09768392|47|2|1|1|1|1|1|1
3454963|1|1|1|294.60963069|47|2|1|1|1|1|1|1
3454964|1|1|1|406.55230479|47|2|1|1|1|1|1|1
3454965|1|1|1|406.55230479|47|2|1|1|1|1|1|1
3454967|1|1|1|723.55255062|47|2|1|1|1|1|1|1
3454968|1|1|1|489.86739502|47|1|1|1|2|2|1|2
3454969|1|1|1|223.4914297|47|1|1|1|1|2|1|2
3454970|1|1|1|612.88798517|47|1|1|1|2|2|1|2
3454971|1|1|1|862.12607726|47|2|1|1|1|2|1|2
3454972|1|1|1|223.4914297|47|1|1|1|1|2|1|2
3454974|1|1|1|489.86739502|47|1|1|1|2|2|1|2
3454975|1|1|1|531.94917223|47|2|1|1|2|2|1|2
3454976|1|1|1|629.91944774|47|1|1|1|2|2|1|1
3454977|1|1|1|629.91944774|47|2|1|1|2|2|1|2
3454978|1|1|1|477.51146591|47|2|1|1|1|1|1|1
3454979|1|1|1|531.94917223|47|2|1|1|1|1|1|1
3454980|1|1|1|261.19613371|47|1|1|1|1|1|1|1
3454981|1|1|1|526.46194024|47|1|1|1|1|1|1|1
3454982|1|1|1|710.81343758|47|2|1|1|1|1|1|1
3454983|1|1|1|396.57265297|47|1|1|1|1|1|1|1
3454985|1|1|1|612.88798517|47|1|1|1|1|1|1|1
3454987|1|1|1|430.00724546|47|2|1|1|1|1|1|1
3454988|1|1|1|204.51921485|47|2|1|2|1|1|1|1
3454989|1|1|1|244.89298672|47|2|1|2|1|1|1|1
3454990|1|1|1|326.26107231|47|2|1|2|1|1|1|1
3454991|1|1|1|168.34702885|47|2|1|2|1|1|1|1
3454992|1|1|1|326.26107231|47|2|1|2|1|1|1|1
3454993|1|1|1|471.00911116|47|2|1|2|1|1|1|1
3454994|1|1|1|379.01487796|47|2|1|2|1|1|1|1
3454995|1|1|1|167.1258663|47|2|1|2|1|1|1|1
3454996|1|1|1|181.04131512|47|2|1|2|1|1|1|1
3454997|1|1|1|283.70622519|47|2|1|1|1|1|1|2
3454998|1|1|1|119.19542918|47|2|1|1|1|1|1|2
3454999|1|1|1|461.9426942|47|2|1|1|1|1|1|2
3455000|1|1|1|416.1407299|47|2|1|1|1|1|1|2
3455001|1|1|1|182.93466336|47|1|1|1|1|1|1|2
3455002|1|1|1|298.88702301|47|1|1|1|1|1|1|2
3455003|1|1|1|350.52974849|47|1|1|1|1|1|1|2
3455004|1|1|1|241.74551989|47|1|1|1|1|1|1|2
3455005|1|1|1|136.8109868|47|1|1|1|1|1|1|2
3455006|1|1|1|166.19004808|47|1|1|1|1|1|1|2
3455007|1|1|1|298.88702301|47|2|1|1|1|1|1|2
3455008|1|1|1|119.19542918|47|1|1|1|1|1|1|2
3455010|1|1|1|283.70622519|47|1|1|1|1|1|1|2
3455011|1|1|1|504.37185133|47|2|1|3|1|1|1|1
3455012|1|1|1|201.14228673|47|2|1|3|1|1|1|1
3455013|1|1|1|201.14228673|47|1|1|3|1|1|1|1
3455014|1|1|1|489.09379878|47|1|1|3|1|1|1|1
3455015|1|1|1|504.37185133|47|2|1|3|1|1|1|1
3455016|1|1|1|397.18871527|47|2|1|3|1|1|1|1
3455017|1|1|1|643.72080436|47|2|1|3|1|1|1|1
3455019|1|1|1|418.44183222|47|2|1|3|1|1|1|1
3455020|1|1|1|244.20955879|47|2|1|3|1|1|1|1
3455023|1|1|1|210.11615016|47|2|1|3|1|1|1|1
3455024|1|1|1|370.13447611|47|2|1|3|1|1|1|1
3455025|1|1|1|366.33364133|47|2|1|3|1|1|1|1
3455026|1|1|1|834.36800423|47|2|1|3|1|1|1|1
3455027|1|1|1|667.22670986|47|2|1|3|1|1|1|1
3455028|1|1|1|380.35580816|47|2|1|3|1|1|1|1
3455029|1|1|1|208.59200106|47|2|1|3|1|1|1|1
3455030|1|1|1|208.59200106|47|2|1|3|1|1|1|1
3455032|1|1|1|537.87387729|47|2|1|3|1|1|1|1
3455033|1|1|1|208.59200106|47|1|1|3|1|1|1|1
3455034|1|1|1|343.39787511|47|2|1|1|1|2|1|2
3455035|1|1|1|432.62258595|47|2|1|1|1|2|1|2
3455036|1|1|1|617.69984756|47|1|1|1|1|2|1|1
3455037|1|1|1|579.68620622|47|1|1|1|1|2|1|1
3455038|1|1|1|246.3372203|47|2|1|1|1|2|1|1
3455041|1|1|1|480.89650885|47|2|1|1|1|2|1|1
3455042|1|1|1|497.99794433|47|2|1|1|1|2|1|1
3455043|1|1|1|619.60923966|47|1|1|1|1|2|1|1
3455044|1|1|1|560.41316815|47|2|1|1|1|2|1|1
3455045|1|1|1|396.57265297|47|2|1|1|1|2|1|1
3455048|1|1|1|560.41316815|47|1|1|1|1|2|1|1
3455049|1|1|1|325.97103123|47|1|1|1|1|2|1|1
3455050|1|1|1|440.91692069|47|1|1|1|1|2|1|2
3455051|1|1|1|329.49537393|47|1|1|1|1|2|1|2
3455052|1|1|1|223.4914297|47|1|1|1|2|2|1|2
3455053|1|1|1|612.88798517|47|1|1|1|1|2|1|1
3455054|1|1|1|560.41316815|47|1|1|1|2|2|1|2
3455055|1|1|1|246.05663486|50|1|1|5|1|1|1|1
3455056|1|1|1|249.21543205|50|2|1|5|1|1|1|1
3455057|1|1|1|320.30287304|50|2|1|5|1|1|1|1
3455058|1|1|1|229.05680817|50|2|1|5|1|1|1|1
3455059|1|1|1|324.56272076|50|1|1|5|1|1|1|1
3455060|1|1|1|361.66203237|50|1|1|5|1|1|1|1
3455061|1|1|1|239.74171755|50|1|1|5|1|1|1|1
3455062|1|1|1|320.30287304|50|1|1|5|1|1|1|1
3455063|1|1|1|341.50340849|50|1|1|5|1|1|1|1
3455064|1|1|1|146.08922111|50|1|1|5|1|1|1|1
3455065|1|1|1|581.30336084|50|1|1|3|1|1|1|1
3455066|1|1|1|506.22800697|50|1|1|3|1|1|1|1
3455067|1|1|1|613.96906301|50|2|1|3|1|1|1|1
3455068|1|1|1|532.10085524|50|2|1|3|1|1|1|1
3455069|1|1|1|437.71036336|50|2|1|3|1|1|1|1
3455070|1|1|1|407.95405492|50|2|1|3|1|1|1|1
3455071|1|1|1|463.66291638|50|2|1|3|1|1|1|1
3455072|1|1|1|369.65144967|50|1|1|3|1|1|1|1
3455073|1|1|1|473.8345503|50|2|1|3|1|1|1|1
3455074|1|1|1|480.45430956|50|2|1|3|1|1|1|1
3455075|1|1|1|473.8345503|50|1|1|3|1|1|1|1
3455076|1|1|1|405.62395125|50|1|1|3|1|1|1|1
3455077|1|1|1|518.65023405|50|1|1|3|1|1|1|1
3455078|1|1|1|387.80373215|50|2|1|3|1|1|1|1
3455079|1|1|1|505.86534115|50|1|1|3|1|1|1|1
3455080|1|1|1|505.86534115|50|2|1|3|1|1|1|1
3455081|1|1|1|351.17602475|50|2|1|3|1|1|1|1
3455082|1|1|1|480.45430956|50|2|1|3|1|1|1|1
3455083|1|1|1|421.18626694|50|1|1|1|2|2|1|1
3455084|1|1|1|258.06872939|50|1|1|1|2|2|1|1
3455085|1|1|1|421.18626694|50|2|1|1|2|2|1|1
3455086|1|1|1|270.8193476|50|1|1|3|1|1|1|1
3455087|1|1|1|314.19859641|50|1|1|3|1|1|1|1
3455088|1|1|1|359.15476697|50|1|1|3|1|1|1|1
3455089|1|1|1|361.82361584|50|1|1|3|1|1|1|1
3455090|1|1|1|402.82760988|50|1|1|3|1|1|1|1
3455091|1|1|1|372.35220385|50|2|1|3|1|1|1|1
3455092|1|1|1|478.02424632|50|1|1|3|1|1|1|1
3455093|1|1|1|239.61265457|50|1|1|3|1|1|1|1
3455094|1|1|1|286.33318641|50|1|1|3|1|1|1|1
3455095|1|1|1|356.83836504|50|1|1|3|1|1|1|1
3455096|1|1|1|425.34379666|50|1|1|3|1|1|1|1
3455097|1|1|1|223.93698657|50|2|1|3|1|1|1|1
3455098|1|1|1|370.31749235|50|2|1|3|1|1|1|1
3455099|1|1|1|322.89922558|50|2|1|3|1|1|1|1
3455100|1|1|1|356.23122539|50|2|1|3|1|1|1|1
3455101|1|1|1|360.74094476|50|2|1|3|1|1|1|1
3455102|1|1|1|338.67354275|50|1|1|3|1|1|1|1
3455103|1|1|1|279.98276934|50|2|1|3|1|1|1|1
3455104|1|1|1|311.01893399|50|2|1|3|1|1|1|1
3455105|1|1|1|255.55309209|50|1|1|3|1|1|1|1
3455106|1|1|1|161.92613198|50|1|1|3|1|1|1|1
3455107|1|1|1|253.78665432|50|2|1|3|1|1|1|1
3455108|1|1|1|487.18757861|50|1|1|3|1|1|1|1
3455109|1|1|1|406.79269636|50|1|1|3|1|1|1|1
3455110|1|1|1|386.26932794|50|1|1|3|1|1|1|1
3455111|1|1|1|293.01765478|50|1|1|3|1|1|1|1
3455112|1|1|1|332.83275908|50|1|1|3|1|1|1|1
3455113|1|1|1|351.28597068|50|1|1|3|1|1|1|1
3455114|1|1|1|346.13768619|50|2|1|3|1|1|1|1
3455115|1|1|1|426.7067528|50|1|1|3|1|1|1|1
3455116|1|1|1|417.39305482|50|1|1|3|1|1|1|1
3455117|1|1|1|379.90230488|50|1|1|3|1|1|1|1
3455118|1|1|1|608.11526313|50|2|1|1|1|1|1|1
3455119|1|1|1|576.27803783|50|2|1|1|1|1|1|1
3455120|1|1|1|533.83812173|50|1|1|1|1|1|1|1
3455121|1|1|1|549.37210404|50|2|1|1|1|1|1|1
3455122|1|1|1|427.8040088|50|1|1|1|1|1|1|1
3455123|1|1|1|425.62837375|50|2|1|1|1|1|1|1
3455124|1|1|1|307.14930543|50|1|1|1|1|1|1|1
3455125|1|1|1|645.20997005|50|2|1|1|1|1|1|1
3455126|1|1|1|375.36369002|50|1|1|5|1|1|1|1
3455127|1|1|1|435.9285577|50|1|1|5|1|1|1|1
3455128|1|1|1|233.38650292|50|1|1|5|1|1|1|1
3455129|1|1|1|375.36369002|50|1|1|5|1|1|1|1
3455130|1|1|1|228.84212277|50|1|1|5|1|1|1|1
3455131|1|1|1|278.92215861|50|1|1|5|1|1|1|1
3455132|1|1|1|275.51428064|50|1|1|5|1|1|1|1
3455133|1|1|1|452.2171697|50|1|1|5|1|1|1|1
3455134|1|1|1|263.40724734|50|1|1|5|1|1|1|1
3455135|1|1|1|335.49956205|50|1|1|5|1|1|1|1
3455136|1|1|1|513.51955553|50|2|1|3|1|1|1|1
3455137|1|1|1|522.98248601|50|1|1|3|1|1|1|1
3455138|1|1|1|363.86523016|50|2|1|3|1|1|1|1
3455139|1|1|1|444.58550399|50|2|1|3|1|1|1|1
3455140|1|1|1|505.68070016|50|2|1|3|1|1|1|1
3455141|1|1|1|310.80829016|50|1|1|3|1|1|1|1
3455142|1|1|1|463.91422119|50|2|1|3|1|1|1|1
3455143|1|1|1|398.58279016|50|2|1|3|1|1|1|1
3455144|1|1|1|356.74298634|50|2|1|3|1|1|1|1
3455145|1|1|1|472.00593572|50|2|1|3|1|1|1|1
3455146|1|1|1|549.37210404|50|2|1|3|1|1|1|1
3455147|1|1|1|240.22008591|50|2|1|3|1|1|1|1
3455148|1|1|1|533.83812173|50|1|1|3|1|1|1|1
3455149|1|1|1|507.26080321|50|1|1|3|1|1|1|1
3455150|1|1|1|450.69327917|50|1|1|3|1|1|1|1
3455151|1|1|1|548.25092266|50|1|1|3|1|1|1|1
3455152|1|1|1|610.01669896|50|2|1|3|1|1|1|1
3455153|1|1|1|384.72891819|50|1|1|3|1|1|1|1
3455154|1|1|1|343.87772968|50|1|1|3|1|1|1|1
3455155|1|1|1|402.41228063|50|1|1|3|1|1|1|1
3455156|1|1|1|554.96340998|50|1|1|3|1|1|1|1
3455157|1|1|1|240.22008591|50|1|1|2|1|1|1|1
3455158|1|1|1|590.30555118|50|1|1|2|1|1|1|1
3455159|1|1|1|381.76134695|50|2|1|2|1|1|1|1
3455160|1|1|1|578.54629368|50|1|1|2|1|1|1|1
3455161|1|1|1|529.90047586|50|2|1|2|1|1|1|1
3455162|1|1|1|399.56952925|50|2|1|2|1|1|1|1
3455163|1|1|1|540.93786794|50|2|1|2|1|1|1|1
3455164|1|1|1|569.17234749|50|2|1|2|1|1|1|1
3455165|1|1|1|425.62837375|50|2|1|2|1|1|1|1
3455166|1|1|1|500.24041527|50|2|1|2|1|1|1|1
3455167|1|1|1|348.08428222|50|1|1|2|1|1|1|1
3455168|1|1|1|425.62837375|50|1|1|2|1|1|1|1
3455169|1|1|1|540.93786794|50|1|1|2|1|1|1|1
3455170|1|1|1|414.59098167|50|1|1|2|1|1|1|1
3455171|1|1|1|315.58354153|50|1|1|2|1|1|1|1
3455172|1|1|1|608.36333119|50|1|1|2|1|1|1|1
3455173|1|1|1|500.24041527|50|2|1|2|1|1|1|1
3455174|1|1|1|549.37210404|50|2|1|2|1|1|1|1
3455175|1|1|1|450.69327917|50|1|1|2|1|1|1|1
3455176|1|1|1|614.51938536|50|1|1|1|2|2|1|2
3455177|1|1|1|512.93186827|50|1|1|1|2|2|1|2
3455178|1|1|1|354.64301985|50|2|1|1|2|2|1|2
3455179|1|1|1|676.52758084|50|1|1|1|2|2|1|2
3455180|1|1|1|703.23172961|50|1|1|1|2|2|1|2
3455181|1|1|1|268.74279384|52|2|1|2|2|1|1|1
3455182|1|1|1|81.679509989|52|1|1|2|1|1|1|1
3455183|1|1|1|138.28848051|52|2|1|2|2|1|1|1
3455184|1|1|1|234.60152468|52|2|1|2|1|1|1|1
3455185|1|1|1|325.82271192|52|2|1|2|1|1|1|1
3455186|1|1|1|240.8983815|52|2|1|2|2|1|1|1
3455187|1|1|1|359.97351899|52|2|1|2|1|1|1|1
3455188|1|1|1|163.6884055|52|2|1|2|2|1|1|1
3455189|1|1|1|242.08310426|52|2|1|2|1|1|1|1
3455190|1|1|1|280.20462328|52|1|1|2|1|1|1|1
3455191|1|1|1|219.12379691|52|2|1|3|2|1|1|1
3455192|1|1|1|230.73151574|52|1|1|3|1|1|1|1
3455193|1|1|1|540.08492319|52|2|1|3|2|1|1|1
3455194|1|1|1|219.12379691|52|2|1|3|2|1|1|1
3455195|1|1|1|133.34960621|52|2|1|3|2|1|1|1
3455196|1|1|1|125.09502807|52|2|1|3|2|1|1|1
3455197|1|1|1|244.35974787|52|2|1|3|2|1|1|1
3455198|1|1|1|250.95078673|52|2|1|3|2|1|1|1
3455199|1|1|1|308.18405608|52|2|1|3|2|1|1|1
3455200|1|1|1|216.47881219|52|2|1|3|2|1|1|1
3455201|1|1|1|321.09528615|52|2|1|3|2|1|1|1
3455202|1|1|1|244.35974787|52|1|1|3|2|1|1|1
3455203|1|1|1|107.38573875|52|2|1|4|2|1|1|1
3455204|1|1|1|251.68454348|52|2|1|4|2|1|1|1
3455205|1|1|1|293.21435047|52|2|1|4|2|1|1|1
3455206|1|1|1|300.85926048|52|2|1|4|2|1|1|1
3455207|1|1|1|271.50692681|52|2|1|4|2|1|1|1
3455208|1|1|1|310.41088203|52|2|1|2|1|1|1|1
3455209|1|1|1|317.94841476|52|4|1|2|2|1|1|1
3455210|1|1|1|243.3960221|52|1|1|2|1|1|1|1
3455211|1|1|1|317.94841476|52|4|1|2|2|1|1|1
3455212|1|1|1|800.12581214|52|1|1|2|2|1|1|1
3455213|1|1|1|770.7374503|52|2|1|2|2|1|1|1
3455214|1|1|1|317.94841476|52|4|1|2|2|1|1|1
3455215|1|1|1|383.91827692|52|1|1|2|2|1|1|1
3455216|1|1|1|230.89087352|52|4|1|2|2|1|1|1
3455217|1|1|1|288.55808646|52|2|1|4|2|1|1|1
3455218|1|1|1|223.21817989|52|2|1|4|2|1|1|1
3455219|1|1|1|288.55808646|52|2|1|4|2|1|1|1
3455221|1|1|1|189.7416756|52|2|1|4|2|1|1|1
3455222|1|1|1|216.41856485|52|2|1|4|2|1|1|1
3455223|1|1|1|110.0642591|52|2|1|4|2|1|1|1
3455224|1|1|1|200.0332358|52|2|1|4|2|1|1|1
3455225|1|1|1|210.57995966|52|2|1|4|2|1|1|1
3455226|1|1|1|233.7215837|52|2|1|4|2|1|1|1
3455227|1|1|1|252.69595159|52|1|1|4|1|1|1|1
3455228|1|1|1|252.69595159|52|1|1|4|1|1|1|1
3455229|1|1|1|252.69595159|52|2|1|4|2|1|1|1
3455230|1|1|1|158.74583201|52|2|1|4|2|1|1|1
3455231|1|1|1|207.06668992|52|2|1|4|2|1|1|1
3455232|1|1|1|300.12829531|52|2|1|4|2|1|1|1
3455233|1|1|1|214.49367975|52|1|1|2|1|1|1|1
3455234|1|1|1|226.29507504|52|2|1|2|1|1|1|1
3455235|1|1|1|521.84670162|52|2|1|2|2|1|1|1
3455236|1|1|1|243.07044705|52|1|1|2|2|1|1|1
3455237|1|1|1|259.70227782|52|2|1|2|1|1|1|1
3455238|1|1|1|98.402063602|52|2|1|2|2|1|1|1
3455239|1|1|1|274.1614285|52|1|1|2|1|1|1|1
3455240|1|1|1|214.37921254|52|1|1|2|2|1|1|1
3455241|1|1|1|181.93582132|52|2|1|2|2|1|1|1
3455242|1|1|1|310.94978717|52|1|1|2|1|1|1|1
3455243|1|1|1|300.92717155|52|1|1|2|1|1|1|1
3455244|1|1|1|368.48093662|52|1|1|2|1|1|1|1
3455245|1|1|1|785.99941331|52|2|1|2|1|1|1|1
3455246|1|1|1|269.17517309|52|2|1|2|1|1|1|1
3455247|1|1|1|335.14503526|52|2|1|2|1|1|1|1
3455248|1|1|1|284.61251339|52|4|1|2|1|1|1|1
3455249|1|1|1|383.91827692|52|2|1|2|2|1|1|1
3455250|1|1|1|231.54832775|52|2|1|1|1|1|1|1
3455251|1|1|1|294.81194352|52|2|1|1|1|1|1|1
3455252|1|1|1|350.14967786|52|2|1|1|1|1|1|1
3455253|1|1|1|154.08996274|52|2|1|1|1|1|1|1
3455254|1|1|1|346.74630197|52|1|1|1|1|1|1|1
3455255|1|1|1|108.90601332|52|2|1|1|1|1|1|1
3455256|1|1|1|282.50735496|52|2|1|1|1|1|1|1
3455257|1|1|1|319.85499992|52|2|1|1|1|1|1|1
3455258|1|1|1|746.78409133|52|2|1|1|2|1|1|1
3455259|1|1|1|312.80203291|52|2|1|1|1|1|1|1
3455260|1|1|1|300.04985369|52|2|1|1|2|1|1|1
3455261|1|1|1|412.90576356|52|1|1|1|2|1|1|1
3455262|1|1|1|383.91827692|52|2|1|1|2|1|1|1
3455263|1|1|1|589.41580614|54|1|1|2|1|1|1|1
3455264|1|1|1|1086.2994838|54|2|1|2|1|1|1|1
3455265|1|1|1|287.36486622|54|1|1|2|1|1|1|1
3455266|1|1|1|990.46770398|54|1|1|2|1|1|1|1
3455267|1|1|1|942.56314322|54|1|1|2|2|1|1|1
3455268|1|1|1|516.96640251|54|1|1|2|1|1|1|1
3455269|1|1|1|898.23631185|54|1|1|2|1|1|1|1
3455270|1|1|1|539.12981819|54|1|1|2|1|1|1|1
3455271|1|1|1|411.1481282|54|1|1|2|1|1|1|1
3455272|1|1|1|500.85355422|54|1|1|2|2|1|1|1
3455273|1|1|1|384.60749424|54|2|1|2|1|1|1|1
3455274|1|1|1|241.99146629|54|2|1|2|1|1|1|1
3455275|1|1|1|357.61983216|54|1|1|2|1|1|1|1
3455276|1|1|1|322.55991389|54|1|1|2|1|1|1|1
3455277|1|1|1|440.03853269|54|1|1|2|1|1|1|1
3455278|1|1|1|286.93481397|54|1|1|2|1|1|1|1
3455279|1|1|1|384.60749424|54|1|1|2|1|1|1|1
3455280|1|1|1|440.43534308|54|2|1|2|1|1|1|1
3455281|1|1|1|446.65507459|54|1|1|2|1|1|1|1
3455282|1|1|1|284.0184842|54|1|1|2|1|1|1|1
3455283|1|1|1|561.55135526|54|1|1|2|2|1|1|1
3455284|1|1|1|532.21580757|54|2|1|1|2|1|1|1
3455285|1|1|1|907.60840479|54|2|1|1|1|1|1|1
3455286|1|1|1|453.73399929|54|2|1|1|1|1|1|1
3455287|1|1|1|1143.774455|54|2|1|1|2|1|1|1
3455288|1|1|1|856.72572599|54|2|1|1|2|1|1|1
3455289|1|1|1|705.39164597|54|1|1|1|2|1|1|1
3455290|1|1|1|775.07399568|54|1|1|1|1|1|1|1
3455291|1|1|1|481.47353497|54|1|1|1|2|1|1|1
3455292|1|1|1|516.81632038|54|2|1|2|1|1|1|1
3455293|1|1|1|505.53067961|54|2|1|2|1|1|1|1
3455294|1|1|1|989.83457614|54|2|1|2|1|1|1|1
3455295|1|1|1|1254.3132809|54|2|1|2|1|1|1|1
3455296|1|1|1|756.2153706|54|1|1|2|1|1|1|1
3455297|1|1|1|613.98677029|54|3|1|2|2|1|1|1
3455298|1|1|1|624.83982155|54|1|1|2|1|1|1|1
3455299|1|1|1|340.48851066|54|1|1|2|1|1|1|1
3455300|1|1|1|989.83457614|54|2|1|2|1|1|1|1
3455301|1|1|1|555.4696969|54|2|1|2|2|1|1|1
3455302|1|1|1|1001.1202169|54|2|1|2|1|1|1|1
3455303|1|1|1|377.15426906|54|1|1|1|1|1|1|1
3455304|1|1|1|592.30490287|54|2|1|1|1|1|1|1
3455305|1|1|1|355.42496611|54|1|1|1|2|1|1|1
3455306|1|1|1|1185.3040467|54|2|1|1|2|1|1|1
3455307|1|1|1|980.11224291|54|1|1|1|1|1|1|1
3455308|1|1|1|900.73251183|54|2|1|1|2|1|1|1
3455309|1|1|1|357.22521986|54|2|1|1|2|1|1|1
3455310|1|1|1|441.11479114|54|1|1|1|2|1|1|1
3455311|1|1|1|592.30490287|54|1|1|1|1|1|1|1
3455312|1|1|1|775.2384746|54|1|1|4|1|1|1|1
3455313|1|1|1|849.77545081|54|1|1|4|1|1|1|1
3455314|1|1|1|493.10027759|54|1|1|4|1|1|1|1
3455315|1|1|1|436.75476493|54|1|1|4|1|1|1|1
3455316|1|1|1|436.75476493|54|1|1|4|1|1|1|1
3455317|1|1|1|322.65528838|54|1|1|4|1|1|1|1
3455318|1|1|1|562.36188544|54|1|1|4|1|1|1|1
3455319|1|1|1|512.80999231|54|1|1|4|1|1|1|1
3455320|1|1|1|569.25534939|54|1|1|4|1|1|1|1
3455321|1|1|1|562.36188544|54|1|1|4|1|1|1|1
3455322|1|1|1|861.94268171|54|1|1|2|1|1|1|1
3455323|1|1|1|601.03704629|54|1|1|2|1|1|1|1
3455324|1|1|1|751.01227227|54|1|1|2|1|1|1|1
3455325|1|1|1|716.05648449|54|1|1|2|1|1|1|1
3455326|1|1|1|496.78468006|54|1|1|2|1|1|1|1
3455327|1|1|1|844.41642568|54|1|1|2|1|1|1|1
3455328|1|1|1|312.57231062|54|2|1|2|1|1|1|1
3455329|1|1|1|684.01181395|54|2|1|2|1|1|1|1
3455330|1|1|1|551.46611972|54|1|1|2|1|1|1|1
3455331|1|1|1|1181.5889122|54|1|1|2|1|1|1|1
3455332|1|1|1|1279.2238499|54|1|1|2|1|1|1|1
3455333|1|1|1|613.72842356|54|1|1|2|1|1|1|1
3455334|1|1|1|896.65913103|54|1|1|2|1|1|1|1
3455335|1|1|1|579.7026709|54|1|1|2|1|1|1|1
3455336|1|1|1|424.29735423|54|1|1|2|1|1|1|1
3455337|1|1|1|787.46469104|54|1|1|2|1|1|1|1
3455338|1|1|1|912.92436613|54|1|1|2|1|1|1|1
3455339|1|1|1|896.65913103|54|1|1|2|1|1|1|1
3455340|1|1|1|710.60466062|54|1|1|2|1|1|1|1
3455341|1|1|1|835.80398043|54|1|1|2|1|1|1|1
3455342|1|1|1|594.22339669|54|1|1|2|1|1|1|1
3455343|1|1|1|483.16819838|54|2|1|2|1|1|1|1
3455344|1|1|1|943.58345775|54|1|1|2|1|1|1|1
3455345|1|1|1|659.20192174|54|1|1|2|1|1|1|1
3455346|1|1|1|564.08296216|54|1|1|2|1|1|1|1
3455347|1|1|1|544.86061683|54|1|1|2|1|1|1|1
3455348|1|1|1|1124.4612937|54|1|1|2|2|1|1|1
3455349|1|1|1|643.17241469|54|1|1|2|1|1|1|1
3455350|1|1|1|623.95006936|54|1|1|2|1|1|1|1
3455351|1|1|1|659.20192174|54|1|1|2|1|1|1|1
3455352|1|1|1|1073.2801665|54|1|1|2|2|1|1|1
3455353|1|1|1|1702.7990843|54|1|1|2|1|1|1|1
3455354|1|1|1|1227.9652287|54|2|1|2|2|1|1|1
3455355|1|1|1|900.13107718|54|1|1|2|1|1|1|1
3455356|1|1|1|928.31982812|54|1|1|2|1|1|1|1
3455357|1|1|1|2130.0172567|54|2|1|2|1|1|1|1
3455358|1|1|1|858.42235797|54|1|1|2|1|1|1|1
3455359|1|1|1|1101.4689174|54|1|1|2|1|1|1|1
3455360|1|1|1|1501.0037606|54|1|1|2|1|1|1|1
3455361|1|1|1|180.74841565|63|2|1|3|1|1|1|1
3455362|1|1|1|161.26147729|63|2|1|3|1|1|1|1
3455363|1|1|1|227.57446175|63|2|1|3|1|1|1|1
3455364|1|1|1|338.29449464|63|2|1|3|1|1|1|1
3455365|1|1|1|192.87338153|63|2|1|3|1|1|1|1
3455366|1|1|1|338.29449464|63|2|1|2|1|1|1|1
3455367|1|1|1|285.025449|63|2|1|1|1|1|1|1
3455368|1|1|1|211.11126661|63|1|1|2|1|1|1|1
3455369|1|1|1|218.40702604|63|1|1|2|1|1|1|1
3455370|1|1|1|255.23870612|63|1|1|2|1|1|1|1
3455371|1|1|1|234.0543724|63|1|1|2|1|1|1|1
3455372|1|1|1|198.36522042|63|1|1|2|1|1|1|1
3455373|1|1|1|234.0543724|63|1|1|2|1|1|1|1
3455374|1|1|1|234.43555668|63|1|1|2|1|1|1|1
3455375|1|1|1|234.0543724|63|2|1|2|1|1|1|1
3455376|1|1|1|383.35944585|63|1|1|2|1|1|1|1
3455377|1|1|1|233.84655368|63|2|1|2|1|1|1|1
3455378|1|1|1|240.56699646|63|1|1|3|1|1|1|1
3455379|1|1|1|145.32453108|63|1|1|2|1|1|1|1
3455381|1|1|1|246.86080937|63|1|1|2|1|1|1|1
3455382|1|1|1|194.81170112|63|1|1|3|1|1|1|1
3455383|1|1|1|210.7862908|63|1|1|2|1|1|1|1
3455384|1|1|1|322.00334586|63|1|1|2|1|1|1|1
3455385|1|1|1|254.7879146|63|2|1|2|1|1|1|1
3455386|1|1|1|437.18412879|63|1|1|2|1|1|1|1
3455387|1|1|1|218.35286963|63|1|1|2|1|1|1|1
3455388|1|1|1|292.58148218|63|2|1|2|1|1|1|1
3455389|1|1|1|438.51562637|63|1|1|1|2|1|1|1
3455390|1|1|1|372.19713589|63|1|1|2|2|1|1|1
3455391|1|1|1|292.58148218|63|2|1|1|1|1|1|1
3455392|1|1|1|233.42346786|63|1|1|2|2|1|1|1
3455393|1|1|1|492.36635339|63|1|1|2|1|1|1|1
3455394|1|1|1|185.94864718|63|1|1|2|1|1|1|1
3455395|1|1|1|185.94864718|63|1|1|2|1|1|1|1
3455396|1|1|1|253.19710476|63|1|1|3|1|1|1|1
3455397|1|1|1|302.94924084|63|2|1|3|1|1|1|1
3455398|1|1|1|303.85560252|63|2|1|3|1|1|1|1
3455400|1|1|1|237.00664224|63|1|1|3|1|1|1|1
3455401|1|1|1|243.81790181|63|2|1|3|2|1|1|1
3455402|1|1|1|236.14907192|63|1|1|2|1|1|1|1
3455403|1|1|1|221.30358408|63|2|1|3|1|1|1|1
3455404|1|1|1|260.00836433|63|1|1|3|1|1|1|1
3455405|1|1|1|217.79672401|63|1|1|3|2|1|1|1
3455406|1|1|1|180.1416717|63|2|1|3|1|1|1|1
3455407|1|1|1|211.54321593|63|1|1|3|1|1|1|1
3455408|1|1|1|223.31828153|63|2|1|3|1|1|1|1
3455409|1|1|1|200.61803348|63|1|1|3|1|1|1|1
3455410|1|1|1|111.56918831|63|2|1|3|1|1|1|1
3455411|1|1|1|208.62656411|63|2|1|3|1|1|1|1
3455412|1|1|1|170.02733179|63|2|1|3|1|1|1|1
3455413|1|1|1|170.02733179|63|1|1|3|1|1|1|1
3455414|1|1|1|233.2243368|63|1|1|1|1|1|1|1
3455415|1|1|1|182.1066319|63|2|1|1|1|1|1|1
3455416|1|1|1|221.30358408|63|1|1|1|1|1|1|1
3455417|1|1|1|236.14907192|63|1|1|2|1|1|1|1
3455418|1|1|1|237.00664224|63|2|1|2|1|1|1|1
3455419|1|1|1|278.63615761|63|1|1|1|2|1|1|1
3455420|1|1|1|201.33081612|63|2|1|1|1|1|1|1
3455421|1|1|1|471.9852046|63|1|1|2|1|1|1|1
3455422|1|1|1|147.83486298|63|1|1|3|1|1|1|1
3455423|1|1|1|211.76347979|63|1|1|3|1|1|1|1
3455424|1|1|1|241.83086622|63|1|1|3|1|1|1|1
3455425|1|1|1|180.1250481|63|1|1|3|1|1|1|1
3455426|1|1|1|387.86201928|63|1|1|3|1|1|1|1
3455427|1|1|1|179.47329466|63|1|1|3|1|1|1|1
3455428|1|1|1|150.05766167|63|1|1|3|1|1|1|1
3455430|1|1|1|227.67374332|63|1|1|3|1|1|1|1
3455431|1|1|1|168.1907239|63|1|1|3|1|1|1|1
3455432|1|1|1|150.05766167|63|1|1|4|1|1|1|1
3455433|1|1|1|129.07023746|63|2|1|4|1|1|1|1
3455434|1|1|1|197.41259142|63|2|1|3|1|1|1|1
3455435|1|1|1|377.33250539|63|2|1|4|1|1|1|1
3455436|1|1|1|203.08596998|63|2|1|4|1|1|1|1
3455437|1|1|1|153.13655861|63|2|1|4|1|1|1|1
3455438|1|1|1|179.70198524|63|2|1|4|1|1|1|1
3455439|1|1|1|196.69828579|63|3|1|4|2|1|1|1
3455440|1|1|1|232.08752893|63|2|1|4|1|1|1|1
3455441|1|1|1|271.30057204|63|2|1|3|1|1|1|1
3455442|1|1|1|161.15549422|63|2|1|3|1|1|1|1
3455443|1|1|1|447.09797435|63|2|1|3|1|1|1|1
3455444|1|1|1|221.25331315|63|2|1|3|1|1|1|1
3455445|1|1|1|405.95312976|63|2|1|3|1|1|1|1
3455446|1|1|1|270.4086989|63|2|1|2|1|1|1|1
3455447|1|1|1|245.5950348|63|1|1|3|1|1|1|1
3455448|1|1|1|230.15572744|63|2|1|3|1|1|1|1
3455449|1|1|1|283.61952735|63|1|1|3|1|1|1|1
3455450|1|1|1|322.57085111|63|1|1|3|1|1|1|1
3455451|1|1|1|177.99357524|63|1|1|3|1|1|1|1
3455452|1|1|1|397.97754668|63|2|1|3|1|1|1|1
3455453|1|1|1|148.8785935|63|2|1|3|1|1|1|1
3455454|1|1|1|260.74418908|63|1|1|1|1|1|1|1
3455455|1|1|1|115.66721495|63|2|1|1|1|1|1|1
3455456|1|1|1|190.80845011|63|1|1|1|2|1|1|1
3455457|1|1|1|462.6688598|63|2|1|1|1|1|1|1
3455458|1|1|1|216.28317293|63|1|1|1|2|1|1|1
3455459|1|1|1|315.20740156|63|1|1|1|1|1|1|1
3455460|1|1|1|234.12536639|63|1|1|1|1|1|1|1
3455461|1|1|1|159.53498767|63|1|1|1|1|1|1|1
3455462|1|1|1|263.69463188|63|1|1|1|1|1|1|1
3455463|1|1|1|260.62646501|63|2|1|5|1|1|1|1
3455464|1|1|1|367.79972805|63|2|1|5|1|1|1|1
3455465|1|1|1|367.79972805|63|2|1|4|1|1|1|1
3455466|1|1|1|321.83963039|63|2|1|5|1|1|1|1
3455467|1|1|1|367.79972805|63|2|1|5|1|1|1|1
3455468|1|1|1|255.76662109|63|2|1|4|1|1|1|1
3455469|1|1|1|237.49722004|63|2|1|3|1|1|1|1
3455470|1|1|1|213.3556864|63|2|1|4|1|1|1|1
3455471|1|1|1|213.3556864|63|2|1|4|1|1|1|1
3455472|1|1|1|255.76662109|63|2|1|3|1|1|1|1
3455473|1|1|1|213.3556864|63|2|1|4|1|1|1|1
3455474|1|1|1|180.82271793|63|2|1|4|1|1|1|1
3455475|1|1|1|177.12376433|63|2|1|3|1|1|1|1
3455476|1|1|1|220.40580046|63|1|1|3|1|1|1|1
3455477|1|1|1|289.48666125|63|2|1|3|1|1|1|1
3455478|1|1|1|252.90283921|63|2|1|3|1|1|1|1
3455479|1|1|1|242.67447338|63|1|1|3|1|1|1|1
3455480|1|1|1|297.55872428|63|1|1|1|1|1|1|1
3455481|1|1|1|388.62855926|63|1|1|1|1|1|1|1
3455482|1|1|1|191.34499739|63|1|1|1|1|1|1|1
3455483|1|1|1|217.69190959|63|1|1|1|1|1|1|1
3455484|1|1|1|279.23493658|63|1|1|3|1|1|1|1
3455485|1|1|1|325.98036972|63|1|1|1|1|1|1|1
3455486|1|1|1|343.28231344|63|1|1|1|1|1|1|1
3455487|1|1|1|318.45490239|66|2|1|4|1|1|1|1
3455488|1|1|1|332.19546122|66|2|1|4|1|1|1|1
3455489|1|1|1|359.56815412|66|2|1|4|1|1|1|1
3455490|1|1|1|356.86764163|66|2|1|4|1|1|1|1
3455491|1|1|1|378.37037657|66|2|1|4|1|1|1|1
3455492|1|1|1|1151.1505064|66|2|1|4|1|1|1|1
3455493|1|1|1|359.56815412|66|2|1|4|1|1|1|1
3455494|1|1|1|332.19546122|66|2|1|4|1|1|1|1
3455495|1|1|1|393.31797638|66|2|1|4|1|1|1|1
3455496|1|1|1|462.9518432|66|2|1|3|1|1|1|1
3455497|1|1|1|463.10299466|66|2|1|3|1|1|1|1
3455498|1|1|1|1666.3313756|66|2|1|3|1|1|1|1
3455499|1|1|1|446.68344901|66|2|1|3|1|1|1|1
3455500|1|1|1|478.34241628|66|2|1|3|1|1|1|1
3455501|1|1|1|480.75127901|66|2|1|3|1|1|1|1
3455502|1|1|1|499.90654958|66|2|1|3|1|1|1|1
3455503|1|1|1|466.86769215|66|2|1|3|1|1|1|1
3455504|1|1|1|597.77032777|66|2|1|3|1|1|1|1
3455505|1|1|1|516.65295743|66|2|1|3|1|1|1|1
3455506|1|1|1|634.19573373|66|3|1|3|2|1|1|1
3455507|1|1|1|671.59108873|66|3|1|3|2|1|1|1
3455508|1|1|1|634.19573373|66|3|1|3|2|1|1|1
3455509|1|1|1|571.48880192|66|3|1|3|2|1|1|1
3455510|1|1|1|642.2175316|66|3|1|3|2|1|1|1
3455511|1|1|1|637.5717347|66|3|1|3|2|1|1|1
3455513|1|1|1|637.5717347|66|3|1|3|2|1|1|1
3455514|1|1|1|947.60837579|66|3|1|3|2|1|1|1
3455516|1|1|1|455.87963624|66|2|1|5|1|1|1|1
3455517|1|1|1|416.76152414|66|2|1|5|1|1|1|1
3455518|1|1|1|388.16495518|66|2|1|5|1|1|1|1
3455519|1|1|1|416.76152414|66|2|1|5|1|1|1|1
3455520|1|1|1|455.87963624|66|2|1|5|1|1|1|1
3455521|1|1|1|455.87963624|66|2|1|5|1|1|1|1
3455522|1|1|1|383.42415211|66|2|1|2|1|1|1|1
3455523|1|1|1|280.53431536|66|2|1|2|1|1|1|1
3455524|1|1|1|964.16075888|66|1|1|2|1|1|1|1
3455525|1|1|1|413.83691281|66|1|1|2|1|1|1|1
3455526|1|1|1|394.083303|66|2|1|2|1|1|1|1
3455527|1|1|1|512.98875205|66|2|1|2|1|1|1|1
3455528|1|1|1|493.96933446|66|2|1|2|1|1|1|1
3455529|1|1|1|544.42318764|66|2|1|2|1|1|1|1
3455530|1|1|1|661.94546259|66|2|1|2|1|1|1|1
3455531|1|1|1|432.8563304|66|2|1|2|1|1|1|1
3455532|1|1|1|489.90679293|66|2|1|2|1|1|1|1
3455533|1|1|1|474.00698283|66|1|1|5|1|1|1|1
3455535|1|1|1|441.48245121|66|1|1|5|1|1|1|1
3455536|1|1|1|855.64331964|66|1|1|5|1|1|1|1
3455537|1|1|1|285.28926948|66|1|1|5|1|1|1|1
3455538|1|1|1|393.82130361|66|1|1|5|1|1|1|1
3455541|1|1|1|597.92666735|66|1|1|2|1|1|1|1
3455542|1|1|1|571.59308702|66|1|1|2|1|1|1|1
3455543|1|1|1|575.91848414|66|1|1|2|1|1|1|1
3455544|1|1|1|597.92666735|66|2|1|2|1|1|1|1
3455545|1|1|1|629.97540284|66|2|1|2|1|1|1|1
3455546|1|1|1|1936.5165722|66|2|1|2|1|1|1|1
3455547|1|1|1|439.35112176|66|2|1|2|1|1|1|1
3455548|1|1|1|571.59308702|66|2|1|2|1|1|1|1
3455549|1|1|1|381.06205801|66|2|1|2|1|1|1|1
3455550|1|1|1|327.21802946|66|1|1|2|1|1|1|1
3455551|1|1|1|425.38842915|66|1|1|2|1|1|1|1
3455552|1|1|1|366.38993587|66|1|1|2|1|1|1|1
3455553|1|1|1|526.35427644|66|1|1|2|1|1|1|1
3455554|1|1|1|345.02411221|66|1|1|2|1|1|1|1
3455555|1|1|1|340.04506526|66|1|1|2|1|1|1|1
3455556|1|1|1|231.08430828|66|2|1|2|1|1|1|1
3455557|1|1|1|398.61777823|66|1|1|2|1|1|1|1
3455558|1|1|1|383.94565609|66|1|1|2|1|1|1|1
3455559|1|1|1|419.98360189|66|1|1|2|1|1|1|1
3455560|1|1|1|393.63873128|66|1|1|2|1|1|1|1
3455561|1|1|1|395.1395723|66|2|1|2|1|1|1|1
3455563|1|1|1|321.07850255|66|2|1|2|1|1|1|1
3455564|1|1|1|417.39717574|66|2|1|2|1|1|1|1
3455565|1|1|1|479.93207012|66|1|1|2|1|1|1|1
3455566|1|1|1|366.5209527|66|2|1|2|1|1|1|1
3455567|1|1|1|524.97950237|66|2|1|2|1|1|1|1
3455568|1|1|1|764.22703251|66|2|1|2|1|1|1|1
3455569|1|1|1|258.29711143|66|2|1|2|1|1|1|1
3455570|1|1|1|568.12779323|66|1|1|2|1|1|1|1
3455571|1|1|1|386.24760406|66|2|1|2|1|1|1|1
3455572|1|1|1|598.07132076|66|2|1|2|2|1|1|1
3455573|1|1|1|513.65295191|66|2|1|2|1|1|1|1
3455574|1|1|1|318.93636987|66|2|1|2|1|1|1|1
3455575|1|1|1|428.62884073|66|2|1|2|1|1|1|1
3455576|1|1|1|386.24760406|66|1|1|2|1|1|1|1
3455577|1|1|1|652.36685053|66|1|1|2|1|1|1|1
3455578|1|1|1|760.80708341|66|3|1|2|1|1|1|1
3455579|1|1|1|722.1025485|66|3|1|2|1|1|1|1
3455580|1|1|1|656.81922717|66|1|1|2|1|1|1|1
3455581|1|1|1|642.5759186|66|1|1|2|1|1|1|1
3455582|1|1|1|642.5759186|66|1|1|2|1|1|1|1
3455583|1|1|1|713.08292446|66|1|1|2|1|1|1|1
3455584|1|1|1|716.87886397|66|1|1|1|2|1|1|1
3455585|1|1|1|557.26992764|66|2|1|3|1|1|1|1
3455586|1|1|1|659.35263243|66|2|1|3|1|1|1|1
3455587|1|1|1|551.98405639|66|2|1|3|1|1|1|1
3455588|1|1|1|742.96911005|66|1|1|3|1|1|1|1
3455589|1|1|1|2390.2785334|66|2|1|3|1|1|1|1
3455590|1|1|1|737.22430379|66|1|1|3|2|1|1|1
3455591|1|1|1|2324.5606806|66|1|1|3|1|1|1|1
3455592|1|1|1|730.69900741|66|2|1|3|1|1|1|1
3455593|1|1|1|694.67680635|66|2|1|3|1|1|1|1
3455594|1|1|1|764.11950434|66|1|1|3|1|1|1|1
3455595|1|1|1|576.64597621|66|1|1|4|1|1|1|1
3455599|1|1|1|766.16372241|66|2|1|1|2|1|1|1
3455600|1|1|1|1396.4704182|66|2|1|1|1|1|1|1
3455601|1|1|1|924.50903243|66|1|1|1|1|1|1|1
3455602|1|1|1|955.02177383|66|2|1|1|1|1|1|1
3455603|1|1|1|1018.9380581|66|2|1|1|2|1|1|1
3455604|1|1|1|628.26838033|66|2|1|1|1|1|1|1
3455605|1|1|1|960.10562138|66|2|1|1|1|1|1|1
3455606|1|1|1|967.10162745|66|2|1|1|2|1|1|1
3455607|1|1|1|766.93041668|66|2|1|1|1|2|2|2
3455608|1|1|1|967.10162745|66|2|1|1|1|1|1|1
3455609|1|1|1|255.73970365|66|2|1|3|1|1|1|1
3455610|1|1|1|228.41897894|66|1|1|3|1|1|1|1
3455611|1|1|1|202.49399727|66|1|1|3|1|1|1|1
3455612|1|1|1|216.55864857|66|1|1|3|1|1|1|1
3455613|1|1|1|868.55046507|66|2|1|3|1|1|1|1
3455614|1|1|1|244.25662731|66|2|1|3|1|1|1|1
3455615|1|1|1|263.80233181|66|2|1|3|1|1|1|1
3455616|1|1|1|255.73970365|66|2|1|3|1|1|1|1
3455617|1|1|1|279.74396944|66|2|1|3|1|1|1|1
3455618|1|1|1|251.73150965|66|2|1|3|1|1|1|2
3455619|1|1|1|236.27111531|66|2|1|3|1|1|1|1
3455620|1|1|1|868.34914686|68|3|1|1|1|1|1|1
3455621|1|1|1|701.99316456|68|2|1|1|1|1|1|1
3455622|1|1|1|868.34914686|68|3|1|1|1|1|1|1
3455623|1|1|1|751.08517922|68|3|1|1|1|1|1|1
3455624|1|1|1|868.34914686|68|2|1|1|1|1|1|1
3455625|1|1|1|673.54724574|68|1|1|1|1|1|1|1
3455626|1|1|1|807.68716308|68|2|1|1|1|1|1|1
3455627|1|1|1|1054.6000446|68|2|1|1|1|1|1|1
3455628|1|1|1|992.24475984|68|2|1|1|1|1|1|1
3455629|1|1|1|734.43273627|68|2|1|1|1|1|1|1
3455630|1|1|1|692.17587539|68|2|1|4|1|1|1|1
3455631|1|1|1|623.43246071|68|2|1|4|1|1|1|1
3455632|1|1|1|1052.5018182|68|2|1|4|1|1|1|1
3455633|1|1|1|820.21488853|68|2|1|4|1|1|1|1
3455634|1|1|1|884.77978832|68|2|1|4|1|1|1|1
3455635|1|1|1|711.42395324|68|2|1|4|1|1|1|1
3455636|1|1|1|866.32062734|68|2|1|4|1|1|1|1
3455637|1|1|1|832.15638344|68|2|1|3|1|1|1|1
3455638|1|1|1|396.54408031|68|2|1|3|1|1|1|1
3455639|1|1|1|709.01290318|68|2|1|3|1|1|1|1
3455641|1|1|1|715.43947127|68|2|1|3|1|1|1|1
3455642|1|1|1|807.4431999|68|2|1|3|1|1|1|1
3455643|1|1|1|803.82787614|68|2|1|3|1|1|1|1
3455644|1|1|1|660.13396588|68|2|1|3|1|1|1|1
3455645|1|1|1|635.12288779|68|2|1|3|1|1|1|1
3455646|1|1|1|867.28744752|68|2|1|3|1|1|1|1
3455647|1|1|1|834.94114044|68|2|1|3|1|1|1|1
3455648|1|1|1|808.75501942|68|2|1|3|1|1|1|1
3455649|1|1|1|883.1449369|68|2|1|3|1|1|1|1
3455650|1|1|1|876.05765197|68|2|1|2|1|1|1|1
3455651|1|1|1|695.70649817|68|1|1|2|1|1|1|1
3455652|1|1|1|613.90158039|68|1|1|2|1|1|1|1
3455653|1|1|1|852.62376014|68|2|1|2|1|1|1|1
3455654|1|1|1|706.91674125|68|2|1|2|1|1|1|1
3455655|1|1|1|641.90730407|68|2|1|2|1|1|1|1
3455656|1|1|1|823.69707508|68|2|1|2|1|1|1|1
3455657|1|1|1|585.69325716|68|2|1|2|1|1|1|1
3455658|1|1|1|662.92634309|68|2|1|2|1|1|1|1
3455659|1|1|1|638.63716198|68|2|1|2|1|1|1|1
3455660|1|1|1|704.83189463|68|2|1|5|1|1|1|1
3455661|1|1|1|866.46320674|68|2|1|4|1|1|1|1
3455662|1|1|1|954.49366387|68|2|1|5|1|1|1|1
3455663|1|1|1|1057.4711118|68|2|1|4|1|1|1|1
3455664|1|1|1|812.16953199|68|2|1|4|1|1|1|1
3455665|1|1|1|851.51621597|68|2|1|4|1|1|1|1
3455666|1|1|1|851.51621597|68|1|1|4|1|1|1|1
3455667|1|1|1|851.51621597|68|2|1|5|1|1|1|1
3455668|1|1|1|692.43635607|68|2|1|3|1|1|1|1
3455669|1|1|1|702.34490939|68|2|1|4|1|1|1|1
3455670|1|1|1|554.41739139|68|1|1|4|1|1|1|1
3455671|1|1|1|782.84813741|68|2|1|3|1|1|1|1
3455673|1|1|1|319.56826872|68|2|1|1|1|1|1|1
3455674|1|1|1|471.33279904|68|2|1|1|1|1|1|1
3455675|1|1|1|638.14013254|68|2|1|1|1|1|1|1
3455676|1|1|1|510.90972958|68|2|1|1|1|1|1|1
3455677|1|1|1|647.95463807|68|2|1|1|1|1|1|1
3455678|1|1|1|623.96697896|68|2|1|1|1|1|1|1
3455679|1|1|1|429.12656147|68|2|1|1|1|1|1|1
3455680|1|1|1|577.38272605|68|2|1|1|1|1|1|1
3455681|1|1|1|445.30371572|68|2|1|1|1|1|1|1
3455682|1|1|1|581.66439279|68|2|1|1|1|1|1|1
3455683|1|1|1|1468.5993422|68|2|1|1|1|1|1|1
3455684|1|1|1|1611.0068993|68|2|1|1|1|1|1|1
3455685|1|1|1|1422.0352748|68|2|1|1|1|1|1|1
3455686|1|1|1|1824.4559198|68|2|1|1|1|1|1|1
3455687|1|1|1|1486.4207117|68|1|1|1|1|1|1|1
3455688|1|1|1|1446.8696411|68|2|1|1|1|1|1|1
3455689|1|1|1|1501.9704088|68|2|1|1|1|1|1|1
3455690|1|1|1|1618.2696042|68|1|1|1|1|1|1|1
3455691|1|1|1|1494.1676049|68|1|1|1|1|1|1|1
3455692|1|1|1|1673.0670326|68|2|1|1|1|1|1|1
3455693|1|1|1|1476.8327033|68|1|1|1|1|1|1|1
3455694|1|1|1|931.45015237|68|2|1|5|1|1|1|1
3455695|1|1|1|1222.704169|68|2|1|5|1|1|1|1
3455696|1|1|1|1222.704169|68|2|1|5|1|1|1|1
3455697|1|1|1|1526.6620045|68|1|1|5|1|1|1|1
3455698|1|1|1|1069.1636114|68|2|1|5|2|1|1|1
3455699|1|1|1|1265.8858716|68|1|1|5|1|1|1|1
3455700|1|1|1|1069.1636114|68|2|1|5|1|1|1|1
3455701|1|1|1|1198.4620769|68|2|1|5|1|1|1|1
3455702|1|1|1|1196.1187141|68|2|1|3|1|1|1|1
3455703|1|1|1|901.98909|68|2|1|3|1|1|1|1
3455704|1|1|1|997.46217123|68|2|1|3|1|1|1|1
3455705|1|1|1|931.09452519|68|2|1|3|1|1|1|1
3455707|1|1|1|942.61174039|68|2|1|3|1|1|1|1
3455708|1|1|1|1126.0441927|68|2|1|3|1|1|1|1
3455710|1|1|1|771.51895136|68|2|1|3|1|1|1|1
3455711|1|1|1|1095.2619421|68|2|1|3|1|1|1|1
3455712|1|1|1|764.33064123|68|2|1|1|1|1|1|1
3455713|1|1|1|828.38015583|68|2|1|1|1|1|1|1
3455714|1|1|1|813.31834116|68|2|1|1|1|1|1|1
3455715|1|1|1|797.19298669|68|2|1|1|1|1|1|1
3455716|1|1|1|711.1862353|68|2|1|1|1|1|1|1
3455717|1|1|1|857.25624249|68|1|1|1|1|1|1|1
3455718|1|1|1|847.285619|68|2|1|1|1|1|1|1
3455719|1|1|1|738.23466327|68|2|1|1|1|1|1|1
3455720|1|1|1|668.56969859|68|2|1|1|1|1|1|1
3455721|1|1|1|716.32467706|68|1|1|2|1|1|1|1
3455722|1|1|1|756.28867425|68|2|1|1|1|1|1|1
3455723|1|1|1|826.17536649|68|2|1|1|1|1|1|1
3455724|1|1|1|953.11167997|68|2|1|2|1|1|1|1
3455725|1|1|1|756.45204823|68|1|1|2|1|1|1|1
3455726|1|1|1|830.07711258|68|2|1|2|1|1|1|1
3455727|1|1|1|660.56358534|68|2|1|1|1|1|1|1
3455728|1|1|1|761.98525211|68|2|1|2|1|2|2|2
3455729|1|1|1|775.36067153|68|2|1|2|1|1|1|1
3455730|1|1|1|999.79273716|68|2|1|2|1|1|1|1
3455731|1|1|1|669.30254187|68|2|1|2|1|1|1|1
3455732|1|1|1|186.26626532|70|1|1|1|1|1|1|1
3455733|1|1|1|177.5930524|70|1|1|1|1|1|1|1
3455734|1|1|1|135.17138224|70|1|1|2|1|1|1|1
3455735|1|1|1|150.92443164|70|2|1|1|1|1|1|1
3455736|1|1|1|145.88658861|70|1|1|1|1|1|1|1
3455737|1|1|1|74.658065847|70|2|1|1|1|1|1|1
3455738|1|1|1|144.74059188|70|2|1|1|1|1|1|1
3455739|1|1|1|103.17122143|70|2|1|1|1|1|1|1
3455740|1|1|1|151.51439213|70|2|1|1|1|1|1|1
3455741|1|1|1|133.5630823|70|2|1|1|1|1|1|1
3455742|1|1|1|139.33478984|70|1|1|1|1|1|1|1
3455743|1|1|1|157.25016303|70|1|1|1|1|1|1|1
3455744|1|1|1|203.98027932|70|1|1|1|1|1|1|1
3455745|1|1|1|199.43314766|70|1|1|1|1|1|1|1
3455746|1|1|1|115.47114184|70|1|1|1|1|1|1|1
3455747|1|1|1|195.22956256|70|2|1|1|1|1|1|1
3455748|1|1|1|239.86919135|70|2|1|2|1|1|1|1
3455749|1|1|1|235.144948|70|2|1|2|1|1|1|1
3455750|1|1|1|258.18295269|70|1|1|1|1|2|2|2
3455751|1|1|1|279.65632622|70|1|1|1|1|2|1|1
3455752|1|1|1|137.56162857|70|1|1|1|1|2|1|1
3455753|1|1|1|116.55756271|70|1|1|1|1|2|1|1
3455754|1|1|1|238.52708815|70|1|1|1|1|2|1|1
3455755|1|1|1|181.01512364|70|1|1|1|1|2|1|1
3455756|1|1|1|238.52708815|70|2|1|1|1|2|1|1
3455757|1|1|1|219.66742222|70|2|1|1|1|2|1|1
3455758|1|1|1|99.544087797|70|1|1|1|1|2|1|1
3455759|1|1|1|176.30856857|70|1|1|1|1|2|1|1
3455760|1|1|1|241.00809733|70|2|1|2|1|1|1|1
3455761|1|1|1|198.34713964|70|2|1|2|1|1|1|1
3455762|1|1|1|202.75707336|70|2|1|2|1|1|1|1
3455763|1|1|1|224.75266668|70|2|1|2|1|1|1|1
3455764|1|1|1|160.8500467|70|2|1|2|1|1|1|1
3455765|1|1|1|82.866427651|70|1|1|1|1|1|1|1
3455766|1|1|1|235.13155077|70|1|1|1|1|1|1|1
3455767|1|1|1|105.58245347|70|1|1|1|1|1|1|1
3455768|1|1|1|61.938543518|70|1|1|1|1|1|1|1
3455769|1|1|1|134.91709761|70|1|1|1|1|1|1|1
3455770|1|1|1|110.8078905|70|1|1|1|1|1|1|1
3455771|1|1|1|173.91924324|70|1|1|1|1|1|1|1
3455772|1|1|1|125.70082903|70|1|1|1|1|1|1|1
3455773|1|1|1|134.71422147|70|1|1|1|1|1|1|1
3455774|1|1|1|152.24911059|70|1|1|1|1|1|1|1
3455775|1|1|1|142.39157465|70|1|1|1|1|1|1|1
3455776|1|1|1|125.66403509|70|2|1|1|1|1|1|1
3455777|1|1|1|193.69913236|70|1|1|1|1|1|1|1
3455778|1|1|1|104.75131676|70|1|1|1|1|1|1|1
3455779|1|1|1|112.14545983|70|1|1|1|1|1|1|1
3455780|1|1|1|195.74885647|70|1|1|1|1|1|1|1
3455781|1|1|1|144.18280773|70|1|1|1|1|1|1|1
3455782|1|1|1|203.43054595|70|1|1|1|1|1|1|1
3455783|1|1|1|212.47639603|70|2|1|1|1|1|1|1
3455784|1|1|1|192.89443036|70|2|1|1|1|1|1|1
3455785|1|1|1|178.02941075|70|2|1|1|1|1|1|1
3455786|1|1|1|210.20199643|70|2|1|1|1|1|1|1
3455787|1|1|1|212.30139661|70|2|1|1|1|1|1|1
3455788|1|1|1|186.69027607|70|2|1|1|1|1|1|1
3455789|1|1|1|178.02941075|70|2|1|1|1|1|1|1
3455790|1|1|1|164.2424391|70|2|1|1|1|1|1|1
3455791|1|1|1|226.9385324|70|1|1|2|1|1|1|1
3455792|1|1|1|166.21183575|70|1|1|2|1|1|1|1
3455793|1|1|1|162.55322406|70|2|1|2|1|1|1|1
3455794|1|1|1|230.37510582|70|1|1|2|1|1|1|1
3455795|1|1|1|247.97746069|70|1|1|2|1|1|1|1
3455796|1|1|1|106.78561859|70|2|1|2|1|1|1|1
3455797|1|1|1|162.68693034|70|2|1|2|1|1|1|1
3455798|1|1|1|188.55124354|70|2|1|2|1|1|1|1
3455799|1|1|1|174.76327188|70|2|1|2|1|1|1|1
3455800|1|1|1|152.1809954|70|1|1|2|1|1|1|1
3455801|1|1|1|172.05385207|70|2|1|2|1|1|1|1
3455802|1|1|1|102.16273301|70|1|1|2|1|1|1|1
3455803|1|1|1|154.09537576|70|2|1|2|1|1|1|1
3455804|1|1|1|185.39054751|70|2|1|2|1|1|1|1
3455805|1|1|1|227.16506667|70|2|1|2|1|1|1|1
3455806|1|1|1|185.18425705|70|2|1|1|1|1|1|1
3455807|1|1|1|189.55180351|70|2|1|1|1|1|1|1
3455808|1|1|1|185.18425705|70|2|1|1|1|1|1|1
3455809|1|1|1|220.70228538|70|2|1|1|1|1|1|1
3455810|1|1|1|101.41677188|70|2|1|1|1|1|1|1
3455811|1|1|1|253.19253785|70|2|1|1|1|1|1|1
3455812|1|1|1|129.00299558|70|1|1|1|1|1|1|1
3455813|1|1|1|189.11565692|70|2|1|1|1|1|1|1
3455814|1|1|1|257.74396046|70|1|1|3|1|1|1|1
3455815|1|1|1|144.18280773|70|1|1|3|1|1|1|1
3455816|1|1|1|160.09262697|70|1|1|3|1|1|1|1
3455817|1|1|1|197.65469493|70|1|1|3|1|1|1|1
3455818|1|1|1|195.74885647|70|1|1|3|1|1|1|1
3455819|1|1|1|125.66403509|70|1|1|3|1|1|1|1
3455820|1|1|1|93.246050166|70|1|1|3|1|1|1|1
3455821|1|1|1|140.6760547|70|1|1|3|1|1|1|1
3455822|1|1|1|79.635270237|70|1|1|3|1|1|1|1
3455823|1|1|1|161.6153516|70|1|1|3|1|1|1|1
3455824|1|1|1|144.18280773|70|1|1|3|1|1|1|1
3455825|1|1|1|163.56143188|70|1|1|2|1|1|1|1
3455826|1|1|1|135.45675896|70|1|1|2|1|1|1|1
3455827|1|1|1|122.04992113|70|2|1|2|1|1|1|1
3455828|1|1|1|138.52744423|70|1|1|2|1|1|1|1
3455829|1|1|1|167.71983715|70|1|1|2|1|1|1|1
3455830|1|1|1|167.78473412|70|1|1|2|1|1|1|1
3455831|1|1|1|187.6224998|70|1|1|1|1|1|1|1
3455832|1|1|1|210.45629018|70|2|1|1|1|1|1|1
3455833|1|1|1|234.92831348|70|1|1|1|1|1|1|1
3455834|1|1|1|196.34161516|70|1|1|1|1|1|1|1
3455835|1|1|1|201.77162429|70|1|1|1|1|1|1|1
3455836|1|1|1|140.97280726|70|2|1|1|1|1|1|1
3455837|1|1|1|215.26722301|70|2|1|1|1|1|1|1
3455838|1|1|1|187.6224998|70|2|1|1|1|1|1|1
3455839|1|1|1|210.6054241|70|1|1|1|1|1|1|1
3455840|1|1|1|103.62794781|70|1|1|1|1|1|1|1
3455841|1|1|1|181.3093653|70|1|1|1|1|1|1|1
3455842|1|1|1|274.25934516|70|1|1|1|1|1|1|1
3455843|1|1|1|262.41169117|73|1|1|2|1|1|1|1
3455844|1|1|1|262.41169117|73|1|1|2|1|1|1|1
3455845|1|1|1|506.13189774|73|2|1|2|1|1|1|1
3455846|1|1|1|608.65484374|73|2|1|2|1|1|1|1
3455847|1|1|1|348.43392637|73|2|1|2|1|1|1|1
3455848|1|1|1|329.1047052|73|1|1|2|1|1|1|1
3455850|1|1|1|262.41169117|73|2|1|2|1|1|1|1
3455851|1|1|1|295.75819819|73|1|1|2|1|1|1|1
3455852|1|1|1|235.53497702|73|1|1|2|1|1|1|1
3455853|1|1|1|259.02573386|73|1|1|3|1|1|1|1
3455854|1|1|1|395.17290442|73|2|1|3|1|1|1|1
3455855|1|1|1|483.63985199|73|2|1|3|1|1|1|1
3455856|1|1|1|372.19766328|73|1|1|3|1|1|1|1
3455857|1|1|1|399.16235587|73|1|1|3|1|1|1|1
3455858|1|1|1|259.02573386|73|1|1|3|2|1|1|1
3455859|1|1|1|259.02573386|73|1|1|3|1|1|1|1
3455860|1|1|1|347.92745619|73|1|1|3|1|1|1|1
3455862|1|1|1|291.94196337|73|1|1|3|1|1|1|1
3455863|1|1|1|350.81721336|73|2|1|2|1|1|1|1
3455864|1|1|1|430.87779573|73|1|1|2|1|1|1|1
3455865|1|1|1|365.90797087|73|1|1|2|1|1|1|1
3455866|1|1|1|304.73615749|73|1|1|2|1|1|1|1
3455867|1|1|1|339.38977512|73|1|1|2|1|1|1|1
3455868|1|1|1|653.00924643|73|1|1|2|1|1|1|1
3455869|1|1|1|635.20284834|73|2|1|2|1|1|1|1
3455870|1|1|1|287.25186382|73|1|1|3|1|1|1|1
3455871|1|1|1|254.79073951|73|1|1|3|1|1|1|1
3455872|1|1|1|203.15743833|73|2|1|3|1|1|1|1
3455873|1|1|1|159.84422175|73|2|1|2|1|1|1|1
3455874|1|1|1|266.44408512|73|2|1|3|1|1|1|1
3455875|1|1|1|313.06851441|73|2|1|3|1|1|1|1
3455876|1|1|1|317.46131297|73|2|1|3|1|1|1|1
3455877|1|1|1|309.93953288|73|2|1|3|1|1|1|1
3455878|1|1|1|379.32537411|73|2|1|3|1|1|1|1
3455879|1|1|1|290.56307653|73|2|1|3|1|1|1|1
3455880|1|1|1|465.45632101|73|1|1|4|1|1|1|1
3455881|1|1|1|390.79386405|73|2|1|4|1|1|1|1
3455882|1|1|1|545.37029043|73|1|1|4|1|1|1|1
3455883|1|1|1|283.37364713|73|2|1|4|1|1|1|1
3455884|1|1|1|283.37364713|73|2|1|4|1|1|1|1
3455885|1|1|1|294.90227282|73|2|1|4|1|1|1|1
3455886|1|1|1|413.5529592|73|2|1|4|1|1|1|1
3455887|1|1|1|283.37364713|73|2|1|4|1|1|1|1
3455888|1|1|1|580.15736663|73|2|1|4|1|1|1|1
3455889|1|1|1|287.80637096|73|2|1|4|1|1|1|1
3455890|1|1|1|293.69205806|73|2|1|2|1|1|1|1
3455891|1|1|1|338.885165|73|2|1|3|1|1|1|1
3455892|1|1|1|338.885165|73|2|1|2|1|1|1|1
3455893|1|1|1|203.15743833|73|1|1|3|1|1|1|1
3455894|1|1|1|295.57194843|73|2|1|2|1|1|1|1
3455895|1|1|1|353.50872352|73|2|1|3|1|1|1|1
3455896|1|1|1|251.04568464|73|1|1|2|1|1|1|1
3455897|1|1|1|423.90240771|73|1|1|2|1|1|1|1
3455899|1|1|1|600.52841093|73|2|1|2|1|1|1|1
3455900|1|1|1|408.73054787|73|1|1|2|1|1|1|1
3455901|1|1|1|414.03604226|73|1|1|2|1|1|1|1
3455902|1|1|1|443.51372875|73|1|1|2|1|1|1|1
3455903|1|1|1|294.02950225|73|1|1|2|1|1|1|1
3455904|1|1|1|287.80637096|73|1|1|2|1|1|1|1
3455905|1|1|1|439.08100491|73|2|1|2|1|1|1|1
3455906|1|1|1|257.91972104|73|1|1|2|1|1|1|1
3455907|1|1|1|291.9197359|73|1|1|2|1|1|1|1
3455908|1|1|1|526.61470339|73|1|1|2|1|1|1|1
3455910|1|1|1|203.15743833|73|2|1|2|1|1|1|1
3455911|1|1|1|317.64354415|73|1|1|2|1|1|1|1
3455912|1|1|1|142.06144114|73|2|1|2|1|1|1|1
3455913|1|1|1|159.84422175|73|1|1|2|1|1|1|1
3455914|1|1|1|178.94560457|73|1|1|2|1|1|1|1
3455915|1|1|1|477.73263658|73|1|1|2|1|1|1|1
3455916|1|1|1|581.13662415|73|2|1|2|1|1|1|1
3455917|1|1|1|266.36520215|73|2|1|1|1|1|1|1
3455918|1|1|1|486.92773656|73|1|1|2|1|1|1|1
3455919|1|1|1|490.53270827|73|2|1|2|1|1|1|1
3455920|1|1|1|767.85533818|73|2|1|1|1|1|1|1
3455921|1|1|1|526.13885644|73|1|1|2|1|1|1|1
3455922|1|1|1|521.29000067|73|2|1|2|1|1|1|1
3455923|1|1|1|387.4244161|73|1|1|3|1|1|1|1
3455924|1|1|1|407.21177669|73|1|1|4|1|2|1|1
3455925|1|1|1|200.23152695|73|1|1|4|1|1|1|1
3455926|1|1|1|253.94679791|73|1|1|3|1|1|1|1
3455927|1|1|1|470.01770175|73|2|1|4|1|2|1|1
3455928|1|1|1|516.04257468|73|1|1|4|1|1|1|1
3455929|1|1|1|371.03365743|73|2|1|2|1|1|1|1
3455930|1|1|1|262.41169117|73|1|1|2|1|1|1|1
3455931|1|1|1|519.03146549|73|2|1|2|1|1|1|1
3455932|1|1|1|404.38016445|73|1|1|2|1|1|1|1
3455933|1|1|1|400.3385633|73|2|1|2|1|1|1|1
3455934|1|1|1|489.72655961|73|2|1|1|1|1|1|1
3455935|1|1|1|319.1290205|73|2|1|2|1|1|1|1
3455936|1|1|1|456.61543455|73|2|1|2|1|1|1|1
3455937|1|1|1|445.09624143|73|1|1|2|1|1|1|1
3455938|1|1|1|335.20977324|73|1|1|2|1|1|1|1
3455939|1|1|1|516.56304878|73|1|1|2|1|1|1|1
3455940|1|1|1|588.45221333|73|1|1|2|1|1|1|1
3455941|1|1|1|718.31017108|73|1|1|2|1|1|1|1
3455942|1|1|1|269.03351622|73|1|1|2|1|1|1|1
3455943|1|1|1|481.66756424|73|1|1|2|1|1|1|1
3455944|1|1|1|500.08489127|73|1|1|2|1|1|1|1
3455945|1|1|1|293.4756309|73|1|1|2|1|1|1|1
3455946|1|1|1|330.04695371|73|1|1|3|1|1|1|1
3455947|1|1|1|803.82700957|73|2|1|2|1|1|1|1
3455948|1|1|1|582.57974017|73|2|1|2|1|1|1|1
3455949|1|1|1|602.45755126|73|2|1|2|1|1|1|1
3455950|1|1|1|538.01209496|73|1|1|2|1|1|1|1
3455951|1|1|1|516.82158628|73|1|1|2|1|1|1|1
3455952|1|1|1|449.15981721|73|2|1|2|1|1|1|1
3455953|1|1|1|410.22175046|73|2|1|2|1|1|1|1
3455954|1|1|1|632.15757717|73|2|1|2|1|1|1|1
3455955|1|1|1|632.15757717|73|2|1|2|1|1|1|1
3455956|1|1|1|410.22175046|73|2|1|2|1|1|1|1
3455957|1|1|1|758.38333694|73|2|1|2|1|1|1|1
3455959|1|1|1|286.85483308|73|2|1|2|1|1|1|1
3455960|1|1|1|382.1533386|73|1|1|2|1|1|1|1
3455961|1|1|1|406.94014041|73|1|1|2|1|1|1|1
3455962|1|1|1|287.80637096|73|1|1|2|1|1|1|1
3455963|1|1|1|329.07084398|73|1|1|2|1|1|1|1
3455964|1|1|1|468.92132133|73|1|1|2|1|1|1|1
3455965|1|1|1|505.23674882|73|1|1|2|1|1|1|1
3455966|1|1|1|287.80637096|73|1|1|2|1|1|1|1
3455967|1|1|1|287.80637096|73|1|1|2|1|1|1|1
3455968|1|1|1|352.41749127|73|1|1|2|1|1|1|1
3455969|1|1|1|445.30413621|73|1|1|2|1|1|1|1
3455970|1|1|1|1293.0484237|76|2|1|6|1|1|1|1
3455971|1|1|1|1307.0105868|76|2|1|6|1|1|1|1
3455972|1|1|1|1046.978948|76|2|1|6|1|1|1|1
3455973|1|1|1|1651.3307136|76|2|1|6|1|1|1|1
3455974|1|1|1|1843.829396|76|2|1|6|1|1|1|1
3455975|1|1|1|1843.829396|76|2|1|6|1|1|1|1
3455976|1|1|1|2296.7295358|76|2|1|4|1|1|1|1
3455978|1|1|1|1677.3888792|76|2|1|4|1|1|1|1
3455979|1|1|1|1960.1755498|76|2|1|4|1|1|1|1
3455981|1|1|1|1857.0964152|76|2|1|4|1|1|1|1
3455982|1|1|1|2229.2534657|76|2|1|4|1|1|1|1
3455983|1|1|1|1582.1595346|76|2|1|3|1|1|1|1
3455984|1|1|1|1548.0731395|76|2|1|3|1|1|1|1
3455985|1|1|1|1518.8116973|76|2|1|3|1|1|1|1
3455986|1|1|1|1600.7241506|76|2|1|3|1|1|1|1
3455987|1|1|1|1364.8674761|76|2|1|3|1|1|1|1
3455988|1|1|1|3203.3254388|76|2|1|3|1|1|1|1
3455989|1|1|1|818.15941343|76|1|1|3|1|1|1|1
3455990|1|1|1|1584.1119594|76|1|1|3|1|1|1|1
3455991|1|1|1|1454.9417874|76|1|1|3|1|1|1|1
3455992|1|1|1|2053.5045045|76|1|1|3|1|1|1|1
3455993|1|1|1|1454.9417874|76|1|1|3|1|1|1|1
3455994|1|1|1|1427.6055184|76|1|1|3|1|1|1|1
3455995|1|1|1|1030.5589298|76|1|1|3|1|1|1|1
3455996|1|1|1|1770.1791747|76|2|1|3|1|1|1|1
3455997|1|1|1|1334.2697066|76|1|1|3|1|1|1|1
3455998|1|1|1|2228.4693031|76|2|1|3|1|1|1|1
3455999|1|1|1|1770.1791747|76|2|1|3|1|1|1|1
3456000|1|1|1|1552.2244406|76|2|1|3|1|1|1|1
3456001|1|1|1|1579.6651132|76|1|1|3|1|1|1|1
3456003|1|1|1|1770.1791747|76|1|1|3|1|1|1|1
3456004|1|1|1|2213.7683449|76|2|1|3|1|1|1|1
3456005|1|1|1|1497.6868092|76|2|1|3|1|1|1|1
3456007|1|1|1|1562.9858085|76|1|1|3|1|1|1|1
3456008|1|1|1|1219.1861899|76|1|1|3|1|1|1|1
3456009|1|1|1|1298.3548876|76|1|1|3|1|1|1|1
3456010|1|1|1|1219.1861899|76|2|1|3|1|1|1|1
3456011|1|1|1|1767.058387|76|2|1|3|1|1|1|1
3456012|1|1|1|1480.1245718|76|2|1|3|1|1|1|1
3456013|1|1|1|2312.854892|76|2|1|3|2|1|1|1
3456014|1|1|1|1781.8038217|76|1|1|3|1|1|1|1
3456015|1|1|1|2088.0452101|76|2|1|3|1|1|1|1
3456016|1|1|1|1675.8154768|76|2|1|3|1|1|1|1
3456017|1|1|1|2214.2399596|76|2|1|3|1|1|1|1
3456018|1|1|1|1685.7155549|76|2|1|3|1|1|1|1
3456019|1|1|1|2701.3179044|76|1|1|3|1|1|1|1
3456020|1|1|1|2003.2476185|76|1|1|3|1|1|1|1
3456021|1|1|1|1440.2591679|76|1|1|3|1|1|1|1
3456022|1|1|1|1525.1812483|76|1|1|3|1|1|1|1
3456023|1|1|1|2182.4126811|76|1|1|3|1|1|1|1
3456024|1|1|1|2405.0139935|76|1|1|3|1|1|1|1
3456025|1|1|1|1593.898935|76|1|1|3|1|1|1|1
3456026|1|1|1|2747.427908|76|1|1|3|1|1|1|1
3456027|1|1|1|3016.1392239|76|1|1|3|1|1|1|1
3456028|1|1|1|3596.8571466|76|1|1|3|1|1|1|1
3456029|1|1|1|2023.9143894|76|1|1|1|1|1|1|1
3456030|1|1|1|1773.5153668|76|1|1|1|1|1|1|1
3456031|1|1|1|2716.9752291|76|1|1|1|1|1|1|1
3456032|1|1|1|1692.9389298|76|2|1|1|1|1|1|1
3456033|1|1|1|1600.4896676|76|1|1|2|1|1|1|1
3456034|1|1|1|2075.8344194|76|2|1|2|1|1|1|1
3456035|1|1|1|2010.2203461|76|2|1|1|1|1|1|1
3456036|1|1|1|1744.4813925|76|2|1|1|1|1|1|1
3456037|1|1|1|1889.3385249|76|1|1|2|1|1|1|1
3456038|1|1|1|1695.9440653|76|1|1|3|1|1|1|1
3456039|1|1|1|1844.9836785|76|2|1|2|1|1|1|1
3456040|1|1|1|2438.8449597|76|2|1|2|1|1|1|1
3456041|1|1|1|2182.4126811|76|2|1|2|1|1|1|1
3456042|1|1|1|2011.6498641|76|2|1|2|1|1|1|1
3456043|1|1|1|2747.427908|76|2|1|2|1|1|1|1
3456044|1|1|1|1462.1194699|76|2|1|2|1|1|1|1
3456045|1|1|1|1793.8925642|76|2|1|2|1|1|1|1
3456046|1|1|1|1902.15625|76|2|1|5|1|1|1|1
3456047|1|1|1|2472.1775599|76|2|1|5|1|1|1|1
3456048|1|1|1|2689.2910128|76|2|1|5|1|1|1|1
3456049|1|1|1|1618.469667|76|1|1|4|1|1|1|1
3456050|1|1|1|1783.1556596|76|2|1|4|1|1|1|1
3456051|1|1|1|1035.7074216|76|2|1|4|1|1|1|1
3456052|1|1|1|1275.6569346|76|2|1|4|1|1|1|1
3456053|1|1|1|1275.6569346|76|2|1|4|1|1|1|1
3456054|1|1|1|1133.4392427|76|2|1|4|1|1|1|1
3456055|1|1|1|1179.0339326|76|2|1|4|1|1|1|1
3456056|1|1|1|1940.838001|76|2|1|4|1|1|1|1
3456057|1|1|1|1525.1812483|76|2|1|1|1|1|1|1
3456058|1|1|1|1742.9385482|76|1|1|1|1|1|1|1
3456059|1|1|1|1947.5323313|76|2|1|1|1|1|1|1
3456060|1|1|1|1942.9321774|76|1|1|1|1|1|1|1
3456061|1|1|1|2591.8680654|76|1|1|1|1|1|1|1
3456062|1|1|1|2302.9688632|76|2|1|1|1|1|1|1
3456063|1|1|1|2745.5078325|76|2|1|1|1|1|1|1
3456065|1|1|1|2147.5259606|76|1|1|1|1|1|1|1
3456066|1|1|1|2011.6498641|76|1|1|1|1|1|1|1
3456067|1|1|1|1225.6900954|76|2|1|1|1|1|1|1
3456068|1|1|1|1123.2489376|76|2|1|1|1|1|1|1
3456069|1|1|1|1448.3879022|76|2|1|1|1|1|1|1
3456070|1|1|1|1736.2204437|76|2|1|1|1|1|1|1
3456071|1|1|1|2171.6202412|76|2|1|1|2|1|1|1
3456072|1|1|1|1722.1495941|76|1|1|1|1|1|1|1
3456073|1|1|1|1291.6026463|76|1|1|1|1|1|1|1
3456074|1|1|1|1086.4633353|76|1|1|2|1|1|1|1
3456075|1|1|1|950.82297489|76|2|1|1|1|1|1|1
3456076|1|1|1|1990.8364891|76|2|1|1|1|1|1|1
3456077|1|1|1|1098.1304988|76|2|1|1|1|1|1|1
3456078|1|1|1|2073.2920471|76|1|1|2|1|1|1|1
3456079|1|1|1|1448.9221859|76|1|1|2|1|1|1|1
3456080|1|1|1|1594.8799646|76|1|1|2|1|1|1|1
3456081|1|1|1|1433.5280119|76|2|1|2|1|1|1|1
3456082|1|1|1|2614.3155659|76|1|1|2|1|1|1|1
3456083|1|1|1|1594.8799646|76|1|1|2|1|1|1|1
3456084|1|1|1|1850.1557148|76|1|1|2|1|1|1|1
3456085|1|1|1|2443.0961702|76|1|1|2|1|1|1|1
3456086|1|1|1|2057.2568153|76|1|1|2|1|1|1|1
3456087|1|1|1|35.967736486|88|1|1|2|2|2|1|2
3456088|1|1|1|35.988381557|88|1|1|2|2|2|1|2
3456089|1|1|1|49.472416698|88|1|1|2|2|2|1|2
3456090|1|1|1|38.2552224|88|1|1|2|2|2|1|2
3456091|1|1|1|12.368104175|88|1|1|3|2|2|1|2
3456092|1|1|1|20.792325682|88|2|1|2|2|2|1|2
3456093|1|1|1|12.368104175|88|1|1|3|2|2|1|2
3456094|1|1|1|30.862941971|88|1|1|2|2|2|1|2
3456095|1|1|1|42.094470108|88|1|1|2|2|2|1|2
3456096|1|1|1|35.967736486|88|2|1|3|2|2|1|2
3456097|1|1|1|67.637908413|88|1|1|1|2|2|1|2
3456098|1|1|1|70.610757422|88|1|1|1|2|2|1|2
3456099|1|1|1|51.38092137|88|1|1|1|2|2|1|2
3456100|1|1|1|20.098169284|88|1|1|2|2|2|1|2
3456101|1|1|1|39.363470257|88|1|1|1|2|2|1|2
3456102|1|1|1|75.503712586|88|1|1|1|2|2|1|2
3456103|1|1|1|50.51450482|88|1|1|2|2|2|1|2
3456104|1|1|1|51.38092137|88|1|1|2|2|2|1|2
3456105|1|1|1|44.914266507|88|1|1|2|2|2|1|2
3456106|1|1|1|20.098169284|88|2|1|2|2|2|1|2
3456107|1|1|1|63.031152949|88|1|1|1|2|2|1|2
3456108|1|1|1|20.098169284|88|1|1|1|2|2|1|2
3456109|1|1|1|19.182013419|88|1|1|1|2|1|2|2
3456110|1|1|1|58.8865936|88|1|1|2|2|1|1|1
3456111|1|1|1|47.866136854|88|1|1|2|2|1|1|1
3456112|1|1|1|19.182013419|88|1|1|2|2|1|1|1
3456113|1|1|1|55.783295013|88|1|1|2|2|1|1|1
3456114|1|1|1|25.960385611|88|1|1|2|2|1|1|1
3456116|1|1|1|49.666625136|88|1|1|2|2|1|1|1
3456118|1|1|1|24.842960052|88|1|1|2|2|1|1|1
3456119|1|1|1|46.821265443|88|1|1|2|2|1|1|1
3456120|1|1|1|24.081002295|88|1|1|2|2|1|1|1
3456121|1|1|1|23.190195327|88|1|1|3|2|2|1|2
3456122|1|1|1|23.190195327|88|1|1|3|2|2|1|2
3456123|1|1|1|42.87256934|88|1|1|3|2|2|1|2
3456124|1|1|1|56.392755158|88|1|1|3|2|2|1|2
3456125|1|1|1|24.081002295|88|1|1|3|2|2|1|2
3456126|1|1|1|30.034026331|88|2|1|2|2|2|1|2
3456127|1|1|1|57.868016196|88|2|1|2|2|2|1|2
3456128|1|1|1|43.42721802|88|1|1|2|2|1|1|2
3456129|1|1|1|68.02457296|88|1|1|3|2|1|1|2
3456130|1|1|1|42.436545211|88|1|1|2|2|2|1|2
3456131|1|1|1|29.023485857|88|1|1|2|2|2|1|2
3456132|1|1|1|33.307551756|88|1|1|2|2|2|1|2
3456133|1|1|1|17.00614324|88|1|1|1|2|2|1|2
3456134|1|1|1|44.032799001|88|1|1|3|2|1|1|1
3456135|1|1|1|17.00614324|88|1|1|3|2|1|1|2
3456136|1|1|1|68.02457296|88|1|1|2|2|2|1|2
3456137|1|1|1|17.00614324|88|1|1|2|2|2|1|2
3456138|1|1|1|39.577480714|88|1|1|3|2|2|1|1
3456139|1|1|1|27.655362128|88|1|1|2|2|2|1|2
3456140|1|1|1|35.925509962|88|1|1|2|2|2|1|1
3456141|1|1|1|23.190195327|88|1|1|3|2|2|1|1
3456142|1|1|1|30.034026331|88|1|1|2|2|1|1|1
3456143|1|1|1|23.190195327|88|2|1|2|2|1|1|1
3456144|1|1|1|60.04472591|88|1|1|2|2|1|1|1
3456147|1|1|1|27.732372457|88|1|1|2|2|2|1|2
3456148|1|1|1|17.779149751|88|1|1|1|2|2|1|2
3456150|1|1|1|61.122414415|88|1|1|2|2|2|1|2
3456151|1|1|1|17.779149751|88|1|1|1|2|2|1|2
3456152|1|1|1|51.703621199|88|1|1|1|2|2|1|2
3456153|1|1|1|17.779149751|88|1|1|2|2|1|1|1
3456154|1|1|1|23.026086854|88|1|1|2|2|1|1|1
3456155|1|1|1|23.026086854|88|1|1|2|2|1|1|1
3456156|1|1|1|48.844275251|88|1|1|2|2|1|1|1
3456157|1|1|1|43.628710963|88|1|1|2|2|1|1|1
3456158|1|1|1|23.476494035|88|1|1|2|2|1|1|2
3456159|1|1|1|58.582436149|88|1|1|2|2|1|1|2
3456160|1|1|1|40.066091587|88|1|1|2|2|2|1|2
3456161|1|1|1|23.476494035|88|1|1|2|2|2|1|2
3456162|1|1|1|23.476494035|88|1|1|3|2|1|1|2
3456163|1|1|1|23.476494035|88|1|1|2|2|2|1|2
3456165|1|1|1|16.639783828|88|1|1|3|2|1|1|1
3456166|1|1|1|18.830966279|88|1|1|3|2|1|1|1
3456167|1|1|1|18.020415799|88|1|1|3|2|1|1|1
3456168|1|1|1|20.144928655|88|2|1|3|2|1|1|1
3456169|1|1|1|33.835653095|88|2|1|3|2|1|1|1
3456170|1|1|1|41.777665923|88|1|1|3|2|1|1|1
3456171|1|1|1|51.671974179|88|1|1|3|2|1|1|1
3456172|1|1|1|20.941449114|88|2|1|3|2|1|1|1
3456173|1|1|1|52.256572201|88|1|1|3|2|1|1|1
3456174|1|1|1|21.7458748|88|1|1|3|2|1|1|1
3456175|1|1|1|28.341555309|88|1|1|3|2|1|1|1
3456176|1|1|1|47.358574541|88|1|1|3|2|2|1|1
3456177|1|1|1|83.149391697|88|2|1|3|2|1|1|1
3456178|1|1|1|58.751911603|88|1|1|3|2|1|1|1
3456179|1|1|1|48.090918113|88|1|1|3|2|1|1|1
3456180|1|1|1|67.439505912|88|1|1|2|2|2|1|2
3456181|1|1|1|23.190195327|88|1|1|2|2|2|1|2
3456182|1|1|1|57.868016196|88|1|1|2|2|2|1|2
3456183|1|1|1|31.384943799|88|1|1|2|2|2|1|2
3456184|1|1|1|23.190195327|88|1|1|2|2|2|1|2
3456185|1|1|1|30.034026331|88|1|1|2|2|2|1|2
3456186|1|1|1|30.506270351|88|1|1|1|2|2|1|2
3456187|1|1|1|102.03685944|88|1|1|1|2|2|1|2
3456188|1|1|1|89.621345959|88|1|1|1|2|2|1|2
3456189|1|1|1|74.183456503|88|1|1|1|2|2|1|2
3456190|1|1|1|25.50921486|88|1|1|1|2|2|1|2
3456191|1|1|1|25.50921486|88|1|1|1|2|2|1|2
3456192|1|1|1|40.949537028|88|1|1|1|2|2|1|2
3456193|1|1|1|25.50921486|88|2|1|2|2|2|1|2
3456194|1|1|1|74.183456503|88|1|1|2|2|2|1|2
3456195|1|1|1|34.523438178|88|1|1|2|2|2|1|2
3456196|1|1|1|60.04472591|88|1|1|1|2|2|1|2
3456197|1|1|1|63.709924241|88|1|1|1|2|2|1|2
3456198|1|1|1|31.384943799|88|1|1|2|2|2|1|2
3456199|1|1|1|57.868016196|88|1|1|1|2|2|1|2
3456200|1|1|1|23.190195327|88|1|1|1|2|2|1|2
3456201|1|1|1|23.190195327|88|1|1|1|2|2|1|2
3456202|1|1|1|60.04472591|88|1|1|2|2|2|1|2
3456203|1|1|1|92.760781309|88|2|1|2|2|2|1|2
3456204|1|1|1|31.681669149|88|1|1|2|2|2|1|2
3456205|1|1|1|31.384943799|88|2|1|2|2|2|1|2
3456206|1|1|1|24.817901229|88|1|1|1|2|2|1|2
3456207|1|1|1|33.927458066|88|2|1|2|2|2|1|2
3456208|1|1|1|18.488648698|88|1|1|2|2|2|1|2
3456209|1|1|1|38.578677464|88|1|1|1|2|2|1|2
3456210|1|1|1|15.460130218|88|1|1|2|2|2|1|2
3456211|1|1|1|33.927458066|88|1|1|2|2|2|1|2
3456212|1|1|1|41.489775469|88|1|1|1|2|2|1|2
3456213|1|1|1|15.460130218|88|1|1|2|2|2|1|2
3456215|1|1|1|3034.5919708|05|2|1|2|1|1|1|1
3456216|1|1|1|3331.1385269|05|2|1|2|1|1|1|1
3456217|1|1|1|3335.4047211|05|2|1|2|2|1|1|1
3456219|1|1|1|3217.1403657|05|2|1|2|2|1|1|1
3456220|1|1|1|1931.132037|05|2|1|2|2|1|1|1
3456221|1|1|1|3045.3894746|05|2|1|2|2|1|1|1
3456222|1|1|1|2574.1362013|05|2|1|1|1|1|1|1
3456224|1|1|1|2552.3367995|05|2|1|2|2|1|1|1
3456225|1|1|1|2637.1513338|05|2|1|2|1|1|1|1
3456226|1|1|1|3729.8484374|05|2|1|2|1|1|1|1
3456238|1|1|1|3311.7481798|05|2|1|3|1|1|1|1
3456239|1|1|1|3246.7948515|05|2|1|3|1|1|1|1
3456240|1|1|1|5637.8599102|05|2|1|3|1|1|1|1
3456241|1|1|1|4041.9335408|05|2|1|3|1|1|1|1
3456242|1|1|1|5890.1216544|05|2|1|3|1|1|1|1
3456243|1|1|1|3186.7536151|05|2|1|3|1|1|1|1
3456244|1|1|1|5104.8455017|05|2|1|3|1|1|1|1
3456245|1|1|1|2002.3554758|05|2|1|3|1|1|1|1
3456246|1|1|1|3998.9953897|05|2|1|3|1|1|1|1
3456247|1|1|1|3610.3910222|05|2|1|3|1|1|1|1
3456248|1|1|1|6024.3873988|05|2|1|3|1|1|1|1
3456249|1|1|1|4643.8313213|05|2|1|2|1|1|1|1
3456250|1|1|1|3783.8070801|05|2|1|2|1|1|1|1
3456251|1|1|1|3232.7656383|05|2|1|3|1|1|1|1
3456252|1|1|1|2687.9257773|05|2|1|3|1|1|1|1
3456253|1|1|1|4743.4281323|05|2|1|3|1|1|1|1
3456255|1|1|1|3635.4873948|05|2|1|2|1|1|1|1
3456256|1|1|1|5692.9848208|05|2|1|2|1|1|1|1
3456257|1|1|1|3715.6769548|05|2|1|2|1|1|1|1
3456258|1|1|1|900.10972302|08|2|1|4|1|1|1|1
3456259|1|1|1|1077.344905|08|2|1|4|1|1|1|1
3456260|1|1|1|1201.5028923|08|2|1|4|1|1|1|1
3456261|1|1|1|888.2050596|08|2|1|4|1|1|1|1
3456262|1|1|1|947.86148341|08|2|1|4|1|1|1|1
3456263|1|1|1|947.86148341|08|2|1|4|1|1|1|1
3456264|1|1|1|1201.5028923|08|2|1|4|1|1|1|1
3456265|1|1|1|988.80239297|08|2|1|6|1|1|1|1
3456266|1|1|1|770.96601021|08|1|1|6|1|1|1|1
3456267|1|1|1|1714.4613947|08|2|1|3|1|1|1|1
3456268|1|1|1|855.65986016|08|2|1|2|1|1|1|1
3456269|1|1|1|1522.4341361|08|2|1|2|1|1|1|1
3456270|1|1|1|1520.6735535|08|2|1|2|1|1|1|1
3456271|1|1|1|1023.2228498|08|2|1|1|1|1|1|1
3456272|1|1|1|1037.1634669|08|2|1|3|1|1|1|1
3456273|1|1|1|1323.1915278|08|1|1|3|1|1|1|1
3456274|1|1|1|1816.8144556|08|2|1|3|1|1|1|1
3456275|1|1|1|1365.6025667|08|2|1|3|1|1|1|1
3456276|1|1|1|879.22373098|08|2|1|3|1|1|1|1
3456277|1|1|1|1850.7476336|08|2|1|1|1|1|1|1
3456278|1|1|1|2037.4291578|08|2|1|1|1|1|1|1
3456279|1|1|1|2174.7050201|08|2|1|1|1|1|1|1
3456280|1|1|1|1859.2221327|08|1|1|1|1|1|1|1
3456281|1|1|1|1710.5746982|08|1|1|1|1|1|1|1
3456282|1|1|1|1507.6177336|08|2|1|1|1|1|1|1
3456283|1|1|1|5114.8654966|11|2|1|3|1|1|1|1
3456284|1|1|1|5219.6044055|11|2|1|3|1|1|1|1
3456285|1|1|1|3655.6976267|11|2|1|3|1|1|1|1
3456286|1|1|1|8136.390022|11|2|1|2|1|1|1|1
3456288|1|1|1|5362.1812413|11|1|1|2|1|1|1|1
3456289|1|1|1|6714.9059997|11|2|1|2|1|1|1|1
3456290|1|1|1|5179.0269031|11|2|1|2|1|1|1|1
3456291|1|1|1|11662.731473|11|3|1|4|2|1|1|1
3456292|1|1|1|7453.5975236|11|2|1|5|1|1|1|1
3456293|1|1|1|8253.0155639|11|2|1|3|1|1|1|1
3456294|1|1|1|6864.3801113|11|2|1|3|2|1|1|1
3456295|1|1|1|6670.9902262|11|1|1|2|1|1|1|1
3456296|1|1|1|342.36578478|13|2|1|5|1|1|1|1
3456297|1|1|1|417.95776999|13|2|1|5|1|1|1|1
3456298|1|1|1|460.037169|13|2|1|5|1|1|1|1
3456302|1|1|1|398.87197454|13|2|1|1|1|2|1|1
3456303|1|1|1|690.0557535|13|2|1|1|1|2|1|1
3456305|1|1|1|433.29597608|13|2|1|5|1|1|1|1
3456306|1|1|1|453.32737785|13|1|1|5|1|1|1|1
3456307|1|1|1|374.40223387|13|1|1|5|1|1|1|1
3456308|1|1|1|473.48968936|13|1|1|5|1|1|1|1
3456311|1|1|1|433.29597608|13|2|1|5|1|1|1|1
3456312|1|1|1|435.2217221|13|1|1|1|1|1|1|1
3456314|1|1|1|459.28931848|13|1|1|1|1|1|1|1
3456315|1|1|1|571.27346441|13|1|1|1|1|1|1|1
3456316|1|1|1|506.40742442|13|2|1|1|1|1|1|1
3456318|1|1|1|566.61781488|13|2|1|1|1|1|1|1
3456319|1|1|1|254.83028767|13|2|1|1|1|1|1|1
3456320|1|1|1|482.23107757|13|2|1|1|1|1|1|1
3456321|1|1|1|555.33450303|13|1|1|1|1|1|1|1
3456322|1|1|1|641.77991748|13|2|1|2|1|1|1|1
3456323|1|1|1|862.72562086|13|2|1|2|1|1|1|1
3456324|1|1|1|853.76994997|13|2|1|2|1|1|1|1
3456325|1|1|1|650.73558837|13|1|1|2|1|1|1|1
3456326|1|1|1|819.105335|13|2|1|2|1|1|1|1
3456329|1|1|1|812.42995516|13|1|1|4|1|1|1|1
3456330|1|1|1|723.44654771|13|1|1|4|1|1|1|1
3456334|1|1|1|530.3063978|13|1|1|1|2|1|1|1
3456335|1|1|1|530.3063978|13|1|1|1|1|1|1|1
3456336|1|1|1|398.48471488|13|1|1|1|1|1|1|1
3456338|1|1|1|230.80562331|15|2|1|3|1|1|1|1
3456339|1|1|1|176.93259317|15|2|1|3|1|1|1|1
3456340|1|1|1|230.80562331|15|2|1|3|1|1|1|1
3456341|1|1|1|103.94443963|15|2|1|3|1|1|1|1
3456342|1|1|1|162.8784926|15|2|1|3|1|1|1|1
3456343|1|1|1|141.84211345|15|2|1|3|1|1|1|1
3456344|1|1|1|185.16236242|15|2|1|3|1|1|1|1
3456345|1|1|1|226.19811631|15|2|1|3|1|1|1|1
3456346|1|1|1|164.66411097|15|2|1|3|1|1|1|1
3456347|1|1|1|183.91487175|15|2|1|3|1|1|1|1
3456348|1|1|1|207.64631318|15|2|1|3|1|1|1|1
3456349|1|1|1|211.55486253|15|2|1|3|1|1|1|1
3456350|1|1|1|217.61328643|15|2|1|3|1|1|1|1
3456351|1|1|1|114.08999085|15|2|1|3|1|1|1|1
3456352|1|1|1|131.52790593|15|1|1|3|1|1|1|1
3456353|1|1|1|194.62263261|15|1|1|3|1|1|1|1
3456354|1|1|1|114.08999085|15|1|1|3|1|1|1|1
3456355|1|1|1|194.62263261|15|2|1|3|1|1|1|1
3456356|1|1|1|101.99016495|15|1|1|3|1|1|1|1
3456357|1|1|1|196.01469765|15|1|1|3|1|1|1|1
3456358|1|1|1|114.58476204|15|1|1|3|1|1|1|1
3456359|1|1|1|200.0315402|15|1|1|3|1|1|1|1
3456360|1|1|1|75.750853618|15|1|1|3|1|1|1|1
3456361|1|1|1|167.2084772|15|1|1|3|1|1|1|1
3456362|1|1|1|130.67484447|15|1|1|3|1|1|1|1
3456363|1|1|1|75.750853618|15|1|1|3|1|1|1|1
3456364|1|1|1|215.36290771|15|1|1|2|1|1|1|1
3456365|1|1|1|230.93053765|15|2|1|2|1|1|1|1
3456366|1|1|1|97.671535705|15|2|1|2|1|1|1|1
3456367|1|1|1|151.34015682|15|1|1|2|1|1|1|1
3456368|1|1|1|156.72196142|15|1|1|2|1|1|1|1
3456370|1|1|1|210.50242843|15|2|1|2|1|1|1|1
3456371|1|1|1|100.57169679|15|2|1|2|1|1|1|1
3456372|1|1|1|135.40382267|15|1|1|2|1|1|1|1
3456373|1|1|1|99.429028696|15|1|1|2|1|1|1|1
3456374|1|1|1|134.18782954|15|2|1|2|1|1|1|1
3456375|1|1|1|66.834137031|15|1|1|2|1|1|1|1
3456376|1|1|1|130.41814355|15|2|1|2|1|1|1|1
3456377|1|1|1|85.399565055|15|1|1|2|1|1|1|1
3456378|1|1|1|66.481299956|15|2|1|3|1|1|1|1
3456379|1|1|1|96.960316567|15|1|1|3|1|1|1|1
3456380|1|1|1|117.60881859|15|2|1|3|1|1|1|1
3456381|1|1|1|97.727095559|15|2|1|3|1|1|1|1
3456382|1|1|1|162.7098363|15|2|1|5|1|1|1|1
3456383|1|1|1|153.67109284|15|2|1|5|1|1|1|1
3456384|1|1|1|159.81279645|15|2|1|1|1|1|1|1
3456385|1|1|1|165.39642188|15|2|1|1|1|1|1|1
3456386|1|1|1|163.89274325|15|2|1|1|1|1|1|1
3456387|1|1|1|162.8784926|15|2|1|5|1|1|1|1
3456388|1|1|1|142.49967893|15|2|1|3|1|1|1|1
3456389|1|1|1|102.65893697|15|1|1|3|1|1|1|1
3456390|1|1|1|159.19550677|15|2|1|3|1|1|1|1
3456391|1|1|1|189.67574969|15|1|1|3|1|1|1|1
3456392|1|1|1|331.2792708|17|2|1|3|1|1|1|1
3456393|1|1|1|404.65391149|17|2|1|2|1|1|1|1
3456394|1|1|1|253.95938082|17|1|1|3|1|1|1|1
3456395|1|1|1|283.71831652|17|1|1|3|1|1|1|1
3456396|1|1|1|402.25602768|17|3|1|3|1|1|1|1
3456397|1|1|1|332.68840756|17|2|1|3|1|1|1|1
3456398|1|1|1|434.79238559|17|2|1|3|1|1|1|1
3456399|1|1|1|405.41169504|17|2|1|2|1|1|1|1
3456400|1|1|1|640.85461096|17|2|1|2|1|1|1|1
3456401|1|1|1|577.99390527|17|2|1|2|1|1|1|1
3456402|1|1|1|208.66214914|17|1|1|1|1|1|1|1
3456403|1|1|1|451.68426771|17|2|1|1|1|1|1|1
3456404|1|1|1|488.48276075|17|2|1|1|1|1|1|1
3456405|1|1|1|286.82093097|17|2|1|1|1|1|1|1
3456406|1|1|1|498.24125892|17|2|1|1|1|1|1|1
3456407|1|1|1|424.38950175|17|2|1|1|1|1|1|1
3456408|1|1|1|430.7013182|17|2|1|1|1|1|1|1
3456409|1|1|1|197.60842721|17|2|1|1|1|1|1|1
3456410|1|1|1|300.33700643|17|2|1|1|1|1|1|1
3456411|1|1|1|364.28095626|17|2|1|2|1|1|1|1
3456412|1|1|1|459.3469016|17|2|1|1|1|1|1|1
3456413|1|1|1|472.21840494|17|2|1|2|1|1|1|1
3456414|1|1|1|340.65190203|17|2|1|2|1|1|1|1
3456415|1|1|1|393.40688592|17|2|1|2|1|1|1|1
3456416|1|1|1|280.5449911|17|2|1|2|1|1|1|1
3456417|1|1|1|336.84856407|17|2|1|2|1|1|1|1
3456418|1|1|1|491.65525606|17|2|1|2|1|1|1|1
3456419|1|1|1|280.5449911|17|2|1|2|1|1|1|1
3456420|1|1|1|384.55796728|17|2|1|2|1|1|1|1
3456421|1|1|1|506.59490418|17|2|1|2|1|1|1|1
3456422|1|1|1|309.29185013|17|2|1|2|1|1|1|1
3456423|1|1|1|100.79789708|18|2|1|1|1|1|1|1
3456424|1|1|1|106.58420313|18|2|1|1|1|1|1|1
3456426|1|1|1|89.277964399|18|2|1|1|1|1|1|1
3456427|1|1|1|91.783559571|18|1|1|1|1|1|1|1
3456434|1|1|1|184.81601134|18|1|1|2|1|1|1|1
3456435|1|1|1|184.81601134|18|1|1|2|1|1|1|1
3456436|1|1|1|74.777191748|18|1|1|1|1|1|1|1
3456437|1|1|1|109.62227165|18|2|1|1|1|1|1|1
3456439|1|1|1|205.35112371|18|2|1|1|1|1|1|1
3456441|1|1|1|135.90538576|18|1|1|1|1|1|1|1
3456442|1|1|1|126.20239441|18|1|1|1|1|1|1|1
3456443|1|1|1|120.1776296|18|1|1|3|1|1|1|1
3456445|1|1|1|60.428555424|18|1|1|1|1|1|1|1
3456446|1|1|1|128.48691702|18|2|1|2|1|1|1|1
3456447|1|1|1|119.94874124|18|1|1|2|1|1|1|1
3456451|1|1|1|117.68058285|18|1|1|1|1|1|1|1
3456452|1|1|1|95.754472995|18|1|1|1|1|1|1|1
3456453|1|1|1|120.78607828|18|1|1|1|2|1|1|1
3456454|1|1|1|62.778583094|18|1|1|1|1|1|1|1
3456455|1|1|1|52.508209641|18|1|1|1|1|1|1|1
3456458|1|1|1|276.91114475|19|2|1|4|1|1|1|1
3456459|1|1|1|184.20227741|19|2|1|4|2|1|1|1
3456460|1|1|1|299.68855468|19|2|1|4|2|1|1|1
3456461|1|1|1|184.37247231|19|1|1|2|1|1|1|1
3456462|1|1|1|205.47163913|19|1|1|3|1|1|1|1
3456463|1|1|1|183.90026253|19|1|1|3|2|1|1|1
3456464|1|1|1|200.27699961|19|2|1|3|2|1|1|1
3456465|1|1|1|192.08788591|19|1|1|3|2|1|1|1
3456466|1|1|1|179.9213427|19|2|1|3|2|1|1|1
3456467|1|1|1|125.8634129|19|3|1|3|2|1|1|1
3456468|1|1|1|203.96074961|19|2|1|3|2|1|1|1
3456469|1|1|1|131.92874685|19|1|1|3|2|1|1|1
3456470|1|1|1|177.83492857|19|2|1|3|2|1|1|1
3456471|1|1|1|189.21037371|19|2|1|3|2|1|1|1
3456472|1|1|1|369.42760463|19|2|1|6|1|1|1|1
3456473|1|1|1|449.69886509|19|2|1|6|1|1|1|1
3456474|1|1|1|419.83532527|19|1|1|6|1|1|1|1
3456475|1|1|1|287.6901527|19|2|1|6|1|1|1|1
3456476|1|1|1|413.80014918|19|2|1|6|1|1|1|1
3456477|1|1|1|418.13067653|19|1|1|6|1|1|1|1
3456478|1|1|1|147.49571121|19|1|1|4|1|1|1|1
3456479|1|1|1|248.52707409|19|2|1|4|1|1|1|1
3456480|1|1|1|248.52707409|19|2|1|4|1|1|1|1
3456481|1|1|1|186.5934779|19|2|1|1|1|1|1|1
3456482|1|1|1|227.11092119|19|2|1|1|1|1|1|1
3456483|1|1|1|480.93680422|20|2|1|2|2|1|1|1
3456484|1|1|1|408.88988472|20|2|1|2|1|1|1|1
3456485|1|1|1|371.28723224|20|1|1|2|1|1|1|1
3456486|1|1|1|919.12778424|20|1|1|3|1|1|1|1
3456487|1|1|1|330.09975713|20|1|1|3|1|1|1|1
3456488|1|1|1|341.13195559|20|1|1|3|1|1|1|1
3456489|1|1|1|394.84953254|20|1|1|3|1|1|1|1
3456490|1|1|1|225.80297249|20|1|1|1|1|1|1|1
3456491|1|1|1|486.11303672|20|2|1|1|1|1|1|1
3456492|1|1|1|296.75812941|23|1|1|1|1|1|1|1
3456493|1|1|1|606.65076675|23|2|1|1|1|1|1|1
3456494|1|1|1|166.71816231|23|2|1|1|1|1|1|1
3456495|1|1|1|384.14911503|23|1|1|1|1|1|1|1
3456496|1|1|1|327.59378359|23|1|1|1|1|1|1|1
3456497|1|1|1|335.66752857|23|1|1|1|1|1|1|1
3456498|1|1|1|151.66269169|23|1|1|1|1|1|1|1
3456499|1|1|1|347.69455682|23|1|1|1|1|1|1|1
3456500|1|1|1|381.71644659|23|1|1|1|1|1|1|1
3456501|1|1|1|151.66269169|23|1|1|1|1|1|1|1
3456502|1|1|1|263.68938393|23|2|1|1|1|1|1|1
3456503|1|1|1|290.28184155|23|2|1|3|1|1|1|1
3456504|1|1|1|96.053038069|23|1|1|3|1|1|1|1
3456505|1|1|1|212.58943476|23|1|1|3|1|1|1|1
3456506|1|1|1|290.28184155|23|1|1|3|1|1|1|1
3456507|1|1|1|282.17367694|23|2|1|3|1|1|1|1
3456508|1|1|1|207.47606294|23|1|1|3|1|1|1|1
3456509|1|1|1|384.21215227|23|1|1|3|1|1|1|1
3456510|1|1|1|267.33938764|23|1|1|5|1|1|1|1
3456511|1|1|1|223.77835238|23|1|1|5|1|1|1|1
3456512|1|1|1|232.89736917|23|1|1|5|1|1|1|1
3456513|1|1|1|327.12126334|23|1|1|5|1|1|1|1
3456514|1|1|1|126.84516032|23|1|1|2|1|1|1|1
3456515|1|1|1|168.68876378|23|2|1|1|1|1|1|1
3456516|1|1|1|296.16585143|23|2|1|1|1|1|1|1
3456517|1|1|1|231.12065421|23|1|1|1|1|1|1|1
3456518|1|1|1|242.30592325|23|2|1|1|1|1|1|1
3456519|1|1|1|296.54583888|23|2|1|1|1|1|1|1
3456520|1|1|1|106.16549734|23|1|1|1|1|1|1|1
3456521|1|1|1|103.64356656|23|2|1|1|1|1|1|1
3456522|1|1|1|167.83741287|23|1|1|1|1|1|1|1
3456523|1|1|1|185.81708442|23|1|1|1|1|1|1|1
3456524|1|1|1|146.28980415|23|2|1|1|1|1|1|1
3456525|1|1|1|279.72294047|23|2|1|1|1|1|1|1
3456527|1|1|1|347.76853271|23|1|1|1|1|1|1|1
3456528|1|1|1|131.44099946|23|2|1|3|1|1|1|1
3456529|1|1|1|233.09569254|23|2|1|3|1|1|1|1
3456530|1|1|1|348.31476467|23|2|1|3|1|1|1|1
3456531|1|1|1|116.27473029|23|2|1|3|1|1|1|1
3456532|1|1|1|257.34510524|23|1|1|3|1|1|1|1
3456533|1|1|1|139.04698958|23|1|1|3|1|1|1|1
3456535|1|1|1|422.7341834|23|2|1|3|1|1|1|1
3456536|1|1|1|243.0363299|23|2|1|3|1|1|1|1
3456546|1|1|1|146.51039905|23|1|1|1|1|1|1|1
3456547|1|1|1|151.952806|27|1|1|1|2|2|1|2
3456548|1|1|1|155.30419273|27|1|1|2|2|2|1|2
3456549|1|1|1|141.01613056|27|1|1|2|2|2|1|1
3456550|1|1|1|134.73297841|27|1|1|1|2|2|1|2
3456551|1|1|1|107.27773949|27|1|1|1|2|2|1|1
3456552|1|1|1|104.538063|27|1|1|2|2|2|1|1
3456553|1|1|1|158.95339194|27|2|1|2|2|2|1|2
3456554|1|1|1|138.29299343|27|2|1|2|2|2|1|1
3456555|1|1|1|151.57872676|27|1|1|1|2|2|1|1
3456556|1|1|1|149.85368476|27|1|1|2|2|1|1|1
3456557|1|1|1|115.43184172|27|2|1|2|2|2|1|1
3456558|1|1|1|110.93566354|27|1|1|2|2|2|1|1
3456559|1|1|1|89.209909682|27|2|1|2|2|2|1|1
3456560|1|1|1|123.97474358|27|2|1|2|2|2|1|1
3456561|1|1|1|145.97470606|27|1|1|1|2|2|1|1
3456562|1|1|1|129.92462294|27|1|1|1|2|2|1|2
3456563|1|1|1|170.18274039|27|1|1|1|2|2|1|2
3456564|1|1|1|142.94664258|27|1|1|1|2|2|1|1
3456565|1|1|1|223.65363244|41|1|1|2|1|1|1|1
3456567|1|1|1|218.63576248|41|1|1|3|1|1|1|1
3456569|1|1|1|165.32215202|41|2|1|3|1|1|1|1
3456570|1|1|1|81.913142261|44|2|1|3|1|1|1|1
3456571|1|1|1|152.56605593|44|3|1|1|2|1|1|1
3456572|1|1|1|133.22110828|44|3|1|1|1|1|1|1
3456573|1|1|1|67.828232182|44|1|1|2|1|1|1|1
3456574|1|1|1|67.828232182|44|2|1|1|1|1|1|1
3456575|1|1|1|152.56605593|44|1|1|2|1|1|1|1
3456576|1|1|1|87.459427942|44|2|1|2|1|1|1|1
3456577|1|1|1|129.43442664|44|2|1|1|1|1|1|1
3456578|1|1|1|140.78370808|44|1|1|1|1|1|1|1
3456579|1|1|1|109.58968585|44|1|1|1|1|1|1|1
3456580|1|1|1|77.161888321|44|1|1|1|1|1|1|1
3456581|1|1|1|106.0258778|44|2|1|1|1|1|1|2
3456582|1|1|1|98.452324796|44|1|1|1|1|1|1|1
3456583|1|1|1|132.86328878|44|2|1|2|1|1|1|1
3456584|1|1|1|108.03353293|44|1|1|2|1|1|1|1
3456585|1|1|1|117.84680462|44|2|1|2|1|1|1|1
3456586|1|1|1|142.55476442|44|2|1|1|2|2|1|1
3456587|1|1|1|133.22110828|44|1|1|1|1|2|2|1
3456588|1|1|1|134.13455198|44|1|1|1|1|2|1|1
3456589|1|1|1|187.45883212|44|1|1|1|1|2|1|1
3456590|1|1|1|172.3321976|44|1|1|1|1|2|1|1
3456591|1|1|1|168.41057006|44|1|1|1|1|2|1|1
3456592|1|1|1|152.56605593|44|1|1|1|1|2|1|1
3456593|1|1|1|109.58968585|44|1|1|2|1|2|1|1
3456594|1|1|1|168.54551596|44|1|1|2|1|2|1|1
3456595|1|1|1|131.33899397|44|1|1|2|1|2|2|1
3456596|1|1|1|56.727483306|44|1|1|2|1|2|1|1
3456597|1|1|1|62.628313708|44|1|1|2|1|2|1|1
3456604|1|1|1|243.90867787|47|2|1|1|1|1|1|1
3456606|1|1|1|576.34928857|47|1|1|1|1|1|1|1
3456609|1|1|1|201.14228673|47|2|1|3|1|1|1|1
3456610|1|1|1|265.16765358|47|1|1|3|1|1|1|1
3456611|1|1|1|202.61200194|47|2|1|3|1|1|1|1
3456612|1|1|1|504.37185133|47|2|1|3|1|1|1|1
3456613|1|1|1|440.88065552|47|2|1|3|1|1|1|1
3456614|1|1|1|202.61200194|47|2|1|3|1|1|1|1
3456615|1|1|1|489.09379878|47|1|1|3|1|1|1|1
3456617|1|1|1|378.44278003|47|2|1|3|1|1|1|1
3456619|1|1|1|191.53538152|47|2|1|3|1|1|1|1
3456624|1|1|1|311.55049153|47|2|1|1|1|2|1|1
3456625|1|1|1|223.4914297|47|3|1|1|1|2|1|1
3456626|1|1|1|339.84254106|47|2|1|1|1|2|1|1
3456627|1|1|1|765.295967|47|2|1|1|1|2|1|1
3456628|1|1|1|223.4914297|47|2|1|1|1|2|1|1
3456629|1|1|1|223.4914297|47|2|1|1|1|2|1|1
3456632|1|1|1|480.45430956|50|1|1|3|1|1|1|1
3456633|1|1|1|241.38694734|50|2|1|1|1|1|1|1
3456634|1|1|1|472.00593572|50|2|1|1|1|1|1|1
3456635|1|1|1|549.37210404|50|2|1|3|1|1|1|1
3456636|1|1|1|407.46593295|50|2|1|3|1|1|1|1
3456637|1|1|1|548.25092266|50|1|1|3|1|1|1|1
3456638|1|1|1|342.21777058|50|1|1|3|1|1|1|1
3456639|1|1|1|649.7503702|50|1|1|3|1|1|1|1
3456640|1|1|1|390.19558305|50|2|1|2|1|1|1|1
3456641|1|1|1|525.80882569|50|1|1|1|2|2|1|2
3456642|1|1|1|203.66587381|52|2|1|2|2|1|1|1
3456643|1|1|1|163.3242669|52|2|1|2|2|1|1|1
3456644|1|1|1|230.80006391|52|2|1|2|2|1|1|1
3456645|1|1|1|176.16425287|52|2|1|2|2|1|1|1
3456646|1|1|1|271.82962768|52|2|1|2|2|1|1|1
3456647|1|1|1|204.35383067|52|2|1|2|2|1|1|1
3456648|1|1|1|252.74619897|52|2|1|2|2|1|1|1
3456649|1|1|1|108.11088827|52|2|1|2|2|1|1|1
3456650|1|1|1|171.08658711|52|2|1|2|2|1|1|1
3456651|1|1|1|198.11038794|52|2|1|2|2|1|1|1
3456652|1|1|1|135.74133677|52|1|1|2|1|1|1|1
3456653|1|1|1|167.53071036|52|2|1|2|1|1|1|1
3456654|1|1|1|245.40766289|52|1|1|2|2|1|1|1
3456655|1|1|1|245.40766289|52|2|1|2|1|1|1|1
3456656|1|1|1|96.681868967|52|2|1|2|1|1|1|1
3456657|1|1|1|157.15877385|52|2|1|2|2|1|1|1
3456658|1|1|1|241.35618375|52|2|1|2|1|1|1|1
3456659|1|1|1|178.51864181|52|2|1|2|2|1|1|1
3456660|1|1|1|226.2228988|52|2|1|3|2|1|1|1
3456661|1|1|1|236.6431035|52|2|1|3|2|1|1|1
3456662|1|1|1|230.89087352|52|4|1|2|2|1|1|1
3456663|1|1|1|268.89873285|52|2|1|4|2|1|1|1
3456664|1|1|1|341.26069059|52|2|1|4|2|1|1|1
3456665|1|1|1|311.62877827|52|2|1|4|2|1|1|1
3456666|1|1|1|341.26069059|52|2|1|4|2|1|1|1
3456667|1|1|1|200.0332358|52|2|1|4|2|1|1|1
3456668|1|1|1|255.94551795|52|2|1|4|2|1|1|1
3456669|1|1|1|93.348011416|52|2|1|4|2|1|1|1
3456670|1|1|1|294.92505113|52|1|1|4|2|1|1|1
3456671|1|1|1|281.16775473|52|2|1|4|2|1|1|1
3456672|1|1|1|307.13462154|52|2|1|4|2|1|1|1
3456673|1|1|1|180.06607164|52|2|1|2|1|1|1|1
3456674|1|1|1|225.07530744|52|4|1|2|1|1|1|1
3456675|1|1|1|172.00732919|52|2|1|2|2|1|1|1
3456676|1|1|1|173.77025074|52|2|1|2|1|1|1|1
3456677|1|1|1|280.46590045|52|2|1|2|2|1|1|1
3456678|1|1|1|259.70227782|52|2|1|2|1|1|1|1
3456679|1|1|1|259.70227782|52|2|1|2|2|1|1|1
3456680|1|1|1|198.46999522|52|2|1|2|1|1|1|1
3456681|1|1|1|249.75185217|52|2|1|1|2|1|1|1
3456682|1|1|1|154.08996274|52|1|1|1|1|1|1|1
3456683|1|1|1|199.23812874|52|2|1|3|1|1|1|1
3456684|1|1|1|200.1411633|52|1|1|3|1|1|1|1
3456685|1|1|1|213.56777945|52|2|1|3|1|1|1|1
3456686|1|1|1|147.51903409|52|2|1|3|1|1|1|1
3456687|1|1|1|498.6291293|52|1|1|3|1|1|1|1
3456688|1|1|1|175.37979712|52|1|1|3|1|1|1|1
3456689|1|1|1|123.11396816|52|2|1|3|1|1|1|1
3456690|1|1|1|475.22915156|52|1|1|1|1|1|1|1
3456691|1|1|1|800.12581214|52|1|1|1|2|1|1|1
3456692|1|1|1|1169.5553883|54|2|1|3|1|1|1|1
3456693|1|1|1|856.72572599|54|2|1|3|1|1|1|1
3456694|1|1|1|1381.1645248|54|2|1|3|1|1|1|1
3456695|1|1|1|721.13905169|54|2|1|3|1|1|1|1
3456696|1|1|1|775.07399568|54|2|1|3|1|1|1|1
3456697|1|1|1|825.81626827|54|2|1|3|1|1|1|1
3456698|1|1|1|825.95667448|54|2|1|3|1|1|1|1
3456699|1|1|1|744.16453796|54|2|1|4|1|1|1|1
3456700|1|1|1|537.68392588|54|2|1|4|1|1|1|1
3456701|1|1|1|1206.5183181|54|2|1|4|1|1|1|1
3456702|1|1|1|1169.5553883|54|2|1|4|1|1|1|1
3456703|1|1|1|856.72572599|54|2|1|4|1|1|1|1
3456704|1|1|1|932.90933798|54|2|1|4|1|1|1|1
3456705|1|1|1|1062.1227247|54|2|1|4|1|1|1|1
3456706|1|1|1|670.3967791|54|2|1|4|1|1|1|1
3456707|1|1|1|856.72572599|54|2|1|4|1|1|1|1
3456708|1|1|1|511.1153091|54|2|1|2|1|1|1|1
3456709|1|1|1|1288.4214871|54|2|1|2|1|1|1|1
3456710|1|1|1|873.09345452|54|2|1|2|1|1|1|1
3456711|1|1|1|1282.2618452|54|2|1|2|1|1|1|1
3456712|1|1|1|645.46158742|54|2|1|2|1|1|1|1
3456713|1|1|1|873.09345452|54|2|1|2|1|1|1|1
3456714|1|1|1|902.16644731|54|2|1|5|1|1|1|1
3456715|1|1|1|931.77952026|54|2|1|5|1|1|1|1
3456716|1|1|1|530.80989432|54|2|1|5|1|1|1|1
3456717|1|1|1|902.16644731|54|2|1|5|1|1|1|1
3456718|1|1|1|619.48568394|54|2|1|5|1|1|1|1
3456719|1|1|1|1761.272947|54|2|1|5|1|1|1|1
3456720|1|1|1|1015.5365681|54|2|1|5|1|1|1|1
3456721|1|1|1|586.74711903|54|2|1|2|1|1|1|1
3456722|1|1|1|586.74711903|54|1|1|2|1|1|1|1
3456723|1|1|1|1064.3469118|54|2|1|2|1|1|1|1
3456724|1|1|1|640.81944264|54|1|1|2|1|1|1|1
3456725|1|1|1|640.81944264|54|2|1|2|1|1|1|1
3456726|1|1|1|601.4442982|54|2|1|2|1|1|1|1
3456727|1|1|1|522.54589312|54|2|1|2|2|1|1|1
3456728|1|1|1|605.91182115|54|1|1|2|1|1|1|1
3456729|1|1|1|660.56149128|54|2|1|2|1|1|1|1
3456730|1|1|1|601.4442982|54|2|1|2|1|1|1|1
3456731|1|1|1|199.13685376|63|2|1|1|1|1|1|1
3456732|1|1|1|253.32487234|63|2|1|1|1|1|1|1
3456733|1|1|1|253.32487234|63|2|1|2|1|1|1|1
3456734|1|1|1|161.26147729|63|2|1|1|1|1|1|1
3456735|1|1|1|199.08557948|63|1|1|2|1|1|1|1
3456736|1|1|1|284.40797069|63|1|1|2|1|1|1|1
3456737|1|1|1|500.91979329|63|1|1|2|1|1|1|1
3456738|1|1|1|221.30358408|63|1|1|3|1|1|1|1
3456739|1|1|1|414.19884025|63|2|1|3|1|1|1|1
3456740|1|1|1|372.83692074|63|2|1|3|1|1|1|1
3456741|1|1|1|243.81790181|63|2|1|1|1|1|1|1
3456742|1|1|1|291.30171103|63|2|1|1|1|1|1|1
3456744|1|1|1|186.69485053|63|2|1|4|1|1|1|1
3456745|1|1|1|260.06041377|63|1|1|2|1|1|1|1
3456746|1|1|1|260.06041377|63|2|1|2|1|1|1|1
3456747|1|1|1|220.40580046|63|1|1|2|1|1|1|1
3456748|1|1|1|260.06041377|63|2|1|3|1|1|1|1
3456749|1|1|1|221.20619943|63|1|1|2|1|1|1|1
3456750|1|1|1|233.51698184|63|2|1|3|1|1|1|1
3456751|1|1|1|166.8953985|63|2|1|3|1|1|1|1
3456752|1|1|1|217.69190959|63|1|1|3|1|1|1|1
3456753|1|1|1|332.19546122|66|2|1|4|1|1|1|1
3456754|1|1|1|393.31797638|66|2|1|4|1|1|1|1
3456755|1|1|1|604.70156419|66|1|1|3|1|1|1|1
3456756|1|1|1|676.64024749|66|3|1|3|2|1|1|1
3456757|1|1|1|317.93499979|66|2|1|5|1|1|1|1
3456758|1|1|1|429.55761436|66|2|1|5|1|1|1|1
3456759|1|1|1|470.4469852|66|1|1|5|1|1|1|1
3456760|1|1|1|317.86902285|66|2|1|2|1|1|1|1
3456761|1|1|1|501.42375926|66|2|1|2|1|1|1|1
3456762|1|1|1|431.25465621|66|2|1|2|1|1|1|1
3456763|1|1|1|964.85046163|66|2|1|3|1|1|1|1
3456764|1|1|1|417.87012024|66|1|1|4|1|1|1|1
3456765|1|1|1|598.68195985|66|2|1|4|1|1|1|1
3456766|1|1|1|576.64597621|66|2|1|4|1|1|1|1
3456767|1|1|1|839.90322804|68|3|1|1|1|1|1|1
3456768|1|1|1|834.53908803|68|2|1|4|1|1|1|1
3456769|1|1|1|834.53908803|68|2|1|4|1|1|1|1
3456770|1|1|1|908.2839637|68|2|1|3|1|1|1|1
3456771|1|1|1|984.79837308|68|2|1|3|1|1|1|1
3456772|1|1|1|693.90743453|68|2|1|3|1|1|1|1
3456773|1|1|1|967.00362415|68|1|1|3|1|1|1|1
3456774|1|1|1|791.30431107|68|1|1|3|1|1|1|1
3456775|1|1|1|1136.1060495|68|2|1|4|1|1|1|1
3456776|1|1|1|924.22742053|68|1|1|3|1|1|1|1
3456777|1|1|1|892.34050688|68|1|1|3|1|1|1|1
3456778|1|1|1|751.82068761|68|1|1|3|1|1|1|1
3456779|1|1|1|821.74354399|68|2|1|3|1|1|1|1
3456780|1|1|1|570.84728794|68|2|1|4|1|1|1|1
3456781|1|1|1|912.10625452|68|2|1|3|2|1|1|1
3456782|1|1|1|928.93158904|68|2|1|3|1|1|1|1
3456783|1|1|1|883.45087116|68|2|1|4|1|1|1|1
3456784|1|1|1|812.16953199|68|2|1|4|1|1|1|1
3456785|1|1|1|839.25071103|68|2|1|4|1|1|1|1
3456786|1|1|1|755.08621466|68|2|1|4|1|1|1|1
3456787|1|1|1|531.89406307|68|2|1|4|1|1|1|1
3456788|1|1|1|556.62964465|68|2|1|4|1|1|1|1
3456789|1|1|1|613.90158039|68|2|1|3|1|1|1|1
3456790|1|1|1|840.86388063|68|2|1|1|1|1|1|1
3456791|1|1|1|1560.2022742|68|2|1|3|1|1|1|1
3456792|1|1|1|1211.8367168|68|2|1|3|1|1|1|1
3456793|1|1|1|1672.5880486|68|2|1|3|1|1|1|1
3456794|1|1|1|940.92384538|68|2|1|3|1|1|1|1
3456795|1|1|1|1174.7037388|68|1|1|3|1|1|1|1
3456796|1|1|1|737.97044998|68|2|1|3|1|1|1|1
3456797|1|1|1|874.11251564|68|2|1|3|1|1|1|1
3456798|1|1|1|1231.6138973|68|1|1|3|1|1|1|1
3456799|1|1|1|1456.1862839|68|2|1|3|1|1|1|1
3456800|1|1|1|1356.9848138|68|1|1|3|1|1|1|1
3456801|1|1|1|1756.1149537|68|1|1|3|1|1|1|1
3456802|1|1|1|1231.6138973|68|2|1|3|1|1|1|1
3456803|1|1|1|279.28871022|70|2|1|1|1|1|1|1
3456804|1|1|1|171.75875032|70|1|1|2|1|1|1|1
3456805|1|1|1|179.80213334|70|1|1|2|1|1|1|1
3456806|1|1|1|160.27569876|70|1|1|2|1|1|1|1
3456807|1|1|1|220.21746353|70|1|1|2|1|1|1|1
3456808|1|1|1|162.91361128|70|1|1|2|1|1|1|1
3456809|1|1|1|163.04254233|70|1|1|2|1|1|1|1
3456810|1|1|1|143.00611957|70|1|1|1|1|1|1|1
3456811|1|1|1|198.61477505|70|2|1|2|1|1|1|1
3456812|1|1|1|281.03337876|70|2|1|2|1|1|1|1
3456813|1|1|1|227.27158819|70|2|1|2|1|1|1|1
3456814|1|1|1|82.866427651|70|2|1|1|1|1|1|1
3456815|1|1|1|110.8078905|70|1|1|1|1|1|1|1
3456816|1|1|1|149.81003613|70|1|1|1|1|1|1|1
3456817|1|1|1|163.52119006|70|1|1|1|1|1|1|1
3456818|1|1|1|168.21327568|70|2|1|2|1|1|1|1
3456819|1|1|1|162.55322406|70|2|1|2|1|1|1|1
3456820|1|1|1|199.94745853|70|2|1|2|1|1|1|1
3456821|1|1|1|166.21183575|70|2|1|2|1|1|1|1
3456822|1|1|1|188.55124354|70|1|1|2|1|1|1|1
3456823|1|1|1|169.47769742|70|1|1|2|1|1|1|1
3456824|1|1|1|240.7661295|70|1|1|1|1|1|1|1
3456825|1|1|1|130.93914595|70|1|1|1|1|1|1|1
3456826|1|1|1|278.62887695|70|1|1|1|1|1|1|1
3456827|1|1|1|202.01918951|70|1|1|1|1|1|1|1
3456829|1|1|1|222.7390409|70|2|1|1|1|1|1|1
3456830|1|1|1|248.35502042|70|1|1|1|1|1|1|1
3456831|1|1|1|99.544087797|70|1|1|1|1|1|1|1
3456832|1|1|1|211.84712178|70|2|1|1|1|1|1|1
3456833|1|1|1|209.75133715|70|1|1|1|1|1|1|1
3456834|1|1|1|501.47174753|73|2|1|2|1|1|1|1
3456835|1|1|1|336.69525649|73|2|1|3|1|1|1|1
3456836|1|1|1|435.33949762|73|2|1|3|1|1|1|1
3456837|1|1|1|204.21332165|73|2|1|4|1|1|1|1
3456838|1|1|1|508.16879006|73|2|1|4|1|1|1|1
3456839|1|1|1|324.65234187|73|2|1|4|2|1|1|1
3456840|1|1|1|299.23907095|73|2|1|3|1|1|1|1
3456841|1|1|1|262.12763572|73|2|1|3|1|1|1|1
3456842|1|1|1|588.83976931|73|1|1|3|1|1|1|1
3456843|1|1|1|445.53807852|73|2|1|4|1|1|1|1
3456844|1|1|1|292.03881759|73|1|1|4|2|1|1|1
3456845|1|1|1|401.83081199|73|2|1|3|1|1|1|1
3456846|1|1|1|422.52807473|73|2|1|2|1|1|1|1
3456847|1|1|1|705.02655262|73|2|1|1|1|1|1|1
3456848|1|1|1|375.69273114|73|2|1|1|1|1|1|1
3456849|1|1|1|427.54591062|73|1|1|2|1|1|1|1
3456850|1|1|1|400.3385633|73|1|1|2|1|1|1|1
3456851|1|1|1|418.4687661|73|1|1|2|1|1|1|1
3456852|1|1|1|1069.6832853|76|2|1|6|1|1|1|1
3456853|1|1|1|1838.4641613|76|2|1|3|1|1|1|1
3456854|1|1|1|1520.2407867|76|1|1|3|1|1|1|1
3456855|1|1|1|1672.9105213|76|1|1|3|1|1|1|1
3456856|1|1|1|1386.2761498|76|2|1|3|1|1|1|1
3456857|1|1|1|1062.59929|76|2|1|3|1|1|1|1
3456858|1|1|1|1733.0744968|76|2|1|3|1|1|1|1
3456859|1|1|1|1525.1812483|76|1|1|3|1|1|1|1
3456860|1|1|1|2462.0288715|76|1|1|1|1|1|1|1
3456861|1|1|1|1648.9340257|76|2|1|1|1|1|1|1
3456862|1|1|1|1722.9395583|76|1|1|1|1|1|1|1
3456863|1|1|1|2085.2115633|76|2|1|2|1|1|1|1
3456864|1|1|1|2057.6929901|76|1|1|5|1|1|1|1
3456865|1|1|1|1636.8816917|76|1|1|5|1|1|1|1
3456866|1|1|1|1815.4718285|76|1|1|5|1|1|1|1
3456867|1|1|1|1668.4178717|76|1|1|4|1|1|1|1
3456869|1|1|1|1324.5228451|76|2|1|4|1|1|1|1
3456870|1|1|1|3016.022284|76|2|1|1|1|1|1|1
3456871|1|1|1|1830.3913945|76|2|1|2|1|1|1|1
3456872|1|1|1|23.476494035|88|1|1|2|2|2|1|2
3456873|1|1|1|51.294975221|88|1|1|2|2|2|1|2
3456874|1|1|1|31.772412241|88|1|1|3|2|1|1|1
3456875|1|1|1|31.384943799|88|1|1|3|2|1|1|2
3456876|1|1|1|23.190195327|88|1|1|3|2|1|1|2
3456877|1|1|1|45.49150855|88|1|1|2|2|2|1|2
3456879|1|1|1|1201.5028923|08|2|1|4|1|1|1|1
3456887|1|1|1|1187.9016869|08|1|1|3|1|1|1|1
3456905|1|1|1|2008.2290352|08|1|1|2|1|1|1|1
3456908|1|1|1|438.91767354|13|2|1|2|1|1|1|1
3456910|1|1|1|228.85134863|15|2|1|3|1|1|1|1
3456911|1|1|1|200.0315402|15|1|1|2|1|1|1|1
3456912|1|1|1|70.513699715|15|1|1|4|1|1|1|1
3456913|1|1|1|443.57607015|17|2|1|3|2|1|1|1
3456914|1|1|1|410.38241208|17|2|1|3|2|1|1|1
3456915|1|1|1|582.11873112|17|2|1|6|1|1|1|1
3456916|1|1|1|548.01839201|17|2|1|6|1|1|1|1
3456917|1|1|1|508.57859823|17|2|1|6|1|1|1|1
3456918|1|1|1|671.1325313|17|1|1|6|1|1|1|1
3456919|1|1|1|508.57859823|17|1|1|6|1|1|1|1
3456920|1|1|1|351.19170997|17|2|1|2|1|1|1|1
3456921|1|1|1|417.68367691|17|2|1|2|1|1|1|1
3456922|1|1|1|405.41169504|17|2|1|2|1|1|1|1
3456925|1|1|1|651.50172869|20|2|1|2|1|1|1|1
3456927|1|1|1|292.06420337|20|2|1|2|1|1|1|1
3456928|1|1|1|412.31237018|20|1|1|1|1|1|1|1
3456930|1|1|1|192.55731123|23|1|1|3|1|1|1|1
3456931|1|1|1|328.72289128|23|1|1|3|1|1|1|1
3456932|1|1|1|287.28704876|23|1|1|3|1|1|1|1
3456933|1|1|1|295.49887962|23|2|1|3|1|1|1|1
3456934|1|1|1|243.23028787|23|2|1|3|1|1|1|1
3456935|1|1|1|269.6739852|23|2|1|3|1|1|1|1
3456936|1|1|1|132.08853236|23|1|1|2|1|1|1|1
3456937|1|1|1|393.12964568|23|1|1|3|1|1|1|1
3456938|1|1|1|421.15950484|23|1|1|3|1|1|1|1
3456939|1|1|1|131.44099946|23|1|1|3|1|1|1|1
3456940|1|1|1|139.59322154|23|2|1|3|1|1|1|1
3456982|1|1|1|85.527641227|27|1|1|1|2|2|1|2
3456983|1|1|1|92.257501175|27|1|1|1|2|2|2|2
3456984|1|1|1|82.976913458|27|1|1|1|2|2|2|2
3456985|1|1|1|98.02055491|27|1|1|1|2|2|2|2
3456986|1|1|1|119.29484142|27|1|1|1|2|2|2|2
3456987|1|1|1|100.0969413|27|1|1|1|2|2|2|2
3456988|1|1|1|63.245860702|27|1|1|1|2|2|2|2
3457006|1|1|1|72.042207064|44|1|1|2|1|1|1|1
3457007|1|1|1|93.050908788|44|1|1|2|1|1|1|1
3457008|1|1|1|109.93892401|44|2|1|2|1|1|1|1
3457009|1|1|1|125.14965757|44|2|1|2|1|1|1|1
3457010|1|1|1|101.46408625|44|1|1|2|1|1|1|1
3457012|1|1|1|152.56605593|44|1|1|0|2|2|2|2
3457024|1|1|1|439.49768323|50|1|1|1|2|2|1|1
3457025|1|1|1|439.49768323|50|1|1|1|2|2|1|1
3457031|1|1|1|444.58550399|50|2|1|3|1|1|1|1
3457032|1|1|1|544.84397471|50|1|1|3|1|1|1|1
3457033|1|1|1|463.91422119|50|2|1|3|1|1|1|1
3457034|1|1|1|390.19558305|50|2|1|3|1|1|1|1
3457035|1|1|1|540.93786794|50|2|1|3|1|1|1|1
3457038|1|1|1|472.95457443|50|1|1|3|1|1|1|1
3457040|1|1|1|307.14930543|50|1|1|2|1|1|1|1
3457044|1|1|1|173.66124581|52|1|1|2|1|1|1|1
3457045|1|1|1|245.40766289|52|1|1|2|1|1|1|1
3457046|1|1|1|375.16036913|52|1|1|2|1|1|1|1
3457047|1|1|1|309.36588426|52|4|1|2|1|1|1|1
3457048|1|1|1|218.47887172|52|2|1|3|1|1|1|1
3457049|1|1|1|218.47887172|52|2|1|3|1|1|1|1
3457050|1|1|1|173.10735671|52|2|1|3|1|1|1|1
3457051|1|1|1|300.92717155|52|1|1|1|1|1|1|1
3457052|1|1|1|197.55497216|52|1|1|1|2|1|1|1
3457053|1|1|1|350.58237556|52|1|1|1|2|1|1|1
3457055|1|1|1|394.81027517|63|1|1|2|1|1|1|1
3457056|1|1|1|119.23760656|63|2|1|3|1|1|1|1
3457058|1|1|1|462.6688598|63|2|1|1|1|1|1|1
3457060|1|1|1|260.62646501|63|2|1|5|1|1|1|1
3457061|1|1|1|430.14488625|63|2|1|5|1|1|1|1
3457062|1|1|1|292.12073099|63|2|1|5|1|1|1|1
3457063|1|1|1|367.79972805|63|2|1|5|1|1|1|1
3457064|1|1|1|321.83963039|63|2|1|4|1|1|1|1
3457065|1|1|1|211.24830893|63|2|1|2|1|1|1|1
3457066|1|1|1|233.61814376|63|1|1|1|1|1|1|1
3457067|1|1|1|432.68767381|66|2|1|5|1|1|1|1
3457068|1|1|1|687.66750703|66|2|1|4|1|1|1|1
3457069|1|1|1|537.07875259|66|2|1|4|1|1|1|1
3457077|1|1|1|673.42390361|68|2|1|4|1|1|1|1
3457091|1|1|1|213.32105301|70|1|1|1|1|1|1|1
3457092|1|1|1|165.8870987|70|2|1|1|1|1|1|1
3457095|1|1|1|191.61999777|70|1|1|2|1|1|1|1
3457100|1|1|1|277.68427933|70|2|1|2|1|1|1|1
3457102|1|1|1|223.6104556|70|1|1|1|1|1|1|1
3457104|1|1|1|119.46267773|70|2|1|1|1|1|1|1
3457111|1|1|1|218.01552262|70|2|1|1|1|1|1|1
3457113|1|1|1|92.857528213|70|2|1|2|1|1|1|1
3457116|1|1|1|240.7661295|70|2|1|1|1|1|1|1
3457117|1|1|1|196.50056155|70|2|1|1|1|1|1|1
3457120|1|1|1|350.66180541|73|2|1|3|1|1|1|1
3457121|1|1|1|577.63179223|73|2|1|3|1|1|1|1
3457122|1|1|1|512.03458201|73|1|1|4|1|1|1|1
3457123|1|1|1|359.06482977|73|1|1|4|1|1|1|1
3457124|1|1|1|1545.5479926|76|2|1|6|1|1|1|1
3457125|1|1|1|2232.9781419|76|2|1|6|1|1|1|1
3457126|1|1|1|1069.6832853|76|2|1|6|1|1|1|1
3457127|1|1|1|1298.3548876|76|1|1|3|1|1|1|1
3457128|1|1|1|1016.7874989|76|1|1|3|1|1|1|1
3457129|1|1|1|2438.8449597|76|2|1|3|1|1|1|1
3457132|1|1|1|27.732973047|88|1|1|3|2|1|1|2
3457137|1|1|1|33.616975301|88|1|1|3|2|2|1|1
3457139|1|1|1|23.190195327|88|1|1|2|2|2|1|2
3457140|1|1|1|23.190195327|88|1|1|2|2|1|1|2
3458760|1|1|1|3487.2997613|05|1|1|2|1|1|1|1
3458761|1|1|1|5001.4832582|05|1|1|5|1|1|1|1
3458762|1|1|1|4562.5508714|05|2|1|2|1|1|1|1
3458763|1|1|1|2256.4296403|05|2|1|3|1|1|1|1
3458764|1|1|1|4614.6016111|05|2|1|4|1|1|1|1
3458765|1|1|1|5063.7183161|05|2|1|4|1|1|1|1
3458769|1|1|1|1319.0131186|08|1|1|1|1|1|1|1
3458770|1|1|1|1632.0579059|08|2|1|3|1|1|1|1
3458773|1|1|1|5051.1833973|11|1|1|2|1|1|1|1
3458786|1|1|1|10602.483157|11|1|1|2|1|1|1|1
3458789|1|1|1|3333.1360714|11|2|1|4|1|1|1|1
3458791|1|1|1|7504.8640045|11|2|1|2|1|1|1|1
3458792|1|1|1|6362.9260348|11|2|1|2|1|1|1|1
3458793|1|1|1|9001.6058274|11|2|1|4|1|1|1|1
3458800|1|1|1|7899.8568468|11|2|1|3|1|1|1|1
3458802|1|1|1|7050.8666271|11|2|1|4|1|1|1|1
3458809|1|1|1|4867.3962593|11|1|1|2|1|1|1|1
3458810|1|1|1|436.85617866|13|1|1|5|1|1|1|1
3458811|1|1|1|639.47094293|13|2|1|1|1|1|1|1
3458812|1|1|1|680.57983002|13|2|1|2|1|1|1|1
3458813|1|1|1|723.44654771|13|1|1|1|1|1|1|1
3458814|1|1|1|765.1227229|13|1|1|1|1|1|1|1
3458823|1|1|1|110.47146289|15|2|1|4|1|1|1|1
3458825|1|1|1|147.69608948|15|2|1|4|1|1|1|1
3458849|1|1|1|722.21812727|17|2|1|2|1|1|1|1
3458851|1|1|1|77.758031713|18|1|1|1|1|1|1|1
3458852|1|1|1|83.860924863|18|2|1|1|1|1|1|1
3458876|1|1|1|429.68567576|20|1|1|2|1|1|1|1
3458877|1|1|1|232.67114263|20|2|1|2|1|1|1|1
3458897|1|1|1|480.78786718|20|2|1|2|1|1|1|1
3458898|1|1|1|204.64891989|20|1|1|2|1|1|1|1
3458899|1|1|1|150.24385032|20|1|1|1|1|1|1|1
3458905|1|1|1|410.38849401|23|1|1|2|1|1|1|1
3458906|1|1|1|121.68989915|23|1|1|1|1|1|1|1
3458908|1|1|1|87.627332975|23|1|1|1|1|1|1|1
3458909|1|1|1|116.27473029|23|1|1|3|1|1|1|1
3458910|1|1|1|111.21930724|23|2|1|1|1|1|1|1
3458911|1|1|1|111.21930724|23|2|1|1|1|1|1|1
3458912|1|1|1|111.21930724|23|2|1|1|1|1|1|1
3458913|1|1|1|111.21930724|23|1|1|1|1|1|1|1
3458914|1|1|1|336.11581653|23|1|1|1|1|1|1|1
3458915|1|1|1|368.6532104|23|1|1|1|1|1|1|1
3458917|1|1|1|165.01637942|23|2|1|1|1|1|1|1
3458918|1|1|1|342.6790802|23|2|1|1|1|1|1|1
3458919|1|1|1|107.8490252|23|1|1|1|1|2|1|1
3458920|1|1|1|151.64333231|27|1|1|1|2|2|1|2
3458921|1|1|1|67.67816504|27|2|1|1|2|1|1|1
3458923|1|1|1|316.73901389|41|2|1|2|1|1|1|1
3458924|1|1|1|100.73588264|41|2|1|3|1|1|1|1
3458925|1|1|1|354.54893019|41|2|1|1|1|1|1|1
3458928|1|1|1|126.32159794|44|1|1|2|1|1|1|1
3458929|1|1|1|126.32159794|44|1|1|2|1|1|1|1
3458930|1|1|1|65.115102895|44|2|1|2|1|1|1|1
3458934|1|1|1|102.28370679|44|1|1|1|2|2|2|1
3458937|1|1|1|103.43888797|44|1|1|1|1|2|2|1
3458938|1|1|1|475.5894056|47|2|1|4|1|1|1|1
3458939|1|1|1|544.89339052|47|2|1|4|1|1|1|1
3458940|1|1|1|379.10050004|47|2|1|1|1|1|1|1
3458941|1|1|1|566.87723921|47|2|1|3|1|1|1|1
3458942|1|1|1|560.41316815|47|1|1|1|2|2|1|2
3458943|1|1|1|315.8897002|50|1|1|5|1|1|1|1
3458947|1|1|1|380.21291966|50|2|1|3|1|1|1|1
3458952|1|1|1|213.71333279|52|2|1|2|1|1|1|1
3458954|1|1|1|158.12237396|52|2|1|3|2|1|1|1
3458958|1|1|1|259.70601223|52|2|1|4|1|1|1|1
3458959|1|1|1|297.906698|52|2|1|4|2|1|1|1
3458960|1|1|1|239.26682053|52|2|1|4|2|1|1|1
3458970|1|1|1|324.62784727|52|1|1|2|2|1|1|1
3458971|1|1|1|280.86536011|52|2|1|1|1|1|1|1
3458972|1|1|1|327.21021719|52|2|1|1|1|1|1|1
3458974|1|1|1|292.16926376|52|2|1|1|1|1|1|1
3459004|1|1|1|322.00334586|63|1|1|2|1|1|1|1
3459005|1|1|1|223.41273873|63|2|1|3|1|1|1|1
3459006|1|1|1|336.74993704|63|1|1|3|1|1|1|1
3459009|1|1|1|610.55731472|66|3|1|3|2|1|1|1
3459010|1|1|1|343.12974826|66|2|1|5|2|1|1|1
3459011|1|1|1|423.36872017|66|1|1|5|1|1|1|1
3459012|1|1|1|365.16585916|66|1|1|5|1|1|1|1
3459013|1|1|1|514.62918677|66|1|1|5|1|1|1|1
3459016|1|1|1|472.41012176|66|2|1|2|1|1|1|1
3459020|1|1|1|532.74789169|66|1|1|4|1|1|1|1
3459021|1|1|1|591.20395523|66|1|1|4|1|1|1|1
3459022|1|1|1|439.90610387|66|1|1|4|1|1|1|1
3459023|1|1|1|611.50632076|66|1|1|4|1|1|1|1
3459025|1|1|1|934.62474227|68|2|1|3|1|1|1|1
3459026|1|1|1|616.64847721|68|2|1|1|1|1|1|1
3459027|1|1|1|1095.4605571|68|2|1|3|1|1|1|1
3459028|1|1|1|906.73247177|68|2|1|3|1|1|1|1
3459029|1|1|1|202.01918951|70|1|1|1|1|1|1|1
3459030|1|1|1|225.4640411|73|2|1|2|1|1|1|1
3459031|1|1|1|320.9627636|73|1|1|3|1|1|1|1
3459042|1|1|1|435.33949762|73|2|1|2|1|1|1|1
3459046|1|1|1|269.75529784|73|1|1|2|1|1|1|1
3459053|1|1|1|538.01209496|73|1|1|2|1|1|1|1
3459055|1|1|1|1960.1755498|76|2|1|4|2|1|1|1
3459058|1|1|1|1857.0964152|76|1|1|4|1|1|1|1
3459064|1|1|1|1562.7903135|76|1|1|3|1|1|1|1
3459065|1|1|1|2954.9915297|76|2|1|3|2|1|1|1
3459076|1|1|1|1700.888488|76|2|1|4|1|1|1|1
3459079|1|1|1|2878.7038505|76|2|1|1|1|1|1|1
3459263|1|1|1|479.91124403|47|1|1|3|1|1|1|1
3459265|1|1|1|576.29343995|47|1|1|1|1|2|1|2
3459266|1|1|1|629.86359912|47|2|1|1|1|1|1|1
3459269|1|1|1|470.29815401|47|2|1|3|1|1|1|1
3459270|1|1|1|526.46194024|47|1|1|1|1|2|1|2
3459365|1|1|1|239.12112281|70|2|1|2|1|1|1|1
3459368|1|1|1|185.39054751|70|1|1|2|1|1|1|1
3459428|1|1|1|132.47898556|23|1|1|1|1|1|1|1
3459429|1|1|1|171.89680483|63|1|1|1|2|1|1|1
3459430|1|1|1|143.73092455|63|2|1|3|1|1|1|1
3459431|1|1|1|1078.1650539|66|2|1|3|1|1|1|1
3459432|1|1|1|24.842960052|88|1|1|2|2|1|1|1
3459433|1|1|1|30.034026331|88|1|1|2|2|1|1|1
3459434|1|1|1|92.760781309|88|2|1|2|2|1|1|1
3459435|1|1|1|17.779149751|88|1|1|2|2|2|1|2
3459436|1|1|1|22.336111106|88|1|1|3|2|1|1|1
3459437|1|1|1|59.925498762|88|1|1|1|2|2|1|2
3459439|1|1|1|2917.3882964|05|2|1|2|1|1|1|1
3459440|1|1|1|1397.465647|05|2|1|2|1|1|1|1
3459441|1|1|1|2918.7819803|05|2|1|2|1|1|1|1
3459442|1|1|1|1397.465647|05|2|1|2|1|1|1|1
3459443|1|1|1|3524.7823182|05|2|1|2|1|1|1|1
3459444|1|1|1|3823.6785842|05|2|1|2|1|1|1|1
3459445|1|1|1|1990.803494|05|2|1|2|1|1|1|1
3459446|1|1|1|2161.0382178|05|2|1|2|1|1|1|1
3459447|1|1|1|2628.9895631|05|2|1|2|1|1|1|1
3459448|1|1|1|1476.7329588|05|2|1|2|1|1|1|1
3459449|1|1|1|2576.918849|05|2|1|2|1|1|1|1
3459450|1|1|1|1918.7316012|05|2|1|3|1|1|1|1
3459451|1|1|1|2867.9682749|05|2|1|3|2|1|1|1
3459452|1|1|1|1991.9134877|05|2|1|3|1|1|1|1
3459453|1|1|1|1835.0014815|05|2|1|3|1|1|1|1
3459454|1|1|1|3248.9297889|05|2|1|3|1|1|1|1
3459455|1|1|1|2375.2469391|05|2|1|3|1|1|1|1
3459456|1|1|1|2375.2469391|05|2|1|3|1|1|1|1
3459457|1|1|1|2424.3298783|05|1|1|3|1|1|1|1
3459458|1|1|1|1991.9134877|05|2|1|3|1|1|1|1
3459459|1|1|1|3190.996781|05|1|1|3|1|1|1|1
3459460|1|1|1|1835.0014815|05|2|1|3|1|1|1|1
3459461|1|1|1|1781.7550169|05|2|1|2|1|1|1|1
3459462|1|1|1|4600.8986693|05|2|1|2|1|1|1|1
3459463|1|1|1|3775.5777081|05|2|1|2|1|1|1|1
3459464|1|1|1|3042.6086417|05|2|1|2|1|1|1|1
3459465|1|1|1|3208.6101963|05|2|1|2|2|1|1|1
3459466|1|1|1|7689.6795468|05|2|1|2|1|1|1|1
3459467|1|1|1|2957.271455|05|2|1|2|1|1|1|1
3459468|1|1|1|4428.4375593|05|2|1|2|1|1|1|1
3459469|1|1|1|5278.2730351|05|2|1|2|1|1|1|1
3459470|1|1|1|2838.6183091|05|2|1|2|1|1|1|1
3459471|1|1|1|3955.0535262|05|2|1|2|1|1|1|1
3459472|1|1|1|2352.8389491|05|2|1|2|1|1|1|1
3459473|1|1|1|3491.1847943|05|2|1|2|1|1|1|1
3459474|1|1|1|3220.6290685|05|2|1|2|1|1|1|1
3459475|1|1|1|2781.1759398|05|2|1|2|1|1|1|1
3459476|1|1|1|3561.6035251|05|2|1|2|1|1|1|1
3459477|1|1|1|2840.9119705|05|2|1|2|1|1|1|1
3459478|1|1|1|2246.0271374|05|2|1|2|1|1|1|1
3459479|1|1|1|2129.8260492|05|2|1|2|1|1|1|1
3459480|1|1|1|4868.6513461|05|2|1|2|1|1|1|1
3459481|1|1|1|1987.0328163|05|2|1|2|1|1|1|1
3459482|1|1|1|7299.2845817|05|2|1|3|2|1|1|1
3459483|1|1|1|9643.5201172|05|2|1|3|1|1|1|1
3459484|1|1|1|6566.2939431|05|2|1|3|1|1|1|1
3459485|1|1|1|7368.1945072|05|2|1|3|1|1|1|1
3459486|1|1|1|7299.2845817|05|2|1|3|2|1|1|1
3459487|1|1|1|7299.2845817|05|2|1|3|1|1|1|1
3459488|1|1|1|9504.1397402|05|2|1|2|1|1|1|1
3459489|1|1|1|7979.3126599|05|2|1|2|1|1|1|1
3459490|1|1|1|10077.553446|05|2|1|3|1|1|1|1
3459491|1|1|1|741.559076|08|2|1|1|1|1|1|1
3459492|1|1|1|1403.8400977|08|2|1|1|1|1|1|1
3459493|1|1|1|1603.4377866|08|2|1|1|1|1|1|1
3459494|1|1|1|1327.1969078|08|1|1|1|1|1|1|1
3459495|1|1|1|1161.007286|08|1|1|1|1|1|1|1
3459496|1|1|1|775.61049119|08|1|1|1|1|1|1|1
3459497|1|1|1|1211.1787286|08|1|1|1|1|1|1|1
3459498|1|1|1|626.04620353|08|1|1|1|1|1|1|1
3459499|1|1|1|981.89036088|08|1|1|1|1|1|1|1
3459500|1|1|1|1400.5610321|08|1|1|2|1|1|1|1
3459501|1|1|1|1809.7862114|08|1|1|2|1|1|1|1
3459502|1|1|1|838.45473687|08|2|1|2|1|1|1|1
3459503|1|1|1|1327.5268638|08|2|1|2|1|1|1|1
3459504|1|1|1|1880.142988|08|2|1|2|1|1|1|1
3459505|1|1|1|1777.6112947|08|2|1|2|1|1|1|1
3459506|1|1|1|937.98147075|08|1|1|2|1|1|1|1
3459507|1|1|1|1463.3284235|08|2|1|2|1|1|1|1
3459508|1|1|1|3153.1214799|08|1|1|2|1|1|1|1
3459509|1|1|1|879.55183485|08|2|1|2|1|1|1|1
3459510|1|1|1|799.497493|08|2|1|1|1|1|1|1
3459511|1|1|1|990.55761554|08|2|1|1|1|1|1|1
3459512|1|1|1|898.98060994|08|2|1|1|1|1|1|1
3459514|1|1|1|1336.9905693|08|2|1|1|1|1|1|1
3459515|1|1|1|1111.0412919|08|1|1|1|1|1|1|1
3459516|1|1|1|977.76970925|08|1|1|1|1|1|1|1
3459517|1|1|1|1431.2478604|08|1|1|1|1|1|1|1
3459518|1|1|1|1802.9360633|08|1|1|1|1|1|1|1
3459519|1|1|1|1071.0351314|08|2|1|1|2|1|1|1
3459520|1|1|1|861.51321723|08|2|1|1|1|1|1|1
3459521|1|1|1|918.53274978|08|2|1|1|1|1|1|1
3459522|1|1|1|1336.4441038|08|1|1|1|1|1|1|1
3459523|1|1|1|1937.3950376|08|2|1|1|1|1|1|1
3459524|1|1|1|1334.2266769|08|2|1|1|1|1|1|1
3459525|1|1|1|2635.8673933|08|2|1|2|1|1|1|1
3459526|1|1|1|2248.9847849|08|2|1|2|1|1|1|1
3459527|1|1|1|12206.371968|11|2|1|2|1|1|1|1
3459528|1|1|1|11504.831674|11|2|1|2|1|1|1|1
3459529|1|1|1|7606.9661443|11|1|1|2|1|1|1|1
3459530|1|1|1|8736.5065182|11|1|1|2|1|1|1|1
3459531|1|1|1|10676.637755|11|2|1|1|1|1|1|1
3459532|1|1|1|7912.704286|11|2|1|3|1|1|1|1
3459533|1|1|1|8027.0974421|11|2|1|3|1|1|1|1
3459534|1|1|1|7008.3751908|11|2|1|3|1|1|1|1
3459535|1|1|1|13235.974689|11|2|1|3|1|1|1|1
3459536|1|1|1|7736.5732128|11|1|1|3|1|1|1|1
3459537|1|1|1|4467.8777183|11|2|1|4|1|1|1|1
3459538|1|1|1|4906.5554888|11|2|1|3|1|1|1|1
3459539|1|1|1|5099.4073204|11|2|1|3|1|1|1|1
3459540|1|1|1|4565.0766176|11|2|1|3|1|1|1|1
3459541|1|1|1|5244.6928147|11|2|1|3|1|1|1|1
3459542|1|1|1|5228.2682552|11|2|1|3|1|1|1|1
3459543|1|1|1|6165.9297619|11|2|1|3|1|1|1|1
3459544|1|1|1|4899.4891637|11|2|1|3|1|1|1|1
3459545|1|1|1|2744.4317362|11|2|1|3|1|1|1|1
3459546|1|1|1|6353.2678507|11|2|1|3|1|1|1|1
3459547|1|1|1|4248.6005824|11|2|1|3|1|1|1|1
3459548|1|1|1|4377.7385288|11|2|1|3|1|1|1|1
3459549|1|1|1|10425.996286|11|2|1|3|1|1|1|1
3459550|1|1|1|8480.9132276|11|2|1|3|1|1|1|1
3459551|1|1|1|10868.571572|11|2|1|3|1|1|1|1
3459552|1|1|1|9714.3743501|11|2|1|3|1|1|1|1
3459553|1|1|1|5834.8397392|11|2|1|3|1|1|1|1
3459554|1|1|1|5081.2781823|11|2|1|3|1|1|1|1
3459555|1|1|1|2889.5479751|11|2|1|3|1|1|1|1
3459556|1|1|1|4260.7689035|11|2|1|3|1|1|1|1
3459557|1|1|1|7046.2439967|11|2|1|3|1|1|1|1
3459558|1|1|1|7312.7482971|11|2|1|3|1|1|1|1
3459559|1|1|1|7882.5837931|11|2|1|6|2|1|1|1
3459560|1|1|1|9442.905471|11|2|1|2|1|1|1|1
3459561|1|1|1|6261.8353338|11|2|1|2|1|1|1|1
3459562|1|1|1|6779.9307925|11|2|1|2|1|1|1|1
3459563|1|1|1|4876.1165388|11|2|1|2|1|1|1|1
3459564|1|1|1|6618.5083596|11|2|1|2|1|1|1|1
3459565|1|1|1|5172.931491|11|2|1|2|1|1|1|1
3459566|1|1|1|4876.1165388|11|2|1|2|1|1|1|1
3459567|1|1|1|6321.6934073|11|2|1|2|1|1|1|1
3459568|1|1|1|468.37027404|13|2|1|4|1|1|1|1
3459569|1|1|1|348.54459676|13|2|1|4|1|1|1|1
3459570|1|1|1|419.069276|13|2|1|4|1|1|1|1
3459571|1|1|1|742.70158316|13|2|1|4|1|1|1|1
3459572|1|1|1|439.95190142|13|2|1|4|1|1|1|1
3459573|1|1|1|422.81756446|13|1|1|9|1|2|1|1
3459574|1|1|1|693.31552117|13|1|1|9|1|2|1|1
3459575|1|1|1|484.62611533|13|1|1|9|1|2|1|1
3459576|1|1|1|1196.8997404|13|1|1|9|1|2|1|1
3459577|1|1|1|1155.5348531|13|1|1|1|1|2|1|1
3459578|1|1|1|661.77649424|13|2|1|9|1|2|1|1
3459579|1|1|1|1076.0966843|13|1|1|1|1|2|1|1
3459580|1|1|1|705.60148118|13|2|1|9|1|2|1|1
3459581|1|1|1|918.44080491|13|1|1|9|1|2|1|1
3459582|1|1|1|712.94921651|13|1|1|1|1|2|1|1
3459583|1|1|1|632.79580519|13|1|1|1|1|2|1|1
3459584|1|1|1|484.62611533|13|1|1|1|1|2|1|2
3459585|1|1|1|625.10839903|13|1|1|2|1|1|1|1
3459586|1|1|1|648.85105466|13|2|1|2|1|1|1|1
3459587|1|1|1|804.18450142|13|1|1|2|1|1|1|1
3459588|1|1|1|743.2126466|13|2|1|2|1|1|1|1
3459589|1|1|1|878.19426383|13|2|1|2|1|1|1|1
3459590|1|1|1|659.48078942|13|1|1|2|1|1|1|1
3459591|1|1|1|726.32679493|13|2|1|2|1|1|1|1
3459592|1|1|1|1485.0048398|13|2|1|2|1|1|1|1
3459593|1|1|1|704.99534923|13|1|1|1|1|1|1|1
3459594|1|1|1|987.63592022|13|2|1|1|1|1|1|1
3459595|1|1|1|769.18977307|13|2|1|1|1|1|1|1
3459596|1|1|1|975.32689562|13|1|1|1|1|1|1|1
3459597|1|1|1|324.16013275|13|1|1|1|1|1|1|1
3459598|1|1|1|501.03285785|13|2|1|1|1|1|1|1
3459599|1|1|1|485.14345064|13|2|1|1|1|1|1|1
3459600|1|1|1|611.55999649|13|1|1|1|1|1|1|1
3459601|1|1|1|379.83720186|13|2|1|1|1|1|1|1
3459602|1|1|1|839.97373229|13|1|1|1|1|1|1|1
3459603|1|1|1|481.56306804|13|1|1|1|1|1|1|1
3459604|1|1|1|578.23216361|13|1|1|1|1|1|1|1
3459605|1|1|1|537.6712894|13|1|1|1|1|1|1|1
3459606|1|1|1|344.11009484|13|1|1|1|1|1|1|1
3459607|1|1|1|435.68074596|13|1|1|1|1|1|1|1
3459608|1|1|1|879.83986162|13|1|1|1|1|1|1|1
3459609|1|1|1|536.92572523|13|1|1|1|1|1|1|1
3459610|1|1|1|419.47823955|13|1|1|1|1|1|1|1
3459611|1|1|1|717.39778956|13|1|1|1|1|1|1|1
3459612|1|1|1|1127.5135052|13|1|1|1|1|1|1|1
3459613|1|1|1|281.8783763|13|1|1|1|1|1|1|1
3459614|1|1|1|586.20840673|13|1|1|1|1|1|1|1
3459615|1|1|1|206.09100569|15|1|1|3|1|1|1|1
3459616|1|1|1|224.80130939|15|1|1|3|1|1|1|1
3459617|1|1|1|88.096372093|15|1|1|3|1|1|1|1
3459618|1|1|1|300.56632763|15|1|1|3|1|1|1|1
3459619|1|1|1|138.51770425|15|1|1|3|1|1|1|1
3459620|1|1|1|200.0084292|15|1|1|3|1|1|1|1
3459621|1|1|1|202.21276994|15|1|1|3|1|1|1|1
3459622|1|1|1|190.36358838|15|2|1|3|1|1|1|1
3459623|1|1|1|162.37159038|15|2|1|4|1|1|1|1
3459624|1|1|1|233.32242685|15|2|1|4|1|1|1|1
3459625|1|1|1|143.83336636|15|2|1|4|1|1|1|1
3459626|1|1|1|172.08431567|15|2|1|4|1|1|1|1
3459627|1|1|1|143.47714622|15|2|1|4|1|1|1|1
3459628|1|1|1|327.28637475|15|2|1|4|1|1|1|1
3459629|1|1|1|101.64966011|15|2|1|4|1|1|1|1
3459630|1|1|1|216.59970635|15|2|1|5|1|1|1|1
3459631|1|1|1|290.7204951|15|2|1|5|1|1|1|1
3459632|1|1|1|204.7152574|15|2|1|5|1|1|1|1
3459633|1|1|1|169.89706573|15|2|1|5|1|1|1|1
3459634|1|1|1|122.63575845|15|2|1|5|1|1|1|1
3459635|1|1|1|183.56919829|15|2|1|5|1|1|1|1
3459636|1|1|1|233.32242685|15|2|1|5|1|1|1|1
3459637|1|1|1|175.39200714|15|1|1|4|1|1|1|1
3459638|1|1|1|147.12581214|15|2|1|4|1|1|1|1
3459639|1|1|1|110.07489173|15|1|1|3|1|1|1|1
3459640|1|1|1|280.70309847|15|2|1|3|1|1|1|1
3459641|1|1|1|138.98673252|15|2|1|3|1|1|1|1
3459642|1|1|1|230.77895676|15|2|1|3|1|1|1|1
3459643|1|1|1|290.7204951|15|2|1|3|1|1|1|1
3459644|1|1|1|55.356193649|15|2|1|3|1|1|1|1
3459645|1|1|1|103.24618396|15|2|1|3|1|1|1|1
3459646|1|1|1|65.405737839|15|2|1|3|1|1|1|1
3459647|1|1|1|70.585857996|15|2|1|3|1|1|1|1
3459648|1|1|1|55.356193649|15|2|1|3|1|1|1|1
3459649|1|1|1|65.405737839|15|2|1|3|1|1|1|1
3459650|1|1|1|103.24618396|15|2|1|3|1|1|1|1
3459651|1|1|1|145.55111552|15|2|1|5|1|1|1|1
3459652|1|1|1|145.55111552|15|2|1|5|1|1|1|1
3459653|1|1|1|156.64995853|15|2|1|5|1|1|1|1
3459654|1|1|1|131.40423413|15|2|1|5|1|1|1|1
3459655|1|1|1|131.40423413|15|2|1|5|1|1|1|1
3459656|1|1|1|100.93538955|15|2|1|5|1|1|1|1
3459657|1|1|1|247.42860692|15|2|1|2|1|1|1|1
3459658|1|1|1|153.755206|15|2|1|2|1|1|1|1
3459659|1|1|1|581.75798725|17|2|1|4|1|1|1|1
3459660|1|1|1|488.16085876|17|2|1|4|1|1|1|1
3459661|1|1|1|518.02355841|17|2|1|4|1|1|1|1
3459662|1|1|1|517.07732507|17|2|1|4|1|1|1|1
3459663|1|1|1|346.89582923|17|2|1|4|1|1|1|1
3459664|1|1|1|488.16085876|17|2|1|4|1|1|1|1
3459665|1|1|1|428.48067292|17|2|1|4|1|1|1|1
3459666|1|1|1|655.02616733|17|2|1|4|1|1|1|1
3459667|1|1|1|810.62980561|17|2|1|4|1|1|1|1
3459668|1|1|1|981.75687934|17|2|1|4|1|1|1|1
3459669|1|1|1|438.76671303|17|2|1|4|1|1|1|1
3459670|1|1|1|655.02616733|17|2|1|4|1|1|1|1
3459671|1|1|1|1033.1295667|17|2|1|4|1|1|1|1
3459672|1|1|1|655.02616733|17|2|1|4|1|1|1|1
3459673|1|1|1|477.15140281|17|2|1|4|1|1|1|1
3459674|1|1|1|428.74440043|17|2|1|6|1|1|1|1
3459676|1|1|1|530.59405458|17|2|1|6|1|1|1|1
3459681|1|1|1|424.14620069|17|2|1|6|1|1|1|1
3459682|1|1|1|448.13650537|17|1|1|2|1|1|1|1
3459683|1|1|1|311.04054717|17|2|1|2|1|1|1|1
3459684|1|1|1|429.71185427|17|2|1|2|1|1|1|1
3459685|1|1|1|303.03884466|17|1|1|2|1|1|1|1
3459686|1|1|1|360.38782857|17|2|1|2|1|1|1|1
3459687|1|1|1|295.98790922|17|2|1|2|1|1|1|1
3459688|1|1|1|355.0221079|17|2|1|2|1|1|1|1
3459689|1|1|1|689.76432936|17|2|1|2|1|1|1|1
3459690|1|1|1|546.16636592|17|2|1|3|1|1|1|1
3459691|1|1|1|227.56911876|17|2|1|3|1|1|1|1
3459692|1|1|1|533.26597396|17|1|1|3|1|1|1|1
3459693|1|1|1|370.16169904|17|1|1|3|1|1|1|1
3459694|1|1|1|474.21843628|17|2|1|3|1|1|1|1
3459695|1|1|1|419.78280204|17|1|1|3|1|1|1|1
3459696|1|1|1|379.08066687|17|2|1|3|1|1|1|1
3459697|1|1|1|256.67852712|17|1|1|3|1|1|1|1
3459698|1|1|1|280.00705389|17|1|1|2|1|1|1|1
3459699|1|1|1|280.00705389|17|2|1|2|1|1|1|1
3459700|1|1|1|400.43092064|17|2|1|2|1|1|1|1
3459701|1|1|1|703.68151685|17|2|1|2|1|1|1|1
3459702|1|1|1|560.82299571|17|1|1|2|1|1|1|1
3459703|1|1|1|448.30152176|17|1|1|2|1|1|1|1
3459704|1|1|1|366.07244253|17|2|1|2|1|1|1|1
3459705|1|1|1|345.60060797|17|2|1|2|1|1|1|1
3459706|1|1|1|84.312378111|18|1|1|1|1|1|1|1
3459707|1|1|1|83.5346005|18|2|1|1|1|1|1|1
3459708|1|1|1|83.5346005|18|1|1|1|1|1|1|1
3459709|1|1|1|80.627413525|18|2|1|1|1|1|1|1
3459710|1|1|1|112.12120665|18|1|1|1|1|1|1|1
3459711|1|1|1|145.60576911|18|2|1|3|1|1|1|1
3459712|1|1|1|143.50711065|18|2|1|3|1|1|1|1
3459713|1|1|1|193.46412032|18|2|1|3|1|1|1|1
3459714|1|1|1|105.67583184|18|1|1|3|1|1|1|1
3459715|1|1|1|193.46412032|18|2|1|3|1|1|1|1
3459716|1|1|1|172.45180515|18|2|1|3|1|1|1|1
3459717|1|1|1|145.60576911|18|2|1|3|1|1|1|1
3459718|1|1|1|94.119874365|18|2|1|3|1|1|1|1
3459719|1|1|1|121.12649443|18|1|1|1|1|1|1|1
3459720|1|1|1|136.90607934|18|2|1|1|1|1|1|1
3459721|1|1|1|96.341621738|18|1|1|1|1|1|1|1
3459722|1|1|1|128.01688128|18|1|1|1|1|1|1|1
3459723|1|1|1|60.487428604|18|1|1|1|1|1|1|1
3459724|1|1|1|94.665052977|18|1|1|1|1|1|1|1
3459725|1|1|1|108.31947319|18|1|1|1|1|1|1|1
3459726|1|1|1|124.0336814|18|1|1|1|1|1|1|1
3459727|1|1|1|93.434434763|18|1|1|1|1|1|1|1
3459728|1|1|1|120.0158262|18|1|1|1|1|1|1|1
3459729|1|1|1|105.60266494|18|2|1|1|1|1|1|1
3459730|1|1|1|72.583116806|18|1|1|1|1|1|1|1
3459731|1|1|1|78.313687969|18|2|1|1|1|1|1|1
3459732|1|1|1|74.695076957|18|1|1|1|1|1|1|1
3459733|1|1|1|179.50013531|18|2|1|1|1|1|1|1
3459734|1|1|1|75.327135817|18|1|1|1|1|1|1|1
3459735|1|1|1|87.59478259|18|1|1|1|1|1|1|1
3459736|1|1|1|125.987209|18|1|1|1|1|1|1|1
3459737|1|1|1|113.77314049|18|1|1|1|1|1|1|1
3459738|1|1|1|128.02089347|18|1|1|1|1|1|1|1
3459739|1|1|1|184.83674758|18|2|1|1|1|1|1|1
3459740|1|1|1|157.46444276|18|1|1|1|1|1|1|1
3459741|1|1|1|147.67415959|18|1|1|1|1|1|1|1
3459742|1|1|1|78.633657185|18|1|1|1|1|1|1|1
3459743|1|1|1|154.18880276|18|1|1|1|1|1|1|1
3459744|1|1|1|195.36664017|18|1|1|1|1|1|1|1
3459745|1|1|1|118.56359445|18|1|1|1|1|1|1|1
3459746|1|1|1|150.93572848|18|1|1|1|1|1|1|1
3459747|1|1|1|200.32296476|18|2|1|1|1|1|1|1
3459748|1|1|1|109.60609154|18|2|1|1|1|1|1|1
3459749|1|1|1|87.122790715|18|2|1|1|1|1|1|1
3459750|1|1|1|87.122790715|18|1|1|1|1|1|1|1
3459751|1|1|1|142.32293792|18|1|1|1|1|1|1|1
3459752|1|1|1|67.693167057|18|2|1|1|2|1|1|1
3459753|1|1|1|114.06975462|18|2|1|1|2|2|1|1
3459754|1|1|1|93.439153596|18|2|1|1|1|2|1|1
3459755|1|1|1|137.07707589|18|1|1|1|1|2|1|1
3459756|1|1|1|91.770989177|18|1|1|1|1|2|1|1
3459757|1|1|1|114.06975462|18|2|1|1|1|2|1|1
3459758|1|1|1|87.122790715|18|1|1|1|1|2|1|1
3459759|1|1|1|151.15815168|18|1|1|1|1|2|1|1
3459760|1|1|1|128.47631392|18|1|1|1|1|2|1|1
3459761|1|1|1|61.579311524|18|2|1|1|1|2|1|1
3459762|1|1|1|105.21916849|18|1|1|1|1|2|1|1
3459763|1|1|1|75.203232034|18|1|1|1|1|2|1|1
3459764|1|1|1|127.18281915|18|1|1|1|1|2|1|1
3459765|1|1|1|79.598020526|18|2|1|1|1|2|1|1
3459766|1|1|1|82.438138227|18|1|1|1|1|2|1|1
3459767|1|1|1|200.17306567|18|1|1|1|1|2|1|1
3459768|1|1|1|183.35999999|18|1|1|1|1|2|1|1
3459769|1|1|1|167.12979041|18|2|1|1|1|2|1|1
3459770|1|1|1|55.184876736|18|1|1|1|1|2|1|1
3459771|1|1|1|131.90598855|18|1|1|1|1|2|1|1
3459772|1|1|1|60.484260498|18|1|1|2|1|1|1|1
3459773|1|1|1|104.7392546|18|1|1|2|1|1|1|1
3459774|1|1|1|50.400493887|18|1|1|2|1|1|1|1
3459775|1|1|1|102.41350502|18|1|1|2|1|1|1|1
3459776|1|1|1|181.80487608|19|2|1|2|2|1|1|1
3459777|1|1|1|208.42893606|19|2|1|2|2|1|1|1
3459778|1|1|1|186.97965796|19|2|1|2|2|1|1|1
3459779|1|1|1|253.79671409|19|2|1|2|2|1|1|1
3459780|1|1|1|146.61700491|19|2|1|2|2|1|1|1
3459781|1|1|1|195.83373391|19|2|1|2|2|1|1|1
3459782|1|1|1|185.1591401|19|2|1|2|1|1|1|1
3459783|1|1|1|204.34346521|19|2|1|2|2|1|1|1
3459784|1|1|1|214.96017644|19|2|1|2|1|1|1|1
3459785|1|1|1|171.94225084|19|1|1|3|1|1|1|1
3459786|1|1|1|212.89658483|19|1|1|3|1|1|1|1
3459787|1|1|1|202.87735084|19|1|1|3|1|1|1|1
3459788|1|1|1|118.12365561|19|1|1|3|1|1|1|1
3459789|1|1|1|244.01402416|19|2|1|3|1|1|1|1
3459790|1|1|1|253.06360274|19|2|1|3|1|1|1|1
3459791|1|1|1|188.65384008|19|1|1|3|1|1|1|1
3459792|1|1|1|214.38538186|19|2|1|3|2|1|1|1
3459793|1|1|1|136.69668811|19|2|1|3|1|1|1|1
3459794|1|1|1|152.55867995|19|2|1|3|1|1|1|1
3459795|1|1|1|204.9841549|19|2|1|3|1|1|1|1
3459796|1|1|1|210.4532066|19|2|1|3|1|1|1|1
3459797|1|1|1|173.70581975|19|1|1|3|1|1|1|1
3459798|1|1|1|130.37787301|19|2|1|3|1|1|1|1
3459799|1|1|1|178.99096771|19|2|1|3|1|1|1|1
3459800|1|1|1|209.42307018|19|1|1|2|2|1|1|1
3459801|1|1|1|194.02078418|19|1|1|2|1|1|1|1
3459802|1|1|1|214.43484843|19|2|1|2|1|1|1|1
3459803|1|1|1|269.80154697|19|2|1|2|1|1|1|1
3459804|1|1|1|209.42307018|19|2|1|2|1|1|1|1
3459805|1|1|1|311.74128012|19|1|1|1|2|1|1|1
3459806|1|1|1|358.7134204|19|3|1|1|1|1|1|1
3459807|1|1|1|257.9594517|19|3|1|1|1|1|1|1
3459808|1|1|1|258.43907461|19|3|1|1|1|1|1|1
3459809|1|1|1|278.43749104|19|1|1|1|2|1|1|1
3459810|1|1|1|343.57026081|19|1|1|1|1|1|1|1
3459811|1|1|1|373.50098248|19|1|1|1|1|1|1|1
3459812|1|1|1|353.50256605|19|2|1|1|1|1|1|1
3459813|1|1|1|310.97057498|19|1|1|1|1|1|1|1
3459814|1|1|1|353.50256605|19|2|1|1|1|1|1|1
3459815|1|1|1|151.05932698|19|2|1|3|1|1|1|1
3459816|1|1|1|161.17114586|19|2|1|3|1|1|1|1
3459817|1|1|1|197.2741551|19|1|1|1|2|1|1|1
3459818|1|1|1|336.41310374|19|2|1|1|2|1|1|1
3459819|1|1|1|197.2741551|19|1|1|1|2|1|1|1
3459820|1|1|1|362.80454096|19|2|1|1|2|1|1|1
3459821|1|1|1|182.10742476|19|2|1|1|2|1|1|1
3459822|1|1|1|156.81006491|19|2|1|1|2|1|1|1
3459823|1|1|1|210.92069115|19|1|1|1|2|1|1|1
3459824|1|1|1|242.2864081|19|2|1|1|2|1|1|1
3459825|1|1|1|265.06571755|19|1|1|1|2|1|1|1
3459826|1|1|1|272.13776715|19|1|1|1|2|1|1|1
3459827|1|1|1|286.57477001|19|1|1|3|2|1|1|1
3459828|1|1|1|209.45286416|19|2|1|1|2|1|1|1
3459829|1|1|1|253.42300269|19|2|1|2|1|1|1|1
3459830|1|1|1|253.42300269|19|2|1|2|1|1|1|1
3459831|1|1|1|235.62760913|19|2|1|2|1|1|1|1
3459832|1|1|1|275.14617215|19|2|1|2|1|1|1|1
3459833|1|1|1|207.79924333|19|2|1|2|1|1|1|1
3459834|1|1|1|267.13552441|19|1|1|2|1|1|1|1
3459835|1|1|1|253.42300269|19|2|1|2|1|1|1|1
3459836|1|1|1|153.19456426|19|1|1|2|2|1|1|1
3459837|1|1|1|252.99667121|19|2|1|2|1|1|1|1
3459838|1|1|1|206.76876828|20|1|1|3|1|1|1|1
3459839|1|1|1|233.26118936|20|2|1|3|1|1|1|1
3459840|1|1|1|208.58311458|20|2|1|2|1|1|1|1
3459841|1|1|1|299.15789803|20|2|1|3|1|1|1|1
3459842|1|1|1|190.39196447|20|2|1|3|1|1|1|1
3459843|1|1|1|208.27580463|20|2|1|3|1|1|1|1
3459844|1|1|1|199.24324249|20|2|1|3|1|1|1|1
3459845|1|1|1|208.27580463|20|2|1|3|1|1|1|1
3459846|1|1|1|442.97261937|20|1|1|2|1|1|1|1
3459847|1|1|1|282.00347442|20|1|1|2|1|1|1|1
3459848|1|1|1|463.1719598|20|2|1|2|1|1|1|1
3459849|1|1|1|439.57821079|20|2|1|2|1|1|1|1
3459850|1|1|1|521.14971941|20|1|1|2|1|1|1|1
3459851|1|1|1|469.44446544|20|1|1|2|1|1|1|1
3459852|1|1|1|275.24823607|20|2|1|2|1|1|1|1
3459853|1|1|1|366.41445163|20|2|1|2|1|1|1|1
3459854|1|1|1|260.3427254|20|1|1|2|1|1|1|1
3459855|1|1|1|470.5824189|20|2|1|2|1|1|1|1
3459856|1|1|1|469.44446544|20|1|1|2|1|1|1|1
3459857|1|1|1|521.63245212|20|1|1|2|1|1|1|1
3459858|1|1|1|382.27830455|20|1|1|2|1|1|1|1
3459859|1|1|1|380.01775003|20|2|1|1|1|1|1|1
3459860|1|1|1|449.36252203|20|2|1|2|1|1|1|1
3459861|1|1|1|312.41370694|20|2|1|2|1|1|1|1
3459862|1|1|1|374.95001931|20|1|1|1|1|1|1|1
3459863|1|1|1|349.89178405|20|1|1|2|1|1|1|1
3459864|1|1|1|465.03765637|20|1|1|1|1|1|1|1
3459865|1|1|1|519.22711964|20|2|1|2|1|1|1|1
3459866|1|1|1|440.67975603|20|1|1|1|1|1|1|1
3459867|1|1|1|351.53513618|20|2|1|2|1|1|1|1
3459868|1|1|1|327.77052391|20|2|1|1|1|1|1|1
3459869|1|1|1|255.9800329|20|2|1|1|1|1|1|1
3459870|1|1|1|233.36742262|20|1|1|1|1|1|1|1
3459871|1|1|1|321.74052072|20|1|1|1|1|1|1|1
3459872|1|1|1|358.73806971|20|2|1|1|1|1|1|1
3459873|1|1|1|314.69673268|20|1|1|1|1|1|1|1
3459874|1|1|1|255.01481421|20|1|1|1|1|1|1|1
3459875|1|1|1|276.95101848|20|2|1|1|1|1|1|1
3459876|1|1|1|287.17435634|20|1|1|1|1|1|1|1
3459877|1|1|1|256.87349237|20|2|1|1|1|1|1|1
3459878|1|1|1|324.65437215|20|2|1|1|1|1|1|1
3459879|1|1|1|230.17418074|20|2|1|1|1|1|1|1
3459880|1|1|1|428.30482744|20|2|1|1|1|1|1|1
3459881|1|1|1|435.38112791|20|2|1|1|1|1|1|1
3459882|1|1|1|435.38112791|20|2|1|1|1|1|1|1
3459883|1|1|1|365.97749522|20|2|1|1|1|1|1|1
3459884|1|1|1|497.64959943|20|2|1|1|1|1|1|1
3459885|1|1|1|470.54338359|20|2|1|1|1|1|1|1
3459886|1|1|1|298.86486374|20|2|1|1|1|1|1|1
3459887|1|1|1|435.84209283|20|1|1|1|1|1|1|1
3459888|1|1|1|318.08090891|20|2|1|1|1|1|1|1
3459889|1|1|1|434.77258762|20|2|1|1|1|1|1|1
3459890|1|1|1|209.91425898|20|2|1|1|1|1|1|1
3459891|1|1|1|290.00759312|20|2|1|1|1|1|1|1
3459892|1|1|1|262.32605507|20|2|1|1|1|1|1|1
3459893|1|1|1|263.43517187|20|2|1|1|1|1|1|1
3459894|1|1|1|325.06173234|20|2|1|1|1|1|1|1
3459895|1|1|1|329.07368783|20|2|1|2|1|1|1|1
3459896|1|1|1|229.10338509|20|1|1|1|1|1|1|1
3459897|1|1|1|319.61753474|20|2|1|1|1|1|1|1
3459898|1|1|1|370.85157299|20|1|1|1|1|1|1|1
3459899|1|1|1|329.53251615|20|2|1|1|1|1|1|1
3459900|1|1|1|178.20330483|23|1|1|1|1|1|1|1
3459901|1|1|1|145.59435248|23|2|1|1|1|1|1|1
3459902|1|1|1|138.77102472|23|2|1|1|1|1|1|1
3459903|1|1|1|160.32997531|23|2|1|1|1|1|1|1
3459905|1|1|1|215.77818759|23|2|1|1|1|1|1|1
3459906|1|1|1|210.0276624|23|2|1|1|1|1|1|1
3459908|1|1|1|389.24356664|23|2|1|1|1|1|1|1
3459909|1|1|1|303.4380763|23|2|1|1|1|1|1|1
3459910|1|1|1|219.64784422|23|1|1|1|1|1|1|1
3459912|1|1|1|220.1807132|23|1|1|1|1|1|1|1
3459913|1|1|1|207.01347814|23|1|1|1|1|1|1|1
3459914|1|1|1|346.34082147|23|1|1|1|1|1|1|1
3459915|1|1|1|225.99689675|23|1|1|1|1|1|1|1
3459916|1|1|1|227.73452026|23|1|1|1|1|1|1|1
3459917|1|1|1|617.39354681|23|1|1|1|1|1|1|1
3459918|1|1|1|377.14555539|23|2|1|2|1|1|1|1
3459919|1|1|1|329.66111993|23|2|1|2|1|1|1|1
3459920|1|1|1|186.15777713|23|1|1|2|1|1|1|1
3459921|1|1|1|290.59105651|23|1|1|2|1|1|1|1
3459922|1|1|1|320.4581011|23|1|1|2|1|1|1|1
3459923|1|1|1|256.06110864|23|1|1|2|1|1|1|1
3459924|1|1|1|224.35311935|23|2|1|2|1|1|1|1
3459926|1|1|1|236.00739267|23|1|1|4|1|1|1|1
3459927|1|1|1|269.37619448|23|2|1|4|1|1|1|1
3459928|1|1|1|151.78080828|23|2|1|4|1|1|1|1
3459929|1|1|1|171.46294939|23|2|1|4|1|1|1|1
3459930|1|1|1|209.14416594|23|2|1|4|1|1|1|1
3459931|1|1|1|245.92927921|23|2|1|4|1|1|1|1
3459932|1|1|1|211.42027603|23|2|1|4|1|1|1|1
3459933|1|1|1|199.43356297|23|1|1|4|1|1|1|1
3459934|1|1|1|182.06500106|23|1|1|4|1|1|1|1
3459935|1|1|1|240.531091|23|2|1|4|1|1|1|1
3459936|1|1|1|141.69322077|23|2|1|4|1|1|1|1
3459937|1|1|1|301.97210309|23|2|1|1|1|1|1|1
3459938|1|1|1|338.25414543|23|2|1|1|1|1|1|1
3459939|1|1|1|352.96152431|23|2|1|1|1|1|1|1
3459940|1|1|1|309.25425985|23|2|1|1|1|1|1|1
3459941|1|1|1|231.81308031|23|2|1|1|1|1|1|1
3459942|1|1|1|257.88055417|23|2|1|1|1|1|1|1
3459943|1|1|1|202.47156568|23|2|1|1|1|1|1|1
3459944|1|1|1|309.25425985|23|2|1|1|1|1|1|1
3459945|1|1|1|303.4380763|23|2|1|1|1|1|1|1
3459946|1|1|1|273.29204239|23|2|1|1|1|1|1|1
3459947|1|1|1|231.81308031|23|1|1|1|1|2|1|1
3459948|1|1|1|281.37871843|23|1|1|1|1|2|1|1
3459949|1|1|1|389.24356664|23|1|1|1|1|2|1|1
3459950|1|1|1|338.25414543|23|1|1|1|1|2|1|1
3459951|1|1|1|243.14600848|23|1|1|1|1|2|1|1
3459952|1|1|1|231.81308031|23|1|1|1|1|2|1|1
3459953|1|1|1|257.88055417|23|1|1|1|1|2|1|1
3459955|1|1|1|227.73452026|23|1|1|1|1|2|1|1
3459956|1|1|1|316.19478756|23|1|1|1|1|2|1|1
3459957|1|1|1|87.124190539|27|1|1|1|2|2|1|1
3459958|1|1|1|95.604977117|27|1|1|1|2|1|1|1
3459959|1|1|1|134.31956735|27|1|1|1|2|2|1|2
3459960|1|1|1|109.1344772|27|1|1|1|2|2|1|2
3459961|1|1|1|69.777231321|27|1|1|1|2|2|1|2
3459962|1|1|1|143.37933621|27|1|1|1|2|2|1|2
3459963|1|1|1|70.067096753|27|1|1|1|2|2|1|2
3459964|1|1|1|63.959158954|27|1|1|1|2|2|1|1
3459965|1|1|1|87.124190539|27|1|1|1|2|2|1|1
3459966|1|1|1|62.144586349|27|1|1|1|2|2|1|2
3459967|1|1|1|96.440837555|27|1|1|1|2|2|1|2
3459968|1|1|1|55.760907631|27|2|1|1|2|2|1|1
3459969|1|1|1|70.623945245|27|1|1|1|2|2|1|1
3459970|1|1|1|107.82195244|27|1|1|1|2|2|1|2
3459971|1|1|1|71.35753596|27|1|1|1|2|2|1|1
3459972|1|1|1|85.377808313|27|2|1|1|2|2|1|1
3459973|1|1|1|170.53792934|27|2|1|1|2|2|1|1
3459974|1|1|1|144.61669763|27|2|1|1|2|2|1|1
3459975|1|1|1|110.16868377|27|2|1|1|2|2|1|1
3459976|1|1|1|119.00682367|27|2|1|1|2|2|1|1
3459977|1|1|1|118.6444471|27|2|1|1|2|1|1|1
3459978|1|1|1|101.26357245|27|1|1|1|2|2|1|2
3459979|1|1|1|48.110296781|27|1|1|1|2|2|1|1
3459980|1|1|1|52.405613818|27|1|1|1|2|2|1|1
3459981|1|1|1|42.095146132|27|2|1|1|2|2|1|2
3459982|1|1|1|48.59832105|27|1|1|1|2|2|1|2
3459983|1|1|1|93.445461229|27|1|1|1|2|2|1|1
3459984|1|1|1|58.756631343|27|1|1|1|2|2|1|2
3459985|1|1|1|257.02029981|27|1|1|1|2|2|1|1
3459986|1|1|1|178.59164878|27|1|1|1|2|2|1|2
3459987|1|1|1|108.20408588|27|1|1|1|2|2|1|2
3459988|1|1|1|85.377808313|27|1|1|1|2|2|1|1
3459989|1|1|1|85.377808313|27|1|1|1|2|2|1|2
3459990|1|1|1|75.015304248|27|1|1|1|2|2|1|1
3459991|1|1|1|108.5482726|27|1|1|1|2|2|1|2
3459992|1|1|1|194.48263884|41|1|1|2|1|1|1|1
3459993|1|1|1|267.14718805|41|2|1|2|1|1|1|1
3459994|1|1|1|267.14718805|41|1|1|2|1|1|1|1
3459995|1|1|1|271.79136737|41|1|1|2|1|1|1|1
3459996|1|1|1|350.39325556|41|1|1|2|1|1|1|1
3459997|1|1|1|350.39325556|41|2|1|2|1|1|1|1
3459998|1|1|1|321.49461382|41|2|1|2|1|1|1|1
3459999|1|1|1|643.07847385|41|1|1|2|1|1|1|1
3460000|1|1|1|203.60475212|41|1|1|2|1|1|1|1
3460001|1|1|1|187.92956607|41|1|1|2|1|1|1|1
3460002|1|1|1|403.94616876|41|1|1|2|1|1|1|1
3460003|1|1|1|207.62970754|41|1|1|2|1|1|1|1
3460004|1|1|1|169.70743467|41|1|1|2|1|1|1|1
3460005|1|1|1|251.22770444|41|1|1|2|1|1|1|1
3460006|1|1|1|325.75666335|41|1|1|2|1|1|1|1
3460007|1|1|1|139.57525765|41|1|1|2|1|1|1|1
3460008|1|1|1|241.85402651|41|2|1|2|1|1|1|1
3460009|1|1|1|275.75134396|41|2|1|2|1|1|1|1
3460010|1|1|1|207.74598636|41|1|1|2|1|1|1|1
3460011|1|1|1|152.0749665|41|1|1|2|1|1|1|1
3460012|1|1|1|231.63487515|41|1|1|2|1|1|1|1
3460013|1|1|1|254.72489181|41|1|1|2|1|1|1|1
3460014|1|1|1|159.65838795|41|1|1|2|1|1|1|1
3460015|1|1|1|437.78288959|41|1|1|2|1|1|1|1
3460016|1|1|1|294.77978281|41|1|1|2|1|1|1|1
3460017|1|1|1|199.99467576|41|1|1|2|1|1|1|1
3460018|1|1|1|308.46078444|41|1|1|2|1|1|1|1
3460019|1|1|1|254.72489181|41|1|1|2|1|1|1|1
3460020|1|1|1|336.16888926|41|1|1|2|1|1|1|1
3460021|1|1|1|224.59385481|41|2|1|2|1|1|1|1
3460022|1|1|1|224.59385481|41|2|1|2|1|1|1|1
3460023|1|1|1|276.44380439|41|2|1|2|1|1|1|1
3460024|1|1|1|113.68120532|41|2|1|2|1|1|1|1
3460025|1|1|1|113.68120532|41|2|1|2|1|1|1|1
3460026|1|1|1|250.61465992|41|2|1|2|1|1|1|1
3460027|1|1|1|323.9873996|41|1|1|0|2|1|1|1
3460028|1|1|1|141.60895662|41|1|1|0|2|1|1|1
3460029|1|1|1|245.7612991|41|1|1|0|2|1|1|1
3460030|1|1|1|404.7271091|41|1|1|0|2|1|1|1
3460031|1|1|1|174.02115566|41|1|1|0|2|2|2|2
3460032|1|1|1|119.29509201|41|1|1|0|2|1|1|1
3460033|1|1|1|367.68488486|41|1|1|0|2|1|1|1
3460034|1|1|1|357.42494652|41|1|1|0|2|1|1|1
3460035|1|1|1|94.548513981|44|1|1|2|1|1|1|1
3460036|1|1|1|86.897031416|44|1|1|2|1|1|1|1
3460037|1|1|1|62.255680774|44|2|1|2|1|1|1|1
3460038|1|1|1|164.39026204|44|1|1|2|1|1|1|1
3460039|1|1|1|58.964117535|44|2|1|2|1|1|1|1
3460040|1|1|1|70.667511762|44|1|1|2|1|1|1|1
3460041|1|1|1|52.684094435|44|2|1|2|1|1|2|2
3460042|1|1|1|52.163237437|44|2|1|2|1|1|1|1
3460043|1|1|1|86.955382372|44|1|1|2|1|1|1|1
3460044|1|1|1|97.919332563|44|1|1|2|1|1|1|1
3460045|1|1|1|109.70600651|44|2|1|2|1|1|1|1
3460046|1|1|1|54.186385292|44|2|1|2|1|1|1|1
3460047|1|1|1|134.78721937|44|1|1|2|2|1|1|1
3460048|1|1|1|52.163237437|44|1|1|3|1|1|1|1
3460049|1|1|1|127.44311989|44|1|1|3|1|1|1|1
3460050|1|1|1|109.4701108|44|1|1|3|1|1|1|1
3460051|1|1|1|94.548513981|44|1|1|3|1|1|1|1
3460052|1|1|1|120.79137811|44|1|1|3|1|1|1|1
3460053|1|1|1|179.22325958|44|2|1|3|1|1|1|1
3460054|1|1|1|125.08744951|44|2|1|3|1|1|1|1
3460055|1|1|1|69.92714731|44|1|1|2|1|1|1|2
3460056|1|1|1|53.982441533|44|1|1|2|1|1|1|1
3460057|1|1|1|89.645029021|44|2|1|2|1|1|1|1
3460058|1|1|1|199.99464246|44|1|1|2|1|1|1|1
3460059|1|1|1|139.76889537|44|2|1|2|1|1|1|1
3460060|1|1|1|52.163237437|44|1|1|2|1|1|1|1
3460061|1|1|1|92.320911119|44|1|1|1|1|1|1|1
3460062|1|1|1|50.424462856|44|2|1|1|1|1|1|2
3460063|1|1|1|90.501456962|44|2|1|2|1|1|1|1
3460064|1|1|1|158.91058664|44|2|1|1|2|1|1|1
3460065|1|1|1|155.17887434|44|2|1|1|2|1|1|2
3460066|1|1|1|149.45855777|44|2|1|1|1|1|1|1
3460067|1|1|1|136.17929671|44|1|1|1|1|1|1|1
3460068|1|1|1|381.85309684|47|1|1|1|1|1|1|1
3460069|1|1|1|313.43164788|47|1|1|1|1|1|1|1
3460070|1|1|1|297.72197183|47|2|1|1|1|1|1|1
3460071|1|1|1|288.10782813|47|1|1|1|1|1|1|1
3460072|1|1|1|248.81066914|47|1|1|1|1|1|1|1
3460073|1|1|1|488.50683605|47|1|1|1|1|1|1|1
3460074|1|1|1|683.14048383|47|1|1|1|1|1|1|1
3460075|1|1|1|340.53302328|47|2|1|1|1|1|1|1
3460076|1|1|1|326.47458251|47|1|1|1|1|1|1|1
3460077|1|1|1|400.25940282|47|1|1|1|1|1|1|1
3460078|1|1|1|459.55041522|47|1|1|1|1|1|1|1
3460079|1|1|1|510.49401898|47|2|1|1|1|1|1|1
3460080|1|1|1|416.90792081|47|2|1|1|2|1|1|2
3460081|1|1|1|344.72154326|47|1|1|1|1|1|1|1
3460082|1|1|1|375.06132402|47|1|1|1|1|1|1|1
3460083|1|1|1|505.09811293|47|1|1|1|2|1|1|2
3460084|1|1|1|360.68174293|47|1|1|1|1|1|1|1
3460085|1|1|1|428.91428988|47|2|1|1|1|1|1|1
3460086|1|1|1|420.9194893|47|1|1|3|1|1|1|1
3460087|1|1|1|395.58916536|47|1|1|3|1|1|1|1
3460088|1|1|1|523.64313699|47|1|1|3|1|1|1|1
3460089|1|1|1|343.26425839|47|2|1|3|1|1|1|1
3460090|1|1|1|378.43306621|47|2|1|3|1|1|1|1
3460091|1|1|1|441.11765642|47|1|1|3|1|1|1|1
3460092|1|1|1|511.73807463|47|2|1|3|1|1|1|1
3460094|1|1|1|211.33675963|47|1|1|1|1|1|1|1
3460095|1|1|1|222.43619084|47|2|1|1|1|1|1|1
3460096|1|1|1|354.98051285|47|2|1|1|1|1|1|1
3460097|1|1|1|234.56498484|47|2|1|1|1|1|1|1
3460098|1|1|1|252.05758208|47|2|1|1|1|2|2|2
3460099|1|1|1|278.55368027|47|2|1|1|1|1|1|1
3460100|1|1|1|229.85887531|47|2|1|1|1|1|1|1
3460101|1|1|1|270.20631815|47|2|1|1|1|1|1|1
3460102|1|1|1|225.45873149|47|1|1|1|1|1|1|1
3460103|1|1|1|243.91657052|47|2|1|1|1|1|1|1
3460104|1|1|1|262.78363368|47|2|1|1|1|1|1|1
3460105|1|1|1|421.90857163|50|1|1|2|1|1|1|1
3460106|1|1|1|529.76811116|50|1|1|2|1|1|1|1
3460107|1|1|1|660.26384505|50|2|1|2|1|1|1|1
3460108|1|1|1|599.29371899|50|2|1|2|1|1|1|1
3460109|1|1|1|510.32851521|50|2|1|2|1|1|1|1
3460110|1|1|1|538.2725097|50|2|1|2|1|1|1|1
3460111|1|1|1|529.76811116|50|2|1|2|1|1|1|1
3460112|1|1|1|599.29371899|50|2|1|2|1|1|1|1
3460113|1|1|1|599.29371899|50|2|1|2|1|1|1|1
3460114|1|1|1|364.51071406|50|2|1|2|1|1|1|1
3460115|1|1|1|459.75964896|50|2|1|2|1|1|1|1
3460116|1|1|1|466.8341091|50|1|1|3|1|1|1|1
3460117|1|1|1|601.57372549|50|1|1|3|1|1|1|1
3460118|1|1|1|544.41199679|50|2|1|3|1|1|1|1
3460119|1|1|1|414.53828331|50|1|1|3|1|1|1|1
3460120|1|1|1|622.07457174|50|2|1|3|1|1|1|1
3460121|1|1|1|618.92844192|50|1|1|3|1|1|1|1
3460122|1|1|1|485.82374222|50|1|1|3|1|1|1|1
3460123|1|1|1|457.21752852|50|1|1|3|1|1|1|1
3460124|1|1|1|469.73192718|50|2|1|3|1|1|1|1
3460125|1|1|1|411.39215349|50|1|1|3|1|1|1|1
3460126|1|1|1|496.66475986|50|1|1|6|1|1|1|1
3460127|1|1|1|560.20215999|50|1|1|6|1|1|1|1
3460128|1|1|1|451.07683094|50|1|1|6|1|1|1|1
3460129|1|1|1|579.45355378|50|1|1|6|1|1|1|1
3460130|1|1|1|560.28103423|50|1|1|6|1|1|1|1
3460131|1|1|1|658.59847437|50|1|1|3|1|1|1|1
3460132|1|1|1|539.73073741|50|1|1|3|1|1|1|1
3460133|1|1|1|523.91115053|50|2|1|3|1|1|1|1
3460134|1|1|1|657.03959752|50|1|1|3|1|1|1|1
3460135|1|1|1|546.02316619|50|1|1|3|1|1|1|1
3460136|1|1|1|753.59184933|50|1|1|3|1|1|1|1
3460137|1|1|1|461.98347518|50|2|1|3|1|1|1|1
3460138|1|1|1|655.48072068|50|1|1|3|1|1|1|1
3460139|1|1|1|339.65244544|50|1|1|3|1|1|1|1
3460140|1|1|1|335.63351899|50|1|1|3|1|1|1|1
3460141|1|1|1|339.65244544|50|1|1|3|1|1|1|1
3460142|1|1|1|420.42755992|50|1|1|3|1|1|1|1
3460143|1|1|1|339.65244544|50|1|1|3|1|1|1|1
3460144|1|1|1|339.59977409|50|2|1|3|1|1|1|1
3460145|1|1|1|597.61831177|50|2|1|2|1|1|1|1
3460146|1|1|1|592.29444527|50|2|1|2|1|1|1|1
3460147|1|1|1|602.60275564|50|2|1|2|1|1|1|1
3460148|1|1|1|412.91081603|50|1|1|2|1|1|1|1
3460149|1|1|1|198.24548295|50|1|1|2|1|1|1|1
3460155|1|1|1|255.57833472|52|2|1|3|1|1|1|1
3460156|1|1|1|276.34338396|52|1|1|3|1|1|1|1
3460157|1|1|1|276.34338396|52|2|1|3|1|1|1|1
3460158|1|1|1|327.35216955|52|2|1|3|2|1|1|1
3460159|1|1|1|269.54425906|52|2|1|3|2|1|1|1
3460160|1|1|1|307.86786489|52|2|1|3|1|1|1|1
3460161|1|1|1|293.62065399|52|2|1|3|2|1|1|1
3460162|1|1|1|298.02437111|52|2|1|3|2|1|1|1
3460163|1|1|1|300.13849232|52|2|1|3|2|1|1|1
3460165|1|1|1|232.93738687|52|2|1|2|1|1|1|1
3460167|1|1|1|372.67356256|52|2|1|2|1|1|1|1
3460168|1|1|1|276.34338396|52|2|1|2|1|1|1|1
3460171|1|1|1|276.34338396|52|2|1|2|1|1|1|1
3460175|1|1|1|177.45567383|52|4|1|2|2|1|1|1
3460187|1|1|1|282.86122229|52|2|1|3|2|1|1|1
3460189|1|1|1|314.38570322|52|2|1|3|2|1|1|1
3460190|1|1|1|276.34338396|52|1|1|2|1|1|1|1
3460191|1|1|1|293.62065399|52|4|1|2|1|1|1|1
3460192|1|1|1|226.41954854|52|2|1|2|2|1|1|1
3460193|1|1|1|375.63270872|52|1|1|2|1|1|1|1
3460195|1|1|1|293.62065399|52|4|1|2|1|1|1|1
3460196|1|1|1|422.63250332|52|2|1|2|2|1|1|1
3460197|1|1|1|143.55140783|52|1|1|2|1|1|1|1
3460198|1|1|1|276.19161234|52|2|1|2|2|1|1|1
3460199|1|1|1|143.55140783|52|1|1|2|1|1|1|1
3460200|1|1|1|265.58395226|52|1|1|2|2|1|1|1
3460201|1|1|1|262.34774659|52|2|1|2|1|1|1|1
3460202|1|1|1|288.34522817|52|1|1|2|2|1|1|1
3460203|1|1|1|372.67356256|52|2|1|2|2|1|1|1
3460204|1|1|1|666.93692891|54|1|1|2|1|1|1|1
3460205|1|1|1|457.43627141|54|1|1|2|1|1|1|1
3460206|1|1|1|298.60488836|54|2|1|2|1|1|1|1
3460207|1|1|1|870.30276933|54|1|1|2|1|1|1|1
3460208|1|1|1|538.34557315|54|1|1|2|2|1|1|1
3460209|1|1|1|413.56632381|54|1|1|2|1|1|1|1
3460210|1|1|1|298.60488836|54|2|1|2|1|1|1|1
3460211|1|1|1|401.64009565|54|2|1|2|2|1|1|1
3460212|1|1|1|1194.4195534|54|2|1|2|1|1|1|1
3460213|1|1|1|747.84623064|54|1|1|1|1|1|1|1
3460214|1|1|1|670.00495672|54|1|1|1|1|1|1|1
3460215|1|1|1|561.42210929|54|2|1|2|1|1|1|1
3460216|1|1|1|580.89671623|54|1|1|2|1|1|1|1
3460217|1|1|1|610.40745966|54|1|1|2|1|1|1|1
3460218|1|1|1|1075.9465458|54|2|1|2|1|1|1|1
3460219|1|1|1|763.81927923|54|1|1|2|1|1|1|1
3460220|1|1|1|287.94042806|54|2|1|2|1|1|1|1
3460221|1|1|1|422.52128918|54|1|1|2|2|1|1|1
3460222|1|1|1|1151.7617122|54|2|1|2|2|1|1|1
3460223|1|1|1|519.11894553|54|2|1|2|2|1|1|1
3460224|1|1|1|1748.971489|54|1|1|1|1|1|1|1
3460225|1|1|1|491.59739447|54|2|1|1|1|1|1|1
3460226|1|1|1|637.60961695|54|1|1|1|1|1|1|1
3460227|1|1|1|601.59144863|54|1|1|1|2|1|1|1
3460228|1|1|1|437.24287224|54|1|1|1|1|1|1|1
3460229|1|1|1|437.24287224|54|1|1|1|2|1|1|1
3460230|1|1|1|623.54732345|54|1|1|1|1|1|1|1
3460231|1|1|1|1010.6512379|54|1|1|1|1|1|1|1
3460232|1|1|1|788.29173211|54|1|1|1|1|1|1|1
3460233|1|1|1|419.91312425|54|1|1|3|1|1|1|1
3460234|1|1|1|419.91312425|54|1|1|3|1|1|1|1
3460235|1|1|1|598.83355758|54|1|1|3|1|1|1|1
3460236|1|1|1|1051.6587618|54|2|1|3|1|1|1|1
3460237|1|1|1|1127.4101452|54|1|1|3|1|1|1|1
3460238|1|1|1|924.93855566|54|1|1|3|1|1|1|1
3460239|1|1|1|1044.0780359|54|2|1|3|1|1|1|1
3460240|1|1|1|419.91312425|54|1|1|3|1|1|1|1
3460241|1|1|1|479.90071343|54|1|1|3|1|1|1|1
3460242|1|1|1|631.46370845|54|2|1|3|1|1|1|1
3460243|1|1|1|1919.6028537|54|2|1|3|1|1|1|1
3460244|1|1|1|1296.4989121|54|2|1|3|1|1|1|1
3460245|1|1|1|1237.0509978|54|2|1|3|1|1|1|1
3460246|1|1|1|534.6273569|54|1|1|3|1|1|1|1
3460247|1|1|1|362.59165015|54|1|1|2|1|1|1|1
3460248|1|1|1|908.09899435|54|1|1|2|1|1|1|1
3460249|1|1|1|1340.5720693|54|1|1|2|1|1|1|1
3460250|1|1|1|731.49956858|54|2|1|2|1|1|1|1
3460251|1|1|1|635.35089641|54|1|1|2|1|1|1|1
3460252|1|1|1|362.59165015|54|1|1|2|1|1|1|1
3460253|1|1|1|403.94066966|54|2|1|2|2|1|1|1
3460254|1|1|1|362.59165015|54|2|1|2|1|1|1|1
3460255|1|1|1|950.19476194|54|1|1|2|1|1|1|1
3460256|1|1|1|1386.2936844|54|2|1|2|1|1|1|1
3460257|1|1|1|229.27248894|63|1|1|2|1|1|1|1
3460258|1|1|1|268.13274412|63|2|1|2|1|1|1|1
3460259|1|1|1|367.90744048|63|1|1|2|1|1|1|1
3460260|1|1|1|269.61379013|63|1|1|2|1|1|1|1
3460261|1|1|1|229.81762843|63|1|1|2|1|1|1|1
3460262|1|1|1|228.85521789|63|2|1|2|1|1|1|1
3460263|1|1|1|140.10716089|63|2|1|3|1|1|1|1
3460264|1|1|1|137.03657506|63|1|1|1|1|1|1|1
3460265|1|1|1|151.99720295|63|1|1|3|1|1|1|1
3460266|1|1|1|262.8253482|63|2|1|1|1|1|1|1
3460267|1|1|1|278.21754485|63|2|1|1|1|1|1|1
3460268|1|1|1|165.47128391|63|1|1|3|1|1|1|1
3460269|1|1|1|194.81042973|63|2|1|5|1|1|1|1
3460270|1|1|1|252.81304227|63|2|1|5|2|2|1|1
3460271|1|1|1|221.23506369|63|2|1|5|1|1|1|1
3460272|1|1|1|204.66130695|63|2|1|4|1|1|1|1
3460273|1|1|1|270.23052796|63|2|1|4|1|1|1|1
3460274|1|1|1|202.49080762|63|2|1|4|1|1|1|1
3460275|1|1|1|202.49080762|63|2|1|4|1|1|1|1
3460276|1|1|1|355.79098829|63|2|1|5|1|1|1|1
3460277|1|1|1|287.42522419|63|2|1|5|1|1|1|1
3460278|1|1|1|287.42522419|63|2|1|5|1|1|1|1
3460279|1|1|1|334.02025176|63|2|1|5|1|1|1|1
3460280|1|1|1|315.74237299|63|2|1|5|1|1|1|1
3460281|1|1|1|166.06819857|63|2|1|4|1|1|1|1
3460282|1|1|1|228.08934172|63|2|1|4|1|1|1|1
3460283|1|1|1|183.20278069|63|2|1|4|1|1|1|1
3460284|1|1|1|229.70107155|63|2|1|4|1|1|1|1
3460285|1|1|1|240.67700797|63|1|1|3|1|1|1|1
3460286|1|1|1|287.42522419|63|1|1|3|1|1|1|1
3460287|1|1|1|264.29905201|63|1|1|3|1|1|1|1
3460288|1|1|1|245.52530139|63|1|1|3|1|1|1|1
3460289|1|1|1|240.67700797|63|1|1|3|1|1|1|1
3460290|1|1|1|282.54531295|63|2|1|3|1|1|1|1
3460291|1|1|1|194.10835349|66|1|1|1|1|1|1|1
3460292|1|1|1|522.33072124|66|1|1|1|1|1|1|1
3460293|1|1|1|369.72733256|66|2|1|1|1|1|1|1
3460294|1|1|1|476.52556608|66|2|1|1|1|1|1|1
3460296|1|1|1|368.3906169|66|1|1|1|1|1|1|1
3460297|1|1|1|361.23061316|66|2|1|1|1|1|1|1
3460298|1|1|1|328.52334397|66|2|1|1|1|1|1|1
3460299|1|1|1|368.3906169|66|1|1|1|1|1|1|1
3460300|1|1|1|358.5206154|66|1|1|1|1|1|1|1
3460301|1|1|1|326.48101456|66|1|1|1|1|1|1|1
3460302|1|1|1|493.79258387|66|1|1|1|1|1|1|1
3460303|1|1|1|475.51853735|66|1|1|1|1|1|1|1
3460304|1|1|1|407.03576832|66|2|1|1|1|1|1|1
3460305|1|1|1|261.89379835|66|1|1|1|1|1|1|1
3460306|1|1|1|365.12616598|66|2|1|1|1|1|1|1
3460307|1|1|1|496.92400588|66|1|1|3|1|1|1|1
3460308|1|1|1|516.04373309|66|2|1|6|1|1|1|1
3460309|1|1|1|487.72074726|66|2|1|6|1|1|1|1
3460310|1|1|1|526.27230985|66|2|1|6|1|1|1|1
3460311|1|1|1|939.43241387|66|2|1|6|1|1|1|1
3460312|1|1|1|374.13399765|66|2|1|6|1|1|1|1
3460313|1|1|1|266.89423491|66|1|1|3|1|1|1|1
3460314|1|1|1|379.33835898|66|1|1|3|1|1|1|1
3460315|1|1|1|409.32290766|66|2|1|3|1|1|1|1
3460316|1|1|1|1370.0056036|66|2|1|2|1|1|1|1
3460317|1|1|1|767.48045186|66|2|1|2|1|1|1|1
3460318|1|1|1|726.17609754|66|2|1|2|1|1|1|1
3460319|1|1|1|966.37391612|66|2|1|2|1|1|1|1
3460320|1|1|1|711.25942309|66|2|1|2|1|1|1|1
3460321|1|1|1|466.90393165|66|2|1|2|1|1|1|1
3460322|1|1|1|373.70336428|66|2|1|2|1|1|1|1
3460323|1|1|1|460.89610616|66|2|1|2|1|1|1|1
3460324|1|1|1|684.99973717|66|1|1|2|1|1|1|1
3460325|1|1|1|397.69965791|66|1|1|2|1|1|1|1
3460326|1|1|1|492.30966447|66|2|1|2|1|1|1|1
3460327|1|1|1|840.25600247|66|1|1|2|1|1|1|1
3460328|1|1|1|887.76363111|66|2|1|2|1|1|1|1
3460329|1|1|1|733.80513531|66|1|1|2|1|1|1|1
3460330|1|1|1|744.0359472|66|2|1|4|1|1|1|1
3460331|1|1|1|758.25809388|66|2|1|4|1|1|1|1
3460332|1|1|1|1101.9254218|66|2|1|4|1|1|1|1
3460333|1|1|1|949.03853938|66|2|1|2|1|1|1|1
3460334|1|1|1|523.32451552|66|2|1|2|1|1|1|1
3460335|1|1|1|632.15357303|66|2|1|2|1|1|1|1
3460336|1|1|1|618.56743965|66|2|1|2|1|1|1|1
3460337|1|1|1|519.48379397|66|1|1|2|1|1|1|1
3460338|1|1|1|510.50345029|66|2|1|2|1|1|1|1
3460339|1|1|1|276.51050569|66|2|1|2|1|1|1|1
3460340|1|1|1|680.29321971|66|2|1|2|1|1|1|1
3460341|1|1|1|486.33629427|66|2|1|2|1|1|1|1
3460342|1|1|1|560.21981431|66|2|1|2|1|1|1|1
3460343|1|1|1|276.51050569|66|2|1|2|1|1|1|1
3460344|1|1|1|513.14435316|66|2|1|2|1|1|1|1
3460345|1|1|1|541.38694084|66|1|1|2|1|1|1|1
3460346|1|1|1|514.57888196|66|2|1|2|1|1|1|1
3460347|1|1|1|1950.7642486|68|2|1|1|1|1|1|1
3460348|1|1|1|719.53347952|68|2|1|1|1|1|1|1
3460349|1|1|1|487.69106215|68|2|1|1|1|1|1|1
3460350|1|1|1|487.69106215|68|2|1|1|1|1|1|1
3460351|1|1|1|1950.7642486|68|2|1|1|1|1|1|1
3460352|1|1|1|487.69106215|68|1|1|2|1|1|1|1
3460353|1|1|1|521.70795016|68|2|1|1|1|1|1|1
3460354|1|1|1|531.91411972|68|2|1|1|1|1|1|1
3460355|1|1|1|974.85734412|68|1|1|1|1|1|1|1
3460356|1|1|1|487.69106215|68|2|1|1|1|1|1|1
3460357|1|1|1|487.69106215|68|2|1|3|1|1|1|1
3460358|1|1|1|1950.7642486|68|2|1|3|1|1|1|1
3460359|1|1|1|487.69106215|68|2|1|3|1|1|1|1
3460360|1|1|1|521.70795016|68|2|1|3|1|1|1|1
3460361|1|1|1|1856.1001734|68|2|1|3|1|1|1|1
3460362|1|1|1|487.69106215|68|2|1|3|1|1|1|1
3460363|1|1|1|521.70795016|68|2|1|3|1|1|1|1
3460364|1|1|1|896.27150528|68|2|1|3|1|1|1|1
3460365|1|1|1|662.46840279|68|2|1|3|1|1|1|1
3460366|1|1|1|507.80117029|68|1|1|3|1|1|1|1
3460367|1|1|1|487.69106215|68|1|1|3|1|1|1|1
3460368|1|1|1|1950.7642486|68|2|1|3|1|1|1|1
3460369|1|1|1|427.79917732|68|1|1|5|1|1|1|1
3460370|1|1|1|427.79917732|68|1|1|5|1|1|1|1
3460371|1|1|1|1009.7594342|68|1|1|5|1|1|1|1
3460372|1|1|1|457.63855277|68|1|1|5|1|1|1|1
3460373|1|1|1|608.65019213|68|1|1|5|1|1|1|1
3460374|1|1|1|844.97339456|68|1|1|5|1|1|1|1
3460375|1|1|1|427.79917732|68|1|1|5|1|1|1|1
3460376|1|1|1|556.03086305|68|2|1|3|1|1|1|1
3460377|1|1|1|1857.718811|68|2|1|2|1|1|1|1
3460378|1|1|1|739.51001194|68|1|1|3|1|1|1|1
3460379|1|1|1|739.51001194|68|2|1|2|1|1|1|1
3460380|1|1|1|519.77602048|68|1|1|3|1|1|1|1
3460381|1|1|1|1986.1175427|68|2|1|3|1|1|1|1
3460382|1|1|1|1583.8925793|68|2|1|2|1|1|1|1
3460383|1|1|1|801.66225328|68|2|1|3|1|1|1|1
3460384|1|1|1|378.01892399|68|2|1|3|1|1|1|1
3460385|1|1|1|1194.7633212|68|2|1|3|1|1|1|1
3460386|1|1|1|955.18419831|68|2|1|3|1|1|1|1
3460387|1|1|1|1512.075696|68|2|1|3|1|1|1|1
3460388|1|1|1|1512.075696|68|2|1|3|1|1|1|1
3460390|1|1|1|378.01892399|68|2|1|3|1|1|1|1
3460391|1|1|1|689.77310089|68|2|1|3|1|1|1|1
3460392|1|1|1|1308.2267809|68|2|1|3|1|1|1|1
3460393|1|1|1|2000.269641|68|1|1|2|1|1|1|1
3460394|1|1|1|944.85570287|68|2|1|2|1|1|1|1
3460395|1|1|1|2280.3944418|68|1|1|2|1|1|1|1
3460396|1|1|1|2590.860793|68|2|1|2|1|1|1|1
3460397|1|1|1|3680.4961089|68|1|1|2|1|1|1|1
3460398|1|1|1|1117.8421318|68|1|1|2|1|1|1|1
3460399|1|1|1|114.0946927|70|1|1|1|1|1|1|1
3460400|1|1|1|114.3342962|70|1|1|1|1|1|1|1
3460401|1|1|1|105.2531993|70|1|1|1|1|1|1|1
3460402|1|1|1|156.60504574|70|1|1|1|1|1|1|1
3460403|1|1|1|164.39027|70|1|1|1|1|1|1|1
3460404|1|1|1|143.01189521|70|1|1|1|1|1|1|1
3460405|1|1|1|151.68370017|70|1|1|1|1|1|1|1
3460406|1|1|1|111.78842204|70|1|1|1|1|1|1|1
3460407|1|1|1|180.702189|70|1|1|1|1|1|1|1
3460408|1|1|1|135.89474497|70|1|1|1|1|1|1|1
3460409|1|1|1|108.76377338|70|1|1|1|1|1|1|1
3460410|1|1|1|119.9400722|70|1|1|1|1|1|1|1
3460411|1|1|1|150.3554992|70|1|1|1|1|1|1|1
3460412|1|1|1|132.61103011|70|1|1|1|1|1|1|1
3460413|1|1|1|98.29552532|70|2|1|1|1|1|1|1
3460414|1|1|1|133.15078679|70|1|1|1|1|1|1|1
3460415|1|1|1|125.99994994|70|2|1|1|1|1|1|1
3460416|1|1|1|122.90768924|70|2|1|1|1|1|1|1
3460417|1|1|1|100.46553135|70|2|1|1|1|1|1|1
3460418|1|1|1|150.3554992|70|2|1|1|1|1|1|1
3460419|1|1|1|126.80709536|70|2|1|1|1|1|1|1
3460420|1|1|1|109.60331704|70|2|1|1|1|1|1|1
3460421|1|1|1|159.59937922|70|2|1|1|1|1|1|1
3460422|1|1|1|121.50791628|70|2|1|1|1|1|1|1
3460423|1|1|1|139.77743964|70|2|1|1|1|1|1|1
3460424|1|1|1|112.83862714|70|2|1|1|1|1|1|1
3460425|1|1|1|152.32093057|70|2|1|1|1|1|1|1
3460426|1|1|1|89.362004064|70|1|1|1|1|1|1|1
3460427|1|1|1|77.527741339|70|2|1|1|1|1|1|1
3460428|1|1|1|179.01854453|70|1|1|1|1|1|1|1
3460429|1|1|1|154.32527592|70|2|1|1|1|1|1|1
3460430|1|1|1|169.41787158|70|1|1|1|1|1|1|1
3460431|1|1|1|159.81561866|70|1|1|1|1|1|1|1
3460432|1|1|1|213.15331885|70|2|1|1|1|1|1|1
3460433|1|1|1|157.04992469|70|2|1|1|1|1|1|1
3460434|1|1|1|190.45413521|70|1|1|1|1|1|1|1
3460435|1|1|1|191.62955781|70|1|1|1|1|1|1|1
3460436|1|1|1|154.32527592|70|1|1|1|1|1|1|1
3460437|1|1|1|106.07568483|70|2|1|1|1|1|1|1
3460438|1|1|1|191.62955781|70|1|1|1|1|1|1|1
3460439|1|1|1|171.34017304|70|2|1|1|1|1|1|1
3460440|1|1|1|182.66502779|70|1|1|1|1|1|1|1
3460441|1|1|1|171.34017304|70|1|1|1|1|1|1|1
3460442|1|1|1|148.44449561|70|1|1|1|1|1|1|1
3460443|1|1|1|167.9035119|70|1|1|1|1|1|1|1
3460444|1|1|1|170.73440702|70|1|1|1|1|1|1|1
3460445|1|1|1|201.16929799|70|1|1|1|1|1|1|1
3460446|1|1|1|191.76513576|70|1|1|1|1|1|1|1
3460447|1|1|1|165.67672621|70|1|1|1|1|1|1|1
3460448|1|1|1|135.60451853|70|1|1|1|1|1|1|1
3460449|1|1|1|215.2179219|70|1|1|1|1|1|1|1
3460450|1|1|1|214.25794502|70|1|1|1|1|1|1|1
3460451|1|1|1|210.51924871|70|1|1|1|1|1|1|1
3460452|1|1|1|309.18177787|73|1|1|1|1|1|1|1
3460453|1|1|1|359.89073883|73|1|1|1|2|1|1|1
3460454|1|1|1|417.6898098|73|1|1|2|2|1|1|1
3460455|1|1|1|381.4643816|73|1|1|1|1|1|1|1
3460456|1|1|1|385.76855139|73|1|1|2|2|1|1|1
3460457|1|1|1|428.88319107|73|1|1|1|1|1|1|1
3460458|1|1|1|304.70264946|73|1|1|2|1|1|1|1
3460459|1|1|1|408.93112776|73|2|1|1|1|1|1|1
3460460|1|1|1|324.47835134|73|1|1|3|1|1|1|1
3460461|1|1|1|266.69443539|73|1|1|3|1|1|1|1
3460462|1|1|1|296.64683557|73|1|1|3|1|1|1|1
3460463|1|1|1|222.44373583|73|1|1|3|1|1|1|1
3460464|1|1|1|327.09491372|73|1|1|3|1|1|1|1
3460465|1|1|1|219.97540103|73|1|1|3|1|1|1|1
3460466|1|1|1|336.8895043|73|1|1|3|1|1|1|1
3460467|1|1|1|215.28675483|73|1|1|3|1|1|1|1
3460468|1|1|1|329.73252329|73|1|1|3|1|1|1|1
3460469|1|1|1|309.71750621|73|1|1|3|1|1|1|1
3460470|1|1|1|361.45629393|73|1|1|2|1|1|1|1
3460471|1|1|1|373.32943596|73|2|1|2|1|1|1|1
3460472|1|1|1|283.69445192|73|2|1|2|1|1|1|1
3460473|1|1|1|277.19775804|73|1|1|2|1|1|1|1
3460474|1|1|1|371.1049786|73|1|1|3|1|1|1|1
3460475|1|1|1|295.59026016|73|1|1|3|1|1|1|1
3460476|1|1|1|350.55083187|73|2|1|2|1|1|1|1
3460477|1|1|1|335.86876627|73|2|1|2|1|1|1|1
3460478|1|1|1|292.74975755|73|2|1|2|1|1|1|1
3460479|1|1|1|335.86876627|73|2|1|2|1|1|1|1
3460480|1|1|1|169.8050255|73|2|1|3|1|1|1|1
3460481|1|1|1|383.96497509|73|2|1|4|1|1|1|1
3460482|1|1|1|452.39466477|73|2|1|3|2|1|1|1
3460483|1|1|1|398.14198307|73|2|1|4|1|1|1|1
3460485|1|1|1|272.2409492|73|2|1|4|1|1|1|1
3460486|1|1|1|265.9847931|73|2|1|4|1|1|1|1
3460487|1|1|1|345.22048966|73|2|1|4|1|1|1|1
3460488|1|1|1|270.83025021|73|2|1|4|1|1|1|1
3460490|1|1|1|228.93828804|73|1|1|1|2|1|1|1
3460491|1|1|1|361.57022895|73|1|1|1|1|1|1|1
3460492|1|1|1|407.39265527|73|1|1|1|1|1|1|1
3460493|1|1|1|304.47596208|73|1|1|2|1|1|1|1
3460494|1|1|1|186.83429616|73|1|1|2|1|1|1|1
3460495|1|1|1|283.03750906|73|1|1|2|1|1|1|1
3460496|1|1|1|245.6013896|73|1|1|2|1|1|1|1
3460497|1|1|1|252.2078336|73|1|1|2|1|1|1|1
3460498|1|1|1|240.56345623|73|2|1|2|1|1|1|1
3460499|1|1|1|267.42876088|73|1|1|2|1|1|1|1
3460500|1|1|1|285.47222559|73|1|1|2|1|1|1|1
3460501|1|1|1|306.44560428|73|1|1|2|1|1|1|1
3460502|1|1|1|243.16667307|73|1|1|2|1|1|1|1
3460503|1|1|1|285.2842971|73|2|1|2|1|1|1|1
3460504|1|1|1|252.2078336|73|2|1|2|1|1|1|1
3460505|1|1|1|299.51847816|73|2|1|2|1|1|1|1
3460506|1|1|1|274.13894757|73|2|1|2|1|1|1|1
3460507|1|1|1|236.23547512|73|2|1|2|1|1|1|1
3460508|1|1|1|254.62312196|73|2|1|2|1|1|1|1
3460509|1|1|1|1650.879373|76|2|1|3|1|1|1|1
3460510|1|1|1|2992.2762324|76|2|1|3|1|1|1|1
3460511|1|1|1|2254.4934326|76|1|1|3|1|1|1|1
3460512|1|1|1|2484.3878156|76|1|1|3|1|1|1|1
3460513|1|1|1|2318.4806286|76|1|1|3|1|1|1|1
3460514|1|1|1|2131.9296956|76|1|1|3|1|1|1|1
3460515|1|1|1|2463.816793|76|2|1|2|1|1|1|1
3460516|1|1|1|1989.1013031|76|1|1|2|1|1|1|1
3460517|1|1|1|1623.1320188|76|2|1|2|1|1|1|1
3460518|1|1|1|1813.642128|76|2|1|2|1|1|1|1
3460519|1|1|1|1736.5412767|76|2|1|2|1|1|1|1
3460520|1|1|1|1927.0513859|76|2|1|2|1|1|1|1
3460521|1|1|1|1623.1320188|76|1|1|2|1|1|1|1
3460522|1|1|1|2891.8359943|76|1|1|2|1|1|1|1
3460523|1|1|1|2829.7860772|76|1|1|2|1|1|1|1
3460524|1|1|1|2463.816793|76|1|1|2|1|1|1|1
3460525|1|1|1|1740.4664508|76|2|1|4|1|1|1|1
3460526|1|1|1|2074.6117133|76|2|1|5|1|1|1|1
3460527|1|1|1|1730.5591179|76|2|1|5|1|1|1|1
3460528|1|1|1|1510.8266911|76|2|1|4|1|1|1|1
3460529|1|1|1|2681.70462|76|2|1|4|1|1|1|1
3460530|1|1|1|1702.1253023|76|2|1|4|1|1|1|1
3460531|1|1|1|1994.5029186|76|2|1|4|1|1|1|1
3460532|1|1|1|2057.0368023|76|1|1|4|1|1|1|1
3460533|1|1|1|2497.2459128|76|1|1|4|1|1|1|1
3460534|1|1|1|2057.0368023|76|2|1|4|1|1|1|1
3460535|1|1|1|2057.0368023|76|2|1|4|1|1|1|1
3460536|1|1|1|1445.9236395|76|2|1|4|1|1|1|1
3460537|1|1|1|1861.3822239|76|2|1|4|1|1|1|1
3460538|1|1|1|2057.0368023|76|2|1|4|1|1|1|1
3460539|1|1|1|2012.6037583|76|2|1|1|1|1|1|1
3460540|1|1|1|4998.2966582|76|2|1|1|1|1|1|1
3460541|1|1|1|4919.1380931|76|2|1|2|1|1|1|1
3460542|1|1|1|30.981166614|88|2|1|3|2|1|1|1
3460543|1|1|1|28.435757993|88|1|1|1|2|2|1|2
3460544|1|1|1|37.45261226|88|2|1|1|2|2|1|2
3460545|1|1|1|25.932375582|88|2|1|2|2|2|1|2
3460546|1|1|1|39.274655438|88|2|1|1|2|2|1|2
3460547|1|1|1|38.817145432|88|2|1|1|2|2|1|2
3460548|1|1|1|29.817402821|88|2|1|2|2|2|1|2
3460549|1|1|1|46.171775379|88|1|1|2|2|1|1|2
3460550|1|1|1|78.530549146|88|1|1|1|2|2|1|1
3460551|1|1|1|37.249501733|88|1|1|2|2|2|1|2
3460552|1|1|1|69.608275501|88|1|1|2|2|1|1|1
3460553|1|1|1|34.182439698|88|1|1|2|2|2|1|2
3460554|1|1|1|43.166511311|88|1|1|2|2|2|1|2
3460555|1|1|1|43.166511311|88|1|1|2|2|2|1|2
3460556|1|1|1|40.05322767|88|1|1|2|2|2|1|1
3460557|1|1|1|59.057305861|88|1|1|1|2|2|1|2
3460558|1|1|1|34.30341126|88|1|1|1|2|2|1|2
3460559|1|1|1|40.759100145|88|1|1|2|2|2|1|2
3460560|1|1|1|46.41560356|88|1|1|2|2|2|1|2
3460561|1|1|1|55.518176154|88|1|1|2|2|2|1|2
3460562|1|1|1|52.142434162|88|1|1|2|2|2|1|2
3460563|1|1|1|94.15602483|88|1|1|1|2|2|1|2
3460564|1|1|1|50.051165343|88|1|1|1|2|2|1|2
3460565|1|1|1|16.788480065|88|1|1|2|2|1|1|2
3460566|1|1|1|65.734854372|88|1|1|1|2|2|1|2
3460567|1|1|1|19.506982101|88|1|1|2|2|1|2|2
3460568|1|1|1|35.722056568|88|1|1|2|2|2|1|2
3460569|1|1|1|32.774644098|88|1|1|2|2|2|1|2
3460570|1|1|1|19.044522586|88|1|1|2|2|2|1|2
3460571|1|1|1|58.95264243|88|1|1|2|2|2|1|2
3460572|1|1|1|23.948863047|88|1|1|2|2|1|1|2
3460573|1|1|1|25.244584689|88|1|1|2|2|2|1|2
3460574|1|1|1|20.802703744|88|1|1|3|2|1|1|2
3460575|1|1|1|26.070955802|88|1|1|3|2|1|1|2
3460576|1|1|1|24.084990393|88|1|1|2|2|2|1|2
3460577|1|1|1|13.178436603|88|1|1|3|2|1|1|1
3460578|1|1|1|21.182446951|88|1|1|3|2|1|1|2
3460579|1|1|1|20.448833124|88|1|1|3|2|1|1|1
3460580|1|1|1|19.638272496|88|1|1|3|2|1|1|1
3460581|1|1|1|38.295164249|88|1|1|3|2|1|1|1
3460582|1|1|1|29.404249203|88|1|1|3|2|1|1|1
3460583|1|1|1|32.042582136|88|1|1|3|2|1|1|1
3460584|1|1|1|23.837580948|88|1|1|3|2|1|1|1
3460585|1|1|1|28.65856995|88|1|1|3|2|1|1|1
3460586|1|1|1|32.077353032|88|2|1|3|2|1|1|1
3460587|1|1|1|36.711977055|88|1|1|3|2|1|1|1
3460588|1|1|1|2408.2994574|05|2|1|5|1|1|1|1
3460589|1|1|1|4101.162425|05|2|1|5|1|1|1|1
3460590|1|1|1|1513.9297648|05|2|1|5|1|1|1|1
3460591|1|1|1|2408.2994574|05|2|1|5|1|1|1|1
3460592|1|1|1|1711.2587714|05|2|1|5|1|1|1|1
3460593|1|1|1|1250.8594498|05|2|1|5|1|1|1|1
3460594|1|1|1|2659.9503195|05|2|1|5|1|1|1|1
3460595|1|1|1|2281.8415964|05|2|1|3|1|1|1|1
3460596|1|1|1|1615.1962194|05|2|1|3|1|1|1|1
3460597|1|1|1|2597.4463494|05|2|1|3|1|1|1|1
3460598|1|1|1|1786.4858929|05|2|1|3|1|1|1|1
3460599|1|1|1|3355.9372915|05|2|1|3|1|1|1|1
3460600|1|1|1|3081.9437059|05|2|1|3|1|1|1|1
3460601|1|1|1|5123.9785581|05|2|1|3|1|1|1|1
3460602|1|1|1|2902.1927554|05|2|1|3|1|1|1|1
3460603|1|1|1|1372.6112723|05|2|1|2|1|1|1|1
3460604|1|1|1|1768.8977217|05|2|1|2|1|1|1|1
3460605|1|1|1|2604.6771545|05|2|1|2|1|1|1|1
3460606|1|1|1|2304.3369451|05|2|1|3|1|1|1|1
3460607|1|1|1|3529.0865898|05|2|1|2|1|1|1|1
3460608|1|1|1|5923.9012805|05|2|1|3|1|1|1|1
3460609|1|1|1|1715.390115|05|2|1|3|1|1|1|1
3460610|1|1|1|2952.863422|05|2|1|2|1|1|1|1
3460611|1|1|1|2000.4209022|05|2|1|3|1|1|1|1
3460612|1|1|1|5632.5802545|05|2|1|2|1|1|1|1
3460613|1|1|1|5923.9012805|05|2|1|2|1|1|1|1
3460614|1|1|1|2806.2958054|05|2|1|2|1|1|1|1
3460615|1|1|1|7014.7562017|05|2|1|2|1|1|1|1
3460616|1|1|1|4755.4554165|05|2|1|2|1|1|1|1
3460617|1|1|1|4157.21948|05|2|1|2|1|1|1|1
3460618|1|1|1|4755.4554165|05|2|1|2|1|1|1|1
3460619|1|1|1|7546.3969008|05|2|1|2|1|1|1|1
3460620|1|1|1|4847.5306518|05|2|1|2|1|1|1|1
3460621|1|1|1|797.60178142|08|1|1|3|1|1|1|1
3460622|1|1|1|636.71184325|08|1|1|3|1|1|1|1
3460623|1|1|1|518.75761012|08|2|1|3|1|1|1|1
3460624|1|1|1|965.21931275|08|1|1|3|1|1|1|1
3460625|1|1|1|1377.7991247|08|1|1|1|2|1|1|1
3460626|1|1|1|1221.9130492|08|1|1|1|2|1|1|1
3460627|1|1|1|1625.8667797|08|1|1|1|2|1|1|1
3460628|1|1|1|851.47349173|08|1|1|1|1|1|1|1
3460629|1|1|1|1388.7146504|08|1|1|1|1|1|1|1
3460630|1|1|1|1547.9268662|08|1|1|1|1|1|1|1
3460631|1|1|1|1066.8423938|08|2|1|1|1|1|1|1
3460632|1|1|1|851.47349173|08|1|1|1|1|1|1|1
3460633|1|1|1|1605.141924|08|2|1|2|1|1|1|1
3460634|1|1|1|1783.9964986|08|1|1|2|1|1|1|1
3460635|1|1|1|1389.117783|08|2|1|2|1|1|1|1
3460636|1|1|1|605.55064329|08|2|1|2|1|1|1|1
3460637|1|1|1|1275.2746593|08|2|1|2|1|1|1|1
3460639|1|1|1|5537.8392389|11|1|1|2|1|1|1|1
3460640|1|1|1|5774.8219213|11|2|1|2|1|1|1|1
3460641|1|1|1|5800.3760115|11|2|1|4|1|1|1|1
3460642|1|1|1|6135.9138409|11|2|1|4|1|1|1|1
3460643|1|1|1|565.94741447|13|2|1|3|1|1|1|1
3460644|1|1|1|272.48243043|13|2|1|3|1|1|1|1
3460645|1|1|1|566.66812651|13|2|1|3|1|1|1|1
3460646|1|1|1|395.22139462|13|2|1|3|1|1|1|1
3460647|1|1|1|531.60854755|13|2|1|3|1|1|1|1
3460648|1|1|1|381.86508132|13|2|1|3|1|1|1|1
3460649|1|1|1|743.35808554|13|2|1|3|1|1|1|1
3460650|1|1|1|439.13101106|13|2|1|3|1|1|1|1
3460651|1|1|1|395.22139462|13|1|1|3|1|1|1|1
3460652|1|1|1|1315.4324228|13|2|1|1|1|1|1|1
3460654|1|1|1|658.58603625|13|2|1|1|1|1|1|1
3460655|1|1|1|451.31590319|13|2|1|1|1|1|1|1
3460656|1|1|1|1098.3771274|13|2|1|1|1|1|1|1
3460657|1|1|1|683.03998298|13|2|1|1|1|1|1|1
3460658|1|1|1|437.26673967|13|2|1|1|1|1|1|1
3460659|1|1|1|395.74687206|13|2|1|1|1|1|1|1
3460660|1|1|1|868.26695311|13|2|1|1|1|1|1|1
3460661|1|1|1|508.29420362|13|2|1|1|1|1|1|1
3460662|1|1|1|252.48046945|15|2|1|2|1|1|1|1
3460663|1|1|1|105.11047103|15|2|1|3|1|1|1|1
3460664|1|1|1|177.19447847|15|1|1|3|1|1|1|1
3460665|1|1|1|272.04263903|15|2|1|3|1|1|1|1
3460666|1|1|1|81.085220509|15|2|1|3|1|1|1|1
3460667|1|1|1|268.88387121|15|1|1|3|1|1|1|1
3460668|1|1|1|181.94589313|15|2|1|3|1|1|1|1
3460669|1|1|1|193.53102619|15|1|1|3|1|1|1|1
3460670|1|1|1|292.06044903|15|2|1|3|1|1|1|1
3460671|1|1|1|171.09367627|15|2|1|3|1|1|1|1
3460672|1|1|1|146.16000595|15|2|1|2|1|1|1|1
3460673|1|1|1|139.11185305|15|2|1|2|1|1|1|1
3460674|1|1|1|167.1119753|15|2|1|2|1|1|1|1
3460675|1|1|1|193.58659492|15|2|1|5|1|1|1|1
3460676|1|1|1|123.40240869|15|1|1|3|1|1|1|1
3460677|1|1|1|100.58484764|15|2|1|3|1|1|1|1
3460678|1|1|1|164.67475413|15|2|1|3|1|1|1|1
3460679|1|1|1|101.64966011|15|2|1|3|1|1|1|1
3460680|1|1|1|216.85260823|15|2|1|3|1|1|1|1
3460681|1|1|1|54.213152057|15|2|1|3|1|1|1|1
3460682|1|1|1|142.50307714|15|2|1|5|1|1|1|1
3460683|1|1|1|181.57028835|15|2|1|2|1|1|1|1
3460684|1|1|1|210.37652673|15|2|1|2|1|1|1|1
3460685|1|1|1|71.154762075|15|1|1|2|1|1|1|1
3460686|1|1|1|179.4348768|15|2|1|2|1|1|1|1
3460687|1|1|1|174.24818372|15|1|1|2|1|1|1|1
3460688|1|1|1|181.65384339|15|1|1|2|1|1|1|1
3460689|1|1|1|515.29755442|17|1|1|3|1|1|1|1
3460690|1|1|1|511.93667758|17|2|1|3|2|1|1|1
3460691|1|1|1|400.87601441|17|2|1|3|1|1|1|1
3460692|1|1|1|377.38458426|17|2|1|3|1|1|1|1
3460693|1|1|1|386.37452695|17|2|1|3|1|1|1|1
3460694|1|1|1|416.53752096|17|2|1|3|2|1|1|1
3460695|1|1|1|238.07230886|17|2|1|3|1|1|1|1
3460696|1|1|1|440.02895111|17|2|1|3|1|1|1|1
3460697|1|1|1|452.65318757|17|2|1|3|1|1|1|1
3460698|1|1|1|437.22996669|17|1|1|3|1|1|1|1
3460699|1|1|1|902.73086841|17|2|1|3|1|1|1|1
3460700|1|1|1|292.87678094|17|2|1|3|1|1|1|1
3460701|1|1|1|501.16432411|17|2|1|3|2|1|1|1
3460702|1|1|1|1038.6487985|17|2|1|3|2|1|1|1
3460703|1|1|1|913.78488417|17|2|1|3|1|1|1|1
3460704|1|1|1|437.22996669|17|2|1|3|1|1|1|1
3460705|1|1|1|536.40618947|17|2|1|3|1|1|1|1
3460706|1|1|1|493.7026188|17|2|1|3|2|1|1|1
3460707|1|1|1|482.16286694|17|2|1|2|1|1|1|1
3460708|1|1|1|369.98488653|17|2|1|2|1|1|1|1
3460709|1|1|1|560.17063171|17|2|1|2|2|1|1|1
3460710|1|1|1|736.66475555|17|2|1|2|1|1|1|1
3460711|1|1|1|369.98488653|17|2|1|2|1|1|1|1
3460712|1|1|1|393.0157004|17|2|1|2|1|1|1|1
3460713|1|1|1|512.16888746|17|2|1|2|1|1|1|1
3460714|1|1|1|559.31616289|17|2|1|2|1|1|1|1
3460715|1|1|1|388.80068397|17|2|1|2|1|1|1|1
3460716|1|1|1|341.26779259|17|2|1|2|1|1|1|1
3460717|1|1|1|128.01688128|18|1|1|1|1|1|1|1
3460718|1|1|1|73.89599275|18|1|1|1|1|1|1|1
3460719|1|1|1|165.41083477|18|2|1|3|1|1|1|1
3460720|1|1|1|145.75756864|18|1|1|3|1|1|1|1
3460721|1|1|1|184.97731047|19|2|1|2|2|1|1|1
3460722|1|1|1|130.32050246|19|1|1|3|2|1|1|1
3460723|1|1|1|206.71840308|19|1|1|3|1|1|1|1
3460724|1|1|1|220.84614674|19|1|1|3|2|1|1|1
3460725|1|1|1|186.18945856|19|2|1|3|1|1|1|1
3460726|1|1|1|256.67966146|19|2|1|3|1|1|1|1
3460727|1|1|1|149.74353705|19|2|1|3|2|1|1|1
3460728|1|1|1|172.5884857|19|3|1|3|1|1|1|1
3460729|1|1|1|226.40627514|19|2|1|3|2|1|1|1
3460730|1|1|1|161.82691787|19|1|1|3|2|1|1|1
3460731|1|1|1|151.17902034|19|1|1|3|1|1|1|1
3460732|1|1|1|209.95083269|19|2|1|3|1|1|1|1
3460733|1|1|1|199.43692766|19|2|1|3|1|1|1|1
3460734|1|1|1|109.26445486|19|2|1|3|1|1|1|1
3460735|1|1|1|171.34614833|19|1|1|3|1|1|1|1
3460736|1|1|1|230.56889559|19|1|1|2|1|1|1|1
3460737|1|1|1|208.84339453|19|2|1|2|1|1|1|1
3460738|1|1|1|200.14737157|19|1|1|2|1|1|1|1
3460739|1|1|1|229.1317471|19|2|1|2|1|1|1|1
3460740|1|1|1|203.25194063|19|2|1|2|1|1|1|1
3460741|1|1|1|217.68276029|19|2|1|3|1|1|1|1
3460742|1|1|1|326.93785587|19|1|1|3|1|1|1|1
3460743|1|1|1|157.73927374|19|1|1|3|1|1|1|1
3460744|1|1|1|271.74194197|19|1|1|3|1|1|1|1
3460745|1|1|1|358.8408685|19|2|1|3|1|1|1|1
3460746|1|1|1|169.95270835|19|1|1|6|1|1|1|1
3460747|1|1|1|157.81932408|19|2|1|6|1|1|1|1
3460748|1|1|1|108.16407342|19|2|1|6|2|1|1|1
3460749|1|1|1|145.68593981|19|1|1|6|1|1|1|1
3460750|1|1|1|299.4302185|19|1|1|1|1|1|1|1
3460751|1|1|1|172.34388479|19|2|1|1|1|1|1|1
3460752|1|1|1|201.37348243|19|2|1|3|2|1|1|1
3460753|1|1|1|166.45486826|19|2|1|3|2|1|1|1
3460754|1|1|1|294.77517197|19|2|1|1|2|1|1|1
3460755|1|1|1|153.19456426|19|1|1|2|1|1|1|1
3460756|1|1|1|266.56750231|19|1|1|2|2|1|1|1
3460757|1|1|1|387.41932783|20|2|1|1|1|1|1|1
3460758|1|1|1|285.54010786|20|1|1|1|1|1|1|1
3460759|1|1|1|274.30057214|20|1|1|1|1|1|1|1
3460760|1|1|1|242.98843873|20|1|1|1|1|1|1|1
3460761|1|1|1|348.65901943|20|1|1|1|1|1|1|1
3460762|1|1|1|338.62976615|20|1|1|1|1|1|1|1
3460763|1|1|1|295.5235806|20|2|1|1|1|1|1|1
3460764|1|1|1|219.96144067|20|1|1|1|1|1|1|1
3460765|1|1|1|275.9151634|20|1|1|1|1|1|1|1
3460766|1|1|1|307.39213558|20|1|1|3|1|1|1|1
3460767|1|1|1|240.89248039|20|1|1|3|1|1|1|1
3460768|1|1|1|373.03580361|20|1|1|2|1|1|1|1
3460769|1|1|1|308.34170207|20|1|1|3|1|1|1|1
3460770|1|1|1|352.1749568|20|1|1|3|1|1|1|1
3460771|1|1|1|406.82923295|20|1|1|3|1|1|1|1
3460772|1|1|1|414.2254953|20|2|1|2|1|1|1|1
3460773|1|1|1|224.16995831|20|2|1|1|1|1|1|1
3460774|1|1|1|275.34224687|20|2|1|1|1|1|1|1
3460775|1|1|1|294.68437818|20|2|1|1|1|1|1|1
3460776|1|1|1|294.64023266|20|2|1|1|1|1|1|1
3460777|1|1|1|221.77674059|20|1|1|1|1|1|1|1
3460778|1|1|1|378.12931672|20|2|1|1|1|1|1|1
3460779|1|1|1|245.09989103|20|1|1|1|1|1|1|1
3460780|1|1|1|330.68997421|20|1|1|1|1|1|1|1
3460781|1|1|1|270.75854602|20|2|1|1|1|1|1|1
3460782|1|1|1|318.17326305|20|2|1|1|1|1|1|1
3460783|1|1|1|457.22179974|20|1|1|1|1|1|1|1
3460785|1|1|1|335.52455899|23|2|1|1|1|1|1|1
3460786|1|1|1|337.15341811|23|1|1|1|1|1|1|1
3460787|1|1|1|685.99282979|23|2|1|1|1|1|1|1
3460788|1|1|1|158.94955812|23|2|1|1|1|1|1|1
3460789|1|1|1|432.49285183|23|1|1|1|1|1|1|1
3460790|1|1|1|162.46086741|23|1|1|1|1|1|1|1
3460791|1|1|1|144.89822333|23|1|1|1|1|1|1|1
3460792|1|1|1|452.75526766|23|1|1|1|1|1|1|1
3460793|1|1|1|246.10620355|23|1|1|1|1|1|1|1
3460794|1|1|1|167.00531486|23|1|1|1|1|1|1|1
3460796|1|1|1|148.47914817|23|2|1|1|1|1|1|1
3460797|1|1|1|452.75526766|23|2|1|1|1|1|1|1
3460798|1|1|1|200.41416442|23|1|1|1|1|1|1|1
3460799|1|1|1|183.18217729|23|1|1|1|1|1|1|1
3460800|1|1|1|452.75526766|23|1|1|1|1|1|1|1
3460801|1|1|1|189.11240639|23|1|1|1|1|1|1|1
3460802|1|1|1|295.35140025|23|1|1|1|1|1|1|1
3460803|1|1|1|227.73452026|23|1|1|1|1|1|1|1
3460804|1|1|1|617.39354681|23|2|1|1|1|1|1|1
3460805|1|1|1|256.07310843|23|2|1|1|1|1|1|1
3460806|1|1|1|617.39354681|23|2|1|1|1|1|1|1
3460807|1|1|1|617.39354681|23|1|1|1|1|1|1|1
3460808|1|1|1|265.20536635|23|1|1|1|1|1|1|1
3460809|1|1|1|617.39354681|23|1|1|1|1|1|1|1
3460810|1|1|1|232.61759959|23|1|1|1|1|1|1|1
3460811|1|1|1|617.39354681|23|2|1|1|1|1|1|1
3460812|1|1|1|295.35140025|23|2|1|1|1|1|1|1
3460813|1|1|1|225.46402778|23|2|1|1|1|1|1|1
3460814|1|1|1|234.3552231|23|2|1|1|1|1|1|1
3460815|1|1|1|204.91329853|23|1|1|1|1|1|1|1
3460816|1|1|1|232.61759959|23|1|1|1|1|1|1|1
3460817|1|1|1|118.7700087|27|1|1|1|2|2|1|2
3460818|1|1|1|90.732542278|27|1|1|1|2|2|1|1
3460819|1|1|1|87.736087014|27|1|1|1|2|2|1|1
3460820|1|1|1|121.00582019|27|1|1|1|2|2|1|2
3460821|1|1|1|128.53013106|27|1|1|1|2|1|1|1
3460822|1|1|1|128.10975652|27|2|1|1|2|2|1|2
3460823|1|1|1|318.17462765|41|1|1|2|1|1|1|1
3460824|1|1|1|161.04837421|41|1|1|2|1|1|1|1
3460825|1|1|1|350.39325556|41|2|1|2|1|1|1|1
3460826|1|1|1|252.09946307|41|1|1|2|1|1|1|1
3460827|1|1|1|234.92856014|41|1|1|2|1|1|1|1
3460828|1|1|1|289.87812051|41|2|1|2|1|1|1|1
3460829|1|1|1|246.12165181|41|2|1|2|1|1|1|1
3460830|1|1|1|250.76583114|41|2|1|2|1|1|1|1
3460831|1|1|1|383.02412004|41|2|1|2|1|1|1|1
3460832|1|1|1|185.91633874|41|1|1|2|1|1|1|1
3460833|1|1|1|234.92856014|41|2|1|4|1|1|1|1
3460834|1|1|1|234.92856014|41|2|1|4|1|1|1|1
3460835|1|1|1|378.68976269|41|2|1|4|1|1|1|1
3460836|1|1|1|234.92856014|41|2|1|4|1|1|1|1
3460837|1|1|1|172.2809441|41|1|1|2|1|1|1|1
3460838|1|1|1|188.95029457|41|1|1|2|1|1|1|1
3460839|1|1|1|409.80821916|41|1|1|2|1|1|1|1
3460840|1|1|1|148.6539503|41|1|1|2|1|1|1|1
3460841|1|1|1|215.76865729|41|1|1|1|1|1|1|1
3460842|1|1|1|183.89494283|41|1|1|2|1|1|1|1
3460843|1|1|1|148.6539503|41|1|1|2|1|1|1|1
3460844|1|1|1|212.57728837|41|1|1|2|1|1|1|1
3460845|1|1|1|157.08942031|41|1|1|2|1|1|1|1
3460846|1|1|1|177.61298943|41|1|1|2|1|1|1|1
3460847|1|1|1|183.89494283|41|1|1|2|1|1|1|1
3460848|1|1|1|191.65819157|41|1|1|2|1|1|1|1
3460849|1|1|1|258.25504558|41|1|1|2|1|1|1|1
3460850|1|1|1|232.96940195|41|1|1|2|1|1|1|1
3460851|1|1|1|238.52168638|41|1|1|2|1|1|1|1
3460852|1|1|1|245.63921875|41|1|1|2|1|1|1|1
3460853|1|1|1|231.90249641|41|1|1|2|1|1|1|1
3460854|1|1|1|254.53970212|41|1|1|2|1|1|1|1
3460855|1|1|1|404.62668711|41|1|1|2|1|1|1|1
3460856|1|1|1|256.4084742|41|1|1|3|1|1|1|1
3460857|1|1|1|203.60475212|41|2|1|3|1|1|1|1
3460858|1|1|1|373.02234397|41|1|1|3|1|1|1|1
3460859|1|1|1|233.87485406|41|2|1|3|1|1|1|1
3460860|1|1|1|139.57525765|41|1|1|3|1|1|1|1
3460861|1|1|1|139.57525765|41|2|1|3|1|1|1|1
3460862|1|1|1|421.80111063|41|2|1|3|1|1|1|1
3460863|1|1|1|330.07328434|41|2|1|2|1|1|1|1
3460864|1|1|1|91.692687349|44|1|1|1|1|1|1|1
3460865|1|1|1|168.01729825|44|2|1|2|1|1|1|1
3460866|1|1|1|146.20022711|44|2|1|1|1|1|1|1
3460867|1|1|1|85.72398601|44|2|1|1|1|1|1|1
3460868|1|1|1|85.72398601|44|2|1|1|1|1|1|1
3460869|1|1|1|47.29466861|44|2|1|1|1|1|1|1
3460870|1|1|1|82.941824986|44|1|1|1|1|1|1|1
3460871|1|1|1|84.648731058|44|1|1|2|1|1|1|1
3460872|1|1|1|54.186385292|44|1|1|1|1|1|1|1
3460873|1|1|1|100.86824355|44|2|1|1|1|1|1|1
3460874|1|1|1|95.13786569|44|2|1|1|1|1|1|1
3460875|1|1|1|55.184453711|44|2|1|1|1|1|1|1
3460876|1|1|1|58.040586803|44|2|1|1|1|1|1|1
3460877|1|1|1|132.07458769|44|1|1|1|1|1|1|1
3460878|1|1|1|67.251088982|44|2|1|1|1|1|1|1
3460879|1|1|1|129.57897459|44|1|1|1|1|1|1|1
3460880|1|1|1|46.946913694|44|2|1|1|1|1|1|1
3460881|1|1|1|136.17929671|44|2|1|1|1|1|1|1
3460882|1|1|1|101.80792042|44|1|1|1|1|1|1|1
3460883|1|1|1|237.77824159|47|2|1|2|1|1|1|1
3460884|1|1|1|247.97724534|47|2|1|2|1|1|1|1
3460885|1|1|1|270.67942758|47|2|1|2|1|1|1|1
3460886|1|1|1|295.88874122|47|1|1|2|1|1|1|1
3460887|1|1|1|262.98755522|47|1|1|2|1|1|1|1
3460888|1|1|1|302.63107633|47|1|1|2|1|1|1|1
3460889|1|1|1|320.75129281|47|1|1|2|1|1|1|1
3460890|1|1|1|557.63255527|47|1|1|2|1|1|1|1
3460891|1|1|1|237.43418974|47|1|1|2|2|1|1|1
3460892|1|1|1|418.96068101|47|2|1|2|1|2|1|1
3460893|1|1|1|281.38839909|47|2|1|2|1|1|1|1
3460894|1|1|1|327.78087327|47|1|1|2|1|1|1|1
3460895|1|1|1|304.90609401|47|1|1|2|1|1|1|1
3460896|1|1|1|354.83083819|47|1|1|2|1|1|1|1
3460897|1|1|1|290.22742791|47|1|1|2|1|1|1|1
3460898|1|1|1|300.81846761|47|2|1|2|1|1|1|1
3460899|1|1|1|206.64107226|47|2|1|3|1|1|1|1
3460900|1|1|1|223.29250696|47|2|1|3|1|1|1|1
3460901|1|1|1|189.42363773|47|2|1|3|1|1|1|1
3460902|1|1|1|306.35875458|47|2|1|3|1|1|1|1
3460903|1|1|1|223.0094359|47|3|1|3|2|1|1|1
3460904|1|1|1|223.0094359|47|2|1|3|1|1|1|1
3460905|1|1|1|351.6360266|47|2|1|3|1|1|1|1
3460906|1|1|1|203.37023162|47|2|1|3|1|1|1|1
3460907|1|1|1|259.73668673|47|2|1|3|1|1|1|1
3460908|1|1|1|407.18093093|50|1|1|3|1|1|1|1
3460909|1|1|1|506.74080317|50|1|1|3|1|1|1|1
3460910|1|1|1|512.72907069|50|2|1|3|1|1|1|1
3460911|1|1|1|512.72907069|50|2|1|3|1|1|1|1
3460912|1|1|1|439.52920184|50|1|1|3|1|1|1|1
3460913|1|1|1|384.78621857|50|2|1|3|1|1|1|1
3460914|1|1|1|512.72907069|50|2|1|3|1|1|1|1
3460915|1|1|1|369.90136238|50|1|1|3|1|1|1|1
3460916|1|1|1|437.91858441|50|1|1|3|1|1|1|1
3460917|1|1|1|341.94369183|50|1|1|3|1|1|1|1
3460918|1|1|1|380.18728617|50|1|1|3|1|1|1|1
3460919|1|1|1|501.82411667|50|2|1|2|1|1|1|1
3460920|1|1|1|451.25525042|50|1|1|2|1|1|1|1
3460921|1|1|1|741.83803865|50|1|1|2|1|1|1|1
3460922|1|1|1|557.71210565|50|1|1|2|1|1|1|1
3460923|1|1|1|567.98960462|50|1|1|2|1|1|1|1
3460924|1|1|1|741.83803865|50|1|1|2|1|1|1|1
3460925|1|1|1|541.72557902|50|2|1|2|1|1|1|1
3460926|1|1|1|364.95136547|50|1|1|2|1|1|1|1
3460927|1|1|1|191.16869604|50|1|1|2|1|1|1|1
3460928|1|1|1|453.60573177|50|1|1|2|1|1|1|1
3460929|1|1|1|370.93366719|50|1|1|2|1|1|1|1
3460930|1|1|1|411.62858294|50|1|1|2|1|1|1|1
3460931|1|1|1|343.83367709|52|2|1|2|1|1|1|1
3460932|1|1|1|255.11771847|52|2|1|2|2|1|1|1
3460933|1|1|1|261.68768516|52|2|1|2|1|1|1|1
3460934|1|1|1|256.41286269|52|1|1|2|1|1|1|1
3460935|1|1|1|156.37748533|52|2|1|2|2|1|1|1
3460936|1|1|1|265.30183883|52|2|1|2|2|1|1|1
3460937|1|1|1|285.65668682|52|4|1|2|2|1|1|1
3460938|1|1|1|241.66915817|52|2|1|2|2|1|1|1
3460939|1|1|1|202.6518149|52|2|1|2|2|1|1|1
3460940|1|1|1|161.26125415|52|2|1|2|2|1|1|1
3460941|1|1|1|197.66578997|52|2|1|2|1|1|1|1
3460942|1|1|1|228.78899667|52|2|1|2|1|1|1|1
3460943|1|1|1|155.58315932|52|1|1|2|1|1|1|1
3460944|1|1|1|274.04594372|52|2|1|2|2|1|1|1
3460945|1|1|1|274.04594372|52|2|1|2|2|1|1|1
3460946|1|1|1|274.04594372|52|1|1|2|2|1|1|1
3460947|1|1|1|278.1560797|52|2|1|2|2|1|1|1
3460948|1|1|1|191.08932396|52|2|1|2|2|1|1|1
3460949|1|1|1|398.41343205|54|1|1|1|1|1|1|1
3460950|1|1|1|486.87568357|54|1|1|1|1|1|1|1
3460951|1|1|1|987.93044179|54|1|1|1|1|1|1|1
3460952|1|1|1|351.92718985|54|1|1|1|2|1|1|1
3460953|1|1|1|642.58744084|54|1|1|1|2|1|1|1
3460954|1|1|1|463.0733862|54|2|1|1|1|1|1|1
3460955|1|1|1|1315.0457782|54|1|1|1|1|1|1|1
3460956|1|1|1|881.3902004|54|2|1|1|1|1|1|1
3460957|1|1|1|351.92718985|54|1|1|1|1|1|1|1
3460958|1|1|1|805.41568422|54|2|1|2|1|1|1|1
3460959|1|1|1|653.54313462|54|2|1|2|1|1|1|1
3460960|1|1|1|1115.7934423|54|2|1|2|1|1|1|1
3460961|1|1|1|515.60012729|54|2|1|2|1|1|1|1
3460962|1|1|1|413.07909511|54|2|1|2|1|1|1|1
3460963|1|1|1|743.34863355|54|2|1|2|1|1|1|1
3460964|1|1|1|1652.3163804|54|2|1|2|1|1|1|1
3460965|1|1|1|229.94017935|63|2|1|2|1|1|1|1
3460966|1|1|1|173.09883166|63|2|1|2|1|1|1|1
3460967|1|1|1|210.49740463|63|1|1|2|1|1|1|1
3460969|1|1|1|209.01635862|63|1|1|2|1|1|1|1
3460970|1|1|1|209.01635862|63|2|1|2|1|1|1|1
3460971|1|1|1|196.42024111|63|2|1|2|1|1|1|1
3460972|1|1|1|248.6899694|63|1|1|3|1|1|1|1
3460973|1|1|1|158.07983116|63|1|1|3|1|1|1|1
3460974|1|1|1|229.94017935|63|1|1|3|1|1|1|1
3460975|1|1|1|194.9391951|63|2|1|3|1|1|1|1
3460976|1|1|1|228.45913334|63|1|1|2|1|1|1|1
3460977|1|1|1|210.37485371|63|1|1|2|1|1|1|1
3460978|1|1|1|222.70565311|63|1|1|2|1|1|1|1
3460979|1|1|1|228.45913334|63|1|1|2|1|1|1|1
3460980|1|1|1|300.46808649|63|1|1|1|2|1|1|1
3460981|1|1|1|367.01076355|63|1|1|1|1|1|1|1
3460983|1|1|1|279.76055155|63|2|1|1|2|2|1|1
3460984|1|1|1|399.35615723|63|1|1|1|2|1|1|1
3460985|1|1|1|207.69151|63|1|1|1|2|1|1|1
3460986|1|1|1|277.95861224|63|1|1|1|2|1|1|1
3460987|1|1|1|282.52851421|63|2|1|1|2|1|1|1
3460988|1|1|1|216.68537757|63|2|1|1|2|1|1|1
3460989|1|1|1|345.88335674|63|1|1|1|1|1|1|1
3460990|1|1|1|419.79182311|63|1|1|1|2|1|1|1
3460991|1|1|1|281.02592155|63|1|1|1|2|1|1|1
3460992|1|1|1|397.15986305|63|1|1|1|1|1|1|1
3460993|1|1|1|244.30981196|63|2|1|4|1|1|1|1
3460994|1|1|1|202.04914667|63|1|1|3|1|1|1|1
3460995|1|1|1|199.70702645|63|2|1|3|1|1|1|1
3460996|1|1|1|187.93870487|63|1|1|3|1|1|1|1
3460997|1|1|1|256.35034871|63|1|1|3|1|1|1|1
3460998|1|1|1|522.33072124|66|1|1|1|1|1|1|1
3460999|1|1|1|362.25408234|66|1|1|3|1|1|1|1
3461000|1|1|1|622.30425419|66|2|1|4|1|1|1|1
3461001|1|1|1|1059.8745001|66|2|1|4|1|1|1|1
3461002|1|1|1|1059.8745001|66|2|1|2|1|1|1|1
3461003|1|1|1|380.85468566|66|2|1|2|1|1|1|1
3461004|1|1|1|451.49692968|66|2|1|2|1|1|1|1
3461005|1|1|1|995.98654556|66|1|1|2|1|1|1|1
3461006|1|1|1|721.73222503|66|2|1|2|1|1|1|1
3461007|1|1|1|592.35698718|66|1|1|2|1|1|1|1
3461008|1|1|1|579.82907026|66|2|1|2|1|1|1|1
3461009|1|1|1|981.70975285|66|2|1|2|1|1|1|1
3461010|1|1|1|389.01462754|66|2|1|2|1|1|1|1
3461011|1|1|1|927.49208596|66|2|1|2|1|1|1|1
3461012|1|1|1|475.24486517|66|2|1|2|1|1|1|1
3461013|1|1|1|713.25838264|66|2|1|2|1|1|1|1
3461015|1|1|1|552.33651334|66|1|1|2|1|1|1|1
3461016|1|1|1|486.3248323|66|2|1|2|1|1|1|1
3461017|1|1|1|637.20016142|66|1|1|2|1|1|1|1
3461018|1|1|1|420.03270683|68|2|1|4|1|1|1|1
3461019|1|1|1|420.03270683|68|2|1|4|1|1|1|1
3461020|1|1|1|557.03850458|68|2|1|4|1|1|1|1
3461021|1|1|1|718.83293982|68|2|1|4|1|1|1|1
3461022|1|1|1|420.03270683|68|2|1|4|1|1|1|1
3461023|1|1|1|892.50988612|68|2|1|4|1|1|1|1
3461024|1|1|1|1279.9487879|68|2|1|4|1|1|1|1
3461025|1|1|1|563.70061029|68|2|1|3|1|1|1|1
3461026|1|1|1|2010.2850557|68|2|1|3|1|1|1|1
3461027|1|1|1|712.51275805|68|2|1|2|1|1|1|1
3461028|1|1|1|765.77457291|68|2|1|2|1|1|1|1
3461029|1|1|1|387.7018311|68|2|1|2|1|1|1|1
3461030|1|1|1|1550.8073244|68|2|1|2|1|1|1|1
3461031|1|1|1|1550.8073244|68|2|1|2|1|1|1|1
3461032|1|1|1|1070.9550786|68|2|1|2|1|1|1|1
3461033|1|1|1|1341.7368451|68|2|1|2|1|1|1|1
3461034|1|1|1|387.7018311|68|2|1|2|1|1|1|1
3461035|1|1|1|110.79303506|70|1|1|1|1|1|1|1
3461036|1|1|1|119.01603827|70|1|1|1|1|1|1|1
3461037|1|1|1|126.62916683|70|1|1|1|1|1|1|1
3461038|1|1|1|159.18891679|70|2|1|1|1|1|1|1
3461039|1|1|1|181.36362775|70|2|1|1|1|1|1|1
3461040|1|1|1|103.87070761|70|2|1|1|1|1|1|1
3461041|1|1|1|114.33509482|70|1|1|1|1|1|1|1
3461042|1|1|1|115.26661399|70|1|1|1|1|1|1|1
3461043|1|1|1|132.4759|70|2|1|1|1|1|1|1
3461044|1|1|1|143.59398576|70|2|1|1|1|1|1|1
3461045|1|1|1|185.7379235|70|1|1|1|1|1|1|1
3461046|1|1|1|143.19143032|70|1|1|1|1|1|1|1
3461047|1|1|1|159.15954939|70|1|1|1|1|1|1|1
3461048|1|1|1|159.9658245|70|1|1|1|1|1|1|1
3461049|1|1|1|140.31936351|70|1|1|1|1|1|1|1
3461050|1|1|1|208.5088664|70|1|1|1|1|1|1|1
3461051|1|1|1|139.55972097|70|1|1|1|1|1|1|1
3461052|1|1|1|143.19143032|70|1|1|1|1|1|1|1
3461053|1|1|1|198.58058053|70|2|1|1|1|1|1|1
3461054|1|1|1|198.58058053|70|2|1|1|1|1|1|1
3461055|1|1|1|179.86069188|70|2|1|1|1|1|1|1
3461056|1|1|1|163.09030641|70|1|1|1|1|1|1|1
3461057|1|1|1|156.47398995|70|2|1|1|1|1|1|1
3461058|1|1|1|195.48215951|70|2|1|1|1|1|1|1
3461059|1|1|1|185.57559428|70|2|1|1|1|1|1|1
3461060|1|1|1|167.5054187|70|1|1|1|1|1|1|1
3461061|1|1|1|174.8294359|70|1|1|1|1|1|1|1
3461062|1|1|1|170.18111185|70|1|1|1|1|1|1|1
3461063|1|1|1|173.65275842|70|1|1|1|1|1|1|1
3461064|1|1|1|135.96774526|70|1|1|1|1|1|1|1
3461065|1|1|1|206.37547056|70|1|1|1|1|1|1|1
3461066|1|1|1|169.66816826|70|1|1|1|1|1|1|1
3461067|1|1|1|468.1057252|73|1|1|2|1|1|1|1
3461068|1|1|1|474.46872581|73|1|1|3|1|1|1|1
3461069|1|1|1|228.74313685|73|2|1|4|1|1|1|1
3461070|1|1|1|306.77853262|73|2|1|4|1|1|1|1
3461071|1|1|1|441.53748752|73|1|1|2|1|1|1|1
3461072|1|1|1|321.5025092|73|2|1|2|1|1|1|1
3461073|1|1|1|399.32906987|73|2|1|2|1|1|1|1
3461074|1|1|1|344.63462173|73|2|1|2|1|1|1|1
3461075|1|1|1|416.54547336|73|2|1|2|1|1|1|1
3461076|1|1|1|395.47410204|73|2|1|2|1|1|1|1
3461077|1|1|1|423.98438778|73|1|1|4|1|1|1|1
3461078|1|1|1|389.17657496|73|1|1|3|1|1|1|1
3461079|1|1|1|348.37423519|73|1|1|4|2|1|1|1
3461080|1|1|1|316.70385017|73|2|1|1|1|1|1|1
3461081|1|1|1|356.84028199|73|1|1|2|1|1|1|1
3461082|1|1|1|495.93559367|73|1|1|2|1|1|1|1
3461083|1|1|1|491.29417626|73|1|1|2|1|1|1|1
3461084|1|1|1|356.84028199|73|1|1|2|1|1|1|1
3461085|1|1|1|344.89797827|73|1|1|1|1|1|1|1
3461086|1|1|1|296.97331268|73|2|1|1|1|1|1|1
3461087|1|1|1|296.97331268|73|2|1|1|1|1|1|1
3461126|1|1|1|1711.2587714|05|2|1|5|1|1|1|1
3461127|1|1|1|2102.0906459|05|2|1|3|1|1|1|1
3461128|1|1|1|4418.3736292|05|2|1|3|1|1|1|1
3461129|1|1|1|1679.2256922|05|2|1|2|2|1|1|1
3461130|1|1|1|1679.2256922|05|2|1|2|2|1|1|1
3461131|1|1|1|486.25509049|05|2|1|2|2|1|1|1
3461132|1|1|1|1004.7164132|05|2|1|2|2|1|1|1
3461133|1|1|1|486.25509049|05|2|1|2|1|1|1|1
3461134|1|1|1|752.63360932|05|2|1|2|1|1|1|1
3461135|1|1|1|567.05168015|05|2|1|2|1|1|1|1
3461136|1|1|1|1400.0444242|05|2|1|2|1|1|1|1
3461137|1|1|1|1679.2256922|05|2|1|2|1|1|1|1
3461138|1|1|1|1000.3767097|05|2|1|2|1|1|1|1
3461139|1|1|1|1207.5773342|05|2|1|2|1|1|1|1
3461140|1|1|1|1332.9200984|05|2|1|2|1|1|1|1
3461141|1|1|1|3652.242428|05|2|1|2|1|1|1|1
3461142|1|1|1|4512.8899556|05|2|1|2|1|1|1|1
3461143|1|1|1|4512.8899556|05|2|1|2|1|1|1|1
3461144|1|1|1|1471.6596678|08|2|1|1|1|1|1|1
3461145|1|1|1|2210.8400974|08|1|1|2|1|1|1|1
3461146|1|1|1|1085.4881477|08|1|1|1|1|2|2|1
3461147|1|1|1|2163.4204584|08|1|1|1|1|2|2|1
3461148|1|1|1|1560.9659061|08|2|1|1|1|2|2|1
3461149|1|1|1|1443.011092|08|1|1|1|1|2|2|1
3461150|1|1|1|1027.0804751|08|1|1|1|1|2|2|1
3461151|1|1|1|1472.3058919|08|2|1|1|1|2|2|1
3461152|1|1|1|1718.1950416|08|1|1|1|1|2|2|1
3461153|1|1|1|2439.8245968|08|1|1|1|1|1|1|1
3461154|1|1|1|2340.6294824|08|2|1|1|1|1|1|1
3461155|1|1|1|1761.0661315|08|2|1|1|1|1|1|1
3461156|1|1|1|1483.9767755|08|2|1|1|1|1|1|1
3461157|1|1|1|1488.8033764|08|2|1|1|1|1|1|1
3461158|1|1|1|1577.0424687|08|2|1|1|1|1|1|1
3461159|1|1|1|1577.0424687|08|2|1|1|1|1|1|1
3461160|1|1|1|3111.3997791|08|2|1|1|1|1|1|1
3461161|1|1|1|1818.846663|08|2|1|1|1|1|1|1
3461162|1|1|1|1643.2845762|08|2|1|1|1|1|1|1
3461163|1|1|1|2009.6630241|08|2|1|2|1|1|1|1
3461164|1|1|1|1840.7129577|08|2|1|2|1|1|1|1
3461165|1|1|1|2089.3169245|08|2|1|2|1|1|1|1
3461166|1|1|1|1818.846663|08|2|1|2|1|1|1|1
3461167|1|1|1|8208.2597415|11|1|1|1|1|1|1|1
3461168|1|1|1|12006.340732|11|2|1|1|1|1|1|1
3461169|1|1|1|8481.6053215|11|2|1|2|1|1|1|1
3461170|1|1|1|7156.924848|11|1|1|2|1|1|1|1
3461171|1|1|1|10604.450153|11|1|1|1|1|1|1|1
3461172|1|1|1|10076.420957|11|1|1|2|1|1|1|1
3461173|1|1|1|6780.6029971|11|1|1|1|2|1|1|1
3461174|1|1|1|10474.812811|11|1|1|2|1|1|1|1
3461175|1|1|1|11743.739995|11|1|1|3|1|1|1|1
3461176|1|1|1|8335.1780118|11|2|1|2|1|1|1|1
3461177|1|1|1|7565.4409228|11|2|1|2|1|1|1|1
3461178|1|1|1|6013.3478639|11|2|1|2|1|1|1|1
3461179|1|1|1|6615.1854267|11|2|1|2|1|1|1|1
3461180|1|1|1|5023.5371346|11|2|1|2|1|1|1|1
3461181|1|1|1|5667.5603554|11|2|1|2|1|1|1|1
3461182|1|1|1|3772.082878|11|2|1|2|1|1|1|1
3461183|1|1|1|7799.9011488|11|2|1|2|1|1|1|1
3461184|1|1|1|5374.4797368|11|2|1|2|1|1|1|1
3461185|1|1|1|8642.2735207|11|2|1|4|1|1|1|1
3461186|1|1|1|6812.8812276|11|2|1|4|1|1|1|1
3461187|1|1|1|1068.5075165|13|2|1|3|1|1|1|1
3461188|1|1|1|632.79580519|13|2|1|3|1|1|1|1
3461189|1|1|1|785.7548925|13|2|1|3|1|1|1|1
3461190|1|1|1|692.22390276|13|2|1|3|1|1|1|1
3461191|1|1|1|588.97081825|13|2|1|3|1|1|1|1
3461192|1|1|1|790.45168462|13|2|1|3|1|1|1|1
3461193|1|1|1|878.19426383|13|2|1|3|1|1|1|1
3461194|1|1|1|785.7548925|13|2|1|3|1|1|1|1
3461195|1|1|1|592.54926411|13|1|1|3|1|1|1|1
3461196|1|1|1|527.94228171|13|2|1|1|1|1|1|1
3461197|1|1|1|334.05027378|13|1|1|1|1|1|1|1
3461198|1|1|1|920.00563304|13|2|1|1|1|1|1|1
3461199|1|1|1|418.25351612|13|1|1|1|1|1|1|1
3461200|1|1|1|587.80211514|13|1|1|1|1|1|1|1
3461201|1|1|1|609.3557031|13|2|1|1|1|1|1|1
3461202|1|1|1|404.98931532|13|2|1|1|1|1|1|1
3461203|1|1|1|574.53791434|13|1|1|1|1|1|1|1
3461204|1|1|1|496.22034113|13|2|1|1|1|1|1|1
3461205|1|1|1|453.36834789|13|1|1|1|1|1|1|1
3461206|1|1|1|649.33151629|13|2|1|1|1|1|1|1
3461207|1|1|1|727.31025568|13|3|1|1|1|1|1|1
3461208|1|1|1|1250.5149785|13|2|1|1|1|1|1|1
3461209|1|1|1|982.26067517|13|2|1|1|1|1|1|1
3461210|1|1|1|503.83056442|13|2|1|1|1|1|1|1
3461211|1|1|1|467.88538323|13|2|1|1|1|1|1|1
3461212|1|1|1|467.88538323|13|2|1|1|1|1|1|1
3461213|1|1|1|952.50262662|13|2|1|1|1|1|1|1
3461214|1|1|1|191.06757357|15|2|1|3|1|1|1|1
3461215|1|1|1|94.8730161|15|2|1|3|1|1|1|1
3461216|1|1|1|251.2703348|15|2|1|2|1|1|1|1
3461217|1|1|1|200.13278384|15|2|1|3|1|1|1|1
3461218|1|1|1|145.62000992|15|2|1|3|1|1|1|1
3461219|1|1|1|216.97874474|15|2|1|3|1|1|1|1
3461220|1|1|1|128.34074256|15|2|1|3|1|1|1|1
3461221|1|1|1|169.94096797|15|2|1|3|1|1|1|1
3461222|1|1|1|101.79537187|15|2|1|3|1|1|1|1
3461223|1|1|1|142.15781075|15|2|1|3|1|1|1|1
3461224|1|1|1|114.0855278|15|2|1|3|1|1|1|1
3461225|1|1|1|216.97874474|15|2|1|3|1|1|1|1
3461226|1|1|1|111.57266076|15|2|1|3|1|1|1|1
3461227|1|1|1|196.3342889|15|1|1|2|1|1|1|1
3461228|1|1|1|73.187755277|15|2|1|3|1|1|1|1
3461229|1|1|1|95.105731075|15|2|1|2|1|1|1|1
3461230|1|1|1|116.26049225|15|2|1|2|1|1|1|1
3461231|1|1|1|95.539790362|15|2|1|3|1|1|1|1
3461232|1|1|1|168.01033592|15|2|1|4|1|1|1|1
3461233|1|1|1|116.69502966|15|3|1|4|1|1|1|1
3461235|1|1|1|177.6905319|15|1|1|2|1|1|1|1
3461236|1|1|1|482.41142016|17|2|1|5|1|1|1|1
3461237|1|1|1|323.34141256|17|2|1|5|1|1|1|1
3461238|1|1|1|251.81393965|17|2|1|5|1|1|1|1
3461239|1|1|1|362.3290534|17|2|1|5|1|1|1|1
3461240|1|1|1|504.4408943|17|2|1|5|1|1|1|1
3461241|1|1|1|251.81393965|17|2|1|5|1|1|1|1
3461242|1|1|1|305.34369327|17|2|1|5|1|1|1|1
3461243|1|1|1|440.4740127|17|2|1|3|1|1|1|1
3461244|1|1|1|547.72239545|17|2|1|3|1|1|1|1
3461245|1|1|1|474.73400533|17|2|1|3|1|1|1|1
3461246|1|1|1|311.16504586|17|2|1|3|1|1|1|1
3461247|1|1|1|279.92882298|17|2|1|3|1|1|1|1
3461248|1|1|1|441.63769999|17|2|1|5|1|1|1|1
3461249|1|1|1|552.47539059|17|2|1|5|1|1|1|1
3461250|1|1|1|979.37691637|17|2|1|5|1|1|1|1
3461251|1|1|1|642.94443072|17|2|1|5|1|1|1|1
3461252|1|1|1|467.79834242|17|2|1|5|1|1|1|1
3461253|1|1|1|467.79834242|17|2|1|5|1|1|1|1
3461254|1|1|1|399.72285124|17|2|1|2|1|1|1|1
3461255|1|1|1|508.55422841|17|1|1|2|1|1|1|1
3461256|1|1|1|122.40383813|18|2|1|1|1|2|1|1
3461257|1|1|1|111.12958743|18|2|1|1|1|2|1|1
3461258|1|1|1|91.557425385|18|2|1|1|1|2|1|1
3461259|1|1|1|68.488684576|18|2|1|1|1|2|1|1
3461260|1|1|1|87.114809163|18|2|1|1|1|2|1|1
3461261|1|1|1|133.67230847|18|2|1|1|1|1|1|1
3461262|1|1|1|46.492753294|18|2|1|1|1|2|1|1
3461263|1|1|1|99.226945122|18|1|1|1|2|2|1|1
3461264|1|1|1|102.15629034|18|1|1|1|2|2|1|1
3461265|1|1|1|90.114274085|18|1|1|1|2|2|1|1
3461266|1|1|1|42.04562037|18|1|1|1|2|2|1|1
3461267|1|1|1|114.71331524|18|1|1|1|2|2|1|1
3461268|1|1|1|121.25989217|18|1|1|1|2|2|1|1
3461269|1|1|1|104.7392546|18|1|1|1|2|2|1|1
3461270|1|1|1|98.26427476|18|2|1|1|1|1|1|1
3461271|1|1|1|126.46856717|18|2|1|1|1|1|1|1
3461272|1|1|1|96.922455034|18|1|1|1|1|1|1|1
3461273|1|1|1|80.002724302|18|1|1|1|1|2|1|1
3461274|1|1|1|225.42304635|18|1|1|4|1|1|1|1
3461275|1|1|1|126.46856717|18|1|1|5|1|1|1|1
3461276|1|1|1|125.30190075|18|1|1|4|1|1|1|1
3461277|1|1|1|125.30190075|18|1|1|4|1|1|1|1
3461278|1|1|1|78.835538194|18|1|1|4|1|1|1|1
3461279|1|1|1|83.763811253|18|1|1|4|1|1|1|1
3461280|1|1|1|94.500926038|18|1|1|4|1|1|1|1
3461281|1|1|1|172.5884857|19|3|1|3|1|1|1|1
3461282|1|1|1|150.20390661|19|3|1|3|1|1|1|1
3461283|1|1|1|180.2734557|19|1|1|3|1|2|1|1
3461284|1|1|1|373.64326385|19|1|1|3|1|2|1|1
3461285|1|1|1|263.0322068|19|2|1|3|1|2|1|1
3461286|1|1|1|263.0322068|19|1|1|3|1|2|1|1
3461287|1|1|1|196.80418423|19|1|1|4|1|1|1|1
3461288|1|1|1|285.57691389|19|2|1|4|1|1|1|1
3461289|1|1|1|285.57691389|19|1|1|4|1|1|1|1
3461290|1|1|1|251.9650339|19|1|1|4|1|1|1|1
3461291|1|1|1|188.91971776|19|1|1|4|1|1|1|1
3461292|1|1|1|145.68593981|19|2|1|6|1|1|1|1
3461293|1|1|1|157.81932408|19|2|1|6|1|1|1|1
3461294|1|1|1|528.28162346|20|1|1|3|1|1|1|1
3461295|1|1|1|428.36625599|20|1|1|3|1|1|1|1
3461296|1|1|1|245.09989103|20|1|1|3|1|1|1|1
3461297|1|1|1|270.75854602|20|2|1|3|1|1|1|1
3461298|1|1|1|284.34366245|20|1|1|3|1|1|1|1
3461299|1|1|1|512.81690828|20|1|1|1|1|1|1|1
3461300|1|1|1|282.97271759|20|2|1|1|1|1|1|1
3461301|1|1|1|208.131163|20|2|1|1|1|1|1|1
3461302|1|1|1|449.36252203|20|2|1|1|1|1|1|1
3461303|1|1|1|406.45075165|23|1|1|2|1|1|1|1
3461304|1|1|1|130.07908685|23|1|1|2|1|1|1|1
3461305|1|1|1|198.7983012|23|1|1|2|1|1|1|1
3461306|1|1|1|203.59238774|23|1|1|2|1|1|1|1
3461307|1|1|1|152.61027787|23|2|1|2|1|1|1|1
3461308|1|1|1|352.28117774|23|2|1|3|1|1|1|1
3461309|1|1|1|201.02704841|23|2|1|3|1|1|1|1
3461310|1|1|1|157.898007|23|2|1|3|1|1|1|1
3461311|1|1|1|124.11903851|23|2|1|3|1|1|1|1
3461312|1|1|1|419.07925602|23|1|1|3|1|1|1|1
3461313|1|1|1|197.07909352|23|2|1|3|1|1|1|1
3461314|1|1|1|122.48006035|23|2|1|3|1|1|1|1
3461315|1|1|1|163.38714467|23|2|1|3|1|1|1|1
3461316|1|1|1|97.103730053|23|1|1|3|1|1|1|1
3461317|1|1|1|209.91804305|23|4|1|3|1|1|1|1
3461321|1|1|1|211.01023893|23|1|1|3|1|1|1|1
3461326|1|1|1|225.12153396|23|2|1|1|1|1|1|1
3461327|1|1|1|196.28186701|23|1|1|1|1|1|1|1
3461328|1|1|1|152.2473148|23|2|1|1|1|1|1|1
3461329|1|1|1|153.83444115|23|1|1|1|1|1|1|1
3461330|1|1|1|401.30580543|23|2|1|1|1|1|1|1
3461331|1|1|1|401.30580543|23|1|1|1|1|1|1|1
3461332|1|1|1|143.11746358|23|2|1|1|1|1|1|1
3461333|1|1|1|148.02743817|23|2|1|1|1|1|1|1
3461334|1|1|1|162.36602078|23|2|1|1|1|1|1|1
3461335|1|1|1|151.20143973|23|2|1|1|1|1|1|1
3461336|1|1|1|197.32774208|23|1|1|1|1|1|1|1
3461338|1|1|1|185.29501102|23|1|1|1|1|1|1|1
3461339|1|1|1|308.10811152|23|2|1|1|1|1|1|1
3461340|1|1|1|97.94567332|27|1|1|1|2|2|1|2
3461341|1|1|1|99.560260632|27|2|1|3|2|1|1|1
3461342|1|1|1|76.257094623|27|2|1|1|2|1|1|1
3461343|1|1|1|88.134947014|27|1|1|1|2|2|1|1
3461344|1|1|1|91.052359159|27|1|1|1|2|2|1|1
3461345|1|1|1|73.448893274|27|1|1|1|2|2|1|1
3461346|1|1|1|93.281593638|27|1|1|1|2|2|1|1
3461347|1|1|1|145.40852439|27|2|1|1|2|1|1|1
3461348|1|1|1|81.187484827|27|1|1|1|2|2|1|1
3461349|1|1|1|86.5632687|27|1|1|1|2|2|1|2
3461350|1|1|1|80.746185082|27|2|1|1|2|2|1|1
3461351|1|1|1|106.16683182|27|1|1|1|2|2|1|1
3461352|1|1|1|142.74796888|27|1|1|1|2|2|1|1
3461354|1|1|1|85.802630951|27|1|1|1|2|2|1|1
3461355|1|1|1|39.967279267|27|1|1|1|2|2|1|2
3461356|1|1|1|64.495421071|27|2|1|1|2|2|1|2
3461357|1|1|1|56.198985473|27|1|1|1|2|2|1|2
3461358|1|1|1|66.07446216|27|1|1|1|2|2|1|2
3461359|1|1|1|48.380758044|27|1|1|1|2|2|1|2
3461360|1|1|1|58.774255523|27|1|1|1|2|2|1|1
3461361|1|1|1|103.71927445|27|2|1|1|2|2|1|2
3461362|1|1|1|100.15036643|27|1|1|1|2|2|1|1
3461363|1|1|1|231.26749594|27|2|1|1|2|2|1|2
3461364|1|1|1|195.48056142|27|2|1|1|2|2|1|2
3461365|1|1|1|64.255074953|27|1|1|1|2|2|1|2
3461366|1|1|1|64.255074953|27|1|1|1|2|2|1|2
3461367|1|1|1|141.3928675|27|2|1|1|2|2|1|2
3461368|1|1|1|64.255074953|27|1|1|1|2|2|1|1
3461369|1|1|1|155.06765703|27|2|1|1|2|1|1|1
3461370|1|1|1|69.146182968|27|2|1|1|2|1|1|1
3461371|1|1|1|51.31993476|27|2|1|1|2|1|1|1
3461372|1|1|1|94.261911668|27|2|1|1|2|1|1|1
3461373|1|1|1|117.99098717|27|2|1|1|2|1|1|1
3461374|1|1|1|97.837390593|27|2|1|1|2|1|1|1
3461375|1|1|1|154.27469393|27|2|1|1|2|2|1|1
3461376|1|1|1|72.13605725|27|2|1|1|2|2|1|2
3461377|1|1|1|42.836716635|27|1|1|1|2|2|1|2
3461378|1|1|1|80.953993466|27|1|1|1|2|2|1|2
3461379|1|1|1|72.13605725|27|1|1|1|2|2|1|2
3461380|1|1|1|72.13605725|27|1|1|1|2|2|1|2
3461381|1|1|1|271.79136737|41|2|1|4|1|1|1|1
3461382|1|1|1|263.22506728|41|2|1|4|1|1|1|1
3461383|1|1|1|238.52168638|41|1|1|2|1|1|1|1
3461384|1|1|1|234.80634292|41|1|1|2|1|1|1|1
3461385|1|1|1|168.55162032|41|2|1|3|1|1|1|1
3461386|1|1|1|373.02234397|41|2|1|3|1|1|1|1
3461387|1|1|1|193.07525984|41|2|1|2|1|1|1|1
3461388|1|1|1|193.07525984|41|1|1|2|1|1|1|1
3461389|1|1|1|148.21674686|44|2|1|1|1|1|1|1
3461390|1|1|1|80.680526119|44|2|1|1|1|1|1|1
3461391|1|1|1|71.880361314|44|2|1|1|1|1|1|1
3461392|1|1|1|56.030112696|44|1|1|1|1|1|1|1
3461393|1|1|1|70.213495896|44|2|1|1|1|1|1|1
3461394|1|1|1|107.59801577|44|1|1|1|2|2|1|2
3461395|1|1|1|63.966520204|44|1|1|1|2|1|1|2
3461396|1|1|1|91.085922546|44|1|1|2|1|1|1|1
3461397|1|1|1|99.805877457|44|1|1|2|1|1|1|1
3461398|1|1|1|44.496569007|44|1|1|2|1|1|1|1
3461399|1|1|1|167.68182528|44|1|1|1|1|2|1|1
3461400|1|1|1|59.61588271|44|1|1|1|2|2|1|1
3461401|1|1|1|76.957110599|44|1|1|1|2|2|1|1
3461402|1|1|1|154.60189291|44|1|1|1|2|2|1|1
3461403|1|1|1|146.94083461|44|1|1|0|2|2|2|1
3461404|1|1|1|122.31946794|44|1|1|1|1|2|1|1
3461405|1|1|1|52.163237437|44|1|1|1|2|2|2|2
3461406|1|1|1|179.22325958|44|1|1|1|2|2|1|1
3461407|1|1|1|180.82477307|44|1|1|1|2|2|1|2
3461408|1|1|1|52.163237437|44|1|1|1|1|2|1|1
3461409|1|1|1|52.163237437|44|2|1|1|1|2|1|1
3461410|1|1|1|68.904038352|44|1|1|1|1|2|1|1
3461411|1|1|1|52.163237437|44|1|1|0|2|2|1|2
3461413|1|1|1|73.817099049|44|1|1|1|1|2|1|2
3461414|1|1|1|52.163237437|44|1|1|1|2|2|1|1
3461415|1|1|1|97.698101268|44|1|1|1|2|2|1|1
3461416|1|1|1|83.605468177|44|1|1|1|1|2|1|1
3461417|1|1|1|207.18140464|47|2|1|2|1|1|1|1
3461418|1|1|1|273.18655898|47|1|1|2|1|1|1|1
3461419|1|1|1|248.32400739|47|1|1|2|1|1|1|1
3461420|1|1|1|453.68875096|47|2|1|1|1|1|1|1
3461421|1|1|1|304.13526795|47|1|1|1|1|1|1|1
3461422|1|1|1|343.26425839|47|2|1|3|1|1|1|1
3461423|1|1|1|463.21083112|47|2|1|3|1|1|1|1
3461424|1|1|1|522.05797531|47|2|1|3|1|1|1|1
3461425|1|1|1|491.36824629|47|1|1|3|1|1|1|1
3461426|1|1|1|394.04378625|47|2|1|3|1|1|1|1
3461427|1|1|1|388.02088178|47|2|1|3|1|1|1|1
3461428|1|1|1|425.50693638|47|1|1|3|1|1|1|1
3461429|1|1|1|452.89093044|47|2|1|3|1|1|1|1
3461430|1|1|1|245.86162453|47|1|1|1|1|1|1|1
3461431|1|1|1|323.78774834|47|1|1|1|1|1|1|1
3461432|1|1|1|328.2996902|47|2|1|1|1|1|1|1
3461433|1|1|1|355.10179051|47|2|1|1|1|1|1|1
3461434|1|1|1|248.22804957|47|1|1|1|1|1|1|1
3461435|1|1|1|258.18196118|47|1|1|1|1|1|1|1
3461436|1|1|1|355.10179051|47|1|1|1|1|1|1|1
3461437|1|1|1|195.73195866|47|2|1|1|1|1|1|1
3461438|1|1|1|293.12333405|47|1|1|1|1|1|1|1
3461439|1|1|1|272.02255479|47|2|1|1|1|1|1|1
3461440|1|1|1|397.65879384|47|2|1|3|1|1|1|1
3461441|1|1|1|366.40130547|47|2|1|3|1|1|1|1
3461442|1|1|1|287.22809902|47|2|1|3|1|1|1|1
3461443|1|1|1|309.41318563|47|1|1|3|1|1|1|1
3461444|1|1|1|433.29376285|47|1|1|3|1|1|1|1
3461445|1|1|1|387.4733516|47|2|1|3|1|1|1|1
3461446|1|1|1|348.46170406|47|2|1|3|1|1|1|1
3461447|1|1|1|307.01657774|50|1|1|1|2|2|2|2
3461449|1|1|1|546.28617865|50|1|1|1|2|2|2|2
3461450|1|1|1|455.83481316|50|1|1|1|2|2|2|2
3461451|1|1|1|334.75680899|50|1|1|1|2|2|2|2
3461453|1|1|1|341.6372314|50|2|1|1|2|2|2|2
3461454|1|1|1|479.50933474|50|1|1|1|2|2|2|2
3461455|1|1|1|430.61800776|50|1|1|1|2|2|2|2
3461456|1|1|1|362.42647853|50|1|1|1|2|2|2|2
3461457|1|1|1|339.59977409|50|2|1|3|1|1|1|1
3461458|1|1|1|339.65244544|50|2|1|3|1|1|1|1
3461459|1|1|1|522.09581746|50|1|1|3|1|1|1|1
3461460|1|1|1|396.3074198|50|1|1|3|1|1|1|1
3461461|1|1|1|297.00383978|50|1|1|3|1|1|1|1
3461462|1|1|1|311.05260386|50|1|1|2|1|1|1|1
3461464|1|1|1|264.6816143|52|1|1|2|1|1|1|1
3461465|1|1|1|319.08328417|52|2|1|2|2|1|1|1
3461466|1|1|1|108.46106369|52|2|1|2|1|1|1|1
3461467|1|1|1|221.84671635|52|1|1|2|1|1|1|1
3461468|1|1|1|248.99246599|52|2|1|2|2|1|1|1
3461469|1|1|1|230.02050125|52|1|1|2|2|1|1|1
3461471|1|1|1|302.46002134|52|1|1|2|2|1|1|1
3461472|1|1|1|287.04551529|52|2|1|2|2|1|1|1
3461473|1|1|1|248.70904556|52|1|1|2|1|1|1|1
3461474|1|1|1|177.45567383|52|4|1|2|2|1|1|1
3461475|1|1|1|312.42162311|52|4|1|2|2|1|1|1
3461476|1|1|1|307.86786489|52|1|1|2|2|1|1|1
3461477|1|1|1|177.45567383|52|4|1|2|2|1|1|1
3461478|1|1|1|177.45567383|52|4|1|2|2|1|1|1
3461479|1|1|1|312.42162311|52|4|1|2|2|1|1|1
3461480|1|1|1|177.45567383|52|4|1|2|2|1|1|1
3461481|1|1|1|210.84284081|52|2|1|4|1|1|1|1
3461482|1|1|1|135.75116185|52|2|1|4|2|1|1|1
3461483|1|1|1|247.49431063|52|2|1|4|2|1|1|1
3461484|1|1|1|225.69103201|52|2|1|4|1|1|1|1
3461485|1|1|1|247.49431063|52|2|1|4|2|1|1|1
3461486|1|1|1|262.29240786|52|1|1|2|1|1|1|1
3461487|1|1|1|224.87273526|52|1|1|2|2|1|1|1
3461488|1|1|1|235.11398466|52|2|1|2|1|1|1|1
3461489|1|1|1|122.6490081|52|2|1|2|1|1|1|1
3461490|1|1|1|209.59046882|52|2|1|2|1|1|1|1
3461491|1|1|1|257.80287018|52|2|1|2|1|1|1|1
3461492|1|1|1|248.44904171|52|2|1|2|2|1|1|1
3461493|1|1|1|293.62065399|52|2|1|3|1|1|1|1
3461494|1|1|1|226.41954854|52|2|1|3|2|1|1|1
3461495|1|1|1|276.34338396|52|2|1|3|1|1|1|1
3461496|1|1|1|328.79503787|52|1|1|3|1|1|1|1
3461497|1|1|1|329.54885204|52|2|1|3|2|1|1|1
3461498|1|1|1|328.63291413|52|2|1|3|2|1|1|1
3461499|1|1|1|154.87060555|52|2|1|2|2|1|1|1
3461500|1|1|1|244.33689305|52|2|1|2|1|1|1|1
3461501|1|1|1|105.27103241|52|2|1|2|2|1|1|1
3461502|1|1|1|233.77890825|52|2|1|2|1|1|1|1
3461503|1|1|1|282.35574773|52|2|1|2|2|1|1|1
3461504|1|1|1|272.79625151|52|2|1|2|2|1|1|1
3461505|1|1|1|219.90171021|52|2|1|2|1|1|1|1
3461506|1|1|1|300.13849232|52|1|1|2|2|1|1|1
3461507|1|1|1|200.42775768|52|1|1|2|1|1|1|1
3461508|1|1|1|251.73835599|52|1|1|2|1|1|1|1
3461509|1|1|1|159.89711722|52|2|1|2|1|1|1|1
3461510|1|1|1|479.90071343|54|1|1|3|1|1|1|1
3461511|1|1|1|479.90071343|54|1|1|3|1|1|1|1
3461512|1|1|1|534.6273569|54|2|1|3|1|1|1|1
3461513|1|1|1|303.93711851|54|2|1|2|2|1|1|1
3461514|1|1|1|303.93711851|54|2|1|2|1|1|1|1
3461515|1|1|1|303.93711851|54|2|1|2|1|1|1|1
3461516|1|1|1|303.93711851|54|1|1|2|1|1|1|1
3461517|1|1|1|303.93711851|54|1|1|2|2|1|1|1
3461518|1|1|1|592.61222648|54|2|1|2|1|1|1|1
3461519|1|1|1|821.11597768|54|2|1|2|2|1|1|1
3461520|1|1|1|303.93711851|54|1|1|2|2|1|1|1
3461521|1|1|1|303.93711851|54|1|1|2|1|1|1|1
3461522|1|1|1|1215.748474|54|2|1|2|2|1|1|1
3461523|1|1|1|615.46490021|54|1|1|2|1|1|1|1
3461524|1|1|1|1179.8463621|54|2|1|2|1|1|1|1
3461525|1|1|1|333.7944699|54|1|1|2|1|1|1|1
3461526|1|1|1|625.29168408|54|2|1|2|1|1|1|1
3461527|1|1|1|661.83018231|54|1|1|2|1|1|1|1
3461528|1|1|1|294.96159054|54|1|1|2|1|1|1|1
3461529|1|1|1|328.59825193|54|2|1|2|1|1|1|1
3461530|1|1|1|1031.3998872|54|1|1|2|1|1|1|1
3461531|1|1|1|156.59878515|63|2|1|2|1|1|1|1
3461532|1|1|1|212.77244244|63|1|1|2|1|1|1|1
3461534|1|1|1|246.29238068|63|1|1|3|1|1|1|1
3461535|1|1|1|229.94017935|63|1|1|3|1|1|1|1
3461536|1|1|1|283.29897686|63|1|1|3|1|1|1|1
3461537|1|1|1|303.13372838|63|1|1|3|1|1|1|1
3461539|1|1|1|229.94017935|63|1|1|2|1|1|1|1
3461540|1|1|1|209.01635862|63|1|1|2|1|1|1|1
3461541|1|1|1|285.87385775|63|1|1|2|1|1|1|1
3461542|1|1|1|248.6899694|63|1|1|2|1|1|1|1
3461543|1|1|1|343.35538764|63|1|1|1|1|1|1|1
3461544|1|1|1|275.01077127|63|1|1|1|2|1|1|1
3461545|1|1|1|231.31111346|63|2|1|1|2|1|1|1
3461546|1|1|1|257.91315746|63|2|1|1|2|1|1|1
3461547|1|1|1|257.91315746|63|2|1|1|2|1|1|1
3461548|1|1|1|162.47961056|63|2|1|1|1|1|1|1
3461549|1|1|1|165.47128391|63|1|1|1|1|1|1|1
3461550|1|1|1|223.41617689|63|1|1|1|2|1|1|1
3461551|1|1|1|238.80837354|63|1|1|2|1|1|1|1
3461552|1|1|1|282.54531295|63|2|1|5|1|1|1|1
3461553|1|1|1|285.57391668|63|2|1|5|1|1|1|1
3461554|1|1|1|264.29905201|63|2|1|5|1|1|1|1
3461555|1|1|1|242.23017073|63|2|1|3|1|1|1|1
3461556|1|1|1|194.01444823|63|2|1|3|1|1|1|1
3461557|1|1|1|218.50170868|63|1|1|2|1|1|1|1
3461558|1|1|1|256.35034871|63|1|1|3|1|1|1|1
3461559|1|1|1|313.49618803|63|1|1|3|1|1|1|1
3461560|1|1|1|373.67959359|63|1|1|3|1|1|1|1
3461561|1|1|1|962.02387993|66|2|1|3|1|1|1|1
3461562|1|1|1|463.92557974|66|2|1|3|1|1|1|1
3461563|1|1|1|478.63439601|66|2|1|3|1|1|1|2
3461564|1|1|1|534.23444592|66|2|1|3|1|1|1|1
3461565|1|1|1|599.41806226|66|1|1|3|1|1|1|1
3461566|1|1|1|616.48493102|66|1|1|2|1|1|1|1
3461567|1|1|1|307.17741944|66|2|1|2|1|1|1|1
3461568|1|1|1|689.54633686|66|2|1|2|1|1|1|1
3461569|1|1|1|450.69958306|66|1|1|2|2|1|1|1
3461570|1|1|1|664.70266161|66|2|1|2|1|1|1|1
3461571|1|1|1|434.96156598|66|2|1|2|1|1|1|1
3461572|1|1|1|703.55865621|66|2|1|2|1|1|1|1
3461573|1|1|1|575.6734768|66|1|1|3|1|1|1|1
3461574|1|1|1|298.80113809|66|1|1|3|1|1|1|1
3461575|1|1|1|417.06061826|66|1|1|3|1|1|1|1
3461576|1|1|1|322.41967563|66|1|1|3|1|1|1|1
3461577|1|1|1|368.89945864|66|1|1|3|1|1|1|1
3461578|1|1|1|535.45219013|66|1|1|3|1|1|1|1
3461579|1|1|1|551.92284757|66|1|1|3|1|1|1|1
3461580|1|1|1|322.41967563|66|2|1|3|1|1|1|1
3461581|1|1|1|457.14981324|66|2|1|3|1|1|1|1
3461582|1|1|1|541.71870718|66|1|1|3|1|1|1|1
3461583|1|1|1|1453.6257342|68|2|1|4|1|1|1|1
3461584|1|1|1|766.43586942|68|2|1|4|1|1|1|1
3461585|1|1|1|1426.4416028|68|1|1|3|1|1|1|1
3461586|1|1|1|563.70061029|68|2|1|3|1|1|1|1
3461587|1|1|1|563.70061029|68|1|1|3|1|1|1|1
3461588|1|1|1|663.50272846|68|2|1|2|1|1|1|1
3461589|1|1|1|414.74438077|68|2|1|2|1|1|1|1
3461590|1|1|1|1132.5447167|68|2|1|4|1|1|1|1
3461591|1|1|1|1026.4353749|68|2|1|4|1|1|1|1
3461592|1|1|1|466.47576384|68|2|1|4|1|1|1|1
3461593|1|1|1|343.40665875|68|2|1|4|1|1|1|1
3461594|1|1|1|587.69713418|68|2|1|4|1|1|1|1
3461595|1|1|1|1188.4425864|68|2|1|4|1|1|1|1
3461596|1|1|1|618.88214593|68|1|1|3|1|1|1|1
3461597|1|1|1|1067.23373|68|2|1|4|1|1|1|1
3461598|1|1|1|662.04972944|68|2|1|3|1|1|1|1
3461599|1|1|1|662.04972944|68|2|1|4|1|1|1|1
3461600|1|1|1|1059.1386459|68|2|1|4|1|1|1|1
3461601|1|1|1|804.11821655|68|2|1|4|1|1|1|1
3461602|1|1|1|1521.9916478|68|2|1|4|1|1|1|1
3461603|1|1|1|380.49791194|68|2|1|4|1|1|1|1
3461604|1|1|1|380.49791194|68|2|1|4|1|1|1|1
3461605|1|1|1|380.49791194|68|2|1|4|1|1|1|1
3461606|1|1|1|1406.4133551|68|2|1|4|1|1|1|1
3461607|1|1|1|380.49791194|68|2|1|4|1|1|1|1
3461608|1|1|1|1316.805924|68|2|1|4|1|1|1|1
3461609|1|1|1|651.17413047|68|2|1|4|1|1|1|1
3461610|1|1|1|380.49791194|68|2|1|4|1|1|1|1
3461611|1|1|1|1232.3054923|68|2|1|1|1|1|1|1
3461612|1|1|1|1180.1411601|68|1|1|4|1|1|1|1
3461613|1|1|1|427.79917732|68|1|1|5|1|1|1|1
3461614|1|1|1|1440.0918546|68|2|1|3|1|1|1|1
3461615|1|1|1|944.85570287|68|1|1|2|1|1|1|1
3461616|1|1|1|1283.4704118|68|1|1|1|1|1|1|1
3461617|1|1|1|112.83787919|70|1|1|2|1|1|1|1
3461618|1|1|1|130.47218575|70|1|1|2|1|1|1|1
3461619|1|1|1|121.97788509|70|1|1|2|1|1|1|1
3461620|1|1|1|133.13378146|70|1|1|2|1|1|1|1
3461621|1|1|1|135.58035689|70|2|1|2|1|1|1|1
3461622|1|1|1|229.73497595|70|2|1|2|1|1|1|1
3461623|1|1|1|181.85302757|70|2|1|2|1|1|1|1
3461624|1|1|1|204.71326149|70|2|1|2|1|1|1|1
3461625|1|1|1|194.04404055|70|2|1|2|1|1|1|1
3461626|1|1|1|166.61471985|70|2|1|2|1|1|1|1
3461627|1|1|1|154.6706052|70|2|1|2|1|1|1|1
3461628|1|1|1|163.27283964|70|2|1|2|1|1|1|1
3461629|1|1|1|182.2505898|70|1|1|2|1|1|1|1
3461630|1|1|1|424.24278946|73|2|1|2|1|1|1|1
3461631|1|1|1|343.1796343|73|2|1|2|1|1|1|1
3461632|1|1|1|462.65673918|73|1|1|1|1|1|1|1
3461633|1|1|1|383.44044968|73|2|1|2|1|1|1|1
3461634|1|1|1|323.34962246|73|2|1|2|1|1|1|1
3461636|1|1|1|307.35704667|73|2|1|2|1|1|1|1
3461637|1|1|1|588.37443215|73|2|1|2|1|1|1|1
3461638|1|1|1|330.21042724|73|2|1|3|1|1|1|1
3461639|1|1|1|251.73249155|73|2|1|2|1|1|1|1
3461640|1|1|1|291.40196992|73|2|1|3|1|1|1|1
3461641|1|1|1|385.01389903|73|2|1|2|1|1|1|1
3461642|1|1|1|301.25767551|73|2|1|2|1|1|1|1
3461643|1|1|1|408.39341186|73|1|1|1|2|1|1|1
3461644|1|1|1|255.17899238|73|1|1|1|1|1|1|1
3461645|1|1|1|313.3902154|73|2|1|2|1|1|1|1
3461646|1|1|1|287.88751394|73|2|1|1|1|1|1|1
3461647|1|1|1|380.09271446|73|1|1|3|2|1|1|1
3461648|1|1|1|364.36984724|73|1|1|2|1|1|1|1
3461649|1|1|1|374.51929614|73|1|1|2|1|1|1|1
3461650|1|1|1|259.47838371|73|1|1|2|1|1|1|1
3461651|1|1|1|274.70823092|73|1|1|2|1|1|1|1
3461652|1|1|1|312.21639634|73|1|1|1|1|1|1|1
3461653|1|1|1|330.50704812|73|2|1|2|1|1|1|1
3461654|1|1|1|398.96449359|73|1|1|2|1|1|1|1
3461655|1|1|1|524.77018938|73|1|1|2|1|1|1|1
3461656|1|1|1|410.34376081|73|2|1|2|1|1|1|1
3461657|1|1|1|466.47742229|73|2|1|2|1|1|1|1
3461658|1|1|1|305.85308608|73|2|1|2|1|1|1|1
3461659|1|1|1|466.51020733|73|2|1|2|1|1|1|1
3461660|1|1|1|470.58600643|73|2|1|2|1|1|1|1
3461661|1|1|1|427.55019773|73|2|1|2|1|1|1|1
3461662|1|1|1|352.08377876|73|2|1|2|1|1|1|1
3461663|1|1|1|466.47742229|73|2|1|2|1|1|1|1
3461664|1|1|1|2065.6051993|76|2|1|4|1|1|1|1
3461665|1|1|1|1803.3313258|76|2|1|4|1|1|1|1
3461666|1|1|1|2374.1902978|76|2|1|4|1|1|1|1
3461667|1|1|1|1989.1013031|76|2|1|1|2|1|1|1
3461668|1|1|1|2891.8359943|76|3|1|1|2|1|1|1
3461669|1|1|1|2046.8798329|76|3|1|1|2|1|1|1
3461670|1|1|1|5712.3390379|76|3|1|1|2|1|1|1
3461671|1|1|1|1705.8296621|76|2|1|3|1|1|1|1
3461672|1|1|1|785.72670912|76|2|1|3|1|1|1|1
3461673|1|1|1|1926.4663147|76|1|1|3|1|1|1|1
3461674|1|1|1|1926.4663147|76|2|1|3|1|1|1|1
3461675|1|1|1|856.25005013|76|2|1|3|1|1|1|1
3461676|1|1|1|3570.2118987|76|1|1|3|1|1|1|1
3461677|1|1|1|2012.6037583|76|2|1|1|1|1|1|1
3461678|1|1|1|1758.6594799|76|2|1|1|1|1|1|1
3461679|1|1|1|1758.6594799|76|2|1|1|1|1|1|1
3461680|1|1|1|1041.8286413|76|2|1|1|1|1|1|1
3461681|1|1|1|19.950688746|88|2|1|4|2|1|1|2
3461682|1|1|1|32.339272711|88|2|1|3|2|1|1|1
3461683|1|1|1|29.771104717|88|1|1|4|2|1|1|1
3461684|1|1|1|29.195328712|88|2|1|3|2|1|1|1
3461685|1|1|1|30.84077235|88|1|1|3|2|1|1|1
3461686|1|1|1|26.918628767|88|2|1|2|2|2|1|2
3461687|1|1|1|19.418903726|88|1|1|2|2|2|1|2
3461688|1|1|1|38.784789182|88|1|1|2|2|2|1|2
3461689|1|1|1|20.307421961|88|2|1|2|2|2|1|2
3461690|1|1|1|29.817402821|88|2|1|2|2|2|1|2
3461691|1|1|1|26.668391482|88|2|1|2|2|2|1|2
3461692|1|1|1|26.030110531|88|2|1|2|2|2|1|2
3461693|1|1|1|34.553838206|88|2|1|2|2|2|1|2
3461694|1|1|1|26.175264889|88|1|1|2|2|2|1|2
3461695|1|1|1|29.817402821|88|2|1|2|2|2|1|2
3461696|1|1|1|30.948810364|88|2|1|2|2|2|1|2
3461697|1|1|1|34.162534204|88|2|1|2|2|2|1|2
3461698|1|1|1|34.553838206|88|2|1|2|2|2|1|2
3461699|1|1|1|46.787815615|88|1|1|2|2|2|1|2
3461700|1|1|1|43.195570496|88|2|1|1|2|1|1|1
3461701|1|1|1|55.253018113|88|2|1|2|2|1|1|1
3461702|1|1|1|33.548715514|88|2|1|2|2|1|1|1
3461703|1|1|1|33.548715514|88|2|1|2|2|1|1|1
3461704|1|1|1|30.65069108|88|1|1|3|2|1|1|1
3461705|1|1|1|32.945187446|88|2|1|1|2|1|1|1
3461706|1|1|1|46.964565868|88|2|1|2|2|1|1|1
3461707|1|1|1|21.4466501|88|1|1|3|2|1|1|1
3461708|1|1|1|31.857747217|88|2|1|1|2|2|1|2
3461709|1|1|1|33.548715514|88|2|1|3|2|1|1|1
3461710|1|1|1|31.857747217|88|2|1|3|2|1|1|1
3461711|1|1|1|50.243029729|88|1|1|1|2|2|1|2
3461712|1|1|1|36.82176093|88|1|1|1|2|2|1|2
3461713|1|1|1|46.41560356|88|1|1|1|2|2|1|2
3461714|1|1|1|47.011562989|88|1|1|1|2|2|1|2
3461715|1|1|1|90.234730724|88|1|1|2|2|2|1|2
3461716|1|1|1|77.742935169|88|1|1|2|2|2|1|2
3461717|1|1|1|40.574271062|88|2|1|1|2|2|1|2
3461718|1|1|1|37.383012492|88|1|1|1|2|2|1|2
3461719|1|1|1|37.383012492|88|2|1|1|2|2|1|2
3461720|1|1|1|44.991421951|88|2|1|1|2|2|1|2
3461721|1|1|1|34.366976868|88|2|1|1|2|2|1|2
3461722|1|1|1|28.469325416|88|2|1|1|2|2|1|2
3461723|1|1|1|43.259210524|88|2|1|1|2|2|1|2
3461724|1|1|1|34.05324654|88|2|1|1|2|2|1|2
3461725|1|1|1|32.634765441|88|1|1|2|2|2|1|2
3461726|1|1|1|43.259210524|88|1|1|1|2|2|1|2
3461727|1|1|1|35.723438502|88|2|1|1|2|1|1|1
3461728|1|1|1|26.118865724|88|2|1|1|2|2|1|2
3461729|1|1|1|32.016517176|88|2|1|1|2|2|1|2
3461730|1|1|1|43.321229989|88|2|1|1|2|2|1|2
3461733|1|1|1|3264.9733998|05|2|1|2|2|1|1|1
3461734|1|1|1|3881.7742683|05|2|1|2|1|1|1|1
3461735|1|1|1|3201.9451223|05|2|1|2|1|1|1|1
3461736|1|1|1|7177.0342437|05|2|1|2|2|1|1|1
3461737|1|1|1|6920.5869521|05|2|1|2|1|1|1|1
3461738|1|1|1|6296.5753144|05|2|1|2|1|1|1|1
3461739|1|1|1|3137.1185988|05|2|1|2|1|1|1|1
3461740|1|1|1|2207.5519909|05|2|1|2|1|1|1|1
3461741|1|1|1|1801.43085|05|2|1|4|1|1|1|1
3461742|1|1|1|2383.4281099|05|2|1|4|1|1|1|1
3461743|1|1|1|2145.6798675|05|2|1|4|1|1|1|1
3461744|1|1|1|2865.644787|05|3|1|4|1|1|1|1
3461745|1|1|1|1266.2115159|05|2|1|4|1|1|1|1
3461746|1|1|1|1801.43085|05|2|1|4|1|1|1|1
3461747|1|1|1|1501.0140597|05|2|1|4|1|1|1|1
3461748|1|1|1|1130.7291454|05|2|1|4|1|1|1|1
3461749|1|1|1|1542.5587619|05|2|1|4|1|1|1|1
3461750|1|1|1|3078.5543999|05|2|1|3|1|1|1|1
3461751|1|1|1|4111.5375605|05|2|1|3|1|1|1|1
3461754|1|1|1|7001.6555873|05|2|1|2|1|1|1|1
3461757|1|1|1|3078.5543999|05|2|1|3|1|1|1|1
3461760|1|1|1|2921.5240209|05|2|1|3|1|1|1|1
3461767|1|1|1|2488.4133858|05|2|1|2|1|1|1|1
3461768|1|1|1|2423.5868623|05|2|1|2|2|1|1|1
3461769|1|1|1|3201.9451223|05|2|1|2|2|2|1|1
3461770|1|1|1|3708.2345863|05|2|1|2|1|1|1|1
3461772|1|1|1|7177.0342437|05|2|1|2|1|1|1|1
3461773|1|1|1|7013.2397984|05|2|1|2|1|1|1|1
3461774|1|1|1|7177.0342437|05|2|1|2|2|1|1|1
3461775|1|1|1|4214.5240504|05|2|1|2|1|1|1|1
3461777|1|1|1|2630.8291347|05|2|1|2|1|1|1|1
3461778|1|1|1|2994.7028499|05|2|1|2|1|1|1|1
3461779|1|1|1|1843.6782757|05|2|1|2|1|1|1|1
3461780|1|1|1|3787.8826273|05|2|1|2|1|1|1|1
3461781|1|1|1|3201.9451223|05|2|1|2|1|1|1|1
3461783|1|1|1|937.00034942|08|1|1|5|1|1|1|1
3461784|1|1|1|1954.6412181|08|1|1|5|1|1|1|1
3461785|1|1|1|752.93747662|08|1|1|5|1|1|1|1
3461786|1|1|1|1505.3692273|08|1|1|5|1|1|1|1
3461787|1|1|1|1347.4358081|08|1|1|5|1|1|1|1
3461788|1|1|1|916.87753685|08|1|1|5|1|1|1|1
3461789|1|1|1|1534.883914|08|1|1|1|1|1|1|1
3461790|1|1|1|1477.6215198|08|2|1|1|1|1|1|1
3461791|1|1|1|973.54666684|08|1|1|1|1|1|1|1
3461792|1|1|1|894.94944134|08|2|1|1|1|1|1|1
3461793|1|1|1|1184.4016018|08|2|1|1|1|1|1|1
3461794|1|1|1|566.82229357|08|1|1|1|1|1|1|1
3461795|1|1|1|1035.3339603|08|2|1|1|1|1|1|1
3461796|1|1|1|1537.6313385|08|1|1|1|1|1|1|1
3461797|1|1|1|1333.691574|08|2|1|1|1|1|1|1
3461798|1|1|1|990.51841945|08|2|1|1|1|1|1|1
3461799|1|1|1|8890.544253|11|2|1|1|1|1|1|1
3461800|1|1|1|7759.3972366|11|2|1|1|1|1|1|1
3461801|1|1|1|5497.0684219|11|2|1|1|1|1|1|1
3461802|1|1|1|8317.3850087|11|2|1|1|1|1|1|1
3461803|1|1|1|5145.8095053|11|2|1|1|1|1|1|1
3461804|1|1|1|9201.4825574|11|1|1|2|1|1|1|1
3461805|1|1|1|5692.1615551|11|2|1|2|1|1|1|1
3461806|1|1|1|5893.2027609|11|2|1|3|1|1|1|1
3461807|1|1|1|8873.0077407|11|2|1|3|1|1|1|1
3461808|1|1|1|7741.7378457|11|2|1|3|1|1|1|1
3461809|1|1|1|7464.0655229|11|2|1|3|1|1|1|1
3461810|1|1|1|6954.6089097|11|1|1|3|1|1|1|1
3461811|1|1|1|12394.042558|11|2|1|3|1|1|1|1
3461812|1|1|1|5706.3457721|11|2|1|3|1|1|1|1
3461813|1|1|1|7046.2439967|11|2|1|3|1|1|1|1
3461814|1|1|1|6835.4241207|11|2|1|6|1|1|1|1
3461815|1|1|1|7366.6320435|11|2|1|6|1|1|1|1
3461816|1|1|1|5960.7925896|11|2|1|6|1|1|1|1
3461817|1|1|1|328.85810569|13|2|1|3|1|1|1|1
3461818|1|1|1|868.26695311|13|2|1|3|1|1|1|1
3461819|1|1|1|1315.4324228|13|1|1|3|1|1|1|1
3461820|1|1|1|328.85810569|13|2|1|3|1|1|1|1
3461821|1|1|1|493.04434002|13|1|1|3|1|1|1|1
3461822|1|1|1|641.59652291|13|1|1|3|1|1|1|1
3461823|1|1|1|567.82389886|13|1|1|3|1|1|1|1
3461824|1|1|1|386.61190612|13|1|1|3|1|1|1|1
3461825|1|1|1|614.73598468|13|2|1|3|1|1|1|1
3461826|1|1|1|319.71593128|13|2|1|3|1|1|1|1
3461827|1|1|1|753.26767904|13|2|1|3|1|1|1|1
3461828|1|1|1|1188.3225331|13|1|1|3|1|1|1|1
3461829|1|1|1|703.92304228|13|1|1|3|1|1|1|1
3461830|1|1|1|716.00304556|13|2|1|3|1|1|1|1
3461831|1|1|1|1149.273413|13|2|1|2|1|1|1|1
3461832|1|1|1|550.08394783|13|2|1|2|1|1|1|1
3461833|1|1|1|891.21794168|13|2|1|1|1|1|1|1
3461834|1|1|1|1289.3391118|13|2|1|1|1|1|1|1
3461835|1|1|1|878.19426383|13|2|1|1|1|1|1|1
3461836|1|1|1|659.30952947|13|2|1|1|1|1|1|1
3461837|1|1|1|629.21735933|13|2|1|1|1|1|1|1
3461838|1|1|1|686.08025385|13|1|1|1|1|1|1|1
3461839|1|1|1|67.389959849|15|2|1|3|1|1|1|1
3461840|1|1|1|67.389959849|15|2|1|3|1|1|1|1
3461841|1|1|1|197.35911242|15|2|1|3|1|1|1|1
3461842|1|1|1|141.25761489|15|2|1|3|1|1|1|1
3461843|1|1|1|196.49205973|15|1|1|2|1|1|1|1
3461844|1|1|1|77.669313684|15|2|1|2|1|1|1|1
3461845|1|1|1|64.378118068|15|2|1|2|1|1|1|1
3461846|1|1|1|175.77099259|15|2|1|2|1|1|1|1
3461847|1|1|1|64.378118068|15|1|1|2|1|1|1|1
3461848|1|1|1|203.80976161|15|2|1|2|1|1|1|1
3461849|1|1|1|356.82714539|15|2|1|3|1|1|1|1
3461850|1|1|1|213.54889722|15|1|1|3|1|1|1|1
3461851|1|1|1|109.49007399|15|1|1|3|1|1|1|1
3461852|1|1|1|165.17770279|15|2|1|2|1|1|1|1
3461853|1|1|1|143.83336636|15|2|1|5|1|1|1|1
3461854|1|1|1|210.92519111|15|2|1|4|1|1|1|1
3461855|1|1|1|139.5125907|15|2|1|4|1|1|1|1
3461856|1|1|1|222.15802407|15|2|1|5|1|1|1|1
3461857|1|1|1|165.20088785|15|1|1|2|1|1|1|1
3461858|1|1|1|351.14524726|17|2|1|6|1|1|1|1
3461859|1|1|1|535.0156717|17|2|1|6|1|1|1|1
3461860|1|1|1|535.0156717|17|2|1|6|1|1|1|1
3461861|1|1|1|432.31727044|17|2|1|6|1|1|1|1
3461862|1|1|1|504.08587756|17|2|1|5|1|1|1|1
3461863|1|1|1|477.92523514|17|2|1|5|1|1|1|1
3461864|1|1|1|428.74440043|17|2|1|6|1|1|1|1
3461865|1|1|1|530.59405458|17|2|1|6|1|1|1|1
3461866|1|1|1|428.74440043|17|2|1|6|1|1|1|1
3461867|1|1|1|491.43794805|17|2|1|6|1|1|1|1
3461868|1|1|1|540.7023618|17|1|1|1|1|1|1|1
3461869|1|1|1|479.48633475|17|1|1|1|1|1|1|1
3461870|1|1|1|371.5290641|17|1|1|1|1|1|1|1
3461871|1|1|1|388.46889011|17|2|1|1|1|1|1|1
3461872|1|1|1|427.24436624|17|1|1|1|2|1|1|1
3461873|1|1|1|289.35253378|17|2|1|1|2|1|1|1
3461874|1|1|1|402.84169745|17|2|1|1|1|1|1|1
3461875|1|1|1|178.29028828|17|2|1|1|1|1|1|1
3461876|1|1|1|441.58600547|17|2|1|1|1|1|1|1
3461877|1|1|1|314.58537937|17|2|1|1|1|1|1|1
3461878|1|1|1|137.37710756|18|1|1|1|1|1|1|1
3461879|1|1|1|96.922455034|18|1|1|1|1|1|1|1
3461880|1|1|1|186.0505221|18|1|1|1|1|1|1|1
3461881|1|1|1|108.59985504|18|2|1|1|1|1|1|1
3461882|1|1|1|186.0505221|18|1|1|1|1|1|1|1
3461883|1|1|1|78.835538194|18|1|1|1|1|1|1|1
3461884|1|1|1|103.01004558|18|1|1|1|2|1|1|1
3461885|1|1|1|145.9730613|18|1|1|1|1|1|1|1
3461886|1|1|1|141.78743415|18|1|1|1|1|1|1|1
3461887|1|1|1|117.57300051|18|1|1|1|1|1|1|1
3461888|1|1|1|171.3857929|18|1|1|1|1|1|1|1
3461889|1|1|1|268.90038731|18|2|1|1|1|1|1|1
3461890|1|1|1|54.308926311|18|1|1|1|1|2|1|1
3461892|1|1|1|111.78868789|19|1|1|3|1|1|1|1
3461893|1|1|1|162.83165376|19|2|1|3|1|1|1|1
3461894|1|1|1|242.80989969|19|2|1|3|2|1|1|1
3461895|1|1|1|378.71302604|19|2|1|3|1|2|1|1
3461896|1|1|1|353.42095673|19|2|1|5|2|1|1|1
3461897|1|1|1|242.80989969|19|2|1|5|2|1|1|1
3461898|1|1|1|353.42095673|19|2|1|5|2|1|1|1
3461899|1|1|1|389.8815426|19|2|1|5|2|1|1|1
3461900|1|1|1|365.08478482|19|2|1|4|1|1|1|1
3461901|1|1|1|318.94417947|19|2|1|4|1|1|1|1
3461902|1|1|1|264.51305729|19|2|1|4|1|1|1|1
3461903|1|1|1|332.25085493|19|2|1|3|2|1|1|1
3461904|1|1|1|157.81932408|19|2|1|6|1|1|1|1
3461905|1|1|1|175.97257365|19|2|1|3|1|1|1|1
3461906|1|1|1|298.65701747|20|1|1|2|1|1|1|1
3461907|1|1|1|297.60417653|20|1|1|3|1|1|1|1
3461908|1|1|1|363.80346132|20|1|1|3|1|1|1|1
3461909|1|1|1|229.61538509|20|1|1|3|1|1|1|1
3461910|1|1|1|294.29450897|20|3|1|1|1|1|1|1
3461911|1|1|1|326.53584593|20|1|1|2|1|1|1|1
3461913|1|1|1|336.20691159|20|1|1|2|1|1|1|1
3461914|1|1|1|378.01409331|20|2|1|1|1|1|1|1
3461915|1|1|1|196.93246988|20|2|1|1|1|1|1|1
3461916|1|1|1|377.55881931|20|1|1|1|1|1|1|1
3461917|1|1|1|462.26514475|20|1|1|1|1|1|1|1
3461918|1|1|1|370.74700158|20|1|1|2|1|1|1|1
3461919|1|1|1|256.27534468|20|1|1|2|1|1|1|1
3461920|1|1|1|427.12267302|20|1|1|1|1|1|1|1
3461921|1|1|1|389.44751909|20|2|1|1|1|1|1|1
3461922|1|1|1|281.53414308|23|1|1|2|1|1|1|1
3461923|1|1|1|219.90599748|23|1|1|2|1|1|1|1
3461925|1|1|1|297.45186277|23|2|1|2|1|1|1|1
3461926|1|1|1|259.54834018|23|2|1|2|1|1|1|1
3461927|1|1|1|240.09211889|23|1|1|2|1|1|1|1
3461928|1|1|1|249.30085691|23|1|1|2|1|1|1|1
3461929|1|1|1|279.33645268|23|1|1|2|1|1|1|1
3461930|1|1|1|639.44331634|23|1|1|2|1|1|1|1
3461931|1|1|1|163.07001655|23|1|1|2|1|1|1|1
3461932|1|1|1|196.26973211|23|2|1|2|1|1|1|1
3461933|1|1|1|312.75682106|23|2|1|2|1|1|1|1
3461934|1|1|1|205.61677048|23|2|1|2|1|1|1|1
3461935|1|1|1|149.31093222|23|2|1|2|1|1|1|1
3461936|1|1|1|141.54868803|23|2|1|3|1|1|1|1
3461937|1|1|1|202.82839705|23|2|1|3|1|1|1|1
3461938|1|1|1|117.57387639|23|2|1|3|1|1|1|1
3461940|1|1|1|155.07839973|23|2|1|3|1|1|1|1
3461941|1|1|1|172.45671564|23|2|1|3|1|1|1|1
3461944|1|1|1|194.46246457|23|2|1|3|1|1|1|1
3461945|1|1|1|191.46326799|23|2|1|3|1|1|1|1
3461946|1|1|1|165.86063445|23|2|1|3|1|1|1|1
3461947|1|1|1|147.32348832|23|2|1|3|1|1|1|1
3461948|1|1|1|225.46402778|23|1|1|1|1|1|1|1
3461949|1|1|1|225.99689675|23|1|1|1|1|1|1|1
3461950|1|1|1|617.39354681|23|1|1|1|1|1|1|1
3461951|1|1|1|617.39354681|23|1|1|1|1|1|1|1
3461952|1|1|1|143.05460231|23|2|1|1|1|1|1|1
3461953|1|1|1|227.73452026|23|2|1|1|1|1|1|1
3461956|1|1|1|95.729978446|27|1|1|1|2|2|1|2
3461957|1|1|1|160.24764766|27|2|1|1|2|2|1|1
3461958|1|1|1|78.608420727|27|1|1|1|2|2|1|2
3461959|1|1|1|89.1423328|27|1|1|1|2|2|1|1
3461960|1|1|1|143.49921096|27|1|1|1|2|2|1|1
3461961|1|1|1|139.0101205|27|1|1|1|2|2|1|1
3461962|1|1|1|111.95972791|27|1|1|1|2|2|1|2
3461963|1|1|1|97.466670614|27|1|1|1|2|2|1|1
3461964|1|1|1|112.66916223|27|2|1|1|2|2|1|1
3461965|1|1|1|79.346804427|27|1|1|1|2|2|1|1
3461966|1|1|1|128.04238007|27|2|1|1|2|2|1|1
3461967|1|1|1|159.06697594|27|1|1|1|2|2|1|1
3461968|1|1|1|62.428920802|27|1|1|1|2|2|1|1
3461969|1|1|1|69.146182968|27|1|1|1|2|2|1|2
3461970|1|1|1|63.547578853|27|2|1|1|2|2|1|2
3461971|1|1|1|159.54747692|27|2|1|1|2|2|1|2
3461972|1|1|1|156.61904009|41|1|1|2|1|1|1|1
3461973|1|1|1|293.07808955|41|1|1|2|1|1|1|1
3461974|1|1|1|268.50288472|41|1|1|2|1|1|1|1
3461975|1|1|1|193.25208034|41|1|1|2|1|1|1|1
3461976|1|1|1|274.21375146|41|1|1|2|1|1|1|1
3461977|1|1|1|240.04950728|41|1|1|2|1|1|1|1
3461978|1|1|1|129.65509256|41|1|1|2|1|1|1|1
3461979|1|1|1|145.4233111|41|1|1|2|1|1|1|1
3461980|1|1|1|170.14655521|41|2|1|2|1|1|1|1
3461981|1|1|1|276.82819342|41|2|1|2|1|1|1|1
3461982|1|1|1|294.52229983|41|1|1|2|1|1|1|1
3461983|1|1|1|289.87812051|41|1|1|2|1|1|1|1
3461984|1|1|1|267.14718805|41|2|1|2|1|1|1|1
3461985|1|1|1|464.0360427|41|2|1|2|1|1|1|1
3461986|1|1|1|289.87812051|41|2|1|2|1|1|1|1
3461987|1|1|1|189.83845951|41|2|1|2|1|1|1|1
3461988|1|1|1|491.2561473|41|1|1|2|1|1|1|1
3461989|1|1|1|227.4233253|41|1|1|2|1|1|1|1
3461990|1|1|1|355.03743488|41|2|1|2|1|1|1|1
3461991|1|1|1|222.77914597|41|1|1|2|1|1|1|1
3461992|1|1|1|189.84664335|41|2|1|2|1|1|1|1
3461993|1|1|1|291.99437963|41|2|1|2|1|1|1|1
3461994|1|1|1|410.27712486|41|1|1|2|1|1|1|1
3461995|1|1|1|195.77380012|41|1|1|2|1|1|1|1
3461996|1|1|1|310.18639591|41|1|1|2|1|1|1|1
3461997|1|1|1|295.86452907|41|2|1|2|1|1|1|1
3461998|1|1|1|222.62265671|41|2|1|2|2|1|1|1
3461999|1|1|1|244.58994055|41|2|1|2|1|1|1|1
3462000|1|1|1|171.49511959|41|2|1|4|1|1|1|1
3462001|1|1|1|299.77119156|41|2|1|4|1|1|1|1
3462002|1|1|1|225.52934016|41|2|1|4|1|1|1|1
3462003|1|1|1|177.0761939|41|2|1|4|1|1|1|1
3462004|1|1|1|231.31226818|41|2|1|4|1|1|1|1
3462005|1|1|1|232.18114959|41|2|1|4|1|1|1|1
3462006|1|1|1|104.92545592|41|2|1|4|1|1|1|1
3462007|1|1|1|167.86906336|41|2|1|4|1|1|1|1
3462008|1|1|1|449.60201776|41|1|1|2|1|1|1|1
3462009|1|1|1|307.65206477|41|2|1|2|1|1|1|1
3462010|1|1|1|779.98588018|41|1|1|2|1|1|1|1
3462011|1|1|1|443.7967936|41|2|1|2|1|1|1|1
3462012|1|1|1|450.09282616|41|1|1|2|1|1|1|1
3462013|1|1|1|113.85740318|44|1|1|2|1|1|1|1
3462014|1|1|1|103.41056599|44|1|1|3|1|1|1|1
3462015|1|1|1|52.163237437|44|1|1|1|2|1|1|1
3462016|1|1|1|86.308218652|44|1|1|1|1|2|1|2
3462017|1|1|1|122.31946794|44|1|1|1|1|2|1|2
3462018|1|1|1|124.15155665|44|1|1|1|2|2|1|1
3462019|1|1|1|151.31032967|44|2|1|1|2|2|1|1
3462020|1|1|1|138.9845542|44|1|1|1|1|2|1|1
3462021|1|1|1|52.163237437|44|1|1|1|2|2|1|1
3462022|1|1|1|115.88789315|44|1|1|1|2|1|1|1
3462023|1|1|1|137.13248151|44|1|1|1|2|1|1|1
3462024|1|1|1|180.83255645|44|1|1|1|2|1|1|2
3462025|1|1|1|45.208139112|44|3|1|0|2|2|1|2
3462026|1|1|1|159.65329798|44|3|1|0|2|2|1|2
3462027|1|1|1|87.694934881|44|1|1|0|2|2|1|2
3462028|1|1|1|129.74764069|44|1|1|0|2|2|2|2
3462029|1|1|1|108.40912291|44|1|1|1|1|2|1|2
3462030|1|1|1|84.671687765|44|1|1|0|1|2|1|2
3462031|1|1|1|129.74764069|44|1|1|1|1|2|1|2
3462032|1|1|1|64.760307908|44|1|1|0|2|2|1|2
3462033|1|1|1|146.94083461|44|1|1|0|2|2|2|2
3462034|1|1|1|300.94375801|47|1|1|3|1|1|1|1
3462035|1|1|1|453.55189508|47|2|1|3|1|1|1|1
3462036|1|1|1|471.59169926|47|2|1|3|1|1|1|1
3462037|1|1|1|278.46361449|47|2|1|1|1|2|1|1
3462038|1|1|1|362.89706762|47|2|1|1|1|2|1|1
3462039|1|1|1|229.41504334|47|2|1|1|1|2|1|1
3462040|1|1|1|282.86916462|47|2|1|1|1|2|1|1
3462041|1|1|1|371.09736666|47|2|1|1|1|1|1|1
3462042|1|1|1|278.46361449|47|2|1|1|1|1|1|1
3462043|1|1|1|259.75153745|47|1|1|1|2|2|1|1
3462044|1|1|1|220.71347216|47|2|1|1|2|2|2|2
3462045|1|1|1|353.17212197|47|2|1|1|2|2|2|1
3462046|1|1|1|385.81753093|47|1|1|1|2|2|2|2
3462048|1|1|1|428.19946232|47|2|1|1|2|2|2|1
3462049|1|1|1|436.4909143|47|1|1|1|2|2|2|1
3462050|1|1|1|270.90368942|47|1|1|1|2|2|2|2
3462051|1|1|1|316.8723889|47|1|1|1|2|2|2|2
3462052|1|1|1|463.83511322|47|2|1|1|2|2|2|1
3462053|1|1|1|298.81063508|47|1|1|1|2|2|2|2
3462054|1|1|1|248.52377304|47|1|1|1|2|2|2|1
3462055|1|1|1|314.68407838|50|1|1|6|1|1|1|1
3462056|1|1|1|394.85629048|50|1|1|6|1|1|1|1
3462057|1|1|1|434.96639905|50|1|1|6|1|1|1|1
3462058|1|1|1|316.06958134|50|2|1|2|1|1|1|1
3462059|1|1|1|376.91646828|50|2|1|2|1|1|1|1
3462060|1|1|1|189.07715897|50|2|1|2|1|1|1|1
3462061|1|1|1|331.95853463|50|1|1|3|1|1|1|1
3462062|1|1|1|458.50505196|50|1|1|3|1|1|1|1
3462063|1|1|1|248.7789895|50|1|1|3|1|1|1|1
3462064|1|1|1|366.81324725|50|1|1|3|1|1|1|1
3462065|1|1|1|319.24038725|50|1|1|3|1|1|1|1
3462066|1|1|1|168.60528043|50|1|1|3|1|1|1|1
3462067|1|1|1|392.86809109|50|1|1|3|1|1|1|1
3462068|1|1|1|282.6994142|50|1|1|3|1|1|1|1
3462069|1|1|1|260.97744599|50|1|1|2|1|1|1|1
3462070|1|1|1|297.44645635|50|1|1|2|1|1|1|1
3462071|1|1|1|272.17520811|50|1|1|2|1|1|1|1
3462072|1|1|1|256.47407305|50|1|1|2|1|1|1|1
3462073|1|1|1|320.5854031|50|2|1|2|2|1|1|1
3462074|1|1|1|499.09318438|50|2|1|2|1|1|1|1
3462075|1|1|1|430.78854051|50|2|1|2|1|1|1|1
3462076|1|1|1|306.84848442|50|2|1|2|1|1|1|1
3462077|1|1|1|499.09318438|50|1|1|2|1|1|1|1
3462078|1|1|1|373.42889217|50|2|1|2|1|1|1|1
3462079|1|1|1|425.83360758|50|1|1|6|1|1|1|1
3462080|1|1|1|392.83802524|50|1|1|3|1|1|1|1
3462081|1|1|1|338.47429727|50|1|1|3|1|1|1|1
3462082|1|1|1|573.22052168|50|1|1|2|1|1|1|1
3462083|1|1|1|370.93366719|50|1|1|2|1|1|1|1
3462084|1|1|1|132.92993772|52|2|1|3|2|1|1|1
3462085|1|1|1|120.60485797|52|2|1|3|1|1|1|1
3462086|1|1|1|245.97220153|52|2|1|2|1|1|1|1
3462087|1|1|1|190.20231341|52|1|1|2|2|1|1|1
3462088|1|1|1|218.32245151|52|2|1|4|2|1|1|1
3462089|1|1|1|150.59935305|52|2|1|4|2|1|1|1
3462090|1|1|1|150.59935305|52|2|1|4|1|1|1|1
3462091|1|1|1|295.82768861|52|2|1|3|2|1|1|1
3462092|1|1|1|270.20241987|52|4|1|1|2|1|1|1
3462093|1|1|1|346.9817115|52|4|1|1|2|1|1|1
3462094|1|1|1|346.9817115|52|2|1|1|2|1|1|1
3462095|1|1|1|333.04295697|52|2|1|2|2|1|1|1
3462096|1|1|1|307.86786489|52|2|1|2|2|1|1|1
3462097|1|1|1|279.54987659|52|1|1|2|1|1|1|1
3462098|1|1|1|344.94487131|54|2|1|3|1|1|1|1
3462099|1|1|1|499.20107265|54|1|1|3|1|1|1|1
3462100|1|1|1|287.94042806|54|1|1|3|1|1|1|1
3462101|1|1|1|287.94042806|54|1|1|3|1|1|1|1
3462102|1|1|1|323.73486953|54|1|1|3|1|1|1|1
3462103|1|1|1|1151.7617122|54|2|1|3|1|1|1|1
3462104|1|1|1|287.94042806|54|1|1|3|1|1|1|1
3462105|1|1|1|441.09926172|54|1|1|3|1|1|1|1
3462106|1|1|1|777.89934728|54|2|1|3|2|1|1|1
3462107|1|1|1|1151.7617122|54|2|1|3|1|1|1|1
3462108|1|1|1|1484.4678342|54|2|1|3|1|1|1|1
3462109|1|1|1|633.83955099|54|2|1|3|1|1|1|1
3462110|1|1|1|559.88416567|54|2|1|3|1|1|1|1
3462112|1|1|1|2239.5366627|54|2|1|3|1|1|1|1
3462113|1|1|1|629.48446854|54|2|1|3|1|1|1|1
3462114|1|1|1|277.84438338|63|1|1|2|1|1|1|1
3462115|1|1|1|274.91673311|63|1|1|2|1|1|1|1
3462116|1|1|1|212.08873852|63|1|1|2|1|1|1|1
3462117|1|1|1|413.59738849|63|1|1|2|1|1|1|1
3462118|1|1|1|298.4100859|63|1|1|2|1|1|1|1
3462119|1|1|1|274.91673311|63|1|1|2|1|1|1|1
3462120|1|1|1|237.34112467|63|1|1|2|1|1|1|1
3462121|1|1|1|255.48908361|63|1|1|2|1|1|1|1
3462122|1|1|1|367.90744048|63|1|1|2|1|1|1|1
3462123|1|1|1|228.45913334|63|2|1|2|1|1|1|1
3462124|1|1|1|411.21164798|63|2|1|1|1|1|1|1
3462125|1|1|1|313.93923661|63|2|1|1|1|1|1|1
3462126|1|1|1|315.06889716|63|2|1|1|1|1|1|1
3462127|1|1|1|244.50216649|63|1|1|1|1|1|1|1
3462128|1|1|1|313.93923661|63|2|1|1|1|1|1|1
3462129|1|1|1|336.86167309|63|1|1|2|1|1|1|1
3462130|1|1|1|293.66561334|63|2|1|2|1|1|1|1
3462131|1|1|1|483.43429023|63|2|1|1|1|1|1|1
3462132|1|1|1|321.41836856|63|2|1|1|1|1|1|1
3462133|1|1|1|191.50293433|63|2|1|5|1|1|1|1
3462134|1|1|1|228.42279442|63|2|1|5|1|1|1|1
3462135|1|1|1|494.29988894|66|1|1|1|1|1|1|1
3462136|1|1|1|226.25062187|66|2|1|1|1|1|1|1
3462137|1|1|1|194.10835349|66|1|1|1|1|1|1|1
3462138|1|1|1|744.38602258|66|1|1|3|1|1|1|1
3462139|1|1|1|639.03496583|66|2|1|3|1|1|1|1
3462140|1|1|1|581.47966903|66|2|1|6|1|1|1|1
3462141|1|1|1|503.87861682|66|2|1|3|2|1|1|1
3462142|1|1|1|514.84543066|66|2|1|3|1|1|1|1
3462143|1|1|1|812.18367932|66|2|1|3|1|1|1|1
3462144|1|1|1|427.91263477|66|2|1|3|1|1|1|1
3462145|1|1|1|705.14647367|66|2|1|2|1|1|1|1
3462146|1|1|1|1099.4879685|66|2|1|4|1|1|1|1
3462147|1|1|1|799.22408301|66|2|1|2|1|1|1|1
3462148|1|1|1|629.07741236|66|1|1|2|1|1|1|1
3462149|1|1|1|450.69958306|66|2|1|2|1|1|1|1
3462150|1|1|1|1549.4975209|68|1|1|1|1|1|1|1
3462151|1|1|1|526.20051273|68|1|1|1|1|1|1|1
3462152|1|1|1|387.37438023|68|1|1|1|1|1|1|1
3462153|1|1|1|387.37438023|68|1|1|1|1|1|1|1
3462154|1|1|1|653.32138103|68|1|1|1|1|1|1|1
3462155|1|1|1|1068.6239589|68|1|1|1|1|1|1|1
3462156|1|1|1|956.81753608|68|1|1|1|1|1|1|1
3462157|1|1|1|403.34789561|68|1|1|1|1|1|1|1
3462158|1|1|1|653.32138103|68|1|1|1|1|1|1|1
3462159|1|1|1|1549.4975209|68|1|1|1|1|1|1|1
3462160|1|1|1|387.37438023|68|1|1|1|1|1|1|1
3462161|1|1|1|440.09397044|68|2|1|2|1|1|1|1
3462162|1|1|1|440.09397044|68|2|1|2|1|1|1|1
3462163|1|1|1|753.16525933|68|2|1|2|1|1|1|1
3462164|1|1|1|1760.3758818|68|2|1|2|1|1|1|1
3462165|1|1|1|931.68364819|68|2|1|2|1|1|1|1
3462166|1|1|1|440.09397044|68|2|1|2|1|1|1|1
3462167|1|1|1|1165.8022355|68|2|1|2|1|1|1|1
3462168|1|1|1|443.7614202|68|1|1|4|1|1|1|1
3462169|1|1|1|926.79357671|68|1|1|4|1|1|1|1
3462170|1|1|1|443.7614202|68|1|1|4|1|1|1|1
3462171|1|1|1|1224.1751387|68|1|1|4|1|1|1|1
3462172|1|1|1|474.71417637|68|1|1|4|1|1|1|1
3462173|1|1|1|443.7614202|68|1|1|4|1|1|1|1
3462174|1|1|1|939.44767859|68|2|1|4|1|1|1|1
3462175|1|1|1|602.79538026|68|1|1|4|1|1|1|1
3462176|1|1|1|944.85570287|68|2|1|1|1|1|1|1
3462177|1|1|1|169.38735201|70|2|1|1|1|1|1|1
3462178|1|1|1|184.40372594|70|1|1|1|1|1|1|1
3462179|1|1|1|152.43875733|70|2|1|1|1|1|1|1
3462180|1|1|1|174.03239344|70|2|1|1|1|1|1|1
3462181|1|1|1|181.49335684|70|1|1|2|1|1|1|1
3462182|1|1|1|171.58502885|70|2|1|1|1|1|1|1
3462183|1|1|1|176.84394377|70|1|1|1|1|1|1|1
3462184|1|1|1|173.65275842|70|1|1|1|1|1|1|1
3462185|1|1|1|245.48019837|70|1|1|1|2|2|2|1
3462186|1|1|1|198.95380609|70|1|1|1|2|2|2|1
3462187|1|1|1|152.43875733|70|1|1|1|2|2|2|1
3462188|1|1|1|184.78183445|70|1|1|1|2|2|2|1
3462189|1|1|1|181.21145157|70|1|1|1|2|2|2|1
3462190|1|1|1|211.73277055|70|1|1|1|2|2|2|1
3462191|1|1|1|163.79800715|70|1|1|1|2|2|2|1
3462192|1|1|1|144.55224312|70|1|1|1|2|2|2|1
3462193|1|1|1|270.78124603|70|1|1|1|2|2|2|1
3462194|1|1|1|178.06762606|70|1|1|1|2|2|2|1
3462195|1|1|1|195.80998058|70|1|1|1|2|2|2|1
3462196|1|1|1|130.84512122|70|1|1|1|2|2|2|1
3462197|1|1|1|221.11102824|70|1|1|1|2|2|2|1
3462198|1|1|1|206.37547056|70|1|1|1|2|2|2|1
3462199|1|1|1|132.90913447|70|1|1|1|2|2|2|1
3462200|1|1|1|245.56802863|70|1|1|1|2|2|2|1
3462201|1|1|1|194.91857347|70|1|1|1|2|2|2|1
3462202|1|1|1|103.37757109|70|2|1|2|1|1|1|1
3462203|1|1|1|163.96409143|70|1|1|2|1|1|1|1
3462204|1|1|1|134.76332762|70|1|1|2|1|1|1|1
3462205|1|1|1|130.32143967|70|2|1|2|1|1|1|1
3462206|1|1|1|100.87511618|70|1|1|2|1|1|1|1
3462207|1|1|1|101.62583822|70|2|1|2|1|1|1|1
3462208|1|1|1|221.34044634|73|1|1|3|1|1|1|1
3462209|1|1|1|274.47667015|73|1|1|3|1|1|1|1
3462210|1|1|1|430.78977476|73|2|1|4|1|1|1|1
3462211|1|1|1|434.39167367|73|2|1|4|1|1|1|1
3462212|1|1|1|455.82189708|73|2|1|2|1|1|1|1
3462213|1|1|1|322.69522472|73|1|1|1|1|1|1|1
3462214|1|1|1|359.08970492|73|1|1|2|2|1|1|1
3462215|1|1|1|436.7733598|73|1|1|2|2|1|1|1
3462216|1|1|1|249.58518858|73|1|1|2|1|1|1|1
3462217|1|1|1|221.35872997|73|2|1|2|1|1|1|1
3462218|1|1|1|283.03750906|73|2|1|2|1|1|1|1
3462219|1|1|1|276.43106506|73|2|1|2|1|1|1|1
3462220|1|1|1|332.62161798|73|1|1|4|1|1|1|1
3462221|1|1|1|427.59052468|73|1|1|3|1|1|1|1
3462222|1|1|1|332.62161798|73|1|1|3|1|1|1|1
3462223|1|1|1|267.27598141|73|1|1|2|1|1|1|1
3462224|1|1|1|335.67930811|73|1|1|2|1|1|1|1
3462225|1|1|1|244.87196807|73|1|1|2|1|1|1|1
3462226|1|1|1|2469.2448577|76|2|1|4|1|1|1|1
3462227|1|1|1|2834.3015925|76|2|1|4|1|1|1|1
3462228|1|1|1|2891.8359943|76|2|1|1|2|1|1|1
3462229|1|1|1|2891.8359943|76|2|1|1|2|1|1|1
3462230|1|1|1|2476.767433|76|1|1|1|2|1|1|1
3462231|1|1|1|2476.767433|76|2|1|1|2|1|1|1
3462232|1|1|1|2194.0445816|76|3|1|1|2|1|1|1
3462233|1|1|1|1736.5412767|76|2|1|1|1|1|1|1
3462234|1|1|1|1780.4585495|76|2|1|1|2|1|1|1
3462235|1|1|1|1248.3032345|76|3|1|1|2|1|1|1
3462236|1|1|1|1209.7958714|76|2|1|3|1|1|1|1
3462237|1|1|1|2204.4567941|76|2|1|3|1|1|1|1
3462238|1|1|1|1551.0018781|76|2|1|3|2|1|1|1
3462239|1|1|1|2820.6494566|76|1|1|3|1|1|1|1
3462240|1|1|1|1903.8687888|76|1|1|3|1|1|1|1
3462241|1|1|1|768.96871664|76|2|1|3|1|1|1|1
3462242|1|1|1|1761.6527989|76|2|1|3|1|1|1|1
3462243|1|1|1|2282.5937411|76|1|1|1|1|1|1|1
3462244|1|1|1|1749.2288541|76|2|1|1|1|1|1|1
3462245|1|1|1|4701.6944389|76|2|1|1|1|1|1|1
3462246|1|1|1|1597.9911339|76|2|1|1|1|1|1|1
3462247|1|1|1|1881.7656435|76|2|1|1|1|1|1|1
3462248|1|1|1|2537.0079468|76|2|1|1|1|1|1|1
3462249|1|1|1|3879.5912123|76|1|1|1|2|2|2|2
3462250|1|1|1|2862.4965044|76|1|1|1|1|1|1|1
3462251|1|1|1|1876.6730248|76|1|1|1|1|1|1|1
3462252|1|1|1|2427.010139|76|1|1|1|1|1|1|1
3462253|1|1|1|2151.2619287|76|1|1|3|1|1|1|1
3462254|1|1|1|1235.6469215|76|2|1|4|1|1|1|1
3462255|1|1|1|1321.9823512|76|2|1|4|1|1|1|1
3462256|1|1|1|1368.7839093|76|2|1|4|1|1|1|1
3462257|1|1|1|1321.9823512|76|2|1|4|1|1|1|1
3462258|1|1|1|1192.4258733|76|2|1|5|1|1|1|1
3462259|1|1|1|1358.1735936|76|2|1|4|1|1|1|1
3462260|1|1|1|1740.4636402|76|2|1|1|1|1|1|1
3462261|1|1|1|48.597813593|88|2|1|2|2|2|1|2
3462262|1|1|1|47.011562989|88|1|1|2|2|2|1|2
3462263|1|1|1|94.15602483|88|2|1|1|2|2|1|2
3462264|1|1|1|41.045024825|88|1|1|2|2|2|1|2
3462265|1|1|1|46.41560356|88|1|1|1|2|2|1|2
3462266|1|1|1|50.051165343|88|2|1|1|2|2|1|2
3462267|1|1|1|24.047159775|88|2|1|2|2|2|1|2
3462268|1|1|1|46.41560356|88|1|1|1|2|2|1|2
3462269|1|1|1|41.616492467|88|1|1|2|2|2|1|2
3462270|1|1|1|73.522790354|88|1|1|1|2|2|1|2
3462271|1|1|1|36.82176093|88|1|1|2|2|2|1|2
3462272|1|1|1|1662.9713491|05|2|1|2|2|1|1|1
3462274|1|1|1|2036.2333938|05|2|1|4|1|1|1|1
3462275|1|1|1|2488.4133858|05|2|1|2|1|1|1|1
3462276|1|1|1|3822.1913021|05|2|1|3|1|1|1|1
3462277|1|1|1|5845.9002173|05|2|1|3|1|1|1|1
3462278|1|1|1|2399.1279512|05|2|1|3|1|1|1|1
3462279|1|1|1|5464.6853007|05|2|1|3|1|1|1|1
3462280|1|1|1|2454.3696935|05|2|1|3|1|1|1|1
3462281|1|1|1|3496.4492844|05|2|1|3|2|2|2|2
3462283|1|1|1|4851.5860261|05|2|1|3|1|1|1|1
3462284|1|1|1|3682.9740782|05|2|1|3|1|1|1|1
3462285|1|1|1|6080.1904109|05|2|1|3|1|1|1|1
3462286|1|1|1|1071.7773938|08|2|1|5|1|1|1|1
3462287|1|1|1|1297.2628635|08|2|1|3|1|1|1|1
3462288|1|1|1|1387.5027621|08|2|1|3|1|1|1|1
3462289|1|1|1|797.72196866|08|2|1|3|1|1|1|1
3462290|1|1|1|969.21347009|08|2|1|3|1|1|1|1
3462291|1|1|1|1038.6721699|08|2|1|3|1|1|1|1
3462292|1|1|1|1474.6019542|08|2|1|3|1|1|1|1
3462293|1|1|1|1462.9696872|08|2|1|3|1|1|1|1
3462294|1|1|1|1650.6048485|08|2|1|3|1|1|1|1
3462295|1|1|1|1441.4429575|08|2|1|3|1|1|1|1
3462296|1|1|1|1351.203059|08|2|1|3|1|1|1|1
3462297|1|1|1|839.47236765|08|2|1|1|1|1|1|1
3462298|1|1|1|2147.4613214|08|2|1|1|1|1|1|1
3462300|1|1|1|1516.2942572|08|2|1|1|1|1|1|1
3462301|1|1|1|874.31284232|08|2|1|1|1|1|1|1
3462302|1|1|1|882.49275776|08|2|1|2|1|1|1|1
3462303|1|1|1|1124.6826269|08|1|1|3|1|1|1|1
3462304|1|1|1|1221.425551|08|2|1|1|1|1|1|1
3462305|1|1|1|2626.2010941|08|2|1|2|1|1|1|1
3462306|1|1|1|2334.4009725|08|2|1|1|1|1|1|1
3462307|1|1|1|1391.9720182|08|2|1|1|1|1|1|1
3462308|1|1|1|1999.0975866|08|2|1|2|1|1|1|1
3462309|1|1|1|3655.074036|11|2|1|2|1|1|1|1
3462310|1|1|1|9678.8064914|11|2|1|3|1|1|1|1
3462311|1|1|1|4996.078511|11|2|1|3|1|1|1|1
3462312|1|1|1|8587.609871|11|1|1|3|1|1|1|1
3462313|1|1|1|5124.8743583|11|1|1|3|2|1|1|1
3462314|1|1|1|5238.0005499|11|2|1|3|1|1|1|1
3462315|1|1|1|7280.4166078|11|2|1|3|1|1|1|1
3462316|1|1|1|6134.321705|11|2|1|6|1|1|1|1
3462317|1|1|1|8980.5517504|11|2|1|6|1|1|1|1
3462318|1|1|1|7088.4756265|11|2|1|4|1|1|1|1
3462319|1|1|1|439.95190142|13|2|1|4|1|1|1|1
3462320|1|1|1|578.52776097|13|2|1|3|1|1|1|1
3462321|1|1|1|496.53144692|13|2|1|2|1|1|1|1
3462322|1|1|1|595.11048081|13|2|1|3|1|1|1|1
3462323|1|1|1|683.03998298|13|2|1|3|1|1|1|1
3462324|1|1|1|852.14726464|13|1|1|3|1|1|1|1
3462325|1|1|1|328.85810569|13|1|1|3|1|1|1|1
3462326|1|1|1|493.92103683|13|2|1|3|1|1|1|1
3462327|1|1|1|397.85058076|13|2|1|3|1|1|1|1
3462328|1|1|1|339.23828073|13|2|1|3|1|1|1|1
3462329|1|1|1|429.2922045|13|2|1|3|1|1|1|1
3462330|1|1|1|557.67135482|13|1|1|2|1|1|1|1
3462331|1|1|1|703.92304228|13|2|1|3|1|1|1|1
3462332|1|1|1|703.92304228|13|2|1|2|1|1|1|1
3462333|1|1|1|524.28196192|13|2|1|3|1|1|1|1
3462334|1|1|1|551.15299811|13|1|1|3|1|1|1|1
3462335|1|1|1|450.53579125|13|1|1|3|1|1|1|1
3462336|1|1|1|484.78529221|13|1|1|3|1|1|1|1
3462337|1|1|1|1399.0958494|13|2|1|1|1|1|1|1
3462338|1|1|1|786.87323876|13|1|1|1|1|1|1|1
3462339|1|1|1|632.79580519|13|1|1|1|1|1|1|1
3462340|1|1|1|721.65673066|13|2|1|1|1|1|1|1
3462341|1|1|1|646.09861999|13|2|1|1|1|1|1|1
3462342|1|1|1|232.85555433|15|2|1|2|1|1|1|1
3462343|1|1|1|94.8730161|15|2|1|2|1|1|1|1
3462344|1|1|1|94.8730161|15|2|1|3|1|1|1|1
3462345|1|1|1|151.54681769|15|2|1|2|1|1|1|1
3462346|1|1|1|134.24447527|15|1|1|3|1|1|1|1
3462347|1|1|1|160.97041593|15|1|1|2|1|1|1|1
3462348|1|1|1|151.22187245|15|2|1|3|1|1|1|1
3462349|1|1|1|180.89275251|15|2|1|3|1|1|1|1
3462350|1|1|1|95.539790362|15|3|1|3|1|1|1|1
3462351|1|1|1|63.2486774|15|2|1|3|1|1|1|1
3462352|1|1|1|120.45388128|15|2|1|3|1|1|1|1
3462353|1|1|1|82.350167662|15|3|1|3|1|1|1|1
3462354|1|1|1|100.58484764|15|3|1|4|1|1|1|1
3462355|1|1|1|116.69502966|15|3|1|3|1|1|1|1
3462356|1|1|1|116.69502966|15|3|1|4|1|1|1|1
3462357|1|1|1|742.81344566|17|2|1|3|1|1|1|1
3462358|1|1|1|402.67968678|17|2|1|3|1|1|1|1
3462359|1|1|1|432.31727044|17|2|1|6|1|1|1|1
3462360|1|1|1|509.68177644|17|2|1|6|1|1|1|1
3462361|1|1|1|432.31727044|17|2|1|6|1|1|1|1
3462362|1|1|1|453.84364852|17|2|1|6|1|1|1|1
3462363|1|1|1|718.88609615|17|2|1|6|1|1|1|1
3462364|1|1|1|441.63769999|17|2|1|5|1|1|1|1
3462365|1|1|1|329.46519827|17|2|1|2|1|1|1|1
3462366|1|1|1|403.47136959|17|1|1|2|1|1|1|1
3462367|1|1|1|233.68960585|17|2|1|3|1|1|1|1
3462368|1|1|1|205.62791493|17|1|1|3|1|1|1|1
3462369|1|1|1|225.36708064|17|1|1|3|1|1|1|1
3462370|1|1|1|225.36708064|17|2|1|3|1|1|1|1
3462371|1|1|1|259.55954053|17|2|1|3|1|1|1|1
3462372|1|1|1|188.82563423|17|1|1|3|1|1|1|1
3462373|1|1|1|124.57131974|17|2|1|3|1|1|1|1
3462374|1|1|1|182.10696677|17|1|1|3|1|1|1|1
3462375|1|1|1|190.82541694|17|2|1|3|1|1|1|1
3462376|1|1|1|147.45764826|17|2|1|3|1|1|1|1
3462377|1|1|1|353.9365357|17|1|1|1|1|1|1|1
3462378|1|1|1|68.488684576|18|1|1|1|1|2|1|1
3462379|1|1|1|102.41350502|18|1|1|1|2|2|1|1
3462380|1|1|1|118.74785571|18|1|1|1|2|2|1|1
3462381|1|1|1|217.30973737|18|2|1|1|1|1|1|1
3462382|1|1|1|168.00665666|18|1|1|1|1|1|1|1
3462383|1|1|1|108.59985504|18|1|1|1|1|1|1|1
3462384|1|1|1|118.3282021|18|1|1|1|1|1|1|1
3462387|1|1|1|99.467486086|18|2|1|2|1|1|1|1
3462388|1|1|1|110.10115932|18|2|1|2|1|1|1|1
3462389|1|1|1|72.060468157|18|2|1|2|1|1|1|1
3462390|1|1|1|119.15142051|18|1|1|2|1|1|1|1
3462391|1|1|1|108.32537139|18|2|1|2|1|1|1|1
3462392|1|1|1|133.23914387|18|2|1|2|1|1|1|1
3462393|1|1|1|85.164190386|18|2|1|2|1|1|1|1
3462394|1|1|1|130.78430709|18|1|1|2|1|1|1|1
3462395|1|1|1|108.32537139|18|2|1|2|1|1|1|1
3462397|1|1|1|67.693167057|18|1|1|1|2|1|1|1
3462398|1|1|1|128.16813745|18|2|1|1|2|1|1|1
3462399|1|1|1|98.26427476|18|1|1|1|1|1|1|1
3462401|1|1|1|139.80236426|18|2|1|1|1|1|1|1
3462402|1|1|1|90.731142906|18|1|1|1|1|1|1|1
3462403|1|1|1|79.749712704|18|1|1|2|1|1|1|1
3462404|1|1|1|50.400493887|18|1|1|2|1|1|1|1
3462405|1|1|1|87.371215739|18|1|1|2|1|1|1|1
3462406|1|1|1|100.93573602|18|1|1|2|1|1|1|1
3462407|1|1|1|117.76336114|18|1|1|2|1|1|1|1
3462408|1|1|1|198.9828521|18|1|1|4|1|1|1|1
3462409|1|1|1|205.45448283|19|2|1|3|2|1|1|1
3462410|1|1|1|353.42095673|19|2|1|5|2|1|1|1
3462411|1|1|1|389.8815426|19|2|1|5|2|1|1|1
3462412|1|1|1|151.1357742|19|2|1|6|2|1|1|1
3462413|1|1|1|157.81932408|19|1|1|6|2|1|2|1
3462414|1|1|1|253.42300269|19|2|1|2|1|1|1|1
3462415|1|1|1|273.41621703|20|1|1|1|1|1|1|1
3462416|1|1|1|349.86271207|20|2|1|1|1|1|1|1
3462417|1|1|1|283.02357643|20|1|1|3|1|1|1|1
3462418|1|1|1|363.85722055|20|2|1|3|1|1|1|1
3462419|1|1|1|348.50613269|20|1|1|3|1|1|1|1
3462420|1|1|1|552.08230272|20|1|1|3|1|1|1|1
3462421|1|1|1|363.80346132|20|1|1|3|1|1|1|1
3462422|1|1|1|449.05508243|20|2|1|3|1|1|1|1
3462423|1|1|1|388.90526743|20|2|1|3|1|1|1|1
3462424|1|1|1|252.27851614|20|2|1|1|1|1|1|1
3462425|1|1|1|150.42603028|20|1|1|1|1|1|1|1
3462426|1|1|1|284.49991076|20|2|1|1|1|1|1|1
3462427|1|1|1|431.29631951|20|2|1|1|1|1|1|1
3462428|1|1|1|258.02344805|20|1|1|1|1|1|1|1
3462429|1|1|1|312.69956542|20|2|1|1|1|1|1|1
3462430|1|1|1|250.30737816|20|2|1|1|1|1|1|1
3462431|1|1|1|229.10338509|20|2|1|1|1|1|1|1
3462432|1|1|1|278.67968336|20|2|1|1|1|1|1|1
3462433|1|1|1|314.04704228|20|2|1|1|1|1|1|1
3462434|1|1|1|323.16515442|20|2|1|1|1|1|1|1
3462435|1|1|1|235.86789599|23|1|1|2|1|1|1|1
3462436|1|1|1|312.75682106|23|1|1|2|1|1|1|1
3462437|1|1|1|261.06666957|23|2|1|2|1|1|1|1
3462438|1|1|1|168.27662394|23|2|1|2|1|1|1|1
3462439|1|1|1|154.54205354|23|2|1|3|1|1|1|1
3462440|1|1|1|196.9009335|23|2|1|3|1|1|1|1
3462441|1|1|1|206.16950657|23|2|1|3|1|1|1|1
3462442|1|1|1|171.16748489|23|1|1|1|1|1|1|1
3462443|1|1|1|156.76612516|23|2|1|1|1|1|1|1
3462444|1|1|1|316.19478756|23|1|1|1|1|1|1|1
3462445|1|1|1|257.88055417|23|2|1|1|1|1|1|1
3462446|1|1|1|143.05460231|23|2|1|1|1|1|1|1
3462447|1|1|1|90.583139987|27|1|1|3|2|1|1|1
3462448|1|1|1|78.375347251|27|2|1|3|2|2|1|1
3462449|1|1|1|91.618508711|27|2|1|1|2|1|1|2
3462450|1|1|1|118.90706249|27|2|1|1|2|1|1|2
3462451|1|1|1|98.523453787|27|2|1|3|2|1|1|1
3462452|1|1|1|88.134947014|27|2|1|1|2|2|1|2
3462453|1|1|1|91.998145535|27|1|1|1|2|2|1|1
3462454|1|1|1|90.284663624|27|1|1|1|2|2|1|2
3462455|1|1|1|87.684182353|27|2|1|1|2|1|1|1
3462456|1|1|1|193.25208034|41|1|1|2|1|1|1|1
3462457|1|1|1|233.5955037|41|1|1|2|1|1|1|1
3462458|1|1|1|355.03743488|41|2|1|2|1|1|1|1
3462459|1|1|1|425.76621756|41|2|1|2|1|1|1|1
3462460|1|1|1|161.04837421|41|1|1|2|1|1|1|1
3462461|1|1|1|319.1867667|41|2|1|2|1|1|1|1
3462462|1|1|1|272.28410645|41|1|1|2|1|1|1|1
3462463|1|1|1|291.99437963|41|2|1|2|1|1|1|1
3462464|1|1|1|153.05951645|41|2|1|4|1|1|1|1
3462465|1|1|1|145.14398904|41|2|1|4|1|1|1|1
3462466|1|1|1|281.28777635|41|2|1|4|1|1|1|1
3462467|1|1|1|194.48263884|41|2|1|4|1|1|1|1
3462469|1|1|1|128.83869937|41|1|1|2|1|1|1|1
3462470|1|1|1|327.92928196|41|1|1|3|1|1|1|1
3462471|1|1|1|303.67415482|41|3|1|3|1|1|1|1
3462472|1|1|1|164.52666491|41|2|1|3|2|1|1|1
3462473|1|1|1|164.52666491|41|3|1|3|2|1|1|1
3462476|1|1|1|414.23138383|41|1|1|2|1|1|1|1
3462477|1|1|1|549.13414043|41|1|1|2|1|1|1|1
3462479|1|1|1|408.42615968|41|2|1|2|1|1|1|1
3462480|1|1|1|113.41262089|44|2|1|1|1|1|1|1
3462481|1|1|1|81.278159645|44|1|1|1|1|1|1|1
3462482|1|1|1|62.269526835|44|1|1|2|1|1|1|1
3462483|1|1|1|43.469364531|44|1|1|1|1|1|1|1
3462484|1|1|1|69.671223481|44|1|1|2|1|1|1|1
3462485|1|1|1|124.15155665|44|1|1|1|1|1|1|1
3462486|1|1|1|89.645029021|44|1|1|2|1|1|1|2
3462487|1|1|1|136.62888382|44|2|1|1|1|1|1|1
3462488|1|1|1|92.936592259|44|1|1|2|1|1|1|1
3462489|1|1|1|139.76889537|44|1|1|2|1|1|1|1
3462490|1|1|1|201.69785142|44|1|1|1|1|1|1|1
3462491|1|1|1|73.316558967|44|1|1|1|1|1|1|2
3462492|1|1|1|144.71852231|44|1|1|1|1|1|1|1
3462493|1|1|1|125.92840235|44|2|1|1|1|1|1|1
3462494|1|1|1|147.95123584|44|2|1|1|2|1|1|1
3462495|1|1|1|155.51251631|44|2|1|1|1|1|1|1
3462496|1|1|1|87.694934881|44|1|1|1|1|2|2|2
3462497|1|1|1|93.796590202|44|1|1|1|1|2|2|2
3462498|1|1|1|51.043397769|44|1|1|2|1|1|1|1
3462499|1|1|1|85.978550345|44|1|1|2|1|1|1|1
3462500|1|1|1|45.936025568|44|1|1|2|1|1|1|1
3462501|1|1|1|79.705108204|44|1|1|0|2|2|2|2
3462502|1|1|1|128.96782552|44|1|1|1|2|2|1|1
3462503|1|1|1|133.86090224|44|1|1|1|1|2|1|1
3462504|1|1|1|76.565096654|44|1|1|0|2|2|2|2
3462505|1|1|1|124.15155665|44|2|1|0|2|2|2|2
3462506|1|1|1|119.76826915|44|1|1|0|1|2|2|2
3462507|1|1|1|357.2663662|47|2|1|2|1|1|1|1
3462508|1|1|1|442.30871586|47|1|1|2|1|1|1|1
3462509|1|1|1|385.4746874|47|2|1|2|1|1|1|1
3462510|1|1|1|463.40204228|47|2|1|2|1|1|1|1
3462511|1|1|1|357.2663662|47|2|1|2|1|1|1|1
3462512|1|1|1|399.94667515|47|2|1|2|1|1|1|1
3462513|1|1|1|379.59726184|47|2|1|2|1|1|1|1
3462514|1|1|1|297.07254145|47|2|1|2|1|1|1|1
3462515|1|1|1|277.16181229|47|1|1|2|1|1|1|1
3462516|1|1|1|387.57945089|47|1|1|1|2|1|1|2
3462517|1|1|1|363.52571845|47|2|1|3|1|1|1|1
3462518|1|1|1|402.11140259|47|2|1|3|1|1|1|1
3462519|1|1|1|463.21083112|47|2|1|3|1|1|1|1
3462520|1|1|1|380.08776642|47|2|1|3|1|1|1|1
3462521|1|1|1|511.73807463|47|2|1|3|1|1|1|1
3462522|1|1|1|600.47040568|47|2|1|3|1|1|1|1
3462523|1|1|1|418.67345056|47|2|1|3|1|1|1|1
3462524|1|1|1|477.52059475|47|2|1|3|1|1|1|1
3462525|1|1|1|394.04378625|47|2|1|3|1|1|1|1
3462526|1|1|1|214.68371855|47|2|1|3|1|1|1|1
3462527|1|1|1|291.71498623|50|1|1|6|1|1|1|1
3462528|1|1|1|336.23984043|50|1|1|6|1|1|1|1
3462529|1|1|1|394.91753203|50|1|1|6|1|1|1|1
3462530|1|1|1|354.6512832|50|1|1|6|1|1|1|1
3462531|1|1|1|491.01584477|50|1|1|6|1|1|1|1
3462532|1|1|1|435.0276406|50|1|1|6|1|1|1|1
3462533|1|1|1|379.20790531|50|2|1|2|1|1|1|1
3462534|1|1|1|415.86884997|50|1|1|2|1|1|1|1
3462535|1|1|1|190.59042016|50|2|1|2|1|1|1|1
3462536|1|1|1|356.17637327|50|2|1|2|1|1|1|1
3462537|1|1|1|255.15749984|50|2|1|2|1|1|1|1
3462538|1|1|1|319.54031724|50|2|1|2|1|1|1|1
3462539|1|1|1|255.1641436|50|2|1|2|1|1|1|1
3462540|1|1|1|294.31561731|50|2|1|3|1|1|1|1
3462541|1|1|1|332.99259357|50|1|1|3|1|1|1|1
3462542|1|1|1|499.09318438|50|1|1|2|1|1|1|1
3462543|1|1|1|497.62491248|50|1|1|2|1|1|1|1
3462544|1|1|1|497.59539092|50|2|1|2|1|1|1|1
3462545|1|1|1|517.85294996|50|1|1|2|1|1|1|1
3462546|1|1|1|395.16260358|50|2|1|2|1|1|1|1
3462547|1|1|1|512.72907069|50|2|1|3|1|1|1|1
3462548|1|1|1|389.26155872|50|2|1|3|1|1|1|1
3462549|1|1|1|236.90827079|52|2|1|3|2|1|1|1
3462550|1|1|1|416.56881195|52|2|1|2|1|1|1|1
3462551|1|1|1|189.89887124|52|1|1|2|1|1|1|1
3462552|1|1|1|208.79277899|52|2|1|2|2|1|1|1
3462553|1|1|1|307.86786489|52|1|1|3|2|1|1|1
3462554|1|1|1|140.36137654|52|2|1|1|2|1|1|1
3462555|1|1|1|299.84174552|52|4|1|1|2|1|1|1
3462556|1|1|1|311.705211|52|2|1|1|2|1|1|1
3462557|1|1|1|263.55438663|52|1|1|1|2|1|1|1
3462558|1|1|1|301.02635678|52|2|1|1|2|1|1|1
3462559|1|1|1|165.62529557|52|2|1|2|2|1|1|1
3462560|1|1|1|226.41954854|52|2|1|2|2|1|1|1
3462561|1|1|1|348.11721878|52|2|1|2|1|1|1|1
3462562|1|1|1|307.86786489|52|1|1|2|2|1|1|1
3462563|1|1|1|318.93946144|52|2|1|2|1|1|1|1
3462564|1|1|1|642.58744084|54|2|1|4|1|1|1|1
3462565|1|1|1|351.92718985|54|2|1|4|1|1|1|1
3462567|1|1|1|642.58744084|54|2|1|4|1|1|1|1
3462568|1|1|1|960.5122545|54|2|1|4|1|1|1|1
3462569|1|1|1|737.94483217|54|2|1|4|1|1|1|1
3462570|1|1|1|910.78662163|54|2|1|4|1|1|1|1
3462571|1|1|1|351.92718985|54|2|1|4|1|1|1|1
3462572|1|1|1|439.27108883|54|2|1|4|1|1|1|1
3462574|1|1|1|1378.5952555|54|2|1|3|2|1|1|1
3462575|1|1|1|615.9494049|54|1|1|3|1|1|1|1
3462576|1|1|1|768.82029453|54|2|1|3|2|1|1|1
3462577|1|1|1|1110.4762458|54|1|1|3|1|1|1|1
3462578|1|1|1|1260.6350327|54|1|1|3|1|1|1|1
3462579|1|1|1|367.90744048|63|1|1|2|1|1|1|1
3462580|1|1|1|282.20990765|63|1|1|3|1|1|1|1
3462582|1|1|1|273.12713585|63|1|1|2|1|1|1|1
3462583|1|1|1|274.91673311|63|1|1|2|1|1|1|1
3462584|1|1|1|298.4100859|63|1|1|2|1|1|1|1
3462585|1|1|1|277.84438338|63|1|1|2|1|1|1|1
3462586|1|1|1|277.84438338|63|2|1|2|1|1|1|1
3462587|1|1|1|317.036647|63|1|1|2|1|1|1|1
3462588|1|1|1|248.6899694|63|2|1|2|1|1|1|1
3462589|1|1|1|215.17003116|63|2|1|3|1|1|1|1
3462590|1|1|1|298.46997527|63|2|1|3|1|1|1|1
3462591|1|1|1|246.96007109|63|2|1|2|1|1|1|1
3462592|1|1|1|370.33032346|63|1|1|2|1|1|1|1
3462593|1|1|1|209.01635862|63|1|1|2|1|1|1|1
3462594|1|1|1|182.03597532|63|2|1|3|1|1|1|1
3462595|1|1|1|178.94536487|63|1|1|3|1|1|1|1
3462596|1|1|1|223.10586193|63|1|1|3|1|1|1|1
3462597|1|1|1|241.1472254|63|2|1|5|1|1|1|1
3462598|1|1|1|194.81042973|63|2|1|5|1|1|1|1
3462599|1|1|1|194.81042973|63|2|1|5|1|1|1|1
3462600|1|1|1|193.55565464|63|2|1|5|1|1|1|1
3462601|1|1|1|222.29006284|63|2|1|5|1|1|1|1
3462602|1|1|1|193.55565464|63|2|1|5|1|1|1|1
3462603|1|1|1|210.71709838|63|2|1|5|1|1|1|1
3462604|1|1|1|221.23506369|63|2|1|4|1|1|1|1
3462605|1|1|1|271.55729834|63|2|1|4|1|1|1|1
3462606|1|1|1|270.23052796|63|2|1|4|1|1|1|1
3462607|1|1|1|252.81304227|63|2|1|4|1|1|1|1
3462608|1|1|1|308.70008886|63|2|1|5|1|1|1|1
3462609|1|1|1|282.54531295|63|2|1|5|1|1|1|1
3462610|1|1|1|377.06585296|63|2|1|5|1|1|1|1
3462611|1|1|1|196.09408945|63|2|1|4|1|1|1|1
3462612|1|1|1|213.4588904|63|2|1|4|1|1|1|1
3462613|1|1|1|272.80291073|63|2|1|3|1|1|1|1
3462614|1|1|1|291.59759296|63|2|1|3|1|1|1|1
3462615|1|1|1|220.8438289|63|1|1|3|1|1|1|1
3462616|1|1|1|332.16894425|63|2|1|3|1|1|1|1
3462617|1|1|1|264.94885855|63|2|1|3|1|1|1|1
3462618|1|1|1|352.76238456|63|1|1|3|1|1|1|1
3462619|1|1|1|352.76238456|63|1|1|3|1|1|1|1
3462620|1|1|1|662.25612413|66|2|1|3|1|1|1|1
3462621|1|1|1|430.23297582|66|1|1|3|1|1|1|1
3462622|1|1|1|679.94273336|66|1|1|3|1|1|1|1
3462623|1|1|1|379.33835898|66|1|1|3|1|1|1|1
3462624|1|1|1|576.70272266|66|2|1|2|1|1|1|1
3462625|1|1|1|586.45689239|66|2|1|2|1|1|1|1
3462626|1|1|1|293.9910549|66|2|1|2|1|1|1|1
3462627|1|1|1|463.83868092|66|2|1|2|1|1|1|1
3462628|1|1|1|547.10973082|66|2|1|2|1|1|1|1
3462629|1|1|1|1430.2267536|66|2|1|1|1|1|1|1
3462630|1|1|1|687.62357436|66|2|1|1|1|1|1|1
3462631|1|1|1|387.37438023|68|1|1|1|1|1|1|1
3462632|1|1|1|440.09397044|68|2|1|2|1|1|1|1
3462633|1|1|1|758.92176353|68|2|1|2|1|1|1|1
3462634|1|1|1|440.09397044|68|2|1|2|1|1|1|1
3462635|1|1|1|1113.4009681|68|2|1|3|1|1|1|1
3462636|1|1|1|1193.3602284|68|2|1|3|1|1|1|1
3462637|1|1|1|563.70061029|68|2|1|4|1|1|1|1
3462638|1|1|1|387.7018311|68|2|1|2|1|1|1|1
3462639|1|1|1|343.40665875|68|2|1|4|1|1|1|1
3462640|1|1|1|618.88214593|68|2|1|3|1|1|1|1
3462641|1|1|1|618.88214593|68|2|1|3|1|1|1|1
3462642|1|1|1|2475.5285837|68|2|1|3|1|1|1|1
3462643|1|1|1|702.03633779|68|2|1|1|1|1|1|1
3462644|1|1|1|1583.8925793|68|2|1|3|1|1|1|1
3462645|1|1|1|1644.7119398|68|1|1|3|1|1|1|1
3462646|1|1|1|1151.9218759|68|2|1|3|1|1|1|1
3462648|1|1|1|220.54853122|70|1|1|2|1|1|1|1
3462649|1|1|1|155.91149293|70|1|1|1|1|1|1|1
3462650|1|1|1|133.13378146|70|1|1|2|1|1|1|1
3462651|1|1|1|138.96508874|70|1|1|2|1|1|1|1
3462652|1|1|1|135.58035689|70|1|1|2|1|1|1|1
3462653|1|1|1|138.96508874|70|2|1|2|1|1|1|1
3462654|1|1|1|178.21744213|70|2|1|3|1|1|1|1
3462655|1|1|1|186.13307356|70|1|1|2|1|1|1|1
3462656|1|1|1|114.74759263|70|1|1|1|1|1|1|1
3462657|1|1|1|122.66880906|70|2|1|1|1|1|1|1
3462658|1|1|1|140.39672779|70|1|1|2|1|1|1|1
3462659|1|1|1|112.85980316|70|2|1|2|1|1|1|1
3462660|1|1|1|147.09672632|70|1|1|2|1|1|1|1
3462661|1|1|1|170.18111185|70|2|1|3|1|1|1|1
3462662|1|1|1|130.00107394|70|2|1|3|1|1|1|1
3462663|1|1|1|195.80998058|70|2|1|3|1|1|1|1
3462664|1|1|1|155.62994267|70|2|1|3|1|1|1|1
3462665|1|1|1|152.43875733|70|2|1|3|1|1|1|1
3462666|1|1|1|181.54036166|70|2|1|3|1|1|1|1
3462667|1|1|1|219.88734595|70|1|1|3|1|1|1|1
3462668|1|1|1|174.03239344|70|1|1|3|1|1|1|1
3462669|1|1|1|160.61360346|70|2|1|1|1|1|1|1
3462670|1|1|1|272.75577597|70|2|1|2|1|1|1|1
3462671|1|1|1|176.77954361|70|1|1|2|1|1|1|1
3462672|1|1|1|306.38706243|70|2|1|2|1|1|1|1
3462673|1|1|1|217.56664509|70|2|1|2|1|1|1|1
3462674|1|1|1|197.85291785|70|1|1|2|1|1|1|1
3462675|1|1|1|172.5579129|70|2|1|2|1|1|1|1
3462676|1|1|1|222.05023689|70|2|1|2|1|1|1|1
3462677|1|1|1|165.09719526|70|1|1|2|1|1|1|1
3462678|1|1|1|220.67677737|73|1|1|2|1|1|1|1
3462679|1|1|1|243.16667307|73|2|1|2|1|1|1|1
3462680|1|1|1|360.89554944|73|2|1|2|1|1|1|1
3462682|1|1|1|2531.5899018|76|2|1|3|1|1|1|1
3462683|1|1|1|2637.9892198|76|2|1|3|1|1|1|1
3462684|1|1|1|2726.9517406|76|2|1|3|1|1|1|1
3462685|1|1|1|3149.2239916|76|2|1|2|1|1|1|1
3462686|1|1|1|2476.6475005|76|2|1|2|1|1|1|1
3462687|1|1|1|1547.9796457|76|2|1|3|1|1|1|1
3462688|1|1|1|1846.5924539|76|2|1|3|1|1|1|1
3462689|1|1|1|1073.6383069|76|1|1|3|1|1|1|1
3462690|1|1|1|1594.9016382|76|2|1|4|1|1|1|1
3462691|1|1|1|2251.1203176|76|2|1|4|1|1|1|1
3462692|1|1|1|1262.3319281|76|2|1|4|1|1|1|1
3462693|1|1|1|1199.2504934|76|2|1|1|1|1|1|1
3462694|1|1|1|2476.0628176|76|2|1|1|1|1|1|1
3462695|1|1|1|4998.2966582|76|2|1|1|1|1|1|1
3462696|1|1|1|9788.7993436|11|2|1|3|1|1|1|1
3462697|1|1|1|154.98118805|47|1|1|4|1|1|1|1
3462698|1|1|1|948.00638071|08|2|1|3|1|1|1|1
3462701|1|1|1|1338.267754|08|2|1|3|1|1|1|1
3462702|1|1|1|1242.625546|08|2|1|3|1|1|1|1
3462705|1|1|1|765.02373703|08|2|1|3|1|1|1|1
3462710|1|1|1|2079.2799288|08|1|1|2|1|1|1|1
3462714|1|1|1|1160.288059|08|2|1|2|1|1|1|1
3462715|1|1|1|2051.4774373|08|2|1|2|1|1|1|1
3462716|1|1|1|2357.9200629|08|1|1|2|1|1|1|1
3462717|1|1|1|2394.6636059|08|1|1|2|1|1|1|1
3462721|1|1|1|12531.002442|11|2|1|1|1|1|1|1
3462722|1|1|1|8698.180419|11|1|1|1|1|1|1|1
3462723|1|1|1|8383.9988325|11|1|1|1|1|1|1|1
3462724|1|1|1|9510.5762868|11|2|1|3|1|1|1|1
3462725|1|1|1|9570.4362828|11|2|1|3|1|1|1|1
3462726|1|1|1|5717.566117|11|2|1|3|1|1|1|1
3462727|1|1|1|6020.7547305|11|2|1|2|1|1|1|1
3462728|1|1|1|7704.5638402|11|2|1|3|1|1|1|1
3462729|1|1|1|5124.8743583|11|2|1|3|1|1|1|1
3462730|1|1|1|5702.2687143|11|2|1|3|1|1|1|1
3462731|1|1|1|7574.7122965|11|2|1|6|1|1|1|1
3462732|1|1|1|9034.4734696|11|2|1|3|1|1|1|1
3462733|1|1|1|5467.5592456|11|2|1|4|1|1|1|1
3462734|1|1|1|5544.9233391|11|2|1|2|1|1|1|1
3462735|1|1|1|479.37804663|13|2|1|4|1|1|1|1
3462736|1|1|1|792.0025812|13|2|1|4|1|1|1|1
3462741|1|1|1|592.54926411|13|1|1|3|1|1|1|1
3462746|1|1|1|652.92121324|13|2|1|2|1|1|1|1
3462747|1|1|1|423.7068347|13|2|1|2|1|1|1|1
3462750|1|1|1|1087.0932097|13|1|1|3|1|1|1|1
3462751|1|1|1|438.70702115|13|1|1|3|1|1|1|1
3462752|1|1|1|391.19107729|13|1|1|3|1|1|1|1
3462753|1|1|1|516.90349714|13|1|1|3|1|1|1|1
3462756|1|1|1|200.13278384|15|2|1|3|1|1|1|1
3462757|1|1|1|169.94096797|15|2|1|3|1|1|1|1
3462758|1|1|1|167.99214733|15|2|1|3|1|1|1|1
3462759|1|1|1|73.187755277|15|2|1|3|1|1|1|1
3462760|1|1|1|96.566861567|15|2|1|3|1|1|1|1
3462764|1|1|1|206.21258297|15|2|1|3|1|1|1|1
3462765|1|1|1|89.838937695|15|2|1|3|1|1|1|1
3462766|1|1|1|206.21258297|15|2|1|3|1|1|1|1
3462771|1|1|1|89.496316846|15|2|1|3|1|1|1|1
3462772|1|1|1|63.2486774|15|2|1|3|1|1|1|1
3462773|1|1|1|178.92033776|15|2|1|3|1|1|1|1
3462774|1|1|1|173.75804877|15|1|1|3|1|1|1|1
3462779|1|1|1|101.64966011|15|2|1|4|1|1|1|1
3462783|1|1|1|148.69945782|15|2|1|5|1|1|1|1
3462785|1|1|1|116.69502966|15|3|1|4|1|1|1|1
3462792|1|1|1|731.16898193|17|2|1|4|1|1|1|1
3462793|1|1|1|686.38582973|17|2|1|4|1|1|1|1
3462794|1|1|1|421.81424507|17|2|1|3|1|1|1|1
3462795|1|1|1|384.28201817|17|2|1|3|1|1|1|1
3462796|1|1|1|406.98337518|17|2|1|6|1|1|1|1
3462797|1|1|1|395.98103422|17|2|1|6|1|1|1|1
3462798|1|1|1|504.08587756|17|2|1|5|1|1|1|1
3462799|1|1|1|530.59405458|17|2|1|6|1|1|1|1
3462800|1|1|1|536.28534901|17|2|1|2|1|1|1|1
3462801|1|1|1|607.75645554|17|1|1|2|1|1|1|1
3462802|1|1|1|227.56911876|17|1|1|3|1|1|1|1
3462803|1|1|1|234.00891361|17|2|1|2|1|1|1|1
3462804|1|1|1|257.95568278|17|1|1|3|1|1|1|1
3462805|1|1|1|314.58537937|17|1|1|1|1|1|1|1
3462808|1|1|1|174.62857142|18|1|1|1|1|1|1|1
3462809|1|1|1|115.46672579|18|2|1|1|1|1|1|1
3462812|1|1|1|168.00665666|18|2|1|1|1|1|1|1
3462814|1|1|1|168.00665666|18|2|1|1|1|1|1|1
3462815|1|1|1|145.60576911|18|1|1|3|1|1|1|1
3462817|1|1|1|82.698025447|18|1|1|1|1|1|1|1
3462819|1|1|1|99.467486086|18|2|1|2|1|1|1|1
3462820|1|1|1|133.23914387|18|2|1|2|1|1|1|1
3462824|1|1|1|118.3282021|18|1|1|4|1|1|1|1
3462825|1|1|1|331.30786395|20|2|1|3|1|1|1|1
3462826|1|1|1|259.01621524|20|2|1|3|1|1|1|1
3462827|1|1|1|213.01839381|20|2|1|3|1|1|1|1
3462828|1|1|1|268.79939877|20|2|1|3|1|1|1|1
3462829|1|1|1|268.79939877|20|2|1|3|1|1|1|1
3462830|1|1|1|527.30270428|20|2|1|4|1|1|1|1
3462831|1|1|1|468.62056041|20|2|1|4|1|1|1|1
3462832|1|1|1|364.94303958|20|2|1|1|1|1|1|1
3462834|1|1|1|343.61584428|23|4|1|1|1|1|1|1
3462851|1|1|1|130.70090672|44|1|1|1|2|2|1|1
3462852|1|1|1|85.947346116|44|1|1|0|2|2|1|1
3462853|1|1|1|83.605468177|44|2|1|0|1|2|2|2
3462854|1|1|1|164.9138437|44|2|1|0|1|2|2|2
3462855|1|1|1|143.5640563|44|1|1|0|2|2|2|1
3462856|1|1|1|264.39524745|47|2|1|5|1|1|1|1
3462857|1|1|1|283.26323975|47|2|1|5|1|1|1|1
3462858|1|1|1|310.41612859|47|2|1|5|1|1|1|1
3462859|1|1|1|279.24411413|47|2|1|5|1|1|1|1
3462860|1|1|1|324.67419307|47|2|1|5|1|1|1|1
3462861|1|1|1|283.63673629|47|2|1|5|1|1|1|1
3462862|1|1|1|283.26323975|47|2|1|5|1|1|1|1
3462863|1|1|1|283.26323975|47|2|1|5|1|1|1|1
3462865|1|1|1|283.26323975|47|2|1|5|1|1|1|1
3462887|1|1|1|313.58723826|50|2|1|2|1|1|1|1
3462888|1|1|1|599.29371899|50|2|1|2|1|1|1|1
3462889|1|1|1|457.72139081|50|1|1|3|1|1|1|1
3462890|1|1|1|397.5419271|50|1|1|3|1|1|1|1
3462891|1|1|1|244.30822435|52|2|1|3|2|1|1|1
3462892|1|1|1|94.105922911|52|1|1|3|2|1|1|1
3462893|1|1|1|223.93737163|52|2|1|3|2|1|1|1
3462894|1|1|1|216.03758078|52|2|1|3|2|1|1|1
3462895|1|1|1|265.55837964|52|4|1|2|2|1|1|1
3462896|1|1|1|285.98739355|52|1|1|2|1|1|1|1
3462897|1|1|1|180.13324571|52|2|1|4|2|1|1|1
3462898|1|1|1|246.1441703|52|1|1|1|2|1|1|1
3462899|1|1|1|336.31297937|52|1|1|1|2|1|1|1
3462900|1|1|1|376.69233637|52|1|1|2|1|1|1|1
3462901|1|1|1|1110.4762458|54|1|1|3|1|1|1|1
3462902|1|1|1|615.9494049|54|1|1|3|1|1|1|1
3462903|1|1|1|1664.0478145|54|1|1|3|1|1|1|1
3462904|1|1|1|615.9494049|54|1|1|3|1|1|1|1
3462905|1|1|1|1788.8947695|54|2|1|3|1|1|1|1
3462906|1|1|1|1248.9571122|54|2|1|3|2|1|1|1
3462907|1|1|1|301.65268237|63|2|1|2|1|1|1|1
3462908|1|1|1|177.52260588|63|1|1|2|1|1|1|1
3462909|1|1|1|269.61379013|63|1|1|3|1|1|1|1
3462910|1|1|1|301.65268237|63|1|1|3|1|1|1|1
3462911|1|1|1|321.09664611|63|1|1|2|1|1|1|1
3462916|1|1|1|194.10835349|66|2|1|1|1|1|1|1
3462917|1|1|1|625.90829232|66|2|1|3|1|1|1|1
3462918|1|1|1|675.38279764|66|2|1|3|1|1|1|1
3462919|1|1|1|516.04373309|66|2|1|6|1|1|1|1
3462920|1|1|1|580.36746804|66|2|1|3|1|1|1|1
3462921|1|1|1|509.967142|66|2|1|3|1|1|1|1
3462922|1|1|1|712.31259456|66|2|1|2|1|1|1|1
3462923|1|1|1|563.70061029|68|2|1|3|1|1|1|1
3462924|1|1|1|1352.2563426|68|1|1|4|1|1|1|1
3462925|1|1|1|443.7614202|68|2|1|4|1|1|1|1
3462926|1|1|1|343.40665875|68|2|1|4|1|1|1|1
3462927|1|1|1|587.69713418|68|2|1|4|1|1|1|1
3462928|1|1|1|487.69106215|68|2|1|3|1|1|1|1
3462929|1|1|1|889.53102646|68|1|1|3|1|1|1|1
3462930|1|1|1|378.01892399|68|2|1|3|1|1|1|1
3462934|1|1|1|119.53130966|70|2|1|2|1|1|1|1
3462935|1|1|1|117.85467131|70|2|1|2|1|1|1|1
3462938|1|1|1|186.0799533|70|2|1|2|1|1|1|1
3462940|1|1|1|107.40494491|70|2|1|1|1|1|1|1
3462952|1|1|1|380.09271446|73|2|1|2|1|1|1|1
3462953|1|1|1|321.5025092|73|2|1|2|1|1|1|1
3462954|1|1|1|262.11340596|73|1|1|2|1|1|1|1
3462955|1|1|1|225.69693729|73|1|1|2|1|1|1|1
3462956|1|1|1|303.95834134|73|2|1|2|1|1|1|1
3462957|1|1|1|301.74450194|73|2|1|2|1|1|1|1
3462958|1|1|1|369.11122878|73|2|1|2|1|1|1|1
3462959|1|1|1|580.01946646|73|1|1|2|1|1|1|1
3462960|1|1|1|544.20612232|73|2|1|2|1|1|1|1
3462961|1|1|1|503.8031494|73|2|1|2|1|1|1|1
3462962|1|1|1|437.10295488|73|1|1|2|1|1|1|1
3462963|1|1|1|326.96001828|73|1|1|2|1|1|1|1
3462964|1|1|1|415.76263776|73|1|1|2|1|1|1|1
3462965|1|1|1|375.39366414|73|1|1|2|1|1|1|1
3462966|1|1|1|514.59384567|73|1|1|2|1|1|1|1
3462967|1|1|1|395.96340053|73|2|1|2|1|1|1|1
3462968|1|1|1|400.96073588|73|2|1|2|1|1|1|1
3462969|1|1|1|415.76263776|73|2|1|2|1|1|1|1
3462970|1|1|1|425.54167788|73|1|1|2|1|1|1|1
3462971|1|1|1|387.37777744|73|3|1|2|1|1|1|1
3462972|1|1|1|2003.7014731|76|2|1|3|1|1|1|1
3462973|1|1|1|3149.2239916|76|2|1|3|1|1|1|1
3462974|1|1|1|2003.7014731|76|2|1|3|1|1|1|1
3462975|1|1|1|1872.8446371|76|2|1|3|1|1|1|1
3462976|1|1|1|2857.8085766|76|2|1|2|1|1|1|1
3462977|1|1|1|2346.5738048|76|2|1|2|1|1|1|1
3462978|1|1|1|2531.5899018|76|2|1|2|1|1|1|1
3462979|1|1|1|2346.5738048|76|2|1|2|1|1|1|1
3462980|1|1|1|3149.2239916|76|1|1|2|1|1|1|1
3462981|1|1|1|2003.7014731|76|1|1|2|1|1|1|1
3462982|1|1|1|2003.0415744|76|1|1|2|1|1|1|1
3462983|1|1|1|1428.9108274|76|2|1|3|1|1|1|1
3462984|1|1|1|1272.531565|76|2|1|3|1|1|1|1
3462985|1|1|1|1606.5818217|76|2|1|3|1|1|1|1
3462986|1|1|1|2489.5872375|76|1|1|3|1|1|1|1
3462987|1|1|1|768.96871664|76|2|1|3|1|1|1|1
3462988|1|1|1|4613.8122999|76|2|1|3|1|1|1|1
3462989|1|1|1|939.58459453|76|2|1|3|1|1|1|1
3462990|1|1|1|5712.3390379|76|2|1|2|1|1|1|1
3462991|1|1|1|2286.2573238|76|2|1|2|1|1|1|1
3462992|1|1|1|4348.6506734|76|2|1|4|1|1|1|1
3462993|1|1|1|2088.3160786|76|2|1|4|1|1|1|1
3462994|1|1|1|4998.2966582|76|2|1|1|1|1|1|1
3462995|1|1|1|2224.4892264|76|2|1|1|1|1|1|1
3462996|1|1|1|1406.2117672|76|2|1|1|1|1|1|1
3462997|1|1|1|1335.8009821|76|2|1|2|1|1|1|1
3462998|1|1|1|1563.860443|76|2|1|2|1|1|1|1
3462999|1|1|1|732.35115871|76|2|1|1|1|1|1|1
3463000|1|1|1|43.329900696|88|1|1|3|2|1|1|2
3463001|1|1|1|52.296954701|88|2|1|3|2|1|1|2
3463002|1|1|1|32.776673803|88|2|1|3|2|1|1|2
3463003|1|1|1|51.057163916|88|2|1|3|2|1|1|2
3463004|1|1|1|40.503937023|88|2|1|3|2|2|1|2
3463006|1|1|1|44.058550437|88|2|1|3|2|2|1|2
3463007|1|1|1|51.712719288|88|2|1|3|2|2|1|2
3463008|1|1|1|25.892906828|88|2|1|3|2|2|1|2
3463009|1|1|1|41.518765084|88|2|1|2|2|2|1|2
3463010|1|1|1|34.801614832|88|2|1|2|2|2|1|2
3463011|1|1|1|24.703524606|88|2|1|2|2|2|1|2
3463012|1|1|1|61.20141614|88|2|1|2|2|2|1|2
3463013|1|1|1|17.731107235|88|1|1|2|2|2|1|2
3463014|1|1|1|22.727783075|88|2|1|2|2|2|1|2
3463015|1|1|1|23.934144604|88|2|1|2|2|2|1|2
3463016|1|1|1|33.864330853|88|2|1|2|2|2|1|2
3463017|1|1|1|22.727783075|88|2|1|2|2|2|1|2
3463018|1|1|1|32.607280116|88|2|1|3|2|1|1|2
3463019|1|1|1|43.32815803|88|2|1|2|2|2|1|2
3463020|1|1|1|38.197286856|88|1|1|2|2|2|1|2
3463021|1|1|1|94.15602483|88|1|1|1|2|2|1|2
3463022|1|1|1|2839.7680656|05|2|1|2|1|1|1|1
3463026|1|1|1|371.8963064|17|2|1|5|1|1|1|1
3463027|1|1|1|465.23101887|17|2|1|5|1|1|1|1
3463028|1|1|1|625.11834448|17|2|1|5|1|1|1|1
3463029|1|1|1|557.18747489|17|2|1|4|2|1|1|1
3463032|1|1|1|517.07732507|17|2|1|4|2|1|1|1
3463033|1|1|1|422.36398993|17|2|1|3|1|1|1|1
3463075|1|1|1|152.67968483|19|2|1|3|1|1|1|1
3463076|1|1|1|100.81223528|19|1|1|3|2|1|1|1
3463077|1|1|1|202.17487592|19|2|1|3|1|1|1|1
3463078|1|1|1|157.23515436|19|2|1|3|1|1|1|1
3463079|1|1|1|153.14908125|19|2|1|3|2|1|1|1
3463080|1|1|1|113.98062295|19|2|1|3|1|1|1|1
3463081|1|1|1|113.98062295|19|2|1|3|1|1|1|1
3463097|1|1|1|450.83034793|20|1|1|3|1|1|1|1
3463098|1|1|1|413.83869718|20|1|1|3|1|1|1|1
3463099|1|1|1|552.85207255|20|2|1|3|1|1|1|1
3463104|1|1|1|568.71652773|20|1|1|3|1|1|1|1
3463109|1|1|1|548.27479545|20|2|1|4|1|1|1|1
3463116|1|1|1|345.57213239|20|2|1|1|1|1|1|1
3463117|1|1|1|345.57213239|20|2|1|1|1|1|1|1
3463119|1|1|1|368.58239196|20|1|1|1|1|1|1|1
3463122|1|1|1|328.75545244|20|1|1|1|1|1|1|1
3463124|1|1|1|310.15315242|20|2|1|1|1|1|1|1
3463131|1|1|1|173.60035234|23|2|1|2|1|1|1|1
3463132|1|1|1|173.60035234|23|2|1|2|1|1|1|1
3463135|1|1|1|228.98557946|23|2|1|1|1|1|1|1
3463137|1|1|1|181.42034686|23|2|1|1|1|1|1|1
3463138|1|1|1|277.6998201|23|2|1|2|1|1|1|1
3463139|1|1|1|329.66111993|23|1|1|2|1|1|1|1
3463141|1|1|1|257.57008923|23|1|1|1|1|1|1|1
3463144|1|1|1|97.576429411|27|1|1|1|2|2|1|2
3463146|1|1|1|106.18147499|27|2|1|2|2|1|1|1
3463147|1|1|1|111.43854023|27|2|1|2|2|1|1|1
3463149|1|1|1|88.967803942|27|1|1|2|2|2|1|1
3463152|1|1|1|131.279752|27|1|1|1|2|2|1|1
3463154|1|1|1|112.33374505|27|1|1|1|2|2|1|1
3463155|1|1|1|120.84069105|27|1|1|1|2|2|1|1
3463156|1|1|1|92.035012828|27|1|1|1|2|1|1|1
3463158|1|1|1|160.65530355|27|1|1|1|2|2|1|2
3463161|1|1|1|111.427916|27|1|1|1|2|2|1|1
3463162|1|1|1|141.3928675|27|1|1|2|2|2|1|1
3463167|1|1|1|80.122624918|27|1|1|2|2|2|1|1
3463168|1|1|1|54.015442025|27|1|1|2|2|2|1|1
3463174|1|1|1|57.75802703|27|2|1|1|2|1|1|1
3463176|1|1|1|135.63306651|27|1|1|1|2|2|1|1
3463177|1|1|1|74.964254112|27|1|1|1|2|2|1|2
3463180|1|1|1|126.23810019|27|1|1|1|2|2|1|1
3463183|1|1|1|155.05705885|27|1|1|1|2|2|1|2
3463184|1|1|1|110.59072766|27|1|1|1|2|2|1|2
3463188|1|1|1|74.87498389|44|1|1|2|1|1|1|1
3463190|1|1|1|65.02366235|44|2|1|2|1|1|1|1
3463191|1|1|1|100.46608284|44|2|1|2|1|1|1|1
3463205|1|1|1|97.404151363|44|1|1|1|1|1|1|1
3463206|1|1|1|75.24492136|44|2|1|1|1|1|1|1
3463207|1|1|1|134.73793457|44|2|1|1|1|1|1|1
3463208|1|1|1|55.695285719|44|2|1|1|1|1|1|1
3463209|1|1|1|46.946913694|44|2|1|1|1|1|1|1
3463212|1|1|1|161.30093362|44|2|1|1|1|1|1|1
3463213|1|1|1|147.95123584|44|2|1|1|1|1|1|1
3463214|1|1|1|34.775491625|44|1|1|2|1|1|1|1
3463219|1|1|1|124.15155665|44|1|1|0|1|2|2|2
3463234|1|1|1|679.78819741|50|1|1|6|1|1|1|1
3463249|1|1|1|265.17891435|52|2|1|3|1|1|1|1
3463250|1|1|1|192.85421278|52|1|1|3|2|1|1|1
3463253|1|1|1|312.71783573|52|1|1|2|1|1|1|1
3463254|1|1|1|201.48317072|52|1|1|2|1|1|1|1
3463255|1|1|1|257.24430788|52|2|1|2|2|1|1|1
3463256|1|1|1|279.06740956|52|1|1|2|2|1|1|1
3463257|1|1|1|300.48300709|52|2|1|2|2|1|1|1
3463258|1|1|1|236.72377865|52|4|1|2|2|1|1|1
3463265|1|1|1|224.18663733|52|2|1|4|2|1|1|1
3463273|1|1|1|215.66011684|52|1|1|2|1|1|1|1
3463274|1|1|1|318.78942034|52|2|1|2|2|1|1|1
3463278|1|1|1|249.3916324|52|1|1|2|2|1|1|1
3463309|1|1|1|934.40967995|54|1|1|4|1|1|1|1
3463310|1|1|1|913.95596604|54|1|1|4|1|1|1|1
3463311|1|1|1|628.17542981|54|1|1|4|1|1|1|1
3463312|1|1|1|407.32791074|54|1|1|4|1|1|1|1
3463314|1|1|1|903.94369692|54|1|1|4|1|1|1|1
3463315|1|1|1|1406.4928134|54|1|1|4|1|1|1|1
3463316|1|1|1|407.32791074|54|1|1|4|1|1|1|1
3463324|1|1|1|223.98069778|63|1|1|1|2|1|1|1
3463327|1|1|1|709.88441011|66|2|1|3|1|1|1|1
3463329|1|1|1|625.90829232|66|2|1|3|1|1|1|1
3463337|1|1|1|685.55907163|66|2|1|3|2|1|1|1
3463338|1|1|1|847.991184|66|2|1|2|1|1|1|1
3463339|1|1|1|439.97096175|66|2|1|2|1|1|1|1
3463340|1|1|1|1088.1890026|66|2|1|2|1|1|1|1
3463343|1|1|1|497.32733281|66|1|1|2|1|1|1|1
3463347|1|1|1|362.27962719|66|2|1|2|1|1|1|1
3463348|1|1|1|581.45553269|66|1|1|2|1|1|1|1
3463349|1|1|1|368.1541627|66|2|1|2|1|1|1|1
3463350|1|1|1|678.59278926|66|2|1|2|1|1|1|1
3463351|1|1|1|947.11362261|66|2|1|2|1|1|1|1
3463352|1|1|1|434.01077963|66|2|1|2|1|1|1|1
3463353|1|1|1|292.53462104|66|1|1|3|1|1|1|1
3463377|1|1|1|283.65649189|73|2|1|4|1|1|1|1
3463378|1|1|1|309.48260545|73|2|1|4|1|1|1|1
3463379|1|1|1|309.48260545|73|2|1|4|1|1|1|1
3463381|1|1|1|378.2458488|73|1|1|3|1|1|1|1
3463382|1|1|1|395.84533167|73|1|1|3|1|1|1|1
3463384|1|1|1|392.52431019|73|1|1|3|1|1|1|1
3463387|1|1|1|582.58557177|73|2|1|2|1|1|1|1
3463388|1|1|1|483.75436386|73|2|1|2|1|1|1|1
3463389|1|1|1|2065.6051993|76|2|1|4|1|1|1|1
3463391|1|1|1|2263.4426204|76|2|1|4|1|1|1|1
3463396|1|1|1|2295.1168881|76|2|1|3|1|1|1|1
3463397|1|1|1|1783.2222176|76|2|1|3|1|1|1|1
3463401|1|1|1|1428.9108274|76|2|1|3|1|1|1|1
3463404|1|1|1|1606.5818217|76|2|1|3|1|1|1|1
3463408|1|1|1|1459.4020929|76|2|1|3|1|1|1|1
3463412|1|1|1|2131.9296956|76|2|1|3|1|1|1|1
3463415|1|1|1|1368.7839093|76|2|1|4|1|1|1|1
3463416|1|1|1|1321.9823512|76|2|1|4|1|1|1|1
3463417|1|1|1|1730.5591179|76|2|1|5|1|1|1|1
3463419|1|1|1|2640.2770682|76|2|1|3|1|1|1|1
3463425|1|1|1|27.696828351|88|2|1|3|2|1|1|1
3463426|1|1|1|40.620246133|88|2|1|3|2|1|1|1
3463428|1|1|1|37.45261226|88|2|1|3|2|1|1|1
3463431|1|1|1|47.613163851|88|1|1|3|2|1|1|1
3463437|1|1|1|76.935543967|88|2|1|2|2|1|1|2
3463439|1|1|1|22.727783075|88|2|1|2|2|2|1|2
3463441|1|1|1|32.077353032|88|2|1|3|2|1|1|2
3463442|1|1|1|29.457408744|88|2|1|3|2|1|1|2
3463443|1|1|1|521.70516961|08|2|1|3|1|1|1|1
3463444|1|1|1|1169.8667481|08|2|1|3|1|1|1|1
3463446|1|1|1|1135.4571252|08|2|1|5|1|1|1|1
3463449|1|1|1|651.68695958|08|2|1|3|1|1|1|1
3463450|1|1|1|651.68695958|08|1|1|3|1|1|1|1
3463451|1|1|1|1133.2717348|08|1|1|3|1|1|1|1
3463452|1|1|1|856.82810511|08|1|1|3|1|1|1|1
3463454|1|1|1|929.73678082|08|2|1|1|1|1|1|1
3463456|1|1|1|1489.1731274|08|2|1|2|1|1|1|1
3463457|1|1|1|1768.7508096|08|2|1|2|1|1|1|1
3463458|1|1|1|1774.1727773|08|2|1|2|1|1|1|1
3463461|1|1|1|696.11687321|08|2|1|2|1|2|2|1
3463462|1|1|1|1221.2116657|08|1|1|1|1|2|2|1
3463463|1|1|1|1214.9106706|08|1|1|1|1|2|2|1
3463464|1|1|1|1572.2229418|08|2|1|2|1|1|1|1
3463465|1|1|1|2414.0548729|08|2|1|2|1|1|1|1
3463472|1|1|1|4880.1254691|11|1|1|1|1|1|1|1
3463484|1|1|1|5023.5371346|11|2|1|2|1|1|1|1
3463501|1|1|1|8036.8838312|11|1|1|3|1|1|1|1
3463505|1|1|1|197.33754819|15|2|1|5|1|1|1|1
3463506|1|1|1|611.09523459|17|2|1|6|1|1|1|1
3463507|1|1|1|382.84251523|47|1|1|1|2|2|2|1
3463508|1|1|1|428.07358213|50|1|1|1|2|2|2|2
3463509|1|1|1|241.58750396|50|1|1|1|2|2|2|2
3463510|1|1|1|188.85126189|52|2|1|2|2|1|1|1
3463511|1|1|1|386.70430527|52|2|1|2|1|1|1|1
3463512|1|1|1|912.34275303|68|2|1|3|1|1|1|1
3463513|1|1|1|335.75450445|73|2|1|1|1|1|1|1
3463514|1|1|1|398.14198307|73|2|1|4|1|1|1|1
3463515|1|1|1|236.12783879|73|1|1|1|2|1|1|1
3463516|1|1|1|6391.1533553|11|2|1|1|1|1|1|1
3463517|1|1|1|11208.285518|11|2|1|2|1|1|1|1
3463518|1|1|1|10340.778038|11|2|1|1|1|1|1|1
3463519|1|1|1|9797.4063303|11|2|1|2|1|1|1|1
3463520|1|1|1|6780.6029971|11|2|1|2|2|1|1|1
3463521|1|1|1|8275.3267857|11|2|1|2|1|1|1|1
3463522|1|1|1|6182.8805851|11|2|1|2|1|1|1|1
3463523|1|1|1|6998.4401659|11|2|1|3|1|1|1|1
3463524|1|1|1|6890.0136446|11|2|1|3|1|1|1|1
3463525|1|1|1|6219.346257|11|2|1|3|1|1|1|1
3463526|1|1|1|6397.5537282|11|2|1|2|1|1|1|1
3463527|1|1|1|5774.8219213|11|2|1|2|1|1|1|1
3463528|1|1|1|7784.3985006|11|2|1|2|1|1|1|1
3463529|1|1|1|6321.6934073|11|2|1|2|1|1|1|1
3463530|1|1|1|6124.3614547|11|2|1|2|1|1|1|1
3463531|1|1|1|78.835538194|18|1|1|4|1|1|1|1
3463532|1|1|1|651.84614633|54|2|1|3|1|1|1|1
3463533|1|1|1|180.34157341|63|2|1|2|1|1|1|1
3463534|1|1|1|248.6899694|63|1|1|3|1|1|1|1
3463535|1|1|1|248.6899694|63|1|1|3|1|1|1|1
3463536|1|1|1|192.93769092|63|1|1|3|1|1|1|1
3463537|1|1|1|290.22894934|63|2|1|1|2|1|1|1
3463538|1|1|1|899.72046328|66|2|1|2|1|1|1|1
3463539|1|1|1|382.44613538|66|2|1|2|1|1|1|1
3463540|1|1|1|94.392789736|27|1|1|1|2|2|1|2
3463542|1|1|1|6890.0136446|11|2|1|3|1|1|1|1
3463543|1|1|1|7799.9011488|11|2|1|2|1|1|1|1
3463544|1|1|1|68.904038352|44|1|1|0|2|2|1|2
3463545|1|1|1|397.16576682|66|1|1|1|1|1|1|1
3463546|1|1|1|492.17451515|13|2|1|1|1|1|1|1
3463547|1|1|1|3520.5600667|05|2|1|2|1|1|1|1
3463548|1|1|1|5956.1073857|05|2|1|2|1|1|1|1
3463549|1|1|1|3345.7649657|05|2|1|2|1|1|1|1
3463550|1|1|1|2242.8947938|05|2|1|2|1|1|1|1
3463551|1|1|1|1662.7586522|05|2|1|2|1|1|1|1
3463552|1|1|1|2466.6829811|05|2|1|2|1|1|1|1
3463553|1|1|1|3005.6104231|05|2|1|2|1|1|1|1
3463554|1|1|1|3905.4291187|05|2|1|3|1|1|1|1
3463555|1|1|1|2604.5002098|05|2|1|3|1|1|1|1
3463556|1|1|1|4401.9434946|05|2|1|3|1|1|1|1
3463557|1|1|1|5166.2482644|05|2|1|3|1|1|1|1
3463558|1|1|1|6243.0334131|05|2|1|3|1|1|1|1
3463559|1|1|1|2642.8746226|05|2|1|3|1|1|1|1
3463560|1|1|1|5360.4975396|05|2|1|3|1|1|1|1
3463561|1|1|1|2604.5002098|05|2|1|3|1|1|1|1
3463562|1|1|1|1781.5271274|05|2|1|3|1|1|1|1
3463563|1|1|1|814.16686909|05|2|1|2|1|1|1|1
3463564|1|1|1|492.20286821|05|2|1|2|2|1|1|1
3463565|1|1|1|1321.474894|05|2|1|2|2|1|1|1
3463566|1|1|1|1078.9975545|05|2|1|2|1|1|1|1
3463567|1|1|1|919.46650513|05|2|1|2|1|1|1|1
3463568|1|1|1|1796.2857002|05|2|1|2|2|1|1|1
3463569|1|1|1|1481.0059434|05|2|1|2|2|1|1|1
3463570|1|1|1|1459.8095194|05|2|1|3|1|1|1|1
3463571|1|1|1|1763.10202|05|2|1|3|2|1|1|1
3463572|1|1|1|877.21492937|05|2|1|2|2|1|1|1
3463573|1|1|1|1481.0059434|05|2|1|2|2|1|1|1
3463574|1|1|1|2889.938253|05|2|1|2|1|1|1|1
3463575|1|1|1|1968.5571025|05|2|1|2|1|1|1|1
3463576|1|1|1|1053.7952679|05|2|1|2|1|1|1|1
3463577|1|1|1|1540.5939961|05|2|1|2|1|1|1|1
3463578|1|1|1|3527.9803055|05|2|1|2|1|1|1|1
3463579|1|1|1|3132.6789633|05|2|1|2|1|1|1|1
3463580|1|1|1|3213.9144876|05|2|1|2|1|1|1|1
3463581|1|1|1|2461.9751465|05|2|1|2|1|1|1|1
3463582|1|1|1|2083.6388573|05|2|1|2|1|1|1|1
3463583|1|1|1|2418.1198172|05|2|1|2|1|1|1|1
3463584|1|1|1|1053.7952679|05|2|1|2|1|1|1|1
3463585|1|1|1|1563.2929345|05|2|1|2|1|1|1|1
3463586|1|1|1|3474.0995996|05|2|1|3|1|1|1|1
3463587|1|1|1|6022.5756954|05|2|1|3|1|1|1|1
3463588|1|1|1|2660.1929062|05|2|1|3|1|1|1|1
3463589|1|1|1|5765.8601771|05|2|1|3|1|1|1|1
3463590|1|1|1|2004.1237411|05|2|1|3|1|1|1|1
3463591|1|1|1|4393.4010859|05|2|1|2|1|1|1|1
3463592|1|1|1|4682.2214822|05|2|1|2|2|1|1|1
3463593|1|1|1|2004.1237411|05|2|1|2|1|1|1|1
3463594|1|1|1|5116.2906922|05|2|1|2|1|1|1|1
3463595|1|1|1|1104.2161288|08|2|1|1|2|1|1|1
3463596|1|1|1|967.86337751|08|2|1|1|1|1|1|1
3463597|1|1|1|986.5985295|08|2|1|1|1|1|1|1
3463598|1|1|1|1104.2161288|08|2|1|1|1|1|1|1
3463599|1|1|1|1072.3793339|08|1|1|1|1|1|1|1
3463600|1|1|1|1309.1622747|08|1|1|1|1|1|1|1
3463601|1|1|1|1321.2425319|08|1|1|1|1|1|1|1
3463602|1|1|1|1753.3046081|08|2|1|1|1|1|1|1
3463603|1|1|1|1087.7023531|08|1|1|1|1|1|1|1
3463604|1|1|1|1230.5778806|08|2|1|1|1|1|1|1
3463605|1|1|1|1625.5188244|08|1|1|1|1|1|1|1
3463606|1|1|1|921.98407697|08|2|1|1|1|1|1|1
3463607|1|1|1|1450.6827619|08|2|1|1|1|1|1|1
3463608|1|1|1|1715.1897591|08|2|1|1|1|1|1|1
3463609|1|1|1|1605.8117764|08|2|1|1|1|1|1|1
3463610|1|1|1|1980.9470104|08|2|1|1|1|1|1|1
3463611|1|1|1|1891.2101329|08|2|1|1|1|1|1|1
3463612|1|1|1|2199.5648713|08|2|1|1|1|1|1|1
3463613|1|1|1|2407.4613636|08|2|1|1|1|1|1|1
3463614|1|1|1|1294.456858|08|2|1|1|1|1|1|1
3463615|1|1|1|1949.7217571|08|2|1|1|1|1|1|1
3463616|1|1|1|1476.8044143|08|2|1|1|1|1|1|1
3463617|1|1|1|2520.2106633|08|2|1|1|1|1|1|1
3463618|1|1|1|2184.8542712|08|2|1|1|1|1|1|1
3463619|1|1|1|2388.1498361|08|3|1|1|1|1|1|1
3463620|1|1|1|2438.1801264|08|2|2||1|1|1|1
3463621|1|1|1|1474.5645383|08|2|1|1|1|1|1|1
3463622|1|1|1|1553.2469793|08|1|1|1|1|1|1|1
3463623|1|1|1|2044.9386527|08|2|1|1|1|1|1|1
3463624|1|1|1|1365.4738542|08|2|1|3|1|1|1|1
3463625|1|1|1|1300.2166709|08|1|1|3|1|1|1|1
3463626|1|1|1|2449.654208|08|2|1|3|1|1|1|1
3463627|1|1|1|1204.4522031|08|2|1|3|1|1|1|1
3463628|1|1|1|1629.1797196|08|2|1|3|1|1|1|1
3463629|1|1|1|1433.9850227|08|2|1|3|1|1|1|1
3463630|1|1|1|1141.5305002|08|2|1|3|1|1|1|1
3463631|1|1|1|1821.1393766|08|1|1|3|1|1|1|1
3463632|1|1|1|1184.3870067|08|1|1|3|1|1|1|1
3463633|1|1|1|1469.9000947|08|1|1|3|1|1|1|1
3463634|1|1|1|1370.739277|08|1|1|1|1|1|1|1
3463635|1|1|1|1269.3559756|08|1|1|1|1|1|1|1
3463636|1|1|1|1154.9348367|08|2|1|1|1|1|1|1
3463637|1|1|1|1738.7036602|08|2|1|1|1|1|1|1
3463638|1|1|1|1637.3203588|08|2|1|1|1|1|1|1
3463639|1|1|1|1454.7609315|08|1|1|1|1|1|1|1
3463640|1|1|1|1280.8872095|08|2|1|1|1|1|1|1
3463641|1|1|1|1308.0471194|08|2|1|1|1|1|1|1
3463642|1|1|1|6056.5419722|11|2|1|2|2|1|1|1
3463643|1|1|1|7544.2720705|11|3|1|2|2|1|1|1
3463644|1|1|1|15541.540093|11|3|1|2|2|1|1|1
3463645|1|1|1|11772.01483|11|3|1|2|2|1|1|1
3463646|1|1|1|9447.3844399|11|2|1|2|1|1|1|1
3463647|1|1|1|20339.89258|11|2|1|3|1|1|1|1
3463648|1|1|1|6110.2106515|11|1|1|2|1|1|1|1
3463649|1|1|1|5427.9053612|11|2|1|2|1|1|1|1
3463650|1|1|1|6585.2862025|11|2|1|2|1|1|1|1
3463651|1|1|1|6127.6342659|11|2|1|2|1|1|1|1
3463652|1|1|1|6127.6342659|11|2|1|2|1|1|1|1
3463653|1|1|1|6934.5254776|11|2|1|3|1|1|1|1
3463654|1|1|1|7402.681937|11|2|1|3|1|1|1|1
3463655|1|1|1|5913.0124394|11|2|1|3|1|1|1|1
3463656|1|1|1|6353.5281578|11|1|1|3|1|1|1|1
3463657|1|1|1|6371.7403098|11|2|1|4|1|1|1|1
3463658|1|1|1|4463.4298043|11|2|1|4|1|1|1|1
3463660|1|1|1|6371.7403098|11|2|1|4|1|1|1|1
3463661|1|1|1|4782.2317792|11|2|1|4|1|1|1|1
3463662|1|1|1|8023.215581|11|2|1|4|1|1|1|1
3463663|1|1|1|7747.9321719|11|2|1|4|1|1|1|1
3463664|1|1|1|11093.137517|11|2|1|4|1|1|1|1
3463665|1|1|1|263.28086351|13|1|1|3|1|1|1|1
3463666|1|1|1|475.44945531|13|1|1|3|1|1|1|1
3463667|1|1|1|475.98032196|13|2|1|3|1|1|1|1
3463668|1|1|1|394.67197844|13|2|1|3|1|1|1|1
3463669|1|1|1|693.1011019|13|2|1|3|1|1|1|1
3463670|1|1|1|471.1010847|13|2|1|3|1|1|1|1
3463671|1|1|1|263.28086351|13|2|1|3|1|1|1|1
3463672|1|1|1|317.02415879|13|2|1|3|1|1|1|1
3463673|1|1|1|519.54024159|13|2|1|3|1|1|1|1
3463674|1|1|1|660.44467434|13|2|1|1|1|1|1|1
3463675|1|1|1|695.8879055|13|2|1|1|1|1|1|1
3463676|1|1|1|613.54080488|13|2|1|1|1|1|1|1
3463677|1|1|1|344.72430563|13|2|1|1|1|1|1|1
3463678|1|1|1|798.30482003|13|2|1|1|1|1|1|1
3463679|1|1|1|749.93498953|13|2|1|1|1|1|1|1
3463680|1|1|1|878.20352971|13|2|1|1|1|1|1|1
3463681|1|1|1|754.50082254|13|2|1|1|1|1|1|1
3463682|1|1|1|434.79945626|13|1|1|1|1|1|1|1
3463683|1|1|1|293.83943859|13|2|1|1|1|1|1|1
3463684|1|1|1|524.46254828|13|1|1|1|1|1|1|1
3463685|1|1|1|631.7261773|13|1|1|1|1|1|1|1
3463686|1|1|1|724.33586939|13|2|1|3|1|1|1|1
3463687|1|1|1|330.32642231|13|2|1|3|1|1|1|1
3463688|1|1|1|239.06399163|13|1|1|3|1|1|1|1
3463689|1|1|1|463.70865948|13|2|1|3|1|1|1|1
3463690|1|1|1|401.72869365|13|2|1|3|1|1|1|1
3463691|1|1|1|463.70865948|13|2|1|3|1|1|1|1
3463692|1|1|1|413.53094015|13|1|1|3|1|1|1|1
3463693|1|1|1|322.42961719|13|2|1|3|1|1|1|1
3463694|1|1|1|475.70074457|13|2|1|3|1|1|1|1
3463695|1|1|1|635.11743542|13|2|1|2|1|1|1|1
3463696|1|1|1|678.32684665|13|2|1|2|1|1|1|1
3463697|1|1|1|618.34760697|13|1|1|2|1|1|1|1
3463698|1|1|1|817.56989128|13|2|1|2|1|1|1|1
3463699|1|1|1|642.50490175|13|2|1|2|1|1|1|1
3463700|1|1|1|680.38140564|13|2|1|2|1|1|1|1
3463701|1|1|1|669.71559093|13|1|1|2|1|1|1|1
3463702|1|1|1|584.40112523|13|2|1|2|1|1|1|1
3463703|1|1|1|818.34808478|13|2|1|1|1|1|1|1
3463704|1|1|1|968.27200859|13|2|1|1|1|1|1|1
3463705|1|1|1|708.4028404|13|2|1|1|1|1|1|1
3463706|1|1|1|470.4417398|13|2|1|1|1|1|1|1
3463707|1|1|1|1204.4740696|13|2|1|1|1|1|1|1
3463708|1|1|1|1036.9033978|13|2|1|1|1|1|1|1
3463709|1|1|1|190.54717495|15|2|1|4|1|1|1|1
3463710|1|1|1|160.86379679|15|2|1|4|1|1|1|1
3463711|1|1|1|226.11444403|15|2|1|4|1|1|1|1
3463712|1|1|1|312.24827386|15|2|1|4|1|1|1|1
3463713|1|1|1|190.54717495|15|2|1|4|1|1|1|1
3463714|1|1|1|189.41134881|15|2|1|4|1|1|1|1
3463715|1|1|1|116.21800223|15|2|1|4|1|1|1|1
3463716|1|1|1|146.54892847|15|2|1|4|1|1|1|1
3463717|1|1|1|125.86511163|15|2|1|4|1|1|1|1
3463718|1|1|1|131.26583163|15|2|1|4|1|1|1|1
3463719|1|1|1|124.76766889|15|2|1|4|1|1|1|1
3463720|1|1|1|128.86017947|15|2|1|4|1|1|1|1
3463721|1|1|1|159.34434102|15|1|1|3|1|1|1|1
3463722|1|1|1|109.62445207|15|1|1|3|1|1|1|1
3463723|1|1|1|127.63938931|15|2|1|3|1|1|1|1
3463724|1|1|1|114.32830497|15|2|1|3|1|1|1|1
3463725|1|1|1|127.70882051|15|1|1|3|1|1|1|1
3463726|1|1|1|127.70882051|15|1|1|3|1|1|1|1
3463727|1|1|1|135.66866642|15|1|1|3|1|1|1|1
3463728|1|1|1|199.58162434|15|2|1|4|1|1|1|1
3463729|1|1|1|213.71347036|15|2|1|5|1|1|1|1
3463730|1|1|1|146.32474568|15|2|1|5|1|1|1|1
3463731|1|1|1|198.70932555|15|2|1|5|1|1|1|1
3463732|1|1|1|287.9571705|15|2|1|5|1|1|1|1
3463733|1|1|1|169.58583303|15|2|1|2|1|1|1|1
3463734|1|1|1|234.1862054|15|1|1|2|1|1|1|1
3463735|1|1|1|102.42732198|15|2|1|2|1|1|1|1
3463736|1|1|1|137.03056509|15|2|1|2|1|1|1|1
3463737|1|1|1|150.50795078|15|1|1|2|1|1|1|1
3463738|1|1|1|146.98037247|15|2|1|2|1|1|1|1
3463739|1|1|1|218.51833143|15|2|1|2|1|1|1|1
3463740|1|1|1|155.82217232|15|2|1|2|1|1|1|1
3463741|1|1|1|140.29132443|15|1|1|2|1|1|1|1
3463742|1|1|1|228.46813882|15|2|1|2|1|1|1|1
3463743|1|1|1|541.25981549|17|2|1|6|1|1|1|1
3463744|1|1|1|504.87832253|17|2|1|6|1|1|1|1
3463745|1|1|1|384.89361455|17|2|1|6|1|1|1|1
3463746|1|1|1|625.33410745|17|2|1|6|1|1|1|1
3463747|1|1|1|639.25448857|17|2|1|6|1|1|1|1
3463748|1|1|1|384.89361455|17|2|1|6|1|1|1|1
3463749|1|1|1|331.56158145|17|1|1|6|1|1|1|1
3463750|1|1|1|331.56158145|17|2|1|6|1|1|1|1
3463751|1|1|1|390.08675939|17|2|1|6|1|1|1|1
3463752|1|1|1|331.56158145|17|2|1|6|1|1|1|1
3463753|1|1|1|581.75827634|17|2|1|6|1|1|1|1
3463754|1|1|1|345.31482507|17|1|1|6|1|1|1|1
3463755|1|1|1|288.81503942|17|2|1|3|1|1|1|1
3463756|1|1|1|475.43594571|17|2|1|3|1|1|1|1
3463757|1|1|1|304.76958557|17|2|1|3|1|1|1|1
3463758|1|1|1|333.7010687|17|2|1|3|1|1|1|1
3463759|1|1|1|416.20594547|17|1|1|3|1|1|1|1
3463760|1|1|1|341.87093065|17|1|1|3|1|1|1|1
3463761|1|1|1|322.37179286|17|2|1|3|1|1|1|1
3463762|1|1|1|427.52067073|17|1|1|3|1|1|1|1
3463763|1|1|1|353.1856559|17|2|1|3|1|1|1|1
3463764|1|1|1|320.92244035|17|1|1|3|2|1|1|1
3463765|1|1|1|295.40351751|17|2|1|3|1|1|1|1
3463766|1|1|1|373.72540559|17|1|1|3|1|1|1|1
3463767|1|1|1|272.77406701|17|2|1|3|1|1|1|1
3463768|1|1|1|405.72398347|17|2|1|3|1|1|1|1
3463769|1|1|1|320.92244035|17|2|1|3|1|1|1|1
3463770|1|1|1|326.32898078|17|1|1|2|1|1|1|1
3463771|1|1|1|633.36040571|17|1|1|2|1|1|1|1
3463772|1|1|1|382.11884387|17|1|1|2|1|1|1|1
3463773|1|1|1|397.9692133|17|1|1|2|1|1|1|1
3463774|1|1|1|382.11884387|17|2|1|2|1|1|1|1
3463775|1|1|1|383.28543032|17|2|1|2|1|1|1|1
3463776|1|1|1|456.08851501|17|1|1|2|1|1|1|1
3463777|1|1|1|360.86352039|17|1|1|2|1|1|1|1
3463778|1|1|1|263.99712954|17|1|1|2|1|1|1|1
3463779|1|1|1|226.51159199|17|1|1|2|1|1|1|1
3463780|1|1|1|393.88406388|17|2|1|2|1|1|1|1
3463781|1|1|1|431.86640775|17|1|1|2|1|1|1|1
3463782|1|1|1|256.55617512|17|2|1|2|1|1|1|1
3463783|1|1|1|299.03501939|17|2|1|2|1|1|1|1
3463784|1|1|1|425.2737374|17|2|1|2|1|1|1|1
3463785|1|1|1|611.0784939|17|2|1|2|1|1|1|1
3463786|1|1|1|544.62476934|17|2|1|2|1|1|1|1
3463787|1|1|1|357.47188905|17|2|1|2|1|1|1|1
3463788|1|1|1|197.14228025|17|1|1|2|1|1|1|1
3463789|1|1|1|383.0584467|17|2|1|2|1|1|1|1
3463790|1|1|1|114.15422906|18|1|1|1|1|1|1|1
3463791|1|1|1|119.20153012|18|1|1|1|1|1|1|1
3463792|1|1|1|79.795780256|18|1|1|1|1|1|1|1
3463793|1|1|1|106.97836202|18|2|1|1|1|1|1|1
3463794|1|1|1|140.40111124|18|1|1|1|1|1|1|1
3463795|1|1|1|127.1492636|18|1|1|1|1|1|1|1
3463796|1|1|1|161.25783137|18|1|1|1|1|1|1|1
3463797|1|1|1|98.011422774|18|1|1|1|1|1|1|1
3463798|1|1|1|164.97130571|18|2|1|1|1|1|1|1
3463799|1|1|1|161.25783137|18|1|1|1|1|1|1|1
3463800|1|1|1|186.43077801|18|1|1|1|1|1|1|1
3463801|1|1|1|188.67211507|18|1|1|1|1|1|1|1
3463802|1|1|1|210.69542329|18|2|1|1|1|1|1|1
3463803|1|1|1|181.20674221|18|1|1|1|1|1|1|1
3463804|1|1|1|116.19330993|18|1|1|1|1|1|1|1
3463805|1|1|1|90.101408355|18|1|1|1|1|1|1|1
3463806|1|1|1|77.303944671|18|1|1|1|1|1|1|1
3463807|1|1|1|178.15136065|18|2|1|1|1|1|1|1
3463808|1|1|1|178.15136065|18|1|1|1|1|1|1|1
3463809|1|1|1|151.65188425|18|1|1|1|1|1|1|1
3463810|1|1|1|116.30953487|18|1|1|1|1|1|1|1
3463811|1|1|1|178.15136065|18|2|1|1|1|1|1|1
3463812|1|1|1|181.10736574|18|1|1|1|1|1|1|1
3463813|1|1|1|111.33303277|18|1|1|1|2|2|1|1
3463814|1|1|1|111.33303277|18|1|1|1|1|1|1|1
3463815|1|1|1|113.24145362|18|1|1|1|1|1|1|1
3463816|1|1|1|113.24145362|18|1|1|1|1|1|1|1
3463817|1|1|1|112.79539084|18|2|1|1|1|1|1|1
3463818|1|1|1|93.32327747|18|2|1|1|1|1|1|1
3463819|1|1|1|69.14455904|18|1|1|1|1|1|1|1
3463820|1|1|1|100.51610313|18|2|1|1|1|1|1|1
3463821|1|1|1|181.12522983|18|1|1|1|1|1|1|1
3463822|1|1|1|90.195747588|18|2|1|1|1|1|1|1
3463823|1|1|1|98.405634495|18|1|1|1|1|1|1|1
3463824|1|1|1|90.195747588|18|2|1|1|1|1|1|1
3463825|1|1|1|130.37867217|18|1|1|1|1|1|1|1
3463826|1|1|1|93.835124671|18|1|1|1|1|1|1|1
3463827|1|1|1|93.32327747|18|2|1|1|1|1|1|1
3463828|1|1|1|143.70120054|18|2|1|1|1|1|1|1
3463829|1|1|1|100.96195522|18|1|1|1|1|1|1|1
3463830|1|1|1|101.18207978|18|1|1|1|2|2|1|1
3463831|1|1|1|122.77757603|18|1|1|1|2|2|1|1
3463832|1|1|1|116.85515767|18|1|1|1|2|2|1|1
3463833|1|1|1|143.79367697|18|1|1|1|2|2|1|1
3463834|1|1|1|106.69242477|18|1|1|1|2|2|1|1
3463835|1|1|1|101.25363237|18|1|1|1|2|2|1|1
3463836|1|1|1|159.03484057|18|1|1|1|2|2|1|1
3463837|1|1|1|141.11785647|18|1|1|1|2|2|1|2
3463839|1|1|1|236.19919586|19|1|1|2|1|1|1|1
3463840|1|1|1|121.24259924|19|1|1|2|2|1|1|1
3463841|1|1|1|275.64203565|19|1|1|2|1|1|1|1
3463842|1|1|1|236.86472197|19|1|1|2|1|1|1|1
3463843|1|1|1|285.8685404|19|1|1|2|1|1|1|1
3463844|1|1|1|247.42958735|19|2|1|2|1|1|1|1
3463845|1|1|1|261.96440604|19|1|1|2|1|1|1|1
3463846|1|1|1|157.51906672|19|2|1|2|1|1|1|1
3463847|1|1|1|196.72993045|19|1|1|2|1|1|1|1
3463848|1|1|1|229.88676762|19|2|1|2|1|1|1|1
3463849|1|1|1|154.21986711|19|1|1|3|2|1|1|1
3463850|1|1|1|152.79258975|19|1|1|3|1|1|1|1
3463851|1|1|1|144.22213039|19|1|1|3|2|1|1|1
3463852|1|1|1|170.74721591|19|1|1|3|1|1|1|1
3463853|1|1|1|207.2810787|19|2|1|3|1|1|1|1
3463854|1|1|1|168.43713562|19|1|1|3|1|1|1|1
3463855|1|1|1|144.22213039|19|1|1|3|1|1|1|1
3463856|1|1|1|280.45455029|19|2|1|3|1|1|1|1
3463857|1|1|1|196.01211424|19|2|1|3|2|1|1|1
3463858|1|1|1|187.81689057|19|1|1|3|1|1|1|1
3463859|1|1|1|148.72907196|19|2|1|3|1|1|1|1
3463860|1|1|1|188.4736008|19|1|1|3|1|1|1|1
3463861|1|1|1|202.13749281|19|2|1|3|1|1|1|1
3463862|1|1|1|170.49169981|19|1|1|3|1|1|1|1
3463863|1|1|1|206.42783333|19|1|1|3|2|1|1|1
3463864|1|1|1|202.79420303|19|1|1|3|1|1|1|1
3463865|1|1|1|173.70079611|19|1|1|3|1|1|1|1
3463866|1|1|1|148.72907196|19|2|1|3|2|1|1|1
3463867|1|1|1|353.21997554|19|1|1|1|2|1|1|1
3463868|1|1|1|211.13287838|19|1|1|1|2|1|1|1
3463869|1|1|1|211.13287838|19|1|1|1|2|1|1|1
3463870|1|1|1|339.05483473|19|1|1|1|1|1|1|1
3463871|1|1|1|257.14680286|19|2|1|1|2|1|1|1
3463872|1|1|1|178.82941066|19|1|1|1|1|1|1|1
3463873|1|1|1|379.19146684|19|1|1|1|1|1|1|1
3463874|1|1|1|262.14710988|19|1|1|1|1|1|1|1
3463875|1|1|1|126.21665459|19|1|1|2|1|1|1|1
3463876|1|1|1|171.49155894|19|1|1|1|2|1|1|1
3463877|1|1|1|323.24188088|19|1|1|1|1|1|1|1
3463878|1|1|1|194.39427152|19|1|1|1|1|1|1|1
3463879|1|1|1|194.25443439|19|2|1|2|2|1|1|1
3463880|1|1|1|270.47927761|19|1|1|2|2|1|1|1
3463881|1|1|1|101.03549937|19|2|1|2|1|1|1|1
3463882|1|1|1|303.53996729|19|2|1|2|1|1|1|1
3463883|1|1|1|229.70169637|19|2|1|2|1|1|1|1
3463884|1|1|1|301.81560972|19|2|1|2|1|1|1|1
3463885|1|1|1|121.06324825|19|1|1|2|1|1|1|1
3463886|1|1|1|114.77466258|19|1|1|2|1|1|1|1
3463887|1|1|1|279.49072998|19|2|1|2|2|1|1|1
3463888|1|1|1|193.74056796|19|2|1|2|1|1|1|1
3463889|1|1|1|259.43588471|19|1|1|1|2|2|1|1
3463890|1|1|1|294.97338623|19|1|1|1|2|2|1|1
3463891|1|1|1|216.33319558|19|1|1|1|2|2|1|1
3463892|1|1|1|268.60393525|19|2|1|1|2|2|1|1
3463893|1|1|1|310.92161804|19|1|2||2|2|1|2
3463894|1|1|1|280.13859429|19|1|1|1|2|2|1|1
3463895|1|1|1|146.9115681|19|2|1|1|2|2|1|1
3463896|1|1|1|205.6702442|19|1|1|1|2|2|1|1
3463897|1|1|1|300.25866666|19|1|1|1|2|2|1|1
3463898|1|1|1|269.4756429|19|1|1|1|2|2|1|1
3463899|1|1|1|247.98792699|19|1|1|1|2|2|1|1
3463900|1|1|1|183.23407595|19|1|1|1|2|2|1|1
3463901|1|1|1|251.45304743|19|1|1|1|2|1|1|1
3463902|1|1|1|245.21255213|19|1|1|1|2|1|1|1
3463903|1|1|1|436.78400759|20|1|1|3|1|1|1|1
3463904|1|1|1|150.71264617|20|1|1|3|1|1|1|1
3463905|1|1|1|554.45501792|20|1|1|3|1|1|1|1
3463907|1|1|1|150.71264617|20|1|1|3|1|1|1|1
3463908|1|1|1|184.20434532|20|2|1|2|1|1|1|1
3463909|1|1|1|709.24242962|20|2|1|2|1|1|1|1
3463910|1|1|1|728.70727748|20|2|1|2|1|1|1|1
3463911|1|1|1|184.20434532|20|2|1|2|1|1|1|1
3463912|1|1|1|224.49846738|20|2|1|2|1|1|1|1
3463913|1|1|1|395.10943243|20|2|1|2|1|1|1|1
3463914|1|1|1|255.89857982|20|2|1|2|1|1|1|1
3463915|1|1|1|210.01275336|20|2|1|2|1|1|1|1
3463916|1|1|1|423.83409637|20|1|1|1|1|1|1|1
3463917|1|1|1|193.23016091|20|2|1|1|1|1|1|1
3463918|1|1|1|371.39006696|20|2|1|1|1|1|1|1
3463919|1|1|1|566.78260098|20|2|1|1|1|1|1|1
3463920|1|1|1|326.02622797|20|2|1|1|1|1|1|1
3463921|1|1|1|197.34370579|20|1|1|1|1|1|1|1
3463922|1|1|1|161.54827181|20|1|1|1|1|1|1|1
3463923|1|1|1|566.78260098|20|1|1|1|1|1|1|1
3463924|1|1|1|513.31453884|20|2|1|1|1|1|1|1
3463925|1|1|1|260.12031908|20|2|1|1|1|1|1|1
3463926|1|1|1|177.11956281|20|1|1|1|1|1|1|1
3463927|1|1|1|177.11956281|20|1|1|1|1|1|1|1
3463928|1|1|1|708.47825122|20|1|1|1|1|1|1|1
3463929|1|1|1|492.07274012|20|2|1|1|1|1|1|1
3463930|1|1|1|616.43711193|20|2|1|1|1|1|1|1
3463931|1|1|1|177.11956281|20|1|1|1|1|1|1|1
3463932|1|1|1|146.41883859|20|2|1|1|1|1|1|1
3463933|1|1|1|146.41883859|20|1|1|1|1|1|1|1
3463934|1|1|1|391.46651239|20|2|1|1|1|1|1|1
3463935|1|1|1|277.14027169|20|2|1|1|1|1|1|1
3463936|1|1|1|146.41883859|20|1|1|1|1|1|1|1
3463937|1|1|1|302.09933542|20|1|1|1|1|1|1|1
3463938|1|1|1|166.93321421|20|1|1|1|1|1|1|1
3463939|1|1|1|354.63162665|20|2|1|1|1|1|1|1
3463940|1|1|1|251.77428507|23|2|1|3|1|1|1|1
3463941|1|1|1|290.90118716|23|2|1|3|1|1|1|1
3463942|1|1|1|174.15829711|23|1|1|3|1|1|1|1
3463943|1|1|1|301.26111067|23|1|1|3|1|1|1|1
3463944|1|1|1|273.13985284|23|2|1|3|1|1|1|1
3463945|1|1|1|285.63434935|23|2|1|3|1|1|1|1
3463947|1|1|1|364.95591446|23|2|1|3|1|1|1|1
3463948|1|1|1|121.915176|23|2|1|1|1|1|1|1
3463949|1|1|1|215.25100078|23|2|1|1|1|1|1|1
3463950|1|1|1|154.93802158|23|2|1|1|1|1|1|1
3463951|1|1|1|184.95635798|23|1|1|1|1|1|1|1
3463952|1|1|1|158.74880902|23|2|1|1|1|1|1|1
3463953|1|1|1|158.15006161|23|2|1|1|1|1|1|1
3463954|1|1|1|179.01611517|23|2|1|1|1|1|1|1
3463955|1|1|1|203.52905499|23|2|1|1|1|1|1|1
3463957|1|1|1|271.88423952|23|2|1|1|1|1|1|1
3463958|1|1|1|257.56889211|23|2|1|1|1|1|1|1
3463959|1|1|1|193.76714812|23|1|1|1|1|1|1|1
3463960|1|1|1|403.07209977|23|1|1|1|1|1|1|1
3463961|1|1|1|286.21466509|23|1|1|1|1|1|1|1
3463962|1|1|1|308.97741659|23|1|1|1|1|1|1|1
3463963|1|1|1|306.70804641|23|2|1|1|1|1|1|1
3463964|1|1|1|261.04768081|23|2|1|1|1|1|1|1
3463965|1|1|1|160.88652676|23|1|1|1|1|1|1|1
3463966|1|1|1|157.47376901|23|1|1|1|1|1|1|1
3463967|1|1|1|212.28943284|23|1|1|1|1|1|1|1
3463968|1|1|1|95.946733439|23|2|1|1|1|1|1|1
3463969|1|1|1|231.22914876|23|2|1|1|1|1|1|1
3463970|1|1|1|318.13532354|23|1|1|1|1|1|1|1
3463971|1|1|1|239.10330804|23|1|1|1|1|1|1|1
3463972|1|1|1|161.86125447|23|1|1|1|1|1|1|1
3463973|1|1|1|359.68907665|23|2|1|1|1|1|1|1
3463975|1|1|1|365.20881643|23|1|1|1|1|1|1|1
3463976|1|1|1|120.70718078|23|2|1|1|1|1|1|1
3463977|1|1|1|414.44274006|23|1|1|1|1|1|1|1
3463979|1|1|1|237.85310089|23|1|1|1|1|1|1|1
3463980|1|1|1|300.80738753|23|2|1|1|1|1|1|1
3463981|1|1|1|300.29605067|23|2|1|1|1|1|1|1
3463982|1|1|1|304.64713382|23|1|1|1|1|1|1|1
3463983|1|1|1|61.826275998|27|1|1|1|2|2|1|2
3463984|1|1|1|51.468471379|27|2|1|1|2|1|1|1
3463985|1|1|1|58.692290729|27|1|1|1|2|2|1|1
3463986|1|1|1|133.19923848|27|1|1|1|2|2|1|1
3463988|1|1|1|147.16099879|27|1|1|1|2|2|1|2
3463989|1|1|1|123.98213218|27|1|1|1|2|2|1|1
3463990|1|1|1|181.79508448|27|2|1|1|2|1|1|2
3463991|1|1|1|51.468471379|27|1|1|1|2|1|1|1
3463992|1|1|1|51.468471379|27|2|1|1|2|1|1|1
3463993|1|1|1|44.32027209|27|1|1|1|2|2|1|1
3463994|1|1|1|103.03216661|27|2|1|1|2|2|1|1
3463995|1|1|1|70.241720128|27|1|1|1|2|2|1|2
3463996|1|1|1|125.45739901|27|1|1|1|2|2|1|1
3463997|1|1|1|43.838069002|27|1|1|1|2|2|1|1
3463998|1|1|1|85.487969576|27|1|1|1|2|2|1|1
3463999|1|1|1|93.46514081|27|2|1|2|2|1|1|1
3464000|1|1|1|93.136365977|27|2|1|2|2|1|1|1
3464001|1|1|1|86.238470271|27|2|1|2|2|1|1|1
3464002|1|1|1|180.13729|27|1|1|2|2|1|1|1
3464003|1|1|1|52.42159122|27|2|1|3|2|1|1|1
3464004|1|1|1|52.42159122|27|2|1|2|2|1|1|1
3464005|1|1|1|52.42159122|27|1|1|2|2|1|1|1
3464006|1|1|1|59.779185002|27|2|1|2|2|1|1|1
3464007|1|1|1|95.784163811|27|1|1|1|2|2|1|1
3464008|1|1|1|65.132329957|27|1|1|1|2|2|1|2
3464009|1|1|1|180.05136142|27|1|1|1|2|2|1|2
3464010|1|1|1|96.441713477|27|1|1|1|2|2|1|2
3464011|1|1|1|65.132329957|27|1|1|1|2|2|1|2
3464012|1|1|1|65.132329957|27|1|1|1|2|2|1|1
3464013|1|1|1|69.540327908|27|2|1|1|2|2|2|1
3464014|1|1|1|102.1953846|27|1|1|1|2|2|1|2
3464015|1|1|1|78.599346535|27|1|1|1|2|2|2|2
3464016|1|1|1|349.39093706|41|3|1|2|1|1|1|1
3464017|1|1|1|253.7367424|41|1|1|2|1|1|1|1
3464018|1|1|1|256.98363201|41|1|1|2|1|1|1|1
3464019|1|1|1|247.27461051|41|2|1|2|1|1|1|1
3464020|1|1|1|156.81994732|41|1|1|2|1|1|1|1
3464021|1|1|1|214.62053513|41|1|1|2|1|1|1|1
3464022|1|1|1|293.93522327|41|1|1|2|1|1|1|1
3464023|1|1|1|186.14935078|41|1|1|2|1|1|1|1
3464024|1|1|1|353.6849374|41|1|1|2|1|1|1|1
3464025|1|1|1|287.39489882|41|1|1|2|1|1|1|1
3464026|1|1|1|248.49096414|41|2|1|2|1|1|1|1
3464027|1|1|1|308.24067826|41|2|1|2|1|1|1|1
3464028|1|1|1|534.96393986|41|1|1|2|1|1|1|1
3464029|1|1|1|308.24067826|41|1|1|2|1|1|1|1
3464030|1|1|1|334.26899822|41|1|1|2|1|1|1|1
3464031|1|1|1|366.68185381|41|1|1|2|1|1|1|1
3464032|1|1|1|176.63980913|41|1|1|4|1|1|1|1
3464033|1|1|1|185.97187588|41|1|1|4|1|1|1|1
3464034|1|1|1|212.59936415|41|1|1|4|1|1|1|1
3464035|1|1|1|185.97187588|41|1|1|4|1|1|1|1
3464036|1|1|1|178.90014382|41|1|1|4|1|1|1|1
3464037|1|1|1|201.67562893|41|1|1|4|1|1|1|1
3464038|1|1|1|212.68880332|41|1|1|4|1|1|1|1
3464039|1|1|1|176.63980913|41|1|1|4|1|1|1|1
3464040|1|1|1|178.90014382|41|1|1|4|1|1|1|1
3464041|1|1|1|176.63980913|41|1|1|4|1|1|1|1
3464042|1|1|1|163.27024895|41|1|1|2|1|1|1|1
3464043|1|1|1|395.92538578|41|1|1|2|1|1|1|1
3464044|1|1|1|408.4173964|41|1|1|1|1|1|1|1
3464045|1|1|1|286.36786122|41|1|1|2|1|1|1|1
3464046|1|1|1|277.81467852|41|1|1|2|1|1|1|1
3464047|1|1|1|312.21754019|41|1|1|2|1|1|1|1
3464048|1|1|1|243.32702989|41|1|1|2|1|1|1|1
3464049|1|1|1|204.36944505|41|1|1|2|1|1|1|1
3464050|1|1|1|92.194561257|44|2|1|2|1|1|1|1
3464051|1|1|1|114.45227531|44|1|1|3|1|1|1|1
3464052|1|1|1|155.79249439|44|2|1|3|1|1|1|1
3464053|1|1|1|123.05639362|44|2|1|3|1|1|1|1
3464054|1|1|1|106.97666545|44|1|1|1|2|2|1|1
3464055|1|1|1|116.75144534|44|1|1|1|2|2|1|1
3464056|1|1|1|125.33591937|44|1|1|1|2|2|1|1
3464057|1|1|1|123.20954979|44|1|1|1|2|2|1|2
3464058|1|1|1|138.94651486|44|2|1|1|2|2|1|1
3464059|1|1|1|96.177863895|44|1|1|1|1|1|1|1
3464060|1|1|1|122.06421373|44|1|1|1|1|1|1|1
3464061|1|1|1|100.78558605|44|1|1|1|1|1|1|1
3464062|1|1|1|109.75251123|44|1|1|1|1|1|1|1
3464063|1|1|1|105.98628293|44|1|1|1|1|1|1|1
3464064|1|1|1|91.986959361|44|1|1|1|1|1|1|1
3464065|1|1|1|95.09843733|44|2|1|2|1|1|1|2
3464066|1|1|1|118.02730818|44|2|1|2|1|1|1|2
3464067|1|1|1|125.8234213|44|4|1|2|2|1|1|1
3464068|1|1|1|130.85250674|44|2|1|2|1|1|1|1
3464069|1|1|1|124.56966801|44|2|1|2|1|1|1|1
3464070|1|1|1|145.5020526|44|2|1|2|1|1|1|1
3464071|1|1|1|117.53980625|44|2|1|2|1|1|1|1
3464072|1|1|1|163.85405248|44|2|1|2|1|1|1|1
3464073|1|1|1|102.2898444|44|1|1|1|1|2|1|1
3464074|1|1|1|122.56889169|44|2|1|1|1|2|1|1
3464075|1|1|1|135.88159218|44|1|1|1|1|2|1|1
3464076|1|1|1|139.48165861|44|2|1|1|1|2|1|1
3464077|1|1|1|124.46330309|44|1|1|1|1|2|1|1
3464078|1|1|1|85.643812286|44|1|1|1|1|2|1|1
3464079|1|1|1|125.26701857|44|1|1|1|1|2|1|1
3464080|1|1|1|133.55063363|44|1|1|1|1|2|1|1
3464081|1|1|1|102.58823812|44|2|1|1|2|2|1|1
3464082|1|1|1|109.2837541|44|2|1|1|2|2|1|1
3464083|1|1|1|137.2417104|44|2|1|1|2|2|1|1
3464084|1|1|1|190.18594687|44|1|1|1|1|2|1|1
3464085|1|1|1|130.85250674|44|1|1|1|1|2|1|1
3464086|1|1|1|94.792124998|44|1|1|1|1|2|1|1
3464087|1|1|1|149.65852176|44|2|1|1|2|2|1|2
3464088|1|1|1|118.11156356|44|1|1|1|1|2|1|1
3464089|1|1|1|301.42388897|47|1|1|2|1|1|1|1
3464090|1|1|1|396.09663745|47|1|1|2|1|1|1|1
3464091|1|1|1|396.09663745|47|2|1|2|1|1|1|1
3464092|1|1|1|340.1750539|47|1|1|2|1|1|1|1
3464093|1|1|1|418.74665082|47|2|1|2|1|1|1|1
3464094|1|1|1|388.63768079|47|1|1|2|1|1|1|1
3464095|1|1|1|507.14368087|47|1|1|2|1|1|1|1
3464096|1|1|1|461.67062324|47|1|1|2|1|1|1|1
3464097|1|1|1|287.15205747|47|1|1|1|1|1|1|1
3464098|1|1|1|399.15206788|47|1|1|1|1|1|1|1
3464099|1|1|1|420.54997792|47|1|1|1|1|1|1|1
3464100|1|1|1|376.24393587|47|1|1|1|1|1|1|1
3464101|1|1|1|230.89428666|47|1|1|1|1|1|1|1
3464102|1|1|1|504.54135072|47|1|1|1|1|1|1|1
3464103|1|1|1|389.23460127|47|1|1|1|1|1|1|1
3464104|1|1|1|364.64156083|47|1|1|1|1|1|1|1
3464105|1|1|1|260.65364183|47|1|1|1|1|1|1|1
3464106|1|1|1|371.90536597|47|2|1|1|1|2|1|2
3464107|1|1|1|237.65419505|47|3|1|1|1|2|1|2
3464108|1|1|1|451.00763648|47|1|1|1|1|2|1|2
3464109|1|1|1|312.44092426|47|2|1|1|1|2|1|2
3464110|1|1|1|391.05014183|47|2|1|1|1|2|1|2
3464111|1|1|1|312.44092426|47|2|1|1|1|2|1|2
3464112|1|1|1|338.55845704|47|1|1|1|1|2|1|2
3464113|1|1|1|722.15083485|47|1|1|1|1|2|1|2
3464114|1|1|1|225.5365242|47|1|1|1|1|2|1|2
3464115|1|1|1|702.2242052|47|2|1|2|1|1|1|1
3464116|1|1|1|621.79702514|47|1|1|2|1|1|1|1
3464117|1|1|1|533.25019341|47|2|1|2|1|1|1|1
3464118|1|1|1|776.00292528|47|2|1|2|1|1|1|1
3464119|1|1|1|507.14368087|47|2|1|2|1|1|1|1
3464120|1|1|1|615.01041339|47|2|1|2|1|1|1|1
3464121|1|1|1|316.19200063|47|2|1|2|1|1|1|1
3464122|1|1|1|380.93030066|50|2|1|3|1|1|1|1
3464123|1|1|1|384.74855935|50|1|1|3|1|1|1|1
3464124|1|1|1|611.86883231|50|1|1|3|1|1|1|1
3464125|1|1|1|478.34366349|50|1|1|3|1|1|1|1
3464126|1|1|1|384.74855935|50|1|1|3|1|1|1|1
3464127|1|1|1|312.73676114|50|1|1|3|1|1|1|1
3464128|1|1|1|234.35262381|50|2|1|3|1|1|1|1
3464129|1|1|1|219.51934313|50|1|1|3|1|1|1|1
3464130|1|1|1|460.24360383|50|1|1|3|1|1|1|1
3464131|1|1|1|607.25363205|50|1|1|3|1|1|1|1
3464132|1|1|1|473.39342108|50|1|1|3|1|1|1|1
3464133|1|1|1|225.79132436|50|1|1|3|1|1|1|1
3464134|1|1|1|400.19935907|50|1|1|3|1|1|1|1
3464135|1|1|1|336.33964198|50|1|1|3|1|1|1|1
3464136|1|1|1|518.30268637|50|1|1|3|1|1|1|1
3464137|1|1|1|473.39342108|50|1|1|3|1|1|1|1
3464138|1|1|1|391.81402353|50|1|1|3|1|1|1|1
3464139|1|1|1|469.83296111|50|1|1|3|1|1|1|1
3464140|1|1|1|529.23469447|50|1|1|3|1|1|1|1
3464141|1|1|1|279.25509136|50|2|1|2|1|1|1|1
3464142|1|1|1|417.3031727|50|1|1|2|1|1|1|1
3464143|1|1|1|770.56673276|50|2|1|2|1|1|1|1
3464144|1|1|1|200.70339943|50|2|1|2|1|1|1|1
3464145|1|1|1|470.7569656|50|1|1|2|1|1|1|1
3464146|1|1|1|279.25509136|50|1|1|2|1|1|1|1
3464147|1|1|1|407.58583217|50|1|1|2|1|1|1|1
3464148|1|1|1|348.27913203|50|1|1|2|1|1|1|1
3464149|1|1|1|358.24957286|50|1|1|3|1|1|1|1
3464150|1|1|1|216.08107692|50|1|1|3|1|1|1|1
3464151|1|1|1|425.17017242|50|1|1|3|1|1|1|1
3464152|1|1|1|388.33054073|50|1|1|3|1|1|1|1
3464153|1|1|1|555.96536328|50|1|1|3|1|1|1|1
3464154|1|1|1|434.13783531|50|2|1|3|1|1|1|1
3464155|1|1|1|647.41976956|50|2|1|3|1|1|1|1
3464156|1|1|1|382.53432374|50|1|1|3|1|1|1|1
3464157|1|1|1|542.25690039|50|2|1|3|1|1|1|1
3464158|1|1|1|379.6335462|50|1|1|3|1|1|1|1
3464159|1|1|1|340.77729542|50|1|1|3|1|1|1|1
3464160|1|1|1|242.70868734|50|1|1|3|1|1|1|1
3464161|1|1|1|376.06727649|50|1|1|3|1|1|1|1
3464162|1|1|1|325.08095798|50|1|1|3|1|1|1|1
3464163|1|1|1|391.94799738|50|2|1|3|1|1|1|1
3464164|1|1|1|194.4314182|50|1|1|3|1|1|1|1
3464165|1|1|1|301.61002471|52|2|1|2|2|1|1|1
3464166|1|1|1|150.06997555|52|1|1|2|2|1|1|1
3464167|1|1|1|318.03371826|52|2|1|2|1|1|1|1
3464168|1|1|1|169.94661886|52|2|1|2|1|1|1|1
3464169|1|1|1|165.16986821|52|2|1|2|1|1|1|1
3464170|1|1|1|223.07344423|52|2|1|2|2|1|1|1
3464171|1|1|1|132.54086527|52|2|1|2|1|1|1|1
3464172|1|1|1|171.19874208|52|2|1|2|1|1|1|1
3464173|1|1|1|223.07344423|52|2|1|2|2|1|1|1
3464174|1|1|1|195.52570591|52|4|1|3|2|1|1|1
3464175|1|1|1|195.52570591|52|2|1|3|2|1|1|1
3464176|1|1|1|195.52570591|52|4|1|3|2|1|1|1
3464177|1|1|1|320.64419312|52|2|1|3|2|1|1|1
3464178|1|1|1|322.11426672|52|2|1|3|2|1|1|1
3464179|1|1|1|281.96057872|52|2|1|3|2|1|1|1
3464180|1|1|1|297.98574608|52|2|1|3|2|1|1|1
3464181|1|1|1|320.64419312|52|2|1|3|2|1|1|1
3464182|1|1|1|406.04037554|52|2|1|3|2|1|1|1
3464183|1|1|1|386.3483833|52|2|1|3|2|1|1|1
3464184|1|1|1|156.36394208|52|1|1|3|2|1|1|1
3464186|1|1|1|302.46482073|52|2|1|3|2|1|1|1
3464187|1|1|1|363.69415621|52|2|1|3|2|1|1|1
3464188|1|1|1|281.96057872|52|2|1|3|2|1|1|1
3464189|1|1|1|320.64419312|52|1|1|3|2|1|1|1
3464190|1|1|1|218.40637362|52|2|1|3|2|1|1|1
3464191|1|1|1|448.63406881|52|1|1|3|2|1|1|1
3464192|1|1|1|177.63718388|52|4|1|3|2|1|1|1
3464193|1|1|1|316.88823468|52|2|1|3|2|1|1|1
3464194|1|1|1|279.12779688|52|2|1|3|2|1|1|1
3464195|1|1|1|279.12779688|52|4|1|3|2|1|1|1
3464196|1|1|1|313.5693886|52|4|1|3|2|1|1|1
3464197|1|1|1|333.56501819|52|2|1|3|2|1|1|1
3464198|1|1|1|174.30422447|52|2|1|2|2|1|1|1
3464199|1|1|1|228.79327613|52|1|1|2|1|1|1|1
3464200|1|1|1|219.12837604|52|1|1|2|1|1|1|1
3464201|1|1|1|408.89410437|52|2|1|2|1|2|1|1
3464202|1|1|1|320.64419312|52|2|1|2|2|1|1|1
3464203|1|1|1|294.26117756|52|2|1|2|1|1|1|1
3464204|1|1|1|333.16741876|52|2|1|2|1|1|1|1
3464205|1|1|1|336.59075411|54|1|1|3|1|1|1|1
3464206|1|1|1|807.34203428|54|2|1|3|1|1|1|1
3464207|1|1|1|653.3005721|54|1|1|3|1|1|1|1
3464208|1|1|1|336.59075411|54|2|1|3|1|1|1|1
3464209|1|1|1|336.59075411|54|1|1|3|1|1|1|1
3464210|1|1|1|372.29064425|54|1|1|3|1|1|1|1
3464211|1|1|1|391.04770011|54|1|1|3|1|1|1|1
3464212|1|1|1|336.59075411|54|1|1|3|2|1|1|1
3464213|1|1|1|650.6193928|54|1|1|2|1|1|1|1
3464214|1|1|1|848.87120854|54|1|1|2|1|1|1|1
3464215|1|1|1|663.93200173|54|2|1|2|1|1|1|1
3464216|1|1|1|922.47922052|54|1|1|2|1|1|1|1
3464217|1|1|1|861.25877714|54|2|1|2|1|1|1|1
3464218|1|1|1|528.1703284|54|2|1|2|1|1|1|1
3464219|1|1|1|574.88841183|54|2|1|2|1|1|1|1
3464220|1|1|1|528.1703284|54|2|1|2|2|1|1|1
3464221|1|1|1|930.91847422|54|2|1|2|2|1|1|1
3464222|1|1|1|1142.423271|54|2|1|2|1|1|1|1
3464223|1|1|1|1084.6526242|54|1|1|2|1|1|1|1
3464224|1|1|1|895.36051315|54|1|1|2|1|1|1|1
3464225|1|1|1|570.67685296|54|1|1|2|1|1|1|1
3464226|1|1|1|770.53682545|54|1|1|2|1|1|1|1
3464227|1|1|1|693.13267333|54|1|1|2|1|1|1|1
3464228|1|1|1|811.78171406|54|1|1|2|1|1|1|1
3464229|1|1|1|657.27109912|54|1|1|2|1|1|1|1
3464230|1|1|1|288.9754767|54|1|1|2|1|1|1|1
3464231|1|1|1|123.85096868|63|1|1|2|1|1|1|1
3464232|1|1|1|173.21370176|63|1|1|2|1|1|1|1
3464233|1|1|1|146.0362738|63|2|1|2|1|1|1|1
3464234|1|1|1|238.17557414|63|1|1|2|1|1|1|1
3464235|1|1|1|198.85945188|63|1|1|2|1|1|1|1
3464236|1|1|1|357.71460048|63|2|1|2|1|1|1|1
3464237|1|1|1|469.65466742|63|2|1|3|1|1|1|1
3464238|1|1|1|308.72282159|63|1|1|3|1|1|1|1
3464239|1|1|1|347.83597187|63|2|1|2|2|1|1|1
3464240|1|1|1|243.97591642|63|1|1|3|1|1|1|1
3464241|1|1|1|374.20281672|63|1|1|3|1|1|1|1
3464242|1|1|1|397.99908714|63|1|1|3|1|1|1|1
3464243|1|1|1|243.97591642|63|2|1|3|1|1|1|1
3464244|1|1|1|283.64371967|63|2|1|3|1|1|1|1
3464245|1|1|1|474.57209987|63|1|1|3|1|1|1|1
3464246|1|1|1|238.79945229|63|1|1|2|1|1|1|1
3464247|1|1|1|170.1862318|63|1|1|2|1|1|1|1
3464248|1|1|1|386.46414461|63|1|1|3|1|1|1|1
3464249|1|1|1|116.62047247|63|2|1|2|1|1|1|1
3464250|1|1|1|342.36804617|63|2|1|2|1|1|1|1
3464251|1|1|1|281.79280045|63|2|1|2|1|1|1|1
3464252|1|1|1|150.86354669|63|1|1|2|1|1|1|1
3464253|1|1|1|186.36496205|63|1|1|2|1|1|1|1
3464254|1|1|1|280.43253084|63|2|1|1|1|1|1|1
3464255|1|1|1|251.93781907|63|2|1|1|1|1|1|1
3464256|1|1|1|296.70007415|63|2|1|2|1|1|1|1
3464257|1|1|1|360.90848081|63|2|1|1|1|1|1|1
3464258|1|1|1|145.82452764|63|1|1|1|1|1|1|1
3464259|1|1|1|426.58148635|63|2|1|1|1|1|1|1
3464260|1|1|1|272.15200807|63|3|1|1|2|1|1|1
3464261|1|1|1|259.46652609|63|3|1|1|1|1|1|1
3464262|1|1|1|348.72300969|63|2|1|1|1|1|1|1
3464263|1|1|1|272.15200807|63|3|1|2|1|1|1|1
3464264|1|1|1|155.6549314|63|2|1|1|1|1|1|1
3464265|1|1|1|248.5259258|63|3|1|1|1|1|1|1
3464266|1|1|1|213.76937439|63|2|1|1|1|1|1|1
3464267|1|1|1|348.72300969|63|2|1|1|1|1|1|1
3464268|1|1|1|279.54744307|63|1|1|3|1|1|1|1
3464269|1|1|1|535.04860084|63|1|1|3|1|1|1|1
3464270|1|1|1|215.15263557|63|1|1|3|1|1|1|1
3464271|1|1|1|382.4672738|63|1|1|3|1|1|1|1
3464272|1|1|1|174.9307087|63|1|1|3|1|1|1|1
3464273|1|1|1|639.53873989|63|1|1|3|1|1|1|1
3464274|1|1|1|279.54744307|63|1|1|3|1|1|1|1
3464275|1|1|1|255.2793477|63|1|1|3|1|1|1|1
3464276|1|1|1|358.19917843|63|2|1|3|1|1|1|1
3464277|1|1|1|397.99908714|63|1|1|1|2|2|1|1
3464278|1|1|1|395.34719896|63|1|1|1|2|1|1|1
3464279|1|1|1|194.36745411|63|1|1|1|2|1|1|1
3464280|1|1|1|360.21673239|63|1|1|1|2|1|1|1
3464281|1|1|1|310.60827008|63|1|1|1|2|1|1|1
3464282|1|1|1|308.72282159|63|2|1|1|2|1|1|1
3464283|1|1|1|296.13027434|63|1|1|1|2|1|1|1
3464284|1|1|1|374.41460344|63|1|1|1|2|1|1|1
3464285|1|1|1|1246.0510389|66|1|1|2|2|1|1|1
3464286|1|1|1|830.9467838|66|1|1|2|2|1|1|1
3464287|1|1|1|359.7611686|66|1|1|3|1|1|1|1
3464288|1|1|1|527.76991439|66|1|1|3|1|1|1|1
3464289|1|1|1|497.90368574|66|1|1|3|1|1|1|1
3464290|1|1|1|909.11883799|66|2|1|3|1|1|1|1
3464291|1|1|1|415.05987289|66|2|1|3|1|1|1|1
3464292|1|1|1|453.3055208|66|2|1|3|1|1|1|1
3464293|1|1|1|757.0687266|66|2|1|3|1|1|1|1
3464294|1|1|1|735.08520864|66|2|1|6|1|1|1|1
3464295|1|1|1|675.72592458|66|2|1|6|1|1|1|1
3464296|1|1|1|735.08520864|66|2|1|6|1|1|1|1
3464297|1|1|1|675.72592458|66|2|1|6|1|1|1|1
3464298|1|1|1|423.59458703|66|2|1|6|1|1|1|1
3464299|1|1|1|409.37389064|66|1|1|4|2|1|1|1
3464300|1|1|1|433.06304081|66|1|1|4|1|1|1|1
3464301|1|1|1|482.86926577|66|1|1|4|1|1|1|1
3464302|1|1|1|817.77093217|66|2|1|4|1|1|1|1
3464303|1|1|1|722.6731357|66|2|1|4|1|1|1|1
3464304|1|1|1|493.42208972|66|2|1|4|1|1|1|1
3464305|1|1|1|725.23705775|66|2|1|4|1|1|1|1
3464306|1|1|1|725.23705775|66|1|1|4|1|1|1|1
3464307|1|1|1|488.72001461|66|2|1|3|1|1|1|1
3464308|1|1|1|610.0784062|66|2|1|3|1|1|1|1
3464309|1|1|1|502.96799557|66|2|1|3|1|1|1|1
3464310|1|1|1|636.30445373|66|2|1|3|1|1|1|1
3464311|1|1|1|326.70081808|66|2|1|3|1|1|1|1
3464312|1|1|1|673.29262922|66|2|1|3|1|1|1|1
3464313|1|1|1|283.15648414|66|2|1|3|1|1|1|1
3464314|1|1|1|395.17506324|66|2|1|1|1|1|1|1
3464315|1|1|1|440.77058872|66|2|1|1|1|1|1|1
3464316|1|1|1|454.7907049|66|2|1|1|1|1|1|1
3464317|1|1|1|443.30841951|66|2|1|4|1|1|1|1
3464318|1|1|1|443.30841951|66|2|1|4|1|1|1|1
3464319|1|1|1|490.97367005|68|2|1|3|1|1|1|1
3464320|1|1|1|979.61631513|68|2|1|3|1|1|1|1
3464321|1|1|1|684.17514225|68|1|1|4|1|1|1|1
3464322|1|1|1|547.95250455|68|2|1|4|1|1|1|1
3464323|1|1|1|752.50939097|68|2|1|4|1|1|1|1
3464324|1|1|1|516.52808896|68|2|1|3|1|1|1|1
3464325|1|1|1|359.20533149|68|2|1|3|1|1|1|1
3464326|1|1|1|614.67244513|68|2|1|2|1|1|1|1
3464327|1|1|1|1443.3078369|68|2|1|2|1|1|1|1
3464328|1|1|1|1080.5761023|68|2|1|2|1|1|1|1
3464329|1|1|1|1106.1116468|68|2|1|2|1|1|1|1
3464330|1|1|1|957.34285879|68|2|1|2|1|1|1|1
3464331|1|1|1|1319.3262103|68|2|1|2|1|1|1|1
3464332|1|1|1|1574.3029317|68|2|1|2|1|1|1|1
3464333|1|1|1|1543.2165932|68|2|1|3|1|1|1|1
3464334|1|1|1|1034.2532012|68|2|1|3|1|1|1|1
3464335|1|1|1|1861.1530752|68|2|1|3|1|1|1|1
3464336|1|1|1|2871.9128455|68|2|1|3|1|1|1|1
3464337|1|1|1|1322.8031076|68|2|1|3|1|1|1|1
3464338|1|1|1|2599.0883245|68|2|1|4|1|1|1|1
3464339|1|1|1|1530.1564347|68|2|1|4|1|1|1|1
3464340|1|1|1|1013.1050475|68|2|1|5|1|1|1|1
3464341|1|1|1|864.26187101|68|2|1|5|1|1|1|1
3464342|1|1|1|1256.8193586|68|2|1|5|1|1|1|1
3464343|1|1|1|1453.423393|68|2|1|5|1|1|1|1
3464344|1|1|1|1339.69068|68|2|1|5|1|1|1|1
3464345|1|1|1|698.42156578|68|2|1|5|1|1|1|1
3464346|1|1|1|1330.7049677|68|1|1|3|1|1|1|1
3464347|1|1|1|415.29458844|68|1|1|3|1|1|1|1
3464348|1|1|1|563.55415333|68|1|1|3|1|1|1|1
3464349|1|1|1|974.64452718|68|1|1|3|1|1|1|1
3464350|1|1|1|969.97464662|68|1|1|3|1|1|1|1
3464351|1|1|1|1550.0138416|68|1|1|3|1|1|1|1
3464352|1|1|1|974.64452718|68|1|1|3|1|1|1|1
3464353|1|1|1|1097.6390332|68|2|1|3|1|1|1|1
3464354|1|1|1|501.63278092|68|1|1|3|1|1|1|1
3464355|1|1|1|336.19085731|68|1|1|3|1|1|1|1
3464356|1|1|1|1142.4021649|68|1|1|3|1|1|1|1
3464357|1|1|1|352.85113709|68|1|1|3|1|1|1|1
3464358|1|1|1|336.19085731|68|1|1|3|1|1|1|1
3464359|1|1|1|821.16335845|68|1|1|3|1|1|1|1
3464360|1|1|1|591.0136514|68|1|1|3|1|1|1|1
3464361|1|1|1|1019.1476576|68|1|1|3|1|1|1|1
3464362|1|1|1|429.9859167|68|1|1|3|1|1|1|1
3464363|1|1|1|890.27316057|68|1|1|3|1|1|1|1
3464364|1|1|1|884.331648|68|1|1|3|1|1|1|1
3464365|1|1|1|911.81149267|68|2|1|3|1|1|1|1
3464366|1|1|1|2360.5928506|68|2|1|3|1|1|1|1
3464367|1|1|1|1558.2101557|68|2|1|3|1|1|1|1
3464368|1|1|1|956.99723834|68|2|1|3|1|1|1|1
3464369|1|1|1|1128.3561556|68|2|1|3|1|1|1|1
3464370|1|1|1|2518.1428027|68|2|1|3|1|1|1|1
3464371|1|1|1|1166.20096|68|2|1|3|1|1|1|1
3464372|1|1|1|146.37494616|70|1|1|2|1|1|1|1
3464373|1|1|1|200.05266277|70|1|1|2|1|1|1|1
3464374|1|1|1|101.57579591|70|1|1|2|1|1|1|1
3464375|1|1|1|219.8067957|70|1|1|2|1|1|1|1
3464376|1|1|1|141.59868839|70|1|1|2|1|1|1|1
3464377|1|1|1|134.42287299|70|1|1|2|1|1|1|1
3464378|1|1|1|122.21511365|70|1|1|2|1|1|1|1
3464379|1|1|1|208.0918116|70|1|1|2|1|1|1|1
3464380|1|1|1|121.76569472|70|1|1|2|1|1|1|1
3464381|1|1|1|243.87357339|70|1|1|2|1|1|1|1
3464382|1|1|1|190.49024489|70|2|1|2|1|1|1|1
3464383|1|1|1|200.93425475|70|2|1|2|1|1|1|1
3464384|1|1|1|96.659413256|70|1|1|2|1|1|1|1
3464385|1|1|1|173.93936827|70|1|1|2|1|1|1|1
3464386|1|1|1|162.88769167|70|2|1|2|1|1|1|1
3464387|1|1|1|213.20388105|70|2|1|2|1|1|1|1
3464388|1|1|1|140.65315839|70|1|1|2|1|1|1|1
3464389|1|1|1|281.06294618|70|2|1|2|1|1|1|1
3464390|1|1|1|188.21660198|70|2|1|2|1|1|1|1
3464391|1|1|1|254.98322744|70|1|1|2|1|1|1|1
3464392|1|1|1|230.11663326|70|1|1|2|1|1|1|1
3464393|1|1|1|204.03691452|70|2|1|2|1|1|1|1
3464394|1|1|1|253.89835505|70|1|1|2|1|1|1|1
3464395|1|1|1|233.01930294|70|2|1|2|1|1|1|1
3464396|1|1|1|208.0244566|70|2|1|2|1|1|1|1
3464397|1|1|1|187.61192924|70|1|1|2|1|1|1|1
3464398|1|1|1|163.83020744|70|1|1|2|1|1|1|1
3464399|1|1|1|176.74390295|70|1|1|1|1|1|1|1
3464400|1|1|1|165.9256113|70|1|1|1|1|1|1|1
3464401|1|1|1|151.94954692|70|1|1|1|1|1|1|1
3464402|1|1|1|207.72677189|70|1|1|1|1|1|1|1
3464403|1|1|1|201.47985593|70|1|1|1|1|1|1|1
3464404|1|1|1|146.85316393|70|2|1|1|1|1|1|1
3464405|1|1|1|184.71781323|70|1|1|1|1|1|1|1
3464406|1|1|1|173.48959028|70|2|1|1|1|1|1|1
3464407|1|1|1|168.66847832|70|2|1|1|1|1|1|1
3464408|1|1|1|132.83530333|70|2|1|1|1|1|1|1
3464409|1|1|1|205.86353112|70|1|1|1|1|1|1|1
3464410|1|1|1|181.9749462|70|1|1|1|1|1|1|1
3464411|1|1|1|142.77390938|70|1|1|1|1|1|1|1
3464412|1|1|1|129.62209024|70|1|1|1|1|1|1|1
3464413|1|1|1|243.39616498|70|1|1|1|1|1|1|1
3464414|1|1|1|173.99300778|70|1|1|1|1|1|1|1
3464415|1|1|1|129.14543379|70|1|1|1|1|1|1|1
3464416|1|1|1|188.12950195|70|1|1|1|1|1|1|1
3464417|1|1|1|124.02705661|70|1|1|1|1|1|1|1
3464418|1|1|1|258.65378996|70|1|1|1|1|1|1|1
3464419|1|1|1|190.58120285|70|1|1|1|1|1|1|1
3464420|1|1|1|243.39616498|70|1|1|1|1|1|1|1
3464421|1|1|1|201.0002919|70|2|1|1|1|1|1|1
3464422|1|1|1|341.66631291|73|2|1|2|1|1|1|1
3464423|1|1|1|280.33022593|73|1|1|2|1|1|1|1
3464424|1|1|1|191.89842552|73|2|1|2|1|1|1|1
3464426|1|1|1|230.95587428|73|2|1|2|1|1|1|1
3464427|1|1|1|391.23453612|73|2|1|2|1|1|1|1
3464428|1|1|1|160.70412109|73|2|1|2|1|1|1|1
3464429|1|1|1|280.33022593|73|2|1|2|1|1|1|1
3464430|1|1|1|244.1573191|73|2|1|2|1|1|1|1
3464431|1|1|1|435.10196065|73|1|1|3|1|1|1|1
3464432|1|1|1|242.23368495|73|1|1|3|1|1|1|1
3464433|1|1|1|292.22431941|73|1|1|3|1|1|1|1
3464434|1|1|1|260.12897681|73|1|1|3|1|1|1|1
3464435|1|1|1|431.34135156|73|1|1|3|1|1|1|1
3464436|1|1|1|305.59003783|73|1|1|4|1|1|1|1
3464437|1|1|1|299.37666572|73|2|1|3|1|1|1|1
3464438|1|1|1|351.03662208|73|2|1|3|1|1|1|1
3464439|1|1|1|545.79805941|73|2|1|3|1|1|1|1
3464440|1|1|1|378.94644429|73|2|1|3|1|1|1|1
3464441|1|1|1|277.45149898|73|2|1|3|1|1|1|1
3464442|1|1|1|343.38349792|73|1|1|2|1|1|1|1
3464443|1|1|1|471.67690279|73|2|1|2|1|1|1|1
3464444|1|1|1|277.45149898|73|2|1|2|1|1|1|1
3464445|1|1|1|328.57832432|73|2|1|2|1|1|1|1
3464446|1|1|1|477.67582944|73|2|1|1|1|1|1|1
3464447|1|1|1|333.60292952|73|2|1|2|1|1|1|1
3464448|1|1|1|259.13681555|73|1|1|2|1|1|1|1
3464449|1|1|1|347.02240913|73|2|1|2|1|1|1|1
3464450|1|1|1|766.52436972|73|2|1|2|1|1|1|1
3464451|1|1|1|422.34812348|73|2|1|2|1|1|1|1
3464452|1|1|1|463.63323676|73|2|1|2|1|1|1|1
3464453|1|1|1|297.47103383|73|2|1|3|1|1|1|1
3464454|1|1|1|309.08882451|73|2|1|1|1|1|1|1
3464455|1|1|1|235.11445543|73|2|1|2|1|1|1|1
3464456|1|1|1|235.11445543|73|1|1|1|1|1|1|1
3464457|1|1|1|280.71439573|73|2|1|2|1|1|1|1
3464458|1|1|1|154.75211661|73|2|1|2|1|1|1|1
3464459|1|1|1|297.47103383|73|1|1|2|1|1|1|1
3464460|1|1|1|247.14765482|73|2|1|2|1|1|1|1
3464461|1|1|1|217.02872809|73|2|1|2|1|1|1|1
3464462|1|1|1|237.44780544|73|2|1|2|1|1|1|1
3464463|1|1|1|296.42032975|73|2|1|2|1|1|1|1
3464464|1|1|1|368.95615507|73|1|1|2|1|1|1|1
3464465|1|1|1|470.02093197|73|1|1|2|1|1|1|1
3464466|1|1|1|238.07485438|73|2|1|2|1|1|1|1
3464467|1|1|1|217.02872809|73|2|1|2|1|1|1|1
3464468|1|1|1|334.12873531|73|2|1|2|1|1|1|1
3464469|1|1|1|293.95435658|73|2|1|2|1|1|1|1
3464470|1|1|1|405.32395063|73|2|1|2|1|1|1|1
3464471|1|1|1|351.5142751|73|2|1|2|1|1|1|1
3464472|1|1|1|338.51258233|73|1|1|2|1|1|1|1
3464473|1|1|1|1398.9574678|76|2|1|5|2|1|1|1
3464474|1|1|1|1863.5490076|76|2|1|5|2|1|1|1
3464475|1|1|1|1983.173158|76|2|1|5|2|1|1|1
3464476|1|1|1|1080.5908479|76|2|1|5|2|1|1|1
3464477|1|1|1|1763.2579435|76|2|1|5|2|1|1|1
3464478|1|1|1|1080.5908479|76|2|1|5|2|1|1|1
3464479|1|1|1|1618.9890467|76|2|1|5|2|1|1|1
3464480|1|1|1|2381.6463011|76|1|1|3|1|1|1|1
3464481|1|1|1|1998.444112|76|2|1|3|1|1|1|1
3464482|1|1|1|3102.9428452|76|2|1|3|2|1|1|1
3464483|1|1|1|3102.9428452|76|1|1|3|1|1|1|1
3464484|1|1|1|1831.4522922|76|1|1|3|1|1|1|1
3464485|1|1|1|1998.444112|76|2|1|3|1|1|1|1
3464486|1|1|1|2257.1858914|76|2|1|3|1|1|1|1
3464487|1|1|1|1799.2613161|76|2|1|3|2|1|1|1
3464488|1|1|1|1738.1353071|76|1|1|2|1|1|1|1
3464489|1|1|1|1538.9525112|76|2|1|3|1|1|1|1
3464490|1|1|1|2121.2125636|76|1|1|2|1|1|1|1
3464491|1|1|1|1111.8868718|76|1|1|2|1|1|1|1
3464492|1|1|1|4195.909431|76|1|1|2|1|1|1|1
3464493|1|1|1|2053.7914249|76|1|1|2|1|1|1|1
3464494|1|1|1|3569.0202325|76|1|1|2|1|1|1|1
3464495|1|1|1|2238.9975699|76|2|1|3|1|1|1|1
3464496|1|1|1|2961.6444498|76|2|1|3|2|1|1|1
3464497|1|1|1|2238.9975699|76|2|1|3|1|1|1|1
3464498|1|1|1|3476.4452247|76|2|1|3|1|1|1|1
3464499|1|1|1|2238.9975699|76|2|1|3|2|1|1|1
3464500|1|1|1|2584.5417639|76|2|1|1|1|1|1|1
3464501|1|1|1|4043.0301955|76|1|1|1|1|1|1|1
3464502|1|1|1|2586.13786|76|1|1|1|2|1|1|1
3464503|1|1|1|2131.9608522|76|1|1|1|1|1|1|1
3464504|1|1|1|3589.8336243|76|2|1|1|1|1|1|1
3464505|1|1|1|1312.1985686|76|2|1|1|1|1|1|1
3464506|1|1|1|2925.9972339|76|2|1|1|1|1|1|1
3464507|1|1|1|1634.0107309|76|2|1|2|1|1|1|1
3464508|1|1|1|2731.8491598|76|2|1|2|1|1|1|1
3464509|1|1|1|1505.4218265|76|2|1|1|1|1|1|1
3464510|1|1|1|1278.0317596|76|2|1|2|1|1|1|1
3464511|1|1|1|3452.0770479|76|2|1|2|1|1|1|1
3464512|1|1|1|2470.967808|76|1|1|2|1|1|1|1
3464513|1|1|1|1737.153287|76|2|1|2|1|1|1|1
3464514|1|1|1|1737.153287|76|2|1|2|1|1|1|1
3464515|1|1|1|1737.153287|76|2|1|2|1|1|1|1
3464516|1|1|1|3651.0587321|76|2|1|2|1|1|1|1
3464517|1|1|1|3142.1220295|76|2|1|2|1|1|1|1
3464518|1|1|1|2059.712061|76|2|1|2|1|1|1|1
3464519|1|1|1|3854.9917897|76|2|1|2|1|1|1|1
3464520|1|1|1|18.189652212|88|2|1|2|2|2|1|2
3464522|1|1|1|39.253054197|88|3|1|2|2|1|1|2
3464523|1|1|1|35.639321991|88|2|1|1|2|2|1|2
3464524|1|1|1|24.487598671|88|1|1|2|2|1|1|2
3464525|1|1|1|40.936697848|88|2|1|2|2|1|1|2
3464526|1|1|1|24.96083158|88|2|1|2|2|1|1|2
3464527|1|1|1|34.451414974|88|1|1|3|2|1|1|1
3464528|1|1|1|48.743637592|88|2|1|1|2|2|1|2
3464529|1|1|1|40.755992769|88|2|1|2|2|1|1|1
3464530|1|1|1|43.455683197|88|2|1|2|2|1|1|1
3464531|1|1|1|32.638182607|88|2|1|2|2|1|1|1
3464532|1|1|1|23.647103602|88|2|1|2|2|1|1|1
3464533|1|1|1|23.647103602|88|2|1|2|2|1|1|1
3464534|1|1|1|23.647103602|88|2|1|2|2|1|1|1
3464535|1|1|1|32.049977967|88|2|1|2|2|2|1|2
3464536|1|1|1|47.808203798|88|2|1|2|2|2|1|1
3464537|1|1|1|23.647103602|88|2|1|2|2|1|1|1
3464538|1|1|1|23.647103602|88|2|1|2|2|1|1|2
3464539|1|1|1|37.187103976|88|1|1|2|2|2|1|1
3464540|1|1|1|36.049730227|88|2|1|2|2|1|1|1
3464541|1|1|1|40.755992769|88|2|1|2|2|1|1|1
3464542|1|1|1|52.95155471|88|2|1|2|2|2|1|2
3464543|1|1|1|39.93551063|88|2|1|2|2|2|1|2
3464544|1|1|1|25.524810867|88|2|1|2|2|2|1|2
3464545|1|1|1|28.814433648|88|2|1|2|2|2|2|2
3464546|1|1|1|44.709849578|88|1|1|2|2|2|1|2
3464547|1|1|1|29.494982581|88|1|1|1|2|2|1|2
3464548|1|1|1|36.55476452|88|1|1|2|2|2|1|2
3464549|1|1|1|46.94611698|88|1|1|2|2|1|1|2
3464550|1|1|1|29.494982581|88|1|1|2|2|1|1|2
3464551|1|1|1|41.649556454|88|1|1|1|2|2|1|2
3464552|1|1|1|45.495009886|88|1|1|1|2|2|1|2
3464553|1|1|1|26.484756034|88|1|1|1|2|2|1|2
3464554|1|1|1|27.256489609|88|2|1|1|2|2|1|2
3464555|1|1|1|41.649556454|88|2|1|1|2|2|1|2
3464556|1|1|1|22.858866815|88|2|1|3|2|2|1|2
3464557|1|1|1|47.957902761|88|1|1|3|2|2|1|2
3464558|1|1|1|28.831658198|88|2|1|3|2|2|1|2
3464559|1|1|1|43.0044887|88|1|1|2|2|2|1|2
3464560|1|1|1|42.007160423|88|2|1|3|2|2|1|2
3464561|1|1|1|35.947533844|88|1|1|2|2|1|1|2
3464562|1|1|1|16.657892026|88|2|1|2|2|1|1|2
3464563|1|1|1|32.216322761|88|1|1|2|2|1|1|2
3464564|1|1|1|35.947533844|88|1|1|3|2|2|1|2
3464565|1|1|1|1220.4050011|08|2|1|1|1|1|1|1
3464566|1|1|1|1864.2945771|08|2|1|3|1|1|1|1
3464567|1|1|1|1481.7703276|08|2|1|3|1|1|1|1
3464568|1|1|1|1277.6624495|08|2|1|3|1|1|1|1
3464569|1|1|1|1601.6367588|08|2|1|3|1|1|1|1
3464570|1|1|1|2007.6656887|08|2|1|1|1|1|1|1
3464571|1|1|1|1751.9799069|08|2|1|1|1|1|1|1
3464572|1|1|1|1616.0778678|08|2|1|1|1|1|1|1
3464573|1|1|1|5084.9731449|11|1|1|3|1|1|1|1
3464574|1|1|1|5084.9731449|11|1|1|3|1|1|1|1
3464575|1|1|1|14177.893873|11|2|1|2|1|1|1|1
3464576|1|1|1|7401.9669267|11|1|1|2|1|1|1|1
3464577|1|1|1|9001.5403563|11|2|1|3|1|1|1|1
3464578|1|1|1|9001.5403563|11|2|1|3|1|1|1|1
3464579|1|1|1|7903.9480503|11|2|1|3|1|1|1|1
3464580|1|1|1|5913.0124394|11|2|1|3|1|1|1|1
3464581|1|1|1|7903.9480503|11|2|1|3|1|1|1|1
3464582|1|1|1|3279.8555596|11|2|1|5|1|1|1|1
3464583|1|1|1|7012.1586047|11|2|1|5|1|1|1|1
3464584|1|1|1|7646.1584866|11|2|1|5|1|1|1|1
3464585|1|1|1|3720.9989438|11|2|1|5|1|1|1|1
3464586|1|1|1|6380.7918249|11|2|1|5|1|1|1|1
3464587|1|1|1|6093.6519222|11|2|1|5|1|1|1|1
3464588|1|1|1|11128.410901|11|1|1|3|1|1|1|1
3464589|1|1|1|6546.5444678|11|1|1|3|1|1|1|1
3464591|1|1|1|718.65869952|13|1|1|2|1|1|1|1
3464592|1|1|1|608.1336589|13|1|1|2|1|1|1|1
3464593|1|1|1|675.17647797|13|2|1|3|1|1|1|1
3464594|1|1|1|778.9021134|13|2|1|2|1|1|1|1
3464595|1|1|1|732.8278101|13|1|1|3|1|1|1|1
3464596|1|1|1|678.95918762|13|2|1|3|1|1|1|1
3464597|1|1|1|372.56725969|13|2|1|2|1|1|1|1
3464598|1|1|1|788.8381777|13|2|1|2|1|1|1|1
3464599|1|1|1|723.61011039|13|1|1|1|1|1|1|1
3464600|1|1|1|646.71499075|13|1|1|1|1|1|1|1
3464601|1|1|1|295.47797625|13|1|1|1|1|1|1|1
3464602|1|1|1|723.10882288|13|2|1|1|1|1|1|1
3464603|1|1|1|675.53861064|13|2|1|1|1|1|1|1
3464604|1|1|1|445.43709067|13|1|1|1|1|1|1|1
3464605|1|1|1|653.68029879|13|2|1|1|1|1|1|1
3464606|1|1|1|401.9977578|13|2|1|1|1|1|1|1
3464607|1|1|1|248.37817312|13|1|1|1|1|1|1|1
3464608|1|1|1|257.49804176|15|2|1|2|1|1|1|1
3464609|1|1|1|258.55101721|15|2|1|2|1|1|1|1
3464610|1|1|1|211.96766212|15|2|1|3|1|1|1|1
3464611|1|1|1|210.33441036|15|2|1|3|1|1|1|1
3464612|1|1|1|88.46612475|15|2|1|3|1|1|1|1
3464613|1|1|1|106.86290575|15|1|1|3|1|1|1|1
3464614|1|1|1|114.59247238|15|1|1|2|1|1|1|1
3464615|1|1|1|182.77451105|15|2|1|3|1|1|1|1
3464616|1|1|1|70.930929014|15|2|1|3|1|1|1|1
3464617|1|1|1|243.41138965|15|2|1|4|1|1|1|1
3464618|1|1|1|223.84848001|15|2|1|4|1|1|1|1
3464619|1|1|1|329.00675942|15|2|1|4|1|1|1|1
3464620|1|1|1|127.65277728|15|1|1|4|1|1|1|1
3464621|1|1|1|169.58583303|15|1|1|2|1|1|1|1
3464622|1|1|1|149.59942926|15|2|1|2|1|1|1|1
3464623|1|1|1|384.89361455|17|2|1|6|1|1|1|1
3464624|1|1|1|400.85908204|17|2|1|6|1|1|1|1
3464625|1|1|1|606.27762173|17|2|1|4|2|1|1|1
3464626|1|1|1|468.74650723|17|2|1|4|2|1|1|1
3464627|1|1|1|616.64691923|17|2|1|4|1|1|1|1
3464628|1|1|1|590.38190941|17|2|1|4|2|1|1|1
3464629|1|1|1|493.6418561|17|2|1|4|1|1|1|1
3464630|1|1|1|450.07721056|17|2|1|4|2|1|1|1
3464631|1|1|1|460.3055096|17|2|1|3|1|1|1|1
3464632|1|1|1|301.67614683|17|1|1|3|2|1|1|1
3464633|1|1|1|313.50781573|17|2|1|3|2|1|1|1
3464634|1|1|1|191.86744789|17|1|1|3|1|1|1|1
3464635|1|1|1|647.15768107|17|2|1|3|2|1|1|1
3464636|1|1|1|326.64677909|17|2|1|3|1|1|1|1
3464637|1|1|1|354.92613465|17|2|1|3|2|1|1|1
3464638|1|1|1|675.64509636|17|2|1|5|1|1|1|1
3464639|1|1|1|308.26604182|17|1|1|5|1|1|1|1
3464640|1|1|1|499.05798931|17|2|1|5|1|1|1|1
3464641|1|1|1|455.01536177|17|2|1|5|1|1|1|1
3464642|1|1|1|390.08675939|17|2|1|6|1|1|1|1
3464643|1|1|1|409.17606807|17|2|1|6|1|1|1|1
3464644|1|1|1|581.75827634|17|2|1|6|1|1|1|1
3464645|1|1|1|581.75827634|17|2|1|6|1|1|1|1
3464646|1|1|1|408.1312917|17|2|1|3|1|1|1|1
3464647|1|1|1|254.0095441|17|2|1|3|1|1|1|1
3464648|1|1|1|525.84031518|17|2|1|3|1|1|1|1
3464649|1|1|1|129.04619362|18|1|1|1|1|1|1|1
3464650|1|1|1|112.32821152|18|2|1|1|1|1|1|1
3464651|1|1|1|100.69090464|18|1|1|1|1|1|1|1
3464652|1|1|1|184.02646352|18|2|1|1|1|1|1|1
3464653|1|1|1|113.93128777|18|1|1|2|1|1|1|1
3464654|1|1|1|95.759092711|18|2|1|2|1|1|1|1
3464655|1|1|1|139.70095391|18|2|1|2|1|1|1|1
3464656|1|1|1|117.03422958|18|1|1|2|1|1|1|1
3464657|1|1|1|160.5150881|18|1|1|2|1|1|1|1
3464658|1|1|1|86.080189392|18|2|1|2|1|1|1|1
3464659|1|1|1|106.88589103|18|2|1|2|1|1|1|1
3464660|1|1|1|111.84985553|18|1|1|2|1|1|1|1
3464661|1|1|1|96.684057956|18|1|1|1|2|2|1|1
3464662|1|1|1|117.39619554|18|1|1|1|2|2|1|1
3464663|1|1|1|147.40681924|18|1|1|1|2|2|1|1
3464664|1|1|1|188.5744019|18|1|1|1|2|2|1|1
3464665|1|1|1|136.23589447|18|1|1|1|2|2|1|1
3464666|1|1|1|251.81618929|19|1|1|2|1|1|1|1
3464667|1|1|1|309.58973167|19|2|1|2|1|1|1|1
3464668|1|1|1|181.59685888|19|2|1|2|2|1|1|1
3464669|1|1|1|278.43436953|19|2|1|2|1|1|1|1
3464670|1|1|1|273.0339409|19|1|1|2|2|1|1|1
3464671|1|1|1|218.64435874|19|1|1|2|2|1|1|1
3464672|1|1|1|193.34779355|19|1|1|3|1|1|1|1
3464673|1|1|1|193.34779355|19|1|1|3|1|1|1|1
3464674|1|1|1|221.63920975|19|1|1|3|1|1|1|1
3464675|1|1|1|135.47403918|19|2|1|3|1|1|1|1
3464676|1|1|1|324.6031697|19|1|1|3|1|1|1|1
3464677|1|1|1|297.09084222|19|2|1|3|1|1|1|1
3464678|1|1|1|225.81103494|19|1|1|3|1|1|1|1
3464679|1|1|1|276.90346437|19|2|1|1|1|1|1|1
3464680|1|1|1|156.67945597|19|2|1|1|2|1|1|1
3464681|1|1|1|266.81063771|19|1|1|1|2|1|1|1
3464682|1|1|1|167.92818388|19|1|1|1|2|1|1|1
3464683|1|1|1|113.15975929|19|1|1|1|2|1|1|1
3464684|1|1|1|308.46323053|19|1|1|1|2|1|1|1
3464685|1|1|1|193.08627071|19|1|1|1|2|1|1|1
3464686|1|1|1|349.48555412|20|1|1|1|2|2|1|1
3464687|1|1|1|212.54347537|20|1|1|1|2|2|1|1
3464688|1|1|1|461.31784969|20|1|1|1|2|2|1|1
3464689|1|1|1|212.54347537|20|1|1|1|2|2|1|1
3464690|1|1|1|253.6143424|20|1|1|1|2|2|1|1
3464691|1|1|1|850.17390147|20|1|1|1|2|2|1|1
3464692|1|1|1|390.0432916|20|2|1|1|1|1|1|1
3464693|1|1|1|317.7967409|20|1|1|2|1|1|1|1
3464694|1|1|1|354.63162665|20|2|1|1|1|1|1|1
3464695|1|1|1|409.53863284|20|2|1|1|1|1|1|1
3464696|1|1|1|339.11889211|20|2|1|1|1|1|1|1
3464697|1|1|1|621.82304254|20|2|1|1|1|1|1|1
3464698|1|1|1|533.39512737|20|1|1|1|1|1|1|1
3464699|1|1|1|159.40760653|20|2|1|1|1|1|1|1
3464700|1|1|1|417.81382533|20|2|1|1|1|1|1|1
3464701|1|1|1|438.79870305|20|2|1|1|1|1|1|1
3464702|1|1|1|159.40760653|20|2|1|1|1|1|1|1
3464703|1|1|1|145.43049178|23|1|1|2|1|1|1|1
3464704|1|1|1|169.52558945|23|1|1|2|1|1|1|1
3464705|1|1|1|286.66461847|23|2|1|2|1|1|1|1
3464706|1|1|1|365.14281308|23|2|1|2|1|1|1|1
3464708|1|1|1|326.59530121|23|1|1|2|1|1|1|1
3464709|1|1|1|227.82303152|23|1|1|1|1|1|1|1
3464710|1|1|1|384.34148364|23|1|1|1|1|1|1|1
3464711|1|1|1|242.27101793|23|1|1|1|1|1|1|1
3464712|1|1|1|145.35448862|23|1|1|1|1|1|1|1
3464713|1|1|1|347.65125419|23|2|1|1|1|1|1|1
3464715|1|1|1|170.56948507|23|2|1|1|1|1|1|1
3464716|1|1|1|312.37690244|23|2|1|1|1|1|1|1
3464717|1|1|1|352.46905378|23|1|1|1|1|1|1|1
3464718|1|1|1|125.34976465|23|1|1|1|1|1|1|1
3464719|1|1|1|393.12300121|23|1|1|1|1|1|1|1
3464720|1|1|1|296.72226214|23|1|1|1|1|1|1|1
3464721|1|1|1|145.11116637|23|1|1|1|1|1|1|1
3464722|1|1|1|246.09830676|23|2|1|1|1|1|1|1
3464723|1|1|1|283.12357411|23|2|1|1|1|1|1|1
3464724|1|1|1|346.49544308|23|2|1|1|1|1|1|1
3464725|1|1|1|364.00279483|23|1|1|1|1|1|1|1
3464726|1|1|1|234.66807556|23|2|1|1|1|1|1|1
3464727|1|1|1|234.66807556|23|2|1|1|1|1|1|1
3464728|1|1|1|153.6106811|27|1|1|1|2|2|1|1
3464729|1|1|1|45.937783615|27|1|1|1|2|2|1|1
3464730|1|1|1|85.603762967|27|1|1|1|2|2|1|1
3464731|1|1|1|70.608129825|27|1|1|1|2|2|1|1
3464732|1|1|1|117.15089748|27|1|1|1|2|2|1|1
3464733|1|1|1|111.83272794|27|1|1|1|2|2|2|2
3464734|1|1|1|54.939111653|27|1|1|1|2|2|2|2
3464735|1|1|1|111.83272794|27|1|1|1|2|2|2|2
3464736|1|1|1|99.706270465|27|1|1|1|2|2|2|2
3464737|1|1|1|51.260233944|27|1|1|1|2|2|2|2
3464738|1|1|1|111.83272794|27|1|1|1|2|2|2|2
3464739|1|1|1|51.084887366|27|1|1|1|2|2|2|2
3464740|1|1|1|35.946233979|27|1|1|1|2|2|1|2
3464741|1|1|1|143.78493592|27|1|1|1|2|2|1|2
3464742|1|1|1|97.758025202|27|1|1|1|2|2|1|2
3464743|1|1|1|50.676857998|27|1|1|1|2|2|1|2
3464744|1|1|1|42.954810653|27|1|1|1|2|2|1|2
3464745|1|1|1|80.27052266|27|1|1|1|2|2|1|2
3464746|1|1|1|64.09038227|27|1|1|1|2|2|1|2
3464747|1|1|1|65.680569471|27|1|1|1|2|2|1|2
3464748|1|1|1|59.468670983|27|1|1|1|2|2|2|2
3464749|1|1|1|40.991441144|27|1|1|1|2|2|1|2
3464750|1|1|1|292.79865623|41|2|1|2|1|1|1|1
3464751|1|1|1|332.49070651|41|2|1|2|1|1|1|1
3464752|1|1|1|185.7904046|41|1|1|2|1|1|1|1
3464753|1|1|1|270.26289608|41|2|1|2|1|1|1|1
3464754|1|1|1|140.64617615|41|1|1|2|1|1|1|1
3464755|1|1|1|221.20639081|41|1|1|2|1|1|1|1
3464756|1|1|1|420.82654181|41|1|1|2|1|1|1|1
3464757|1|1|1|277.04851176|41|2|1|2|1|1|1|1
3464758|1|1|1|240.87223255|41|1|1|2|1|1|1|1
3464759|1|1|1|188.85950494|41|2|1|3|1|1|1|1
3464760|1|1|1|192.39379369|41|2|1|4|1|1|1|1
3464761|1|1|1|130.6904185|41|2|1|4|1|1|1|1
3464762|1|1|1|283.76074767|41|2|1|4|1|1|1|1
3464763|1|1|1|288.023339|41|2|1|4|1|1|1|2
3464764|1|1|1|325.49470727|41|2|1|3|1|1|1|1
3464766|1|1|1|249.07557898|41|2|1|2|1|1|1|1
3464767|1|1|1|267.14192116|41|2|1|2|1|1|1|1
3464768|1|1|1|540.13427587|41|1|1|2|1|1|1|1
3464769|1|1|1|221.65319685|41|1|1|2|1|1|1|1
3464770|1|1|1|147.53943894|41|2|1|2|1|1|1|1
3464771|1|1|1|191.11916452|41|2|1|2|1|1|1|1
3464772|1|1|1|172.43693929|41|1|1|2|1|1|1|1
3464773|1|1|1|320.07731457|41|2|1|3|1|1|1|1
3464774|1|1|1|215.35883559|41|2|1|3|1|1|1|1
3464775|1|1|1|253.7367424|41|2|1|3|1|1|1|1
3464776|1|1|1|253.7367424|41|2|1|3|1|1|1|1
3464777|1|1|1|289.69979846|41|2|1|3|1|1|1|1
3464778|1|1|1|476.0800783|41|2|1|3|1|1|1|1
3464779|1|1|1|357.1744374|41|2|1|3|1|1|1|1
3464780|1|1|1|305.51982797|41|2|1|3|1|1|1|1
3464781|1|1|1|471.54346757|41|2|1|3|1|1|1|1
3464782|1|1|1|349.22502715|41|2|1|2|1|1|1|1
3464783|1|1|1|189.91981473|41|2|1|2|1|1|1|1
3464784|1|1|1|157.19278511|41|1|1|2|1|1|1|1
3464785|1|1|1|348.01611849|41|2|1|2|1|1|1|1
3464786|1|1|1|155.37372123|41|2|1|2|1|1|1|1
3464787|1|1|1|422.06257437|41|2|1|2|1|1|1|1
3464788|1|1|1|422.06257437|41|2|1|2|1|1|1|1
3464789|1|1|1|331.62192451|41|2|1|2|1|1|1|1
3464790|1|1|1|269.21014227|41|2|1|2|1|1|1|1
3464791|1|1|1|157.69116925|41|1|1|4|1|1|1|1
3464792|1|1|1|286.36786122|41|1|1|2|1|1|1|1
3464793|1|1|1|327.47332981|41|1|1|2|1|1|1|1
3464794|1|1|1|242.75774874|41|2|1|3|1|1|1|1
3464795|1|1|1|242.75774874|41|2|1|3|1|1|1|1
3464796|1|1|1|285.69788293|41|2|1|3|1|1|1|1
3464797|1|1|1|322.29229016|41|2|1|3|1|1|1|1
3464798|1|1|1|292.17730295|41|2|1|3|1|1|1|1
3464799|1|1|1|610.25073404|41|2|1|3|1|1|1|1
3464800|1|1|1|216.71645497|41|2|1|3|1|1|1|1
3464801|1|1|1|120.85008434|44|2|1|3|1|1|1|1
3464802|1|1|1|107.27553602|44|1|1|3|1|1|1|1
3464803|1|1|1|84.929088587|44|1|1|3|1|1|1|1
3464804|1|1|1|97.579629905|44|1|1|3|1|1|1|1
3464805|1|1|1|134.61840855|44|1|1|2|1|1|1|1
3464806|1|1|1|143.22252686|44|2|1|2|1|1|1|1
3464807|1|1|1|110.38435123|44|1|1|1|2|2|1|1
3464808|1|1|1|163.16275233|44|1|1|1|2|2|1|1
3464809|1|1|1|118.18046435|44|1|1|2|1|1|1|1
3464810|1|1|1|127.37869816|44|1|1|2|1|1|1|1
3464811|1|1|1|143.35357348|44|2|1|1|1|1|1|1
3464812|1|1|1|125.8234213|44|2|1|2|1|1|1|1
3464813|1|1|1|125.33591937|44|2|1|2|1|1|1|1
3464814|1|1|1|118.02730818|44|2|1|2|1|1|1|1
3464815|1|1|1|118.18046435|44|1|1|1|2|2|1|1
3464816|1|1|1|115.56659284|44|1|1|1|1|2|1|1
3464817|1|1|1|110.5375074|44|1|1|1|2|2|1|1
3464818|1|1|1|130.34289526|44|1|1|1|1|2|1|1
3464819|1|1|1|115.81239353|44|1|1|1|1|2|1|1
3464820|1|1|1|128.23863523|44|1|1|1|1|2|1|1
3464821|1|1|1|312.91008909|47|1|1|1|1|1|1|1
3464822|1|1|1|288.77115727|47|1|1|1|1|2|1|2
3464823|1|1|1|292.50289829|47|1|1|1|1|1|1|1
3464824|1|1|1|298.74858094|47|3|1|1|1|2|1|2
3464825|1|1|1|239.66908516|47|2|1|1|1|2|1|2
3464826|1|1|1|263.40998364|47|2|1|1|1|1|1|1
3464827|1|1|1|572.98204531|47|2|1|1|1|1|1|1
3464828|1|1|1|489.80017765|47|1|1|1|1|2|1|2
3464829|1|1|1|356.9709068|47|2|1|1|2|2|2|1
3464830|1|1|1|384.62655334|47|1|1|1|1|2|1|2
3464831|1|1|1|396.12791076|47|1|1|1|1|2|2|1
3464832|1|1|1|404.86146488|47|2|1|1|2|2|1|2
3464833|1|1|1|451.13911827|47|2|1|1|2|2|2|1
3464834|1|1|1|625.81438461|47|2|1|1|2|2|1|2
3464835|1|1|1|350.11971697|47|1|1|1|2|2|2|2
3464836|1|1|1|242.37871781|47|1|1|1|2|2|2|1
3464837|1|1|1|470.43083953|50|2|1|2|1|1|1|1
3464838|1|1|1|397.30315475|50|1|1|3|1|1|1|1
3464839|1|1|1|197.68186308|50|2|1|3|1|1|1|1
3464840|1|1|1|150.52754957|50|1|1|3|1|1|1|1
3464841|1|1|1|464.0472244|50|1|1|3|1|1|1|1
3464842|1|1|1|305.68937413|50|1|1|3|1|1|1|1
3464843|1|1|1|981.73584263|50|2|1|4|1|1|1|1
3464844|1|1|1|282.23915545|50|2|1|4|1|1|1|1
3464845|1|1|1|429.24465948|50|2|1|3|1|1|1|1
3464846|1|1|1|404.45969089|50|2|1|3|1|1|1|1
3464847|1|1|1|533.90109217|50|2|1|3|1|1|1|1
3464848|1|1|1|263.25610175|50|2|1|3|1|1|1|1
3464849|1|1|1|396.68615378|50|2|1|3|1|1|1|1
3464850|1|1|1|788.91082946|50|1|1|1|1|1|1|1
3464851|1|1|1|535.08753905|50|2|1|1|1|1|1|1
3464852|1|1|1|446.65048694|50|1|1|1|1|1|1|1
3464853|1|1|1|972.74463572|54|1|1|1|1|1|1|1
3464854|1|1|1|840.80574007|54|1|1|1|1|1|1|1
3464855|1|1|1|1120.2792862|54|1|1|1|1|1|1|1
3464856|1|1|1|967.30867131|54|1|1|1|1|1|1|1
3464857|1|1|1|1200.0452342|54|1|1|1|2|1|1|1
3464858|1|1|1|1160.1968493|54|1|1|1|1|1|1|1
3464859|1|1|1|759.71714055|54|1|1|1|1|1|1|1
3464860|1|1|1|322.82148179|63|2|1|1|2|1|1|1
3464861|1|1|1|292.17579405|63|2|1|1|1|1|1|1
3464862|1|1|1|134.68481644|63|1|1|2|1|1|1|1
3464863|1|1|1|255.54510855|63|1|1|2|1|1|1|1
3464864|1|1|1|211.98483437|63|1|1|2|1|1|1|1
3464865|1|1|1|421.73400867|63|1|1|2|1|1|1|1
3464866|1|1|1|313.10311161|63|2|1|5|1|1|1|1
3464867|1|1|1|265.33272476|63|2|1|5|1|1|1|1
3464868|1|1|1|268.6815425|63|2|1|5|1|1|1|1
3464869|1|1|1|147.48414024|63|2|1|5|1|1|1|1
3464870|1|1|1|313.10311161|63|2|1|5|1|1|1|1
3464871|1|1|1|265.33272476|63|2|1|5|1|1|1|1
3464872|1|1|1|118.43309998|63|2|1|5|1|1|1|1
3464873|1|1|1|283.30909171|63|2|1|5|1|1|1|1
3464874|1|1|1|378.98591994|63|2|1|5|1|1|1|1
3464875|1|1|1|250.48248929|63|2|1|5|1|1|1|1
3464876|1|1|1|346.17541982|63|2|1|1|1|1|1|1
3464877|1|1|1|313.10311161|63|1|1|1|1|1|1|1
3464878|1|1|1|169.79195106|63|1|1|1|1|1|1|1
3464879|1|1|1|207.07218005|63|2|1|1|1|1|1|1
3464880|1|1|1|207.07218005|63|2|1|1|1|1|1|1
3464881|1|1|1|293.79924957|63|2|1|1|1|1|1|1
3464882|1|1|1|269.93850817|63|2|1|1|1|1|1|1
3464883|1|1|1|240.14448826|63|2|1|1|1|1|1|1
3464884|1|1|1|397.99908714|63|1|1|1|1|1|1|1
3464885|1|1|1|322.68948754|63|1|1|2|1|1|1|1
3464886|1|1|1|329.7541868|63|1|1|2|1|1|1|1
3464887|1|1|1|227.71085532|63|1|1|2|1|1|1|1
3464888|1|1|1|264.73413835|63|1|1|2|1|1|1|1
3464889|1|1|1|264.73413835|63|1|1|2|1|1|1|1
3464890|1|1|1|376.05541829|63|1|1|2|1|1|1|1
3464891|1|1|1|309.50175394|63|1|1|1|1|1|1|1
3464892|1|1|1|387.70953599|63|1|1|2|1|1|1|1
3464893|1|1|1|227.71085532|63|1|1|2|2|1|1|1
3464894|1|1|1|318.19881032|63|1|1|2|1|1|1|1
3464895|1|1|1|331.81034756|63|1|1|1|1|1|1|1
3464896|1|1|1|467.46001756|66|2|1|1|1|1|1|1
3464897|1|1|1|436.62482673|66|2|1|1|1|1|1|1
3464898|1|1|1|467.46001756|66|2|1|1|1|1|1|1
3464899|1|1|1|677.56015755|66|2|1|4|1|1|1|1
3464900|1|1|1|418.53735188|66|2|1|4|1|1|1|1
3464901|1|1|1|489.35409578|66|2|1|4|1|1|1|1
3464902|1|1|1|336.17524027|66|2|1|4|1|1|1|1
3464903|1|1|1|617.21124011|66|2|1|4|1|1|1|1
3464904|1|1|1|902.01456753|66|1|1|1|2|1|1|1
3464905|1|1|1|902.01456753|66|2|1|2|1|1|1|1
3464906|1|1|1|860.24124408|66|2|1|1|1|1|1|1
3464907|1|1|1|802.25458549|66|2|1|1|1|1|1|1
3464908|1|1|1|581.24811515|68|1|1|2|1|1|1|1
3464909|1|1|1|627.74454718|68|2|1|2|1|1|1|1
3464910|1|1|1|686.37977783|68|1|1|2|1|1|1|1
3464911|1|1|1|757.16499737|68|2|1|2|1|1|1|1
3464912|1|1|1|860.70615489|68|1|1|2|1|1|1|1
3464913|1|1|1|534.14554576|68|2|1|2|1|1|1|1
3464914|1|1|1|495.03539891|68|1|1|2|1|1|1|1
3464915|1|1|1|586.41686632|68|2|1|2|1|1|1|1
3464916|1|1|1|455.5103618|68|1|1|2|1|1|1|1
3464917|1|1|1|377.75449187|68|1|1|2|1|1|1|1
3464918|1|1|1|620.71405774|68|2|1|2|1|1|1|1
3464919|1|1|1|606.38433661|68|2|1|3|1|1|1|1
3464920|1|1|1|565.1611935|68|2|1|2|1|1|1|1
3464921|1|1|1|809.51767817|68|2|1|2|1|1|1|1
3464922|1|1|1|576.31891195|68|2|1|3|1|1|1|1
3464923|1|1|1|935.29256447|68|2|1|3|1|1|1|1
3464924|1|1|1|914.20562374|68|2|1|3|1|1|1|1
3464925|1|1|1|684.80279755|68|2|1|3|1|1|1|1
3464926|1|1|1|1073.2024974|68|2|1|3|1|1|1|1
3464927|1|1|1|684.80279755|68|2|1|3|1|1|1|1
3464928|1|1|1|914.20562374|68|2|1|3|1|1|1|1
3464929|1|1|1|135.65160503|70|1|1|2|1|1|1|1
3464930|1|1|1|135.21580485|70|1|1|2|1|1|1|1
3464931|1|1|1|163.21521332|70|1|1|2|1|1|1|1
3464932|1|1|1|118.07582518|70|1|1|2|1|1|1|1
3464933|1|1|1|183.77169545|70|1|1|2|1|1|1|1
3464934|1|1|1|118.51162536|70|1|1|2|1|1|1|1
3464935|1|1|1|98.497741489|70|1|1|2|1|1|1|1
3464936|1|1|1|197.57198308|70|1|1|2|1|1|1|1
3464937|1|1|1|118.07582518|70|1|1|2|1|1|1|1
3464938|1|1|1|274.30284256|70|1|1|1|1|1|1|1
3464939|1|1|1|174.17384313|70|1|1|1|1|1|1|1
3464940|1|1|1|199.69933797|70|1|1|1|1|1|1|1
3464941|1|1|1|248.75176677|70|2|1|1|1|1|1|1
3464942|1|1|1|243.45323686|70|1|1|1|1|1|1|1
3464943|1|1|1|181.10050064|70|1|1|1|1|1|1|1
3464944|1|1|1|265.73058271|70|1|1|1|1|1|1|1
3464945|1|1|1|341.30754164|70|2|1|1|1|1|1|1
3464946|1|1|1|236.86520926|70|1|1|1|1|1|1|2
3464947|1|1|1|216.24845253|70|1|1|1|1|1|1|1
3464948|1|1|1|272.61897472|70|1|1|1|1|1|1|1
3464949|1|1|1|307.8051921|70|1|1|1|1|1|1|1
3464950|1|1|1|157.29210942|70|1|1|1|1|1|1|1
3464951|1|1|1|250.52972754|70|2|1|1|1|1|1|1
3464952|1|1|1|160.50932486|70|2|1|1|1|1|1|1
3464953|1|1|1|213.14598371|70|2|1|1|1|1|1|1
3464954|1|1|1|167.25420908|70|2|1|1|1|1|1|1
3464955|1|1|1|189.14409574|70|2|1|1|1|1|1|1
3464956|1|1|1|183.77169545|70|2|1|1|1|1|1|1
3464957|1|1|1|251.07681224|70|2|1|1|1|1|1|1
3464958|1|1|1|111.42370511|70|2|1|1|1|1|1|1
3464959|1|1|1|201.78599913|70|2|1|1|1|1|1|1
3464960|1|1|1|462.48044451|73|1|1|3|1|1|1|1
3464961|1|1|1|379.4184275|73|1|1|3|1|1|1|1
3464962|1|1|1|248.35568461|73|1|1|4|1|1|1|1
3464963|1|1|1|266.56789428|73|1|1|4|1|1|1|1
3464964|1|1|1|248.35568461|73|1|1|4|1|1|1|1
3464965|1|1|1|249.12586429|73|1|1|4|1|1|1|1
3464966|1|1|1|181.92710886|73|1|1|4|1|1|1|1
3464967|1|1|1|337.26648986|73|1|1|4|1|1|1|1
3464968|1|1|1|441.18038979|73|2|1|2|1|1|1|1
3464969|1|1|1|515.88299107|73|2|1|2|1|1|1|1
3464970|1|1|1|379.12704066|73|2|1|3|1|1|1|1
3464971|1|1|1|401.12944869|73|2|1|3|1|1|1|1
3464972|1|1|1|299.00401794|73|2|1|3|1|1|1|1
3464973|1|1|1|595.24960508|73|2|1|3|1|1|1|1
3464974|1|1|1|571.27213322|73|2|1|3|1|1|1|1
3464975|1|1|1|537.52085524|73|2|1|2|1|1|1|1
3464976|1|1|1|273.61973447|73|2|1|3|1|1|1|1
3464978|1|1|1|242.92214087|73|2|1|3|1|1|1|1
3464979|1|1|1|460.47375864|73|2|1|3|1|1|1|1
3464980|1|1|1|187.48814128|73|2|1|2|1|1|1|1
3464981|1|1|1|427.70515465|73|2|1|2|1|1|1|1
3464982|1|1|1|484.25495353|73|1|1|2|1|1|1|1
3464983|1|1|1|284.85020562|73|2|1|2|1|1|1|1
3464985|1|1|1|374.47299892|73|2|1|2|1|1|1|1
3464986|1|1|1|427.70515465|73|2|1|2|1|1|1|1
3464987|1|1|1|338.12439864|73|1|1|2|1|1|1|1
3464988|1|1|1|498.75076454|73|1|1|2|1|1|1|1
3464989|1|1|1|378.19565112|73|1|1|2|1|1|1|1
3464990|1|1|1|642.65797065|73|1|1|2|1|1|1|1
3464991|1|1|1|573.54411682|73|1|1|2|1|1|1|1
3464993|1|1|1|3671.4207521|76|1|1|3|1|1|1|1
3464994|1|1|1|1961.6305343|76|2|1|3|1|1|1|1
3464995|1|1|1|1797.0674968|76|2|1|3|1|1|1|1
3464996|1|1|1|917.85518802|76|2|1|3|1|1|1|1
3464997|1|1|1|1124.7630095|76|2|1|3|1|1|1|1
3464998|1|1|1|917.85518802|76|1|1|3|1|1|1|1
3464999|1|1|1|1641.7704592|76|1|1|1|1|1|1|1
3465000|1|1|1|1659.376084|76|2|1|1|1|1|1|1
3465001|1|1|1|1367.017267|76|1|1|4|1|1|1|1
3465002|1|1|1|2926.9812427|76|2|1|2|1|1|1|1
3465003|1|1|1|1151.1459888|76|2|1|2|1|1|1|1
3465004|1|1|1|1639.1382465|76|2|1|2|1|1|1|1
3465005|1|1|1|1957.7507023|76|2|1|2|1|1|1|1
3465006|1|1|1|1147.318985|76|2|1|2|2|1|1|1
3465007|1|1|1|2130.2487456|76|2|1|2|1|1|1|1
3465008|1|1|1|37.325164747|88|1|1|2|2|2|1|2
3465009|1|1|1|40.472594915|88|2|1|2|2|1|1|2
3465011|1|1|1|33.764594779|88|1|1|2|2|2|1|2
3465012|1|1|1|60.965030847|88|1|1|2|2|2|1|2
3465013|1|1|1|53.244484647|88|1|1|2|2|2|1|2
3465014|1|1|1|40.587976833|88|1|1|2|2|2|1|2
3465015|1|1|1|53.244484647|88|1|1|2|2|2|1|2
3465016|1|1|1|25.848453144|88|1|1|2|2|2|1|2
3465017|1|1|1|69.267274473|88|1|1|2|2|2|1|2
3465018|1|1|1|40.587976833|88|1|1|2|2|2|1|2
3465019|1|1|1|43.141359366|88|1|1|2|2|2|1|2
3465020|1|1|1|41.919865476|88|1|1|3|2|2|1|2
3465021|1|1|1|41.919865476|88|1|1|1|2|2|1|2
3465022|1|1|1|41.919865476|88|2|1|2|2|2|1|2
3465023|1|1|1|77.035074758|88|1|1|1|2|2|1|2
3465024|1|1|1|83.935571102|88|2|1|1|2|2|1|1
3465025|1|1|1|73.838103385|88|2|1|2|2|2|1|2
3465026|1|1|1|43.141359366|88|1|1|2|2|2|1|2
3465027|1|1|1|61.136778563|88|1|1|2|2|2|1|2
3465028|1|1|1|57.85859644|88|1|1|2|2|2|1|2
3465029|1|1|1|57.597231946|88|2|1|2|2|2|1|2
3465030|1|1|1|2499.9921371|05|2|1|2|1|1|1|1
3465031|1|1|1|1327.2503398|05|2|1|4|1|1|1|1
3465032|1|1|1|3903.3176019|05|2|1|4|1|1|1|1
3465033|1|1|1|2458.9738895|05|2|1|4|1|1|1|1
3465034|1|1|1|1121.7022654|05|2|1|4|1|1|1|1
3465035|1|1|1|1327.2503398|05|2|1|4|1|1|1|1
3465036|1|1|1|1121.7022654|05|2|1|4|1|1|1|1
3465037|1|1|1|1542.8196985|05|2|1|4|1|1|1|1
3465038|1|1|1|1121.7022654|05|2|1|4|1|1|1|1
3465039|1|1|1|2458.9738895|05|2|1|4|1|1|1|1
3465040|1|1|1|3331.3730925|05|2|1|6|1|1|1|1
3465041|1|1|1|3285.6490922|05|2|1|6|1|1|1|1
3465042|1|1|1|4663.3323816|05|2|1|6|1|1|1|1
3465043|1|1|1|4500.0927954|05|2|1|6|1|1|1|1
3465044|1|1|1|2302.0924353|05|2|1|6|1|1|1|1
3465045|1|1|1|1551.8103236|05|2|1|6|1|1|1|1
3465046|1|1|1|2450.6946085|05|2|1|6|1|1|1|1
3465047|1|1|1|1445.2341451|08|2|1|4|1|1|1|1
3465048|1|1|1|1714.5479776|08|2|1|4|1|1|1|1
3465049|1|1|1|2329.6223265|08|2|1|4|1|1|1|1
3465050|1|1|1|1701.3036789|08|1|1|4|1|1|1|1
3465051|1|1|1|1463.0729518|08|1|1|4|1|1|1|1
3465052|1|1|1|2329.6223265|08|2|1|4|1|1|1|1
3465053|1|1|1|1818.1124088|08|2|1|4|1|1|1|1
3465054|1|1|1|1469.7184621|08|2|1|4|1|1|1|1
3465055|1|1|1|1578.6758562|08|2|1|3|1|1|1|1
3465056|1|1|1|1004.756892|08|2|1|1|1|1|1|1
3465057|1|1|1|1404.871981|08|2|1|1|1|1|1|1
3465058|1|1|1|1061.8544594|08|2|1|1|1|1|1|1
3465059|1|1|1|1680.2889697|08|2|1|2|1|1|1|1
3465060|1|1|1|1707.050845|08|2|1|2|1|1|1|1
3465061|1|1|1|1514.321623|08|2|1|2|1|1|1|1
3465062|1|1|1|1831.627342|08|1|1|2|1|1|1|1
3465063|1|1|1|1390.9894474|08|2|1|2|1|1|1|1
3465064|1|1|1|1490.4860929|08|1|1|2|1|1|1|1
3465065|1|1|1|2075.2328523|08|1|1|2|1|1|1|1
3465066|1|1|1|1689.948552|08|1|1|2|1|1|1|1
3465067|1|1|1|1963.82326|08|2|1|2|1|1|1|1
3465068|1|1|1|1682.4851385|08|2|1|2|1|1|1|1
3465069|1|1|1|1824.314219|08|1|1|2|1|1|1|1
3465070|1|1|1|1594.022761|08|2|1|2|1|1|1|1
3465071|1|1|1|2090.5476197|08|2|1|2|1|1|1|1
3465072|1|1|1|5935.9099502|11|2|1|3|1|1|1|1
3465073|1|1|1|7577.4813821|11|1|1|3|2|1|1|1
3465074|1|1|1|6529.4328801|11|2|1|3|1|1|1|1
3465075|1|1|1|5240.4009289|11|2|1|3|1|1|1|1
3465076|1|1|1|5120.7799733|11|2|1|3|1|1|1|1
3465077|1|1|1|12230.364469|11|2|1|3|1|1|1|1
3465078|1|1|1|5495.8644915|11|2|1|1|1|1|1|1
3465079|1|1|1|5388.7657646|11|3|1|1|1|1|1|1
3465080|1|1|1|4977.5652324|11|2|1|1|1|1|1|1
3465081|1|1|1|7381.1759538|11|1|1|2|1|1|1|1
3465082|1|1|1|9290.662687|11|1|1|2|1|1|1|1
3465083|1|1|1|15960.884606|11|1|1|2|1|1|1|1
3465084|1|1|1|10159.929652|11|1|1|2|1|1|1|1
3465085|1|1|1|9878.6135192|11|1|1|2|1|1|1|1
3465086|1|1|1|9486.8069246|11|1|1|2|1|1|1|1
3465087|1|1|1|7547.0504571|11|2|1|2|1|1|1|1
3465088|1|1|1|9282.1669717|11|2|1|3|1|1|1|1
3465089|1|1|1|8661.1985634|11|3|1|2|1|1|1|1
3465090|1|1|1|10283.724733|11|3|1|2|1|1|1|1
3465091|1|1|1|9889.8450875|11|3|1|2|2|1|1|1
3465092|1|1|1|8125.9166292|11|3|1|2|1|1|1|1
3465093|1|1|1|3627.9956866|11|2|1|4|1|1|1|1
3465094|1|1|1|3954.9791127|11|1|1|3|1|1|1|1
3465095|1|1|1|9547.6265414|11|3|1|3|1|1|1|1
3465096|1|1|1|7328.5241332|11|1|1|3|1|1|1|1
3465097|1|1|1|7544.2720705|11|1|1|3|1|1|1|1
3465098|1|1|1|10603.860765|11|1|1|3|1|1|1|1
3465099|1|1|1|7467.3565509|11|2|1|2|1|1|1|1
3465100|1|1|1|5180.2006053|11|2|1|3|1|1|1|1
3465101|1|1|1|9547.6265414|11|1|1|3|1|1|1|1
3465102|1|1|1|539.18287811|13|2|1|2|1|1|1|1
3465103|1|1|1|672.35858942|13|2|1|2|1|1|1|1
3465104|1|1|1|455.01050744|13|1|1|2|1|1|1|1
3465105|1|1|1|702.46555404|13|2|1|2|1|1|1|1
3465106|1|1|1|272.61441085|13|2|1|2|1|1|1|1
3465107|1|1|1|577.61525268|13|2|1|2|1|1|1|1
3465108|1|1|1|502.23106919|13|2|1|2|1|1|1|1
3465110|1|1|1|986.67380282|13|2|1|3|1|1|1|1
3465111|1|1|1|738.98116474|13|2|1|3|1|1|1|1
3465112|1|1|1|778.9021134|13|2|1|3|1|1|1|1
3465113|1|1|1|969.60425764|13|2|1|3|1|1|1|1
3465114|1|1|1|1013.307916|13|2|1|3|1|1|1|1
3465115|1|1|1|788.8381777|13|2|1|3|1|1|1|1
3465116|1|1|1|970.07248613|13|1|1|3|1|1|1|1
3465117|1|1|1|854.04014141|13|2|1|3|1|1|1|1
3465118|1|1|1|1135.5189703|13|2|1|3|1|1|1|1
3465119|1|1|1|1013.307916|13|2|1|3|1|1|1|1
3465120|1|1|1|372.56725969|13|2|1|3|1|1|1|1
3465121|1|1|1|788.8381777|13|2|1|3|1|1|1|1
3465122|1|1|1|1013.307916|13|2|1|3|1|1|1|1
3465123|1|1|1|138.68352567|15|1|1|3|1|1|1|1
3465124|1|1|1|138.68352567|15|2|1|3|1|1|1|1
3465125|1|1|1|112.060551|15|2|1|3|1|1|1|1
3465126|1|1|1|116.86893397|15|2|1|3|1|1|1|1
3465127|1|1|1|105.48104292|15|2|1|3|1|1|1|1
3465128|1|1|1|119.385856|15|2|1|3|1|1|1|1
3465129|1|1|1|54.350289279|15|2|1|3|1|1|1|1
3465130|1|1|1|101.62515997|15|2|1|3|1|1|1|1
3465131|1|1|1|103.66974288|15|2|1|3|1|1|1|1
3465132|1|1|1|113.45723494|15|2|1|3|1|1|1|1
3465133|1|1|1|153.52837308|15|2|1|3|1|1|1|1
3465134|1|1|1|104.51937598|15|2|1|3|1|1|1|1
3465135|1|1|1|111.07674028|15|1|1|3|1|1|1|1
3465136|1|1|1|121.34156518|15|2|1|2|1|1|1|1
3465137|1|1|1|111.07674028|15|2|1|2|1|1|1|1
3465138|1|1|1|232.55654918|15|1|1|2|1|1|1|1
3465139|1|1|1|88.319220078|15|1|1|3|1|1|1|1
3465140|1|1|1|194.00201601|15|2|1|2|1|1|1|1
3465141|1|1|1|126.09002758|15|1|1|3|1|1|1|1
3465142|1|1|1|130.64921997|15|2|1|4|1|1|1|1
3465143|1|1|1|121.80494674|15|1|1|4|1|1|1|1
3465144|1|1|1|67.937861599|15|2|1|4|1|1|1|1
3465145|1|1|1|192.67372472|15|1|1|4|1|1|1|1
3465146|1|1|1|123.30335279|15|2|1|4|1|1|1|1
3465147|1|1|1|221.76676491|15|2|1|4|1|1|1|1
3465148|1|1|1|163.34581301|15|2|1|4|2|1|1|1
3465149|1|1|1|393.72180725|17|2|1|4|1|1|1|1
3465150|1|1|1|405.12436049|17|2|1|4|1|1|1|1
3465151|1|1|1|240.38459369|17|2|1|4|1|1|1|1
3465152|1|1|1|204.56704624|17|2|1|4|1|1|1|1
3465153|1|1|1|265.24926516|17|2|1|4|1|1|1|1
3465154|1|1|1|313.47877789|17|2|1|4|1|1|1|1
3465155|1|1|1|302.47618299|17|2|1|4|1|1|1|1
3465156|1|1|1|302.47618299|17|2|1|4|1|1|1|1
3465157|1|1|1|336.13859054|17|2|1|3|1|1|1|1
3465158|1|1|1|297.55851948|17|2|1|3|1|1|1|1
3465159|1|1|1|296.91269538|17|2|1|3|1|1|1|1
3465160|1|1|1|412.39107051|17|2|1|3|1|1|1|1
3465161|1|1|1|285.70732018|17|2|1|3|1|1|1|1
3465162|1|1|1|464.18679164|17|2|1|3|1|1|1|1
3465163|1|1|1|325.21319259|17|2|1|3|1|1|1|1
3465164|1|1|1|285.70732018|17|2|1|3|1|1|1|1
3465165|1|1|1|286.5795679|17|2|1|3|1|1|1|1
3465166|1|1|1|384.89361455|17|2|1|6|1|1|1|1
3465167|1|1|1|384.89361455|17|2|1|6|1|1|1|1
3465168|1|1|1|468.74650723|17|2|1|4|1|1|1|1
3465169|1|1|1|472.1371785|17|2|1|3|1|1|1|1
3465170|1|1|1|447.79192004|17|2|1|3|2|1|1|1
3465171|1|1|1|424.23456613|17|2|1|3|1|1|1|1
3465172|1|1|1|441.60325241|17|2|1|3|2|1|1|1
3465173|1|1|1|405.66648767|17|2|1|3|1|1|1|1
3465174|1|1|1|416.20594547|17|2|1|3|1|1|1|1
3465175|1|1|1|549.69642985|17|1|1|4|1|1|1|1
3465176|1|1|1|456.9502196|17|1|1|4|1|1|1|1
3465177|1|1|1|385.16188749|17|1|1|4|1|1|1|1
3465178|1|1|1|551.30778166|17|1|1|4|1|1|1|1
3465179|1|1|1|1017.4725361|17|1|1|3|1|1|1|1
3465180|1|1|1|156.49331247|18|2|1|1|1|1|1|1
3465181|1|1|1|85.732388872|18|1|1|1|1|1|1|1
3465182|1|1|1|103.62064613|18|2|1|1|1|1|1|1
3465183|1|1|1|104.23384148|18|2|1|1|1|1|1|1
3465184|1|1|1|124.1786257|18|2|1|1|1|1|1|1
3465185|1|1|1|126.4458699|18|2|1|1|1|1|1|1
3465186|1|1|1|97.358264799|18|1|1|1|1|1|1|1
3465187|1|1|1|124.38204089|18|2|1|1|1|1|1|1
3465188|1|1|1|113.30771834|18|1|1|1|1|1|1|1
3465189|1|1|1|106.17450038|18|2|1|1|1|1|1|1
3465190|1|1|1|95.278514143|18|2|1|1|1|1|1|1
3465191|1|1|1|90.752591189|18|1|1|1|1|1|1|1
3465192|1|1|1|174.38974739|18|1|1|1|1|1|1|1
3465193|1|1|1|123.24428821|18|1|1|1|1|1|1|1
3465194|1|1|1|188.28101656|18|1|1|1|2|1|1|1
3465195|1|1|1|85.431408626|18|1|1|1|1|1|1|1
3465196|1|1|1|124.66858988|18|2|1|1|1|1|1|1
3465197|1|1|1|207.2810787|19|2|1|3|1|1|1|1
3465198|1|1|1|201.45295144|19|1|1|2|1|1|1|1
3465199|1|1|1|110.18367607|19|1|1|2|1|1|1|1
3465200|1|1|1|154.25268315|19|1|1|3|1|1|1|1
3465201|1|1|1|259.71668327|19|2|1|2|1|1|1|1
3465202|1|1|1|233.31257339|19|1|1|2|1|1|1|1
3465203|1|1|1|201.45295144|19|1|1|2|2|1|1|1
3465204|1|1|1|154.25268315|19|2|1|3|1|1|1|1
3465205|1|1|1|227.97842117|19|1|1|2|1|1|1|1
3465206|1|1|1|157.38394436|19|2|1|2|1|1|1|1
3465207|1|1|1|108.10214493|19|1|1|2|1|1|1|1
3465208|1|1|1|142.1056355|19|1|1|1|1|1|1|1
3465209|1|1|1|330.49631843|19|2|1|1|1|1|1|1
3465210|1|1|1|236.86472197|19|1|1|1|2|1|1|1
3465211|1|1|1|147.72611202|19|3|1|1|2|1|1|1
3465212|1|1|1|291.48901692|19|3|1|1|2|1|1|1
3465213|1|1|1|210.19575325|19|1|1|3|1|1|1|1
3465214|1|1|1|319.15059418|19|2|1|4|1|1|1|1
3465215|1|1|1|246.64104761|19|2|1|4|1|1|1|1
3465216|1|1|1|228.61610634|19|1|1|5|1|1|1|1
3465217|1|1|1|262.14710988|19|1|1|1|1|1|1|1
3465218|1|1|1|321.74638257|19|1|1|1|2|2|1|1
3465219|1|1|1|150.71264617|20|1|1|3|1|1|1|1
3465220|1|1|1|150.71264617|20|1|1|3|1|1|1|1
3465221|1|1|1|183.68056422|20|1|1|3|1|1|1|1
3465222|1|1|1|152.17155823|20|1|1|3|1|1|1|1
3465223|1|1|1|398.86891992|20|1|1|3|1|1|1|1
3465224|1|1|1|562.14489715|20|1|1|3|1|1|1|1
3465225|1|1|1|205.31338272|20|2|1|2|1|1|1|1
3465226|1|1|1|184.20434532|20|2|1|2|1|1|1|1
3465227|1|1|1|184.20434532|20|2|1|2|1|1|1|1
3465228|1|1|1|184.20434532|20|2|1|2|1|1|1|1
3465229|1|1|1|270.8391301|20|2|1|2|1|1|1|1
3465230|1|1|1|256.54681752|20|2|1|2|1|1|1|1
3465231|1|1|1|184.20434532|20|2|1|2|1|1|1|1
3465232|1|1|1|492.49012849|20|2|1|2|1|1|1|1
3465233|1|1|1|423.83409637|20|2|1|2|1|1|1|1
3465236|1|1|1|141.69565024|20|1|1|3|1|1|1|1
3465237|1|1|1|141.69565024|20|1|1|2|1|1|1|1
3465238|1|1|1|161.54827181|20|1|1|2|1|1|1|1
3465239|1|1|1|360.41943981|20|1|1|3|1|1|1|1
3465240|1|1|1|141.69565024|20|1|1|3|1|1|1|1
3465241|1|1|1|193.7288053|20|1|1|3|1|1|1|1
3465242|1|1|1|282.95802036|20|1|1|3|1|1|1|1
3465243|1|1|1|368.17531044|20|1|1|3|1|1|1|1
3465244|1|1|1|127.17091286|20|1|1|3|1|1|1|1
3465245|1|1|1|305.05946378|20|2|1|3|1|1|1|1
3465246|1|1|1|301.8462189|20|1|1|3|1|1|1|1
3465247|1|1|1|125.95168911|20|2|1|3|1|1|1|1
3465248|1|1|1|125.95168911|20|1|1|3|1|1|1|1
3465251|1|1|1|181.76120424|20|2|1|3|1|1|1|1
3465252|1|1|1|263.08364094|20|2|1|3|1|1|1|1
3465253|1|1|1|286.58784665|20|1|1|2|1|1|1|1
3465255|1|1|1|191.28912783|20|1|1|1|1|1|1|1
3465256|1|1|1|588.99571143|20|1|1|2|1|1|1|1
3465257|1|1|1|193.14082391|20|1|1|2|1|1|1|1
3465258|1|1|1|447.68127557|20|1|1|1|1|1|1|1
3465259|1|1|1|559.16625273|20|1|1|1|1|1|1|1
3465260|1|1|1|258.08236686|20|2|1|1|1|1|1|1
3465261|1|1|1|281.25601971|20|2|1|1|1|1|1|1
3465263|1|1|1|285.13552262|23|2|1|2|1|1|1|1
3465264|1|1|1|281.65747321|23|1|1|2|1|1|1|1
3465265|1|1|1|280.37511152|23|1|1|2|1|1|1|1
3465267|1|1|1|148.04852998|23|1|1|2|1|1|1|1
3465268|1|1|1|188.42669178|23|2|1|2|1|1|1|1
3465269|1|1|1|285.13552262|23|1|1|2|1|1|1|1
3465270|1|1|1|361.54345919|23|1|1|2|1|1|1|1
3465271|1|1|1|189.50682412|23|1|1|2|1|1|1|1
3465272|1|1|1|210.49015262|23|1|1|2|1|1|1|1
3465273|1|1|1|311.32512835|23|1|1|2|1|1|1|1
3465274|1|1|1|364.95591446|23|2|1|3|1|1|1|1
3465275|1|1|1|315.56167617|23|1|1|3|1|1|1|1
3465276|1|1|1|468.00359336|23|2|1|6|1|1|1|1
3465277|1|1|1|431.93189046|23|2|1|6|1|1|1|1
3465278|1|1|1|446.25271776|23|2|1|6|1|1|1|1
3465279|1|1|1|468.00359336|23|2|1|6|1|1|1|1
3465280|1|1|1|431.55670622|23|2|1|6|1|1|1|1
3465281|1|1|1|151.64563993|23|1|1|1|1|1|1|1
3465283|1|1|1|139.05625192|23|2|1|1|1|1|1|1
3465284|1|1|1|284.43166992|23|2|1|1|1|1|1|1
3465286|1|1|1|139.27751628|23|2|1|1|1|1|1|1
3465287|1|1|1|160.06054042|23|2|1|1|1|1|1|1
3465288|1|1|1|160.06054042|23|2|1|1|1|1|1|1
3465289|1|1|1|139.27751628|23|1|1|1|1|1|1|1
3465290|1|1|1|254.97056026|23|1|1|1|1|1|1|1
3465291|1|1|1|139.27751628|23|1|1|1|1|1|1|1
3465293|1|1|1|165.02046177|23|1|1|1|1|1|1|1
3465294|1|1|1|139.27751628|23|1|1|1|1|1|1|1
3465295|1|1|1|195.21159505|23|1|1|1|1|1|1|1
3465296|1|1|1|185.16166012|27|2|1|2|2|1|1|1
3465297|1|1|1|50.950660208|27|2|1|1|2|2|1|1
3465298|1|1|1|38.442500228|27|1|1|2|2|2|1|1
3465299|1|1|1|115.43297599|27|1|1|1|2|2|1|1
3465300|1|1|1|38.442500228|27|1|1|2|2|2|1|2
3465301|1|1|1|43.838069002|27|1|1|1|2|2|2|2
3465302|1|1|1|40.879326764|27|2|1|1|2|2|1|1
3465303|1|1|1|102.97938751|27|1|1|1|2|2|1|2
3465304|1|1|1|38.442500228|27|2|1|2|2|2|1|1
3465305|1|1|1|132.10067933|27|1|1|1|2|2|1|2
3465306|1|1|1|83.590672437|27|1|1|1|2|2|1|2
3465307|1|1|1|105.17195727|27|1|1|1|2|2|2|2
3465308|1|1|1|65.132329957|27|1|1|1|2|2|1|2
3465309|1|1|1|52.42159122|27|1|1|1|2|2|1|2
3465310|1|1|1|55.915411249|27|1|1|1|2|2|1|2
3465311|1|1|1|52.42159122|27|2|1|1|2|2|1|2
3465312|1|1|1|52.42159122|27|1|1|1|2|2|1|2
3465313|1|1|1|59.779185002|27|1|1|1|2|2|1|2
3465314|1|1|1|95.955038565|27|1|1|1|2|2|1|2
3465315|1|1|1|86.567245104|27|1|1|1|2|2|1|2
3465316|1|1|1|140.09766268|27|1|1|1|2|2|1|2
3465317|1|1|1|93.136365977|27|2|1|1|2|2|1|1
3465318|1|1|1|180.13729|27|1|1|2|2|1|1|2
3465319|1|1|1|169.48876953|27|1|1|1|2|2|1|2
3465320|1|1|1|52.42159122|27|1|1|1|2|2|1|2
3465321|1|1|1|93.136365977|27|1|1|1|2|2|1|1
3465322|1|1|1|59.779185002|27|1|1|1|2|2|2|2
3465323|1|1|1|64.803555124|27|1|1|1|2|2|1|1
3465324|1|1|1|56.073311329|27|1|1|1|2|2|1|1
3465325|1|1|1|161.77542408|27|1|1|1|2|2|1|2
3465326|1|1|1|133.34686805|27|1|1|1|2|2|1|2
3465327|1|1|1|81.21410015|27|1|1|1|2|2|1|2
3465328|1|1|1|52.42159122|27|1|1|1|2|2|1|2
3465329|1|1|1|60.107959835|27|1|1|1|2|2|1|2
3465330|1|1|1|72.030225662|27|1|1|1|2|2|1|2
3465331|1|1|1|133.01809321|27|1|1|1|2|2|1|2
3465332|1|1|1|177.89023849|27|1|1|1|2|2|1|2
3465333|1|1|1|95.784163811|27|1|1|1|2|2|1|2
3465334|1|1|1|249.52585483|41|2|1|4|1|1|1|1
3465335|1|1|1|229.75981151|41|2|1|3|1|1|1|1
3465336|1|1|1|296.47378472|41|2|1|2|1|1|1|1
3465337|1|1|1|174.73461611|41|2|1|3|1|1|1|1
3465338|1|1|1|272.37377829|41|2|1|2|1|1|1|1
3465339|1|1|1|287.39489882|41|1|1|2|1|1|1|1
3465340|1|1|1|304.04037045|41|2|1|3|1|1|1|1
3465341|1|1|1|66.809076572|44|2|1|2|1|1|1|1
3465342|1|1|1|67.069077604|44|1|1|2|1|1|1|1
3465343|1|1|1|77.625127586|44|1|1|3|1|1|1|1
3465344|1|1|1|108.95533222|44|1|1|2|1|1|1|1
3465345|1|1|1|115.81239353|44|2|1|2|1|1|1|1
3465346|1|1|1|114.93977725|44|1|1|2|1|1|1|1
3465347|1|1|1|94.304623062|44|2|1|2|1|1|1|1
3465348|1|1|1|115.44938873|44|1|1|2|1|1|1|1
3465349|1|1|1|70.875060816|44|1|1|2|1|1|1|1
3465350|1|1|1|86.003700093|44|1|1|2|1|1|1|1
3465351|1|1|1|98.270891675|44|1|1|2|2|2|1|1
3465352|1|1|1|84.039441316|44|1|1|2|1|1|1|1
3465353|1|1|1|108.01628041|44|1|1|1|1|1|1|1
3465354|1|1|1|163.43545134|44|2|1|1|1|1|1|1
3465355|1|1|1|145.98955454|44|2|1|1|1|1|1|1
3465356|1|1|1|115.74778244|44|1|1|1|1|1|1|1
3465357|1|1|1|109.44529942|44|1|1|2|1|1|1|1
3465358|1|1|1|101.28950775|44|1|1|1|1|1|1|1
3465359|1|1|1|99.652154201|44|1|1|1|1|1|1|1
3465360|1|1|1|103.31316762|44|1|1|1|1|1|1|1
3465361|1|1|1|144.62943632|44|1|1|1|1|2|1|1
3465362|1|1|1|566.40122011|47|1|1|5|1|1|1|1
3465363|1|1|1|595.25564972|47|1|1|5|1|1|1|1
3465364|1|1|1|394.15070689|47|1|1|5|1|1|1|1
3465365|1|1|1|235.92996025|47|1|1|5|1|1|1|1
3465366|1|1|1|324.72359674|47|1|1|5|1|1|1|1
3465367|1|1|1|476.90056864|47|1|1|5|1|1|1|1
3465368|1|1|1|553.52594302|47|1|1|5|1|1|1|1
3465369|1|1|1|358.85446345|47|1|1|5|1|1|1|1
3465370|1|1|1|561.75794905|47|1|1|5|1|1|1|1
3465371|1|1|1|401.2988737|47|1|1|5|1|1|1|1
3465372|1|1|1|445.85755098|47|1|1|1|1|1|1|1
3465373|1|1|1|447.9769181|47|1|1|1|1|1|1|1
3465374|1|1|1|349.49390071|47|1|1|1|1|1|1|1
3465375|1|1|1|362.53906601|47|2|1|1|1|1|1|1
3465376|1|1|1|317.76683745|47|1|1|1|1|1|1|1
3465377|1|1|1|683.52666825|47|1|1|1|1|1|1|1
3465378|1|1|1|369.89287489|47|1|1|1|1|1|1|1
3465379|1|1|1|363.30412983|47|2|1|1|1|1|1|1
3465380|1|1|1|393.68971189|47|3|1|1|2|1|1|1
3465381|1|1|1|356.03619758|47|1|1|1|1|1|1|1
3465382|1|1|1|426.05580581|47|1|1|1|1|1|1|1
3465383|1|1|1|395.6534725|47|1|1|1|1|1|1|1
3465384|1|1|1|367.14767643|47|1|1|1|1|1|1|1
3465385|1|1|1|861.06984276|47|1|1|1|1|1|1|1
3465386|1|1|1|527.79662157|47|1|1|1|1|1|1|1
3465387|1|1|1|972.26668785|47|1|1|1|1|1|1|1
3465388|1|1|1|507.14368087|47|1|1|1|1|1|1|1
3465389|1|1|1|702.2242052|47|1|1|1|1|1|1|1
3465390|1|1|1|467.67620762|47|1|1|1|1|1|1|1
3465391|1|1|1|456.84817565|47|2|1|1|1|2|1|1
3465392|1|1|1|751.53587223|47|2|1|1|1|2|1|1
3465393|1|1|1|340.70839492|47|1|1|1|2|2|1|1
3465394|1|1|1|581.97888549|47|1|1|1|2|2|2|1
3465395|1|1|1|388.68780538|47|1|1|1|1|2|1|1
3465396|1|1|1|317.91427169|47|1|1|1|2|2|2|2
3465397|1|1|1|193.5872038|47|1|1|1|1|2|1|1
3465398|1|1|1|659.52024761|50|1|1|3|1|1|1|1
3465399|1|1|1|561.26878252|50|1|1|3|1|1|1|1
3465400|1|1|1|172.21380293|50|2|1|3|1|1|1|1
3465401|1|1|1|263.82758355|50|1|1|3|1|1|1|1
3465402|1|1|1|352.31906227|50|2|1|4|1|1|1|1
3465403|1|1|1|489.76752942|50|2|1|4|1|1|1|1
3465404|1|1|1|489.76752942|50|2|1|4|1|1|1|1
3465405|1|1|1|684.81487337|50|2|1|4|1|1|1|1
3465406|1|1|1|768.81268246|50|2|1|4|1|1|1|1
3465407|1|1|1|357.00224748|50|2|1|3|1|1|1|1
3465408|1|1|1|712.24712176|50|2|1|3|1|1|1|1
3465409|1|1|1|357.00224748|50|2|1|3|1|1|1|1
3465410|1|1|1|357.00224748|50|2|1|3|1|1|1|1
3465411|1|1|1|652.43631791|50|2|1|3|1|1|1|1
3465412|1|1|1|488.62484297|50|2|1|3|1|1|1|1
3465413|1|1|1|328.32564009|50|2|1|3|1|1|1|1
3465414|1|1|1|443.47907268|50|2|1|3|1|1|1|1
3465415|1|1|1|527.37266023|50|2|1|3|1|1|1|1
3465416|1|1|1|496.87263524|50|2|1|3|1|1|1|1
3465417|1|1|1|328.32564009|50|2|1|3|1|1|1|1
3465418|1|1|1|590.28917059|50|2|1|1|1|1|1|1
3465419|1|1|1|257.15123052|50|2|1|1|1|1|1|1
3465420|1|1|1|675.3075595|50|2|1|1|1|1|1|1
3465421|1|1|1|321.00181229|50|1|1|1|1|1|1|1
3465422|1|1|1|162.62401246|52|1|1|3|2|1|1|1
3465423|1|1|1|175.30270083|52|1|1|3|2|1|1|1
3465424|1|1|1|160.85867984|52|2|1|3|2|1|1|1
3465425|1|1|1|117.26743852|52|1|1|3|1|1|1|1
3465426|1|1|1|183.0346209|52|1|1|3|2|1|1|1
3465427|1|1|1|218.73115947|52|1|1|3|1|1|1|1
3465428|1|1|1|261.4563367|52|1|1|2|2|1|1|1
3465429|1|1|1|238.91061563|52|2|1|2|1|1|1|1
3465430|1|1|1|114.96431966|52|1|1|2|1|1|1|1
3465431|1|1|1|264.38367754|52|1|1|2|2|1|1|1
3465432|1|1|1|170.21553918|52|2|1|2|2|1|1|1
3465433|1|1|1|170.21553918|52|2|1|2|1|1|1|1
3465434|1|1|1|196.8417718|52|2|1|3|2|1|1|1
3465435|1|1|1|316.10737484|52|2|1|3|2|1|1|1
3465436|1|1|1|282.37430228|52|2|1|3|2|1|1|1
3465437|1|1|1|349.19680607|52|2|1|3|2|1|1|1
3465438|1|1|1|242.4627708|52|1|1|2|2|1|1|1
3465439|1|1|1|247.62487307|52|1|1|2|1|1|1|1
3465440|1|1|1|203.28001557|52|1|1|2|1|1|1|1
3465441|1|1|1|363.69415621|52|1|1|2|1|1|1|1
3465442|1|1|1|282.37430228|52|2|1|2|2|1|1|1
3465444|1|1|1|287.61182704|52|2|1|1|2|1|1|1
3465445|1|1|1|309.95605335|52|1|1|1|1|1|1|1
3465446|1|1|1|387.42441028|54|1|1|2|1|1|1|1
3465448|1|1|1|417.0537044|54|1|1|2|1|1|1|1
3465449|1|1|1|420.9192791|54|1|1|2|2|1|1|1
3465450|1|1|1|779.06182297|54|2|1|2|1|1|1|1
3465451|1|1|1|350.27330509|54|1|1|2|1|1|1|1
3465452|1|1|1|350.27330509|54|1|1|2|1|1|1|1
3465453|1|1|1|918.67602895|54|2|1|2|1|1|1|1
3465454|1|1|1|1200.0452342|54|1|1|2|1|1|1|1
3465455|1|1|1|1037.3857965|54|2|1|2|1|1|1|1
3465456|1|1|1|1187.6461993|54|2|1|2|1|1|1|1
3465457|1|1|1|797.69145701|54|2|1|2|1|1|1|1
3465458|1|1|1|1150.49576|54|2|1|2|1|1|1|1
3465459|1|1|1|1630.6722385|54|2|1|2|1|1|1|1
3465460|1|1|1|1970.2873412|54|2|1|2|1|1|1|1
3465461|1|1|1|1160.1968493|54|2|1|2|1|1|1|1
3465462|1|1|1|492.57183529|54|2|1|2|1|1|1|1
3465463|1|1|1|133.8975795|63|1|1|2|1|1|1|1
3465464|1|1|1|173.21370176|63|1|1|3|1|1|1|1
3465465|1|1|1|192.27021889|63|1|1|3|1|1|1|1
3465466|1|1|1|219.57832478|63|1|1|3|1|1|1|1
3465467|1|1|1|281.79280045|63|1|1|2|1|1|1|1
3465468|1|1|1|150.86354669|63|1|1|2|1|1|1|1
3465469|1|1|1|281.79280045|63|1|1|2|1|1|1|1
3465470|1|1|1|109.19201616|63|1|1|2|1|1|1|1
3465471|1|1|1|200.07838122|63|1|1|2|1|1|1|1
3465472|1|1|1|106.58978998|63|1|1|2|1|1|1|1
3465473|1|1|1|167.62616299|63|2|1|5|1|1|1|1
3465474|1|1|1|250.48248929|63|2|1|4|1|1|1|1
3465475|1|1|1|165.65774404|63|2|1|4|1|1|1|1
3465476|1|1|1|218.92567564|63|2|1|4|1|1|1|1
3465477|1|1|1|151.27665049|63|2|1|5|1|1|1|1
3465478|1|1|1|310.60827008|63|2|1|5|1|1|1|1
3465479|1|1|1|251.43924448|63|2|1|5|1|1|1|1
3465480|1|1|1|310.60827008|63|2|1|4|1|1|1|1
3465481|1|1|1|594.49844538|63|2|1|5|1|1|1|1
3465482|1|1|1|310.60827008|63|2|1|4|1|1|1|1
3465483|1|1|1|251.43924448|63|2|1|4|1|1|1|1
3465484|1|1|1|410.48564182|63|2|1|1|2|1|1|1
3465485|1|1|1|262.87564521|63|1|1|2|1|1|1|1
3465486|1|1|1|227.71085532|63|1|1|2|1|1|1|1
3465487|1|1|1|983.99114231|66|1|1|1|2|1|1|1
3465488|1|1|1|329.20716848|66|2|1|3|1|1|1|1
3465489|1|1|1|377.20696206|66|2|1|3|1|1|1|1
3465490|1|1|1|494.78570946|66|2|1|3|1|1|1|1
3465491|1|1|1|455.44882031|66|2|1|3|1|1|1|1
3465492|1|1|1|625.20782829|66|1|1|3|1|1|1|1
3465493|1|1|1|528.755965|66|2|1|6|1|1|1|1
3465494|1|1|1|750.61686542|66|2|1|2|1|1|1|1
3465495|1|1|1|830.93940189|66|1|1|3|1|1|1|1
3465496|1|1|1|683.60690526|66|1|1|3|1|1|1|1
3465497|1|1|1|487.68260134|66|2|1|3|1|1|1|1
3465498|1|1|1|390.02517834|66|2|1|3|1|1|1|1
3465499|1|1|1|609.61896596|66|2|1|1|1|1|1|1
3465500|1|1|1|620.49502213|66|2|1|1|1|1|1|1
3465501|1|1|1|602.15934403|66|2|1|1|1|1|1|1
3465502|1|1|1|1052.1045801|66|2|1|1|1|1|1|1
3465503|1|1|1|885.77114248|66|2|1|1|1|1|1|1
3465504|1|1|1|593.72224608|66|2|1|1|1|1|1|1
3465505|1|1|1|559.41505111|66|1|1|3|1|1|1|1
3465506|1|1|1|771.87412075|66|1|1|3|1|1|1|1
3465507|1|1|1|579.8665077|66|2|1|3|1|1|1|1
3465508|1|1|1|559.41505111|66|1|1|3|2|1|1|1
3465509|1|1|1|536.18654725|66|1|1|3|1|1|1|1
3465510|1|1|1|816.90321902|66|1|1|1|1|1|1|1
3465511|1|1|1|761.87656114|66|2|1|2|1|1|1|1
3465512|1|1|1|847.50940225|66|2|1|2|1|1|1|1
3465513|1|1|1|1102.3283938|66|1|1|1|1|1|1|1
3465514|1|1|1|1158.2314552|66|1|1|2|2|1|1|1
3465515|1|1|1|790.72993733|66|1|1|2|2|1|1|1
3465516|1|1|1|344.93428282|68|2|1|3|1|1|1|1
3465517|1|1|1|769.61187713|68|2|1|3|1|1|1|1
3465518|1|1|1|344.18140854|68|2|1|3|1|1|1|1
3465519|1|1|1|848.98068642|68|2|1|3|1|1|1|1
3465520|1|1|1|616.66910914|68|2|1|3|1|1|1|1
3465521|1|1|1|690.24306784|68|2|1|3|1|1|1|1
3465522|1|1|1|1254.0514808|68|2|1|3|1|1|1|1
3465523|1|1|1|555.05289599|68|2|1|3|1|1|1|1
3465524|1|1|1|994.60748732|68|1|1|4|1|1|1|1
3465525|1|1|1|320.64313614|68|2|1|4|1|1|1|1
3465526|1|1|1|542.71838719|68|2|1|4|1|1|1|1
3465527|1|1|1|499.39674218|68|2|1|4|1|1|1|1
3465528|1|1|1|607.98849626|68|2|1|3|1|1|1|1
3465529|1|1|1|359.20533149|68|2|1|3|1|1|1|1
3465530|1|1|1|925.42520923|68|2|1|3|1|1|1|1
3465531|1|1|1|535.97284234|68|2|1|3|1|1|1|1
3465532|1|1|1|2673.5575792|68|2|1|5|1|1|1|1
3465533|1|1|1|1360.5204449|68|2|1|3|1|1|1|1
3465534|1|1|1|118.07582518|70|1|1|2|1|1|1|1
3465535|1|1|1|210.8355979|70|2|1|2|1|1|1|1
3465536|1|1|1|226.81366859|70|2|1|2|1|1|1|1
3465537|1|1|1|230.89726654|70|2|1|2|1|1|1|1
3465538|1|1|1|183.56645491|70|2|1|2|2|2|2|2
3465539|1|1|1|183.30391771|70|2|1|2|1|1|1|1
3465540|1|1|1|190.14722558|70|1|1|2|1|1|1|1
3465542|1|1|1|166.04412916|70|2|1|2|1|1|1|1
3465543|1|1|1|190.14722558|70|2|1|2|1|1|1|1
3465544|1|1|1|230.89726654|70|2|1|2|1|1|1|1
3465545|1|1|1|249.20129581|70|2|1|1|1|1|1|1
3465546|1|1|1|260.69194964|70|2|1|1|1|1|1|1
3465547|1|1|1|168.98602412|70|1|1|1|1|1|1|1
3465548|1|1|1|142.55387675|70|1|1|1|2|1|1|2
3465549|1|1|1|117.16292516|70|1|1|1|1|1|1|1
3465550|1|1|1|230.89726654|70|2|1|2|1|1|1|1
3465551|1|1|1|194.54997659|70|1|1|1|1|1|1|1
3465552|1|1|1|206.79417012|70|2|1|1|1|1|1|1
3465553|1|1|1|143.16672075|70|1|1|1|1|1|1|1
3465554|1|1|1|536.05926952|73|1|1|3|1|1|1|1
3465555|1|1|1|292.41802766|73|1|1|4|1|1|1|1
3465556|1|1|1|588.63738305|73|2|1|2|1|1|1|1
3465557|1|1|1|370.09836916|73|1|1|2|1|1|1|1
3465558|1|1|1|446.9406317|73|1|1|3|1|1|1|1
3465559|1|1|1|448.52917159|73|1|1|3|1|1|1|1
3465560|1|1|1|287.56306472|73|1|1|3|1|1|1|1
3465561|1|1|1|392.75693692|73|1|1|2|1|1|1|1
3465562|1|1|1|272.01469638|73|1|1|3|1|1|1|1
3465563|1|1|1|373.94115412|73|1|1|2|1|1|1|1
3465564|1|1|1|302.28059321|73|1|1|2|1|1|1|1
3465565|1|1|1|384.0967093|73|1|1|2|1|1|1|1
3465566|1|1|1|289.37163745|73|1|1|2|1|1|1|1
3465567|1|1|1|482.98451943|73|2|1|2|1|1|1|1
3465568|1|1|1|391.9391421|73|1|1|2|1|1|1|1
3465569|1|1|1|391.42786984|73|1|1|2|1|1|1|1
3465570|1|1|1|460.47375864|73|2|1|3|1|1|1|1
3465571|1|1|1|394.05822557|73|2|1|2|1|1|1|1
3465572|1|1|1|332.69876611|73|1|1|1|1|1|1|1
3465573|1|1|1|278.27880647|73|1|1|2|1|1|1|1
3465574|1|1|1|591.92181508|73|1|1|2|1|1|1|1
3465575|1|1|1|591.097428|73|1|1|2|1|1|1|1
3465577|1|1|1|445.60148169|73|2|1|2|1|1|1|1
3465578|1|1|1|516.60856758|73|1|1|2|1|1|1|1
3465579|1|1|1|675.98100395|73|1|1|2|1|1|1|1
3465580|1|1|1|343.62881947|73|1|1|2|1|1|1|1
3465581|1|1|1|1770.8850442|76|2|1|3|1|1|1|1
3465582|1|1|1|3703.029633|76|2|1|3|1|1|1|1
3465583|1|1|1|1894.344483|76|2|1|3|1|1|1|1
3465584|1|1|1|2820.0611337|76|1|1|1|1|1|1|1
3465585|1|1|1|2569.5477968|76|3|1|2|1|1|1|1
3465586|1|1|1|2059.712061|76|2|1|2|1|1|1|1
3465587|1|1|1|1824.1131872|76|2|1|2|1|1|1|1
3465588|1|1|1|1797.0674968|76|2|1|4|1|1|1|1
3465589|1|1|1|1329.4875247|76|1|1|5|1|1|1|1
3465590|1|1|1|1426.956598|76|2|1|4|2|1|1|1
3465591|1|1|1|1994.6821923|76|2|1|4|1|1|1|1
3465592|1|1|1|934.25813356|76|1|1|4|1|2|1|1
3465593|1|1|1|1565.5777972|76|2|1|4|1|1|1|1
3465594|1|1|1|917.85518802|76|1|1|4|1|1|1|1
3465595|1|1|1|1640.1291209|76|2|1|2|1|1|1|1
3465596|1|1|1|1777.9029471|76|2|1|2|1|1|1|1
3465597|1|1|1|1825.8138456|76|1|1|5|1|1|1|1
3465598|1|1|1|1292.6460565|76|1|1|5|1|1|1|1
3465599|1|1|1|2400.0802534|76|2|1|5|1|1|1|1
3465600|1|1|1|1216.1262661|76|2|1|2|2|1|1|1
3465601|1|1|1|1373.5264639|76|2|1|2|2|1|1|1
3465602|1|1|1|1956.9722466|76|2|1|2|2|1|1|1
3465603|1|1|1|1579.2302609|76|1|1|2|2|1|1|1
3465604|1|1|1|1579.2302609|76|1|1|2|1|1|1|1
3465605|1|1|1|539.14057034|76|2|1|1|1|1|1|1
3465606|1|1|1|687.55127701|76|2|1|1|1|1|1|1
3465607|1|1|1|1016.2704625|76|2|1|1|1|1|1|1
3465608|1|1|1|1676.3432175|76|2|1|1|1|1|1|1
3465609|1|1|1|958.91966041|76|2|1|1|1|1|1|1
3465610|1|1|1|1117.1096835|76|2|1|1|1|1|1|1
3465611|1|1|1|1097.6954121|76|2|1|1|1|1|1|1
3465612|1|1|1|1757.7681671|76|2|1|1|1|1|1|1
3465613|1|1|1|904.36946899|76|1|1|1|1|1|1|1
3465614|1|1|1|1152.2456035|76|2|1|1|1|1|1|1
3465615|1|1|1|1055.582632|76|2|1|1|1|1|1|1
3465616|1|1|1|43.115147935|88|1|1|2|2|2|1|2
3465617|1|1|1|32.85380444|88|1|1|2|2|2|1|2
3465618|1|1|1|35.551987933|88|2|1|2|2|2|1|2
3465619|1|1|1|35.551987933|88|2|1|2|2|2|1|2
3465620|1|1|1|32.85380444|88|2|1|2|2|2|1|2
3465621|1|1|1|56.971674106|88|2|1|2|2|2|1|2
3465622|1|1|1|40.905814374|88|2|1|2|2|2|1|1
3465623|1|1|1|18.955532305|88|1|1|1|2|2|1|1
3465624|1|1|1|40.905814374|88|2|1|2|2|2|1|1
3465625|1|1|1|47.801251516|88|2|1|2|2|2|1|1
3465626|1|1|1|40.930904667|88|1|1|2|2|2|1|1
3465627|1|1|1|57.691438422|88|2|1|2|2|2|1|1
3465628|1|1|1|36.659953487|88|1|1|2|2|2|1|1
3465629|1|1|1|38.896750631|88|1|1|2|2|2|1|1
3465630|1|1|1|40.905814374|88|2|1|2|2|2|1|1
3465631|1|1|1|47.801251516|88|1|1|2|2|2|1|1
3465632|1|1|1|55.098928856|88|2|1|2|2|2|1|1
3465633|1|1|1|35.902000868|88|1|1|2|2|2|1|1
3465634|1|1|1|18.955532305|88|2|1|2|2|2|1|1
3465635|1|1|1|35.902000868|88|2|1|2|2|2|1|1
3465636|1|1|1|2373.0491791|05|2|1|3|1|1|1|1
3465637|1|1|1|2655.3690204|05|2|1|3|1|1|1|1
3465638|1|1|1|2655.3690204|05|2|1|3|1|1|1|1
3465639|1|1|1|3788.0588095|05|2|1|3|1|1|1|1
3465640|1|1|1|2832.9786929|05|2|1|3|1|1|1|1
3465641|1|1|1|2892.9104583|05|2|1|3|1|1|1|1
3465642|1|1|1|2569.617095|05|2|1|3|1|1|1|1
3465643|1|1|1|3619.020064|05|2|1|3|1|1|1|1
3465644|1|1|1|3669.3890782|05|2|1|3|2|1|1|1
3465645|1|1|1|3326.847027|05|2|1|3|1|1|1|1
3465646|1|1|1|2251.3376415|05|2|1|3|1|1|1|1
3465647|1|1|1|4560.5187543|05|2|1|3|1|1|1|1
3465648|1|1|1|2018.4227678|05|2|1|3|1|1|1|1
3465649|1|1|1|3326.847027|05|2|1|3|1|1|1|1
3465650|1|1|1|4137.5620636|05|2|1|3|1|1|1|1
3465651|1|1|1|2251.3376415|05|2|1|3|1|1|1|1
3465652|1|1|1|4074.4715351|05|2|1|3|1|1|1|1
3465653|1|1|1|3604.5617931|05|2|1|4|1|1|1|1
3465654|1|1|1|5028.6480696|05|2|1|4|1|1|1|1
3465655|1|1|1|4703.3573591|05|2|1|4|1|1|1|1
3465656|1|1|1|3065.5171314|05|2|1|4|1|1|1|1
3465657|1|1|1|2072.8527366|05|2|1|4|1|1|1|1
3465658|1|1|1|2496.4186089|05|2|1|6|1|1|1|1
3465659|1|1|1|3285.6490922|05|2|1|6|1|1|1|1
3465660|1|1|1|4604.5414221|05|2|1|3|1|1|1|1
3465661|1|1|1|2687.0573902|05|2|1|3|1|1|1|1
3465662|1|1|1|3087.9467752|05|2|1|3|1|1|1|1
3465663|1|1|1|3107.1106877|05|2|1|3|1|1|1|1
3465664|1|1|1|3861.8904116|05|2|1|3|1|1|1|1
3465665|1|1|1|2162.6916107|05|2|1|3|1|1|1|1
3465666|1|1|1|3153.2723995|05|2|1|3|1|1|1|1
3465667|1|1|1|2102.8927619|05|2|1|3|1|1|1|1
3465668|1|1|1|1438.4181991|05|2|1|3|1|1|1|1
3465669|1|1|1|4322.5786453|05|2|1|3|1|1|1|1
3465670|1|1|1|3153.2723995|05|2|1|3|1|1|1|1
3465671|1|1|1|1306.5838851|05|2|1|3|1|1|1|1
3465672|1|1|1|4754.533532|05|2|1|3|1|1|1|1
3465673|1|1|1|3332.088172|05|2|1|3|1|1|1|1
3465674|1|1|1|4402.7108955|05|2|1|3|1|1|1|1
3465675|1|1|1|2864.2677805|05|2|1|3|1|1|1|1
3465676|1|1|1|2562.4357698|05|2|1|3|1|1|1|1
3465677|1|1|1|1546.0108792|05|2|1|3|1|1|1|1
3465678|1|1|1|3633.0584933|05|2|1|3|1|1|1|1
3465679|1|1|1|2804.9293989|05|2|1|3|1|1|1|1
3465680|1|1|1|3013.2591551|05|2|1|1|2|1|1|1
3465681|1|1|1|2321.7803611|05|2|1|1|2|1|1|1
3465682|1|1|1|4223.422304|05|2|1|1|2|1|1|1
3465683|1|1|1|3902.895656|05|2|1|1|2|1|1|1
3465684|1|1|1|3090.3736925|05|2|1|2|2|1|1|1
3465685|1|1|1|3974.487842|05|2|1|2|2|1|1|1
3465686|1|1|1|2622.0660104|05|2|1|2|2|1|1|1
3465687|1|1|1|4146.4370175|05|2|1|2|2|1|1|1
3465688|1|1|1|3768.4835542|05|2|1|1|2|1|1|1
3465689|1|1|1|2622.0660104|05|2|1|1|2|1|1|1
3465690|1|1|1|2052.0304683|05|2|1|1|2|1|1|1
3465691|1|1|1|3013.2591551|05|2|1|1|2|1|1|1
3465692|1|1|1|3013.2591551|05|2|1|1|2|1|1|1
3465693|1|1|1|4232.2999722|05|2|1|2|1|1|1|1
3465694|1|1|1|6771.2352363|05|2|1|2|1|1|1|1
3465695|1|1|1|4061.6450587|05|2|1|2|1|1|1|1
3465696|1|1|1|4222.6713641|05|2|1|2|1|1|1|1
3465697|1|1|1|3629.8882172|05|2|1|2|1|1|1|1
3465698|1|1|1|7313.6067353|05|2|1|2|1|1|1|1
3465699|1|1|1|9745.5875555|05|2|1|2|1|1|1|1
3465700|1|1|1|4818.1670061|05|2|1|3|1|1|1|1
3465701|1|1|1|6780.8638444|05|2|1|2|1|1|1|1
3465702|1|1|1|3629.8882172|05|2|1|2|1|1|1|1
3465703|1|1|1|4302.3839988|05|2|1|3|1|1|1|1
3465704|1|1|1|1213.2050827|08|2|1|1|1|1|1|1
3465705|1|1|1|1246.0700811|08|2|1|1|1|1|1|1
3465706|1|1|1|1153.2076367|08|2|1|1|1|1|1|1
3465707|1|1|1|1191.9991729|08|2|1|1|1|1|1|1
3465708|1|1|1|1064.2609222|08|2|1|1|1|1|1|1
3465709|1|1|1|985.4155026|08|2|1|1|1|1|1|1
3465710|1|1|1|882.66023797|08|2|1|1|1|1|1|1
3465711|1|1|1|811.48887388|08|2|1|1|1|1|1|1
3465712|1|1|1|2333.7745116|08|2|1|1|1|1|1|1
3465713|1|1|1|2475.8319199|08|2|1|1|1|1|1|1
3465714|1|1|1|2232.554594|08|1|1|1|1|1|1|1
3465715|1|1|1|2420.2429322|08|2|1|1|1|1|1|1
3465716|1|1|1|1594.022761|08|2|1|1|1|1|1|1
3465717|1|1|1|1408.4325367|08|1|1|1|1|1|1|1
3465718|1|1|1|2199.4088446|08|1|1|1|1|1|1|1
3465719|1|1|1|6585.7423461|11|1|1|1|1|1|1|1
3465720|1|1|1|4612.9544651|11|2|1|1|1|1|1|1
3465721|1|1|1|5094.4412416|11|1|1|1|1|1|1|1
3465722|1|1|1|6097.3455185|11|1|1|2|1|1|1|1
3465723|1|1|1|6386.7526036|11|1|1|2|1|1|1|1
3465724|1|1|1|7033.6168586|11|3|1|2|2|1|1|1
3465725|1|1|1|6056.5419722|11|3|1|2|1|1|1|1
3465726|1|1|1|6056.5419722|11|3|1|2|2|1|1|1
3465727|1|1|1|11148.795224|11|2|1|3|1|1|1|1
3465728|1|1|1|13468.269548|11|2|1|2|1|1|1|1
3465729|1|1|1|4719.4143278|11|2|1|5|1|1|1|1
3465730|1|1|1|5022.6770592|11|2|1|5|1|1|1|1
3465731|1|1|1|6235.4039369|11|1|1|3|1|1|1|1
3465733|1|1|1|4874.4257557|11|1|1|3|1|1|1|1
3465734|1|1|1|6434.7251143|11|2|1|5|1|1|1|1
3465735|1|1|1|6434.7251143|11|2|1|5|1|1|1|1
3465736|1|1|1|9647.6919852|11|2|1|5|1|1|1|1
3465737|1|1|1|10283.724733|11|3|1|2|2|1|1|1
3465739|1|1|1|6654.5773618|11|2|1|4|1|1|1|1
3465740|1|1|1|5849.3527433|11|2|1|4|1|1|1|1
3465741|1|1|1|6613.7439081|11|2|1|4|1|1|1|1
3465742|1|1|1|8343.6979177|11|2|1|3|1|1|1|1
3465743|1|1|1|444.45961088|13|2|1|3|1|1|1|1
3465744|1|1|1|441.96072996|13|1|1|3|1|1|1|1
3465745|1|1|1|517.04633766|13|1|1|3|1|1|1|1
3465746|1|1|1|553.90084348|13|1|1|3|1|1|1|1
3465747|1|1|1|510.48251337|13|1|1|2|1|1|1|1
3465748|1|1|1|460.05165123|13|1|1|3|1|1|1|1
3465749|1|1|1|413.5860931|13|1|1|2|1|1|1|1
3465750|1|1|1|347.53847032|13|1|1|2|1|1|1|1
3465751|1|1|1|844.40567177|13|2|1|2|1|1|1|1
3465752|1|1|1|735.19845508|13|2|1|2|1|1|1|1
3465753|1|1|1|722.66284595|13|2|1|2|1|1|1|1
3465754|1|1|1|807.30499982|13|2|1|2|1|1|1|1
3465755|1|1|1|903.89715438|13|2|1|2|1|1|1|1
3465756|1|1|1|492.32275095|13|2|1|2|1|1|1|1
3465757|1|1|1|903.89715438|13|2|1|2|1|1|1|1
3465758|1|1|1|788.8381777|13|2|1|2|1|1|1|1
3465759|1|1|1|492.32275095|13|2|1|2|1|1|1|1
3465760|1|1|1|73.372890527|15|1|1|3|1|1|1|1
3465761|1|1|1|141.10115757|15|2|1|3|1|1|1|1
3465762|1|1|1|161.17090561|15|2|1|3|1|1|1|1
3465763|1|1|1|143.61545209|15|2|1|3|1|1|1|1
3465764|1|1|1|153.16726718|15|2|1|3|1|1|1|1
3465765|1|1|1|270.65903946|15|2|1|3|1|1|1|1
3465766|1|1|1|126.02540748|15|2|1|3|1|1|1|1
3465767|1|1|1|88.46612475|15|2|1|3|1|1|1|1
3465768|1|1|1|79.874184718|15|2|1|4|1|1|1|1
3465769|1|1|1|108.5085403|15|1|1|4|1|1|1|1
3465770|1|1|1|312.06940751|17|2|1|4|1|1|1|1
3465771|1|1|1|312.06940751|17|2|1|4|1|1|1|1
3465772|1|1|1|327.25825696|17|2|1|4|1|1|1|1
3465773|1|1|1|269.05885056|17|2|1|4|1|1|1|1
3465774|1|1|1|904.73311283|17|2|1|4|1|1|1|1
3465775|1|1|1|496.96629654|17|2|1|4|1|1|1|1
3465776|1|1|1|681.68967056|17|2|1|1|1|1|1|1
3465777|1|1|1|814.86394181|17|2|1|1|1|1|1|1
3465778|1|1|1|625.33821624|17|1|1|1|1|1|1|1
3465779|1|1|1|600.82075157|17|1|1|1|1|1|1|1
3465780|1|1|1|568.98676192|17|2|1|1|1|1|1|1
3465781|1|1|1|448.55436758|17|1|1|3|1|1|1|1
3465782|1|1|1|277.99149926|17|1|1|3|1|1|1|1
3465783|1|1|1|361.03479212|17|2|1|3|1|1|1|1
3465784|1|1|1|431.59349436|17|3|1|3|1|1|1|1
3465785|1|1|1|668.403126|17|3|1|3|1|1|1|1
3465786|1|1|1|431.59349436|17|3|1|3|1|1|1|1
3465787|1|1|1|431.59349436|17|3|1|3|1|1|1|1
3465788|1|1|1|534.42274182|17|1|1|3|1|1|1|1
3465789|1|1|1|421.74093077|17|2|1|3|1|1|1|1
3465790|1|1|1|456.92193819|17|2|1|3|1|1|1|1
3465791|1|1|1|312.34294054|17|2|1|3|1|1|1|1
3465792|1|1|1|498.09680174|17|2|1|3|1|1|1|1
3465793|1|1|1|587.12745067|17|2|1|3|1|1|1|1
3465794|1|1|1|190.47651113|17|2|1|3|1|1|1|1
3465795|1|1|1|338.76918422|17|2|1|3|1|1|1|1
3465796|1|1|1|312.34294054|17|2|1|3|1|1|1|1
3465797|1|1|1|271.78977487|17|2|1|3|1|1|1|1
3465798|1|1|1|166.0854737|18|1|1|1|1|1|1|1
3465799|1|1|1|139.37243171|18|1|1|1|1|1|1|1
3465800|1|1|1|127.1492636|18|1|1|2|1|1|1|1
3465801|1|1|1|85.7787809|18|2|1|2|1|1|1|1
3465802|1|1|1|174.0348729|18|2|1|2|1|1|1|1
3465803|1|1|1|94.942892198|18|2|1|2|1|1|1|1
3465804|1|1|1|119.20153012|18|2|1|2|1|1|1|1
3465805|1|1|1|118.73199036|18|2|1|2|1|1|1|1
3465806|1|1|1|171.030481|18|2|1|1|1|1|1|1
3465807|1|1|1|113.46287953|18|1|1|1|1|1|1|1
3465808|1|1|1|91.076713602|18|1|1|1|2|1|1|1
3465809|1|1|1|105.66856029|18|2|1|1|1|1|1|1
3465810|1|1|1|152.13018722|18|2|1|1|1|1|1|1
3465811|1|1|1|149.64714294|18|2|1|1|1|1|1|1
3465812|1|1|1|163.4247443|19|2|1|6|1|1|1|1
3465813|1|1|1|207.2810787|19|2|1|6|1|1|1|1
3465814|1|1|1|193.3944341|19|2|1|6|1|1|1|1
3465815|1|1|1|168.43713562|19|2|1|6|1|1|1|1
3465816|1|1|1|242.405583|19|2|1|6|1|1|1|1
3465817|1|1|1|161.32850136|19|2|1|6|1|1|1|1
3465818|1|1|1|168.43713562|19|2|1|6|1|1|1|1
3465819|1|1|1|119.89545925|19|1|1|1|1|1|1|1
3465820|1|1|1|321.03867793|19|1|1|1|2|1|1|1
3465821|1|1|1|208.14977739|19|1|1|1|2|1|1|1
3465822|1|1|1|272.57934636|19|1|1|1|2|1|1|1
3465823|1|1|1|184.65859782|19|2|1|1|1|1|1|1
3465824|1|1|1|184.65859782|19|2|1|1|1|1|1|1
3465825|1|1|1|269.74728056|19|1|1|1|1|1|1|1
3465826|1|1|1|288.25025006|19|2|1|1|2|1|1|1
3465827|1|1|1|109.11833932|19|2|1|2|1|1|1|1
3465828|1|1|1|253.34324999|19|1|1|2|2|1|1|1
3465829|1|1|1|257.28168636|19|1|1|2|1|1|1|1
3465830|1|1|1|263.13086651|19|1|1|2|1|1|1|1
3465831|1|1|1|182.53113377|19|2|1|2|1|1|1|1
3465832|1|1|1|402.30307936|19|2|1|2|1|1|1|1
3465833|1|1|1|366.66118336|19|1|1|2|1|1|1|1
3465834|1|1|1|254.49719923|19|2|1|2|2|1|1|1
3465835|1|1|1|227.3700737|19|1|1|2|1|1|1|1
3465836|1|1|1|227.3700737|19|1|1|2|1|1|1|1
3465837|1|1|1|336.10300478|20|2|1|3|1|1|1|1
3465838|1|1|1|603.9852361|20|2|1|3|1|1|1|1
3465839|1|1|1|382.69688981|20|2|1|3|1|1|1|1
3465840|1|1|1|495.56567585|20|2|1|3|1|1|1|1
3465841|1|1|1|375.05971574|20|2|1|3|1|1|1|1
3465842|1|1|1|184.77616375|20|2|1|3|1|1|1|1
3465843|1|1|1|409.82685728|20|2|1|3|1|1|1|1
3465844|1|1|1|264.49854712|20|1|1|3|1|1|1|1
3465845|1|1|1|267.05891701|20|2|1|3|1|1|1|1
3465846|1|1|1|264.49854712|20|1|1|3|1|1|1|1
3465847|1|1|1|264.49854712|20|1|1|3|1|1|1|1
3465848|1|1|1|301.55677405|20|1|1|3|1|1|1|1
3465849|1|1|1|724.6181095|20|1|1|3|1|1|1|1
3465850|1|1|1|381.6169781|23|1|1|1|1|1|1|1
3465851|1|1|1|99.041789356|23|2|1|1|1|1|1|1
3465852|1|1|1|206.21174312|23|2|1|1|1|1|1|1
3465853|1|1|1|134.39866551|23|2|1|1|1|1|1|1
3465854|1|1|1|99.041789356|23|2|1|1|1|1|1|1
3465855|1|1|1|193.76207077|23|2|1|1|1|1|1|1
3465857|1|1|1|258.47414623|23|2|1|1|1|1|1|1
3465858|1|1|1|199.5589957|23|2|1|1|1|1|1|1
3465859|1|1|1|246.6084773|23|2|1|1|1|1|1|1
3465860|1|1|1|206.21174312|23|2|1|1|1|1|1|1
3465862|1|1|1|234.66807556|23|2|1|1|1|2|1|1
3465863|1|1|1|211.79802657|23|1|1|1|1|2|1|1
3465864|1|1|1|301.15445256|23|2|1|1|1|2|1|1
3465865|1|1|1|293.83165435|23|1|1|1|1|2|1|1
3465866|1|1|1|160.06054042|23|2|1|1|1|2|1|1
3465867|1|1|1|300.83140906|23|2|1|1|1|2|1|1
3465869|1|1|1|182.33691692|23|2|1|1|1|2|1|1
3465870|1|1|1|312.26164026|23|2|1|1|1|2|1|1
3465871|1|1|1|43.838069002|27|2|1|1|2|2|1|1
3465872|1|1|1|52.42159122|27|1|1|1|2|2|1|1
3465873|1|1|1|154.62297526|27|1|1|1|2|2|1|1
3465874|1|1|1|140.49840901|27|2|1|1|2|2|1|2
3465875|1|1|1|60.107959835|27|1|1|1|2|2|1|1
3465876|1|1|1|55.744536496|27|1|1|1|2|2|1|1
3465877|1|1|1|209.68636488|27|1|1|1|2|1|1|1
3465878|1|1|1|41.724196745|27|2|1|1|2|2|1|1
3465879|1|1|1|125.81181893|27|1|1|1|2|2|1|2
3465880|1|1|1|81.202269729|27|1|1|1|2|2|1|2
3465881|1|1|1|39.079397974|27|1|1|1|2|2|1|2
3465882|1|1|1|31.452954732|27|2|1|1|2|2|1|1
3465883|1|1|1|33.643986797|27|2|1|1|2|2|1|1
3465884|1|1|1|61.514495663|27|1|1|1|2|2|1|2
3465885|1|1|1|43.218135397|27|1|1|1|2|2|1|2
3465886|1|1|1|59.779185002|27|1|1|1|2|2|1|2
3465887|1|1|1|234.67243443|41|1|1|2|1|1|1|1
3465888|1|1|1|201.68817985|41|2|1|2|1|1|1|1
3465889|1|1|1|295.65162167|41|2|1|2|1|1|1|1
3465890|1|1|1|228.38654612|41|2|1|2|1|1|1|1
3465891|1|1|1|219.61880027|41|2|1|2|1|1|1|1
3465892|1|1|1|228.38654612|41|1|1|2|1|1|1|1
3465893|1|1|1|225.90468857|41|1|1|2|1|1|1|1
3465894|1|1|1|271.43511295|41|1|1|2|1|1|1|1
3465895|1|1|1|212.34357836|41|2|1|2|1|1|1|1
3465896|1|1|1|246.31716654|41|1|1|2|1|1|1|1
3465897|1|1|1|562.28731125|41|2|1|3|1|1|1|1
3465898|1|1|1|326.28715128|41|1|1|3|1|1|1|1
3465899|1|1|1|491.9862243|41|1|1|3|1|1|1|1
3465900|1|1|1|362.86638227|41|2|1|3|1|1|1|1
3465901|1|1|1|387.63029343|41|1|1|3|1|1|1|1
3465902|1|1|1|329.36980984|41|1|1|3|1|1|1|1
3465903|1|1|1|495.06888286|41|1|1|3|1|1|1|1
3465904|1|1|1|117.18796057|44|2|1|1|1|1|1|1
3465905|1|1|1|101.15462136|44|2|1|1|1|1|1|1
3465906|1|1|1|107.39103287|44|1|1|1|1|1|1|1
3465907|1|1|1|130.85250674|44|1|1|2|1|1|1|1
3465908|1|1|1|119.3874264|44|1|1|2|1|1|1|1
3465909|1|1|1|119.3874264|44|1|1|2|1|1|1|1
3465910|1|1|1|118.66796629|44|1|1|2|1|1|1|1
3465911|1|1|1|133.06313169|44|1|1|1|1|1|1|1
3465912|1|1|1|144.77780372|44|2|1|1|1|1|1|1
3465913|1|1|1|142.01556481|44|1|1|1|2|2|2|2
3465914|1|1|1|125.8234213|44|1|1|1|2|2|2|2
3465915|1|1|1|171.83148173|44|1|1|1|2|2|2|2
3465916|1|1|1|136.8333232|44|1|1|1|2|2|2|2
3465917|1|1|1|84.39844814|44|1|1|1|2|2|2|2
3465918|1|1|1|137.70593948|44|1|1|1|2|2|2|2
3465919|1|1|1|149.17101982|44|1|1|1|2|2|2|2
3465920|1|1|1|109.93280136|44|1|1|1|2|2|2|2
3465921|1|1|1|133.06313169|44|1|1|1|2|2|2|2
3465922|1|1|1|85.873305204|44|1|1|1|2|2|2|2
3465923|1|1|1|266.47045889|47|2|1|3|1|1|1|1
3465924|1|1|1|304.43284995|47|2|1|3|1|1|1|1
3465925|1|1|1|419.28353629|47|2|1|3|1|1|1|1
3465926|1|1|1|323.21957502|47|2|1|3|1|1|1|1
3465927|1|1|1|333.74371455|47|2|1|3|1|1|1|1
3465928|1|1|1|322.17536042|47|1|1|3|1|1|1|1
3465929|1|1|1|355.23803064|47|2|1|3|1|1|1|1
3465930|1|1|1|293.32451795|47|2|1|3|1|1|1|1
3465931|1|1|1|445.88504115|47|2|1|3|1|1|1|1
3465932|1|1|1|526.49026755|47|1|1|3|1|1|1|1
3465933|1|1|1|590.3854756|50|2|1|4|1|1|1|1
3465934|1|1|1|514.53373073|50|2|1|4|1|1|1|1
3465935|1|1|1|348.27913203|50|2|1|3|1|1|1|1
3465936|1|1|1|282.23915545|50|1|1|2|1|1|1|1
3465937|1|1|1|282.23915545|50|2|1|2|1|1|1|1
3465938|1|1|1|647.87835797|50|1|1|2|1|1|1|1
3465940|1|1|1|598.56591357|50|2|1|2|1|1|1|1
3465941|1|1|1|643.66755187|50|1|1|2|1|1|1|1
3465942|1|1|1|446.04564221|50|1|1|3|1|1|1|1
3465943|1|1|1|345.53512425|50|1|1|3|1|1|1|1
3465944|1|1|1|304.0393146|50|2|1|3|1|1|1|1
3465945|1|1|1|257.15123052|50|2|1|1|1|1|1|1
3465946|1|1|1|167.44488644|52|2|1|2|1|1|1|1
3465947|1|1|1|182.2242436|52|2|1|2|1|1|1|1
3465948|1|1|1|231.23435227|52|2|1|2|2|1|1|1
3465949|1|1|1|245.82721472|52|2|1|2|2|1|1|1
3465950|1|1|1|227.62741515|52|2|1|2|2|1|1|1
3465951|1|1|1|184.76247794|52|4|1|2|2|1|1|1
3465952|1|1|1|182.17125502|52|2|1|2|2|1|1|1
3465953|1|1|1|184.76247794|52|2|1|2|2|1|1|1
3465954|1|1|1|360.05721464|52|2|1|2|2|1|1|1
3465955|1|1|1|268.43379833|52|1|1|2|1|1|1|1
3465956|1|1|1|336.59075411|54|1|1|3|1|1|1|1
3465957|1|1|1|336.59075411|54|1|1|3|1|1|1|1
3465958|1|1|1|372.29064425|54|1|1|3|1|1|1|1
3465959|1|1|1|1475.7385919|54|2|1|1|2|2|1|2
3465960|1|1|1|554.1433147|54|1|1|1|2|2|1|2
3465961|1|1|1|891.28742917|54|4|1|1|2|2|1|2
3465962|1|1|1|612.91752408|54|4|1|1|2|2|1|2
3465963|1|1|1|1350.0508884|54|1|1|1|2|2|1|2
3465964|1|1|1|1384.5139174|54|1|1|1|2|2|1|2
3465965|1|1|1|784.00551352|54|1|1|1|2|2|1|2
3465966|1|1|1|612.06348778|54|1|1|1|2|2|1|2
3465967|1|1|1|498.11709893|54|1|1|1|2|2|1|2
3465968|1|1|1|450.35139226|54|1|1|1|2|2|1|2
3465969|1|1|1|533.28128124|54|6|1|1|2|2|1|2
3465970|1|1|1|984.67346478|54|1|1|1|2|2|1|2
3465971|1|1|1|1200.8366111|54|1|1|1|2|2|1|2
3465972|1|1|1|1942.5785729|54|1|1|2|1|1|1|1
3465974|1|1|1|1460.6727199|54|1|1|2|1|1|1|1
3465975|1|1|1|978.01612636|54|1|1|2|1|1|1|1
3465976|1|1|1|2060.0940081|54|1|1|2|1|1|1|1
3465977|1|1|1|660.42461264|54|1|1|2|1|1|1|1
3465978|1|1|1|1202.3573246|54|1|1|2|1|1|1|1
3465979|1|1|1|718.44738593|54|2|1|2|1|1|1|1
3465980|1|1|1|2069.7042253|54|2|1|2|1|1|1|1
3465981|1|1|1|2114.511236|54|1|1|2|1|1|1|1
3465982|1|1|1|267.75789303|63|1|1|2|1|1|1|1
3465983|1|1|1|233.2181695|63|2|1|2|2|1|1|1
3465984|1|1|1|297.41114879|63|2|1|2|1|1|1|1
3465985|1|1|1|206.73893435|63|1|1|2|1|1|1|1
3465986|1|1|1|554.72720556|63|2|1|2|1|1|1|1
3465987|1|1|1|290.49773599|63|1|1|2|1|1|1|1
3465988|1|1|1|553.00281215|63|2|1|2|1|1|1|1
3465989|1|1|1|488.80983287|63|1|1|2|1|1|1|1
3465990|1|1|1|268.32688343|63|1|1|2|1|1|1|1
3465991|1|1|1|369.43707764|63|2|1|3|1|1|1|1
3465992|1|1|1|136.85472234|63|2|1|3|1|1|1|1
3465993|1|1|1|243.38826515|63|2|1|3|1|1|1|1
3465994|1|1|1|101.74479953|63|2|1|3|1|1|1|1
3465995|1|1|1|189.92153083|63|2|1|3|1|1|1|1
3465996|1|1|1|159.05467177|63|2|1|5|1|1|1|1
3465997|1|1|1|181.40962383|63|1|1|2|1|1|1|1
3465998|1|1|1|565.94925079|66|1|1|2|2|1|1|1
3465999|1|1|1|593.89310266|66|1|1|2|1|1|1|1
3466000|1|1|1|608.71358515|66|1|1|4|1|1|1|1
3466001|1|1|1|550.84661197|66|2|1|4|1|1|1|1
3466002|1|1|1|725.23705775|66|2|1|4|1|1|1|1
3466003|1|1|1|544.8306513|66|2|1|4|1|1|1|1
3466004|1|1|1|542.26672925|66|2|1|4|1|1|1|1
3466005|1|1|1|633.39829962|66|1|1|2|1|1|1|1
3466006|1|1|1|243.84030565|66|2|1|1|1|1|1|1
3466007|1|1|1|456.33556089|66|2|1|4|1|1|1|1
3466008|1|1|1|662.94462162|66|2|1|3|1|1|1|1
3466009|1|1|1|575.89182982|66|1|1|3|2|1|1|1
3466010|1|1|1|493.27807595|66|1|1|3|1|1|1|1
3466011|1|1|1|376.99705106|66|1|1|3|1|1|1|1
3466012|1|1|1|382.12321796|66|2|1|3|1|1|1|1
3466013|1|1|1|370.38903495|66|2|1|3|1|1|2|1
3466014|1|1|1|383.9299564|66|2|1|3|1|1|1|1
3466015|1|1|1|365.8567577|66|2|1|3|1|1|1|1
3466016|1|1|1|353.20269042|66|2|1|3|1|1|1|1
3466017|1|1|1|476.10647488|68|2|1|1|1|1|1|1
3466018|1|1|1|1266.1389805|68|2|1|1|1|1|1|1
3466019|1|1|1|1156.9023157|68|2|1|1|1|1|1|1
3466020|1|1|1|721.74944426|68|1|1|1|1|1|1|1
3466021|1|1|1|1424.0962632|68|2|1|1|1|1|1|1
3466022|1|1|1|476.10647488|68|1|1|1|1|1|1|1
3466023|1|1|1|608.93708023|68|1|1|1|1|1|1|1
3466024|1|1|1|856.76024871|68|1|1|1|1|1|1|1
3466025|1|1|1|741.52849596|68|1|1|1|1|1|1|1
3466027|1|1|1|1674.3385899|68|1|1|1|2|1|1|1
3466028|1|1|1|1904.4258995|68|1|1|1|1|1|1|1
3466029|1|1|1|589.46405792|68|2|1|2|1|1|1|1
3466030|1|1|1|1379.7371313|68|2|1|2|1|1|1|1
3466031|1|1|1|974.70213547|68|2|1|3|1|1|1|1
3466032|1|1|1|655.75982176|68|1|1|5|1|1|1|1
3466033|1|1|1|875.88767498|68|1|1|5|1|1|1|1
3466034|1|1|1|771.55050371|68|1|1|5|1|1|1|1
3466035|1|1|1|895.62613874|68|1|1|5|1|1|1|1
3466036|1|1|1|655.75982176|68|1|1|5|1|1|1|1
3466038|1|1|1|974.013372|68|2|1|1|1|1|1|1
3466039|1|1|1|510.11408023|68|2|1|1|1|1|1|1
3466040|1|1|1|652.43258596|68|2|1|1|1|1|1|1
3466041|1|1|1|712.33917281|68|2|1|1|1|1|1|1
3466042|1|1|1|863.41561598|68|2|1|1|1|1|1|1
3466043|1|1|1|712.33917281|68|1|1|1|1|1|1|1
3466044|1|1|1|1073.7114389|68|2|1|1|1|1|1|1
3466045|1|1|1|1306.50739|68|2|1|1|1|1|1|1
3466046|1|1|1|952.84104882|68|1|1|1|1|1|1|1
3466047|1|1|1|978.48507618|68|2|1|1|1|1|1|1
3466048|1|1|1|1640.8175113|68|2|1|3|1|1|1|1
3466049|1|1|1|170.26897245|70|2|1|1|1|1|1|1
3466050|1|1|1|154.23654665|70|1|1|1|1|1|1|1
3466051|1|1|1|236.86700381|70|1|1|1|1|1|1|1
3466052|1|1|1|295.77602367|70|1|1|1|1|1|1|1
3466053|1|1|1|234.82734995|70|1|1|1|1|1|1|1
3466054|1|1|1|208.99016444|70|2|1|1|1|1|1|1
3466055|1|1|1|228.80826593|70|1|1|1|1|1|1|1
3466056|1|1|1|208.99016444|70|2|1|1|2|2|2|2
3466057|1|1|1|224.71694471|70|1|1|1|2|1|1|1
3466058|1|1|1|277.7026242|70|2|1|1|2|1|1|1
3466059|1|1|1|212.48602287|70|2|1|1|2|1|1|1
3466060|1|1|1|173.35371383|70|1|1|1|2|1|1|1
3466061|1|1|1|170.0307621|70|1|1|1|2|1|1|1
3466062|1|1|1|157.08211786|70|1|1|1|2|1|1|1
3466063|1|1|1|149.3160856|70|2|1|1|2|1|1|1
3466064|1|1|1|108.71294597|70|1|1|1|2|1|1|1
3466065|1|1|1|100.63539822|70|1|1|1|2|1|1|1
3466066|1|1|1|94.882359522|70|1|1|1|1|1|1|1
3466067|1|1|1|141.34972917|70|2|1|1|1|1|1|1
3466068|1|1|1|185.33109554|70|1|1|1|1|1|1|1
3466069|1|1|1|102.95990727|70|1|1|1|1|1|1|1
3466070|1|1|1|151.99079122|70|1|1|1|1|1|1|1
3466071|1|1|1|392.14219803|73|2|1|2|1|1|1|1
3466072|1|1|1|370.72148223|73|2|1|3|1|1|1|1
3466073|1|1|1|287.56306472|73|1|2||1|1|1|1
3466074|1|1|1|286.73222487|73|1|1|3|1|1|1|1
3466075|1|1|1|479.96586618|73|1|1|3|1|1|1|1
3466076|1|1|1|368.77393196|73|2|1|2|1|1|1|1
3466077|1|1|1|292.90575818|73|2|1|2|1|1|1|1
3466078|1|1|1|309.08882451|73|2|1|2|1|1|1|1
3466079|1|1|1|304.3653858|73|1|1|2|1|1|1|1
3466081|1|1|1|366.11819548|73|2|1|2|1|1|1|1
3466082|1|1|1|366.11819548|73|1|1|2|1|1|1|1
3466083|1|1|1|468.68570013|73|1|1|2|1|1|1|1
3466084|1|1|1|404.354487|73|1|1|2|1|1|1|1
3466085|1|1|1|718.65846724|73|2|1|2|1|1|1|1
3466087|1|1|1|643.62955958|73|1|1|2|1|1|1|1
3466088|1|1|1|342.07036345|73|1|1|2|1|1|1|1
3466089|1|1|1|543.31725202|73|1|1|2|1|1|1|1
3466090|1|1|1|495.93714451|73|2|1|2|1|1|1|1
3466091|1|1|1|480.17095332|73|1|1|2|1|1|1|1
3466092|1|1|1|534.08000015|73|1|1|2|1|1|1|1
3466093|1|1|1|2965.5493794|76|2|1|3|1|1|1|1
3466094|1|1|1|1048.9773577|76|1|1|2|1|1|1|1
3466095|1|1|1|3476.4452247|76|2|1|3|1|1|1|1
3466096|1|1|1|4982.3459585|76|2|1|2|1|1|1|1
3466097|1|1|1|2297.8275904|76|1|1|2|1|1|1|1
3466098|1|1|1|2059.712061|76|2|1|2|1|1|1|1
3466099|1|1|1|1886.9208716|76|2|1|2|1|1|1|1
3466100|1|1|1|1307.0779359|76|2|1|4|1|1|1|1
3466101|1|1|1|3846.2503117|76|2|1|2|1|1|1|1
3466102|1|1|1|1957.7507023|76|2|1|2|1|1|1|1
3466103|1|1|1|1956.6036502|76|1|1|5|1|1|1|1
3466104|1|1|1|1292.6460565|76|1|1|5|1|1|1|1
3466105|1|1|1|2400.0802534|76|1|1|5|1|1|1|1
3466106|1|1|1|1648.4762894|76|2|1|5|1|1|1|1
3466107|1|1|1|1956.6036502|76|1|1|5|1|1|1|1
3466108|1|1|1|3462.8295518|76|1|1|5|1|1|1|1
3466109|1|1|1|2567.4048136|76|2|1|5|1|1|1|1
3466110|1|1|1|1463.1446356|76|1|1|2|1|1|1|1
3466111|1|1|1|1718.3840487|76|2|1|1|2|1|1|1
3466112|1|1|1|24.08952515|88|1|1|1|2|2|1|1
3466113|1|1|1|27.194169142|88|1|1|1|2|2|1|1
3466114|1|1|1|36.529650828|88|2|1|1|2|2|1|1
3466115|1|1|1|53.104910429|88|1|1|2|2|2|1|1
3466116|1|1|1|56.235785182|88|2|1|1|2|2|1|1
3466117|1|1|1|27.194169142|88|1|1|1|2|2|1|1
3466118|1|1|1|53.819188385|88|2|1|1|2|2|1|1
3466119|1|1|1|34.429266006|88|2|1|2|2|2|1|1
3466120|1|1|1|25.489307709|88|2|1|1|2|2|1|1
3466121|1|1|1|37.560140759|88|2|1|2|2|2|1|1
3466122|1|1|1|34.864806532|88|2|1|1|2|2|1|1
3466123|1|1|1|42.72634814|88|2|1|1|2|2|1|1
3466124|1|1|1|22.558650016|88|2|1|1|2|2|1|1
3466125|1|1|1|31.858234608|88|2|1|1|2|2|1|1
3466126|1|1|1|34.52020807|88|2|1|1|2|2|1|1
3466127|1|1|1|55.792405937|88|2|1|1|2|2|1|1
3466128|1|1|1|68.510125088|88|1|1|1|2|2|1|1
3466134|1|1|1|4886.9253702|05|2|1|3|1|1|1|1
3466135|1|1|1|3067.8836798|05|2|1|3|1|1|1|1
3466136|1|1|1|4631.866796|05|2|1|3|1|1|1|1
3466137|1|1|1|3158.4850831|05|2|1|4|1|1|1|1
3466138|1|1|1|1471.2761443|05|2|1|4|1|1|1|1
3466139|1|1|1|1952.9125282|05|2|1|4|1|1|1|1
3466140|1|1|1|4166.0407935|05|2|1|3|1|1|1|1
3466141|1|1|1|2182.6209238|05|2|1|4|1|1|1|1
3466142|1|1|1|3696.5147336|05|2|1|4|1|1|1|1
3466144|1|1|1|3755.9938482|05|2|1|4|1|1|1|1
3466145|1|1|1|3190.1766343|05|2|1|4|1|1|1|1
3466146|1|1|1|3950.1079991|05|2|1|4|1|1|1|1
3466148|1|1|1|1751.8350086|05|2|1|4|1|1|1|1
3466149|1|1|1|2094.1850939|05|2|1|4|1|1|1|1
3466150|1|1|1|3289.2255343|05|2|1|4|1|1|1|1
3466157|1|1|1|7735.1391431|11|1|1|2|1|1|1|1
3466158|1|1|1|9220.0392846|11|2|1|2|1|1|1|1
3466159|1|1|1|4873.536294|11|2|1|5|1|1|1|1
3466160|1|1|1|6827.9865065|11|2|1|4|1|1|1|1
3466161|1|1|1|4883.5018209|11|2|1|4|1|1|1|1
3466162|1|1|1|8809.758477|11|2|1|4|2|1|1|1
3466164|1|1|1|4963.8646208|11|2|1|4|1|1|1|1
3466165|1|1|1|6728.2540004|11|2|1|5|1|1|1|1
3466166|1|1|1|8042.2045958|11|2|1|4|1|1|1|1
3466167|1|1|1|6930.4924273|11|3|1|3|1|1|1|1
3466168|1|1|1|673.93191716|13|2|1|2|1|1|1|1
3466169|1|1|1|471.89488901|13|2|1|2|1|1|1|1
3466170|1|1|1|723.10166289|13|2|1|3|1|1|1|1
3466171|1|1|1|904.45098592|13|1|1|2|1|1|1|1
3466172|1|1|1|557.45585399|13|2|1|3|1|1|1|1
3466173|1|1|1|451.29585504|13|2|1|2|1|1|1|1
3466174|1|1|1|341.51998805|13|1|1|3|1|1|1|1
3466175|1|1|1|673.93191716|13|2|1|2|1|1|1|1
3466176|1|1|1|345.62149658|13|2|1|3|1|1|1|1
3466177|1|1|1|585.15294757|13|2|1|2|1|1|1|1
3466178|1|1|1|640.45034277|13|2|1|2|1|1|1|1
3466179|1|1|1|840.72948798|13|2|1|2|1|1|1|1
3466180|1|1|1|605.81275487|13|1|1|1|1|1|1|1
3466181|1|1|1|669.03938582|13|1|1|1|1|1|1|1
3466182|1|1|1|613.54080488|13|1|1|1|1|1|1|1
3466183|1|1|1|609.33914958|13|1|1|1|1|1|1|1
3466184|1|1|1|490.47081403|13|1|1|1|1|1|1|1
3466185|1|1|1|608.97497186|13|1|1|1|1|1|1|1
3466186|1|1|1|1125.5469954|13|1|1|1|1|1|1|1
3466187|1|1|1|699.05012249|13|1|1|1|1|1|1|1
3466188|1|1|1|434.79945626|13|1|1|1|1|1|1|1
3466189|1|1|1|121.99752739|15|1|1|3|1|1|1|1
3466190|1|1|1|159.5887533|15|1|1|3|1|1|1|1
3466191|1|1|1|149.4964006|15|2|1|3|1|1|1|1
3466192|1|1|1|143.338248|15|2|1|3|1|1|1|1
3466193|1|1|1|145.48849336|15|2|1|3|1|1|1|1
3466194|1|1|1|226.11444403|15|2|1|3|1|1|1|1
3466195|1|1|1|105.6133181|15|2|1|3|1|1|1|1
3466196|1|1|1|177.2769296|15|2|1|3|1|1|1|1
3466197|1|1|1|87.459837647|15|1|1|3|1|1|1|1
3466198|1|1|1|102.75279399|15|2|1|3|1|1|1|1
3466199|1|1|1|154.12329252|15|2|1|3|1|1|1|1
3466200|1|1|1|163.31152497|15|2|1|3|1|1|1|1
3466201|1|1|1|177.2769296|15|2|1|3|1|1|1|1
3466202|1|1|1|161.98397326|15|2|1|3|1|1|1|1
3466203|1|1|1|166.22158806|15|2|1|3|1|1|1|1
3466204|1|1|1|182.3027852|15|2|1|3|1|1|1|1
3466205|1|1|1|147.06356119|15|2|1|3|1|1|1|1
3466206|1|1|1|153.52837308|15|2|1|3|1|1|1|1
3466207|1|1|1|217.40115712|15|2|1|3|1|1|1|1
3466208|1|1|1|154.97836896|15|1|1|2|1|1|1|1
3466209|1|1|1|144.46612298|15|2|1|2|1|1|1|1
3466210|1|1|1|212.63236813|15|1|1|4|1|1|1|1
3466211|1|1|1|170.29661368|15|2|1|4|1|1|1|1
3466212|1|1|1|172.19562734|15|2|1|4|1|1|1|1
3466213|1|1|1|190.30958823|15|1|1|5|1|1|1|1
3466214|1|1|1|681.68967056|17|2|1|1|2|1|1|1
3466215|1|1|1|482.89270021|17|2|1|1|1|1|1|1
3466216|1|1|1|693.24603816|17|2|1|5|1|1|1|1
3466217|1|1|1|455.01536177|17|2|1|5|1|1|1|1
3466218|1|1|1|332.04540189|17|1|1|5|1|1|1|1
3466219|1|1|1|736.62975187|17|2|1|2|1|1|1|1
3466220|1|1|1|501.23855945|17|2|1|2|1|1|1|1
3466221|1|1|1|109.60610211|18|1|1|2|1|1|1|1
3466222|1|1|1|86.536982732|18|2|1|2|1|1|1|1
3466223|1|1|1|92.832901145|18|1|1|2|1|1|1|1
3466224|1|1|1|97.057205922|18|1|1|2|1|1|1|1
3466225|1|1|1|122.96028795|18|2|1|2|1|1|1|1
3466226|1|1|1|122.90471312|18|2|1|2|1|1|1|1
3466227|1|1|1|119.50407856|18|1|1|2|1|1|1|1
3466228|1|1|1|127.94486322|18|1|1|2|1|1|1|1
3466229|1|1|1|143.80533727|18|2|1|2|1|1|1|1
3466230|1|1|1|268.9728808|18|2|1|2|1|1|1|1
3466231|1|1|1|179.15191505|18|2|1|2|1|1|1|1
3466232|1|1|1|158.92452373|18|2|1|2|1|1|1|1
3466233|1|1|1|178.80229519|18|1|1|2|1|1|1|1
3466234|1|1|1|133.86259954|18|2|1|2|1|1|1|1
3466235|1|1|1|182.74323296|18|1|1|1|1|1|1|1
3466236|1|1|1|136.34832356|18|2|1|1|1|1|1|1
3466237|1|1|1|122.51565118|18|2|1|2|1|1|1|1
3466238|1|1|1|80.986887015|18|1|1|2|1|1|1|1
3466239|1|1|1|105.71813551|18|1|1|1|2|2|1|1
3466240|1|1|1|164.2040116|18|1|1|1|2|2|1|1
3466241|1|1|1|124.96115262|18|1|1|1|1|1|1|1
3466242|1|1|1|324.87584192|19|1|1|1|2|1|1|1
3466243|1|1|1|232.48868156|19|1|1|1|2|1|1|1
3466244|1|1|1|291.48901692|19|3|1|1|2|1|1|1
3466245|1|1|1|140.22534709|19|2|1|6|1|1|1|1
3466246|1|1|1|86.216959459|19|2|1|6|1|1|1|1
3466247|1|1|1|216.28102214|19|1|1|3|1|1|1|1
3466248|1|1|1|246.64104761|19|2|1|4|1|1|1|1
3466249|1|1|1|207.53861353|19|2|1|5|1|1|1|1
3466250|1|1|1|293.86453895|19|1|1|5|2|1|1|1
3466251|1|1|1|198.91528608|19|1|1|3|2|1|1|1
3466252|1|1|1|106.44423181|19|2|1|2|1|1|1|1
3466253|1|1|1|226.09235905|20|1|1|3|1|1|1|1
3466254|1|1|1|148.78043276|20|1|1|3|1|1|1|1
3466255|1|1|1|148.78043276|20|1|1|2|1|1|1|1
3466256|1|1|1|356.55584608|20|1|1|3|1|1|1|1
3466257|1|1|1|148.78043276|20|1|1|3|1|1|1|1
3466258|1|1|1|148.78043276|20|1|1|3|1|1|1|1
3466259|1|1|1|148.78043276|20|1|1|2|1|1|1|1
3466260|1|1|1|322.92249479|20|1|1|3|1|1|1|1
3466261|1|1|1|169.6256854|20|1|1|3|1|1|1|1
3466262|1|1|1|141.69565024|20|1|1|1|1|1|1|1
3466263|1|1|1|208.33779238|20|1|1|1|1|1|1|1
3466264|1|1|1|422.01462129|20|1|1|2|1|1|1|1
3466265|1|1|1|198.37391034|20|1|1|2|1|1|1|1
3466266|1|1|1|296.39561805|20|1|1|2|1|1|1|1
3466267|1|1|1|420.44160501|20|1|1|2|1|1|1|1
3466268|1|1|1|579.87611394|20|1|1|2|1|1|1|1
3466269|1|1|1|679.38060267|20|1|1|2|1|1|1|1
3466270|1|1|1|198.37391034|20|1|1|2|1|1|1|1
3466271|1|1|1|120.76988124|23|1|1|2|1|1|1|1
3466273|1|1|1|147.96684446|23|2|1|1|1|1|1|1
3466274|1|1|1|294.5633919|23|1|1|1|1|1|1|1
3466275|1|1|1|171.49077162|23|2|1|1|1|1|1|1
3466276|1|1|1|153.9870952|23|1|1|1|1|1|1|1
3466277|1|1|1|111.61964301|23|1|1|1|1|1|1|1
3466278|1|1|1|134.10669361|23|1|1|1|1|1|1|1
3466279|1|1|1|253.44568053|23|1|1|1|1|1|1|1
3466280|1|1|1|223.88196048|23|1|1|1|1|1|1|1
3466281|1|1|1|216.69226987|23|1|1|1|1|1|1|1
3466282|1|1|1|129.26475466|23|2|1|1|1|1|1|1
3466283|1|1|1|246.73994489|23|2|1|1|1|1|1|1
3466286|1|1|1|170.12468808|23|2|1|1|1|1|1|1
3466287|1|1|1|81.709476219|23|1|1|1|1|1|1|1
3466288|1|1|1|137.67193766|23|2|1|1|1|1|1|1
3466289|1|1|1|255.16145687|23|2|1|1|1|1|1|1
3466290|1|1|1|251.77428507|23|1|1|1|1|1|1|1
3466291|1|1|1|213.28519919|23|2|1|1|1|1|1|1
3466292|1|1|1|315.56167617|23|2|1|1|1|1|1|1
3466293|1|1|1|254.57164634|23|1|1|1|1|1|1|1
3466294|1|1|1|462.38723227|23|1|1|1|1|1|1|1
3466295|1|1|1|253.98995001|23|1|1|1|1|1|1|1
3466296|1|1|1|346.95737807|23|1|1|1|1|1|1|1
3466297|1|1|1|246.09830676|23|1|1|1|1|1|1|1
3466298|1|1|1|64.803555124|27|2|1|2|2|1|1|1
3466299|1|1|1|95.784163811|27|1|1|1|2|2|2|2
3466300|1|1|1|95.784163811|27|1|1|1|2|2|2|2
3466301|1|1|1|62.642432202|27|1|1|1|2|2|2|1
3466302|1|1|1|95.784163811|27|1|1|1|2|2|1|1
3466303|1|1|1|149.55742764|27|2|1|1|2|2|1|1
3466304|1|1|1|95.784163811|27|1|1|1|2|2|2|2
3466305|1|1|1|348.01611849|41|2|1|2|1|1|1|1
3466306|1|1|1|547.1949075|41|1|1|2|1|1|1|1
3466307|1|1|1|507.35029714|41|2|1|2|1|1|1|1
3466308|1|1|1|329.24647145|41|2|1|2|1|1|1|1
3466309|1|1|1|304.63252941|41|1|1|2|1|1|1|1
3466310|1|1|1|336.85519494|41|2|1|2|1|1|1|1
3466311|1|1|1|336.85519494|41|2|1|2|1|1|1|1
3466312|1|1|1|331.76734602|41|1|1|2|1|1|1|1
3466313|1|1|1|336.85519494|41|2|1|2|1|1|1|1
3466314|1|1|1|277.04421197|41|1|1|2|1|1|1|1
3466315|1|1|1|193.52873721|41|1|1|2|1|1|1|1
3466316|1|1|1|233.21653157|41|1|1|2|1|1|1|1
3466317|1|1|1|196.7556965|41|1|1|2|1|1|1|1
3466318|1|1|1|241.88603335|41|2|1|2|1|1|1|1
3466319|1|1|1|236.4112274|41|2|1|2|1|1|1|1
3466320|1|1|1|261.36657886|41|2|1|2|1|1|1|1
3466321|1|1|1|292.77316431|41|1|1|2|1|1|1|1
3466322|1|1|1|614.14166734|41|2|1|3|1|1|1|1
3466323|1|1|1|308.24067826|41|2|1|2|1|1|1|1
3466324|1|1|1|262.79818123|41|2|1|2|1|1|1|1
3466325|1|1|1|394.01871234|41|2|1|2|1|1|1|1
3466326|1|1|1|394.01871234|41|2|1|2|1|1|1|1
3466327|1|1|1|95.958504944|44|2|1|3|1|1|1|1
3466328|1|1|1|96.582209881|44|1|1|3|1|1|1|1
3466329|1|1|1|84.929088587|44|1|1|3|1|1|1|1
3466330|1|1|1|80.836209716|44|1|1|3|1|1|1|1
3466331|1|1|1|95.958504944|44|2|1|3|1|1|1|1
3466332|1|1|1|107.05900666|44|2|1|3|1|1|1|1
3466333|1|1|1|101.84713021|44|1|1|1|1|1|1|1
3466334|1|1|1|89.127764882|44|1|1|1|1|2|1|1
3466335|1|1|1|82.355479842|44|1|1|1|1|1|1|1
3466336|1|1|1|118.18046435|44|1|1|1|1|1|1|1
3466337|1|1|1|131.27110789|44|1|1|3|1|1|1|1
3466338|1|1|1|92.992761069|44|1|1|1|1|1|1|2
3466339|1|1|1|125.8234213|44|1|1|1|2|2|2|2
3466340|1|1|1|109.44529942|44|1|1|1|2|2|2|2
3466341|1|1|1|125.33591937|44|1|1|1|2|2|2|2
3466342|1|1|1|144.14193438|44|2|1|2|1|1|1|1
3466343|1|1|1|99.640020835|44|1|1|1|2|2|2|2
3466344|1|1|1|372.44444409|47|1|1|5|1|1|1|1
3466345|1|1|1|338.84201399|47|2|1|1|1|1|1|1
3466346|1|1|1|291.34101768|47|1|1|1|1|1|1|1
3466347|1|1|1|270.75221723|47|1|1|1|1|1|1|1
3466348|1|1|1|270.80656307|47|2|1|2|1|1|1|1
3466349|1|1|1|452.41646357|47|2|1|2|1|1|1|1
3466350|1|1|1|468.66138639|47|2|1|2|1|1|1|1
3466351|1|1|1|557.85804896|47|2|1|2|1|1|1|1
3466352|1|1|1|461.92287796|47|2|1|2|1|1|1|1
3466353|1|1|1|468.66138639|47|2|1|2|1|1|1|1
3466354|1|1|1|365.33069798|47|1|1|3|1|1|1|1
3466355|1|1|1|233.53496585|47|1|1|3|1|1|1|1
3466356|1|1|1|264.49435048|47|1|1|3|1|1|1|1
3466357|1|1|1|530.91152107|47|2|1|1|1|2|1|2
3466358|1|1|1|312.44092426|47|2|1|1|1|2|1|2
3466359|1|1|1|533.25019341|47|2|1|2|1|1|1|1
3466360|1|1|1|583.71820512|47|2|1|2|1|1|1|1
3466361|1|1|1|384.74855935|50|2|1|4|1|1|1|1
3466362|1|1|1|384.74855935|50|2|1|4|1|1|1|1
3466363|1|1|1|370.30195945|50|2|1|4|1|1|1|1
3466364|1|1|1|503.90538953|50|2|1|4|1|1|1|1
3466365|1|1|1|514.53373073|50|2|1|4|1|1|1|1
3466366|1|1|1|510.35018646|50|1|1|2|1|1|1|1
3466367|1|1|1|335.5674405|50|2|1|2|1|1|1|1
3466368|1|1|1|486.65333944|50|1|1|2|1|1|1|1
3466369|1|1|1|531.03196694|50|1|1|2|1|1|1|1
3466370|1|1|1|200.70339943|50|2|1|2|1|1|1|1
3466371|1|1|1|472.59805074|50|1|1|3|1|1|1|1
3466372|1|1|1|370.28578048|50|1|1|3|1|1|1|1
3466373|1|1|1|500.1558651|50|1|1|3|1|1|1|1
3466374|1|1|1|282.23915545|50|1|1|2|1|1|1|1
3466375|1|1|1|568.95677039|50|1|1|2|1|1|1|1
3466376|1|1|1|454.0283744|50|2|1|3|1|1|1|1
3466377|1|1|1|301.53159555|50|2|1|3|1|1|1|1
3466378|1|1|1|422.10428016|50|1|1|3|1|1|1|1
3466379|1|1|1|613.26338087|50|1|1|3|1|1|1|1
3466380|1|1|1|374.76979169|50|2|1|3|1|1|1|1
3466381|1|1|1|279.25509136|50|1|1|2|1|1|1|1
3466382|1|1|1|131.71145951|52|1|1|3|1|1|1|1
3466383|1|1|1|180.31023491|52|1|1|3|2|1|1|1
3466384|1|1|1|347.43101343|52|2|1|2|2|1|1|1
3466385|1|1|1|310.27202418|52|1|1|2|2|1|1|1
3466386|1|1|1|200.44985814|52|2|1|2|1|1|1|1
3466387|1|1|1|196.04651606|52|1|1|2|2|1|1|1
3466388|1|1|1|217.87325442|52|2|1|2|2|1|1|1
3466389|1|1|1|214.78873746|52|2|1|2|2|1|1|1
3466390|1|1|1|200.40322164|52|2|1|2|2|1|1|1
3466391|1|1|1|225.99127919|52|2|1|2|2|1|1|1
3466392|1|1|1|225.99127919|52|2|1|2|2|1|1|1
3466393|1|1|1|246.95898657|52|2|1|2|1|1|1|1
3466394|1|1|1|225.78267958|52|2|1|2|2|1|1|1
3466395|1|1|1|154.34050402|52|2|1|2|2|1|1|1
3466396|1|1|1|241.253781|52|1|1|2|1|1|1|1
3466397|1|1|1|232.03005938|52|2|1|2|2|1|1|1
3466398|1|1|1|282.59033966|52|2|1|1|2|1|1|1
3466399|1|1|1|1033.3836638|54|2|1|3|2|1|1|1
3466400|1|1|1|452.07148439|54|1|1|3|2|1|1|1
3466401|1|1|1|452.07148439|54|1|1|3|1|1|1|1
3466402|1|1|1|336.59075411|54|2|1|3|1|1|1|1
3466403|1|1|1|336.59075411|54|1|1|3|1|1|1|1
3466404|1|1|1|736.11002392|54|2|1|3|1|1|1|1
3466406|1|1|1|1004.8019067|54|1|1|1|1|1|1|1
3466407|1|1|1|661.05945336|54|1|1|1|1|1|1|1
3466408|1|1|1|383.11142745|54|2|1|1|1|1|1|1
3466409|1|1|1|986.73038656|54|2|1|1|2|1|1|1
3466410|1|1|1|383.11142745|54|1|1|1|1|1|1|1
3466411|1|1|1|383.11142745|54|2|1|1|1|1|1|1
3466412|1|1|1|590.89110932|54|1|1|1|1|1|1|1
3466413|1|1|1|902.37532723|54|2|1|1|1|1|1|1
3466414|1|1|1|605.80856723|54|1|1|2|1|1|1|1
3466415|1|1|1|605.80856723|54|1|1|2|1|1|1|1
3466416|1|1|1|670.06255826|54|1|1|2|1|1|1|1
3466417|1|1|1|130.2068196|63|1|1|2|1|1|1|1
3466418|1|1|1|319.58200135|63|1|1|2|1|1|1|1
3466419|1|1|1|322.82148179|63|2|1|2|1|1|1|1
3466420|1|1|1|296.70007415|63|2|1|2|1|1|1|1
3466421|1|1|1|248.5259258|63|3|1|1|2|1|1|1
3466422|1|1|1|259.46652609|63|3|1|1|2|1|1|1
3466423|1|1|1|266.51724691|63|1|1|3|1|1|1|1
3466424|1|1|1|162.45049399|63|2|1|3|1|1|1|1
3466425|1|1|1|268.98403679|63|2|1|3|1|1|1|1
3466426|1|1|1|243.38826515|63|2|1|3|1|1|1|1
3466427|1|1|1|134.10093039|63|2|1|4|1|1|1|1
3466428|1|1|1|310.60827008|63|2|1|4|1|1|1|1
3466429|1|1|1|595.10871687|66|2|1|3|1|1|1|1
3466430|1|1|1|497.90368574|66|1|1|3|1|1|1|1
3466432|1|1|1|648.86167441|66|1|1|3|1|1|1|1
3466433|1|1|1|659.51570121|66|2|1|3|1|1|1|1
3466434|1|1|1|675.72592458|66|2|1|6|1|1|1|1
3466435|1|1|1|833.00621426|66|2|1|2|1|1|1|1
3466436|1|1|1|774.39693136|66|2|1|2|1|1|1|1
3466437|1|1|1|499.53844189|66|1|1|3|1|1|1|1
3466438|1|1|1|631.90580967|66|2|1|1|1|1|1|1
3466439|1|1|1|577.13771019|66|1|1|3|1|1|1|1
3466440|1|1|1|632.19498331|66|1|1|3|1|1|1|1
3466441|1|1|1|1021.909728|68|2|1|1|1|1|1|1
3466442|1|1|1|306.95882658|68|1|1|1|2|2|2|2
3466443|1|1|1|893.0019072|68|2|1|3|1|1|1|1
3466444|1|1|1|344.93428282|68|2|1|3|1|1|1|1
3466445|1|1|1|344.93428282|68|2|1|3|1|1|1|1
3466446|1|1|1|950.30742687|68|2|1|3|1|1|1|1
3466447|1|1|1|1111.9860427|68|2|1|4|1|1|1|1
3466448|1|1|1|499.39674218|68|2|1|3|1|1|1|1
3466449|1|1|1|336.53293279|68|2|1|4|1|1|1|1
3466450|1|1|1|487.44111312|68|2|1|3|1|1|1|1
3466451|1|1|1|359.20533149|68|2|1|3|1|1|1|1
3466452|1|1|1|1492.0836847|68|1|1|4|1|1|1|1
3466453|1|1|1|520.89802012|68|1|1|4|1|1|1|1
3466454|1|1|1|1682.6299694|68|1|1|1|1|1|1|1
3466455|1|1|1|909.39529713|68|2|1|3|1|1|1|1
3466456|1|1|1|1106.1116468|68|2|1|2|1|1|1|1
3466457|1|1|1|614.67244513|68|2|1|3|2|2|2|2
3466458|1|1|1|1861.1530752|68|2|1|3|1|1|1|1
3466459|1|1|1|1237.3268712|68|2|1|3|1|1|1|1
3466460|1|1|1|209.67581874|70|2|1|1|1|1|1|1
3466461|1|1|1|210.57173437|70|2|1|2|1|1|1|1
3466462|1|1|1|168.49895343|70|1|1|1|1|1|1|1
3466463|1|1|1|199.65649823|70|2|1|2|1|1|1|1
3466464|1|1|1|215.83169406|70|1|1|2|1|1|1|1
3466465|1|1|1|237.76690002|70|1|1|2|1|1|1|1
3466466|1|1|1|211.17448298|70|1|1|2|1|1|1|1
3466467|1|1|1|168.49895343|70|1|1|2|1|1|1|1
3466473|1|1|1|152.97204576|70|2|1|2|1|1|1|1
3466474|1|1|1|118.79489729|70|1|1|2|1|1|1|1
3466475|1|1|1|115.42704081|70|1|1|2|1|1|1|1
3466476|1|1|1|204.19414591|70|1|1|2|1|1|1|1
3466477|1|1|1|118.79489729|70|1|1|2|1|1|1|1
3466478|1|1|1|160.39689711|70|2|1|2|1|1|1|1
3466479|1|1|1|118.79489729|70|1|1|2|1|1|1|1
3466480|1|1|1|230.79318136|70|2|1|1|1|1|1|1
3466481|1|1|1|284.35399829|70|2|1|1|1|1|1|1
3466482|1|1|1|172.67626989|70|1|1|1|1|1|1|1
3466483|1|1|1|233.93897244|70|2|1|1|1|1|1|1
3466484|1|1|1|341.49809599|70|1|1|1|1|1|1|1
3466485|1|1|1|1770.8850442|76|2|1|3|1|1|1|1
3466486|1|1|1|897.45840607|76|2|1|2|1|1|1|1
3466487|1|1|1|1494.9069122|76|2|1|2|1|1|1|1
3466488|1|1|1|3846.2503117|76|2|1|2|1|1|1|1
3466490|1|1|1|2530.8700579|76|2|1|5|1|1|1|1
3466491|1|1|1|1579.2302609|76|2|1|2|1|1|1|1
3466492|1|1|1|39.891112075|88|2|1|2|2|1|1|2
3466493|1|1|1|28.887363325|88|2|1|3|2|1|1|2
3466494|1|1|1|32.18698496|88|2|1|2|2|1|1|2
3466495|1|1|1|52.090132087|88|2|1|1|2|2|1|2
3466496|1|1|1|21.061702561|88|2|1|1|2|2|1|2
3466497|1|1|1|21.311835975|88|2|1|2|2|2|1|2
3466498|1|1|1|23.74155736|88|1|1|1|2|2|1|2
3466499|1|1|1|38.632576882|88|1|1|1|2|2|1|2
3466500|1|1|1|50.838280869|88|2|1|1|2|2|1|2
3466501|1|1|1|21.282393242|88|1|1|1|2|2|1|2
3466502|1|1|1|45.080941792|88|1|1|1|2|2|1|2
3466503|1|1|1|24.3527861|88|2|1|1|2|2|1|2
3466504|1|1|1|42.868213169|88|1|1|1|2|2|1|2
3466505|1|1|1|23.049864477|88|2|1|1|2|2|1|2
3466506|1|1|1|56.887439821|88|1|1|1|2|2|1|2
3466507|1|1|1|43.628374397|88|2|1|1|2|2|1|1
3466508|1|1|1|54.349033407|88|2|1|1|2|2|1|1
3466509|1|1|1|57.785362856|88|1|1|3|2|2|1|2
3466510|1|1|1|2206.7663689|08|1|1|5|1|1|1|1
3466511|1|1|1|1572.229078|08|2|1|4|1|1|1|1
3466512|1|1|1|1439.8982227|08|2|1|3|1|1|1|1
3466513|1|1|1|1703.9799583|08|2|1|2|1|1|1|1
3466514|1|1|1|1514.321623|08|2|1|2|1|1|1|1
3466516|1|1|1|1348.5102756|08|2|1|1|1|1|1|1
3466517|1|1|1|1497.9518346|08|2|1|1|1|1|1|1
3466518|1|1|1|2228.4438638|08|2|1|1|1|1|1|1
3466519|1|1|1|1872.4397933|08|2|1|1|1|1|1|1
3466520|1|1|1|5846.5262153|11|2|1|3|1|1|1|1
3466521|1|1|1|5024.0120418|11|2|1|2|1|1|1|1
3466522|1|1|1|5495.8644915|11|2|1|2|1|1|1|1
3466523|1|1|1|5415.9792633|11|2|1|2|1|1|1|1
3466524|1|1|1|6819.7332439|11|2|1|2|1|1|1|1
3466525|1|1|1|8729.3480601|11|1|1|2|1|1|1|1
3466526|1|1|1|9547.6265414|11|2|1|2|2|1|1|1
3466527|1|1|1|9703.3505877|11|1|1|3|1|1|1|1
3466528|1|1|1|7771.2522267|11|2|1|2|1|1|1|1
3466529|1|1|1|6235.4039369|11|1|1|3|1|1|1|1
3466530|1|1|1|6251.9455852|11|1|1|3|1|1|1|1
3466531|1|1|1|3488.4464737|11|1|1|3|1|1|1|1
3466532|1|1|1|8559.0865925|11|4|1|4|1|1|1|1
3466533|1|1|1|10712.522453|11|2|1|4|1|1|1|1
3466534|1|1|1|6961.386215|11|2|1|4|1|1|1|1
3466535|1|1|1|8166.9528573|11|3|1|2|1|1|1|1
3466536|1|1|1|7097.4447362|11|3|1|2|1|1|1|1
3466537|1|1|1|8661.1985634|11|3|1|1|1|1|1|1
3466538|1|1|1|552.34472806|13|2|1|5|1|1|1|1
3466539|1|1|1|903.89715438|13|2|1|5|1|1|1|1
3466540|1|1|1|828.5376896|13|2|1|5|1|1|1|1
3466541|1|1|1|432.52967369|13|2|1|5|1|1|1|1
3466542|1|1|1|735.19845508|13|2|1|5|1|1|1|1
3466543|1|1|1|838.4737539|13|2|1|5|1|1|1|1
3466544|1|1|1|672.80583299|13|2|1|5|1|1|1|1
3466545|1|1|1|741.35180972|13|2|1|5|1|1|1|1
3466546|1|1|1|776.81446633|13|2|1|5|1|1|1|1
3466547|1|1|1|583.98119351|13|2|1|3|1|1|1|1
3466548|1|1|1|619.15867992|13|2|1|2|1|1|1|1
3466549|1|1|1|499.70253308|13|1|1|3|1|1|1|1
3466550|1|1|1|246.12018973|13|1|1|3|1|1|1|1
3466551|1|1|1|788.8381777|13|2|1|3|1|1|1|1
3466552|1|1|1|442.46573799|13|2|1|2|1|1|1|1
3466553|1|1|1|608.1336589|13|2|1|2|1|1|1|1
3466554|1|1|1|838.4737539|13|2|1|2|1|1|1|1
3466555|1|1|1|1013.307916|13|2|1|2|1|1|1|1
3466556|1|1|1|782.96782097|13|2|1|2|1|1|1|1
3466557|1|1|1|821.962674|13|2|1|1|1|1|1|1
3466558|1|1|1|598.24532733|13|2|1|1|1|1|1|1
3466559|1|1|1|344.72430563|13|1|1|1|1|1|1|1
3466560|1|1|1|293.35826619|15|2|1|3|1|1|1|1
3466561|1|1|1|190.54717495|15|2|1|3|1|1|1|1
3466562|1|1|1|153.73002063|15|2|1|3|1|1|1|1
3466563|1|1|1|72.507171881|15|2|1|2|1|1|1|1
3466564|1|1|1|116.86893397|15|2|1|2|1|1|1|1
3466565|1|1|1|154.97836896|15|1|1|2|2|1|1|1
3466566|1|1|1|111.07674028|15|2|1|2|1|1|1|1
3466567|1|1|1|106.83694748|15|2|1|3|1|1|1|1
3466568|1|1|1|123.5955048|15|2|1|3|1|1|1|1
3466569|1|1|1|129.05066754|15|2|1|3|1|1|1|1
3466570|1|1|1|117.38955467|15|2|1|3|1|1|1|1
3466571|1|1|1|129.05066754|15|2|1|3|1|1|1|1
3466572|1|1|1|171.30288722|15|1|1|3|1|1|1|1
3466573|1|1|1|176.29318833|15|1|1|3|1|1|1|1
3466574|1|1|1|146.20974474|15|2|1|3|1|1|1|1
3466575|1|1|1|104.95180518|15|2|1|4|1|1|1|1
3466576|1|1|1|308.76389468|17|2|1|3|1|1|1|1
3466577|1|1|1|263.39694355|17|2|1|3|1|1|1|1
3466578|1|1|1|681.68967056|17|2|1|1|1|1|1|1
3466579|1|1|1|681.68967056|17|2|1|1|1|1|1|1
3466580|1|1|1|561.52885937|17|2|1|5|1|1|1|1
3466581|1|1|1|506.46333426|17|2|1|3|1|1|1|1
3466582|1|1|1|580.39203195|17|2|1|3|1|1|1|1
3466583|1|1|1|230.09421867|18|1|1|2|1|1|1|1
3466584|1|1|1|146.29861386|18|2|1|2|1|1|1|1
3466585|1|1|1|213.78163278|18|2|1|2|1|1|1|1
3466586|1|1|1|108.59842455|18|2|1|1|1|1|1|1
3466587|1|1|1|117.03422958|18|1|1|2|1|1|1|1
3466588|1|1|1|106.69242477|18|2|1|1|2|2|1|1
3466589|1|1|1|123.48902211|18|1|1|1|1|1|1|1
3466590|1|1|1|111.91624545|19|2|1|2|2|1|1|1
3466591|1|1|1|111.91624545|19|1|1|2|1|1|1|1
3466592|1|1|1|245.01568103|19|2|1|3|1|1|1|1
3466593|1|1|1|356.55584608|20|1|1|3|1|1|1|1
3466594|1|1|1|473.2446424|20|2|1|2|1|1|1|1
3466595|1|1|1|210.01275336|20|2|1|2|1|1|1|1
3466596|1|1|1|198.37391034|20|1|1|2|1|1|1|1
3466597|1|1|1|198.37391034|20|2|1|2|1|1|1|1
3466598|1|1|1|396.14122851|20|1|1|2|1|1|1|1
3466599|1|1|1|131.76816522|27|1|1|1|2|2|1|2
3466600|1|1|1|52.42159122|27|1|1|1|2|2|2|1
3466601|1|1|1|162.01925274|27|1|1|1|2|2|1|2
3466602|1|1|1|209.68636488|27|1|1|1|2|2|1|2
3466603|1|1|1|64.803555124|27|1|1|1|2|2|1|1
3466604|1|1|1|62.642432202|27|1|1|1|2|2|1|1
3466605|1|1|1|55.744536496|27|1|1|2|2|2|1|1
3466606|1|1|1|52.42159122|27|2|1|1|2|2|1|2
3466607|1|1|1|126.25712019|27|2|1|1|2|2|1|1
3466608|1|1|1|62.642432202|27|1|1|1|2|2|2|1
3466609|1|1|1|178.21901333|27|1|1|1|2|2|2|2
3466610|1|1|1|95.784163811|27|1|1|1|2|2|1|2
3466611|1|1|1|260.33441929|41|2|1|2|1|1|1|1
3466612|1|1|1|410.61160692|41|2|1|3|1|1|1|1
3466613|1|1|1|126.75224627|41|1|1|2|1|1|1|1
3466614|1|1|1|371.55624797|41|2|1|2|1|1|1|1
3466615|1|1|1|110.39711772|41|1|1|2|1|1|1|1
3466616|1|1|1|193.52873721|41|1|1|2|1|1|1|1
3466617|1|1|1|172.43693929|41|1|1|2|1|1|1|1
3466618|1|1|1|183.30032239|41|1|1|2|1|1|1|1
3466619|1|1|1|606.43475685|41|2|1|3|1|1|1|1
3466620|1|1|1|125.33591937|44|2|1|3|1|1|1|1
3466621|1|1|1|125.33591937|44|1|1|3|1|1|1|1
3466622|1|1|1|119.54058257|44|2|1|3|1|1|1|1
3466623|1|1|1|97.231714783|44|2|1|1|1|1|1|1
3466624|1|1|1|134.98570305|44|1|1|1|1|2|1|1
3466625|1|1|1|132.21262496|44|1|1|1|1|2|1|1
3466626|1|1|1|125.33591937|44|1|1|1|1|2|1|1
3466627|1|1|1|130.06298253|44|1|1|1|1|2|1|1
3466628|1|1|1|419.29659653|47|1|1|2|1|1|1|1
3466629|1|1|1|861.64328829|47|1|1|2|1|1|1|1
3466630|1|1|1|379.46472382|47|1|1|2|1|1|1|1
3466631|1|1|1|549.81797847|47|2|1|2|1|1|1|1
3466632|1|1|1|317.91427169|47|1|1|1|2|2|1|2
3466633|1|1|1|307.2321314|47|1|1|3|1|1|1|1
3466634|1|1|1|150.9769333|47|1|1|3|1|1|1|1
3466635|1|1|1|350.23092307|47|1|1|3|1|1|1|1
3466636|1|1|1|412.47365613|47|1|1|3|1|1|1|1
3466637|1|1|1|184.52988343|47|1|1|3|1|1|1|1
3466638|1|1|1|384.74855935|50|2|1|4|1|1|1|1
3466639|1|1|1|302.13342395|50|1|1|2|1|1|1|1
3466640|1|1|1|526.74318866|50|2|1|2|1|1|1|1
3466641|1|1|1|510.35018646|50|2|1|2|1|1|1|1
3466642|1|1|1|489.82451679|50|1|1|3|1|1|1|1
3466643|1|1|1|444.01796325|50|1|1|3|1|1|1|1
3466644|1|1|1|524.55351573|50|2|1|2|1|1|1|1
3466645|1|1|1|556.38578045|50|2|1|2|1|1|1|1
3466646|1|1|1|360.33928791|50|1|1|3|1|1|1|1
3466647|1|1|1|310.18610196|50|1|1|3|1|1|1|1
3466648|1|1|1|349.01793764|50|1|1|3|1|1|1|1
3466649|1|1|1|313.29525547|50|1|1|3|1|1|1|1
3466650|1|1|1|185.21944576|50|1|1|3|1|1|1|1
3466651|1|1|1|313.46656863|50|1|1|3|1|1|1|1
3466652|1|1|1|587.29120139|50|2|1|4|1|1|1|1
3466653|1|1|1|357.00224748|50|2|1|3|1|1|1|1
3466654|1|1|1|626.93040136|50|2|1|3|1|1|1|1
3466655|1|1|1|301.65172467|52|2|1|3|2|1|1|1
3466656|1|1|1|261.4563367|52|2|1|3|2|1|1|1
3466658|1|1|1|395.62900367|52|2|1|3|2|1|1|1
3466659|1|1|1|306.14684299|52|2|1|3|1|1|1|1
3466660|1|1|1|306.14684299|52|2|1|3|2|1|1|1
3466661|1|1|1|190.42840065|52|2|1|2|1|1|1|1
3466662|1|1|1|204.09789532|52|2|1|2|1|1|1|1
3466663|1|1|1|285.64260097|52|1|1|2|1|1|1|1
3466664|1|1|1|218.40637362|52|2|1|2|1|1|1|1
3466665|1|1|1|165.37199292|52|4|1|2|2|1|1|1
3466666|1|1|1|241.253781|52|2|1|2|1|1|1|1
3466667|1|1|1|240.1480915|52|2|1|1|1|1|1|1
3466668|1|1|1|273.59772191|52|1|1|1|1|1|1|1
3466669|1|1|1|294.46097895|52|2|1|1|2|1|1|1
3466670|1|1|1|288.39700182|52|1|1|1|1|1|1|1
3466671|1|1|1|184.56808179|63|1|1|2|1|1|1|1
3466672|1|1|1|243.48489224|63|1|1|2|1|1|1|1
3466673|1|1|1|174.9307087|63|1|1|3|1|1|1|1
3466674|1|1|1|128.56277933|63|2|1|3|1|1|1|1
3466675|1|1|1|250.48248929|63|2|1|5|1|1|1|1
3466676|1|1|1|207.07218005|63|2|1|1|1|1|1|1
3466677|1|1|1|469.65466742|63|2|1|5|1|1|1|1
3466678|1|1|1|376.30005194|63|1|1|1|2|1|1|1
3466680|1|1|1|546.87025052|66|1|1|2|2|1|1|1
3466682|1|1|1|652.21673797|66|2|1|6|1|1|1|1
3466683|1|1|1|1149.7584705|66|2|1|4|1|1|1|1
3466684|1|1|1|430.16813906|66|2|1|3|1|1|1|1
3466685|1|1|1|458.70493138|66|2|1|3|1|1|1|1
3466686|1|1|1|740.22836315|66|2|1|3|1|1|1|1
3466687|1|1|1|764.00842909|66|2|1|2|1|1|1|1
3466688|1|1|1|655.75982176|68|1|1|4|1|1|1|1
3466689|1|1|1|671.25635557|68|1|1|4|1|1|1|1
3466690|1|1|1|651.68814554|68|1|1|3|1|1|1|1
3466691|1|1|1|1261.0572717|68|1|1|3|1|1|1|1
3466692|1|1|1|260.12897681|73|1|1|3|1|1|1|1
3466693|1|1|1|266.56789428|73|1|1|4|1|1|1|1
3466694|1|1|1|279.68632535|73|2|1|4|1|1|1|1
3466695|1|1|1|349.78247152|73|2|1|4|1|1|1|1
3466696|1|1|1|417.32552951|73|2|1|4|1|1|1|1
3466697|1|1|1|279.68632535|73|2|1|4|1|1|1|1
3466698|1|1|1|332.69876611|73|2|1|2|1|1|1|1
3466699|1|1|1|343.62881947|73|1|1|2|1|1|1|1
3466700|1|1|1|465.42773125|73|1|1|2|1|1|1|1
3466701|1|1|1|1863.5490076|76|2|1|5|2|1|1|1
3466702|1|1|1|2238.9975699|76|2|1|3|1|1|1|1
3466703|1|1|1|2959.9682206|76|2|1|3|2|1|1|1
3466704|1|1|1|5243.1188743|76|2|1|2|1|1|1|1
3466705|1|1|1|4992.4682071|76|1|1|1|1|1|1|1
3466706|1|1|1|4899.9293783|76|2|1|2|1|1|1|1
3466707|1|1|1|5048.2035341|76|2|1|2|1|1|1|1
3466708|1|1|1|2059.712061|76|2|1|2|1|1|1|1
3466709|1|1|1|37.824602113|88|2|1|2|2|2|1|2
3466710|1|1|1|39.119037471|88|2|1|2|2|1|1|1
3466711|1|1|1|48.098978109|88|2|1|1|2|1|1|1
3466712|1|1|1|19.386339858|88|2|1|2|2|1|1|1
3466713|1|1|1|38.798340242|88|2|1|1|2|1|1|2
3466714|1|1|1|41.229036153|88|2|1|1|2|2|1|2
3466715|1|1|1|36.717955433|88|2|1|2|2|1|1|1
3466716|1|1|1|26.602991552|88|1|1|1|2|2|1|2
3466717|1|1|1|51.378162923|88|1|1|2|2|1|1|1
3466718|1|1|1|36.717955433|88|2|1|2|2|2|1|2
3466719|1|1|1|3260.6988849|05|2|1|3|1|1|1|1
3466720|1|1|1|1751.6497422|05|2|1|3|1|1|1|1
3466721|1|1|1|4515.8028421|05|2|1|3|1|1|1|1
3466725|1|1|1|1767.4333172|08|2|1|5|1|1|1|1
3466727|1|1|1|1606.8379869|08|1|1|5|1|1|1|1
3466728|1|1|1|2123.4303089|08|1|1|5|1|1|1|1
3466729|1|1|1|1422.2904305|08|2|1|5|1|1|1|1
3466730|1|1|1|1666.7556995|08|1|1|5|1|1|1|1
3466731|1|1|1|1234.0530086|08|2|1|5|1|1|1|1
3466739|1|1|1|1681.1762401|08|1|1|1|1|1|1|1
3466741|1|1|1|2176.8973409|08|2|1|1|1|1|1|1
3466743|1|1|1|1016.4012542|08|2|1|2|1|1|1|1
3466744|1|1|1|1393.9334813|08|2|1|1|1|1|1|1
3466746|1|1|1|1634.0799514|08|1|1|1|1|1|1|1
3466747|1|1|1|1747.3391068|08|1|1|1|1|1|1|1
3466748|1|1|1|957.3249646|08|1|1|1|1|1|1|1
3466749|1|1|1|2705.1868343|08|1|1|1|1|1|1|1
3466752|1|1|1|2088.1580695|08|2|1|1|1|1|1|1
3466754|1|1|1|1940.9469916|08|2|1|1|1|1|1|1
3466755|1|1|1|1260.0167411|08|1|1|2|1|1|1|1
3466756|1|1|1|1857.2048322|08|1|1|2|1|1|1|1
3466757|1|1|1|7317.4914957|11|2|1|3|1|1|1|1
3466758|1|1|1|8765.4923639|11|2|1|4|1|1|1|1
3466759|1|1|1|8809.758477|11|2|1|4|1|1|1|1
3466760|1|1|1|8809.758477|11|3|1|4|2|1|1|1
3466761|1|1|1|6827.7567003|11|2|1|5|1|1|1|1
3466762|1|1|1|729.04510044|13|2|1|5|1|1|1|1
3466769|1|1|1|794.0181643|13|2|1|3|1|1|1|1
3466770|1|1|1|850.25743176|13|2|1|3|1|1|1|1
3466772|1|1|1|854.79136781|13|2|1|2|1|1|1|1
3466776|1|1|1|1085.1314628|13|2|1|2|1|1|1|1
3466777|1|1|1|735.19845508|13|2|1|2|1|1|1|1
3466779|1|1|1|735.19845508|13|2|1|2|1|1|1|1
3466780|1|1|1|608.1336589|13|2|1|2|1|1|1|1
3466787|1|1|1|147.95779132|15|1|1|2|1|1|1|1
3466788|1|1|1|153.25058462|15|2|1|3|1|1|1|1
3466789|1|1|1|98.330229098|15|2|1|2|1|1|1|1
3466790|1|1|1|161.17090561|15|2|1|2|1|1|1|1
3466791|1|1|1|286.27263747|15|2|1|3|1|1|1|1
3466801|1|1|1|128.1536817|15|2|1|4|1|1|1|1
3466802|1|1|1|112.96067351|15|2|1|4|1|1|1|1
3466807|1|1|1|127.76273673|15|2|1|4|1|1|1|1
3466810|1|1|1|119.6795434|15|2|1|3|1|1|1|1
3466812|1|1|1|155.8805286|15|1|1|5|1|1|1|1
3466813|1|1|1|179.77430636|15|1|1|5|1|1|1|1
3466819|1|1|1|627.25398657|17|2|1|4|1|1|1|1
3466820|1|1|1|304.76958557|17|2|1|3|1|1|1|1
3466821|1|1|1|551.55184327|17|2|1|2|1|1|1|1
3466822|1|1|1|470.11718459|17|3|1|3|2|1|1|1
3466823|1|1|1|380.94309358|17|1|1|3|1|1|1|1
3466824|1|1|1|587.14390002|17|2|1|2|1|1|1|1
3466825|1|1|1|105.88058828|18|1|1|1|1|1|1|1
3466827|1|1|1|109.79256604|18|2|1|2|1|1|1|1
3466828|1|1|1|110.61550966|18|1|1|2|1|1|1|1
3466829|1|1|1|155.52615571|18|2|1|2|1|1|1|1
3466830|1|1|1|237.66043299|18|2|1|2|1|1|1|1
3466832|1|1|1|114.60058086|18|2|1|1|1|1|1|1
3466833|1|1|1|120.5488073|18|2|1|1|1|1|1|1
3466839|1|1|1|200.55890007|19|1|1|1|1|1|1|1
3466840|1|1|1|892.34517507|20|2|1|3|1|1|1|1
3466841|1|1|1|264.49854712|20|1|1|3|1|1|1|1
3466842|1|1|1|264.49854712|20|1|1|3|1|1|1|1
3466843|1|1|1|212.54347537|20|1|1|1|2|2|1|1
3466844|1|1|1|585.06493741|20|1|1|1|2|2|1|1
3466845|1|1|1|212.54347537|20|1|1|1|2|2|1|1
3466846|1|1|1|850.17390147|20|1|1|1|2|2|1|1
3466847|1|1|1|765.15651132|20|1|1|2|1|1|1|1
3466848|1|1|1|228.25290816|20|1|1|1|1|1|1|1
3466849|1|1|1|191.28912783|20|2|1|1|1|1|1|1
3466850|1|1|1|191.28912783|20|2|1|1|1|1|1|1
3466851|1|1|1|191.28912783|20|2|1|1|1|1|1|1
3466852|1|1|1|487.50645768|20|2|1|2|1|1|1|1
3466853|1|1|1|690.83278638|20|1|1|1|1|1|1|1
3466854|1|1|1|739.31062288|20|1|1|2|1|1|1|1
3466855|1|1|1|509.64807643|20|2|1|2|1|1|1|1
3466857|1|1|1|240.49073032|23|1|1|2|1|1|1|1
3466858|1|1|1|311.32512835|23|1|1|2|1|1|1|1
3466860|1|1|1|193.72570041|23|2|1|3|1|1|1|1
3466862|1|1|1|431.55670622|23|2|1|6|1|1|1|1
3466863|1|1|1|242.9975872|23|2|1|6|1|1|1|1
3466866|1|1|1|175.77498421|23|2|1|1|1|1|1|1
3466868|1|1|1|170.43182374|23|2|1|1|1|1|1|1
3466869|1|1|1|385.65049683|23|1|1|1|1|1|1|1
3466870|1|1|1|360.57421635|23|1|1|1|1|1|1|1
3466871|1|1|1|385.32574579|23|1|1|1|1|1|1|1
3466872|1|1|1|234.7494443|23|1|1|1|1|1|1|1
3466875|1|1|1|202.59657435|23|1|1|1|1|1|1|1
3466876|1|1|1|206.21174312|23|2|1|1|1|1|1|1
3466877|1|1|1|90.60189361|27|1|1|1|2|2|1|1
3466878|1|1|1|52.42159122|27|1|1|1|2|2|1|1
3466879|1|1|1|62.642432202|27|1|1|1|2|2|1|2
3466880|1|1|1|287.32500964|41|2|1|2|1|1|1|1
3466881|1|1|1|211.51372706|41|2|1|2|1|1|1|1
3466882|1|1|1|236.4112274|41|2|1|2|1|1|1|1
3466883|1|1|1|206.73615649|41|2|1|2|1|1|1|1
3466884|1|1|1|301.83850655|41|1|1|2|1|1|1|1
3466885|1|1|1|294.03740122|41|2|1|3|1|1|1|1
3466886|1|1|1|394.01871234|41|2|1|2|1|1|1|1
3466887|1|1|1|132.19051541|44|1|1|2|1|1|1|1
3466888|1|1|1|145.98955454|44|2|1|3|1|1|1|1
3466889|1|1|1|117.53980625|44|1|1|2|1|1|1|1
3466890|1|1|1|125.33591937|44|1|1|2|1|1|1|1
3466892|1|1|1|127.18353952|44|2|1|2|1|1|1|1
3466893|1|1|1|144.62943632|44|1|1|1|1|2|1|1
3466894|1|1|1|431.81964532|47|2|1|5|1|1|1|1
3466895|1|1|1|563.49297875|47|2|1|5|1|1|1|1
3466896|1|1|1|473.39533978|47|2|1|5|1|1|1|1
3466897|1|1|1|423.53191569|47|2|1|5|1|1|1|1
3466898|1|1|1|456.98632683|47|2|1|5|1|1|1|1
3466899|1|1|1|431.81964532|47|2|1|5|1|1|1|1
3466900|1|1|1|466.58876562|47|2|1|5|1|1|1|1
3466901|1|1|1|456.98632683|47|2|1|5|1|1|1|1
3466909|1|1|1|491.35613862|47|1|1|3|1|1|1|1
3466910|1|1|1|369.00624803|47|1|1|3|1|1|1|1
3466913|1|1|1|658.42476142|50|1|1|3|1|1|1|1
3466914|1|1|1|430.98345485|50|1|1|3|1|1|1|1
3466915|1|1|1|647.87835797|50|2|1|2|1|1|1|1
3466916|1|1|1|251.14512927|50|1|1|3|1|1|1|1
3466917|1|1|1|404.59148116|50|2|1|2|1|1|1|1
3466918|1|1|1|226.60006796|50|2|1|3|1|1|1|1
3466919|1|1|1|352.82312965|50|1|1|3|1|1|1|1
3466920|1|1|1|661.54336809|50|2|1|4|1|1|1|1
3466921|1|1|1|443.47907268|50|2|1|3|1|1|1|1
3466922|1|1|1|607.6555854|50|1|1|1|1|1|1|1
3466923|1|1|1|446.65048694|50|2|1|1|1|1|1|1
3466924|1|1|1|150.16642801|52|2|1|3|1|1|1|1
3466925|1|1|1|322.11426672|52|2|1|2|2|1|1|1
3466926|1|1|1|344.65998779|52|2|1|2|2|1|1|1
3466927|1|1|1|306.14684299|52|2|1|2|2|1|1|1
3466928|1|1|1|231.23435227|52|2|1|2|1|1|1|1
3466929|1|1|1|231.23435227|52|2|1|2|2|1|1|1
3466930|1|1|1|296.20042719|52|2|1|2|1|1|1|1
3466931|1|1|1|184.22992401|52|1|1|2|2|1|1|1
3466932|1|1|1|236.40120153|52|1|1|2|2|1|1|1
3466933|1|1|1|311.14560677|52|1|1|3|2|1|1|1
3466934|1|1|1|306.14684299|52|2|1|3|2|1|1|1
3466935|1|1|1|285.64260097|52|2|1|3|2|1|1|1
3466936|1|1|1|285.64260097|52|2|1|3|2|1|1|1
3466937|1|1|1|214.32497886|52|2|1|3|2|1|1|1
3466938|1|1|1|282.37430228|52|2|1|3|2|1|1|1
3466939|1|1|1|267.87695215|52|2|1|3|2|1|1|1
3466940|1|1|1|289.06653544|52|1|1|3|2|1|1|1
3466941|1|1|1|238.91061563|52|1|1|3|2|1|1|1
3466942|1|1|1|277.42376044|52|2|1|3|2|1|1|1
3466943|1|1|1|245.68058622|52|4|1|3|2|1|1|1
3466944|1|1|1|260.7906104|52|4|1|3|2|1|1|1
3466945|1|1|1|224.95989422|52|2|1|2|2|1|1|1
3466946|1|1|1|197.54036066|52|2|1|3|2|1|1|1
3466947|1|1|1|285.64260097|52|2|1|2|2|1|1|1
3466948|1|1|1|199.54450695|52|2|1|2|2|1|1|1
3466949|1|1|1|339.75801505|52|1|1|2|1|1|1|1
3466950|1|1|1|148.5692758|52|2|1|3|1|1|1|1
3466951|1|1|1|295.00588861|52|2|1|2|2|1|1|1
3466952|1|1|1|208.6430121|52|1|1|1|1|1|1|1
3466953|1|1|1|411.88540281|52|2|1|1|2|1|1|1
3466954|1|1|1|452.07148439|54|2|1|3|1|1|1|1
3466955|1|1|1|452.07148439|54|1|1|3|1|1|1|1
3466956|1|1|1|1808.2859375|54|2|1|3|2|1|1|1
3466957|1|1|1|288.9754767|54|1|1|2|1|1|1|1
3466958|1|1|1|288.9754767|54|1|1|2|1|1|1|1
3466959|1|1|1|792.2554926|54|2|1|4|1|1|1|1
3466960|1|1|1|492.57183529|54|2|1|4|1|1|1|1
3466961|1|1|1|752.40710771|54|2|1|4|1|1|1|1
3466962|1|1|1|492.57183529|54|2|1|4|1|1|1|1
3466963|1|1|1|862.33261775|54|2|1|4|1|1|1|1
3466964|1|1|1|759.71714055|54|1|1|4|2|1|1|1
3466965|1|1|1|544.81557696|54|1|1|4|1|1|1|1
3466966|1|1|1|345.06091458|54|1|1|3|1|1|1|1
3466967|1|1|1|854.68178312|54|1|1|1|2|2|1|2
3466968|1|1|1|452.91099571|54|2|1|2|1|1|1|1
3466969|1|1|1|821.10568063|54|2|1|1|1|1|1|1
3466970|1|1|1|1384.8090366|54|1|1|2|1|1|1|1
3466971|1|1|1|208.30025536|54|1|1|1|1|1|1|1
3466972|1|1|1|159.65167837|54|1|1|1|2|1|1|1
3466973|1|1|1|96.302322506|54|1|1|1|2|1|1|1
3466974|1|1|1|59.874386713|54|1|1|2|2|1|1|1
3466975|1|1|1|99.608823664|54|2|1|1|2|1|1|1
3466976|1|1|1|122.42460235|54|1|1|1|2|1|1|1
3466977|1|1|1|208.30025536|54|2|1|1|2|1|1|1
3466978|1|1|1|95.35240293|54|1|1|1|2|1|1|1
3466979|1|1|1|96.963089144|54|1|1|1|2|1|1|1
3466980|1|1|1|79.645947238|54|1|1|1|2|1|1|1
3466981|1|1|1|608.3205151|54|1|1|2|1|1|1|1
3466983|1|1|1|207.38842024|63|1|1|2|1|1|1|1
3466987|1|1|1|396.33229692|63|2|1|5|1|1|1|1
3466988|1|1|1|212.26617981|63|2|1|5|1|1|1|1
3466993|1|1|1|767.27288691|66|1|1|1|2|1|1|1
3466994|1|1|1|875.03199954|66|2|1|2|2|1|1|1
3466995|1|1|1|378.12281635|66|2|1|3|1|1|1|1
3466996|1|1|1|595.10871687|66|2|1|3|1|1|1|1
3466997|1|1|1|359.45862415|66|2|1|3|1|1|1|1
3466998|1|1|1|434.35646597|66|2|1|3|1|1|1|1
3466999|1|1|1|653.62274014|66|2|1|3|1|1|1|1
3467000|1|1|1|511.46020914|66|2|1|3|1|1|1|1
3467001|1|1|1|521.92829306|66|2|1|1|1|1|1|1
3467002|1|1|1|395.850465|66|2|1|1|1|1|1|1
3467003|1|1|1|867.67536862|66|1|1|2|1|1|1|1
3467004|1|1|1|620.49502213|66|2|1|1|1|1|1|1
3467006|1|1|1|559.41505111|66|2|1|3|1|1|1|1
3467007|1|1|1|683.85950577|66|1|1|2|1|1|1|1
3467012|1|1|1|429.58984693|68|2|1|3|1|1|1|1
3467013|1|1|1|800.82582532|68|2|1|3|1|1|1|1
3467014|1|1|1|1373.650835|68|2|1|3|1|1|1|1
3467016|1|1|1|389.54166126|68|2|1|3|1|1|1|1
3467022|1|1|1|698.42156578|68|2|1|4|1|1|1|1
3467030|1|1|1|173.93936827|70|1|1|2|1|1|1|1
3467031|1|1|1|204.98078608|70|2|1|2|1|1|1|1
3467038|1|1|1|210.57173437|70|2|1|2|1|1|1|1
3467044|1|1|1|101.37164569|70|2|1|1|1|1|1|1
3467045|1|1|1|189.78756638|70|2|1|2|1|1|1|1
3467046|1|1|1|215.35745561|70|1|1|2|1|1|1|1
3467047|1|1|1|195.78224526|70|1|1|2|1|1|1|1
3467048|1|1|1|118.79489729|70|1|1|2|1|1|1|1
3467049|1|1|1|130.57465443|70|1|1|2|1|1|1|1
3467051|1|1|1|295.77602367|70|1|1|1|1|1|1|1
3467057|1|1|1|228.80826593|70|1|1|1|1|1|1|1
3467059|1|1|1|147.67368385|70|1|1|1|2|1|1|1
3467060|1|1|1|447.69562613|73|1|1|3|1|1|1|1
3467061|1|1|1|209.12007909|73|2|1|3|1|1|1|1
3467062|1|1|1|279.68632535|73|2|1|3|1|1|1|1
3467063|1|1|1|247.89075736|73|2|1|4|1|1|1|1
3467065|1|1|1|267.84020182|73|2|1|3|1|1|1|1
3467066|1|1|1|799.44389422|73|2|1|2|1|1|1|1
3467067|1|1|1|407.87860493|73|2|1|3|1|1|1|1
3467068|1|1|1|606.86715011|73|1|1|2|1|1|1|1
3467069|1|1|1|1799.2613161|76|2|1|3|1|1|1|1
3467070|1|1|1|1735.5572148|76|2|1|3|1|1|1|1
3467071|1|1|1|1010.9710525|76|2|1|3|1|1|1|1
3467072|1|1|1|2385.7722201|76|1|1|2|1|1|1|1
3467073|1|1|1|1737.8474695|76|1|1|1|1|1|1|1
3467074|1|1|1|1361.2576601|76|2|1|2|1|1|1|1
3467075|1|1|1|1026.1807991|76|2|1|5|1|1|1|1
3467076|1|1|1|1601.9285377|76|1|1|5|1|1|1|1
3467077|1|1|1|46.467913874|88|2|1|1|2|2|1|2
3467078|1|1|1|32.85380444|88|2|1|2|2|2|1|2
3467079|1|1|1|44.638910216|88|2|1|2|2|2|1|1
3467080|1|1|1|16.657892026|88|1|1|2|2|2|1|1
3467081|1|1|1|39.119037471|88|2|1|2|2|1|1|1
3467082|1|1|1|1396.4730975|08|2|1|4|1|1|1|1
3467083|1|1|1|1196.2872916|08|2|1|4|1|1|1|1
3467087|1|1|1|1275.4723583|08|2|1|4|1|1|1|1
3467088|1|1|1|1396.4730975|08|2|1|4|1|1|1|1
3467089|1|1|1|1001.5352131|08|2|1|4|1|1|1|1
3467090|1|1|1|1086.1540071|08|2|1|4|1|1|1|1
3467094|1|1|1|1378.2725648|08|2|1|3|1|1|1|1
3467102|1|1|1|1514.321623|08|2|1|2|1|1|1|1
3467105|1|1|1|6819.7332439|11|2|1|2|1|1|1|1
3467106|1|1|1|9917.5523534|11|2|1|3|1|1|1|1
3467107|1|1|1|13350.614936|11|2|1|2|1|1|1|1
3467108|1|1|1|8514.8204794|11|2|1|4|1|1|1|1
3467109|1|1|1|6711.2960618|11|2|1|4|1|1|1|1
3467110|1|1|1|10857.707601|11|2|1|3|1|1|1|1
3467124|1|1|1|299.90290541|17|2|1|3|1|1|1|1
3467132|1|1|1|142.74384784|18|2|1|2|1|1|1|1
3467135|1|1|1|121.70029012|18|2|1|1|1|1|1|1
3467136|1|1|1|148.5080399|18|2|1|1|1|1|1|1
3467137|1|1|1|162.28970075|18|1|1|1|1|1|1|1
3467141|1|1|1|175.20195614|18|1|1|1|1|1|1|1
3467196|1|1|1|198.37391034|20|2|1|1|1|1|1|1
3467242|1|1|1|67.831221076|44|2|1|3|1|1|1|1
3467243|1|1|1|63.413293047|44|2|1|3|1|1|1|1
3467251|1|1|1|125.33591937|44|1|1|1|1|1|1|1
3467258|1|1|1|555.37169542|47|2|1|5|1|1|1|1
3467264|1|1|1|150.05731633|47|1|1|5|1|1|1|1
3467265|1|1|1|245.88543539|47|1|1|5|1|1|1|1
3467266|1|1|1|250.68964215|47|1|1|5|1|1|1|1
3467267|1|1|1|250.68964215|47|1|1|5|1|1|1|1
3467268|1|1|1|236.88391972|47|1|1|5|1|1|1|1
3467269|1|1|1|236.88391972|47|1|1|5|1|1|1|1
3467270|1|1|1|259.69115782|47|1|1|5|1|1|1|1
3467278|1|1|1|558.19551644|50|2|1|4|1|1|1|1
3467282|1|1|1|388.19847896|50|2|1|2|1|1|1|1
3467288|1|1|1|667.57446255|50|2|1|2|1|1|1|1
3467289|1|1|1|418.97746646|50|2|1|3|1|1|1|1
3467299|1|1|1|352.82312965|50|2|1|3|1|1|1|1
3467300|1|1|1|661.54336809|50|2|1|4|1|1|1|1
3467313|1|1|1|196.04651606|52|2|1|2|2|1|1|1
3467314|1|1|1|252.42185142|52|2|1|3|2|1|1|1
3467335|1|1|1|294.75602258|52|2|1|1|2|1|1|1
3467349|1|1|1|994.2715134|54|2|1|4|1|1|1|1
3467350|1|1|1|604.3031023|54|2|1|3|1|1|1|1
3467364|1|1|1|1296.1435518|54|1|1|1|2|1|1|1
3467377|1|1|1|412.98029309|66|2|1|3|1|1|1|1
3467380|1|1|1|489.73173537|66|2|1|6|1|1|1|1
3467382|1|1|1|463.58183496|66|2|1|4|1|1|1|1
3467383|1|1|1|482.86926577|66|3|1|4|1|1|1|1
3467384|1|1|1|461.40026224|66|1|1|4|1|1|1|1
3467388|1|1|1|511.46020914|66|2|1|3|1|1|1|1
3467389|1|1|1|646.03389643|66|2|1|2|1|1|1|1
3467390|1|1|1|778.05840137|66|2|1|2|1|1|1|1
3467393|1|1|1|833.00621426|66|2|1|2|1|1|1|1
3467394|1|1|1|628.24428034|66|2|1|1|1|1|1|1
3467395|1|1|1|356.32876313|66|2|1|4|1|1|1|1
3467396|1|1|1|617.21124011|66|2|1|4|1|1|1|1
3467398|1|1|1|450.19225312|66|2|1|2|1|1|1|1
3467402|1|1|1|839.67956305|66|2|1|3|1|1|1|1
3467406|1|1|1|411.04374551|66|2|1|3|1|1|1|1
3467407|1|1|1|318.782967|66|2|1|3|1|1|1|1
3467410|1|1|1|407.51818827|73|1|1|2|1|1|1|1
3467411|1|1|1|347.90785256|73|1|1|3|1|1|1|1
3467414|1|1|1|279.68632535|73|2|1|4|1|1|1|1
3467415|1|1|1|363.39992349|73|2|1|4|1|1|1|1
3467416|1|1|1|279.68632535|73|2|1|4|1|1|1|1
3467420|1|1|1|534.96142703|73|2|1|3|1|1|1|1
3467422|1|1|1|679.19698044|73|2|1|3|1|1|1|1
3467427|1|1|1|556.5642689|73|1|1|2|1|1|1|1
3467473|1|1|1|52.628839383|88|1|1|1|2|2|1|2
3467487|1|1|1|5415.9792633|11|2|1|1|1|1|1|1
3467494|1|1|1|12198.553625|11|2|1|3|1|1|1|1
3467497|1|1|1|4595.701304|11|1|1|3|1|1|1|1
3467509|1|1|1|9930.8813156|11|3|1|1|1|1|1|1
3467511|1|1|1|4232.7053246|11|2|1|5|1|1|1|1
3467513|1|1|1|1080.0130373|13|1|1|3|1|1|1|1
3467514|1|1|1|109.46401461|18|1|1|1|2|2|1|1
3467515|1|1|1|444.40016904|20|1|1|3|1|1|1|1
3467516|1|1|1|667.21691808|20|1|1|2|1|1|1|1
3467517|1|1|1|294.49929964|23|1|1|2|1|1|1|1
3467518|1|1|1|236.10880439|23|2|1|2|1|1|1|1
3467519|1|1|1|341.85729315|23|1|1|2|1|1|1|1
3467520|1|1|1|271.27394547|23|2|1|1|1|1|1|1
3467521|1|1|1|329.5780954|23|1|1|1|1|1|1|1
3467522|1|1|1|282.23915545|50|1|1|2|1|1|1|1
3467523|1|1|1|195.52570591|52|4|1|3|2|1|1|1
3467524|1|1|1|297.98574608|52|2|1|3|2|1|1|1
3467525|1|1|1|325.42426537|52|2|1|3|2|1|1|1
3467526|1|1|1|277.42376044|52|2|1|3|2|1|1|1
3467527|1|1|1|213.76279541|52|2|1|2|1|1|1|1
3467528|1|1|1|284.87277141|52|2|1|2|2|1|1|1
3467529|1|1|1|406.01971476|52|2|1|2|1|1|1|1
3467530|1|1|1|303.08537456|52|1|1|2|2|1|1|1
3467531|1|1|1|268.57623454|52|1|1|1|1|1|1|1
3467532|1|1|1|378.60731883|54|2|1|2|1|1|1|1
3467533|1|1|1|1094.3328474|54|2|1|2|1|1|1|1
3467534|1|1|1|595.33506848|66|1|1|1|2|1|1|1
3467537|1|1|1|710.40187387|68|2|1|1|1|1|1|1
3467538|1|1|1|800.64802347|68|1|1|4|1|1|1|1
3467539|1|1|1|293.70485115|73|1|1|2|1|1|1|1
3467540|1|1|1|339.05565861|73|2|1|3|1|1|1|1
3467541|1|1|1|435.18917636|73|2|1|3|1|1|1|1
3467542|1|1|1|511.13604592|73|1|1|2|1|1|1|1
3467543|1|1|1|488.48224319|73|1|1|2|1|1|1|1
3467544|1|1|1|1737.2506545|76|2|1|3|2|1|1|1
3467545|1|1|1|45.313174845|88|2|1|1|2|2|1|2
3467550|1|1|1|1618.6242695|66|2|1|2|1|1|1|1
3467551|1|1|1|7146.262974|11|1|1|3|1|1|1|1
3467554|1|1|1|242.95132873|47|1|1|1|1|1|1|1
3467555|1|1|1|950.76586889|54|2|1|4|1|1|1|1
3467556|1|1|1|303.93711851|54|1|1|2|1|1|1|1
3467558|1|1|1|398.14198307|73|2|1|3|1|1|1|1
3467559|1|1|1|2003.7014731|76|2|1|3|1|1|1|1
3467560|1|1|1|1810.1488484|76|2|1|3|1|1|1|1
3467561|1|1|1|37.733752387|88|2|1|2|2|1|1|1
3467562|1|1|1|580.36746804|66|1|1|3|1|1|1|1
3467563|1|1|1|217.60013457|41|1|1|2|1|1|1|1
3467564|1|1|1|336.59075411|54|1|1|3|1|1|1|1
3467565|1|1|1|230.89726654|70|2|1|2|1|1|1|1
3467566|1|1|1|35.639321991|88|2|1|2|2|1|1|2
3471758|1|1|1|1201.721019|08|2|1|4|1|1|1|1
3471759|1|1|1|1434.0764783|08|2|1|1|1|1|1|1
3471760|1|1|1|7747.9321719|11|2|1|4|1|1|1|1
3471761|1|1|1|120.70718078|23|2|1|1|1|1|1|1
3471762|1|1|1|119.28398778|27|1|1|1|2|1|1|2
3471763|1|1|1|795.9996026|66|1|1|3|1|1|1|1
3471764|1|1|1|165.49553589|73|2|1|2|1|1|1|1
3471765|1|1|1|189.27374262|73|1|1|2|1|1|1|1
3471766|1|1|1|6158.4236413|11|2|1|4|1|1|1|1
