Directorio|Secuencia_p|Secuencia_encuesta|Orden|Fex_c|area|P5747|P8520S1|P8520S1A1|P8520S2|P8520S3|P8520S4|P8520S5
3441060|1|1|1|3169.4014141|05|2|1|2|1|1|1|1
3441061|1|1|1|2200.2336794|05|2|1|2|1|1|1|1
3441062|1|1|1|3548.8514512|05|2|1|2|2|1|1|1
3441063|1|1|1|2200.2336794|05|2|1|2|2|1|1|1
3441064|1|1|1|3721.7037922|05|2|1|2|2|1|1|1
3441065|1|1|1|4189.8735954|05|2|1|2|2|1|1|1
3441066|1|1|1|1717.2947953|05|2|1|2|1|1|1|1
3441067|1|1|1|2337.5139472|05|2|1|2|1|1|1|1
3441069|1|1|1|3669.6625066|05|2|1|2|1|1|1|1
3441070|1|1|1|2757.3222047|05|2|1|2|1|1|1|1
3441072|1|1|1|2408.7793279|05|1|1|1|2|1|1|1
3441073|1|1|1|5426.2079657|05|2|1|2|1|1|1|1
3441075|1|1|1|4145.4383654|05|2|1|1|1|1|1|1
3441076|1|1|1|2309.6453685|05|2|1|2|1|1|1|1
3441077|1|1|1|3457.1423815|05|1|1|2|1|1|1|1
3441078|1|1|1|5424.2371661|05|1|1|2|1|1|1|1
3441079|1|1|1|2709.2623887|05|2|1|2|1|1|1|1
3441082|1|1|1|3754.5480313|05|2|1|3|2|1|1|1
3441083|1|1|1|2015.4482141|05|2|1|2|1|1|1|1
3441084|1|1|1|2154.1012845|05|2|1|3|1|1|1|1
3441085|1|1|1|2292.754355|05|2|1|3|1|1|1|1
3441086|1|1|1|2499.5421572|05|2|1|3|2|1|1|1
3441087|1|1|1|4737.4972447|05|2|1|3|1|1|1|1
3441088|1|1|1|3343.1820385|05|2|1|3|2|1|1|1
3441089|1|1|1|2154.1012845|05|2|1|3|1|1|1|1
3441090|1|1|1|2015.4482141|05|2|1|3|1|1|1|1
3441091|1|1|1|2340.7228348|05|2|1|3|1|1|1|1
3441092|1|1|1|2593.6806579|05|2|1|3|2|1|1|1
3441093|1|1|1|2239.4122265|05|2|1|4|1|1|1|1
3441094|1|1|1|1519.6662981|05|2|1|4|1|1|1|1
3441095|1|1|1|1942.7578374|05|2|1|4|1|1|1|1
3441096|1|1|1|1942.7578374|05|2|1|4|1|1|1|1
3441097|1|1|1|1748.5161853|05|2|1|4|1|1|1|1
3441098|1|1|1|2984.6892463|05|2|1|4|1|1|2|1
3441099|1|1|1|1659.0152539|05|2|1|4|1|1|1|1
3441100|1|1|1|3226.7002856|05|2|1|3|1|1|1|1
3441101|1|1|1|2598.5339258|05|2|1|3|1|1|1|1
3441102|1|1|1|2755.1957517|05|2|1|3|1|1|1|1
3441103|1|1|1|2598.5339258|05|2|1|4|1|1|1|1
3441104|1|1|1|2089.3753343|05|2|1|2|1|1|1|1
3441105|1|1|1|7043.5326831|05|2|1|2|1|1|1|1
3441107|1|1|1|1760.8831708|05|2|1|2|2|1|1|1
3441108|1|1|1|4027.2654919|05|2|1|2|1|1|1|1
3441109|1|1|1|4986.2725672|05|2|1|2|1|1|1|1
3441110|1|1|1|2594.8744847|05|2|1|2|1|1|1|1
3441111|1|1|1|2594.8744847|05|2|1|2|1|1|1|1
3441112|1|1|1|3402.8320922|05|2|1|2|1|1|1|1
3441113|1|1|1|2089.3753343|05|2|1|1|2|1|1|1
3441115|1|1|1|1596.394625|05|2|1|4|1|1|1|1
3441116|1|1|1|2205.8577638|05|1|1|4|2|1|1|1
3441117|1|1|1|3169.9783256|05|2|1|4|1|1|1|1
3441118|1|1|1|1816.0430535|05|2|1|2|1|1|1|1
3441119|1|1|1|3048.6391697|05|2|1|2|1|1|1|1
3441120|1|1|1|2096.0335495|05|2|1|2|2|1|1|1
3441122|1|1|1|1920.6299629|05|2|1|2|1|2|1|1
3441123|1|1|1|3015.5324592|05|2|1|4|1|1|1|1
3441124|1|1|1|2648.064981|05|1|1|2|1|1|1|1
3441125|1|1|1|1979.835372|05|1|1|2|1|1|1|1
3441128|1|1|1|1206.0843636|05|2|1|5|1|1|1|1
3441129|1|1|1|2436.9189963|05|2|1|5|1|1|1|1
3441130|1|1|1|1712.488298|05|2|1|5|1|1|1|1
3441131|1|1|1|1206.0843636|05|2|1|5|1|1|1|1
3441132|1|1|1|3219.0335398|05|2|1|5|1|1|1|1
3441133|1|1|1|3331.5861569|05|2|1|5|1|1|1|1
3441134|1|1|1|2522.9610305|05|2|1|5|1|1|1|1
3441135|1|1|1|1431.0789961|05|2|1|5|1|1|1|1
3441137|1|1|1|2083.7837675|05|2|1|5|1|1|1|1
3441138|1|1|1|1947.9282894|05|2|1|5|1|1|1|1
3441139|1|1|1|4087.5857715|05|2|1|2|1|1|1|1
3441140|1|1|1|4921.1263276|05|2|1|2|1|1|1|1
3441141|1|1|1|2083.0876215|05|2|1|3|1|1|1|1
3441142|1|1|1|3269.3963285|05|2|1|2|1|1|1|1
3441143|1|1|1|3542.6877062|05|2|1|2|1|1|1|1
3441144|1|1|1|2036.2209716|05|2|1|2|1|1|1|1
3441147|1|1|1|1920.3124468|05|2|1|2|1|1|1|1
3441148|1|1|1|3031.321048|05|2|1|2|1|1|1|1
3441149|1|1|1|2515.1980735|05|2|1|3|1|1|1|1
3441150|1|1|1|2591.0881268|05|2|1|3|1|1|1|1
3441151|1|1|1|4526.7974706|05|2|1|3|1|1|1|1
3441152|1|1|1|2667.0418551|05|2|1|3|1|1|1|1
3441154|1|1|1|2247.4641482|05|2|1|3|1|1|1|1
3441155|1|1|1|2361.5123707|05|2|1|3|1|1|1|1
3441157|1|1|1|2123.8912996|05|2|1|3|1|1|1|1
3441158|1|1|1|1885.8908632|05|2|1|3|1|1|1|1
3441159|1|1|1|1345.4645132|05|2|1|3|1|1|1|1
3441160|1|1|1|1426.6756761|05|2|1|3|1|1|1|1
3441161|1|1|1|3524.7758718|05|2|1|3|1|1|1|1
3441162|1|1|1|2898.5172946|05|2|1|3|1|1|1|1
3441163|1|1|1|2728.2897625|05|2|1|3|1|1|1|1
3441164|1|1|1|2377.9550553|05|2|1|3|1|1|1|1
3441165|1|1|1|4274.7282526|05|2|1|3|1|1|1|1
3441166|1|1|1|3354.5483397|05|2|1|3|1|1|1|1
3441167|1|1|1|2898.5172946|05|2|1|3|1|1|1|1
3441168|1|1|1|2814.8667329|05|2|1|3|2|1|1|1
3441169|1|1|1|2129.4455462|05|2|1|3|1|1|1|1
3441170|1|1|1|2728.2897625|05|2|1|3|1|1|1|1
3441171|1|1|1|1699.670286|05|2|1|2|1|1|1|1
3441172|1|1|1|2531.6922135|05|2|1|2|1|1|1|1
3441173|1|1|1|1870.0111578|05|2|1|2|1|1|1|1
3441174|1|1|1|2237.478636|05|2|1|2|1|1|1|1
3441175|1|1|1|2977.3630337|05|2|1|2|1|1|1|1
3441177|1|1|1|2237.478636|05|2|1|2|1|1|1|1
3441178|1|1|1|1480.1964475|05|2|1|2|1|1|1|1
3441179|1|1|1|1816.0430535|05|2|1|2|1|1|1|1
3441180|1|1|1|1534.1645518|05|2|1|2|1|1|1|1
3441181|1|1|1|1332.2028078|05|1|1|2|1|1|1|1
3441183|1|1|1|4605.1863865|05|2|1|2|1|1|1|1
3441184|1|1|1|5157.249097|05|2|1|3|1|1|1|1
3441185|1|1|1|7364.4427483|05|2|1|3|1|1|1|1
3441186|1|1|1|4846.4806999|05|2|1|2|1|1|1|1
3441187|1|1|1|6266.6881948|05|2|1|2|1|1|1|1
3441188|1|1|1|7798.5113824|05|2|1|2|1|1|1|1
3441189|1|1|1|4108.593552|05|2|1|2|1|1|1|1
3441190|1|1|1|4996.3032638|05|2|1|2|1|1|1|1
3441191|1|1|1|6237.7331295|05|2|1|2|1|1|1|1
3441192|1|1|1|4108.593552|05|2|1|2|1|1|1|1
3441193|1|1|1|4915.9547836|05|1|1|3|1|1|1|1
3441194|1|1|1|4846.4806999|05|2|1|3|1|1|1|1
3441195|1|1|1|4349.8878655|05|2|1|3|1|1|1|1
3441196|1|1|1|4996.3032638|05|2|1|3|1|1|1|1
3441197|1|1|1|4349.8878655|05|1|1|3|1|1|1|1
3441198|1|1|1|4846.4806999|05|2|1|3|1|1|1|1
3441199|1|1|1|3612.0007175|05|1|1|3|1|1|1|1
3441200|1|1|1|5350.0234177|05|1|1|3|1|1|1|1
3441201|1|1|1|4108.593552|05|1|1|3|1|1|1|1
3441202|1|1|1|4349.8878655|05|2|1|3|1|1|1|1
3441203|1|1|1|4222.6065988|05|2|1|3|1|1|1|1
3441204|1|1|1|3567.885275|05|2|1|3|1|1|1|1
3441205|1|1|1|2895.8637482|05|2|1|2|1|1|1|1
3441206|1|1|1|4934.102547|05|2|1|2|1|1|1|1
3441207|1|1|1|3567.885275|05|2|1|2|1|1|1|1
3441208|1|1|1|2981.9213318|05|2|1|2|1|1|1|1
3441209|1|1|1|2720.7379658|05|2|1|2|2|1|1|1
3441210|1|1|1|5659.9775941|05|2|1|2|1|1|1|1
3441211|1|1|1|4397.7323812|05|2|1|2|1|1|1|1
3441212|1|1|1|3157.0471142|05|2|1|2|1|1|1|1
3441213|1|1|1|4037.038488|05|2|1|2|1|1|1|1
3441216|1|1|1|2615.183236|05|2|1|3|1|1|1|1
3441217|1|1|1|4740.5379802|05|2|1|3|1|1|1|1
3441218|1|1|1|3208.550701|05|2|1|3|1|1|1|1
3441219|1|1|1|2325.7980491|05|2|1|3|1|1|1|1
3441220|1|1|1|3208.550701|05|2|1|3|1|1|1|1
3441221|1|1|1|5392.3977586|05|2|1|3|1|1|1|1
3441222|1|1|1|3208.550701|05|2|1|3|1|1|1|1
3441223|1|1|1|4196.0492396|05|2|1|3|1|1|1|1
3441224|1|1|1|3208.550701|05|2|1|3|1|1|1|1
3441225|1|1|1|4872.586745|05|2|1|3|1|1|1|1
3441226|1|1|1|4085.1839244|05|2|1|3|1|1|1|1
3441227|1|1|1|1220.4969602|05|2|1|4|1|1|1|1
3441229|1|1|1|850.38668448|05|2|1|4|1|1|1|1
3441230|1|1|1|798.96001305|05|2|1|4|1|1|1|1
3441231|1|1|1|1312.3135507|05|2|1|4|1|1|1|1
3441233|1|1|1|957.70593926|05|2|1|4|1|1|1|1
3441234|1|1|1|1047.7295872|05|2|1|4|1|1|1|1
3441235|1|1|1|1219.8011964|05|2|1|4|1|1|1|1
3441236|1|1|1|1082.7274794|05|2|1|4|1|1|1|1
3441237|1|1|1|1472.2464772|08|2|1|4|1|1|1|1
3441238|1|1|1|1463.4200987|08|2|1|4|1|1|1|1
3441239|1|1|1|1867.2177825|08|2|1|4|1|1|1|1
3441240|1|1|1|1624.2451199|08|2|1|3|1|1|1|1
3441241|1|1|1|1509.2741535|08|2|1|4|1|1|1|1
3441242|1|1|1|1158.7239706|08|2|1|4|1|1|1|1
3441243|1|1|1|1571.4221708|08|2|1|4|1|1|1|1
3441244|1|1|1|1526.3779934|08|2|1|4|1|1|1|1
3441245|1|1|1|1382.1860023|08|2|1|4|1|1|1|1
3441246|1|1|1|1867.2177825|08|2|1|4|1|1|1|1
3441247|1|1|1|1326.7001599|08|2|1|6|1|1|1|1
3441248|1|1|1|1910.7598084|08|2|1|5|1|1|1|1
3441249|1|1|1|1237.6360391|08|2|1|6|1|1|1|1
3441252|1|1|1|1366.5355861|08|2|1|6|1|1|1|1
3441253|1|1|1|1596.9353531|08|2|1|6|1|1|1|1
3441254|1|1|1|1552.0922914|08|2|1|6|1|1|1|1
3441255|1|1|1|1011.0669695|08|2|1|6|1|1|1|1
3441258|1|1|1|1161.8665886|08|2|1|3|1|1|1|1
3441259|1|1|1|813.46333416|08|2|1|3|1|1|1|1
3441262|1|1|1|1048.4431776|08|2|1|3|1|1|1|1
3441263|1|1|1|1319.1459549|08|2|1|3|1|1|1|1
3441265|1|1|1|1153.048556|08|2|1|3|1|1|1|1
3441266|1|1|1|1424.5117213|08|2|1|3|1|1|1|1
3441269|1|1|1|1618.2214063|08|1|1|1|1|1|1|1
3441270|1|1|1|1376.6095844|08|2|1|1|1|1|1|1
3441271|1|1|1|1313.0182857|08|2|1|1|1|1|1|1
3441273|1|1|1|1520.269715|08|2|1|2|1|1|1|1
3441274|1|1|1|1618.2214063|08|2|1|1|1|1|1|1
3441275|1|1|1|1578.4374484|08|2|1|2|1|1|1|1
3441276|1|1|1|1708.0861048|08|2|1|1|1|1|1|1
3441277|1|1|1|1276.9911422|08|2|1|2|1|1|1|1
3441279|1|1|1|1578.4374484|08|2|1|1|1|1|1|1
3441280|1|1|1|1695.1636389|08|2|1|1|1|1|1|1
3441281|1|1|1|979.74797168|08|1|1|3|1|1|1|1
3441282|1|1|1|1467.4621297|08|1|1|3|1|1|1|1
3441284|1|1|1|1284.8819621|08|2|1|3|1|1|1|1
3441286|1|1|1|1388.2678438|08|2|1|3|1|1|1|1
3441287|1|1|1|1423.8839585|08|2|1|3|1|1|1|1
3441288|1|1|1|1387.5290454|08|1|1|3|1|1|1|1
3441289|1|1|1|871.79706694|08|2|1|3|1|1|1|1
3441290|1|1|1|944.84558474|08|2|1|3|1|1|1|1
3441291|1|1|1|1347.7625567|08|2|1|3|1|1|1|1
3441292|1|1|1|1129.697583|08|1|1|1|1|1|1|1
3441293|1|1|1|1382.2149349|08|1|1|1|1|1|1|1
3441294|1|1|1|1154.428402|08|1|1|1|1|1|1|1
3441296|1|1|1|1204.6759358|08|1|1|1|1|1|1|1
3441297|1|1|1|983.2858836|08|2|1|1|1|1|1|1
3441298|1|1|1|1451.7040889|08|1|1|1|1|1|1|1
3441299|1|1|1|1130.5155399|08|2|1|1|1|1|1|1
3441300|1|1|1|1155.2963014|08|1|1|1|1|1|1|1
3441301|1|1|1|1016.3260177|08|1|1|1|1|1|1|1
3441302|1|1|1|1080.6321551|08|1|1|1|1|1|1|1
3441303|1|1|1|620.74498424|08|2|1|1|1|1|1|1
3441304|1|1|1|863.05141667|08|2|1|1|1|1|1|1
3441305|1|1|1|632.81525952|08|2|1|1|1|1|1|1
3441306|1|1|1|676.14560967|08|2|1|1|1|1|1|1
3441308|1|1|1|759.40410828|08|2|1|1|1|1|1|1
3441309|1|1|1|756.79174495|08|2|1|1|1|1|1|1
3441311|1|1|1|1000.2952406|08|2|1|1|1|1|1|1
3441312|1|1|1|827.05318356|08|2|1|1|1|1|1|1
3441313|1|1|1|991.33146788|08|2|1|1|1|1|1|1
3441314|1|1|1|1310.3541502|08|2|1|1|1|1|1|1
3441315|1|1|1|610.12902912|08|2|1|1|1|1|1|1
3441316|1|1|1|518.42283001|08|2|1|1|1|1|1|1
3441318|1|1|1|1752.262242|08|2|1|1|1|1|1|1
3441319|1|1|1|1045.2026645|08|2|1|1|1|1|1|1
3441321|1|1|1|1049.5467585|08|2|1|1|1|1|1|1
3441322|1|1|1|1369.220537|08|2|1|1|1|1|1|1
3441323|1|1|1|975.30048827|08|2|1|1|1|1|1|1
3441324|1|1|1|1248.6291038|08|2|1|1|1|1|1|1
3441325|1|1|1|985.22572076|08|2|1|1|1|1|1|1
3441326|1|1|1|956.30330886|08|1|1|1|1|1|1|1
3441327|1|1|1|1399.9589686|08|2|1|1|1|1|1|1
3441328|1|1|1|1178.3273467|08|2|1|1|1|1|1|1
3441329|1|1|1|1005.1894838|08|2|1|1|1|1|1|1
3441331|1|1|1|1260.624682|08|2|1|1|1|1|1|1
3441332|1|1|1|1127.1219039|08|2|1|1|1|1|1|1
3441333|1|1|1|961.64787406|08|1|1|2|1|1|1|1
3441334|1|1|1|1093.3941341|08|2|1|2|1|1|1|1
3441335|1|1|1|862.99188503|08|2|1|2|1|1|1|1
3441337|1|1|1|1362.7683162|08|2|1|2|1|1|1|1
3441338|1|1|1|1103.8983702|08|2|1|2|1|1|1|1
3441339|1|1|1|979.66349738|08|2|1|2|1|1|1|1
3441340|1|1|1|993.21313614|08|1|1|2|1|1|1|1
3441341|1|1|1|1060.8377047|08|2|1|1|1|1|1|1
3441342|1|1|1|1091.5286289|08|1|1|2|1|1|1|1
3441343|1|1|1|1136.4749628|08|1|1|2|1|1|1|1
3441345|1|1|1|881.33174593|08|1|1|2|1|1|1|1
3441346|1|1|1|875.34552378|08|1|1|2|1|1|1|1
3441347|1|1|1|1010.6746564|08|1|1|1|1|1|1|1
3441348|1|1|1|889.64830409|08|1|1|1|1|1|1|1
3441349|1|1|1|1117.1690422|08|1|1|1|1|1|1|1
3441350|1|1|1|815.01850039|08|1|1|1|1|1|1|1
3441351|1|1|1|887.57621125|08|1|1|1|1|1|1|1
3441354|1|1|1|1143.432434|08|1|1|2|1|1|1|1
3441355|1|1|1|1822.1006728|08|1|1|2|1|1|1|1
3441356|1|1|1|1058.6063488|08|2|1|2|1|1|1|1
3441357|1|1|1|1011.456469|08|2|1|2|1|1|1|1
3441358|1|1|1|1309.7884954|08|1|1|1|1|1|1|1
3441359|1|1|1|1222.0201662|08|1|1|1|1|1|1|1
3441360|1|1|1|1389.1152623|08|2|1|2|1|1|1|1
3441361|1|1|1|1367.7472511|08|2|1|2|1|1|1|1
3441362|1|1|1|1478.8247103|08|2|1|2|1|1|1|1
3441363|1|1|1|1317.3054551|08|2|1|2|1|1|1|1
3441364|1|1|1|1186.7963264|08|2|1|2|1|1|1|1
3441365|1|1|1|1232.2867489|08|2|1|2|1|1|1|1
3441366|1|1|1|1144.4284737|08|2|1|2|1|1|1|1
3441367|1|1|1|1144.4284737|08|1|1|2|1|1|1|1
3441368|1|1|1|1367.8858439|08|1|1|2|1|1|1|1
3441369|1|1|1|1803.1812747|08|1|1|2|1|1|1|1
3441370|1|1|1|1193.4184071|08|1|1|2|1|1|1|1
3441371|1|1|1|1232.2867489|08|2|1|2|1|1|1|1
3441372|1|1|1|1193.4184071|08|1|1|2|1|1|1|1
3441373|1|1|1|1440.27691|08|1|1|2|1|1|1|1
3441374|1|1|1|1263.5582188|08|1|1|2|1|1|1|1
3441375|1|1|1|1104.8367886|08|2|1|2|1|1|1|1
3441376|1|1|1|1738.9143046|08|2|1|1|1|1|1|1
3441377|1|1|1|1805.0831697|08|2|1|1|1|1|1|1
3441378|1|1|1|2329.480543|08|2|1|1|1|1|1|1
3441381|1|1|1|1882.7397743|08|2|1|1|1|1|1|1
3441382|1|1|1|1704.8834387|08|2|1|1|1|1|1|1
3441383|1|1|1|1892.1832474|08|1|1|1|1|1|1|1
3441386|1|1|1|2765.7644381|08|1|1|2|1|1|1|1
3441387|1|1|1|1577.3248688|08|1|1|3|1|1|1|1
3441388|1|1|1|2303.1550518|08|1|1|2|1|1|1|1
3441389|1|1|1|1987.1545415|08|1|1|3|1|1|1|1
3441390|1|1|1|1909.4979369|08|1|1|2|1|1|1|1
3441391|1|1|1|2076.4101515|08|1|1|2|1|1|1|1
3441392|1|1|1|2063.47634|08|1|1|2|1|1|1|1
3441393|1|1|1|1704.8834387|08|1|1|3|1|1|1|1
3441394|1|1|1|1966.0574871|08|1|1|2|1|1|1|1
3441395|1|1|1|1522.7776776|08|1|1|2|1|1|1|1
3441396|1|1|1|3022.4759171|11|1|1|2|1|1|1|1
3441397|1|1|1|8139.0060097|11|1|1|2|1|1|1|1
3441398|1|1|1|2950.5197058|11|1|1|2|1|1|1|1
3441399|1|1|1|2754.392376|11|1|1|2|1|1|1|1
3441400|1|1|1|4803.8305255|11|1|1|2|1|1|1|1
3441401|1|1|1|11017.569504|11|1|1|2|1|1|1|1
3441402|1|1|1|4011.281226|11|1|1|2|1|1|1|1
3441403|1|1|1|4803.8305255|11|3|1|2|1|1|1|1
3441404|1|1|1|8139.0060097|11|3|1|2|1|1|1|1
3441406|1|1|1|7505.0051624|11|2|1|2|1|1|1|1
3441407|1|1|1|9010.9543045|11|2|1|2|1|1|1|1
3441408|1|1|1|4430.1992624|11|1|1|2|1|1|1|1
3441409|1|1|1|2540.1618579|11|1|1|2|1|1|1|1
3441410|1|1|1|2540.1618579|11|2|1|2|1|1|1|1
3441411|1|1|1|3545.0459918|11|2|1|2|1|1|1|1
3441412|1|1|1|2540.1618579|11|1|1|2|1|1|1|1
3441413|1|1|1|5970.694485|11|2|1|2|1|1|1|1
3441414|1|1|1|5146.6833329|11|2|1|2|1|1|1|1
3441415|1|1|1|5970.694485|11|2|1|2|1|1|1|1
3441416|1|1|1|4430.1992624|11|2|1|2|1|1|1|1
3441417|1|1|1|10790.41172|11|2|1|2|1|1|1|1
3441418|1|1|1|4917.5328429|11|1|1|2|1|1|1|1
3441421|1|1|1|12877.346143|11|1|1|2|1|1|1|1
3441422|1|1|1|13565.010016|11|1|1|2|1|1|1|1
3441423|1|1|1|4917.5328429|11|2|1|2|1|1|1|1
3441425|1|1|1|4590.65396|11|1|1|2|1|1|1|1
3441426|1|1|1|4590.65396|11|2|1|2|1|1|1|1
3441427|1|1|1|6663.5558596|11|2|1|1|1|1|1|1
3441428|1|1|1|6721.6831881|11|2|1|1|1|1|1|1
3441429|1|1|1|3249.3101621|11|3|1|1|1|1|1|1
3441430|1|1|1|4270.0715782|11|3|1|1|1|1|1|1
3441431|1|1|1|8181.8909303|11|2|1|1|1|1|1|1
3441432|1|1|1|4811.9871215|11|2|1|1|1|1|1|1
3441433|1|1|1|4101.665107|11|2|1|1|1|1|1|1
3441434|1|1|1|3876.0227136|11|3|1|1|1|1|1|1
3441435|1|1|1|2622.6841829|11|2|1|1|1|1|1|1
3441436|1|1|1|3989.6598723|11|2|1|1|1|1|1|1
3441437|1|1|1|2677.8814767|11|2|1|3|1|1|1|1
3441438|1|1|1|2806.9666612|11|2|1|3|1|1|1|1
3441439|1|1|1|2868.5608251|11|2|1|3|1|1|1|1
3441440|1|1|1|4670.3907887|11|2|1|3|1|1|1|1
3441441|1|1|1|8528.9179741|11|2|1|3|1|1|1|1
3441443|1|1|1|9499.5000198|11|2|1|3|1|1|1|1
3441444|1|1|1|8874.8417318|11|2|1|3|1|1|1|1
3441445|1|1|1|6942.3404637|11|2|1|3|1|1|1|1
3441446|1|1|1|5701.6867111|11|2|1|3|1|1|1|1
3441447|1|1|1|6111.0925458|11|2|1|2|1|1|1|1
3441448|1|1|1|7669.6332742|11|2|1|2|1|1|1|1
3441449|1|1|1|3926.2497791|11|1|1|2|1|1|1|1
3441451|1|1|1|8741.8953438|11|1|1|2|1|1|1|1
3441452|1|1|1|3166.0185189|11|2|1|2|1|1|1|1
3441453|1|1|1|8879.2069104|11|1|1|2|1|1|1|1
3441455|1|1|1|3169.076721|11|2|1|2|1|1|1|1
3441456|1|1|1|5273.134982|11|2|1|2|1|1|1|1
3441457|1|1|1|7049.7717828|11|2|1|2|1|1|1|1
3441458|1|1|1|3993.4287656|11|2|1|2|1|1|1|1
3441459|1|1|1|3169.076721|11|2|1|2|1|1|1|1
3441460|1|1|1|10476.15865|11|2|1|2|1|1|1|1
3441461|1|1|1|16282.095708|11|2|1|2|1|1|1|1
3441462|1|1|1|7477.5524032|11|2|1|2|1|1|1|1
3441463|1|1|1|16284.857177|11|2|1|2|1|1|1|1
3441464|1|1|1|13778.079689|11|2|1|2|1|1|1|1
3441465|1|1|1|10957.343398|11|2|1|1|1|1|1|1
3441466|1|1|1|4590.65396|11|2|1|2|1|1|1|1
3441468|1|1|1|14581.10166|11|2|1|1|1|1|1|1
3441469|1|1|1|11901.155081|11|2|1|2|1|1|1|1
3441470|1|1|1|8006.3842092|11|2|1|2|1|1|1|1
3441471|1|1|1|6223.371741|11|2|1|2|1|1|1|1
3441472|1|1|1|8190.5130052|11|2|1|2|1|1|1|1
3441473|1|1|1|6767.4670385|11|2|1|2|1|1|1|1
3441474|1|1|1|9076.2248836|11|2|1|2|1|1|1|1
3441475|1|1|1|3290.2765204|11|2|1|2|1|1|1|1
3441476|1|1|1|6682.4716864|11|2|1|2|1|1|1|1
3441477|1|1|1|3290.2765204|11|2|1|2|1|1|1|1
3441478|1|1|1|5356.9988891|11|2|1|2|1|1|1|1
3441479|1|1|1|10896.049893|11|2|1|2|1|1|1|1
3441481|1|1|1|5070.7099992|11|1|1|3|1|1|1|1
3441482|1|1|1|5136.6279224|11|1|1|3|1|1|1|1
3441484|1|1|1|11037.720614|11|2|1|3|1|1|1|1
3441485|1|1|1|8591.1730103|11|2|1|3|1|1|1|1
3441486|1|1|1|2907.4141747|11|1|1|3|1|1|1|1
3441487|1|1|1|3555.929756|11|1|1|3|1|1|1|1
3441488|1|1|1|5890.7821281|11|1|1|3|1|1|1|1
3441489|1|1|1|4837.0073356|11|1|1|3|1|1|1|1
3441490|1|1|1|3255.9638272|11|2|1|3|1|1|1|1
3441491|1|1|1|3487.8057016|11|2|1|3|1|1|1|1
3441492|1|1|1|5678.6021336|11|2|1|3|1|1|1|1
3441493|1|1|1|9359.3893064|11|2|1|3|1|1|1|1
3441494|1|1|1|6596.9870031|11|2|1|3|1|1|1|1
3441496|1|1|1|8441.0044369|11|2|1|3|1|1|1|1
3441497|1|1|1|4321.1312225|11|2|1|3|1|1|1|1
3441498|1|1|1|8563.8262181|11|2|1|3|1|1|1|1
3441499|1|1|1|7343.9258966|11|2|1|2|1|1|1|1
3441501|1|1|1|4284.6103627|11|2|1|2|1|1|1|1
3441502|1|1|1|4501.3557174|11|1|1|2|1|1|1|1
3441503|1|1|1|11269.369227|11|2|1|2|1|1|1|1
3441504|1|1|1|4838.2549483|11|2|1|2|1|1|1|1
3441505|1|1|1|9011.6960177|11|2|1|2|1|1|1|1
3441506|1|1|1|4284.6103627|11|2|1|2|1|1|1|1
3441507|1|1|1|17138.441451|11|2|1|2|1|1|1|1
3441508|1|1|1|8187.5762575|11|1|1|2|1|1|1|1
3441509|1|1|1|4284.6103627|11|2|1|2|1|1|1|1
3441510|1|1|1|2622.6841829|11|2|1|6|1|1|1|1
3441511|1|1|1|4270.0715782|11|2|1|6|1|1|1|1
3441513|1|1|1|2448.3487787|11|2|1|6|1|1|1|1
3441514|1|1|1|2448.3487787|11|2|1|6|1|1|1|1
3441515|1|1|1|5754.8862506|11|2|1|6|1|1|1|1
3441516|1|1|1|2448.3487787|11|2|1|6|1|1|1|1
3441517|1|1|1|3249.3101621|11|2|1|6|1|1|1|1
3441518|1|1|1|8685.2571609|11|2|1|6|1|1|1|1
3441519|1|1|1|2622.6841829|11|2|1|6|1|1|1|1
3441520|1|1|1|8079.8318167|11|2|1|4|1|1|1|1
3441521|1|1|1|3116.6480627|11|2|1|4|1|1|1|1
3441522|1|1|1|3116.6480627|11|2|1|4|1|1|1|1
3441523|1|1|1|8079.8318167|11|2|1|4|1|1|1|1
3441524|1|1|1|9209.4421743|11|2|1|4|1|1|1|1
3441525|1|1|1|4136.2392114|11|2|1|4|1|1|1|1
3441526|1|1|1|3338.5699165|11|2|1|4|1|1|1|1
3441527|1|1|1|4136.2392114|11|2|1|4|1|1|1|1
3441528|1|1|1|3338.5699165|11|2|1|4|1|1|1|1
3441530|1|1|1|3116.6480627|11|2|1|4|1|1|1|1
3441531|1|1|1|5246.0127948|11|1|1|3|1|1|1|1
3441532|1|1|1|4152.5832896|11|1|1|3|1|1|1|1
3441533|1|1|1|3876.5522329|11|2|1|3|1|1|1|1
3441534|1|1|1|11634.822848|11|2|1|3|1|1|1|1
3441535|1|1|1|7441.5009144|11|2|1|3|1|1|1|1
3441536|1|1|1|11454.897347|11|2|1|2|1|1|1|1
3441537|1|1|1|6674.2285872|11|1|1|3|1|1|1|1
3441538|1|1|1|8119.7454298|11|1|1|3|1|1|1|1
3441539|1|1|1|9057.70649|11|1|1|3|1|1|1|1
3441540|1|1|1|13406.359796|11|2|1|3|1|1|1|1
3441541|1|1|1|10490.274413|11|2|1|2|1|1|1|1
3441542|1|1|1|10490.274413|11|2|1|3|1|1|1|1
3441544|1|1|1|9958.4810172|11|2|1|2|1|1|1|1
3441545|1|1|1|3636.951176|11|2|1|2|1|1|1|1
3441546|1|1|1|3802.8920652|11|2|1|2|1|1|1|1
3441547|1|1|1|9016.4340584|11|2|1|2|1|1|1|1
3441548|1|1|1|7027.0141303|11|2|1|2|1|1|1|1
3441549|1|1|1|14200.422916|11|2|1|2|1|1|1|1
3441552|1|1|1|479.52998213|13|2|1|6|1|1|1|1
3441555|1|1|1|678.05456848|13|2|1|6|1|1|1|1
3441556|1|1|1|585.20193664|13|2|1|6|1|1|1|1
3441557|1|1|1|429.86875039|13|2|1|6|1|1|1|1
3441558|1|1|1|414.34956868|13|2|1|6|1|1|1|1
3441560|1|1|1|429.86875039|13|2|1|6|1|1|1|1
3441562|1|1|1|414.54062699|13|1|1|1|1|2|1|1
3441564|1|1|1|663.4881763|13|1|1|1|1|2|1|1
3441565|1|1|1|568.61303733|13|1|1|1|1|2|1|1
3441568|1|1|1|741.67317445|13|2|1|1|1|1|1|1
3441569|1|1|1|482.18981319|13|2|1|1|1|2|1|1
3441570|1|1|1|836.44297156|13|1|1|1|1|2|1|1
3441571|1|1|1|596.9018834|13|2|1|1|1|2|1|1
3441572|1|1|1|531.39412911|13|1|1|1|1|2|1|1
3441573|1|1|1|430.10568389|13|2|1|4|1|1|1|1
3441575|1|1|1|323.88776868|13|2|1|4|1|1|1|1
3441576|1|1|1|442.32545087|13|2|1|4|1|1|1|1
3441577|1|1|1|424.86106612|13|2|1|4|1|1|1|1
3441578|1|1|1|458.92517821|13|2|1|4|1|1|1|1
3441579|1|1|1|397.93458893|13|2|1|4|1|1|1|1
3441580|1|1|1|380.70307926|13|2|1|4|1|1|1|1
3441581|1|1|1|584.72684093|13|2|1|4|1|1|1|1
3441583|1|1|1|843.51671497|13|1|1|1|1|1|1|1
3441584|1|1|1|520.38358055|13|2|1|1|1|1|1|1
3441586|1|1|1|889.90071981|13|1|1|1|1|1|1|1
3441587|1|1|1|533.36801232|13|2|1|1|1|1|1|1
3441588|1|1|1|708.21092279|13|1|1|1|1|1|1|1
3441589|1|1|1|786.25639326|13|1|1|1|1|1|1|1
3441590|1|1|1|585.03540532|13|2|1|1|1|1|1|1
3441591|1|1|1|665.51131834|13|2|1|1|1|1|1|1
3441592|1|1|1|583.10664376|13|2|1|1|1|1|1|1
3441593|1|1|1|567.03383928|13|2|1|1|1|1|1|1
3441594|1|1|1|536.93718472|13|2|1|1|1|1|1|1
3441595|1|1|1|828.88368057|13|2|1|1|1|1|1|1
3441596|1|1|1|609.68669088|13|2|1|1|1|1|1|1
3441597|1|1|1|651.12049894|13|1|1|1|1|1|1|1
3441598|1|1|1|697.36663251|13|2|1|1|1|1|1|1
3441599|1|1|1|567.03383928|13|1|1|1|1|1|1|1
3441600|1|1|1|696.54872636|13|1|1|1|1|1|1|1
3441601|1|1|1|863.30124685|13|2|1|1|1|1|1|1
3441602|1|1|1|872.58228852|13|2|1|1|1|1|1|1
3441603|1|1|1|909.9137291|13|2|1|1|1|1|1|1
3441604|1|1|1|777.25257303|13|2|1|1|1|1|1|1
3441605|1|1|1|669.43447493|13|2|1|1|1|1|1|1
3441606|1|1|1|610.64202055|13|2|1|1|1|1|1|1
3441607|1|1|1|840.08481139|13|2|1|1|1|1|1|1
3441609|1|1|1|574.6233706|13|2|1|1|1|1|1|1
3441610|1|1|1|706.79050592|13|2|1|1|1|1|1|1
3441611|1|1|1|688.38776732|13|2|1|1|1|1|1|1
3441612|1|1|1|485.00269409|13|2|1|1|1|1|1|1
3441613|1|1|1|485.83165302|13|2|1|1|1|1|1|1
3441614|1|1|1|654.3126444|13|1|1|1|1|1|1|1
3441615|1|1|1|624.96366794|13|2|1|1|1|1|1|1
3441617|1|1|1|707.49915285|13|2|1|1|1|1|1|1
3441618|1|1|1|561.85576573|13|2|1|1|1|1|1|1
3441619|1|1|1|666.24090538|13|2|1|1|1|1|1|1
3441620|1|1|1|566.39261136|13|2|1|1|1|1|1|1
3441621|1|1|1|454.1267928|13|2|1|1|1|1|1|1
3441622|1|1|1|637.42598541|13|2|1|1|1|1|1|1
3441623|1|1|1|666.24090538|13|2|1|1|1|1|1|1
3441624|1|1|1|385.75185055|13|2|1|1|1|1|1|1
3441625|1|1|1|532.6010623|13|2|1|1|1|1|1|1
3441626|1|1|1|778.70329349|13|2|1|1|1|1|1|1
3441627|1|1|1|706.79050592|13|2|1|2|1|1|1|1
3441628|1|1|1|652.05249794|13|1|1|2|1|1|1|1
3441629|1|1|1|574.69645873|13|2|1|2|1|1|1|1
3441630|1|1|1|840.08481139|13|2|1|2|1|1|1|1
3441631|1|1|1|688.38776732|13|2|1|2|1|1|1|1
3441632|1|1|1|617.09674129|13|2|1|2|1|1|1|1
3441633|1|1|1|706.79050592|13|2|1|2|1|1|1|1
3441634|1|1|1|688.38776732|13|2|1|2|1|1|1|1
3441635|1|1|1|705.96154699|13|2|1|2|1|1|1|1
3441636|1|1|1|542.99283435|13|2|1|2|1|1|1|1
3441637|1|1|1|414.54062699|13|2|1|2|1|1|1|1
3441639|1|1|1|463.4470188|13|2|1|3|1|1|1|1
3441640|1|1|1|541.63710842|13|1|1|3|1|1|1|1
3441641|1|1|1|531.56955479|13|2|1|3|1|1|1|1
3441642|1|1|1|686.59206165|13|2|1|3|1|1|1|1
3441643|1|1|1|626.55236721|13|2|1|3|1|1|1|1
3441644|1|1|1|589.67021945|13|2|1|3|1|1|1|1
3441645|1|1|1|608.9675281|13|1|1|3|1|1|1|1
3441646|1|1|1|674.58547824|13|2|1|3|1|1|1|1
3441647|1|1|1|440.46099114|13|2|1|3|1|1|1|1
3441648|1|1|1|675.37759455|13|2|1|3|1|1|1|1
3441650|1|1|1|663.4881763|13|2|1|3|1|1|1|1
3441651|1|1|1|596.9018834|13|2|1|3|1|1|1|1
3441652|1|1|1|866.0442906|13|2|1|3|1|1|1|1
3441654|1|1|1|836.44297156|13|2|1|3|1|1|1|1
3441655|1|1|1|594.89131662|13|2|1|3|1|1|1|1
3441657|1|1|1|606.25608749|13|2|1|3|1|1|1|1
3441658|1|1|1|792.01347179|13|2|1|3|1|1|1|1
3441659|1|1|1|574.69645873|13|2|1|3|1|1|1|1
3441661|1|1|1|524.05796327|13|1|1|3|1|1|1|1
3441662|1|1|1|642.41353067|13|2|1|3|1|1|1|1
3441663|1|1|1|505.76320802|13|2|1|3|1|1|1|1
3441666|1|1|1|735.7870395|13|2|1|3|1|1|1|1
3441667|1|1|1|569.0607121|13|1|1|3|1|1|1|1
3441668|1|1|1|642.41353067|13|1|1|3|1|1|1|1
3441669|1|1|1|828.2214942|13|2|1|3|1|1|1|1
3441671|1|1|1|642.41353067|13|1|1|3|1|1|1|1
3441672|1|1|1|561.4782148|13|1|1|3|1|1|1|1
3441673|1|1|1|474.4571192|13|1|1|3|1|1|1|1
3441674|1|1|1|607.31619321|13|2|1|3|1|1|1|1
3441675|1|1|1|642.41353067|13|2|1|3|1|1|1|1
3441676|1|1|1|445.68673961|13|2|1|2|1|1|1|1
3441677|1|1|1|461.38452283|13|2|1|2|1|1|1|1
3441678|1|1|1|657.61330225|13|2|1|2|1|1|1|1
3441679|1|1|1|405.43464965|13|2|1|2|1|1|1|1
3441680|1|1|1|418.41319246|13|2|1|2|1|1|1|1
3441681|1|1|1|580.34858786|13|2|1|2|1|1|1|1
3441682|1|1|1|362.75430092|13|2|1|2|1|1|1|1
3441683|1|1|1|428.48773318|13|2|1|2|1|1|1|1
3441684|1|1|1|375.11388774|13|2|1|2|1|1|1|1
3441685|1|1|1|627.20875337|13|2|1|2|1|1|1|1
3441686|1|1|1|396.77428307|13|2|1|2|1|1|1|1
3441687|1|1|1|777.25257303|13|2|1|1|1|1|1|1
3441689|1|1|1|757.05771514|13|2|1|1|1|1|1|1
3441690|1|1|1|559.5458524|13|1|1|1|1|1|1|1
3441691|1|1|1|619.12595849|13|1|1|1|1|1|1|1
3441693|1|1|1|861.26646933|13|1|1|1|1|1|1|1
3441694|1|1|1|542.99283435|13|2|1|1|1|1|1|1
3441695|1|1|1|619.12595849|13|1|1|1|1|1|1|1
3441696|1|1|1|928.87652896|13|1|1|1|1|1|1|1
3441697|1|1|1|530.56517017|13|1|1|2|1|1|1|1
3441698|1|1|1|699.50682625|13|2|1|2|1|1|1|1
3441699|1|1|1|617.92570022|13|2|1|2|1|1|1|1
3441700|1|1|1|617.09674129|13|2|1|2|1|1|1|1
3441701|1|1|1|685.7666891|13|1|1|2|1|1|1|1
3441702|1|1|1|624.96366794|13|2|1|2|1|1|1|1
3441703|1|1|1|638.12055811|13|2|1|2|1|1|1|1
3441704|1|1|1|524.42924951|13|1|1|2|1|1|1|1
3441705|1|1|1|574.69645873|13|2|1|2|1|1|1|1
3441706|1|1|1|624.89057981|13|2|1|2|1|1|1|1
3441707|1|1|1|777.25257303|13|2|1|2|1|1|1|1
3441708|1|1|1|462.79726942|13|1|1|1|1|1|1|1
3441709|1|1|1|664.5510696|13|2|1|1|1|1|1|1
3441710|1|1|1|353.73760583|13|1|1|1|1|1|1|1
3441711|1|1|1|704.34892436|13|2|1|1|1|1|1|1
3441712|1|1|1|616.54400684|13|1|1|1|1|1|1|1
3441713|1|1|1|788.29854383|13|2|1|1|1|1|1|1
3441714|1|1|1|482.18981319|13|1|1|1|1|1|1|1
3441715|1|1|1|567.41277906|13|1|1|1|1|1|1|1
3441716|1|1|1|571.05461889|13|1|1|1|1|1|1|1
3441717|1|1|1|1023.6521323|13|1|1|1|1|1|1|1
3441718|1|1|1|205.2093986|15|2|1|3|1|1|1|1
3441719|1|1|1|201.63037741|15|1|1|3|1|1|1|1
3441720|1|1|1|201.63037741|15|2|1|3|1|1|1|1
3441721|1|1|1|170.32747121|15|2|1|2|1|1|1|1
3441722|1|1|1|271.4668724|15|2|1|2|1|1|1|1
3441723|1|1|1|160.66107929|15|2|1|2|1|1|1|1
3441724|1|1|1|184.03285551|15|2|1|2|1|1|1|1
3441725|1|1|1|174.45561448|15|2|1|3|1|1|1|1
3441726|1|1|1|180.72558106|15|2|1|2|1|1|1|1
3441728|1|1|1|170.32747121|15|2|1|2|1|1|1|1
3441729|1|1|1|145.80733356|15|2|1|2|1|1|1|1
3441730|1|1|1|188.25014968|15|2|1|2|1|1|1|1
3441731|1|1|1|170.32747121|15|2|1|2|1|1|1|1
3441732|1|1|1|173.89836887|15|2|1|2|1|1|1|1
3441733|1|1|1|162.91726673|15|2|1|3|1|1|1|1
3441734|1|1|1|188.7521146|15|2|1|2|1|1|1|1
3441738|1|1|1|72.273689042|15|1|1|2|1|1|1|1
3441739|1|1|1|103.41002539|15|2|1|2|1|1|1|1
3441740|1|1|1|149.22996408|15|1|1|2|1|1|1|1
3441741|1|1|1|133.42318578|15|2|1|2|1|1|1|1
3441742|1|1|1|157.94379563|15|2|1|2|1|1|1|1
3441743|1|1|1|147.1380764|15|2|1|2|1|1|1|1
3441744|1|1|1|141.56837183|15|1|1|2|1|1|1|1
3441745|1|1|1|182.70572453|15|1|1|2|1|1|1|1
3441746|1|1|1|177.79425071|15|2|1|2|1|1|1|1
3441749|1|1|1|138.49253265|15|2|1|2|1|1|1|1
3441750|1|1|1|223.6703621|15|1|1|2|1|1|1|1
3441751|1|1|1|201.98940418|15|1|1|2|1|1|1|1
3441752|1|1|1|202.54664979|15|2|1|2|1|1|1|1
3441753|1|1|1|160.10383368|15|1|1|2|1|1|1|1
3441754|1|1|1|177.11836329|15|2|1|2|1|1|1|1
3441755|1|1|1|170.32747121|15|1|1|2|1|1|1|1
3441756|1|1|1|197.9165416|15|2|1|2|1|1|1|1
3441757|1|1|1|237.46489729|15|2|1|2|1|1|1|1
3441758|1|1|1|170.32747121|15|2|1|2|1|1|1|1
3441761|1|1|1|66.785239867|15|2|1|1|1|1|1|1
3441762|1|1|1|141.41175877|15|2|1|1|1|1|1|1
3441763|1|1|1|139.21107758|15|2|1|1|1|1|1|1
3441764|1|1|1|61.509522589|15|2|1|1|1|1|1|1
3441765|1|1|1|71.390732902|15|2|1|1|1|1|1|1
3441766|1|1|1|135.40259694|15|2|1|1|1|1|1|1
3441767|1|1|1|153.51910555|15|2|1|1|1|1|1|1
3441768|1|1|1|144.19060287|15|2|1|1|1|1|1|1
3441769|1|1|1|134.85535105|15|2|1|1|1|1|1|1
3441771|1|1|1|140.51373719|15|1|1|2|1|1|1|1
3441772|1|1|1|212.89376241|15|2|1|2|1|1|1|1
3441773|1|1|1|153.29472409|15|1|1|2|1|1|1|1
3441774|1|1|1|178.49079266|15|1|1|2|1|1|1|1
3441775|1|1|1|212.89376241|15|1|1|2|1|1|1|1
3441776|1|1|1|131.2266002|15|2|1|2|1|1|1|1
3441777|1|1|1|235.19914719|15|2|1|2|1|1|1|1
3441778|1|1|1|144.09345031|15|2|1|2|1|1|1|1
3441779|1|1|1|144.09345031|15|2|1|2|1|1|1|1
3441782|1|1|1|96.80938547|15|2|1|3|1|1|1|1
3441783|1|1|1|127.5254705|15|2|1|3|1|1|1|1
3441784|1|1|1|129.88679975|15|2|1|3|1|1|1|1
3441785|1|1|1|119.47266227|15|2|1|3|1|1|1|1
3441786|1|1|1|91.375235519|15|2|1|3|1|1|1|1
3441787|1|1|1|156.32968904|15|2|1|3|1|1|1|1
3441788|1|1|1|122.4161003|15|2|1|3|1|1|1|1
3441789|1|1|1|138.82686416|15|2|1|3|1|1|1|1
3441790|1|1|1|145.43694217|15|2|1|3|1|1|1|1
3441791|1|1|1|156.32968904|15|2|1|3|1|1|1|1
3441792|1|1|1|188.25014968|15|1|1|3|1|1|1|1
3441793|1|1|1|110.40149733|15|1|1|3|1|1|1|1
3441794|1|1|1|180.72558106|15|1|1|3|1|1|1|1
3441795|1|1|1|177.11836329|15|2|1|3|1|1|1|1
3441796|1|1|1|162.91726673|15|2|1|4|1|1|1|1
3441797|1|1|1|225.83739864|15|1|1|3|1|1|1|1
3441798|1|1|1|170.32747121|15|2|1|4|1|1|1|1
3441799|1|1|1|195.57932679|15|2|1|3|1|1|1|1
3441800|1|1|1|117.81170181|15|1|1|3|1|1|1|1
3441801|1|1|1|138.49253265|15|1|1|3|1|1|1|1
3441802|1|1|1|164.06811219|15|2|1|3|1|1|1|1
3441803|1|1|1|132.33447864|15|2|1|3|1|1|1|1
3441804|1|1|1|150.48344624|15|2|1|3|1|1|1|1
3441805|1|1|1|132.33447864|15|1|1|3|1|1|1|1
3441806|1|1|1|153.15022834|15|1|1|3|1|1|1|1
3441807|1|1|1|141.1949645|15|1|1|3|1|1|1|1
3441808|1|1|1|165.54052844|15|1|1|3|1|1|1|1
3441809|1|1|1|93.242989041|15|2|1|3|1|1|1|1
3441810|1|1|1|107.9889147|15|1|1|3|1|1|1|1
3441811|1|1|1|177.97873847|15|2|1|3|1|1|1|1
3441812|1|1|1|126.36635575|15|2|1|3|1|1|1|1
3441813|1|1|1|118.09371337|15|2|1|5|1|1|1|1
3441814|1|1|1|112.9559716|15|2|1|5|1|1|1|1
3441815|1|1|1|81.682779923|15|2|1|5|1|1|1|1
3441816|1|1|1|118.09371337|15|2|1|5|1|1|1|1
3441817|1|1|1|137.50401805|15|2|1|5|1|1|1|1
3441818|1|1|1|111.39168164|15|2|1|5|1|1|1|1
3441819|1|1|1|86.391131764|15|2|1|5|1|1|1|1
3441823|1|1|1|110.45070797|15|2|1|4|1|1|1|1
3441824|1|1|1|166.47637929|15|2|1|4|1|1|1|1
3441825|1|1|1|177.89173457|15|2|1|4|1|1|1|1
3441826|1|1|1|110.45070797|15|2|1|4|1|1|1|1
3441827|1|1|1|177.89173457|15|2|1|4|1|1|1|1
3441828|1|1|1|177.89173457|15|2|1|4|1|1|1|1
3441829|1|1|1|110.45070797|15|2|1|4|1|1|1|1
3441833|1|1|1|187.87527714|15|1|1|3|1|1|1|1
3441834|1|1|1|187.87527714|15|1|1|4|1|1|1|1
3441835|1|1|1|168.13609578|15|1|1|4|1|1|1|1
3441836|1|1|1|183.42958438|15|1|1|4|1|1|1|1
3441837|1|1|1|187.87527714|15|1|1|4|1|1|1|1
3441838|1|1|1|172.41951319|15|1|1|4|1|1|1|1
3441839|1|1|1|262.2479439|15|1|1|4|1|1|1|1
3441840|1|1|1|99.36153649|15|1|1|4|1|1|1|1
3441841|1|1|1|278.24428546|15|1|1|4|1|1|1|1
3441842|1|1|1|213.57872626|15|1|1|4|1|1|1|1
3441843|1|1|1|229.13723251|15|1|1|4|1|1|1|1
3441844|1|1|1|175.44936418|15|1|1|4|1|1|1|1
3441845|1|1|1|175.44936418|15|1|1|4|1|1|1|1
3441848|1|1|1|99.922590264|15|1|1|4|1|1|1|1
3441849|1|1|1|99.922590264|15|1|1|4|1|1|1|1
3441850|1|1|1|104.46751568|15|1|1|4|1|1|1|1
3441851|1|1|1|65.987346091|15|1|1|4|1|1|1|1
3441852|1|1|1|141.23757711|15|1|1|4|1|1|1|1
3441853|1|1|1|99.922590264|15|1|1|4|1|1|1|1
3441854|1|1|1|108.38323852|15|1|1|4|1|1|1|1
3441855|1|1|1|130.7484672|15|1|1|4|1|1|1|1
3441856|1|1|1|70.244846238|15|1|1|4|1|1|1|1
3441857|1|1|1|125.95418415|15|1|1|4|1|1|1|1
3441859|1|1|1|257.45342125|15|1|1|4|1|1|1|1
3441860|1|1|1|198.32310296|15|1|1|4|1|1|1|1
3441861|1|1|1|176.71180193|15|1|1|4|1|1|1|1
3441862|1|1|1|202.54664979|15|2|1|4|1|1|1|1
3441863|1|1|1|202.54664979|15|2|1|4|1|1|1|1
3441864|1|1|1|195.57932679|15|2|1|4|1|1|1|1
3441865|1|1|1|145.80733356|15|2|1|4|1|1|1|1
3441866|1|1|1|174.45561448|15|1|1|4|1|1|1|1
3441867|1|1|1|180.72558106|15|1|1|4|1|1|1|1
3441868|1|1|1|212.11763815|15|1|1|4|1|1|1|1
3441869|1|1|1|202.54664979|15|2|1|4|1|1|1|1
3441870|1|1|1|160.10383368|15|2|1|4|1|1|1|1
3441871|1|1|1|135.03109986|15|1|1|3|1|1|1|1
3441872|1|1|1|135.40259694|15|2|1|3|1|1|1|1
3441873|1|1|1|117.80786795|15|1|1|3|1|1|1|1
3441874|1|1|1|102.16724988|15|1|1|3|1|1|1|1
3441875|1|1|1|153.14760848|15|1|1|2|1|1|1|1
3441876|1|1|1|144.56209994|15|2|1|3|1|1|1|1
3441877|1|1|1|125.22389481|15|2|1|3|1|1|1|1
3441881|1|1|1|262.3672226|17|2|1|4|1|1|1|1
3441882|1|1|1|225.33825752|17|2|1|4|1|1|1|1
3441883|1|1|1|730.23177709|17|2|1|4|1|1|1|1
3441884|1|1|1|476.99047033|17|2|1|4|1|1|1|1
3441885|1|1|1|476.99047033|17|2|1|4|1|1|1|1
3441886|1|1|1|524.13627042|17|2|1|4|1|1|1|1
3441887|1|1|1|254.63580972|17|2|1|4|1|1|1|1
3441888|1|1|1|361.98528534|17|2|1|4|1|1|1|1
3441889|1|1|1|230.46384264|17|2|1|4|1|1|1|1
3441890|1|1|1|730.23177709|17|2|1|4|1|1|1|1
3441891|1|1|1|230.46384264|17|1|1|4|1|1|1|1
3441892|1|1|1|160.71308328|17|1|1|4|1|1|1|1
3441893|1|1|1|370.21074589|17|1|1|4|1|1|1|1
3441895|1|1|1|469.25905745|17|1|1|4|1|1|1|1
3441896|1|1|1|257.24163748|17|1|1|4|1|1|1|1
3441897|1|1|1|464.13347233|17|1|1|4|1|1|1|1
3441898|1|1|1|476.99047033|17|1|1|4|1|1|1|1
3441899|1|1|1|462.94454684|17|1|1|4|1|1|1|1
3441900|1|1|1|383.06774389|17|1|1|4|1|1|1|1
3441901|1|1|1|574.63259552|17|2|1|2|1|1|1|1
3441902|1|1|1|453.9553444|17|1|1|3|1|1|1|1
3441903|1|1|1|560.03567819|17|1|1|3|1|1|1|1
3441904|1|1|1|377.12265159|17|2|1|3|1|1|1|1
3441905|1|1|1|429.32818244|17|2|1|3|1|1|1|1
3441906|1|1|1|570.36851373|17|2|1|3|1|1|1|1
3441908|1|1|1|377.12265159|17|2|1|3|1|1|1|1
3441909|1|1|1|570.36851373|17|2|1|2|1|1|1|1
3441910|1|1|1|767.87845765|17|1|1|2|1|1|1|1
3441911|1|1|1|592.33955783|17|2|1|2|1|1|1|1
3441913|1|1|1|526.74654589|17|1|1|3|1|1|1|1
3441914|1|1|1|668.18394617|17|1|1|3|1|1|1|1
3441915|1|1|1|515.14942657|17|1|1|3|1|1|1|1
3441916|1|1|1|345.69576396|17|2|1|3|1|1|1|1
3441917|1|1|1|522.83780425|17|2|1|3|1|1|1|1
3441918|1|1|1|542.97792801|17|2|1|3|1|1|1|1
3441919|1|1|1|542.97792801|17|2|1|3|1|1|1|1
3441922|1|1|1|542.97792801|17|2|1|3|1|1|1|1
3441923|1|1|1|390.49671903|17|2|1|3|1|1|1|1
3441924|1|1|1|240.49571561|17|2|1|3|1|1|1|1
3441925|1|1|1|240.49571561|17|2|1|3|1|1|1|1
3441926|1|1|1|526.74654589|17|2|1|3|1|1|1|1
3441927|1|1|1|703.88858618|17|2|1|3|1|1|1|1
3441928|1|1|1|584.08473848|17|2|1|3|1|1|1|1
3441929|1|1|1|574.60161583|17|2|1|3|1|1|1|1
3441930|1|1|1|522.83780425|17|2|1|3|1|1|1|1
3441931|1|1|1|593.55650439|17|1|1|3|1|1|1|1
3441932|1|1|1|526.74654589|17|2|1|3|1|1|1|1
3441934|1|1|1|381.95371459|17|1|1|2|1|1|1|1
3441935|1|1|1|1122.3133395|17|2|1|2|1|1|1|1
3441936|1|1|1|423.91515182|17|2|1|2|1|1|1|1
3441937|1|1|1|391.3513458|17|1|1|2|1|1|1|1
3441938|1|1|1|645.32031597|17|2|1|2|1|1|1|1
3441939|1|1|1|464.26953404|17|2|1|2|1|1|1|1
3441940|1|1|1|393.5508339|17|2|1|2|1|1|1|1
3441941|1|1|1|526.74654589|17|2|1|2|1|1|1|1
3441942|1|1|1|522.83780425|17|2|1|2|1|1|1|1
3441943|1|1|1|522.83780425|17|2|1|2|1|1|1|1
3441946|1|1|1|516.40485755|17|2|1|3|1|1|1|1
3441947|1|1|1|307.47694611|17|1|1|3|1|1|1|1
3441948|1|1|1|225.33825752|17|1|1|3|1|1|1|1
3441949|1|1|1|254.63580972|17|1|1|3|1|1|1|1
3441950|1|1|1|160.33047707|17|1|1|3|1|1|1|1
3441952|1|1|1|260.33114602|17|2|1|3|1|1|1|1
3441953|1|1|1|254.63580972|17|2|1|3|1|1|1|1
3441954|1|1|1|218.63935217|17|2|1|3|1|1|1|1
3441955|1|1|1|292.63696994|17|2|1|3|1|1|1|1
3441956|1|1|1|257.92751891|17|2|1|3|1|1|1|1
3441957|1|1|1|245.70029478|17|2|1|3|1|1|1|1
3441958|1|1|1|498.07582635|17|2|1|3|1|1|1|1
3441959|1|1|1|392.22996644|17|2|1|3|1|1|1|1
3441960|1|1|1|218.63935217|17|2|1|3|1|1|1|1
3441961|1|1|1|308.50895491|17|1|1|3|1|1|1|1
3441962|1|1|1|273.79950388|17|2|1|3|1|1|1|1
3441964|1|1|1|140.37041347|17|2|1|3|1|1|1|1
3441965|1|1|1|1122.3133395|17|1|1|6|1|1|1|1
3441967|1|1|1|346.24907457|17|1|1|6|1|1|1|1
3441968|1|1|1|402.09383835|17|1|1|6|1|1|1|1
3441970|1|1|1|511.24068493|17|2|1|6|1|1|1|1
3441971|1|1|1|513.36603834|17|2|1|6|1|1|1|1
3441973|1|1|1|393.5508339|17|2|1|6|1|1|1|1
3441974|1|1|1|442.26053061|17|2|1|6|1|1|1|1
3441975|1|1|1|522.83780425|17|2|1|6|1|1|1|1
3441976|1|1|1|128.26438166|17|1|1|3|1|1|1|1
3441977|1|1|1|584.18542168|17|2|1|3|1|1|1|1
3441978|1|1|1|423.86528538|17|2|1|3|1|1|1|1
3441979|1|1|1|188.92734315|17|2|1|3|1|1|1|1
3441980|1|1|1|273.79522045|17|2|1|3|1|1|1|1
3441981|1|1|1|381.59237626|17|2|1|3|1|1|1|1
3441983|1|1|1|128.26438166|17|1|1|3|1|1|1|1
3441984|1|1|1|302.35372701|17|1|1|3|1|1|1|1
3441985|1|1|1|178.18594381|17|1|1|3|1|1|1|1
3441986|1|1|1|283.40309797|17|1|1|3|1|1|1|1
3441987|1|1|1|214.45004712|17|2|1|3|1|1|1|1
3441988|1|1|1|245.98155689|17|1|1|3|1|1|1|1
3441989|1|1|1|294.3711009|17|2|1|2|1|1|1|1
3441990|1|1|1|641.32190828|17|2|1|2|1|1|1|1
3441991|1|1|1|265.2968766|17|1|1|2|1|1|1|1
3441992|1|1|1|197.54043655|17|2|1|2|2|1|1|1
3441993|1|1|1|333.7627077|17|1|1|2|1|1|1|1
3441994|1|1|1|197.54043655|17|3|1|2|1|1|1|1
3441997|1|1|1|137.4261232|17|3|1|2|1|1|1|1
3441998|1|1|1|298.76445957|17|3|1|2|1|1|1|1
3441999|1|1|1|441.8620883|17|2|1|2|1|1|1|1
3442000|1|1|1|342.81377674|17|2|1|2|1|1|1|1
3442001|1|1|1|160.33047707|17|2|1|2|1|1|1|1
3442002|1|1|1|429.85224139|17|2|1|2|1|1|1|1
3442003|1|1|1|691.18626362|17|2|1|2|1|1|1|1
3442004|1|1|1|348.55853617|17|2|1|2|1|1|1|1
3442005|1|1|1|355.67077473|17|2|1|2|1|1|1|1
3442006|1|1|1|348.92740991|17|2|1|2|1|1|1|1
3442007|1|1|1|361.98528534|17|2|1|2|1|1|1|1
3442009|1|1|1|526.74654589|17|2|1|4|1|1|1|1
3442010|1|1|1|240.49571561|17|2|1|4|1|1|1|1
3442012|1|1|1|570.36226576|17|2|1|4|1|1|1|1
3442013|1|1|1|513.36603834|17|2|1|4|1|1|1|1
3442014|1|1|1|452.67241473|17|2|1|4|1|1|1|1
3442015|1|1|1|526.74654589|17|2|1|4|1|1|1|1
3442016|1|1|1|385.86245622|17|2|1|4|1|1|1|1
3442019|1|1|1|307.23289286|17|1|1|3|2|1|1|1
3442020|1|1|1|658.42382584|17|1|1|3|1|1|1|1
3442021|1|1|1|658.42382584|17|1|1|3|1|1|1|1
3442022|1|1|1|141.09081982|17|1|1|3|1|1|1|1
3442023|1|1|1|343.709301|17|1|1|3|1|1|1|1
3442024|1|1|1|235.89505183|17|1|1|3|1|1|1|1
3442025|1|1|1|419.75161389|17|1|1|3|1|1|1|1
3442026|1|1|1|203.13279042|17|1|1|3|1|1|1|1
3442028|1|1|1|141.09081982|17|1|1|3|1|1|1|1
3442029|1|1|1|224.07951256|17|1|1|3|1|1|1|1
3442031|1|1|1|414.67876176|17|1|1|3|1|1|1|1
3442032|1|1|1|1172.8262952|17|2|1|3|1|1|1|1
3442033|1|1|1|252.85772004|17|2|1|3|1|1|1|1
3442034|1|1|1|362.48877854|17|1|1|3|1|1|1|1
3442035|1|1|1|752.26323161|17|2|1|3|1|1|1|1
3442036|1|1|1|443.81831663|17|1|1|3|1|1|1|1
3442037|1|1|1|637.15839657|17|2|1|3|1|1|1|1
3442038|1|1|1|413.78020531|17|1|1|3|1|1|1|1
3442040|1|1|1|401.58696876|17|2|1|3|1|1|1|1
3442041|1|1|1|389.39373221|17|1|1|3|1|1|1|1
3442042|1|1|1|289.69323676|17|1|1|3|1|1|1|1
3442044|1|1|1|553.82246746|17|1|1|3|1|1|1|1
3442045|1|1|1|553.82246746|17|1|1|3|1|1|1|1
3442046|1|1|1|252.44329132|18|1|1|1|2|1|1|1
3442047|1|1|1|183.2065646|18|1|1|1|2|1|1|1
3442048|1|1|1|199.14702103|18|1|1|1|1|1|1|1
3442049|1|1|1|118.41549591|18|1|1|1|2|1|1|1
3442050|1|1|1|151.58604604|18|1|1|1|1|1|1|1
3442051|1|1|1|125.13278216|18|1|1|1|1|1|1|1
3442052|1|1|1|173.34643144|18|1|1|1|1|2|1|1
3442053|1|1|1|161.53081287|18|1|1|1|1|1|1|1
3442054|1|1|1|145.59793297|18|1|1|1|1|2|1|1
3442055|1|1|1|186.14864974|18|1|1|1|2|1|1|1
3442056|1|1|1|170.31837371|18|1|1|1|2|1|1|1
3442057|1|1|1|88.688189235|18|1|1|2|1|1|1|1
3442058|1|1|1|90.836465977|18|2|1|2|1|1|1|1
3442059|1|1|1|80.845891222|18|2|1|2|1|1|1|1
3442060|1|1|1|121.35469814|18|1|1|2|1|1|1|1
3442061|1|1|1|47.734514621|18|2|1|2|1|1|1|1
3442063|1|1|1|121.35469814|18|2|1|2|1|1|1|1
3442066|1|1|1|99.27927986|18|1|1|2|2|1|1|1
3442067|1|1|1|80.845891222|18|1|1|2|1|1|1|1
3442068|1|1|1|88.688189235|18|1|1|2|1|1|1|1
3442069|1|1|1|116.58373703|18|1|1|1|1|2|1|1
3442070|1|1|1|45.34726246|18|1|1|1|1|1|1|1
3442071|1|1|1|91.151750047|18|1|1|1|1|1|1|1
3442072|1|1|1|122.6454866|18|2|1|1|1|2|1|1
3442073|1|1|1|80.472825987|18|1|1|1|1|1|1|1
3442074|1|1|1|78.274725223|18|1|1|1|1|1|1|1
3442075|1|1|1|117.28999235|18|1|1|1|1|1|1|1
3442077|1|1|1|46.441688924|18|1|1|1|1|1|1|1
3442078|1|1|1|113.8403744|18|1|1|1|1|2|1|1
3442079|1|1|1|71.66731238|18|1|1|1|1|1|1|1
3442080|1|1|1|99.848860422|18|1|1|2|1|1|1|1
3442081|1|1|1|99.27927986|18|1|1|2|1|1|1|1
3442082|1|1|1|78.297884744|18|1|1|2|1|1|1|1
3442083|1|1|1|82.508451313|18|1|1|2|1|1|1|1
3442084|1|1|1|78.297884744|18|1|1|2|1|1|1|1
3442085|1|1|1|44.121660772|18|1|1|2|1|1|1|1
3442086|1|1|1|101.36232071|18|2|1|2|1|1|1|1
3442087|1|1|1|121.35469814|18|2|1|2|1|1|1|1
3442088|1|1|1|47.734514621|18|2|1|2|2|1|1|1
3442089|1|1|1|99.848860422|18|2|1|2|1|1|1|1
3442092|1|1|1|88.288459499|18|1|1|1|1|1|1|1
3442093|1|1|1|102.3968669|18|2|1|1|1|1|1|1
3442094|1|1|1|109.79429722|18|2|1|1|2|1|2|1
3442095|1|1|1|121.79956584|18|1|1|1|1|1|1|1
3442096|1|1|1|78.297884744|18|1|1|1|1|1|1|1
3442097|1|1|1|121.35469814|18|2|1|1|1|1|1|1
3442098|1|1|1|121.35469814|18|2|1|1|2|1|1|1
3442099|1|1|1|88.688189235|18|2|1|1|1|1|1|1
3442100|1|1|1|44.121660772|18|2|1|1|2|1|1|1
3442101|1|1|1|85.695315065|18|2|1|1|1|1|1|1
3442103|1|1|1|104.71888915|18|1|1|1|1|1|1|1
3442104|1|1|1|88.260531346|18|1|1|1|1|1|2|1
3442105|1|1|1|163.35920104|18|1|1|1|2|1|1|1
3442106|1|1|1|65.634957603|18|1|1|1|1|1|1|1
3442107|1|1|1|136.50900981|18|1|1|1|1|1|1|1
3442108|1|1|1|80.809400289|18|1|1|1|1|1|1|1
3442109|1|1|1|165.50227362|18|1|1|1|1|1|1|1
3442110|1|1|1|129.42547079|18|1|1|1|1|1|1|1
3442111|1|1|1|106.77181751|18|1|1|1|1|1|1|1
3442112|1|1|1|93.845048146|18|1|1|1|1|1|1|1
3442114|1|1|1|149.77329063|18|1|1|1|1|1|1|1
3442115|1|1|1|110.41677845|18|1|1|1|1|1|1|1
3442116|1|1|1|66.182491157|18|1|1|1|2|1|1|1
3442117|1|1|1|149.77329063|18|1|1|1|1|1|1|1
3442118|1|1|1|66.182491157|18|1|1|1|1|1|1|1
3442119|1|1|1|133.03228385|18|1|1|1|1|1|1|1
3442120|1|1|1|133.03228385|18|1|1|1|1|1|1|1
3442121|1|1|1|148.22147134|18|1|1|1|1|1|1|1
3442122|1|1|1|100.10622573|18|1|1|1|1|1|1|1
3442123|1|1|1|89.01008025|18|1|1|1|1|1|1|1
3442124|1|1|1|111.2863342|18|1|1|1|1|1|1|1
3442126|1|1|1|96.600350822|18|1|1|1|1|1|1|1
3442127|1|1|1|88.823337881|18|2|1|1|1|1|1|1
3442128|1|1|1|111.16310043|18|1|1|1|1|1|1|1
3442129|1|1|1|193.61666382|18|1|1|1|1|1|1|1
3442130|1|1|1|139.37319097|18|1|1|1|1|1|1|1
3442131|1|1|1|129.42547079|18|1|1|1|1|1|1|1
3442132|1|1|1|77.201290645|18|1|1|1|1|1|1|1
3442133|1|1|1|95.267549161|18|1|1|1|2|1|1|1
3442134|1|1|1|65.634957603|18|1|1|1|1|1|1|1
3442137|1|1|1|124.84287198|18|1|1|1|2|1|1|1
3442138|1|1|1|223.01966623|18|2|1|1|1|1|1|1
3442139|1|1|1|96.960732823|18|1|1|1|1|1|1|1
3442140|1|1|1|157.73109405|18|1|1|1|2|2|1|1
3442141|1|1|1|264.665988|18|1|1|1|1|1|1|1
3442142|1|1|1|171.93951114|18|1|1|1|2|1|1|1
3442143|1|1|1|186.63500688|18|1|1|1|1|1|1|1
3442144|1|1|1|180.14788438|18|1|1|1|2|1|2|2
3442146|1|1|1|157.73109405|18|1|1|1|2|1|1|1
3442147|1|1|1|180.14788438|18|1|1|1|1|1|1|1
3442148|1|1|1|205.89221394|18|2|1|1|1|1|1|1
3442149|1|1|1|119.37752315|18|1|1|1|1|1|1|1
3442151|1|1|1|118.89760369|18|1|1|2|1|1|1|1
3442152|1|1|1|123.07711882|18|1|1|2|1|1|1|1
3442153|1|1|1|120.39069871|18|1|1|2|1|1|1|1
3442154|1|1|1|163.28754295|18|2|1|2|1|1|1|1
3442155|1|1|1|162.6911422|18|2|1|1|1|1|1|1
3442156|1|1|1|137.27579969|18|2|1|2|1|1|1|1
3442158|1|1|1|135.8888612|18|2|1|2|1|1|1|1
3442159|1|1|1|89.903841207|18|1|1|2|1|1|1|1
3442161|1|1|1|163.28754295|18|1|1|2|1|1|1|1
3442163|1|1|1|162.6911422|18|2|1|2|1|1|1|1
3442164|1|1|1|95.198990137|18|1|1|3|1|1|1|1
3442166|1|1|1|110.86023654|18|1|1|3|1|1|1|1
3442167|1|1|1|59.668143276|18|1|1|3|2|1|1|1
3442168|1|1|1|120.91409173|18|1|1|3|1|1|1|1
3442169|1|1|1|110.86023654|18|1|1|3|1|1|1|1
3442171|1|1|1|83.421854776|18|1|1|3|1|1|1|1
3442172|1|1|1|56.483135178|18|1|1|3|1|1|1|1
3442173|1|1|1|108.99393803|18|1|1|3|1|1|1|1
3442174|1|1|1|151.69337268|18|2|1|1|1|1|1|1
3442175|1|1|1|111.66730383|18|1|1|1|1|1|1|1
3442176|1|1|1|110.95921699|18|2|1|1|1|1|1|1
3442177|1|1|1|101.05736403|18|1|1|1|1|1|1|1
3442178|1|1|1|59.668143276|18|1|1|1|1|1|1|1
3442179|1|1|1|151.69337268|18|2|1|1|1|1|1|1
3442180|1|1|1|85.313680133|18|1|1|1|1|1|1|1
3442181|1|1|1|136.07656858|18|1|1|1|1|1|1|1
3442182|1|1|1|107.11914383|18|1|1|1|1|1|1|1
3442183|1|1|1|127.99608363|18|2|1|1|1|1|1|1
3442184|1|1|1|186.14864974|18|1|1|1|1|1|1|1
3442185|1|1|1|186.14864974|18|1|1|1|1|1|1|1
3442186|1|1|1|189.07102144|18|1|1|1|1|1|1|1
3442187|1|1|1|142.7984852|18|1|1|1|1|1|1|1
3442188|1|1|1|261.23085216|18|1|1|1|1|1|1|1
3442189|1|1|1|129.91029431|18|1|1|1|1|1|1|1
3442190|1|1|1|82.728113947|18|1|1|1|1|1|1|1
3442191|1|1|1|146.8085339|18|2|1|1|1|1|1|1
3442193|1|1|1|227.54005902|18|2|1|1|1|1|1|1
3442194|1|1|1|166.29035482|18|1|1|1|1|1|1|1
3442195|1|1|1|121.93613837|18|1|1|1|1|1|1|1
3442196|1|1|1|67.779762214|18|1|1|1|1|1|1|1
3442197|1|1|1|141.19142267|18|1|1|1|1|1|1|1
3442199|1|1|1|89.868138109|18|1|1|1|1|1|1|1
3442200|1|1|1|177.33989591|18|1|1|1|1|1|1|1
3442201|1|1|1|121.26883683|18|2|1|1|1|1|1|1
3442202|1|1|1|185.92176387|18|1|1|1|1|1|1|1
3442203|1|1|1|142.1292712|18|1|1|1|1|1|1|1
3442205|1|1|1|66.182491157|18|1|1|1|1|1|1|1
3442206|1|1|1|146.56525168|18|1|1|1|1|1|1|1
3442208|1|1|1|174.27522246|18|2|1|1|1|1|1|1
3442209|1|1|1|71.697698754|18|2|1|1|1|1|1|1
3442210|1|1|1|71.697698754|18|2|1|1|1|1|1|1
3442211|1|1|1|193.06087396|18|2|1|1|1|1|1|1
3442212|1|1|1|197.20138449|18|1|1|1|1|1|1|1
3442213|1|1|1|198.05296906|18|2|1|1|1|1|1|1
3442214|1|1|1|185.4449879|18|2|1|1|1|1|1|1
3442215|1|1|1|199.99853431|18|1|1|1|1|1|1|1
3442216|1|1|1|178.41573298|18|2|1|1|1|1|1|1
3442217|1|1|1|74.279660311|18|1|1|1|1|1|1|1
3442218|1|1|1|77.568586259|18|1|1|1|1|1|1|1
3442220|1|1|1|202.0720653|19|1|1|3|1|1|1|1
3442221|1|1|1|377.26333684|19|1|1|2|1|1|1|1
3442222|1|1|1|256.4659666|19|1|1|1|1|1|1|1
3442223|1|1|1|342.94087353|19|1|1|3|1|1|1|1
3442224|1|1|1|392.00718258|19|1|1|3|1|1|1|1
3442231|1|1|1|172.10225314|19|2|1|3|1|1|1|1
3442232|1|1|1|147.77822741|19|1|1|3|1|1|1|1
3442233|1|1|1|196.44625905|19|2|1|3|1|1|1|1
3442234|1|1|1|306.58975735|19|1|1|3|1|1|1|1
3442235|1|1|1|147.77822741|19|1|1|3|1|1|1|1
3442236|1|1|1|134.96813798|19|2|1|3|1|1|1|1
3442237|1|1|1|156.73519706|19|2|1|2|1|1|1|1
3442238|1|1|1|206.88571122|19|2|1|3|2|1|1|1
3442239|1|1|1|148.42045137|19|1|1|3|1|1|1|1
3442240|1|1|1|171.47043677|19|1|1|3|2|1|1|1
3442241|1|1|1|215.98109556|19|2|1|3|1|1|1|1
3442243|1|1|1|175.93738652|19|1|1|3|2|1|1|1
3442244|1|1|1|220.78067546|19|1|1|3|1|1|1|1
3442245|1|1|1|175.93738652|19|1|1|4|1|1|1|1
3442246|1|1|1|235.70187437|19|2|1|4|1|1|1|1
3442247|1|1|1|175.28089092|19|1|1|4|2|1|1|1
3442248|1|1|1|137.96742994|19|1|1|4|1|1|1|1
3442249|1|1|1|175.28089092|19|1|1|4|2|1|1|1
3442250|1|1|1|162.84262844|19|1|1|3|1|1|1|1
3442251|1|1|1|216.52027768|19|2|1|3|1|1|1|1
3442252|1|1|1|175.93738652|19|1|1|4|1|1|1|1
3442254|1|1|1|163.23215078|19|2|1|3|1|1|1|1
3442255|1|1|1|170.9234544|19|1|1|2|1|1|1|1
3442256|1|1|1|170.91420321|19|2|1|2|1|1|1|1
3442257|1|1|1|241.89676671|19|1|1|2|1|1|1|1
3442258|1|1|1|145.58815328|19|1|1|2|1|1|1|1
3442259|1|1|1|162.66202726|19|2|1|2|1|1|1|1
3442260|1|1|1|170.34407969|19|2|1|2|1|1|1|1
3442261|1|1|1|152.41816601|19|2|1|2|1|1|1|1
3442264|1|1|1|246.54979008|19|2|1|4|2|1|1|1
3442265|1|1|1|162.87739808|19|1|1|4|1|1|1|1
3442266|1|1|1|228.62724902|19|1|1|4|2|1|1|1
3442267|1|1|1|228.62724902|19|2|1|4|2|1|1|1
3442268|1|1|1|235.02671144|19|2|1|4|2|1|1|1
3442269|1|1|1|205.9900892|19|1|1|4|1|1|1|1
3442270|1|1|1|229.48354764|19|1|1|4|2|1|1|1
3442271|1|1|1|272.59623876|19|2|1|4|2|1|1|1
3442272|1|1|1|270.89467485|19|2|1|4|2|1|1|1
3442273|1|1|1|207.71544989|19|1|1|1|2|1|1|1
3442276|1|1|1|133.4168487|19|1|1|5|1|1|1|1
3442277|1|1|1|206.32700292|19|1|1|4|1|1|1|1
3442278|1|1|1|127.01513834|19|1|1|5|1|1|1|1
3442279|1|1|1|127.4908598|19|1|1|4|1|1|1|1
3442280|1|1|1|109.46535363|19|1|1|4|1|1|1|1
3442281|1|1|1|109.46535363|19|1|1|4|1|1|1|1
3442282|1|1|1|124.41070583|19|1|1|5|1|1|1|1
3442283|1|1|1|91.915568922|19|1|1|4|1|1|1|1
3442284|1|1|1|154.30141024|19|1|1|4|1|1|1|1
3442285|1|1|1|127.01513834|19|1|1|5|1|1|1|1
3442286|1|1|1|135.55168938|19|2|1|4|1|1|1|1
3442288|1|1|1|220.15957313|19|1|1|2|1|1|1|1
3442289|1|1|1|220.15957313|19|1|1|3|1|1|1|1
3442290|1|1|1|189.7399463|19|2|1|3|1|1|1|1
3442291|1|1|1|232.89060385|19|2|1|2|1|1|1|1
3442292|1|1|1|277.30906097|19|2|1|2|1|1|1|1
3442293|1|1|1|281.41559162|19|1|1|2|1|1|1|1
3442294|1|1|1|260.86153874|19|2|1|2|1|1|1|1
3442295|1|1|1|234.95626159|19|1|1|2|2|1|1|1
3442296|1|1|1|178.63028551|19|2|1|2|1|1|1|1
3442301|1|1|1|329.96448748|19|1|1|3|1|1|1|1
3442302|1|1|1|324.20653076|19|1|1|3|1|1|1|1
3442303|1|1|1|249.64722382|19|1|1|3|2|1|1|1
3442304|1|1|1|297.82235823|19|2|1|3|1|1|1|1
3442305|1|1|1|270.36982787|19|1|1|3|1|1|1|1
3442306|1|1|1|236.14068016|19|1|1|3|1|1|1|1
3442307|1|1|1|303.68251012|19|2|1|3|1|1|1|1
3442308|1|1|1|363.27716973|19|1|1|3|2|1|1|1
3442309|1|1|1|352.57552657|19|1|1|3|1|1|1|1
3442310|1|1|1|269.45336241|19|1|1|3|2|1|1|1
3442311|1|1|1|285.67074802|19|2|1|3|1|1|1|1
3442316|1|1|1|314.64507599|19|1|1|2|1|1|1|1
3442317|1|1|1|208.30482689|19|1|1|2|1|1|1|1
3442318|1|1|1|232.81520449|19|1|1|2|1|1|1|1
3442319|1|1|1|291.39547152|19|1|1|1|1|1|1|1
3442320|1|1|1|268.74219066|19|1|1|2|1|1|1|1
3442321|1|1|1|262.37703461|19|1|1|2|2|1|1|1
3442322|1|1|1|232.80357557|19|1|1|2|1|1|1|1
3442323|1|1|1|156.18888552|19|1|1|2|1|1|1|1
3442324|1|1|1|209.07236677|19|1|1|2|2|1|1|1
3442327|1|1|1|169.86522528|19|1|1|4|1|1|1|1
3442328|1|1|1|301.10599895|19|1|1|4|1|1|1|1
3442329|1|1|1|180.20942366|19|1|1|4|1|1|1|1
3442330|1|1|1|146.97804862|19|1|1|4|1|1|1|1
3442331|1|1|1|87.311177231|19|1|1|4|1|1|1|1
3442332|1|1|1|146.43235897|19|1|1|4|1|1|1|1
3442333|1|1|1|213.34003537|19|1|1|4|1|1|1|1
3442334|1|1|1|114.83003485|19|1|1|4|1|1|1|1
3442335|1|1|1|142.89458213|19|1|1|4|1|1|1|1
3442338|1|1|1|239.29283616|19|1|1|2|2|1|1|1
3442339|1|1|1|312.04960398|19|1|1|2|1|1|1|1
3442340|1|1|1|283.66896074|19|1|1|1|1|1|1|1
3442341|1|1|1|249.24849752|19|1|1|2|1|1|1|1
3442342|1|1|1|244.4664557|19|2|1|2|1|1|1|1
3442343|1|1|1|173.93318107|19|1|1|2|2|1|1|1
3442344|1|1|1|322.31934614|19|1|1|2|1|1|1|1
3442345|1|1|1|475.65304973|19|1|1|3|1|1|1|1
3442346|1|1|1|148.82395026|19|2|1|2|1|1|1|1
3442347|1|1|1|327.9910486|19|2|1|2|1|1|1|1
3442348|1|1|1|260.80258296|19|2|1|2|1|1|1|1
3442349|1|1|1|229.4167867|19|1|1|3|1|1|1|1
3442350|1|1|1|246.33319755|19|1|1|3|1|1|1|1
3442351|1|1|1|327.57593969|19|1|1|3|2|1|1|1
3442352|1|1|1|216.74140019|19|1|1|3|1|1|1|1
3442353|1|1|1|325.39896354|19|1|1|3|1|1|1|1
3442354|1|1|1|292.82736596|19|1|1|3|2|1|1|1
3442355|1|1|1|310.65952884|19|1|1|4|2|1|1|1
3442356|1|1|1|224.26001033|19|1|1|3|2|1|1|1
3442357|1|1|1|223.78080885|19|1|1|3|2|1|1|1
3442358|1|1|1|252.4319024|19|1|1|3|1|1|1|1
3442362|1|1|1|117.99848595|19|1|1|2|1|1|1|1
3442363|1|1|1|241.4052615|19|1|1|2|1|1|1|1
3442364|1|1|1|169.7159608|19|1|1|2|1|1|1|1
3442365|1|1|1|171.68677405|19|1|1|2|1|1|1|1
3442366|1|1|1|175.92674765|19|1|1|2|1|1|1|1
3442367|1|1|1|205.39633285|19|1|1|1|1|1|1|1
3442368|1|1|1|216.53006299|19|1|1|2|1|1|1|1
3442369|1|1|1|217.1865586|19|1|1|2|1|1|1|1
3442370|1|1|1|157.92573505|19|1|1|2|1|1|1|1
3442371|1|1|1|195.89569164|19|1|1|2|1|1|1|1
3442374|1|1|1|284.91074625|19|2|1|1|1|1|1|1
3442375|1|1|1|219.40936692|19|2|1|1|1|1|1|1
3442376|1|1|1|207.69237239|19|2|1|1|1|1|1|1
3442377|1|1|1|146.20963316|19|2|1|1|1|1|1|1
3442378|1|1|1|282.96274686|19|2|1|1|1|1|1|1
3442379|1|1|1|179.06797062|19|2|1|1|1|1|1|1
3442380|1|1|1|235.67191425|19|2|1|1|1|1|1|1
3442384|1|1|1|197.03763654|19|1|1|3|1|1|1|1
3442385|1|1|1|471.88253567|19|2|1|3|1|1|1|1
3442386|1|1|1|211.54712979|19|1|1|2|1|1|1|1
3442387|1|1|1|264.31065953|19|1|1|2|1|1|1|1
3442388|1|1|1|281.39077876|19|1|1|3|1|1|1|1
3442389|1|1|1|197.03763654|19|1|1|3|1|1|1|1
3442390|1|1|1|255.51611953|19|1|1|2|1|1|1|1
3442391|1|1|1|288.38379155|19|1|1|3|1|1|1|1
3442392|1|1|1|229.46967085|19|1|1|3|1|1|1|1
3442393|1|1|1|244.84822616|19|1|1|2|1|1|1|1
3442394|1|1|1|282.41775349|19|1|1|3|1|1|1|1
3442395|1|1|1|436.58737124|20|2|1|3|1|1|1|1
3442396|1|1|1|527.01694225|20|2|1|3|1|1|1|1
3442397|1|1|1|546.77262715|20|1|1|3|1|1|1|1
3442398|1|1|1|527.01694225|20|2|1|3|1|1|1|1
3442399|1|1|1|174.83807362|20|2|1|3|1|1|1|1
3442401|1|1|1|600.76373487|20|2|1|3|1|1|1|1
3442402|1|1|1|325.94803018|20|2|1|3|1|1|1|1
3442404|1|1|1|174.83807362|20|2|1|2|1|1|1|1
3442405|1|1|1|600.76373487|20|2|1|3|1|1|1|1
3442408|1|1|1|234.08635197|20|2|1|2|1|1|1|1
3442409|1|1|1|316.0053421|20|1|1|2|1|1|1|1
3442410|1|1|1|436.95537377|20|2|1|2|1|1|1|1
3442412|1|1|1|204.98256907|20|2|1|2|1|1|1|1
3442413|1|1|1|589.08658572|20|2|1|2|1|1|1|1
3442414|1|1|1|523.92213625|20|2|1|2|1|1|1|1
3442415|1|1|1|382.14596641|20|1|1|2|1|1|1|1
3442416|1|1|1|617.88193229|20|2|1|2|1|1|1|1
3442417|1|1|1|560.12442642|20|2|1|3|1|1|1|1
3442419|1|1|1|468.12242097|20|1|1|2|1|1|1|1
3442420|1|1|1|508.12658989|20|2|1|3|1|1|1|1
3442421|1|1|1|241.15596361|20|1|1|3|1|1|1|1
3442422|1|1|1|508.12658989|20|2|1|2|1|1|1|1
3442423|1|1|1|726.91992034|20|2|1|2|1|1|1|1
3442424|1|1|1|365.80858275|20|1|1|2|1|1|1|1
3442425|1|1|1|701.72489205|20|1|1|3|1|1|1|1
3442427|1|1|1|393.3134646|20|1|1|3|1|1|1|1
3442428|1|1|1|385.77557166|20|2|1|3|1|1|1|1
3442429|1|1|1|247.84732714|20|1|1|3|1|1|1|1
3442430|1|1|1|406.56420256|20|3|1|3|1|1|1|1
3442431|1|1|1|160.77064241|20|2|1|3|1|1|1|1
3442432|1|1|1|270.93791728|20|3|1|3|1|1|1|1
3442433|1|1|1|342.71009707|20|2|1|2|1|1|1|1
3442434|1|1|1|215.36656155|20|2|1|3|1|1|1|1
3442436|1|1|1|399.23782473|20|2|1|3|1|1|1|1
3442437|1|1|1|349.23955271|20|1|1|2|1|1|1|1
3442438|1|1|1|300.36527115|20|1|1|2|1|1|1|1
3442439|1|1|1|293.91064624|20|2|1|2|1|1|1|1
3442440|1|1|1|173.58199944|20|2|1|2|1|1|1|1
3442441|1|1|1|183.23086369|20|2|1|2|1|1|1|1
3442442|1|1|1|256.84249157|20|2|1|2|1|1|1|1
3442443|1|1|1|484.65668158|20|1|1|2|1|1|1|1
3442444|1|1|1|321.97367917|20|2|1|2|1|1|1|1
3442445|1|1|1|466.3109215|20|1|1|2|1|1|1|1
3442446|1|1|1|310.83949127|20|1|1|2|1|1|1|1
3442447|1|1|1|238.88451646|20|1|1|2|1|1|1|1
3442448|1|1|1|420.75387305|20|1|1|1|2|2|1|1
3442449|1|1|1|301.61208846|20|1|1|1|2|2|1|1
3442452|1|1|1|252.82399492|20|1|1|1|2|2|1|1
3442453|1|1|1|578.33089841|20|1|1|1|2|2|1|1
3442454|1|1|1|439.22597523|20|1|1|1|2|2|1|1
3442455|1|1|1|226.26979302|20|1|1|1|2|2|1|1
3442456|1|1|1|332.38153756|20|1|1|1|2|2|1|1
3442458|1|1|1|226.26979302|20|1|1|1|2|2|1|1
3442460|1|1|1|607.12289239|20|1|1|1|2|2|1|1
3442461|1|1|1|393.3134646|20|1|1|4|1|1|1|1
3442463|1|1|1|319.61950693|20|1|1|3|1|1|1|1
3442464|1|1|1|385.77557166|20|2|1|4|1|1|1|1
3442465|1|1|1|312.08161398|20|2|1|4|1|1|1|1
3442466|1|1|1|247.84732714|20|2|1|4|1|1|1|1
3442467|1|1|1|389.35442746|20|2|1|4|1|1|1|1
3442470|1|1|1|457.54775145|20|1|1|4|1|1|1|1
3442472|1|1|1|389.35442746|20|2|1|4|1|1|1|1
3442473|1|1|1|247.84732714|20|2|1|4|1|1|1|1
3442477|1|1|1|1090.3798805|20|2|1|3|1|1|1|1
3442480|1|1|1|762.18988483|20|2|1|3|1|1|1|1
3442482|1|1|1|361.73394542|20|2|1|3|1|1|1|1
3442484|1|1|1|168.80917453|20|2|1|1|2|2|1|1
3442485|1|1|1|431.46528868|20|2|1|1|2|2|1|1
3442486|1|1|1|168.80917453|20|1|1|1|2|2|1|1
3442487|1|1|1|365.7318824|20|1|1|1|2|2|1|1
3442488|1|1|1|255.55461071|20|1|1|1|2|2|1|1
3442489|1|1|1|527.91839862|20|2|1|1|2|2|1|1
3442490|1|1|1|350.30301981|20|1|1|1|2|2|1|1
3442491|1|1|1|168.80917453|20|1|1|1|2|2|1|1
3442492|1|1|1|440.09175531|20|2|1|1|2|2|1|1
3442493|1|1|1|378.33175277|20|1|1|1|2|2|1|1
3442495|1|1|1|333.68726418|20|1|1|3|1|1|1|1
3442497|1|1|1|589.34121847|20|1|1|3|1|1|1|1
3442498|1|1|1|289.69515771|20|2|1|3|1|1|1|1
3442499|1|1|1|590.67132907|20|1|1|3|1|1|1|1
3442500|1|1|1|553.4919427|20|2|1|3|1|1|1|1
3442501|1|1|1|508.04885928|20|1|1|3|1|1|1|1
3442503|1|1|1|340.92837895|20|2|1|3|1|1|1|1
3442505|1|1|1|386.53915588|20|1|1|3|1|1|1|1
3442506|1|1|1|356.1074131|20|1|1|3|1|1|1|1
3442507|1|1|1|494.87301823|20|1|1|3|1|1|1|1
3442509|1|1|1|356.1074131|20|1|1|3|1|1|1|1
3442510|1|1|1|444.28121276|20|1|1|3|1|1|1|1
3442511|1|1|1|555.64261853|20|1|1|3|1|1|1|1
3442513|1|1|1|733.80314642|20|1|1|3|1|1|1|1
3442514|1|1|1|204.97990528|20|1|1|3|1|1|1|1
3442515|1|1|1|212.34982688|20|1|1|1|1|1|1|1
3442516|1|1|1|256.41727549|20|2|1|1|1|1|1|1
3442517|1|1|1|347.20793016|20|2|1|1|1|1|1|1
3442518|1|1|1|258.2503334|20|1|1|1|1|1|1|1
3442519|1|1|1|441.9411383|20|1|1|1|1|1|1|1
3442520|1|1|1|372.79018547|20|1|1|1|1|1|1|1
3442521|1|1|1|143.71048133|20|1|1|1|1|1|1|1
3442522|1|1|1|441.9411383|20|1|1|1|1|1|1|1
3442523|1|1|1|128.61651393|20|1|1|1|1|1|1|1
3442525|1|1|1|262.26815154|20|1|1|1|1|1|1|1
3442526|1|1|1|531.93243866|20|1|1|2|1|1|1|1
3442527|1|1|1|395.82126133|20|1|1|2|1|1|1|1
3442528|1|1|1|510.84142751|20|1|1|2|1|1|1|1
3442529|1|1|1|531.93243866|20|1|1|2|1|1|1|1
3442530|1|1|1|564.4809971|20|1|1|2|1|1|1|1
3442531|1|1|1|335.00309019|20|1|1|2|1|1|1|1
3442532|1|1|1|430.95805472|20|1|1|2|1|1|1|1
3442533|1|1|1|581.7784211|20|1|1|2|1|1|1|1
3442534|1|1|1|194.61296713|20|1|1|2|1|1|1|1
3442535|1|1|1|323.02927524|20|1|1|2|1|1|1|1
3442536|1|1|1|342.71009707|20|2|1|2|1|1|1|1
3442537|1|1|1|393.3134646|20|2|1|2|1|1|1|1
3442538|1|1|1|278.1574315|20|2|1|2|1|1|1|1
3442539|1|1|1|374.47951982|20|2|1|1|1|1|1|1
3442540|1|1|1|410.91932255|20|2|1|2|1|1|1|1
3442541|1|1|1|481.92587501|20|2|1|2|1|1|1|1
3442542|1|1|1|378.43855696|20|2|1|2|1|1|1|1
3442543|1|1|1|160.77064241|20|2|1|2|1|1|1|1
3442544|1|1|1|215.36656155|20|2|1|2|1|1|1|1
3442546|1|1|1|468.12242097|20|1|1|1|2|2|1|1
3442547|1|1|1|397.08891112|20|1|1|1|2|2|1|1
3442548|1|1|1|491.75278414|20|2|1|1|2|2|1|1
3442550|1|1|1|275.39570821|20|1|1|1|2|2|1|1
3442551|1|1|1|438.16009431|20|1|1|1|2|2|1|1
3442552|1|1|1|461.90701366|20|1|1|1|2|2|1|1
3442554|1|1|1|241.15596361|20|1|1|1|2|2|1|1
3442555|1|1|1|345.36220378|20|2|1|1|2|2|1|1
3442557|1|1|1|466.93628425|23|2|1|1|1|1|1|1
3442558|1|1|1|232.14929306|23|1|1|1|1|1|1|1
3442559|1|1|1|343.75186643|23|2|1|1|1|1|1|1
3442560|1|1|1|343.0592533|23|2|1|1|1|1|1|1
3442561|1|1|1|171.03592061|23|1|1|1|1|1|1|1
3442562|1|1|1|286.54998654|23|2|1|1|1|1|1|1
3442563|1|1|1|348.31829382|23|2|1|1|1|1|1|1
3442564|1|1|1|312.673647|23|2|1|1|1|1|1|1
3442565|1|1|1|370.71965293|23|2|1|1|1|1|1|1
3442566|1|1|1|246.12689235|23|1|1|1|1|1|1|1
3442569|1|1|1|235.48348928|23|1|1|1|1|1|1|1
3442570|1|1|1|310.43667731|23|2|1|1|1|1|1|1
3442571|1|1|1|289.30352985|23|2|1|1|1|1|1|1
3442572|1|1|1|222.79983907|23|2|1|1|1|1|1|1
3442573|1|1|1|373.8667196|23|2|1|1|1|1|1|1
3442574|1|1|1|270.41235521|23|2|1|1|1|1|1|1
3442575|1|1|1|279.38798857|23|1|1|1|1|1|1|1
3442576|1|1|1|321.24928052|23|2|1|1|1|1|1|1
3442577|1|1|1|281.36704301|23|2|1|1|1|1|1|1
3442579|1|1|1|258.39002295|23|1|1|1|1|1|1|1
3442580|1|1|1|321.24928052|23|2|1|1|1|1|1|1
3442581|1|1|1|311.1787997|23|2|1|1|1|1|1|1
3442584|1|1|1|203.33641925|23|1|1|3|1|1|1|1
3442585|1|1|1|93.558110421|23|1|1|3|1|1|1|1
3442586|1|1|1|144.51881453|23|1|1|3|1|1|1|1
3442587|1|1|1|159.96295039|23|2|1|3|1|1|1|1
3442588|1|1|1|185.51884901|23|1|1|3|1|1|1|1
3442589|1|1|1|134.09339092|23|1|1|3|1|1|1|1
3442590|1|1|1|208.37791169|23|2|1|3|1|1|1|1
3442591|1|1|1|224.05798726|23|2|1|3|1|1|1|1
3442592|1|1|1|192.93377583|23|2|1|3|1|1|1|1
3442593|1|1|1|207.39468732|23|2|1|3|1|1|1|1
3442594|1|1|1|170.388374|23|1|1|3|1|1|1|1
3442595|1|1|1|139.91094591|23|1|1|3|1|1|1|1
3442596|1|1|1|372.72511554|23|2|1|3|1|1|1|1
3442597|1|1|1|551.17886542|23|1|1|3|1|1|1|1
3442598|1|1|1|312.22293476|23|1|1|3|1|1|1|1
3442599|1|1|1|319.38961639|23|2|1|3|1|1|1|1
3442600|1|1|1|234.66343411|23|2|1|3|1|1|1|1
3442604|1|1|1|234.66343411|23|1|1|3|1|1|1|1
3442605|1|1|1|364.66134545|23|2|1|3|1|1|1|1
3442606|1|1|1|372.72511554|23|2|1|3|1|1|1|1
3442607|1|1|1|399.20344681|23|2|1|3|1|1|1|1
3442608|1|1|1|344.47132235|23|1|1|2|1|1|1|1
3442609|1|1|1|339.79620231|23|1|1|2|1|1|1|1
3442610|1|1|1|378.46070234|23|1|1|2|1|1|1|1
3442613|1|1|1|313.00270441|23|2|1|2|1|1|1|1
3442615|1|1|1|309.77460916|23|1|1|2|1|1|1|1
3442616|1|1|1|390.70858441|23|1|1|2|1|1|1|1
3442617|1|1|1|399.34833808|23|2|1|2|1|1|1|1
3442618|1|1|1|328.30017263|23|2|1|2|1|1|1|1
3442619|1|1|1|349.08000613|23|2|1|1|1|1|1|1
3442620|1|1|1|304.2811945|23|1|1|1|1|1|1|1
3442621|1|1|1|301.45902474|23|2|1|1|1|1|1|1
3442622|1|1|1|324.10519249|23|1|1|1|1|1|1|1
3442623|1|1|1|291.74255141|23|1|1|1|1|1|1|1
3442624|1|1|1|158.84095447|23|2|1|1|1|1|1|1
3442625|1|1|1|381.77570896|23|2|1|1|1|1|1|1
3442626|1|1|1|183.53551072|23|1|1|1|1|1|1|1
3442627|1|1|1|190.57646132|23|1|1|1|1|1|1|1
3442628|1|1|1|357.27559088|23|2|1|1|1|1|1|1
3442629|1|1|1|325.59048701|23|1|1|1|1|1|1|1
3442630|1|1|1|274.06657623|23|2|1|1|1|1|1|1
3442631|1|1|1|259.78660396|23|1|1|2|1|1|1|1
3442632|1|1|1|161.37762311|23|1|1|2|1|1|1|1
3442633|1|1|1|198.71336998|23|2|1|2|1|1|1|1
3442634|1|1|1|198.71336998|23|2|1|2|1|1|1|1
3442635|1|1|1|265.28394177|23|2|1|2|1|1|1|1
3442636|1|1|1|212.68643108|23|2|1|2|1|1|1|1
3442637|1|1|1|205.60794281|23|2|1|2|1|1|1|1
3442638|1|1|1|184.37841252|23|1|1|2|1|1|1|1
3442639|1|1|1|128.64240183|23|1|1|2|1|1|1|1
3442641|1|1|1|349.23049533|23|1|1|2|1|1|1|1
3442642|1|1|1|270.97277725|23|1|1|1|1|1|1|1
3442643|1|1|1|391.15097138|23|1|1|1|1|1|1|1
3442644|1|1|1|251.42510798|23|2|1|1|1|1|1|1
3442645|1|1|1|405.75495612|23|2|1|1|1|1|1|1
3442646|1|1|1|175.42145704|23|1|1|1|1|1|1|1
3442647|1|1|1|470.26925582|23|1|1|1|1|1|1|1
3442648|1|1|1|420.1087261|23|1|1|1|1|1|1|1
3442649|1|1|1|329.33067367|23|1|1|1|1|1|1|1
3442650|1|1|1|264.49728041|23|1|1|1|1|1|1|1
3442651|1|1|1|476.22340273|23|2|1|1|1|1|1|1
3442653|1|1|1|254.17052407|23|2|1|1|1|1|1|1
3442654|1|1|1|260.47238961|23|2|1|1|1|1|1|1
3442655|1|1|1|331.32252717|23|2|1|1|1|1|1|1
3442656|1|1|1|116.94763803|23|1|1|1|1|1|1|1
3442657|1|1|1|362.97247581|23|1|1|1|1|1|1|1
3442658|1|1|1|229.58469692|23|1|1|1|1|1|1|1
3442659|1|1|1|235.04401123|23|1|1|1|1|1|1|1
3442663|1|1|1|301.58563769|23|1|1|1|1|1|1|1
3442664|1|1|1|476.22340273|23|1|1|1|1|1|1|1
3442665|1|1|1|353.51075012|23|2|1|1|1|1|1|1
3442666|1|1|1|544.45871371|23|2|1|1|1|1|1|1
3442667|1|1|1|270.97277725|23|2|1|1|1|1|1|1
3442668|1|1|1|299.93053198|23|2|1|1|1|1|1|1
3442669|1|1|1|203.93241431|23|1|1|1|1|1|1|1
3442670|1|1|1|286.60726304|23|2|1|1|1|1|1|1
3442671|1|1|1|290.02695147|23|2|1|1|1|1|1|1
3442672|1|1|1|290.02695147|23|1|1|1|1|1|1|1
3442673|1|1|1|237.69967048|23|1|1|2|1|1|1|1
3442674|1|1|1|161.08393489|23|1|1|2|1|1|1|1
3442675|1|1|1|225.61163594|23|1|1|2|1|1|1|1
3442676|1|1|1|209.9617291|23|1|1|2|1|1|1|1
3442677|1|1|1|343.26074328|23|1|1|2|1|1|1|1
3442678|1|1|1|260.74917353|23|1|1|2|1|1|1|1
3442679|1|1|1|288.89821712|23|1|1|2|1|1|1|1
3442680|1|1|1|209.9617291|23|1|1|2|1|1|1|1
3442682|1|1|1|287.84937189|23|1|1|2|1|1|1|1
3442684|1|1|1|298.57266624|23|1|1|5|1|1|1|1
3442685|1|1|1|285.00307197|23|1|1|5|1|1|1|1
3442686|1|1|1|243.30206434|23|2|1|5|1|1|1|1
3442689|1|1|1|293.01817205|23|2|1|5|1|1|1|1
3442690|1|1|1|219.48794957|23|1|1|5|1|1|2|1
3442691|1|1|1|235.32156169|23|1|1|5|1|1|1|1
3442692|1|1|1|339.4533623|23|2|1|5|1|1|1|1
3442693|1|1|1|323.47215385|23|1|1|5|1|1|1|1
3442694|1|1|1|342.89467598|23|1|1|1|1|1|1|1
3442698|1|1|1|286.51962857|23|1|1|1|1|1|1|1
3442699|1|1|1|314.40251998|23|1|1|1|1|1|1|1
3442700|1|1|1|241.17858708|23|1|1|1|1|1|1|1
3442701|1|1|1|364.45477988|23|1|1|1|1|1|1|1
3442702|1|1|1|189.83229985|23|1|1|1|1|1|1|1
3442703|1|1|1|307.32403171|23|1|1|1|1|1|1|1
3442704|1|1|1|297.55363449|23|1|1|1|1|1|1|1
3442705|1|1|1|185.28208764|23|1|1|1|1|1|1|1
3442706|1|1|1|267.21615324|23|1|1|1|1|1|1|1
3442707|1|1|1|250.49105291|23|1|1|1|1|1|1|1
3442708|1|1|1|169.35798578|23|1|1|1|1|1|1|1
3442709|1|1|1|246.57876665|23|2|1|1|1|1|1|1
3442710|1|1|1|262.56795382|23|1|1|1|1|1|1|1
3442711|1|1|1|297.6396267|23|1|1|1|1|1|1|1
3442714|1|1|1|219.90977776|23|2|1|1|1|1|1|1
3442715|1|1|1|205.82642402|23|1|1|1|1|1|1|1
3442716|1|1|1|220.35685528|23|1|1|1|2|2|1|1
3442717|1|1|1|142.47422786|23|1|1|1|2|2|1|1
3442718|1|1|1|209.88799723|23|1|1|1|2|2|1|1
3442719|1|1|1|209.88799723|23|1|1|1|2|2|1|1
3442720|1|1|1|207.33726195|23|1|1|1|2|2|1|1
3442721|1|1|1|226.29739158|23|1|1|1|2|2|1|1
3442722|1|1|1|177.36819916|23|1|1|1|2|2|1|1
3442723|1|1|1|142.47422786|23|1|1|1|2|2|1|1
3442724|1|1|1|212.80700288|23|1|1|1|2|2|1|1
3442725|1|1|1|209.88799723|23|1|1|1|2|2|1|1
3442726|1|1|1|270.79782145|23|1|1|1|2|2|1|1
3442727|1|1|1|270.79782145|23|1|1|1|2|2|1|1
3442728|1|1|1|193.91512423|23|1|1|1|2|2|1|1
3442729|1|1|1|203.02535213|23|1|1|1|2|2|1|1
3442730|1|1|1|165.06001708|23|1|1|1|2|2|1|1
3442731|1|1|1|186.62071508|23|1|1|1|2|2|1|1
3442732|1|1|1|123.64909069|27|1|1|1|2|2|1|2
3442733|1|1|1|126.68884589|27|1|1|1|2|2|1|1
3442734|1|1|1|79.865417174|27|1|1|1|2|2|1|2
3442735|1|1|1|127.61806301|27|1|1|1|2|2|1|2
3442737|1|1|1|64.930195814|27|1|1|1|2|2|1|1
3442738|1|1|1|157.42702923|27|1|1|1|2|2|1|2
3442741|1|1|1|110.29230165|27|1|1|1|2|2|1|2
3442742|1|1|1|62.879814382|27|1|1|1|2|2|1|1
3442743|1|1|1|82.997200489|27|1|1|1|2|2|2|2
3442744|1|1|1|93.023002879|27|1|1|1|2|2|1|2
3442745|1|1|1|110.19892046|27|1|1|1|2|2|2|2
3442746|1|1|1|54.069130233|27|1|1|1|2|2|2|2
3442747|1|1|1|97.00561219|27|1|1|1|2|2|1|2
3442748|1|1|1|86.554363483|27|1|1|1|2|2|2|2
3442749|1|1|1|78.842305403|27|1|1|1|2|2|1|2
3442750|1|1|1|113.83124757|27|1|1|1|2|2|2|2
3442751|1|1|1|60.79093017|27|1|1|1|2|2|1|2
3442752|1|1|1|60.237599846|27|1|1|1|2|2|1|2
3442753|1|1|1|137.51655816|27|1|1|1|2|1|1|1
3442754|1|1|1|66.934825822|27|1|1|1|2|2|1|1
3442755|1|1|1|90.427874391|27|1|1|1|2|2|2|2
3442757|1|1|1|108.58812877|27|1|1|1|2|2|1|2
3442759|1|1|1|66.934825822|27|1|1|1|2|1|1|1
3442762|1|1|1|116.14277378|27|1|1|1|2|2|1|1
3442763|1|1|1|66.934825822|27|1|1|1|2|2|1|1
3442764|1|1|1|83.648286417|27|1|1|1|2|2|1|1
3442765|1|1|1|160.4172394|27|1|1|1|2|2|1|1
3442767|1|1|1|108.58812877|27|1|1|1|2|2|2|2
3442768|1|1|1|101.18825575|27|1|1|1|2|2|2|2
3442770|1|1|1|66.934825822|27|1|1|1|2|2|1|1
3442771|1|1|1|172.4763742|27|1|1|1|2|2|1|1
3442772|1|1|1|67.713598267|27|1|1|1|2|2|1|1
3442774|1|1|1|48.679873325|27|1|1|1|2|2|1|1
3442776|1|1|1|94.618568395|27|1|1|1|2|2|1|1
3442778|1|1|1|100.57842226|27|1|1|1|2|2|1|1
3442779|1|1|1|95.512245466|27|1|1|1|2|2|1|2
3442780|1|1|1|90.58433815|27|1|1|1|2|2|1|1
3442782|1|1|1|49.812633245|27|1|1|1|2|2|1|1
3442784|1|1|1|51.893246951|27|1|1|1|2|2|1|1
3442785|1|1|1|126.63493272|27|1|1|2|2|1|1|1
3442786|1|1|1|146.39907655|27|1|1|2|2|1|1|1
3442787|1|1|1|157.82640811|27|1|1|1|2|1|1|1
3442788|1|1|1|71.862645008|27|1|1|1|2|1|1|1
3442791|1|1|1|107.0150387|27|1|1|1|2|2|1|1
3442793|1|1|1|196.59700378|27|1|1|1|2|1|1|1
3442794|1|1|1|185.8469348|27|2|1|2|2|1|1|1
3442795|1|1|1|86.225137949|27|1|1|1|2|2|1|1
3442797|1|1|1|100.70517367|27|1|1|1|2|2|1|1
3442799|1|1|1|73.542738315|27|1|1|1|2|2|1|1
3442800|1|1|1|85.36948385|27|1|1|1|2|2|1|1
3442801|1|1|1|135.99392707|27|1|1|1|2|2|1|1
3442803|1|1|1|172.78509914|27|1|1|1|2|2|1|1
3442804|1|1|1|85.521786864|27|1|1|1|2|2|1|1
3442805|1|1|1|73.542738315|27|1|1|1|2|2|1|1
3442806|1|1|1|92.956718228|27|1|1|1|2|2|1|2
3442807|1|1|1|57.085209439|27|1|1|1|2|2|2|2
3442808|1|1|1|58.002517395|27|1|1|1|2|2|1|2
3442809|1|1|1|69.003388722|27|1|1|1|2|2|1|2
3442810|1|1|1|97.575500073|27|1|1|1|2|2|1|2
3442811|1|1|1|68.422032369|27|1|1|1|2|2|2|2
3442812|1|1|1|58.745037967|27|1|1|1|2|2|2|2
3442813|1|1|1|107.37885245|27|1|1|1|2|2|1|2
3442815|1|1|1|71.720375009|27|1|1|1|2|2|1|2
3442816|1|1|1|112.70521729|27|1|1|1|2|2|1|2
3442817|1|1|1|86.249209759|27|1|1|1|2|2|1|2
3442818|1|1|1|77.233577997|27|1|1|1|2|2|2|2
3442819|1|1|1|123.45236471|27|1|1|1|2|2|1|2
3442821|1|1|1|82.28270169|27|1|1|1|2|2|1|2
3442823|1|1|1|63.651719333|27|1|1|1|2|2|1|2
3442824|1|1|1|143.31180556|27|1|1|1|2|2|1|2
3442826|1|1|1|60.788343899|27|1|1|1|2|2|2|2
3442827|1|1|1|212.40380014|27|2|1|1|2|1|1|1
3442828|1|1|1|116.00901296|27|2|1|2|2|1|1|1
3442829|1|1|1|174.08117201|27|2|1|1|2|2|1|2
3442830|1|1|1|92.966540285|27|2|1|1|2|2|1|2
3442831|1|1|1|79.865417174|27|2|1|2|2|1|1|1
3442832|1|1|1|129.10331621|27|1|1|1|2|2|1|2
3442835|1|1|1|174.08117201|27|2|1|1|2|2|1|2
3442837|1|1|1|80.794634296|27|1|1|1|2|2|1|2
3442838|1|1|1|146.21952371|27|2|1|1|2|1|1|1
3442839|1|1|1|153.1255467|27|1|1|1|2|2|1|2
3442840|1|1|1|50.303851506|27|1|1|1|2|2|1|2
3442842|1|1|1|142.69461045|27|1|1|1|2|2|1|1
3442844|1|1|1|122.18290175|27|2|1|1|2|2|1|2
3442845|1|1|1|174.08117201|27|1|1|1|2|2|1|2
3442847|1|1|1|114.63502563|27|1|1|1|2|2|1|1
3442848|1|1|1|123.64909069|27|2|1|1|2|2|1|2
3442849|1|1|1|62.879814382|27|1|1|1|2|2|1|2
3442850|1|1|1|202.40488503|27|1|1|1|2|2|1|2
3442851|1|1|1|124.3763422|27|1|1|1|2|2|1|2
3442852|1|1|1|173.09632196|27|1|1|1|2|2|1|2
3442853|1|1|1|102.70785685|27|1|1|1|2|2|1|2
3442854|1|1|1|165.71384278|27|1|1|1|2|2|1|2
3442856|1|1|1|63.468872935|27|1|1|1|2|2|1|1
3442857|1|1|1|183.09523707|27|2|1|1|2|2|1|1
3442859|1|1|1|93.638158859|27|1|1|1|2|2|1|1
3442861|1|1|1|91.242752792|27|2|1|1|2|2|1|1
3442862|1|1|1|104.25771576|27|1|1|1|2|2|1|1
3442863|1|1|1|79.865417174|27|1|1|1|2|2|1|1
3442864|1|1|1|110.29230165|27|1|1|1|2|2|1|1
3442865|1|1|1|83.423149749|27|1|1|1|2|2|1|2
3442867|1|1|1|79.830618335|27|1|1|1|2|2|1|2
3442868|1|1|1|59.051521274|27|1|1|1|2|2|1|2
3442869|1|1|1|45.550709376|27|1|1|1|2|2|1|2
3442870|1|1|1|101.01796666|27|1|1|1|2|2|1|2
3442872|1|1|1|101.01796666|27|1|1|1|2|2|1|2
3442874|1|1|1|45.513008505|27|1|1|1|2|2|1|2
3442875|1|1|1|89.848594321|27|1|1|1|2|2|1|2
3442878|1|1|1|123.03347009|27|1|1|1|2|2|1|2
3442880|1|1|1|91.782380927|27|1|1|1|2|2|1|2
3442881|1|1|1|104.58735782|27|1|1|1|2|2|1|2
3442882|1|1|1|123.03347009|27|1|1|1|2|2|1|2
3442883|1|1|1|104.58735782|27|1|1|1|2|2|1|2
3442884|1|1|1|176.28724993|27|1|1|1|2|2|1|2
3442886|1|1|1|90.893963583|27|1|1|1|2|2|1|2
3442887|1|1|1|170.38047303|41|1|1|2|1|1|1|1
3442888|1|1|1|217.86717726|41|1|1|2|1|1|1|1
3442889|1|1|1|171.3562733|41|1|1|2|1|1|1|1
3442890|1|1|1|210.47885315|41|1|1|2|1|1|1|1
3442891|1|1|1|252.22416521|41|1|1|2|1|1|1|1
3442892|1|1|1|230.52396567|41|1|1|2|1|1|1|1
3442893|1|1|1|156.60390692|41|1|1|2|1|1|1|1
3442894|1|1|1|152.96340651|41|1|1|2|1|1|1|1
3442896|1|1|1|206.43217475|41|1|1|2|1|1|1|1
3442897|1|1|1|323.57422102|41|1|1|2|1|1|1|1
3442898|1|1|1|190.26401727|41|1|1|2|1|1|1|1
3442899|1|1|1|142.24200371|41|1|1|2|1|1|1|1
3442900|1|1|1|409.12461177|41|1|1|2|1|1|1|1
3442901|1|1|1|260.70514388|41|1|1|2|1|1|1|1
3442902|1|1|1|323.57422102|41|2|1|2|1|1|1|1
3442903|1|1|1|363.67260115|41|2|1|2|1|1|1|1
3442904|1|1|1|134.93083051|41|1|1|2|1|1|1|1
3442905|1|1|1|177.76879713|41|1|1|2|1|1|1|1
3442906|1|1|1|207.91661906|41|1|1|2|1|1|1|1
3442907|1|1|1|242.66744013|41|1|1|2|1|1|1|1
3442908|1|1|1|216.63261584|41|1|1|2|1|1|1|1
3442909|1|1|1|275.8950567|41|1|1|2|1|1|1|1
3442910|1|1|1|209.4681441|41|1|1|2|1|1|1|1
3442911|1|1|1|235.61366392|41|1|1|2|1|1|1|1
3442912|1|1|1|227.51321742|41|1|1|2|1|1|1|1
3442913|1|1|1|227.51321742|41|1|1|2|1|1|1|1
3442915|1|1|1|408.75585804|41|1|1|2|1|1|1|1
3442916|1|1|1|239.65389498|41|1|1|2|1|1|1|1
3442917|1|1|1|285.63837831|41|2|1|2|1|1|1|1
3442918|1|1|1|234.90586038|41|2|1|2|1|1|1|1
3442919|1|1|1|367.04783201|41|2|1|2|1|1|1|1
3442920|1|1|1|291.70839591|41|1|1|2|1|1|1|1
3442921|1|1|1|306.30322747|41|2|1|2|1|1|1|1
3442922|1|1|1|367.04783201|41|2|1|2|1|1|1|1
3442923|1|1|1|367.04783201|41|2|1|2|1|1|1|1
3442924|1|1|1|402.34613163|41|2|1|2|1|1|1|1
3442925|1|1|1|402.58848403|41|2|1|2|1|1|1|1
3442926|1|1|1|402.58848403|41|2|1|2|1|1|1|1
3442927|1|1|1|367.04783201|41|2|1|2|1|1|1|1
3442928|1|1|1|294.14235168|41|2|1|2|1|1|1|1
3442929|1|1|1|272.26953553|41|2|1|2|1|1|1|1
3442930|1|1|1|568.72223772|41|2|1|2|1|1|1|1
3442931|1|1|1|152.19596171|41|2|1|2|1|1|1|1
3442932|1|1|1|208.80520923|41|2|1|2|1|1|1|1
3442933|1|1|1|281.16916807|41|2|1|2|1|1|1|1
3442934|1|1|1|173.03003934|41|2|1|2|1|1|1|1
3442935|1|1|1|279.18159812|41|2|1|2|1|1|1|1
3442936|1|1|1|380.941152|41|1|1|2|1|1|1|1
3442938|1|1|1|379.7292464|41|2|1|2|1|1|1|1
3442940|1|1|1|149.14657802|41|2|1|4|1|1|1|1
3442941|1|1|1|149.14657802|41|2|1|4|1|1|1|1
3442942|1|1|1|196.98114062|41|2|1|4|1|1|1|1
3442943|1|1|1|149.14657802|41|2|1|4|1|1|1|1
3442944|1|1|1|149.14657802|41|2|1|4|1|1|1|1
3442945|1|1|1|149.14657802|41|2|1|4|1|1|1|1
3442947|1|1|1|235.17007407|41|1|1|4|1|1|1|1
3442949|1|1|1|135.46857496|41|2|1|4|1|1|1|1
3442952|1|1|1|196.51497284|41|2|1|2|1|1|1|1
3442953|1|1|1|173.00851903|41|1|1|2|1|1|1|1
3442955|1|1|1|114.14697128|41|1|1|2|1|1|1|1
3442957|1|1|1|220.60676376|41|2|1|2|1|1|1|1
3442958|1|1|1|292.55899997|41|2|1|2|1|1|1|1
3442959|1|1|1|195.75488365|41|1|1|5|1|1|1|1
3442961|1|1|1|391.80788802|41|2|1|5|1|1|1|1
3442962|1|1|1|190.69653565|41|1|1|5|1|1|1|1
3442964|1|1|1|195.75488365|41|1|1|5|1|1|1|1
3442966|1|1|1|242.21923293|41|1|1|5|1|1|1|1
3442970|1|1|1|216.23393301|41|1|1|2|1|1|1|1
3442971|1|1|1|317.89808233|41|1|1|2|1|1|1|1
3442972|1|1|1|330.79044481|41|1|1|2|1|1|1|1
3442973|1|1|1|175.41007966|41|2|1|2|1|1|1|1
3442974|1|1|1|286.78879288|41|1|1|2|1|1|1|1
3442975|1|1|1|293.31801516|41|2|1|2|1|1|1|1
3442976|1|1|1|231.09943627|41|1|1|2|1|1|1|1
3442977|1|1|1|317.5906913|41|2|1|2|1|1|1|1
3442978|1|1|1|247.5532612|41|1|1|2|1|1|1|1
3442979|1|1|1|310.24529648|41|1|1|1|1|1|1|1
3442980|1|1|1|374.33919762|41|1|1|1|1|1|1|1
3442981|1|1|1|230.51550933|41|1|1|1|1|1|1|1
3442982|1|1|1|487.10061998|41|1|1|1|1|1|1|1
3442983|1|1|1|462.84838377|41|1|1|1|1|1|1|1
3442984|1|1|1|391.05771582|41|1|1|1|1|1|1|1
3442985|1|1|1|175.805668|41|1|1|2|1|1|1|1
3442986|1|1|1|133.11332088|41|1|1|2|1|1|1|1
3442987|1|1|1|388.09970236|41|1|1|1|1|1|1|1
3442988|1|1|1|137.15955727|41|1|1|2|1|1|1|1
3442989|1|1|1|133.11332088|41|1|1|2|1|1|1|1
3442991|1|1|1|177.68928594|41|1|1|2|1|1|1|1
3442992|1|1|1|175.66833498|41|1|1|2|1|1|1|1
3442993|1|1|1|228.13347428|41|2|1|2|1|1|1|1
3442994|1|1|1|209.88929111|41|1|1|2|1|1|1|1
3442995|1|1|1|133.11332088|41|1|1|2|1|1|1|1
3442996|1|1|1|279.44452777|41|1|1|2|1|1|1|1
3442997|1|1|1|207.99377147|41|1|1|2|1|1|1|1
3442998|1|1|1|171.44416682|41|1|1|2|1|1|1|1
3442999|1|1|1|182.20243696|41|1|1|2|1|1|1|1
3443001|1|1|1|193.91251815|41|1|1|2|1|1|1|1
3443002|1|1|1|212.67986351|41|2|1|1|1|1|1|1
3443003|1|1|1|173.53620673|41|2|1|1|1|1|1|1
3443004|1|1|1|254.10933239|41|2|1|1|1|1|1|1
3443005|1|1|1|262.23285405|41|2|1|1|1|1|1|1
3443006|1|1|1|325.78197572|41|2|1|1|1|1|1|1
3443007|1|1|1|189.84197194|41|2|1|1|1|1|1|1
3443009|1|1|1|173.14766056|41|2|1|1|1|1|1|1
3443011|1|1|1|214.9656756|41|2|1|1|1|1|1|1
3443012|1|1|1|285.40879433|41|2|1|3|1|1|1|1
3443013|1|1|1|182.95552587|41|2|1|3|1|1|1|1
3443015|1|1|1|285.87379224|41|2|1|3|1|1|1|1
3443016|1|1|1|378.02180629|41|2|1|3|1|1|1|1
3443017|1|1|1|304.5737979|41|2|1|3|1|1|1|1
3443018|1|1|1|241.63335591|41|2|1|3|1|1|1|1
3443019|1|1|1|313.36573714|41|2|1|3|1|1|1|1
3443021|1|1|1|315.71827972|41|1|1|4|1|1|1|1
3443022|1|1|1|295.40811252|41|1|1|4|1|1|1|1
3443023|1|1|1|249.50069194|41|1|1|4|1|1|1|1
3443024|1|1|1|485.36133153|41|1|1|4|1|1|1|1
3443025|1|1|1|366.80547961|41|1|1|4|1|1|1|1
3443026|1|1|1|266.6531957|41|1|1|4|1|1|1|1
3443028|1|1|1|315.71827972|41|1|1|4|1|1|1|1
3443029|1|1|1|295.05343057|41|1|1|4|1|1|1|1
3443030|1|1|1|234.90586038|41|1|1|4|1|1|1|1
3443031|1|1|1|270.80119435|41|1|1|4|1|1|1|1
3443032|1|1|1|318.6396203|41|1|1|5|1|1|1|1
3443033|1|1|1|424.72765337|41|1|1|5|1|1|1|1
3443035|1|1|1|383.10104606|41|1|1|5|1|1|1|1
3443036|1|1|1|343.12208871|41|1|1|5|1|1|1|1
3443039|1|1|1|191.40477512|41|1|1|4|1|1|1|1
3443040|1|1|1|252.7924638|41|1|1|5|1|1|1|1
3443041|1|1|1|299.07601127|41|1|1|5|1|1|1|1
3443042|1|1|1|252.7924638|41|1|1|5|1|1|1|1
3443044|1|1|1|64.37116882|44|1|1|3|1|1|1|1
3443045|1|1|1|120.72667992|44|1|1|4|1|1|1|1
3443047|1|1|1|76.431067955|44|1|1|4|1|1|1|1
3443048|1|1|1|76.067286537|44|2|1|4|1|1|1|1
3443049|1|1|1|126.89606496|44|2|1|4|1|1|1|1
3443050|1|1|1|99.581446767|44|1|1|3|1|1|1|1
3443051|1|1|1|133.71264275|44|2|1|4|1|1|1|1
3443052|1|1|1|64.007387402|44|2|1|4|1|1|1|1
3443053|1|1|1|128.4277667|44|2|1|4|1|1|1|1
3443054|1|1|1|68.124343131|44|2|1|4|1|1|1|1
3443055|1|1|1|76.431067955|44|1|1|3|1|1|1|1
3443058|1|1|1|111.20317043|44|1|1|2|1|1|1|1
3443059|1|1|1|70.633908927|44|1|1|2|1|1|1|1
3443060|1|1|1|59.77322819|44|1|1|2|1|1|1|1
3443061|1|1|1|122.73944523|44|2|1|2|1|1|1|1
3443062|1|1|1|104.87349105|44|1|1|2|1|1|1|1
3443063|1|1|1|70.971705958|44|1|1|2|1|1|1|1
3443064|1|1|1|113.32258238|44|1|1|2|1|1|1|1
3443065|1|1|1|147.44013495|44|1|1|2|1|1|1|1
3443068|1|1|1|82.692302985|44|2|1|2|1|1|1|1
3443069|1|1|1|147.26203638|44|2|1|3|1|1|1|1
3443070|1|1|1|67.789319987|44|2|1|2|1|1|1|1
3443071|1|1|1|95.156500086|44|2|1|3|1|1|1|1
3443072|1|1|1|159.88280862|44|1|1|3|1|1|1|1
3443073|1|1|1|70.633908927|44|1|1|3|1|1|1|1
3443074|1|1|1|130.45283256|44|2|1|3|1|1|1|1
3443075|1|1|1|101.2426649|44|2|1|3|1|1|1|1
3443076|1|1|1|119.25435479|44|2|1|3|1|1|1|1
3443077|1|1|1|101.2426649|44|1|1|3|1|1|1|1
3443078|1|1|1|119.25435479|44|2|1|3|1|1|1|1
3443080|1|1|1|79.190257106|44|2|1|2|1|1|1|1
3443081|1|1|1|67.494624086|44|1|1|1|1|1|1|1
3443082|1|1|1|113.31865273|44|2|1|2|1|1|1|1
3443083|1|1|1|80.226554659|44|1|1|1|1|1|1|1
3443084|1|1|1|107.12097472|44|1|1|2|1|1|1|1
3443085|1|1|1|124.65492889|44|1|1|1|1|1|1|1
3443086|1|1|1|88.356690058|44|1|1|1|1|1|1|1
3443087|1|1|1|67.817407916|44|2|1|2|1|1|1|1
3443089|1|1|1|54.823876139|44|1|1|2|1|1|1|1
3443090|1|1|1|97.156232887|44|1|1|2|1|1|1|1
3443091|1|1|1|80.139354779|44|1|1|2|1|1|1|1
3443092|1|1|1|76.826185644|44|1|1|2|1|1|1|1
3443093|1|1|1|61.216054404|44|1|1|2|1|1|1|1
3443094|1|1|1|124.60668649|44|1|1|2|1|1|1|1
3443095|1|1|1|103.35377415|44|1|1|2|1|1|1|1
3443096|1|1|1|128.85975341|44|1|1|2|1|1|1|1
3443097|1|1|1|77.118943071|44|1|1|2|1|1|1|1
3443098|1|1|1|112.76636413|44|1|1|3|1|1|1|1
3443099|1|1|1|117.31218847|44|1|1|2|1|1|1|1
3443100|1|1|1|107.21271141|44|1|1|1|1|1|1|1
3443101|1|1|1|70.971705958|44|1|1|1|1|1|1|1
3443102|1|1|1|56.220571335|44|1|1|1|1|1|1|1
3443103|1|1|1|70.633908927|44|1|1|1|1|1|1|1
3443104|1|1|1|129.67103958|44|1|1|1|1|1|1|1
3443105|1|1|1|70.971705958|44|1|1|1|2|1|1|1
3443106|1|1|1|70.971705958|44|2|1|1|1|1|1|1
3443107|1|1|1|159.88280862|44|2|1|1|1|1|1|1
3443108|1|1|1|101.2426649|44|1|1|1|1|1|1|1
3443110|1|1|1|82.194707863|44|1|1|2|1|1|1|1
3443111|1|1|1|101.0864606|44|2|1|2|1|1|1|1
3443112|1|1|1|105.43642703|44|3|1|2|1|1|1|1
3443113|1|1|1|51.79819988|44|4|1|2|2|1|1|1
3443114|1|1|1|74.244620927|44|3|1|2|1|1|1|1
3443115|1|1|1|74.244620927|44|2|1|2|1|1|1|1
3443116|1|1|1|86.055586886|44|3|1|1|1|1|1|1
3443117|1|1|1|64.211474346|44|2|1|2|1|1|1|1
3443118|1|1|1|82.209120135|44|1|1|2|2|1|1|1
3443119|1|1|1|135.23062651|44|2|1|2|1|1|1|1
3443120|1|1|1|52.045917703|44|1|1|2|1|1|1|1
3443121|1|1|1|70.633908927|44|1|1|1|1|1|1|1
3443122|1|1|1|139.94655601|44|1|1|1|1|1|1|1
3443123|1|1|1|59.77322819|44|1|1|1|1|1|1|1
3443124|1|1|1|142.35465148|44|1|1|1|2|1|1|1
3443125|1|1|1|117.83206032|44|1|1|1|1|1|1|1
3443126|1|1|1|119.25435479|44|2|1|1|1|1|1|1
3443127|1|1|1|122.73944523|44|2|1|2|1|1|1|1
3443128|1|1|1|147.26203638|44|1|1|1|1|1|1|1
3443129|1|1|1|147.62135684|44|1|1|1|1|1|1|1
3443130|1|1|1|124.52106015|44|2|1|2|1|1|1|1
3443132|1|1|1|130.45283256|44|2|1|2|1|1|1|1
3443133|1|1|1|140.26760237|44|1|1|2|1|1|1|1
3443134|1|1|1|101.2426649|44|2|1|2|1|1|1|1
3443135|1|1|1|130.11503553|44|2|1|2|1|1|1|1
3443136|1|1|1|137.84517354|44|2|1|2|1|1|1|1
3443137|1|1|1|90.044187132|44|2|1|2|1|1|1|1
3443138|1|1|1|119.25435479|44|2|1|2|1|1|1|1
3443139|1|1|1|142.35465148|44|1|1|2|1|1|1|1
3443140|1|1|1|56.220571335|44|1|1|3|1|1|1|1
3443141|1|1|1|65.92137326|44|2|1|2|1|1|1|1
3443143|1|1|1|65.761878746|44|1|1|1|1|1|1|1
3443144|1|1|1|124.60668649|44|1|1|1|1|1|1|1
3443145|1|1|1|48.724495157|44|1|1|1|1|1|1|1
3443146|1|1|1|112.59038076|44|1|1|1|1|1|1|1
3443147|1|1|1|134.31203389|44|1|1|1|1|1|1|1
3443148|1|1|1|97.156232887|44|1|1|1|1|1|1|1
3443149|1|1|1|80.589966433|44|1|1|1|1|1|1|1
3443150|1|1|1|77.297342635|44|1|1|1|1|1|1|1
3443151|1|1|1|91.996709829|44|1|1|1|1|1|1|1
3443152|1|1|1|123.37403128|44|1|1|1|1|1|1|1
3443153|1|1|1|87.743642914|44|1|1|1|1|1|1|1
3443155|1|1|1|59.435431159|44|1|1|1|1|1|1|1
3443156|1|1|1|75.879090861|44|2|1|1|1|1|1|1
3443157|1|1|1|117.83206032|44|2|1|1|1|1|1|1
3443158|1|1|1|71.61220745|44|1|1|1|1|1|1|1
3443159|1|1|1|80.786475763|44|1|1|1|1|1|1|1
3443160|1|1|1|88.983395851|44|1|1|1|1|1|1|1
3443161|1|1|1|113.32258238|44|2|1|1|2|1|1|1
3443162|1|1|1|75.879090861|44|2|1|1|1|1|1|1
3443163|1|1|1|87.22330435|44|1|1|1|1|1|1|1
3443164|1|1|1|112.10334564|44|1|1|1|1|1|1|1
3443165|1|1|1|113.32258238|44|2|1|1|1|1|1|1
3443166|1|1|1|112.47941677|44|3|1|0|2|2|2|2
3443167|1|1|1|141.33026397|44|3|1|0|2|2|2|2
3443168|1|1|1|124.34296159|44|1|1|0|2|2|2|1
3443170|1|1|1|112.47941677|44|1|1|0|2|2|2|1
3443171|1|1|1|119.25435479|44|1|1|1|2|2|2|1
3443172|1|1|1|123.13735219|44|1|1|0|2|2|2|2
3443173|1|1|1|101.2426649|44|1|1|1|2|2|2|1
3443174|1|1|1|83.088027211|44|1|1|0|2|2|2|2
3443175|1|1|1|67.789319987|44|1|1|0|2|2|2|1
3443176|1|1|1|327.13892715|47|3|1|3|1|1|1|1
3443177|1|1|1|408.85499963|47|2|1|3|1|1|1|1
3443178|1|1|1|404.82620727|47|3|1|3|1|1|1|1
3443179|1|1|1|400.32724827|47|3|1|3|1|1|1|1
3443180|1|1|1|325.70111902|47|3|1|3|1|1|1|1
3443182|1|1|1|329.72991138|47|3|1|3|1|1|1|1
3443183|1|1|1|355.18245121|47|3|1|3|1|1|1|1
3443184|1|1|1|383.69147343|47|3|1|3|1|1|1|1
3443185|1|1|1|372.21254832|47|3|1|3|1|1|1|1
3443186|1|1|1|400.32724827|47|3|1|3|1|1|1|1
3443187|1|1|1|225.44970635|47|1|1|3|1|1|1|1
3443189|1|1|1|295.30334314|47|2|1|3|1|1|1|1
3443191|1|1|1|321.18230296|47|1|1|3|1|1|1|1
3443192|1|1|1|220.46330877|47|2|1|3|1|1|1|1
3443193|1|1|1|437.20983338|47|1|1|3|1|1|1|1
3443194|1|1|1|343.6901755|47|1|1|3|1|1|1|1
3443195|1|1|1|290.7050579|47|1|1|3|1|1|1|1
3443197|1|1|1|185.07188309|47|1|1|3|1|1|1|1
3443198|1|1|1|332.95415872|47|1|1|3|1|1|1|1
3443199|1|1|1|198.0878345|47|2|1|3|1|1|1|1
3443200|1|1|1|203.4906371|47|1|1|3|1|1|1|1
3443201|1|1|1|335.58090994|47|2|1|3|1|1|1|1
3443202|1|1|1|198.58525476|47|1|1|3|1|1|1|1
3443203|1|1|1|290.7050579|47|2|1|3|1|1|1|1
3443205|1|1|1|239.37942633|47|1|1|3|1|1|1|1
3443206|1|1|1|201.55977742|47|1|1|3|1|1|1|1
3443207|1|1|1|320.26179862|47|2|1|3|1|1|1|1
3443208|1|1|1|243.28413202|47|1|1|3|1|1|1|1
3443209|1|1|1|258.66896167|47|2|1|3|1|1|1|1
3443210|1|1|1|321.9396845|47|1|1|3|1|1|1|1
3443211|1|1|1|272.71576331|47|1|1|3|1|1|1|1
3443212|1|1|1|210.12240599|47|2|1|3|1|1|1|1
3443213|1|1|1|299.53079063|47|1|1|3|1|1|1|1
3443214|1|1|1|308.50226806|47|1|1|3|1|1|1|1
3443215|1|1|1|407.42969906|47|2|1|3|1|1|1|1
3443216|1|1|1|320.22585894|47|2|1|3|1|1|1|1
3443217|1|1|1|364.930603|47|2|1|3|1|1|1|1
3443218|1|1|1|304.10516502|47|2|1|3|1|1|1|1
3443220|1|1|1|365.5967233|47|1|1|3|1|1|1|1
3443221|1|1|1|281.88404456|47|2|1|3|1|1|1|1
3443222|1|1|1|337.54892124|47|1|1|3|1|1|1|1
3443224|1|1|1|329.26869122|47|2|1|3|1|1|1|1
3443225|1|1|1|323.33620209|47|2|1|3|1|1|1|1
3443226|1|1|1|219.24860537|47|2|1|1|1|1|1|1
3443227|1|1|1|279.16875876|47|2|1|1|1|1|1|1
3443228|1|1|1|270.03913699|47|2|1|1|1|1|1|1
3443230|1|1|1|183.13276772|47|1|1|1|1|1|1|1
3443231|1|1|1|347.81500769|47|2|1|1|1|1|1|1
3443232|1|1|1|255.36444301|47|1|1|1|1|1|1|1
3443233|1|1|1|287.73138733|47|2|1|1|1|1|1|1
3443234|1|1|1|350.26735079|47|1|1|1|1|1|1|1
3443235|1|1|1|192.90908043|47|1|1|1|1|1|1|1
3443236|1|1|1|249.92547926|47|2|1|1|1|1|1|1
3443238|1|1|1|323.33620209|47|1|1|3|1|1|1|1
3443239|1|1|1|304.10516502|47|3|1|3|1|1|1|1
3443240|1|1|1|217.50821043|47|1|1|3|1|1|1|1
3443241|1|1|1|313.73029368|47|1|1|3|1|1|1|1
3443242|1|1|1|380.80719757|47|1|1|3|1|1|1|1
3443243|1|1|1|339.35504004|47|2|1|3|1|1|1|1
3443244|1|1|1|298.62990493|47|1|1|3|1|1|1|1
3443246|1|1|1|320.22585894|47|1|1|3|1|1|1|1
3443247|1|1|1|355.18245121|47|2|1|3|1|1|1|1
3443248|1|1|1|358.14602412|47|1|1|3|1|1|1|1
3443249|1|1|1|360.29452344|47|1|1|2|1|1|1|1
3443251|1|1|1|350.6615663|47|1|1|2|1|1|1|1
3443252|1|1|1|304.69200873|47|1|1|2|1|1|1|1
3443254|1|1|1|273.69464852|47|1|1|2|1|1|1|1
3443255|1|1|1|304.69200873|47|1|1|2|1|1|1|1
3443257|1|1|1|309.39723179|47|1|1|2|1|1|1|1
3443258|1|1|1|263.42767422|47|1|1|2|1|1|1|1
3443259|1|1|1|222.79735687|47|1|1|2|1|1|1|1
3443260|1|1|1|304.10516502|47|2|1|3|1|1|1|1
3443261|1|1|1|247.55261874|47|2|1|3|1|1|1|1
3443263|1|1|1|228.91595965|47|2|1|3|1|1|1|1
3443264|1|1|1|268.58549662|47|2|1|3|1|1|1|1
3443266|1|1|1|376.77840521|47|2|1|3|1|1|1|1
3443268|1|1|1|355.18245121|47|1|1|3|1|1|1|1
3443269|1|1|1|274.06075671|47|1|1|3|1|1|1|1
3443272|1|1|1|448.93762051|47|1|1|2|1|1|1|1
3443274|1|1|1|567.37998124|47|2|1|2|1|1|1|1
3443275|1|1|1|594.63797256|47|2|1|2|1|1|1|1
3443278|1|1|1|498.1532227|47|1|1|2|1|1|1|1
3443279|1|1|1|554.57169843|47|1|1|2|1|1|1|1
3443280|1|1|1|409.79395137|47|1|1|2|1|1|1|1
3443281|1|1|1|411.76366825|47|2|1|2|1|1|1|1
3443282|1|1|1|432.96245527|47|2|1|2|1|1|1|1
3443283|1|1|1|328.31625936|47|2|1|2|1|1|1|1
3443284|1|1|1|500.40906034|47|2|1|2|1|1|1|1
3443285|1|1|1|365.87176975|47|2|1|2|1|1|1|1
3443286|1|1|1|557.41159297|47|1|1|2|1|1|1|1
3443287|1|1|1|389.91056609|47|2|1|2|1|1|1|1
3443288|1|1|1|500.40906034|47|2|1|2|1|1|1|1
3443289|1|1|1|333.81263816|47|2|1|2|1|1|1|1
3443290|1|1|1|443.97806401|47|2|1|2|1|1|1|1
3443291|1|1|1|525.04585194|47|2|1|2|1|1|1|1
3443292|1|1|1|560.04890873|47|2|1|1|1|1|1|1
3443294|1|1|1|533.76966436|47|1|1|1|1|1|1|1
3443295|1|1|1|350.20400999|47|1|1|1|1|1|1|1
3443296|1|1|1|350.20400999|47|1|1|1|1|1|1|1
3443297|1|1|1|458.36626932|47|2|1|1|1|2|1|1
3443298|1|1|1|390.26322107|47|2|1|1|1|1|1|1
3443299|1|1|1|497.30661087|47|1|1|1|1|1|1|1
3443301|1|1|1|425.60740502|47|2|1|1|1|1|1|1
3443303|1|1|1|575.51742887|47|3|1|1|1|1|1|1
3443304|1|1|1|482.03332664|47|2|1|1|1|1|1|1
3443305|1|1|1|638.71970423|47|2|1|1|1|1|1|1
3443306|1|1|1|482.03332664|47|1|1|1|1|1|1|1
3443307|1|1|1|426.73288475|47|1|1|1|1|1|1|1
3443308|1|1|1|482.03332664|47|1|1|1|1|1|1|1
3443309|1|1|1|551.35250076|47|1|1|1|1|1|1|1
3443310|1|1|1|423.33147175|47|1|1|1|1|1|1|1
3443311|1|1|1|456.15660222|47|2|1|1|1|1|1|1
3443312|1|1|1|415.24047936|47|1|1|1|1|1|1|1
3443313|1|1|1|392.21922478|47|1|1|1|1|1|1|1
3443315|1|1|1|419.55828534|47|1|1|1|1|1|1|1
3443316|1|1|1|293.29179378|47|2|1|1|1|1|1|1
3443317|1|1|1|393.64452535|47|1|1|1|2|1|1|1
3443318|1|1|1|346.36568622|47|1|1|1|1|1|1|1
3443319|1|1|1|376.77840521|47|2|1|1|1|1|1|1
3443320|1|1|1|348.27366099|47|2|1|1|1|1|1|1
3443321|1|1|1|475.1427601|47|1|1|1|1|1|1|1
3443322|1|1|1|400.32724827|47|1|1|1|2|1|1|1
3443323|1|1|1|234.63343502|47|1|1|1|1|2|1|1
3443324|1|1|1|327.0839997|47|1|1|1|1|2|1|1
3443325|1|1|1|320.26179862|47|1|1|1|1|2|1|1
3443326|1|1|1|320.26179862|47|2|1|1|1|2|1|1
3443327|1|1|1|255.36444301|47|1|1|1|1|2|1|1
3443328|1|1|1|268.44527438|47|2|1|1|2|2|1|1
3443329|1|1|1|299.53079063|47|1|1|1|1|2|1|1
3443330|1|1|1|210.12240599|47|1|1|1|1|1|1|1
3443331|1|1|1|320.26179862|47|2|1|1|1|2|1|1
3443332|1|1|1|308.47613616|47|1|1|1|2|2|1|1
3443333|1|1|1|275.01976159|47|2|1|1|1|2|1|1
3443334|1|1|1|210.12240599|47|1|1|1|1|2|1|1
3443335|1|1|1|320.26179862|47|1|1|1|1|2|1|1
3443338|1|1|1|601.39980373|47|2|1|3|1|1|1|1
3443340|1|1|1|501.6415519|47|1|1|3|1|1|1|1
3443341|1|1|1|381.93832606|47|2|1|3|1|1|1|1
3443344|1|1|1|438.90433014|47|2|1|2|1|1|1|1
3443345|1|1|1|484.90977055|47|1|1|3|1|1|1|1
3443347|1|1|1|422.83659606|47|2|1|3|1|1|1|1
3443348|1|1|1|532.91261888|50|2|1|2|1|1|1|1
3443349|1|1|1|604.73638469|50|1|1|2|1|1|1|1
3443350|1|1|1|447.91021925|50|1|1|2|1|2|1|1
3443351|1|1|1|468.46020037|50|1|1|2|1|2|1|1
3443352|1|1|1|484.77987846|50|2|1|2|2|2|1|1
3443353|1|1|1|455.77775726|50|2|1|2|1|2|1|1
3443354|1|1|1|481.10854015|50|2|1|2|2|2|1|1
3443355|1|1|1|545.56095865|50|1|1|2|1|1|1|1
3443356|1|1|1|496.52358759|50|2|1|2|1|2|1|1
3443357|1|1|1|485.20726605|50|2|1|2|1|2|1|1
3443358|1|1|1|277.38522645|50|1|1|2|1|1|1|1
3443359|1|1|1|166.35262685|50|1|1|2|1|1|1|1
3443360|1|1|1|323.73958601|50|1|1|2|1|1|1|1
3443361|1|1|1|292.59314485|50|2|1|2|1|1|1|1
3443362|1|1|1|258.87917872|50|2|1|1|1|1|1|1
3443363|1|1|1|235.19094037|50|1|1|2|1|1|1|1
3443364|1|1|1|292.59314485|50|1|1|2|1|1|1|1
3443365|1|1|1|352.2594565|50|1|1|2|1|1|1|1
3443366|1|1|1|386.71622831|50|2|1|2|1|1|1|1
3443367|1|1|1|311.84439761|50|1|1|2|1|1|1|1
3443368|1|1|1|369.71977296|50|1|1|3|1|1|1|1
3443369|1|1|1|468.62745972|50|1|1|3|1|1|1|1
3443370|1|1|1|398.61240881|50|1|1|3|1|1|1|1
3443371|1|1|1|450.3699686|50|1|1|3|1|1|1|1
3443372|1|1|1|483.42096682|50|2|1|3|1|1|1|1
3443373|1|1|1|406.9873007|50|1|1|3|1|1|1|1
3443374|1|1|1|355.22974091|50|1|1|3|1|1|1|1
3443375|1|1|1|468.62745972|50|2|1|3|1|1|1|1
3443376|1|1|1|524.21991112|50|1|1|3|1|1|1|1
3443377|1|1|1|435.57646151|50|1|1|3|1|1|1|1
3443378|1|1|1|440.03829892|50|2|1|3|1|1|1|1
3443381|1|1|1|650.84561951|50|2|1|2|1|1|1|1
3443382|1|1|1|579.74099012|50|2|1|2|1|1|1|1
3443383|1|1|1|439.54957574|50|2|1|2|1|1|1|1
3443384|1|1|1|528.0459587|50|2|1|2|1|1|1|1
3443385|1|1|1|544.96491321|50|2|1|2|1|1|1|1
3443386|1|1|1|549.46351481|50|2|1|2|1|1|1|1
3443387|1|1|1|549.46351481|50|2|1|1|2|1|1|1
3443388|1|1|1|582.83774332|50|2|1|2|1|1|1|1
3443392|1|1|1|430.39507759|50|3|1|1|2|1|1|1
3443393|1|1|1|430.39507759|50|1|1|2|2|1|1|1
3443394|1|1|1|404.96190464|50|1|1|1|2|1|1|1
3443395|1|1|1|595.9365105|50|1|1|1|2|1|1|1
3443396|1|1|1|504.97408936|50|1|1|1|2|1|1|1
3443397|1|1|1|279.21621626|50|1|1|1|2|1|1|1
3443398|1|1|1|517.71666755|50|1|1|1|2|1|1|1
3443399|1|1|1|430.39507759|50|1|1|1|2|1|1|1
3443400|1|1|1|501.64366076|50|1|1|1|2|1|1|1
3443401|1|1|1|355.0844325|50|1|1|1|2|1|1|1
3443402|1|1|1|430.39507759|50|4|1|1|2|1|1|1
3443404|1|1|1|500.54711863|50|1|1|1|2|1|1|1
3443405|1|1|1|515.4652541|50|2|1|1|2|2|1|1
3443406|1|1|1|497.26448377|50|1|1|1|2|1|1|1
3443407|1|1|1|630.16367756|50|1|1|1|2|2|1|1
3443408|1|1|1|420.28286592|50|1|1|1|2|1|1|1
3443409|1|1|1|464.85413103|50|2|1|1|2|2|1|1
3443410|1|1|1|640.50141868|50|1|1|1|2|1|1|2
3443411|1|1|1|608.35671134|50|1|1|1|2|1|1|2
3443412|1|1|1|483.32054676|50|2|1|1|2|1|1|2
3443413|1|1|1|590.65252673|50|1|1|1|2|2|1|1
3443414|1|1|1|487.42332837|50|1|1|1|2|2|1|1
3443418|1|1|1|291.94585017|50|1|1|2|1|1|1|1
3443420|1|1|1|347.99355938|50|1|1|2|1|1|1|1
3443421|1|1|1|308.36072744|50|1|1|2|1|1|1|1
3443422|1|1|1|309.31034854|50|1|1|2|1|1|1|1
3443423|1|1|1|331.82014118|50|1|1|2|1|1|1|1
3443424|1|1|1|408.53407239|50|1|1|2|1|1|1|1
3443425|1|1|1|320.32277289|50|1|1|2|1|1|1|1
3443426|1|1|1|278.38139797|50|1|1|2|1|1|1|1
3443427|1|1|1|334.42910718|50|1|1|2|1|1|1|1
3443428|1|1|1|411.08610024|50|1|1|3|1|1|1|1
3443429|1|1|1|387.3947081|50|1|1|2|1|1|1|1
3443430|1|1|1|356.15686939|50|1|1|2|1|1|1|1
3443431|1|1|1|346.91357174|50|1|1|3|1|1|1|1
3443432|1|1|1|358.94719836|50|1|1|3|1|1|1|1
3443433|1|1|1|295.00984198|50|1|1|3|1|1|1|1
3443434|1|1|1|413.50322953|50|1|1|3|1|1|1|1
3443435|1|1|1|334.16689981|50|1|1|3|1|1|1|1
3443436|1|1|1|368.55464808|50|1|1|3|1|1|1|1
3443438|1|1|1|380.26363882|50|1|1|3|1|1|1|1
3443439|1|1|1|377.15032089|50|1|1|3|1|1|1|1
3443440|1|1|1|368.23001221|50|1|1|3|1|1|1|1
3443441|1|1|1|302.0316334|50|2|1|2|1|1|1|1
3443442|1|1|1|302.0316334|50|2|1|2|1|1|1|1
3443443|1|1|1|313.3109364|50|1|1|2|1|1|1|1
3443444|1|1|1|407.78390326|50|1|1|2|1|1|1|1
3443445|1|1|1|302.0316334|50|4|1|3|2|1|1|1
3443446|1|1|1|360.62359704|50|2|1|2|1|1|1|1
3443447|1|1|1|301.29838624|50|2|1|2|1|1|1|1
3443448|1|1|1|302.0316334|50|2|1|2|1|1|1|1
3443449|1|1|1|302.0316334|50|2|1|3|1|1|1|1
3443451|1|1|1|385.26199777|50|1|1|4|1|1|1|1
3443452|1|1|1|424.88889681|50|2|1|4|1|1|1|1
3443453|1|1|1|322.0749651|50|2|1|4|1|1|1|1
3443454|1|1|1|381.78502938|50|1|1|4|1|1|1|1
3443455|1|1|1|462.15509036|50|1|1|4|1|1|1|1
3443456|1|1|1|242.71829441|50|2|1|4|1|1|1|1
3443457|1|1|1|378.74050493|50|2|1|4|1|1|1|1
3443458|1|1|1|441.34620103|50|2|1|4|1|1|1|1
3443459|1|1|1|402.01258214|50|2|1|4|1|1|1|1
3443460|1|1|1|361.40858399|50|1|1|4|1|1|1|1
3443462|1|1|1|601.52271629|50|2|1|2|2|1|1|1
3443463|1|1|1|426.66013889|50|2|1|2|1|1|1|1
3443464|1|1|1|567.21572332|50|3|1|2|2|1|1|1
3443465|1|1|1|567.21572332|50|3|1|3|2|1|1|1
3443466|1|1|1|611.67585489|50|3|1|2|2|1|1|1
3443467|1|1|1|601.52271629|50|3|1|2|1|1|1|1
3443471|1|1|1|482.85584146|50|1|1|3|1|1|1|1
3443472|1|1|1|456.9376142|50|1|1|3|1|1|1|1
3443473|1|1|1|439.54957574|50|1|1|3|1|1|1|1
3443474|1|1|1|550.22921576|50|1|1|3|1|1|1|1
3443476|1|1|1|439.54957574|50|1|1|3|1|1|1|1
3443477|1|1|1|544.96491321|50|1|1|3|1|1|1|1
3443478|1|1|1|479.48875642|50|1|1|3|1|1|1|1
3443479|1|1|1|469.96640461|50|1|1|3|1|1|1|1
3443480|1|1|1|631.8001916|50|1|1|3|1|1|1|1
3443481|1|1|1|532.07547636|50|2|1|3|1|1|1|1
3443482|1|1|1|357.86107233|50|1|1|3|1|1|1|1
3443483|1|1|1|357.86107233|50|1|1|3|1|1|1|1
3443484|1|1|1|431.64354506|50|1|1|3|1|1|1|1
3443485|1|1|1|380.33613095|50|1|1|3|1|1|1|1
3443486|1|1|1|543.0061102|50|2|1|3|1|1|1|1
3443487|1|1|1|321.50519493|50|2|1|3|1|1|1|1
3443488|1|1|1|520.53105158|50|2|1|3|1|1|1|1
3443489|1|1|1|391.15689275|50|1|1|3|1|1|1|1
3443490|1|1|1|438.80295382|50|2|1|3|1|1|1|1
3443493|1|1|1|283.01752561|50|1|1|3|1|1|1|1
3443494|1|1|1|277.21799428|50|2|1|3|1|1|1|1
3443495|1|1|1|323.04337185|50|1|1|2|1|1|1|1
3443496|1|1|1|291.96391228|50|2|1|2|2|1|1|1
3443497|1|1|1|355.92865246|50|1|1|2|1|1|1|1
3443498|1|1|1|343.19538331|50|2|1|2|1|1|1|1
3443499|1|1|1|340.2962845|50|2|1|3|1|1|1|1
3443500|1|1|1|314.73684588|50|1|1|3|1|1|1|1
3443501|1|1|1|394.19110648|50|1|1|3|1|1|1|1
3443502|1|1|1|405.09443272|50|1|1|3|1|1|1|1
3443503|1|1|1|314.73684588|50|1|1|2|1|1|1|1
3443504|1|1|1|229.54960464|50|1|1|3|1|1|1|1
3443505|1|1|1|294.16860839|50|1|1|2|1|1|1|1
3443506|1|1|1|323.04337185|50|1|1|3|1|1|1|1
3443508|1|1|1|358.14882462|50|1|1|2|1|1|1|2
3443509|1|1|1|331.78860924|50|1|1|2|1|1|1|2
3443510|1|1|1|399.64093635|50|2|1|1|1|1|1|2
3443511|1|1|1|453.52389192|50|1|1|2|1|1|1|2
3443512|1|1|1|358.14882462|50|2|1|2|1|1|1|2
3443513|1|1|1|425.4104508|50|2|1|2|1|1|1|2
3443514|1|1|1|322.0544257|50|1|1|2|1|1|1|2
3443515|1|1|1|444.14736833|50|1|1|2|1|1|1|2
3443516|1|1|1|367.60107831|50|2|1|2|1|1|1|2
3443517|1|1|1|466.88617306|50|2|1|2|1|1|1|2
3443518|1|1|1|390.53267755|50|1|1|2|1|1|1|2
3443519|1|1|1|282.75468438|52|1|1|2|1|1|1|1
3443520|1|1|1|237.41125942|52|1|1|2|1|1|1|1
3443521|1|1|1|282.75468438|52|2|1|2|1|1|1|1
3443522|1|1|1|685.36756837|52|2|1|2|2|1|1|1
3443523|1|1|1|254.89376621|52|1|1|2|1|1|1|1
3443524|1|1|1|461.72570794|52|1|1|2|2|1|1|1
3443525|1|1|1|260.30247541|52|1|1|2|2|1|1|1
3443526|1|1|1|328.98792119|52|2|1|2|1|1|1|1
3443527|1|1|1|324.01821901|52|1|1|2|1|1|1|1
3443528|1|1|1|328.98792119|52|2|1|2|1|1|1|1
3443529|1|1|1|300.23719118|52|2|1|2|1|1|1|1
3443530|1|1|1|305.73308916|52|2|1|1|1|1|1|1
3443531|1|1|1|425.60531814|52|2|1|1|1|1|1|1
3443532|1|1|1|415.56970264|52|2|1|1|1|1|1|1
3443533|1|1|1|579.67254625|52|2|1|1|1|1|1|1
3443534|1|1|1|199.52653633|52|2|1|1|1|1|1|1
3443535|1|1|1|460.32605585|52|1|1|1|1|1|1|1
3443536|1|1|1|285.8940353|52|1|1|1|2|1|1|1
3443537|1|1|1|245.82523006|52|1|1|1|1|1|1|1
3443538|1|1|1|285.8940353|52|1|1|1|2|1|1|1
3443540|1|1|1|415.56970264|52|2|1|1|1|1|1|1
3443541|1|1|1|400.16228022|52|1|1|1|1|1|1|1
3443542|1|1|1|285.12286503|52|1|1|1|2|1|1|1
3443543|1|1|1|446.35764911|52|3|1|1|2|1|1|1
3443544|1|1|1|307.88588417|52|3|1|1|2|1|1|1
3443545|1|1|1|307.88588417|52|3|1|1|2|1|1|1
3443546|1|1|1|263.90437209|52|3|1|1|2|1|1|1
3443547|1|1|1|307.88588417|52|3|1|1|2|1|1|1
3443548|1|1|1|307.05539311|52|3|1|1|2|1|1|1
3443549|1|1|1|307.88588417|52|3|1|1|2|1|1|1
3443550|1|1|1|307.88588417|52|3|1|1|2|1|1|1
3443551|1|1|1|307.05539311|52|3|1|1|2|1|1|1
3443552|1|1|1|307.05539311|52|3|1|1|2|1|1|1
3443554|1|1|1|414.47495988|52|2|1|1|1|1|1|1
3443555|1|1|1|285.12286503|52|2|1|1|2|1|1|1
3443556|1|1|1|285.12286503|52|2|1|1|1|1|1|1
3443557|1|1|1|245.0540598|52|2|1|1|1|1|1|1
3443558|1|1|1|305.73308916|52|2|1|1|2|1|1|1
3443559|1|1|1|354.89067328|52|2|1|1|1|1|1|1
3443560|1|1|1|400.16228022|52|2|1|1|2|1|1|1
3443561|1|1|1|245.82523006|52|1|1|1|1|1|1|1
3443562|1|1|1|285.12286503|52|2|1|1|2|1|1|1
3443564|1|1|1|235.17929935|52|2|1|3|1|1|1|1
3443565|1|1|1|246.83430388|52|2|1|3|2|1|1|1
3443566|1|1|1|216.01214601|52|1|1|3|1|1|1|1
3443567|1|1|1|318.82689222|52|2|1|3|2|1|1|1
3443568|1|1|1|246.83430388|52|2|1|3|2|1|1|1
3443569|1|1|1|318.82689222|52|2|1|3|2|1|1|1
3443570|1|1|1|246.83430388|52|2|1|3|1|1|1|1
3443571|1|1|1|246.83430388|52|2|1|3|2|1|1|1
3443574|1|1|1|363.0551291|52|1|1|1|1|1|1|1
3443575|1|1|1|161.82382077|52|1|1|1|1|1|1|1
3443576|1|1|1|354.49331506|52|2|1|1|2|1|1|1
3443577|1|1|1|272.15071579|52|1|1|1|2|1|1|1
3443578|1|1|1|219.32528079|52|1|1|1|2|1|1|1
3443579|1|1|1|142.42015439|52|1|1|1|1|1|1|1
3443580|1|1|1|307.4207896|52|2|1|1|1|1|1|1
3443581|1|1|1|344.14330413|52|1|1|1|1|1|1|1
3443582|1|1|1|319.07579414|52|1|1|1|1|1|1|1
3443584|1|1|1|271.32715362|52|2|1|4|2|1|1|1
3443585|1|1|1|375.98619565|52|2|1|4|2|1|1|1
3443586|1|1|1|579.41836382|52|2|1|4|2|1|1|1
3443587|1|1|1|423.14452094|52|2|1|4|2|1|1|1
3443588|1|1|1|546.56038666|52|2|1|4|2|1|1|1
3443589|1|1|1|403.16451317|52|2|1|4|2|1|1|1
3443590|1|1|1|390.28654378|52|4|1|4|2|1|1|1
3443595|1|1|1|258.80383134|52|2|1|4|1|1|1|1
3443596|1|1|1|259.50381666|52|2|1|4|2|1|1|1
3443597|1|1|1|186.06353876|52|1|1|4|2|1|1|1
3443598|1|1|1|223.13367036|52|1|1|4|2|1|1|1
3443599|1|1|1|236.18659039|52|1|1|4|2|1|1|1
3443600|1|1|1|438.84345037|52|1|1|4|2|1|1|1
3443601|1|1|1|277.51157323|52|2|1|4|2|1|1|1
3443602|1|1|1|308.0849246|52|1|1|4|2|1|1|1
3443603|1|1|1|363.22422358|52|2|1|4|2|1|1|1
3443604|1|1|1|399.12667802|52|2|1|4|2|1|1|1
3443607|1|1|1|283.03674442|52|2|1|4|1|1|1|1
3443608|1|1|1|244.58647132|52|2|1|4|1|1|1|1
3443610|1|1|1|244.58647132|52|2|1|4|2|1|1|1
3443612|1|1|1|244.58647132|52|2|1|4|2|1|1|1
3443613|1|1|1|196.66018405|52|2|1|4|2|1|1|1
3443614|1|1|1|244.58647132|52|2|1|4|2|1|1|1
3443617|1|1|1|531.51449356|52|1|1|1|1|1|1|1
3443618|1|1|1|273.02181607|52|1|1|1|1|1|1|1
3443619|1|1|1|293.77651857|52|1|1|1|1|1|1|1
3443621|1|1|1|273.02181607|52|1|1|1|1|1|1|1
3443622|1|1|1|489.59635885|52|1|1|1|1|1|1|1
3443623|1|1|1|319.84384712|52|1|1|1|1|1|1|1
3443624|1|1|1|384.75099178|52|2|1|1|1|1|1|1
3443625|1|1|1|273.02181607|52|1|1|1|1|1|1|1
3443626|1|1|1|523.49000852|52|2|1|1|2|1|1|1
3443628|1|1|1|329.87773304|52|2|1|1|1|1|1|1
3443629|1|1|1|352.76894903|52|1|1|2|1|1|1|1
3443630|1|1|1|755.75518589|52|2|1|2|2|1|1|1
3443631|1|1|1|798.00437167|52|2|1|2|1|1|1|1
3443632|1|1|1|300.23719118|52|2|1|2|1|1|1|1
3443633|1|1|1|282.75468438|52|2|1|2|1|1|1|1
3443634|1|1|1|535.96542724|52|1|1|2|1|1|1|1
3443635|1|1|1|408.22607368|52|1|1|2|1|1|1|1
3443636|1|1|1|408.22607368|52|1|1|2|1|1|1|1
3443639|1|1|1|238.93743641|52|1|1|2|1|1|1|1
3443640|1|1|1|201.06833252|52|2|1|2|2|1|1|1
3443641|1|1|1|233.5050221|52|2|1|2|1|1|1|1
3443642|1|1|1|121.60066616|52|1|1|2|1|1|1|1
3443643|1|1|1|201.06833252|52|2|1|2|1|1|1|1
3443644|1|1|1|400.22359671|52|2|1|2|2|1|1|1
3443645|1|1|1|144.16545376|52|2|1|2|1|1|1|1
3443646|1|1|1|183.54407803|52|1|1|2|1|1|1|1
3443647|1|1|1|225.67707783|52|2|1|2|1|1|1|1
3443648|1|1|1|200.52597101|52|2|1|2|2|1|1|1
3443650|1|1|1|361.99283687|52|1|1|1|1|1|1|1
3443651|1|1|1|586.60257371|52|2|1|2|1|1|1|1
3443652|1|1|1|328.98792119|52|2|1|2|2|1|1|1
3443653|1|1|1|352.76894903|52|2|1|2|2|1|1|1
3443654|1|1|1|237.41125942|52|1|1|1|1|1|1|1
3443655|1|1|1|478.6136912|52|2|1|1|1|1|1|1
3443656|1|1|1|300.23719118|52|2|1|2|1|1|1|1
3443657|1|1|1|258.97365655|52|1|1|1|1|1|1|1
3443658|1|1|1|328.98792119|52|2|1|2|2|1|1|1
3443661|1|1|1|548.62795585|52|2|1|3|2|1|1|1
3443662|1|1|1|328.98792119|52|2|1|3|2|1|1|1
3443663|1|1|1|300.23719118|52|2|1|3|2|1|1|1
3443664|1|1|1|300.23719118|52|2|1|3|2|1|1|1
3443665|1|1|1|352.76894903|52|2|1|2|1|1|1|1
3443666|1|1|1|336.86094008|52|2|1|3|1|1|1|1
3443667|1|1|1|461.72570794|52|2|1|3|2|1|1|1
3443668|1|1|1|328.98792119|52|2|1|3|2|1|1|1
3443669|1|1|1|548.62795585|52|2|1|3|2|1|1|1
3443671|1|1|1|162.55644608|52|2|1|1|1|1|1|1
3443672|1|1|1|339.2744528|52|2|1|1|1|1|1|1
3443673|1|1|1|268.06423208|52|2|1|1|2|1|1|1
3443674|1|1|1|206.96618504|52|2|1|1|2|1|1|1
3443675|1|1|1|188.31408312|52|2|1|1|2|1|1|1
3443676|1|1|1|268.06423208|52|2|1|1|2|1|1|1
3443677|1|1|1|268.06423208|52|2|1|1|2|1|1|1
3443678|1|1|1|389.98152617|52|2|1|1|1|1|1|1
3443679|1|1|1|287.44136587|52|2|1|1|1|1|1|1
3443682|1|1|1|369.74879143|54|1|1|3|1|1|1|1
3443683|1|1|1|265.59851993|54|1|1|3|2|1|1|1
3443684|1|1|1|984.68822624|54|1|1|3|1|1|1|1
3443685|1|1|1|899.90526235|54|2|1|3|1|1|1|1
3443686|1|1|1|362.57433946|54|2|1|2|1|1|1|1
3443687|1|1|1|928.35654113|54|1|1|3|1|1|1|1
3443688|1|1|1|678.47523767|54|1|1|3|2|1|1|1
3443693|1|1|1|798.35476415|54|2|1|2|2|1|1|1
3443694|1|1|1|387.3311749|54|1|1|2|2|1|1|1
3443695|1|1|1|387.3311749|54|1|1|2|1|1|1|1
3443696|1|1|1|528.75424505|54|1|1|3|1|1|1|1
3443697|1|1|1|387.3311749|54|1|1|2|1|1|1|1
3443698|1|1|1|487.26279684|54|1|1|2|1|1|1|1
3443699|1|1|1|387.3311749|54|1|1|2|1|1|1|1
3443700|1|1|1|494.72950212|54|1|1|2|1|1|1|1
3443701|1|1|1|387.3311749|54|1|1|2|1|1|1|1
3443702|1|1|1|653.13906509|54|1|1|2|1|1|1|1
3443703|1|1|1|528.75424505|54|1|1|2|1|1|1|1
3443704|1|1|1|258.22078327|54|2|1|2|1|1|1|1
3443705|1|1|1|258.22078327|54|1|1|2|1|1|1|1
3443706|1|1|1|386.86342838|54|1|1|2|1|1|1|1
3443707|1|1|1|1205.0303219|54|2|1|2|1|1|1|1
3443708|1|1|1|1205.0303219|54|2|1|2|1|1|1|1
3443709|1|1|1|902.56885943|54|2|1|2|1|1|1|1
3443710|1|1|1|571.29938254|54|2|1|2|1|1|1|1
3443711|1|1|1|401.06544505|54|1|1|2|1|1|1|1
3443712|1|1|1|258.22078327|54|2|1|2|1|1|1|1
3443713|1|1|1|642.5451595|54|2|1|2|1|1|1|1
3443715|1|1|1|370.11645602|54|1|1|2|1|1|1|1
3443716|1|1|1|370.11645602|54|1|1|2|1|1|1|1
3443717|1|1|1|370.11645602|54|1|1|2|1|1|1|1
3443718|1|1|1|485.43036446|54|1|1|2|1|1|1|1
3443719|1|1|1|370.11645602|54|1|1|2|1|1|1|1
3443720|1|1|1|370.11645602|54|1|1|2|1|1|1|1
3443721|1|1|1|1108.0005209|54|2|1|2|1|1|1|1
3443724|1|1|1|710.53610613|54|1|1|2|1|1|1|1
3443725|1|1|1|370.11645602|54|1|1|2|1|1|1|1
3443726|1|1|1|237.56312061|54|1|1|2|1|1|1|1
3443727|1|1|1|330.71975233|54|1|1|2|1|1|1|1
3443728|1|1|1|1108.6278962|54|1|1|2|1|1|1|1
3443729|1|1|1|311.57855951|54|1|1|2|1|1|1|1
3443730|1|1|1|355.91435411|54|2|1|2|1|1|1|1
3443732|1|1|1|1108.6278962|54|1|1|2|1|1|1|1
3443733|1|1|1|830.36335067|54|1|1|2|1|1|1|1
3443737|1|1|1|579.1194549|54|1|1|2|1|1|1|1
3443738|1|1|1|265.15639381|54|1|1|2|1|1|1|1
3443739|1|1|1|964.02425753|54|1|1|2|1|1|1|1
3443740|1|1|1|425.78920755|54|1|1|1|1|1|1|1
3443741|1|1|1|560.97292534|54|1|1|2|1|1|1|1
3443742|1|1|1|722.05508754|54|2|1|2|1|1|1|1
3443743|1|1|1|298.42635651|54|1|1|2|1|1|1|1
3443744|1|1|1|964.02425753|54|2|1|2|1|1|1|1
3443745|1|1|1|545.8494922|54|2|1|2|1|1|1|1
3443746|1|1|1|964.02425753|54|1|1|2|2|1|1|1
3443749|1|1|1|765.94369546|54|2|1|3|1|1|1|1
3443750|1|1|1|524.38117866|54|1|1|3|1|1|1|1
3443751|1|1|1|332.2908088|54|1|1|3|1|1|1|1
3443752|1|1|1|428.63869439|54|2|1|3|1|1|1|1
3443753|1|1|1|524.38117866|54|2|1|3|1|1|1|1
3443754|1|1|1|544.58514012|54|1|1|3|1|1|1|1
3443755|1|1|1|384.19210359|54|2|1|3|2|1|1|1
3443760|1|1|1|467.32138916|54|1|1|2|1|1|1|1
3443761|1|1|1|914.78295376|54|1|1|2|1|1|1|1
3443762|1|1|1|437.83327862|54|1|1|2|2|1|1|1
3443763|1|1|1|1566.5394185|54|1|1|2|1|1|1|1
3443764|1|1|1|440.27405149|54|1|1|2|1|1|1|1
3443766|1|1|1|352.49327219|54|1|1|2|1|1|1|1
3443767|1|1|1|707.08812957|54|1|1|2|1|1|1|1
3443768|1|1|1|1259.2217224|54|1|1|2|1|1|1|1
3443769|1|1|1|1566.5394185|54|2|1|2|1|1|1|1
3443770|1|1|1|335.68701825|54|1|1|2|1|1|1|1
3443773|1|1|1|299.56499305|54|1|1|2|1|1|1|1
3443774|1|1|1|615.5525174|54|1|1|2|1|1|1|1
3443775|1|1|1|334.22120421|54|1|1|2|2|1|1|1
3443776|1|1|1|215.18398606|54|1|1|2|1|1|1|1
3443777|1|1|1|322.38619032|54|1|1|2|2|1|1|1
3443778|1|1|1|215.18398606|54|1|1|2|1|1|1|1
3443780|1|1|1|424.62778956|54|1|1|2|1|1|1|1
3443781|1|1|1|757.72374358|54|1|1|2|1|1|1|1
3443782|1|1|1|804.60303563|54|1|1|2|1|1|1|1
3443783|1|1|1|299.56499305|54|1|1|2|1|1|1|1
3443785|1|1|1|718.51928774|54|2|1|1|1|1|1|1
3443786|1|1|1|977.26408015|54|2|1|2|1|1|1|1
3443787|1|1|1|1179.8658105|54|2|1|2|1|1|1|1
3443788|1|1|1|1626.7909346|54|2|1|2|1|1|1|1
3443789|1|1|1|1626.7909346|54|1|1|2|1|1|1|1
3443790|1|1|1|699.84813604|54|1|1|1|1|1|1|1
3443791|1|1|1|706.19620696|54|1|1|1|1|1|1|1
3443792|1|1|1|348.59805741|54|2|1|1|1|1|1|1
3443793|1|1|1|1218.4679602|54|1|1|1|1|1|1|1
3443794|1|1|1|802.37800587|54|2|1|1|1|1|1|1
3443795|1|1|1|678.48055089|54|1|1|1|1|1|1|1
3443796|1|1|1|1015.8662299|54|1|1|1|1|1|1|1
3443797|1|1|1|485.29528875|54|2|1|2|1|1|1|1
3443799|1|1|1|467.90968589|54|2|1|2|2|1|1|1
3443800|1|1|1|844.54920507|54|2|1|2|2|1|1|1
3443801|1|1|1|301.25758048|54|2|1|2|2|1|1|1
3443802|1|1|1|1405.8687089|54|2|1|2|2|1|2|1
3443803|1|1|1|301.25758048|54|1|1|2|1|1|1|1
3443804|1|1|1|402.82197083|54|1|1|2|1|1|1|1
3443805|1|1|1|301.25758048|54|1|1|2|2|1|1|1
3443806|1|1|1|403.25542708|54|2|1|2|1|1|1|1
3443807|1|1|1|1405.8687089|54|2|1|2|1|1|1|1
3443808|1|1|1|660.22192029|54|2|1|2|2|1|1|1
3443809|1|1|1|301.25758048|54|1|1|2|1|1|1|1
3443810|1|1|1|796.03050945|54|2|1|2|2|1|1|1
3443811|1|1|1|387.3311749|54|1|1|1|1|1|1|1
3443812|1|1|1|509.40835021|54|2|1|2|1|1|1|1
3443813|1|1|1|1085.8489779|54|1|1|1|1|1|1|1
3443814|1|1|1|1807.5454829|54|1|1|1|1|1|1|1
3443815|1|1|1|1023.4677979|54|1|1|1|1|1|1|1
3443816|1|1|1|518.47126339|54|1|1|2|1|1|1|1
3443817|1|1|1|631.83604009|54|1|1|1|1|1|1|1
3443818|1|1|1|1487.7302576|54|1|1|1|1|1|1|1
3443819|1|1|1|1085.8489779|54|1|1|1|1|1|1|1
3443821|1|1|1|546.00785223|54|1|1|2|2|1|1|1
3443822|1|1|1|158.01542177|54|1|1|2|2|2|2|1
3443823|1|1|1|217.38981069|54|1|1|2|2|2|1|1
3443824|1|1|1|150.48152676|54|1|1|2|2|2|1|1
3443825|1|1|1|421.86176228|54|2|1|2|1|1|1|1
3443826|1|1|1|150.48152676|54|1|1|2|1|1|1|1
3443829|1|1|1|922.76145416|54|1|1|2|1|1|1|1
3443830|1|1|1|842.25477834|54|1|1|2|1|1|1|1
3443831|1|1|1|842.25477834|54|1|1|2|1|1|1|1
3443832|1|1|1|605.0097464|54|1|1|2|1|1|1|1
3443833|1|1|1|715.80638544|54|2|1|2|1|1|1|1
3443834|1|1|1|1730.6830274|54|1|1|2|1|1|1|1
3443835|1|1|1|605.0097464|54|1|1|2|1|1|1|1
3443836|1|1|1|1247.0269493|54|1|1|2|1|1|1|1
3443837|1|1|1|842.25477834|54|1|1|2|1|1|1|1
3443838|1|1|1|1709.9412531|54|1|1|2|1|1|1|1
3443841|1|1|1|1864.7310364|54|1|1|3|1|1|1|1
3443842|1|1|1|665.16474932|54|1|1|3|1|1|1|1
3443843|1|1|1|836.77756172|54|1|1|3|1|1|1|1
3443844|1|1|1|3104.1021635|54|1|1|3|1|1|1|1
3443845|1|1|1|1312.5857661|54|1|1|3|1|1|1|1
3443846|1|1|1|872.40424314|54|1|1|3|1|1|1|1
3443847|1|1|1|890.37193567|54|1|1|3|1|1|1|1
3443848|1|1|1|2324.9754785|54|1|1|3|1|1|1|1
3443849|1|1|1|996.54223066|54|1|1|3|1|1|1|1
3443852|1|1|1|259.7656447|63|1|1|3|1|1|1|1
3443853|1|1|1|274.18916578|63|2|1|3|1|1|1|1
3443854|1|1|1|323.68771117|63|2|1|3|1|1|1|1
3443855|1|1|1|337.31815383|63|1|1|3|1|1|1|1
3443856|1|1|1|323.68771117|63|1|1|3|1|1|1|1
3443857|1|1|1|214.18767333|63|1|1|3|1|1|1|1
3443858|1|1|1|256.88909205|63|2|1|3|1|1|1|1
3443861|1|1|1|245.09281446|63|2|1|3|1|1|1|1
3443862|1|1|1|323.68771117|63|1|1|2|1|1|1|1
3443863|1|1|1|243.28988112|63|1|1|2|1|1|1|1
3443864|1|1|1|256.01408619|63|1|1|1|1|1|1|1
3443865|1|1|1|199.93051198|63|1|1|2|1|1|1|1
3443866|1|1|1|256.01408619|63|1|1|2|1|1|1|1
3443867|1|1|1|247.87046423|63|1|1|2|1|1|1|1
3443868|1|1|1|486.37541175|63|1|1|2|1|1|1|1
3443869|1|1|1|151.14797065|63|1|1|2|1|1|1|1
3443870|1|1|1|235.59299053|63|1|1|2|1|1|1|1
3443871|1|1|1|212.41377253|63|2|1|1|1|1|1|1
3443872|1|1|1|318.46151288|63|2|1|2|1|1|1|1
3443873|1|1|1|293.25355476|63|2|1|2|1|1|1|1
3443874|1|1|1|293.25355476|63|1|1|2|1|1|1|1
3443875|1|1|1|282.79854184|63|1|1|2|1|1|1|1
3443876|1|1|1|168.84171663|63|4|1|3|2|1|1|1
3443877|1|1|1|382.09650328|63|1|1|3|1|1|1|1
3443878|1|1|1|160.73588823|63|2|1|3|1|1|1|1
3443880|1|1|1|207.64811002|63|2|1|2|1|1|1|1
3443881|1|1|1|147.55150829|63|2|1|3|1|1|1|1
3443882|1|1|1|233.09897943|63|2|1|3|1|1|1|1
3443883|1|1|1|235.08060459|63|2|1|3|1|1|1|1
3443884|1|1|1|147.55150829|63|1|1|3|1|1|1|1
3443885|1|1|1|207.64811002|63|2|1|3|1|1|1|1
3443886|1|1|1|243.21309116|63|2|1|2|1|1|1|1
3443887|1|1|1|147.05568867|63|1|1|1|1|1|1|1
3443888|1|1|1|147.05568867|63|1|1|1|1|1|1|1
3443889|1|1|1|185.4187868|63|1|1|1|1|1|1|1
3443890|1|1|1|138.88728133|63|1|1|1|1|1|1|1
3443891|1|1|1|147.8566657|63|1|1|1|2|1|1|1
3443892|1|1|1|137.32166905|63|1|1|1|1|1|1|1
3443893|1|1|1|186.04958627|63|1|1|1|1|1|1|1
3443894|1|1|1|128.512604|63|1|1|1|1|1|1|1
3443895|1|1|1|128.512604|63|1|1|1|1|1|1|1
3443896|1|1|1|336.41753024|63|1|1|1|1|1|1|1
3443897|1|1|1|144.86913518|63|1|1|1|1|1|1|1
3443898|1|1|1|151.14045311|63|1|1|1|1|1|1|1
3443899|1|1|1|147.05568867|63|1|1|1|1|1|1|1
3443900|1|1|1|260.70467167|63|3|1|1|2|1|1|1
3443901|1|1|1|240.4537283|63|3|1|1|2|1|1|1
3443902|1|1|1|195.70155066|63|1|1|1|1|1|1|1
3443903|1|1|1|242.39875015|63|1|1|1|1|1|1|1
3443904|1|1|1|159.11084304|63|1|1|1|1|1|1|1
3443905|1|1|1|244.94740666|63|1|1|1|1|1|1|1
3443906|1|1|1|159.11084304|63|1|1|1|1|1|1|1
3443907|1|1|1|211.2813309|63|1|1|1|1|1|1|1
3443909|1|1|1|208.53418381|63|2|1|1|1|1|1|1
3443910|1|1|1|233.5196041|63|2|1|3|1|1|1|1
3443911|1|1|1|233.5196041|63|1|1|3|1|1|1|1
3443912|1|1|1|207.59728338|63|1|1|3|1|1|1|1
3443913|1|1|1|228.68475453|63|2|1|3|1|1|1|1
3443914|1|1|1|190.85411408|63|2|1|3|1|1|1|1
3443915|1|1|1|232.50062035|63|2|1|3|1|1|1|1
3443916|1|1|1|327.95811746|63|2|1|3|1|1|1|1
3443917|1|1|1|286.31161119|63|2|1|3|1|1|1|1
3443919|1|1|1|352.86145443|63|2|1|3|1|1|1|1
3443920|1|1|1|340.15017813|63|2|1|3|1|1|1|1
3443922|1|1|1|306.38009859|63|1|1|3|1|1|1|1
3443923|1|1|1|274.69449897|63|2|1|1|1|1|1|1
3443924|1|1|1|190.38904296|63|2|1|1|1|1|1|1
3443925|1|1|1|249.5280832|63|2|1|1|1|1|1|1
3443926|1|1|1|255.81709616|63|1|1|1|1|1|1|1
3443927|1|1|1|244.19077213|63|2|1|1|1|1|1|1
3443928|1|1|1|480.91179714|63|2|1|1|1|1|1|1
3443929|1|1|1|272.3671224|63|1|1|1|1|1|1|1
3443930|1|1|1|271.4244986|63|2|1|1|1|1|1|1
3443931|1|1|1|260.93096754|63|2|1|1|1|1|1|1
3443932|1|1|1|138.49965988|63|2|1|1|1|1|1|1
3443934|1|1|1|338.36948626|63|2|1|3|1|1|1|1
3443935|1|1|1|245.09281446|63|1|1|3|1|1|1|1
3443937|1|1|1|305.35256092|63|1|1|3|1|1|1|1
3443938|1|1|1|338.36948626|63|1|1|3|1|1|1|1
3443939|1|1|1|280.7190936|63|1|1|3|1|1|1|1
3443940|1|1|1|270.78673356|63|1|1|3|1|1|1|1
3443941|1|1|1|341.24603892|63|2|1|3|1|1|1|1
3443942|1|1|1|338.36948626|63|1|1|3|1|1|1|1
3443943|1|1|1|341.24603892|63|1|1|3|1|1|1|1
3443944|1|1|1|261.87742891|63|1|1|3|1|1|1|1
3443945|1|1|1|151.6867327|63|2|1|3|1|1|1|1
3443946|1|1|1|177.01147711|63|2|1|3|1|1|1|1
3443948|1|1|1|213.34507183|63|2|1|3|1|1|1|1
3443949|1|1|1|235.66545153|63|2|1|3|1|1|1|1
3443950|1|1|1|154.6910974|63|2|1|3|1|1|1|1
3443953|1|1|1|224.13509284|63|2|1|3|1|1|1|1
3443954|1|1|1|246.45547255|63|2|1|3|1|1|1|1
3443955|1|1|1|401.34433941|63|2|1|3|1|1|1|1
3443957|1|1|1|478.12016582|63|2|1|3|1|1|1|1
3443958|1|1|1|205.51127364|63|2|1|3|1|1|1|1
3443959|1|1|1|207.81967164|63|1|1|3|1|1|1|1
3443960|1|1|1|205.72503272|63|1|1|3|1|1|1|1
3443961|1|1|1|124.64969389|63|1|1|3|1|1|1|1
3443962|1|1|1|258.95016894|63|2|1|3|1|1|1|1
3443963|1|1|1|234.22605603|63|1|1|3|1|1|1|1
3443964|1|1|1|196.07425157|63|1|1|3|1|1|1|1
3443965|1|1|1|363.87969186|63|1|1|3|1|1|1|1
3443966|1|1|1|171.35013866|63|2|1|3|1|1|1|1
3443967|1|1|1|258.95016894|63|2|1|3|1|1|1|1
3443968|1|1|1|453.56078573|63|1|1|6|1|1|1|1
3443970|1|1|1|222.64960773|63|1|1|6|1|1|1|1
3443972|1|1|1|272.0719692|63|1|1|5|1|1|1|1
3443974|1|1|1|246.17267064|63|1|1|6|1|1|1|1
3443975|1|1|1|197.15315636|63|1|1|6|1|1|1|1
3443976|1|1|1|164.21054955|63|1|1|6|1|1|1|1
3443977|1|1|1|258.6105846|63|1|1|6|1|1|1|1
3443978|1|1|1|198.9556662|63|1|1|6|1|1|1|1
3443979|1|1|1|164.21054955|63|1|1|6|1|1|1|1
3443980|1|1|1|114.23342577|63|2|1|4|1|1|1|1
3443981|1|1|1|120.66727988|63|2|1|4|1|1|1|1
3443982|1|1|1|127.93684929|63|2|1|4|1|1|1|1
3443984|1|1|1|174.0298719|63|2|1|3|2|1|1|1
3443985|1|1|1|116.75136604|63|1|1|4|1|1|1|1
3443986|1|1|1|149.71684992|63|1|1|3|1|1|1|1
3443988|1|1|1|299.03780466|63|2|1|4|1|1|1|1
3443989|1|1|1|161.32053775|63|1|1|4|1|1|1|1
3443990|1|1|1|95.232743567|63|2|1|3|1|1|1|1
3443991|1|1|1|189.690432|63|1|1|4|1|1|1|1
3443992|1|1|1|133.23410798|63|1|1|4|1|1|1|1
3443993|1|1|1|213.6795285|63|2|1|4|1|1|1|1
3443994|1|1|1|267.61886923|63|2|1|5|1|1|1|1
3443995|1|1|1|281.61549481|63|2|1|4|1|1|1|1
3443996|1|1|1|204.19224857|63|2|1|4|1|1|1|1
3443997|1|1|1|238.15596802|63|2|1|4|1|1|1|1
3443998|1|1|1|233.65514978|63|2|1|5|1|1|1|1
3443999|1|1|1|245.155664|63|2|1|4|1|1|1|1
3444000|1|1|1|204.19224857|63|2|1|4|1|1|1|1
3444002|1|1|1|233.65514978|63|2|1|4|1|1|1|1
3444003|1|1|1|267.61886923|63|2|1|4|1|1|1|1
3444004|1|1|1|148.2565427|63|2|1|4|1|1|1|1
3444005|1|1|1|158.7656787|63|2|1|4|1|1|1|1
3444007|1|1|1|138.74601505|63|2|1|4|1|1|1|1
3444008|1|1|1|181.84359063|63|2|1|6|1|1|1|1
3444009|1|1|1|181.84359063|63|2|1|6|1|1|1|1
3444010|1|1|1|166.58013066|63|2|1|4|1|1|1|1
3444011|1|1|1|146.56046702|63|2|1|6|1|1|1|1
3444012|1|1|1|138.74601505|63|2|1|6|1|1|1|1
3444014|1|1|1|138.74601505|63|2|1|6|1|1|1|1
3444015|1|1|1|415.48374394|63|2|1|1|1|1|1|1
3444016|1|1|1|249.5280832|63|1|1|1|1|1|1|1
3444017|1|1|1|203.4395097|63|1|1|1|1|1|1|1
3444018|1|1|1|553.99863951|63|1|1|1|1|1|1|1
3444020|1|1|1|226.46871808|63|1|1|1|1|1|1|1
3444021|1|1|1|312.8888257|63|1|1|1|1|1|1|1
3444022|1|1|1|287.72240993|63|2|1|1|1|1|1|1
3444024|1|1|1|290.0497865|63|1|1|1|1|1|1|1
3444025|1|1|1|437.32238253|66|1|1|2|1|1|1|1
3444026|1|1|1|354.15427737|66|2|1|2|1|1|1|1
3444027|1|1|1|379.88079146|66|2|1|2|1|1|1|1
3444028|1|1|1|335.44456108|66|2|1|2|1|1|1|1
3444029|1|1|1|317.7415565|66|2|1|2|1|1|1|1
3444030|1|1|1|315.39859398|66|2|1|2|1|1|1|1
3444031|1|1|1|324.58639041|66|2|1|2|1|1|1|1
3444032|1|1|1|357.60806975|66|3|1|2|1|1|1|1
3444033|1|1|1|331.88155566|66|1|1|2|1|1|1|1
3444034|1|1|1|467.58232141|66|2|1|2|1|1|1|1
3444035|1|1|1|378.57259413|66|2|1|2|1|1|1|1
3444037|1|1|1|321.16397346|66|1|1|2|1|1|1|1
3444038|1|1|1|424.31369989|66|2|1|2|1|1|1|1
3444039|1|1|1|368.96584179|66|2|1|2|1|1|1|1
3444041|1|1|1|605.87286373|66|2|1|2|1|1|1|1
3444043|1|1|1|278.98587312|66|2|1|2|1|1|1|1
3444044|1|1|1|317.7415565|66|2|1|2|1|1|1|1
3444045|1|1|1|293.12587227|66|2|1|2|1|1|1|1
3444046|1|1|1|308.63859255|66|2|1|2|1|1|1|1
3444047|1|1|1|479.55429191|66|1|1|2|1|1|1|1
3444048|1|1|1|363.25724132|66|1|1|2|1|1|1|1
3444049|1|1|1|425.98729934|66|1|1|1|2|1|1|1
3444050|1|1|1|476.61233476|66|1|1|1|2|1|1|1
3444051|1|1|1|522.71059556|66|1|1|1|2|1|1|1
3444052|1|1|1|497.82233349|66|1|1|1|2|1|1|1
3444053|1|1|1|531.23141606|66|3|1|1|2|1|1|1
3444054|1|1|1|476.61233476|66|1|1|1|2|1|1|1
3444055|1|1|1|476.61233476|66|3|1|1|2|1|1|1
3444058|1|1|1|357.60806975|66|2|1|1|2|1|1|2
3444059|1|1|1|357.57669433|66|2|1|3|1|1|1|1
3444060|1|1|1|354.15427737|66|1|1|3|1|1|1|1
3444061|1|1|1|308.63859255|66|2|1|3|1|1|1|1
3444062|1|1|1|450.99014669|66|2|1|3|1|1|1|1
3444063|1|1|1|363.0407622|66|2|1|3|1|1|1|1
3444064|1|1|1|357.60806975|66|2|1|3|1|1|1|1
3444065|1|1|1|229.78765302|66|2|1|3|1|1|1|1
3444066|1|1|1|306.29563003|66|2|1|3|1|1|1|1
3444067|1|1|1|352.9866685|66|2|1|3|1|1|1|1
3444069|1|1|1|582.52618692|66|1|1|1|1|1|1|1
3444070|1|1|1|733.19905735|66|2|1|1|1|1|1|1
3444072|1|1|1|649.28284185|66|2|1|1|2|1|1|1
3444073|1|1|1|565.83741968|66|2|1|1|2|1|1|1
3444074|1|1|1|584.50518672|66|2|1|1|1|1|1|1
3444075|1|1|1|679.75935043|66|2|1|1|1|1|1|1
3444076|1|1|1|520.65114364|66|2|1|1|1|1|1|1
3444077|1|1|1|638.86850568|66|2|1|1|1|1|1|1
3444080|1|1|1|306.29563003|66|2|1|2|1|1|1|1
3444081|1|1|1|346.89048755|66|2|1|2|1|1|1|1
3444082|1|1|1|310.6679797|66|2|1|2|1|1|1|1
3444083|1|1|1|354.15427737|66|1|1|2|1|1|1|1
3444084|1|1|1|343.4680706|66|2|1|2|1|1|1|1
3444085|1|1|1|310.25234574|66|2|1|2|1|1|1|1
3444086|1|1|1|343.4680706|66|2|1|2|1|1|1|1
3444087|1|1|1|283.99153289|66|2|1|2|1|1|1|1
3444088|1|1|1|354.15427737|66|2|1|2|1|1|1|1
3444089|1|1|1|317.7415565|66|2|1|2|1|1|1|1
3444090|1|1|1|331.88155566|66|2|1|2|1|1|1|1
3444091|1|1|1|397.89513388|66|2|1|2|1|1|1|1
3444092|1|1|1|390.08366654|66|2|1|2|1|1|1|1
3444093|1|1|1|390.11789427|66|2|1|2|1|1|1|1
3444094|1|1|1|356.59188641|66|2|1|2|1|1|1|1
3444095|1|1|1|233.88486829|66|2|1|2|1|1|1|1
3444096|1|1|1|408.2184485|66|2|1|2|1|1|1|1
3444097|1|1|1|301.6731246|66|2|1|2|1|1|1|1
3444098|1|1|1|287.97484497|66|2|1|2|1|1|1|1
3444099|1|1|1|418.14895464|66|2|1|2|1|1|1|1
3444100|1|1|1|408.2184485|66|2|1|2|1|1|1|1
3444101|1|1|1|428.14791623|66|2|1|2|1|1|1|1
3444102|1|1|1|322.32963795|66|2|1|2|1|1|1|1
3444104|1|1|1|335.26778189|66|1|1|6|1|1|1|1
3444105|1|1|1|478.64808817|66|1|1|6|1|1|1|1
3444107|1|1|1|335.26778189|66|1|1|6|1|1|1|1
3444108|1|1|1|511.01911864|66|1|1|6|1|1|1|1
3444109|1|1|1|395.84496767|66|1|1|6|1|1|1|1
3444110|1|1|1|375.11155976|66|1|1|6|1|1|1|1
3444111|1|1|1|466.51396322|66|1|1|6|1|1|1|1
3444114|1|1|1|544.88586199|66|2|1|2|1|1|1|1
3444115|1|1|1|515.20210589|66|2|1|2|1|1|1|1
3444116|1|1|1|569.82118719|66|2|1|2|1|1|1|1
3444117|1|1|1|522.71059556|66|2|1|2|1|1|1|1
3444118|1|1|1|376.50184347|66|2|1|2|1|1|1|1
3444119|1|1|1|576.7178431|66|2|1|2|1|1|1|1
3444120|1|1|1|425.98729934|66|2|1|2|1|1|1|1
3444121|1|1|1|599.47129287|66|2|1|2|1|1|1|1
3444122|1|1|1|531.23141606|66|2|1|2|1|1|1|1
3444123|1|1|1|522.71059556|66|2|1|2|1|1|1|1
3444125|1|1|1|842.94465353|66|2|1|3|1|1|1|1
3444126|1|1|1|711.93692441|66|2|1|3|1|1|1|1
3444127|1|1|1|808.47358898|66|2|1|3|1|1|1|1
3444128|1|1|1|645.99422473|66|2|1|3|1|1|1|1
3444129|1|1|1|833.42409575|66|2|1|3|1|1|1|1
3444132|1|1|1|801.18935208|66|2|1|3|1|1|1|1
3444133|1|1|1|789.20876798|66|2|1|3|1|1|1|1
3444134|1|1|1|754.14879216|66|2|1|3|1|1|1|1
3444135|1|1|1|786.62227295|66|1|1|2|1|1|1|1
3444136|1|1|1|580.97677129|66|1|1|2|1|1|1|1
3444137|1|1|1|553.7060458|66|1|1|2|1|1|1|1
3444138|1|1|1|536.42962144|66|1|1|2|1|1|1|1
3444139|1|1|1|825.13564048|66|1|1|2|1|1|1|1
3444140|1|1|1|728.67424065|66|1|1|2|1|1|1|1
3444141|1|1|1|512.6634782|66|1|1|2|1|1|1|1
3444142|1|1|1|657.95004909|66|2|1|2|1|1|1|1
3444143|1|1|1|786.62227295|66|2|1|2|1|1|1|1
3444144|1|1|1|665.10184531|66|2|1|2|1|1|1|1
3444145|1|1|1|871.54303426|66|2|1|2|1|1|1|1
3444147|1|1|1|904.68131749|66|1|1|2|1|1|1|1
3444148|1|1|1|904.68131749|66|1|1|2|1|1|1|1
3444149|1|1|1|904.68131749|66|2|1|2|1|1|1|1
3444150|1|1|1|1399.4852658|66|2|1|2|1|1|1|1
3444151|1|1|1|1128.9365927|66|2|1|2|1|1|1|1
3444152|1|1|1|907.75476583|66|1|1|2|1|1|1|1
3444153|1|1|1|904.68131749|66|2|1|2|1|1|1|1
3444156|1|1|1|904.68131749|66|2|1|2|1|1|1|1
3444157|1|1|1|904.68131749|66|2|1|2|1|1|1|1
3444158|1|1|1|1001.9270809|66|2|1|2|1|1|1|1
3444159|1|1|1|561.51906076|66|2|1|2|1|1|1|1
3444160|1|1|1|805.00653363|66|2|1|2|1|1|1|1
3444161|1|1|1|500.75421601|66|2|1|2|1|1|1|1
3444162|1|1|1|739.88321999|66|2|1|2|1|1|1|1
3444163|1|1|1|704.70585116|66|1|1|2|1|1|1|1
3444164|1|1|1|630.44729075|66|2|1|2|1|1|1|1
3444165|1|1|1|427.25542645|66|2|1|2|1|1|1|1
3444166|1|1|1|628.25091493|66|2|1|2|1|1|1|1
3444167|1|1|1|728.37729503|66|2|1|2|1|1|1|1
3444168|1|1|1|646.24964791|66|2|1|2|1|1|1|1
3444169|1|1|1|707.07652935|66|1|1|2|1|1|1|1
3444170|1|1|1|701.53601682|68|2|1|2|1|1|1|1
3444171|1|1|1|808.36938941|68|2|1|2|1|1|1|1
3444172|1|1|1|868.82594886|68|2|1|1|1|1|1|1
3444173|1|1|1|624.05518809|68|2|1|2|1|1|1|1
3444174|1|1|1|834.69589893|68|2|1|2|1|1|1|1
3444175|1|1|1|1356.0917081|68|2|1|2|1|1|1|1
3444176|1|1|1|898.90048113|68|2|1|2|1|1|1|1
3444179|1|1|1|689.11084546|68|3|1|2|1|1|1|1
3444180|1|1|1|689.11084546|68|3|1|3|1|1|1|1
3444181|1|1|1|907.92596623|68|1|1|3|1|1|1|1
3444182|1|1|1|689.11084546|68|1|1|2|1|1|1|1
3444183|1|1|1|1574.0197948|68|1|1|3|1|1|1|1
3444184|1|1|1|882.79928011|68|2|1|3|1|1|1|1
3444185|1|1|1|739.36421771|68|2|1|3|1|1|1|1
3444186|1|1|1|882.79928011|68|2|1|3|1|1|1|1
3444187|1|1|1|461.87767002|68|2|1|3|1|1|1|1
3444188|1|1|1|800.69573608|68|2|1|3|1|1|1|1
3444189|1|1|1|681.18497558|68|2|1|3|1|1|1|1
3444190|1|1|1|773.99291184|68|2|1|3|1|1|1|1
3444191|1|1|1|699.9842959|68|2|1|3|1|1|1|1
3444192|1|1|1|795.15415297|68|2|1|3|1|1|1|1
3444193|1|1|1|1089.5540278|68|2|1|3|1|1|1|1
3444194|1|1|1|833.07333019|68|2|1|3|1|1|1|1
3444195|1|1|1|752.59958896|68|2|1|3|1|1|1|1
3444196|1|1|1|463.76366321|68|2|1|3|1|1|1|1
3444197|1|1|1|725.11098203|68|1|1|3|1|1|1|1
3444198|1|1|1|901.59860043|68|2|1|3|1|1|1|1
3444199|1|1|1|1001.6350787|68|2|1|3|1|1|1|1
3444200|1|1|1|672.4005465|68|1|1|3|1|1|1|1
3444202|1|1|1|1186.1025327|68|2|1|4|1|1|1|1
3444203|1|1|1|986.41598082|68|2|1|4|1|1|1|1
3444204|1|1|1|851.48121947|68|2|1|4|1|1|1|1
3444205|1|1|1|873.01019723|68|2|1|4|1|1|1|1
3444206|1|1|1|1186.1025327|68|2|1|4|1|1|1|1
3444207|1|1|1|1186.1025327|68|2|1|4|1|1|1|1
3444209|1|1|1|806.54972223|68|2|1|2|1|1|1|1
3444210|1|1|1|688.49409114|68|2|1|3|1|1|1|1
3444211|1|1|1|492.09901216|68|2|1|3|1|1|1|1
3444212|1|1|1|621.72259565|68|1|1|3|1|1|1|1
3444213|1|1|1|607.10190185|68|2|1|3|1|1|1|1
3444214|1|1|1|876.94767674|68|1|1|3|1|1|1|1
3444215|1|1|1|1361.8558591|68|2|1|2|1|1|1|1
3444216|1|1|1|607.10190185|68|2|1|3|1|1|1|1
3444217|1|1|1|827.90740544|68|2|1|3|1|1|1|1
3444218|1|1|1|1030.721587|68|2|1|3|1|1|1|1
3444219|1|1|1|884.88770723|68|2|1|2|1|1|1|1
3444220|1|1|1|861.38855682|68|1|1|2|1|1|1|1
3444221|1|1|1|962.91683041|68|1|1|2|1|1|1|1
3444222|1|1|1|1733.3052336|68|2|1|2|1|1|1|1
3444223|1|1|1|1252.8875508|68|2|1|2|1|1|1|1
3444224|1|1|1|861.38855682|68|2|1|2|1|1|1|1
3444225|1|1|1|892.79691448|68|2|1|5|1|1|1|1
3444226|1|1|1|1967.5247435|68|2|1|2|1|1|1|1
3444227|1|1|1|1590.461265|68|2|1|2|1|1|1|1
3444228|1|1|1|1052.3040252|68|2|1|2|1|1|1|1
3444229|1|1|1|892.79691448|68|1|1|2|1|1|1|1
3444230|1|1|1|777.55610477|68|2|1|5|1|1|1|1
3444232|1|1|1|597.68426194|68|2|1|4|1|1|1|1
3444233|1|1|1|653.14528636|68|2|1|4|1|1|1|1
3444234|1|1|1|607.15945825|68|2|1|5|1|1|1|1
3444235|1|1|1|564.68805392|68|2|1|5|1|1|1|1
3444236|1|1|1|564.68805392|68|2|1|4|1|1|1|1
3444237|1|1|1|558.19324388|68|2|1|5|1|1|1|1
3444238|1|1|1|805.93239579|68|2|1|4|1|1|1|1
3444240|1|1|1|631.68494167|68|1|1|4|1|1|1|1
3444241|1|1|1|677.7505329|68|2|1|4|1|1|1|1
3444243|1|1|1|641.65227124|68|1|1|4|1|1|1|1
3444244|1|1|1|760.9147742|68|2|1|4|1|1|1|1
3444245|1|1|1|664.68506686|68|2|1|4|1|1|1|1
3444246|1|1|1|609.90930163|68|2|1|4|1|1|1|1
3444247|1|1|1|648.91765197|68|2|1|4|1|1|1|1
3444248|1|1|1|892.84131959|68|2|1|4|1|1|1|1
3444249|1|1|1|809.23267343|68|2|1|4|1|1|1|1
3444252|1|1|1|659.14950435|68|2|1|3|1|1|1|1
3444253|1|1|1|901.57402295|68|2|1|3|1|1|1|1
3444254|1|1|1|844.41670271|68|2|1|4|1|1|1|1
3444255|1|1|1|968.86453188|68|2|1|3|1|1|1|1
3444257|1|1|1|659.14950435|68|2|1|4|1|1|1|1
3444258|1|1|1|844.41670271|68|2|1|3|1|1|1|1
3444259|1|1|1|1190.1095543|68|2|1|3|1|1|1|1
3444261|1|1|1|1052.0705126|68|2|1|2|1|1|1|1
3444262|1|1|1|1279.4031265|68|2|1|2|1|1|1|1
3444263|1|1|1|1090.431606|68|1|1|2|1|1|1|1
3444264|1|1|1|2097.1385366|68|2|1|2|1|1|1|1
3444265|1|1|1|1125.6462423|68|1|1|2|1|1|1|1
3444267|1|1|1|2040.1975287|68|2|1|2|1|1|1|1
3444268|1|1|1|781.57292276|68|2|1|2|1|1|1|1
3444269|1|1|1|1575.1086607|68|2|1|2|1|1|1|1
3444271|1|1|1|1336.6898336|68|2|1|3|1|1|1|1
3444272|1|1|1|1099.1781475|68|2|1|3|1|1|1|1
3444273|1|1|1|2029.5141525|68|2|1|3|1|1|1|1
3444274|1|1|1|1258.7198679|68|2|1|3|1|1|1|1
3444275|1|1|1|1550.3220636|68|2|1|3|1|1|1|1
3444276|1|1|1|1853.1614201|68|2|1|3|1|1|1|1
3444278|1|1|1|1682.6768605|68|2|1|3|1|1|1|1
3444281|1|1|1|1148.1321963|68|2|1|3|1|1|1|1
3444282|1|1|1|1119.1005247|68|2|1|3|1|1|1|1
3444283|1|1|1|789.98050125|68|2|1|3|1|1|1|1
3444284|1|1|1|848.01829534|68|2|1|3|1|1|1|1
3444285|1|1|1|829.22398954|68|2|1|3|1|1|1|1
3444286|1|1|1|1197.560946|68|2|1|3|1|1|1|1
3444287|1|1|1|1077.9856786|68|2|1|3|1|1|1|1
3444292|1|1|1|784.09725641|68|2|1|2|1|1|1|1
3444293|1|1|1|992.97221832|68|2|1|2|1|1|1|1
3444294|1|1|1|751.69655557|68|2|1|2|1|1|1|1
3444295|1|1|1|713.37558857|68|2|1|2|1|1|1|1
3444296|1|1|1|784.09725641|68|2|1|2|1|1|1|1
3444297|1|1|1|1528.0273419|68|2|1|2|1|1|1|1
3444298|1|1|1|1110.5676045|68|2|1|2|1|1|1|1
3444299|1|1|1|726.40454132|68|2|1|2|1|1|1|1
3444300|1|1|1|738.36036612|68|2|1|2|1|1|1|1
3444302|1|1|1|774.37537963|68|2|1|2|1|1|1|1
3444304|1|1|1|904.99112965|68|2|1|2|1|1|1|1
3444305|1|1|1|692.21284324|68|2|1|2|1|1|1|1
3444306|1|1|1|774.37537963|68|2|1|2|1|1|1|1
3444307|1|1|1|584.26720976|68|2|1|2|1|1|1|1
3444308|1|1|1|915.13393912|68|2|1|2|1|1|1|1
3444309|1|1|1|862.71761266|68|2|1|2|1|1|1|1
3444312|1|1|1|2518.5984775|68|2|1|3|1|1|1|1
3444313|1|1|1|2117.4266466|68|2|1|3|1|1|1|1
3444314|1|1|1|2166.2278913|68|2|1|3|1|1|1|1
3444315|1|1|1|1631.9554342|68|2|1|3|1|1|1|1
3444316|1|1|1|2362.5815647|68|2|1|3|1|1|1|1
3444317|1|1|1|1769.4949011|68|2|1|3|1|1|1|1
3444318|1|1|1|1738.1014897|68|2|1|3|1|1|1|1
3444319|1|1|1|1573.1412276|68|2|1|3|1|1|1|1
3444320|1|1|1|2076.0202733|68|2|1|3|1|1|1|1
3444321|1|1|1|2076.0202733|68|2|1|3|1|1|1|1
3444322|1|1|1|175.88479498|70|1|1|1|1|1|1|1
3444323|1|1|1|141.53454623|70|1|1|1|1|1|1|1
3444324|1|1|1|198.60332183|70|1|1|1|1|1|1|1
3444325|1|1|1|118.06651397|70|1|1|1|1|1|1|1
3444326|1|1|1|145.33123043|70|1|1|1|1|1|1|1
3444327|1|1|1|178.67601127|70|1|1|1|1|1|1|1
3444328|1|1|1|157.93148432|70|1|1|1|1|1|1|1
3444329|1|1|1|182.20638373|70|1|1|1|1|1|1|1
3444331|1|1|1|185.74074292|70|1|1|1|1|1|1|1
3444332|1|1|1|176.66237881|70|1|1|2|1|1|1|1
3444333|1|1|1|142.86153338|70|1|1|2|1|1|1|1
3444334|1|1|1|109.97588718|70|1|1|2|1|1|1|1
3444335|1|1|1|106.99687131|70|1|1|2|1|1|1|1
3444337|1|1|1|138.24634322|70|1|1|2|1|1|1|1
3444338|1|1|1|199.94933494|70|1|1|2|1|1|1|1
3444339|1|1|1|191.90022242|70|1|1|2|1|1|1|1
3444340|1|1|1|208.45462806|70|1|1|3|1|1|1|1
3444342|1|1|1|159.41593901|70|1|1|2|1|1|1|1
3444343|1|1|1|192.55850343|70|1|1|3|1|1|1|1
3444344|1|1|1|217.19577474|70|1|1|2|1|1|1|1
3444345|1|1|1|212.47526699|70|1|1|2|1|1|1|1
3444346|1|1|1|171.84292166|70|1|1|2|1|1|1|1
3444347|1|1|1|151.79980368|70|2|1|2|1|1|1|1
3444348|1|1|1|212.47526699|70|2|1|2|1|1|1|1
3444349|1|1|1|141.68304348|70|1|1|2|1|1|1|1
3444350|1|1|1|272.59816128|70|1|1|2|1|1|1|1
3444351|1|1|1|214.17909225|70|2|1|2|1|1|1|1
3444352|1|1|1|211.48487349|70|1|1|2|1|1|1|1
3444353|1|1|1|286.1331947|70|1|1|2|1|1|1|1
3444354|1|1|1|267.38052359|70|1|1|2|1|1|1|1
3444355|1|1|1|230.25526595|70|1|1|2|1|1|1|1
3444357|1|1|1|112.05602722|70|1|1|2|1|1|1|1
3444358|1|1|1|204.7196115|70|1|1|2|1|1|1|1
3444359|1|1|1|213.40663871|70|1|1|2|1|1|1|1
3444360|1|1|1|249.6477089|70|1|1|2|1|1|1|1
3444361|1|1|1|247.35147108|70|1|1|2|1|1|1|1
3444363|1|1|1|169.99148803|70|1|1|2|1|1|1|1
3444364|1|1|1|194.52026227|70|1|1|2|1|1|1|1
3444365|1|1|1|152.94577215|70|1|1|3|1|1|1|1
3444366|1|1|1|152.22094892|70|1|1|2|1|1|1|1
3444367|1|1|1|216.88102686|70|1|1|3|1|1|1|1
3444368|1|1|1|201.93337137|70|1|1|3|1|1|1|1
3444369|1|1|1|103.69173118|70|1|1|2|1|1|1|1
3444371|1|1|1|201.93337137|70|2|1|3|1|1|1|1
3444372|1|1|1|103.69173118|70|1|1|3|1|1|1|1
3444373|1|1|1|135.00085628|70|1|1|3|1|1|1|1
3444374|1|1|1|139.35774884|70|1|1|3|1|1|1|1
3444375|1|1|1|103.69173118|70|1|1|2|1|1|1|1
3444376|1|1|1|243.87623669|70|1|1|3|1|1|1|1
3444377|1|1|1|153.58058111|70|2|1|3|1|1|1|1
3444379|1|1|1|115.69820264|70|1|1|2|1|1|1|1
3444380|1|1|1|156.33013434|70|2|1|2|1|1|1|1
3444382|1|1|1|142.75542428|70|1|1|2|1|1|1|1
3444383|1|1|1|147.14787081|70|2|1|2|1|1|1|1
3444385|1|1|1|157.90695298|70|2|1|2|1|1|1|1
3444386|1|1|1|78.439219057|70|1|1|2|1|1|1|1
3444387|1|1|1|190.09172494|70|1|1|2|1|1|1|1
3444388|1|1|1|64.641120547|70|1|1|1|1|1|1|1
3444389|1|1|1|117.11799139|70|1|1|1|1|1|1|1
3444390|1|1|1|105.13170068|70|2|1|1|2|1|1|1
3444391|1|1|1|105.8743767|70|2|1|1|1|1|1|1
3444392|1|1|1|78.356454696|70|1|1|1|1|1|1|1
3444393|1|1|1|98.72398591|70|1|1|1|1|1|1|1
3444394|1|1|1|135.2855871|70|1|1|1|1|1|1|1
3444395|1|1|1|84.902672524|70|1|1|1|1|1|1|1
3444396|1|1|1|147.57300646|70|1|1|1|1|1|1|1
3444397|1|1|1|55.674075888|70|1|1|1|1|1|1|1
3444398|1|1|1|55.302737882|70|1|1|1|1|1|1|1
3444399|1|1|1|106.13238078|70|1|1|1|1|1|1|1
3444400|1|1|1|147.57300646|70|2|1|1|1|1|1|1
3444401|1|1|1|97.052260269|70|2|1|1|1|1|1|1
3444402|1|1|1|97.052260269|70|1|1|1|1|1|1|1
3444403|1|1|1|206.29296218|70|2|1|1|1|1|1|1
3444404|1|1|1|146.36931065|70|2|1|1|1|1|1|1
3444405|1|1|1|129.61200202|70|2|1|1|1|1|1|1
3444406|1|1|1|182.96245521|70|2|1|1|1|1|1|1
3444407|1|1|1|215.972045|70|2|1|1|1|1|1|1
3444408|1|1|1|226.36261067|70|2|1|1|1|1|1|1
3444409|1|1|1|186.50860763|70|2|1|1|1|1|1|1
3444410|1|1|1|111.53045343|70|2|1|1|1|1|1|1
3444411|1|1|1|115.08604284|70|2|1|1|1|1|1|1
3444412|1|1|1|284.70302935|70|2|1|1|1|1|1|1
3444413|1|1|1|177.14111495|70|2|1|1|1|1|1|1
3444414|1|1|1|175.81990401|70|2|1|1|1|1|1|1
3444416|1|1|1|190.08872193|70|1|1|3|1|1|1|1
3444418|1|1|1|230.664119|70|1|1|3|1|1|1|1
3444419|1|1|1|258.0687932|70|1|1|3|1|1|1|1
3444421|1|1|1|219.19691614|70|1|1|3|1|1|1|1
3444422|1|1|1|129.48696479|70|2|1|3|1|1|1|1
3444423|1|1|1|174.9306996|70|1|1|3|1|1|1|1
3444424|1|1|1|302.73468289|70|1|1|3|1|1|1|1
3444425|1|1|1|387.68468589|70|1|1|3|1|1|1|1
3444426|1|1|1|236.56488441|70|1|1|3|1|1|1|1
3444427|1|1|1|320.50136162|70|2|1|3|1|1|1|1
3444430|1|1|1|275.62702974|70|2|1|2|1|1|1|1
3444432|1|1|1|181.972988|70|1|1|2|1|1|1|1
3444434|1|1|1|215.90175645|70|2|1|2|1|1|1|1
3444435|1|1|1|146.22209379|70|2|1|2|1|1|1|1
3444436|1|1|1|151.79980368|70|2|1|2|1|1|1|1
3444438|1|1|1|138.01530976|70|2|1|2|1|1|1|1
3444439|1|1|1|146.22209379|70|1|1|2|1|1|1|1
3444440|1|1|1|178.72668216|70|2|1|2|1|1|1|1
3444441|1|1|1|229.28847573|70|2|1|5|1|1|1|1
3444442|1|1|1|205.90716361|70|1|1|5|1|1|1|1
3444443|1|1|1|146.91835256|70|1|1|5|1|1|1|1
3444444|1|1|1|255.34712807|70|1|1|5|1|1|1|1
3444445|1|1|1|146.22209379|70|2|1|5|1|1|1|1
3444446|1|1|1|243.38862677|70|2|1|5|1|1|1|1
3444447|1|1|1|226.4565055|70|2|1|1|1|2|1|1
3444448|1|1|1|180.62595782|70|1|1|1|1|2|2|1
3444449|1|1|1|226.4565055|70|2|1|1|1|2|1|1
3444450|1|1|1|189.40641002|70|1|1|1|1|2|2|1
3444451|1|1|1|252.48582137|70|1|1|1|1|1|1|1
3444452|1|1|1|191.89730776|70|1|1|1|1|2|2|1
3444453|1|1|1|207.03978918|70|1|1|1|1|2|2|1
3444454|1|1|1|204.37707486|70|1|1|1|1|2|2|1
3444455|1|1|1|188.18260926|70|1|1|1|1|2|1|1
3444457|1|1|1|292.97124003|70|1|1|1|1|2|1|1
3444458|1|1|1|180.62595782|70|1|1|1|1|2|2|1
3444459|1|1|1|187.75937893|70|2|1|1|1|2|2|1
3444460|1|1|1|162.99257867|70|2|1|1|1|2|1|1
3444461|1|1|1|133.13385864|70|1|1|1|1|1|1|2
3444463|1|1|1|181.972988|70|1|1|1|1|1|1|1
3444464|1|1|1|243.38862677|70|1|1|1|1|1|1|1
3444466|1|1|1|212.47526699|70|2|1|1|1|1|1|1
3444467|1|1|1|146.22209379|70|2|1|1|1|1|1|1
3444468|1|1|1|194.67166476|70|1|1|1|1|1|1|1
3444470|1|1|1|211.48487349|70|2|1|1|1|1|1|1
3444471|1|1|1|246.53950894|70|2|1|1|1|1|1|1
3444472|1|1|1|190.07260772|70|1|1|1|2|1|2|1
3444473|1|1|1|159.37531458|70|1|1|1|2|1|2|1
3444474|1|1|1|193.1253263|70|1|1|1|2|1|2|1
3444475|1|1|1|180.79563989|70|1|1|1|2|1|2|1
3444476|1|1|1|177.20615122|70|2|1|1|2|1|2|1
3444477|1|1|1|184.83471223|70|2|1|1|2|1|2|1
3444478|1|1|1|140.12750261|70|1|1|1|2|1|2|1
3444479|1|1|1|161.54782792|70|1|1|1|2|1|2|1
3444480|1|1|1|165.10794671|70|2|1|1|2|1|2|1
3444481|1|1|1|85.301809929|70|2|1|1|2|1|2|2
3444482|1|1|1|575.57541109|73|1|1|3|1|1|1|1
3444483|1|1|1|709.75282534|73|2|1|3|1|1|1|1
3444484|1|1|1|430.75457437|73|2|1|3|1|1|1|1
3444485|1|1|1|534.75479283|73|2|1|3|1|1|1|1
3444486|1|1|1|621.92416228|73|2|1|3|1|1|1|1
3444487|1|1|1|537.81622287|73|2|1|3|1|1|1|1
3444488|1|1|1|537.81622287|73|2|1|3|1|1|1|1
3444489|1|1|1|448.18867842|73|2|1|3|1|1|1|1
3444490|1|1|1|562.62720717|73|2|1|3|1|1|1|1
3444492|1|1|1|439.22894583|73|2|1|2|1|1|1|1
3444493|1|1|1|378.49214381|73|2|1|2|1|1|1|1
3444494|1|1|1|225.65981749|73|2|1|2|1|1|1|1
3444495|1|1|1|377.3570192|73|1|1|2|1|1|1|1
3444496|1|1|1|403.99435347|73|2|1|2|1|1|1|1
3444497|1|1|1|378.49214381|73|1|1|2|1|1|1|1
3444498|1|1|1|439.22894583|73|2|1|2|1|1|1|1
3444499|1|1|1|279.81508724|73|2|1|2|1|1|1|1
3444500|1|1|1|467.7395842|73|2|1|2|1|1|1|1
3444501|1|1|1|524.31596726|73|2|1|2|1|1|1|1
3444502|1|1|1|219.30601494|73|2|1|2|1|1|1|1
3444503|1|1|1|336.14150881|73|1|1|3|1|1|1|1
3444504|1|1|1|454.31445515|73|1|1|3|1|1|1|1
3444505|1|1|1|505.58514045|73|2|1|3|1|1|1|1
3444507|1|1|1|316.60373675|73|1|1|3|1|1|1|1
3444508|1|1|1|406.91237735|73|2|1|3|1|1|1|1
3444509|1|1|1|526.15367626|73|2|1|3|1|1|1|1
3444513|1|1|1|449.07258983|73|2|1|3|1|1|1|1
3444514|1|1|1|251.3737787|73|2|1|3|1|1|1|1
3444515|1|1|1|349.05447944|73|2|1|3|1|1|1|1
3444516|1|1|1|368.31947902|73|2|1|3|1|1|1|1
3444517|1|1|1|241.17616097|73|2|1|3|1|1|1|1
3444518|1|1|1|287.71766401|73|2|1|3|1|1|1|1
3444519|1|1|1|510.89057571|73|2|1|3|1|1|1|1
3444520|1|1|1|372.66838224|73|2|1|3|1|1|1|1
3444523|1|1|1|332.92192885|73|2|1|2|1|1|1|1
3444524|1|1|1|276.52314504|73|2|1|2|1|1|1|1
3444525|1|1|1|374.03929506|73|2|1|2|1|1|1|1
3444526|1|1|1|497.05683331|73|2|1|2|1|1|1|1
3444529|1|1|1|317.64051124|73|2|1|2|1|1|1|1
3444531|1|1|1|354.01263966|73|2|1|2|1|1|1|1
3444533|1|1|1|469.56722915|73|2|1|2|2|1|1|1
3444534|1|1|1|374.62925584|73|2|1|2|1|1|1|1
3444535|1|1|1|514.70577095|73|2|1|2|1|1|1|1
3444536|1|1|1|210.29328043|73|2|1|2|1|1|1|1
3444537|1|1|1|402.51342243|73|1|1|2|1|1|1|1
3444538|1|1|1|448.25034105|73|1|1|2|1|1|1|1
3444539|1|1|1|234.82548813|73|2|1|2|1|1|1|1
3444540|1|1|1|379.54448095|73|1|1|2|1|1|1|1
3444541|1|1|1|234.82548813|73|2|1|2|1|1|1|1
3444542|1|1|1|544.28772456|73|2|1|2|1|1|1|1
3444543|1|1|1|520.5676395|73|2|1|3|1|1|1|1
3444544|1|1|1|596.11754259|73|2|1|3|1|1|1|1
3444545|1|1|1|520.5676395|73|2|1|3|1|1|1|1
3444546|1|1|1|572.09968427|73|2|1|3|1|1|1|1
3444547|1|1|1|520.5676395|73|2|1|3|1|1|1|1
3444548|1|1|1|399.27144907|73|2|1|3|1|1|1|1
3444549|1|1|1|554.35802572|73|2|1|3|1|1|1|1
3444550|1|1|1|448.58328155|73|2|1|3|1|1|1|1
3444551|1|1|1|375.25359074|73|2|1|3|1|1|1|1
3444554|1|1|1|352.93816327|73|2|1|2|1|1|1|1
3444555|1|1|1|247.01137408|73|1|1|2|1|1|1|1
3444557|1|1|1|416.15667784|73|2|1|2|1|1|1|1
3444558|1|1|1|426.31404137|73|2|1|2|1|1|1|1
3444559|1|1|1|381.46093943|73|1|1|2|2|1|1|1
3444560|1|1|1|231.73743875|73|2|1|2|1|1|1|1
3444561|1|1|1|363.37592025|73|2|1|2|1|1|1|1
3444562|1|1|1|484.56135244|73|2|1|2|1|1|1|1
3444565|1|1|1|313.48055205|73|2|1|2|1|1|1|1
3444566|1|1|1|674.11250587|73|2|1|2|1|1|1|1
3444567|1|1|1|648.00044609|73|2|1|2|1|1|1|1
3444568|1|1|1|575.368478|73|2|1|2|1|1|1|1
3444569|1|1|1|376.75145076|73|1|1|2|1|1|1|1
3444570|1|1|1|649.87856993|73|2|1|2|1|1|1|1
3444571|1|1|1|551.13454206|73|2|1|2|1|1|1|1
3444572|1|1|1|337.53360548|73|2|1|2|1|1|1|1
3444573|1|1|1|469.90764377|73|2|1|2|1|1|1|1
3444574|1|1|1|624.35703752|73|2|1|2|1|1|1|1
3444575|1|1|1|524.66041961|73|2|1|2|1|1|1|1
3444576|1|1|1|474.90495126|73|2|1|2|1|1|1|1
3444577|1|1|1|315.4551551|73|1|1|2|1|1|1|1
3444578|1|1|1|175.0922258|73|1|1|2|1|1|1|1
3444579|1|1|1|284.98232005|73|2|1|2|1|1|1|1
3444580|1|1|1|330.71355921|73|2|1|2|1|1|1|1
3444581|1|1|1|306.62062073|73|2|1|2|1|1|1|1
3444582|1|1|1|253.26908728|73|1|1|2|1|1|1|1
3444583|1|1|1|304.41194917|73|2|1|2|1|1|1|1
3444584|1|1|1|289.52535859|73|2|1|2|1|1|1|1
3444585|1|1|1|363.45156412|73|2|1|2|1|1|1|1
3444586|1|1|1|225.08802304|73|1|1|2|1|1|1|1
3444588|1|1|1|407.46963985|73|2|1|5|1|1|1|1
3444589|1|1|1|498.7184187|73|2|1|5|1|1|1|1
3444590|1|1|1|407.72116418|73|2|1|5|1|1|1|1
3444591|1|1|1|498.7184187|73|2|1|5|1|1|1|1
3444592|1|1|1|388.58843208|73|2|1|5|1|1|1|1
3444593|1|1|1|265.91955938|73|2|1|5|1|1|1|1
3444594|1|1|1|311.94719773|73|2|1|5|1|1|1|1
3444595|1|1|1|379.16043712|73|2|1|5|1|1|1|1
3444596|1|1|1|334.85422605|73|2|1|5|1|1|1|1
3444597|1|1|1|370.65980724|73|2|1|5|1|1|1|1
3444598|1|1|1|463.86542045|73|2|1|5|1|1|1|1
3444599|1|1|1|334.85422605|73|2|1|5|1|1|1|1
3444600|1|1|1|388.12523519|73|2|1|3|1|1|1|1
3444601|1|1|1|421.659788|73|2|1|3|1|1|1|1
3444602|1|1|1|394.08844357|73|1|1|3|1|1|1|1
3444603|1|1|1|390.46722917|73|1|1|3|1|1|1|1
3444604|1|1|1|357.11608276|73|2|1|3|1|1|1|1
3444605|1|1|1|409.08741652|73|2|1|3|1|1|1|1
3444606|1|1|1|282.97550197|73|2|1|3|1|1|1|1
3444607|1|1|1|329.52724939|73|2|1|3|1|1|1|1
3444608|1|1|1|249.64208076|73|2|1|3|1|1|1|1
3444611|1|1|1|569.33169146|73|1|1|3|1|1|1|1
3444612|1|1|1|814.17788237|73|1|1|3|1|1|1|1
3444613|1|1|1|603.78173618|73|2|1|3|1|1|1|1
3444614|1|1|1|605.75260687|73|2|1|3|1|1|1|1
3444615|1|1|1|586.96732135|73|2|1|3|1|1|1|1
3444616|1|1|1|449.53985989|73|2|1|3|1|1|1|1
3444617|1|1|1|317.71325864|73|2|1|3|1|1|1|1
3444621|1|1|1|525.17070994|73|2|1|2|1|1|1|1
3444622|1|1|1|654.06298781|73|2|1|2|1|1|1|1
3444623|1|1|1|681.47168273|73|2|1|2|1|1|1|1
3444624|1|1|1|574.21651349|73|2|1|2|1|1|1|1
3444625|1|1|1|378.04087729|73|2|1|2|1|1|1|1
3444626|1|1|1|660.33823652|73|2|1|2|1|1|1|1
3444627|1|1|1|574.21651349|73|2|1|2|1|1|1|1
3444628|1|1|1|444.77601826|73|2|1|2|1|1|1|1
3444629|1|1|1|475.6027555|73|2|1|2|1|1|1|1
3444630|1|1|1|425.85980158|73|2|1|2|1|1|1|1
3444632|1|1|1|392.23117085|73|1|1|2|1|1|1|1
3444633|1|1|1|324.79263857|73|1|1|2|1|1|1|1
3444634|1|1|1|341.52942929|73|1|1|2|1|1|1|1
3444635|1|1|1|491.04858388|73|1|1|2|1|1|1|1
3444636|1|1|1|475.19395965|73|2|1|2|1|1|1|1
3444637|1|1|1|230.70172611|73|2|1|2|1|1|1|1
3444638|1|1|1|573.99138839|73|2|1|2|1|1|1|1
3444639|1|1|1|364.09429727|73|1|1|2|1|1|1|1
3444640|1|1|1|267.89738335|73|1|1|2|1|1|1|1
3444641|1|1|1|544.39557934|73|1|1|2|1|1|1|1
3444642|1|1|1|430.36743552|73|2|1|2|1|1|1|1
3444643|1|1|1|1232.8119109|76|2|1|2|1|1|1|1
3444645|1|1|1|1874.7615847|76|3|1|2|1|1|1|1
3444646|1|1|1|1467.5228565|76|3|1|2|1|1|1|1
3444647|1|1|1|3501.5053311|76|2|1|2|1|1|1|1
3444649|1|1|1|2890.1464751|76|1|1|2|1|1|1|1
3444650|1|1|1|1874.7615847|76|2|1|1|1|1|1|1
3444651|1|1|1|1467.5228565|76|2|1|1|1|1|1|1
3444652|1|1|1|1493.2822312|76|2|1|1|1|1|1|1
3444653|1|1|1|2155.7537375|76|2|1|3|1|1|1|1
3444654|1|1|1|1121.2271273|76|2|1|3|1|1|1|1
3444655|1|1|1|1267.7698729|76|2|1|3|1|1|1|1
3444656|1|1|1|2004.5734844|76|2|1|3|1|1|1|1
3444658|1|1|1|1741.0815746|76|2|1|3|1|1|1|1
3444659|1|1|1|2065.9770026|76|2|1|3|1|1|1|1
3444660|1|1|1|2004.5734844|76|2|1|3|1|1|1|1
3444661|1|1|1|879.71177697|76|2|1|3|1|1|1|1
3444662|1|1|1|2004.5734844|76|2|1|3|1|1|1|1
3444663|1|1|1|3099.6553915|76|2|1|3|1|1|1|1
3444664|1|1|1|1528.8633792|76|2|1|3|1|1|1|1
3444665|1|1|1|1274.4277438|76|2|1|3|1|1|1|1
3444666|1|1|1|843.4784375|76|2|1|3|1|1|1|1
3444669|1|1|1|843.4784375|76|2|1|3|1|1|1|1
3444670|1|1|1|934.53933534|76|2|1|3|1|1|1|1
3444672|1|1|1|1296.7977271|76|2|1|3|1|1|1|1
3444673|1|1|1|1097.4162998|76|2|1|3|1|1|1|1
3444674|1|1|1|3644.1183239|76|2|1|2|1|1|1|1
3444675|1|1|1|3848.4921147|76|2|1|2|1|1|1|1
3444676|1|1|1|1800.6156814|76|1|1|2|1|1|1|1
3444679|1|1|1|2881.2859347|76|1|1|2|1|1|1|1
3444680|1|1|1|3558.4827659|76|1|1|2|1|1|1|1
3444681|1|1|1|2341.9749945|76|1|1|2|1|1|1|1
3444682|1|1|1|1359.3299423|76|1|1|2|1|1|1|1
3444684|1|1|1|1033.1613951|76|2|1|3|1|1|1|1
3444685|1|1|1|1172.7911781|76|2|1|3|1|1|1|1
3444686|1|1|1|810.61564123|76|2|1|3|1|1|1|1
3444687|1|1|1|1085.4687728|76|1|1|3|1|1|1|1
3444688|1|1|1|2522.1454499|76|2|1|3|1|1|1|1
3444689|1|1|1|2407.7210354|76|2|1|3|1|1|1|1
3444690|1|1|1|2351.1403989|76|2|1|3|1|1|1|1
3444691|1|1|1|2536.4998905|76|2|1|3|1|1|1|1
3444692|1|1|1|3242.4625649|76|2|1|3|1|1|1|1
3444693|1|1|1|1903.7067783|76|1|1|3|1|1|1|1
3444694|1|1|1|810.61564123|76|3|1|3|1|1|1|1
3444698|1|1|1|1078.873399|76|2|1|3|1|1|1|1
3444699|1|1|1|1237.0044683|76|2|1|3|1|1|1|1
3444701|1|1|1|2166.1827805|76|2|1|3|1|1|1|1
3444702|1|1|1|1373.3522974|76|1|1|2|1|1|1|1
3444703|1|1|1|1368.2167985|76|1|1|2|1|1|1|1
3444704|1|1|1|1212.5957461|76|2|1|2|1|1|1|1
3444705|1|1|1|2271.2508906|76|1|1|2|1|1|1|1
3444706|1|1|1|2442.2216395|76|2|1|2|1|1|1|1
3444707|1|1|1|1648.3084937|76|1|1|2|1|1|1|1
3444708|1|1|1|2267.1098011|76|1|1|2|1|1|1|1
3444710|1|1|1|1178.1785383|76|2|1|2|1|1|1|1
3444711|1|1|1|2725.1728983|76|2|1|2|1|1|1|1
3444712|1|1|1|1734.410764|76|1|1|2|1|1|1|1
3444713|1|1|1|1484.3646769|76|2|1|2|1|1|1|1
3444714|1|1|1|1691.5142118|76|1|1|2|1|1|1|1
3444715|1|1|1|1324.0807728|76|2|1|2|1|1|1|1
3444716|1|1|1|1649.5977406|76|1|1|2|1|1|1|1
3444717|1|1|1|1173.4797543|76|2|1|2|1|1|1|1
3444718|1|1|1|1140.172779|76|2|1|2|1|1|1|1
3444719|1|1|1|1691.5142118|76|1|1|2|1|1|1|1
3444720|1|1|1|970.9499588|76|2|1|2|1|1|1|1
3444721|1|1|1|1309.3955993|76|2|1|2|1|1|1|1
3444722|1|1|1|3505.364935|76|1|1|2|1|1|1|1
3444723|1|1|1|2491.282816|76|2|1|2|1|1|1|1
3444724|1|1|1|2669.0879125|76|2|1|1|1|1|1|1
3444725|1|1|1|2216.622946|76|2|1|1|1|1|1|1
3444726|1|1|1|1290.3029422|76|2|1|1|1|1|1|1
3444727|1|1|1|974.08205544|76|2|1|1|1|1|1|1
3444728|1|1|1|1763.3221513|76|2|1|1|1|1|1|1
3444729|1|1|1|2549.9726732|76|2|1|1|1|1|1|1
3444730|1|1|1|879.16814097|76|2|1|1|1|1|1|1
3444731|1|1|1|2719.7413736|76|2|1|1|1|1|1|1
3444732|1|1|1|1720.2872231|76|2|1|1|2|1|1|1
3444733|1|1|1|1205.2163284|76|2|1|1|1|1|1|1
3444734|1|1|1|2601.616146|76|1|1|2|1|1|1|1
3444735|1|1|1|1767.1492405|76|1|1|2|2|1|1|1
3444736|1|1|1|1894.3687755|76|1|1|2|1|1|1|1
3444737|1|1|1|1675.3968569|76|2|1|2|1|1|1|1
3444738|1|1|1|2020.9834709|76|2|1|2|1|1|1|1
3444740|1|1|1|1802.6163919|76|2|1|2|1|1|1|1
3444742|1|1|1|2646.5401083|76|2|1|2|2|2|2|2
3444743|1|1|1|1760.2196315|76|2|1|2|1|1|1|1
3444744|1|1|1|2382.6442273|76|1|1|2|1|1|1|1
3444745|1|1|1|1788.1721667|76|2|1|5|1|1|1|1
3444746|1|1|1|2334.8716804|76|2|1|5|1|1|1|1
3444747|1|1|1|1180.7558801|76|2|1|5|1|1|1|1
3444749|1|1|1|2135.570934|76|2|1|5|1|1|1|1
3444750|1|1|1|1788.1721667|76|2|1|5|1|1|1|1
3444751|1|1|1|2111.0013048|76|2|1|5|1|1|1|1
3444753|1|1|1|1021.5490892|76|2|1|5|1|1|1|1
3444754|1|1|1|1180.7558801|76|2|1|5|1|1|1|1
3444755|1|1|1|2787.9649005|76|2|1|5|1|1|1|1
3444759|1|1|1|2663.886013|76|1|1|4|1|1|1|1
3444760|1|1|1|3087.0920729|76|2|1|5|1|1|1|1
3444762|1|1|1|1575.3854609|76|2|1|5|1|1|1|1
3444764|1|1|1|851.3029128|76|2|1|2|1|1|1|1
3444766|1|1|1|2670.3822836|76|1|1|2|1|1|1|1
3444767|1|1|1|1643.1852343|76|1|1|2|1|1|1|1
3444768|1|1|1|2670.3822836|76|1|1|2|1|1|1|1
3444769|1|1|1|943.2085314|76|2|1|2|1|1|1|1
3444770|1|1|1|1144.4395081|76|2|1|2|1|1|1|1
3444772|1|1|1|1884.5144866|76|2|1|2|1|1|1|1
3444773|1|1|1|1582.9036961|76|1|1|2|1|1|1|1
3444775|1|1|1|1966.2599476|76|2|1|4|1|1|1|1
3444776|1|1|1|2029.9613276|76|2|1|4|1|1|1|1
3444777|1|1|1|5205.4669285|76|1|1|4|1|1|1|1
3444778|1|1|1|2511.8986045|76|2|1|4|1|1|1|1
3444780|1|1|1|2637.2471529|76|2|1|4|1|1|1|1
3444781|1|1|1|1966.2599476|76|2|1|4|1|1|1|1
3444782|1|1|1|2637.2471529|76|2|1|4|1|1|1|1
3444783|1|1|1|2134.1670769|76|2|1|2|1|1|1|1
3444786|1|1|1|1475.0985329|76|1|1|2|1|1|1|1
3444787|1|1|1|4087.2834786|76|2|1|2|1|1|1|1
3444792|1|1|1|1633.8930689|76|1|1|2|1|1|1|1
3444794|1|1|1|1445.029789|76|2|1|2|1|1|1|1
3444795|1|1|1|29.929512309|88|1|1|3|2|2|1|2
3444796|1|1|1|23.818836232|88|2|1|3|2|1|1|1
3444797|1|1|1|33.487151241|88|1|1|3|2|1|1|1
3444798|1|1|1|51.436951808|88|2|1|3|2|1|1|1
3444799|1|1|1|78.524414259|88|2|1|3|2|1|1|1
3444800|1|1|1|53.99954237|88|1|1|3|2|1|1|1
3444801|1|1|1|50.200263026|88|1|1|3|2|1|1|1
3444802|1|1|1|30.309049883|88|2|1|3|2|1|1|2
3444803|1|1|1|26.509770539|88|1|1|3|2|1|1|1
3444804|1|1|1|37.286430586|88|1|1|3|2|1|1|1
3444805|1|1|1|31.454161608|88|1|1|1|2|2|1|2
3444806|1|1|1|31.86641844|88|1|1|1|2|2|1|2
3444807|1|1|1|28.019387773|88|2|1|2|2|2|1|2
3444808|1|1|1|56.933996785|88|1|1|1|2|2|1|2
3444809|1|1|1|62.394476097|88|2|1|1|2|2|1|2
3444810|1|1|1|37.326897752|88|2|1|1|2|2|1|2
3444811|1|1|1|45.492154557|88|1|1|1|2|2|1|2
3444812|1|1|1|37.326897752|88|2|1|1|2|2|1|2
3444813|1|1|1|19.055068986|88|1|1|1|2|2|1|2
3444814|1|1|1|41.149561447|88|1|1|1|2|2|1|2
3444815|1|1|1|23.943609847|88|1|1|1|2|2|1|2
3444816|1|1|1|32.249865944|88|2|1|2|2|1|1|2
3444817|1|1|1|19.47126841|88|1|1|3|2|1|1|2
3444819|1|1|1|37.43968271|88|2|1|1|2|2|1|2
3444820|1|1|1|55.725937464|88|2|1|1|2|2|1|2
3444821|1|1|1|27.939081584|88|2|1|1|2|2|1|2
3444822|1|1|1|27.939081584|88|1|1|1|2|2|1|2
3444823|1|1|1|34.805515698|88|1|1|1|2|2|1|2
3444824|1|1|1|35.662953254|88|1|1|1|2|1|1|1
3444825|1|1|1|30.573248596|88|1|1|2|2|2|1|2
3444826|1|1|1|24.283469403|88|1|1|2|2|2|1|2
3444827|1|1|1|34.805515698|88|1|1|2|2|2|1|2
3444828|1|1|1|29.373174061|88|2|1|1|2|2|1|2
3444830|1|1|1|22.62789442|88|2|1|2|2|2|1|2
3444832|1|1|1|31.812793679|88|1|1|3|2|2|1|2
3444833|1|1|1|41.891230047|88|2|1|2|2|2|1|2
3444834|1|1|1|38.28191467|88|3|1|1|2|2|1|2
3444835|1|1|1|33.27302298|88|2|1|2|2|2|1|2
3444836|1|1|1|51.299565252|88|1|1|2|2|2|1|2
3444837|1|1|1|25.184282012|88|2|1|1|2|2|1|2
3444840|1|1|1|42.299641523|88|1|1|3|2|1|1|1
3444841|1|1|1|20.468682489|88|2|1|3|2|1|1|1
3444842|1|1|1|31.672153004|88|2|1|3|2|1|1|1
3444843|1|1|1|18.658088382|88|1|1|3|2|1|1|1
3444844|1|1|1|31.98198928|88|2|1|2|2|1|1|1
3444845|1|1|1|20.765986922|88|1|1|2|2|2|1|2
3444846|1|1|1|26.219069963|88|1|1|2|2|1|1|1
3444847|1|1|1|18.658088382|88|1|1|2|2|2|1|2
3444848|1|1|1|33.186038002|88|2|1|3|2|2|1|2
3444849|1|1|1|33.989351887|88|2|1|3|2|2|1|2
3444850|1|1|1|39.599664405|88|1|1|3|2|2|1|2
3444851|1|1|1|32.337089861|88|1|1|3|2|2|1|2
3444852|1|1|1|17.46714657|88|2|1|3|2|2|1|2
3444853|1|1|1|24.267184751|88|2|1|3|2|2|1|2
3444854|1|1|1|24.946878278|88|1|1|3|2|2|1|2
3444855|1|1|1|59.074169501|88|1|1|3|2|2|1|2
3444856|1|1|1|35.04559962|88|2|1|3|2|2|1|2
3444857|1|1|1|24.545512306|88|2|1|3|2|2|1|2
3444858|1|1|1|17.46714657|88|2|1|3|2|2|1|2
3444861|1|1|1|57.860744429|88|1|1|2|2|2|1|2
3444862|1|1|1|41.985617322|88|2|1|2|2|2|1|2
3444863|1|1|1|51.057414234|88|2|1|2|2|2|1|2
3444864|1|1|1|40.296752284|88|2|1|2|2|2|1|2
3444865|1|1|1|23.818836232|88|1|1|2|2|2|1|2
3444866|1|1|1|32.955832104|88|2|1|2|2|2|1|2
3444867|1|1|1|40.296752284|88|2|1|2|2|2|1|2
3444868|1|1|1|23.818836232|88|2|1|2|2|2|1|2
3444869|1|1|1|50.200263026|88|3|1|2|2|2|1|2
3444870|1|1|1|68.317843253|88|1|1|2|2|2|1|2
3444871|1|1|1|62.034756214|88|2|1|2|2|2|1|2
3444873|1|1|1|61.422456223|88|1|1|2|2|2|1|2
3444874|1|1|1|56.113038336|88|1|1|2|2|2|1|2
3444875|1|1|1|79.331539149|88|2|1|2|2|2|1|2
3444876|1|1|1|28.505708688|88|2|1|2|2|2|1|2
3444877|1|1|1|38.208256054|88|2|1|2|2|2|1|2
3444878|1|1|1|53.828220653|88|1|1|2|2|2|1|2
3444879|1|1|1|94.934051279|88|2|1|2|2|2|1|2
3444880|1|1|1|36.099944258|88|2|1|2|2|2|1|2
3444881|1|1|1|25.98418498|88|2|1|2|2|2|1|2
3444883|1|1|1|19.584376457|88|2|1|2|2|2|1|2
3444884|1|1|1|58.528650687|88|1|1|2|2|2|1|2
3444885|1|1|1|52.479628993|88|2|1|2|2|2|1|2
3444886|1|1|1|44.399623727|88|1|1|2|2|2|1|2
3444887|1|1|1|21.484858215|88|1|1|2|2|2|1|2
3444888|1|1|1|52.791693221|88|2|1|3|2|1|1|1
3444889|1|1|1|39.30670508|88|2|1|3|2|1|1|1
3444890|1|1|1|42.29260482|88|2|1|3|2|1|1|1
3444891|1|1|1|51.837267785|88|1|1|3|2|1|1|1
3444892|1|1|1|19.584376457|88|1|1|3|2|1|1|1
3444893|1|1|1|19.584376457|88|1|1|3|2|1|1|1
3444894|1|1|1|30.86722214|88|1|1|1|2|2|1|2
3444895|1|1|1|30.86722214|88|1|1|1|2|2|1|2
3444896|1|1|1|30.86722214|88|2|1|1|2|2|1|2
3444897|1|1|1|29.655608427|88|2|1|1|2|2|1|2
3444898|1|1|1|54.270556122|88|1|1|2|2|2|1|2
3444899|1|1|1|37.799679659|88|1|1|1|2|2|1|2
3444900|1|1|1|23.441005869|88|2|1|1|2|2|1|2
3444901|1|1|1|32.315103968|88|1|1|1|2|2|1|2
3444902|1|1|1|36.005866266|88|1|1|2|2|2|1|2
3444903|1|1|1|16.673185362|88|1|1|2|2|2|1|2
3444905|1|1|1|17.46714657|88|1|1|1|2|2|1|2
3444906|1|1|1|36.813526219|88|1|1|2|2|2|1|2
3444907|1|1|1|84.354965028|88|1|1|2|2|2|1|2
3444908|1|1|1|33.487151241|88|2|1|2|2|2|1|2
3444909|1|1|1|53.99954237|88|1|1|2|2|2|1|2
3444910|1|1|1|23.818836232|88|1|1|2|2|2|1|2
3444911|1|1|1|23.818836232|88|1|1|2|2|2|1|2
3444912|1|1|1|23.818836232|88|1|1|1|2|2|1|2
3444913|1|1|1|40.296752284|88|1|1|2|2|2|1|2
3444966|1|1|1|70.645379382|27|1|1|1|2|2|1|2
3445002|1|1|1|1040.7491623|08|2|1|3|1|1|1|1
3445003|1|1|1|1244.2245865|08|2|1|3|1|1|1|1
3445004|1|1|1|1060.339118|08|1|1|2|1|1|1|1
3445005|1|1|1|952.87733876|08|1|1|1|1|1|1|1
3445006|1|1|1|4270.0715782|11|2|1|1|1|1|1|1
3445009|1|1|1|10120.752064|11|2|1|2|1|1|1|1
3445010|1|1|1|10204.91116|11|2|1|2|1|1|1|1
3445011|1|1|1|542.99283435|13|2|1|1|1|1|1|1
3445012|1|1|1|361.73394542|20|1|1|3|1|1|1|1
3445014|1|1|1|174.23391553|44|1|1|3|1|1|1|1
3445015|1|1|1|122.31698833|44|2|1|2|1|1|1|1
3445016|1|1|1|113.05912155|44|1|1|2|1|1|1|1
3445017|1|1|1|113.32258238|44|2|1|1|1|1|1|1
3445018|1|1|1|115.9262331|44|1|1|1|2|2|2|1
3445019|1|1|1|133.93792299|44|1|1|0|2|2|2|1
3445020|1|1|1|75.879090861|44|1|1|1|1|2|2|1
3445021|1|1|1|137.84517354|44|1|1|1|2|2|2|1
3445022|1|1|1|116.40976585|44|1|1|1|2|2|2|1
3445023|1|1|1|122.73944523|44|1|1|1|1|2|2|1
3445024|1|1|1|157.8340336|44|1|1|1|2|2|2|1
3445025|1|1|1|112.29819487|44|1|1|1|1|2|2|1
3445026|1|1|1|129.03053809|44|1|1|1|2|2|2|2
3445027|1|1|1|136.42287907|44|1|1|1|2|2|2|1
3445028|1|1|1|123.31857408|44|1|1|1|1|2|2|1
3445029|1|1|1|89.682676511|44|1|1|1|1|2|1|1
3445030|1|1|1|111.07624632|44|1|1|1|1|2|1|1
3445031|1|1|1|107.1812076|44|1|1|1|1|2|1|1
3445032|1|1|1|102.1174641|44|2|1|1|1|2|1|1
3445033|1|1|1|80.994131921|44|1|1|1|2|2|1|1
3445034|1|1|1|114.20204675|44|1|1|1|1|2|1|1
3445035|1|1|1|74.842386978|44|2|1|1|1|2|1|1
3445036|1|1|1|108.28817397|44|2|1|1|1|2|1|1
3445037|1|1|1|86.106723601|44|1|1|1|1|2|1|1
3445038|1|1|1|99.616848121|44|2|1|1|1|2|1|1
3445039|1|1|1|47.818582552|44|1|1|1|1|2|1|1
3445040|1|1|1|97.372046173|44|1|1|1|2|2|1|1
3445041|1|1|1|77.447121052|44|1|2||2|2|2|1
3445042|1|1|1|148.46452246|44|3|1|0|2|2|2|1
3445043|1|1|1|135.36021746|44|1|1|0|2|2|2|1
3445044|1|1|1|120.69067021|44|1|1|0|2|2|2|1
3445045|1|1|1|134.33551755|44|1|1|0|2|2|2|1
3445046|1|1|1|204.02060604|44|1|2||2|2|2|2
3445047|1|1|1|99.820370431|44|3|1|0|2|2|2|2
3445048|1|1|1|143.77694595|44|1|2||2|2|2|1
3445049|1|1|1|112.10334564|44|1|2||2|2|2|1
3445050|1|1|1|498.1532227|47|1|1|2|1|1|1|1
3445052|1|1|1|488.38476085|50|3|1|2|2|1|1|1
3445053|1|1|1|299.08914462|52|2|1|1|1|1|1|1
3445054|1|1|1|602.10828047|63|1|1|3|1|1|1|1
3445055|1|1|1|542.51099775|66|1|1|1|2|1|1|1
3445056|1|1|1|464.57707048|66|1|1|1|2|1|1|1
3445057|1|1|1|348.05207449|66|1|1|1|2|1|1|1
3445058|1|1|1|468.09151426|66|3|1|1|2|1|1|1
3445059|1|1|1|569.82118719|66|1|1|1|2|1|1|1
3445060|1|1|1|308.63859255|66|1|1|1|1|1|1|1
3445061|1|1|1|239.92693117|66|1|1|1|1|1|1|1
3445062|1|1|1|432.86325343|66|1|1|1|1|1|1|1
3445063|1|1|1|352.57103455|66|1|1|1|1|1|1|1
3445064|1|1|1|460.48275069|66|1|1|1|1|1|1|1
3445065|1|1|1|479.55429191|66|2|1|1|2|1|1|1
3445066|1|1|1|362.17446493|66|2|1|1|1|1|1|1
3445067|1|1|1|379.88079146|66|1|1|1|2|1|1|1
3445069|1|1|1|425.98729934|66|1|1|1|1|1|1|1
3445070|1|1|1|395.96541183|66|1|1|1|1|1|1|1
3445071|1|1|1|451.72407268|66|1|1|1|1|1|1|1
3445072|1|1|1|395.96541183|66|1|1|2|1|1|1|1
3445073|1|1|1|556.16674126|66|1|1|1|2|1|1|1
3445074|1|1|1|439.64174527|66|1|1|1|1|1|1|1
3445075|1|1|1|439.6888084|66|1|1|1|1|1|1|1
3445077|1|1|1|462.95788883|66|1|1|1|1|1|1|1
3445078|1|1|1|355.00077647|66|1|1|1|1|1|1|1
3445080|1|1|1|617.45029652|68|2|1|1|1|1|1|1
3445081|1|1|1|1229.3884004|68|2|1|4|1|1|1|1
3445082|1|1|1|1178.1933254|68|2|1|4|1|1|1|1
3445083|1|1|1|1266.129786|68|2|1|4|1|1|1|1
3445084|1|1|1|805.93239579|68|2|1|5|1|1|1|1
3445085|1|1|1|1302.3210877|68|2|1|3|1|1|1|1
3445089|1|1|1|200.72017249|70|2|1|2|1|1|1|1
3445090|1|1|1|131.4542726|70|2|1|2|1|1|1|1
3445091|1|1|1|236.86829885|70|2|1|2|1|1|1|1
3445092|1|1|1|188.93059956|70|2|1|2|1|1|1|1
3445093|1|1|1|148.55077869|70|2|1|2|1|1|1|1
3445094|1|1|1|216.55885994|70|2|1|2|1|1|1|1
3445095|1|1|1|193.20610208|70|1|1|2|1|1|1|1
3445096|1|1|1|191.89899379|70|1|1|2|1|1|1|1
3445097|1|1|1|100.71208373|70|1|1|2|1|1|1|1
3445098|1|1|1|186.78251753|70|1|1|2|1|1|1|1
3445099|1|1|1|222.93064389|70|1|1|2|1|1|1|1
3445100|1|1|1|181.972988|70|1|1|2|1|1|1|1
3445101|1|1|1|179.67345344|70|1|1|5|1|1|1|1
3445102|1|1|1|181.972988|70|1|1|5|1|1|1|1
3445103|1|1|1|146.22209379|70|2|1|5|1|1|1|1
3445105|1|1|1|1776.0899224|76|2|1|3|1|1|1|1
3445106|1|1|1|1821.1313022|76|2|1|3|1|1|1|1
3445107|1|1|1|1776.0899224|76|2|1|3|1|1|1|1
3445109|1|1|1|1314.5118506|76|2|1|4|1|1|1|1
3445110|1|1|1|2572.1336294|76|2|1|4|1|1|1|1
3445111|1|1|1|1226.8293023|76|1|1|2|1|1|1|1
3445112|1|1|1|61.207191287|88|1|1|2|2|2|1|2
3445114|1|1|1|33.044344798|88|1|1|3|2|2|1|2
3445115|1|1|1|32.249865944|88|2|1|3|2|2|1|2
3445116|1|1|1|21.11753871|88|1|1|1|2|2|1|2
3445117|1|1|1|26.972578401|88|2|1|2|2|1|1|1
3445118|1|1|1|37.516505745|88|2|1|2|2|1|1|2
3445119|1|1|1|23.138298054|88|1|1|1|2|2|1|2
3445120|1|1|1|92.553192216|88|1|1|2|2|2|1|2
3445121|1|1|1|55.063928471|88|1|1|1|2|2|1|2
3445122|1|1|1|39.145416504|88|2|1|1|2|2|1|2
3445123|1|1|1|32.530375492|88|1|1|1|2|2|1|2
3445124|1|1|1|82.895900579|88|2|1|1|2|2|1|2
3445125|1|1|1|84.552053338|88|1|1|1|2|2|1|2
3445126|1|1|1|39.145416504|88|2|1|1|2|2|1|2
3445127|1|1|1|48.765969797|88|2|1|1|2|2|1|2
3445128|1|1|1|91.859777862|88|1|1|1|2|2|1|2
3445129|1|1|1|43.580374756|88|1|1|2|2|2|1|2
3445130|1|1|1|24.545512306|88|2|1|2|2|2|1|2
3445131|1|1|1|17.46714657|88|2|1|2|2|2|1|2
3445132|1|1|1|37.311720654|88|2|1|2|2|2|1|2
3445133|1|1|1|46.806155588|88|2|1|2|2|2|1|2
3445134|1|1|1|39.599664405|88|2|1|2|2|2|1|2
3445135|1|1|1|17.46714657|88|2|1|2|2|2|1|2
3445136|1|1|1|37.720431326|88|2|1|2|2|2|1|2
3445137|1|1|1|29.550951675|88|2|1|2|2|2|1|2
3445154|1|1|1|222.79983907|23|2|1|1|1|1|1|1
3445157|1|1|1|649.29488015|66|1|1|2|1|1|1|1
3445158|1|1|1|736.57839926|68|2|1|2|1|1|1|1
3445160|1|1|1|366.66284013|41|1|1|2|1|1|1|1
3445161|1|1|1|170.38047303|41|1|1|2|1|1|1|1
3445162|1|1|1|132.512116|41|1|1|2|1|1|1|1
3445163|1|1|1|201.69901978|41|1|1|2|1|1|1|1
3445164|1|1|1|156.60390692|41|1|1|2|1|1|1|1
3445165|1|1|1|364.95713072|41|1|1|2|1|1|1|1
3445166|1|1|1|198.32439708|41|2|1|2|1|1|1|1
3445167|1|1|1|203.585079|41|1|1|2|1|1|1|1
3445168|1|1|1|193.59174655|41|1|1|2|1|1|1|1
3445169|1|1|1|355.00471633|41|1|1|1|1|1|1|1
3445170|1|1|1|249.82234795|41|1|1|1|1|1|1|1
3445171|1|1|1|330.91014564|41|1|1|1|1|1|1|1
3445172|1|1|1|367.04783201|41|1|1|1|1|1|1|1
3445173|1|1|1|327.97552798|41|2|1|3|1|1|1|1
3445174|1|1|1|142.93378034|44|1|1|0|2|2|2|2
3445175|1|1|1|532.97784642|66|1|1|2|1|1|1|1
3445176|1|1|1|4397.9480129|76|1|1|5|1|1|1|1
3445178|1|1|1|4793.1664709|05|2|1|1|2|1|1|1
3445179|1|1|1|4033.9933526|05|2|1|1|2|2|1|1
3445180|1|1|1|4240.6186698|05|1|1|1|2|2|1|1
3445181|1|1|1|4251.8434203|05|2|1|1|2|2|1|1
3445182|1|1|1|2156.5428594|05|2|1|1|2|2|1|1
3445183|1|1|1|1848.3364321|05|2|1|1|2|2|1|1
3445184|1|1|1|4253.8447545|05|2|1|1|2|2|1|1
3445185|1|1|1|2094.5565546|05|2|1|1|2|2|2|2
3445186|1|1|1|3126.4609246|05|1|1|1|2|1|1|1
3445187|1|1|1|2806.9613919|05|2|1|1|2|1|1|1
3445188|1|1|1|2761.99319|05|2|1|1|2|1|1|1
3445189|1|1|1|3317.5370424|05|2|1|1|2|1|1|1
3445190|1|1|1|2910.9202935|05|2|1|1|2|1|1|1
3445191|1|1|1|3883.6386476|05|2|1|1|2|1|1|1
3445192|1|1|1|2340.8582786|05|2|1|1|2|1|1|1
3445193|1|1|1|3126.4609246|05|2|1|1|2|1|1|1
3445194|1|1|1|4793.8178412|05|2|1|1|2|1|1|1
3445195|1|1|1|3011.5880256|05|2|2||2|1|1|1
3445196|1|1|1|2155.7705467|05|2|1|2|2|1|1|1
3445197|1|1|1|2045.8079703|05|2|1|2|1|1|1|1
3445198|1|1|1|1593.2160273|05|2|1|2|1|1|1|1
3445199|1|1|1|2981.2085686|05|2|1|2|1|1|1|1
3445200|1|1|1|4540.8945514|05|2|1|2|1|1|1|1
3445201|1|1|1|2948.9293376|05|1|1|2|2|1|1|1
3445202|1|1|1|3571.4211815|05|2|1|2|1|1|1|1
3445203|1|1|1|3821.677913|05|2|1|2|1|1|1|1
3445204|1|1|1|4136.179572|05|2|1|1|1|1|1|1
3445205|1|1|1|3562.8557249|05|2|1|2|1|1|1|1
3445206|1|1|1|3562.8557249|05|2|1|2|1|1|1|1
3445207|1|1|1|2590.2259476|05|2|1|2|1|1|1|1
3445208|1|1|1|3562.8557249|05|2|1|2|1|1|1|1
3445209|1|1|1|2766.7430221|05|2|1|2|1|1|1|1
3445211|1|1|1|2724.4950685|05|2|1|2|1|1|1|1
3445212|1|1|1|2817.6692113|05|2|1|2|1|1|1|1
3445213|1|1|1|2830.3737907|05|2|1|2|1|1|1|1
3445214|1|1|1|2406.9494693|05|2|1|2|2|1|1|1
3445215|1|1|1|1986.1127176|05|2|1|1|1|1|1|1
3445216|1|1|1|3168.952142|05|2|1|1|1|1|1|1
3445217|1|1|1|2844.8961018|05|2|1|1|1|1|1|1
3445218|1|1|1|3938.2296974|05|2|1|1|1|1|1|1
3445219|1|1|1|4303.8352154|05|2|1|1|1|1|1|1
3445220|1|1|1|2060.808242|05|2|1|1|1|1|1|1
3445221|1|1|1|1862.3261731|05|2|1|1|1|1|1|1
3445222|1|1|1|2572.5920113|05|2|1|1|1|1|1|1
3445223|1|1|1|3977.0957423|05|1|1|1|1|1|1|1
3445224|1|1|1|4837.9002452|05|1|1|3|1|1|1|1
3445225|1|1|1|3032.8822042|05|2|1|3|1|1|1|1
3445226|1|1|1|3928.7762423|05|2|1|3|1|1|1|1
3445227|1|1|1|2582.9678306|05|2|1|3|1|1|1|1
3445228|1|1|1|3032.8822042|05|2|1|3|1|1|1|1
3445229|1|1|1|4525.0511557|05|2|1|3|1|1|1|1
3445230|1|1|1|3605.563326|05|2|1|3|1|1|1|1
3445231|1|1|1|3162.7982203|05|2|1|3|1|1|1|1
3445232|1|1|1|3605.563326|05|2|1|3|1|1|1|1
3445233|1|1|1|3162.7982203|05|2|1|3|1|1|1|1
3445234|1|1|1|4480.8302334|05|2|1|3|1|1|1|1
3445235|1|1|1|4525.0511557|05|2|1|3|1|1|1|1
3445236|1|1|1|3218.6436838|05|2|1|4|1|1|1|1
3445237|1|1|1|3723.846921|05|2|1|4|1|1|1|1
3445238|1|1|1|2679.7302109|05|2|1|4|1|1|1|1
3445239|1|1|1|3833.9202956|05|2|1|4|1|1|1|1
3445240|1|1|1|3723.846921|05|2|1|4|1|1|1|1
3445241|1|1|1|3723.846921|05|2|1|4|1|1|1|1
3445243|1|1|1|2581.2711592|05|2|1|4|1|1|1|1
3445244|1|1|1|2489.5038258|05|2|1|4|1|1|1|1
3445245|1|1|1|2843.5040299|05|2|1|4|1|1|1|1
3445246|1|1|1|4143.6311931|05|1|1|1|1|1|1|1
3445247|1|1|1|5621.0634479|05|2|1|1|2|1|1|2
3445248|1|1|1|4635.4940925|05|2|1|1|1|1|1|1
3445249|1|1|1|2946.8964998|05|2|1|1|1|1|1|1
3445250|1|1|1|1838.3261854|05|2|1|1|1|1|1|1
3445251|1|1|1|3213.2006131|05|1|1|1|1|1|1|1
3445252|1|1|1|3802.7425703|05|2|1|1|1|1|1|1
3445253|1|1|1|2994.8751253|05|2|1|1|1|1|1|1
3445254|1|1|1|3335.763748|05|2|1|1|1|1|1|1
3445255|1|1|1|3539.6315725|05|2|1|1|1|1|1|1
3445256|1|1|1|3539.6315725|05|2|1|1|1|1|1|1
3445257|1|1|1|2850.3140835|05|1|1|1|1|1|1|1
3445258|1|1|1|4995.0659203|05|2|1|1|1|1|1|1
3445259|1|1|1|2999.9413611|05|2|1|4|1|1|1|1
3445260|1|1|1|2534.8582615|05|2|1|4|1|1|1|1
3445261|1|1|1|3656.8897841|05|2|1|4|1|1|1|1
3445262|1|1|1|2713.6642099|05|2|1|4|1|1|1|1
3445263|1|1|1|4133.3783737|05|2|1|4|1|1|1|1
3445264|1|1|1|2631.5469568|05|2|1|4|1|1|1|1
3445265|1|1|1|2713.6642099|05|2|1|4|1|1|1|1
3445266|1|1|1|2999.9413611|05|2|1|4|1|1|1|1
3445267|1|1|1|2069.7751619|05|2|1|4|1|1|1|1
3445268|1|1|1|3764.9839694|05|2|1|4|1|1|1|1
3445269|1|1|1|4095.7588853|05|2|1|2|1|1|1|1
3445270|1|1|1|2380.0588854|05|2|1|2|1|1|1|1
3445271|1|1|1|4017.4282135|05|2|1|2|1|1|1|1
3445272|1|1|1|3067.6806961|05|2|1|2|1|1|1|1
3445273|1|1|1|2890.9952483|05|2|1|2|1|1|1|1
3445274|1|1|1|2871.9303956|05|2|1|2|1|1|1|1
3445275|1|1|1|2871.9303956|05|2|1|2|2|1|1|1
3445276|1|1|1|4540.8945514|05|2|1|2|1|1|1|1
3445277|1|1|1|4432.777167|05|2|1|2|1|1|1|1
3445278|1|1|1|1613.3376395|05|1|1|1|1|1|1|1
3445279|1|1|1|2209.9366363|05|1|1|1|2|1|1|1
3445280|1|1|1|1627.1940227|05|2|1|1|1|1|1|1
3445281|1|1|1|2545.3412751|05|2|1|1|1|1|1|1
3445282|1|1|1|2156.8524754|05|1|1|1|1|1|1|1
3445283|1|1|1|2028.1293709|05|2|1|1|1|1|1|1
3445284|1|1|1|1769.2228831|05|2|1|1|1|1|1|1
3445285|1|1|1|1004.4948977|05|2|1|1|2|1|1|1
3445286|1|1|1|2636.9072665|05|1|1|1|1|1|1|1
3445287|1|1|1|1834.5898884|05|2|1|1|1|1|1|1
3445288|1|1|1|1975.04521|05|2|1|1|2|1|1|1
3445289|1|1|1|1084.8622393|05|2|1|1|1|1|1|1
3445290|1|1|1|2520.4670063|05|2|1|1|1|1|1|1
3445291|1|1|1|2814.9873615|05|2|1|1|2|2|1|1
3445292|1|1|1|2896.6381218|05|2|1|1|2|2|1|1
3445293|1|1|1|1504.384171|05|2|1|1|2|2|1|1
3445294|1|1|1|2147.0566995|05|2|1|1|2|2|1|1
3445295|1|1|1|2093.3492357|05|2|1|1|2|2|1|2
3445296|1|1|1|2814.9873615|05|2|1|1|2|2|1|1
3445297|1|1|1|3494.1031297|05|2|1|1|2|2|1|1
3445298|1|1|1|3321.0238457|05|2|1|1|2|2|1|1
3445299|1|1|1|2247.35557|05|2|1|1|2|2|1|1
3445300|1|1|1|2729.8040036|05|2|1|1|2|2|1|1
3445301|1|1|1|2729.8040036|05|2|1|1|2|2|1|1
3445302|1|1|1|3418.013097|05|2|1|2|1|1|1|1
3445303|1|1|1|5075.7293192|05|2|1|2|1|1|1|1
3445304|1|1|1|7782.6406133|05|2|1|3|1|1|1|1
3445305|1|1|1|6862.0592815|05|2|1|2|1|1|1|1
3445306|1|1|1|5786.288663|05|2|1|2|1|1|1|1
3445307|1|1|1|7763.970512|05|2|1|2|1|1|1|1
3445308|1|1|1|4145.204542|05|2|1|2|1|1|1|1
3445309|1|1|1|4145.204542|05|2|1|2|1|1|1|1
3445310|1|1|1|7053.4111681|05|2|1|2|1|1|1|1
3445311|1|1|1|7749.1683923|05|2|1|2|1|1|1|1
3445312|1|1|1|3892.3212352|05|2|1|2|1|1|1|1
3445313|1|1|1|3559.4257864|05|2|1|2|1|1|1|1
3445314|1|1|1|3075.8665908|05|2|1|2|1|1|1|1
3445315|1|1|1|4975.9909092|05|1|1|2|1|1|1|1
3445316|1|1|1|4005.8914515|05|2|1|2|1|1|1|1
3445317|1|1|1|3627.5332664|05|2|1|2|2|1|1|1
3445318|1|1|1|2566.3905417|05|2|1|2|2|1|1|1
3445319|1|1|1|5949.767808|05|2|1|2|1|1|1|1
3445320|1|1|1|4975.9909092|05|2|1|2|1|1|1|1
3445321|1|1|1|4833.1282337|05|2|1|2|2|1|1|1
3445322|1|1|1|3690.5436504|05|2|1|2|2|1|1|1
3445323|1|1|1|2744.2033445|05|2|1|2|1|1|1|1
3445324|1|1|1|6072.982552|05|2|1|4|1|1|1|1
3445325|1|1|1|8183.852583|05|2|1|4|1|1|1|1
3445326|1|1|1|7315.4805433|05|2|1|4|1|1|1|1
3445327|1|1|1|6713.6499337|05|2|1|4|1|1|1|1
3445328|1|1|1|6674.8131616|05|2|1|4|1|1|1|1
3445329|1|1|1|5248.5427479|05|2|1|4|1|1|1|1
3445330|1|1|1|5647.3032279|05|2|1|4|1|1|1|1
3445331|1|1|1|6713.6499337|05|2|1|4|1|1|1|1
3445332|1|1|1|6072.982552|05|2|1|4|1|1|1|1
3445333|1|1|1|862.81820343|08|1|1|2|1|1|1|1
3445334|1|1|1|638.76509824|08|1|1|2|1|1|1|1
3445335|1|1|1|1025.7943017|08|2|1|3|1|1|1|1
3445336|1|1|1|935.13760842|08|1|1|3|1|1|1|1
3445337|1|1|1|481.38818998|08|2|1|3|1|1|1|1
3445338|1|1|1|785.06810775|08|1|1|3|1|1|1|1
3445339|1|1|1|677.87857701|08|2|1|3|1|1|1|1
3445340|1|1|1|998.50747793|08|2|1|3|1|1|1|1
3445341|1|1|1|840.49397991|08|1|1|3|1|1|1|1
3445342|1|1|1|783.51344771|08|2|1|1|1|1|1|1
3445343|1|1|1|527.67551593|08|2|1|1|1|1|1|1
3445344|1|1|1|1442.5967951|08|2|1|1|1|1|1|1
3445345|1|1|1|2110.7020637|08|2|1|1|1|1|1|1
3445346|1|1|1|1570.1309979|08|2|1|1|1|1|1|1
3445347|1|1|1|2110.7020637|08|2|1|1|1|1|1|1
3445348|1|1|1|821.50233095|08|2|1|1|1|1|1|1
3445349|1|1|1|1842.014902|08|2|1|1|1|1|1|1
3445351|1|1|1|1257.8391755|08|2|1|1|1|1|1|1
3445352|1|1|1|527.67551593|08|1|1|1|1|1|1|1
3445353|1|1|1|743.48389959|08|2|1|3|1|1|1|1
3445354|1|1|1|721.17423041|08|2|1|3|1|1|1|1
3445355|1|1|1|629.23809399|08|2|1|3|1|1|1|1
3445356|1|1|1|1003.7645437|08|1|1|3|1|1|1|1
3445357|1|1|1|1164.45809|08|1|1|3|1|1|1|1
3445358|1|1|1|444.35832921|08|2|1|3|1|1|1|1
3445359|1|1|1|444.35832921|08|2|1|3|1|1|1|1
3445360|1|1|1|922.17641528|08|1|1|3|1|1|1|1
3445361|1|1|1|769.13353094|08|2|1|1|1|1|1|1
3445362|1|1|1|1105.4856209|08|2|1|1|1|1|1|1
3445363|1|1|1|634.28808589|08|1|1|1|1|1|1|1
3445364|1|1|1|629.23809399|08|2|1|1|1|1|1|1
3445365|1|1|1|1438.255376|08|1|1|1|1|1|1|1
3445366|1|1|1|444.35832921|08|2|1|1|1|1|1|1
3445367|1|1|1|786.05168564|08|1|1|1|1|1|1|1
3445368|1|1|1|1039.6252639|08|2|1|1|1|1|1|1
3445369|1|1|1|444.35832921|08|2|1|1|1|1|1|1
3445370|1|1|1|1185.6646995|08|2|1|1|1|1|1|1
3445371|1|1|1|1400.0380174|08|2|1|1|1|1|1|1
3445372|1|1|1|2072.7855392|08|2|1|1|1|1|1|1
3445373|1|1|1|853.10362515|08|2|1|1|1|1|1|1
3445374|1|1|1|2427.172004|08|2|1|1|1|1|1|1
3445375|1|1|1|1949.2973698|08|1|1|1|1|1|1|1
3445376|1|1|1|1018.6571145|08|1|1|1|1|1|1|1
3445377|1|1|1|833.17186727|08|1|1|1|1|1|1|1
3445378|1|1|1|1949.2973698|08|2|1|1|1|1|1|1
3445379|1|1|1|1405.2475731|08|2|1|1|1|1|1|1
3445380|1|1|1|1029.134306|08|1|1|1|1|1|1|1
3445381|1|1|1|1837.8030089|08|2|1|1|1|1|1|1
3445382|1|1|1|2233.4140708|08|2|1|1|1|1|1|1
3445383|1|1|1|1372.6436356|08|1|1|1|1|1|1|1
3445384|1|1|1|1332.6767617|08|2|1|1|1|1|1|1
3445385|1|1|1|985.53116196|08|2|1|1|1|1|1|1
3445386|1|1|1|1039.186257|08|2|1|1|1|1|1|1
3445387|1|1|1|1506.8794217|08|2|1|1|1|1|1|1
3445388|1|1|1|1161.6429758|08|1|1|2|1|1|1|1
3445389|1|1|1|816.04315314|08|2|1|2|1|1|1|1
3445390|1|1|1|882.73207195|08|1|1|2|1|1|1|1
3445391|1|1|1|811.49887344|08|1|1|2|1|1|1|1
3445392|1|1|1|977.44818807|08|1|1|2|1|1|1|1
3445393|1|1|1|997.47004794|08|2|1|2|1|1|1|1
3445394|1|1|1|1114.4486057|08|1|1|2|1|1|1|1
3445395|1|1|1|576.27720819|08|2|1|2|1|1|1|1
3445396|1|1|1|855.67916|08|2|1|2|1|1|1|1
3445397|1|1|1|1087.713154|08|2|1|2|1|1|1|1
3445398|1|1|1|1365.0650514|08|2|1|2|1|1|1|1
3445399|1|1|1|699.8643685|08|2|1|2|1|1|1|1
3445400|1|1|1|1405.2475731|08|2|1|2|1|1|1|1
3445401|1|1|1|1184.3763099|08|2|1|2|1|1|1|1
3445402|1|1|1|1861.106593|08|2|1|2|1|1|1|1
3445403|1|1|1|1741.1398529|08|2|1|2|1|1|1|1
3445404|1|1|1|699.8643685|08|2|1|2|1|1|1|1
3445405|1|1|1|699.8643685|08|2|1|2|1|1|1|1
3445406|1|1|1|699.8643685|08|2|1|2|1|1|1|1
3445407|1|1|1|1079.3687787|08|2|1|2|1|1|1|1
3445408|1|1|1|1911.90146|08|2|1|1|1|1|1|1
3445409|1|1|1|2344.9106364|08|2|1|1|1|1|1|1
3445410|1|1|1|2500.412257|08|2|1|1|1|1|1|1
3445411|1|1|1|1607.5520689|08|2|1|1|1|1|1|1
3445412|1|1|1|2231.2748269|08|2|1|1|1|1|1|1
3445413|1|1|1|1446.7348728|08|2|1|1|1|1|1|1
3445414|1|1|1|3247.8283297|08|2|1|1|1|1|1|1
3445415|1|1|1|1976.856686|08|2|1|1|1|1|1|1
3445416|1|1|1|3652.486582|08|2|1|1|1|1|1|1
3445417|1|1|1|1377.0250189|08|1|1|1|1|1|1|1
3445418|1|1|1|1878.9885326|08|1|1|1|1|1|1|1
3445419|1|1|1|2703.2052107|08|2|1|1|1|1|1|1
3445420|1|1|1|1924.8825656|08|2|1|1|1|1|1|1
3445421|1|1|1|1377.0250189|08|2|1|1|1|1|1|1
3445422|1|1|1|1571.1099867|08|2|1|1|1|1|1|1
3445423|1|1|1|1629.6137124|08|2|1|1|1|1|1|1
3445424|1|1|1|1563.1177317|08|2|1|1|1|1|1|1
3445425|1|1|1|1282.5387647|08|1|1|2|1|1|1|1
3445426|1|1|1|1165.0809742|08|2|1|2|1|1|1|1
3445427|1|1|1|1124.1020562|08|1|1|2|1|1|1|1
3445428|1|1|1|1935.7226515|08|1|1|2|1|1|1|1
3445429|1|1|1|1228.5112671|08|2|1|2|1|1|1|1
3445430|1|1|1|2708.6562423|08|2|1|2|1|1|1|1
3445431|1|1|1|1228.5112671|08|1|1|2|1|1|1|1
3445432|1|1|1|1276.0144749|08|2|1|2|1|1|1|1
3445433|1|1|1|1821.4488383|08|2|1|2|1|1|1|1
3445434|1|1|1|2420.6408401|08|2|1|1|1|1|1|1
3445435|1|1|1|1842.7669007|08|2|1|1|1|1|1|1
3445436|1|1|1|1852.5533354|08|1|1|1|1|1|1|1
3445437|1|1|1|4058.3562983|08|1|1|1|1|1|1|1
3445438|1|1|1|1676.3666496|08|2|1|1|1|1|1|1
3445439|1|1|1|2974.8387888|08|1|1|1|1|1|1|1
3445440|1|1|1|2014.1776205|08|1|1|1|1|1|1|1
3445441|1|1|1|2410.8544054|08|2|1|1|1|1|1|1
3445442|1|1|1|1995.4453621|08|2|1|1|1|1|1|1
3445443|1|1|1|2974.8387888|08|2|1|1|1|1|1|1
3445444|1|1|1|882.52772158|08|1|1|1|1|1|1|1
3445445|1|1|1|1432.3040857|08|2|1|1|1|1|1|1
3445446|1|1|1|1418.9833686|08|2|1|1|1|1|1|1
3445447|1|1|1|1249.7122815|08|1|1|1|1|1|1|1
3445448|1|1|1|2195.574252|08|1|1|1|1|1|1|1
3445449|1|1|1|1310.4120183|08|1|1|1|1|1|1|1
3445450|1|1|1|8149.4054668|11|1|1|2|1|1|1|1
3445451|1|1|1|8553.6316732|11|1|1|2|1|1|1|1
3445452|1|1|1|7853.8104519|11|1|1|2|1|1|1|1
3445453|1|1|1|10747.841873|11|2|1|2|1|1|1|1
3445454|1|1|1|5556.4360172|11|2|1|2|1|1|1|1
3445455|1|1|1|17672.645828|11|2|1|2|1|1|1|1
3445456|1|1|1|7906.2586354|11|1|1|1|1|1|1|1
3445457|1|1|1|9269.3090467|11|2|1|1|1|1|1|1
3445458|1|1|1|5294.1776471|11|1|1|1|1|1|1|1
3445459|1|1|1|7064.6116901|11|2|1|1|1|1|1|1
3445460|1|1|1|5658.1194643|11|2|1|1|1|1|1|1
3445461|1|1|1|9224.8942595|11|1|1|1|1|1|1|1
3445462|1|1|1|6458.6621106|11|2|1|1|1|1|1|1
3445463|1|1|1|10430.761302|11|2|1|1|1|1|1|1
3445464|1|1|1|6717.0858068|11|2|1|2|1|1|1|1
3445465|1|1|1|7765.3748477|11|2|1|2|1|1|1|1
3445466|1|1|1|6717.0858068|11|2|1|2|1|1|1|1
3445467|1|1|1|8757.7830869|11|2|1|2|1|1|1|1
3445468|1|1|1|7998.7741649|11|2|1|3|1|1|1|1
3445469|1|1|1|11979.08734|11|2|1|2|1|1|1|1
3445470|1|1|1|8757.7830869|11|2|1|2|1|1|1|1
3445471|1|1|1|3028.34028|11|2|1|2|1|1|1|1
3445472|1|1|1|4778.4973125|11|2|1|2|1|1|1|1
3445473|1|1|1|4892.8930132|11|2|1|2|1|1|1|1
3445474|1|1|1|5039.2659573|11|2|1|1|1|1|1|1
3445475|1|1|1|5539.1075584|11|2|1|1|1|1|1|1
3445476|1|1|1|7385.4767445|11|1|1|3|1|1|1|1
3445477|1|1|1|6272.7341239|11|1|1|3|1|1|1|1
3445478|1|1|1|6907.875397|11|1|1|3|1|1|1|1
3445479|1|1|1|4293.9225917|11|2|1|3|1|1|1|1
3445480|1|1|1|7666.6158975|11|2|1|3|1|1|1|1
3445481|1|1|1|6371.32975|11|2|1|3|1|1|1|1
3445482|1|1|1|11424.456265|11|2|1|3|1|1|1|1
3445483|1|1|1|7661.6035728|11|2|1|3|1|1|1|1
3445484|1|1|1|10327.693922|11|1|1|2|1|1|1|1
3445485|1|1|1|7127.4874621|11|1|1|2|1|1|1|1
3445486|1|1|1|4521.286441|11|2|1|2|1|1|1|1
3445487|1|1|1|9448.6236699|11|2|1|2|1|1|1|1
3445488|1|1|1|7638.2842691|11|1|1|2|1|1|1|1
3445489|1|1|1|4739.1104415|11|2|1|2|1|1|1|1
3445490|1|1|1|9174.1743997|11|2|1|2|1|1|1|1
3445491|1|1|1|4746.159023|11|2|1|2|1|1|1|1
3445492|1|1|1|5947.3958177|11|2|1|2|1|1|1|1
3445494|1|1|1|6704.3335311|11|2|1|2|1|1|1|1
3445495|1|1|1|5951.965243|11|2|1|2|1|1|1|1
3445496|1|1|1|5718.4623587|11|2|1|2|1|1|1|1
3445497|1|1|1|5708.6530326|11|2|1|2|1|1|1|1
3445498|1|1|1|2931.0408652|11|2|1|2|1|1|1|1
3445499|1|1|1|7741.5461428|11|2|1|2|1|1|1|1
3445500|1|1|1|6704.3335311|11|2|1|2|1|1|1|1
3445501|1|1|1|8548.4958038|11|1|1|4|1|1|1|1
3445502|1|1|1|7762.5084784|11|2|1|4|1|1|1|1
3445503|1|1|1|8073.2734717|11|2|1|4|1|1|1|1
3445504|1|1|1|4176.6199403|11|2|1|4|1|1|1|1
3445505|1|1|1|4216.9768884|11|2|1|4|1|1|1|1
3445506|1|1|1|3725.0158985|11|2|1|3|1|1|1|1
3445507|1|1|1|5177.1473043|11|2|1|3|1|1|1|1
3445508|1|1|1|4203.7358817|11|2|1|3|1|1|1|1
3445509|1|1|1|5039.2659573|11|1|1|3|1|1|1|1
3445510|1|1|1|8554.2802503|11|1|1|2|1|1|1|1
3445511|1|1|1|7849.2083934|11|2|1|3|1|1|1|1
3445512|1|1|1|6900.6749856|11|2|1|2|1|1|1|1
3445513|1|1|1|7590.2119311|11|2|1|3|1|1|1|2
3445514|1|1|1|9056.2598914|11|2|1|3|1|1|1|1
3445515|1|1|1|9973.2451044|11|2|1|3|1|1|1|2
3445516|1|1|1|3014.1909607|11|1|1|3|1|1|1|1
3445517|1|1|1|3607.1582243|11|1|1|3|1|1|1|1
3445518|1|1|1|3014.1909607|11|1|1|3|1|1|1|1
3445520|1|1|1|3159.406961|11|1|1|3|1|1|1|1
3445521|1|1|1|4928.7090462|11|1|1|3|1|1|1|1
3445522|1|1|1|5880.6882412|11|1|1|3|1|1|1|1
3445523|1|1|1|6100.2093351|11|2|1|4|1|1|1|1
3445524|1|1|1|6433.1054774|11|2|1|4|1|1|1|1
3445525|1|1|1|5366.4713383|11|2|1|4|1|1|1|1
3445526|1|1|1|7498.4973482|11|2|1|4|1|1|1|1
3445527|1|1|1|6005.8092676|11|2|1|4|1|1|1|1
3445528|1|1|1|4665.8983435|11|2|1|4|1|1|1|1
3445529|1|1|1|6005.8092676|11|2|1|4|1|1|1|1
3445530|1|1|1|5215.6352394|11|2|1|4|1|1|1|1
3445531|1|1|1|6251.0454341|11|2|1|4|1|1|1|1
3445532|1|1|1|6167.04501|11|2|1|4|1|1|1|1
3445533|1|1|1|3833.423791|11|2|1|4|1|1|1|1
3445534|1|1|1|7860.1443069|11|2|1|4|1|1|1|1
3445535|1|1|1|6255.0668154|11|2|1|4|1|1|1|1
3445536|1|1|1|11781.470523|11|1|1|2|1|1|1|1
3445537|1|1|1|5284.3599087|11|1|1|2|1|1|1|1
3445538|1|1|1|7906.1976443|11|1|1|2|1|1|1|1
3445539|1|1|1|9707.5600381|11|2|1|2|1|1|1|1
3445540|1|1|1|7578.8111693|11|2|1|2|1|1|1|1
3445541|1|1|1|8076.5065187|11|2|1|2|2|1|1|1
3445542|1|1|1|7685.6568685|11|2|1|2|1|1|1|1
3445543|1|1|1|751.66683039|13|1|1|2|1|1|1|1
3445544|1|1|1|469.67165803|13|2|1|2|1|1|1|1
3445545|1|1|1|255.02949278|13|2|1|2|1|1|1|1
3445546|1|1|1|325.72367701|13|2|1|2|1|1|1|1
3445547|1|1|1|562.19605047|13|2|1|2|1|1|1|1
3445548|1|1|1|444.12551331|13|2|1|2|1|1|1|1
3445549|1|1|1|744.53885503|13|2|1|2|1|1|1|1
3445550|1|1|1|255.02949278|13|2|1|2|1|1|1|1
3445551|1|1|1|603.82425863|13|2|1|2|1|1|1|1
3445552|1|1|1|417.6316401|13|2|1|2|1|1|1|1
3445553|1|1|1|603.50930999|13|2|1|2|1|1|1|1
3445554|1|1|1|808.03552621|13|2|1|2|1|1|1|1
3445555|1|1|1|836.87157774|13|2|1|2|1|1|1|1
3445556|1|1|1|397.17091917|13|2|1|2|1|1|1|1
3445557|1|1|1|314.70796774|13|2|1|2|1|1|1|1
3445558|1|1|1|509.26718379|13|1|1|2|1|1|1|1
3445559|1|1|1|561.53170682|13|2|1|2|1|1|1|1
3445560|1|1|1|520.28473373|13|2|1|2|1|1|1|1
3445561|1|1|1|607.22829241|13|2|1|2|1|1|1|1
3445562|1|1|1|359.3288336|13|2|1|1|1|1|1|1
3445563|1|1|1|717.09116614|13|2|1|1|1|1|1|1
3445564|1|1|1|717.09116614|13|2|1|1|1|1|1|1
3445565|1|1|1|437.39465501|13|2|1|1|1|1|1|1
3445566|1|1|1|594.61432361|13|2|1|1|1|1|1|1
3445567|1|1|1|1050.7469135|13|1|1|1|1|1|1|1
3445568|1|1|1|582.7231978|13|1|1|1|1|1|1|1
3445569|1|1|1|887.87500556|13|2|1|1|1|1|1|1
3445570|1|1|1|741.24466458|13|2|1|1|1|1|1|1
3445571|1|1|1|520.40946651|13|2|1|1|1|1|1|1
3445572|1|1|1|457.62421449|13|2|1|1|1|1|1|1
3445573|1|1|1|775.11057063|13|2|1|1|1|1|1|1
3445574|1|1|1|653.71010938|13|2|1|1|1|1|1|1
3445575|1|1|1|501.2662685|13|2|1|1|1|1|1|1
3445576|1|1|1|667.09882371|13|2|1|2|1|1|1|1
3445577|1|1|1|426.69864095|13|1|1|3|1|1|1|1
3445578|1|1|1|750.11306312|13|2|1|3|1|1|1|1
3445579|1|1|1|1288.5855881|13|2|1|3|1|1|1|1
3445580|1|1|1|711.01553379|13|1|1|3|1|1|1|1
3445582|1|1|1|463.01216897|13|2|1|2|1|1|1|1
3445583|1|1|1|362.52126246|13|2|1|2|1|1|1|1
3445584|1|1|1|362.52126246|13|1|1|2|1|1|1|1
3445585|1|1|1|677.86774741|13|2|1|2|1|1|1|1
3445586|1|1|1|813.55618168|13|2|1|2|1|1|1|1
3445588|1|1|1|528.54606543|13|2|1|2|1|1|1|1
3445589|1|1|1|558.94808889|13|2|1|2|1|1|1|1
3445590|1|1|1|558.94808889|13|1|1|2|1|1|1|1
3445591|1|1|1|669.05976254|13|2|1|2|1|1|1|1
3445592|1|1|1|656.5533545|13|2|1|2|1|1|1|1
3445593|1|1|1|637.4143699|13|2|1|2|1|1|1|1
3445594|1|1|1|497.66355338|13|1|1|2|1|1|1|1
3445595|1|1|1|558.94808889|13|2|1|2|1|1|1|1
3445596|1|1|1|677.5426423|13|2|1|2|1|1|1|1
3445597|1|1|1|571.45449693|13|2|1|2|1|1|1|1
3445598|1|1|1|524.39396625|13|2|1|1|1|1|1|1
3445599|1|1|1|605.5270963|13|2|1|1|1|1|1|1
3445600|1|1|1|704.63309069|13|2|1|1|1|1|1|1
3445601|1|1|1|387.00574412|13|2|1|1|1|1|1|1
3445602|1|1|1|387.00574412|13|2|1|1|1|1|1|1
3445603|1|1|1|1087.5523127|13|1|1|1|1|1|1|1
3445604|1|1|1|885.40124706|13|2|1|1|1|1|1|1
3445605|1|1|1|781.00919259|13|2|1|1|1|1|1|1
3445606|1|1|1|786.07414151|13|2|1|1|1|1|1|1
3445607|1|1|1|901.96648589|13|2|1|1|1|1|1|1
3445608|1|1|1|642.33462943|13|2|1|1|1|1|1|1
3445609|1|1|1|468.19951641|13|2|1|1|1|1|1|1
3445610|1|1|1|538.40246202|13|2|1|1|1|1|1|1
3445611|1|1|1|741.72257896|13|1|1|3|1|1|1|1
3445612|1|1|1|446.54508936|13|1|1|3|1|1|1|1
3445613|1|1|1|622.07944172|13|2|1|3|1|1|1|1
3445614|1|1|1|971.49308144|13|1|1|3|1|1|1|1
3445615|1|1|1|698.68511111|13|2|1|3|1|1|1|1
3445616|1|1|1|1216.8655237|13|2|1|3|1|1|1|1
3445617|1|1|1|405.09843138|13|1|1|3|1|1|1|1
3445618|1|1|1|379.38271653|13|1|1|2|1|1|1|1
3445619|1|1|1|621.23361002|13|1|1|2|1|1|1|1
3445620|1|1|1|585.92285053|13|2|1|2|1|1|1|1
3445621|1|1|1|629.03148901|13|2|1|2|1|1|1|1
3445622|1|1|1|446.54508936|13|1|1|2|1|1|1|1
3445623|1|1|1|414.5574071|13|2|1|2|1|1|1|1
3445624|1|1|1|448.30819406|13|2|1|2|1|1|1|1
3445625|1|1|1|634.09957008|13|2|1|2|1|1|1|1
3445626|1|1|1|528.55322294|13|2|1|2|1|1|1|1
3445627|1|1|1|564.04445341|13|2|1|2|1|1|1|1
3445628|1|1|1|576.90747667|13|2|1|2|1|1|1|1
3445629|1|1|1|447.58453805|13|2|1|2|1|1|1|1
3445630|1|1|1|1073.6093343|13|2|1|2|1|1|1|1
3445631|1|1|1|499.71024727|13|1|1|1|1|1|1|1
3445632|1|1|1|1155.0320103|13|1|1|1|1|1|1|1
3445633|1|1|1|871.55729669|13|2|1|1|1|1|1|1
3445634|1|1|1|726.36321101|13|1|1|1|1|1|1|1
3445635|1|1|1|447.58453805|13|2|1|1|1|1|1|1
3445636|1|1|1|681.6792567|13|2|1|1|1|1|1|1
3445637|1|1|1|831.16630301|13|2|1|1|1|1|1|1
3445638|1|1|1|1298.3319632|13|1|1|1|1|1|1|1
3445639|1|1|1|702.14733745|13|2|1|1|1|1|1|1
3445640|1|1|1|1155.0320103|13|2|1|1|1|1|1|1
3445641|1|1|1|737.15326488|13|2|1|1|1|1|1|1
3445642|1|1|1|731.61028645|13|2|1|1|1|1|1|1
3445643|1|1|1|1236.2253091|13|1|1|1|1|1|1|1
3445644|1|1|1|642.40787293|13|2|1|1|1|1|1|1
3445645|1|1|1|798.49726985|13|2|1|1|1|1|1|1
3445646|1|1|1|504.62485627|13|2|1|1|1|1|1|1
3445647|1|1|1|510.33724499|13|2|1|1|1|1|1|1
3445648|1|1|1|981.36482566|13|2|1|1|1|1|1|1
3445649|1|1|1|355.10839382|13|2|1|1|1|1|1|1
3445650|1|1|1|640.88797645|13|2|1|1|1|1|1|1
3445652|1|1|1|768.04997328|13|2|1|1|1|1|1|1
3445653|1|1|1|474.25898451|13|2|1|1|1|1|1|1
3445654|1|1|1|1023.2531354|13|2|1|1|1|1|1|1
3445655|1|1|1|623.65302407|13|2|1|1|1|1|1|1
3445656|1|1|1|421.68584438|13|2|1|1|1|1|1|1
3445657|1|1|1|625.63066559|13|2|1|1|1|1|1|1
3445658|1|1|1|83.781065569|15|1|1|2|1|1|1|1
3445659|1|1|1|100.4553244|15|1|1|3|1|1|1|1
3445660|1|1|1|173.96221665|15|2|1|3|1|1|1|1
3445661|1|1|1|214.09093004|15|2|1|3|1|1|1|1
3445662|1|1|1|356.18960286|15|2|1|3|1|1|1|1
3445663|1|1|1|134.41367284|15|2|1|3|1|1|1|1
3445664|1|1|1|93.146471774|15|2|1|3|1|1|1|1
3445665|1|1|1|182.0363904|15|2|1|3|1|1|1|1
3445666|1|1|1|193.02978175|15|2|1|3|1|1|1|1
3445667|1|1|1|135.29358359|15|2|1|3|1|1|1|1
3445668|1|1|1|150.2177925|15|2|1|3|1|1|1|1
3445669|1|1|1|259.56852844|15|2|1|3|1|1|1|1
3445670|1|1|1|69.786164032|15|2|1|3|1|1|1|1
3445671|1|1|1|156.99667334|15|1|1|3|1|1|1|1
3445672|1|1|1|106.24357402|15|1|1|3|1|1|1|1
3445673|1|1|1|155.19015905|15|1|1|3|1|1|1|1
3445674|1|1|1|95.607465738|15|1|1|3|1|1|1|1
3445675|1|1|1|217.95255658|15|2|1|1|1|1|1|1
3445676|1|1|1|99.983137642|15|2|1|1|1|1|1|1
3445677|1|1|1|230.22730968|15|2|1|1|1|1|1|1
3445678|1|1|1|77.298971522|15|2|1|1|1|1|1|1
3445679|1|1|1|112.39598721|15|2|1|1|1|1|1|1
3445680|1|1|1|106.93303561|15|2|1|1|1|1|1|1
3445681|1|1|1|144.85301224|15|2|1|1|1|1|1|1
3445682|1|1|1|106.93303561|15|2|1|1|1|1|1|1
3445683|1|1|1|203.09753869|15|1|1|2|1|1|1|1
3445684|1|1|1|184.955608|15|1|1|2|1|1|1|1
3445685|1|1|1|182.0363904|15|1|1|2|1|1|1|1
3445686|1|1|1|171.2644685|15|2|1|1|1|1|1|1
3445687|1|1|1|102.59507494|15|2|1|1|1|1|1|1
3445688|1|1|1|114.24690759|15|2|1|2|1|1|1|1
3445689|1|1|1|208.61532429|15|2|1|1|1|1|1|1
3445690|1|1|1|340.27306777|15|2|1|2|1|1|1|1
3445691|1|1|1|193.02978175|15|1|1|1|1|1|1|1
3445692|1|1|1|163.89445972|15|2|1|1|1|1|1|1
3445693|1|1|1|176.01786686|15|2|1|2|1|1|1|1
3445694|1|1|1|249.93422806|15|1|1|2|1|1|1|1
3445695|1|1|1|155.54933529|15|1|1|2|1|1|1|1
3445696|1|1|1|92.003826683|15|1|1|2|1|1|1|1
3445697|1|1|1|123.1785936|15|2|1|2|1|1|1|1
3445698|1|1|1|134.74484497|15|1|1|2|1|1|1|1
3445699|1|1|1|102.71006203|15|1|1|2|1|1|1|1
3445700|1|1|1|139.5118765|15|1|1|2|1|1|1|1
3445701|1|1|1|99.013986582|15|1|1|2|1|1|1|1
3445702|1|1|1|144.73313059|15|1|1|2|1|1|1|1
3445703|1|1|1|271.52509465|15|2|1|4|1|1|1|1
3445704|1|1|1|223.66570713|15|2|1|4|1|1|1|1
3445705|1|1|1|261.12540688|15|2|1|4|1|1|1|1
3445706|1|1|1|92.457574957|15|1|1|2|1|1|1|1
3445707|1|1|1|83.829467114|15|2|1|2|1|1|1|1
3445708|1|1|1|68.565279137|15|1|1|2|1|1|1|1
3445709|1|1|1|185.0189095|15|2|1|2|1|1|1|1
3445710|1|1|1|95.917814353|15|2|1|2|1|1|1|1
3445711|1|1|1|92.457574957|15|2|1|2|1|1|1|1
3445712|1|1|1|85.497833651|15|2|1|2|1|1|1|1
3445713|1|1|1|86.351816332|15|1|1|2|1|1|1|1
3445714|1|1|1|106.23091331|15|1|1|2|1|1|1|1
3445715|1|1|1|127.61083344|15|2|1|2|1|1|1|1
3445716|1|1|1|85.497833651|15|2|1|2|1|1|1|1
3445717|1|1|1|104.55423449|15|2|1|2|1|1|1|1
3445718|1|1|1|209.17488773|15|2|1|5|1|1|1|1
3445719|1|1|1|156.54048459|15|2|1|5|1|1|1|1
3445721|1|1|1|113.15884181|15|2|1|5|1|1|1|1
3445722|1|1|1|201.16327641|15|2|1|5|1|1|1|1
3445723|1|1|1|144.56306064|15|2|1|5|1|1|1|1
3445724|1|1|1|148.91282612|15|2|1|5|1|1|1|1
3445725|1|1|1|100.0821189|15|2|1|4|1|1|1|1
3445726|1|1|1|92.000494729|15|2|1|4|1|1|1|1
3445727|1|1|1|100.0821189|15|1|1|4|1|1|1|1
3445728|1|1|1|113.91075792|15|2|1|4|1|1|1|1
3445729|1|1|1|132.37320277|15|2|1|4|1|1|1|1
3445730|1|1|1|98.319243174|15|1|1|4|1|1|1|1
3445731|1|1|1|119.32169852|15|2|1|1|1|1|1|1
3445732|1|1|1|117.27129007|15|2|1|1|1|1|1|1
3445733|1|1|1|100.41602413|15|2|1|1|1|1|1|1
3445734|1|1|1|160.45391787|15|2|1|1|1|1|1|1
3445735|1|1|1|132.12776724|15|2|1|1|1|1|1|1
3445736|1|1|1|107.93016591|15|2|1|1|1|1|1|1
3445737|1|1|1|116.76247205|15|1|1|4|1|1|1|1
3445738|1|1|1|132.89588425|15|2|1|4|1|1|1|1
3445739|1|1|1|132.90746208|15|2|1|4|1|1|1|1
3445741|1|1|1|158.53951595|15|1|1|4|1|1|1|1
3445742|1|1|1|101.07159927|15|1|1|4|1|1|1|1
3445744|1|1|1|76.164605063|15|1|1|5|1|1|1|1
3445745|1|1|1|65.37974368|15|1|1|5|1|1|1|1
3445746|1|1|1|114.12001988|15|2|1|3|1|1|1|1
3445747|1|1|1|150.34468022|15|2|1|3|1|1|1|1
3445748|1|1|1|126.21261137|15|2|1|3|1|1|1|1
3445749|1|1|1|166.11985531|15|2|1|3|1|1|1|1
3445750|1|1|1|110.422964|15|2|1|3|1|1|1|1
3445751|1|1|1|233.17296742|15|2|1|3|1|1|1|1
3445752|1|1|1|225.08432138|15|1|1|3|1|1|1|1
3445753|1|1|1|338.04767218|15|2|1|3|1|1|1|1
3445754|1|1|1|795.27994983|17|2|1|2|1|1|1|1
3445755|1|1|1|198.81998746|17|1|1|2|1|1|1|1
3445756|1|1|1|377.63527086|17|2|1|2|1|1|1|1
3445757|1|1|1|198.81998746|17|2|1|2|1|1|1|1
3445758|1|1|1|621.19169642|17|1|1|2|1|1|1|1
3445759|1|1|1|364.36141976|17|2|1|2|1|1|1|1
3445760|1|1|1|364.36141976|17|2|1|2|1|1|1|1
3445761|1|1|1|621.19169642|17|1|1|2|1|1|1|1
3445762|1|1|1|198.81998746|17|1|1|2|1|1|1|1
3445763|1|1|1|364.36141976|17|2|1|2|1|1|1|1
3445764|1|1|1|364.36141976|17|1|1|2|1|1|1|1
3445765|1|1|1|375.46046997|17|2|1|2|1|1|1|1
3445766|1|1|1|217.45936128|17|2|1|2|1|1|1|1
3445767|1|1|1|410.65988903|17|2|1|2|1|1|1|1
3445768|1|1|1|386.38071669|17|2|1|2|1|1|1|1
3445769|1|1|1|386.38071669|17|2|1|2|1|1|1|1
3445770|1|1|1|841.40566943|17|2|1|2|1|1|1|1
3445771|1|1|1|398.52030286|17|2|1|2|1|1|1|1
3445772|1|1|1|298.82301539|17|2|1|2|1|1|1|1
3445773|1|1|1|217.45936128|17|2|1|2|1|1|1|1
3445774|1|1|1|643.05033707|17|2|1|2|1|1|1|1
3445775|1|1|1|419.5947454|17|2|1|5|1|1|1|1
3445776|1|1|1|404.84602195|17|2|1|5|1|1|1|1
3445777|1|1|1|220.91109718|17|2|1|5|1|1|1|1
3445778|1|1|1|575.74933518|17|2|1|5|1|1|1|1
3445780|1|1|1|392.53440559|17|2|1|5|1|1|1|1
3445781|1|1|1|622.2050847|17|2|1|5|1|1|1|1
3445782|1|1|1|404.84602195|17|2|1|5|1|1|1|1
3445783|1|1|1|392.51374394|17|2|1|5|1|1|1|1
3445784|1|1|1|284.02855351|17|2|1|3|1|1|1|1
3445785|1|1|1|552.201321|17|1|1|3|1|1|1|1
3445786|1|1|1|284.02855351|17|1|1|2|2|1|1|1
3445787|1|1|1|1136.114214|17|2|1|3|2|1|1|1
3445788|1|1|1|903.27249519|17|2|1|2|2|1|1|1
3445789|1|1|1|539.47895837|17|2|1|2|1|1|1|1
3445790|1|1|1|364.79003994|17|2|1|2|1|1|1|1
3445791|1|1|1|198.81998746|17|2|1|2|1|1|1|1
3445792|1|1|1|198.81998746|17|1|1|2|1|1|1|1
3445793|1|1|1|265.26674204|17|2|1|2|2|1|1|1
3445794|1|1|1|795.27994983|17|2|1|2|1|1|1|1
3445795|1|1|1|589.34051435|17|2|1|2|1|1|1|1
3445796|1|1|1|386.5409247|17|2|1|2|1|1|1|1
3445797|1|1|1|255.35302796|17|1|1|2|1|1|1|1
3445798|1|1|1|795.27994983|17|2|1|2|1|1|1|1
3445799|1|1|1|621.19169642|17|2|1|2|1|1|1|1
3445800|1|1|1|795.27994983|17|2|1|2|1|1|1|1
3445801|1|1|1|198.81998746|17|2|1|3|1|1|1|1
3445802|1|1|1|255.35302796|17|2|1|3|1|1|1|1
3445803|1|1|1|795.27994983|17|2|1|3|1|1|1|1
3445804|1|1|1|621.19169642|17|2|1|3|1|1|1|1
3445805|1|1|1|198.81998746|17|2|1|3|1|1|1|1
3445806|1|1|1|621.19169642|17|2|1|3|1|1|1|1
3445807|1|1|1|599.01219147|17|2|1|3|1|1|1|1
3445808|1|1|1|795.27994983|17|2|1|3|1|1|1|1
3445809|1|1|1|198.81998746|17|2|1|3|1|1|1|1
3445810|1|1|1|364.36141976|17|2|1|3|1|1|1|1
3445811|1|1|1|419.28099311|17|2|1|2|1|1|1|1
3445812|1|1|1|954.90527949|17|2|1|2|1|1|1|1
3445813|1|1|1|248.52498432|17|2|1|2|1|1|1|1
3445814|1|1|1|248.52498432|17|2|1|2|1|1|1|1
3445815|1|1|1|649.90277227|17|2|1|2|1|1|1|1
3445816|1|1|1|787.96111282|17|2|1|6|1|1|1|1
3445817|1|1|1|467.89906592|17|2|1|6|1|1|1|1
3445818|1|1|1|940.34931826|17|2|1|6|1|1|1|1
3445819|1|1|1|247.76958923|17|2|1|6|1|1|1|1
3445820|1|1|1|318.22109867|17|2|1|6|1|1|1|1
3445821|1|1|1|418.0065828|17|2|1|6|1|1|1|1
3445822|1|1|1|467.89906592|17|2|1|6|1|1|1|1
3445823|1|1|1|790.36343329|17|2|1|3|1|1|1|1
3445824|1|1|1|483.17615588|17|1|1|3|1|1|1|1
3445825|1|1|1|483.17615588|17|1|1|3|1|1|1|1
3445826|1|1|1|483.17615588|17|2|1|3|1|1|1|1
3445827|1|1|1|380.40130027|17|1|1|3|1|1|1|1
3445828|1|1|1|248.52498432|17|2|1|3|1|1|1|1
3445829|1|1|1|748.76523934|17|1|1|3|1|1|1|1
3445830|1|1|1|305.31747218|17|1|1|3|1|1|1|1
3445831|1|1|1|994.09993729|17|2|1|3|1|1|1|1
3445832|1|1|1|790.36343329|17|2|1|3|1|1|1|1
3445833|1|1|1|198.81998746|17|2|1|2|1|1|1|1
3445834|1|1|1|198.81998746|17|2|1|2|1|1|1|1
3445835|1|1|1|198.81998746|17|1|1|2|1|1|1|1
3445836|1|1|1|198.81998746|17|2|1|2|1|1|1|1
3445837|1|1|1|304.32104022|17|2|1|2|1|1|1|1
3445838|1|1|1|377.63527086|17|2|1|2|1|1|1|1
3445839|1|1|1|795.27994983|17|2|1|2|1|1|1|1
3445840|1|1|1|198.81998746|17|2|1|2|1|1|1|1
3445841|1|1|1|255.35302796|17|2|1|2|1|1|1|1
3445842|1|1|1|679.52953823|17|1|1|2|1|1|1|1
3445843|1|1|1|273.37748275|17|2|1|3|1|1|1|1
3445844|1|1|1|273.37748275|17|1|1|3|1|1|1|1
3445845|1|1|1|684.3962302|17|2|1|3|1|1|1|1
3445846|1|1|1|503.98730338|17|1|1|3|1|1|1|1
3445847|1|1|1|473.49048409|17|1|1|3|1|1|1|1
3445848|1|1|1|629.34717641|17|2|1|3|1|1|1|1
3445849|1|1|1|273.37748275|17|2|1|3|1|1|1|1
3445850|1|1|1|390.45766398|17|1|1|3|1|1|1|1
3445851|1|1|1|273.37748275|17|1|1|3|1|1|1|1
3445852|1|1|1|442.11812289|17|2|1|3|1|1|1|1
3445853|1|1|1|110.52953072|17|2|1|3|2|1|1|1
3445854|1|1|1|345.33764724|17|2|1|3|1|1|1|1
3445855|1|1|1|110.52953072|17|2|1|3|1|1|1|1
3445856|1|1|1|110.52953072|17|2|1|3|1|1|1|1
3445857|1|1|1|110.52953072|17|2|1|3|1|1|1|1
3445858|1|1|1|110.52953072|17|2|1|3|1|1|1|1
3445859|1|1|1|110.52953072|17|2|1|3|1|1|1|1
3445860|1|1|1|214.88879241|17|2|1|3|1|1|1|1
3445861|1|1|1|202.54825435|17|2|1|3|1|1|1|1
3445862|1|1|1|110.52953072|17|2|1|3|1|1|1|1
3445863|1|1|1|211.64115837|17|1|1|3|1|1|1|1
3445864|1|1|1|189.47919552|17|1|1|3|1|1|1|1
3445865|1|1|1|757.9167821|17|1|1|3|1|1|1|1
3445866|1|1|1|309.08854738|17|1|1|3|1|1|1|1
3445867|1|1|1|243.35624869|17|1|1|3|1|1|1|1
3445868|1|1|1|189.47919552|17|2|1|3|1|1|1|1
3445869|1|1|1|232.77864463|17|1|1|3|1|1|1|1
3445871|1|1|1|186.71109668|18|1|1|1|1|1|1|1
3445872|1|1|1|142.18175589|18|2|1|1|1|1|1|1
3445873|1|1|1|140.85007665|18|1|1|1|1|1|1|1
3445874|1|1|1|330.14121754|18|1|1|1|2|1|1|1
3445875|1|1|1|142.17967625|18|1|1|1|1|1|1|1
3445876|1|1|1|193.94890456|18|2|1|1|1|1|1|1
3445877|1|1|1|209.24213263|18|2|1|1|2|1|1|1
3445878|1|1|1|204.36967446|18|1|1|1|1|1|1|1
3445879|1|1|1|171.46795972|18|2|1|1|1|1|1|1
3445880|1|1|1|91.467194833|18|1|1|1|1|2|1|1
3445881|1|1|1|107.07296834|18|1|1|1|2|2|1|2
3445882|1|1|1|94.380826387|18|1|1|1|1|2|1|1
3445883|1|1|1|71.825074745|18|1|1|1|1|2|1|1
3445884|1|1|1|117.09991138|18|1|1|1|1|1|1|1
3445885|1|1|1|96.332919516|18|1|1|1|1|2|1|1
3445888|1|1|1|119.83545404|18|1|1|1|1|2|1|1
3445889|1|1|1|90.132706697|18|1|1|1|1|1|1|1
3445890|1|1|1|116.75848914|18|1|1|1|1|1|1|1
3445891|1|1|1|132.24628255|18|1|1|2|1|1|1|1
3445892|1|1|1|132.24628255|18|1|1|2|1|1|1|1
3445893|1|1|1|124.70397071|18|1|1|2|1|1|1|1
3445894|1|1|1|124.96002014|18|1|1|2|1|1|1|1
3445895|1|1|1|105.98002533|18|1|1|2|1|1|1|1
3445896|1|1|1|124.70397071|18|1|1|2|1|1|1|1
3445897|1|1|1|130.22388042|18|1|1|2|1|1|1|1
3445898|1|1|1|103.40340091|18|1|1|2|1|1|1|1
3445899|1|1|1|148.63249052|18|2|1|2|1|1|1|1
3445900|1|1|1|142.00356788|18|1|1|1|1|1|1|1
3445901|1|1|1|124.70397071|18|2|1|1|1|1|1|1
3445902|1|1|1|124.70548317|18|2|1|1|1|1|1|1
3445903|1|1|1|104.61496297|18|1|1|1|1|1|1|1
3445904|1|1|1|88.265184905|18|2|1|1|1|1|1|1
3445905|1|1|1|194.82856165|18|2|1|1|1|1|1|1
3445906|1|1|1|103.70308623|18|2|1|1|1|1|1|1
3445907|1|1|1|167.48981321|18|1|1|1|1|1|1|1
3445908|1|1|1|166.27196095|18|1|1|1|1|1|1|1
3445909|1|1|1|188.07166503|18|3|1|1|2|2|1|1
3445910|1|1|1|114.38664123|18|1|1|1|1|1|1|1
3445911|1|1|1|126.52749335|18|1|1|1|1|1|1|1
3445912|1|1|1|139.48661729|18|1|1|1|1|1|1|1
3445913|1|1|1|154.53068927|18|1|1|1|1|2|1|1
3445914|1|1|1|153.04998874|18|1|1|1|1|1|1|1
3445915|1|1|1|267.79700714|18|1|1|1|1|1|1|1
3445916|1|1|1|115.07645926|18|2|1|1|1|1|1|1
3445917|1|1|1|155.15912365|18|2|1|1|1|1|1|1
3445918|1|1|1|148.01728042|18|1|1|1|1|1|1|1
3445919|1|1|1|122.36827417|18|1|1|1|1|1|1|1
3445920|1|1|1|138.1790959|18|1|1|1|1|1|1|1
3445921|1|1|1|137.17436778|18|1|1|1|1|1|1|1
3445922|1|1|1|97.091703396|18|1|1|1|1|1|1|1
3445923|1|1|1|98.60965724|18|1|1|1|1|1|1|1
3445924|1|1|1|137.17603149|18|2|1|1|1|1|1|1
3445925|1|1|1|121.6929178|18|1|1|1|2|1|1|1
3445926|1|1|1|142.57938292|18|1|1|1|1|1|1|1
3445927|1|1|1|63.026959711|18|1|1|1|1|1|1|1
3445928|1|1|1|138.85859667|18|1|1|1|1|1|1|1
3445929|1|1|1|160.95095295|18|1|1|1|1|1|1|1
3445930|1|1|1|130.94075733|18|1|1|1|1|1|1|1
3445931|1|1|1|135.59260463|18|1|1|1|1|1|1|1
3445932|1|1|1|130.27200639|18|1|1|1|1|1|1|1
3445933|1|1|1|105.39907258|18|1|1|1|1|2|1|1
3445934|1|1|1|110.09992133|18|1|1|1|1|1|1|1
3445935|1|1|1|97.501993856|18|1|1|1|1|2|1|1
3445936|1|1|1|123.62946216|18|2|1|1|2|2|1|1
3445937|1|1|1|148.67998959|18|1|1|1|1|2|1|1
3445938|1|1|1|114.13740107|18|1|1|1|1|1|1|1
3445939|1|1|1|130.27200639|18|2|1|1|1|2|1|1
3445940|1|1|1|90.63003962|18|1|1|1|2|2|1|1
3445941|1|1|1|111.32961371|18|1|1|1|2|2|1|1
3445942|1|1|1|109.04811697|18|1|1|2|1|1|1|1
3445943|1|1|1|109.04811697|18|1|1|2|1|1|1|1
3445944|1|1|1|109.04811697|18|1|1|2|1|1|1|1
3445945|1|1|1|125.63396842|18|1|1|2|1|1|1|1
3445946|1|1|1|103.80563959|18|1|1|2|1|1|1|1
3445947|1|1|1|170.92736409|18|1|1|1|1|2|1|1
3445948|1|1|1|124.60906088|18|1|1|1|1|1|1|1
3445949|1|1|1|149.75746248|18|1|1|1|2|1|1|1
3445950|1|1|1|109.87935619|18|1|1|1|1|1|1|1
3445951|1|1|1|156.15837177|18|1|1|1|1|2|1|1
3445952|1|1|1|127.58756966|18|1|1|1|1|1|1|1
3445953|1|1|1|120.82837089|18|1|1|1|1|1|1|1
3445954|1|1|1|100.4563044|18|1|1|1|1|1|1|1
3445955|1|1|1|91.078850755|18|1|1|1|1|1|1|1
3445956|1|1|1|76.86594133|18|1|1|1|1|1|1|1
3445957|1|1|1|113.17151423|18|1|1|1|1|1|1|1
3445958|1|1|1|93.94079651|18|1|1|1|1|1|1|1
3445959|1|1|1|76.86594133|18|1|1|1|1|1|1|1
3445960|1|1|1|138.1635238|18|2|1|1|1|1|1|1
3445961|1|1|1|98.801778133|18|2|1|1|1|1|1|1
3445962|1|1|1|103.20335534|18|1|1|1|1|1|1|1
3445963|1|1|1|90.129814248|18|1|1|1|1|2|1|1
3445965|1|1|1|98.893838876|18|1|1|1|2|2|1|1
3445966|1|1|1|99.850599218|18|1|1|1|2|2|1|2
3445967|1|1|1|63.966384637|18|1|1|1|1|2|1|1
3445968|1|1|1|95.583998674|18|1|1|1|2|2|1|2
3445969|1|1|1|122.73197225|18|1|1|1|1|2|1|1
3445970|1|1|1|59.13836579|18|2|1|1|1|2|1|2
3445971|1|1|1|113.93525881|18|1|1|1|1|2|1|1
3445972|1|1|1|70.991634188|18|1|1|1|2|2|1|1
3445973|1|1|1|68.457183756|18|1|1|1|2|2|1|1
3445974|1|1|1|156.94785752|19|1|1|3|1|1|1|1
3445975|1|1|1|325.74427221|19|1|1|3|1|1|1|1
3445976|1|1|1|280.20489328|19|1|1|3|1|1|1|1
3445977|1|1|1|156.94785752|19|1|1|3|1|1|1|1
3445978|1|1|1|247.71710307|19|1|1|3|1|1|1|1
3445979|1|1|1|280.20489328|19|2|1|3|2|1|1|1
3445980|1|1|1|304.2950372|19|1|1|3|1|1|1|1
3445981|1|1|1|193.18030175|19|1|1|3|2|1|1|1
3445982|1|1|1|223.23925736|19|2|1|3|1|1|1|1
3445983|1|1|1|129.73585079|19|1|1|3|1|1|1|1
3445984|1|1|1|129.73585079|19|1|1|2|1|1|1|1
3445985|1|1|1|166.11197777|19|1|1|4|1|1|1|1
3445986|1|1|1|176.50940354|19|1|1|4|2|1|1|1
3445987|1|1|1|372.28890488|19|1|1|4|1|1|1|1
3445988|1|1|1|159.38750822|19|1|1|4|1|1|1|1
3445989|1|1|1|428.1652694|19|1|1|4|1|1|1|1
3445990|1|1|1|129.49316108|19|1|1|4|1|1|1|1
3445991|1|1|1|176.50940354|19|1|1|4|1|1|1|1
3445992|1|1|1|239.92146871|19|2|1|3|2|1|1|1
3445993|1|1|1|191.14545029|19|2|1|3|1|1|1|1
3445994|1|1|1|111.08448358|19|1|1|3|1|1|1|1
3445995|1|1|1|111.08448358|19|1|1|3|1|1|1|1
3445996|1|1|1|191.14545029|19|1|1|3|1|1|1|1
3445997|1|1|1|298.8852195|19|2|1|2|1|1|1|1
3445998|1|1|1|228.1944775|19|2|1|3|1|1|1|1
3445999|1|1|1|157.48365101|19|1|1|2|1|1|1|1
3446000|1|1|1|167.41104802|19|1|1|2|1|1|1|1
3446001|1|1|1|144.06175965|19|1|1|1|1|1|1|1
3446002|1|1|1|347.46055702|19|1|1|2|1|1|1|1
3446003|1|1|1|226.4086954|19|1|1|2|1|1|1|1
3446004|1|1|1|347.46055702|19|1|1|3|2|1|1|1
3446005|1|1|1|215.87132132|19|1|1|3|1|1|1|1
3446006|1|1|1|334.41554862|19|1|1|3|2|1|1|1
3446007|1|1|1|238.62763982|19|1|1|3|1|1|1|1
3446008|1|1|1|175.38300269|19|1|1|3|1|1|1|1
3446009|1|1|1|340.47087024|19|1|1|4|1|1|1|1
3446010|1|1|1|191.38912117|19|1|1|3|2|1|1|1
3446011|1|1|1|174.11140332|19|2|1|3|2|1|1|1
3446012|1|1|1|179.07507337|19|2|1|5|1|1|1|1
3446013|1|1|1|206.93924809|19|2|1|5|1|1|1|1
3446014|1|1|1|179.07507337|19|2|1|5|1|1|1|1
3446015|1|1|1|311.01725335|19|2|1|5|1|1|1|1
3446016|1|1|1|178.02022389|19|2|1|5|1|1|1|1
3446017|1|1|1|198.31186735|19|2|1|5|1|1|1|1
3446018|1|1|1|311.01725335|19|2|1|5|1|1|1|1
3446019|1|1|1|259.40354935|19|2|1|5|1|1|1|1
3446020|1|1|1|120.26307439|19|2|1|5|1|1|1|1
3446021|1|1|1|301.95976979|19|2|1|5|1|1|1|1
3446022|1|1|1|156.09758594|19|2|1|5|1|1|1|1
3446023|1|1|1|202.83953556|19|1|1|2|1|1|1|1
3446024|1|1|1|168.46795778|19|1|1|2|2|1|1|1
3446025|1|1|1|211.66388846|19|1|1|2|1|1|1|1
3446026|1|1|1|182.08461256|19|1|1|2|1|1|1|1
3446027|1|1|1|308.85382846|19|1|1|2|1|1|1|1
3446028|1|1|1|307.40729692|19|1|1|2|1|1|1|1
3446029|1|1|1|380.60457314|19|1|1|2|2|1|1|1
3446030|1|1|1|308.85382846|19|1|1|2|1|1|1|1
3446031|1|1|1|285.24309688|19|2|1|4|1|1|1|1
3446032|1|1|1|434.32569628|19|2|1|4|1|1|1|1
3446033|1|1|1|297.65234314|19|2|1|4|1|1|1|1
3446034|1|1|1|434.32569628|19|2|1|4|1|1|1|1
3446035|1|1|1|542.94211074|19|2|1|4|1|1|1|1
3446036|1|1|1|515.27274953|19|2|1|4|1|1|1|1
3446037|1|1|1|218.25997419|19|1|1|2|1|1|1|1
3446038|1|1|1|252.57460353|19|1|1|2|1|1|1|1
3446039|1|1|1|231.17108919|19|1|1|2|1|1|1|1
3446040|1|1|1|311.9541867|19|1|1|1|1|1|1|1
3446041|1|1|1|152.32906712|19|1|1|1|1|1|1|1
3446042|1|1|1|318.5055106|19|1|1|2|2|1|1|1
3446043|1|1|1|153.46012736|19|1|1|2|1|1|1|1
3446044|1|1|1|209.26381003|19|1|1|3|1|1|1|1
3446045|1|1|1|345.93716316|19|1|1|2|1|1|1|1
3446046|1|1|1|303.2387506|19|1|1|2|1|1|1|1
3446047|1|1|1|196.85456377|19|1|1|2|1|1|1|1
3446048|1|1|1|256.05648641|19|1|1|2|1|1|1|1
3446049|1|1|1|373.11469427|19|2|1|2|1|1|1|1
3446050|1|1|1|172.98113439|19|1|1|2|1|1|1|1
3446051|1|1|1|454.57868325|19|1|1|2|1|1|1|1
3446052|1|1|1|453.03632837|19|1|1|2|1|1|1|1
3446053|1|1|1|331.68014178|19|1|1|3|1|1|1|1
3446054|1|1|1|103.78868063|19|1|1|1|2|1|1|1
3446055|1|1|1|178.96259051|19|2|1|1|1|1|1|1
3446056|1|1|1|287.33168701|19|2|1|2|2|1|1|1
3446057|1|1|1|309.17871309|19|1|1|1|1|1|1|1
3446058|1|1|1|231.59439901|19|1|1|2|1|1|1|1
3446059|1|1|1|219.71409008|19|2|1|2|1|1|1|1
3446060|1|1|1|205.68379639|19|1|1|2|1|1|1|1
3446061|1|1|1|243.06838811|19|1|1|2|1|1|1|1
3446062|1|1|1|149.19004001|20|1|1|3|1|1|1|1
3446063|1|1|1|307.76418114|20|1|1|3|1|1|1|1
3446064|1|1|1|251.78263938|20|1|1|3|1|1|1|1
3446065|1|1|1|377.0256285|20|2|1|3|1|1|1|1
3446066|1|1|1|287.08157451|20|2|1|3|1|1|1|1
3446067|1|1|1|379.27561916|20|2|1|3|1|1|1|1
3446068|1|1|1|251.78263938|20|2|1|3|1|1|1|1
3446069|1|1|1|482.36517397|20|2|1|3|1|1|1|1
3446070|1|1|1|231.10003276|20|2|1|3|1|1|1|1
3446071|1|1|1|195.80109763|20|2|1|3|1|1|1|1
3446072|1|1|1|402.82962569|20|1|1|3|1|1|1|1
3446073|1|1|1|297.37709892|20|1|1|1|1|1|1|1
3446074|1|1|1|470.88701928|20|1|1|1|1|1|1|1
3446075|1|1|1|408.70218118|20|2|1|1|1|1|1|1
3446076|1|1|1|165.25665971|20|2|1|1|1|1|1|1
3446077|1|1|1|258.01052742|20|2|1|1|1|1|1|1
3446078|1|1|1|160.25468769|20|1|1|1|1|1|1|1
3446079|1|1|1|317.99805176|20|2|1|1|1|1|1|1
3446080|1|1|1|156.31020529|20|2|1|1|1|1|1|1
3446081|1|1|1|274.77973379|20|1|1|1|1|1|1|1
3446082|1|1|1|278.89769286|20|2|1|1|1|1|1|1
3446083|1|1|1|323.00002378|20|1|1|1|1|1|1|1
3446084|1|1|1|156.31020529|20|1|1|1|1|1|1|1
3446085|1|1|1|206.27396154|20|1|1|2|1|1|1|1
3446087|1|1|1|633.17910165|20|2|1|2|1|1|1|1
3446088|1|1|1|515.3961431|20|2|1|2|1|1|1|1
3446089|1|1|1|207.66150687|20|2|1|2|1|1|1|1
3446090|1|1|1|225.92434342|20|2|1|2|1|1|1|1
3446091|1|1|1|208.02476697|20|1|1|2|1|1|1|1
3446092|1|1|1|271.86427147|20|2|1|2|1|1|1|1
3446093|1|1|1|225.92434342|20|2|1|2|1|1|1|1
3446094|1|1|1|209.34402495|20|1|1|2|1|1|1|1
3446095|1|1|1|209.34402495|20|1|1|2|1|1|1|1
3446096|1|1|1|484.20289281|20|2|1|2|1|1|1|1
3446097|1|1|1|262.50027355|20|2|1|2|1|1|1|1
3446098|1|1|1|421.39715547|20|1|1|2|1|1|1|1
3446099|1|1|1|356.74197561|20|1|1|2|1|1|1|1
3446100|1|1|1|273.69243564|20|1|1|2|1|1|1|1
3446101|1|1|1|627.70942704|20|1|1|2|1|1|1|1
3446102|1|1|1|221.32588353|20|1|1|2|1|1|1|1
3446103|1|1|1|448.23407651|20|2|1|2|1|1|1|1
3446104|1|1|1|160.25468769|20|2|1|2|1|1|1|1
3446105|1|1|1|216.88736968|20|2|1|2|1|1|1|1
3446106|1|1|1|317.99805176|20|2|1|2|1|1|1|1
3446108|1|1|1|260.98970061|20|2|1|2|1|1|1|1
3446109|1|1|1|260.98970061|20|2|1|2|1|1|1|1
3446110|1|1|1|307.04904563|20|1|1|2|1|1|1|1
3446111|1|1|1|309.07184446|20|2|1|2|1|1|1|1
3446112|1|1|1|388.94077818|20|2|1|3|1|1|1|1
3446113|1|1|1|272.41663903|20|1|1|3|1|1|1|1
3446114|1|1|1|246.96112318|20|1|1|3|1|1|1|1
3446115|1|1|1|289.98855623|20|2|1|2|1|1|1|1
3446116|1|1|1|183.61851078|20|1|1|3|1|1|1|1
3446117|1|1|1|464.03154276|20|1|1|3|1|1|1|1
3446118|1|1|1|395.13118368|20|2|1|3|1|1|1|1
3446119|1|1|1|464.03154276|20|1|1|3|1|1|1|1
3446120|1|1|1|220.02555897|20|2|1|3|1|1|1|1
3446121|1|1|1|317.99805176|20|1|1|4|1|1|1|1
3446122|1|1|1|165.25665971|20|1|1|4|1|1|1|1
3446123|1|1|1|156.31020529|20|1|1|4|1|1|1|1
3446124|1|1|1|251.39035353|20|1|1|4|1|1|1|1
3446125|1|1|1|255.98772859|20|1|1|4|1|1|1|1
3446126|1|1|1|363.68172763|20|2|1|4|1|1|1|1
3446127|1|1|1|165.25665971|20|1|1|4|1|1|1|1
3446128|1|1|1|255.55458832|20|1|1|4|1|1|1|1
3446129|1|1|1|216.88736968|20|1|1|4|1|1|1|1
3446130|1|1|1|221.69561792|20|1|1|4|1|1|1|1
3446131|1|1|1|212.16750329|20|1|1|4|1|1|1|1
3446132|1|1|1|365.2585886|20|1|1|4|1|1|1|1
3446134|1|1|1|275.82978694|20|1|1|4|1|1|1|1
3446135|1|1|1|191.26928207|20|1|1|4|1|1|1|1
3446136|1|1|1|368.05330065|20|1|1|4|1|1|1|1
3446137|1|1|1|620.75809205|20|1|1|4|1|1|1|1
3446138|1|1|1|187.82116495|20|1|1|4|1|1|1|1
3446139|1|1|1|180.91458946|20|1|1|4|1|1|1|1
3446140|1|1|1|367.39428105|20|1|1|4|1|1|1|1
3446142|1|1|1|308.29553448|20|1|1|4|1|1|1|1
3446143|1|1|1|251.02704824|20|1|1|4|1|1|1|1
3446144|1|1|1|296.28209328|20|1|1|3|1|1|1|1
3446145|1|1|1|189.3891524|20|1|1|1|1|1|1|1
3446146|1|1|1|489.11486056|20|2|1|1|1|1|1|1
3446147|1|1|1|163.33350354|20|2|1|1|1|1|1|1
3446148|1|1|1|232.41474405|20|1|1|1|1|1|1|1
3446149|1|1|1|521.03401765|20|2|1|1|1|1|1|1
3446150|1|1|1|232.41474405|20|2|1|1|1|1|1|1
3446151|1|1|1|298.03405345|20|2|1|1|1|1|1|1
3446152|1|1|1|328.18159761|20|2|1|1|1|1|1|1
3446153|1|1|1|359.62444564|20|2|1|2|1|1|1|1
3446155|1|1|1|180.60484593|20|1|1|2|1|1|1|1
3446156|1|1|1|327.22943397|20|1|1|2|1|1|1|1
3446157|1|1|1|134.60045456|20|1|1|2|1|1|1|1
3446158|1|1|1|240.16190218|20|1|1|2|1|1|1|1
3446159|1|1|1|222.17573194|20|2|1|2|1|1|1|1
3446160|1|1|1|224.74113108|20|2|1|2|1|1|1|1
3446161|1|1|1|264.40334485|20|1|1|2|1|1|1|1
3446162|1|1|1|264.14500591|20|1|1|2|1|1|1|1
3446163|1|1|1|468.2884172|20|2|1|2|1|1|1|1
3446164|1|1|1|206.57082463|20|1|1|2|1|1|1|1
3446165|1|1|1|245.00025531|20|1|1|2|1|1|1|1
3446166|1|1|1|436.84663428|20|1|1|2|1|1|1|1
3446167|1|1|1|206.57082463|20|1|1|2|1|1|1|1
3446168|1|1|1|319.98466074|20|1|1|2|1|1|1|1
3446169|1|1|1|311.35540014|20|1|1|2|1|1|1|1
3446170|1|1|1|585.86213191|20|2|1|2|1|1|1|1
3446171|1|1|1|745.40314485|20|2|1|2|1|1|1|1
3446172|1|1|1|250.58466438|20|1|1|3|1|1|1|1
3446173|1|1|1|471.95133486|20|1|1|3|1|1|1|1
3446174|1|1|1|274.45623941|20|1|1|3|1|1|1|1
3446175|1|1|1|474.06975568|20|1|1|3|1|1|1|1
3446176|1|1|1|410.92712497|20|2|1|1|1|1|1|1
3446177|1|1|1|191.64469615|20|2|1|1|1|1|1|1
3446178|1|1|1|515.09049605|20|2|1|1|1|1|1|1
3446179|1|1|1|240.30676383|20|2|1|1|1|1|1|1
3446180|1|1|1|201.82446975|20|1|1|1|1|1|1|1
3446181|1|1|1|197.55873169|20|1|1|1|1|1|1|1
3446182|1|1|1|582.72555204|20|2|1|1|1|1|1|1
3446183|1|1|1|197.55873169|20|2|1|1|1|1|1|1
3446184|1|1|1|559.721328|20|2|1|1|1|1|1|1
3446185|1|1|1|566.51806893|20|1|1|1|1|1|1|1
3446186|1|1|1|378.56990483|20|1|1|1|1|1|1|1
3446187|1|1|1|323.50599736|20|1|1|1|1|1|1|1
3446188|1|1|1|729.65550162|20|2|1|1|1|1|1|1
3446189|1|1|1|246.03892536|20|2|1|1|1|1|1|1
3446190|1|1|1|312.25831163|20|1|1|1|1|1|1|1
3446191|1|1|1|563.06031812|23|2|1|1|1|1|1|1
3446192|1|1|1|353.67130017|23|1|1|1|1|1|1|1
3446193|1|1|1|232.82074017|23|2|1|1|1|1|1|1
3446195|1|1|1|394.37614481|23|1|1|1|1|1|1|1
3446196|1|1|1|376.70459869|23|2|1|1|1|1|1|1
3446197|1|1|1|250.30723963|23|2|1|1|1|1|1|1
3446198|1|1|1|185.24838404|23|2|1|2|1|1|1|1
3446201|1|1|1|280.56364441|23|1|1|1|1|1|1|1
3446202|1|1|1|298.18046099|23|2|1|2|1|1|1|1
3446203|1|1|1|132.91381816|23|2|1|1|1|1|1|1
3446204|1|1|1|294.30046773|23|1|1|3|1|1|1|1
3446205|1|1|1|223.79707715|23|2|1|3|1|1|1|1
3446206|1|1|1|126.13654163|23|2|1|3|1|1|1|1
3446207|1|1|1|148.67240593|23|2|1|3|1|1|1|1
3446208|1|1|1|232.95348515|23|2|1|3|1|1|1|1
3446209|1|1|1|248.33392953|23|2|1|3|1|1|1|1
3446210|1|1|1|248.33392953|23|2|1|3|1|1|1|1
3446211|1|1|1|152.87361576|23|1|1|3|1|1|1|1
3446212|1|1|1|105.6914339|23|1|1|1|1|1|1|1
3446213|1|1|1|139.01110878|23|1|1|1|1|1|1|1
3446214|1|1|1|124.18503008|23|2|1|1|1|1|1|1
3446215|1|1|1|267.0539822|23|2|1|1|1|1|1|1
3446216|1|1|1|225.09917051|23|1|1|1|1|1|1|1
3446217|1|1|1|174.60929712|23|1|1|2|1|1|1|1
3446218|1|1|1|225.09917051|23|1|1|1|1|1|1|1
3446219|1|1|1|239.86439711|23|1|1|2|1|1|1|1
3446220|1|1|1|245.7577355|23|1|1|1|1|1|1|1
3446221|1|1|1|168.02281969|23|1|1|1|1|1|1|1
3446222|1|1|1|223.57415414|23|2|1|1|1|1|1|1
3446223|1|1|1|223.47981539|23|1|1|1|1|1|1|1
3446224|1|1|1|300.10698003|23|2|1|1|1|1|1|1
3446225|1|1|1|251.27444197|23|2|1|1|1|1|1|1
3446226|1|1|1|220.22217679|23|1|1|1|1|1|1|1
3446227|1|1|1|271.00338495|23|1|1|1|1|1|1|1
3446228|1|1|1|247.11420792|23|2|1|1|1|1|1|1
3446229|1|1|1|322.72612849|23|2|1|1|1|1|1|1
3446230|1|1|1|349.43022773|23|1|1|1|1|1|1|1
3446231|1|1|1|182.15598407|23|1|1|1|1|1|1|1
3446232|1|1|1|604.97644948|23|1|1|1|1|1|1|1
3446233|1|1|1|217.08795005|23|1|1|1|1|1|1|1
3446235|1|1|1|294.8429909|23|1|1|1|1|1|1|1
3446236|1|1|1|223.14734234|23|2|1|1|1|1|1|1
3446237|1|1|1|263.27477956|23|1|1|1|1|1|1|1
3446239|1|1|1|161.35501229|23|2|1|1|1|1|1|1
3446240|1|1|1|210.85216588|23|2|1|1|1|1|1|1
3446241|1|1|1|230.96672981|23|2|1|1|1|1|1|1
3446242|1|1|1|186.11290152|23|2|1|1|1|1|1|1
3446243|1|1|1|372.43550382|23|2|1|1|1|1|1|1
3446245|1|1|1|215.05856882|23|2|1|1|1|1|1|1
3446246|1|1|1|280.48250828|23|2|1|1|1|1|1|1
3446247|1|1|1|225.77108451|23|2|1|1|1|1|1|1
3446248|1|1|1|374.62947084|23|2|1|2|1|1|1|1
3446249|1|1|1|166.08653899|23|1|1|2|1|1|1|1
3446250|1|1|1|322.26998175|23|1|1|2|1|1|1|1
3446251|1|1|1|165.96896353|23|2|1|2|1|1|1|1
3446252|1|1|1|353.74921868|23|2|1|2|1|1|1|1
3446255|1|1|1|195.14790441|23|2|1|2|1|1|1|1
3446256|1|1|1|219.34734822|23|2|1|2|1|1|1|1
3446257|1|1|1|162.97451812|23|2|1|1|1|1|1|1
3446258|1|1|1|296.37353906|23|1|1|1|1|1|1|1
3446259|1|1|1|324.80539579|23|2|1|1|1|1|1|1
3446260|1|1|1|370.7203871|23|1|1|1|1|1|1|1
3446261|1|1|1|225.11389295|23|1|1|1|1|1|1|1
3446262|1|1|1|251.72892187|23|1|1|1|1|1|1|1
3446263|1|1|1|227.35787466|23|2|1|1|1|1|1|1
3446264|1|1|1|269.16867794|23|2|1|1|1|1|1|1
3446265|1|1|1|162.97451812|23|2|1|1|1|1|1|1
3446266|1|1|1|286.04512672|23|2|1|1|1|1|1|1
3446267|1|1|1|384.52668277|23|2|1|1|1|1|1|1
3446268|1|1|1|257.90115754|23|2|1|1|1|1|1|1
3446269|1|1|1|324.7969638|23|2|1|1|1|1|1|1
3446270|1|1|1|261.69507654|23|1|1|1|1|1|1|1
3446271|1|1|1|402.97502777|23|1|1|1|1|1|1|1
3446272|1|1|1|374.1006914|23|1|1|1|1|1|1|1
3446273|1|1|1|481.79066367|23|1|1|1|1|1|1|1
3446274|1|1|1|359.72684321|23|1|1|1|1|1|1|1
3446275|1|1|1|443.42548583|23|2|1|1|1|1|1|1
3446277|1|1|1|246.37391223|23|2|1|6|1|1|1|1
3446278|1|1|1|288.242035|23|2|1|6|1|1|1|1
3446279|1|1|1|176.32523796|23|2|1|6|1|1|1|1
3446280|1|1|1|352.73524388|23|2|1|6|1|1|1|1
3446281|1|1|1|246.37391223|23|2|1|6|1|1|1|1
3446282|1|1|1|236.92133823|23|2|1|6|1|1|1|1
3446283|1|1|1|255.02792648|23|2|1|6|1|1|1|1
3446284|1|1|1|255.14348041|23|2|1|6|1|1|1|1
3446285|1|1|1|443.3992946|23|1|1|1|1|1|1|1
3446286|1|1|1|402.69444996|23|1|1|1|1|1|1|1
3446287|1|1|1|529.46026409|23|1|1|1|1|1|1|1
3446289|1|1|1|419.3424645|23|1|1|1|1|1|1|1
3446290|1|1|1|320.23525903|23|1|1|1|1|1|1|1
3446291|1|1|1|359.5865543|23|1|1|1|1|1|1|1
3446292|1|1|1|368.51918703|23|1|1|1|1|1|1|1
3446293|1|1|1|239.4264931|23|1|1|1|1|1|1|1
3446294|1|1|1|586.34440011|23|1|1|1|1|1|1|1
3446295|1|1|1|239.40253298|23|1|1|1|1|1|1|1
3446296|1|1|1|354.28157217|23|2|1|1|1|1|1|1
3446297|1|1|1|297.25741266|23|1|1|1|1|1|1|1
3446298|1|1|1|244.86181535|23|1|1|1|1|1|1|1
3446299|1|1|1|489.79341569|23|2|1|1|1|1|1|1
3446300|1|1|1|408.92320397|23|2|1|1|1|1|1|1
3446301|1|1|1|386.10760496|23|1|1|1|1|1|1|1
3446302|1|1|1|239.40253298|23|2|1|1|1|1|1|1
3446303|1|1|1|409.05154234|23|2|1|1|1|1|1|1
3446306|1|1|1|186.91005679|23|1|1|1|1|1|1|1
3446307|1|1|1|324.19565816|23|2|1|1|1|1|1|1
3446308|1|1|1|289.37987643|23|1|1|1|1|1|1|1
3446309|1|1|1|408.60970409|23|2|1|1|1|1|1|1
3446310|1|1|1|374.1006914|23|2|1|1|1|1|1|1
3446312|1|1|1|58.34141805|27|1|1|1|2|2|1|2
3446313|1|1|1|92.846433012|27|1|1|1|2|2|2|2
3446314|1|1|1|93.423228448|27|1|1|1|2|2|1|1
3446315|1|1|1|149.15505634|27|1|1|1|2|2|1|2
3446316|1|1|1|195.90266327|27|1|1|1|2|2|1|1
3446317|1|1|1|155.00751605|27|1|1|1|2|2|2|2
3446318|1|1|1|88.693950062|27|1|1|1|2|2|2|2
3446319|1|1|1|195.36358176|27|2|1|1|2|2|1|2
3446320|1|1|1|69.757992806|27|1|1|1|2|2|1|2
3446322|1|1|1|108.49751577|27|1|1|1|2|2|1|2
3446323|1|1|1|115.23843221|27|1|1|1|2|2|1|2
3446324|1|1|1|111.95355771|27|1|1|1|2|2|1|2
3446325|1|1|1|108.27854905|27|1|1|2|2|1|1|1
3446326|1|1|1|104.01007215|27|1|1|2|2|1|1|1
3446327|1|1|1|104.01007215|27|1|1|1|2|2|1|2
3446328|1|1|1|70.714941733|27|1|1|2|2|1|1|2
3446329|1|1|1|93.657486051|27|1|1|1|2|2|1|2
3446330|1|1|1|91.997220109|27|1|1|1|2|1|1|1
3446331|1|1|1|84.15645633|27|1|1|1|2|1|1|1
3446332|1|1|1|97.925962953|27|1|1|1|2|2|1|2
3446333|1|1|1|54.623998874|27|2|1|1|2|2|1|2
3446334|1|1|1|64.329510167|27|2|1|1|2|2|1|1
3446335|1|1|1|146.18564034|27|1|1|1|2|2|1|2
3446336|1|1|1|157.24011771|27|1|1|1|2|2|1|2
3446337|1|1|1|87.976321104|27|1|1|1|2|2|1|2
3446338|1|1|1|98.104815717|27|2|1|1|2|2|1|1
3446339|1|1|1|79.564844899|27|1|1|1|2|2|2|2
3446340|1|1|1|78.215878822|27|2|1|1|2|2|1|2
3446341|1|1|1|171.13482628|27|1|1|1|2|2|1|1
3446342|1|1|1|42.185333051|27|1|1|1|2|2|1|1
3446343|1|1|1|52.529927443|27|1|1|1|2|2|1|2
3446345|1|1|1|99.107937336|27|2|1|2|2|2|1|1
3446346|1|1|1|131.82521328|27|1|1|1|2|2|1|1
3446347|1|1|1|42.185333051|27|1|1|1|2|2|1|1
3446348|1|1|1|77.531401976|27|1|1|1|2|2|1|1
3446349|1|1|1|80.951034039|27|2|1|1|2|2|1|1
3446350|1|1|1|80.951034039|27|1|1|2|2|2|1|1
3446351|1|1|1|165.17108778|27|1|1|1|2|2|1|1
3446352|1|1|1|87.512127075|27|1|1|2|2|1|1|1
3446353|1|1|1|137.10595497|27|1|1|1|2|2|1|1
3446354|1|1|1|66.675906343|27|1|1|1|2|2|1|2
3446355|1|1|1|124.13293611|27|1|1|1|2|1|1|1
3446356|1|1|1|108.61688136|27|1|1|1|2|2|1|2
3446357|1|1|1|129.14724309|27|2|1|1|2|2|1|1
3446358|1|1|1|87.230594729|27|1|1|1|2|2|1|1
3446359|1|1|1|100.16414489|27|1|1|1|2|2|1|1
3446360|1|1|1|106.89562322|27|2|1|2|2|2|1|2
3446361|1|1|1|96.879270391|27|1|1|1|2|2|1|1
3446362|1|1|1|91.401057712|27|1|1|1|2|1|1|1
3446363|1|1|1|120.86469545|27|1|1|1|2|2|1|1
3446364|1|1|1|179.42168598|27|1|1|2|2|2|1|1
3446365|1|1|1|100.16414489|27|1|1|1|2|2|1|1
3446366|1|1|1|108.49751577|27|2|1|1|2|2|1|2
3446367|1|1|1|99.76904958|27|2|1|1|2|2|1|2
3446368|1|1|1|78.993686613|27|1|1|1|2|2|1|2
3446369|1|1|1|143.50682493|27|1|1|1|2|1|1|1
3446370|1|1|1|73.897126383|27|1|1|1|2|2|1|2
3446371|1|1|1|47.036273043|27|1|1|1|2|2|1|2
3446372|1|1|1|68.862496152|27|1|1|1|2|2|1|2
3446373|1|1|1|96.24355656|27|1|1|1|2|2|1|2
3446374|1|1|1|155.94061261|27|1|1|1|2|2|1|1
3446375|1|1|1|83.522426839|27|2|1|1|2|2|1|1
3446376|1|1|1|54.172560867|27|1|1|1|2|2|1|2
3446377|1|1|1|112.07236104|27|1|1|1|2|2|1|2
3446378|1|1|1|74.606074514|27|1|1|1|2|2|1|2
3446379|1|1|1|89.561558515|27|1|1|1|2|2|1|2
3446380|1|1|1|101.60854878|27|1|1|1|2|2|1|2
3446381|1|1|1|108.61631909|27|1|1|1|2|2|2|2
3446382|1|1|1|58.34141805|27|1|1|1|2|2|1|2
3446383|1|1|1|214.41834234|27|1|1|1|2|2|2|2
3446384|1|1|1|77.772145689|27|1|1|1|2|2|2|2
3446385|1|1|1|195.36358176|27|1|1|1|2|2|1|2
3446386|1|1|1|131.93979496|27|1|1|1|2|2|2|2
3446387|1|1|1|62.440556727|27|2|1|1|2|1|1|1
3446389|1|1|1|71.105344383|27|2|1|1|2|2|1|1
3446390|1|1|1|49.658180795|27|2|1|1|2|1|1|1
3446391|1|1|1|142.86635934|27|2|1|1|2|1|1|1
3446392|1|1|1|71.348956885|27|1|1|1|2|2|1|1
3446393|1|1|1|31.11542296|27|1|1|1|2|2|1|2
3446394|1|1|1|61.460497179|27|1|1|1|2|2|1|2
3446395|1|1|1|114.29308748|27|1|1|1|2|2|1|2
3446396|1|1|1|97.135356604|27|1|1|1|2|2|1|2
3446397|1|1|1|59.708564114|27|1|1|1|2|2|1|2
3446398|1|1|1|61.460497179|27|1|1|1|2|2|1|2
3446399|1|1|1|57.928703516|27|1|1|1|2|2|1|2
3446400|1|1|1|124.46169184|27|1|1|1|2|2|1|2
3446401|1|1|1|64.054622992|27|1|1|1|2|2|1|2
3446402|1|1|1|91.152518768|27|1|1|1|2|2|1|1
3446403|1|1|1|112.26968216|27|1|1|1|2|2|1|1
3446404|1|1|1|100.67878458|27|1|1|1|2|2|1|2
3446405|1|1|1|185.16904734|27|1|1|1|2|2|1|1
3446406|1|1|1|60.967149832|27|1|1|1|2|2|1|1
3446407|1|1|1|91.052817157|27|1|1|1|2|2|1|2
3446408|1|1|1|39.50839889|27|1|1|1|2|2|1|2
3446409|1|1|1|61.896154871|27|1|1|1|2|2|1|2
3446410|1|1|1|57.528277565|27|1|1|1|2|2|2|2
3446411|1|1|1|62.019858756|27|1|1|1|2|2|1|2
3446412|1|1|1|50.442257333|27|1|1|1|2|2|1|2
3446413|1|1|1|73.473756294|27|1|1|1|2|2|1|2
3446414|1|1|1|122.090645|27|1|1|1|2|2|1|2
3446415|1|1|1|90.594399203|27|1|1|1|2|2|2|2
3446416|1|1|1|133.77929416|27|1|1|1|2|2|1|2
3446418|1|1|1|167.05450631|27|2|1|1|2|2|1|2
3446419|1|1|1|74.487271192|27|1|1|1|2|2|1|2
3446420|1|1|1|91.401057712|27|1|1|1|2|2|1|2
3446421|1|1|1|88.142337503|27|1|1|1|2|2|1|2
3446422|1|1|1|111.95355771|27|1|1|1|2|2|1|2
3446423|1|1|1|71.045879443|27|1|1|1|2|2|1|2
3446424|1|1|1|172.42711441|41|2|1|2|1|1|1|1
3446425|1|1|1|172.68810897|41|1|1|2|1|1|1|1
3446426|1|1|1|447.3627045|41|1|1|2|1|1|1|1
3446427|1|1|1|333.91589064|41|1|1|2|1|1|1|1
3446428|1|1|1|387.87851585|41|1|1|2|1|1|1|1
3446429|1|1|1|240.19391005|41|2|1|2|1|1|1|1
3446430|1|1|1|435.76646374|41|2|1|2|1|1|1|1
3446431|1|1|1|172.42711441|41|2|1|2|1|1|1|1
3446432|1|1|1|134.10997787|41|1|1|2|1|1|1|1
3446433|1|1|1|185.28713121|41|1|1|2|1|1|1|1
3446434|1|1|1|152.25376064|41|2|1|2|1|1|1|1
3446435|1|1|1|221.56159045|41|1|1|2|1|1|1|1
3446436|1|1|1|305.48220896|41|2|1|2|1|1|1|1
3446437|1|1|1|395.18330741|41|1|1|2|1|1|1|1
3446438|1|1|1|172.42711441|41|1|1|1|2|1|1|1
3446439|1|1|1|392.76284009|41|1|1|1|2|1|1|1
3446440|1|1|1|491.69668745|41|1|1|1|2|1|1|1
3446441|1|1|1|357.6153984|41|1|1|1|2|1|1|1
3446442|1|1|1|288.10252132|41|1|1|1|2|1|1|1
3446443|1|1|1|404.25398884|41|1|1|1|2|1|1|1
3446444|1|1|1|459.33832805|41|2|1|1|2|1|1|1
3446445|1|1|1|238.20564818|41|1|1|1|2|1|1|1
3446446|1|1|1|357.59473503|41|2|1|1|2|1|1|1
3446447|1|1|1|298.21563838|41|2|1|1|2|1|1|1
3446448|1|1|1|308.86463996|41|2|1|1|2|1|1|1
3446449|1|1|1|237.90741901|41|1|1|2|1|1|1|1
3446450|1|1|1|195.22712779|41|1|1|2|1|1|1|1
3446451|1|1|1|181.69464845|41|1|1|2|1|1|1|1
3446452|1|1|1|101.15724045|41|1|1|2|1|1|1|1
3446453|1|1|1|309.15677325|41|1|1|2|1|1|1|1
3446454|1|1|1|139.7473136|41|1|1|2|1|1|1|1
3446455|1|1|1|133.01796218|41|1|1|2|1|1|1|1
3446456|1|1|1|167.12074251|41|1|1|2|1|1|1|1
3446457|1|1|1|206.47119142|41|1|1|2|1|1|1|1
3446458|1|1|1|313.9563792|41|2|1|2|1|1|1|1
3446459|1|1|1|282.08862508|41|1|1|2|1|1|1|1
3446460|1|1|1|230.74949977|41|2|1|2|1|1|1|1
3446461|1|1|1|237.56358505|41|1|1|2|1|1|1|1
3446462|1|1|1|214.18824301|41|2|1|2|1|1|1|1
3446463|1|1|1|261.84189339|41|2|1|2|1|1|1|1
3446464|1|1|1|202.43518213|41|1|1|2|1|1|1|1
3446465|1|1|1|172.42711441|41|1|1|2|1|1|1|1
3446466|1|1|1|172.42711441|41|2|1|2|1|1|1|1
3446467|1|1|1|309.70678713|41|1|1|2|1|1|1|1
3446468|1|1|1|404.25398884|41|1|1|2|1|1|1|1
3446469|1|1|1|238.22631156|41|1|1|2|1|1|1|1
3446470|1|1|1|298.21563838|41|1|1|2|1|1|1|1
3446471|1|1|1|286.00727937|41|2|1|2|1|1|1|1
3446472|1|1|1|288.10252132|41|2|1|2|1|1|1|1
3446473|1|1|1|524.98351072|41|2|1|2|1|1|1|1
3446474|1|1|1|471.04154889|41|2|1|2|1|1|1|1
3446475|1|1|1|91.961127685|41|2|1|2|1|1|1|1
3446476|1|1|1|159.04834047|41|1|1|2|1|1|1|1
3446477|1|1|1|174.25394575|41|1|1|2|1|1|1|1
3446478|1|1|1|190.05086804|41|1|1|2|1|1|1|1
3446479|1|1|1|171.35059441|41|2|1|2|1|1|1|1
3446480|1|1|1|98.273966053|41|2|1|2|1|1|1|1
3446481|1|1|1|190.05086804|41|2|1|2|1|1|1|1
3446482|1|1|1|245.04851814|41|1|1|2|1|1|1|1
3446483|1|1|1|178.08847501|41|2|1|2|1|1|1|1
3446484|1|1|1|308.83266057|41|2|1|2|1|1|1|1
3446485|1|1|1|366.7152126|41|1|1|2|1|1|1|1
3446486|1|1|1|325.19441617|41|2|1|2|1|1|1|1
3446487|1|1|1|319.96551235|41|1|1|2|1|1|1|1
3446488|1|1|1|486.38162259|41|2|1|2|1|1|1|1
3446489|1|1|1|278.44471591|41|1|1|2|1|1|1|1
3446490|1|1|1|278.44471591|41|2|1|2|1|1|1|1
3446491|1|1|1|278.44471591|41|2|1|2|1|1|1|1
3446492|1|1|1|180.1241439|41|2|1|2|1|1|1|1
3446493|1|1|1|268.39464059|41|2|1|2|1|1|1|1
3446494|1|1|1|408.14329297|41|1|1|2|1|1|1|1
3446495|1|1|1|126.44655057|41|1|1|3|1|1|1|1
3446496|1|1|1|126.44655057|41|1|1|3|1|1|1|1
3446497|1|1|1|296.45292515|41|1|1|3|1|1|1|1
3446498|1|1|1|261.31994356|41|1|1|3|1|1|1|1
3446499|1|1|1|227.11831056|41|1|1|3|1|1|1|1
3446500|1|1|1|345.35340172|41|1|1|3|1|1|1|1
3446501|1|1|1|384.98790786|41|1|1|3|1|1|1|1
3446502|1|1|1|170.10416539|41|1|1|3|1|1|1|1
3446503|1|1|1|126.44655057|41|1|1|3|1|1|1|1
3446504|1|1|1|285.07630206|41|1|1|1|1|1|1|1
3446505|1|1|1|384.84113855|41|2|1|1|1|1|1|1
3446506|1|1|1|218.6990026|41|2|1|1|1|1|1|1
3446507|1|1|1|137.94169153|41|1|1|1|1|1|1|1
3446508|1|1|1|520.7654965|41|1|1|1|1|1|1|1
3446509|1|1|1|285.07630206|41|1|1|1|1|1|1|1
3446510|1|1|1|286.09231872|41|1|1|1|1|1|1|1
3446511|1|1|1|147.41094908|41|1|1|1|1|1|1|1
3446512|1|1|1|404.88364956|41|1|1|1|1|1|1|1
3446513|1|1|1|348.613171|41|1|1|1|1|1|1|1
3446514|1|1|1|181.38813024|41|1|1|1|1|1|1|1
3446515|1|1|1|298.21563838|41|1|1|2|1|1|1|1
3446516|1|1|1|298.21563838|41|1|1|2|1|1|1|1
3446517|1|1|1|369.10654716|41|1|1|2|1|1|1|1
3446518|1|1|1|309.70678713|41|1|1|2|1|1|1|1
3446519|1|1|1|172.42711441|41|1|1|2|1|1|1|1
3446520|1|1|1|273.37375325|41|1|1|2|1|1|1|1
3446521|1|1|1|226.7351628|41|1|1|2|1|1|1|1
3446522|1|1|1|309.70678713|41|1|1|2|1|1|1|1
3446523|1|1|1|321.28236452|41|2|1|2|1|1|1|1
3446524|1|1|1|631.8685563|41|2|1|2|1|1|1|1
3446525|1|1|1|282.5747061|41|2|1|1|1|1|1|1
3446526|1|1|1|308.05884021|41|2|1|1|1|1|1|1
3446527|1|1|1|284.61075369|41|2|1|1|1|1|1|1
3446528|1|1|1|306.54054894|41|2|1|1|1|1|1|1
3446529|1|1|1|259.14159305|41|2|1|1|1|1|1|1
3446530|1|1|1|198.09692264|41|2|1|1|1|1|1|1
3446531|1|1|1|232.81330762|41|2|1|1|1|1|1|1
3446532|1|1|1|152.53721566|41|1|1|1|1|1|1|1
3446533|1|1|1|322.7432007|41|1|1|1|1|1|1|1
3446534|1|1|1|165.17695314|41|1|1|1|1|1|1|1
3446535|1|1|1|159.04834047|41|1|1|2|1|1|1|1
3446536|1|1|1|209.03539002|41|1|1|1|1|1|1|1
3446537|1|1|1|171.35059441|41|2|1|1|1|1|1|1
3446538|1|1|1|91.961127685|41|1|1|1|1|1|1|1
3446539|1|1|1|209.47351471|41|2|1|2|1|1|1|1
3446540|1|1|1|286.11425945|41|2|1|2|1|1|1|1
3446541|1|1|1|238.22631156|41|1|1|2|1|1|1|1
3446542|1|1|1|389.95309442|41|1|1|2|1|1|1|1
3446543|1|1|1|172.42711441|41|2|1|2|1|1|1|1
3446544|1|1|1|172.42711441|41|1|1|2|1|1|1|1
3446546|1|1|1|330.57399777|41|1|1|2|1|1|1|1
3446547|1|1|1|364.17900809|41|2|1|2|1|1|1|1
3446548|1|1|1|172.42711441|41|2|1|2|1|1|1|1
3446549|1|1|1|329.74227546|41|1|1|3|1|1|1|1
3446550|1|1|1|244.18283336|41|1|1|3|1|1|1|1
3446551|1|1|1|192.06834755|41|1|1|3|1|1|1|1
3446552|1|1|1|251.47505881|41|1|1|3|1|1|1|1
3446553|1|1|1|214.18824301|41|1|1|3|1|1|1|1
3446554|1|1|1|459.80563843|41|1|1|2|1|1|1|1
3446555|1|1|1|182.24916883|41|1|1|3|1|1|1|1
3446556|1|1|1|214.18824301|41|1|1|3|1|1|1|1
3446557|1|1|1|283.41413299|41|1|1|3|1|1|1|1
3446558|1|1|1|94.994968999|44|2|1|3|1|1|1|1
3446559|1|1|1|110.43629084|44|2|2||2|2|1|2
3446560|1|1|1|94.308380164|44|2|2||2|2|1|2
3446561|1|1|1|154.64396145|44|2|1|1|2|2|1|1
3446562|1|1|1|63.845347639|44|2|1|1|2|2|1|1
3446563|1|1|1|103.58039452|44|2|1|1|2|2|2|1
3446564|1|1|1|176.40655809|44|1|1|1|1|1|1|1
3446565|1|1|1|84.072355805|44|1|1|1|2|1|1|1
3446566|1|1|1|264.19164121|44|2|1|2|1|1|1|1
3446567|1|1|1|66.047910301|44|2|1|2|1|1|1|1
3446568|1|1|1|83.035938397|44|2|1|2|1|1|1|1
3446569|1|1|1|91.069557057|44|2|1|2|1|1|1|1
3446570|1|1|1|67.327821147|44|3|1|2|1|1|1|1
3446571|1|1|1|66.047910301|44|2|1|2|1|1|1|1
3446572|1|1|1|81.026559531|44|3|1|2|1|1|1|1
3446573|1|1|1|176.45943805|44|2|1|2|1|1|1|2
3446574|1|1|1|137.76094033|44|3|1|2|1|1|1|2
3446575|1|1|1|137.54096889|44|2|1|1|1|1|1|1
3446576|1|1|1|154.71260257|44|2|1|1|1|1|1|1
3446577|1|1|1|79.481392851|44|1|1|1|1|1|1|2
3446578|1|1|1|93.226030934|44|2|1|1|1|1|1|1
3446579|1|1|1|62.631639079|44|2|1|1|1|1|1|1
3446580|1|1|1|62.631639079|44|1|1|1|1|1|1|1
3446581|1|1|1|79.481392851|44|1|1|2|1|1|1|1
3446582|1|1|1|171.12153979|44|2|1|1|1|1|1|1
3446583|1|1|1|63.913988753|44|2|1|1|1|1|1|1
3446584|1|1|1|108.12165936|44|2|1|1|1|1|1|1
3446585|1|1|1|69.25607016|44|2|1|1|1|1|1|1
3446586|1|1|1|115.73974602|44|2|1|1|1|1|1|1
3446587|1|1|1|62.631639079|44|2|1|1|1|1|1|1
3446588|1|1|1|169.60823099|44|1|1|1|1|1|1|1
3446589|1|1|1|159.34219175|44|2|1|1|1|1|1|1
3446590|1|1|1|130.63537445|44|1|1|1|2|1|1|1
3446591|1|1|1|79.481392851|44|1|1|1|1|1|1|1
3446592|1|1|1|154.64396145|44|1|1|1|2|1|1|1
3446593|1|1|1|131.04594801|44|1|1|1|1|1|1|1
3446594|1|1|1|129.92288223|44|1|1|1|1|1|1|2
3446595|1|1|1|129.98705283|44|1|1|2|2|1|1|1
3446596|1|1|1|59.500057125|44|1|1|2|1|1|1|1
3446597|1|1|1|149.50805662|44|1|1|2|1|1|1|1
3446598|1|1|1|129.98705283|44|1|1|2|2|1|1|1
3446599|1|1|1|148.80466067|44|2|1|2|2|1|1|1
3446600|1|1|1|132.82612543|44|1|1|2|2|1|1|1
3446601|1|1|1|89.592961156|44|1|1|2|1|1|1|1
3446602|1|1|1|102.71557639|44|1|1|2|1|1|1|1
3446603|1|1|1|89.592961156|44|2|2||2|1|1|2
3446604|1|1|1|98.744055647|44|1|1|1|1|1|1|1
3446605|1|1|1|204.19717787|44|1|1|1|1|1|1|1
3446606|1|1|1|74.569351256|44|1|1|1|1|1|1|1
3446607|1|1|1|155.04546796|44|1|1|1|1|1|1|1
3446608|1|1|1|122.05282308|44|2|1|1|1|1|1|1
3446609|1|1|1|114.13232271|44|1|1|1|1|1|1|1
3446610|1|1|1|157.57817977|44|1|1|1|1|1|1|1
3446611|1|1|1|99.524858802|44|2|1|1|1|1|1|1
3446612|1|1|1|114.80000757|44|1|1|1|1|1|1|1
3446613|1|1|1|72.987948853|44|1|1|2|1|1|1|1
3446614|1|1|1|109.1404595|44|1|1|2|1|1|1|1
3446615|1|1|1|71.784043819|44|1|1|2|1|1|1|1
3446616|1|1|1|48.226362091|44|1|1|2|1|1|1|1
3446617|1|1|1|105.90654604|44|2|1|2|1|1|1|1
3446618|1|1|1|72.617452727|44|1|1|2|1|1|1|1
3446619|1|1|1|154.73259561|44|2|1|2|1|1|1|1
3446620|1|1|1|48.226362091|44|1|1|2|1|1|1|1
3446621|1|1|1|117.37617993|44|2|1|2|1|1|1|1
3446622|1|1|1|113.21732452|44|2|1|1|1|1|1|2
3446623|1|1|1|100.30777988|44|1|1|1|1|1|1|2
3446624|1|1|1|81.151723894|44|1|1|1|1|1|1|2
3446625|1|1|1|167.19972763|44|1|1|1|2|1|2|2
3446626|1|1|1|175.45345548|44|1|1|1|2|2|1|2
3446627|1|1|1|54.280753868|44|1|1|1|1|1|2|2
3446628|1|1|1|81.151723894|44|1|1|1|2|1|1|2
3446629|1|1|1|93.738914179|44|2|1|0|2|1|2|2
3446630|1|1|1|95.711452065|44|1|1|1|1|1|1|2
3446631|1|1|1|54.280753868|44|1|1|1|1|1|2|2
3446632|1|1|1|92.101016025|44|1|1|1|2|2|1|1
3446633|1|1|1|159.34219175|44|1|1|1|2|2|1|1
3446634|1|1|1|93.636604493|44|1|1|1|2|2|1|1
3446635|1|1|1|108.12165936|44|1|1|1|1|2|1|1
3446636|1|1|1|241.43758821|44|1|1|1|2|2|1|1
3446637|1|1|1|137.54096889|44|1|1|1|2|2|1|1
3446638|1|1|1|108.12165936|44|1|1|1|1|2|1|1
3446639|1|1|1|100.5035727|44|1|1|1|2|2|1|1
3446640|1|1|1|108.12165936|44|1|1|1|1|2|1|1
3446641|1|1|1|108.12165936|44|1|1|0|2|2|1|1
3446642|1|1|1|232.53947031|44|1|1|0|2|2|1|1
3446643|1|1|1|84.784848027|44|1|1|0|1|2|1|1
3446644|1|1|1|250.52655632|44|1|1|0|1|2|1|1
3446645|1|1|1|107.44779337|44|1|1|0|1|2|1|2
3446646|1|1|1|122.60671423|44|1|1|0|2|2|1|2
3446647|1|1|1|130.63537445|44|1|1|0|2|2|1|2
3446648|1|1|1|108.12165936|44|1|1|1|2|2|2|2
3446649|1|1|1|154.64396145|44|1|1|0|2|2|1|2
3446650|1|1|1|79.481392851|44|1|1|1|1|2|1|1
3446651|1|1|1|134.86318662|44|1|1|1|1|2|1|1
3446652|1|1|1|78.740976066|44|1|1|1|1|2|1|1
3446653|1|1|1|151.72410509|44|1|1|1|1|2|1|1
3446654|1|1|1|156.63648492|44|1|1|1|1|2|1|1
3446655|1|1|1|224.29596941|44|1|1|1|1|2|1|1
3446656|1|1|1|193.63525487|44|1|1|0|1|2|1|1
3446657|1|1|1|93.226030934|44|1|1|1|1|2|1|1
3446658|1|1|1|108.16028559|44|1|1|1|1|2|1|1
3446659|1|1|1|108.86281204|44|2|1|1|1|2|1|1
3446660|1|1|1|98.037659581|44|2|1|1|1|2|1|1
3446661|1|1|1|66.234494043|44|1|1|1|1|2|1|1
3446662|1|1|1|104.73465577|44|1|1|1|1|2|1|1
3446663|1|1|1|128.92716881|44|1|1|1|1|2|1|1
3446664|1|1|1|98.72723856|44|1|1|1|1|2|1|1
3446665|1|1|1|101.97612197|44|1|1|1|2|2|1|1
3446666|1|1|1|96.449788351|44|1|1|1|1|2|1|1
3446667|1|1|1|185.84661514|44|1|1|1|1|2|1|1
3446668|1|1|1|66.234494043|44|1|1|1|1|2|1|1
3446669|1|1|1|77.688359111|44|1|1|1|1|2|1|1
3446670|1|1|1|84.378909294|44|1|1|1|1|2|1|1
3446671|1|1|1|279.1607342|47|1|1|4|1|1|1|1
3446672|1|1|1|275.09085237|47|1|1|4|1|1|1|1
3446673|1|1|1|318.04675441|47|2|1|4|1|1|1|1
3446674|1|1|1|599.94395797|47|1|1|4|1|1|1|1
3446675|1|1|1|306.7396107|47|1|1|4|1|1|1|1
3446676|1|1|1|322.11663624|47|1|1|4|1|1|1|1
3446677|1|1|1|302.66972887|47|1|1|4|1|1|1|1
3446678|1|1|1|214.73404558|47|2|1|2|1|1|1|1
3446680|1|1|1|611.76467885|47|2|1|2|1|1|1|1
3446681|1|1|1|289.01892013|47|2|1|2|1|1|1|1
3446682|1|1|1|560.86347546|47|2|1|2|1|1|1|1
3446683|1|1|1|405.49852317|47|1|1|2|1|1|1|1
3446684|1|1|1|229.53495248|47|2|1|2|1|1|1|1
3446685|1|1|1|225.46507065|47|2|1|2|1|1|1|1
3446686|1|1|1|251.76054758|47|1|1|4|1|1|1|1
3446687|1|1|1|269.039759|47|2|1|3|1|1|1|1
3446688|1|1|1|220.01064522|47|1|1|3|1|1|1|1
3446689|1|1|1|342.81820953|47|1|1|3|1|1|1|1
3446690|1|1|1|420.2193915|47|1|1|4|1|1|1|1
3446691|1|1|1|503.66615518|47|2|1|2|1|1|1|1
3446692|1|1|1|313.54173004|47|1|1|2|1|1|1|1
3446693|1|1|1|307.88205492|47|1|1|2|2|1|1|1
3446694|1|1|1|499.8768561|47|2|1|2|1|1|1|1
3446695|1|1|1|435.02468153|47|1|1|2|1|1|1|1
3446696|1|1|1|598.1699082|47|1|1|2|1|1|1|1
3446697|1|1|1|413.14184217|47|2|1|2|1|1|1|1
3446698|1|1|1|340.52092851|47|2|1|2|1|1|1|1
3446699|1|1|1|590.59131003|47|1|1|2|1|1|1|1
3446700|1|1|1|403.55963849|47|2|1|2|1|1|1|1
3446701|1|1|1|238.17833212|47|1|1|2|1|1|1|1
3446702|1|1|1|366.78780316|47|1|1|1|1|1|1|1
3446703|1|1|1|230.41708727|47|2|1|2|1|1|1|1
3446704|1|1|1|434.76576828|47|1|1|1|1|1|1|1
3446705|1|1|1|697.67050255|47|2|1|2|1|1|1|1
3446706|1|1|1|275.71832564|47|1|1|1|1|1|1|1
3446707|1|1|1|323.10187687|47|2|1|2|1|1|1|1
3446708|1|1|1|815.68623846|47|2|1|1|1|1|1|1
3446709|1|1|1|429.74813139|47|1|1|1|1|1|1|1
3446710|1|1|1|359.89169296|47|2|1|2|1|1|1|1
3446711|1|1|1|466.26068365|47|2|1|2|1|1|1|1
3446712|1|1|1|230.41708727|47|1|1|1|1|1|1|1
3446713|1|1|1|422.1303955|47|1|1|2|1|1|1|1
3446714|1|1|1|359.89169296|47|2|1|1|1|1|1|1
3446715|1|1|1|366.78780316|47|1|1|1|1|1|1|1
3446716|1|1|1|251.66532613|47|1|1|2|1|1|1|1
3446717|1|1|1|274.20319464|47|1|1|2|1|1|1|1
3446718|1|1|1|279.45737384|47|2|1|2|1|1|1|1
3446719|1|1|1|609.66442695|47|1|1|2|1|1|1|1
3446720|1|1|1|372.05035065|47|2|1|2|1|1|1|1
3446721|1|1|1|218.1425225|47|2|1|2|1|1|1|1
3446722|1|1|1|458.05117828|47|1|1|1|1|1|1|1
3446723|1|1|1|244.52520211|47|1|1|1|1|1|1|1
3446724|1|1|1|501.99012887|47|1|1|1|1|1|1|1
3446725|1|1|1|243.24922681|47|1|1|1|1|1|1|1
3446726|1|1|1|543.79082564|47|1|1|1|1|1|1|1
3446727|1|1|1|543.79082564|47|1|1|1|1|1|1|1
3446728|1|1|1|303.77796568|47|1|1|1|1|1|1|1
3446729|1|1|1|195.6806163|47|1|1|1|1|1|1|1
3446730|1|1|1|515.65859602|47|1|1|1|1|1|1|1
3446731|1|1|1|285.0379364|47|1|1|1|1|1|1|1
3446732|1|1|1|363.71509368|47|1|1|1|1|1|1|1
3446733|1|1|1|153.61139151|47|1|1|1|1|1|1|1
3446734|1|1|1|536.90119093|47|2|1|1|1|1|1|1
3446735|1|1|1|309.56448046|47|2|1|1|1|1|1|1
3446736|1|1|1|248.14287484|47|1|1|1|1|1|1|1
3446737|1|1|1|153.61139151|47|2|1|1|1|1|1|1
3446738|1|1|1|221.48313567|47|3|1|1|1|1|1|1
3446739|1|1|1|310.84045577|47|3|1|1|1|1|1|1
3446740|1|1|1|281.59311905|47|2|1|2|1|1|1|1
3446741|1|1|1|166.71091977|47|2|1|2|1|1|1|1
3446742|1|1|1|395.35359736|47|1|1|2|1|1|1|1
3446743|1|1|1|458.05117828|47|1|1|2|1|1|1|1
3446744|1|1|1|367.33276641|47|2|1|2|1|1|1|1
3446745|1|1|1|458.05117828|47|2|1|2|1|1|1|1
3446746|1|1|1|274.54261614|47|2|1|2|1|1|1|1
3446747|1|1|1|285.0379364|47|2|1|2|1|1|1|1
3446748|1|1|1|228.54562576|47|2|1|2|1|1|1|1
3446749|1|1|1|153.61139151|47|1|1|2|1|1|1|1
3446750|1|1|1|230.41708727|47|1|1|0|2|2|2|2
3446751|1|1|1|323.10187687|47|1|1|0|2|2|2|2
3446752|1|1|1|459.17949467|47|1|1|1|2|2|2|2
3446753|1|1|1|429.48884832|47|1|1|1|2|2|2|2
3446754|1|1|1|260.40083172|47|1|1|1|2|2|2|2
3446755|1|1|1|230.41708727|47|1|1|0|2|2|2|2
3446756|1|1|1|230.41708727|47|1|1|0|2|2|2|2
3446757|1|1|1|366.78780316|47|1|1|0|2|2|2|2
3446758|1|1|1|388.41449312|47|2|1|1|1|2|1|1
3446759|1|1|1|479.81726942|47|1|1|1|1|2|1|1
3446760|1|1|1|265.59494164|47|1|1|1|1|2|1|1
3446761|1|1|1|215.40125125|47|1|1|1|1|2|1|1
3446762|1|1|1|227.26965045|47|1|1|1|1|2|1|1
3446763|1|1|1|310.84045577|47|1|1|1|1|2|1|1
3446764|1|1|1|248.14287484|47|1|1|1|1|2|1|1
3446765|1|1|1|451.16154357|47|2|1|1|1|2|1|1
3446766|1|1|1|190.87470718|47|2|1|1|1|2|2|2
3446767|1|1|1|458.05117828|47|2|1|1|1|2|1|1
3446768|1|1|1|153.61139151|47|1|1|3|1|2|2|2
3446769|1|1|1|215.40125125|47|1|1|1|1|2|2|2
3446770|1|1|1|320.12125744|47|1|1|3|1|2|2|2
3446771|1|1|1|244.52520211|47|1|1|3|1|2|2|2
3446772|1|1|1|269.039759|47|1|1|1|1|2|2|2
3446773|1|1|1|416.25048151|47|1|1|1|2|2|2|2
3446774|1|1|1|309.73733585|47|1|1|1|2|2|2|2
3446775|1|1|1|192.01423939|47|2|1|1|1|1|1|1
3446776|1|1|1|285.68203219|47|2|1|1|1|1|1|1
3446777|1|1|1|285.68203219|47|1|1|1|1|1|1|1
3446778|1|1|1|684.26062297|47|1|1|1|1|1|1|1
3446779|1|1|1|336.29969874|47|1|1|1|1|2|1|1
3446780|1|1|1|459.16595801|47|2|1|1|1|1|1|1
3446781|1|1|1|192.01423939|47|1|1|1|1|1|1|1
3446782|1|1|1|230.30411167|50|1|1|4|1|1|1|1
3446783|1|1|1|380.83066442|50|2|1|3|1|1|1|1
3446784|1|1|1|355.23106309|50|2|1|4|1|1|1|1
3446785|1|1|1|372.06742694|50|2|1|4|1|1|1|1
3446786|1|1|1|336.38513833|50|1|1|2|1|1|1|1
3446787|1|1|1|336.38513833|50|1|1|2|1|1|1|1
3446788|1|1|1|296.6177089|50|1|1|3|1|1|1|1
3446789|1|1|1|338.33357431|50|1|1|3|1|1|1|1
3446790|1|1|1|601.2811185|50|1|1|2|1|1|1|1
3446791|1|1|1|760.32335154|50|1|1|1|1|1|1|1
3446792|1|1|1|575.92257386|50|2|1|1|1|1|1|1
3446793|1|1|1|526.88086822|50|1|1|1|1|1|1|1
3446794|1|1|1|496.15120032|50|2|1|1|1|1|1|1
3446795|1|1|1|409.51234231|50|1|1|1|1|1|1|1
3446796|1|1|1|447.21047794|50|2|1|1|1|1|1|1
3446797|1|1|1|310.85184742|50|1|1|1|1|1|1|1
3446798|1|1|1|347.95881195|50|1|1|1|1|1|1|1
3446799|1|1|1|330.72660172|50|1|1|1|1|1|1|1
3446800|1|1|1|319.38339347|50|1|1|1|1|1|1|1
3446801|1|1|1|174.37823826|50|1|1|1|1|1|1|1
3446802|1|1|1|246.70569473|50|1|1|1|1|1|1|1
3446803|1|1|1|256.4923688|50|2|1|2|1|1|1|1
3446804|1|1|1|335.13016565|50|1|1|2|1|1|1|1
3446805|1|1|1|433.14191751|50|2|1|3|2|1|1|1
3446806|1|1|1|346.09929628|50|1|1|2|1|1|1|1
3446807|1|1|1|472.54612964|50|1|1|2|1|1|1|1
3446808|1|1|1|536.591059|50|2|1|3|1|1|1|1
3446809|1|1|1|451.56187045|50|1|1|2|1|1|1|1
3446810|1|1|1|392.21583866|50|2|1|3|1|1|1|1
3446811|1|1|1|389.65153242|50|2|1|2|1|1|1|1
3446812|1|1|1|409.51234231|50|2|1|2|1|1|1|1
3446813|1|1|1|540.59644724|50|1|1|2|1|1|1|1
3446814|1|1|1|505.28742762|50|1|1|2|1|1|1|1
3446815|1|1|1|472.28208056|50|3|1|2|1|1|1|1
3446816|1|1|1|409.51234231|50|1|1|3|1|1|1|1
3446817|1|1|1|648.84585284|50|1|1|2|1|1|1|1
3446818|1|1|1|567.62689084|50|2|1|3|1|1|1|1
3446819|1|1|1|589.55427661|50|2|1|3|1|1|1|1
3446820|1|1|1|578.77155301|50|2|1|3|1|1|1|1
3446821|1|1|1|496.15120032|50|2|1|2|1|1|1|1
3446822|1|1|1|581.14356203|50|2|1|2|1|1|1|1
3446823|1|1|1|505.28742762|50|2|1|2|1|1|1|1
3446824|1|1|1|578.77155301|50|2|1|2|1|1|1|1
3446825|1|1|1|376.93536826|50|1|1|3|1|1|1|1
3446827|1|1|1|334.51591566|50|1|1|3|1|1|1|1
3446828|1|1|1|372.06742694|50|2|1|5|1|1|1|1
3446829|1|1|1|395.11663665|50|2|1|5|1|1|1|1
3446830|1|1|1|341.66399589|50|1|1|5|1|1|1|1
3446831|1|1|1|263.25793434|50|2|1|5|1|1|1|1
3446832|1|1|1|318.95434306|50|2|1|5|1|1|1|1
3446833|1|1|1|270.18968523|50|1|1|5|2|2|1|2
3446834|1|1|1|209.08638856|50|2|1|5|1|1|1|1
3446835|1|1|1|277.54390657|50|2|1|5|1|1|1|1
3446836|1|1|1|413.47786343|50|2|1|5|1|1|1|1
3446837|1|1|1|354.34993041|50|2|1|3|1|1|1|1
3446838|1|1|1|272.67347053|50|2|1|3|1|1|1|1
3446839|1|1|1|289.15229422|50|2|1|3|1|1|1|1
3446840|1|1|1|354.34993041|50|2|1|3|1|1|1|1
3446841|1|1|1|362.69587088|50|2|1|3|1|1|1|1
3446842|1|1|1|250.72184223|50|2|1|3|1|1|1|1
3446843|1|1|1|362.69587088|50|2|1|3|1|1|1|1
3446844|1|1|1|273.11766198|50|2|1|3|1|1|1|1
3446845|1|1|1|376.30155871|50|2|1|3|1|1|1|1
3446846|1|1|1|362.69587088|50|2|1|3|1|1|1|1
3446847|1|1|1|295.75396173|50|2|1|3|1|1|1|1
3446848|1|1|1|303.47789654|50|1|1|3|1|1|1|1
3446849|1|1|1|303.47789654|50|1|1|3|1|1|1|1
3446850|1|1|1|445.37961292|50|2|1|3|1|1|1|1
3446851|1|1|1|436.90182999|50|2|1|3|1|1|1|1
3446852|1|1|1|359.74335262|50|1|1|3|1|1|1|1
3446853|1|1|1|503.04606789|50|2|1|2|1|1|1|1
3446854|1|1|1|367.68347881|50|1|1|3|1|1|1|1
3446855|1|1|1|438.72222691|50|1|1|3|1|1|1|1
3446856|1|1|1|303.47789654|50|2|1|3|1|1|1|1
3446857|1|1|1|551.30381791|50|1|1|3|1|1|1|1
3446858|1|1|1|596.3127415|50|1|1|3|1|1|1|1
3446859|1|1|1|351.01057913|50|1|1|3|1|1|1|1
3446860|1|1|1|526.8221822|50|1|1|3|1|1|1|1
3446861|1|1|1|348.56859699|50|1|1|3|1|1|1|1
3446863|1|1|1|505.3322371|50|1|1|3|1|1|1|1
3446864|1|1|1|390.98519326|50|1|1|3|1|1|1|1
3446865|1|1|1|539.05620733|50|1|1|3|1|1|1|1
3446867|1|1|1|378.50977239|50|1|1|3|1|1|1|1
3446868|1|1|1|476.15405464|50|1|1|3|1|1|1|1
3446869|1|1|1|462.52596723|50|1|1|3|1|1|1|1
3446870|1|1|1|421.77117368|50|1|1|3|1|1|1|1
3446871|1|1|1|518.55332409|50|1|1|3|1|1|1|1
3446872|1|1|1|457.8335631|50|1|1|3|1|1|1|1
3446873|1|1|1|489.08996503|50|1|1|3|1|1|1|1
3446874|1|1|1|396.28983099|50|1|1|3|1|1|1|1
3446876|1|1|1|647.101745|50|2|1|2|1|1|1|1
3446877|1|1|1|478.4315146|50|1|1|2|1|1|1|1
3446878|1|1|1|573.30864919|50|2|1|2|1|1|1|1
3446879|1|1|1|568.49876673|50|1|1|2|1|1|1|1
3446880|1|1|1|313.62958284|50|1|1|2|1|1|1|1
3446881|1|1|1|463.06525983|50|1|1|2|1|1|1|1
3446882|1|1|1|754.26469491|50|1|1|2|1|1|1|1
3446883|1|1|1|387.77230694|50|1|1|3|1|1|1|1
3446884|1|1|1|315.85624204|50|1|1|3|1|1|1|1
3446885|1|1|1|213.92635126|50|1|1|3|1|1|1|1
3446886|1|1|1|374.71580161|50|1|1|3|1|1|1|1
3446887|1|1|1|309.8469973|50|1|1|3|1|1|1|1
3446888|1|1|1|310.63791608|50|1|1|3|1|1|1|1
3446889|1|1|1|332.34679019|50|1|1|3|1|1|1|1
3446890|1|1|1|446.6318665|50|1|1|3|1|1|1|1
3446891|1|1|1|133.19106009|52|1|1|4|2|1|1|1
3446892|1|1|1|226.73077986|52|4|1|2|1|1|1|1
3446893|1|1|1|283.88859672|52|2|1|2|2|1|1|1
3446894|1|1|1|301.24545523|52|4|1|2|2|1|1|1
3446895|1|1|1|239.96178727|52|2|1|2|2|1|1|1
3446896|1|1|1|285.03558683|52|2|1|2|2|1|1|1
3446897|1|1|1|271.51840806|52|2|1|2|2|1|1|1
3446898|1|1|1|297.41139937|52|1|1|2|2|1|1|1
3446899|1|1|1|154.80319437|52|2|1|2|2|1|1|1
3446900|1|1|1|205.21976131|52|2|1|2|2|1|1|1
3446901|1|1|1|328.61732022|52|2|1|2|1|1|1|1
3446902|1|1|1|354.46519709|52|2|1|4|1|1|1|1
3446903|1|1|1|170.0294439|52|1|1|3|2|1|1|1
3446904|1|1|1|149.67267843|52|1|1|3|1|1|1|1
3446905|1|1|1|224.68472352|52|2|1|4|2|1|1|1
3446906|1|1|1|303.97917433|52|2|1|4|2|1|1|1
3446907|1|1|1|203.50069965|52|2|1|4|2|1|1|1
3446908|1|1|1|210.87551003|52|1|1|3|2|1|1|1
3446909|1|1|1|281.71829825|52|2|1|4|2|1|1|1
3446910|1|1|1|210.87551003|52|2|1|4|2|1|1|1
3446911|1|1|1|189.46616864|52|2|1|5|2|1|1|1
3446912|1|1|1|219.16694392|52|2|1|5|2|1|1|1
3446913|1|1|1|243.33659948|52|2|1|5|1|1|1|1
3446914|1|1|1|188.00405064|52|2|1|5|2|1|1|1
3446915|1|1|1|236.47039672|52|2|1|5|2|1|1|1
3446916|1|1|1|300.31854614|52|2|1|5|2|1|1|1
3446917|1|1|1|428.76989842|52|2|1|5|2|1|1|1
3446918|1|1|1|165.10282309|52|2|1|5|2|1|1|1
3446919|1|1|1|196.3323714|52|2|1|5|2|1|1|1
3446920|1|1|1|195.92839533|52|2|1|5|2|1|1|1
3446921|1|1|1|132.2116207|52|2|1|5|2|1|1|1
3446922|1|1|1|195.92839533|52|2|1|4|2|1|1|1
3446923|1|1|1|239.91785115|52|1|1|4|2|1|1|1
3446924|1|1|1|352.4421395|52|1|1|4|2|1|1|1
3446925|1|1|1|117.27514725|52|1|1|4|2|1|1|1
3446927|1|1|1|175.43163763|52|1|1|4|2|1|1|1
3446928|1|1|1|157.10227655|52|2|1|4|2|1|1|1
3446929|1|1|1|218.94948682|52|2|1|4|2|1|1|1
3446930|1|1|1|230.46973089|52|2|1|4|2|2|1|1
3446931|1|1|1|162.64503228|52|2|1|4|2|1|1|1
3446932|1|1|1|172.0828483|52|2|1|2|2|1|1|1
3446933|1|1|1|185.25625887|52|2|1|2|1|1|1|1
3446934|1|1|1|96.426232185|52|2|1|2|1|1|1|1
3446935|1|1|1|215.46416572|52|2|1|2|2|1|1|1
3446936|1|1|1|144.24379094|52|4|1|2|2|1|1|1
3446937|1|1|1|225.23215128|52|2|1|2|2|1|1|1
3446938|1|1|1|221.43870461|52|2|1|2|2|1|1|1
3446939|1|1|1|243.22941369|52|2|1|2|2|1|1|1
3446940|1|1|1|221.05410048|52|2|1|2|2|1|1|1
3446941|1|1|1|368.51431782|52|2|1|2|1|1|1|1
3446942|1|1|1|249.16602905|52|2|1|2|1|1|1|1
3446943|1|1|1|398.57091|52|2|1|2|1|1|1|1
3446944|1|1|1|168.09437773|52|1|1|2|1|1|1|1
3446945|1|1|1|182.91145134|52|2|1|2|1|1|1|1
3446946|1|1|1|426.82218432|52|2|1|2|1|1|1|1
3446947|1|1|1|382.36622373|52|2|1|2|1|1|1|1
3446948|1|1|1|398.57091|52|2|1|2|1|1|1|1
3446949|1|1|1|260.88148153|52|1|1|2|2|1|1|1
3446950|1|1|1|379.25340029|52|1|1|2|1|1|1|1
3446951|1|1|1|367.16991441|52|2|1|2|2|1|1|1
3446952|1|1|1|259.11586024|52|2|1|2|2|1|1|1
3446953|1|1|1|463.45454651|52|2|1|2|2|1|1|1
3446954|1|1|1|337.96749928|52|1|1|1|1|1|1|1
3446955|1|1|1|313.93492595|52|1|1|1|2|1|1|1
3446956|1|1|1|304.17074935|52|1|1|2|1|1|1|1
3446957|1|1|1|236.8327108|52|2|1|1|1|1|1|1
3446958|1|1|1|236.8327108|52|2|1|2|1|1|1|1
3446959|1|1|1|236.8327108|52|2|1|2|2|1|1|1
3446960|1|1|1|297.40763067|52|2|1|2|1|1|1|1
3446961|1|1|1|269.10652752|52|1|1|2|1|1|1|1
3446962|1|1|1|505.50819109|52|1|1|2|2|1|1|1
3446963|1|1|1|561.54240049|54|1|1|3|1|1|1|1
3446964|1|1|1|843.24694768|54|2|1|3|1|1|1|1
3446965|1|1|1|456.2329417|54|2|1|3|1|1|1|1
3446966|1|1|1|644.95927432|54|2|1|3|1|1|1|1
3446967|1|1|1|607.71484641|54|2|1|3|1|1|1|1
3446968|1|1|1|599.53477612|54|2|1|1|1|1|1|1
3446969|1|1|1|634.85417028|54|1|1|1|2|1|1|1
3446970|1|1|1|713.17061101|54|1|1|1|2|1|1|1
3446971|1|1|1|580.77655618|54|1|1|1|2|1|1|1
3446972|1|1|1|483.94273222|54|1|1|1|1|1|1|1
3446973|1|1|1|824.37585938|54|1|1|1|1|1|1|1
3446974|1|1|1|796.60110061|54|1|1|1|1|1|1|1
3446975|1|1|1|705.76980513|54|1|1|1|1|1|1|1
3446976|1|1|1|650.25132988|54|1|1|1|1|1|1|1
3446977|1|1|1|502.40990325|54|1|1|2|1|1|1|1
3446978|1|1|1|575.85839015|54|1|1|2|1|1|1|1
3446979|1|1|1|469.02636707|54|1|1|2|1|1|1|1
3446980|1|1|1|575.85839015|54|2|1|2|1|1|1|1
3446981|1|1|1|622.88267812|54|2|1|2|1|1|1|1
3446982|1|1|1|544.5803946|54|1|1|2|1|1|1|1
3446983|1|1|1|502.40990325|54|1|1|2|1|1|1|1
3446984|1|1|1|300.88658886|54|1|1|2|1|1|1|1
3446985|1|1|1|602.71499449|54|1|1|2|1|1|1|1
3446986|1|1|1|596.85550924|54|2|1|2|1|1|1|1
3446987|1|1|1|534.73260213|54|1|1|2|1|1|1|1
3446988|1|1|1|698.66186976|54|1|1|2|1|1|1|1
3446989|1|1|1|424.10761973|54|1|1|2|1|1|1|1
3446990|1|1|1|341.8668618|54|1|1|2|1|1|1|1
3446991|1|1|1|406.11100434|54|1|1|2|1|1|1|1
3446992|1|1|1|546.67980805|54|1|1|2|1|1|1|1
3446993|1|1|1|434.52685752|54|1|1|2|1|1|1|1
3446994|1|1|1|605.80439039|54|2|1|2|1|1|1|1
3446996|1|1|1|770.71644292|54|2|1|2|1|1|1|1
3446997|1|1|1|414.1745367|54|1|1|2|1|1|1|1
3446998|1|1|1|652.51251904|54|2|1|2|1|1|1|1
3446999|1|1|1|420.43737719|54|1|1|2|1|1|1|1
3447000|1|1|1|625.39047804|54|2|1|2|1|1|1|1
3447001|1|1|1|604.96573898|54|1|1|2|1|1|1|1
3447002|1|1|1|636.1690771|54|2|1|2|1|1|1|1
3447003|1|1|1|770.74330495|54|1|1|1|1|1|1|1
3447004|1|1|1|590.74671903|54|1|1|1|1|1|1|1
3447005|1|1|1|492.01910142|54|2|1|1|2|1|1|1
3447006|1|1|1|793.35133375|54|2|1|1|2|1|1|1
3447007|1|1|1|616.46818991|54|2|1|1|1|2|2|2
3447008|1|1|1|403.0129704|54|2|1|1|1|1|1|1
3447009|1|1|1|368.58607135|54|1|1|1|1|1|1|1
3447010|1|1|1|368.58607135|54|1|1|1|1|1|1|1
3447011|1|1|1|526.44600046|54|2|1|2|1|1|1|1
3447012|1|1|1|763.0312807|54|2|1|1|2|1|1|1
3447013|1|1|1|493.85815628|54|1|1|1|1|1|1|1
3447014|1|1|1|859.89229176|54|1|1|1|1|1|1|1
3447015|1|1|1|518.08971474|54|1|1|2|2|1|1|1
3447016|1|1|1|547.48934666|54|2|1|2|1|1|1|1
3447017|1|1|1|601.85612904|54|2|1|2|1|1|1|1
3447018|1|1|1|695.22921199|54|2|1|1|1|1|1|1
3447019|1|1|1|656.52192016|54|2|1|2|1|1|1|1
3447020|1|1|1|518.08971474|54|1|1|1|1|1|1|1
3447021|1|1|1|808.08870647|54|2|1|1|1|1|1|1
3447022|1|1|1|998.77816666|54|2|1|2|1|1|1|1
3447023|1|1|1|479.11764642|54|2|1|4|1|1|1|1
3447024|1|1|1|827.27887535|54|1|1|4|1|1|1|1
3447025|1|1|1|477.38325002|54|1|1|4|1|1|1|1
3447026|1|1|1|622.55328123|54|1|1|4|1|1|1|1
3447027|1|1|1|419.14435215|54|1|1|4|1|1|1|1
3447028|1|1|1|654.40819805|54|1|1|4|1|1|1|1
3447030|1|1|1|460.95367488|54|1|1|4|1|1|1|1
3447031|1|1|1|560.85774813|54|2|1|3|1|1|1|1
3447032|1|1|1|584.31318435|54|2|1|3|1|1|1|1
3447033|1|1|1|552.05177869|54|2|1|3|1|1|1|1
3447034|1|1|1|724.42553138|54|2|1|3|1|1|1|1
3447035|1|1|1|560.85774813|54|2|1|3|1|1|1|1
3447036|1|1|1|669.7353048|54|2|1|3|1|1|1|1
3447037|1|1|1|584.31318435|54|2|1|3|1|1|1|1
3447038|1|1|1|323.8418661|54|1|1|3|1|1|1|1
3447039|1|1|1|461.26697183|54|1|1|3|1|1|1|1
3447040|1|1|1|618.08800543|54|1|1|3|1|1|1|1
3447041|1|1|1|539.25329615|54|1|1|3|1|1|1|1
3447042|1|1|1|560.4098958|54|1|1|3|1|1|1|1
3447043|1|1|1|618.97826616|54|1|1|4|1|1|1|1
3447044|1|1|1|280.8741641|54|1|1|3|2|1|1|1
3447045|1|1|1|769.93235829|54|1|1|3|1|1|1|1
3447046|1|1|1|461.26697183|54|1|1|4|1|1|1|1
3447047|1|1|1|781.52651616|54|1|1|1|2|1|1|1
3447048|1|1|1|543.1344544|54|1|1|1|1|1|1|1
3447049|1|1|1|690.38470263|54|1|1|1|1|1|1|1
3447050|1|1|1|1042.6951051|54|2|1|1|1|1|1|1
3447051|1|1|1|1042.6951051|54|1|1|1|1|1|1|1
3447052|1|1|1|668.50285772|54|1|1|1|1|1|1|1
3447053|1|1|1|613.00806138|54|1|1|1|1|1|1|1
3447054|1|1|1|750.15456385|54|1|1|1|1|1|1|1
3447055|1|1|1|701.92800061|54|1|1|2|2|1|1|1
3447056|1|1|1|1027.6577399|54|1|1|2|2|1|1|1
3447057|1|1|1|813.47395787|54|1|1|2|1|1|1|1
3447058|1|1|1|1060.5982899|54|1|1|2|1|1|1|1
3447059|1|1|1|1017.3750409|54|1|1|2|1|1|1|1
3447060|1|1|1|692.70911222|54|1|1|2|1|1|1|1
3447061|1|1|1|634.75588017|54|1|1|2|1|1|1|1
3447062|1|1|1|491.44809514|54|1|1|2|1|1|1|1
3447063|1|1|1|647.38366672|54|1|1|2|1|1|1|1
3447064|1|1|1|940.30482045|54|1|1|2|1|1|1|1
3447065|1|1|1|642.29160665|54|1|1|2|1|1|1|1
3447066|1|1|1|881.77365076|54|1|1|2|1|1|1|1
3447067|1|1|1|671.88030565|54|1|1|2|1|1|1|1
3447068|1|1|1|612.34748974|54|1|1|2|1|1|1|1
3447069|1|1|1|586.14488712|54|1|1|2|1|1|1|1
3447071|1|1|1|183.38356063|54|2|1|2|2|1|1|1
3447072|1|1|1|205.61571014|54|2|1|2|2|1|1|1
3447073|1|1|1|210.58245102|54|1|1|2|2|1|1|1
3447074|1|1|1|174.15700676|54|1|1|2|2|1|1|1
3447075|1|1|1|113.43921567|54|1|1|2|1|1|1|1
3447076|1|1|1|249.75567779|54|1|1|2|1|1|1|1
3447077|1|1|1|158.49115871|54|1|1|2|2|1|1|1
3447078|1|1|1|300.94943774|54|1|1|2|2|1|1|1
3447080|1|1|1|1205.7205723|54|1|1|2|1|1|1|1
3447081|1|1|1|1090.1307117|54|1|1|2|1|1|1|1
3447082|1|1|1|494.66931093|54|1|1|2|1|1|1|1
3447083|1|1|1|949.72087333|54|1|1|2|1|1|1|1
3447084|1|1|1|911.59728145|54|1|1|2|1|1|1|1
3447085|1|1|1|1050.5129631|54|1|1|2|1|1|1|1
3447086|1|1|1|858.93804838|54|2|1|1|1|1|1|1
3447087|1|1|1|964.29088941|54|2|1|1|1|1|1|1
3447088|1|1|1|1137.8065464|54|1|1|1|1|1|1|1
3447089|1|1|1|1057.9681906|54|2|1|1|1|1|1|1
3447090|1|1|1|1231.4838476|54|1|1|1|1|1|1|1
3447091|1|1|1|1087.0016055|54|2|1|1|1|1|1|1
3447092|1|1|1|1327.9192837|54|1|1|1|1|1|1|1
3447093|1|1|1|270.22979225|63|2|1|2|1|1|1|1
3447094|1|1|1|481.72415889|63|2|1|2|1|1|1|1
3447095|1|1|1|214.43310698|63|2|1|2|1|1|1|1
3447096|1|1|1|385.92985125|63|2|1|2|1|1|1|1
3447097|1|1|1|270.22979225|63|2|1|2|1|1|1|1
3447098|1|1|1|234.28592406|63|2|1|2|1|1|1|1
3447099|1|1|1|317.25744914|63|2|1|2|1|1|1|1
3447100|1|1|1|316.54014522|63|2|1|1|1|1|1|1
3447101|1|1|1|355.94126892|63|2|1|2|1|1|1|1
3447102|1|1|1|214.43310698|63|2|1|2|1|1|1|1
3447103|1|1|1|516.20730767|63|2|1|3|1|1|1|1
3447104|1|1|1|286.69622425|63|2|1|3|1|1|1|1
3447105|1|1|1|280.88532968|63|2|1|3|1|1|1|1
3447106|1|1|1|126.36269647|63|2|1|3|1|1|1|1
3447107|1|1|1|278.9484414|63|2|1|3|1|1|1|1
3447108|1|1|1|256.23087155|63|2|1|3|1|1|1|1
3447109|1|1|1|322.30133384|63|2|1|3|1|1|1|1
3447110|1|1|1|238.01069456|63|2|1|3|1|1|1|1
3447111|1|1|1|488.7768185|63|2|1|3|1|1|1|1
3447112|1|1|1|272.59275746|63|2|1|3|1|1|1|1
3447113|1|1|1|184.24441122|63|2|1|3|1|1|1|1
3447114|1|1|1|153.36085539|63|2|1|3|1|1|1|1
3447115|1|1|1|141.681511|63|2|1|3|1|1|1|1
3447116|1|1|1|330.6339134|63|2|1|3|1|1|1|1
3447117|1|1|1|436.59258788|63|2|1|3|1|1|1|1
3447118|1|1|1|184.24441122|63|2|1|3|1|1|1|1
3447119|1|1|1|485.18946612|63|2|1|3|1|1|1|1
3447120|1|1|1|424.58668791|63|2|1|3|1|1|1|1
3447121|1|1|1|246.67763076|63|2|1|3|1|1|1|1
3447122|1|1|1|206.39266812|63|1|1|3|1|1|1|1
3447123|1|1|1|320.78268025|63|2|1|3|1|1|1|1
3447124|1|1|1|760.13888068|63|2|1|3|1|1|1|1
3447125|1|1|1|176.12974065|63|1|1|3|2|1|1|1
3447126|1|1|1|320.78268025|63|2|1|3|1|1|1|1
3447127|1|1|1|481.11569039|63|2|1|3|1|1|1|1
3447128|1|1|1|532.47278774|63|2|1|3|1|1|1|1
3447129|1|1|1|267.01220357|63|2|1|2|1|1|1|1
3447130|1|1|1|267.01220357|63|2|1|2|1|1|1|1
3447131|1|1|1|206.39266812|63|1|1|2|1|1|1|1
3447132|1|1|1|629.76456666|63|1|1|2|1|1|1|1
3447133|1|1|1|176.12974065|63|1|1|2|1|1|1|1
3447134|1|1|1|310.19667578|63|1|1|2|1|1|1|1
3447135|1|1|1|111.64491153|63|1|1|3|1|1|1|1
3447136|1|1|1|105.67784439|63|1|1|2|1|1|1|1
3447137|1|1|1|105.67784439|63|1|1|3|1|1|1|1
3447138|1|1|1|105.67784439|63|1|1|3|1|1|1|1
3447139|1|1|1|456.08332841|63|1|1|2|1|1|1|1
3447140|1|1|1|347.84867575|63|1|1|2|1|1|1|1
3447141|1|1|1|284.76207699|63|2|1|2|1|1|1|1
3447142|1|1|1|165.59269755|63|2|1|2|1|1|1|1
3447143|1|1|1|241.26408116|63|2|1|2|1|1|1|1
3447144|1|1|1|560.50969627|63|2|1|2|1|1|1|1
3447145|1|1|1|330.23409059|63|1|1|2|1|1|1|1
3447146|1|1|1|136.98979828|63|2|1|2|1|1|1|1
3447147|1|1|1|280.83038891|63|1|1|2|1|1|1|1
3447148|1|1|1|540.72602672|63|2|1|2|1|1|1|1
3447149|1|1|1|215.90971737|63|1|1|2|1|1|1|1
3447150|1|1|1|307.36224183|63|2|1|4|1|1|1|1
3447151|1|1|1|133.66382316|63|2|1|4|1|1|1|1
3447152|1|1|1|114.06497489|63|2|1|4|1|1|1|1
3447153|1|1|1|407.84752888|63|2|1|4|1|1|1|1
3447154|1|1|1|133.66382316|63|2|1|4|1|1|1|1
3447155|1|1|1|133.66382316|63|2|1|4|1|1|1|1
3447156|1|1|1|179.77788711|63|2|1|4|1|1|1|1
3447157|1|1|1|133.66382316|63|2|1|4|1|1|1|1
3447158|1|1|1|114.06497489|63|2|1|4|1|1|1|1
3447159|1|1|1|492.28041797|63|2|1|4|1|1|1|1
3447160|1|1|1|233.80477329|63|2|1|2|1|1|1|1
3447161|1|1|1|267.72044196|63|2|1|2|1|1|1|1
3447162|1|1|1|113.89723228|63|1|1|2|1|1|1|1
3447163|1|1|1|311.12147979|63|1|1|2|1|1|1|1
3447164|1|1|1|113.89723228|63|2|1|3|1|1|1|1
3447165|1|1|1|306.91023853|63|2|1|3|1|1|1|1
3447166|1|1|1|281.4116744|63|2|1|2|1|1|1|1
3447167|1|1|1|120.32840464|63|1|1|2|1|1|1|1
3447168|1|1|1|274.56605818|63|2|1|2|1|1|1|1
3447169|1|1|1|554.502247|63|2|1|4|1|1|1|1
3447170|1|1|1|366.60877743|63|2|1|4|1|1|1|1
3447171|1|1|1|201.29113217|63|2|1|4|1|1|1|1
3447172|1|1|1|201.29113217|63|2|1|5|1|1|1|1
3447173|1|1|1|305.15680408|63|2|1|4|1|1|1|1
3447174|1|1|1|400.55044391|63|2|1|4|1|1|1|1
3447175|1|1|1|176.12974065|63|2|1|5|1|1|1|1
3447176|1|1|1|257.76652271|63|2|1|5|1|1|1|1
3447177|1|1|1|176.12974065|63|2|1|5|1|1|1|1
3447178|1|1|1|320.78268025|63|2|1|5|1|1|1|1
3447179|1|1|1|217.28669261|63|2|1|5|1|1|1|1
3447180|1|1|1|209.00062363|63|2|1|5|1|1|1|1
3447181|1|1|1|137.86345771|63|2|1|5|1|1|1|1
3447182|1|1|1|295.33622785|63|2|1|4|1|1|1|1
3447183|1|1|1|169.85058942|63|2|1|5|1|1|1|1
3447184|1|1|1|214.09799315|63|2|1|4|1|1|1|1
3447185|1|1|1|137.86345771|63|2|1|4|1|1|1|1
3447186|1|1|1|289.2122557|63|2|1|3|1|1|1|1
3447187|1|1|1|203.55472642|63|2|1|3|1|1|1|1
3447188|1|1|1|220.33451465|63|2|1|2|1|1|1|1
3447189|1|1|1|220.33451465|63|2|1|3|1|1|1|1
3447190|1|1|1|145.33965265|63|2|1|3|1|1|1|1
3447191|1|1|1|391.63574539|63|2|1|2|1|1|1|1
3447192|1|1|1|145.33965265|63|2|1|3|1|1|1|1
3447193|1|1|1|471.44260332|66|1|1|3|1|1|1|1
3447194|1|1|1|426.34486047|66|2|1|3|1|1|1|1
3447195|1|1|1|452.84798897|66|2|1|4|1|1|1|1
3447196|1|1|1|372.64795855|66|2|1|4|1|1|1|1
3447197|1|1|1|410.05470524|66|2|1|4|1|1|1|1
3447198|1|1|1|807.84998475|66|1|1|2|1|1|1|1
3447199|1|1|1|536.80019985|66|2|1|2|1|1|1|1
3447200|1|1|1|651.3648297|66|2|1|2|1|1|1|1
3447201|1|1|1|807.84998475|66|2|1|3|1|1|1|1
3447202|1|1|1|363.9437494|66|1|1|3|1|1|1|1
3447203|1|1|1|562.75295539|66|2|1|3|1|1|1|1
3447204|1|1|1|437.60922709|66|2|1|3|1|1|1|1
3447205|1|1|1|543.41758676|66|1|1|3|1|1|1|1
3447206|1|1|1|620.18754319|66|2|1|4|1|1|1|1
3447207|1|1|1|620.18754319|66|2|1|3|1|1|1|1
3447208|1|1|1|240.21827303|66|1|1|3|1|1|1|1
3447209|1|1|1|554.4202193|66|1|1|3|1|1|1|1
3447210|1|1|1|437.60922709|66|2|1|3|1|1|1|1
3447211|1|1|1|511.61383256|66|1|1|3|1|1|1|1
3447212|1|1|1|240.21827303|66|1|1|3|1|1|1|1
3447213|1|1|1|511.61383256|66|2|1|3|1|1|1|1
3447214|1|1|1|447.17755026|66|2|1|3|1|1|1|1
3447215|1|1|1|492.06564629|66|2|1|3|1|1|1|1
3447216|1|1|1|492.06564629|66|2|1|3|1|1|1|1
3447217|1|1|1|492.06564629|66|2|1|3|1|1|1|1
3447218|1|1|1|340.66461669|66|2|1|3|1|1|1|1
3447219|1|1|1|651.02570191|66|1|1|3|1|1|1|1
3447220|1|1|1|373.51207257|66|1|1|3|1|1|1|1
3447221|1|1|1|983.03066036|66|2|1|3|1|1|1|1
3447222|1|1|1|510.99692504|66|2|1|3|1|1|1|1
3447223|1|1|1|478.58348005|66|2|1|3|1|1|1|1
3447224|1|1|1|413.3170391|66|2|1|3|1|1|1|1
3447225|1|1|1|528.47197374|66|2|1|3|1|1|1|1
3447226|1|1|1|492.06564629|66|2|1|4|1|1|1|1
3447227|1|1|1|318.37201171|66|2|1|4|1|1|1|1
3447228|1|1|1|511.61383256|66|2|1|4|1|1|1|1
3447229|1|1|1|620.18754319|66|1|1|4|1|1|1|1
3447230|1|1|1|437.60922709|66|1|1|4|1|1|1|1
3447231|1|1|1|577.36022422|66|2|1|4|1|1|1|1
3447232|1|1|1|651.3648297|66|2|1|2|1|1|1|1
3447233|1|1|1|565.73112399|66|2|1|2|1|1|1|1
3447234|1|1|1|565.73112399|66|2|1|2|1|1|1|1
3447235|1|1|1|614.44402364|66|2|1|2|1|1|1|1
3447236|1|1|1|240.21827303|66|2|1|2|1|1|1|1
3447237|1|1|1|511.61383256|66|2|1|2|1|1|1|1
3447238|1|1|1|352.31464916|66|2|1|2|1|1|1|1
3447239|1|1|1|770.9291787|66|2|1|2|1|1|1|1
3447240|1|1|1|759.93854032|66|2|1|2|1|1|1|1
3447241|1|1|1|394.19921803|66|2|1|2|1|1|1|1
3447242|1|1|1|478.58348005|66|1|1|2|1|1|1|1
3447243|1|1|1|362.40308292|66|1|1|2|1|1|1|1
3447244|1|1|1|360.32740954|66|2|1|2|1|1|1|1
3447245|1|1|1|666.2990725|66|1|1|2|1|1|1|1
3447246|1|1|1|738.09846944|66|2|1|2|2|1|1|1
3447247|1|1|1|810.65912725|66|2|1|2|1|1|1|1
3447248|1|1|1|531.81676903|66|2|1|3|1|1|1|1
3447249|1|1|1|334.86334186|66|2|1|3|1|1|1|1
3447250|1|1|1|923.53642053|66|2|1|3|1|1|1|1
3447251|1|1|1|791.58920275|66|2|1|3|1|1|1|1
3447252|1|1|1|1167.7277161|66|2|1|3|1|1|1|1
3447253|1|1|1|565.58639506|66|2|1|3|1|1|1|1
3447255|1|1|1|360.32740954|66|2|1|1|1|1|1|1
3447256|1|1|1|925.16218846|66|1|1|1|1|1|1|1
3447257|1|1|1|851.96622953|66|2|1|1|1|1|1|1
3447258|1|1|1|478.58348005|66|2|1|1|1|1|1|1
3447259|1|1|1|752.4509542|66|1|1|1|1|1|1|1
3447260|1|1|1|528.47197374|66|2|1|1|1|1|1|1
3447261|1|1|1|488.33208794|66|2|1|1|1|1|1|1
3447262|1|1|1|561.81753693|66|2|1|1|1|1|1|1
3447263|1|1|1|229.94083194|66|2|1|1|1|1|1|1
3447264|1|1|1|229.94083194|66|1|1|1|1|1|1|1
3447265|1|1|1|266.55891331|66|2|1|1|1|1|1|1
3447266|1|1|1|305.40525267|66|2|1|1|1|1|1|1
3447267|1|1|1|860.58628961|66|2|1|1|1|1|1|1
3447268|1|1|1|480.17218181|66|2|1|1|1|1|1|1
3447269|1|1|1|441.59567417|66|2|1|3|1|1|1|1
3447270|1|1|1|712.56799172|66|2|1|3|1|1|1|1
3447271|1|1|1|535.27564416|66|1|1|3|1|1|1|1
3447272|1|1|1|301.43526236|66|1|1|3|1|1|1|1
3447273|1|1|1|665.7165572|66|1|1|3|1|1|1|1
3447274|1|1|1|712.56799172|66|1|1|3|1|1|1|1
3447275|1|1|1|572.40757991|66|1|1|3|1|1|1|1
3447276|1|1|1|652.99477023|66|2|1|3|1|1|1|1
3447277|1|1|1|678.46124322|66|2|1|3|1|1|1|1
3447278|1|1|1|538.30083141|66|1|1|3|1|1|1|1
3447279|1|1|1|572.40757991|66|2|1|3|1|1|1|1
3447280|1|1|1|615.63002019|66|2|1|3|1|1|1|1
3447281|1|1|1|485.93698476|66|1|1|3|1|1|1|1
3447282|1|1|1|754.06367817|66|1|1|3|1|1|1|1
3447283|1|1|1|489.19498629|66|1|1|3|1|1|1|1
3447284|1|1|1|489.19498629|66|1|1|3|1|1|1|1
3447285|1|1|1|716.93174242|66|1|1|3|1|1|1|1
3447286|1|1|1|262.78952222|66|2|1|3|1|1|1|1
3447287|1|1|1|708.93899748|66|2|1|3|1|1|1|1
3447288|1|1|1|438.33767263|66|2|1|3|1|1|1|1
3447289|1|1|1|883.7567136|66|1|1|3|1|1|1|1
3447290|1|1|1|638.30347989|66|2|1|2|1|1|1|1
3447291|1|1|1|635.26706703|66|1|1|2|1|1|1|1
3447292|1|1|1|1029.0269607|66|1|1|2|1|1|1|1
3447293|1|1|1|995.07166336|66|2|1|2|1|1|1|1
3447294|1|1|1|950.09065563|66|1|1|2|1|1|1|1
3447295|1|1|1|1153.9335873|66|2|1|2|1|1|1|1
3447296|1|1|1|212.15718221|66|1|1|1|1|1|1|1
3447297|1|1|1|382.20898092|66|1|1|1|2|1|1|1
3447298|1|1|1|223.31829758|66|2|1|1|2|1|1|1
3447299|1|1|1|157.73154124|66|2|1|1|2|1|1|1
3447300|1|1|1|248.52970506|66|1|1|1|1|1|1|1
3447301|1|1|1|243.9131948|66|1|1|1|1|1|1|1
3447302|1|1|1|212.15718221|66|1|1|1|1|1|1|1
3447303|1|1|1|194.90913958|66|1|1|1|1|1|1|1
3447304|1|1|1|243.71623264|66|1|1|1|1|1|1|1
3447305|1|1|1|245.36382884|66|1|1|1|1|1|1|1
3447306|1|1|1|157.73154124|66|1|1|1|1|1|1|1
3447307|1|1|1|132.89466396|66|1|1|1|1|1|1|1
3447308|1|1|1|1090.9867439|68|2|1|1|1|1|1|1
3447309|1|1|1|481.01078309|68|2|1|2|1|1|1|1
3447310|1|1|1|729.82346013|68|2|1|1|1|1|1|1
3447311|1|1|1|544.64946923|68|2|1|2|1|1|1|1
3447312|1|1|1|515.11093943|68|2|1|1|1|1|1|1
3447313|1|1|1|882.00378182|68|2|1|2|1|1|1|1
3447314|1|1|1|672.33031503|68|2|1|1|1|1|1|1
3447315|1|1|1|698.55736063|68|2|1|1|1|1|1|1
3447316|1|1|1|1306.9851535|68|2|1|2|1|1|1|1
3447317|1|1|1|451.53299341|68|2|1|4|1|1|1|1
3447318|1|1|1|754.44194948|68|2|1|4|1|1|1|1
3447319|1|1|1|277.9263874|68|2|1|4|1|1|1|1
3447320|1|1|1|1826.3734029|68|2|1|4|1|1|1|1
3447321|1|1|1|277.9263874|68|2|1|4|1|1|1|1
3447322|1|1|1|290.23902737|68|2|1|3|1|1|1|1
3447323|1|1|1|811.87537067|68|2|1|4|1|1|1|1
3447324|1|1|1|527.99460534|68|2|1|3|1|1|1|1
3447325|1|1|1|898.67162423|68|1|1|3|1|1|1|1
3447326|1|1|1|960.40083111|68|1|1|3|1|1|1|1
3447327|1|1|1|1380.625181|68|1|1|3|1|1|1|1
3447328|1|1|1|479.1686777|68|2|1|3|1|1|1|1
3447329|1|1|1|1515.8573336|68|2|1|3|1|1|1|1
3447330|1|1|1|1152.619645|68|2|1|3|1|1|1|1
3447331|1|1|1|689.84207326|68|2|1|3|1|1|1|1
3447332|1|1|1|849.93305006|68|2|1|3|1|1|1|1
3447333|1|1|1|535.43393566|68|2|1|3|1|1|1|1
3447334|1|1|1|479.90128802|68|2|1|4|1|1|1|1
3447335|1|1|1|245.9019477|68|2|1|4|1|1|1|1
3447336|1|1|1|1065.2492389|68|2|1|4|1|1|1|1
3447338|1|1|1|310.08295264|68|2|1|4|1|1|1|1
3447339|1|1|1|819.39300344|68|2|1|4|1|1|1|1
3447340|1|1|1|492.2171199|68|2|1|4|1|1|1|1
3447341|1|1|1|609.86437386|68|2|1|4|1|1|1|1
3447344|1|1|1|981.79091628|68|2|1|3|1|1|1|1
3447345|1|1|1|513.07816863|68|1|1|3|1|1|1|1
3447346|1|1|1|942.64677496|68|2|1|3|1|1|1|1
3447347|1|1|1|852.15325786|68|2|1|3|1|1|1|1
3447348|1|1|1|890.68262849|68|1|1|3|1|1|1|1
3447349|1|1|1|966.2002699|68|2|1|3|1|1|1|1
3447350|1|1|1|653.56492921|68|1|1|3|1|1|1|1
3447351|1|1|1|643.47743564|68|1|2||1|1|1|1
3447352|1|1|1|663.62949259|68|2|1|3|1|1|1|1
3447353|1|1|1|456.96024394|68|1|1|3|1|1|1|1
3447354|1|1|1|464.43969914|68|2|1|3|1|1|1|1
3447355|1|1|1|640.3549905|68|2|1|3|1|1|1|1
3447356|1|1|1|296.03591657|68|2|1|3|1|1|1|1
3447357|1|1|1|517.41699577|68|2|1|3|1|1|1|1
3447358|1|1|1|280.21854147|68|2|1|3|1|1|1|1
3447359|1|1|1|663.62949259|68|2|1|3|1|1|1|1
3447360|1|1|1|663.62949259|68|2|1|3|1|1|1|1
3447362|1|1|1|1047.8360409|68|2|1|1|1|1|1|1
3447363|1|1|1|1321.9699157|68|2|1|1|2|1|1|1
3447364|1|1|1|1655.8131078|68|2|1|1|2|1|1|1
3447365|1|1|1|1158.9999505|68|2|1|1|2|1|1|1
3447366|1|1|1|2536.6297262|68|1|1|1|1|1|1|1
3447367|1|1|1|1325.5970273|68|2|1|1|1|1|1|1
3447368|1|1|1|662.5735117|68|2|1|1|1|1|1|1
3447369|1|1|1|1603.3580136|68|2|1|1|1|1|1|1
3447370|1|1|1|582.21615253|68|2|1|1|1|1|1|1
3447371|1|1|1|585.65016757|68|1|1|1|1|1|1|1
3447372|1|1|1|1539.9327248|68|2|1|1|1|1|1|1
3447373|1|1|1|358.99443622|68|2|1|1|1|1|1|1
3447374|1|1|1|1281.6105564|68|2|1|1|1|1|1|1
3447375|1|1|1|926.93377197|68|2|1|1|1|1|1|1
3447376|1|1|1|770.7822804|68|2|1|1|1|1|1|1
3447377|1|1|1|357.57548588|68|1|1|5|1|1|1|1
3447378|1|1|1|1258.6359769|68|1|1|5|1|1|1|1
3447379|1|1|1|1624.6731075|68|1|1|5|1|1|1|1
3447380|1|1|1|708.20468744|68|1|1|5|1|1|1|1
3447381|1|1|1|986.19362179|68|1|1|5|1|1|1|1
3447382|1|1|1|1011.6965998|68|1|1|5|1|1|1|1
3447383|1|1|1|1446.4115579|68|1|1|5|1|1|1|1
3447384|1|1|1|1302.0474389|68|2|1|3|1|1|1|1
3447385|1|1|1|1067.2763301|68|2|1|3|1|1|1|1
3447386|1|1|1|578.00694413|68|2|1|3|1|1|1|1
3447387|1|1|1|1320.8606014|68|2|1|3|1|1|1|1
3447388|1|1|1|942.57215388|68|2|1|3|1|1|1|1
3447389|1|1|1|1082.7042066|68|2|1|3|1|1|1|1
3447390|1|1|1|1558.7354945|68|2|1|3|1|1|1|1
3447391|1|1|1|2935.5584408|68|2|1|3|1|1|1|1
3447392|1|1|1|1266.0817007|68|2|1|3|1|1|1|1
3447393|1|1|1|925.96789469|68|1|1|3|1|1|1|1
3447394|1|1|1|691.02728251|68|1|1|3|1|1|1|1
3447395|1|1|1|923.77603025|68|1|1|3|1|1|1|1
3447396|1|1|1|411.71819333|68|1|1|3|1|1|1|1
3447397|1|1|1|326.50071466|68|1|1|3|1|1|1|1
3447398|1|1|1|1165.6079325|68|1|1|3|1|1|1|1
3447399|1|1|1|886.29884332|68|1|1|3|1|1|1|1
3447400|1|1|1|691.02728251|68|1|1|3|1|1|1|1
3447401|1|1|1|691.02728251|68|1|1|3|1|1|1|1
3447402|1|1|1|691.02728251|68|1|1|3|1|1|1|1
3447403|1|1|1|610.28531758|68|1|1|3|1|1|1|1
3447404|1|1|1|691.02728251|68|2|1|3|1|1|1|1
3447405|1|1|1|669.70254822|68|2|1|1|1|1|1|1
3447406|1|1|1|672.02879328|68|2|1|1|1|1|1|1
3447407|1|1|1|1626.8654134|68|2|1|1|1|1|1|1
3447408|1|1|1|675.21451983|68|2|1|1|1|1|1|1
3447409|1|1|1|689.7083259|68|2|1|1|1|1|1|1
3447410|1|1|1|1626.8654134|68|2|1|1|1|1|1|1
3447411|1|1|1|672.02879328|68|2|1|1|1|1|1|1
3447412|1|1|1|3779.7118179|68|2|1|2|1|1|1|1
3447413|1|1|1|1234.9315926|68|2|1|2|1|1|1|1
3447414|1|1|1|3779.7118179|68|2|1|2|1|1|1|1
3447415|1|1|1|2028.4242794|68|1|1|2|1|1|1|1
3447416|1|1|1|583.05773791|68|1|1|2|1|1|1|1
3447417|1|1|1|575.1735375|68|1|1|2|1|1|1|1
3447418|1|1|1|649.07868433|68|1|1|2|1|1|1|1
3447419|1|1|1|1075.0970801|68|1|1|2|1|1|1|1
3447420|1|1|1|1485.1143162|68|1|1|2|1|1|1|1
3447421|1|1|1|725.29522625|68|1|1|2|1|1|1|1
3447422|1|1|1|1293.5511104|68|1|1|2|1|1|1|1
3447423|1|1|1|206.20000915|70|1|1|2|1|1|1|1
3447424|1|1|1|106.36406163|70|1|1|2|1|1|1|1
3447425|1|1|1|204.84685039|70|2|1|2|1|1|1|1
3447426|1|1|1|130.85175149|70|1|1|2|1|1|1|1
3447427|1|1|1|221.15963568|70|1|1|2|1|1|1|1
3447428|1|1|1|163.01418542|70|1|1|2|1|1|1|1
3447429|1|1|1|115.89212495|70|1|1|2|1|1|1|1
3447430|1|1|1|106.36406163|70|2|1|2|1|1|1|1
3447431|1|1|1|204.84685039|70|2|1|2|1|1|1|1
3447432|1|1|1|131.85627474|70|1|1|1|2|2|1|1
3447433|1|1|1|190.89076693|70|1|1|1|2|2|1|1
3447434|1|1|1|190.89076693|70|1|1|1|2|2|1|2
3447435|1|1|1|111.05360717|70|1|1|1|2|2|1|1
3447436|1|1|1|234.41302249|70|1|1|1|2|2|1|1
3447437|1|1|1|193.98579956|70|1|1|1|2|2|1|1
3447438|1|1|1|345.80850797|70|1|1|1|2|2|1|1
3447439|1|1|1|274.16483763|70|1|1|1|2|2|1|1
3447440|1|1|1|122.34212921|70|1|1|1|2|2|1|1
3447441|1|1|1|425.55459431|70|1|1|1|2|2|1|1
3447442|1|1|1|234.86332667|70|2|1|3|1|1|1|1
3447443|1|1|1|203.15390121|70|2|1|2|1|1|1|1
3447444|1|1|1|152.71261354|70|2|1|3|1|1|1|1
3447445|1|1|1|145.64815001|70|2|1|3|1|1|1|1
3447446|1|1|1|203.15390121|70|2|1|2|1|1|1|1
3447447|1|1|1|212.55339807|70|2|1|3|1|1|1|1
3447448|1|1|1|187.13509048|70|2|1|3|1|1|1|1
3447449|1|1|1|209.39519694|70|2|1|3|1|1|1|1
3447450|1|1|1|130.95314953|70|2|1|3|1|1|1|1
3447451|1|1|1|88.842885738|70|2|1|2|1|1|1|1
3447452|1|1|1|269.73095326|70|2|1|2|1|1|1|1
3447454|1|1|1|74.220103878|70|1|1|4|1|1|1|1
3447455|1|1|1|169.62351371|70|2|1|4|1|1|1|1
3447456|1|1|1|89.080212795|70|2|1|4|1|1|1|1
3447457|1|1|1|112.11666685|70|1|1|2|1|1|1|1
3447458|1|1|1|94.219795026|70|2|1|3|1|1|1|1
3447459|1|1|1|169.62351371|70|2|1|2|1|1|1|1
3447460|1|1|1|110.29244312|70|1|1|2|1|1|1|1
3447461|1|1|1|76.183625408|70|1|1|2|1|1|1|1
3447462|1|1|1|71.403009832|70|1|1|2|1|1|1|1
3447463|1|1|1|76.183625408|70|1|1|2|1|1|1|1
3447464|1|1|1|123.54799716|70|1|1|2|1|1|1|1
3447465|1|1|1|64.164306367|70|1|1|2|1|1|1|1
3447466|1|1|1|94.57727466|70|1|1|2|1|1|1|1
3447467|1|1|1|145.278759|70|1|1|1|1|1|2|1
3447468|1|1|1|396.96588425|70|1|1|1|1|1|2|1
3447469|1|1|1|210.76623094|70|1|1|1|1|1|2|1
3447470|1|1|1|303.66190663|70|1|1|1|1|1|2|1
3447471|1|1|1|322.75460744|70|1|1|1|1|1|2|1
3447472|1|1|1|229.23643969|70|1|1|1|1|1|2|1
3447473|1|1|1|103.65003336|70|1|1|1|1|1|2|1
3447474|1|1|1|229.23643969|70|1|1|1|1|1|2|1
3447475|1|1|1|247.97896441|70|1|1|1|1|1|2|1
3447476|1|1|1|352.46742546|70|1|1|1|1|1|2|1
3447477|1|1|1|341.28294203|70|1|1|1|1|1|2|1
3447478|1|1|1|148.53864514|70|1|1|1|1|1|2|1
3447479|1|1|1|145.68946304|70|1|1|1|1|1|2|1
3447480|1|1|1|296.14295246|70|1|1|1|1|1|1|1
3447481|1|1|1|177.26347326|70|1|1|1|1|1|1|1
3447482|1|1|1|156.35838523|70|1|1|1|1|1|1|1
3447483|1|1|1|87.904183163|70|1|1|1|1|1|1|1
3447484|1|1|1|76.20433701|70|1|1|1|1|1|1|1
3447485|1|1|1|127.26051129|70|1|1|1|1|1|1|1
3447486|1|1|1|155.94590873|70|1|1|1|1|1|1|1
3447487|1|1|1|74.035738115|70|1|1|1|1|1|1|1
3447488|1|1|1|134.25366156|70|1|1|2|1|1|1|1
3447489|1|1|1|113.07276367|70|1|1|2|1|1|1|1
3447490|1|1|1|238.17193334|70|1|1|2|1|1|1|1
3447491|1|1|1|197.5762241|70|2|1|2|1|1|1|1
3447492|1|1|1|206.39513133|70|2|1|2|1|1|1|1
3447493|1|1|1|231.06821227|70|1|1|2|1|1|1|1
3447494|1|1|1|348.70637079|70|1|1|2|1|1|1|1
3447495|1|1|1|165.79942209|70|1|1|2|1|1|1|1
3447496|1|1|1|258.55951063|70|2|1|2|1|1|1|1
3447497|1|1|1|352.09593539|70|2|1|2|1|1|1|1
3447498|1|1|1|124.72351222|70|2|1|2|1|1|1|1
3447499|1|1|1|86.972118485|70|1|1|2|1|1|1|1
3447500|1|1|1|70.32334653|70|1|1|2|1|1|1|1
3447501|1|1|1|118.78716219|70|2|1|2|1|1|1|1
3447502|1|1|1|119.35183141|70|1|1|2|1|1|1|1
3447503|1|1|1|135.76591534|70|1|1|2|1|1|1|1
3447504|1|1|1|86.972118485|70|2|1|2|1|1|1|1
3447505|1|1|1|101.80840903|70|2|1|2|1|1|1|1
3447506|1|1|1|95.714042074|70|2|1|2|1|1|1|1
3447507|1|1|1|86.513554704|70|2|1|2|1|1|1|1
3447508|1|1|1|204.00830761|70|2|1|1|1|1|1|1
3447509|1|1|1|237.41018796|70|2|1|2|1|1|1|1
3447510|1|1|1|187.72112992|70|2|1|1|1|1|1|1
3447511|1|1|1|153.09002968|70|2|1|1|1|1|1|1
3447512|1|1|1|176.54993635|70|2|1|2|1|1|1|1
3447513|1|1|1|224.84712842|70|1|1|2|1|1|1|1
3447514|1|1|1|112.11126057|70|1|1|2|1|1|1|1
3447515|1|1|1|120.04038707|70|1|1|1|1|1|1|1
3447516|1|1|1|117.09450098|70|1|1|1|1|1|1|1
3447517|1|1|1|120.04038707|70|1|1|1|1|1|1|1
3447518|1|1|1|102.41059114|70|1|1|1|1|1|1|1
3447519|1|1|1|259.04226595|70|1|1|1|1|1|1|1
3447520|1|1|1|142.30192331|70|1|1|1|1|1|1|1
3447521|1|1|1|82.010691642|70|1|1|1|1|1|1|1
3447522|1|1|1|81.439311927|70|1|1|1|1|1|1|1
3447523|1|1|1|163.74559994|70|1|1|1|1|1|1|1
3447524|1|1|1|142.30192331|70|1|1|1|1|1|1|1
3447525|1|1|1|224.39999985|70|1|1|1|1|1|1|1
3447526|1|1|1|313.36866771|70|2|1|1|1|1|1|1
3447527|1|1|1|163.07272216|70|1|1|1|1|1|1|1
3447528|1|1|1|313.60267175|70|1|1|1|1|1|1|1
3447529|1|1|1|377.64367014|70|2|1|1|1|1|1|1
3447530|1|1|1|151.01998107|70|2|1|1|1|1|1|1
3447531|1|1|1|111.05360717|70|1|1|1|1|1|1|1
3447532|1|1|1|353.23945357|70|2|1|1|1|1|1|1
3447533|1|1|1|202.08370093|70|1|1|1|1|1|1|1
3447534|1|1|1|115.54650871|70|1|1|1|1|1|1|1
3447535|1|1|1|245.73051185|70|1|1|1|1|1|1|1
3447536|1|1|1|97.60617534|70|2|1|1|1|1|1|1
3447537|1|1|1|120.89748572|70|2|1|1|1|1|1|1
3447538|1|1|1|239.17432442|70|1|1|1|1|1|1|1
3447539|1|1|1|141.45609703|70|1|1|1|1|1|1|1
3447540|1|1|1|123.44166007|70|1|1|1|1|1|1|1
3447541|1|1|1|281.33580484|70|1|1|1|1|1|1|1
3447542|1|1|1|256.83635123|70|1|1|1|1|1|1|1
3447543|1|1|1|103.67124338|70|1|1|1|1|1|1|1
3447544|1|1|1|70.827415509|70|1|1|1|1|1|1|1
3447545|1|1|1|323.63821387|73|2|1|2|1|1|1|1
3447546|1|1|1|273.43354838|73|2|1|2|1|1|1|1
3447547|1|1|1|212.64393893|73|2|1|2|1|1|1|1
3447548|1|1|1|434.7530269|73|2|1|2|1|1|1|1
3447549|1|1|1|249.99660941|73|1|1|2|1|1|1|1
3447550|1|1|1|246.44341636|73|1|1|2|1|1|1|1
3447551|1|1|1|295.19727157|73|2|1|2|1|1|1|1
3447552|1|1|1|268.15796521|73|2|1|2|1|1|1|1
3447553|1|1|1|396.34281732|73|2|1|2|1|1|1|1
3447554|1|1|1|375.68206928|73|2|1|2|1|1|1|1
3447555|1|1|1|298.68966438|73|2|1|2|1|1|1|1
3447556|1|1|1|298.68966438|73|2|1|2|1|1|1|1
3447557|1|1|1|201.05105291|73|2|1|2|1|1|1|1
3447558|1|1|1|346.20737856|73|2|1|2|1|1|1|1
3447559|1|1|1|162.3675764|73|2|1|2|1|1|1|1
3447560|1|1|1|554.08930408|73|1|1|2|1|1|1|1
3447561|1|1|1|319.64217344|73|1|1|2|1|1|1|1
3447562|1|1|1|460.45529733|73|2|1|2|1|1|1|1
3447563|1|1|1|494.31763477|73|2|1|2|1|1|1|1
3447564|1|1|1|469.05515804|73|2|1|2|1|1|1|1
3447565|1|1|1|297.7015145|73|2|1|2|1|1|1|1
3447566|1|1|1|467.69606795|73|2|1|2|1|1|1|1
3447567|1|1|1|469.05515804|73|1|1|2|1|1|1|1
3447568|1|1|1|374.0620612|73|2|1|2|1|1|1|1
3447569|1|1|1|444.60977143|73|1|1|2|1|1|1|1
3447570|1|1|1|405.89036375|73|2|1|2|1|1|1|1
3447571|1|1|1|436.24344347|73|2|1|2|1|1|1|1
3447572|1|1|1|373.07864918|73|2|1|2|1|1|1|1
3447573|1|1|1|328.17072696|73|2|1|2|1|1|1|1
3447574|1|1|1|241.92253665|73|2|1|2|1|1|1|1
3447575|1|1|1|482.25091045|73|2|1|2|1|1|1|1
3447576|1|1|1|297.7015145|73|2|1|2|1|1|1|1
3447577|1|1|1|584.55851653|73|1|1|2|1|1|1|1
3447578|1|1|1|612.08685624|73|1|1|2|1|1|1|1
3447579|1|1|1|626.71833787|73|1|1|2|1|1|1|1
3447580|1|1|1|523.62009162|73|1|1|2|1|1|1|1
3447581|1|1|1|375.42115129|73|2|1|3|1|1|1|1
3447582|1|1|1|436.24344347|73|2|1|3|1|1|1|1
3447583|1|1|1|571.41227201|73|2|1|3|1|1|1|1
3447584|1|1|1|525.42845013|73|1|1|3|1|1|1|1
3447585|1|1|1|496.86983357|73|2|1|3|1|1|1|1
3447586|1|1|1|456.70203963|73|2|1|3|1|1|1|1
3447587|1|1|1|373.69251613|73|2|1|3|1|1|1|1
3447588|1|1|1|511.15294658|73|2|1|3|1|1|1|1
3447589|1|1|1|425.85669482|73|2|1|3|1|1|1|1
3447590|1|1|1|424.78492403|73|2|1|3|1|1|1|1
3447591|1|1|1|502.4320309|73|2|1|2|1|1|1|1
3447592|1|1|1|485.58174873|73|2|1|2|1|1|1|1
3447593|1|1|1|259.20271784|73|2|1|2|1|1|1|1
3447594|1|1|1|419.28805848|73|2|1|2|1|1|1|1
3447595|1|1|1|593.66711151|73|2|1|2|1|1|1|1
3447596|1|1|1|384.25707794|73|2|1|2|1|1|1|1
3447597|1|1|1|561.02152674|73|2|1|2|1|1|1|1
3447598|1|1|1|613.0215046|73|2|1|2|1|1|1|1
3447599|1|1|1|391.84519628|73|2|1|2|1|1|1|1
3447600|1|1|1|402.23694782|73|2|1|2|1|1|1|1
3447601|1|1|1|402.23694782|73|2|1|2|1|1|1|1
3447602|1|1|1|437.26528927|73|1|1|0|2|2|1|1
3447603|1|1|1|501.25833618|73|1|1|0|2|2|1|1
3447604|1|1|1|520.61272927|73|1|1|0|2|2|1|1
3447605|1|1|1|502.5590979|73|1|1|0|2|2|1|1
3447606|1|1|1|561.02152674|73|1|1|0|2|2|1|1
3447607|1|1|1|419.28805848|73|1|1|0|2|2|1|1
3447608|1|1|1|535.20468268|73|1|1|0|2|2|1|1
3447609|1|1|1|502.5590979|73|1|1|0|2|2|1|1
3447610|1|1|1|502.5590979|73|1|1|0|2|2|1|1
3447611|1|1|1|501.25833618|73|2|1|2|1|1|1|1
3447612|1|1|1|410.15032258|73|2|1|2|1|1|1|1
3447613|1|1|1|402.23694782|73|1|1|2|1|1|1|1
3447614|1|1|1|516.69740405|73|2|1|2|1|1|1|1
3447615|1|1|1|501.25833618|73|2|1|2|1|1|1|1
3447616|1|1|1|350.15532521|73|2|1|2|1|1|1|1
3447617|1|1|1|561.02152674|73|2|1|2|1|1|1|1
3447618|1|1|1|577.86609613|73|2|1|2|1|1|1|1
3447619|1|1|1|410.15032258|73|2|1|2|1|1|1|1
3447620|1|1|1|218.74683871|73|2|1|3|1|1|1|1
3447621|1|1|1|274.87820924|73|1|1|3|1|1|1|1
3447622|1|1|1|243.59113867|73|1|1|3|1|1|1|1
3447623|1|1|1|273.43965574|73|1|1|3|1|1|1|1
3447624|1|1|1|218.70609173|73|1|1|3|1|1|1|1
3447625|1|1|1|302.15973639|73|1|1|3|1|1|1|1
3447626|1|1|1|231.87098915|73|2|1|3|1|1|1|1
3447627|1|1|1|268.03151888|73|1|1|3|1|1|1|1
3447628|1|1|1|375.53574304|73|1|1|3|1|1|1|1
3447629|1|1|1|204.87074667|73|2|1|3|1|1|1|1
3447630|1|1|1|299.21148093|73|2|1|3|1|1|1|1
3447631|1|1|1|272.26374312|73|2|1|1|1|1|1|1
3447632|1|1|1|204.46984883|73|2|1|1|1|1|1|1
3447633|1|1|1|346.64453694|73|2|1|1|1|1|1|1
3447634|1|1|1|216.68417377|73|2|1|1|1|1|1|1
3447635|1|1|1|284.8363544|73|2|1|1|1|1|1|1
3447636|1|1|1|436.4306628|73|2|1|2|1|1|1|1
3447637|1|1|1|517.24424626|73|2|1|2|1|1|1|1
3447638|1|1|1|552.19436001|73|2|1|2|1|1|1|1
3447639|1|1|1|530.91127554|73|2|1|2|1|1|1|1
3447640|1|1|1|415.11403792|73|2|1|2|1|1|1|1
3447641|1|1|1|573.87820779|73|2|1|2|1|1|1|1
3447642|1|1|1|308.33371145|73|2|1|2|1|1|1|1
3447643|1|1|1|420.38644817|73|1|1|2|1|1|1|1
3447644|1|1|1|484.54972498|73|2|1|2|1|1|1|1
3447645|1|1|1|527.16677464|73|2|1|2|1|1|1|1
3447646|1|1|1|371.44850867|73|2|1|2|1|1|1|1
3447647|1|1|1|653.78479419|73|2|1|2|1|1|1|1
3447648|1|1|1|485.80712797|73|2|1|2|1|1|1|1
3447649|1|1|1|388.82904955|73|2|1|2|1|1|1|1
3447650|1|1|1|356.12383847|73|2|1|4|1|1|1|1
3447651|1|1|1|362.9609359|73|2|1|4|1|1|1|1
3447652|1|1|1|339.95436918|73|2|1|4|1|1|1|1
3447653|1|1|1|412.75155181|73|2|1|4|1|1|1|1
3447654|1|1|1|318.99230285|73|2|1|4|1|1|1|1
3447655|1|1|1|339.95436918|73|2|1|4|1|1|1|1
3447656|1|1|1|405.08319751|73|2|1|2|1|1|1|1
3447657|1|1|1|442.34326248|73|2|1|2|1|1|1|1
3447658|1|1|1|203.62918902|73|2|1|2|1|1|1|1
3447659|1|1|1|434.42389136|73|1|1|2|1|1|1|1
3447660|1|1|1|527.98279662|73|2|1|2|1|1|1|1
3447661|1|1|1|304.72996074|73|2|1|2|1|1|1|1
3447662|1|1|1|392.54467543|73|1|1|2|1|1|1|1
3447663|1|1|1|514.51149664|73|2|1|2|1|1|1|1
3447664|1|1|1|328.29581238|73|2|1|2|1|1|1|1
3447665|1|1|1|427.56563323|73|2|1|2|1|1|1|1
3447666|1|1|1|434.42389136|73|1|1|2|1|1|1|1
3447667|1|1|1|317.9599653|73|2|1|2|1|1|1|1
3447668|1|1|1|262.69767789|73|1|1|2|1|1|1|1
3447669|1|1|1|367.58944653|73|2|1|2|1|1|1|1
3447670|1|1|1|391.52954203|73|2|1|2|1|1|1|1
3447671|1|1|1|378.91142964|73|2|1|2|1|1|1|1
3447672|1|1|1|367.58944653|73|2|1|2|1|1|1|1
3447673|1|1|1|448.59521144|73|1|1|2|1|1|1|1
3447674|1|1|1|379.94213076|73|1|1|2|1|1|1|1
3447676|1|1|1|288.03261275|73|2|1|3|1|1|1|1
3447677|1|1|1|398.18836836|73|2|1|3|1|1|1|1
3447678|1|1|1|374.35190964|73|2|1|3|1|1|1|1
3447679|1|1|1|504.42163524|73|2|1|3|1|1|1|1
3447680|1|1|1|409.63476555|73|2|1|3|1|1|1|1
3447681|1|1|1|366.94791275|73|2|1|3|1|1|1|1
3447682|1|1|1|317.44242563|73|2|1|3|1|1|1|1
3447683|1|1|1|317.53327776|73|2|1|3|1|1|1|1
3447684|1|1|1|2936.9206083|76|2|1|6|1|1|1|1
3447685|1|1|1|1216.9204114|76|2|1|6|1|1|1|1
3447686|1|1|1|1216.9204114|76|2|1|6|2|1|1|1
3447687|1|1|1|2335.4928156|76|2|1|6|2|1|1|1
3447688|1|1|1|823.68088594|76|2|1|6|2|1|1|1
3447689|1|1|1|823.68088594|76|2|1|6|2|1|1|1
3447690|1|1|1|2335.4928156|76|2|1|6|2|1|1|1
3447691|1|1|1|764.84653694|76|2|1|4|2|1|1|1
3447692|1|1|1|764.84653694|76|2|1|4|2|1|1|1
3447693|1|1|1|764.84653694|76|2|1|4|1|1|1|1
3447694|1|1|1|764.84653694|76|2|1|4|1|1|1|1
3447695|1|1|1|764.84653694|76|2|1|4|1|1|1|1
3447696|1|1|1|768.76882687|76|2|1|3|1|1|1|1
3447697|1|1|1|768.76882687|76|1|1|3|1|1|1|1
3447699|1|1|1|1135.7923839|76|2|1|3|1|1|1|1
3447700|1|1|1|768.76882687|76|2|1|3|1|1|1|1
3447701|1|1|1|768.76882687|76|2|1|3|1|1|1|1
3447702|1|1|1|1418.4876939|76|2|1|3|1|1|1|1
3447703|1|1|1|768.76882687|76|2|1|3|1|1|1|1
3447704|1|1|1|875.16094131|76|1|1|3|1|1|1|1
3447705|1|1|1|2932.0197702|76|2|1|3|1|1|1|1
3447706|1|1|1|875.16094131|76|1|1|3|1|1|1|1
3447707|1|1|1|3777.0103783|76|2|1|3|1|1|1|1
3447708|1|1|1|3777.0103783|76|2|1|3|1|1|1|1
3447709|1|1|1|875.16094131|76|2|1|3|1|1|1|1
3447710|1|1|1|1894.4308896|76|1|1|3|1|1|1|1
3447711|1|1|1|1987.9826517|76|1|1|3|1|1|1|1
3447712|1|1|1|5096.7293649|76|1|1|3|1|1|1|1
3447713|1|1|1|1304.7105233|76|1|1|3|1|1|1|1
3447714|1|1|1|1304.7105233|76|1|1|3|1|1|1|1
3447715|1|1|1|4652.0822435|76|2|1|3|1|1|1|1
3447716|1|1|1|1642.1210534|76|2|1|3|1|1|1|1
3447717|1|1|1|1962.7291363|76|2|1|3|1|1|1|1
3447718|1|1|1|5347.6005341|76|1|1|3|1|1|1|1
3447719|1|1|1|3699.42062|76|1|1|3|1|1|1|1
3447720|1|1|1|4976.7666161|76|1|1|4|1|1|1|1
3447721|1|1|1|1153.1532403|76|1|1|4|1|1|1|1
3447722|1|1|1|1757.055374|76|2|1|3|1|1|1|1
3447723|1|1|1|1153.1532403|76|1|1|4|1|1|1|1
3447724|1|1|1|4976.7666161|76|2|1|3|1|1|1|1
3447725|1|1|1|1757.055374|76|2|1|3|1|1|1|1
3447726|1|1|1|3910.3166269|76|1|1|2|1|1|1|1
3447727|1|1|1|3035.5028209|76|2|1|3|1|1|1|1
3447728|1|1|1|3910.3166269|76|1|1|3|1|2|2|2
3447729|1|1|1|906.04897453|76|1|1|3|1|1|1|1
3447730|1|1|1|906.04897453|76|2|1|2|1|1|1|1
3447731|1|1|1|906.04897453|76|1|1|3|1|1|1|1
3447732|1|1|1|3910.3166269|76|2|1|2|1|1|1|1
3447733|1|1|1|3349.3657262|76|1|1|3|1|1|1|1
3447734|1|1|1|1380.5435082|76|2|1|3|1|1|1|1
3447735|1|1|1|2034.8097623|76|1|1|2|1|1|1|1
3447736|1|1|1|1285.4988044|76|2|1|2|1|1|1|1
3447737|1|1|1|1021.3642986|76|2|1|2|1|1|1|1
3447738|1|1|1|4407.9932885|76|2|1|2|1|1|1|1
3447739|1|1|1|1021.3642986|76|1|1|2|1|1|1|1
3447740|1|1|1|1556.2490456|76|2|1|2|1|1|1|1
3447741|1|1|1|1021.3642986|76|1|1|2|1|1|1|1
3447742|1|1|1|1021.3642986|76|1|1|2|1|1|1|1
3447743|1|1|1|922.52259225|76|2|1|1|1|1|1|1
3447744|1|1|1|922.52259225|76|1|1|1|1|1|1|1
3447745|1|1|1|922.52259225|76|1|1|2|1|1|1|1
3447746|1|1|1|922.52259225|76|2|1|2|1|1|1|1
3447747|1|1|1|922.52259225|76|1|1|2|1|1|1|1
3447748|1|1|1|922.52259225|76|2|1|2|1|1|1|1
3447749|1|1|1|922.52259225|76|2|1|1|1|1|1|1
3447750|1|1|1|3981.4132929|76|1|1|2|1|1|1|1
3447751|1|1|1|3981.4132929|76|1|1|1|1|1|1|1
3447752|1|1|1|922.52259225|76|2|1|2|1|1|1|1
3447753|1|1|1|922.52259225|76|2|1|1|1|1|1|1
3447754|1|1|1|4147.3055134|76|1|1|2|1|1|1|1
3447755|1|1|1|960.96103359|76|2|1|2|1|1|1|1
3447756|1|1|1|3822.8080691|76|1|1|2|1|1|1|1
3447757|1|1|1|960.96103359|76|1|1|2|1|1|1|1
3447758|1|1|1|960.96103359|76|1|1|2|1|1|1|1
3447759|1|1|1|960.96103359|76|2|1|2|1|1|1|1
3447760|1|1|1|960.96103359|76|2|1|2|1|1|1|1
3447761|1|1|1|2517.8069308|76|2|1|2|1|1|1|1
3447762|1|1|1|960.96103359|76|2|1|2|1|1|1|1
3447763|1|1|1|4147.3055134|76|2|1|2|1|1|1|1
3447764|1|1|1|1235.5213289|76|1|1|3|1|1|1|1
3447765|1|1|1|1235.5213289|76|1|1|3|1|1|1|1
3447766|1|1|1|5332.2499458|76|2|1|3|1|1|1|1
3447767|1|1|1|986.21077504|76|1|1|4|1|1|1|1
3447768|1|1|1|986.21077504|76|1|1|4|1|1|1|1
3447769|1|1|1|986.21077504|76|1|1|4|1|1|1|1
3447770|1|1|1|986.21077504|76|1|1|4|1|1|1|1
3447771|1|1|1|986.21077504|76|1|1|4|1|1|1|1
3447772|1|1|1|1502.6857503|76|1|1|5|1|1|1|1
3447773|1|1|1|986.21077504|76|1|1|4|1|1|1|1
3447774|1|1|1|1669.1866027|76|2|1|1|2|1|1|1
3447775|1|1|1|2010.0054805|76|1|1|2|1|1|1|1
3447776|1|1|1|4265.7999566|76|1|1|2|1|1|1|1
3447777|1|1|1|988.41706312|76|1|1|2|2|1|1|1
3447778|1|1|1|988.41706312|76|2|1|2|1|1|1|1
3447780|1|1|1|2808.2451015|76|1|1|2|1|1|1|1
3447781|1|1|1|3212.6135171|76|1|1|2|1|1|1|1
3447782|1|1|1|4088.0582918|76|1|1|2|1|1|1|1
3447783|1|1|1|3768.1965253|76|2|1|2|1|1|1|1
3447784|1|1|1|4088.0582918|76|1|1|2|1|1|1|1
3447785|1|1|1|2685.816738|76|1|1|2|1|1|1|1
3447786|1|1|1|947.23301883|76|2|1|2|1|1|1|1
3447787|1|1|1|3999.1874594|76|2|1|1|1|1|1|1
3447788|1|1|1|926.64099668|76|1|1|1|1|1|1|1
3447789|1|1|1|926.64099668|76|2|1|1|1|1|1|1
3447790|1|1|1|2627.4294176|76|1|1|1|1|1|1|1
3447791|1|1|1|926.64099668|76|1|1|1|1|1|1|1
3447792|1|1|1|2914.9519658|76|1|1|1|1|1|1|1
3447793|1|1|1|926.64099668|76|1|1|1|1|1|1|1
3447794|1|1|1|3999.1874594|76|1|1|1|1|1|1|1
3447795|1|1|1|2088.5257637|76|1|1|1|1|1|1|1
3447796|1|1|1|926.64099668|76|1|1|1|1|1|1|1
3447797|1|1|1|32.354165628|88|1|1|4|2|1|1|1
3447798|1|1|1|32.354165628|88|1|1|4|2|1|1|1
3447799|1|1|1|36.398436332|88|1|1|4|2|1|1|1
3447800|1|1|1|32.959246369|88|1|1|4|2|1|1|1
3447801|1|1|1|46.836986926|88|1|1|4|2|1|1|1
3447802|1|1|1|42.7105117|88|2|1|4|2|1|1|1
3447803|1|1|1|51.073951388|88|2|1|4|2|1|1|1
3447804|1|1|1|32.708519189|88|1|1|4|2|1|1|1
3447805|1|1|1|56.614733405|88|1|1|4|2|1|1|1
3447806|1|1|1|50.639245266|88|1|1|4|2|1|1|1
3447807|1|1|1|36.147709151|88|1|1|4|2|1|1|1
3447808|1|1|1|50.823224207|88|2|1|4|2|1|1|1
3447810|1|1|1|28.208788157|88|1|1|2|2|1|1|2
3447811|1|1|1|37.843331814|88|1|1|2|2|1|1|2
3447812|1|1|1|66.096126361|88|1|1|2|2|1|1|2
3447813|1|1|1|34.184770517|88|1|1|2|2|1|1|2
3447814|1|1|1|30.599316321|88|1|1|1|2|2|1|2
3447815|1|1|1|21.972830913|88|2|1|3|2|2|1|2
3447816|1|1|1|15.733351768|88|2|1|1|2|2|1|2
3447817|1|1|1|21.805679459|88|1|1|3|2|2|1|2
3447818|1|1|1|41.315572766|88|2|1|1|2|2|1|2
3447819|1|1|1|24.098472767|88|1|1|3|2|2|1|2
3447820|1|1|1|45.587010578|88|2|1|1|2|2|1|2
3447821|1|1|1|31.299552082|88|2|1|3|2|2|1|2
3447822|1|1|1|33.882149471|88|1|1|3|2|2|1|2
3447823|1|1|1|35.329514628|88|1|1|1|2|2|1|2
3447824|1|1|1|56.904300361|88|1|1|1|2|1|1|2
3447825|1|1|1|26.367397096|88|1|1|1|2|1|1|2
3447826|1|1|1|26.367397096|88|1|1|1|2|1|1|2
3447827|1|1|1|40.511396213|88|1|1|1|2|1|1|2
3447829|1|1|1|36.398436332|88|1|1|3|2|1|1|1
3447830|1|1|1|53.244999123|88|1|1|2|2|2|1|1
3447831|1|1|1|70.261293311|88|2|1|2|2|2|1|2
3447832|1|1|1|44.340561963|88|1|1|2|2|2|1|1
3447833|1|1|1|54.621614765|88|1|1|2|2|2|1|2
3447834|1|1|1|31.658165548|88|1|1|2|2|2|1|1
3447835|1|1|1|51.422467359|88|1|1|2|2|2|1|2
3447836|1|1|1|46.949328123|88|1|1|2|2|2|1|1
3447837|1|1|1|54.26241417|88|1|1|2|2|2|1|2
3447838|1|1|1|57.230380924|88|1|1|2|2|2|1|2
3447839|1|1|1|51.073951388|88|2|1|3|2|2|1|2
3447840|1|1|1|29.466513963|88|1|1|3|2|1|1|1
3447841|1|1|1|40.511396213|88|1|1|3|2|1|1|1
3447842|1|1|1|18.880022121|88|1|1|3|2|1|1|1
3447843|1|1|1|29.118749066|88|1|1|3|2|1|1|1
3447844|1|1|1|47.288926695|88|1|1|3|2|1|1|1
3447845|1|1|1|35.086923305|88|2|1|3|2|1|1|1
3447846|1|1|1|47.288926695|88|1|1|3|2|1|1|1
3447847|1|1|1|40.105656929|88|1|1|2|2|2|1|1
3447848|1|1|1|49.674603466|88|1|1|2|2|2|1|1
3447849|1|1|1|39.60569373|88|2|1|2|2|2|1|1
3447850|1|1|1|42.067131878|88|2|1|2|2|2|1|1
3447851|1|1|1|39.832107973|88|1|1|3|2|2|1|2
3447852|1|1|1|46.436046282|88|1|1|2|2|2|1|1
3447853|1|1|1|33.035029549|88|1|1|3|2|2|1|2
3447854|1|1|1|39.57078408|88|1|1|2|2|2|1|1
3447855|1|1|1|55.963821292|88|2|1|2|2|2|1|1
3447856|1|1|1|45.502358756|88|1|1|3|2|2|1|2
3447857|1|1|1|23.22991506|88|1|1|3|2|2|1|2
3447858|1|1|1|25.15305595|88|1|1|3|2|2|1|2
3447859|1|1|1|36.294716473|88|1|1|1|2|2|1|2
3447860|1|1|1|28.852628255|88|1|1|1|2|2|1|2
3447861|1|1|1|36.776973696|88|1|1|1|2|2|1|2
3447862|1|1|1|40.007928587|88|1|1|1|2|2|1|2
3447863|1|1|1|48.545798|88|1|1|1|2|2|1|2
3447864|1|1|1|28.51210846|88|1|1|1|2|2|1|2
3447865|1|1|1|32.959246369|88|1|1|2|2|2|1|2
3447866|1|1|1|50.553385218|88|2|1|1|2|2|1|2
3447867|1|1|1|35.977122275|88|1|1|2|2|2|1|2
3447868|1|1|1|41.844137|88|1|1|1|2|2|1|2
3447869|1|1|1|59.980240509|88|1|1|2|2|2|1|2
3447870|1|1|1|32.959246369|88|2|1|1|2|2|1|2
3447871|1|1|1|40.272332416|88|1|1|1|2|2|1|2
3447872|1|1|1|61.104277009|88|1|1|2|2|2|1|2
3447873|1|1|1|72.505139132|88|1|1|1|2|2|1|2
3447874|1|1|1|61.104277009|88|2|1|3|2|2|1|2
3447875|1|1|1|36.398436332|88|1|1|2|2|2|1|2
3447876|1|1|1|42.347443323|88|1|1|3|2|2|1|2
3447877|1|1|1|46.949328123|88|2|1|2|2|2|1|2
3447878|1|1|1|36.398436332|88|1|1|3|2|2|1|2
3447879|1|1|1|51.073951388|88|2|1|2|2|2|1|2
3447880|1|1|1|36.398436332|88|1|1|3|2|2|1|2
3447881|1|1|1|48.830105566|88|1|1|2|2|1|1|2
3447882|1|1|1|42.209057338|88|2|1|3|2|2|1|2
3447884|1|1|1|33.978032443|88|1|1|2|2|1|1|1
3447885|1|1|1|32.516412106|88|1|1|2|2|1|1|1
3447886|1|1|1|23.986247405|88|1|1|2|2|1|1|1
3447887|1|1|1|26.692186643|88|1|1|2|2|1|1|1
3447888|1|1|1|37.454231018|88|1|1|2|2|1|1|1
3447889|1|1|1|37.135446528|88|1|1|2|2|1|1|1
3447890|1|1|1|1786.2572531|05|2|1|2|1|1|1|1
3447891|1|1|1|4479.8447932|05|2|1|1|1|1|1|1
3447892|1|1|1|4344.01614|05|2|1|2|1|1|1|1
3447893|1|1|1|2351.2552376|05|2|1|2|2|1|1|1
3447894|1|1|1|3378.2934083|05|2|1|2|1|1|1|1
3447895|1|1|1|1455.1543782|05|2|1|2|1|1|1|1
3447896|1|1|1|4479.8447932|05|2|1|2|2|1|1|1
3447897|1|1|1|4434.9093748|05|2|1|2|1|1|1|1
3447898|1|1|1|3915.851203|05|2|1|2|2|1|1|1
3447899|1|1|1|1430.1842241|05|2|1|2|2|1|1|1
3447900|1|1|1|3871.1382168|05|2|1|1|2|1|1|1
3447901|1|1|1|3304.6448137|05|2|1|1|1|1|1|1
3447902|1|1|1|2855.4682205|05|2|1|1|1|1|1|1
3447903|1|1|1|2092.5324481|05|2|1|1|2|1|1|1
3447904|1|1|1|1462.1841095|05|3|1|2|1|1|1|1
3447905|1|1|1|2243.8383146|05|2|1|1|1|1|1|1
3447906|1|1|1|2092.5324481|05|2|1|1|1|1|1|1
3447907|1|1|1|1462.1841095|05|2|1|1|1|1|1|1
3447908|1|1|1|2901.7594043|05|2|1|1|1|1|1|1
3447909|1|1|1|2659.250645|05|2|1|1|2|1|1|1
3447910|1|1|1|1462.1841095|05|2|2||2|2|1|2
3447911|1|1|1|2866.0138001|05|2|1|1|1|1|1|1
3447912|1|1|1|1892.4174761|05|2|1|1|1|1|1|1
3447913|1|1|1|2362.7263554|05|2|1|1|1|1|1|1
3447914|1|1|1|1832.1494512|05|2|1|3|1|1|1|1
3447915|1|1|1|4406.1497573|05|1|1|2|1|1|1|1
3447916|1|1|1|3633.6548246|05|2|1|3|1|1|1|1
3447917|1|1|1|2420.394071|05|2|1|3|1|1|1|1
3447918|1|1|1|1776.4370872|05|1|1|3|1|1|1|1
3447919|1|1|1|1317.3566653|05|2|1|3|1|1|1|1
3447920|1|1|1|1964.6276646|05|1|1|3|2|1|1|1
3447921|1|1|1|1901.8578422|05|2|1|3|1|1|1|1
3447922|1|1|1|2893.2365333|05|2|1|3|1|1|1|1
3447923|1|1|1|2830.0490317|05|2|1|3|1|1|1|1
3447924|1|1|1|3226.2488744|05|4|1|3|1|1|1|1
3447925|1|1|1|1391.008692|05|2|1|3|1|1|1|1
3447926|1|1|1|2293.4122188|05|2|1|3|1|1|1|1
3447927|1|1|1|3672.9162279|05|2|1|3|1|1|1|1
3447928|1|1|1|2696.1888624|05|1|1|3|1|1|1|1
3447929|1|1|1|1707.3685085|05|2|1|3|2|1|1|1
3447930|1|1|1|3672.9162279|05|2|1|4|1|1|1|1
3447931|1|1|1|1448.6763102|05|2|1|2|2|1|1|1
3447933|1|1|1|2494.3751216|05|2|1|3|2|1|1|1
3447935|1|1|1|4154.2073632|05|3|1|3|2|1|1|1
3447936|1|1|1|2209.2313731|05|2|1|3|2|1|1|1
3447937|1|1|1|3773.3752114|05|2|1|3|2|1|1|1
3447938|1|1|1|4154.2073632|05|2|1|3|2|1|1|1
3447939|1|1|1|5350.8546327|05|2|1|3|2|1|1|1
3447940|1|1|1|1517.238916|05|3|1|2|2|1|1|1
3447941|1|1|1|1517.238916|05|3|1|2|2|1|1|1
3447942|1|1|1|3632.8014668|05|3|1|2|2|1|1|1
3447943|1|1|1|3651.8449095|05|2|1|4|1|1|1|1
3447944|1|1|1|2044.5834417|05|2|1|4|1|1|1|1
3447945|1|1|1|3485.197155|05|2|1|4|1|1|1|1
3447946|1|1|1|1332.3408373|05|2|1|4|1|1|1|1
3447947|1|1|1|1470.2106059|05|2|1|4|1|1|1|1
3447948|1|1|1|3135.3493855|05|2|1|4|1|1|1|1
3447949|1|1|1|4101.7504756|05|2|1|4|1|1|1|1
3447950|1|1|1|3585.3573675|05|2|1|4|1|1|1|1
3447951|1|1|1|3093.1689007|05|2|1|4|1|1|1|1
3447952|1|1|1|3298.8543654|05|2|1|4|1|1|1|1
3447953|1|1|1|4746.3413574|05|1|1|1|1|1|1|1
3447954|1|1|1|4285.1759258|05|2|1|1|1|1|1|1
3447955|1|1|1|4277.289005|05|2|1|1|1|1|1|1
3447956|1|1|1|4756.3799379|05|2|1|1|1|1|1|1
3447957|1|1|1|3772.9278825|05|2|1|1|1|1|1|1
3447958|1|1|1|2718.1860945|05|2|1|1|1|1|1|1
3447959|1|1|1|2135.9614726|05|2|1|1|1|1|1|1
3447960|1|1|1|2487.3364101|05|2|1|1|1|1|1|1
3447962|1|1|1|3231.5180794|05|2|1|1|1|1|1|1
3447963|1|1|1|3001.5221268|05|2|1|1|1|1|1|1
3447964|1|1|1|1368.0023013|05|2|1|1|2|1|1|1
3447965|1|1|1|2303.1556395|05|2|1|5|1|1|1|1
3447966|1|1|1|1026.001726|05|2|1|5|1|1|1|1
3447967|1|1|1|2809.1976022|05|2|1|5|1|1|1|1
3447968|1|1|1|3213.8016995|05|2|1|5|1|1|1|1
3447969|1|1|1|1601.9711044|05|2|1|5|1|1|1|1
3447970|1|1|1|2456.6075493|05|2|1|5|1|1|1|1
3447971|1|1|1|2456.6075493|05|2|1|5|1|1|1|1
3447972|1|1|1|4238.604152|05|2|1|1|2|1|1|1
3447973|1|1|1|3657.6413863|05|2|1|1|2|1|1|1
3447974|1|1|1|3068.5598425|05|2|1|3|1|1|1|1
3447975|1|1|1|2144.3606961|05|2|1|2|1|1|1|1
3447976|1|1|1|2107.4019072|05|2|1|3|1|1|1|1
3447977|1|1|1|3068.5598425|05|2|1|3|1|1|1|1
3447978|1|1|1|5824.4944449|05|2|1|3|1|1|1|1
3447979|1|1|1|6601.295853|05|2|1|3|1|1|1|1
3447980|1|1|1|3290.4398455|05|2|1|3|1|1|1|1
3447981|1|1|1|5810.5100459|05|2|1|3|1|1|1|1
3447982|1|1|1|2144.1958736|05|2|1|3|1|1|1|1
3447983|1|1|1|2107.4019072|05|2|1|3|1|1|1|1
3447984|1|1|1|2880.3683915|05|1|1|2|1|1|1|1
3447985|1|1|1|1854.2413078|05|2|1|2|1|1|1|1
3447986|1|1|1|1822.2828256|05|2|1|2|1|1|1|1
3447987|1|1|1|4225.2217778|05|2|1|2|1|1|1|1
3447988|1|1|1|4398.1466245|05|2|1|2|2|1|1|1
3447989|1|1|1|2845.2626899|05|2|1|2|2|1|1|1
3447990|1|1|1|4304.6271859|05|2|1|2|1|1|1|1
3447991|1|1|1|2845.2626899|05|2|1|2|1|1|1|1
3447992|1|1|1|1822.2828256|05|2|1|2|1|1|1|1
3447993|1|1|1|1822.2828256|05|2|1|2|1|1|1|1
3447994|1|1|1|1307.8622256|08|1|1|1|1|1|1|1
3447995|1|1|1|1000.2105359|08|1|1|1|1|1|1|1
3447996|1|1|1|1094.8186905|08|1|1|1|1|1|1|1
3447997|1|1|1|834.19441462|08|2|1|1|1|1|1|1
3447998|1|1|1|1002.0593927|08|1|1|1|1|1|1|1
3447999|1|1|1|1100.4734786|08|1|1|1|1|1|1|1
3448000|1|1|1|951.12406746|08|1|1|1|1|1|1|1
3448001|1|1|1|1225.4730543|08|2|1|1|1|1|1|1
3448002|1|1|1|921.94116668|08|2|1|1|1|1|1|1
3448003|1|1|1|918.13523545|08|2|1|1|1|1|1|1
3448004|1|1|1|727.46735098|08|2|1|1|1|1|1|1
3448005|1|1|1|745.82998336|08|1|1|1|1|1|1|1
3448006|1|1|1|1249.0403327|08|2|1|3|1|1|1|1
3448007|1|1|1|1403.0207364|08|2|1|3|1|1|1|1
3448008|1|1|1|1186.9085922|08|2|1|3|1|1|1|1
3448009|1|1|1|866.16235628|08|2|1|3|1|1|1|1
3448010|1|1|1|866.16235628|08|2|1|3|1|1|1|1
3448011|1|1|1|892.04198218|08|2|1|3|1|1|1|1
3448012|1|1|1|998.68345903|08|2|1|3|1|1|1|1
3448013|1|1|1|1053.2311505|08|1|1|3|1|1|1|1
3448014|1|1|1|944.83382174|08|2|1|3|1|1|1|1
3448015|1|1|1|981.31886391|08|2|1|3|1|1|1|1
3448016|1|1|1|1579.1686149|08|2|1|3|1|1|1|1
3448017|1|1|1|1127.5610326|08|2|1|1|1|1|1|1
3448018|1|1|1|1059.1082282|08|2|1|1|1|1|1|1
3448019|1|1|1|792.12649642|08|2|1|1|1|1|1|1
3448020|1|1|1|797.11316724|08|1|1|1|1|1|1|1
3448021|1|1|1|826.30695102|08|2|1|1|1|1|1|1
3448023|1|1|1|906.19664208|08|1|1|1|1|1|1|1
3448024|1|1|1|793.94155789|08|2|1|1|1|1|1|1
3448025|1|1|1|772.79408326|08|2|1|1|1|1|1|1
3448026|1|1|1|1219.5411386|08|2|1|1|1|1|1|1
3448027|1|1|1|2025.3097788|08|1|1|1|2|2|1|1
3448028|1|1|1|2048.678588|08|2|1|1|2|1|1|1
3448029|1|1|1|1880.5823897|08|1|1|1|2|2|1|1
3448030|1|1|1|939.05214575|08|2|1|1|1|2|1|1
3448031|1|1|1|1891.6889516|08|2|1|1|1|2|1|1
3448032|1|1|1|1425.4278532|08|1|1|1|2|2|1|1
3448033|1|1|1|1262.1098984|08|2|1|1|2|2|1|1
3448034|1|1|1|1343.1512991|08|2|1|1|1|2|1|1
3448035|1|1|1|1741.4848112|08|1|1|1|2|2|1|1
3448036|1|1|1|1262.1098984|08|2|1|1|2|2|1|1
3448037|1|1|1|1277.0888616|08|2|1|1|1|1|1|1
3448038|1|1|1|1046.9473363|08|2|1|1|1|1|1|1
3448039|1|1|1|974.43482534|08|2|1|1|1|1|1|1
3448040|1|1|1|1014.6927995|08|1|1|1|1|1|1|1
3448041|1|1|1|1148.4094383|08|2|1|1|1|1|1|1
3448042|1|1|1|1403.8481772|08|2|1|1|1|1|1|1
3448043|1|1|1|828.5031234|08|2|1|1|1|1|1|1
3448044|1|1|1|705.24785294|08|1|1|1|2|2|2|2
3448045|1|1|1|815.17475559|08|1|1|1|1|1|1|1
3448046|1|1|1|721.53747703|08|1|1|1|1|1|1|1
3448047|1|1|1|1393.5281836|08|2|1|1|1|1|1|1
3448048|1|1|1|1079.4507503|08|2|1|2|1|1|1|1
3448049|1|1|1|1179.1835133|08|2|1|2|1|1|1|1
3448050|1|1|1|1443.5900471|08|2|1|2|1|1|1|1
3448051|1|1|1|1073.4896612|08|2|1|2|1|1|1|1
3448052|1|1|1|1188.2938269|08|2|1|2|1|1|1|1
3448053|1|1|1|952.66851959|08|2|1|2|1|1|1|1
3448054|1|1|1|811.57050875|08|1|1|2|1|1|1|1
3448055|1|1|1|491.25552706|08|1|1|2|1|1|1|1
3448056|1|1|1|1184.5612215|08|2|1|2|1|1|1|1
3448057|1|1|1|1072.2493978|08|1|1|2|1|1|1|1
3448058|1|1|1|974.43772797|08|2|1|2|1|1|1|1
3448059|1|1|1|1075.2820971|08|2|1|2|1|1|1|1
3448060|1|1|1|962.25881674|08|2|1|2|1|1|1|1
3448061|1|1|1|1075.2820971|08|1|1|2|1|1|1|1
3448062|1|1|1|1308.9797466|08|1|1|1|1|1|1|1
3448063|1|1|1|1754.511721|08|1|1|1|1|1|1|1
3448064|1|1|1|1482.2488776|08|1|1|1|1|1|1|1
3448065|1|1|1|1129.7769865|08|2|1|1|1|1|1|1
3448066|1|1|1|1591.2806709|08|1|1|1|1|1|1|1
3448067|1|1|1|1482.2488776|08|1|1|1|1|1|1|1
3448068|1|1|1|1622.9381899|08|2|1|1|1|1|1|1
3448069|1|1|1|1412.0102202|08|1|1|1|1|1|1|1
3448070|1|1|1|1279.9811268|08|2|1|1|1|1|1|1
3448071|1|1|1|1869.0394797|08|2|1|1|1|1|1|1
3448072|1|1|1|1238.6551044|08|1|1|2|1|1|1|1
3448073|1|1|1|1777.3802609|08|2|1|2|1|1|1|1
3448074|1|1|1|1476.0902348|08|2|1|2|1|1|1|1
3448075|1|1|1|1705.2515135|08|2|1|2|1|1|1|1
3448076|1|1|1|1529.2705777|08|2|1|2|1|1|1|1
3448077|1|1|1|2009.9476471|08|2|1|2|1|1|1|1
3448078|1|1|1|1622.7922866|08|2|1|2|1|1|1|1
3448079|1|1|1|1467.7919296|08|2|1|2|1|1|1|1
3448080|1|1|1|2577.9761411|08|2|1|2|1|1|1|1
3448081|1|1|1|1817.497198|08|2|1|2|1|1|1|1
3448082|1|1|1|1817.497198|08|1|1|2|1|1|1|1
3448083|1|1|1|1657.6807633|08|2|1|2|1|1|1|1
3448084|1|1|1|2153.8795683|08|2|1|2|1|1|1|1
3448085|1|1|1|1951.7546506|08|2|1|2|1|1|1|1
3448086|1|1|1|2005.5176757|08|1|1|2|1|1|1|1
3448087|1|1|1|1842.776659|08|2|1|2|1|1|1|1
3448088|1|1|1|1757.8961451|08|1|1|2|1|1|1|1
3448089|1|1|1|2169.5772075|08|1|1|2|1|1|1|1
3448090|1|1|1|1885.960298|08|1|1|2|1|1|1|1
3448091|1|1|1|1998.8945319|08|2|1|2|1|1|1|1
3448092|1|1|1|2051.8146511|08|2|1|2|1|1|1|1
3448093|1|1|1|2137.3680862|08|2|1|1|1|1|1|1
3448094|1|1|1|1961.5650613|08|2|1|1|1|1|1|1
3448095|1|1|1|2152.0014787|08|1|1|1|1|1|1|1
3448096|1|1|1|1912.7085731|08|1|1|1|1|1|1|1
3448097|1|1|1|1930.8840942|08|2|1|1|1|1|1|1
3448098|1|1|1|2051.6511414|08|1|1|1|1|1|1|1
3448099|1|1|1|1656.8922666|08|2|1|1|1|1|1|1
3448100|1|1|1|1530.3955288|08|2|1|1|1|1|1|1
3448101|1|1|1|1912.7085731|08|2|1|1|1|1|1|1
3448102|1|1|1|9592.4184319|11|1|1|2|1|1|1|1
3448103|1|1|1|4098.8916792|11|2|1|2|1|1|1|1
3448104|1|1|1|9703.331014|11|1|1|2|1|1|1|1
3448105|1|1|1|10972.868599|11|2|1|2|1|1|1|1
3448106|1|1|1|4275.2364805|11|2|1|3|1|1|1|1
3448107|1|1|1|6681.9404237|11|2|1|3|1|1|1|1
3448108|1|1|1|4558.4066968|11|2|1|3|1|1|1|1
3448109|1|1|1|4275.2364805|11|2|1|3|1|1|1|1
3448110|1|1|1|4275.2364805|11|2|1|3|1|1|1|1
3448111|1|1|1|7789.9665502|11|2|1|3|1|1|1|1
3448112|1|1|1|9966.1552566|11|2|1|3|1|1|1|1
3448113|1|1|1|2848.2876928|11|2|1|3|1|1|1|1
3448114|1|1|1|5941.7821828|11|2|1|3|1|1|1|1
3448115|1|1|1|2969.3113739|11|2|1|3|1|1|1|1
3448116|1|1|1|6016.0544601|11|2|1|1|1|1|1|1
3448117|1|1|1|4881.5429459|11|1|1|1|1|1|1|1
3448118|1|1|1|7099.9836085|11|1|1|1|1|1|1|1
3448119|1|1|1|8204.5703204|11|1|1|1|1|1|1|1
3448120|1|1|1|4445.5334075|11|3|1|1|1|1|1|1
3448121|1|1|1|6231.2833465|11|2|1|1|1|1|1|1
3448122|1|1|1|4328.6769365|11|2|1|2|2|2|2|2
3448123|1|1|1|4206.5244464|11|2|1|1|1|1|1|1
3448124|1|1|1|6056.5850141|11|1|1|1|1|1|1|1
3448125|1|1|1|7906.6455818|11|1|1|1|1|1|1|1
3448126|1|1|1|12669.004633|11|2|1|1|1|1|1|1
3448127|1|1|1|6944.6305348|11|2|1|3|1|1|1|1
3448128|1|1|1|5311.8307871|11|1|1|3|1|1|1|1
3448129|1|1|1|3026.3056736|11|2|1|3|1|1|1|1
3448130|1|1|1|4542.4387605|11|2|1|3|1|1|1|1
3448131|1|1|1|4542.4387605|11|2|1|3|1|1|1|1
3448132|1|1|1|9501.7534744|11|2|1|3|1|1|1|1
3448133|1|1|1|3026.3056736|11|1|1|3|1|1|1|1
3448134|1|1|1|5274.0827777|11|2|1|3|1|1|1|1
3448135|1|1|1|7029.1778035|11|2|1|3|1|1|1|1
3448136|1|1|1|7214.4615609|11|1|1|2|1|1|1|1
3448138|1|1|1|13479.523082|11|1|1|2|1|1|1|1
3448139|1|1|1|6135.4133062|11|3|1|2|1|1|1|1
3448140|1|1|1|9577.2831427|11|2|1|2|1|1|1|1
3448141|1|1|1|13674.283867|11|2|1|2|1|1|1|1
3448142|1|1|1|10556.408915|11|1|1|2|1|1|1|1
3448143|1|1|1|8376.4844117|11|2|1|2|1|1|1|1
3448144|1|1|1|10026.757434|11|2|1|2|1|1|1|1
3448145|1|1|1|11747.743523|11|2|1|2|1|1|1|1
3448146|1|1|1|13674.283867|11|1|1|2|1|1|1|1
3448147|1|1|1|7552.1496628|11|1|1|2|1|1|1|1
3448148|1|1|1|6764.9872701|11|1|1|2|1|1|1|1
3448149|1|1|1|9887.4135575|11|1|1|2|1|1|1|1
3448150|1|1|1|11613.462567|11|2|1|2|1|1|1|1
3448151|1|1|1|9849.0381989|11|1|1|2|1|1|1|1
3448152|1|1|1|6881.5722369|11|1|1|2|1|1|1|1
3448153|1|1|1|5271.3665805|11|1|1|2|1|1|1|1
3448154|1|1|1|5413.671794|11|1|1|2|1|1|1|1
3448155|1|1|1|6448.8338253|11|1|1|2|1|1|1|1
3448156|1|1|1|5518.1040203|11|1|1|2|1|1|1|1
3448157|1|1|1|3511.9387253|11|1|1|2|1|1|1|1
3448158|1|1|1|5271.3665805|11|1|1|2|1|1|1|1
3448159|1|1|1|5189.6881385|11|1|1|2|1|1|1|1
3448160|1|1|1|9991.3434125|11|1|1|2|1|1|1|1
3448162|1|1|1|7104.9699977|11|2|1|3|1|1|1|1
3448163|1|1|1|8300.6493661|11|2|1|3|1|1|1|1
3448164|1|1|1|4699.1153458|11|2|1|3|1|1|1|1
3448165|1|1|1|10464.463019|11|2|1|3|1|1|1|1
3448166|1|1|1|4075.0576387|11|2|1|3|1|1|1|1
3448167|1|1|1|6286.5296251|11|2|1|3|1|1|1|1
3448168|1|1|1|6583.256107|11|2|1|3|1|1|1|1
3448169|1|1|1|6862.9289991|11|2|1|3|1|1|1|1
3448170|1|1|1|6862.9289991|11|2|1|3|1|1|1|1
3448171|1|1|1|6549.1997765|11|2|1|2|1|1|1|1
3448172|1|1|1|13674.283867|11|1|1|1|1|1|1|1
3448173|1|1|1|7409.2223459|11|2|1|2|2|1|1|1
3448174|1|1|1|15091.020224|11|2|1|2|1|1|1|1
3448175|1|1|1|7409.2223459|11|1|1|2|1|1|1|1
3448176|1|1|1|13674.283867|11|1|1|2|1|1|1|1
3448177|1|1|1|10130.758738|11|1|1|2|1|1|1|1
3448178|1|1|1|4806.4854816|11|1|1|2|1|1|1|1
3448179|1|1|1|9694.995443|11|2|1|2|1|1|1|1
3448180|1|1|1|10309.092005|11|1|1|2|1|1|1|1
3448181|1|1|1|5722.2074582|11|1|1|2|1|1|1|1
3448182|1|1|1|11488.76231|11|3|1|2|1|1|1|1
3448183|1|1|1|4623.8998352|11|2|1|2|1|1|1|1
3448184|1|1|1|3283.442757|11|1|1|3|1|1|1|1
3448185|1|1|1|9341.2803374|11|1|1|2|1|1|1|1
3448186|1|1|1|9341.2803374|11|1|1|3|1|1|1|1
3448187|1|1|1|5061.4440717|11|1|1|2|1|1|1|1
3448188|1|1|1|7520.0680752|11|2|1|4|1|1|1|1
3448189|1|1|1|13443.369703|11|2|1|4|1|1|1|1
3448190|1|1|1|8710.0969252|11|2|1|4|1|1|1|1
3448191|1|1|1|5556.9167594|11|2|1|4|1|1|1|1
3448192|1|1|1|3721.8709823|11|2|1|4|1|1|1|1
3448193|1|1|1|8272.28049|11|2|1|4|1|1|1|1
3448194|1|1|1|3941.3180949|11|2|1|4|1|1|1|1
3448195|1|1|1|7563.2285025|11|2|1|4|1|1|1|1
3448196|1|1|1|9154.4703865|11|2|1|4|1|1|1|1
3448197|1|1|1|9363.3354612|11|2|1|4|1|1|1|1
3448198|1|1|1|5915.8584799|11|2|1|4|1|1|1|1
3448199|1|1|1|10893.505084|11|2|1|4|1|1|1|1
3448200|1|1|1|5370.3438167|11|2|1|4|1|1|1|1
3448201|1|1|1|6288.4955755|11|2|1|2|1|1|1|1
3448202|1|1|1|3424.6209057|11|1|1|2|1|1|1|1
3448203|1|1|1|5001.5368028|11|1|1|2|1|1|1|1
3448204|1|1|1|5140.3038621|11|1|1|2|1|1|1|1
3448205|1|1|1|6710.474752|11|2|1|2|1|1|1|1
3448206|1|1|1|5896.6974154|11|2|1|2|1|1|1|1
3448207|1|1|1|7538.4160333|11|1|1|2|1|1|1|1
3448208|1|1|1|5556.2294756|11|2|1|2|1|1|1|1
3448209|1|1|1|637.12501488|13|1|1|2|1|1|1|1
3448210|1|1|1|506.42886747|13|1|1|2|1|1|1|1
3448211|1|1|1|746.80393071|13|2|1|2|1|1|1|1
3448212|1|1|1|616.09500433|13|2|1|2|1|1|1|1
3448213|1|1|1|509.61537052|13|2|1|2|1|1|1|1
3448214|1|1|1|624.41768219|13|2|1|2|1|1|1|1
3448215|1|1|1|704.1745296|13|2|1|2|1|1|1|1
3448216|1|1|1|640.3242969|13|1|1|2|1|1|1|1
3448217|1|1|1|493.72153477|13|2|1|2|1|1|1|1
3448218|1|1|1|746.80393071|13|2|1|2|1|1|1|1
3448219|1|1|1|432.77090411|13|2|1|4|1|1|1|1
3448220|1|1|1|253.44936154|13|2|1|4|1|1|1|1
3448221|1|1|1|475.92485449|13|2|1|4|1|1|1|1
3448223|1|1|1|432.77090411|13|2|1|4|1|1|1|1
3448224|1|1|1|416.39524431|13|2|1|4|1|1|1|1
3448225|1|1|1|432.77090411|13|2|1|4|1|1|1|1
3448226|1|1|1|529.80096702|13|2|1|4|1|1|1|1
3448227|1|1|1|330.22494907|13|2|1|4|1|1|1|1
3448228|1|1|1|993.12555735|13|1|1|1|1|1|1|1
3448229|1|1|1|654.24356441|13|2|1|1|1|1|1|1
3448230|1|1|1|598.97681573|13|2|1|1|1|1|1|1
3448231|1|1|1|973.50947454|13|1|1|1|1|1|1|1
3448232|1|1|1|475.65293952|13|2|1|1|1|1|1|1
3448233|1|1|1|657.22956096|13|2|1|1|1|1|1|1
3448234|1|1|1|1174.9954545|13|1|1|1|1|1|1|1
3448235|1|1|1|575.03393108|13|2|1|1|1|1|1|1
3448236|1|1|1|575.02200404|13|2|1|1|1|1|1|1
3448237|1|1|1|992.92958163|13|1|1|1|2|2|1|1
3448238|1|1|1|604.25559767|13|2|1|1|2|2|1|1
3448239|1|1|1|688.67738922|13|1|1|1|2|2|1|1
3448240|1|1|1|685.59916411|13|1|1|1|2|2|1|1
3448241|1|1|1|563.41466811|13|2|1|1|1|1|1|1
3448242|1|1|1|1261.9536623|13|1|1|1|1|1|1|1
3448243|1|1|1|738.89459247|13|2|1|1|2|2|1|1
3448244|1|1|1|723.66299988|13|2|1|1|2|2|1|1
3448245|1|1|1|715.68710026|13|2|1|1|2|2|1|1
3448246|1|1|1|1345.5624867|13|2|1|1|2|2|1|1
3448247|1|1|1|836.18609911|13|1|1|2|1|1|1|1
3448248|1|1|1|462.4159421|13|2|1|2|1|1|1|1
3448249|1|1|1|568.38992489|13|2|1|2|1|1|1|1
3448250|1|1|1|280.00119942|13|2|1|2|1|1|1|1
3448251|1|1|1|457.63834762|13|2|1|2|1|1|1|1
3448252|1|1|1|836.19564074|13|1|1|2|1|1|1|1
3448253|1|1|1|460.02714486|13|2|1|2|1|1|1|1
3448254|1|1|1|487.56897864|13|1|1|2|1|1|1|1
3448255|1|1|1|360.03280763|13|2|1|2|1|1|1|1
3448256|1|1|1|379.19665698|13|1|1|2|1|1|1|1
3448257|1|1|1|462.40640047|13|2|1|2|1|1|1|1
3448258|1|1|1|342.0996291|13|2|1|1|1|1|1|1
3448259|1|1|1|451.27617115|13|2|1|2|1|1|1|1
3448260|1|1|1|272.70089276|13|2|1|2|1|1|1|1
3448261|1|1|1|454.68350452|13|2|1|2|1|1|1|1
3448262|1|1|1|352.26215261|13|2|1|2|1|1|1|1
3448263|1|1|1|829.472395|13|2|1|2|1|1|1|1
3448264|1|1|1|560.02073196|13|1|1|2|1|1|1|1
3448265|1|1|1|451.27617115|13|2|1|2|1|1|1|1
3448266|1|1|1|789.25728743|13|2|1|2|1|1|1|1
3448267|1|1|1|506.44691241|13|2|1|2|1|1|1|1
3448268|1|1|1|635.65097601|13|2|1|2|1|1|1|1
3448269|1|1|1|782.25373814|13|2|1|2|1|1|1|1
3448270|1|1|1|751.34516757|13|2|1|2|1|1|1|1
3448271|1|1|1|1447.5301392|13|2|1|2|1|1|1|1
3448272|1|1|1|509.62814949|13|2|1|2|1|1|1|1
3448273|1|1|1|897.35749483|13|2|1|2|1|1|1|1
3448274|1|1|1|616.1077833|13|2|1|2|1|1|1|1
3448275|1|1|1|838.082738|13|2|1|2|1|1|1|1
3448276|1|1|1|730.97737887|13|2|1|2|1|1|1|1
3448277|1|1|1|627.62974317|13|2|1|2|1|1|1|1
3448278|1|1|1|771.02044431|13|2|1|2|1|1|1|1
3448279|1|1|1|715.40782342|13|2|1|2|1|1|1|1
3448280|1|1|1|546.03016016|13|2|1|3|1|1|1|1
3448281|1|1|1|1052.3975765|13|2|1|3|1|1|1|1
3448282|1|1|1|800.14706862|13|2|1|3|1|1|1|1
3448283|1|1|1|660.1154821|13|1|1|3|1|1|1|1
3448284|1|1|1|766.50838224|13|2|1|3|1|1|1|1
3448285|1|1|1|617.86892593|13|2|1|3|1|1|1|1
3448286|1|1|1|961.45445874|13|2|1|3|1|1|1|1
3448287|1|1|1|523.498006|13|1|1|3|1|1|1|1
3448288|1|1|1|542.602358|13|1|1|3|1|1|1|1
3448289|1|1|1|687.60093642|13|2|1|3|1|1|1|1
3448290|1|1|1|894.51798855|13|2|1|3|1|1|1|1
3448291|1|1|1|826.09333319|13|2|1|3|1|1|1|1
3448292|1|1|1|418.0342456|13|1|1|3|1|1|1|1
3448293|1|1|1|703.69505256|13|1|1|2|1|1|1|1
3448294|1|1|1|588.71300414|13|2|1|2|1|1|1|1
3448295|1|1|1|486.97800951|13|2|1|2|1|1|1|1
3448296|1|1|1|697.40304819|13|2|1|2|1|1|1|1
3448297|1|1|1|608.80834755|13|2|1|2|1|1|1|1
3448298|1|1|1|602.51634318|13|3|1|2|1|1|1|1
3448299|1|1|1|426.14790503|13|2|1|2|1|1|1|1
3448300|1|1|1|713.6126449|13|2|1|2|1|1|1|1
3448301|1|1|1|396.34834326|13|2|1|2|1|1|1|1
3448302|1|1|1|536.37295232|13|2|1|2|1|1|1|1
3448303|1|1|1|473.36775423|13|2|1|2|1|1|1|1
3448304|1|1|1|477.95451565|13|2|1|2|1|1|1|1
3448305|1|1|1|396.3565218|13|1|1|2|1|1|1|1
3448306|1|1|1|452.71923944|13|2|1|2|1|1|1|1
3448307|1|1|1|509.09013561|13|2|1|2|1|1|1|1
3448308|1|1|1|317.84457647|13|1|1|2|1|1|1|1
3448309|1|1|1|674.73866202|13|2|1|2|1|1|1|1
3448310|1|1|1|452.71923944|13|2|1|2|1|1|1|1
3448311|1|1|1|326.15383713|13|2|1|2|1|1|1|1
3448312|1|1|1|415.29366959|13|2|1|1|1|1|1|1
3448313|1|1|1|415.29366959|13|1|1|1|1|1|1|1
3448314|1|1|1|821.84303891|13|1|1|1|1|1|1|1
3448315|1|1|1|703.09017606|13|2|1|1|1|1|1|1
3448316|1|1|1|437.22749494|13|2|1|1|1|1|1|1
3448317|1|1|1|402.88201949|13|2|1|1|1|1|1|1
3448318|1|1|1|787.07915075|13|2|1|1|1|1|1|1
3448319|1|1|1|430.43781385|13|2|1|1|1|1|1|1
3448320|1|1|1|415.29366959|13|2|1|1|1|1|1|1
3448321|1|1|1|534.03791847|13|2|1|1|1|1|1|1
3448322|1|1|1|519.72489209|13|2|1|1|1|1|1|1
3448323|1|1|1|519.72489209|13|2|1|1|1|1|1|1
3448324|1|1|1|648.3583087|13|2|1|2|1|1|1|1
3448325|1|1|1|792.25405487|13|2|1|2|1|1|1|1
3448326|1|1|1|835.7378741|13|2|1|2|1|1|1|1
3448327|1|1|1|707.37381162|13|2|1|2|1|1|1|1
3448328|1|1|1|1119.892097|13|2|1|2|1|1|1|1
3448329|1|1|1|746.80393071|13|2|1|2|1|1|1|1
3448330|1|1|1|846.1167498|13|2|1|2|1|1|1|1
3448331|1|1|1|375.00160636|13|1|1|2|1|1|1|1
3448332|1|1|1|843.20613384|13|2|1|2|1|1|2|1
3448333|1|1|1|576.69044317|13|2|1|2|1|1|1|1
3448334|1|1|1|755.12660857|13|2|1|2|1|1|1|1
3448335|1|1|1|931.28565911|13|1|1|1|1|1|1|1
3448336|1|1|1|662.77810558|13|1|1|1|1|1|1|1
3448337|1|1|1|1046.2451476|13|1|1|1|1|1|1|1
3448338|1|1|1|728.40382217|13|1|1|1|1|1|1|1
3448339|1|1|1|803.48734869|13|1|1|1|1|1|1|1
3448340|1|1|1|1258.9237013|13|2|1|1|1|1|1|1
3448341|1|1|1|779.35590114|13|2|1|1|1|1|1|1
3448342|1|1|1|641.760874|13|1|1|1|1|1|1|1
3448343|1|1|1|517.64938232|13|1|1|1|1|1|1|1
3448344|1|1|1|167.22459287|15|2|1|1|1|1|1|1
3448345|1|1|1|128.8679399|15|2|1|2|1|1|1|1
3448346|1|1|1|103.47522679|15|2|1|1|1|1|1|1
3448347|1|1|1|160.01788167|15|1|1|1|1|1|1|1
3448348|1|1|1|216.49358713|15|2|1|1|1|1|1|1
3448349|1|1|1|123.75871415|15|2|1|1|1|1|1|1
3448350|1|1|1|157.67369071|15|2|1|1|1|1|1|1
3448351|1|1|1|138.00282653|15|2|1|2|1|1|1|1
3448352|1|1|1|118.75512222|15|1|1|1|1|1|1|1
3448353|1|1|1|140.72383732|15|1|1|1|1|1|1|1
3448354|1|1|1|178.00048707|15|1|1|3|1|1|1|1
3448355|1|1|1|110.45479915|15|2|1|3|1|1|1|1
3448356|1|1|1|127.60452873|15|2|1|3|1|1|1|1
3448357|1|1|1|197.57230255|15|2|1|3|1|1|1|1
3448358|1|1|1|192.33660112|15|2|1|3|1|1|1|1
3448359|1|1|1|160.05677901|15|2|1|3|1|1|1|1
3448360|1|1|1|213.25281354|15|2|1|2|1|1|1|1
3448361|1|1|1|175.25743224|15|2|1|2|1|1|1|1
3448362|1|1|1|213.07320492|15|1|1|3|1|1|1|1
3448363|1|1|1|120.75247321|15|2|1|3|1|1|1|1
3448364|1|1|1|127.55204813|15|1|1|3|1|1|1|1
3448365|1|1|1|146.32151876|15|1|1|3|1|1|1|1
3448366|1|1|1|200.15645151|15|1|1|3|1|1|1|1
3448367|1|1|1|213.07320492|15|1|1|3|1|1|1|1
3448368|1|1|1|213.07320492|15|1|1|3|1|1|1|1
3448369|1|1|1|174.58740596|15|1|1|3|1|1|1|1
3448370|1|1|1|180.9338258|15|1|1|3|1|1|1|1
3448371|1|1|1|116.37433027|15|1|1|3|1|1|1|1
3448372|1|1|1|108.28887488|15|2|1|3|1|1|1|1
3448373|1|1|1|130.96316599|15|2|1|1|1|1|1|1
3448374|1|1|1|98.962601848|15|2|1|1|1|1|1|1
3448375|1|1|1|111.55960986|15|2|1|1|1|1|1|1
3448376|1|1|1|186.42162463|15|1|1|2|1|1|1|1
3448377|1|1|1|72.589805338|15|1|1|2|1|1|1|1
3448378|1|1|1|149.85656055|15|1|1|1|1|1|1|1
3448379|1|1|1|128.54993367|15|2|1|2|1|1|1|1
3448380|1|1|1|97.039373569|15|2|1|2|2|1|1|1
3448381|1|1|1|89.454760306|15|2|1|2|2|1|1|1
3448382|1|1|1|162.34148947|15|1|1|3|1|1|1|1
3448383|1|1|1|82.160548416|15|1|1|3|1|1|1|1
3448384|1|1|1|103.65722748|15|2|1|3|1|1|1|1
3448385|1|1|1|124.6601258|15|2|1|3|1|1|1|1
3448386|1|1|1|93.470630529|15|2|1|3|1|1|1|1
3448387|1|1|1|89.247687887|15|2|1|3|1|1|1|1
3448388|1|1|1|130.02850903|15|2|1|3|1|1|1|1
3448389|1|1|1|134.48772215|15|2|1|3|1|1|1|1
3448390|1|1|1|182.87958836|15|1|1|3|1|1|1|1
3448391|1|1|1|136.36021606|15|2|1|3|1|1|1|1
3448392|1|1|1|122.68020257|15|2|1|3|1|1|1|1
3448393|1|1|1|90.540823443|15|2|1|3|1|1|1|1
3448394|1|1|1|141.43631214|15|2|1|3|1|1|1|1
3448395|1|1|1|116.37433027|15|2|1|3|1|1|1|1
3448396|1|1|1|139.97509892|15|3|1|3|1|1|1|1
3448397|1|1|1|113.2126025|15|2|1|3|1|1|1|1
3448398|1|1|1|116.82748535|15|2|1|3|1|1|1|1
3448399|1|1|1|120.75247321|15|2|1|3|2|1|1|1
3448400|1|1|1|181.07199292|15|2|1|2|1|1|1|1
3448401|1|1|1|180.34370796|15|1|1|2|1|1|1|1
3448402|1|1|1|220.27205765|15|2|1|2|1|1|1|1
3448403|1|1|1|160.14820516|15|2|1|5|1|1|1|1
3448404|1|1|1|108.45192391|15|2|1|5|1|1|1|1
3448405|1|1|1|140.81573587|15|2|1|5|1|1|1|1
3448406|1|1|1|214.2907661|15|2|1|5|1|1|1|1
3448407|1|1|1|117.03932644|15|2|1|5|1|1|1|1
3448408|1|1|1|113.40378711|15|2|1|5|1|1|1|1
3448409|1|1|1|137.21893766|15|2|1|5|1|1|1|1
3448410|1|1|1|214.2907661|15|2|1|5|1|1|1|1
3448411|1|1|1|121.89823188|15|2|1|5|1|1|1|1
3448412|1|1|1|160.14820516|15|2|1|5|1|1|1|1
3448413|1|1|1|219.94807746|15|2|1|4|1|1|1|1
3448414|1|1|1|219.94807746|15|2|1|4|1|1|1|1
3448415|1|1|1|219.94807746|15|2|1|4|1|1|1|1
3448416|1|1|1|124.68678243|15|2|1|1|1|1|1|1
3448417|1|1|1|83.168646459|15|2|1|1|1|1|1|1
3448418|1|1|1|76.412354711|15|2|1|1|1|1|1|1
3448419|1|1|1|262.25073567|15|1|1|3|1|1|1|1
3448420|1|1|1|209.03074108|15|1|1|3|1|1|1|1
3448421|1|1|1|166.24904324|15|1|1|3|1|1|1|1
3448422|1|1|1|259.1242584|15|1|1|3|1|1|1|1
3448423|1|1|1|194.35730152|15|1|1|3|1|1|1|1
3448424|1|1|1|276.92939887|15|1|1|3|1|1|1|1
3448425|1|1|1|161.08492488|15|1|1|3|1|1|1|1
3448426|1|1|1|229.51276837|15|1|1|3|1|1|1|1
3448427|1|1|1|207.97631233|15|1|1|3|1|1|1|1
3448428|1|1|1|108.03417368|15|1|1|4|1|1|1|1
3448429|1|1|1|153.54134052|15|1|1|4|1|1|1|1
3448430|1|1|1|117.70516609|15|1|1|4|1|1|1|1
3448431|1|1|1|165.55725123|15|1|1|4|1|1|1|1
3448432|1|1|1|127.54846458|15|1|1|4|1|1|1|1
3448433|1|1|1|126.01537545|15|1|1|4|1|1|1|1
3448434|1|1|1|121.93463411|15|1|1|4|1|1|1|1
3448435|1|1|1|188.54844027|15|1|1|3|1|1|1|1
3448436|1|1|1|134.10756155|15|2|1|3|1|1|1|1
3448437|1|1|1|155.54615845|15|2|1|3|1|1|1|1
3448438|1|1|1|183.50315174|15|1|1|2|1|1|1|1
3448439|1|1|1|141.37432868|15|2|1|3|1|1|1|1
3448440|1|1|1|119.74474824|15|2|1|3|1|1|1|1
3448441|1|1|1|129.9418394|15|1|1|3|1|1|1|1
3448442|1|1|1|338.87810107|17|2|1|1|1|1|1|1
3448443|1|1|1|338.87810107|17|1|1|1|1|1|1|1
3448444|1|1|1|107.53330652|17|2|1|1|1|1|1|1
3448445|1|1|1|412.0871947|17|2|1|1|1|1|1|1
3448446|1|1|1|107.53330652|17|2|1|1|1|1|1|1
3448447|1|1|1|275.97139318|17|2|1|1|2|1|1|1
3448448|1|1|1|107.53330652|17|2|1|1|1|1|1|1
3448449|1|1|1|112.14044471|17|1|1|1|1|1|1|1
3448450|1|1|1|988.05950247|17|1|1|1|1|1|1|1
3448451|1|1|1|675.79072938|17|2|1|1|1|1|1|1
3448452|1|1|1|107.53330652|17|2|1|1|1|1|1|1
3448453|1|1|1|338.87810107|17|2|1|1|1|1|1|1
3448454|1|1|1|287.0944542|17|2|1|1|2|1|1|1
3448455|1|1|1|149.35181461|17|2|1|1|2|1|1|1
3448456|1|1|1|155.75061765|17|2|1|1|2|1|1|1
3448457|1|1|1|398.74229749|17|1|1|1|2|1|1|1
3448458|1|1|1|398.74229749|17|2|1|1|2|1|1|1
3448459|1|1|1|297.06300078|17|2|1|1|2|1|1|1
3448460|1|1|1|636.15888297|17|2|1|1|2|1|1|1
3448461|1|1|1|308.69668875|17|2|1|1|2|1|1|1
3448462|1|1|1|190.6739072|17|2|1|1|2|2|2|2
3448463|1|1|1|523.57326217|17|2|1|3|1|1|1|1
3448464|1|1|1|287.46206916|17|2|1|3|1|1|1|1
3448465|1|1|1|871.36966652|17|2|1|3|1|1|1|1
3448466|1|1|1|630.33652372|17|2|1|3|1|1|1|1
3448467|1|1|1|369.41425709|17|2|1|3|1|1|1|1
3448468|1|1|1|311.91615082|17|2|1|3|1|1|1|1
3448469|1|1|1|345.81922844|17|2|1|3|1|1|1|1
3448470|1|1|1|287.46206916|17|2|1|3|1|1|1|1
3448471|1|1|1|311.91615082|17|2|1|3|1|1|1|1
3448472|1|1|1|282.54011937|17|2|1|3|1|1|1|1
3448474|1|1|1|278.53436109|17|1|1|3|1|1|1|1
3448475|1|1|1|234.17727369|17|2|1|3|1|1|1|1
3448476|1|1|1|153.61900931|17|3|1|3|2|1|1|1
3448477|1|1|1|410.13493457|17|3|1|3|2|1|1|1
3448478|1|1|1|281.59549632|17|2|1|3|2|1|1|1
3448479|1|1|1|305.55051509|17|3|1|3|2|1|1|1
3448480|1|1|1|410.13493457|17|3|1|3|2|1|1|1
3448481|1|1|1|305.55051509|17|3|1|3|2|1|1|1
3448482|1|1|1|617.47251304|17|3|1|3|2|1|1|1
3448483|1|1|1|317.51659414|17|3|1|3|2|1|1|1
3448484|1|1|1|305.55051509|17|3|1|3|2|1|1|1
3448485|1|1|1|226.82806843|17|2|1|1|2|1|1|1
3448486|1|1|1|1110.0423206|17|2|1|1|2|1|1|1
3448487|1|1|1|468.83309604|17|2|1|1|2|1|1|1
3448488|1|1|1|337.41557307|17|2|1|1|1|1|1|1
3448489|1|1|1|1145.413403|17|2|1|1|1|1|1|1
3448490|1|1|1|254.24866935|17|2|1|1|1|1|1|1
3448491|1|1|1|415.79335004|17|2|1|1|2|1|1|1
3448492|1|1|1|161.06976705|17|1|1|1|1|1|1|1
3448493|1|1|1|1394.0925095|17|1|1|1|1|1|1|1
3448494|1|1|1|394.75487452|17|3|1|1|2|1|1|1
3448495|1|1|1|394.75487452|17|1|1|1|2|1|1|1
3448496|1|1|1|291.12547722|17|1|1|1|1|1|1|1
3448497|1|1|1|147.85829646|17|2|1|1|1|1|1|1
3448498|1|1|1|477.47474006|17|1|1|1|1|1|1|1
3448499|1|1|1|622.01469487|17|2|1|1|1|1|1|1
3448500|1|1|1|594.3172938|17|1|1|1|1|1|1|1
3448501|1|1|1|134.41663314|17|2|1|3|1|1|1|1
3448502|1|1|1|221.21660376|17|1|1|3|1|1|1|1
3448503|1|1|1|540.28844891|17|2|1|3|1|1|1|1
3448504|1|1|1|171.53331215|17|1|1|3|1|1|1|1
3448505|1|1|1|540.28844891|17|1|1|3|1|1|1|1
3448506|1|1|1|402.63698492|17|2|1|3|1|1|1|1
3448507|1|1|1|689.23381724|17|2|1|3|1|1|1|1
3448508|1|1|1|486.25960402|17|1|1|6|1|1|1|1
3448509|1|1|1|184.41460303|17|1|1|6|1|1|1|1
3448510|1|1|1|308.30092062|17|1|1|6|1|1|1|1
3448511|1|1|1|385.0347964|17|1|1|6|1|1|1|1
3448512|1|1|1|486.25960402|17|1|1|6|2|1|1|1
3448513|1|1|1|120.97496983|17|1|1|6|1|1|1|1
3448514|1|1|1|508.92111399|17|1|1|6|2|1|1|1
3448515|1|1|1|385.0347964|17|1|1|6|1|1|1|1
3448516|1|1|1|134.41663314|17|2|1|3|1|1|1|1
3448517|1|1|1|161.1361973|17|2|1|3|1|1|1|1
3448518|1|1|1|242.17724518|17|1|1|3|1|1|1|1
3448519|1|1|1|134.41663314|17|2|1|3|1|1|1|1
3448520|1|1|1|344.96424147|17|2|1|3|1|1|1|1
3448521|1|1|1|140.17555589|17|2|1|3|1|1|1|1
3448522|1|1|1|402.63698492|17|1|1|3|1|1|1|1
3448523|1|1|1|246.39605928|17|2|1|3|1|1|1|1
3448524|1|1|1|204.90511448|17|2|1|3|1|1|1|1
3448525|1|1|1|267.3567007|17|2|1|3|1|1|1|1
3448526|1|1|1|565.46790443|17|1|1|2|1|1|1|1
3448527|1|1|1|332.08625929|17|1|1|2|1|1|1|1
3448528|1|1|1|611.35676659|17|1|1|2|1|1|1|1
3448529|1|1|1|540.28844891|17|2|1|2|1|1|1|1
3448530|1|1|1|246.39605928|17|2|1|2|1|1|1|1
3448531|1|1|1|332.08625929|17|1|1|2|1|1|1|1
3448532|1|1|1|1267.3568268|17|1|1|2|1|1|1|1
3448533|1|1|1|296.41648152|17|1|1|2|1|1|1|1
3448534|1|1|1|215.39543672|17|1|1|2|1|1|1|1
3448536|1|1|1|321.59593705|17|2|1|3|1|1|1|1
3448537|1|1|1|448.77708186|17|1|1|3|1|1|1|1
3448538|1|1|1|434.06794551|17|1|1|3|1|1|1|1
3448539|1|1|1|295.68015038|17|2|1|3|1|1|1|1
3448540|1|1|1|1267.3568268|17|2|1|3|1|1|1|1
3448541|1|1|1|230.42851396|17|1|1|3|1|1|1|1
3448542|1|1|1|726.16735943|17|1|1|3|1|1|1|1
3448543|1|1|1|506.88025779|17|2|1|3|1|1|1|1
3448544|1|1|1|306.83884767|17|1|1|3|1|1|1|1
3448545|1|1|1|422.39324448|17|2|1|3|1|1|1|1
3448546|1|1|1|422.39324448|17|2|1|3|1|1|1|1
3448547|1|1|1|542.84918825|17|2|1|1|1|1|1|1
3448548|1|1|1|344.51334504|17|2|1|1|1|1|1|1
3448549|1|1|1|410.70378283|17|1|1|1|1|1|1|1
3448550|1|1|1|344.51334504|17|1|1|1|2|1|1|1
3448551|1|1|1|129.03996782|17|1|1|1|1|1|1|1
3448552|1|1|1|518.67691095|17|1|1|1|1|1|1|1
3448553|1|1|1|256.66243267|17|1|1|1|1|1|1|1
3448554|1|1|1|283.85294436|17|2|1|1|1|1|1|1
3448555|1|1|1|518.67691095|17|1|1|1|1|1|1|1
3448556|1|1|1|2673.110841|17|2|1|3|1|1|1|1
3448557|1|1|1|283.51175587|17|2|1|3|1|1|1|1
3448558|1|1|1|547.76885058|17|2|1|3|1|1|1|1
3448559|1|1|1|283.51175587|17|2|1|3|1|1|1|1
3448560|1|1|1|283.51175587|17|2|1|3|1|1|1|1
3448561|1|1|1|41.49415846|18|1|1|3|1|1|1|1
3448562|1|1|1|41.877510381|18|1|1|3|1|1|1|1
3448563|1|1|1|73.559307927|18|1|1|3|1|1|1|1
3448564|1|1|1|46.592014878|18|2|1|3|1|1|1|1
3448565|1|1|1|41.49415846|18|1|1|3|1|1|1|1
3448566|1|1|1|41.877510381|18|2|1|3|1|1|1|1
3448567|1|1|1|127.71216755|18|1|1|2|1|1|1|1
3448568|1|1|1|58.240018598|18|1|1|2|1|1|1|1
3448569|1|1|1|58.240018598|18|1|1|2|1|1|1|1
3448570|1|1|1|102.0201118|18|1|1|2|1|1|1|1
3448571|1|1|1|52.346887977|18|1|1|2|1|1|1|1
3448572|1|1|1|194.59329485|18|1|1|2|1|2|1|1
3448573|1|1|1|91.769297325|18|2|1|2|1|2|1|1
3448574|1|1|1|113.45924776|18|2|1|2|1|1|1|1
3448575|1|1|1|91.769297325|18|1|1|2|1|2|1|1
3448576|1|1|1|123.5240197|18|1|1|2|1|2|1|1
3448577|1|1|1|145.66837266|18|2|1|2|1|2|1|1
3448578|1|1|1|91.146492724|18|2|1|2|1|2|1|1
3448579|1|1|1|47.71828223|18|1|1|1|1|1|1|1
3448580|1|1|1|47.71828223|18|1|1|1|1|1|1|1
3448581|1|1|1|125.22715538|18|1|1|1|1|1|1|1
3448582|1|1|1|47.71828223|18|2|1|1|1|1|1|1
3448583|1|1|1|106.99935242|18|1|1|1|1|1|1|1
3448584|1|1|1|190.87312892|18|1|1|1|1|1|1|1
3448585|1|1|1|115.18171483|18|2|1|1|1|1|1|1
3448586|1|1|1|100.85470541|18|2|1|1|1|1|1|1
3448587|1|1|1|78.17592506|18|1|1|1|1|1|1|1
3448588|1|1|1|110.69458744|18|2|1|1|1|2|1|1
3448589|1|1|1|107.28275428|18|1|1|1|1|2|1|1
3448590|1|1|1|85.466335284|18|1|1|1|1|2|1|1
3448591|1|1|1|192.94329064|18|1|1|1|1|2|1|1
3448592|1|1|1|156.05841352|18|2|1|1|2|2|1|1
3448593|1|1|1|172.80106002|18|2|1|1|2|2|1|1
3448594|1|1|1|82.728978431|18|1|1|1|1|2|1|1
3448595|1|1|1|150.30285892|18|1|1|1|1|2|1|1
3448596|1|1|1|54.461082979|18|1|1|2|1|1|1|1
3448597|1|1|1|97.398184842|18|2|1|2|1|1|1|1
3448598|1|1|1|217.84433192|18|2|1|2|1|1|1|1
3448599|1|1|1|102.03715822|18|2|1|2|1|1|1|1
3448600|1|1|1|83.034736014|18|1|1|1|1|1|1|1
3448601|1|1|1|61.152019528|18|1|1|1|1|1|1|1
3448602|1|1|1|54.461082979|18|1|1|1|1|1|1|1
3448603|1|1|1|93.663955736|18|1|1|1|1|1|1|1
3448604|1|1|1|89.222523166|18|1|1|1|1|1|1|1
3448605|1|1|1|195.77640251|18|1|1|1|1|1|1|1
3448606|1|1|1|113.75618371|18|1|1|1|1|1|1|1
3448607|1|1|1|54.461082979|18|1|1|1|1|1|1|1
3448608|1|1|1|190.69278615|18|1|1|1|1|1|1|1
3448609|1|1|1|181.5033983|18|1|1|1|1|2|1|2
3448610|1|1|1|169.06481551|18|1|1|1|1|2|1|1
3448611|1|1|1|124.24130376|18|1|1|1|1|2|1|1
3448612|1|1|1|146.68444548|18|1|1|1|1|2|1|1
3448613|1|1|1|187.90073344|18|1|1|1|1|2|1|1
3448614|1|1|1|95.12301759|18|1|1|1|1|2|1|1
3448615|1|1|1|145.92111476|18|1|1|1|1|2|1|1
3448616|1|1|1|104.91331551|18|1|1|1|1|2|1|1
3448617|1|1|1|59.32647304|18|1|1|1|1|1|1|1
3448618|1|1|1|99.640751514|18|1|1|1|1|1|1|1
3448619|1|1|1|41.49415846|18|1|1|3|1|1|1|1
3448620|1|1|1|73.028092238|18|1|1|3|1|1|1|1
3448621|1|1|1|45.219787397|18|1|1|3|1|1|1|1
3448622|1|1|1|65.62014363|18|1|1|3|1|1|1|1
3448623|1|1|1|41.877510381|18|1|1|3|1|1|1|1
3448624|1|1|1|41.877510381|18|1|1|3|1|1|1|1
3448625|1|1|1|131.79813883|18|1|1|3|1|1|1|1
3448626|1|1|1|77.742596735|18|1|1|3|1|1|1|1
3448627|1|1|1|41.49415846|18|1|1|3|1|1|1|1
3448628|1|1|1|67.428007498|18|1|1|2|1|1|1|1
3448629|1|1|1|217.99979774|18|2|1|2|1|1|1|1
3448630|1|1|1|100.02601706|18|1|1|2|1|1|1|1
3448631|1|1|1|90.22129384|18|1|1|2|1|1|1|1
3448632|1|1|1|177.50235001|18|1|1|2|1|1|1|1
3448633|1|1|1|67.428007498|18|1|1|2|1|1|1|1
3448634|1|1|1|67.428007498|18|1|1|2|1|1|1|1
3448635|1|1|1|141.26144005|18|1|1|2|1|2|1|1
3448636|1|1|1|71.172630869|18|2|1|2|1|2|1|1
3448637|1|1|1|47.112199179|18|1|1|2|1|2|1|1
3448638|1|1|1|46.680928268|18|2|1|2|1|2|1|1
3448639|1|1|1|150.37219981|18|2|1|2|1|2|1|1
3448640|1|1|1|84.810390612|18|1|1|2|2|2|1|1
3448641|1|1|1|146.72973301|18|2|1|2|1|1|1|1
3448642|1|1|1|328.18107146|18|2|1|2|1|1|1|1
3448643|1|1|1|166.71532234|18|1|1|2|1|1|1|1
3448644|1|1|1|102.104896|18|2|1|2|1|1|1|1
3448645|1|1|1|82.045267865|18|1|1|2|1|1|1|1
3448646|1|1|1|134.41315178|18|2|1|2|1|1|1|1
3448647|1|1|1|85.658543962|18|1|1|1|1|1|1|1
3448648|1|1|1|157.29869647|18|1|1|1|1|1|1|1
3448649|1|1|1|84.874415033|18|1|1|1|1|1|1|1
3448650|1|1|1|84.874415033|18|1|1|1|1|1|1|1
3448651|1|1|1|205.47008039|18|1|1|1|1|1|1|1
3448652|1|1|1|241.38898258|18|1|1|1|1|1|1|1
3448653|1|1|1|128.71788713|18|1|1|1|1|1|1|1
3448654|1|1|1|85.658543962|18|1|1|1|1|1|1|1
3448655|1|1|1|84.874415033|18|1|1|1|1|1|1|1
3448656|1|1|1|279.22357748|18|1|1|1|1|1|1|1
3448658|1|1|1|183.06937648|19|1|1|4|1|1|1|1
3448659|1|1|1|139.48084178|19|1|1|4|1|1|1|1
3448660|1|1|1|198.70205017|19|1|1|4|1|1|1|1
3448661|1|1|1|180.14849423|19|1|1|4|1|1|1|1
3448662|1|1|1|179.92742767|19|1|1|4|1|1|1|1
3448663|1|1|1|208.7665077|19|1|1|4|1|1|1|1
3448664|1|1|1|273.39170581|19|2|1|3|2|1|1|1
3448665|1|1|1|171.09082599|19|2|1|3|1|1|1|1
3448666|1|1|1|309.86287053|19|2|1|3|1|1|1|1
3448667|1|1|1|219.43695297|19|2|1|3|2|1|1|1
3448668|1|1|1|170.22832613|19|2|1|3|2|1|1|1
3448669|1|1|1|150.76016427|19|2|1|3|1|1|1|1
3448670|1|1|1|200.83129098|19|2|1|3|2|1|1|1
3448671|1|1|1|200.83129098|19|2|1|3|1|1|1|1
3448672|1|1|1|188.0612992|19|2|1|2|1|1|1|1
3448673|1|1|1|218.34233323|19|1|1|2|2|1|1|1
3448674|1|1|1|177.24842702|19|2|1|2|1|1|1|1
3448675|1|1|1|256.34490333|19|1|1|2|2|1|1|1
3448676|1|1|1|151.85478401|19|2|1|2|1|1|1|1
3448677|1|1|1|104.60327678|19|1|1|2|1|1|1|1
3448678|1|1|1|207.52946105|19|2|1|2|1|1|1|1
3448679|1|1|1|141.04191184|19|2|1|2|1|1|1|1
3448680|1|1|1|151.62266413|19|2|1|2|1|1|1|1
3448681|1|1|1|311.47940963|19|2|1|3|1|1|1|1
3448682|1|1|1|248.6906709|19|1|1|3|1|1|1|1
3448683|1|1|1|227.07266363|19|1|1|3|1|1|1|1
3448684|1|1|1|220.4092527|19|2|1|3|1|1|1|1
3448685|1|1|1|254.96484059|19|2|1|3|1|1|1|1
3448686|1|1|1|248.6906709|19|1|1|3|2|1|1|1
3448687|1|1|1|254.96484059|19|1|1|3|1|1|1|1
3448688|1|1|1|290.7591933|19|1|1|3|1|1|1|1
3448689|1|1|1|131.86948771|19|2|1|4|1|1|1|1
3448690|1|1|1|166.00680056|19|2|1|4|1|1|1|1
3448691|1|1|1|183.24043066|19|2|1|4|1|1|1|1
3448692|1|1|1|181.04334028|19|2|1|4|1|1|1|1
3448693|1|1|1|183.24043066|19|2|1|4|1|1|1|1
3448694|1|1|1|205.50444802|19|2|1|4|1|1|1|1
3448695|1|1|1|177.96599921|19|2|1|4|1|1|1|1
3448696|1|1|1|183.24043066|19|2|1|4|1|1|1|1
3448697|1|1|1|210.00687862|19|1|1|2|2|1|1|1
3448698|1|1|1|174.53403872|19|2|1|2|1|1|1|1
3448699|1|1|1|214.92719908|19|2|1|2|1|1|1|1
3448700|1|1|1|189.3610581|19|1|1|2|2|1|1|1
3448701|1|1|1|229.5214754|19|1|1|2|1|1|1|1
3448702|1|1|1|244.34849479|19|1|1|2|1|1|1|1
3448703|1|1|1|223.35016095|19|2|1|2|1|1|1|1
3448704|1|1|1|225.07250528|19|2|1|2|1|1|1|1
3448705|1|1|1|262.31312026|19|2|1|2|1|1|1|1
3448706|1|1|1|255.08939434|19|1|1|5|1|1|1|1
3448707|1|1|1|199.33624422|19|1|1|5|1|1|1|1
3448708|1|1|1|248.34408116|19|1|1|5|1|1|1|1
3448709|1|1|1|302.34842469|19|1|1|5|1|1|1|1
3448710|1|1|1|279.18770118|19|2|1|2|1|1|1|1
3448711|1|1|1|203.07086209|19|2|1|2|1|1|1|1
3448712|1|1|1|263.76243667|19|1|1|2|1|1|1|1
3448713|1|1|1|296.47065865|19|2|1|2|1|1|1|1
3448714|1|1|1|314.23219139|19|1|1|2|1|1|1|1
3448715|1|1|1|227.73636279|19|2|1|2|1|1|1|1
3448716|1|1|1|301.64348303|19|2|1|2|1|1|1|1
3448717|1|1|1|268.32739902|19|1|1|2|1|1|1|1
3448718|1|1|1|375.48489031|19|2|1|2|1|1|1|1
3448719|1|1|1|233.90543748|19|1|1|2|1|1|1|1
3448720|1|1|1|349.23697301|19|1|1|2|2|1|1|1
3448721|1|1|1|276.16780721|19|1|1|2|2|1|1|1
3448722|1|1|1|149.76485237|19|2|1|2|1|1|1|1
3448723|1|1|1|274.60406472|19|1|1|2|2|1|1|1
3448724|1|1|1|296.47065865|19|1|1|2|1|1|1|1
3448725|1|1|1|167.51262071|19|1|1|2|2|1|1|1
3448726|1|1|1|167.71158061|19|1|1|2|1|1|1|1
3448727|1|1|1|303.73362906|19|1|1|2|2|1|1|1
3448728|1|1|1|195.01953783|19|1|1|2|1|1|1|1
3448729|1|1|1|121.35641219|19|1|1|2|2|1|1|1
3448730|1|1|1|265.8332486|19|2|1|2|2|1|1|1
3448731|1|1|1|131.09948894|19|2|1|2|2|1|1|1
3448732|1|1|1|256.32509006|19|1|1|2|1|1|1|1
3448733|1|1|1|159.85923402|19|1|1|2|2|1|1|1
3448734|1|1|1|411.24050193|19|1|1|1|1|1|1|1
3448735|1|1|1|355.92706894|19|1|1|2|1|1|1|1
3448736|1|1|1|307.5885489|19|2|1|2|2|1|1|1
3448737|1|1|1|313.48136139|19|2|1|2|2|1|1|1
3448738|1|1|1|369.59207782|19|1|1|2|1|1|1|1
3448739|1|1|1|233.57383765|19|1|1|2|1|1|1|1
3448740|1|1|1|313.48136139|19|1|1|2|1|1|1|1
3448741|1|1|1|218.16754839|19|2|1|2|1|1|1|1
3448742|1|1|1|305.76721832|19|1|1|3|1|1|1|1
3448743|1|1|1|313.48136139|19|1|1|3|1|1|1|1
3448744|1|1|1|375.48489031|19|2|1|3|1|1|1|1
3448745|1|1|1|286.90184425|19|2|1|3|1|1|1|1
3448746|1|1|1|216.6038059|19|2|1|2|1|1|1|1
3448747|1|1|1|277.95555852|19|1|1|3|1|1|1|1
3448748|1|1|1|276.16780721|19|1|1|3|1|1|1|1
3448749|1|1|1|324.28810614|20|1|1|2|1|1|1|1
3448750|1|1|1|152.21624434|20|2|1|2|1|1|1|1
3448751|1|1|1|278.69311793|20|2|1|2|1|1|1|1
3448752|1|1|1|152.21624434|20|1|1|2|1|1|1|1
3448753|1|1|1|159.49538518|20|1|1|3|1|1|1|1
3448754|1|1|1|298.74735153|20|2|1|1|1|1|1|1
3448755|1|1|1|255.67862583|20|2|1|2|1|1|1|1
3448756|1|1|1|186.65887485|20|2|1|1|1|1|1|1
3448757|1|1|1|229.72760055|20|2|1|3|1|1|1|1
3448758|1|1|1|435.29478431|20|1|1|2|1|1|1|1
3448759|1|1|1|380.409145|20|2|1|2|1|1|1|1
3448760|1|1|1|340.35638974|20|2|1|2|1|1|1|1
3448761|1|1|1|345.96305919|20|2|1|2|1|1|1|1
3448762|1|1|1|335.12021718|20|2|1|2|1|1|1|1
3448763|1|1|1|520.66409188|20|2|1|2|1|1|1|1
3448764|1|1|1|414.91006631|20|3|1|1|1|1|1|1
3448765|1|1|1|494.69991544|20|2|1|2|1|1|1|1
3448766|1|1|1|316.29824781|20|1|1|2|1|1|1|1
3448767|1|1|1|490.16762706|20|1|1|2|2|2|2|2
3448768|1|1|1|278.18193607|20|1|1|2|1|1|1|1
3448769|1|1|1|396.91341002|20|2|1|2|1|1|1|1
3448770|1|1|1|335.97530367|20|2|1|2|1|1|1|1
3448771|1|1|1|398.02761008|20|2|1|2|1|1|1|1
3448772|1|1|1|283.64149275|20|1|1|2|1|1|1|1
3448773|1|1|1|237.69957404|20|2|1|2|1|1|1|1
3448774|1|1|1|242.72108663|20|2|1|2|1|1|1|1
3448775|1|1|1|396.91341002|20|2|1|2|1|1|1|1
3448776|1|1|1|220.71507706|20|2|1|2|1|1|1|1
3448777|1|1|1|225.19392126|20|2|1|2|1|1|1|1
3448778|1|1|1|136.53787752|20|1|1|3|1|1|1|1
3448779|1|1|1|335.63470386|20|2|1|2|1|1|1|1
3448780|1|1|1|225.19392126|20|2|1|3|1|1|1|1
3448781|1|1|1|162.48302915|20|2|1|3|1|1|1|1
3448782|1|1|1|335.63470386|20|2|1|3|1|1|1|1
3448783|1|1|1|389.94473925|20|1|1|2|1|1|1|1
3448784|1|1|1|343.40481314|20|2|1|2|1|1|1|1
3448785|1|1|1|239.52959656|20|2|1|2|1|1|1|1
3448787|1|1|1|190.48749442|20|2|1|2|1|1|1|1
3448788|1|1|1|236.30344383|20|1|1|2|1|1|1|1
3448789|1|1|1|247.60372296|20|2|1|2|1|1|1|1
3448790|1|1|1|499.29099906|20|2|1|2|1|1|1|1
3448791|1|1|1|236.27793351|20|2|1|2|1|1|1|1
3448792|1|1|1|531.46543827|20|1|1|2|1|1|1|1
3448793|1|1|1|403.4436809|20|2|1|2|1|1|1|1
3448795|1|1|1|499.42286526|20|2|1|2|1|1|1|1
3448796|1|1|1|392.27526797|20|2|1|2|1|1|1|1
3448797|1|1|1|374.5404052|20|1|1|1|2|2|1|1
3448798|1|1|1|378.76221525|20|2|1|1|2|2|1|1
3448799|1|1|1|257.78557509|20|1|1|1|2|2|1|1
3448800|1|1|1|554.18070034|20|1|1|1|2|2|1|1
3448801|1|1|1|505.94309534|20|1|1|1|2|2|1|1
3448802|1|1|1|630.84604989|20|1|1|1|2|2|1|1
3448803|1|1|1|399.82854012|20|2|1|1|2|2|1|1
3448804|1|1|1|473.66592289|20|2|1|1|2|2|1|1
3448805|1|1|1|512.40261991|20|1|1|4|1|1|1|1
3448806|1|1|1|232.00701758|20|1|1|4|1|1|1|1
3448807|1|1|1|187.02408543|20|1|1|4|1|1|1|1
3448808|1|1|1|405.93416934|20|1|1|3|1|1|1|1
3448809|1|1|1|201.82609768|20|1|1|3|1|1|1|1
3448810|1|1|1|165.98257476|20|1|1|3|1|1|1|1
3448811|1|1|1|158.40736788|20|1|1|3|1|1|1|1
3448812|1|1|1|318.38517545|20|1|1|4|1|1|1|1
3448813|1|1|1|310.89836583|20|1|1|4|1|1|1|1
3448814|1|1|1|334.79098003|20|1|1|4|1|1|1|1
3448815|1|1|1|158.40736788|20|1|1|3|1|1|1|1
3448817|1|1|1|174.65196653|20|2|1|3|1|1|1|1
3448818|1|1|1|264.80750227|20|2|1|3|1|1|1|1
3448819|1|1|1|207.83961992|20|2|1|3|1|1|1|1
3448820|1|1|1|407.91662061|20|2|1|2|1|1|1|1
3448821|1|1|1|408.64096515|20|2|1|3|1|1|1|1
3448822|1|1|1|345.02392888|20|2|1|3|1|1|1|1
3448823|1|1|1|257.78557509|20|1|1|2|1|1|1|1
3448824|1|1|1|316.11583645|20|1|1|2|1|1|1|1
3448825|1|1|1|518.12681853|20|1|1|2|1|1|1|1
3448826|1|1|1|256.11256361|20|1|1|2|1|1|1|1
3448827|1|1|1|414.60837367|20|2|1|3|1|1|1|1
3448828|1|1|1|618.66232669|20|2|1|3|1|1|1|1
3448829|1|1|1|250.1635571|20|1|1|2|1|1|1|1
3448830|1|1|1|289.56156509|20|2|1|2|1|1|1|1
3448831|1|1|1|269.96929829|20|2|1|2|1|1|1|1
3448832|1|1|1|257.78557509|20|1|1|2|1|1|1|1
3448833|1|1|1|217.08371731|20|1|1|1|1|1|1|1
3448834|1|1|1|266.27169705|20|1|1|1|1|1|1|1
3448836|1|1|1|196.69429823|20|1|1|2|1|1|1|1
3448837|1|1|1|322.39002042|20|1|1|1|1|1|1|1
3448838|1|1|1|461.4977178|20|1|1|2|1|1|1|1
3448839|1|1|1|367.76119514|20|1|1|2|1|1|1|1
3448840|1|1|1|350.6203383|20|1|1|2|1|1|1|1
3448841|1|1|1|304.1090922|20|1|1|2|1|1|1|1
3448842|1|1|1|273.96705825|20|1|1|2|1|1|1|1
3448843|1|1|1|502.47641436|20|1|1|2|1|1|1|1
3448844|1|1|1|375.27024114|20|1|1|2|1|1|1|1
3448846|1|1|1|320.325542|20|1|1|2|1|1|1|1
3448847|1|1|1|289.59638758|20|1|1|2|1|1|1|1
3448848|1|1|1|310.71484112|20|1|1|2|1|1|1|1
3448849|1|1|1|307.92687124|20|1|1|2|1|1|1|1
3448851|1|1|1|388.20509603|20|1|1|2|1|1|1|1
3448852|1|1|1|374.49192276|20|1|1|2|1|1|1|1
3448853|1|1|1|312.39845513|20|1|1|2|1|1|1|1
3448854|1|1|1|333.92620231|20|1|1|2|1|1|1|1
3448855|1|1|1|326.77841804|20|1|1|2|1|1|1|1
3448856|1|1|1|362.94856499|20|1|1|2|1|1|1|1
3448857|1|1|1|265.43613442|20|1|1|2|1|1|1|1
3448858|1|1|1|209.58724626|20|1|1|2|1|1|1|1
3448859|1|1|1|247.62044172|20|2|1|1|1|1|1|1
3448860|1|1|1|335.290955|20|2|1|1|1|1|1|1
3448861|1|1|1|333.0284208|20|2|1|1|1|1|1|1
3448862|1|1|1|412.46375468|20|2|1|1|1|1|1|1
3448863|1|1|1|302.48629706|20|2|1|1|1|1|1|1
3448864|1|1|1|423.75273416|20|2|1|1|1|1|1|1
3448865|1|1|1|509.6104971|20|2|1|1|1|1|1|1
3448866|1|1|1|423.75273416|20|2|1|1|1|1|1|1
3448867|1|1|1|259.89419398|20|2|1|1|1|1|1|1
3448868|1|1|1|404.50887089|20|2|1|1|1|1|1|1
3448869|1|1|1|176.15347631|20|1|1|1|1|1|1|1
3448870|1|1|1|300.84722602|20|1|1|1|1|1|1|1
3448871|1|1|1|141.99976857|20|1|1|1|1|1|1|1
3448872|1|1|1|216.01248824|20|1|1|1|1|1|1|1
3448873|1|1|1|460.49625263|20|1|1|1|1|1|1|1
3448874|1|1|1|309.07446995|20|2|1|2|1|1|1|1
3448875|1|1|1|455.06271604|20|1|1|1|1|1|1|1
3448876|1|1|1|141.99976857|20|1|1|1|1|1|1|1
3448877|1|1|1|170.15497576|23|1|1|1|1|1|1|1
3448879|1|1|1|417.98582203|23|2|1|1|1|1|1|1
3448880|1|1|1|266.65811969|23|2|1|1|1|1|1|1
3448881|1|1|1|233.03037655|23|2|1|1|1|1|1|1
3448882|1|1|1|136.83896628|23|2|1|1|1|1|1|1
3448883|1|1|1|222.6010545|23|1|1|1|1|1|1|1
3448884|1|1|1|243.32182521|23|1|1|1|1|1|1|1
3448885|1|1|1|136.83896628|23|2|1|1|1|1|1|1
3448886|1|1|1|222.6010545|23|2|1|1|1|1|1|1
3448888|1|1|1|293.70066575|23|2|1|2|1|1|1|1
3448889|1|1|1|184.30029938|23|2|1|2|1|1|1|1
3448890|1|1|1|275.07160466|23|2|1|2|1|1|1|1
3448891|1|1|1|192.74045752|23|1|1|2|1|1|1|1
3448892|1|1|1|242.19723411|23|1|1|2|1|1|1|1
3448893|1|1|1|252.59610796|23|1|1|2|1|1|1|1
3448894|1|1|1|211.36884681|23|1|1|2|1|1|1|1
3448895|1|1|1|284.3861352|23|1|1|2|1|1|1|1
3448896|1|1|1|253.86895556|23|1|1|2|1|1|1|1
3448897|1|1|1|258.29500285|23|2|1|2|1|1|1|1
3448898|1|1|1|219.18643676|23|2|1|2|1|1|1|1
3448899|1|1|1|151.90812555|23|2|1|3|1|1|1|1
3448900|1|1|1|234.4031175|23|2|1|3|1|1|1|1
3448901|1|1|1|95.847646798|23|2|1|3|1|1|1|1
3448902|1|1|1|257.75472222|23|2|1|3|1|1|1|1
3448903|1|1|1|151.90812555|23|2|1|3|1|1|1|1
3448904|1|1|1|218.32811391|23|2|1|3|1|1|1|1
3448905|1|1|1|225.25942261|23|2|1|3|1|1|1|1
3448906|1|1|1|220.57457684|23|2|1|3|1|1|1|1
3448908|1|1|1|128.28089324|23|1|1|3|1|1|1|1
3448909|1|1|1|170.95151137|23|1|1|3|1|1|1|1
3448910|1|1|1|174.21917071|23|1|1|3|1|1|1|1
3448911|1|1|1|174.21917071|23|2|1|3|1|1|1|1
3448912|1|1|1|180.43033829|23|1|1|3|1|1|1|1
3448913|1|1|1|188.34563764|23|2|1|3|1|1|1|1
3448915|1|1|1|203.51558261|23|1|1|3|1|1|1|1
3448916|1|1|1|188.85456607|23|2|1|3|1|1|1|1
3448917|1|1|1|261.03226852|23|1|1|3|1|1|1|1
3448918|1|1|1|152.09775025|23|1|1|3|1|1|1|1
3448919|1|1|1|248.09920657|23|2|1|3|1|1|1|1
3448920|1|1|1|207.34227053|23|2|1|3|1|1|1|1
3448921|1|1|1|177.94268452|23|1|1|3|1|1|1|1
3448922|1|1|1|181.92135763|23|1|1|3|1|1|1|1
3448923|1|1|1|188.85456607|23|1|1|3|1|1|1|1
3448924|1|1|1|213.85814464|23|1|1|3|1|1|1|1
3448925|1|1|1|234.57891535|23|2|1|3|1|1|1|1
3448926|1|1|1|210.01460889|23|2|1|1|1|1|1|1
3448927|1|1|1|268.45758671|23|2|1|1|1|1|1|1
3448928|1|1|1|219.67118539|23|2|1|1|1|1|1|1
3448929|1|1|1|183.64447158|23|2|1|1|1|1|1|1
3448930|1|1|1|238.82824191|23|2|1|1|1|1|1|1
3448931|1|1|1|304.70866027|23|2|1|1|1|1|1|1
3448932|1|1|1|210.69566724|23|2|1|1|1|1|1|1
3448933|1|1|1|320.99520946|23|2|1|1|1|1|1|1
3448935|1|1|1|191.38181773|23|2|1|1|1|1|1|1
3448936|1|1|1|213.74135668|23|1|1|1|1|1|1|1
3448937|1|1|1|199.16752766|23|2|1|1|1|1|1|1
3448938|1|1|1|227.28976475|23|2|1|1|1|1|1|1
3448939|1|1|1|276.30413635|23|1|1|1|1|1|1|1
3448940|1|1|1|174.57035561|23|2|1|1|1|1|1|1
3448941|1|1|1|147.31713693|23|1|1|1|1|1|1|1
3448942|1|1|1|159.72867407|23|1|1|1|1|1|1|1
3448943|1|1|1|174.57035561|23|1|1|1|1|1|1|1
3448944|1|1|1|159.72867407|23|1|1|1|1|1|1|1
3448945|1|1|1|147.79487306|23|1|1|1|1|1|1|1
3448946|1|1|1|132.5161257|23|1|1|1|1|1|1|1
3448947|1|1|1|146.18075458|23|1|1|1|1|1|1|1
3448948|1|1|1|172.95623714|23|1|1|1|1|1|1|1
3448949|1|1|1|161.07542861|23|1|1|1|1|1|1|1
3448950|1|1|1|198.75831407|23|1|1|1|1|1|1|1
3448951|1|1|1|183.28570172|23|1|1|1|1|1|1|1
3448952|1|1|1|240.19187138|23|2|1|1|1|1|1|1
3448953|1|1|1|230.92948915|23|1|1|1|1|1|1|1
3448954|1|1|1|272.76618064|23|2|1|1|1|1|1|1
3448955|1|1|1|314.6856729|23|2|1|1|1|1|1|1
3448956|1|1|1|262.26428761|23|1|1|1|1|1|1|1
3448958|1|1|1|304.10097909|23|2|1|1|1|1|1|1
3448959|1|1|1|272.76618064|23|1|1|1|1|1|1|1
3448960|1|1|1|312.58136893|23|2|1|1|1|1|1|1
3448961|1|1|1|249.46822337|23|2|1|1|1|1|1|1
3448962|1|1|1|189.09279766|23|2|1|1|1|1|1|1
3448963|1|1|1|303.52589363|23|2|1|1|1|1|1|1
3448964|1|1|1|272.76618064|23|4|1|1|1|1|1|1
3448965|1|1|1|303.52589363|23|4|1|1|1|1|1|1
3448966|1|1|1|369.57478553|23|2|1|1|1|1|1|1
3448967|1|1|1|294.24964909|23|2|1|1|1|1|1|1
3448968|1|1|1|335.05935603|23|1|1|1|1|1|1|1
3448969|1|1|1|165.47968015|23|1|1|1|1|1|1|1
3448970|1|1|1|338.51009918|23|2|1|1|1|1|1|1
3448971|1|1|1|218.9015905|23|1|1|1|1|1|1|1
3448972|1|1|1|272.75485911|23|1|1|1|1|1|1|1
3448973|1|1|1|303.81954546|23|1|1|1|1|1|1|1
3448974|1|1|1|195.79407555|23|1|1|1|1|1|1|1
3448975|1|1|1|303.81954546|23|2|1|1|1|1|1|1
3448976|1|1|1|253.3632264|23|2|1|1|1|1|1|1
3448977|1|1|1|185.73454082|23|2|1|1|1|1|1|1
3448978|1|1|1|366.49241951|23|2|1|1|1|1|1|1
3448979|1|1|1|224.89316783|23|2|1|3|1|1|1|1
3448981|1|1|1|284.351599|23|2|1|3|1|1|1|1
3448983|1|1|1|282.53998886|23|2|1|3|1|1|1|1
3448984|1|1|1|297.25332258|23|1|1|3|1|1|1|1
3448985|1|1|1|324.24362934|23|1|1|3|1|1|1|1
3448987|1|1|1|349.12153336|23|2|1|3|1|1|1|1
3448988|1|1|1|416.88422092|23|1|1|3|1|1|1|1
3448989|1|1|1|351.86837302|23|2|1|3|1|1|1|1
3448990|1|1|1|197.32752759|23|2|1|3|1|1|1|1
3448991|1|1|1|273.16215765|23|2|1|3|1|1|1|1
3448995|1|1|1|238.69090245|23|1|1|3|1|1|1|1
3448996|1|1|1|425.8651771|23|1|1|1|1|1|1|1
3448997|1|1|1|287.64364865|23|1|1|1|1|1|1|1
3448998|1|1|1|229.08501615|23|1|1|1|1|1|1|1
3448999|1|1|1|318.31657669|23|1|1|1|1|1|1|1
3449000|1|1|1|330.72844965|23|1|1|1|1|1|1|1
3449001|1|1|1|275.32616857|23|1|1|1|1|1|1|1
3449003|1|1|1|235.87751203|23|1|1|1|1|1|1|1
3449004|1|1|1|203.0229964|23|1|1|1|1|1|1|1
3449005|1|1|1|380.72679159|23|2|1|1|1|1|1|1
3449007|1|1|1|375.36269474|23|2|1|1|2|2|1|1
3449008|1|1|1|349.69529367|23|2|1|1|2|2|1|1
3449010|1|1|1|279.64055174|23|2|1|1|2|2|1|1
3449011|1|1|1|299.49126389|23|2|1|1|2|2|1|1
3449012|1|1|1|349.69529367|23|2|1|1|2|2|1|1
3449013|1|1|1|327.31941676|23|2|1|1|2|2|1|1
3449014|1|1|1|231.1117053|23|1|1|1|2|2|1|1
3449015|1|1|1|364.92117491|23|2|1|1|2|2|1|1
3449016|1|1|1|375.09764271|23|2|1|1|2|2|1|1
3449017|1|1|1|305.30795281|23|2|1|1|2|2|1|1
3449018|1|1|1|66.488670069|27|1|1|1|2|2|1|2
3449019|1|1|1|122.0069625|27|1|1|1|2|2|1|2
3449020|1|1|1|80.626679651|27|1|1|1|2|2|1|2
3449021|1|1|1|112.66949341|27|1|1|1|2|2|1|2
3449022|1|1|1|139.30884222|27|1|1|1|2|2|1|2
3449023|1|1|1|140.90393281|27|1|1|1|2|2|1|2
3449024|1|1|1|89.472694131|27|1|1|1|2|2|1|2
3449025|1|1|1|89.472694131|27|1|1|1|2|2|1|2
3449027|1|1|1|53.50861277|27|1|1|1|2|2|1|1
3449028|1|1|1|102.41525203|27|2|1|1|2|2|1|1
3449029|1|1|1|77.243687459|27|2|1|1|2|2|1|1
3449030|1|1|1|63.511039292|27|2|1|1|2|2|1|1
3449031|1|1|1|92.08356398|27|2|1|1|2|2|1|2
3449032|1|1|1|35.460624037|27|1|1|1|2|2|1|1
3449033|1|1|1|35.460624037|27|2|1|1|2|2|1|2
3449034|1|1|1|53.246727371|27|1|1|1|2|2|1|1
3449035|1|1|1|66.456677565|27|1|1|1|2|2|1|2
3449036|1|1|1|76.542170596|27|1|1|1|2|1|1|1
3449037|1|1|1|77.291438331|27|2|1|2|2|1|1|1
3449038|1|1|1|155.82077777|27|1|1|1|2|2|1|1
3449039|1|1|1|68.595732167|27|2|1|2|2|1|1|1
3449040|1|1|1|112.56641905|27|2|1|2|2|2|1|1
3449041|1|1|1|77.291438331|27|1|1|1|2|2|1|2
3449042|1|1|1|117.64385096|27|2|1|2|2|1|1|1
3449043|1|1|1|160.08591951|27|2|1|2|2|1|1|1
3449044|1|1|1|102.55010493|27|2|1|2|2|1|1|1
3449045|1|1|1|52.43106554|27|1|1|1|2|1|1|1
3449046|1|1|1|52.43106554|27|2|1|1|2|2|1|1
3449047|1|1|1|104.0914557|27|2|1|1|2|2|1|1
3449048|1|1|1|209.72426216|27|1|1|1|2|1|1|1
3449049|1|1|1|70.555610229|27|2|1|1|2|1|1|1
3449050|1|1|1|193.9479029|27|2|1|1|2|2|1|1
3449051|1|1|1|74.846782879|27|2|1|1|2|2|1|1
3449052|1|1|1|94.123143954|27|2|1|2|2|2|1|1
3449053|1|1|1|140.03718134|27|2|1|1|2|2|1|1
3449054|1|1|1|76.121757273|27|2|1|2|2|2|1|1
3449055|1|1|1|96.261249574|27|2|1|2|2|2|1|1
3449056|1|1|1|45.13170332|27|1|1|1|2|2|1|2
3449057|1|1|1|45.13170332|27|1|1|1|2|2|1|2
3449058|1|1|1|89.600023349|27|1|1|1|2|2|1|2
3449059|1|1|1|103.49559938|27|1|1|1|2|2|1|1
3449060|1|1|1|45.13170332|27|2|1|1|2|2|1|1
3449061|1|1|1|117.19726325|27|1|1|1|2|2|1|2
3449062|1|1|1|89.654297854|27|2|1|1|2|2|1|1
3449063|1|1|1|87.19701302|27|2|1|1|2|2|1|1
3449064|1|1|1|137.18800547|27|2|1|1|2|2|1|1
3449065|1|1|1|71.203583106|27|2|1|1|2|2|1|1
3449066|1|1|1|57.608525464|27|2|1|1|2|2|1|1
3449067|1|1|1|95.457947156|27|2|1|1|2|2|1|2
3449068|1|1|1|57.608525464|27|2|1|1|2|2|1|2
3449069|1|1|1|130.29480132|27|2|1|1|2|2|1|1
3449070|1|1|1|55.492557518|27|2|1|1|2|2|1|1
3449071|1|1|1|82.32732451|27|2|1|1|2|2|1|1
3449072|1|1|1|169.05144608|27|1|1|1|2|2|1|1
3449073|1|1|1|58.83239897|27|2|1|1|2|2|1|1
3449074|1|1|1|85.92938452|27|2|1|1|2|2|1|2
3449075|1|1|1|75.147463661|27|1|1|1|2|2|1|1
3449076|1|1|1|89.205928824|27|1|1|1|2|2|1|1
3449077|1|1|1|41.810477483|27|1|1|1|2|2|1|1
3449078|1|1|1|56.517454906|27|2|1|1|2|2|1|2
3449079|1|1|1|37.273951402|27|2|1|1|2|2|1|1
3449080|1|1|1|54.256296552|27|2|1|1|2|2|1|2
3449081|1|1|1|54.44156211|27|1|1|1|2|2|1|2
3449082|1|1|1|74.000019283|27|1|1|1|2|2|1|2
3449083|1|1|1|47.610550607|27|1|1|1|2|2|1|2
3449084|1|1|1|177.20244848|27|2|1|2|2|1|1|1
3449085|1|1|1|172.65668246|27|2|1|2|2|2|1|1
3449086|1|1|1|139.55435979|27|2|1|2|2|2|1|1
3449087|1|1|1|66.488670069|27|2|1|1|2|2|1|1
3449088|1|1|1|204.94543327|27|2|1|1|2|2|1|1
3449089|1|1|1|203.24449275|27|2|1|2|2|2|1|1
3449090|1|1|1|98.089281397|27|2|1|1|2|2|1|1
3449091|1|1|1|66.488670069|27|1|1|1|2|2|1|2
3449092|1|1|1|120.06050441|27|1|1|1|2|2|1|2
3449093|1|1|1|227.16217385|27|2|1|1|2|2|1|2
3449094|1|1|1|133.2228577|27|2|1|1|2|2|1|2
3449095|1|1|1|168.11091644|27|1|1|1|2|2|1|2
3449096|1|1|1|161.21136005|27|1|1|1|2|2|1|2
3449097|1|1|1|84.92692811|27|1|1|1|2|2|1|2
3449098|1|1|1|126.07778375|27|1|1|1|2|2|1|2
3449099|1|1|1|38.41567604|27|1|1|1|2|2|1|2
3449100|1|1|1|76.266686541|27|1|1|1|2|2|1|2
3449101|1|1|1|76.973206671|27|1|1|1|2|2|1|1
3449102|1|1|1|59.300249619|27|1|1|1|2|2|1|2
3449103|1|1|1|38.41567604|27|1|1|1|2|2|1|1
3449104|1|1|1|113.30188641|27|1|1|1|2|2|1|1
3449105|1|1|1|81.196073415|27|1|1|1|2|2|1|1
3449106|1|1|1|51.695334387|27|1|1|1|2|2|1|2
3449107|1|1|1|76.266686541|27|1|1|1|2|2|1|1
3449108|1|1|1|118.15987308|27|1|1|1|2|2|1|1
3449109|1|1|1|127.97138835|27|2|1|1|2|2|1|2
3449110|1|1|1|126.27872809|27|1|1|1|2|2|1|2
3449111|1|1|1|76.171272558|27|2|1|1|2|2|1|2
3449112|1|1|1|75.432863776|27|1|1|1|2|2|1|2
3449113|1|1|1|101.97823254|27|2|1|1|2|2|1|2
3449114|1|1|1|50.235884052|27|1|1|1|2|2|1|2
3449115|1|1|1|75.432863776|27|2|1|1|2|2|1|1
3449116|1|1|1|116.81837853|27|2|1|1|2|2|1|2
3449117|1|1|1|62.33312819|27|2|1|1|2|2|1|2
3449118|1|1|1|67.509461612|27|1|1|1|2|2|1|2
3449119|1|1|1|202.80474595|27|2|1|1|2|2|1|2
3449120|1|1|1|98.810708647|27|2|1|1|2|2|1|2
3449121|1|1|1|97.859418602|27|1|1|1|2|2|1|2
3449122|1|1|1|213.76490842|27|2|1|1|2|2|1|2
3449123|1|1|1|62.33312819|27|2|1|1|2|2|1|2
3449124|1|1|1|522.87340613|41|2|1|2|1|1|1|1
3449125|1|1|1|319.00559395|41|1|1|2|1|1|1|1
3449126|1|1|1|229.54865239|41|1|1|2|1|1|1|1
3449127|1|1|1|557.23525512|41|2|1|2|1|1|1|1
3449128|1|1|1|301.10241991|41|1|1|2|1|1|1|1
3449129|1|1|1|155.25969616|41|1|1|2|1|1|1|1
3449130|1|1|1|310.41623511|41|1|1|2|1|1|1|1
3449131|1|1|1|110.15115508|41|2|1|2|1|1|1|1
3449132|1|1|1|177.55674959|41|1|1|2|1|1|1|1
3449133|1|1|1|557.23525512|41|1|1|2|1|1|1|1
3449134|1|1|1|110.15115508|41|2|1|2|1|1|1|1
3449135|1|1|1|333.46814466|41|1|1|2|1|1|1|1
3449136|1|1|1|557.23525512|41|1|1|2|1|1|1|1
3449137|1|1|1|304.2244669|41|2|1|2|1|1|1|1
3449138|1|1|1|304.2244669|41|1|1|2|1|1|1|1
3449139|1|1|1|557.23525512|41|1|1|2|1|1|1|1
3449140|1|1|1|229.54865239|41|1|1|2|1|1|1|1
3449141|1|1|1|303.83760862|41|1|1|2|1|1|1|1
3449142|1|1|1|110.15115508|41|2|1|2|1|1|1|1
3449143|1|1|1|110.15115508|41|1|1|2|1|1|1|1
3449144|1|1|1|155.25969616|41|1|1|2|1|1|1|1
3449145|1|1|1|110.15115508|41|1|1|2|1|1|1|1
3449146|1|1|1|155.25969616|41|2|1|2|1|1|1|1
3449147|1|1|1|94.415275784|41|2|1|2|1|1|1|1
3449148|1|1|1|94.415275784|41|1|1|2|1|1|1|1
3449149|1|1|1|197.08758057|41|2|1|2|1|1|1|1
3449150|1|1|1|94.415275784|41|2|1|2|1|1|1|1
3449151|1|1|1|197.08758057|41|2|1|2|1|1|1|1
3449152|1|1|1|94.415275784|41|2|1|2|1|1|1|1
3449153|1|1|1|194.41154029|41|2|1|2|1|1|1|1
3449154|1|1|1|285.82983828|41|2|1|2|1|1|1|1
3449155|1|1|1|247.49266502|41|2|1|2|1|1|1|1
3449156|1|1|1|194.41154029|41|2|1|2|1|1|1|1
3449157|1|1|1|94.415275784|41|2|1|2|1|1|1|1
3449158|1|1|1|133.07973956|41|1|1|2|1|1|1|1
3449159|1|1|1|784.31010919|41|2|1|2|1|1|1|1
3449160|1|1|1|222.46960774|41|2|1|2|1|1|1|1
3449161|1|1|1|165.22673262|41|2|1|2|1|1|1|1
3449162|1|1|1|344.903266|41|2|1|2|1|1|1|1
3449163|1|1|1|177.07338061|41|2|1|2|1|1|1|1
3449164|1|1|1|344.32297859|41|1|1|2|1|1|1|1
3449165|1|1|1|232.88954424|41|1|1|2|1|1|1|1
3449166|1|1|1|165.22673262|41|2|1|2|1|1|1|1
3449167|1|1|1|165.22673262|41|2|1|2|1|1|1|1
3449168|1|1|1|344.903266|41|2|1|2|1|1|1|1
3449169|1|1|1|500.20221699|41|2|1|2|1|1|1|1
3449170|1|1|1|165.22673262|41|2|1|2|1|1|1|1
3449171|1|1|1|276.75506088|41|2|1|3|1|1|1|1
3449172|1|1|1|500.20221699|41|2|1|3|1|1|1|1
3449173|1|1|1|189.02402759|41|2|1|3|1|1|1|1
3449174|1|1|1|410.94047322|41|2|1|3|1|1|1|1
3449175|1|1|1|288.50681496|41|2|1|3|1|1|1|1
3449176|1|1|1|165.22673262|41|2|1|3|1|1|1|1
3449177|1|1|1|232.88954424|41|2|1|3|1|1|1|1
3449178|1|1|1|344.903266|41|2|1|3|1|1|1|1
3449179|1|1|1|557.23525512|41|1|1|4|1|1|1|1
3449180|1|1|1|110.15115508|41|2|1|4|1|1|1|1
3449181|1|1|1|235.7404206|41|1|1|4|1|1|1|1
3449182|1|1|1|177.55674959|41|1|1|4|1|1|1|1
3449183|1|1|1|229.93551067|41|2|1|4|1|1|1|1
3449184|1|1|1|229.93551067|41|1|1|4|1|1|1|1
3449185|1|1|1|184.50337392|41|1|1|4|1|1|1|1
3449186|1|1|1|155.25969616|41|1|1|4|1|1|1|1
3449187|1|1|1|170.04082321|41|1|1|4|1|1|1|1
3449188|1|1|1|110.15115508|41|1|1|3|1|1|1|1
3449189|1|1|1|192.33787664|41|1|1|3|1|1|1|1
3449190|1|1|1|110.15115508|41|1|1|3|1|1|1|1
3449191|1|1|1|325.19736216|41|1|1|3|1|1|1|1
3449192|1|1|1|303.83760862|41|1|1|3|1|1|1|1
3449193|1|1|1|110.15115508|41|1|1|3|1|1|1|1
3449194|1|1|1|110.15115508|41|1|1|3|1|1|1|1
3449195|1|1|1|155.25969616|41|1|1|3|1|1|1|1
3449196|1|1|1|110.15115508|41|1|1|3|1|1|1|1
3449197|1|1|1|315.88354696|41|1|1|3|1|1|1|1
3449198|1|1|1|110.15115508|41|1|1|3|1|1|1|1
3449199|1|1|1|405.63262253|41|2|1|2|1|1|1|1
3449200|1|1|1|306.58068089|41|2|1|2|1|1|1|1
3449201|1|1|1|207.01292821|41|2|1|2|1|1|1|1
3449202|1|1|1|401.46989321|41|2|1|2|1|1|1|1
3449203|1|1|1|146.86820678|41|1|1|2|1|1|1|1
3449204|1|1|1|207.01292821|41|2|1|2|1|1|1|1
3449205|1|1|1|146.86820678|41|2|1|2|1|1|1|1
3449206|1|1|1|835.85288268|41|1|1|0|2|1|1|1
3449207|1|1|1|276.75506088|41|1|1|0|2|1|1|1
3449208|1|1|1|276.75506088|41|1|1|0|2|1|1|1
3449209|1|1|1|695.04836541|41|1|1|1|2|1|1|1
3449210|1|1|1|451.65362986|41|1|1|0|2|1|1|1
3449211|1|1|1|487.79604324|41|1|1|0|2|1|1|1
3449212|1|1|1|276.75506088|41|1|1|0|2|1|1|1
3449213|1|1|1|276.75506088|41|1|1|0|2|1|1|1
3449214|1|1|1|276.75506088|41|1|1|1|2|1|1|1
3449215|1|1|1|344.903266|41|1|1|1|1|1|1|1
3449216|1|1|1|155.25969616|41|1|1|2|1|1|1|1
3449217|1|1|1|110.15115508|41|1|1|2|1|1|1|1
3449218|1|1|1|229.93551067|41|1|1|2|1|1|1|1
3449219|1|1|1|557.23525512|41|2|1|2|1|1|1|1
3449220|1|1|1|110.15115508|41|2|1|2|1|1|1|1
3449221|1|1|1|126.0160184|41|2|1|2|1|1|1|1
3449222|1|1|1|281.17255735|41|1|1|2|1|1|1|1
3449223|1|1|1|110.15115508|41|1|1|2|1|1|1|1
3449224|1|1|1|155.25969616|41|1|1|2|1|1|1|1
3449225|1|1|1|192.33787664|41|1|1|2|1|1|1|1
3449226|1|1|1|333.46814466|41|4|1|2|2|1|1|1
3449227|1|1|1|110.15115508|41|1|1|2|1|1|1|1
3449228|1|1|1|451.65362986|41|2|1|1|1|1|1|1
3449229|1|1|1|165.22673262|41|2|1|1|1|1|1|1
3449230|1|1|1|835.85288268|41|2|1|2|1|1|1|1
3449231|1|1|1|835.85288268|41|2|1|1|1|1|1|1
3449232|1|1|1|806.48179976|41|2|1|2|1|1|1|1
3449233|1|1|1|465.04406526|41|2|1|1|1|1|1|1
3449234|1|1|1|577.05778702|41|2|1|2|1|1|1|1
3449235|1|1|1|344.903266|41|2|1|2|1|1|1|1
3449236|1|1|1|500.20221699|41|2|1|1|1|1|1|1
3449237|1|1|1|165.22673262|41|2|1|1|1|1|1|1
3449238|1|1|1|88.120924065|41|1|1|2|1|1|1|1
3449239|1|1|1|147.60269913|41|1|1|2|1|1|1|1
3449240|1|1|1|147.60269913|41|1|1|2|1|1|1|1
3449241|1|1|1|88.120924065|41|2|1|2|1|1|1|1
3449242|1|1|1|88.120924065|41|2|1|2|1|1|1|1
3449243|1|1|1|88.120924065|41|1|1|2|1|1|1|1
3449244|1|1|1|88.120924065|41|1|1|2|1|1|1|1
3449246|1|1|1|147.60269913|41|1|1|2|1|1|1|1
3449247|1|1|1|252.70683757|41|1|1|2|1|1|1|1
3449248|1|1|1|88.120924065|41|2|1|2|1|1|1|1
3449249|1|1|1|219.16825238|41|2|1|2|1|1|1|1
3449250|1|1|1|229.93551067|41|1|1|1|1|1|1|1
3449251|1|1|1|110.15115508|41|1|1|1|1|1|1|1
3449252|1|1|1|229.93551067|41|1|1|1|1|1|1|1
3449253|1|1|1|333.46814466|41|1|1|1|1|1|1|1
3449254|1|1|1|192.33787664|41|1|1|1|1|1|1|1
3449255|1|1|1|333.46814466|41|1|1|1|1|1|1|1
3449256|1|1|1|250.52154765|41|1|1|1|1|1|1|1
3449257|1|1|1|315.88354696|41|1|1|1|1|1|1|1
3449258|1|1|1|184.50337392|41|1|1|1|1|1|1|1
3449259|1|1|1|155.25969616|41|1|1|1|1|1|1|1
3449260|1|1|1|229.93551067|41|1|1|1|1|1|1|1
3449261|1|1|1|110.15115508|41|2|1|1|1|1|1|1
3449262|1|1|1|110.15115508|41|1|1|1|1|1|1|1
3449263|1|1|1|110.15115508|41|2|1|1|1|1|1|1
3449264|1|1|1|619.15028347|41|1|1|2|1|1|1|1
3449265|1|1|1|122.39017231|41|2|1|2|1|1|1|1
3449266|1|1|1|427.45021261|41|1|1|2|1|1|1|1
3449267|1|1|1|172.51077351|41|1|1|2|1|1|1|1
3449268|1|1|1|619.15028347|41|1|1|2|1|1|1|1
3449269|1|1|1|122.39017231|41|1|1|2|1|1|1|1
3449270|1|1|1|122.39017231|41|1|1|2|1|1|1|1
3449271|1|1|1|94.600436517|44|3|1|2|1|1|1|1
3449272|1|1|1|67.724867009|44|1|1|2|1|1|1|1
3449273|1|1|1|47.297202513|44|1|1|2|1|1|1|1
3449274|1|1|1|67.724867009|44|1|1|3|1|1|1|1
3449275|1|1|1|56.225753423|44|1|1|2|1|1|1|1
3449276|1|1|1|78.27558371|44|1|1|2|1|1|1|1
3449277|1|1|1|114.84714646|44|2|1|2|1|1|1|1
3449278|1|1|1|80.32250489|44|1|1|2|1|1|1|1
3449279|1|1|1|125.41191415|44|2|1|2|1|1|1|1
3449280|1|1|1|159.58373571|44|1|1|2|1|1|1|1
3449281|1|1|1|129.77714718|44|1|1|2|1|1|1|1
3449282|1|1|1|39.802606064|44|2|1|2|1|1|1|1
3449283|1|1|1|98.019266757|44|2|1|2|1|1|1|1
3449284|1|1|1|65.595400535|44|3|1|2|1|1|1|1
3449285|1|1|1|62.468156018|44|2|1|2|1|1|1|1
3449286|1|1|1|53.868887809|44|2|1|2|1|1|1|1
3449287|1|1|1|62.171708598|44|3|1|2|2|1|1|1
3449288|1|1|1|70.314570996|44|1|1|2|1|1|1|1
3449289|1|1|1|95.672833731|44|1|1|2|1|1|1|1
3449290|1|1|1|99.234342876|44|2|1|2|1|1|1|1
3449291|1|1|1|111.82968324|44|1|1|1|1|1|1|1
3449292|1|1|1|85.406317869|44|1|1|1|1|1|1|1
3449293|1|1|1|125.10502968|44|1|1|1|1|1|1|1
3449294|1|1|1|135.38123387|44|1|1|1|1|1|1|1
3449295|1|1|1|150.56968532|44|1|1|1|1|1|1|1
3449296|1|1|1|117.02207445|44|1|1|1|2|2|1|1
3449297|1|1|1|80.32250489|44|2|1|1|1|1|1|1
3449298|1|1|1|67.020417917|44|1|1|1|1|1|1|1
3449299|1|1|1|112.1760146|44|1|1|1|1|2|1|1
3449300|1|1|1|101.12108596|44|2|1|1|1|1|1|1
3449301|1|1|1|114.35094259|44|1|1|1|1|1|1|1
3449302|1|1|1|105.73635016|44|2|1|2|1|1|1|1
3449303|1|1|1|56.017214207|44|2|1|2|1|1|1|1
3449304|1|1|1|132.96855275|44|2|1|2|1|1|1|1
3449305|1|1|1|129.77714718|44|2|1|2|1|1|1|1
3449306|1|1|1|85.694881376|44|2|1|2|1|1|1|1
3449307|1|1|1|143.5092506|44|2|1|2|1|1|1|1
3449308|1|1|1|111.39124722|44|2|1|2|1|1|1|1
3449309|1|1|1|104.70499201|44|2|1|2|1|1|1|1
3449310|1|1|1|93.006955476|44|3|1|2|2|1|1|1
3449311|1|1|1|103.43915054|44|3|1|2|2|1|1|1
3449312|1|1|1|57.564461838|44|3|1|2|2|1|1|1
3449313|1|1|1|57.564461838|44|3|1|2|2|1|1|1
3449314|1|1|1|93.006955476|44|3|1|2|2|1|1|1
3449315|1|1|1|93.006955476|44|3|1|2|2|1|1|1
3449316|1|1|1|44.702112684|44|2|1|2|1|1|1|1
3449317|1|1|1|62.127789608|44|1|1|2|1|1|1|1
3449318|1|1|1|77.709278832|44|2|1|2|1|1|1|1
3449319|1|1|1|81.951508856|44|2|1|2|1|1|1|1
3449320|1|1|1|106.48741952|44|2|1|1|1|1|1|1
3449321|1|1|1|143.5092506|44|2|1|1|1|1|1|1
3449322|1|1|1|109.89738321|44|2|1|1|1|1|1|1
3449323|1|1|1|90.830419282|44|2|1|1|1|1|1|1
3449324|1|1|1|122.8263983|44|2|1|1|1|1|1|1
3449325|1|1|1|88.366013235|44|2|1|1|1|1|1|1
3449326|1|1|1|78.132199855|44|2|1|1|1|1|1|1
3449327|1|1|1|88.366013235|44|2|1|1|1|1|1|1
3449328|1|1|1|150.56968532|44|2|1|1|1|1|1|1
3449329|1|1|1|83.197691872|44|2|1|1|1|1|1|1
3449330|1|1|1|103.52772416|44|2|1|1|1|1|1|1
3449331|1|1|1|102.10501366|44|1|1|1|2|2|2|2
3449332|1|1|1|147.02890014|44|1|1|1|2|2|2|2
3449333|1|1|1|129.77714718|44|1|1|1|2|2|2|2
3449334|1|1|1|129.77714718|44|1|1|1|2|2|2|2
3449335|1|1|1|122.8263983|44|1|1|1|2|2|2|2
3449336|1|1|1|101.00646481|44|1|1|1|2|2|2|2
3449337|1|1|1|133.97298586|44|1|1|1|2|2|2|2
3449338|1|1|1|144.33369843|44|1|1|1|2|2|2|2
3449339|1|1|1|113.77381558|44|1|1|1|2|2|2|2
3449340|1|1|1|114.5826528|44|2|1|1|1|2|1|1
3449341|1|1|1|96.2295363|44|2|1|1|1|2|1|1
3449342|1|1|1|95.940972793|44|2|1|0|1|2|1|1
3449343|1|1|1|122.8263983|44|2|1|0|1|2|1|1
3449344|1|1|1|98.335332952|44|1|1|1|1|2|1|1
3449345|1|1|1|80.502490169|44|1|1|1|1|2|1|1
3449346|1|1|1|80.32250489|44|1|1|1|2|2|1|1
3449347|1|1|1|126.5288883|44|2|1|1|1|2|1|1
3449348|1|1|1|125.41191415|44|1|1|1|1|2|1|1
3449349|1|1|1|117.17150123|44|2|1|1|1|2|1|1
3449350|1|1|1|127.730226|44|1|1|1|1|2|1|1
3449351|1|1|1|96.2295363|44|1|1|1|1|2|1|1
3449352|1|1|1|134.85491723|44|2|1|1|1|2|2|1
3449353|1|1|1|119.69320631|44|1|1|1|1|2|1|1
3449354|1|1|1|83.93137217|44|1|1|1|1|1|1|1
3449355|1|1|1|86.885243052|44|2|1|1|1|1|1|1
3449356|1|1|1|132.21418051|44|1|1|1|1|1|1|1
3449357|1|1|1|72.766403342|44|2|1|1|1|1|1|1
3449359|1|1|1|38.972397779|44|1|1|1|1|1|1|1
3449360|1|1|1|78.13981077|44|2|1|1|1|1|1|1
3449361|1|1|1|78.13981077|44|1|1|1|1|1|1|1
3449362|1|1|1|98.807244211|44|1|1|1|1|1|1|1
3449363|1|1|1|102.65614117|44|1|1|1|1|2|1|1
3449364|1|1|1|87.074829012|44|1|1|1|1|2|1|1
3449365|1|1|1|72.290254401|44|1|1|1|1|2|1|1
3449366|1|1|1|114.55196191|44|1|1|1|1|2|1|1
3449367|1|1|1|114.9572034|44|1|1|1|1|1|1|1
3449368|1|1|1|105.06015985|44|2|1|1|1|2|2|2
3449369|1|1|1|100.64671492|44|1|1|1|1|2|1|1
3449370|1|1|1|52.150996282|44|1|1|1|1|2|1|1
3449371|1|1|1|76.655400323|44|1|1|1|1|2|1|1
3449372|1|1|1|109.62975174|44|1|1|1|1|2|1|1
3449373|1|1|1|72.290254401|44|1|1|1|1|2|1|1
3449374|1|1|1|83.173622028|44|1|1|0|2|2|2|2
3449375|1|1|1|197.80419413|44|1|1|0|2|2|2|2
3449376|1|1|1|114.35094259|44|1|1|0|2|2|2|2
3449377|1|1|1|137.51377105|44|1|1|0|2|2|2|2
3449378|1|1|1|95.195652307|44|1|1|0|2|2|2|2
3449379|1|1|1|80.32250489|44|1|1|0|1|2|2|2
3449380|1|1|1|106.48741952|44|2|1|0|2|2|2|2
3449381|1|1|1|129.77714718|44|2|1|0|2|2|2|2
3449382|1|1|1|114.35094259|44|1|1|0|2|2|2|2
3449383|1|1|1|218.7561193|47|3|1|3|1|1|1|1
3449384|1|1|1|205.02969917|47|3|1|3|1|1|1|1
3449385|1|1|1|196.35141537|47|3|1|3|1|1|1|1
3449386|1|1|1|218.7561193|47|3|1|3|1|1|1|1
3449387|1|1|1|288.02664295|47|3|1|3|1|1|1|1
3449388|1|1|1|218.7561193|47|3|1|3|1|1|1|1
3449389|1|1|1|218.7561193|47|3|1|3|1|1|1|1
3449390|1|1|1|205.02969917|47|3|1|3|1|1|1|1
3449391|1|1|1|205.02969917|47|3|1|3|1|1|1|1
3449392|1|1|1|192.87156804|47|3|1|3|1|1|1|1
3449393|1|1|1|262.14209169|47|3|1|3|1|1|1|1
3449394|1|1|1|262.14209169|47|3|1|3|1|1|1|1
3449396|1|1|1|210.64098489|47|1|1|3|1|1|1|1
3449397|1|1|1|369.62154477|47|1|1|3|1|1|1|1
3449398|1|1|1|369.62154477|47|2|1|3|1|1|1|1
3449399|1|1|1|294.61942042|47|1|1|3|1|1|1|1
3449400|1|1|1|258.21568776|47|1|1|3|1|1|1|1
3449401|1|1|1|190.6303405|47|1|1|3|1|1|1|1
3449402|1|1|1|240.8802962|47|1|1|3|1|1|1|1
3449403|1|1|1|374.93013994|47|1|1|3|1|1|1|1
3449404|1|1|1|330.67607815|47|1|1|3|1|1|1|1
3449405|1|1|1|418.76233095|47|2|1|3|1|1|1|1
3449406|1|1|1|546.08903592|47|2|1|3|1|1|1|1
3449407|1|1|1|218.66713846|47|1|1|3|1|1|1|1
3449408|1|1|1|253.64582673|47|1|1|3|1|1|1|1
3449410|1|1|1|299.54677341|47|1|1|3|1|1|1|1
3449411|1|1|1|390.33792255|47|2|1|3|1|1|1|1
3449412|1|1|1|176.5012385|47|2|1|3|1|1|1|1
3449413|1|1|1|445.0585144|47|1|1|3|1|1|1|1
3449414|1|1|1|459.12444325|47|2|1|1|1|1|1|1
3449415|1|1|1|428.55854287|47|1|1|1|1|1|1|1
3449416|1|1|1|459.12444325|47|1|1|1|1|1|1|1
3449417|1|1|1|611.60167639|47|2|1|1|1|1|1|1
3449418|1|1|1|265.03071389|47|2|1|1|1|1|1|1
3449419|1|1|1|328.70985332|47|2|1|1|1|1|1|1
3449420|1|1|1|328.55248424|47|2|1|1|1|1|1|1
3449421|1|1|1|249.78907837|47|1|1|1|1|1|1|1
3449422|1|1|1|427.80099289|47|1|1|1|1|1|1|1
3449423|1|1|1|241.08946005|47|2|1|1|1|1|1|1
3449424|1|1|1|191.20680372|47|1|1|1|1|1|1|1
3449425|1|1|1|427.80099289|47|1|1|1|1|1|1|1
3449426|1|1|1|205.02969917|47|2|1|3|1|1|1|1
3449428|1|1|1|342.24079431|47|2|1|3|1|1|1|1
3449429|1|1|1|210.65944167|47|1|1|3|1|1|1|1
3449430|1|1|1|230.95782319|47|2|1|3|1|1|1|1
3449431|1|1|1|353.32894968|47|1|1|3|1|1|1|1
3449432|1|1|1|218.7561193|47|2|1|3|1|1|1|1
3449433|1|1|1|255.28464824|47|1|1|3|1|1|1|1
3449434|1|1|1|277.99290133|47|1|1|3|1|1|1|1
3449435|1|1|1|130.56073905|47|2|1|3|1|1|1|1
3449436|1|1|1|188.12884248|47|2|1|3|1|1|1|1
3449437|1|1|1|161.2153407|47|1|1|3|1|1|1|1
3449438|1|1|1|280.34340853|47|2|1|3|1|1|1|1
3449439|1|1|1|347.44215073|47|1|1|3|1|1|1|1
3449440|1|1|1|307.02691414|47|2|1|2|1|1|1|1
3449441|1|1|1|292.04665266|47|2|1|2|1|1|1|1
3449442|1|1|1|296.18522827|47|2|1|2|1|1|1|1
3449443|1|1|1|227.81077686|47|2|1|2|1|1|1|1
3449444|1|1|1|243.06235478|47|2|1|2|1|1|1|1
3449445|1|1|1|190.18528868|47|2|1|2|1|1|1|1
3449446|1|1|1|311.49267614|47|2|1|2|1|1|1|1
3449447|1|1|1|292.18653628|47|2|1|2|1|1|1|1
3449448|1|1|1|363.77047726|47|2|1|2|1|1|1|1
3449449|1|1|1|300.78966403|47|1|1|1|1|2|1|1
3449450|1|1|1|168.19046101|47|1|1|1|1|2|1|1
3449451|1|1|1|283.11121149|47|2|1|1|1|2|1|1
3449452|1|1|1|291.36067929|47|1|1|1|1|2|1|1
3449453|1|1|1|390.51025357|47|2|1|1|1|2|1|1
3449454|1|1|1|361.40773267|47|2|1|1|1|2|1|1
3449455|1|1|1|235.52740073|47|1|1|1|1|2|1|1
3449456|1|1|1|505.03688758|47|2|1|1|1|2|1|1
3449457|1|1|1|300.78966403|47|2|1|1|1|2|1|1
3449458|1|1|1|649.62839908|47|2|1|1|1|2|1|1
3449459|1|1|1|273.44514912|47|2|1|1|1|1|1|1
3449460|1|1|1|191.20680372|47|2|1|1|1|1|1|1
3449461|1|1|1|537.89834348|47|1|1|1|1|1|1|1
3449462|1|1|1|256.28712396|47|2|1|1|1|1|1|1
3449463|1|1|1|228.28124405|47|1|1|1|1|1|1|1
3449464|1|1|1|327.67761461|47|2|1|1|1|1|1|1
3449465|1|1|1|459.12444325|47|2|1|1|1|1|1|1
3449466|1|1|1|508.01711054|47|2|1|1|1|1|1|1
3449467|1|1|1|310.51958946|47|2|1|1|1|1|1|1
3449468|1|1|1|611.60167639|47|1|1|1|1|1|1|1
3449469|1|1|1|273.44514912|47|1|1|1|1|1|1|1
3449470|1|1|1|277.79495828|47|2|1|1|1|1|1|1
3449471|1|1|1|204.20654484|47|1|1|1|1|1|1|1
3449472|1|1|1|441.97162867|47|2|1|1|1|1|1|2
3449473|1|1|1|553.84381889|47|2|1|1|1|1|1|2
3449474|1|1|1|229.35062865|47|2|1|1|1|1|1|2
3449475|1|1|1|293.33491932|47|2|1|1|1|1|1|2
3449476|1|1|1|410.16772368|47|2|1|1|1|1|1|2
3449477|1|1|1|688.68666488|47|2|1|1|1|1|1|2
3449478|1|1|1|417.24585058|47|1|1|1|1|1|1|2
3449479|1|1|1|441.97162867|47|1|1|1|1|1|1|2
3449480|1|1|1|424.7525346|47|2|1|1|1|1|1|2
3449481|1|1|1|328.38847892|47|2|1|1|1|1|1|1
3449482|1|1|1|262.14209169|47|2|1|1|1|1|1|1
3449483|1|1|1|374.79858773|47|1|1|1|1|1|1|1
3449484|1|1|1|261.8979069|47|1|1|1|1|1|1|1
3449485|1|1|1|197.17720633|47|2|1|1|1|1|1|1
3449486|1|1|1|122.32033528|47|1|1|1|1|1|1|1
3449487|1|1|1|262.84198739|47|2|1|1|1|1|1|1
3449488|1|1|1|197.17720633|47|1|1|1|1|1|1|1
3449489|1|1|1|223.23101601|47|1|1|1|1|1|1|1
3449490|1|1|1|327.39342954|47|1|1|1|1|1|1|1
3449491|1|1|1|675.82895841|47|1|1|1|1|1|1|1
3449492|1|1|1|397.54607083|47|3|1|1|1|1|1|1
3449493|1|1|1|293.33491932|47|1|1|1|1|1|1|1
3449494|1|1|1|384.43068595|47|1|1|1|1|1|1|1
3449495|1|1|1|356.67357593|47|1|1|1|1|1|1|1
3449496|1|1|1|412.04918281|47|1|1|1|1|1|1|1
3449497|1|1|1|416.69243742|47|2|1|1|1|1|1|1
3449498|1|1|1|370.02462142|47|2|1|1|1|1|1|1
3449499|1|1|1|615.72839798|47|2|1|1|1|1|1|1
3449500|1|1|1|468.5789889|47|1|1|3|1|1|1|1
3449501|1|1|1|391.02656324|47|2|1|3|1|1|1|1
3449502|1|1|1|625.26416357|47|1|1|3|1|1|1|1
3449503|1|1|1|366.49058727|47|2|1|3|1|1|1|1
3449504|1|1|1|366.49058727|47|2|1|3|1|1|1|1
3449505|1|1|1|399.02544112|47|2|1|3|1|1|1|1
3449506|1|1|1|411.13596982|47|2|1|3|1|1|1|1
3449507|1|1|1|468.5789889|47|2|1|3|1|1|1|1
3449508|1|1|1|399.2504789|47|2|1|3|1|1|1|1
3449509|1|1|1|218.64759931|47|2|1|3|1|1|1|1
3449510|1|1|1|418.55815502|47|1|1|1|1|1|1|1
3449511|1|1|1|518.10791762|47|1|1|1|1|1|1|1
3449512|1|1|1|349.01253722|47|2|1|1|1|1|1|1
3449513|1|1|1|562.51611723|47|2|1|1|1|1|1|1
3449514|1|1|1|491.51642192|47|1|1|1|1|1|1|1
3449515|1|1|1|499.90685326|47|1|1|1|1|1|1|1
3449516|1|1|1|321.17372827|47|2|1|1|1|1|1|1
3449517|1|1|1|527.01626958|47|1|1|1|1|1|1|1
3449518|1|1|1|280.30123337|47|2|1|1|1|1|1|1
3449519|1|1|1|571.51376406|50|1|1|4|1|1|1|1
3449520|1|1|1|303.72242003|50|1|1|4|1|1|1|1
3449521|1|1|1|445.70828319|50|1|1|4|1|1|1|1
3449522|1|1|1|264.80205312|50|1|1|4|1|1|1|1
3449523|1|1|1|713.18380321|50|1|1|4|1|1|1|1
3449524|1|1|1|571.51376406|50|1|1|4|1|1|1|1
3449525|1|1|1|840.99277709|50|1|1|4|1|1|1|1
3449526|1|1|1|276.49358378|50|1|1|4|1|1|1|1
3449527|1|1|1|674.20997437|50|1|1|4|1|1|1|1
3449528|1|1|1|883.84082681|50|1|1|4|1|1|1|1
3449529|1|1|1|468.41683812|50|1|1|4|1|1|1|1
3449530|1|1|1|468.41683812|50|1|1|4|1|1|1|1
3449531|1|1|1|882.16423456|50|1|1|4|1|1|1|1
3449532|1|1|1|450.87589005|50|1|1|4|1|1|1|1
3449533|1|1|1|174.71272158|50|1|1|4|1|1|1|1
3449534|1|1|1|428.29778968|50|1|1|4|1|1|1|1
3449535|1|1|1|260.61262684|50|2|1|3|1|1|1|1
3449536|1|1|1|541.96904063|50|2|1|3|1|1|1|1
3449537|1|1|1|541.96904063|50|2|1|3|1|1|1|1
3449538|1|1|1|320.42255215|50|2|1|3|1|1|1|1
3449539|1|1|1|383.99220551|50|2|1|3|1|1|1|1
3449540|1|1|1|215.66541016|50|1|1|1|1|1|1|1
3449541|1|1|1|265.16006523|50|1|1|1|1|1|1|1
3449542|1|1|1|776.05536012|50|1|1|1|1|1|1|1
3449543|1|1|1|548.18897317|50|1|1|1|2|1|1|1
3449544|1|1|1|153.40629212|50|1|1|1|1|1|1|1
3449545|1|1|1|776.05536012|50|1|1|1|1|1|1|1
3449546|1|1|1|287.26788249|50|1|1|1|1|1|1|1
3449547|1|1|1|153.40629212|50|1|1|1|1|1|1|1
3449548|1|1|1|491.91065026|50|2|1|2|2|2|2|1
3449549|1|1|1|340.90287137|50|1|1|2|2|2|2|1
3449550|1|1|1|505.92107463|50|1|1|2|2|2|2|1
3449551|1|1|1|340.90287137|50|2|1|2|2|2|2|1
3449552|1|1|1|596.15858281|50|1|1|2|2|2|2|1
3449553|1|1|1|340.90287137|50|2|1|2|2|2|2|1
3449554|1|1|1|723.32612095|50|1|1|3|2|1|1|1
3449555|1|1|1|323.6998054|50|2|1|3|1|1|1|1
3449556|1|1|1|789.31899439|50|2|1|3|1|1|1|1
3449557|1|1|1|317.40082845|50|2|1|3|1|1|1|1
3449558|1|1|1|597.99597002|50|2|1|3|1|1|1|1
3449559|1|1|1|204.54172282|50|2|1|3|1|1|1|1
3449560|1|1|1|317.40082845|50|2|1|3|1|1|1|1
3449561|1|1|1|620.80794602|50|2|1|4|1|1|1|1
3449562|1|1|1|253.24213302|50|2|1|4|1|1|1|1
3449563|1|1|1|705.02411545|50|2|1|4|1|1|1|1
3449564|1|1|1|403.3801981|50|2|1|4|1|1|1|1
3449565|1|1|1|740.37596289|50|2|1|4|1|1|1|1
3449566|1|1|1|727.92875865|50|1|1|2|1|1|1|1
3449567|1|1|1|307.88029796|50|4|1|2|1|1|1|1
3449568|1|1|1|178.12175029|50|4|1|2|1|1|1|1
3449569|1|1|1|178.12175029|50|1|1|2|1|1|1|1
3449570|1|1|1|525.27860502|50|1|1|2|1|1|1|1
3449571|1|1|1|429.96233632|50|2|1|2|1|1|1|1
3449572|1|1|1|729.97006257|50|1|1|2|1|1|1|1
3449573|1|1|1|495.1014979|50|1|1|2|1|1|1|1
3449574|1|1|1|901.08650147|50|1|1|3|1|1|1|1
3449575|1|1|1|183.29063474|50|2|1|5|1|1|1|1
3449576|1|1|1|183.29063474|50|2|1|5|1|1|1|1
3449577|1|1|1|334.86857252|50|2|1|5|1|1|1|1
3449578|1|1|1|491.41481402|50|2|1|5|1|1|1|1
3449579|1|1|1|183.29063474|50|2|1|5|1|1|1|1
3449580|1|1|1|818.70994074|50|2|1|5|1|1|1|1
3449581|1|1|1|183.29063474|50|2|1|5|1|1|1|1
3449582|1|1|1|198.8600083|50|2|1|3|1|1|1|1
3449583|1|1|1|747.8059495|50|2|1|3|1|1|1|1
3449584|1|1|1|487.49341915|50|2|1|3|1|1|1|1
3449585|1|1|1|487.49341915|50|1|1|3|1|1|1|1
3449586|1|1|1|279.56627242|50|1|1|3|1|1|1|1
3449587|1|1|1|507.08093641|50|2|1|3|1|1|1|1
3449589|1|1|1|183.23529336|50|2|1|2|1|1|1|1
3449590|1|1|1|183.23529336|50|1|1|2|1|1|1|1
3449591|1|1|1|907.14813819|50|1|1|2|1|1|1|1
3449592|1|1|1|353.9747529|50|2|1|2|1|1|1|1
3449593|1|1|1|803.24313321|50|1|1|2|1|1|1|1
3449594|1|1|1|458.53760931|50|2|1|2|1|1|1|1
3449595|1|1|1|239.55185297|50|2|1|2|1|1|1|1
3449596|1|1|1|232.75022947|50|1|1|2|1|1|1|1
3449597|1|1|1|1080.9055201|50|2|1|2|1|1|1|1
3449598|1|1|1|639.78885207|50|2|1|2|1|1|1|1
3449599|1|1|1|1124.2314315|50|2|1|2|1|1|1|1
3449600|1|1|1|862.54569978|50|1|1|2|1|1|1|1
3449601|1|1|1|704.26955605|50|1|1|1|2|2|1|2
3449602|1|1|1|253.37375575|50|1|1|1|2|2|1|2
3449603|1|1|1|679.31248772|50|1|1|1|2|2|1|2
3449604|1|1|1|871.05501843|50|1|1|1|2|2|1|2
3449605|1|1|1|621.13061127|50|1|1|1|2|2|1|2
3449606|1|1|1|253.37375575|50|1|1|1|2|2|1|2
3449607|1|1|1|237.30747935|52|1|1|3|1|1|1|1
3449608|1|1|1|381.20713044|52|1|1|3|1|1|1|1
3449609|1|1|1|353.12785287|52|1|1|3|1|1|1|1
3449610|1|1|1|154.22981639|52|2|1|3|1|1|1|1
3449611|1|1|1|452.35928386|52|1|1|3|2|1|1|1
3449612|1|1|1|269.7835117|52|2|1|3|1|1|1|1
3449613|1|1|1|215.90652679|52|2|1|3|1|1|1|1
3449614|1|1|1|237.30747935|52|2|1|3|1|1|1|1
3449615|1|1|1|326.74896895|52|1|1|2|2|1|1|1
3449616|1|1|1|227.17411092|52|2|1|2|2|1|1|1
3449617|1|1|1|326.74896895|52|2|1|2|1|1|1|1
3449618|1|1|1|170.37804591|52|2|1|2|1|1|1|1
3449619|1|1|1|203.40641087|52|2|1|2|1|1|1|1
3449620|1|1|1|289.52910892|52|1|1|2|2|1|1|1
3449621|1|1|1|166.18655084|52|1|1|3|2|1|1|1
3449622|1|1|1|387.73652903|52|2|1|2|1|1|1|1
3449623|1|1|1|258.78404747|52|2|1|2|1|1|1|1
3449624|1|1|1|451.34313171|52|3|1|1|2|1|1|1
3449625|1|1|1|305.10961631|52|3|1|1|2|1|1|1
3449626|1|1|1|277.59410587|52|3|1|1|2|1|1|1
3449627|1|1|1|346.86451505|52|3|1|1|2|1|1|1
3449628|1|1|1|340.76116638|52|3|1|1|2|1|1|1
3449629|1|1|1|410.21546949|52|3|1|1|2|1|1|1
3449630|1|1|1|340.76116638|52|3|1|1|2|1|1|1
3449631|1|1|1|518.43773303|52|2|1|1|2|1|1|1
3449632|1|1|1|188.1471162|52|2|1|4|2|1|1|1
3449633|1|1|1|206.79651772|52|2|1|4|2|1|1|1
3449634|1|1|1|206.79651772|52|2|1|4|1|1|1|1
3449635|1|1|1|230.9603461|52|2|1|4|2|1|1|1
3449636|1|1|1|225.98730723|52|2|1|4|2|1|1|1
3449637|1|1|1|351.38557461|52|2|1|4|1|1|1|1
3449638|1|1|1|244.08769304|52|1|1|2|2|1|1|1
3449639|1|1|1|159.78982306|52|1|1|3|2|1|1|1
3449640|1|1|1|392.09876274|52|1|1|2|2|1|1|1
3449641|1|1|1|322.15544407|52|2|1|2|2|1|1|1
3449642|1|1|1|414.75018643|52|2|1|3|1|1|1|1
3449643|1|1|1|232.97489515|52|1|1|3|1|1|1|1
3449644|1|1|1|470.16651376|52|2|1|2|1|1|1|1
3449645|1|1|1|218.78158373|52|2|1|4|2|1|1|1
3449646|1|1|1|218.78158373|52|2|1|4|2|1|1|1
3449647|1|1|1|181.73928874|52|2|1|4|2|1|1|1
3449648|1|1|1|148.0501898|52|2|1|4|2|1|1|1
3449649|1|1|1|162.7251287|52|2|1|4|2|1|1|1
3449650|1|1|1|219.67973998|52|2|1|2|2|1|1|1
3449651|1|1|1|235.35804417|52|2|1|2|1|1|1|1
3449652|1|1|1|559.89311495|52|1|1|2|1|1|1|1
3449653|1|1|1|380.30984474|52|2|1|2|1|1|1|1
3449654|1|1|1|267.15096942|52|1|1|3|1|1|1|1
3449655|1|1|1|195.94878062|52|1|1|3|2|1|1|1
3449656|1|1|1|289.43405333|52|1|1|2|1|1|1|1
3449657|1|1|1|215.37149386|52|1|1|2|1|1|1|1
3449658|1|1|1|321.3031528|52|2|1|4|1|1|1|1
3449659|1|1|1|199.84160876|52|2|1|3|1|1|1|1
3449660|1|1|1|420.53791139|52|2|1|3|1|1|1|1
3449661|1|1|1|208.82737656|52|2|1|3|1|1|1|1
3449662|1|1|1|475.00069087|52|2|1|3|1|1|1|1
3449663|1|1|1|158.60678658|52|2|1|3|2|1|1|1
3449664|1|1|1|212.12382848|52|2|1|1|1|1|1|1
3449665|1|1|1|313.91878926|52|2|1|1|2|1|1|1
3449666|1|1|1|455.46648193|52|2|1|1|2|1|1|1
3449667|1|1|1|236.91014425|52|2|1|1|2|1|1|1
3449668|1|1|1|236.91014425|52|3|1|1|2|1|1|1
3449669|1|1|1|236.91014425|52|2|1|1|2|1|1|1
3449670|1|1|1|418.06936985|52|2|1|1|2|1|1|1
3449671|1|1|1|241.28127481|52|2|1|1|2|1|1|1
3449672|1|1|1|192.99399742|52|2|1|1|2|1|1|1
3449673|1|1|1|250.49785519|52|2|1|1|1|1|1|1
3449674|1|1|1|212.12382848|52|2|1|1|1|1|1|1
3449675|1|1|1|241.9425558|52|2|1|1|2|1|1|1
3449676|1|1|1|199.73727882|52|2|1|1|2|1|1|1
3449677|1|1|1|360.67292204|52|3|1|1|2|1|1|1
3449678|1|1|1|198.29547821|52|3|1|1|2|1|1|1
3449679|1|1|1|402.69430508|52|3|1|1|2|1|1|1
3449680|1|1|1|437.90251258|52|2|1|1|2|1|1|1
3449681|1|1|1|382.07272254|52|2|1|1|2|1|1|1
3449682|1|1|1|766.5987081|52|2|1|1|2|1|1|1
3449683|1|1|1|333.42389591|52|2|1|1|2|1|1|1
3449684|1|1|1|438.14583625|52|1|1|1|1|1|1|1
3449685|1|1|1|207.73318856|52|1|1|1|1|1|1|1
3449686|1|1|1|405.70842356|52|1|1|1|1|1|1|1
3449687|1|1|1|529.92802187|52|1|1|1|1|1|1|1
3449688|1|1|1|259.34413747|52|1|1|1|1|1|1|1
3449689|1|1|1|265.23645928|52|2|1|1|1|1|1|1
3449690|1|1|1|603.66119261|52|2|1|1|1|1|1|1
3449691|1|1|1|165.24623184|52|2|1|1|1|1|1|1
3449692|1|1|1|283.96763865|52|2|1|1|1|1|1|1
3449693|1|1|1|277.85324659|52|2|1|1|2|1|1|1
3449694|1|1|1|348.85755925|54|1|1|2|2|1|1|1
3449695|1|1|1|817.1892463|54|1|1|2|2|1|1|1
3449696|1|1|1|622.77028512|54|1|1|2|1|1|1|1
3449697|1|1|1|348.85755925|54|1|1|2|1|1|1|1
3449698|1|1|1|773.70081419|54|1|1|2|1|1|1|1
3449699|1|1|1|1021.0891014|54|1|1|2|1|1|1|1
3449700|1|1|1|638.50717549|54|1|1|2|1|1|1|1
3449701|1|1|1|642.15172171|54|1|1|2|1|1|1|1
3449702|1|1|1|1176.7423314|54|1|1|2|1|1|1|1
3449703|1|1|1|855.82427426|54|2|1|2|1|1|1|1
3449704|1|1|1|412.28620638|54|1|1|2|1|1|1|1
3449705|1|1|1|663.33503482|54|1|1|2|1|1|1|1
3449706|1|1|1|773.19753238|54|2|1|2|2|1|1|1
3449707|1|1|1|773.19753238|54|2|1|2|1|1|1|1
3449708|1|1|1|600.56076604|54|1|1|2|1|1|1|1
3449709|1|1|1|412.28620638|54|1|1|2|1|1|1|1
3449710|1|1|1|582.05444163|54|2|1|1|1|1|1|1
3449711|1|1|1|901.62815241|54|2|1|2|1|1|1|1
3449712|1|1|1|582.05444163|54|2|1|2|1|1|1|1
3449713|1|1|1|627.60446779|54|2|1|2|2|1|1|1
3449714|1|1|1|650.7208998|54|2|1|2|1|1|1|1
3449715|1|1|1|440.41122843|54|1|1|2|1|1|1|1
3449716|1|1|1|754.20476311|54|1|1|2|1|1|1|1
3449717|1|1|1|720.80669974|54|4|1|2|1|1|1|1
3449718|1|1|1|627.60446779|54|1|1|2|1|1|1|1
3449719|1|1|1|627.60446779|54|4|1|2|1|1|1|1
3449720|1|1|1|697.75064852|54|1|1|2|1|1|1|1
3449721|1|1|1|720.66868028|54|1|1|2|1|1|1|1
3449722|1|1|1|553.37288543|54|2|1|2|2|1|1|1
3449723|1|1|1|756.8433237|54|2|1|2|1|1|1|1
3449724|1|1|1|603.23343554|54|1|1|2|1|1|1|1
3449725|1|1|1|614.59291036|54|1|1|2|1|1|1|1
3449726|1|1|1|1310.8587075|54|1|1|2|1|1|1|1
3449727|1|1|1|876.0762108|54|1|1|2|1|1|1|1
3449728|1|1|1|579.46222792|54|2|1|2|1|1|1|1
3449729|1|1|1|741.52754749|54|1|1|2|1|1|1|1
3449730|1|1|1|652.13101667|54|2|1|2|1|1|1|1
3449731|1|1|1|554.73810792|54|1|1|2|1|1|1|1
3449732|1|1|1|604.87275503|54|2|1|2|2|1|1|1
3449733|1|1|1|553.20082408|54|2|1|2|2|1|1|1
3449734|1|1|1|507.89804489|54|2|1|2|2|1|1|1
3449735|1|1|1|469.26772564|54|1|1|2|2|1|1|1
3449736|1|1|1|350.34394126|54|2|1|2|2|1|1|1
3449737|1|1|1|630.75215999|54|2|1|2|1|1|1|1
3449738|1|1|1|778.78695932|54|2|1|2|1|1|1|1
3449739|1|1|1|820.4866723|54|2|1|2|1|1|1|1
3449740|1|1|1|510.17869449|54|2|1|2|2|1|1|1
3449741|1|1|1|1107.5734283|54|2|1|2|2|1|1|1
3449742|1|1|1|1238.8691338|54|1|1|2|1|1|1|1
3449743|1|1|1|1092.1831721|54|1|1|2|1|1|1|1
3449744|1|1|1|858.14392097|54|2|1|3|1|1|1|1
3449745|1|1|1|858.14392097|54|2|1|3|2|1|1|1
3449746|1|1|1|548.06297859|54|1|1|3|1|1|1|1
3449747|1|1|1|572.23678627|54|2|1|3|2|1|1|1
3449748|1|1|1|831.70003816|54|2|1|3|2|1|1|1
3449749|1|1|1|825.63124287|54|1|1|3|1|1|1|1
3449750|1|1|1|508.16680203|54|2|1|3|1|1|1|1
3449751|1|1|1|870.23626512|54|1|1|3|1|1|1|1
3449752|1|1|1|981.01766839|54|1|1|1|1|1|1|1
3449753|1|1|1|979.06480552|54|1|1|1|1|1|1|1
3449754|1|1|1|834.14203739|54|1|1|1|2|1|1|1
3449755|1|1|1|713.72079912|54|1|1|1|1|1|1|1
3449756|1|1|1|703.90158845|54|1|1|1|1|1|1|1
3449757|1|1|1|625.50091108|54|1|1|1|1|1|1|1
3449758|1|1|1|1124.3618919|54|1|1|1|2|1|1|1
3449759|1|1|1|861.12876482|54|1|1|1|2|1|1|1
3449760|1|1|1|789.99163777|54|2|1|1|1|1|1|1
3449761|1|1|1|683.44638996|54|1|1|1|1|1|1|1
3449762|1|1|1|840.86304557|54|1|1|1|1|1|1|1
3449763|1|1|1|772.29289258|54|2|1|3|1|1|1|1
3449764|1|1|1|323.93916216|54|2|1|3|1|1|1|1
3449765|1|1|1|607.51234687|54|2|1|3|1|1|1|1
3449766|1|1|1|592.8995201|54|2|1|3|1|1|1|1
3449767|1|1|1|372.22221077|54|2|1|3|1|1|1|1
3449768|1|1|1|607.51234687|54|2|1|3|1|1|1|1
3449769|1|1|1|517.80759159|54|2|1|3|1|1|1|1
3449770|1|1|1|955.34954353|54|1|1|1|2|1|1|1
3449771|1|1|1|615.68170042|54|1|1|1|1|1|1|1
3449772|1|1|1|1213.9003825|54|1|1|1|1|1|1|1
3449773|1|1|1|713.72079912|54|1|1|1|1|1|1|1
3449774|1|1|1|554.36378403|54|1|1|1|2|1|1|1
3449775|1|1|1|789.99163777|54|1|1|1|2|1|1|1
3449776|1|1|1|696.55328236|54|1|1|1|1|1|1|1
3449777|1|1|1|932.8844378|54|1|1|1|1|1|1|1
3449778|1|1|1|572.27839307|54|2|1|1|1|1|1|1
3449779|1|1|1|717.60730402|54|1|1|1|1|1|1|1
3449781|1|1|1|791.12387739|54|1|1|1|1|1|1|1
3449782|1|1|1|734.71663926|54|1|1|1|1|1|1|1
3449783|1|1|1|191.05414766|54|1|1|2|1|1|1|1
3449784|1|1|1|225.59741622|54|1|1|2|1|1|1|1
3449785|1|1|1|289.81282991|54|2|1|2|1|1|1|1
3449786|1|1|1|99.313803623|54|1|1|2|1|1|1|1
3449787|1|1|1|247.76127235|54|1|1|2|1|1|1|1
3449788|1|1|1|191.05414766|54|1|1|2|1|1|1|1
3449789|1|1|1|134.57589283|54|1|1|2|1|1|1|1
3449790|1|1|1|250.48738678|54|1|1|2|1|1|1|1
3449791|1|1|1|247.74143845|54|2|1|2|2|1|1|1
3449792|1|1|1|132.6582834|54|2|1|1|1|1|1|1
3449793|1|1|1|2182.3513221|54|1|1|4|2|1|1|1
3449794|1|1|1|1121.216255|54|1|1|4|2|1|1|1
3449795|1|1|1|1603.056817|54|1|1|4|2|1|1|1
3449796|1|1|1|1716.7131617|54|1|1|4|2|1|1|1
3449797|1|1|1|1716.7131617|54|1|1|4|2|1|1|1
3449798|1|1|1|269.08333796|63|2|1|1|1|1|1|1
3449799|1|1|1|192.79410215|63|2|1|1|1|1|1|1
3449800|1|1|1|364.22000915|63|2|1|1|1|1|1|1
3449801|1|1|1|155.49276619|63|2|1|1|1|1|1|1
3449802|1|1|1|313.08438694|63|2|1|2|1|1|1|1
3449803|1|1|1|816.93490299|63|1|1|2|1|1|1|1
3449804|1|1|1|206.94550443|63|1|1|2|1|1|1|1
3449805|1|1|1|367.79407165|63|1|1|2|1|1|1|1
3449806|1|1|1|240.4829896|63|1|1|2|1|1|1|1
3449807|1|1|1|175.70838628|63|1|1|2|1|1|1|1
3449808|1|1|1|128.15383687|63|1|1|2|1|1|1|1
3449809|1|1|1|203.85036932|63|1|1|2|2|1|1|1
3449810|1|1|1|320.48652663|63|1|1|2|1|1|1|1
3449811|1|1|1|121.71682279|63|1|1|2|1|1|1|1
3449812|1|1|1|188.58272329|63|2|1|2|1|1|1|1
3449813|1|1|1|152.42067527|63|2|1|3|1|1|1|1
3449815|1|1|1|183.17103002|63|2|1|2|1|1|1|1
3449816|1|1|1|188.58272329|63|2|1|3|1|1|1|1
3449817|1|1|1|189.51572118|63|2|1|2|1|1|1|1
3449818|1|1|1|199.78358563|63|2|1|3|1|1|1|1
3449819|1|1|1|433.5038248|63|2|1|3|1|1|1|1
3449820|1|1|1|269.94087908|63|2|1|3|1|1|1|1
3449821|1|1|1|289.85206224|63|1|1|3|1|1|1|1
3449822|1|1|1|269.94087908|63|1|1|3|1|1|1|1
3449823|1|1|1|201.48813302|63|1|1|3|1|1|1|1
3449824|1|1|1|792.59039822|63|1|1|3|1|1|1|1
3449825|1|1|1|270.55195338|63|1|1|3|1|1|1|1
3449826|1|1|1|153.02113933|63|1|1|3|1|1|1|1
3449827|1|1|1|322.02965514|63|1|1|2|1|1|1|1
3449828|1|1|1|294.480959|63|1|1|2|1|1|1|1
3449829|1|1|1|165.06457978|63|1|1|2|1|1|1|1
3449830|1|1|1|257.5805333|63|1|1|2|1|1|1|1
3449831|1|1|1|166.28020796|63|2|1|2|1|1|1|1
3449832|1|1|1|219.80523602|63|1|1|2|1|1|1|1
3449833|1|1|1|302.0945884|63|1|1|2|1|1|1|1
3449834|1|1|1|327.26913743|63|2|1|2|1|1|1|1
3449835|1|1|1|936.69774335|63|2|1|2|1|1|1|1
3449836|1|1|1|178.81996143|63|2|1|3|1|1|1|1
3449837|1|1|1|936.69774335|63|2|1|3|1|1|1|1
3449838|1|1|1|257.44925544|63|2|1|3|1|1|1|1
3449839|1|1|1|202.80863995|63|2|1|3|1|1|1|1
3449840|1|1|1|235.3956529|63|1|1|3|1|1|1|1
3449841|1|1|1|231.80931648|63|1|1|3|1|1|1|1
3449842|1|1|1|283.58577428|63|1|1|3|1|1|1|1
3449843|1|1|1|312.70801638|63|1|1|3|1|1|1|1
3449844|1|1|1|436.42209504|63|1|1|3|1|1|1|1
3449845|1|1|1|240.06005679|63|1|1|3|1|1|1|1
3449846|1|1|1|302.17301082|63|1|1|3|1|1|1|1
3449847|1|1|1|264.59909078|63|1|1|3|1|1|1|1
3449848|1|1|1|276.92003936|63|1|1|3|1|1|1|1
3449849|1|1|1|234.19993682|63|1|1|1|2|1|1|1
3449850|1|1|1|166.27451056|63|1|1|1|1|1|1|1
3449851|1|1|1|251.74549033|63|1|1|1|1|1|1|1
3449852|1|1|1|137.55381648|63|1|1|1|1|1|1|1
3449853|1|1|1|175.66188588|63|1|1|1|1|1|1|1
3449854|1|1|1|120.94126087|63|1|1|1|1|1|1|1
3449855|1|1|1|169.72445096|63|2|1|3|2|1|1|1
3449856|1|1|1|179.80522707|63|2|1|3|1|1|1|1
3449857|1|1|1|220.86071925|63|2|1|4|2|1|1|1
3449858|1|1|1|247.2324634|63|2|1|3|1|1|1|1
3449859|1|1|1|247.2324634|63|1|1|4|2|1|1|1
3449860|1|1|1|226.5709413|63|1|1|3|1|1|1|1
3449861|1|1|1|225.73124319|63|2|1|3|1|1|1|1
3449862|1|1|1|220.86071925|63|2|1|3|1|1|1|1
3449863|1|1|1|208.53317263|63|2|1|3|1|1|1|1
3449864|1|1|1|244.37127518|63|2|1|1|1|1|1|1
3449865|1|1|1|286.60255822|63|2|1|3|1|1|1|1
3449866|1|1|1|214.69417728|63|1|1|3|1|1|1|1
3449867|1|1|1|305.51531385|63|2|1|2|1|1|1|1
3449868|1|1|1|471.6565467|63|1|1|3|1|1|1|1
3449869|1|1|1|183.3966984|63|2|1|3|1|1|1|1
3449870|1|1|1|243.91514889|63|2|1|4|1|1|1|1
3449871|1|1|1|243.91514889|63|2|1|4|1|1|1|1
3449872|1|1|1|230.44229407|63|2|1|4|1|1|1|1
3449873|1|1|1|243.91514889|63|2|1|4|1|1|1|1
3449874|1|1|1|170.52755585|63|1|1|5|1|1|1|1
3449875|1|1|1|763.76892919|63|1|1|5|1|1|1|1
3449876|1|1|1|420.55220068|63|1|1|5|1|1|1|1
3449877|1|1|1|405.86713526|63|1|1|5|1|1|1|1
3449878|1|1|1|385.0325811|63|1|1|5|1|1|1|1
3449879|1|1|1|193.08089458|63|2|1|5|1|1|1|1
3449880|1|1|1|261.42800919|63|2|1|3|1|1|1|1
3449881|1|1|1|172.66968405|63|2|1|5|1|1|1|1
3449882|1|1|1|249.79634444|63|2|1|5|1|1|1|1
3449883|1|1|1|278.67950925|63|2|1|5|1|1|1|1
3449884|1|1|1|222.52761348|63|1|1|3|1|1|1|1
3449885|1|1|1|295.95874107|63|1|1|3|1|1|1|1
3449886|1|1|1|316.66249422|63|1|1|3|1|1|1|1
3449887|1|1|1|297.05967859|63|2|1|3|1|1|1|1
3449888|1|1|1|316.66249422|63|1|1|3|1|1|1|1
3449889|1|1|1|196.20392247|63|1|1|3|2|1|1|1
3449890|1|1|1|280.71215294|63|2|1|3|1|1|1|1
3449891|1|1|1|343.56111883|63|1|1|1|1|1|1|1
3449892|1|1|1|340.62468762|63|1|1|1|1|1|1|1
3449893|1|1|1|524.21480497|63|1|1|1|1|1|1|1
3449894|1|1|1|256.43944202|63|1|1|1|1|1|1|1
3449895|1|1|1|248.33460532|63|1|1|1|1|1|1|1
3449896|1|1|1|209.52673693|63|1|1|1|2|1|1|1
3449897|1|1|1|284.8294149|63|1|1|1|2|1|1|1
3449898|1|1|1|375.70126432|63|1|1|1|1|1|1|1
3449899|1|1|1|351.13748941|63|1|1|1|1|1|1|1
3449900|1|1|1|435.22478158|66|2|1|3|1|1|1|1
3449901|1|1|1|431.45173795|66|2|1|3|1|1|1|1
3449902|1|1|1|435.22478158|66|2|1|3|1|1|1|1
3449903|1|1|1|395.36363086|66|2|1|3|1|1|1|1
3449904|1|1|1|397.67692254|66|1|1|3|1|1|1|1
3449905|1|1|1|332.08202277|66|2|1|3|1|1|1|1
3449906|1|1|1|391.59058723|66|1|1|3|1|1|1|1
3449907|1|1|1|435.22478158|66|2|1|3|1|1|1|1
3449908|1|1|1|427.2844482|66|2|1|3|1|1|1|1
3449909|1|1|1|522.26973789|66|2|1|2|1|1|1|1
3449910|1|1|1|434.37967388|66|2|1|2|1|1|1|1
3449911|1|1|1|294.59733513|66|2|1|2|1|1|1|1
3449912|1|1|1|337.4299683|66|1|1|2|1|1|1|1
3449913|1|1|1|285.38810937|66|2|1|2|1|1|1|1
3449914|1|1|1|385.26334916|66|2|1|2|1|1|1|1
3449915|1|1|1|520.51369869|66|1|1|2|1|1|1|1
3449916|1|1|1|385.26334916|66|2|1|2|1|1|1|1
3449917|1|1|1|575.26898393|66|1|1|4|1|1|1|1
3449918|1|1|1|540.43647578|66|1|1|4|1|1|1|1
3449919|1|1|1|517.47659024|66|1|1|4|2|1|1|1
3449920|1|1|1|482.64408209|66|1|1|4|1|1|1|1
3449921|1|1|1|652.83717236|66|1|1|5|1|1|1|1
3449922|1|1|1|410.31723001|66|2|1|5|1|1|1|1
3449923|1|1|1|640.92667231|66|2|1|5|1|1|1|1
3449924|1|1|1|582.16116402|66|2|1|5|1|1|1|1
3449925|1|1|1|466.63901856|66|2|1|5|1|1|1|1
3449926|1|1|1|487.65364819|66|2|1|5|1|1|1|1
3449927|1|1|1|570.64963181|66|2|1|5|1|1|1|1
3449928|1|1|1|582.16116402|66|2|1|5|1|1|1|1
3449929|1|1|1|701.9013127|66|2|1|3|1|1|1|1
3449930|1|1|1|632.79588232|66|2|1|3|1|1|1|1
3449931|1|1|1|418.52643065|66|2|1|3|1|1|1|1
3449932|1|1|1|638.32967964|66|2|1|3|1|1|1|1
3449933|1|1|1|583.83241341|66|2|1|3|1|1|1|1
3449934|1|1|1|454.85931549|66|2|1|5|1|1|1|1
3449935|1|1|1|531.74341872|66|2|1|5|1|1|1|1
3449936|1|1|1|479.39081994|66|2|1|5|1|1|1|1
3449937|1|1|1|479.39081994|66|2|1|5|1|1|1|1
3449938|1|1|1|479.39081994|66|2|1|5|1|1|1|1
3449939|1|1|1|519.05066547|66|2|1|5|1|1|1|1
3449940|1|1|1|580.29970877|66|1|1|1|1|1|1|1
3449941|1|1|1|433.4699095|66|2|1|1|1|1|1|1
3449942|1|1|1|424.98599905|66|2|1|1|1|1|1|1
3449943|1|1|1|462.38205335|66|2|1|1|1|1|1|1
3449944|1|1|1|708.67156666|66|2|1|1|1|1|1|1
3449945|1|1|1|530.23589672|66|1|1|1|1|1|1|1
3449946|1|1|1|926.54117558|66|1|1|1|1|1|1|1
3449947|1|1|1|605.45955366|66|2|1|1|1|1|1|1
3449948|1|1|1|711.75595556|66|1|1|1|1|1|1|1
3449949|1|1|1|306.90213897|66|2|1|1|1|1|1|1
3449950|1|1|1|639.18775992|66|2|1|2|1|1|1|1
3449951|1|1|1|574.97398915|66|1|1|2|1|1|1|1
3449952|1|1|1|729.74641471|66|1|1|2|1|1|1|1
3449953|1|1|1|428.34366462|66|1|1|2|1|1|1|1
3449954|1|1|1|481.63323278|66|2|1|2|1|1|1|1
3449955|1|1|1|410.84127946|66|2|1|2|1|1|1|1
3449956|1|1|1|435.22478158|66|1|1|5|1|1|1|1
3449957|1|1|1|306.9253893|66|2|1|5|1|1|1|1
3449958|1|1|1|482.34212047|66|1|1|5|1|1|1|1
3449959|1|1|1|346.78654002|66|1|1|5|1|1|1|1
3449960|1|1|1|435.22478158|66|1|1|5|1|1|1|1
3449961|1|1|1|584.7073492|66|1|1|5|1|1|1|1
3449962|1|1|1|474.43635703|66|2|1|2|1|1|1|1
3449963|1|1|1|560.5747187|66|2|1|2|1|1|1|1
3449964|1|1|1|417.89555036|66|2|1|2|1|1|1|1
3449965|1|1|1|640.58036001|66|2|1|2|1|1|1|1
3449966|1|1|1|465.25583588|66|2|1|2|1|1|1|1
3449967|1|1|1|421.33668331|66|1|1|0|2|1|1|1
3449968|1|1|1|520.17981002|66|1|1|0|2|1|1|1
3449969|1|1|1|428.03839499|66|1|1|0|2|1|1|1
3449970|1|1|1|466.63901856|66|1|1|0|2|1|1|1
3449971|1|1|1|839.32607359|66|1|1|0|2|1|1|1
3449972|1|1|1|456.91814643|66|1|1|0|2|1|1|1
3449973|1|1|1|395.51223315|66|1|1|0|2|1|1|1
3449974|1|1|1|928.80708148|66|2|1|3|1|1|1|1
3449975|1|1|1|586.55559743|66|2|1|3|1|1|1|1
3449976|1|1|1|748.73686581|66|2|1|3|1|1|1|1
3449977|1|1|1|790.22564396|66|2|1|3|1|1|1|1
3449978|1|1|1|674.95851349|66|2|1|3|1|1|1|1
3449980|1|1|1|369.17447499|66|2|1|3|1|1|1|1
3449981|1|1|1|745.33947244|66|2|1|2|1|1|1|1
3449982|1|1|1|971.65971938|66|2|1|2|1|1|1|1
3449983|1|1|1|1141.1595061|66|2|1|2|1|1|1|1
3449984|1|1|1|812.3914475|66|2|1|2|1|1|1|1
3449985|1|1|1|609.7421296|66|2|1|2|1|1|1|1
3449986|1|1|1|1371.0198472|66|2|1|2|1|1|1|1
3449987|1|1|1|581.96700755|66|2|1|2|1|1|1|1
3449988|1|1|1|964.00303301|66|2|1|1|1|1|1|1
3449989|1|1|1|653.58771463|66|1|1|1|1|1|1|1
3449990|1|1|1|785.71418261|66|1|1|1|1|1|1|1
3449991|1|1|1|761.33874836|66|1|1|1|1|1|1|1
3449992|1|1|1|1143.2478793|66|1|1|1|1|1|1|1
3449993|1|1|1|829.91103306|66|1|1|1|1|1|1|1
3449994|1|1|1|716.11851653|66|1|1|1|1|1|1|1
3449995|1|1|1|1027.9373682|66|2|1|1|1|1|1|1
3449996|1|1|1|354.55895474|66|2|1|2|1|1|1|1
3449997|1|1|1|343.1291301|66|1|1|2|1|1|1|1
3449998|1|1|1|320.02486155|66|1|1|2|1|1|1|1
3449999|1|1|1|223.40375247|66|1|1|2|1|1|1|1
3450000|1|1|1|295.59719882|66|1|1|2|1|1|1|1
3450001|1|1|1|217.42045928|66|1|1|2|1|1|1|1
3450002|1|1|1|324.80447539|66|2|1|2|1|1|1|1
3450003|1|1|1|295.59719882|66|2|1|2|1|1|1|1
3450004|1|1|1|326.00815474|66|2|1|2|2|2|2|2
3450005|1|1|1|849.17444107|68|2|1|1|1|1|1|1
3450006|1|1|1|485.25623191|68|2|1|1|1|1|1|1
3450007|1|1|1|510.95383394|68|2|1|1|1|1|1|1
3450008|1|1|1|632.61655052|68|2|1|1|1|1|1|1
3450009|1|1|1|652.71481505|68|2|1|1|1|1|1|1
3450010|1|1|1|579.54286929|68|2|1|1|1|1|1|1
3450011|1|1|1|653.39733441|68|2|1|1|1|1|1|1
3450012|1|1|1|632.61655052|68|2|1|1|1|1|1|1
3450013|1|1|1|1189.4692593|68|2|1|3|1|1|1|1
3450014|1|1|1|1011.0847146|68|2|1|3|1|1|1|1
3450015|1|1|1|491.52261757|68|1|1|3|1|1|1|1
3450016|1|1|1|531.08044344|68|1|1|3|1|1|1|1
3450017|1|1|1|550.73976277|68|1|1|3|1|1|1|1
3450018|1|1|1|541.86216911|68|2|1|3|1|1|1|1
3450019|1|1|1|459.24418313|68|2|1|3|1|1|1|1
3450020|1|1|1|870.25194061|68|1|1|3|1|1|1|1
3450021|1|1|1|596.93519462|68|1|1|3|1|1|1|1
3450022|1|1|1|1276.379797|68|1|1|4|1|1|1|1
3450023|1|1|1|727.88434786|68|1|1|4|1|1|1|1
3450024|1|1|1|1353.3721834|68|1|1|4|1|1|1|1
3450025|1|1|1|793.34569654|68|1|1|4|1|1|1|1
3450026|1|1|1|910.99273848|68|1|1|4|1|1|1|1
3450027|1|1|1|1192.1820553|68|1|1|4|1|1|1|1
3450028|1|1|1|727.88434786|68|1|1|4|1|1|1|1
3450029|1|1|1|803.85295525|68|1|1|4|1|1|1|1
3450030|1|1|1|1685.141191|68|2|1|4|1|1|1|1
3450031|1|1|1|803.85295525|68|1|1|4|1|1|1|1
3450032|1|1|1|798.72425356|68|2|1|3|1|1|1|1
3450033|1|1|1|684.47503973|68|1|1|3|1|1|1|1
3450034|1|1|1|654.22544909|68|1|1|3|1|1|1|1
3450035|1|1|1|940.16932732|68|1|1|3|1|1|1|1
3450036|1|1|1|783.75663137|68|1|1|3|1|1|1|1
3450037|1|1|1|529.6594862|68|1|1|3|1|1|1|1
3450038|1|1|1|695.64128973|68|1|1|3|1|1|1|1
3450039|1|1|1|684.47503973|68|1|1|3|1|1|1|1
3450040|1|1|1|1091.3600908|68|1|1|3|1|1|1|1
3450041|1|1|1|509.5190435|68|2|1|2|1|1|1|1
3450042|1|1|1|461.14675931|68|2|1|2|1|1|1|1
3450043|1|1|1|1136.7780011|68|2|1|2|1|1|1|1
3450044|1|1|1|566.4158255|68|2|1|1|1|1|1|1
3450045|1|1|1|509.5190435|68|2|1|2|1|1|1|1
3450046|1|1|1|600.42553597|68|2|1|2|1|1|1|1
3450047|1|1|1|509.5190435|68|2|1|2|1|1|1|1
3450048|1|1|1|664.0765229|68|2|1|4|1|1|1|1
3450049|1|1|1|600.59710626|68|2|1|4|1|1|1|1
3450050|1|1|1|702.95333164|68|2|1|4|1|1|1|1
3450051|1|1|1|592.09113124|68|2|1|4|1|1|1|1
3450052|1|1|1|713.64366002|68|2|1|4|1|2|1|1
3450053|1|1|1|522.9360225|68|2|1|4|1|1|1|1
3450054|1|1|1|651.61696967|68|2|1|4|1|1|1|1
3450055|1|1|1|914.55150578|68|2|1|4|1|1|1|1
3450056|1|1|1|512.24569412|68|2|1|4|1|1|1|1
3450057|1|1|1|898.74196854|68|2|1|2|1|1|1|1
3450058|1|1|1|388.20498552|68|2|1|2|1|1|1|1
3450059|1|1|1|1033.1178218|68|1|1|2|1|1|1|1
3450060|1|1|1|388.20498552|68|1|1|2|1|1|1|1
3450061|1|1|1|764.25744282|68|2|1|2|1|1|1|1
3450062|1|1|1|390.74210116|68|1|1|2|1|1|1|1
3450063|1|1|1|394.699841|68|2|1|2|1|1|1|1
3450064|1|1|1|1361.6527709|68|1|1|2|1|1|1|1
3450065|1|1|1|810.39446794|68|1|1|2|1|1|1|1
3450066|1|1|1|1275.7885656|68|1|1|2|1|1|1|1
3450067|1|1|1|2233.6276965|68|1|1|2|1|1|1|1
3450068|1|1|1|941.28687855|68|1|1|2|1|1|1|1
3450069|1|1|1|1473.7741169|68|1|1|2|1|1|1|1
3450070|1|1|1|802.50399912|68|1|1|2|1|1|1|1
3450071|1|1|1|623.52840719|68|2|1|2|1|1|1|1
3450072|1|1|1|677.1390849|68|2|1|2|1|1|1|1
3450073|1|1|1|693.56295872|68|1|1|2|1|1|1|1
3450074|1|1|1|595.86322585|68|2|1|2|1|1|1|1
3450075|1|1|1|1080.0572134|68|2|1|4|1|1|1|1
3450076|1|1|1|720.81271048|68|2|1|4|1|1|1|1
3450077|1|1|1|890.08260035|68|2|1|4|1|1|1|1
3450078|1|1|1|969.56021185|68|2|1|4|1|1|1|1
3450079|1|1|1|1011.6253114|68|2|1|4|1|1|1|1
3450080|1|1|1|876.07089109|68|2|1|4|1|1|1|1
3450081|1|1|1|516.87252482|68|2|1|4|1|1|1|1
3450082|1|1|1|551.54282062|68|2|1|4|1|1|1|1
3450083|1|1|1|758.50827315|68|2|1|3|1|1|1|1
3450084|1|1|1|711.24731519|68|2|1|4|1|1|1|1
3450085|1|1|1|758.50827315|68|2|1|4|1|1|1|1
3450086|1|1|1|909.68368215|68|2|1|4|1|1|1|1
3450087|1|1|1|648.60173122|68|2|1|4|1|1|1|1
3450088|1|1|1|758.50827315|68|2|1|4|1|1|1|1
3450089|1|1|1|1084.0105574|68|2|1|4|1|1|1|1
3450090|1|1|1|1199.941186|68|2|1|4|1|1|1|1
3450091|1|1|1|731.56166795|68|2|1|4|1|1|1|1
3450092|1|1|1|1143.7145777|68|2|1|3|1|1|1|1
3450093|1|1|1|1537.6324357|68|2|1|3|1|1|1|1
3450094|1|1|1|1467.3092091|68|2|1|3|1|1|1|1
3450095|1|1|1|1214.0378043|68|2|1|3|1|1|1|1
3450096|1|1|1|1665.4628998|68|2|1|3|1|1|1|1
3450097|1|1|1|1104.332414|68|2|1|3|1|1|1|1
3450098|1|1|1|924.09864741|68|2|1|3|1|1|1|1
3450099|1|1|1|999.35214171|68|2|1|3|1|1|1|1
3450100|1|1|1|1293.0090937|68|2|1|1|1|1|1|1
3450101|1|1|1|1585.1799253|68|2|1|1|1|1|1|1
3450102|1|1|1|868.88244985|68|2|1|1|1|1|1|1
3450103|1|1|1|868.88244985|68|4|1|1|1|1|1|1
3450104|1|1|1|1082.5618129|68|3|1|1|1|1|1|1
3450105|1|1|1|1005.6024896|68|1|1|1|1|1|1|1
3450106|1|1|1|1467.9635506|68|2|1|2|1|1|1|1
3450107|1|1|1|1568.1588205|68|2|1|2|1|1|1|1
3450108|1|1|1|2516.220163|68|2|1|1|2|1|1|1
3450109|1|1|1|2510.3003576|68|2|1|2|1|1|1|1
3450110|1|1|1|2168.2251754|68|2|1|2|1|1|1|1
3450111|1|1|1|1331.5882304|68|2|1|2|1|1|1|1
3450112|1|1|1|1814.3661798|68|1|1|2|1|1|1|1
3450113|1|1|1|2050.6606489|68|2|1|1|1|1|1|1
3450114|1|1|1|1455.0725624|68|1|1|2|1|1|1|1
3450115|1|1|1|1720.8520199|68|2|1|2|2|1|1|1
3450116|1|1|1|197.91216089|70|1|1|2|1|1|1|1
3450117|1|1|1|118.35995817|70|2|1|2|1|1|1|1
3450118|1|1|1|111.97941323|70|1|1|2|1|1|1|1
3450119|1|1|1|155.01376492|70|2|1|2|1|1|1|1
3450120|1|1|1|83.373821929|70|2|1|2|1|1|1|1
3450121|1|1|1|121.77386834|70|2|1|2|1|1|1|1
3450122|1|1|1|181.62627952|70|2|1|2|1|1|1|1
3450123|1|1|1|179.88954061|70|2|1|2|1|1|1|1
3450124|1|1|1|153.24479006|70|1|1|2|1|1|1|1
3450125|1|1|1|153.27702601|70|2|1|2|1|1|1|1
3450126|1|1|1|138.72821315|70|1|1|2|1|1|1|1
3450127|1|1|1|132.13257898|70|1|1|2|1|1|1|1
3450128|1|1|1|144.59267148|70|1|1|2|1|1|1|1
3450129|1|1|1|161.93166778|70|1|1|2|1|1|1|1
3450130|1|1|1|169.00382948|70|1|1|2|1|1|1|1
3450131|1|1|1|132.13257898|70|1|1|2|1|1|1|1
3450132|1|1|1|193.69326814|70|1|1|1|1|1|1|1
3450133|1|1|1|102.80133327|70|2|1|2|1|1|1|1
3450134|1|1|1|132.13257898|70|2|1|2|1|1|1|1
3450135|1|1|1|242.14402127|70|1|1|2|1|1|1|1
3450136|1|1|1|165.55906857|70|1|1|2|1|1|1|1
3450137|1|1|1|318.60641678|70|1|1|2|1|1|1|1
3450138|1|1|1|188.52289534|70|2|1|2|1|1|1|1
3450139|1|1|1|259.97278019|70|2|1|2|1|1|1|1
3450140|1|1|1|222.99403602|70|2|1|2|1|1|1|1
3450141|1|1|1|222.99403602|70|2|1|2|1|1|1|1
3450142|1|1|1|205.12261188|70|2|1|2|1|1|1|1
3450144|1|1|1|296.34507715|70|2|1|2|1|1|1|1
3450145|1|1|1|186.92836358|70|1|1|3|1|1|1|1
3450146|1|1|1|118.79001795|70|1|1|3|1|1|1|1
3450147|1|1|1|184.83406078|70|2|1|3|1|1|1|1
3450148|1|1|1|170.78117304|70|2|1|3|1|1|1|1
3450149|1|1|1|193.4576389|70|2|1|3|1|1|1|1
3450150|1|1|1|167.12556002|70|1|1|3|1|1|1|1
3450151|1|1|1|216.88674974|70|1|1|3|1|1|1|1
3450152|1|1|1|236.86408862|70|1|1|3|1|1|1|1
3450153|1|1|1|139.22260391|70|2|1|3|1|1|1|1
3450154|1|1|1|168.68687023|70|2|1|3|1|1|1|1
3450155|1|1|1|100.53902056|70|1|1|3|1|1|1|1
3450156|1|1|1|118.56643753|70|2|1|3|1|1|1|1
3450157|1|1|1|90.040423265|70|1|1|3|1|1|1|1
3450158|1|1|1|157.47526898|70|2|1|3|1|1|1|1
3450159|1|1|1|120.40533756|70|1|1|3|1|1|1|1
3450160|1|1|1|118.56643753|70|2|1|3|1|1|1|1
3450161|1|1|1|149.98833289|70|2|1|3|1|1|1|1
3450162|1|1|1|162.29332166|70|2|1|3|1|1|1|1
3450163|1|1|1|178.39522882|70|2|1|3|1|1|1|1
3450164|1|1|1|132.48138703|70|1|1|3|1|1|1|1
3450165|1|1|1|85.667964145|70|2|1|1|1|1|1|1
3450166|1|1|1|166.81032576|70|1|1|1|1|1|1|1
3450167|1|1|1|160.7911564|70|2|1|1|1|1|1|1
3450168|1|1|1|103.65298241|70|1|1|1|1|1|1|1
3450169|1|1|1|163.98754249|70|1|1|1|1|1|1|1
3450170|1|1|1|76.017308229|70|1|1|1|1|1|1|1
3450171|1|1|1|164.01693408|70|1|1|1|1|1|1|1
3450172|1|1|1|135.60370384|70|1|1|1|1|1|1|1
3450173|1|1|1|165.40328916|70|1|1|1|1|1|1|1
3450174|1|1|1|148.48071529|70|1|1|1|1|1|1|1
3450175|1|1|1|187.48541612|70|1|1|1|2|2|2|1
3450176|1|1|1|280.85760849|70|1|1|1|2|2|2|1
3450177|1|1|1|187.48541612|70|1|1|1|2|2|1|1
3450178|1|1|1|270.19512735|70|1|1|1|2|2|2|1
3450179|1|1|1|267.89650232|70|1|1|1|2|2|1|1
3450180|1|1|1|229.76790698|70|1|1|1|2|2|2|1
3450181|1|1|1|351.30250007|70|1|1|1|2|2|1|1
3450182|1|1|1|227.42661673|70|1|1|1|2|2|2|1
3450183|1|1|1|187.48541612|70|1|1|1|2|2|1|1
3450184|1|1|1|240.38772289|70|1|1|1|2|2|1|1
3450185|1|1|1|238.04643264|70|1|1|1|2|1|1|1
3450186|1|1|1|186.22427031|70|1|1|1|2|2|1|1
3450187|1|1|1|181.19765193|70|2|1|2|1|1|1|1
3450188|1|1|1|134.53777234|70|1|1|2|1|1|1|1
3450189|1|1|1|100.48598792|70|2|1|2|1|1|1|1
3450190|1|1|1|175.46527599|70|2|1|2|1|1|1|1
3450191|1|1|1|92.786695164|70|2|1|3|1|1|1|1
3450192|1|1|1|135.60370384|70|1|1|2|1|1|1|1
3450193|1|1|1|244.01040307|70|2|1|2|1|1|1|1
3450194|1|1|1|129.15661999|70|2|1|2|1|1|1|1
3450195|1|1|1|206.23395773|70|1|1|3|1|1|1|1
3450196|1|1|1|220.05395889|70|1|1|3|1|1|1|1
3450197|1|1|1|261.89800765|70|1|1|3|1|1|1|1
3450198|1|1|1|338.97873338|70|1|1|3|1|1|1|1
3450199|1|1|1|285.97005821|70|2|1|3|1|1|1|1
3450200|1|1|1|223.15331728|70|1|1|2|1|1|1|1
3450201|1|1|1|183.93004766|70|2|1|2|1|1|1|1
3450202|1|1|1|203.54168247|70|2|1|2|1|1|1|1
3450203|1|1|1|223.15331728|70|2|1|3|1|1|1|1
3450204|1|1|1|222.55896398|70|1|1|1|1|1|1|1
3450205|1|1|1|259.97278019|70|1|1|1|2|1|1|1
3450206|1|1|1|205.1652771|70|1|1|1|1|1|1|1
3450207|1|1|1|152.80529698|70|1|1|1|1|1|1|1
3450208|1|1|1|222.55896398|70|1|1|1|1|1|1|1
3450209|1|1|1|150.46400673|70|1|1|1|1|1|1|1
3450210|1|1|1|278.51631824|70|1|1|1|1|1|1|1
3450211|1|1|1|314.88753788|70|1|1|1|1|1|1|1
3450212|1|1|1|238.04643264|70|1|1|1|1|1|1|1
3450213|1|1|1|252.36636844|70|1|1|1|1|1|1|1
3450214|1|1|1|205.1652771|70|1|1|1|1|1|1|1
3450215|1|1|1|240.38772289|70|2|1|1|1|1|1|1
3450216|1|1|1|148.20804692|70|2|1|1|1|1|1|1
3450217|1|1|1|205.1652771|70|1|1|1|1|1|1|1
3450218|1|1|1|206.07161939|70|2|1|1|1|1|1|1
3450219|1|1|1|259.97278019|70|1|1|1|1|1|1|1
3450220|1|1|1|200.52536182|70|2|1|1|1|1|1|1
3450221|1|1|1|148.16538169|70|1|1|1|1|1|1|1
3450222|1|1|1|239.80273102|70|1|1|1|1|1|1|1
3450223|1|1|1|229.72524176|70|1|1|1|1|1|1|1
3450224|1|1|1|330.41767177|70|1|1|1|1|1|1|1
3450225|1|1|1|196.45650634|70|1|1|1|1|1|1|1
3450226|1|1|1|232.09693186|70|1|1|1|1|1|1|1
3450227|1|1|1|170.00863667|70|1|1|1|1|1|1|1
3450228|1|1|1|205.61772611|70|1|1|1|1|1|1|1
3450229|1|1|1|162.12121766|70|1|1|1|1|1|1|1
3450230|1|1|1|125.42222662|70|1|1|1|1|1|1|1
3450231|1|1|1|232.72301946|70|1|1|1|1|1|1|1
3450232|1|1|1|240.01990523|70|2|1|1|1|1|1|1
3450233|1|1|1|116.53682568|70|2|1|1|1|1|1|1
3450234|1|1|1|184.12630294|70|2|1|1|1|1|1|1
3450235|1|1|1|232.09693186|70|2|1|1|1|2|1|1
3450236|1|1|1|347.23304389|73|2|1|2|1|1|1|1
3450237|1|1|1|365.81460298|73|2|1|2|1|1|1|1
3450238|1|1|1|352.14280315|73|1|1|2|1|1|1|1
3450239|1|1|1|272.41255039|73|1|1|2|1|1|1|1
3450240|1|1|1|321.65756379|73|2|1|2|1|1|1|1
3450241|1|1|1|329.18217143|73|2|1|2|1|1|1|1
3450242|1|1|1|248.68948848|73|2|1|2|1|1|1|1
3450243|1|1|1|322.36359549|73|2|1|2|1|1|1|1
3450244|1|1|1|331.60232669|73|2|1|2|1|1|1|1
3450245|1|1|1|298.55768357|73|1|1|2|1|1|1|1
3450246|1|1|1|240.07050236|73|1|1|2|1|1|1|1
3450247|1|1|1|431.21222478|73|1|1|2|1|1|1|1
3450248|1|1|1|298.55768357|73|1|1|2|1|1|1|1
3450249|1|1|1|337.20063713|73|1|1|2|1|1|1|1
3450250|1|1|1|232.25286602|73|2|1|2|1|1|1|1
3450251|1|1|1|349.22722845|73|1|1|2|1|1|1|1
3450252|1|1|1|302.457914|73|1|1|2|1|1|1|1
3450253|1|1|1|441.46241467|73|1|1|2|1|1|1|1
3450254|1|1|1|407.8305671|73|1|1|2|1|1|1|1
3450255|1|1|1|392.39455411|73|1|1|2|1|1|1|1
3450256|1|1|1|483.47886908|73|1|1|2|1|1|1|1
3450257|1|1|1|435.57795097|73|1|1|2|1|1|1|1
3450258|1|1|1|397.64099425|73|1|1|1|1|1|1|1
3450259|1|1|1|547.57996879|73|1|1|1|1|1|1|1
3450260|1|1|1|223.38511983|73|1|1|1|1|1|1|1
3450261|1|1|1|658.62590203|73|1|1|1|1|1|1|1
3450262|1|1|1|426.34446271|73|1|1|1|1|1|1|1
3450263|1|1|1|430.61204361|73|1|1|3|1|1|1|1
3450264|1|1|1|531.89760617|73|2|1|3|1|1|1|1
3450265|1|1|1|547.46652955|73|2|1|2|1|1|1|1
3450266|1|1|1|441.00574761|73|1|1|3|1|1|1|1
3450267|1|1|1|639.75149304|73|2|1|3|1|1|1|1
3450268|1|1|1|406.82895204|73|2|1|4|1|1|1|1
3450269|1|1|1|460.97792535|73|2|1|4|1|1|1|1
3450270|1|1|1|348.75321467|73|1|1|4|1|1|1|1
3450272|1|1|1|314.61705039|73|2|1|3|1|1|1|1
3450273|1|1|1|369.19177478|73|2|1|3|1|1|1|1
3450274|1|1|1|330.72953645|73|2|1|3|1|1|1|1
3450275|1|1|1|433.2500852|73|2|1|3|1|1|1|1
3450276|1|1|1|371.97733043|73|2|1|2|1|1|1|1
3450277|1|1|1|455.05423309|73|2|1|2|1|1|1|1
3450278|1|1|1|398.15741705|73|1|1|2|1|1|1|1
3450279|1|1|1|201.34379532|73|2|1|2|1|1|1|1
3450280|1|1|1|331.09478158|73|2|1|2|1|1|1|1
3450281|1|1|1|495.55596022|73|1|1|2|1|1|1|1
3450282|1|1|1|332.0856081|73|2|1|2|1|1|1|1
3450283|1|1|1|521.73604684|73|2|1|2|1|1|1|1
3450284|1|1|1|440.97523224|73|2|1|3|1|1|1|1
3450285|1|1|1|385.33004695|73|2|1|2|1|1|1|1
3450286|1|1|1|282.34423876|73|2|1|3|1|1|1|1
3450287|1|1|1|318.62931015|73|2|1|3|1|1|1|1
3450288|1|1|1|383.85089582|73|2|1|3|1|1|1|1
3450289|1|1|1|302.21587077|73|2|1|3|1|1|1|1
3450290|1|1|1|275.2899191|73|2|1|3|1|1|1|1
3450291|1|1|1|237.96655434|73|2|1|3|1|1|1|1
3450292|1|1|1|251.3129065|73|1|1|3|1|1|1|1
3450293|1|1|1|354.7719444|73|2|1|3|1|1|1|1
3450294|1|1|1|373.16442529|73|1|1|3|1|1|1|1
3450295|1|1|1|385.88198431|73|2|1|2|1|1|1|1
3450296|1|1|1|447.54109481|73|2|1|2|1|1|1|1
3450297|1|1|1|606.63210635|73|2|1|2|1|1|1|1
3450298|1|1|1|430.61204361|73|2|1|2|1|1|1|1
3450299|1|1|1|480.96743526|73|2|1|2|1|1|1|1
3450300|1|1|1|447.54109481|73|2|1|2|1|1|1|1
3450301|1|1|1|624.40596069|73|1|1|2|1|1|1|1
3450303|1|1|1|332.01959472|73|1|1|1|1|1|1|1
3450304|1|1|1|294.25156313|73|2|1|1|2|1|2|1
3450305|1|1|1|271.01746467|73|2|1|1|1|1|1|1
3450306|1|1|1|367.90985889|73|2|1|1|1|1|1|1
3450307|1|1|1|253.74655818|73|2|1|1|1|1|1|1
3450308|1|1|1|379.51990415|73|2|1|1|1|1|1|1
3450309|1|1|1|376.73867234|73|1|1|1|1|1|1|1
3450310|1|1|1|256.65151046|73|2|1|4|1|1|1|1
3450311|1|1|1|317.01809264|73|2|1|5|1|1|1|1
3450312|1|1|1|290.09653464|73|2|1|5|1|1|1|1
3450313|1|1|1|298.01717426|73|2|1|4|1|1|1|1
3450314|1|1|1|383.41771491|73|2|1|4|1|1|1|1
3450315|1|1|1|313.48116022|73|2|1|4|1|1|1|1
3450316|1|1|1|301.50136913|73|2|1|4|1|1|1|1
3450317|1|1|1|341.173838|73|2|1|4|1|1|1|1
3450318|1|1|1|423.52939165|73|2|1|4|1|1|1|1
3450319|1|1|1|346.20781657|73|2|1|4|1|1|1|1
3450320|1|1|1|451.73758885|73|2|1|4|1|1|1|1
3450321|1|1|1|431.82489174|73|2|1|4|1|1|1|1
3450322|1|1|1|410.42574326|73|2|1|4|1|1|1|1
3450323|1|1|1|472.48803376|73|2|1|4|1|1|1|1
3450324|1|1|1|344.48963489|73|1|1|2|1|1|1|1
3450325|1|1|1|199.51128779|73|2|1|2|1|1|1|1
3450326|1|1|1|352.80459808|73|1|1|2|1|1|1|1
3450327|1|1|1|353.89539444|73|1|1|2|1|1|1|1
3450328|1|1|1|367.05322546|73|1|1|2|1|1|1|1
3450329|1|1|1|469.55716383|73|1|1|2|1|1|1|1
3450330|1|1|1|376.45898501|73|2|1|2|1|1|1|1
3450331|1|1|1|513.77339593|73|2|1|2|1|1|1|1
3450332|1|1|1|306.92994182|73|2|1|3|1|1|1|1
3450333|1|1|1|634.35979189|73|1|1|1|2|1|1|1
3450334|1|1|1|371.19766135|73|1|1|1|2|1|1|1
3450335|1|1|1|416.90320815|73|1|1|1|2|1|1|1
3450336|1|1|1|533.79628794|73|1|1|1|2|1|1|1
3450337|1|1|1|666.19120243|73|1|1|1|2|1|1|1
3450338|1|1|1|413.86601969|73|1|1|1|2|1|1|1
3450339|1|1|1|436.39073173|73|1|1|1|2|1|1|1
3450340|1|1|1|444.84998683|73|1|1|1|2|1|1|1
3450342|1|1|1|433.84449008|73|2|1|2|1|1|1|1
3450343|1|1|1|442.69279296|73|1|1|2|1|1|1|1
3450344|1|1|1|413.68832372|73|1|1|2|1|1|1|1
3450345|1|1|1|392.33541751|73|1|1|2|1|1|1|1
3450346|1|1|1|490.54647852|73|2|1|2|1|1|1|1
3450354|1|1|1|700.63429074|76|1|1|3|1|1|1|1
3450355|1|1|1|1829.6118301|76|1|1|3|1|1|1|1
3450356|1|1|1|1469.8152825|76|1|1|3|1|1|1|1
3450357|1|1|1|983.69252628|76|1|1|3|1|1|1|1
3450358|1|1|1|916.46566448|76|1|1|3|1|1|1|1
3450359|1|1|1|916.46566448|76|1|1|3|1|1|1|1
3450360|1|1|1|2045.4432039|76|1|1|3|1|1|1|1
3450361|1|1|1|829.10293146|76|2|1|3|1|1|1|1
3450362|1|1|1|2135.0589837|76|1|1|3|1|1|1|1
3450363|1|1|1|1700.5264321|76|1|1|3|1|1|1|1
3450364|1|1|1|1949.6071843|76|1|1|3|1|1|1|1
3450365|1|1|1|1319.6467468|76|2|1|3|1|1|1|1
3450366|1|1|1|1376.7381835|76|2|1|3|1|1|1|1
3450367|1|1|1|3536.8653872|76|1|1|3|1|1|1|1
3450368|1|1|1|5476.3662936|76|2|1|3|1|1|1|1
3450369|1|1|1|1319.6467468|76|2|1|3|1|1|1|1
3450370|1|1|1|1025.0156405|76|2|1|3|1|1|1|1
3450371|1|1|1|931.94244462|76|1|1|2|1|1|1|1
3450372|1|1|1|931.94244462|76|1|1|2|1|1|1|1
3450373|1|1|1|1480.6731199|76|1|1|3|1|1|1|1
3450374|1|1|1|933.85936647|76|1|1|2|1|1|1|1
3450375|1|1|1|1614.7027472|76|1|1|2|1|1|1|1
3450376|1|1|1|1409.932673|76|2|1|3|1|1|1|1
3450377|1|1|1|1601.5869383|76|2|1|3|1|1|1|1
3450378|1|1|1|1206.9939757|76|2|1|3|1|1|1|1
3450379|1|1|1|1601.5869383|76|2|1|3|1|1|1|1
3450380|1|1|1|2426.9363592|76|2|1|3|1|1|1|1
3450381|1|1|1|1601.5869383|76|2|1|3|1|1|1|1
3450382|1|1|1|1456.1600697|76|1|1|3|1|1|1|1
3450383|1|1|1|2776.2620998|76|2|1|3|1|1|1|1
3450384|1|1|1|2776.2620998|76|2|1|3|1|1|1|1
3450385|1|1|1|1921.9043259|76|2|1|3|1|1|1|1
3450386|1|1|1|5818.4944531|76|1|1|3|1|1|1|1
3450387|1|1|1|2302.7505447|76|1|1|3|1|2|1|2
3450388|1|1|1|3718.9876434|76|1|1|3|1|1|1|1
3450389|1|1|1|1921.9043259|76|2|1|3|1|1|1|1
3450390|1|1|1|1448.3927709|76|2|1|3|1|1|1|1
3450391|1|1|1|6010.645932|76|2|1|3|1|1|1|1
3450392|1|1|1|5818.4944531|76|2|1|3|1|1|1|1
3450393|1|1|1|838.44155211|76|1|1|2|1|1|1|1
3450394|1|1|1|2164.9995118|76|1|1|2|1|1|1|1
3450395|1|1|1|1225.9931005|76|2|1|2|1|1|1|1
3450396|1|1|1|1676.8024072|76|2|1|2|1|1|1|1
3450397|1|1|1|1276.8432369|76|2|1|2|1|1|1|1
3450398|1|1|1|2042.4177543|76|1|1|2|1|1|1|1
3450399|1|1|1|3409.0720065|76|1|1|2|1|1|1|1
3450400|1|1|1|967.97441705|76|2|1|2|1|1|1|1
3450401|1|1|1|1875.8587801|76|2|1|2|1|1|1|1
3450402|1|1|1|1181.6552232|76|1|1|1|1|1|1|1
3450403|1|1|1|2450.1819565|76|1|1|1|1|1|1|1
3450404|1|1|1|1655.3060238|76|2|1|1|1|1|1|1
3450405|1|1|1|5251.6206521|76|2|1|1|1|1|1|1
3450406|1|1|1|4571.4967246|76|2|1|1|1|1|1|1
3450407|1|1|1|2331.4726114|76|2|1|1|1|1|1|1
3450408|1|1|1|2319.2791216|76|2|1|1|1|1|1|1
3450409|1|1|1|4107.2747202|76|1|1|2|1|1|1|1
3450410|1|1|1|4107.2747202|76|1|1|2|1|1|1|1
3450411|1|1|1|1897.1124349|76|2|1|2|1|1|1|1
3450412|1|1|1|1465.0046282|76|2|1|2|1|1|1|1
3450413|1|1|1|1897.1124349|76|1|1|2|1|1|1|1
3450414|1|1|1|2180.1787123|76|1|1|2|1|1|1|1
3450415|1|1|1|1313.3012894|76|2|1|2|2|1|1|1
3450416|1|1|1|3938.0647443|76|2|1|2|1|1|1|1
3450417|1|1|1|989.73506009|76|2|1|2|1|1|1|1
3450418|1|1|1|2354.7748397|76|1|1|1|1|1|1|1
3450419|1|1|1|1586.6966383|76|1|1|1|2|1|1|1
3450420|1|1|1|2524.2591799|76|1|1|1|1|1|1|1
3450421|1|1|1|1819.2516594|76|1|1|1|1|1|1|1
3450422|1|1|1|1408.5233352|76|1|1|1|1|1|1|1
3450423|1|1|1|1531.7531987|76|1|1|1|1|1|1|1
3450424|1|1|1|1664.2988158|76|1|1|1|1|1|1|1
3450425|1|1|1|2155.9724148|76|1|1|1|1|1|1|1
3450426|1|1|1|2238.4206202|76|1|1|1|1|1|1|1
3450427|1|1|1|1141.2334737|76|2|1|5|1|1|1|1
3450428|1|1|1|1480.6731199|76|2|1|5|1|1|1|1
3450429|1|1|1|1861.0691976|76|1|1|5|1|1|1|1
3450430|1|1|1|1817.8207306|76|2|1|5|1|1|1|1
3450431|1|1|1|1567.57327|76|2|1|5|1|1|1|1
3450432|1|1|1|1143.4182464|76|2|1|5|1|1|1|1
3450433|1|1|1|1228.1336239|76|2|1|5|1|1|1|1
3450434|1|1|1|3411.9601955|76|1|1|5|1|1|1|1
3450435|1|1|1|2579.4141126|76|2|1|5|1|1|1|1
3450436|1|1|1|2463.9051082|76|2|1|5|1|1|1|1
3450437|1|1|1|2602.3760904|76|1|1|5|1|1|1|1
3450438|1|1|1|2520.6471805|76|1|1|1|1|1|1|1
3450439|1|1|1|3906.0479578|76|2|1|1|1|1|1|1
3450440|1|1|1|740.82156574|76|2|1|1|1|1|1|1
3450441|1|1|1|1976.8215093|76|2|1|1|1|1|1|1
3450442|1|1|1|2460.0482359|76|1|1|1|1|1|1|1
3450443|1|1|1|4808.5167456|76|2|1|1|1|1|1|1
3450444|1|1|1|1862.6948354|76|1|1|1|1|1|1|1
3450445|1|1|1|1868.918127|76|2|1|1|1|1|1|1
3450446|1|1|1|4409.2119265|76|2|1|1|1|1|1|1
3450447|1|1|1|1205.9679003|76|2|1|1|1|1|1|1
3450448|1|1|1|1639.9885|76|2|1|1|1|1|1|1
3450449|1|1|1|35.872882702|88|1|1|4|2|1|1|1
3450450|1|1|1|16.849686363|88|1|1|4|2|1|1|1
3450451|1|1|1|42.741108127|88|1|1|4|2|1|1|1
3450452|1|1|1|34.108224071|88|2|1|4|2|1|1|1
3450453|1|1|1|35.872882702|88|1|1|4|2|1|1|1
3450454|1|1|1|14.603061514|88|2|1|3|2|1|1|1
3450455|1|1|1|38.179046415|88|2|1|3|2|1|1|1
3450456|1|1|1|30.4593369|88|2|1|3|2|1|1|1
3450458|1|1|1|45.937434172|88|2|1|3|2|1|1|1
3450459|1|1|1|34.820376074|88|2|1|3|2|1|1|1
3450460|1|1|1|15.224567393|88|1|1|3|2|1|1|1
3450461|1|1|1|19.798381476|88|2|1|2|2|2|1|1
3450462|1|1|1|41.360515455|88|2|1|2|2|2|1|1
3450463|1|1|1|19.798381476|88|2|1|2|2|2|1|1
3450464|1|1|1|63.092730769|88|1|1|2|2|2|1|1
3450465|1|1|1|39.541298394|88|2|1|2|2|2|1|1
3450466|1|1|1|31.526598078|88|2|1|2|2|2|1|1
3450467|1|1|1|31.526598078|88|2|1|2|2|2|1|1
3450468|1|1|1|25.274529544|88|2|1|1|2|2|1|1
3450469|1|1|1|38.892541366|88|2|1|1|2|2|1|1
3450470|1|1|1|40.246720951|88|2|1|1|2|2|1|1
3450471|1|1|1|53.809324053|88|1|1|3|2|1|1|1
3450472|1|1|1|41.132371193|88|1|1|3|2|1|1|1
3450473|1|1|1|62.818853829|88|1|1|3|2|1|1|1
3450474|1|1|1|25.274529544|88|1|1|3|2|1|1|1
3450475|1|1|1|98.542040799|88|1|1|3|2|1|1|1
3450476|1|1|1|53.402165934|88|1|1|3|2|1|1|1
3450477|1|1|1|58.63093024|88|2|1|3|2|1|1|1
3450478|1|1|1|49.015414646|88|1|1|3|2|1|1|1
3450479|1|1|1|43.589870249|88|1|1|3|2|1|1|1
3450480|1|1|1|49.015414646|88|2|1|3|2|1|1|1
3450481|1|1|1|55.306878188|88|2|1|3|2|1|1|1
3450482|1|1|1|23.589560908|88|2|1|3|2|1|1|1
3450483|1|1|1|50.222035783|88|1|1|3|2|1|1|1
3450484|1|1|1|50.222035783|88|1|1|3|2|1|1|1
3450485|1|1|1|50.222035783|88|1|1|3|2|2|1|1
3450486|1|1|1|37.563606221|88|1|1|3|2|1|1|1
3450487|1|1|1|47.7515137|88|2|1|3|2|1|1|1
3450488|1|1|1|62.418913326|88|1|1|3|2|1|1|1
3450489|1|1|1|66.079118794|88|1|1|3|2|1|1|1
3450490|1|1|1|25.274529544|88|2|1|3|2|1|1|1
3450491|1|1|1|51.162336107|88|1|1|3|2|1|1|1
3450492|1|1|1|34.675659734|88|1|1|3|2|1|1|1
3450493|1|1|1|59.257369487|88|2|1|3|2|1|1|1
3450494|1|1|1|53.809324053|88|2|1|3|2|1|1|1
3450495|1|1|1|64.11166219|88|2|1|3|2|1|1|1
3450496|1|1|1|44.427538813|88|2|1|3|2|1|1|1
3450497|1|1|1|36.733666552|88|1|1|1|2|2|1|1
3450498|1|1|1|13.47974909|88|1|1|1|2|2|1|1
3450499|1|1|1|28.481155165|88|1|1|1|2|2|1|1
3450500|1|1|1|33.503388709|88|1|1|1|2|2|1|1
3450501|1|1|1|19.886263741|88|1|1|1|2|2|1|1
3450502|1|1|1|27.286579257|88|1|1|1|2|2|1|1
3450503|1|1|1|28.008808369|88|2|1|1|2|2|1|1
3450504|1|1|1|42.40378539|88|2|1|1|2|2|2|1
3450505|1|1|1|53.402165934|88|1|1|2|2|2|1|1
3450506|1|1|1|37.286744515|88|2|1|2|2|2|1|1
3450507|1|1|1|51.162336107|88|2|1|2|2|2|1|1
3450508|1|1|1|51.162336107|88|1|1|2|2|2|1|1
3450509|1|1|1|75.981516428|88|1|1|2|2|2|1|1
3450510|1|1|1|79.507097606|88|1|1|2|2|2|1|1
3450511|1|1|1|52.800658027|88|2|1|2|2|2|1|1
3450512|1|1|1|48.238262836|88|1|1|2|2|2|1|1
3450513|1|1|1|25.274529544|88|2|1|2|2|2|1|1
3450514|1|1|1|25.274529544|88|1|1|3|2|2|1|1
3450515|1|1|1|31.514115894|88|2|1|3|2|2|1|1
3450516|1|1|1|48.609517791|88|1|1|3|2|2|1|1
3450517|1|1|1|53.402165934|88|2|1|3|2|2|1|1
3450519|1|1|1|50.478253268|88|2|1|3|2|2|1|1
3450520|1|1|1|25.274529544|88|1|1|3|2|2|1|1
3450521|1|1|1|25.274529544|88|2|1|3|2|2|1|1
3450522|1|1|1|45.579145246|88|1|1|1|2|2|1|1
3450523|1|1|1|43.763763077|88|1|1|1|2|2|1|1
3450524|1|1|1|84.248431813|88|2|1|1|2|2|1|1
3450525|1|1|1|33.538934126|88|2|1|1|2|2|1|1
3450526|1|1|1|64.389389816|88|2|1|1|2|2|1|1
3450527|1|1|1|21.062107953|88|1|1|1|2|2|1|1
3450528|1|1|1|53.426385159|88|1|1|1|2|2|1|1
3450529|1|1|1|33.538934126|88|2|1|1|2|2|1|1
3450530|1|1|1|21.062107953|88|2|1|1|2|2|1|1
3450531|1|1|1|21.958510664|88|1|1|1|2|2|1|1
3450532|1|1|1|36.492606876|88|1|1|1|2|2|1|1
3450533|1|1|1|60.364257606|88|2|1|1|2|2|1|1
3450535|1|1|1|2879.5632208|05|2|1|2|1|1|1|1
3450537|1|1|1|2580.3515818|05|2|1|3|1|1|1|1
3450539|1|1|1|994.9107646|05|2|1|2|1|1|1|1
3450540|1|1|1|1094.5105985|05|2|1|2|1|1|1|1
3450541|1|1|1|994.9107646|05|2|1|2|1|1|1|1
3450542|1|1|1|1540.4676105|05|1|1|2|1|1|1|1
3450543|1|1|1|1908.7627298|05|2|1|2|1|1|1|1
3450545|1|1|1|1957.8515998|05|2|1|2|1|1|1|1
3450546|1|1|1|6532.3731866|05|2|1|4|1|1|1|1
3450547|1|1|1|1933.8190016|05|2|1|4|1|1|1|1
3450548|1|1|1|3766.7069191|05|2|1|4|1|1|1|1
3450549|1|1|1|2633.8171628|05|2|1|4|1|1|1|1
3450551|1|1|1|2016.4158203|05|2|1|4|1|1|1|1
3450552|1|1|1|1898.0274498|05|2|1|4|1|1|1|1
3450553|1|1|1|5143.4235558|05|2|1|4|1|1|1|1
3450554|1|1|1|4289.391372|05|2|1|4|1|1|1|1
3450555|1|1|1|1801.1092476|05|2|1|5|1|1|1|1
3450556|1|1|1|1493.9474449|05|2|1|5|1|1|1|1
3450557|1|1|1|1493.9474449|05|2|1|5|1|1|1|1
3450561|1|1|1|4296.404545|05|2|1|2|2|1|1|1
3450562|1|1|1|2801.8560395|05|2|1|2|2|1|1|1
3450564|1|1|1|5620.8151754|05|2|1|1|2|1|1|1
3450566|1|1|1|5708.1793552|05|2|1|2|1|1|1|1
3450567|1|1|1|2208.4611894|05|2|1|3|1|1|1|1
3450568|1|1|1|2170.5644433|05|1|1|3|1|1|1|1
3450569|1|1|1|4245.0228642|05|2|1|3|1|1|1|1
3450570|1|1|1|5618.5493658|05|2|1|4|1|1|1|1
3450571|1|1|1|2436.9913258|05|1|1|3|2|1|1|1
3450573|1|1|1|5170.3439522|05|2|1|3|1|1|1|1
3450574|1|1|1|2170.5644433|05|2|1|3|1|1|1|1
3450576|1|1|1|4872.1051633|05|2|1|3|1|1|1|1
3450577|1|1|1|3701.8332731|05|2|1|3|2|1|1|1
3450578|1|1|1|1716.578781|05|2|1|3|1|1|1|1
3450579|1|1|1|2327.5510668|05|2|1|3|1|1|1|1
3450580|1|1|1|3879.3317838|05|2|1|2|1|1|1|1
3450581|1|1|1|1716.578781|05|2|1|3|1|1|1|1
3450582|1|1|1|3964.8619243|05|2|1|2|2|1|1|1
3450583|1|1|1|2961.6833058|05|2|1|2|1|1|1|1
3450584|1|1|1|5032.4679384|05|2|1|3|1|1|1|1
3450585|1|1|1|4206.7878306|05|2|1|2|1|1|1|1
3450586|1|1|1|2807.0849914|05|2|1|4|1|1|1|1
3450587|1|1|1|3188.9472843|05|2|1|4|1|1|1|1
3450588|1|1|1|2340.920298|05|2|1|4|1|1|1|1
3450591|1|1|1|1482.3937794|05|2|1|4|1|1|1|1
3450592|1|1|1|3188.9472843|05|2|1|4|1|1|1|1
3450593|1|1|1|1334.8104185|08|2|1|4|1|1|1|1
3450594|1|1|1|896.32994053|08|2|1|4|1|1|1|1
3450595|1|1|1|974.90983619|08|2|1|4|1|1|1|1
3450596|1|1|1|1194.5080248|08|2|1|4|1|1|1|1
3450597|1|1|1|940.63083381|08|2|1|4|1|1|1|1
3450598|1|1|1|940.63083381|08|2|1|4|1|1|1|1
3450599|1|1|1|1225.0194514|08|2|1|4|1|1|1|1
3450600|1|1|1|964.25244889|08|1|1|4|1|1|1|1
3450601|1|1|1|948.32607538|08|2|1|4|1|1|1|1
3450602|1|1|1|958.92752343|08|2|1|4|1|1|1|1
3450603|1|1|1|981.31505105|08|1|1|4|1|1|1|1
3450604|1|1|1|815.47702009|08|1|1|4|1|1|1|1
3450605|1|1|1|732.84882858|08|2|1|4|1|1|1|1
3450606|1|1|1|950.56058014|08|1|1|4|1|1|1|1
3450607|1|1|1|1155.2911486|08|2|1|4|1|1|1|1
3450608|1|1|1|1036.2791924|08|1|1|4|1|1|1|1
3450609|1|1|1|1159.8262384|08|1|1|2|1|1|1|1
3450610|1|1|1|1737.0854764|08|2|1|2|1|1|1|1
3450611|1|1|1|918.60613464|08|2|1|2|1|1|1|1
3450612|1|1|1|964.54090058|08|1|1|2|1|1|1|1
3450613|1|1|1|1695.3917762|08|1|1|2|1|1|1|1
3450614|1|1|1|1136.8343423|08|1|1|2|1|1|1|1
3450615|1|1|1|987.56209913|08|1|1|2|1|1|1|1
3450616|1|1|1|1001.5491516|08|1|1|2|1|1|1|1
3450617|1|1|1|1015.7902923|08|1|1|2|1|1|1|1
3450618|1|1|1|1555.3751627|08|1|1|2|1|1|1|1
3450619|1|1|1|1229.4569047|08|1|1|2|1|1|1|1
3450620|1|1|1|1498.2714873|08|1|1|2|1|1|1|1
3450621|1|1|1|1749.4980293|08|2|1|1|1|1|1|1
3450622|1|1|1|6580.3317887|11|2|1|2|1|1|1|1
3450623|1|1|1|12984.926477|11|2|1|2|1|1|1|1
3450624|1|1|1|5650.926107|11|2|1|1|1|1|1|1
3450625|1|1|1|4445.5334075|11|2|1|1|1|1|1|1
3450626|1|1|1|11479.645716|11|3|1|1|1|1|1|1
3450627|1|1|1|6340.0762602|11|2|1|1|1|1|1|1
3450628|1|1|1|6080.4063788|11|2|1|1|1|1|1|1
3450629|1|1|1|11479.645716|11|2|1|1|1|1|1|1
3450630|1|1|1|5585.4033768|11|2|1|1|1|1|1|1
3450631|1|1|1|9418.2101783|11|2|1|2|1|1|1|1
3450632|1|1|1|12276.309529|11|2|1|4|1|1|1|1
3450633|1|1|1|8884.6561586|11|2|1|4|1|1|1|1
3450634|1|1|1|948.6628407|13|2|1|6|1|1|1|1
3450635|1|1|1|686.62192897|13|2|1|6|1|1|1|1
3450636|1|1|1|588.71132235|13|2|1|6|1|1|1|1
3450637|1|1|1|410.04161434|13|2|1|6|1|1|1|1
3450638|1|1|1|708.88692865|13|2|1|6|1|1|1|1
3450639|1|1|1|569.39953624|13|2|1|6|1|1|1|1
3450640|1|1|1|566.44632266|13|2|1|6|1|1|1|1
3450642|1|1|1|563.82786773|13|2|1|2|1|1|1|1
3450643|1|1|1|468.40512929|13|1|1|2|1|1|1|1
3450644|1|1|1|468.40512929|13|2|1|2|1|1|1|1
3450645|1|1|1|364.81994374|13|2|1|2|1|1|1|1
3450646|1|1|1|475.72001111|13|2|1|2|1|1|1|1
3450647|1|1|1|479.18145258|13|2|1|2|1|1|1|1
3450648|1|1|1|563.82786773|13|2|1|2|1|1|1|1
3450649|1|1|1|466.241411|13|2|1|2|1|1|1|1
3450650|1|1|1|1119.892097|13|1|1|1|1|1|1|1
3450651|1|1|1|147.85829646|17|2|1|1|1|1|1|1
3450652|1|1|1|810.43267336|17|2|1|4|1|1|1|1
3450654|1|1|1|268.48399171|17|2|1|4|1|1|1|1
3450655|1|1|1|201.62494972|17|2|1|4|1|1|1|1
3450656|1|1|1|540.28844891|17|1|1|3|1|1|1|1
3450657|1|1|1|526.38462263|17|2|1|3|1|1|1|1
3450658|1|1|1|434.06794551|17|2|1|3|1|1|1|1
3450659|1|1|1|134.41663314|17|1|1|2|1|1|1|1
3450660|1|1|1|423.59762634|17|2|1|3|1|1|1|1
3450661|1|1|1|134.41663314|17|1|1|3|1|1|1|1
3450662|1|1|1|638.85663109|17|1|1|3|1|1|1|1
3450663|1|1|1|402.63698492|17|2|1|3|1|1|1|1
3450664|1|1|1|140.17555589|17|2|1|3|1|1|1|1
3450665|1|1|1|80.392152568|18|2|1|2|1|1|1|1
3450666|1|1|1|50.474682785|18|2|1|2|1|1|1|1
3450667|1|1|1|91.342111476|18|1|1|2|1|1|1|1
3450668|1|1|1|127.84675744|18|1|1|2|1|1|1|1
3450669|1|1|1|77.309931719|18|2|1|2|1|1|1|1
3450670|1|1|1|44.952004999|18|2|1|2|1|1|1|1
3450671|1|1|1|45.367302913|18|2|1|2|1|1|1|1
3450672|1|1|1|72.157407604|18|1|1|2|1|1|1|1
3450673|1|1|1|73.643987375|18|1|1|2|1|1|1|1
3450674|1|1|1|84.796630126|18|1|1|2|1|1|1|1
3450675|1|1|1|207.4707923|18|1|1|2|1|1|1|1
3450676|1|1|1|51.867698076|18|1|1|2|1|1|1|1
3450677|1|1|1|225.16980863|18|2|1|2|1|1|1|1
3450678|1|1|1|67.428007498|18|1|1|2|1|1|1|1
3450679|1|1|1|67.428007498|18|1|1|2|1|1|1|1
3450680|1|1|1|67.428007498|18|1|1|2|1|1|1|1
3450681|1|1|1|120.58822885|18|2|1|2|1|1|1|1
3450682|1|1|1|75.712024177|18|1|1|2|1|1|1|1
3450683|1|1|1|120.58822885|18|2|1|2|1|1|1|1
3450684|1|1|1|219.67089211|18|1|1|2|1|1|1|1
3450686|1|1|1|76.933961498|18|1|1|2|1|1|1|1
3450687|1|1|1|92.892829664|18|1|1|1|1|2|1|1
3450690|1|1|1|272.16542594|18|1|1|1|1|1|1|1
3450692|1|1|1|89.222523166|18|2|1|1|1|1|1|1
3450693|1|1|1|155.99105247|18|1|1|1|1|1|1|1
3450694|1|1|1|89.222523166|18|1|1|1|1|1|1|1
3450695|1|1|1|272.91744664|18|2|1|2|1|1|1|1
3450696|1|1|1|137.40787184|18|2|1|2|1|1|1|1
3450697|1|1|1|210.35628854|18|2|1|2|1|1|1|1
3450698|1|1|1|104.73576784|18|2|1|2|1|1|1|1
3450699|1|1|1|82.803259163|18|2|1|2|1|1|1|1
3450700|1|1|1|85.658543962|18|1|1|1|2|2|1|1
3450702|1|1|1|139.76649527|19|1|1|3|1|1|1|1
3450703|1|1|1|180.54826224|19|1|1|3|1|1|1|1
3450704|1|1|1|124.26772505|19|2|1|3|1|1|1|1
3450705|1|1|1|97.333824675|19|1|1|3|1|1|1|1
3450706|1|1|1|173.36247512|19|2|1|3|1|1|1|1
3450707|1|1|1|143.59396217|19|1|1|3|2|1|1|1
3450708|1|1|1|124.46352685|19|2|1|3|1|1|1|1
3450709|1|1|1|244.61377465|19|2|1|2|1|1|1|1
3450710|1|1|1|297.24290014|19|1|1|2|1|1|1|1
3450711|1|1|1|276.16780721|19|1|1|2|1|1|1|1
3450712|1|1|1|285.33810176|19|2|1|4|1|1|1|1
3450714|1|1|1|143.61672204|19|1|1|4|1|1|1|1
3450715|1|1|1|244.74706553|19|2|1|4|1|1|1|1
3450716|1|1|1|249.91988991|19|2|1|4|1|1|1|1
3450717|1|1|1|279.18770118|19|2|1|4|1|1|1|1
3450718|1|1|1|305.43561849|19|2|1|4|1|1|1|1
3450719|1|1|1|305.43561849|19|1|1|4|1|1|1|1
3450720|1|1|1|220.93424577|19|2|1|1|1|1|1|1
3450721|1|1|1|235.92553292|19|1|1|1|1|1|1|1
3450722|1|1|1|195.79765242|19|1|1|1|1|1|1|1
3450723|1|1|1|194.54665843|19|1|1|1|1|1|1|1
3450724|1|1|1|173.54832459|19|1|1|1|1|1|1|1
3450725|1|1|1|362.14732739|19|1|1|1|1|1|1|1
3450726|1|1|1|189.62633797|19|1|1|1|1|1|1|1
3450727|1|1|1|173.54832459|19|2|1|1|1|1|1|1
3450728|1|1|1|215.91291321|19|1|1|1|1|1|1|1
3450729|1|1|1|225.19392126|20|2|1|2|1|1|1|1
3450730|1|1|1|455.21931718|20|1|1|4|1|1|1|1
3450731|1|1|1|295.03730999|20|1|1|2|1|1|1|1
3450732|1|1|1|338.91267815|20|2|1|2|1|1|1|1
3450733|1|1|1|196.69429823|20|1|1|2|1|1|1|1
3450734|1|1|1|168.07040589|20|1|1|2|1|1|1|1
3450738|1|1|1|390.89957047|20|1|1|2|1|1|1|1
3450739|1|1|1|216.01248824|20|2|1|1|1|1|1|1
3450743|1|1|1|432.34536848|23|2|1|3|1|1|1|1
3450745|1|1|1|323.60965984|23|2|1|3|1|1|1|1
3450748|1|1|1|487.34041939|23|2|1|3|1|1|1|1
3450750|1|1|1|581.69891291|23|2|1|3|1|1|1|1
3450752|1|1|1|206.83556973|23|1|1|2|1|1|1|1
3450753|1|1|1|240.19187138|23|2|1|2|1|1|1|1
3450754|1|1|1|312.80224561|23|2|1|2|1|1|1|1
3450755|1|1|1|262.15645773|23|2|1|2|1|1|1|1
3450756|1|1|1|272.76618064|23|2|1|2|1|1|1|1
3450758|1|1|1|235.98402684|23|1|1|2|1|1|1|1
3450759|1|1|1|137.61774631|23|1|1|2|1|1|1|1
3450760|1|1|1|249.57605324|23|1|1|2|1|1|1|1
3450761|1|1|1|240.19187138|23|1|1|2|1|1|1|1
3450762|1|1|1|339.13323738|23|1|1|2|1|1|1|1
3450763|1|1|1|357.60868922|23|1|1|2|1|1|1|1
3450764|1|1|1|317.92252442|23|2|1|2|1|1|1|1
3450765|1|1|1|368.27768557|23|2|1|2|1|1|1|1
3450767|1|1|1|233.69846649|23|2|1|2|1|1|1|1
3450768|1|1|1|246.74916115|23|1|1|2|1|1|1|1
3450769|1|1|1|282.98969573|23|2|1|2|1|1|1|1
3450770|1|1|1|241.1811661|23|1|1|2|1|1|1|1
3450772|1|1|1|237.14499614|23|2|1|2|1|1|1|1
3450773|1|1|1|197.55548628|23|2|1|2|1|1|1|1
3450774|1|1|1|324.45827481|23|2|1|2|1|1|1|1
3450775|1|1|1|290.59943854|23|1|1|2|1|1|1|1
3450777|1|1|1|170.02667762|23|1|1|3|1|1|1|1
3450778|1|1|1|255.83582811|23|1|1|3|1|1|1|1
3450779|1|1|1|102.23437742|27|2|1|2|2|2|1|2
3450780|1|1|1|108.44679229|27|2|1|1|2|2|1|1
3450781|1|1|1|73.519451544|27|1|1|2|2|2|1|1
3450782|1|1|1|114.11165237|27|2|1|1|2|2|1|1
3450783|1|1|1|89.205928824|27|1|1|1|2|2|1|2
3450784|1|1|1|52.44106165|27|2|1|1|2|2|1|1
3450785|1|1|1|77.096286786|27|1|1|1|2|2|1|1
3450786|1|1|1|139.97315911|27|2|1|1|2|1|1|1
3450787|1|1|1|139.97315911|27|2|1|1|2|1|1|1
3450788|1|1|1|159.40200366|27|2|1|1|2|1|1|1
3450789|1|1|1|130.75293501|27|2|1|1|2|1|1|1
3450790|1|1|1|109.30240652|27|2|1|1|2|1|1|1
3450791|1|1|1|110.15115508|41|2|1|2|1|1|1|1
3450792|1|1|1|110.15115508|41|1|1|2|2|1|1|1
3450793|1|1|1|177.55674959|41|2|1|2|1|1|1|1
3450794|1|1|1|229.93551067|41|1|1|2|1|1|1|1
3450795|1|1|1|557.23525512|41|2|1|2|1|1|1|1
3450796|1|1|1|155.25969616|41|2|1|2|1|1|1|1
3450797|1|1|1|110.15115508|41|2|1|2|1|1|1|1
3450798|1|1|1|110.15115508|41|1|1|2|1|1|1|1
3450799|1|1|1|94.415275784|41|2|1|2|1|1|1|1
3450800|1|1|1|619.15028347|41|2|1|2|1|1|1|1
3450801|1|1|1|96.102637111|44|2|1|2|1|1|1|1
3450802|1|1|1|180.64076752|44|2|1|2|1|1|1|1
3450803|1|1|1|54.492304514|44|2|1|2|1|1|1|1
3450804|1|1|1|104.70499201|44|1|1|2|1|1|1|1
3450805|1|1|1|54.492304514|44|2|1|2|1|1|1|1
3450806|1|1|1|57.032777238|44|2|1|2|1|1|1|1
3450807|1|1|1|88.366013235|44|1|1|2|1|1|1|1
3450808|1|1|1|129.77714718|44|2|1|2|2|1|1|1
3450809|1|1|1|106.48741952|44|1|1|2|1|1|1|1
3450810|1|1|1|140.83811874|44|1|1|2|1|1|1|1
3450811|1|1|1|143.5092506|44|2|1|2|1|1|1|1
3450812|1|1|1|82.735186011|44|2|1|1|1|1|1|1
3450813|1|1|1|112.1760146|44|2|1|1|2|1|1|1
3450814|1|1|1|80.502490169|44|1|1|1|1|1|1|1
3450815|1|1|1|117.22008665|44|1|1|1|1|1|1|1
3450816|1|1|1|127.27391475|44|1|1|1|1|1|1|1
3450817|1|1|1|91.037145093|44|1|1|1|1|1|1|1
3450818|1|1|1|114.35094259|44|1|1|1|1|1|1|1
3450819|1|1|1|130.68992136|44|1|1|1|2|2|1|1
3450820|1|1|1|106.19885602|44|1|1|1|1|1|1|1
3450821|1|1|1|94.170337083|44|1|1|1|1|1|1|1
3450822|1|1|1|67.392995914|44|2|1|1|1|1|2|1
3450823|1|1|1|205.02969917|47|3|1|3|1|1|1|1
3450824|1|1|1|476.17615874|47|2|1|1|1|1|1|1
3450825|1|1|1|212.45200413|47|2|1|1|1|1|1|1
3450826|1|1|1|206.61396651|47|1|1|1|1|1|1|1
3450827|1|1|1|169.88935455|47|2|1|1|1|1|1|1
3450829|1|1|1|475.33443654|47|2|1|1|1|1|1|1
3450830|1|1|1|510.13827028|47|1|1|1|1|1|1|1
3450831|1|1|1|310.04307779|47|1|1|1|1|1|1|1
3450832|1|1|1|400.03700409|47|2|1|1|1|1|1|1
3450833|1|1|1|511.11034765|47|2|1|1|1|1|1|1
3450834|1|1|1|272.71029912|47|2|1|1|1|1|1|1
3450839|1|1|1|273.44514912|47|1|1|1|1|1|1|1
3450841|1|1|1|482.79100836|47|1|1|1|1|1|1|1
3450842|1|1|1|296.35416425|47|1|1|1|1|1|1|1
3450844|1|1|1|351.30413029|47|1|1|1|1|1|1|1
3450845|1|1|1|351.30413029|47|1|1|2|1|1|1|1
3450847|1|1|1|351.34417972|47|1|1|1|1|1|1|1
3450848|1|1|1|273.44514912|47|1|1|1|1|1|1|1
3450857|1|1|1|410.16772368|47|2|1|2|1|1|1|1
3450861|1|1|1|465.77938418|47|1|1|1|1|1|1|1
3450862|1|1|1|274.34455902|50|1|1|4|1|1|1|1
3450863|1|1|1|255.67715353|50|1|1|2|1|1|1|1
3450864|1|1|1|504.42607813|50|4|1|2|1|1|1|1
3450865|1|1|1|467.11739282|50|2|1|2|1|1|1|1
3450866|1|1|1|255.67715353|50|4|1|2|1|1|1|1
3450867|1|1|1|255.67715353|50|2|1|2|1|1|1|1
3450868|1|1|1|548.00186116|50|2|1|3|1|1|1|1
3450869|1|1|1|620.80794602|50|2|1|4|1|1|1|1
3450870|1|1|1|328.17165604|50|2|1|3|1|1|1|1
3450871|1|1|1|478.08397737|50|1|1|3|1|1|1|1
3450872|1|1|1|477.74521229|50|1|1|3|1|1|1|1
3450873|1|1|1|369.3690458|50|1|1|3|1|1|1|1
3450874|1|1|1|521.32982002|50|1|1|3|1|1|1|1
3450875|1|1|1|178.31842503|50|1|1|3|1|1|1|1
3450876|1|1|1|178.31842503|50|1|1|3|1|1|1|1
3450877|1|1|1|410.3160671|50|1|1|3|1|1|1|1
3450878|1|1|1|478.08397737|50|1|1|3|1|1|1|1
3450879|1|1|1|257.60035102|50|2|1|2|1|1|1|1
3450880|1|1|1|926.95501348|50|1|1|2|1|1|1|1
3450881|1|1|1|183.23529336|50|2|1|2|1|1|1|1
3450882|1|1|1|470.79767292|50|2|1|2|1|1|1|1
3450883|1|1|1|188.78696618|52|1|1|3|1|1|1|1
3450884|1|1|1|340.76116638|52|3|1|2|2|1|1|1
3450885|1|1|1|326.74896895|52|2|1|4|1|1|1|1
3450886|1|1|1|166.18655084|52|2|1|4|2|1|1|1
3450887|1|1|1|203.40641087|52|2|1|4|1|1|1|1
3450888|1|1|1|222.28259728|52|2|1|4|1|1|1|1
3450889|1|1|1|427.6656726|52|2|1|4|2|1|1|1
3450890|1|1|1|268.46287006|52|2|1|4|2|1|1|1
3450891|1|1|1|170.37804591|52|2|1|4|2|1|1|1
3450892|1|1|1|507.69208433|52|2|1|3|2|1|1|1
3450893|1|1|1|297.37058439|52|2|1|3|2|1|1|1
3450894|1|1|1|244.08769304|52|1|1|4|2|1|1|1
3450895|1|1|1|170.90262095|52|1|1|5|1|1|1|1
3450896|1|1|1|193.55404464|52|1|1|5|2|1|1|1
3450897|1|1|1|232.47310594|52|1|1|3|2|1|1|1
3450898|1|1|1|277.63872718|52|1|1|2|1|1|1|1
3450899|1|1|1|181.73928874|52|2|1|4|1|1|1|1
3450900|1|1|1|259.49404758|52|2|1|4|1|1|1|1
3450901|1|1|1|177.82607782|52|2|1|4|1|1|1|1
3450902|1|1|1|452.82247687|52|2|1|3|2|1|1|1
3450903|1|1|1|139.97327874|52|1|1|3|1|1|1|1
3450904|1|1|1|250.46989589|52|2|1|3|2|1|1|1
3450905|1|1|1|279.89363536|52|2|1|3|2|1|1|1
3450906|1|1|1|350.8086079|52|2|1|3|2|1|1|1
3450907|1|1|1|156.82161353|52|1|1|3|1|1|1|1
3450908|1|1|1|186.95419686|52|2|1|3|2|1|1|1
3450909|1|1|1|378.22460598|52|1|1|3|2|1|1|1
3450910|1|1|1|197.40025307|52|1|1|3|1|1|1|1
3450911|1|1|1|405.57509849|52|1|1|3|1|1|1|1
3450912|1|1|1|373.88444693|52|1|1|3|2|1|1|1
3450913|1|1|1|870.23626512|54|2|1|2|1|1|1|1
3450914|1|1|1|481.72291923|54|2|1|2|1|1|1|1
3450915|1|1|1|1158.3406861|54|1|1|2|1|1|1|1
3450916|1|1|1|464.3688549|54|1|1|2|1|1|1|1
3450917|1|1|1|924.94824468|54|2|1|2|1|1|1|1
3450918|1|1|1|599.15432827|54|2|1|3|1|1|1|1
3450919|1|1|1|807.61328009|54|1|1|3|2|1|1|1
3450920|1|1|1|736.32101559|54|1|1|3|1|1|1|1
3450921|1|1|1|408.15763622|54|1|1|3|1|1|1|1
3450922|1|1|1|858.14392097|54|1|1|3|1|1|1|1
3450923|1|1|1|399.71563964|54|1|1|3|1|1|1|1
3450924|1|1|1|870.23626512|54|1|1|3|1|1|1|1
3450925|1|1|1|573.37583516|54|1|1|3|1|1|1|1
3450926|1|1|1|801.45235593|54|1|1|3|1|1|1|1
3450927|1|1|1|534.8396082|54|1|1|3|1|1|1|1
3450928|1|1|1|586.58465705|54|2|1|1|2|1|1|1
3450929|1|1|1|791.12387739|54|1|1|1|1|1|1|1
3450930|1|1|1|932.48203812|54|1|1|1|1|1|1|1
3450931|1|1|1|504.36265986|54|1|1|1|1|1|1|1
3450932|1|1|1|658.32636481|54|1|1|1|1|1|1|1
3450933|1|1|1|1123.6041006|54|1|1|2|1|1|1|1
3450934|1|1|1|1441.5069248|54|1|1|3|1|1|1|1
3450935|1|1|1|1006.3249768|54|1|1|3|1|1|1|1
3450936|1|1|1|1167.7585977|54|1|1|3|1|1|1|1
3450937|1|1|1|1169.9160373|54|1|1|2|1|1|1|1
3450938|1|1|1|967.23962233|54|1|1|3|1|1|1|1
3450939|1|1|1|859.82603436|54|1|1|2|1|1|1|1
3450940|1|1|1|2083.2723277|54|1|1|2|1|1|1|1
3450941|1|1|1|859.82603436|54|1|1|2|1|1|1|1
3450942|1|1|1|2182.3513221|54|1|1|4|1|1|1|1
3450943|1|1|1|1010.5354063|54|1|1|4|2|1|1|1
3450944|1|1|1|1716.7131617|54|1|1|4|2|1|1|1
3450945|1|1|1|1716.7131617|54|1|1|4|2|1|1|1
3450946|1|1|1|437.84910182|63|2|1|1|1|1|1|1
3450947|1|1|1|269.08333796|63|2|1|1|1|1|1|1
3450948|1|1|1|108.31785891|63|1|1|2|1|1|1|1
3450949|1|1|1|216.91804206|63|1|1|2|1|1|1|1
3450950|1|1|1|226.29926794|63|1|1|2|1|1|1|1
3450951|1|1|1|133.72103046|63|1|1|3|1|1|1|1
3450952|1|1|1|268.35804595|63|1|1|1|2|1|1|1
3450953|1|1|1|226.5709413|63|2|1|3|1|1|1|1
3450954|1|1|1|267.36652069|63|2|1|2|2|1|1|1
3450955|1|1|1|285.540376|63|2|1|2|2|1|1|1
3450956|1|1|1|241.3351327|63|2|1|3|1|1|1|1
3450957|1|1|1|194.28953703|63|2|1|3|1|1|1|1
3450958|1|1|1|243.91514889|63|2|1|3|1|1|1|1
3450959|1|1|1|284.4595287|63|1|1|5|1|1|1|1
3450960|1|1|1|207.4675697|63|2|1|4|1|1|1|1
3450961|1|1|1|297.05967859|63|1|1|3|1|1|1|1
3450962|1|1|1|160.25358119|63|1|1|3|1|1|1|1
3450963|1|1|1|358.21001794|66|1|1|3|1|1|1|1
3450964|1|1|1|419.42961272|66|2|1|4|1|1|1|1
3450965|1|1|1|522.50731508|66|1|1|4|1|1|1|1
3450966|1|1|1|462.38205335|66|2|1|4|1|1|1|1
3450967|1|1|1|560.03768003|66|2|1|4|1|1|1|1
3450968|1|1|1|709.86036592|66|2|1|3|1|1|1|1
3450969|1|1|1|467.48459895|66|2|1|3|1|1|1|1
3450970|1|1|1|519.05066547|66|2|1|5|1|1|1|1
3450971|1|1|1|264.27884337|66|2|1|5|1|1|1|1
3450972|1|1|1|385.3183778|66|2|1|5|1|1|1|1
3450973|1|1|1|405.2515852|66|2|1|2|1|1|1|1
3450974|1|1|1|622.26408892|66|2|1|2|1|1|1|1
3450975|1|1|1|563.21053231|66|2|1|2|1|1|1|1
3450976|1|1|1|887.60657938|66|2|1|2|1|1|1|1
3450977|1|1|1|901.98068961|66|1|1|1|1|1|1|1
3450978|1|1|1|698.36040906|66|2|1|1|1|1|1|1
3450979|1|1|1|761.33874836|66|2|1|1|1|1|1|1
3450980|1|1|1|571.83384378|68|2|1|1|1|1|1|1
3450981|1|1|1|485.25623191|68|1|1|4|1|1|1|1
3450982|1|1|1|1215.7973886|68|2|1|4|1|1|1|1
3450983|1|1|1|506.34925652|68|2|1|4|1|1|1|1
3450984|1|1|1|642.8508221|68|3|1|4|1|1|1|1
3450985|1|1|1|706.47101564|68|3|1|4|1|1|1|1
3450986|1|1|1|706.47101564|68|3|1|4|1|1|1|1
3450987|1|1|1|706.47101564|68|3|1|4|1|1|1|1
3450988|1|1|1|940.16932732|68|2|1|3|1|1|1|1
3450989|1|1|1|713.86875161|68|1|1|3|1|1|1|1
3450990|1|1|1|954.59541701|68|2|1|4|1|1|1|1
3450991|1|1|1|1040.7791434|68|1|1|2|1|1|1|1
3450992|1|1|1|850.25988924|68|1|1|6|1|1|1|1
3450993|1|1|1|694.1238419|68|1|1|6|1|1|1|1
3450994|1|1|1|814.75913716|68|1|1|6|1|1|1|1
3450995|1|1|1|928.5658583|68|1|1|6|1|1|1|1
3450996|1|1|1|814.75913716|68|1|1|6|1|1|1|1
3450997|1|1|1|605.69340312|68|1|1|1|1|1|1|1
3450998|1|1|1|532.55141626|68|1|1|1|1|1|1|1
3450999|1|1|1|864.47515977|68|2|1|4|1|1|1|1
3451000|1|1|1|1595.7086345|68|2|1|1|1|1|1|1
3451001|1|1|1|156.23784676|70|1|1|3|1|1|1|1
3451002|1|1|1|91.956421245|70|2|1|3|1|1|1|1
3451003|1|1|1|162.08566331|70|1|1|3|1|1|1|1
3451004|1|1|1|91.956421245|70|2|1|2|1|1|1|1
3451005|1|1|1|216.64398349|70|1|1|3|1|1|1|1
3451006|1|1|1|167.10446818|70|2|1|3|1|1|1|1
3451007|1|1|1|154.77426478|70|1|1|2|1|1|1|1
3451008|1|1|1|201.0428333|70|2|1|3|1|1|1|1
3451009|1|1|1|260.49076071|70|2|1|2|1|1|1|1
3451010|1|1|1|163.20231776|70|1|1|2|1|1|1|1
3451011|1|1|1|220.79334113|70|1|1|1|1|1|1|1
3451012|1|1|1|204.06728422|70|1|1|1|1|1|1|1
3451013|1|1|1|222.16043805|70|1|1|1|1|1|1|1
3451014|1|1|1|162.95134773|70|1|1|1|1|1|1|1
3451015|1|1|1|168.69145006|70|2|1|1|1|1|1|1
3451016|1|1|1|166.76638919|70|2|1|1|1|1|1|1
3451017|1|1|1|107.16566762|70|1|1|1|1|1|1|1
3451018|1|1|1|170.58143064|70|2|1|1|1|1|1|1
3451019|1|1|1|183.35065184|70|2|1|1|1|1|1|1
3451020|1|1|1|168.69145006|70|2|1|1|1|1|1|1
3451021|1|1|1|150.82062734|70|1|1|1|1|1|1|1
3451022|1|1|1|222.19551834|70|1|1|1|1|1|1|1
3451023|1|1|1|181.09818683|70|2|1|1|1|1|1|1
3451024|1|1|1|90.099268103|70|2|1|1|1|1|1|1
3451025|1|1|1|181.09818683|70|2|1|1|1|1|1|1
3451026|1|1|1|211.12940937|70|2|1|1|1|1|1|1
3451027|1|1|1|282.80395373|70|2|1|1|1|1|1|1
3451028|1|1|1|116.56007575|70|2|1|1|1|1|1|1
3451029|1|1|1|152.26088339|70|2|1|1|1|1|1|1
3451030|1|1|1|180.86577876|70|2|1|1|1|1|1|1
3451031|1|1|1|209.7030822|70|2|1|1|1|1|1|1
3451032|1|1|1|341.07557017|73|2|1|3|1|1|1|1
3451033|1|1|1|525.7478255|73|1|1|2|1|1|1|1
3451034|1|1|1|543.32039012|73|1|1|2|1|1|1|1
3451035|1|1|1|626.90814245|73|1|1|3|1|1|1|1
3451036|1|1|1|598.70365423|73|2|1|3|1|1|1|1
3451037|1|1|1|434.95216283|73|2|1|3|1|1|1|1
3451038|1|1|1|639.75149304|73|2|1|3|1|1|1|1
3451039|1|1|1|407.8305671|73|1|1|3|1|1|1|1
3451040|1|1|1|332.77864452|73|2|1|3|1|1|1|1
3451041|1|1|1|440.37719651|73|2|1|3|1|1|1|1
3451042|1|1|1|302.21587077|73|1|1|3|1|1|1|1
3451044|1|1|1|653.18522816|73|1|1|2|1|1|1|1
3451045|1|1|1|414.53193934|73|2|1|1|1|1|1|1
3451046|1|1|1|317.01809264|73|2|1|4|1|1|1|1
3451047|1|1|1|316.80743208|73|2|1|3|1|1|1|1
3451048|1|1|1|346.20781657|73|2|1|3|1|1|1|1
3451049|1|1|1|430.1367189|73|1|1|2|2|1|1|2
3451050|1|1|1|601.35841543|73|1|1|2|1|1|1|1
3451051|1|1|1|413.68832372|73|1|1|2|1|1|1|1
3451052|1|1|1|447.64210584|73|1|1|2|1|1|1|1
3451053|1|1|1|1526.9441549|76|1|1|3|1|1|1|1
3451054|1|1|1|902.35691072|76|2|1|3|1|1|1|1
3451055|1|1|1|1783.1773027|76|2|1|3|1|1|1|1
3451056|1|1|1|1774.1690474|76|2|1|5|1|1|1|1
3451057|1|1|1|2092.2613685|76|2|1|5|1|1|1|1
3451058|1|1|1|1585.3478746|76|1|1|1|2|1|1|1
3451059|1|1|1|2310.1471785|76|1|1|1|1|1|1|1
3451060|1|1|1|3062.3012252|76|2|1|6|1|1|1|1
3451061|1|1|1|2360.2783206|76|2|1|6|1|1|1|1
3451062|1|1|1|3062.3012252|76|2|1|5|1|1|1|1
3451063|1|1|1|1927.4264196|76|2|1|5|1|1|1|1
3451064|1|1|1|1597.6211169|76|1|1|6|2|1|1|1
3451065|1|1|1|1597.6211169|76|2|1|6|1|1|1|1
3451066|1|1|1|2540.0036312|76|1|1|6|1|1|1|1
3451067|1|1|1|4089.3890864|76|2|1|6|1|1|1|1
3451068|1|1|1|1205.9679003|76|1|1|1|1|1|1|1
3451069|1|1|1|21.483350112|88|2|1|4|2|1|1|1
3451070|1|1|1|34.451233793|88|1|1|4|2|1|1|1
3451071|1|1|1|34.209712808|88|2|1|4|2|1|1|1
3451072|1|1|1|21.483350112|88|2|1|4|2|1|1|1
3451073|1|1|1|21.483350112|88|1|1|4|2|1|1|1
3451074|1|1|1|21.483350112|88|1|1|4|2|1|1|1
3451075|1|1|1|34.209712808|88|1|1|4|2|1|1|1
3451076|1|1|1|45.737925445|88|1|1|4|2|1|1|1
3451077|1|1|1|25.561449559|88|2|1|2|2|2|1|1
3451078|1|1|1|40.722416879|88|1|1|2|2|2|1|1
3451079|1|1|1|25.561449559|88|2|1|2|2|2|1|1
3451080|1|1|1|44.142776425|88|1|1|2|2|2|1|1
3451081|1|1|1|30.798559965|88|1|1|2|2|2|1|1
3451082|1|1|1|42.8272004|88|1|1|2|2|2|1|1
3451083|1|1|1|52.224500054|88|2|1|2|2|2|1|1
3451084|1|1|1|20.500451741|88|1|1|2|2|2|1|1
3451085|1|1|1|76.656164671|88|1|1|3|2|2|1|1
3451096|1|1|1|1209.2181819|08|1|1|2|1|1|1|1
3451097|1|1|1|1362.3031207|08|2|1|2|1|1|1|1
3451098|1|1|1|638.76509824|08|1|1|2|1|1|1|1
3451099|1|1|1|697.78317843|08|1|1|2|1|1|1|1
3451100|1|1|1|1757.0957804|08|2|1|2|1|1|1|1
3451101|1|1|1|1319.0453431|08|2|1|3|1|1|1|1
3451102|1|1|1|544.56537774|08|2|1|3|1|1|1|1
3451103|1|1|1|481.38818998|08|1|1|3|1|1|1|1
3451104|1|1|1|1763.805728|08|2|1|2|1|1|1|1
3451105|1|1|1|1186.3914692|08|1|1|1|1|1|1|1
3451106|1|1|1|1505.9011916|08|1|1|1|1|1|1|1
3451107|1|1|1|1872.9407378|08|1|1|1|1|1|1|1
3451108|1|1|1|1171.6052639|08|2|1|2|1|1|1|1
3451109|1|1|1|9714.199777|11|2|1|1|1|1|1|1
3451110|1|1|1|11637.102892|11|2|1|2|1|1|1|1
3451111|1|1|1|4896.6522567|11|2|1|2|1|1|1|1
3451112|1|1|1|7750.5960107|11|2|1|2|1|1|1|1
3451113|1|1|1|9056.2598914|11|1|1|3|1|1|1|1
3451114|1|1|1|9056.2598914|11|2|1|3|1|1|1|1
3451115|1|1|1|6473.8821154|11|2|1|3|1|1|1|1
3451116|1|1|1|7849.2083934|11|2|1|3|1|1|1|1
3451118|1|1|1|7758.4174971|11|1|1|3|1|1|1|1
3451120|1|1|1|10046.590259|11|2|1|2|1|1|1|1
3451121|1|1|1|5660.7159041|11|1|1|2|1|1|1|1
3451122|1|1|1|5911.7099257|11|1|1|2|1|1|1|1
3451123|1|1|1|4729.2028669|11|2|1|2|1|1|1|1
3451124|1|1|1|6468.7071635|11|2|1|2|1|1|1|1
3451125|1|1|1|4193.3024178|11|1|1|2|1|1|1|1
3451128|1|1|1|3837.8985723|11|2|1|4|1|1|1|1
3451129|1|1|1|6560.9956197|11|2|1|4|1|1|1|1
3451130|1|1|1|2870.3318467|11|2|1|4|1|1|1|1
3451131|1|1|1|5828.6854987|11|2|1|4|1|1|1|1
3451132|1|1|1|501.2662685|13|2|1|2|1|1|1|1
3451133|1|1|1|397.56128411|13|2|1|1|1|1|1|1
3451134|1|1|1|485.69482887|13|2|1|2|1|1|1|1
3451135|1|1|1|443.90359622|13|2|1|1|1|1|1|1
3451136|1|1|1|695.93171047|13|2|1|2|1|1|1|1
3451137|1|1|1|651.49961652|13|2|1|2|1|1|1|1
3451138|1|1|1|446.54508936|13|1|1|3|1|1|1|1
3451139|1|1|1|446.54508936|13|2|1|3|1|1|1|1
3451140|1|1|1|621.23361002|13|1|1|3|1|1|1|1
3451141|1|1|1|446.54508936|13|1|1|3|1|1|1|1
3451142|1|1|1|917.25693132|13|1|1|3|1|1|1|1
3451143|1|1|1|861.6077122|13|2|1|3|1|1|1|1
3451144|1|1|1|446.54508936|13|2|1|3|1|1|1|1
3451145|1|1|1|901.16445299|13|2|1|3|1|1|1|1
3451146|1|1|1|820.69169312|13|2|1|3|1|1|1|1
3451147|1|1|1|834.77049171|13|2|1|3|1|1|1|1
3451148|1|1|1|386.46476743|13|1|1|3|1|1|1|1
3451149|1|1|1|379.38271653|13|1|1|3|1|1|1|1
3451150|1|1|1|402.69838821|13|1|1|3|1|1|1|1
3451151|1|1|1|379.38271653|13|1|1|3|1|1|1|1
3451152|1|1|1|500.05464079|13|2|1|1|1|1|1|1
3451153|1|1|1|108.36746784|15|1|1|3|1|1|1|1
3451154|1|1|1|242.15056128|15|2|1|3|1|1|1|1
3451155|1|1|1|83.781065569|15|2|1|3|1|1|1|1
3451156|1|1|1|74.239086396|15|1|1|3|1|1|1|1
3451157|1|1|1|106.24357402|15|1|1|3|1|1|1|1
3451158|1|1|1|107.65649109|15|2|1|2|1|1|1|1
3451160|1|1|1|106.12565663|15|2|1|1|1|1|1|1
3451161|1|1|1|130.55689977|15|2|1|1|1|1|1|1
3451162|1|1|1|162.47803095|15|1|1|4|1|1|1|1
3451163|1|1|1|139.16977332|15|2|1|4|1|1|1|1
3451164|1|1|1|277.593091|17|2|1|2|1|1|1|1
3451165|1|1|1|248.52498432|17|2|1|2|1|1|1|1
3451166|1|1|1|319.19128495|17|2|1|2|1|1|1|1
3451167|1|1|1|248.52498432|17|2|1|3|1|1|1|1
3451168|1|1|1|248.52498432|17|2|1|3|1|1|1|1
3451169|1|1|1|799.36732843|17|2|1|3|1|1|1|1
3451170|1|1|1|954.90527949|17|2|1|3|1|1|1|1
3451171|1|1|1|856.11312264|17|1|1|3|1|1|1|1
3451172|1|1|1|455.4517747|17|2|1|3|1|1|1|1
3451173|1|1|1|405.40718035|17|2|1|3|1|1|1|1
3451174|1|1|1|248.52498432|17|1|1|3|1|1|1|1
3451175|1|1|1|248.52498432|17|2|1|3|1|1|1|1
3451176|1|1|1|386.5409247|17|2|1|3|1|1|1|1
3451177|1|1|1|386.5409247|17|1|1|3|1|1|1|1
3451178|1|1|1|315.42009043|17|1|1|3|1|1|1|1
3451179|1|1|1|364.36141976|17|2|1|3|1|1|1|1
3451180|1|1|1|375.46046997|17|1|1|3|1|1|1|1
3451181|1|1|1|499.91751376|17|1|1|3|1|1|1|1
3451182|1|1|1|222.0744728|17|1|1|3|1|1|1|1
3451183|1|1|1|386.5409247|17|1|1|3|1|1|1|1
3451184|1|1|1|386.5409247|17|2|1|3|1|1|1|1
3451185|1|1|1|198.81998746|17|1|1|3|1|1|1|1
3451186|1|1|1|795.27994983|17|2|1|3|1|1|1|1
3451187|1|1|1|255.35302796|17|2|1|3|1|1|1|1
3451188|1|1|1|375.44187449|17|1|1|3|1|1|1|1
3451189|1|1|1|347.24330073|17|1|1|3|1|1|1|1
3451190|1|1|1|189.47919552|17|1|1|3|1|1|1|1
3451191|1|1|1|189.47919552|17|1|1|3|1|1|1|1
3451192|1|1|1|719.12228166|17|1|1|3|1|1|1|1
3451193|1|1|1|359.89353102|17|1|1|3|1|1|1|1
3451194|1|1|1|189.47919552|17|1|1|3|1|1|1|1
3451195|1|1|1|95.218937919|18|2|1|1|1|1|1|1
3451196|1|1|1|122.12125174|18|1|1|1|1|1|1|1
3451197|1|1|1|119.49012212|18|2|1|1|1|1|1|1
3451198|1|1|1|152.8179265|18|1|1|1|1|1|1|1
3451199|1|1|1|204.76777362|18|1|1|1|2|2|2|1
3451200|1|1|1|130.66592723|18|1|1|1|1|1|1|1
3451201|1|1|1|148.1462757|18|1|1|1|1|1|1|1
3451202|1|1|1|116.80607989|18|1|1|1|2|1|1|1
3451203|1|1|1|112.17129566|18|2|1|2|1|1|1|1
3451204|1|1|1|141.20086599|18|1|1|2|1|1|1|1
3451205|1|1|1|78.23227329|18|1|1|1|1|1|1|1
3451206|1|1|1|83.803134237|18|2|1|1|1|1|1|1
3451207|1|1|1|116.49299838|18|1|1|1|1|1|1|1
3451208|1|1|1|69.356963377|18|2|1|1|1|1|1|1
3451209|1|1|1|165.31195458|18|2|1|1|1|1|1|1
3451210|1|1|1|147.32280427|18|2|1|1|1|1|1|1
3451211|1|1|1|75.114806517|18|2|1|1|1|1|1|1
3451212|1|1|1|115.87663331|18|1|1|1|1|1|1|1
3451213|1|1|1|130.24794909|18|2|1|1|1|1|1|1
3451214|1|1|1|298.8852195|19|1|1|2|2|1|1|1
3451215|1|1|1|276.74973053|19|1|1|2|1|1|1|1
3451216|1|1|1|148.53418757|19|1|1|3|2|1|1|1
3451217|1|1|1|99.752454165|19|1|1|3|1|1|1|1
3451218|1|1|1|113.5194651|19|2|1|5|1|1|1|1
3451219|1|1|1|355.62408801|19|2|1|5|1|1|1|1
3451220|1|1|1|229.61327594|19|1|1|4|1|1|1|1
3451221|1|1|1|216.86439916|19|1|1|4|2|1|1|1
3451222|1|1|1|115.32075626|19|1|1|4|1|1|2|1
3451223|1|1|1|307.65208118|19|1|1|4|1|1|1|1
3451224|1|1|1|115.32075626|19|1|1|4|1|1|1|1
3451225|1|1|1|190.14532751|19|1|1|4|1|1|1|1
3451226|1|1|1|120.05146638|19|1|1|4|1|1|1|1
3451227|1|1|1|198.43489543|19|1|1|4|1|1|1|1
3451228|1|1|1|289.55046418|19|1|1|4|2|1|1|1
3451229|1|1|1|328.16221992|19|1|1|2|1|1|1|1
3451230|1|1|1|422.10985225|19|1|1|1|1|1|1|1
3451231|1|1|1|316.99544548|19|1|1|2|2|1|1|1
3451232|1|1|1|207.5622979|19|1|1|2|1|1|1|1
3451233|1|1|1|351.94976748|19|1|1|1|1|1|1|1
3451234|1|1|1|504.6509665|19|1|1|1|1|1|1|1
3451235|1|1|1|240.49354813|19|1|1|1|1|1|1|1
3451236|1|1|1|383.10891602|19|2|1|1|1|1|1|1
3451237|1|1|1|232.09268094|19|1|1|1|1|1|1|1
3451238|1|1|1|228.1944775|19|1|1|1|1|1|1|1
3451239|1|1|1|189.54653699|19|1|1|1|1|1|1|1
3451240|1|1|1|157.48365101|19|1|1|1|1|1|1|1
3451241|1|1|1|357.00178996|19|1|1|3|1|1|1|1
3451242|1|1|1|246.12601408|19|1|1|3|2|1|1|1
3451243|1|1|1|576.8318923|19|2|1|3|1|1|1|1
3451244|1|1|1|511.43739516|19|1|1|3|1|1|1|1
3451245|1|1|1|246.12601408|19|1|1|4|2|1|1|1
3451246|1|1|1|246.12601408|19|1|1|3|1|1|1|1
3451247|1|1|1|330.65485294|20|1|1|2|1|1|1|1
3451248|1|1|1|166.3388487|20|1|1|2|1|1|1|1
3451249|1|1|1|333.59507158|20|1|1|2|1|1|1|1
3451250|1|1|1|501.73758986|20|1|1|2|1|1|1|1
3451251|1|1|1|715.59668666|20|2|1|2|1|1|1|1
3451252|1|1|1|330.88596601|20|1|1|2|1|1|1|1
3451253|1|1|1|322.5986874|20|1|1|2|1|1|1|1
3451254|1|1|1|402.40494205|20|1|1|3|1|1|1|1
3451255|1|1|1|404.96465661|20|1|1|3|1|1|1|1
3451256|1|1|1|501.09079685|20|2|1|1|1|1|1|1
3451257|1|1|1|238.96560457|23|2|1|1|1|1|1|1
3451258|1|1|1|447.00107316|23|2|1|1|1|1|1|1
3451259|1|1|1|620.18565457|23|1|1|1|1|1|1|1
3451260|1|1|1|443.42548583|23|2|1|1|1|1|1|1
3451261|1|1|1|286.56001975|23|2|1|1|1|1|1|1
3451262|1|1|1|317.8674298|23|2|1|1|1|1|1|1
3451263|1|1|1|196.56199393|23|1|1|1|1|1|1|1
3451264|1|1|1|123.96040791|23|1|1|1|1|1|1|1
3451266|1|1|1|500.58592772|23|1|1|1|1|1|1|1
3451267|1|1|1|324.7969638|23|2|1|1|1|1|1|1
3451268|1|1|1|233.3656722|27|5|1|1|2|2|1|2
3451269|1|1|1|117.18569705|27|1|1|1|2|2|1|1
3451270|1|1|1|108.61631909|27|1|1|1|2|2|1|1
3451271|1|1|1|152.8906219|27|1|1|1|2|2|1|2
3451272|1|1|1|80.082951649|27|1|1|1|2|2|1|2
3451273|1|1|1|78.907284197|27|1|1|1|2|2|1|2
3451275|1|1|1|121.41919576|27|2|1|1|2|2|1|1
3451276|1|1|1|76.858502196|27|1|1|1|2|2|1|2
3451277|1|1|1|574.77340378|41|1|1|1|2|1|1|1
3451278|1|1|1|173.86221644|41|1|1|2|1|1|1|1
3451279|1|1|1|98.273966053|41|1|1|1|1|1|1|1
3451280|1|1|1|572.78514191|41|1|1|2|1|1|1|1
3451281|1|1|1|127.76535154|44|1|1|3|1|1|1|1
3451282|1|1|1|121.47991993|44|1|1|3|1|1|1|1
3451283|1|1|1|137.8651112|44|2|1|3|1|1|1|1
3451284|1|1|1|186.11742318|44|1|1|3|1|1|1|1
3451285|1|1|1|170.1083576|44|1|1|3|1|1|1|1
3451286|1|1|1|154.64396145|44|2|1|1|1|1|1|1
3451287|1|1|1|71.532075413|44|1|1|1|1|1|1|1
3451288|1|1|1|106.77767431|44|2|1|2|1|1|1|1
3451289|1|1|1|110.43629084|44|1|1|1|1|2|1|1
3451290|1|1|1|154.64396145|44|1|1|1|2|2|1|1
3451291|1|1|1|210.02575522|44|1|1|0|1|2|1|2
3451293|1|1|1|349.69551274|47|1|1|4|1|1|1|1
3451295|1|1|1|244.52520211|47|1|1|4|1|1|1|1
3451297|1|1|1|367.34475359|47|1|1|4|1|1|1|1
3451303|1|1|1|282.88108153|47|2|1|3|1|1|1|1
3451305|1|1|1|158.78555475|47|1|1|3|1|1|1|1
3451306|1|1|1|455.29072536|47|1|1|3|1|1|1|1
3451307|1|1|1|282.70822614|47|2|1|3|1|1|1|1
3451308|1|1|1|153.61139151|47|2|1|3|1|1|1|1
3451309|1|1|1|153.61139151|47|2|1|3|1|1|1|1
3451312|1|1|1|248.14287484|47|2|1|2|1|1|1|1
3451313|1|1|1|519.27626875|47|1|1|2|1|1|1|1
3451314|1|1|1|153.61139151|47|2|1|2|1|1|1|1
3451316|1|1|1|379.20116562|47|2|1|2|1|1|1|1
3451317|1|1|1|285.0379364|47|2|1|2|1|1|1|1
3451321|1|1|1|269.25156406|47|2|1|1|1|1|1|1
3451322|1|1|1|281.15994127|47|2|1|1|1|2|1|1
3451323|1|1|1|447.51862216|50|2|1|4|1|1|1|1
3451324|1|1|1|413.47786343|50|2|1|4|1|1|1|1
3451325|1|1|1|324.82763204|50|2|1|4|1|1|1|1
3451326|1|1|1|472.72376493|50|2|1|4|1|1|1|1
3451327|1|1|1|318.95434306|50|2|1|4|1|1|1|1
3451328|1|1|1|318.95434306|50|1|1|4|1|1|1|1
3451329|1|1|1|372.06742694|50|2|1|4|1|1|1|1
3451330|1|1|1|448.52954493|50|1|1|4|1|1|1|1
3451331|1|1|1|459.94415625|50|1|1|3|1|1|1|1
3451332|1|1|1|555.63277028|50|2|1|4|1|1|1|1
3451333|1|1|1|459.36438559|50|2|1|4|1|1|1|1
3451334|1|1|1|613.65559487|50|2|1|4|1|1|1|1
3451335|1|1|1|581.45324545|50|2|1|4|1|1|1|1
3451336|1|1|1|334.04490545|50|1|1|3|1|1|1|1
3451337|1|1|1|536.99870116|50|1|1|3|1|1|1|1
3451338|1|1|1|425.80706954|50|1|1|3|1|1|1|1
3451339|1|1|1|528.3328255|50|1|1|3|1|1|1|1
3451340|1|1|1|528.3328255|50|1|1|3|1|1|1|1
3451341|1|1|1|647.72755614|50|1|1|1|1|1|1|1
3451342|1|1|1|409.51234231|50|1|1|1|1|1|1|1
3451343|1|1|1|696.14007891|50|2|1|1|1|1|1|1
3451344|1|1|1|434.4704866|50|2|1|1|1|1|1|1
3451345|1|1|1|246.70569473|50|1|1|1|1|1|1|1
3451346|1|1|1|451.56187045|50|2|1|2|1|1|1|1
3451347|1|1|1|383.09164699|50|1|1|3|1|1|1|1
3451348|1|1|1|432.71199688|50|1|1|3|1|1|1|1
3451349|1|1|1|460.77843319|50|1|1|3|1|1|1|1
3451350|1|1|1|271.05816944|50|1|1|3|1|1|1|1
3451351|1|1|1|390.22878309|50|1|1|3|1|1|1|1
3451352|1|1|1|271.05816944|50|1|1|3|1|1|1|1
3451353|1|1|1|271.05816944|50|1|1|3|1|1|1|1
3451354|1|1|1|250.72184223|50|2|1|3|1|1|1|1
3451355|1|1|1|250.72184223|50|2|1|3|1|1|1|1
3451356|1|1|1|311.10392251|50|2|1|3|1|1|1|1
3451358|1|1|1|518.55332409|50|1|1|3|1|1|1|1
3451359|1|1|1|600.95905708|50|1|1|2|1|1|1|1
3451360|1|1|1|620.21679515|50|1|1|2|1|1|1|1
3451361|1|1|1|500.31802985|52|1|1|4|2|1|1|1
3451362|1|1|1|195.9681865|52|1|1|4|1|1|1|1
3451363|1|1|1|230.47317516|52|1|1|4|1|1|1|1
3451364|1|1|1|181.52736323|52|1|1|4|2|1|1|1
3451365|1|1|1|200.52121729|52|1|1|2|1|1|1|1
3451366|1|1|1|376.82914798|52|4|1|2|1|1|1|1
3451367|1|1|1|266.99268796|52|1|1|2|1|1|1|1
3451368|1|1|1|348.39475809|52|1|1|2|1|1|1|1
3451369|1|1|1|178.86976095|52|1|1|2|2|1|1|1
3451370|1|1|1|459.15182338|52|2|1|2|1|1|1|1
3451371|1|1|1|523.59508902|52|2|1|2|2|1|1|1
3451372|1|1|1|366.95054041|52|2|1|2|2|1|1|1
3451373|1|1|1|192.84800872|52|4|1|2|2|1|1|1
3451374|1|1|1|413.16936493|52|2|1|2|2|1|1|1
3451375|1|1|1|117.06379844|52|2|1|2|2|1|1|1
3451376|1|1|1|160.11436272|52|2|1|2|2|1|1|1
3451377|1|1|1|175.57092536|52|2|1|2|2|1|1|1
3451378|1|1|1|246.10507178|52|4|1|2|2|1|1|1
3451379|1|1|1|380.34099599|52|2|1|4|2|1|1|1
3451380|1|1|1|422.08224695|52|2|1|4|2|1|1|1
3451381|1|1|1|132.2116207|52|2|1|5|2|1|1|1
3451382|1|1|1|465.83850272|52|2|1|5|2|1|1|1
3451383|1|1|1|225.56805791|52|2|1|5|2|1|1|1
3451384|1|1|1|117.27514725|52|1|1|4|2|1|1|1
3451385|1|1|1|252.81238404|52|1|1|4|2|1|1|1
3451386|1|1|1|305.57344576|52|1|1|4|2|1|1|1
3451388|1|1|1|254.06955279|52|2|1|4|2|1|1|1
3451389|1|1|1|490.75138542|52|2|1|4|2|1|1|1
3451390|1|1|1|136.64758544|52|2|1|2|2|1|1|1
3451391|1|1|1|120.51895449|52|1|1|2|1|1|1|1
3451392|1|1|1|96.426232185|52|2|1|2|2|1|1|1
3451393|1|1|1|280.84158314|52|2|1|2|2|1|1|1
3451394|1|1|1|313.83416849|52|2|1|2|1|1|1|1
3451395|1|1|1|398.57091|52|4|1|2|2|1|1|1
3451396|1|1|1|661.10491038|52|1|1|2|1|1|1|1
3451397|1|1|1|328.43110655|52|2|1|1|2|1|1|1
3451398|1|1|1|210.32926749|52|1|1|1|1|1|1|1
3451399|1|1|1|417.10909186|52|4|1|1|2|1|1|1
3451400|1|1|1|249.28951397|52|4|1|1|2|1|1|1
3451401|1|1|1|452.96888821|52|4|1|1|2|1|1|1
3451402|1|1|1|258.8259067|52|1|1|1|2|1|1|1
3451403|1|1|1|386.01611258|54|1|1|3|2|1|1|1
3451404|1|1|1|616.64517586|54|2|1|3|2|1|1|1
3451405|1|1|1|752.45496313|54|2|1|3|2|1|1|1
3451406|1|1|1|670.69995552|54|2|1|3|1|1|1|1
3451407|1|1|1|517.60664906|54|1|1|3|1|1|1|1
3451408|1|1|1|539.25329615|54|1|1|3|1|1|1|1
3451409|1|1|1|1052.1146612|54|1|1|2|1|1|1|1
3451410|1|1|1|1052.1146612|54|1|1|2|1|1|1|1
3451411|1|1|1|656.02546856|54|1|1|2|1|1|1|1
3451412|1|1|1|801.80299633|54|1|1|2|1|1|1|1
3451413|1|1|1|820.60284197|54|1|1|2|1|1|1|1
3451414|1|1|1|782.02132884|54|1|1|2|1|1|1|1
3451415|1|1|1|572.71642595|54|1|1|2|1|1|1|1
3451416|1|1|1|1278.2463502|54|1|1|2|1|1|1|1
3451417|1|1|1|939.38814691|54|1|1|2|1|1|1|1
3451418|1|1|1|1187.7869868|54|2|1|2|1|1|1|1
3451419|1|1|1|1138.4816469|54|2|1|1|1|1|1|1
3451420|1|1|1|923.02848301|54|1|1|1|1|1|1|1
3451421|1|1|1|875.60680664|54|1|1|2|1|1|1|1
3451422|1|1|1|201.30227437|63|2|1|3|1|1|1|1
3451423|1|1|1|159.44102206|63|2|1|3|1|1|1|1
3451424|1|1|1|158.51676658|63|1|1|2|1|1|1|1
3451425|1|1|1|158.51676658|63|2|1|2|1|1|1|1
3451426|1|1|1|240.31098322|63|1|1|2|1|1|1|1
3451427|1|1|1|286.53237083|63|1|1|2|1|1|1|1
3451428|1|1|1|185.75340131|63|1|1|2|1|1|1|1
3451429|1|1|1|288.70441222|63|1|1|2|1|1|1|1
3451430|1|1|1|288.70441222|63|1|1|2|1|1|1|1
3451431|1|1|1|185.75340131|63|1|1|2|1|1|1|1
3451432|1|1|1|279.1770082|63|1|1|2|1|1|1|1
3451433|1|1|1|288.41260874|63|2|1|2|1|1|1|1
3451434|1|1|1|225.4483023|63|1|1|2|1|1|1|1
3451435|1|1|1|366.60877743|63|2|1|4|1|1|1|1
3451436|1|1|1|485.18946612|63|2|1|4|1|1|1|1
3451437|1|1|1|176.12974065|63|2|1|4|1|1|1|1
3451439|1|1|1|277.59820804|63|2|1|5|1|1|1|1
3451440|1|1|1|170.31217206|63|2|1|3|1|1|1|1
3451441|1|1|1|397.00954007|63|2|1|3|1|1|1|1
3451442|1|1|1|355.95560036|63|1|1|2|1|1|1|1
3451443|1|1|1|623.51658586|63|1|1|2|1|1|1|1
3451444|1|1|1|254.44399325|63|1|1|2|1|1|1|1
3451445|1|1|1|227.70455678|63|1|1|2|1|1|1|1
3451446|1|1|1|144.47335526|63|1|1|2|1|1|1|1
3451447|1|1|1|457.76859457|63|1|1|2|1|1|1|1
3451448|1|1|1|623.51658586|63|1|1|2|1|1|1|1
3451449|1|1|1|144.47335526|63|1|1|2|1|1|1|1
3451450|1|1|1|200.18189419|66|2|1|4|1|1|1|1
3451451|1|1|1|293.59554097|66|2|1|4|1|1|1|1
3451452|1|1|1|597.59268446|66|2|1|4|1|1|1|1
3451453|1|1|1|620.18754319|66|2|1|2|1|1|1|1
3451454|1|1|1|565.73112399|66|2|1|2|1|1|1|1
3451455|1|1|1|447.17755026|66|2|1|2|1|1|1|1
3451456|1|1|1|330.00111194|66|2|1|2|1|1|1|1
3451457|1|1|1|352.31464916|66|2|1|2|1|1|1|1
3451458|1|1|1|511.61383256|66|2|1|3|1|1|1|1
3451459|1|1|1|360.32740954|66|2|1|3|1|1|1|1
3451460|1|1|1|807.84998475|66|1|1|4|1|1|1|1
3451461|1|1|1|511.61383256|66|2|1|2|1|1|1|1
3451462|1|1|1|1399.4905696|66|2|1|2|1|1|1|1
3451463|1|1|1|229.94083194|66|2|1|1|1|1|1|1
3451464|1|1|1|229.94083194|66|2|1|1|1|1|1|1
3451465|1|1|1|618.15632029|66|2|1|1|1|1|1|1
3451466|1|1|1|441.59567417|66|1|1|3|1|1|1|1
3451467|1|1|1|442.71454448|66|1|1|3|1|1|1|1
3451468|1|1|1|825.18402897|66|2|1|2|1|1|1|1
3451469|1|1|1|465.37943265|66|2|1|2|1|1|1|1
3451470|1|1|1|352.40443548|66|2|1|2|1|1|1|1
3451471|1|1|1|820.84002693|66|2|1|2|1|1|1|1
3451472|1|1|1|1038.6394605|66|2|1|2|1|1|1|1
3451473|1|1|1|479.1686777|68|1|1|3|1|1|1|1
3451474|1|1|1|857.50430593|68|1|1|4|1|1|1|1
3451475|1|1|1|798.89367924|68|2|1|4|1|1|1|1
3451476|1|1|1|294.96688576|68|2|1|4|1|1|1|1
3451477|1|1|1|603.26009591|68|2|1|4|1|1|1|1
3451478|1|1|1|905.81275303|68|2|1|3|1|1|1|1
3451479|1|1|1|855.77673622|68|1|1|4|1|1|1|1
3451480|1|1|1|798.89367924|68|2|1|4|1|1|1|1
3451481|1|1|1|664.45720429|68|1|1|4|1|1|1|1
3451482|1|1|1|1653.2217532|68|2|1|5|1|1|1|1
3451483|1|1|1|1855.5675419|68|2|1|5|1|1|1|1
3451484|1|1|1|486.75812333|68|1|1|5|1|1|1|1
3451485|1|1|1|721.51617464|68|2|1|5|1|1|1|1
3451486|1|1|1|816.97420384|68|1|1|5|1|1|1|1
3451487|1|1|1|1421.0550565|68|2|1|5|1|1|1|1
3451488|1|1|1|721.51617464|68|2|1|5|1|1|1|1
3451490|1|1|1|1534.1494517|68|2|1|1|1|1|1|1
3451491|1|1|1|1180.5711343|68|1|1|5|1|1|1|1
3451492|1|1|1|2094.5900722|68|2|1|3|1|1|1|1
3451493|1|1|1|1368.8689301|68|2|1|3|1|1|1|1
3451494|1|1|1|1368.8689301|68|2|1|3|1|1|1|1
3451495|1|1|1|1368.8689301|68|2|1|3|1|1|1|1
3451496|1|1|1|1006.2564671|68|2|1|1|1|1|1|1
3451497|1|1|1|846.18236794|68|2|1|1|1|1|1|1
3451498|1|1|1|596.33566857|68|2|1|3|1|1|1|1
3451499|1|1|1|498.73470011|68|2|1|1|1|1|1|1
3451500|1|1|1|146.81650892|70|1|1|2|1|1|1|1
3451501|1|1|1|120.09069376|70|1|1|2|1|1|1|1
3451502|1|1|1|241.27392199|70|2|1|2|1|1|1|1
3451503|1|1|1|156.10632048|70|1|1|2|1|1|1|1
3451504|1|1|1|196.84346187|70|1|1|2|1|1|1|1
3451505|1|1|1|110.69415658|70|2|1|2|1|1|1|1
3451506|1|1|1|229.79960791|70|2|1|2|1|1|1|1
3451507|1|1|1|206.38795444|70|2|1|2|1|1|1|1
3451508|1|1|1|110.29244312|70|1|1|4|1|1|1|1
3451509|1|1|1|110.29244312|70|1|1|4|1|1|1|1
3451510|1|1|1|64.164306367|70|1|1|3|1|1|1|1
3451511|1|1|1|181.19265479|70|2|1|4|1|1|1|1
3451512|1|1|1|228.54813886|70|1|1|2|1|1|1|1
3451513|1|1|1|201.01655893|70|1|1|2|1|1|1|1
3451514|1|1|1|200.45333619|70|1|1|2|1|1|1|1
3451515|1|1|1|153.78052816|70|1|1|2|1|1|1|1
3451516|1|1|1|138.75956224|70|1|1|2|1|1|1|1
3451517|1|1|1|207.47479388|70|1|1|2|1|1|1|1
3451518|1|1|1|135.91798296|70|1|1|2|1|1|1|1
3451519|1|1|1|172.35853351|70|1|1|2|1|1|1|1
3451520|1|1|1|210.52697679|70|1|1|2|1|1|1|1
3451521|1|1|1|154.34375091|70|1|1|2|1|1|1|1
3451522|1|1|1|239.51629254|70|1|1|2|1|1|1|1
3451523|1|1|1|267.71816886|70|1|1|2|1|1|1|1
3451524|1|1|1|363.4803409|73|2|1|2|1|1|1|1
3451525|1|1|1|275.36757439|73|2|1|2|1|1|1|1
3451526|1|1|1|318.31757546|73|2|1|2|1|1|1|1
3451527|1|1|1|554.08930408|73|1|1|2|1|1|1|1
3451528|1|1|1|469.05515804|73|1|1|2|1|1|1|1
3451529|1|1|1|482.25091045|73|2|1|2|1|1|1|1
3451530|1|1|1|295.43020047|73|2|1|1|1|1|1|1
3451531|1|1|1|341.40514718|73|2|1|1|1|1|1|1
3451532|1|1|1|412.75155181|73|2|1|4|1|1|1|1
3451533|1|1|1|251.9628357|73|2|1|4|1|1|1|1
3451534|1|1|1|331.53704856|73|2|1|4|1|1|1|1
3451535|1|1|1|438.6230335|73|1|1|2|1|1|1|1
3451536|1|1|1|391.41329849|73|1|1|2|1|1|1|1
3451537|1|1|1|768.76882687|76|2|1|3|1|1|1|1
3451538|1|1|1|2179.7932946|76|2|1|3|1|1|1|1
3451539|1|1|1|2554.8803032|76|2|1|3|1|1|1|1
3451540|1|1|1|875.16094131|76|1|1|3|1|1|1|1
3451542|1|1|1|1153.1532403|76|1|1|3|1|1|1|1
3451543|1|1|1|1153.1532403|76|2|1|3|1|1|1|1
3451544|1|1|1|1153.1532403|76|2|1|3|1|1|1|1
3451545|1|1|1|906.04897453|76|2|1|3|1|1|1|1
3451546|1|1|1|4826.4482622|76|2|1|3|1|1|1|1
3451547|1|1|1|1825.380617|76|2|1|3|1|1|1|1
3451548|1|1|1|1235.5213289|76|2|1|3|1|1|1|1
3451549|1|1|1|1235.5213289|76|2|1|3|1|1|1|1
3451551|1|1|1|1460.3044936|76|2|1|2|2|1|1|1
3451552|1|1|1|988.41706312|76|2|1|1|2|1|1|1
3451553|1|1|1|2731.7188317|76|2|1|2|1|1|1|1
3451554|1|1|1|947.23301883|76|1|1|2|1|1|1|1
3451555|1|1|1|947.23301883|76|1|1|2|1|1|1|1
3451556|1|1|1|41.732736109|88|1|1|4|2|1|1|1
3451557|1|1|1|29.118749066|88|1|1|3|2|1|1|2
3451558|1|1|1|40.85916111|88|2|1|3|2|1|1|2
3451559|1|1|1|26.367397096|88|1|1|3|2|2|1|2
3451560|1|1|1|29.118749066|88|2|1|3|2|1|1|2
3451561|1|1|1|18.880022121|88|1|1|4|2|1|1|2
3451562|1|1|1|18.880022121|88|1|1|3|2|1|1|2
3451563|1|1|1|22.775762213|88|1|1|3|2|1|1|2
3451564|1|1|1|35.47244957|88|1|1|3|2|1|1|2
3451565|1|1|1|29.466513963|88|1|1|3|2|2|1|2
3451566|1|1|1|40.85916111|88|1|1|3|2|1|1|2
3451567|1|1|1|26.367397096|88|2|1|3|2|2|1|2
3451569|1|1|1|2807.5514849|05|2|1|3|1|1|1|1
3451570|1|1|1|1957.8515998|05|2|1|2|1|1|1|1
3451571|1|1|1|1746.6079927|05|1|1|2|1|1|1|1
3451574|1|1|1|3706.7633014|05|2|1|4|1|1|1|1
3451575|1|1|1|1794.392629|05|2|1|2|2|1|1|1
3451577|1|1|1|4913.0555467|05|2|1|2|1|1|1|1
3451582|1|1|1|4990.9469816|05|2|1|3|1|1|1|1
3451583|1|1|1|2807.0053671|05|2|1|4|1|1|1|1
3451584|1|1|1|3188.9472843|05|2|1|4|1|1|1|1
3451586|1|1|1|1158.0511304|08|2|1|4|1|1|1|1
3451587|1|1|1|1130.4618106|08|2|1|4|1|1|1|1
3451588|1|1|1|1442.7281071|08|2|1|4|1|1|1|1
3451589|1|1|1|1043.7271516|08|2|1|4|1|1|1|1
3451590|1|1|1|1203.3809208|08|2|1|4|1|1|1|1
3451591|1|1|1|852.85574155|08|2|1|4|1|1|1|1
3451592|1|1|1|993.47293663|08|2|1|4|1|1|1|1
3451593|1|1|1|1926.531272|08|2|1|4|1|1|1|1
3451594|1|1|1|1570.9294743|08|2|1|4|1|1|1|1
3451595|1|1|1|1064.3793477|08|2|1|2|1|1|1|1
3451596|1|1|1|1224.967743|08|2|1|2|1|1|1|1
3451597|1|1|1|2153.8795683|08|2|1|2|1|1|1|1
3451598|1|1|1|2960.1944593|08|1|1|2|1|1|1|1
3451609|1|1|1|1106.9890897|13|2|1|3|1|1|1|1
3451620|1|1|1|659.57882356|13|1|1|1|1|1|1|1
3451621|1|1|1|177.55974886|15|1|1|1|1|1|1|1
3451622|1|1|1|160.01788167|15|2|1|1|1|1|1|1
3451623|1|1|1|226.50758098|15|1|1|3|1|1|1|1
3451624|1|1|1|138.8313777|15|2|1|3|1|1|1|1
3451625|1|1|1|227.48324596|15|1|1|1|1|1|1|1
3451626|1|1|1|175.25743224|15|1|1|1|1|1|1|1
3451627|1|1|1|270.61698391|15|1|1|1|2|1|1|1
3451628|1|1|1|175.90479665|15|1|1|1|1|1|1|1
3451629|1|1|1|174.88863351|15|1|1|1|1|1|1|1
3451630|1|1|1|195.79738458|15|1|1|1|1|1|1|1
3451631|1|1|1|243.15609003|15|1|1|1|1|1|1|1
3451632|1|1|1|181.51192215|15|2|1|1|1|1|1|1
3451633|1|1|1|86.66093193|15|2|1|1|1|1|1|1
3451634|1|1|1|125.21622475|15|2|1|1|1|1|1|1
3451635|1|1|1|143.560174|15|2|1|1|1|1|1|1
3451636|1|1|1|80.223762995|15|2|1|1|1|1|1|1
3451637|1|1|1|99.394178118|15|2|1|1|1|1|1|1
3451638|1|1|1|147.43449585|15|2|1|1|1|1|1|1
3451639|1|1|1|171.56267272|15|2|1|1|1|1|1|1
3451640|1|1|1|118.56028257|15|2|1|3|1|1|1|1
3451641|1|1|1|243.38538063|15|2|1|2|2|1|1|1
3451642|1|1|1|225.68826537|15|2|1|2|2|1|1|1
3451643|1|1|1|220.27205765|15|2|1|2|1|1|1|1
3451644|1|1|1|156.77305581|15|2|1|1|1|1|1|1
3451645|1|1|1|150.98781067|15|2|1|1|1|1|1|1
3451646|1|1|1|135.13859562|15|2|1|1|1|1|1|1
3451647|1|1|1|167.0764491|15|1|1|4|1|1|1|1
3451648|1|1|1|177.43093463|15|1|1|4|1|1|1|1
3451649|1|1|1|119.74474824|15|2|1|3|1|1|1|1
3451650|1|1|1|129.83532529|15|2|1|3|1|1|1|1
3451651|1|1|1|253.63713211|17|2|1|1|2|1|1|1
3451652|1|1|1|415.79335004|17|2|1|1|1|1|1|1
3451653|1|1|1|649.99742155|17|2|1|4|1|1|1|1
3451654|1|1|1|401.03505105|17|2|1|4|1|1|1|1
3451655|1|1|1|848.20185665|17|2|1|4|1|1|1|1
3451656|1|1|1|649.99742155|17|2|1|4|1|1|1|1
3451657|1|1|1|649.99742155|17|2|1|4|1|1|1|1
3451658|1|1|1|651.10191826|17|2|1|4|1|1|1|1
3451659|1|1|1|506.88025779|17|1|1|3|1|1|1|1
3451660|1|1|1|723.8048408|17|2|1|1|1|1|1|1
3451661|1|1|1|1677.7733966|17|2|1|3|1|1|1|1
3451662|1|1|1|283.51175587|17|2|1|3|1|1|1|1
3451663|1|1|1|623.64899824|17|2|1|3|1|1|1|1
3451664|1|1|1|80.392152568|18|2|1|2|1|1|1|1
3451665|1|1|1|70.334648127|18|1|1|3|1|1|1|1
3451667|1|1|1|51.867698076|18|1|1|2|1|1|1|1
3451668|1|1|1|87.918310159|18|1|1|2|1|1|1|1
3451669|1|1|1|217.99979774|18|1|1|2|1|1|1|1
3451670|1|1|1|164.58672781|18|2|1|2|1|2|1|1
3451671|1|1|1|132.83200543|18|1|1|2|1|2|1|1
3451672|1|1|1|47.71828223|18|1|1|1|1|1|1|1
3451674|1|1|1|106.93025211|18|1|1|2|1|1|1|1
3451676|1|1|1|120.58822885|18|2|1|2|1|1|1|1
3451677|1|1|1|67.428007498|18|2|1|2|1|1|1|1
3451678|1|1|1|90.22129384|18|2|1|2|1|1|1|1
3451679|1|1|1|127.19494519|18|1|1|2|1|1|1|1
3451680|1|1|1|177.81464071|18|1|1|2|1|1|1|1
3451681|1|1|1|132.76394042|18|2|1|2|1|2|1|1
3451682|1|1|1|83.484158436|18|1|1|2|1|2|1|1
3451684|1|1|1|246.07083912|19|2|1|3|1|1|1|1
3451685|1|1|1|192.2879535|19|1|1|5|1|1|1|1
3451686|1|1|1|296.47065865|19|1|1|2|1|1|1|1
3451687|1|1|1|268.65899885|19|2|1|4|1|1|1|1
3451688|1|1|1|199.92470299|19|1|1|4|1|1|1|1
3451689|1|1|1|237.17652692|19|1|1|1|1|1|1|1
3451690|1|1|1|214.92719908|19|1|1|1|1|1|1|1
3451691|1|1|1|375.48489031|19|1|1|3|1|1|1|1
3451692|1|1|1|304.06084342|20|2|1|2|1|1|1|1
3451693|1|1|1|385.01352175|20|2|1|3|1|1|1|1
3451694|1|1|1|330.72454603|20|1|1|2|1|1|1|1
3451695|1|1|1|466.0439049|20|1|1|2|1|1|1|1
3451696|1|1|1|172.65668246|27|2|1|1|2|1|1|1
3451697|1|1|1|160.96584249|27|2|1|1|2|1|1|1
3451698|1|1|1|127.01713687|27|2|1|1|2|2|1|1
3451707|1|1|1|87.788339906|44|2|1|2|1|1|1|1
3451708|1|1|1|85.978478808|44|2|1|2|1|1|1|1
3451709|1|1|1|96.2295363|44|2|1|2|1|1|1|1
3451710|1|1|1|76.98362904|44|1|1|2|1|1|1|1
3451711|1|1|1|114.80740048|44|2|1|2|1|1|1|1
3451712|1|1|1|123.01370706|44|2|1|2|1|1|1|1
3451713|1|1|1|98.261118638|44|1|1|2|1|1|1|1
3451714|1|1|1|91.480754072|44|2|1|2|1|1|1|1
3451715|1|1|1|84.959084814|44|2|1|2|1|1|1|1
3451716|1|1|1|68.555905101|44|2|1|2|1|1|1|1
3451717|1|1|1|43.593843611|44|2|1|2|1|1|1|1
3451718|1|1|1|89.74081168|44|1|1|2|1|1|1|1
3451719|1|1|1|100.32953132|44|2|1|2|1|1|1|1
3451721|1|1|1|76.233961727|44|2|1|2|1|1|1|1
3451722|1|1|1|144.7817418|44|1|1|0|2|2|2|2
3451723|1|1|1|166.24275826|50|1|1|4|1|1|1|1
3451724|1|1|1|685.48805579|50|2|1|2|1|1|1|1
3451725|1|1|1|441.93344205|50|4|1|2|1|1|1|1
3451726|1|1|1|685.48805579|50|2|1|2|1|1|1|1
3451727|1|1|1|626.77725319|50|4|1|2|1|1|1|1
3451728|1|1|1|255.67715353|50|4|1|2|1|1|1|1
3451729|1|1|1|337.54798907|50|1|1|3|1|1|1|1
3451730|1|1|1|421.75727142|50|2|1|5|1|1|1|1
3451731|1|1|1|334.86857252|50|2|1|5|1|1|1|1
3451732|1|1|1|343.72601049|50|2|1|3|1|1|1|1
3451733|1|1|1|862.54569978|50|2|1|2|1|1|1|1
3451734|1|1|1|639.78885207|50|1|1|2|1|1|1|1
3451735|1|1|1|678.83113432|50|1|1|9|2|2|1|2
3451736|1|1|1|311.42877311|50|1|1|1|2|2|1|2
3451737|1|1|1|775.12297821|50|1|1|1|2|2|1|2
3451738|1|1|1|203.40641087|52|2|1|4|1|1|1|1
3451739|1|1|1|240.44861469|52|2|1|4|2|1|1|1
3451740|1|1|1|178.05701876|52|1|1|3|1|1|1|1
3451741|1|1|1|243.40083313|52|2|1|3|1|1|1|1
3451742|1|1|1|238.15992565|52|3|1|3|2|1|1|1
3451743|1|1|1|244.08769304|52|2|1|4|2|1|1|1
3451744|1|1|1|193.55404464|52|2|1|2|2|1|1|1
3451745|1|1|1|465.28383483|52|2|1|2|2|1|1|1
3451746|1|1|1|227.50951255|52|2|1|3|2|1|1|1
3451747|1|1|1|348.53223355|52|1|1|3|1|1|1|1
3451748|1|1|1|817.4946733|54|2|1|2|2|1|1|1
3451749|1|1|1|481.72291923|54|2|1|3|1|1|1|1
3451750|1|1|1|870.23626512|54|1|1|3|2|1|1|1
3451751|1|1|1|175.20112823|63|2|1|1|1|1|1|1
3451752|1|1|1|381.16219487|63|2|1|1|1|1|1|1
3451753|1|1|1|248.83022089|63|2|1|1|1|1|1|1
3451754|1|1|1|132.7654355|63|2|1|3|1|1|1|1
3451755|1|1|1|166.27451056|63|2|1|3|1|1|1|1
3451756|1|1|1|276.92003936|63|2|1|3|1|1|1|1
3451757|1|1|1|182.90196162|63|1|1|3|1|1|1|1
3451758|1|1|1|771.27920622|63|1|1|3|2|1|1|1
3451759|1|1|1|285.46998604|63|2|1|2|1|1|1|1
3451760|1|1|1|300.97499092|63|2|1|2|1|1|1|1
3451761|1|1|1|300.97499092|63|1|1|2|1|1|1|1
3451762|1|1|1|399.56211247|63|1|1|3|1|1|1|1
3451763|1|1|1|219.7619442|63|1|1|3|1|1|1|1
3451764|1|1|1|183.17103002|63|1|1|1|1|1|1|1
3451765|1|1|1|268.35804595|63|1|1|1|1|1|1|1
3451766|1|1|1|215.65046708|63|2|1|3|1|1|1|1
3451767|1|1|1|227.44592826|63|2|1|2|1|1|1|1
3451768|1|1|1|405.86713526|63|1|1|5|1|1|1|1
3451769|1|1|1|466.69806669|66|2|1|5|1|1|1|1
3451770|1|1|1|380.47857332|66|2|1|1|1|1|1|1
3451771|1|1|1|517.47659024|66|1|1|1|1|1|1|1
3451772|1|1|1|311.09267904|66|2|1|5|1|1|1|1
3451773|1|1|1|311.09267904|66|2|1|5|1|1|1|1
3451776|1|1|1|425.32003231|66|1|1|2|1|1|1|1
3451777|1|1|1|508.56156438|66|2|1|2|1|1|1|1
3451778|1|1|1|609.23110267|66|2|1|2|1|1|1|1
3451779|1|1|1|469.90870468|66|2|1|2|1|1|1|1
3451780|1|1|1|647.17760692|66|1|1|0|2|1|1|1
3451781|1|1|1|466.63901856|66|1|1|0|2|1|1|1
3451782|1|1|1|466.63901856|66|1|1|0|2|1|2|1
3451783|1|1|1|700.53400007|66|2|1|3|1|1|1|1
3451784|1|1|1|871.04600328|66|2|1|3|1|1|1|1
3451785|1|1|1|790.22564396|66|2|1|3|1|1|1|1
3451786|1|1|1|746.57024159|68|2|1|3|1|1|1|1
3451787|1|1|1|706.47101564|68|3|1|4|1|1|1|1
3451788|1|1|1|706.47101564|68|3|1|4|1|1|1|1
3451789|1|1|1|671.91321743|68|2|1|3|1|1|1|1
3451790|1|1|1|589.35169805|68|2|1|1|1|1|1|1
3451791|1|1|1|885.66317073|68|1|1|6|1|1|1|1
3451792|1|1|1|707.49629501|68|1|1|6|1|1|1|1
3451793|1|1|1|600.59710626|68|2|1|4|1|1|1|1
3451794|1|1|1|868.88244985|68|3|1|1|1|1|1|1
3451795|1|1|1|347.23304389|73|2|1|2|1|1|2|2
3451796|1|1|1|208.58767182|73|2|1|3|1|1|1|1
3451797|1|1|1|480.96743526|73|2|1|3|1|1|1|1
3451798|1|1|1|460.97792535|73|2|1|4|1|1|1|1
3451799|1|1|1|521.73604684|73|1|1|3|1|1|1|1
3451800|1|1|1|282.34423876|73|2|1|3|1|1|1|1
3451801|1|1|1|465.3235972|73|2|1|2|1|1|1|1
3451802|1|1|1|404.22822789|73|2|1|3|1|1|1|1
3451803|1|1|1|1849.9251885|76|2|1|2|1|1|1|1
3451804|1|1|1|1356.3090935|76|2|1|2|1|1|1|1
3451805|1|1|1|1537.6111579|76|2|1|2|1|1|1|1
3451806|1|1|1|1402.1564175|76|2|1|2|1|1|1|1
3451807|1|1|1|1207.6419107|76|2|1|2|1|1|1|1
3451808|1|1|1|3024.1847619|76|2|1|2|1|1|1|1
3451809|1|1|1|1939.7663179|76|2|1|2|1|1|1|1
3451810|1|1|1|1170.0759985|76|2|1|2|1|1|1|1
3451811|1|1|1|1491.7638339|76|2|1|2|1|1|1|1
3451812|1|1|1|772.47614446|76|2|1|5|1|1|1|1
3451813|1|1|1|981.68843358|76|2|1|1|1|1|1|1
3451814|1|1|1|1842.4992337|76|1|1|6|1|1|1|1
3451815|1|1|1|2809.1746347|76|1|1|6|1|1|1|1
3451816|1|1|1|3062.3012252|76|2|1|6|1|1|1|1
3451817|1|1|1|60.305698442|88|1|1|3|2|1|1|1
3451818|1|1|1|16.99060164|88|1|1|3|2|1|1|1
3451819|1|1|1|46.604559176|88|1|1|3|2|1|1|1
3451820|1|1|1|18.908469537|88|1|1|3|2|1|1|1
3451821|1|1|1|24.14803257|88|1|1|3|2|1|1|1
3451822|1|1|1|18.908469537|88|1|1|3|2|2|1|1
3451823|1|1|1|24.14803257|88|2|1|3|2|1|1|1
3451824|1|1|1|31.680394816|88|2|1|3|2|1|1|1
3451825|1|1|1|15.810127678|88|2|1|3|2|1|1|1
3451826|1|1|1|24.14803257|88|2|1|3|2|1|1|1
3451827|1|1|1|15.164717726|88|2|1|3|2|1|1|1
3451828|1|1|1|38.862289594|88|2|1|2|2|1|1|1
3451829|1|1|1|46.302867137|88|2|1|2|2|1|1|1
3451830|1|1|1|18.253826893|88|2|1|2|2|1|1|1
3451831|1|1|1|50.032352708|88|2|1|2|2|1|1|1
3451832|1|1|1|27.398167838|88|2|1|2|2|1|1|1
3451833|1|1|1|29.067076242|88|2|1|2|2|1|1|1
3451834|1|1|1|56.585326442|88|2|1|2|2|1|1|1
3451835|1|1|1|45.36917221|88|2|1|2|2|1|1|1
3451836|1|1|1|65.330061647|88|1|1|2|2|2|1|1
3451837|1|1|1|20.500451741|88|2|1|2|2|2|1|1
3451838|1|1|1|25.274529544|88|2|1|3|2|1|1|1
3451841|1|1|1|2950.162441|05|2|1|2|2|1|1|1
3451857|1|1|1|4696.43794|11|2|1|2|1|1|1|1
3451858|1|1|1|3084.5094381|11|2|1|3|1|1|1|1
3451859|1|1|1|11936.249253|11|2|1|3|1|1|1|1
3451860|1|1|1|9418.2101783|11|2|1|2|1|1|1|1
3451861|1|1|1|5861.1832409|11|2|1|6|1|1|1|1
3451862|1|1|1|9528.7705213|11|2|1|6|1|1|1|1
3451863|1|1|1|8690.5585031|11|2|1|6|1|1|1|1
3451864|1|1|1|5334.3291541|11|2|1|6|1|1|1|1
3451865|1|1|1|4842.4386226|11|2|1|6|1|1|1|1
3451866|1|1|1|6963.7675258|11|2|1|6|1|1|1|1
3451867|1|1|1|697.36297953|13|2|1|4|1|1|1|1
3451869|1|1|1|128.01274468|15|2|1|3|1|1|1|1
3451871|1|1|1|124.29285605|15|2|1|1|1|1|1|1
3451875|1|1|1|78.824820463|15|2|1|3|1|1|1|1
3451878|1|1|1|166.99939062|15|2|1|2|1|1|1|1
3451879|1|1|1|203.20627646|15|2|1|2|1|1|1|1
3451893|1|1|1|124.68678243|15|2|1|1|1|1|1|1
3451897|1|1|1|121.78590743|15|1|1|5|1|1|1|1
3451898|1|1|1|154.91743706|15|2|1|3|1|1|1|1
3451902|1|1|1|201.62494972|17|2|1|4|1|1|1|1
3451904|1|1|1|44.952004999|18|2|1|2|1|1|1|1
3451906|1|1|1|147.51548935|18|1|1|2|1|1|1|1
3451907|1|1|1|67.428007498|18|1|1|2|1|1|1|1
3451908|1|1|1|189.3039571|18|2|1|2|1|1|1|1
3451909|1|1|1|260.48586441|18|1|1|2|1|1|1|1
3451912|1|1|1|54.964232376|18|2|1|1|1|1|1|1
3451913|1|1|1|54.461082979|18|1|1|1|1|1|1|1
3451915|1|1|1|122.78445226|18|1|1|1|2|2|1|1
3451917|1|1|1|135.18208745|18|1|1|3|1|1|1|1
3451925|1|1|1|184.90747825|19|1|1|3|1|1|1|1
3451926|1|1|1|185.10328006|19|2|1|3|2|1|1|1
3451927|1|1|1|337.39329471|19|2|1|4|2|1|1|1
3451928|1|1|1|313.48136139|19|2|1|4|1|1|1|1
3451934|1|1|1|343.31414151|20|2|1|2|1|1|1|1
3451939|1|1|1|490.34244953|20|1|1|3|1|1|1|1
3451944|1|1|1|158.40736788|20|1|1|3|1|1|1|1
3451945|1|1|1|194.2508908|20|1|1|3|1|1|1|1
3451946|1|1|1|173.38098711|20|1|1|3|1|1|1|1
3451947|1|1|1|281.43366369|20|2|1|2|1|1|1|1
3451948|1|1|1|280.64584547|20|2|1|2|1|1|1|1
3451951|1|1|1|223.24862784|23|2|1|3|1|1|1|1
3451952|1|1|1|186.94269577|23|1|1|3|1|1|1|1
3451955|1|1|1|168.52016788|27|1|1|1|2|2|1|2
3451979|1|1|1|171.78842206|27|2|1|1|2|1|1|1
3451993|1|1|1|88.120924065|41|2|1|2|1|1|1|1
3451994|1|1|1|69.351915348|44|2|1|2|1|1|1|1
3451999|1|1|1|79.775490645|44|2|1|2|1|1|1|1
3452012|1|1|1|152.9004191|47|1|1|1|1|1|1|1
3452013|1|1|1|468.41683812|50|1|1|4|1|1|1|1
3452014|1|1|1|344.69115339|50|1|1|4|1|1|1|1
3452015|1|1|1|454.44301785|50|2|1|3|1|1|1|1
3452016|1|1|1|683.03179972|50|1|1|3|1|1|1|1
3452017|1|1|1|524.56612387|50|2|1|4|1|1|1|1
3452018|1|1|1|250.41150401|50|2|1|2|1|1|1|1
3452019|1|1|1|290.06865678|50|2|1|5|1|1|1|1
3452020|1|1|1|340.76116638|52|2|1|1|2|1|1|1
3452021|1|1|1|317.07014636|52|2|1|4|2|1|1|1
3452022|1|1|1|208.01329924|52|2|1|3|1|1|1|1
3452023|1|1|1|238.15992565|52|2|1|3|1|1|1|1
3452024|1|1|1|178.05701876|52|2|1|3|2|1|1|1
3452025|1|1|1|307.65377761|52|1|1|4|2|1|1|1
3452026|1|1|1|244.08769304|52|1|1|5|2|1|1|1
3452027|1|1|1|181.73928874|52|2|1|4|1|1|1|1
3452028|1|1|1|305.10961631|52|2|1|1|2|1|1|1
3452029|1|1|1|141.01011784|52|1|1|3|1|1|1|1
3452030|1|1|1|313.17120857|52|1|1|3|1|1|1|1
3452031|1|1|1|629.50623238|54|2|1|3|1|1|1|1
3452032|1|1|1|189.09240632|63|2|1|3|1|1|1|1
3452033|1|1|1|245.40079917|63|2|1|2|1|1|1|1
3452034|1|1|1|322.02965514|63|1|1|2|1|1|1|1
3452036|1|1|1|245.15754027|63|1|1|2|1|1|1|1
3452037|1|1|1|936.69774335|63|1|1|1|1|1|1|1
3452038|1|1|1|207.44099561|63|1|1|3|1|1|1|1
3452042|1|1|1|189.2971351|63|2|1|3|1|1|1|1
3452044|1|1|1|194.28953703|63|2|1|3|1|1|1|1
3452046|1|1|1|379.29618624|63|1|1|5|1|1|1|1
3452047|1|1|1|284.4595287|63|1|1|5|1|1|1|1
3452048|1|1|1|211.77060077|63|1|1|5|1|1|1|1
3452050|1|1|1|237.29290586|63|2|1|3|1|1|1|1
3452051|1|1|1|207.4675697|63|2|1|5|1|1|1|1
3452052|1|1|1|260.45912676|63|2|1|4|1|1|1|1
3452053|1|1|1|193.08089458|63|2|1|4|1|1|1|1
3452054|1|1|1|235.74463105|63|2|1|3|1|1|1|1
3452055|1|1|1|206.18008783|63|1|1|3|1|1|1|1
3452057|1|1|1|351.13748941|63|1|1|1|1|1|1|1
3452060|1|1|1|413.367898|66|2|1|2|1|1|1|1
3452061|1|1|1|443.66566982|66|2|1|4|1|1|1|1
3452062|1|1|1|622.86079856|66|2|1|4|1|1|1|1
3452063|1|1|1|572.79698651|66|2|1|4|1|1|1|1
3452064|1|1|1|466.63901856|66|3|1|5|1|1|1|1
3452066|1|1|1|508.62025869|66|2|1|3|1|1|1|1
3452067|1|1|1|476.81690045|66|2|1|3|1|1|1|1
3452068|1|1|1|504.03391203|66|2|1|2|1|1|1|1
3452069|1|1|1|285.42115084|66|2|1|2|1|1|1|1
3452070|1|1|1|707.24376825|66|2|1|2|1|1|1|1
3452073|1|1|1|1082.6457154|68|2|1|1|1|1|1|1
3452074|1|1|1|681.40507851|68|2|1|3|1|1|1|1
3452082|1|1|1|903.86117739|68|2|1|4|1|1|1|1
3452086|1|1|1|1004.8457596|68|2|1|4|1|1|1|1
3452111|1|1|1|430.61204361|73|1|1|3|1|1|1|1
3452112|1|1|1|407.8305671|73|1|1|3|1|1|2|2
3452113|1|1|1|373.19710446|73|2|1|3|1|1|1|1
3452114|1|1|1|537.39039595|73|1|1|3|1|1|1|1
3452115|1|1|1|282.34423876|73|2|1|3|1|1|1|1
3452116|1|1|1|354.05456756|73|1|1|2|1|1|1|1
3452117|1|1|1|365.50846726|73|2|1|4|1|1|1|1
3452118|1|1|1|391.3246674|73|2|1|3|1|1|1|1
3452119|1|1|1|575.42073434|73|1|1|2|2|1|1|1
3452120|1|1|1|1319.6467468|76|2|1|3|1|1|1|1
3452121|1|1|1|1672.0173635|76|2|1|3|1|1|1|1
3452122|1|1|1|1359.0827317|76|1|1|1|1|1|1|1
3452123|1|1|1|2330.3761066|76|1|1|5|1|1|1|1
3452124|1|1|1|1879.1953409|76|1|1|5|1|1|1|1
3452125|1|1|1|1766.3156507|76|1|1|5|1|1|1|1
3452126|1|1|1|1416.2062648|76|1|1|5|1|1|1|1
3452127|1|1|1|35.872882702|88|2|1|4|2|1|1|1
3452128|1|1|1|19.798381476|88|2|1|2|2|2|1|1
3452129|1|1|1|52.800658027|88|2|1|2|2|2|1|1
3452130|1|1|1|51.162336107|88|2|1|3|2|2|1|1
3452131|1|1|1|62.818853829|88|2|1|3|2|2|1|1
3452132|1|1|1|1195.0067493|08|1|1|2|1|1|1|1
3452133|1|1|1|638.76509824|08|1|1|2|1|1|1|1
3452136|1|1|1|575.00668204|08|2|1|3|1|1|1|1
3452137|1|1|1|787.26231588|08|2|1|4|1|1|1|1
3452138|1|1|1|787.26231588|08|2|1|3|1|1|1|1
3452140|1|1|1|720.35414875|08|2|1|3|2|1|2|1
3452141|1|1|1|964.16294735|08|2|1|3|1|1|1|1
3452151|1|1|1|2096.2539247|08|2|1|2|1|1|1|1
3452154|1|1|1|1662.5155647|08|2|1|1|1|1|1|1
3452155|1|1|1|2368.8977591|08|2|1|1|1|1|1|1
3452163|1|1|1|14097.412553|11|2|1|2|1|1|1|1
3452164|1|1|1|8821.0323618|11|2|1|2|1|1|1|1
3452165|1|1|1|8149.4054668|11|1|1|2|1|1|1|1
3452167|1|1|1|9260.4198825|11|2|1|2|1|1|1|1
3452170|1|1|1|7344.1379001|11|1|1|3|1|1|1|1
3452171|1|1|1|9181.2229813|11|2|1|2|1|1|1|1
3452172|1|1|1|5484.5960096|11|2|1|4|1|1|1|1
3452174|1|1|1|9645.4110742|11|2|1|3|1|1|1|1
3452175|1|1|1|4896.6522567|11|2|1|3|1|1|1|1
3452176|1|1|1|5515.6219121|11|2|1|3|1|1|1|1
3452177|1|1|1|3843.1708427|11|2|1|3|1|1|1|1
3452178|1|1|1|4892.8930132|11|2|1|3|1|1|1|1
3452183|1|1|1|10710.427748|11|1|1|3|1|1|1|1
3452184|1|1|1|6167.04501|11|2|1|3|1|1|1|1
3452185|1|1|1|356.0087847|13|2|1|4|1|1|1|1
3452186|1|1|1|272.17986399|13|2|1|4|1|1|1|1
3452188|1|1|1|356.0087847|13|2|1|4|1|1|1|1
3452189|1|1|1|378.65667659|13|2|1|4|1|1|1|1
3452191|1|1|1|665.56675168|13|2|1|4|1|1|1|1
3452192|1|1|1|356.0087847|13|2|1|4|1|1|1|1
3452193|1|1|1|485.64904374|13|2|1|4|1|1|1|1
3452195|1|1|1|403.73818579|13|2|1|2|1|1|1|1
3452196|1|1|1|459.96056851|13|2|1|5|1|1|1|1
3452197|1|1|1|646.29470834|13|2|1|5|1|1|1|1
3452198|1|1|1|581.36545838|13|2|1|5|1|1|1|1
3452199|1|1|1|381.58124972|13|2|1|5|1|1|1|1
3452200|1|1|1|381.58124972|13|2|1|5|1|1|1|1
3452203|1|1|1|587.42141997|13|2|1|5|1|1|1|1
3452204|1|1|1|479.95580623|13|2|1|5|1|1|1|1
3452205|1|1|1|305.48007777|13|2|1|5|1|1|1|1
3452208|1|1|1|379.38271653|13|1|1|2|1|1|1|1
3452209|1|1|1|698.68511111|13|1|1|2|1|1|1|1
3452216|1|1|1|83.781065569|15|1|1|3|1|1|1|1
3452217|1|1|1|186.05991642|15|1|1|3|1|1|1|1
3452218|1|1|1|105.14696839|15|1|1|3|1|1|1|1
3452219|1|1|1|83.781065569|15|1|1|3|1|1|1|1
3452220|1|1|1|83.781065569|15|2|1|3|1|1|1|1
3452221|1|1|1|123.9619868|15|2|1|3|1|1|1|1
3452224|1|1|1|164.13637969|15|1|1|3|1|1|1|1
3452225|1|1|1|87.589295823|15|2|1|3|1|1|1|1
3452226|1|1|1|146.45315596|15|2|1|3|1|1|1|1
3452227|1|1|1|81.388000527|15|2|1|3|1|1|1|1
3452228|1|1|1|161.90940829|15|2|1|3|1|1|1|1
3452229|1|1|1|111.89736905|15|2|1|3|1|1|1|1
3452230|1|1|1|279.14465613|15|2|1|3|1|1|1|1
3452232|1|1|1|161.90940829|15|4|1|3|1|1|1|1
3452233|1|1|1|152.86353678|15|1|1|3|1|1|1|1
3452234|1|1|1|126.83253493|15|1|1|3|1|1|1|1
3452235|1|1|1|64.324638151|15|1|1|3|1|1|1|1
3452236|1|1|1|159.05958711|15|1|1|3|1|1|1|1
3452237|1|1|1|88.503144587|15|1|1|3|1|1|1|1
3452239|1|1|1|106.93303561|15|2|1|1|1|1|1|1
3452242|1|1|1|155.54933529|15|2|1|2|1|1|1|1
3452244|1|1|1|193.30030314|15|2|1|4|1|1|1|1
3452245|1|1|1|225.1136727|15|2|1|4|1|1|1|1
3452246|1|1|1|230.7600029|15|2|1|4|1|1|1|1
3452247|1|1|1|434.63272137|15|2|1|4|1|1|1|1
3452253|1|1|1|65.61873667|15|1|1|2|1|1|1|1
3452260|1|1|1|100.0821189|15|2|1|4|1|1|1|1
3452268|1|1|1|181.84777358|15|2|1|4|1|1|1|1
3452269|1|1|1|94.910798202|15|1|1|4|1|1|1|1
3452271|1|1|1|216.32228026|15|1|1|5|1|1|1|1
3452272|1|1|1|130.63266623|15|1|1|5|1|1|1|1
3452273|1|1|1|76.164605063|15|1|1|5|1|1|1|1
3452274|1|1|1|76.164605063|15|1|1|5|1|1|1|1
3452275|1|1|1|76.164605063|15|1|1|5|1|1|1|1
3452283|1|1|1|429.48991634|17|2|1|5|1|1|1|1
3452288|1|1|1|198.81998746|17|2|1|3|1|1|1|1
3452292|1|1|1|494.36482121|17|2|1|3|1|1|1|1
3452296|1|1|1|273.37748275|17|1|1|3|1|1|1|1
3452298|1|1|1|243.35624869|17|2|1|2|1|1|1|1
3452303|1|1|1|128.54849004|18|2|1|1|1|1|1|1
3452306|1|1|1|162.99544302|18|2|1|1|1|1|1|1
3452307|1|1|1|133.92659736|18|2|1|1|1|1|1|1
3452308|1|1|1|144.10411389|18|2|1|1|1|1|1|1
3452311|1|1|1|162.09257562|18|1|1|1|1|1|1|1
3452314|1|1|1|139.48661729|18|1|1|1|1|1|1|1
3452315|1|1|1|274.77085009|18|1|1|1|2|2|1|1
3452316|1|1|1|174.89317203|18|1|1|1|2|2|2|1
3452317|1|1|1|137.74498986|18|1|1|1|1|2|1|1
3452319|1|1|1|125.53795556|18|1|1|1|1|2|1|1
3452320|1|1|1|124.44370348|18|1|1|1|1|2|1|1
3452321|1|1|1|116.48718135|18|1|1|1|1|2|1|1
3452322|1|1|1|156.2686565|18|1|1|1|1|2|1|1
3452323|1|1|1|95.7731956|18|1|1|1|1|2|1|1
3452324|1|1|1|113.87474401|18|1|1|1|1|2|1|1
3452325|1|1|1|105.98434763|18|1|1|1|2|2|1|1
3452326|1|1|1|122.36827417|18|1|1|1|1|1|1|1
3452327|1|1|1|122.04028402|18|2|1|1|1|1|1|1
3452329|1|1|1|85.446150017|18|1|1|2|1|1|1|1
3452330|1|1|1|90.15083901|18|1|1|2|1|1|1|1
3452331|1|1|1|105.39842711|18|1|1|2|1|1|1|1
3452334|1|1|1|130.93916924|18|1|1|1|1|1|1|1
3452335|1|1|1|108.88824055|18|2|1|1|1|1|1|1
3452337|1|1|1|138.85859667|18|1|1|1|1|1|1|1
3452338|1|1|1|116.80607989|18|1|1|1|1|1|1|1
3452339|1|1|1|100.96722503|18|1|1|1|1|1|1|1
3452342|1|1|1|95.840886062|18|1|1|1|1|2|1|1
3452348|1|1|1|191.14545029|19|2|1|3|2|1|1|1
3452349|1|1|1|287.28012443|19|2|1|3|2|1|1|1
3452360|1|1|1|262.14037401|19|2|1|3|2|1|1|1
3452361|1|1|1|182.67396296|19|2|1|5|1|1|1|1
3452362|1|1|1|130.82829513|19|2|1|5|1|1|1|1
3452363|1|1|1|164.49018587|19|2|1|4|1|1|1|1
3452364|1|1|1|182.67396296|19|2|1|5|1|1|1|1
3452369|1|1|1|316.77565831|19|2|1|4|2|1|1|1
3452373|1|1|1|397.79687247|19|1|1|2|1|1|1|1
3452376|1|1|1|434.32569628|19|1|1|2|1|1|1|1
3452378|1|1|1|228.1944775|19|1|1|1|1|1|1|1
3452379|1|1|1|253.42052665|19|1|1|1|1|1|1|1
3452382|1|1|1|302.69674017|19|1|1|3|1|1|1|1
3452383|1|1|1|415.022332|19|1|1|3|1|1|1|1
3452384|1|1|1|356.53181897|19|2|1|3|1|1|1|1
3452385|1|1|1|172.07376847|19|1|1|3|1|1|1|1
3452389|1|1|1|487.07374236|20|2|1|2|1|1|1|1
3452396|1|1|1|340.71219832|20|1|1|4|1|1|1|1
3452398|1|1|1|340.71219832|20|1|1|4|1|1|1|1
3452400|1|1|1|280.6155249|20|1|1|4|1|1|1|1
3452406|1|1|1|531.63420122|20|1|1|3|1|1|1|1
3452407|1|1|1|467.01957163|20|1|1|3|1|1|1|1
3452408|1|1|1|462.77424644|20|1|1|3|1|1|1|1
3452409|1|1|1|618.99372691|20|2|1|1|1|1|1|1
3452417|1|1|1|397.67405634|20|2|1|1|1|1|1|1
3452418|1|1|1|374.3676203|23|1|1|1|1|1|1|1
3452420|1|1|1|402.83473886|23|1|1|1|1|1|1|1
3452421|1|1|1|297.44539414|23|2|1|3|1|1|1|1
3452422|1|1|1|215.90409489|23|1|1|3|1|1|1|1
3452423|1|1|1|246.36204281|23|2|1|3|1|1|1|1
3452424|1|1|1|199.68140924|23|2|1|6|1|1|1|1
3452425|1|1|1|356.76001898|23|2|1|6|1|1|1|1
3452426|1|1|1|425.60452873|23|2|1|6|1|1|1|1
3452427|1|1|1|199.68140924|23|2|1|6|1|1|1|1
3452428|1|1|1|199.68140924|23|2|1|6|1|1|1|1
3452429|1|1|1|188.4676406|23|2|1|6|1|1|1|1
3452430|1|1|1|412.04119445|23|2|1|6|1|1|1|1
3452431|1|1|1|327.50360516|23|2|1|6|1|1|1|1
3452432|1|1|1|504.75747712|23|1|1|6|1|1|1|1
3452437|1|1|1|173.22504736|23|1|1|2|1|1|1|1
3452438|1|1|1|112.79060814|23|2|1|2|1|1|1|1
3452439|1|1|1|225.11313916|23|1|1|2|1|1|1|1
3452440|1|1|1|191.77949563|23|1|1|2|1|1|1|1
3452441|1|1|1|173.22504736|23|1|1|2|1|1|1|1
3452442|1|1|1|124.18503008|23|1|1|2|1|1|1|1
3452443|1|1|1|167.33390732|23|1|1|1|1|1|1|1
3452448|1|1|1|359.61274553|23|1|1|1|1|1|1|1
3452449|1|1|1|324.7969638|23|1|1|1|1|1|1|1
3452450|1|1|1|232.82074017|23|1|1|1|1|1|1|1
3452451|1|1|1|394.37614481|23|2|1|1|1|1|1|1
3452452|1|1|1|198.03114966|23|2|1|1|1|1|1|1
3452471|1|1|1|157.40598105|27|1|1|2|2|1|1|1
3452497|1|1|1|226.87307873|41|1|1|2|1|1|1|1
3452517|1|1|1|87.429532136|44|1|1|3|1|1|1|1
3452518|1|1|1|151.29506577|44|2|1|3|1|1|1|1
3452519|1|1|1|127.31372062|44|1|1|3|1|1|1|1
3452523|1|1|1|121.47991993|44|2|1|3|1|1|1|1
3452524|1|1|1|62.631639079|44|1|1|1|1|1|1|1
3452527|1|1|1|83.816741552|44|1|1|2|1|1|1|1
3452528|1|1|1|132.1876483|44|2|1|2|1|1|1|1
3452533|1|1|1|136.82847666|44|2|1|1|1|1|1|1
3452534|1|1|1|186.05579444|44|2|1|1|1|1|1|1
3452536|1|1|1|154.64396145|44|2|1|1|1|1|1|1
3452537|1|1|1|124.55078594|44|2|1|1|1|1|1|1
3452538|1|1|1|125.33191927|44|1|1|1|1|1|1|1
3452544|1|1|1|66.047910301|44|1|1|1|1|1|1|1
3452551|1|1|1|66.496478299|44|2|1|2|1|1|1|1
3452552|1|1|1|121.47105237|44|1|1|1|1|2|1|1
3452564|1|1|1|304.63518549|47|1|1|4|1|1|1|1
3452566|1|1|1|515.65859602|47|1|1|4|1|1|1|1
3452567|1|1|1|310.97904876|47|2|1|2|1|1|1|1
3452568|1|1|1|353.78797767|47|2|1|2|1|1|1|1
3452571|1|1|1|533.2835182|47|1|1|3|1|1|1|1
3452572|1|1|1|536.90119093|47|1|1|3|1|1|1|1
3452573|1|1|1|477.47557198|47|2|1|3|1|1|1|1
3452574|1|1|1|388.24163774|47|2|1|3|1|1|1|1
3452575|1|1|1|282.70822614|47|2|1|3|1|1|1|1
3452576|1|1|1|375.58349288|47|1|1|3|1|1|1|1
3452577|1|1|1|275.81859144|47|1|1|3|1|1|1|1
3452579|1|1|1|258.19366926|47|1|1|2|1|1|1|1
3452580|1|1|1|540.34600829|47|2|1|2|1|1|1|1
3452581|1|1|1|375.58349288|47|1|1|2|1|1|1|1
3452582|1|1|1|244.52520211|47|2|1|2|1|1|1|1
3452583|1|1|1|388.41449312|47|1|1|2|1|1|1|1
3452584|1|1|1|215.40125125|47|1|1|2|1|1|1|1
3452585|1|1|1|153.61139151|47|2|1|2|1|1|1|1
3452586|1|1|1|282.70822614|47|1|1|2|1|1|1|1
3452587|1|1|1|301.01751276|47|1|1|2|1|1|1|1
3452588|1|1|1|614.44556606|47|1|1|2|1|1|1|1
3452593|1|1|1|448.52954493|50|1|1|5|1|1|1|1
3452594|1|1|1|459.36438559|50|2|1|4|1|1|1|1
3452603|1|1|1|233.66046121|50|2|1|4|1|1|1|1
3452609|1|1|1|544.72233237|50|1|1|3|1|1|1|1
3452612|1|1|1|334.22067231|50|1|1|3|1|1|1|1
3452614|1|1|1|500.31802985|52|1|1|4|1|1|1|1
3452615|1|1|1|226.39120569|52|1|1|4|1|1|1|1
3452616|1|1|1|230.47317516|52|1|1|4|2|1|1|1
3452617|1|1|1|219.84338511|52|4|1|2|2|1|1|1
3452618|1|1|1|301.24545523|52|1|1|2|2|1|1|1
3452619|1|1|1|283.88859672|52|4|1|2|2|1|1|1
3452620|1|1|1|238.12593166|52|2|1|2|2|1|1|1
3452621|1|1|1|230.80646858|52|4|1|2|2|1|1|1
3452622|1|1|1|212.10705116|52|2|1|5|2|1|1|1
3452623|1|1|1|195.92839533|52|2|1|5|2|1|1|1
3452624|1|1|1|225.56805791|52|2|1|5|2|1|1|1
3452625|1|1|1|167.56158962|52|2|1|5|2|1|1|1
3452626|1|1|1|345.15547323|52|2|1|4|2|1|1|1
3452627|1|1|1|218.95407104|52|2|1|4|2|1|1|1
3452628|1|1|1|157.10227655|52|2|1|4|2|1|1|1
3452630|1|1|1|190.17950506|52|2|1|4|2|1|1|1
3452631|1|1|1|190.17950506|52|2|1|4|2|1|1|1
3452632|1|1|1|149.47114695|52|2|1|2|2|1|1|1
3452633|1|1|1|136.27100933|52|2|1|2|2|1|1|1
3452634|1|1|1|194.88166702|52|2|1|2|2|1|1|1
3452635|1|1|1|174.20367002|52|2|1|2|2|1|1|1
3452636|1|1|1|206.13296801|52|2|1|2|1|1|1|1
3452637|1|1|1|292.38606272|52|2|1|2|2|1|1|1
3452638|1|1|1|621.83772385|52|1|1|2|2|1|1|1
3452639|1|1|1|562.44384141|52|2|1|2|2|1|1|1
3452640|1|1|1|407.67199939|52|1|1|2|1|1|1|1
3452641|1|1|1|165.60527748|52|1|1|2|1|1|1|1
3452642|1|1|1|248.05162584|52|2|1|2|1|1|1|1
3452664|1|1|1|322.30133384|63|2|1|3|1|1|1|1
3452667|1|1|1|267.01220357|63|2|1|2|1|1|1|1
3452670|1|1|1|288.70441222|63|2|1|2|1|1|1|1
3452671|1|1|1|260.87589266|63|1|1|2|1|1|1|1
3452672|1|1|1|279.1770082|63|2|1|2|1|1|1|1
3452673|1|1|1|363.82690358|63|2|1|2|1|1|1|1
3452674|1|1|1|372.2548504|63|1|1|2|1|1|1|1
3452676|1|1|1|284.76207699|63|1|1|3|1|1|1|1
3452677|1|1|1|474.00110632|63|2|1|2|1|1|1|1
3452678|1|1|1|191.86037948|63|2|1|2|1|1|1|1
3452680|1|1|1|133.66382316|63|2|1|4|1|1|1|1
3452681|1|1|1|491.55647617|63|1|1|2|1|1|1|1
3452682|1|1|1|246.64009949|63|1|1|2|1|1|1|1
3452687|1|1|1|320.78268025|63|2|1|6|1|1|1|1
3452689|1|1|1|371.49020957|63|2|1|4|1|1|1|1
3452693|1|1|1|400.37115945|63|2|1|2|1|1|1|1
3452694|1|1|1|144.47335526|63|1|1|2|1|1|1|1
3452695|1|1|1|144.47335526|63|1|1|2|1|1|1|1
3452696|1|1|1|293.59554097|66|2|1|4|1|1|1|1
3452699|1|1|1|511.61383256|66|2|1|2|1|1|1|1
3452700|1|1|1|240.21827303|66|1|1|2|1|1|1|1
3452702|1|1|1|917.76421941|66|2|1|3|1|1|1|1
3452703|1|1|1|656.41384063|66|2|1|3|1|1|1|1
3452706|1|1|1|492.06564629|66|1|1|4|1|1|1|1
3452709|1|1|1|360.32740954|66|1|1|2|1|1|1|1
3452710|1|1|1|767.42074884|66|2|1|2|1|1|1|1
3452711|1|1|1|424.5408618|66|2|1|3|1|1|1|1
3452712|1|1|1|291.93192903|66|2|1|3|1|1|1|1
3452715|1|1|1|430.76068945|66|2|1|1|1|1|1|1
3452716|1|1|1|866.04033633|66|2|1|1|1|1|1|1
3452727|1|1|1|648.84069905|68|2|1|3|1|1|1|1
3452728|1|1|1|1378.0521215|68|2|1|5|1|1|1|1
3452730|1|1|1|669.06108048|68|2|1|3|1|1|1|1
3452731|1|1|1|386.00887138|68|2|1|5|1|1|1|1
3452744|1|1|1|230.52721454|70|1|1|2|1|1|1|1
3452747|1|1|1|213.18619263|70|2|1|2|1|1|1|1
3452751|1|1|1|76.183625408|70|1|1|4|1|1|1|1
3452752|1|1|1|151.22986445|70|2|1|4|1|1|1|1
3452753|1|1|1|112.11666685|70|2|1|3|1|1|1|1
3452754|1|1|1|129.04766746|70|2|1|4|1|1|1|1
3452759|1|1|1|121.62455375|70|1|1|2|1|1|1|1
3452761|1|1|1|195.68093018|70|1|1|1|1|1|1|1
3452763|1|1|1|126.07193561|70|1|1|2|1|1|1|1
3452770|1|1|1|153.78052816|70|1|1|2|1|1|1|1
3452774|1|1|1|353.19288866|73|2|1|2|1|1|1|1
3452780|1|1|1|399.6026962|73|2|1|2|1|1|1|1
3452781|1|1|1|501.25833618|73|1|1|0|2|2|1|1
3452782|1|1|1|351.61149317|73|2|1|2|1|1|1|1
3452783|1|1|1|268.03151888|73|2|1|2|1|1|1|1
3452786|1|1|1|341.40514718|73|2|1|2|1|1|1|1
3452787|1|1|1|356.12383847|73|2|1|4|1|1|1|1
3452788|1|1|1|204.26888644|73|2|1|2|1|1|1|1
3452793|1|1|1|1555.3613838|76|2|1|4|1|1|1|1
3452797|1|1|1|768.76882687|76|2|1|3|1|1|1|1
3452798|1|1|1|768.76882687|76|2|1|3|1|1|1|1
3452811|1|1|1|1235.5213289|76|2|1|3|1|1|1|1
3452812|1|1|1|1235.5213289|76|2|1|3|1|1|1|1
3452813|1|1|1|1882.5593293|76|2|1|3|1|1|1|1
3452817|1|1|1|986.21077504|76|1|1|4|1|1|1|1
3452819|1|1|1|4265.7999566|76|1|1|2|2|1|1|1
3452825|1|1|1|21.753102604|88|2|1|3|2|1|1|2
3452826|1|1|1|33.708807916|88|2|1|3|2|1|1|2
3452827|1|1|1|27.61713042|88|2|1|3|2|1|1|2
3452828|1|1|1|24.309874019|88|1|1|3|2|1|1|2
3452829|1|1|1|33.708807916|88|3|1|3|2|1|1|2
3452830|1|1|1|38.345645623|88|1|1|3|2|1|1|2
3452831|1|1|1|24.309874019|88|1|1|3|2|1|1|2
3452832|1|1|1|30.986556561|88|1|1|3|2|1|1|1
3452833|1|1|1|24.022967979|88|1|1|3|2|1|1|2
3452834|1|1|1|33.708807916|88|1|1|3|2|1|1|2
3452835|1|1|1|29.118749066|88|1|1|3|2|1|1|1
3452836|1|1|1|25.543415936|88|2|1|2|2|2|1|2
3452837|1|1|1|39.38799876|88|2|1|2|2|2|1|1
3452838|1|1|1|39.051101516|88|2|1|2|2|2|1|2
3452839|1|1|1|28.208788157|88|2|1|2|2|2|1|2
3452840|1|1|1|58.662541483|88|2|1|2|2|2|1|2
3452841|1|1|1|39.38799876|88|2|1|2|2|1|1|2
3452842|1|1|1|26.367397096|88|1|1|2|2|2|1|1
3452843|1|1|1|29.118749066|88|2|1|2|2|2|1|2
3452844|1|1|1|33.4753096|88|1|1|2|2|2|1|2
3452845|1|1|1|66.028371802|88|1|1|2|2|2|1|2
3452846|1|1|1|28.918167321|88|2|1|2|2|2|1|2
3452847|1|1|1|29.118749066|88|1|1|3|2|1|1|1
3452848|1|1|1|40.511396213|88|2|1|3|2|2|1|2
3452849|1|1|1|39.667408792|88|1|1|1|2|2|1|2
3452850|1|1|1|25.818076323|88|1|1|1|2|2|1|2
3452851|1|1|1|28.51210846|88|1|1|1|2|2|1|2
3452852|1|1|1|36.776973696|88|2|1|1|2|2|1|2
3452853|1|1|1|25.818076323|88|2|1|1|2|2|1|2
3452854|1|1|1|42.19083987|88|1|1|1|2|2|1|2
3452855|1|1|1|50.639245266|88|1|1|1|2|2|1|2
3452857|1|1|1|42.606272914|88|2|1|2|2|2|1|2
3452858|1|1|1|19.048428493|88|1|1|2|2|2|1|2
3452859|1|1|1|33.659247953|88|2|1|2|2|2|1|2
3452860|1|1|1|42.154798067|88|2|1|2|2|2|1|2
3452861|1|1|1|3458.4494441|05|2|1|2|1|1|1|1
3452862|1|1|1|1134.1541508|05|2|1|4|1|1|1|1
3452863|1|1|1|1222.1188391|05|2|1|3|1|1|1|1
3452864|1|1|1|1537.4499113|08|2|1|2|1|1|1|1
3452865|1|1|1|1655.994874|08|2|1|1|1|1|1|1
3452866|1|1|1|8948.9432051|11|2|1|3|1|1|1|1
3452867|1|1|1|3487.8057016|11|2|1|3|1|1|1|1
3452868|1|1|1|2622.6841829|11|2|1|6|1|1|1|1
3452869|1|1|1|9172.7034794|11|1|1|2|1|1|1|1
3452870|1|1|1|772.54783989|13|1|1|1|1|2|1|1
3452871|1|1|1|699.50682625|13|2|1|1|1|1|1|1
3452872|1|1|1|504.90024052|13|1|1|3|1|1|1|1
3452873|1|1|1|343.43295105|17|1|1|4|1|1|1|1
3452874|1|1|1|275.63644826|17|2|1|2|1|1|1|1
3452875|1|1|1|748.20889299|17|2|1|3|1|1|1|1
3452876|1|1|1|254.63580972|17|2|1|3|1|1|1|1
3452877|1|1|1|385.86245622|17|1|1|6|1|1|1|1
3452878|1|1|1|345.69576396|17|2|1|6|1|1|1|1
3452879|1|1|1|237.95112234|17|2|1|2|1|1|1|1
3452880|1|1|1|381.95371459|17|2|1|4|1|1|1|1
3452881|1|1|1|123.51789279|18|1|1|3|1|1|1|1
3452882|1|1|1|241.15596361|20|1|1|2|1|1|1|1
3452883|1|1|1|210.89931065|20|2|1|3|1|1|1|1
3452885|1|1|1|245.8778588|41|1|1|5|1|1|1|1
3452886|1|1|1|222.21099642|41|1|1|5|1|1|1|1
3452888|1|1|1|161.72441468|41|1|1|2|1|1|1|1
3452889|1|1|1|385.5951702|47|2|1|3|1|1|1|1
3452890|1|1|1|378.21621334|47|1|1|3|1|1|1|1
3452891|1|1|1|346.36568622|47|2|1|3|1|1|1|1
3452892|1|1|1|581.82268198|47|2|1|2|1|1|1|1
3452893|1|1|1|599.96133911|47|1|1|1|1|1|1|1
3452894|1|1|1|695.1007957|47|1|1|1|1|1|1|1
3452895|1|1|1|313.66076855|50|1|1|2|1|1|1|1
3452896|1|1|1|377.15032089|50|1|1|3|1|1|1|1
3452897|1|1|1|487.35444306|50|1|1|3|1|1|1|1
3452898|1|1|1|400.16228022|52|1|1|1|1|1|1|1
3452899|1|1|1|265.61196264|52|2|1|4|2|1|1|1
3452900|1|1|1|312.52192264|52|2|1|4|1|1|1|1
3452901|1|1|1|1254.034648|54|2|1|2|2|1|1|1
3452902|1|1|1|1727.2101281|54|2|1|2|2|1|1|1
3452903|1|1|1|729.21087409|54|1|1|2|1|1|1|1
3452904|1|1|1|275.97346212|54|1|1|3|1|1|1|1
3452905|1|1|1|335.68701825|54|1|1|2|1|1|1|1
3452906|1|1|1|401.26737339|54|1|1|2|1|1|1|1
3452907|1|1|1|242.39875015|63|2|1|1|2|1|1|1
3452908|1|1|1|244.14996272|63|2|1|3|1|1|1|1
3452909|1|1|1|233.77445807|63|2|1|3|1|1|1|1
3452910|1|1|1|213.34507183|63|2|1|3|1|1|1|1
3452911|1|1|1|280.3166182|63|1|1|5|1|1|1|1
3452912|1|1|1|148.2565427|63|2|1|6|1|1|1|1
3452913|1|1|1|351.78888124|66|3|1|2|1|1|1|1
3452914|1|1|1|293.12587227|66|2|1|2|1|1|1|1
3452915|1|1|1|366.79781313|66|1|1|2|1|1|1|1
3452916|1|1|1|383.30320842|66|1|1|3|1|1|1|1
3452917|1|1|1|490.23215666|66|2|1|1|1|1|1|1
3452918|1|1|1|422.17619345|66|1|1|6|1|1|1|1
3452919|1|1|1|1075.5638954|68|2|1|4|1|1|1|1
3452920|1|1|1|564.68805392|68|2|1|4|1|1|1|1
3452921|1|1|1|868.45092422|68|2|1|3|1|1|1|1
3452922|1|1|1|844.41670271|68|2|1|3|1|1|1|1
3452923|1|1|1|1501.532931|68|2|1|2|1|1|1|1
3452924|1|1|1|1645.6359142|68|2|1|3|1|1|1|1
3452925|1|1|1|1077.9856786|68|2|1|3|1|1|1|1
3452926|1|1|1|1661.5591503|68|2|1|3|1|1|1|1
3452927|1|1|1|904.99112965|68|1|1|2|1|1|1|1
3452928|1|1|1|413.39194902|73|2|1|3|1|1|1|1
3452929|1|1|1|475.47811724|73|2|1|2|1|1|1|1
3452930|1|1|1|598.98366075|73|2|1|2|1|1|1|1
3452931|1|1|1|1519.041606|76|2|1|2|1|1|1|1
3452932|1|1|1|879.71177697|76|2|1|3|1|1|1|1
3452933|1|1|1|1699.8701178|76|2|1|3|1|1|1|1
3452934|1|1|1|1097.4162998|76|2|1|3|1|1|1|1
3452935|1|1|1|1790.1770963|76|1|1|3|1|1|1|1
3452936|1|1|1|4773.7417071|76|2|1|5|1|1|1|1
3452937|1|1|1|1966.2599476|76|2|1|4|1|1|1|1
3452938|1|1|1|1524.1662199|76|1|1|2|1|1|1|1
3452939|1|1|1|3223.0971432|76|2|1|2|1|1|1|1
3452940|1|1|1|18.676789556|88|1|1|3|2|2|1|2
3452941|1|1|1|33.27302298|88|1|1|2|2|2|1|2
3452942|1|1|1|45.802491624|88|2|1|2|2|2|1|2
3452943|1|1|1|3802.7425703|05|2|1|1|1|1|1|1
3452944|1|1|1|787.26231588|08|2|1|3|1|1|1|1
3452945|1|1|1|1197.6736033|08|2|1|3|1|1|1|1
3452946|1|1|1|622.60103395|08|1|1|3|1|1|1|1
3452947|1|1|1|10201.358868|11|2|1|3|1|1|1|1
3452949|1|1|1|7762.5084784|11|2|1|4|1|1|1|1
3452951|1|1|1|5780.1368373|11|2|1|2|1|1|1|1
3452952|1|1|1|7583.9801291|11|2|1|2|1|1|1|1
3452956|1|1|1|761.35605294|13|1|1|3|1|1|1|1
3452957|1|1|1|357.23607149|13|2|1|2|1|1|1|1
3452958|1|1|1|130.46758095|23|2|1|3|1|1|1|1
3452959|1|1|1|320.43763931|23|2|1|3|1|1|1|1
3452968|1|1|1|283.01509335|52|2|1|5|2|1|1|1
3452973|1|1|1|269.78645128|52|2|1|2|2|1|1|1
3452975|1|1|1|342.8262728|52|1|1|2|1|1|1|1
3452983|1|1|1|528.47197374|66|2|1|2|1|1|1|1
3452989|1|1|1|980.35560328|08|2|1|1|1|1|1|1
3452990|1|1|1|479.52998213|13|2|1|6|2|1|1|1
3452991|1|1|1|279.14192793|17|1|1|3|1|1|1|1
3452992|1|1|1|350.53147177|20|1|1|3|1|1|1|1
3452993|1|1|1|162.26711717|41|2|1|4|1|1|1|1
3452994|1|1|1|371.59769117|41|1|1|5|1|1|1|1
3452995|1|1|1|246.52102418|41|1|1|5|1|1|1|1
3452996|1|1|1|122.0397041|44|2|1|4|1|1|1|1
3452997|1|1|1|751.02803889|47|2|1|3|1|1|1|1
3452998|1|1|1|379.91216688|66|2|1|1|1|1|1|1
3452999|1|1|1|78.439219057|70|1|1|2|1|1|1|1
3453000|1|1|1|266.40161369|73|1|1|2|1|1|1|1
3453001|1|1|1|2218.4652553|76|2|1|2|1|1|1|1
3453002|1|1|1|3025.8491851|05|2|1|3|2|1|1|1
3453003|1|1|1|3145.5536728|05|2|1|1|1|1|1|1
3453004|1|1|1|951.77030573|08|2|1|1|1|1|1|1
3453020|1|1|1|5236.1619594|11|2|1|3|1|1|1|1
3453029|1|1|1|6193.5218075|11|2|1|6|1|1|1|1
3453030|1|1|1|3553.8862349|11|2|1|6|1|1|1|1
3453033|1|1|1|7520.0680752|11|2|1|4|1|1|1|1
3453040|1|1|1|499.11918052|17|1|1|3|1|1|1|1
3453041|1|1|1|1267.3568268|17|2|1|3|1|1|1|1
3453043|1|1|1|186.12513412|19|1|1|4|1|1|1|1
3453064|1|1|1|279.51930101|19|1|1|4|1|1|1|1
3453075|1|1|1|537.67258096|20|2|1|2|1|1|1|1
3453079|1|1|1|296.5185973|20|1|1|2|1|1|1|1
3453080|1|1|1|345.02392888|20|2|1|3|1|1|1|1
3453081|1|1|1|376.5681302|20|1|1|3|1|1|1|1
3453084|1|1|1|346.58317065|20|1|1|1|1|1|1|1
3453085|1|1|1|412.01802401|20|1|1|2|1|1|1|1
3453086|1|1|1|346.51806811|20|1|1|2|1|1|1|1
3453087|1|1|1|303.96773354|20|1|1|2|1|1|1|1
3453088|1|1|1|524.54294051|23|2|1|3|1|1|1|1
3453089|1|1|1|370.04822927|23|2|1|1|2|2|1|1
3453090|1|1|1|35.460624037|27|1|1|1|2|2|1|1
3453093|1|1|1|557.23525512|41|2|1|2|1|1|1|1
3453098|1|1|1|221.82199727|41|2|1|2|1|1|1|1
3453104|1|1|1|146.86820678|41|2|1|2|1|1|1|1
3453107|1|1|1|122.39017231|41|1|1|2|1|1|1|1
3453109|1|1|1|89.463746593|44|1|1|2|1|1|1|1
3453111|1|1|1|64.34973034|44|2|1|1|1|1|1|1
3453137|1|1|1|302.47806813|50|2|1|5|1|1|1|1
3453157|1|1|1|244.08769304|52|1|1|4|2|1|1|1
3453163|1|1|1|396.95324278|52|2|1|4|2|1|1|1
3453164|1|1|1|188.1471162|52|2|1|4|2|1|1|1
3453169|1|1|1|158.31153863|52|2|1|3|1|1|1|1
3453191|1|1|1|512.54533542|54|1|1|1|1|1|1|1
3453196|1|1|1|160.87505269|63|2|1|2|1|1|1|1
3453199|1|1|1|466.69806669|66|2|1|5|1|1|1|1
3453203|1|1|1|1043.3458341|66|2|1|3|1|1|1|1
3453204|1|1|1|949.81738415|66|1|1|1|1|1|1|1
3453205|1|1|1|235.30069775|66|2|1|2|1|1|1|1
3453206|1|1|1|128.03799775|70|2|1|2|1|1|1|1
3453207|1|1|1|340.41446795|73|2|1|3|1|1|1|1
3453210|1|1|1|430.61204361|73|2|1|3|1|1|1|1
3453211|1|1|1|387.86894883|73|2|1|4|1|1|1|1
3453213|1|1|1|437.91391355|73|2|1|4|1|1|1|1
3453215|1|1|1|429.87986911|73|2|1|3|1|1|1|1
3453216|1|1|1|267.87452979|73|2|1|3|1|1|1|1
3453221|1|1|1|373.16442529|73|2|1|3|1|1|1|1
3453224|1|1|1|469.66371642|73|2|1|2|1|1|1|1
3453226|1|1|1|317.01809264|73|2|1|4|1|1|1|1
3453230|1|1|1|442.69279296|73|1|1|3|1|1|1|1
3453259|1|1|1|50.464916062|88|1|1|4|2|1|1|1
3453260|1|1|1|34.820376074|88|2|1|3|2|1|1|1
3453263|1|1|1|34.297396665|88|2|1|2|2|2|1|1
3453268|1|1|1|25.274529544|88|2|1|3|2|2|1|1
3453269|1|1|1|26.261763245|88|1|1|1|2|2|1|1
3453270|1|1|1|3872.9685171|05|2|1|2|1|1|1|1
3453271|1|1|1|3817.3246055|05|2|1|4|1|1|1|1
3453276|1|1|1|747.22023661|08|1|1|1|1|1|1|1
3453283|1|1|1|4085.5809375|11|2|1|2|1|1|1|1
3453289|1|1|1|5947.3958177|11|2|1|2|1|1|1|1
3453297|1|1|1|5106.9761719|11|1|1|3|1|1|1|1
3453298|1|1|1|8624.5629658|11|1|1|3|1|1|1|1
3453299|1|1|1|10938.30919|11|2|1|4|1|1|1|1
3453305|1|1|1|368.72839735|13|2|1|2|1|1|1|1
3453308|1|1|1|768.04997328|13|2|1|1|1|1|1|1
3453309|1|1|1|180.30271049|15|2|1|5|1|1|1|1
3453311|1|1|1|145.62911232|15|2|1|4|1|1|1|1
3453312|1|1|1|404.84602195|17|2|1|5|1|1|1|1
3453313|1|1|1|210.30694661|18|2|1|1|1|1|1|1
3453314|1|1|1|85.265738433|18|1|1|1|1|1|1|1
3453315|1|1|1|66.466534194|18|1|1|1|1|1|1|1
3453316|1|1|1|84.809179284|18|1|1|1|2|2|1|1
3453317|1|1|1|273.97135358|20|2|1|2|1|1|1|1
3453319|1|1|1|419.96714257|20|1|1|4|1|1|1|1
3453320|1|1|1|236.5243271|20|1|1|4|1|1|1|1
3453321|1|1|1|273.83165569|20|2|1|2|1|1|1|1
3453322|1|1|1|211.91089475|23|2|1|1|1|1|1|1
3453325|1|1|1|108.49751577|27|1|1|1|2|2|1|2
3453326|1|1|1|70.562454498|27|1|1|1|2|2|1|1
3453327|1|1|1|110.11405852|27|1|1|1|2|2|1|2
3453328|1|1|1|226.7351628|41|1|1|2|1|1|1|1
3453329|1|1|1|409.37394269|47|1|1|2|1|1|1|1
3453332|1|1|1|328.40484212|50|1|1|3|1|1|1|1
3453333|1|1|1|490.5597252|50|1|1|3|1|1|1|1
3453335|1|1|1|466.62779797|50|1|1|3|1|1|1|1
3453336|1|1|1|538.73483462|50|2|1|2|1|1|1|1
3453358|1|1|1|408.4676058|54|1|1|2|1|1|1|1
3453359|1|1|1|414.14002148|54|1|1|4|1|1|1|1
3453360|1|1|1|101.5433411|54|1|1|2|2|1|1|1
3453361|1|1|1|759.2480175|54|1|1|3|1|1|1|1
3453363|1|1|1|320.78268025|63|2|1|4|1|1|1|1
3453365|1|1|1|459.63252607|68|2|1|4|1|1|1|1
3453366|1|1|1|521.47615342|68|2|1|3|1|1|1|1
3453367|1|1|1|517.41699577|68|2|1|3|1|1|1|1
3453368|1|1|1|926.93377197|68|1|1|1|1|1|1|1
3453369|1|1|1|212.55339807|70|2|1|2|1|1|1|1
3453370|1|1|1|376.20788667|73|2|1|3|1|1|1|1
3453371|1|1|1|764.84653694|76|2|1|4|1|1|1|1
3453372|1|1|1|1584.0354439|76|2|1|3|1|1|1|1
3453373|1|1|1|1153.1532403|76|2|1|3|1|1|1|1
3453374|1|1|1|1506.0474634|76|2|1|2|1|1|1|1
3453379|1|1|1|36.046497516|88|1|1|2|2|1|1|2
3453380|1|1|1|59.980240509|88|1|1|3|2|1|1|1
3453400|1|1|1|508.92111399|17|1|1|6|1|1|1|1
3453401|1|1|1|448.77708186|17|1|1|2|1|1|1|1
3453410|1|1|1|37.828805734|88|2|1|3|2|1|1|1
3453411|1|1|1|58.63093024|88|1|1|3|2|1|1|1
3453412|1|1|1|10414.967672|11|2|1|2|1|1|1|1
3453413|1|1|1|91.397526076|15|1|1|4|1|1|1|1
3453414|1|1|1|141.05374877|18|2|1|2|1|1|1|1
3453415|1|1|1|259.45574709|20|1|1|2|1|1|1|1
3453416|1|1|1|74.635705143|27|2|1|1|2|2|1|1
3453417|1|1|1|71.263748812|27|2|1|1|2|2|1|1
3453418|1|1|1|519.27626875|47|1|1|4|1|1|1|1
3453420|1|1|1|274.59080465|52|2|1|4|2|1|1|1
3453421|1|1|1|173.79020808|63|2|1|4|1|1|1|1
3453422|1|1|1|275.54469273|66|2|1|4|1|1|1|1
3453423|1|1|1|1235.5213289|76|2|1|3|1|1|1|1
3453425|1|1|1|50.823224207|88|1|1|2|2|2|1|2
3453426|1|1|1|43.348182803|88|2|1|2|2|2|1|2
3453427|1|1|1|15091.020224|11|1|1|2|1|1|1|1
3453428|1|1|1|7490.6216126|11|2|1|6|1|1|1|1
3453429|1|1|1|201.62494972|17|2|1|4|1|1|1|1
3453430|1|1|1|41.49415846|18|1|1|3|1|1|1|1
3453431|1|1|1|205.02969917|47|2|1|3|1|1|1|1
3453432|1|1|1|508.62025869|66|2|1|3|1|1|1|1
3453433|1|1|1|361.98306157|66|1|1|5|1|1|1|1
3453435|1|1|1|6852.483518|11|2|1|2|1|1|1|1
3453436|1|1|1|6341.2318904|11|2|1|4|1|1|1|1
3453437|1|1|1|572.02385858|73|2|1|3|1|1|1|1
